t,pos_err,ori_err_geodesic,e_xi_norm,e_z_O_norm,e_z_T_norm,qddot_ref_norm,tau_norm,V,c0,c1,c2,runtime
0.000000,4.971004415e-16,7.884953353e-08,0.000000000e+00,3.300040363e-18,5.242539844e-16,1.775974742e-03,3.902507981e+01,2.198825043e-30,7.790215e-16,0.000000e+00,0.000000e+00,9.140331e-03
0.010000,2.849024441e-07,3.291774099e-07,1.085771494e-04,1.595774497e-07,4.386883956e-07,1.955030842e-01,3.920167240e+01,5.896241987e-09,6.665226e-16,2.072048e-19,5.293956e-23,6.955843e-03
0.020000,5.235884604e-07,5.908080221e-07,1.001021646e-04,2.935272419e-07,8.064151975e-07,1.953679622e-01,3.920119284e+01,5.016113392e-09,1.414803e-16,2.790032e-19,8.731016e-22,6.968003e-03
0.030000,7.191534657e-07,8.101628553e-07,9.222804768e-05,4.037781598e-07,1.108098595e-06,1.952129919e-01,3.920042755e+01,4.264133744e-09,5.584895e-16,3.143166e-19,5.989427e-22,7.094803e-03
0.040000,8.745427769e-07,9.870824314e-07,8.491748100e-05,4.921206861e-07,1.348382904e-06,1.950380177e-01,3.919937692e+01,3.621971844e-09,5.552144e-16,4.983204e-19,2.576150e-21,6.870983e-03
0.050000,9.925574336e-07,1.121454699e-06,7.813538971e-05,5.602169851e-07,1.531652534e-06,1.948428924e-01,3.919804136e+01,3.073847983e-09,5.749210e-17,5.663377e-19,1.948176e-20,6.891314e-03
0.060000,1.075859914e-06,1.220804402e-06,7.184879968e-05,6.096101668e-07,1.662045283e-06,1.946274773e-01,3.919642126e+01,2.606197160e-09,1.288924e-16,7.136744e-19,7.187313e-21,6.843593e-03
0.070000,1.126979766e-06,1.285306135e-06,6.602670530e-05,6.417328765e-07,1.743464982e-06,1.943916421e-01,3.919451704e+01,2.207374836e-09,3.392088e-16,1.867648e-18,1.071421e-20,6.838833e-03
0.080000,1.148319194e-06,1.317046868e-06,6.063994621e-05,6.579152692e-07,1.779593525e-06,1.941352657e-01,3.919232915e+01,1.867399983e-09,1.347502e-16,2.286012e-18,1.016440e-20,6.860214e-03
0.090000,1.142158703e-06,1.320414419e-06,5.566109256e-05,6.593924054e-07,1.773902321e-06,1.938582357e-01,3.918985802e+01,1.577730835e-09,5.003843e-16,6.865462e-19,1.437463e-20,6.932363e-03
0.100000,1.110662925e-06,1.295972759e-06,5.106433815e-05,6.473111150e-07,1.729663175e-06,1.935604487e-01,3.918710413e+01,1.331069286e-09,1.214436e-16,3.285670e-18,3.030437e-20,6.841523e-03
0.110000,1.055886952e-06,1.246720592e-06,4.682540119e-05,6.227363634e-07,1.649958651e-06,1.932418106e-01,3.918406797e+01,1.121190412e-09,4.510984e-17,3.017104e-18,2.466597e-20,6.887913e-03
0.120000,9.797838247e-07,1.175209531e-06,4.292143222e-05,5.866571645e-07,1.537691926e-06,1.929022364e-01,3.918075004e+01,9.427939767e-10,3.353813e-16,1.358501e-18,3.388132e-20,6.839943e-03
0.130000,8.842146871e-07,1.081130335e-06,3.933092894e-05,5.399920662e-07,1.395596175e-06,1.925416502e-01,3.917715089e+01,7.913752265e-10,2.221535e-16,1.918736e-18,4.791542e-20,6.952723e-03
0.140000,7.709656096e-07,9.693775158e-07,3.603365777e-05,4.835942492e-07,1.226243514e-06,1.921599853e-01,3.917327108e+01,6.631125386e-10,1.575783e-16,1.722451e-18,4.933194e-20,6.932093e-03
0.150000,6.417830265e-07,8.387116956e-07,3.301058201e-05,4.182562803e-07,1.032053577e-06,1.917571842e-01,3.916911119e+01,5.547698455e-10,2.235736e-16,2.815829e-18,3.388132e-20,6.936353e-03
0.160000,4.984718380e-07,6.919018487e-07,3.024379642e-05,3.447145761e-07,8.153018732e-07,1.913331985e-01,3.916467185e+01,4.636119733e-10,2.307966e-16,3.415775e-18,1.111390e-19,6.859813e-03
0.170000,3.432758616e-07,5.306152646e-07,2.771646831e-05,2.636537496e-07,5.781286321e-07,1.908879889e-01,3.915995369e+01,3.873312759e-10,2.383914e-16,1.265548e-18,9.091312e-20,6.866903e-03
0.180000,1.814418745e-07,3.613339559e-07,2.541278491e-05,1.757115927e-07,3.225533279e-07,1.904215249e-01,3.915495741e+01,3.239841401e-10,6.731824e-16,1.168999e-18,1.212175e-19,6.851683e-03
0.190000,7.558004971e-08,1.685873940e-07,2.331790706e-05,8.149272730e-08,5.073075350e-08,1.899337851e-01,3.914968371e+01,2.719361123e-10,2.528891e-16,3.630965e-18,2.319819e-19,6.862313e-03
0.200000,2.170069167e-07,5.960464478e-08,2.141792884e-05,1.875290531e-08,2.366162265e-07,1.894247570e-01,3.914413333e+01,2.298145493e-10,5.598736e-17,1.432743e-18,1.117570e-19,6.868093e-03
0.210000,4.083173344e-07,2.648888355e-07,1.969984261e-05,1.238034734e-07,5.365763749e-07,1.888944367e-01,3.913830705e+01,1.964678315e-10,1.111005e-15,1.311168e-18,2.172635e-19,6.819723e-03
0.220000,6.107244357e-07,4.721575832e-07,1.815150858e-05,2.337779876e-07,8.481189160e-07,1.883428290e-01,3.913220567e+01,1.709302946e-10,5.582436e-16,3.436281e-18,2.331665e-19,6.840233e-03
0.230000,8.203279814e-07,6.995615121e-07,1.676162744e-05,3.480835545e-07,1.169763054e-06,1.877699472e-01,3.912583005e+01,1.523921394e-10,3.612276e-16,3.310397e-18,8.571371e-20,6.890383e-03
0.240000,1.035531306e-06,9.329602624e-07,1.551971390e-05,4.663038961e-07,1.500141552e-06,1.871758128e-01,3.911918106e+01,1.401736718e-10,4.632832e-16,1.533293e-18,2.710505e-19,6.908173e-03
0.250000,1.255222897e-06,1.177851727e-06,1.441606818e-05,5.880566037e-07,1.837978107e-06,1.865604559e-01,3.911225960e+01,1.337033036e-10,1.301103e-16,1.531436e-18,3.030437e-19,6.875653e-03
0.260000,1.478475835e-06,1.428336736e-06,1.344174208e-05,7.129869167e-07,2.182080424e-06,1.859239145e-01,3.910506664e+01,1.324988177e-10,1.011060e-15,1.198230e-18,3.852352e-19,6.875624e-03
0.270000,1.704466664e-06,1.682709958e-06,1.258849570e-05,8.407651214e-07,2.531335149e-06,1.852662345e-01,3.909760316e+01,1.361514610e-10,1.555403e-16,2.534033e-18,2.185279e-19,6.842644e-03
0.280000,1.932445867e-06,1.942416517e-06,1.184874122e-05,9.710845903e-07,2.884703370e-06,1.845874700e-01,3.908987017e+01,1.443124848e-10,6.665840e-16,1.130073e-18,2.185279e-19,6.800034e-03
0.290000,2.161724385e-06,2.208993490e-06,1.121547171e-05,1.103660066e-06,3.241216432e-06,1.838876824e-01,3.908186874e+01,1.566817988e-10,1.221692e-15,2.827253e-18,5.819702e-19,6.873433e-03
0.300000,2.391666128e-06,2.477360063e-06,1.068217481e-05,1.238226108e-06,3.599971999e-06,1.831669409e-01,3.907359996e+01,1.729984477e-10,2.256078e-16,6.921136e-18,1.626303e-19,6.838493e-03
0.310000,2.621683091e-06,2.749900192e-06,1.024273529e-05,1.374535658e-06,3.960130330e-06,1.824253220e-01,3.906506496e+01,1.930326571e-10,3.444383e-16,8.657382e-18,1.626303e-19,6.813743e-03
0.320000,2.851231720e-06,3.025339421e-06,9.891333356e-06,1.512358715e-06,4.320910752e-06,1.816629094e-01,3.905626490e+01,2.165792267e-10,1.174024e-16,7.926549e-18,4.207836e-19,6.814753e-03
0.330000,3.079809955e-06,3.304162395e-06,9.622349439e-06,1.651481113e-06,4.681588313e-06,1.808797940e-01,3.904720099e+01,2.434520764e-10,1.111072e-15,3.125232e-18,4.848700e-19,6.865503e-03
0.340000,3.306954687e-06,3.583969351e-06,9.430286448e-06,1.791703383e-06,5.041490611e-06,1.800760735e-01,3.903787447e+01,2.734797800e-10,4.449578e-16,7.624871e-18,6.550232e-19,6.848344e-03
0.350000,3.532239471e-06,3.865810405e-06,9.309718990e-06,1.932839698e-06,5.399994792e-06,1.792518526e-01,3.902828662e+01,3.065019382e-10,4.462090e-16,1.363427e-18,2.168404e-19,6.840884e-03
0.360000,3.755272433e-06,4.149806186e-06,9.255274212e-06,2.074716900e-06,5.756524697e-06,1.784072424e-01,3.901843875e+01,3.423662648e-10,8.290165e-17,2.610014e-18,2.919304e-19,6.837033e-03
0.370000,3.975694325e-06,4.434942063e-06,9.261642956e-06,2.217173593e-06,6.110548166e-06,1.775423605e-01,3.900833220e+01,3.809262761e-10,6.671623e-16,3.666128e-18,2.424350e-19,6.834194e-03
0.380000,4.193176692e-06,4.720635185e-06,9.323614349e-06,2.360059300e-06,6.461574471e-06,1.766573309e-01,3.899796838e+01,4.220394886e-10,2.222225e-16,4.369550e-18,1.714274e-19,6.824964e-03
0.390000,4.407420155e-06,5.006878858e-06,9.436123627e-06,2.503233689e-06,6.809151895e-06,1.757522838e-01,3.898734870e+01,4.655660420e-10,2.336926e-16,1.045139e-17,4.470280e-19,6.840523e-03
0.400000,4.618152775e-06,5.293415984e-06,9.594302518e-06,2.646565843e-06,7.152865437e-06,1.748273553e-01,3.897647461e+01,5.113676782e-10,8.680999e-17,5.396306e-18,6.505213e-19,6.833504e-03
0.410000,4.825128503e-06,5.580042192e-06,9.793523519e-06,2.789933596e-06,7.492334626e-06,1.738826873e-01,3.896534762e+01,5.593070124e-10,4.450845e-16,1.397160e-18,1.212175e-19,6.843004e-03
0.420000,5.028125714e-06,5.866971506e-06,1.002943266e-05,2.933222908e-06,7.827211468e-06,1.729184276e-01,3.895396926e+01,6.092470477e-10,4.774053e-16,4.520047e-18,6.942281e-19,6.888743e-03
0.430000,5.226945805e-06,6.153151199e-06,1.029796880e-05,3.076327288e-06,8.157178486e-06,1.719347293e-01,3.894234108e+01,6.610508842e-10,7.918387e-16,2.089903e-18,3.428548e-19,6.847583e-03
0.440000,5.421411864e-06,6.438888138e-06,1.059536999e-05,3.219147259e-06,8.481946879e-06,1.709317513e-01,3.893046470e+01,7.145815881e-10,1.009036e-15,9.063561e-18,3.471141e-19,6.865204e-03
0.450000,5.611367403e-06,6.723248048e-06,1.091816932e-05,3.361589860e-06,8.801254764e-06,1.699096573e-01,3.891834175e+01,7.697021851e-10,4.460550e-16,7.046689e-18,7.293224e-19,6.784683e-03
0.460000,5.796675161e-06,7.007285905e-06,1.126318284e-05,3.503568189e-06,9.114865527e-06,1.688686164e-01,3.890597389e+01,8.262757529e-10,2.292109e-16,5.315425e-18,7.666467e-19,6.864103e-03
0.470000,5.977215952e-06,7.290369319e-06,1.162749263e-05,3.645000972e-06,9.422566254e-06,1.678088028e-01,3.889336284e+01,8.841655876e-10,3.608312e-16,3.450017e-18,4.370559e-19,6.836643e-03
0.480000,6.152887576e-06,7.571842918e-06,1.200842718e-05,3.785812171e-06,9.724166248e-06,1.667303952e-01,3.888051034e+01,9.432354256e-10,1.185999e-16,1.198043e-17,8.257038e-19,6.846163e-03
0.490000,6.323603789e-06,7.852332281e-06,1.240354093e-05,3.925930609e-06,1.001949563e-05,1.656335772e-01,3.886741815e+01,1.003349704e-09,5.557284e-16,1.282802e-17,6.594944e-19,6.861414e-03
0.500000,6.489293314e-06,8.130901590e-06,1.281059422e-05,4.065289639e-06,1.030840400e-05,1.645185372e-01,3.885408809e+01,1.064373845e-09,3.332467e-16,9.697399e-19,2.016733e-18,6.790273e-03
0.510000,6.649898906e-06,8.407952970e-06,1.322753435e-05,4.203826821e-06,1.059075922e-05,1.633854676e-01,3.884052199e+01,1.126174559e-09,5.557242e-16,2.953829e-18,7.589415e-19,6.857833e-03
0.520000,6.805376468e-06,8.683171428e-06,1.365247822e-05,4.341483628e-06,1.086644619e-05,1.622345655e-01,3.882672174e+01,1.188620143e-09,1.249402e-16,8.088940e-18,1.167721e-18,6.856083e-03
0.530000,6.955694205e-06,8.956626767e-06,1.408369655e-05,4.478205179e-06,1.113536574e-05,1.610660321e-01,3.881268922e+01,1.251580789e-09,2.334187e-16,1.734935e-18,2.424350e-19,6.861733e-03
0.540000,7.100831825e-06,9.228186987e-06,1.451959996e-05,4.613939984e-06,1.139743360e-05,1.598800726e-01,3.879842639e+01,1.314928871e-09,2.265944e-16,1.116732e-17,2.424350e-19,6.852433e-03
0.550000,7.240779780e-06,9.497640584e-06,1.495872643e-05,4.748639708e-06,1.165257938e-05,1.586768964e-01,3.878393522e+01,1.378539230e-09,4.497497e-16,7.833314e-18,1.167721e-18,6.849713e-03
0.560000,7.375538548e-06,9.764798125e-06,1.539973036e-05,4.882258957e-06,1.190074561e-05,1.574567166e-01,3.876921769e+01,1.442289436e-09,6.687231e-16,3.579920e-18,1.323437e-18,6.827763e-03
0.570000,7.505117950e-06,1.002966598e-05,1.584137281e-05,5.014755076e-06,1.214188689e-05,1.562197500e-01,3.875427585e+01,1.506060031e-09,1.486814e-16,2.359386e-18,4.336809e-19,6.821244e-03
0.580000,7.629536507e-06,1.029242092e-05,1.628251287e-05,5.146087962e-06,1.237596903e-05,1.549662173e-01,3.873911176e+01,1.569734760e-09,4.482240e-16,1.127570e-17,6.942281e-19,6.834723e-03
0.590000,7.748820825e-06,1.055258953e-05,1.672210001e-05,5.276219891e-06,1.260296828e-05,1.536963426e-01,3.872372751e+01,1.633200762e-09,1.657332e-16,3.767603e-18,1.084202e-18,6.839773e-03
0.600000,7.863005022e-06,1.081035855e-05,1.715916722e-05,5.405115355e-06,1.282287055e-05,1.524103536e-01,3.870812523e+01,1.696348760e-09,2.412850e-16,5.610746e-18,2.168404e-19,6.834633e-03
0.610000,7.972130178e-06,1.106561474e-05,1.759282486e-05,5.532740918e-06,1.303567074e-05,1.511084813e-01,3.869230706e+01,1.759073212e-09,1.298859e-16,1.834353e-17,4.848700e-19,6.836782e-03
0.620000,8.076243819e-06,1.131833194e-05,1.802225513e-05,5.659065075e-06,1.324137204e-05,1.497909601e-01,3.867627518e+01,1.821272448e-09,2.266008e-16,8.491153e-18,5.421011e-19,6.802733e-03
0.630000,8.175399430e-06,1.156833105e-05,1.844670706e-05,5.784058124e-06,1.343998537e-05,1.484580276e-01,3.866003182e+01,1.882848782e-09,2.463308e-16,4.945020e-18,1.474674e-18,6.816853e-03
0.640000,8.269655994e-06,1.181555909e-05,1.886549188e-05,5.907692047e-06,1.363152873e-05,1.471099245e-01,3.864357919e+01,1.943708599e-09,2.694809e-16,3.916657e-18,8.940560e-19,6.862183e-03
0.650000,8.359077558e-06,1.206000237e-05,1.927797890e-05,6.029940401e-06,1.381602669e-05,1.457468947e-01,3.862691958e+01,2.003762432e-09,2.397178e-16,5.204806e-18,4.848700e-19,6.845154e-03
0.660000,8.443732821e-06,1.230175468e-05,1.968359161e-05,6.150778217e-06,1.399350983e-05,1.443691853e-01,3.861005527e+01,2.062925011e-09,3.538652e-16,1.084964e-17,1.999170e-18,6.861573e-03
0.670000,8.523694750e-06,1.254065295e-05,2.008180413e-05,6.270181902e-06,1.416401432e-05,1.429770461e-01,3.859298858e+01,2.121115290e-09,7.780315e-16,1.335883e-17,1.301043e-18,6.809233e-03
0.680000,8.599040217e-06,1.277640542e-05,2.047213791e-05,6.388129154e-06,1.432758138e-05,1.415707301e-01,3.857572185e+01,2.178256473e-09,7.287455e-17,8.537705e-18,3.909147e-19,6.817133e-03
0.690000,8.669849656e-06,1.300938793e-05,2.085415869e-05,6.504598880e-06,1.448425689e-05,1.401504931e-01,3.855825747e+01,2.234276002e-09,3.413282e-16,1.142599e-17,1.788112e-18,6.824933e-03
0.700000,8.736206739e-06,1.323924357e-05,2.122747363e-05,6.619571122e-06,1.463409102e-05,1.387165940e-01,3.854059782e+01,2.289105552e-09,2.591168e-16,1.237511e-17,1.954573e-18,6.838973e-03
0.710000,8.798198078e-06,1.346629735e-05,2.159172863e-05,6.733026984e-06,1.477713777e-05,1.372692943e-01,3.852274533e+01,2.342680996e-09,7.850523e-16,6.540411e-18,1.693578e-18,6.807534e-03
0.720000,8.855912937e-06,1.369007235e-05,2.194660587e-05,6.844948569e-06,1.491345468e-05,1.358088587e-01,3.850470245e+01,2.394942365e-09,3.333642e-16,2.373624e-17,1.651408e-18,6.833463e-03
0.730000,8.909442968e-06,1.391088643e-05,2.229182146e-05,6.955318921e-06,1.504310247e-05,1.343355546e-01,3.848647164e+01,2.445833799e-09,5.628070e-16,1.020893e-17,8.673617e-19,6.893613e-03
0.740000,8.958881960e-06,1.412840694e-05,2.262712321e-05,7.064121966e-06,1.516614475e-05,1.328496524e-01,3.846805539e+01,2.495303478e-09,2.445058e-16,3.903504e-18,0.000000e+00,6.854643e-03
0.750000,9.004325604e-06,1.434284564e-05,2.295228867e-05,7.171342462e-06,1.528264768e-05,1.313514252e-01,3.844945623e+01,2.543303561e-09,3.484624e-16,1.415208e-17,4.336809e-19,6.870913e-03
0.760000,9.045871275e-06,1.455409466e-05,2.326712308e-05,7.276965952e-06,1.539267975e-05,1.298411494e-01,3.843067670e+01,2.589790095e-09,2.466930e-16,6.187141e-18,1.788112e-18,6.860102e-03
0.770000,9.083617828e-06,1.476205026e-05,2.357145763e-05,7.380978718e-06,1.549631149e-05,1.283191042e-01,3.841171935e+01,2.634722940e-09,2.544027e-16,3.976229e-18,6.133174e-19,6.825363e-03
0.780000,9.117665402e-06,1.496684974e-05,2.386514771e-05,7.483367742e-06,1.559361524e-05,1.267855720e-01,3.839258677e+01,2.678065670e-09,4.520545e-16,5.573435e-18,1.264386e-18,6.784023e-03
0.790000,9.148115244e-06,1.516838670e-05,2.414807133e-05,7.584120666e-06,1.568466494e-05,1.252408381e-01,3.837328157e+01,2.719785479e-09,2.293480e-16,1.434021e-17,6.133174e-19,6.884353e-03
0.800000,9.175069539e-06,1.536667392e-05,2.442012756e-05,7.683225760e-06,1.576953591e-05,1.236851914e-01,3.835380636e+01,2.759853081e-09,7.778942e-16,6.428471e-18,1.651408e-18,6.899033e-03
0.810000,9.198631259e-06,1.556146464e-05,2.468123512e-05,7.780671885e-06,1.584830464e-05,1.221189240e-01,3.833416379e+01,2.798242603e-09,3.406720e-16,9.497798e-18,2.424350e-18,6.857373e-03
0.820000,9.218904010e-06,1.575297313e-05,2.493133104e-05,7.876448467e-06,1.592104866e-05,1.205423314e-01,3.831435653e+01,2.834931480e-09,2.254944e-16,1.076944e-17,3.066587e-19,6.877973e-03
0.830000,9.235991902e-06,1.594123411e-05,2.517036941e-05,7.970545465e-06,1.598784630e-05,1.189557129e-01,3.829438725e+01,2.869900344e-09,3.343715e-16,4.790162e-18,2.263881e-18,6.856833e-03
0.840000,9.249999419e-06,1.612594824e-05,2.539832012e-05,8.062953350e-06,1.604877662e-05,1.173593716e-01,3.827425867e+01,2.903132915e-09,6.686740e-16,2.162712e-17,3.743246e-18,6.833173e-03
0.850000,9.261031306e-06,1.630742669e-05,2.561516781e-05,8.153663079e-06,1.610391919e-05,1.157536146e-01,3.825397350e+01,2.934615889e-09,7.632835e-17,1.572093e-17,2.057129e-18,6.863343e-03
0.860000,9.269192453e-06,1.648539916e-05,2.582091076e-05,8.242666069e-06,1.615335398e-05,1.141387533e-01,3.823353447e+01,2.964338827e-09,2.233689e-16,5.724752e-18,7.818293e-19,6.879064e-03
0.870000,9.274587797e-06,1.666000469e-05,2.601555993e-05,8.329954183e-06,1.619716128e-05,1.125151035e-01,3.821294435e+01,2.992294040e-09,2.221656e-16,6.198055e-18,2.852091e-18,6.839783e-03
0.880000,9.277322230e-06,1.683124250e-05,2.619913798e-05,8.415519707e-06,1.623542150e-05,1.108829860e-01,3.819220590e+01,3.018476481e-09,5.590230e-16,5.835587e-18,1.371419e-18,6.838663e-03
0.890000,9.277500504e-06,1.699879640e-05,2.637167843e-05,8.499355333e-06,1.626821515e-05,1.092427266e-01,3.817132190e+01,3.042883633e-09,1.697436e-16,1.101496e-17,2.637978e-18,6.851963e-03
0.900000,9.275227156e-06,1.716295538e-05,2.653322479e-05,8.581454144e-06,1.629562269e-05,1.075946566e-01,3.815029517e+01,3.065515401e-09,2.419271e-16,5.888975e-18,1.563659e-18,6.854023e-03
0.910000,9.270606425e-06,1.732376470e-05,2.668382983e-05,8.661809599e-06,1.631772446e-05,1.059391132e-01,3.812912851e+01,3.086374003e-09,3.377818e-16,8.577026e-18,3.998340e-18,6.840693e-03
0.920000,9.263742188e-06,1.748093574e-05,2.682355480e-05,8.740415517e-06,1.633460059e-05,1.042764400e-01,3.810782476e+01,3.105463864e-09,2.389129e-16,7.953613e-18,8.940560e-19,6.839233e-03
0.930000,9.254737887e-06,1.763464132e-05,2.695246876e-05,8.817266066e-06,1.634633093e-05,1.026069877e-01,3.808638676e+01,3.122791513e-09,2.388839e-16,6.946513e-18,2.168404e-18,6.841983e-03
0.940000,9.243696472e-06,1.778482148e-05,2.707064793e-05,8.892355751e-06,1.635299499e-05,1.009311140e-01,3.806481737e+01,3.138365477e-09,1.279597e-16,2.160428e-18,1.578622e-18,6.800073e-03
0.950000,9.230720338e-06,1.793146573e-05,2.717817510e-05,8.965679403e-06,1.635467186e-05,9.924918520e-02,3.804311946e+01,3.152196190e-09,6.418545e-17,8.608704e-18,1.301043e-18,6.825433e-03
0.960000,9.215911276e-06,1.807456186e-05,2.727513902e-05,9.037232170e-06,1.635144015e-05,9.756157605e-02,3.802129592e+01,3.164295886e-09,6.277815e-17,1.181933e-17,3.998340e-18,6.805193e-03
0.970000,9.199370415e-06,1.821416910e-05,2.736163393e-05,9.107009502e-06,1.634337797e-05,9.586867108e-02,3.799934963e+01,3.174678511e-09,3.425027e-16,1.239413e-17,2.168404e-18,6.843323e-03
0.980000,9.181198181e-06,1.835007668e-05,2.743775900e-05,9.175007154e-06,1.633056287e-05,9.417086530e-02,3.797728351e+01,3.183359628e-09,2.247519e-16,5.527371e-18,3.157244e-18,6.872433e-03
0.990000,9.161494240e-06,1.848253441e-05,2.750361788e-05,9.241221164e-06,1.631307176e-05,9.246856524e-02,3.795510047e+01,3.190356328e-09,2.289328e-16,2.838172e-17,2.453269e-18,6.933423e-03
1.000000,9.140357467e-06,1.861149664e-05,2.755931830e-05,9.305647857e-06,1.629098093e-05,9.076219001e-02,3.793280344e+01,3.195687147e-09,8.887201e-16,7.013927e-18,2.045669e-18,6.898553e-03
1.010000,9.117885890e-06,1.873670373e-05,2.760497160e-05,9.368283831e-06,1.626436600e-05,8.905217262e-02,3.791039535e+01,3.199371974e-09,6.689792e-16,9.368826e-18,3.576224e-18,6.862733e-03
1.020000,9.094176657e-06,1.885834821e-05,2.764069238e-05,9.429125958e-06,1.623330186e-05,8.733896132e-02,3.788787915e+01,3.201431982e-09,2.225343e-16,8.941259e-18,3.730664e-18,6.845043e-03
1.030000,9.069325994e-06,1.897649861e-05,2.766659817e-05,9.488171370e-06,1.619786268e-05,8.562302118e-02,3.786525780e+01,3.201889539e-09,7.052474e-16,6.849861e-18,9.697399e-19,6.812183e-03
1.040000,9.043429163e-06,1.909091738e-05,2.768280902e-05,9.545417459e-06,1.615812189e-05,8.390483584e-02,3.784253424e+01,3.200768138e-09,2.413340e-16,1.789675e-17,2.818926e-18,6.791893e-03
1.050000,9.016580426e-06,1.920178688e-05,2.768944729e-05,9.600861871e-06,1.611415214e-05,8.218490948e-02,3.781971146e+01,3.198092328e-09,2.278918e-16,5.143108e-18,2.637978e-18,6.807743e-03
1.060000,8.988873003e-06,1.930907624e-05,2.768663728e-05,9.654502501e-06,1.606602527e-05,8.046376903e-02,3.779679243e+01,3.193887634e-09,2.222145e-16,8.020898e-18,3.998340e-18,6.863853e-03
1.070000,8.960399038e-06,1.941277620e-05,2.767450499e-05,9.706337490e-06,1.601381236e-05,7.874196664e-02,3.777378012e+01,3.188180503e-09,4.445799e-16,9.364394e-18,1.084202e-18,6.835803e-03
1.080000,8.931249552e-06,1.951280744e-05,2.765317789e-05,9.756365220e-06,1.595758365e-05,7.702008252e-02,3.775067754e+01,3.180998228e-09,6.075921e-17,1.007375e-17,1.371419e-18,6.866533e-03
1.090000,8.901514410e-06,1.960927138e-05,2.762278465e-05,9.804584312e-06,1.589740857e-05,7.529872805e-02,3.772748766e+01,3.172368897e-09,1.209130e-16,7.755078e-18,2.168404e-18,6.847903e-03
1.100000,8.871282279e-06,1.970208520e-05,2.758345499e-05,9.850993621e-06,1.583335573e-05,7.357854940e-02,3.770421349e+01,3.162321327e-09,2.274825e-16,1.230760e-17,2.211347e-18,6.831613e-03
1.110000,8.840640584e-06,1.979136755e-05,2.753531939e-05,9.895592234e-06,1.576549292e-05,7.186023155e-02,3.768085804e+01,3.150885008e-09,6.672854e-16,8.004440e-18,3.576224e-18,6.932122e-03
1.120000,8.809675467e-06,1.987689792e-05,2.747850899e-05,9.938379469e-06,1.569388708e-05,7.014450283e-02,3.765742429e+01,3.138090054e-09,6.694610e-16,8.679714e-18,2.852091e-18,6.867252e-03
1.130000,8.778471744e-06,1.995879130e-05,2.741315539e-05,9.979354870e-06,1.561860435e-05,6.843214016e-02,3.763391527e+01,3.123967148e-09,2.231139e-16,1.591658e-17,3.496447e-18,6.840773e-03
1.140000,8.747112858e-06,2.003713662e-05,2.733939049e-05,1.001851821e-05,1.553971002e-05,6.672397492e-02,3.761033399e+01,3.108547492e-09,4.005537e-17,2.302347e-17,3.043501e-18,6.828283e-03
1.150000,8.715680836e-06,2.011184284e-05,2.725734636e-05,1.005586947e-05,1.545726856e-05,6.502089958e-02,3.758668346e+01,3.091862762e-09,1.282359e-16,2.439818e-17,6.133174e-19,6.837973e-03
1.160000,8.684256235e-06,2.018288437e-05,2.716715509e-05,1.009140887e-05,1.537134365e-05,6.332387540e-02,3.756296668e+01,3.073945066e-09,1.223138e-16,5.548597e-18,1.939480e-18,6.824003e-03
1.170000,8.652918099e-06,2.025040942e-05,2.706894872e-05,1.012513684e-05,1.528199812e-05,6.163394099e-02,3.753918669e+01,3.054826893e-09,6.787223e-16,1.837061e-17,4.848700e-19,6.861653e-03
1.180000,8.621743905e-06,2.031414702e-05,2.696285906e-05,1.015705403e-05,1.518929403e-05,5.995222221e-02,3.751534649e+01,3.034541084e-09,4.446615e-16,1.190233e-17,3.705371e-18,6.895522e-03
1.190000,8.590809510e-06,2.037443786e-05,2.684901767e-05,1.018716132e-05,1.509329264e-05,5.827994340e-02,3.749144910e+01,3.013120782e-09,2.416785e-16,1.866074e-17,2.335443e-18,6.871853e-03
1.200000,8.560189097e-06,2.043102988e-05,2.672755572e-05,1.021545977e-05,1.499405441e-05,5.661844011e-02,3.746749753e+01,2.990599405e-09,1.186258e-16,1.263084e-17,7.818293e-19,6.885633e-03
1.210000,8.529955122e-06,2.048404046e-05,2.659860393e-05,1.024195068e-05,1.489163905e-05,5.496917369e-02,3.744349480e+01,2.967010606e-09,5.584116e-16,2.054871e-17,2.335443e-18,6.876223e-03
1.220000,8.500178255e-06,2.053341083e-05,2.646229251e-05,1.026663558e-05,1.478610550e-05,5.333374778e-02,3.741944393e+01,2.942388238e-09,2.374593e-16,4.662148e-18,2.335443e-18,6.829413e-03
1.230000,8.470927323e-06,2.057908087e-05,2.631875105e-05,1.028951617e-05,1.467751196e-05,5.171392706e-02,3.739534791e+01,2.916766330e-09,2.453040e-16,7.334660e-18,1.563659e-18,6.884422e-03
1.240000,8.442269254e-06,2.062126899e-05,2.616810856e-05,1.031059439e-05,1.456591589e-05,5.011165845e-02,3.737120977e+01,2.890179051e-09,8.107097e-17,6.604073e-18,2.335443e-18,6.812093e-03
1.250000,8.414269017e-06,2.065984605e-05,2.601049333e-05,1.032987238e-05,1.445137404e-05,4.852909501e-02,3.734703249e+01,2.862660682e-09,3.572615e-16,7.788919e-18,2.168404e-18,6.845833e-03
1.260000,8.386989561e-06,2.069476786e-05,2.584603293e-05,1.034735250e-05,1.433394247e-05,4.696862267e-02,3.732281910e+01,2.834245593e-09,2.241298e-16,2.606950e-17,1.563659e-18,6.877293e-03
1.270000,8.360491759e-06,2.072616004e-05,2.567485420e-05,1.036303732e-05,1.421367654e-05,4.543288989e-02,3.729857257e+01,2.804968215e-09,9.358334e-17,2.942491e-17,3.127317e-18,6.835563e-03
1.280000,8.334834347e-06,2.075401720e-05,2.549708318e-05,1.037692961e-05,1.409063095e-05,4.392484041e-02,3.727429590e+01,2.774863014e-09,8.903993e-16,1.091930e-17,3.066587e-18,6.865803e-03
1.290000,8.310073867e-06,2.077818259e-05,2.531284512e-05,1.038903234e-05,1.396485976e-05,4.244774850e-02,3.724999208e+01,2.743964473e-09,4.447533e-16,8.702200e-18,1.939480e-18,6.798883e-03
1.300000,8.286264611e-06,2.079877582e-05,2.512226445e-05,1.039934872e-05,1.383641640e-05,4.100525650e-02,3.722566409e+01,2.712307066e-09,1.336098e-16,3.734699e-18,1.371419e-18,6.829043e-03
1.310000,8.263458562e-06,2.081582884e-05,2.492546479e-05,1.040788214e-05,1.370535369e-05,3.960141340e-02,3.720131491e+01,2.679925240e-09,7.265205e-17,1.222231e-17,5.704181e-18,6.853933e-03
1.320000,8.241705348e-06,2.082928637e-05,2.472256893e-05,1.041463621e-05,1.357172385e-05,3.824071281e-02,3.717694749e+01,2.646853394e-09,6.673369e-16,1.464398e-17,1.563659e-18,6.862743e-03
1.330000,8.221052184e-06,2.083934718e-05,2.451369884e-05,1.041961476e-05,1.343557857e-05,3.692812777e-02,3.715256481e+01,2.613125861e-09,3.335346e-16,5.573435e-18,2.335443e-18,6.839053e-03
1.340000,8.201543827e-06,2.084569664e-05,2.429897568e-05,1.042282180e-05,1.329696896e-05,3.566913856e-02,3.712816981e+01,2.578776892e-09,2.256278e-16,1.492748e-17,0.000000e+00,6.859553e-03
1.350000,8.183222530e-06,2.084863633e-05,2.407851981e-05,1.042426157e-05,1.315594564e-05,3.446974839e-02,3.710376544e+01,2.543840636e-09,1.420153e-16,2.117196e-17,9.697399e-19,6.850593e-03
1.360000,8.166128004e-06,2.084791210e-05,2.385245080e-05,1.042393851e-05,1.301255870e-05,3.333648009e-02,3.707935463e+01,2.508351129e-09,4.620458e-16,1.866623e-17,4.336809e-19,6.849323e-03
1.370000,8.150297378e-06,2.084377922e-05,2.362088748e-05,1.042185728e-05,1.286685781e-05,3.227634551e-02,3.705494031e+01,2.472342275e-09,2.427216e-16,1.699487e-17,5.704181e-18,6.856293e-03
1.380000,8.135765172e-06,2.083612911e-05,2.338394794e-05,1.041802274e-05,1.271889215e-05,3.129677798e-02,3.703052541e+01,2.435847832e-09,2.228664e-16,7.385369e-18,3.157244e-18,6.900183e-03
1.390000,8.122563264e-06,2.082489390e-05,2.314174960e-05,1.041243995e-05,1.256871051e-05,3.040551775e-02,3.700611281e+01,2.398901404e-09,4.623912e-16,5.101586e-18,3.496447e-18,6.844993e-03
1.400000,8.110720872e-06,2.081025987e-05,2.289440919e-05,1.040511420e-05,1.241636129e-05,2.961044216e-02,3.698170543e+01,2.361536418e-09,2.302022e-16,1.731928e-17,3.066587e-18,6.846142e-03
1.410000,8.100264541e-06,2.079219846e-05,2.264204287e-05,1.039605097e-05,1.226189252e-05,2.891933581e-02,3.695730615e+01,2.323786124e-09,2.223930e-16,2.015749e-17,2.335443e-18,6.856762e-03
1.420000,8.091218130e-06,2.077061522e-05,2.238476621e-05,1.038525597e-05,1.210535193e-05,2.833960321e-02,3.693291784e+01,2.285683575e-09,4.518287e-16,1.891678e-17,1.788112e-18,6.822373e-03
1.430000,8.083602810e-06,2.074554196e-05,2.212269432e-05,1.037273511e-05,1.194678694e-05,2.787793679e-02,3.690854337e+01,2.247261616e-09,2.407401e-16,2.484954e-17,2.909220e-18,6.865793e-03
1.440000,8.077437069e-06,2.071709464e-05,2.185594183e-05,1.035849450e-05,1.178624472e-05,2.753996455e-02,3.688418558e+01,2.208552880e-09,3.355785e-16,3.127435e-17,9.697399e-19,6.828813e-03
1.450000,8.072736724e-06,2.068513052e-05,2.158462305e-05,1.034254049e-05,1.162377222e-05,2.732991286e-02,3.685984731e+01,2.169589772e-09,4.567224e-16,8.848046e-18,3.998340e-18,6.865493e-03
1.460000,8.069514936e-06,2.064986983e-05,2.130885198e-05,1.032487962e-05,1.145941622e-05,2.725032608e-02,3.683553140e+01,2.130404461e-09,2.384378e-16,2.604796e-17,8.673617e-19,6.863502e-03
1.470000,8.067782235e-06,2.061110173e-05,2.102874243e-05,1.030551866e-05,1.129322335e-05,2.730188282e-02,3.681124063e+01,2.091028873e-09,2.350937e-16,1.396037e-17,9.697399e-19,6.848592e-03
1.480000,8.067546556e-06,2.056902230e-05,2.074440811e-05,1.028446458e-05,1.112524017e-05,2.748333741e-02,3.678697783e+01,2.051494678e-09,2.505235e-16,1.615482e-17,1.788112e-18,6.860073e-03
1.490000,8.068813269e-06,2.052350298e-05,2.045596271e-05,1.026172456e-05,1.095551318e-05,2.779159638e-02,3.676274575e+01,2.011833286e-09,1.176863e-16,6.517906e-18,4.848700e-18,6.837332e-03
1.500000,8.071585235e-06,2.047473773e-05,2.016352007e-05,1.023730603e-05,1.078408891e-05,2.822191813e-02,3.673854719e+01,1.972075837e-09,3.376623e-16,1.389852e-17,2.168404e-18,6.835543e-03
1.510000,8.075862849e-06,2.042259456e-05,1.986719426e-05,1.021121660e-05,1.061101394e-05,2.876820547e-02,3.671438488e+01,1.932253194e-09,6.715366e-16,1.220754e-17,9.697399e-19,6.873413e-03
1.520000,8.081644105e-06,2.036700393e-05,1.956709972e-05,1.018346413e-05,1.043633500e-05,2.942335059e-02,3.669026156e+01,1.892395935e-09,1.198347e-16,9.557943e-18,9.697399e-19,6.876082e-03
1.530000,8.088924655e-06,2.030819994e-05,1.926335146e-05,1.015405667e-05,1.026009902e-05,3.017959057e-02,3.666617996e+01,1.852534344e-09,2.220454e-16,5.330263e-18,3.066587e-18,6.845542e-03
1.540000,8.097697884e-06,2.024600104e-05,1.895606517e-05,1.012300251e-05,1.008235320e-05,3.102883893e-02,3.664214278e+01,1.812698409e-09,8.903784e-16,5.714733e-18,1.301043e-18,6.864143e-03
1.550000,8.107954981e-06,2.018074994e-05,1.864535747e-05,1.009031016e-05,9.903145081e-06,3.196296953e-02,3.661815270e+01,1.772917810e-09,4.529892e-16,2.025720e-17,1.788112e-18,6.912162e-03
1.560000,8.119685022e-06,2.011206365e-05,1.833134605e-05,1.005598836e-05,9.722522685e-06,3.297404131e-02,3.659421241e+01,1.733221918e-09,2.667739e-16,1.360968e-17,1.734723e-18,6.930303e-03
1.570000,8.132875055e-06,2.004015060e-05,1.801414999e-05,1.002004607e-05,9.540534557e-06,3.405446233e-02,3.657032454e+01,1.693639783e-09,6.835537e-17,1.713460e-17,2.335443e-18,6.923843e-03
1.580000,8.147510185e-06,1.996502042e-05,1.769388994e-05,9.982492480e-06,9.357229911e-06,3.519709824e-02,3.654649174e+01,1.654200132e-09,2.260684e-16,3.415775e-18,2.742839e-18,6.882463e-03
1.590000,8.163573672e-06,1.988677062e-05,1.737068845e-05,9.943337013e-06,9.172658740e-06,3.639533420e-02,3.652271663e+01,1.614931363e-09,4.496680e-16,1.521328e-17,6.788179e-18,6.877002e-03
1.600000,8.181047018e-06,1.980527455e-05,1.704467028e-05,9.902589321e-06,8.986871966e-06,3.764310048e-02,3.649900180e+01,1.575861536e-09,3.433218e-16,4.607859e-18,1.371419e-18,6.819313e-03
1.610000,8.199910071e-06,1.972060455e-05,1.671596280e-05,9.860259297e-06,8.799921587e-06,3.893487137e-02,3.647534983e+01,1.537018373e-09,1.260098e-16,4.502459e-18,9.697399e-19,6.843372e-03
1.620000,8.220141120e-06,1.963285527e-05,1.638469634e-05,9.816357069e-06,8.611860859e-06,4.026564588e-02,3.645176329e+01,1.498429246e-09,6.748994e-16,3.108969e-17,3.730664e-18,6.882463e-03
1.630000,8.241716995e-06,1.954187161e-05,1.605100469e-05,9.770893007e-06,8.422744498e-06,4.163091692e-02,3.642824471e+01,1.460121176e-09,1.186283e-16,2.256241e-18,3.576224e-18,6.846003e-03
1.640000,8.264613169e-06,1.944790503e-05,1.571502563e-05,9.723877727e-06,8.232628906e-06,4.302663404e-02,3.640479663e+01,1.422120829e-09,5.576273e-16,1.925784e-17,5.553825e-18,6.827593e-03
1.650000,8.288803858e-06,1.935075143e-05,1.537690148e-05,9.675322091e-06,8.041572430e-06,4.444916354e-02,3.638142153e+01,1.384454507e-09,1.066610e-16,1.725846e-17,1.301043e-18,6.837792e-03
1.660000,8.314262123e-06,1.925052404e-05,1.503677982e-05,9.625237212e-06,7.849635661e-06,4.589524825e-02,3.635812191e+01,1.347148145e-09,2.684790e-16,7.117761e-18,3.066587e-18,6.813622e-03
1.670000,8.340959966e-06,1.914738332e-05,1.469481423e-05,9.573634461e-06,7.656881783e-06,4.736196886e-02,3.633490023e+01,1.310227306e-09,1.152093e-16,1.477308e-17,1.788112e-18,6.859583e-03
1.680000,8.368868434e-06,1.904114201e-05,1.435116517e-05,9.520525467e-06,7.463376958e-06,4.884670751e-02,3.631175892e+01,1.273717177e-09,1.389512e-16,4.784503e-18,1.563659e-18,6.792683e-03
1.690000,8.397957711e-06,1.893188865e-05,1.400600098e-05,9.465922123e-06,7.269190794e-06,5.034711439e-02,3.628870040e+01,1.237642563e-09,2.351116e-16,2.185389e-17,4.358439e-18,6.853183e-03
1.700000,8.428197213e-06,1.881978314e-05,1.365949905e-05,9.409836592e-06,7.074396873e-06,5.186107741e-02,3.626572708e+01,1.202027884e-09,1.144866e-16,5.159670e-18,9.697399e-19,6.827192e-03
1.710000,8.459555686e-06,1.870475048e-05,1.331184713e-05,9.352281311e-06,6.879073376e-06,5.338669489e-02,3.624284133e+01,1.166897167e-09,7.790668e-16,9.519741e-18,4.610091e-18,6.834302e-03
1.720000,8.492001288e-06,1.858666462e-05,1.296324488e-05,9.293269000e-06,6.683303809e-06,5.492225135e-02,3.622004550e+01,1.132274047e-09,2.310280e-16,1.521750e-17,3.035766e-18,6.868433e-03
1.730000,8.525501683e-06,1.846577965e-05,1.261390565e-05,9.232812661e-06,6.487177863e-06,5.646619592e-02,3.619734193e+01,1.098181758e-09,7.905401e-16,1.509575e-17,1.226635e-18,6.837783e-03
1.740000,8.560024118e-06,1.834199179e-05,1.226405852e-05,9.170925595e-06,6.290792426e-06,5.801712335e-02,3.617473292e+01,1.064643131e-09,2.292530e-16,1.625445e-17,5.654507e-18,6.855903e-03
1.750000,8.595535510e-06,1.821541252e-05,1.191395077e-05,9.107621398e-06,6.094252781e-06,5.957375727e-02,3.615222077e+01,1.031680587e-09,7.785927e-16,2.030667e-17,2.528772e-18,6.854173e-03
1.760000,8.632002518e-06,1.808595867e-05,1.156385063e-05,9.042913979e-06,5.897674036e-06,6.113493546e-02,3.612980774e+01,9.993161388e-10,1.300231e-16,2.239275e-17,1.788112e-18,6.845063e-03
1.770000,8.669391619e-06,1.795374122e-05,1.121405056e-05,8.976817563e-06,5.701182830e-06,6.269959691e-02,3.610749607e+01,9.675713788e-10,5.030743e-17,1.556935e-17,1.226635e-18,6.853652e-03
1.780000,8.707669176e-06,1.781882326e-05,1.086487118e-05,8.909346700e-06,5.504919383e-06,6.426677049e-02,3.608528798e+01,9.364674812e-10,2.239004e-16,1.614990e-17,1.371419e-18,6.881132e-03
1.790000,8.746801503e-06,1.768114296e-05,1.051666571e-05,8.840516279e-06,5.309039952e-06,6.583556498e-02,3.606318567e+01,9.060251952e-10,1.534455e-16,1.422203e-17,9.697399e-19,6.803732e-03
1.800000,8.786754931e-06,1.754078720e-05,1.016982532e-05,8.770341534e-06,5.113719817e-06,6.740516030e-02,3.604119131e+01,8.762648415e-10,4.443201e-16,5.620248e-18,9.697399e-19,6.879663e-03
1.810000,8.827495860e-06,1.739786988e-05,9.824785370e-06,8.698838060e-06,4.919156889e-06,6.897479986e-02,3.601930704e+01,8.472063085e-10,6.662022e-16,2.622335e-18,3.496447e-18,6.822023e-03
1.820000,8.868990818e-06,1.725225014e-05,9.482032757e-06,8.626021822e-06,4.725576104e-06,7.054378376e-02,3.599753500e+01,8.188690485e-10,4.460390e-16,1.209970e-17,2.424350e-18,6.891013e-03
1.830000,8.911206511e-06,1.710398876e-05,9.142114546e-06,8.551909171e-06,4.533234782e-06,7.211146287e-02,3.597587729e+01,7.912720736e-10,4.446845e-16,7.975533e-18,1.839952e-18,6.862283e-03
1.840000,8.954109867e-06,1.695317362e-05,8.805648073e-06,8.476516859e-06,4.342429172e-06,7.367723354e-02,3.595433597e+01,7.644339524e-10,3.332465e-16,9.892500e-18,1.454610e-18,6.861983e-03
1.850000,8.997668081e-06,1.679984167e-05,8.473332732e-06,8.399862054e-06,4.153502463e-06,7.524053303e-02,3.593291311e+01,7.383728056e-10,2.325612e-16,4.151964e-18,1.734723e-18,6.860872e-03
1.860000,9.041848656e-06,1.664408344e-05,8.145963642e-06,8.321962358e-06,3.966854574e-06,7.680083533e-02,3.591161074e+01,7.131063034e-10,1.131966e-16,1.757664e-17,3.786955e-18,6.926752e-03
1.870000,9.086619436e-06,1.648583017e-05,7.824447322e-06,8.242835826e-06,3.782954092e-06,7.835764763e-02,3.589043085e+01,6.886516609e-10,5.579258e-16,1.649062e-17,2.917290e-18,6.879292e-03
1.880000,9.131948642e-06,1.632519971e-05,7.509819403e-06,8.162500988e-06,3.602352748e-06,7.991050704e-02,3.586937543e+01,6.650256353e-10,6.684943e-16,2.110574e-17,2.179219e-18,6.795913e-03
1.890000,9.177804899e-06,1.616203876e-05,7.203264224e-06,8.080976870e-06,3.425702798e-06,8.145897776e-02,3.584844643e+01,6.422445224e-10,2.238828e-16,2.122331e-17,4.091337e-18,6.904083e-03
1.900000,9.224157262e-06,1.599665854e-05,6.906135775e-06,7.998283018e-06,3.253777559e-06,8.300264854e-02,3.582764579e+01,6.203241527e-10,1.196724e-16,8.097655e-18,3.705371e-18,6.794982e-03
1.910000,9.270975246e-06,1.582893339e-05,6.619978951e-06,7.914439525e-06,3.087495023e-06,8.454113044e-02,3.580697541e+01,5.992798888e-10,4.443103e-16,1.433281e-17,1.693578e-18,6.816983e-03
1.920000,9.318228838e-06,1.565895811e-05,6.346549214e-06,7.829467063e-06,2.927943867e-06,8.607405477e-02,3.578643717e+01,5.791266217e-10,2.513803e-16,9.957004e-18,4.670886e-18,6.865053e-03
1.930000,9.365888521e-06,1.548691669e-05,6.087827661e-06,7.743386910e-06,2.776409968e-06,8.760107133e-02,3.576603292e+01,5.598787680e-10,2.246491e-16,6.689308e-18,8.673617e-19,6.866322e-03
1.940000,9.413925286e-06,1.531262349e-05,5.846026975e-06,7.656220987e-06,2.634399658e-06,8.912184679e-02,3.574576451e+01,5.415502666e-10,2.847374e-16,1.138774e-17,1.734723e-18,6.933452e-03
1.950000,9.462310650e-06,1.513623544e-05,5.623582069e-06,7.567991895e-06,2.503653019e-06,9.063606323e-02,3.572563373e+01,5.241545757e-10,8.891220e-16,9.454070e-18,2.211347e-18,6.886013e-03
1.960000,9.511016662e-06,1.495761905e-05,5.423117765e-06,7.478722955e-06,2.386136802e-06,9.214341688e-02,3.570564237e+01,5.077046702e-10,5.577556e-16,1.748663e-17,3.476217e-18,6.907692e-03
1.970000,9.560015916e-06,1.477702409e-05,5.247385246e-06,7.388438257e-06,2.284002888e-06,9.364361689e-02,3.568579218e+01,4.922130385e-10,3.480578e-16,7.818293e-18,2.168404e-19,6.856602e-03
1.980000,9.609281555e-06,1.459434668e-05,5.099160626e-06,7.297162703e-06,2.199496887e-06,9.513638436e-02,3.566608490e+01,4.776916801e-10,4.543143e-16,5.351189e-18,2.168404e-18,6.885983e-03
1.990000,9.658787277e-06,1.440993909e-05,4.981103782e-06,7.204922064e-06,2.134806481e-06,9.662145135e-02,3.564652224e+01,4.641521027e-10,2.306742e-16,1.680085e-17,2.717003e-18,6.904803e-03
2.000000,9.708507340e-06,1.422357791e-05,4.895584483e-06,7.111743039e-06,2.091854253e-06,9.809856001e-02,3.562710586e+01,4.516053199e-10,3.616370e-17,8.074679e-18,8.673617e-19,6.898883e-03
2.010000,9.758416563e-06,1.403543845e-05,4.844494486e-06,7.017653319e-06,2.072064802e-06,9.956746186e-02,3.560783744e+01,4.400618486e-10,3.382927e-17,6.527762e-18,2.453269e-18,6.879712e-03
2.020000,9.808490326e-06,1.384544822e-05,4.829075071e-06,6.922681653e-06,2.076160919e-06,1.010279170e-01,3.558871860e+01,4.295317065e-10,2.386694e-16,1.689045e-17,3.104683e-18,6.801963e-03
2.030000,9.858704568e-06,1.365375764e-05,4.849794010e-06,6.826857936e-06,2.104051013e-06,1.024796937e-01,3.556975095e+01,4.200244105e-10,2.574884e-16,1.120092e-17,8.940560e-19,6.853652e-03
2.040000,9.909035790e-06,1.346055798e-05,4.906299651e-06,6.730213281e-06,2.154846838e-06,1.039225676e-01,3.555093607e+01,4.115489738e-10,7.026089e-17,1.048036e-17,1.748223e-18,6.865782e-03
2.050000,9.959461045e-06,1.326571638e-05,4.997463031e-06,6.632780124e-06,2.227004956e-06,1.053563210e-01,3.553227553e+01,4.041139043e-10,2.293257e-16,1.671209e-17,2.168404e-18,6.843902e-03
2.060000,1.000995794e-05,1.306936328e-05,5.121497648e-06,6.534592317e-06,2.318543714e-06,1.067807431e-01,3.551377084e+01,3.977272027e-10,1.249011e-16,1.385348e-17,3.786955e-18,6.829222e-03
2.070000,1.006050463e-05,1.287160199e-05,5.276129594e-06,6.435685252e-06,2.427272947e-06,1.081956288e-01,3.549542352e+01,3.923963607e-10,6.671531e-16,1.895495e-17,1.388456e-18,6.896963e-03
2.080000,1.011107980e-05,1.267236661e-05,5.458784219e-06,6.336095972e-06,2.550987528e-06,1.096007787e-01,3.547723505e+01,3.881283589e-10,2.239387e-16,1.013312e-17,1.839952e-18,6.854643e-03
2.090000,1.016166268e-05,1.247180013e-05,5.666759754e-06,6.235863324e-06,2.687602364e-06,1.109959987e-01,3.545920690e+01,3.849296660e-10,4.491350e-16,9.179864e-18,2.742839e-18,6.844352e-03
2.100000,1.021223303e-05,1.227016301e-05,5.897369010e-06,6.135028099e-06,2.835229223e-06,1.123810995e-01,3.544134049e+01,3.828062368e-10,1.498713e-16,7.359022e-18,1.388456e-18,6.852963e-03
2.110000,1.026277112e-05,1.206740158e-05,6.148041850e-06,6.033633203e-06,2.992207895e-06,1.137558967e-01,3.542363723e+01,3.817635110e-10,1.166252e-16,1.168850e-17,1.563659e-18,6.865552e-03
2.120000,1.031325773e-05,1.186353307e-05,6.416390007e-06,5.931723845e-06,3.157107060e-06,1.151202100e-01,3.540609851e+01,3.818064124e-10,2.249502e-16,9.803499e-18,1.563659e-18,6.857063e-03
2.130000,1.036367415e-05,1.165895648e-05,6.700240747e-06,5.829347737e-06,3.328707969e-06,1.164738634e-01,3.538872569e+01,3.829393473e-10,2.450451e-16,1.143873e-17,7.818293e-19,6.824063e-03
2.140000,1.041400215e-05,1.145328491e-05,6.997647491e-06,5.726555326e-06,3.505980276e-06,1.178166846e-01,3.537152010e+01,3.851662040e-10,3.530467e-16,8.433822e-18,7.818293e-19,6.823632e-03
2.150000,1.046422400e-05,1.124701110e-05,7.306884990e-06,5.623400038e-06,3.688055786e-06,1.191485052e-01,3.535448307e+01,3.884903519e-10,3.363443e-16,8.199223e-18,2.057129e-18,6.851742e-03
2.160000,1.051432243e-05,1.104022196e-05,7.626435238e-06,5.519938561e-06,3.874203306e-06,1.204691601e-01,3.533761587e+01,3.929146410e-10,7.772097e-16,6.479132e-18,8.940560e-19,6.811632e-03
2.170000,1.056428066e-05,1.083268300e-05,7.954968608e-06,5.416231149e-06,4.063806092e-06,1.217784875e-01,3.532091978e+01,3.984414013e-10,2.370698e-16,1.620321e-17,1.371419e-18,6.801443e-03
2.180000,1.061408232e-05,1.062501905e-05,8.291323271e-06,5.312341962e-06,4.256342396e-06,1.230763289e-01,3.530439603e+01,4.050724425e-10,1.004189e-15,7.006329e-18,3.127317e-18,6.871342e-03
2.190000,1.066371151e-05,1.041683896e-05,8.634484785e-06,5.208339441e-06,4.451369063e-06,1.243625288e-01,3.528804584e+01,4.128090539e-10,2.832486e-16,2.052918e-17,4.848700e-19,6.851912e-03
2.200000,1.071315278e-05,1.020867667e-05,8.983566941e-06,5.104296725e-06,4.648507910e-06,1.256369344e-01,3.527187042e+01,4.216520043e-10,2.299035e-16,2.022406e-17,7.818293e-19,6.879693e-03
2.210000,1.076239108e-05,1.000088855e-05,9.337794384e-06,5.000292113e-06,4.847434507e-06,1.268993957e-01,3.525587092e+01,4.316015421e-10,4.479801e-16,1.172822e-18,1.788112e-18,6.835512e-03
2.220000,1.081141178e-05,9.792999603e-06,9.696487226e-06,4.896409565e-06,5.047868988e-06,1.281497653e-01,3.524004849e+01,4.426573959e-10,2.550117e-16,2.320719e-17,1.388456e-18,6.807743e-03
2.230000,1.086020065e-05,9.585651885e-06,1.005904760e-05,4.792739268e-06,5.249568525e-06,1.293878985e-01,3.522440427e+01,4.548187744e-10,9.670573e-17,9.284342e-18,1.651408e-18,6.804003e-03
2.240000,1.090874386e-05,9.378881294e-06,1.042494804e-05,4.689378250e-06,5.452321178e-06,1.306136529e-01,3.520893936e+01,4.680843676e-10,2.466317e-16,1.280986e-17,8.940560e-19,6.827263e-03
2.250000,1.095702796e-05,9.173162577e-06,1.079372156e-05,4.586431053e-06,5.655940861e-06,1.318268883e-01,3.519365483e+01,4.824523472e-10,5.569410e-16,1.318689e-17,2.263881e-18,6.849803e-03
2.260000,1.100503987e-05,8.968221496e-06,1.116495307e-05,4.484010477e-06,5.860263212e-06,1.330274671e-01,3.517855175e+01,4.979203675e-10,2.561563e-16,3.779954e-18,6.857097e-19,6.885942e-03
2.270000,1.105276688e-05,8.764669971e-06,1.153827221e-05,4.382238383e-06,6.065142189e-06,1.342152534e-01,3.516363114e+01,5.144855669e-10,3.925452e-17,1.049290e-17,1.852685e-18,6.888332e-03
2.280000,1.110019662e-05,8.562814554e-06,1.191334712e-05,4.281246566e-06,6.270447271e-06,1.353901139e-01,3.514889404e+01,5.321445689e-10,3.351676e-16,1.211064e-17,4.848700e-19,6.828992e-03
2.290000,1.114731709e-05,8.362512544e-06,1.228987925e-05,4.181177696e-06,6.476061131e-06,1.365519171e-01,3.513434141e+01,5.508934835e-10,2.491051e-16,9.529499e-18,1.517883e-18,6.850773e-03
2.300000,1.119411661e-05,8.164476626e-06,1.266759883e-05,4.082186322e-06,6.681877709e-06,1.377005335e-01,3.511997425e+01,5.707279091e-10,3.212241e-16,8.391586e-18,1.105674e-18,6.871872e-03
2.310000,1.124058381e-05,7.969265832e-06,1.304626112e-05,3.984439925e-06,6.887800603e-06,1.388358357e-01,3.510579349e+01,5.916429340e-10,6.664071e-16,8.915231e-18,1.778224e-18,6.874102e-03
2.320000,1.128670765e-05,7.776407646e-06,1.342564317e-05,3.888120025e-06,7.093741721e-06,1.399576980e-01,3.509180007e+01,6.136331387e-10,2.289197e-16,1.096817e-17,7.818293e-19,6.853612e-03
2.330000,1.133247742e-05,7.587076615e-06,1.380554100e-05,3.793423295e-06,7.299620146e-06,1.410659967e-01,3.507799488e+01,6.366925977e-10,4.336912e-17,7.696798e-18,1.683134e-18,6.863892e-03
2.340000,1.137788267e-05,7.401243411e-06,1.418576727e-05,3.700562683e-06,7.505361188e-06,1.421606100e-01,3.506437883e+01,6.608148824e-10,4.503638e-16,7.485911e-18,1.683134e-18,6.877262e-03
2.350000,1.142291326e-05,7.219854796e-06,1.456614923e-05,3.609768473e-06,7.710895568e-06,1.432414176e-01,3.505095277e+01,6.859930629e-10,3.388711e-16,1.616007e-17,2.317760e-18,6.869792e-03
2.360000,1.146755935e-05,7.043065010e-06,1.494652698e-05,3.521289243e-06,7.916158739e-06,1.443083014e-01,3.503771755e+01,7.122197112e-10,8.919200e-16,9.911151e-18,6.505213e-19,6.884103e-03
2.370000,1.151181133e-05,6.871164403e-06,1.532675192e-05,3.435392650e-06,8.121090296e-06,1.453611445e-01,3.502467399e+01,7.394869042e-10,5.627092e-16,1.156357e-17,1.683134e-18,6.857162e-03
2.380000,1.155565991e-05,6.704992697e-06,1.570668551e-05,3.352365939e-06,8.325633478e-06,1.463998323e-01,3.501182290e+01,7.677862263e-10,6.879026e-17,1.012248e-17,1.084202e-18,6.875593e-03
2.390000,1.159909603e-05,6.545461208e-06,1.608619808e-05,3.272516064e-06,8.529734738e-06,1.474242513e-01,3.499916507e+01,7.971087731e-10,5.770146e-16,1.147577e-18,8.741117e-19,6.855912e-03
2.400000,1.164211088e-05,6.392511315e-06,1.646516791e-05,3.196169297e-06,8.733343377e-06,1.484342902e-01,3.498670126e+01,8.274451549e-10,2.243830e-16,6.094887e-18,6.942281e-19,6.851832e-03
2.410000,1.168469591e-05,6.247550627e-06,1.684348032e-05,3.123670147e-06,8.936411217e-06,1.494298391e-01,3.497443222e+01,8.587854996e-10,2.437619e-16,8.045535e-18,1.022834e-18,6.861472e-03
2.420000,1.172684281e-05,6.111075029e-06,1.722102694e-05,3.055379442e-06,9.138892336e-06,1.504107896e-01,3.496235867e+01,8.911194578e-10,6.663245e-16,7.299983e-18,8.467890e-19,6.824142e-03
2.430000,1.176854349e-05,5.983961996e-06,1.759770509e-05,2.991671396e-06,9.340742820e-06,1.513770353e-01,3.495048134e+01,9.244362057e-10,7.926619e-16,5.349709e-18,8.467890e-19,6.889842e-03
2.440000,1.180979010e-05,5.866517330e-06,1.797341718e-05,2.932929504e-06,9.541920556e-06,1.523284712e-01,3.493880089e+01,9.587244497e-10,8.885016e-16,3.691612e-18,1.446506e-18,6.874273e-03
2.450000,1.185057501e-05,5.759486750e-06,1.834807022e-05,2.879541162e-06,9.742385054e-06,1.532649939e-01,3.492731802e+01,9.939724312e-10,2.460267e-16,4.633855e-18,1.084202e-19,6.898202e-03
2.460000,1.189089081e-05,5.664166388e-06,1.872157537e-05,2.831890965e-06,9.942097281e-06,1.541865017e-01,3.491603338e+01,1.030167931e-09,1.164761e-16,8.901392e-18,5.528368e-19,6.883252e-03
2.470000,1.193073028e-05,5.581315411e-06,1.909384757e-05,2.790352760e-06,1.014101953e-05,1.550928945e-01,3.490494759e+01,1.067298272e-09,8.915821e-16,1.065765e-17,1.371419e-18,6.841283e-03
2.480000,1.197008643e-05,5.510932125e-06,1.946480516e-05,2.755280637e-06,1.033911529e-05,1.559840737e-01,3.489406129e+01,1.105350330e-09,3.563862e-17,1.005410e-17,2.168404e-19,6.891163e-03
2.490000,1.200895246e-05,5.454313538e-06,1.983436962e-05,2.726999237e-06,1.053634913e-05,1.568599425e-01,3.488337506e+01,1.144310532e-09,7.487447e-17,7.900319e-18,3.428548e-19,6.892412e-03
2.500000,1.204732179e-05,5.412219903e-06,2.020246529e-05,2.705793863e-06,1.073268664e-05,1.577204055e-01,3.487288950e+01,1.184164866e-09,4.447587e-16,2.828464e-18,1.084202e-18,6.882823e-03
2.510000,1.208518798e-05,5.383919660e-06,2.056901909e-05,2.691901055e-06,1.092809430e-05,1.585653692e-01,3.486260518e+01,1.224898883e-09,7.819304e-17,3.328950e-18,2.424350e-19,6.902962e-03
2.520000,1.212254484e-05,5.371532755e-06,2.093396035e-05,2.685500304e-06,1.112253942e-05,1.593947413e-01,3.485252264e+01,1.266497708e-09,3.431524e-16,3.895888e-18,9.995850e-19,6.873152e-03
2.530000,1.215938633e-05,5.373847145e-06,2.129722061e-05,2.686707626e-06,1.131599010e-05,1.602084316e-01,3.484264242e+01,1.308946042e-09,4.591541e-16,3.451065e-18,7.273049e-19,6.868752e-03
2.540000,1.219570660e-05,5.391749981e-06,2.165873345e-05,2.695571531e-06,1.150841514e-05,1.610063510e-01,3.483296504e+01,1.352228167e-09,6.795171e-16,4.325024e-18,6.321931e-19,6.899722e-03
2.550000,1.223149997e-05,5.424432032e-06,2.201843431e-05,2.712071785e-06,1.169978400e-05,1.617884125e-01,3.482349099e+01,1.396327957e-09,3.336668e-16,9.653385e-18,1.212175e-19,6.910023e-03
2.560000,1.226676096e-05,5.472440037e-06,2.237626040e-05,2.736121060e-06,1.189006675e-05,1.625545305e-01,3.481422078e+01,1.441228881e-09,2.464528e-16,3.449129e-18,5.659701e-19,6.908432e-03
2.570000,1.230148423e-05,5.535375247e-06,2.273215054e-05,2.767569285e-06,1.207923403e-05,1.633046211e-01,3.480515486e+01,1.486914009e-09,1.173649e-16,5.000413e-18,6.321931e-19,6.903682e-03
2.580000,1.233566465e-05,5.612656429e-06,2.308604506e-05,2.806210293e-06,1.226725701e-05,1.640386020e-01,3.479629370e+01,1.533366024e-09,1.174816e-16,3.883175e-18,3.946555e-19,6.858022e-03
2.590000,1.236929722e-05,5.704011910e-06,2.343788570e-05,2.851790141e-06,1.245410737e-05,1.647563926e-01,3.478763774e+01,1.580567222e-09,2.275057e-16,4.661286e-18,5.421011e-20,6.880422e-03
2.600000,1.240237713e-05,5.808395413e-06,2.378761556e-05,2.904016427e-06,1.263975725e-05,1.654579140e-01,3.477918739e+01,1.628499524e-09,3.414604e-16,1.047270e-17,4.233945e-19,6.880272e-03
2.610000,1.243489973e-05,5.925268327e-06,2.413517893e-05,2.962567911e-06,1.282417924e-05,1.661430890e-01,3.477094308e+01,1.677144485e-09,4.470328e-16,5.408151e-18,3.909147e-19,6.904292e-03
2.620000,1.246686054e-05,6.054420828e-06,2.448052130e-05,3.027103852e-06,1.300734634e-05,1.668118420e-01,3.476290520e+01,1.726483294e-09,2.221044e-16,7.888472e-18,6.594944e-19,6.895102e-03
2.630000,1.249825522e-05,6.194941593e-06,2.482358927e-05,3.097272596e-06,1.318923197e-05,1.674640991e-01,3.475507413e+01,1.776496792e-09,4.445769e-16,3.842189e-18,3.252607e-19,6.843212e-03
2.640000,1.252907961e-05,6.345655602e-06,2.516433048e-05,3.172719100e-06,1.336980990e-05,1.680997883e-01,3.474745025e+01,1.827165470e-09,8.971779e-17,2.073672e-18,7.666467e-20,6.874892e-03
2.650000,1.255932970e-05,6.506468796e-06,2.550269355e-05,3.253091239e-06,1.354905428e-05,1.687188392e-01,3.474003390e+01,1.878469485e-09,5.654982e-17,4.221056e-18,5.421011e-20,6.865792e-03
2.660000,1.258900166e-05,6.676518444e-06,2.583862804e-05,3.338044847e-06,1.372693961e-05,1.693211831e-01,3.473282544e+01,1.930388664e-09,4.748046e-16,8.111463e-19,1.954573e-19,6.873972e-03
2.670000,1.261809180e-05,6.854793295e-06,2.617208444e-05,3.427247551e-06,1.390344070e-05,1.699067531e-01,3.472582518e+01,1.982902515e-09,9.420204e-17,3.871037e-18,2.710505e-19,6.888072e-03
2.680000,1.264659658e-05,7.040857795e-06,2.650301405e-05,3.520381513e-06,1.407853272e-05,1.704754841e-01,3.471903345e+01,2.035990234e-09,2.332901e-16,2.369690e-18,1.459652e-19,6.863982e-03
2.690000,1.267451263e-05,7.234417845e-06,2.683136905e-05,3.617145234e-06,1.425219112e-05,1.710273128e-01,3.471245054e+01,2.089630713e-09,2.235358e-16,1.663133e-18,2.235140e-19,6.923522e-03
2.700000,1.270183675e-05,7.434768588e-06,2.715710234e-05,3.717254568e-06,1.442439165e-05,1.715621775e-01,3.470607676e+01,2.143802553e-09,3.353490e-16,3.286748e-18,4.101739e-19,6.935272e-03
2.710000,1.272856589e-05,7.640969076e-06,2.748016765e-05,3.820443127e-06,1.459511038e-05,1.720800185e-01,3.469991237e+01,2.198484068e-09,4.516814e-16,6.195187e-18,3.636525e-19,6.949002e-03
2.720000,1.275469714e-05,7.853350206e-06,2.780051938e-05,3.926462198e-06,1.476432362e-05,1.725807779e-01,3.469395763e+01,2.253653298e-09,6.661338e-16,4.753751e-18,6.327739e-19,6.914132e-03
2.730000,1.278022777e-05,8.070378659e-06,2.811811267e-05,4.035080307e-06,1.493200800e-05,1.730643995e-01,3.468821281e+01,2.309288018e-09,3.479245e-17,3.373409e-18,1.954573e-19,6.865643e-03
2.740000,1.280515522e-05,8.292439304e-06,2.843290334e-05,4.146082532e-06,1.509814040e-05,1.735308292e-01,3.468267815e+01,2.365365747e-09,3.525119e-16,2.427103e-18,2.710505e-20,6.881922e-03
2.750000,1.282947706e-05,8.518669474e-06,2.874484787e-05,4.259269659e-06,1.526269796e-05,1.739800144e-01,3.467735387e+01,2.421863757e-09,6.474974e-17,2.610707e-18,2.299940e-19,6.904892e-03
2.760000,1.285319105e-05,8.748898000e-06,2.905390339e-05,4.374457234e-06,1.542565811e-05,1.744119048e-01,3.467224019e+01,2.478759085e-09,1.116915e-15,4.370479e-18,2.683263e-19,6.905052e-03
2.770000,1.287629509e-05,8.983163512e-06,2.936002764e-05,4.491474561e-06,1.558699850e-05,1.748264515e-01,3.466733732e+01,2.536028540e-09,1.345402e-16,2.911586e-18,1.916617e-19,6.914742e-03
2.780000,1.289878727e-05,9.220580398e-06,2.966317901e-05,4.610163710e-06,1.574669707e-05,1.752236078e-01,3.466264545e+01,2.593648719e-09,4.521178e-16,2.808843e-18,1.212175e-19,6.912852e-03
2.790000,1.292066582e-05,9.460958353e-06,2.996331645e-05,4.730378518e-06,1.590473199e-05,1.756033289e-01,3.465816477e+01,2.651596011e-09,2.519885e-16,2.714270e-18,1.212175e-19,6.888792e-03
2.800000,1.294192916e-05,9.703985810e-06,3.026039952e-05,4.851983645e-06,1.606108168e-05,1.759655718e-01,3.465389544e+01,2.709846609e-09,4.497844e-16,2.363973e-18,4.886433e-20,6.871952e-03
2.810000,1.296257586e-05,9.949870319e-06,3.055438837e-05,4.974853667e-06,1.621572481e-05,1.763102955e-01,3.464983764e+01,2.768376525e-09,9.767453e-17,4.684371e-18,8.131516e-20,6.897852e-03
2.820000,1.298260468e-05,1.019783913e-05,3.084524368e-05,5.098872229e-06,1.636864030e-05,1.766374610e-01,3.464599152e+01,2.827161594e-09,2.856967e-16,2.538981e-18,1.395318e-19,6.867513e-03
2.830000,1.300201453e-05,1.044808388e-05,3.113292672e-05,5.223931255e-06,1.651980730e-05,1.769470310e-01,3.464235720e+01,2.886177492e-09,2.224545e-16,1.676476e-18,1.916617e-20,6.864202e-03
2.840000,1.302080452e-05,1.070007137e-05,3.141739930e-05,5.349930222e-06,1.666920523e-05,1.772389704e-01,3.463893484e+01,2.945399742e-09,4.453637e-16,2.028196e-18,1.355253e-20,6.900582e-03
2.850000,1.303897391e-05,1.095380295e-05,3.169862377e-05,5.476775483e-06,1.681681373e-05,1.775132461e-01,3.463572454e+01,3.004803724e-09,5.567515e-16,3.347351e-18,6.392714e-20,6.922822e-03
2.860000,1.305652215e-05,1.120892247e-05,3.197656302e-05,5.604379657e-06,1.696261268e-05,1.777698268e-01,3.463272641e+01,3.064364694e-09,2.859669e-17,1.643160e-18,1.334769e-19,6.922592e-03
2.870000,1.307344889e-05,1.146556967e-05,3.225118046e-05,5.732661068e-06,1.710658222e-05,1.780086832e-01,3.462994056e+01,3.124057785e-09,4.495090e-16,1.215436e-18,4.933194e-20,6.958772e-03
2.880000,1.308975393e-05,1.172330331e-05,3.252244006e-05,5.861543235e-06,1.724870271e-05,1.782297882e-01,3.462736708e+01,3.183858028e-09,5.708558e-16,1.386107e-18,3.455230e-20,6.933742e-03
2.890000,1.310543728e-05,1.198197915e-05,3.279030627e-05,5.990954408e-06,1.738895477e-05,1.784331164e-01,3.462500605e+01,3.243740354e-09,6.700358e-16,1.242907e-18,2.894821e-20,6.921032e-03
2.900000,1.312049912e-05,1.224182767e-05,3.305474409e-05,6.120827148e-06,1.752731926e-05,1.786186448e-01,3.462285753e+01,3.303679616e-09,1.660588e-16,1.673317e-19,1.515219e-20,6.933942e-03
2.910000,1.313493983e-05,1.250245609e-05,3.331571902e-05,6.251097948e-06,1.766377728e-05,1.787863520e-01,3.462092159e+01,3.363650592e-09,5.656856e-16,4.120702e-19,2.731599e-20,6.942001e-03
2.920000,1.314875999e-05,1.276364266e-05,3.357319708e-05,6.381706887e-06,1.779831016e-05,1.789362189e-01,3.461919828e+01,3.423628001e-09,5.725675e-16,3.786653e-19,1.727615e-20,6.930272e-03
2.930000,1.316196037e-05,1.302545609e-05,3.382714481e-05,6.512597320e-06,1.793089952e-05,1.790682285e-01,3.461768764e+01,3.483586514e-09,5.599463e-16,1.216857e-18,1.694066e-20,6.916282e-03
2.940000,1.317454193e-05,1.328759195e-05,3.407752924e-05,6.643715593e-06,1.806152717e-05,1.791823655e-01,3.461638971e+01,3.543500765e-09,2.373217e-17,8.061309e-19,1.233299e-20,6.902142e-03
2.950000,1.318650583e-05,1.355032650e-05,3.432431793e-05,6.775010791e-06,1.819017521e-05,1.792786169e-01,3.461530451e+01,3.603345365e-09,7.788203e-16,1.224475e-18,8.638075e-21,6.941042e-03
2.960000,1.319785344e-05,1.381295044e-05,3.456747892e-05,6.906434507e-06,1.831682598e-05,1.793569717e-01,3.461443205e+01,3.663094911e-09,7.762858e-17,7.234517e-19,5.697831e-21,6.845962e-03
2.970000,1.320858635e-05,1.407597476e-05,3.480698080e-05,7.037940632e-06,1.844146205e-05,1.794174210e-01,3.461377233e+01,3.722724003e-09,6.424078e-17,8.636836e-19,1.339277e-21,6.891272e-03
2.980000,1.321870633e-05,1.433909870e-05,3.504279263e-05,7.169485166e-06,1.856406627e-05,1.794599579e-01,3.461332537e+01,3.782207250e-09,2.262505e-16,2.837809e-19,2.578325e-21,6.890422e-03
2.990000,1.322821538e-05,1.460210398e-05,3.527488399e-05,7.301026049e-06,1.868462173e-05,1.794845774e-01,3.461309113e+01,3.841519285e-09,6.702385e-16,3.270206e-19,6.440375e-22,6.885542e-03
3.000000,1.323711571e-05,1.486514627e-05,3.550322498e-05,7.432523004e-06,1.880311178e-05,1.011420696e-03,3.474498862e+01,3.900634779e-09,1.121965e-16,9.852965e-20,2.563429e-22,6.873382e-03
3.010000,1.293898922e-05,1.480329683e-05,3.569647105e-05,7.401576762e-06,1.845237999e-05,1.109756285e-03,3.474503555e+01,3.799308349e-09,3.379916e-16,1.808825e-19,3.527059e-23,6.918732e-03
3.020000,1.264097783e-05,1.474034434e-05,3.582110348e-05,7.370162345e-06,1.810023822e-05,1.204112352e-03,3.474508344e+01,3.697079059e-09,4.548925e-16,1.603502e-19,4.037416e-22,6.896372e-03
3.030000,1.234372658e-05,1.467687979e-05,3.588226107e-05,7.338328004e-06,1.774733875e-05,1.294457168e-03,3.474513221e+01,3.594321056e-09,8.899175e-16,4.277259e-20,2.816382e-22,6.901862e-03
3.040000,1.204783689e-05,1.461234946e-05,3.588478381e-05,7.306118432e-06,1.739428473e-05,1.380812305e-03,3.474518178e+01,3.491382916e-09,1.111424e-16,1.555775e-19,1.123774e-21,6.884282e-03
3.050000,1.175386923e-05,1.454728867e-05,3.583322843e-05,7.273575017e-06,1.704163294e-05,1.463231303e-03,3.474523206e+01,3.388587305e-09,3.498091e-16,1.086498e-19,5.933572e-22,6.873932e-03
3.060000,1.146234556e-05,1.448159827e-05,3.573188326e-05,7.240736081e-06,1.668989663e-05,1.541787243e-03,3.474528298e+01,3.286231009e-09,2.245531e-16,1.823517e-19,5.223146e-22,6.915052e-03
3.070000,1.117375175e-05,1.441536208e-05,3.558478237e-05,7.207637105e-06,1.633954798e-05,1.616565203e-03,3.474533447e+01,3.184585255e-09,2.305015e-17,2.422883e-19,1.225927e-21,6.896272e-03
3.080000,1.088853972e-05,1.434878919e-05,3.539571902e-05,7.174310933e-06,1.599102062e-05,1.687657524e-03,3.474538646e+01,3.083896284e-09,5.555028e-16,1.144191e-19,4.300915e-22,6.933082e-03
3.090000,1.060712959e-05,1.428162613e-05,3.516825840e-05,7.140787960e-06,1.564471187e-05,1.755160756e-03,3.474543888e+01,2.984386097e-09,2.247692e-16,1.008677e-19,2.375728e-22,6.930752e-03
3.100000,1.032991163e-05,1.421436442e-05,3.490574979e-05,7.107096312e-06,1.530098500e-05,1.819173631e-03,3.474549168e+01,2.886253363e-09,5.562942e-16,2.263670e-19,6.896454e-22,6.943042e-03
3.110000,1.005724809e-05,1.414672014e-05,3.461133814e-05,7.073262011e-06,1.496017123e-05,1.879795710e-03,3.474554478e+01,2.789674433e-09,7.791397e-16,1.242739e-19,5.618650e-22,6.935832e-03
3.120000,9.789474908e-06,1.407875084e-05,3.428797497e-05,7.039309127e-06,1.462257173e-05,1.937126442e-03,3.474559814e+01,2.694804430e-09,2.912293e-16,1.572972e-19,3.373357e-22,6.932632e-03
3.130000,9.526903301e-06,1.401067368e-05,3.393842883e-05,7.005259917e-06,1.428845948e-05,1.991264532e-03,3.474565170e+01,2.601778402e-09,4.535657e-16,4.367612e-20,5.085809e-22,6.913822e-03
3.140000,9.269821202e-06,1.394248709e-05,3.356529516e-05,6.971134956e-06,1.395808099e-05,2.042307485e-03,3.474570542e+01,2.510712499e-09,8.902111e-16,1.008506e-19,3.366406e-22,6.924352e-03
3.150000,9.018494590e-06,1.387399739e-05,3.317100573e-05,6.936953263e-06,1.363165799e-05,2.090351306e-03,3.474575923e+01,2.421705171e-09,5.551793e-17,2.934795e-19,2.904462e-22,6.910542e-03
3.160000,8.773168675e-06,1.380555392e-05,3.275783753e-05,6.902732412e-06,1.330938899e-05,2.135490276e-03,3.474581310e+01,2.334838360e-09,5.253256e-17,4.704705e-20,4.274082e-22,6.932682e-03
3.170000,8.534068945e-06,1.373712504e-05,3.232792123e-05,6.868488634e-06,1.299145078e-05,2.177816816e-03,3.474586699e+01,2.250178682e-09,3.385495e-16,1.801313e-20,3.198204e-23,6.889002e-03
3.180000,8.301402084e-06,1.366858101e-05,3.188324924e-05,6.834236918e-06,1.267799982e-05,2.217421384e-03,3.474592084e+01,2.167778580e-09,1.426111e-16,1.240727e-19,4.480601e-22,6.939532e-03
3.190000,8.075356736e-06,1.360011603e-05,3.142568332e-05,6.799991097e-06,1.236917354e-05,2.254392419e-03,3.474597463e+01,2.087677451e-09,2.311157e-16,1.026852e-19,5.172593e-22,6.929512e-03
3.200000,7.856104136e-06,1.353169845e-05,3.095696185e-05,6.765763937e-06,1.206509168e-05,2.288816305e-03,3.474602831e+01,2.009902734e-09,5.599136e-16,1.094202e-19,3.310629e-22,6.905552e-03
3.210000,7.643798587e-06,1.346339499e-05,3.047870668e-05,6.731567211e-06,1.176585736e-05,2.320777361e-03,3.474608186e+01,1.934470952e-09,1.111258e-15,4.938431e-20,1.460340e-22,6.881162e-03
3.220000,7.438577795e-06,1.339500846e-05,2.999242962e-05,6.697411770e-06,1.147155830e-05,2.350357838e-03,3.474613523e+01,1.861388711e-09,5.718984e-16,1.193047e-19,8.025348e-22,6.804972e-03
3.230000,7.240563057e-06,1.332670421e-05,2.949953868e-05,6.663307615e-06,1.118226781e-05,2.377637933e-03,3.474618840e+01,1.790653645e-09,6.600651e-17,1.110749e-19,8.849641e-23,6.875332e-03
3.240000,7.049859302e-06,1.325858398e-05,2.900134390e-05,6.629263952e-06,1.089804582e-05,2.402695808e-03,3.474624133e+01,1.722255320e-09,2.242132e-16,8.558341e-20,7.125897e-22,6.841462e-03
3.250000,6.866555005e-06,1.319075164e-05,2.849906290e-05,6.595289255e-06,1.061893983e-05,2.425607614e-03,3.474629401e+01,1.656176080e-09,4.499052e-16,1.469488e-19,1.291358e-22,6.881552e-03
3.260000,6.690721964e-06,1.312287324e-05,2.799382617e-05,6.561391318e-06,1.034498574e-05,2.446447524e-03,3.474634640e+01,1.592391840e-09,1.094070e-16,1.541348e-19,1.048461e-22,6.861102e-03
3.270000,6.522414967e-06,1.305535625e-05,2.748668208e-05,6.527577303e-06,1.007620876e-05,2.465287764e-03,3.474639848e+01,1.530872833e-09,6.695285e-16,1.720884e-19,4.601443e-22,6.850892e-03
3.280000,6.361671363e-06,1.298786441e-05,2.697860158e-05,6.493853788e-06,9.812624151e-06,2.482198649e-03,3.474645023e+01,1.471584310e-09,3.473983e-16,1.641008e-19,5.174949e-22,6.884021e-03
3.290000,6.208510556e-06,1.292056994e-05,2.647048272e-05,6.460226805e-06,9.554237986e-06,2.497248620e-03,3.474650162e+01,1.414487179e-09,1.431293e-16,1.514075e-19,3.302145e-22,6.885542e-03
3.300000,6.062933455e-06,1.285347596e-05,2.596315490e-05,6.426701889e-06,9.301047845e-06,2.510504283e-03,3.474655265e+01,1.359538612e-09,2.373156e-16,1.754170e-19,5.377648e-22,6.882261e-03
3.310000,5.924921915e-06,1.278672454e-05,2.545738286e-05,6.393284104e-06,9.053043473e-06,2.522030446e-03,3.474660328e+01,1.306692593e-09,3.384608e-16,2.537646e-19,7.372688e-22,6.869092e-03
3.320000,5.794438189e-06,1.272007669e-05,2.495387058e-05,6.359978083e-06,8.810207408e-06,2.531890158e-03,3.474665350e+01,1.255900435e-09,1.333873e-16,1.498810e-19,6.539653e-23,6.902982e-03
3.330000,5.671424453e-06,1.265363933e-05,2.445326480e-05,6.326788059e-06,8.572515556e-06,2.540144749e-03,3.474670330e+01,1.207111241e-09,2.220695e-16,2.362023e-19,3.227017e-23,6.845112e-03
3.340000,5.555802430e-06,1.258741580e-05,2.395615850e-05,6.293717893e-06,8.339937742e-06,2.546853868e-03,3.474675265e+01,1.160272337e-09,6.670158e-16,1.094066e-19,2.470788e-22,6.833592e-03
3.350000,5.447473161e-06,1.252162228e-05,2.346309413e-05,6.260771102e-06,8.112438230e-06,2.552075523e-03,3.474680156e+01,1.115329664e-09,2.245027e-16,3.617517e-20,3.785081e-22,6.820271e-03
3.360000,5.346316963e-06,1.245608734e-05,2.297456665e-05,6.227950883e-06,7.889976201e-06,2.555866115e-03,3.474685000e+01,1.072228130e-09,5.559052e-16,8.832653e-20,5.989242e-22,6.824102e-03
3.370000,5.252193607e-06,1.239070754e-05,2.249102646e-05,6.195260138e-06,7.672506214e-06,2.558280481e-03,3.474689796e+01,1.030911934e-09,4.456478e-16,8.334903e-20,5.303388e-22,6.811562e-03
3.380000,5.164942743e-06,1.232552140e-05,2.201288214e-05,6.162701497e-06,7.459978632e-06,2.559371926e-03,3.474694543e+01,9.913248574e-10,1.276611e-16,1.453086e-20,6.296298e-22,6.822532e-03
3.390000,5.084384599e-06,1.226067688e-05,2.154050301e-05,6.130277334e-06,7.252340017e-06,2.559192263e-03,3.474699241e+01,9.534105222e-10,9.603413e-17,1.062848e-19,3.984002e-22,6.828661e-03
3.400000,5.010320955e-06,1.219610660e-05,2.107422162e-05,6.097989787e-06,7.049533511e-06,2.557791845e-03,3.474703888e+01,9.171126257e-10,1.133393e-16,1.344469e-19,3.412556e-22,6.825302e-03
3.410000,4.942536398e-06,1.213177835e-05,2.061433605e-05,6.065840778e-06,6.851499189e-06,2.555219602e-03,3.474708483e+01,8.823751492e-10,6.781912e-17,1.114348e-19,4.170495e-23,6.822761e-03
3.420000,4.880799835e-06,1.206784318e-05,2.016111211e-05,6.033832026e-06,6.658174381e-06,2.551523078e-03,3.474713027e+01,8.491425409e-10,4.619173e-16,1.121062e-19,2.551662e-22,6.828592e-03
3.430000,4.824866243e-06,1.200401143e-05,1.971478540e-05,6.001965064e-06,6.469493990e-06,2.546748458e-03,3.474717518e+01,8.173598786e-10,2.299600e-16,1.637097e-19,9.707257e-23,6.849562e-03
3.440000,4.774478620e-06,1.194065667e-05,1.927556324e-05,5.970241252e-06,6.285390772e-06,2.540940607e-03,3.474721955e+01,7.869730112e-10,3.338534e-16,3.624665e-20,8.977847e-23,6.866972e-03
3.450000,4.729370091e-06,1.187737525e-05,1.884362657e-05,5.938661789e-06,6.105795610e-06,2.534143097e-03,3.474726339e+01,7.579286821e-10,4.479745e-16,7.832953e-20,1.937778e-22,6.923002e-03
3.460000,4.689266113e-06,1.181461943e-05,1.841913163e-05,5.907227727e-06,5.930637762e-06,2.526398242e-03,3.474730668e+01,7.301746345e-10,3.334068e-16,6.674272e-21,3.945118e-23,6.860692e-03
3.470000,4.653886743e-06,1.175201974e-05,1.800221164e-05,5.875939978e-06,5.759845099e-06,2.517747130e-03,3.474734943e+01,7.036597016e-10,1.912091e-16,5.045778e-20,2.070867e-22,6.842322e-03
3.480000,4.622948883e-06,1.168957869e-05,1.759297834e-05,5.844799331e-06,5.593344321e-06,2.508229647e-03,3.474739164e+01,6.783338827e-10,6.750088e-16,1.931811e-19,1.249658e-22,6.833022e-03
3.490000,4.596168491e-06,1.162779534e-05,1.719152341e-05,5.813806453e-06,5.431061162e-06,2.497884512e-03,3.474743329e+01,6.541484052e-10,4.554935e-16,1.247907e-19,2.276278e-22,6.848802e-03
3.500000,4.573262676e-06,1.156610432e-05,1.679791991e-05,5.782961906e-06,5.272920576e-06,2.486749303e-03,3.474747438e+01,6.310557751e-10,4.448818e-16,9.048073e-20,2.360219e-23,6.858042e-03
3.510000,4.553951660e-06,1.150477730e-05,1.641222352e-05,5.752266149e-06,5.118846917e-06,2.474860485e-03,3.474751493e+01,6.090098173e-10,8.047911e-16,6.026982e-20,3.676052e-22,6.861722e-03
3.520000,4.537960564e-06,1.144362613e-05,1.603447377e-05,5.721719550e-06,4.968764101e-06,2.462253441e-03,3.474755491e+01,5.879657049e-10,3.424495e-16,8.850257e-20,2.585627e-22,6.888002e-03
3.530000,4.525021001e-06,1.138284869e-05,1.566469519e-05,5.691322388e-06,4.822595757e-06,2.448962492e-03,3.474759435e+01,5.678799805e-10,4.448485e-16,1.487645e-20,3.710980e-22,6.923702e-03
3.540000,4.514872462e-06,1.132229412e-05,1.530289839e-05,5.661074867e-06,4.680265364e-06,2.435020930e-03,3.474763322e+01,5.487105698e-10,1.419711e-16,6.075313e-20,2.101912e-22,6.928521e-03
3.550000,4.507263477e-06,1.126212374e-05,1.494908108e-05,5.630977113e-06,4.541696386e-06,2.420461039e-03,3.474767155e+01,5.304167870e-10,3.485304e-16,9.944650e-20,1.685637e-22,6.912652e-03
3.560000,4.501952570e-06,1.120234374e-05,1.460322898e-05,5.601029188e-06,4.406812387e-06,2.405314121e-03,3.474770932e+01,5.129593353e-10,1.014004e-15,1.136173e-19,3.103511e-22,6.907912e-03
3.570000,4.498708998e-06,1.114264158e-05,1.426531676e-05,5.571231089e-06,4.275537144e-06,2.389610523e-03,3.474774653e+01,4.963003009e-10,3.442151e-16,7.968571e-20,2.756233e-22,6.921562e-03
3.580000,4.497313297e-06,1.108329898e-05,1.393530886e-05,5.541582756e-06,4.147794746e-06,2.373379658e-03,3.474778320e+01,4.804031421e-10,1.371829e-16,8.442707e-20,4.162357e-23,6.891292e-03
3.590000,4.497557645e-06,1.102432177e-05,1.361316027e-05,5.512084075e-06,4.023509690e-06,2.356650027e-03,3.474781931e+01,4.652326748e-10,2.909780e-16,4.912588e-20,8.221639e-23,6.907502e-03
3.600000,4.499246057e-06,1.096555383e-05,1.329881725e-05,5.482734887e-06,3.902606962e-06,2.339449248e-03,3.474785488e+01,4.507550536e-10,2.223821e-16,1.148086e-19,3.075272e-23,6.933981e-03
3.610000,4.502194436e-06,1.090716142e-05,1.299221807e-05,5.453534981e-06,3.785012119e-06,2.321804069e-03,3.474788990e+01,4.369377494e-10,2.245659e-16,7.008809e-20,1.078514e-22,6.871922e-03
3.620000,4.506230500e-06,1.084910967e-05,1.269329362e-05,5.424484109e-06,3.670651356e-06,2.303740400e-03,3.474792438e+01,4.237495253e-10,1.462644e-16,8.084891e-20,5.319942e-23,6.869461e-03
3.630000,4.511193597e-06,1.079128061e-05,1.240196801e-05,5.395581984e-06,3.559451576e-06,2.285283326e-03,3.474795832e+01,4.111604090e-10,5.702946e-17,1.130275e-19,3.430155e-23,6.865021e-03
3.640000,4.516934439e-06,1.073392608e-05,1.211815915e-05,5.366828283e-06,3.451340441e-06,2.266457131e-03,3.474799173e+01,3.991416638e-10,7.781133e-16,1.272264e-19,6.211924e-23,6.903282e-03
3.650000,4.523314751e-06,1.067667940e-05,1.184177927e-05,5.338222650e-06,3.346246432e-06,2.247285320e-03,3.474802460e+01,3.876657582e-10,5.551700e-16,6.534177e-20,1.749161e-22,6.914891e-03
3.660000,4.530206880e-06,1.061958411e-05,1.157273545e-05,5.309764701e-06,3.244098892e-06,2.227790635e-03,3.474805694e+01,3.767063333e-10,2.265514e-16,1.565187e-19,9.538759e-23,6.909522e-03
3.670000,4.537493347e-06,1.056318923e-05,1.131093001e-05,5.281454023e-06,3.144828070e-06,2.207995078e-03,3.474808876e+01,3.662381703e-10,7.817288e-16,1.731678e-19,5.424320e-23,6.876642e-03
3.680000,4.545066379e-06,1.050674525e-05,1.105626102e-05,5.253290178e-06,3.048365158e-06,2.187919928e-03,3.474812006e+01,3.562371564e-10,2.442379e-16,1.241820e-19,4.490839e-23,6.884942e-03
3.690000,4.552827420e-06,1.045063384e-05,1.080862264e-05,5.225272706e-06,2.954642325e-06,2.167585760e-03,3.474815085e+01,3.466802507e-10,2.238481e-16,6.288872e-20,6.133944e-23,6.859891e-03
3.700000,4.560686627e-06,1.039503125e-05,1.056790557e-05,5.197401126e-06,2.863592745e-06,2.147012461e-03,3.474818112e+01,3.375454490e-10,5.572561e-16,1.032688e-19,3.382839e-23,6.848682e-03
3.710000,4.568562372e-06,1.033938736e-05,1.033399731e-05,5.169674936e-06,2.775150627e-06,2.126219254e-03,3.474821088e+01,3.288117498e-10,4.685518e-16,8.189371e-20,3.950532e-23,6.897782e-03
3.720000,4.576380738e-06,1.028430604e-05,1.010678258e-05,5.142093619e-06,2.689251229e-06,2.105224707e-03,3.474824014e+01,3.204591187e-10,3.810378e-17,3.831052e-20,1.075488e-22,6.868832e-03
3.730000,4.584075033e-06,1.022944909e-05,9.886143573e-06,5.114656640e-06,2.605830884e-06,2.084046756e-03,3.474826890e+01,3.124684545e-10,8.374703e-17,6.113285e-20,6.270287e-23,6.866312e-03
3.740000,4.591585310e-06,1.017482013e-05,9.671960262e-06,5.087363450e-06,2.524827013e-06,2.062702719e-03,3.474829717e+01,3.048215542e-10,2.237584e-16,1.334039e-20,5.423075e-23,6.886232e-03
3.750000,4.598857907e-06,1.012051063e-05,9.464110676e-06,5.060213487e-06,2.446178134e-06,2.041209313e-03,3.474832495e+01,2.975010794e-10,2.446643e-16,4.260047e-20,2.694442e-22,6.887151e-03
3.760000,4.605845002e-06,1.006652574e-05,9.262471148e-06,5.033206178e-06,2.369823880e-06,2.019582670e-03,3.474835225e+01,2.904905231e-10,5.211691e-17,9.361238e-21,6.627038e-23,6.842352e-03
3.770000,4.612504192e-06,1.001282637e-05,9.066916560e-06,5.006340937e-06,2.295704999e-06,1.997838350e-03,3.474837907e+01,2.837741761e-10,1.111351e-16,4.967370e-20,1.679402e-22,6.870481e-03
3.780000,4.618798085e-06,9.959417129e-06,8.877320567e-06,4.979617170e-06,2.223763360e-06,1.975991359e-03,3.474840541e+01,2.773370954e-10,2.374602e-16,5.363793e-20,2.048433e-23,6.887862e-03
3.790000,4.624693922e-06,9.906213062e-06,8.693555810e-06,4.953034273e-06,2.153941962e-06,1.954056164e-03,3.474843129e+01,2.711650722e-10,1.351983e-16,2.224491e-20,2.922568e-23,6.878982e-03
3.800000,4.630163213e-06,9.853262559e-06,8.515494122e-06,4.926591635e-06,2.086184928e-06,1.932046704e-03,3.474845671e+01,2.652446016e-10,2.469485e-16,4.680307e-20,1.379382e-23,6.889821e-03
3.810000,4.635181400e-06,9.800750978e-06,8.343006714e-06,4.900288639e-06,2.020437509e-06,1.909976408e-03,3.474848167e+01,2.595628523e-10,2.217202e-16,4.379069e-20,1.165325e-22,6.907482e-03
3.820000,4.639727536e-06,9.748366531e-06,8.175964365e-06,4.874124658e-06,1.956646080e-06,1.887858205e-03,3.474850618e+01,2.541076372e-10,7.028785e-17,3.673126e-20,4.402978e-23,6.896992e-03
3.830000,4.643783987e-06,9.696386078e-06,8.014237589e-06,4.848099064e-06,1.894758135e-06,1.865704541e-03,3.474853025e+01,2.488673855e-10,2.243202e-16,3.460999e-20,5.679840e-23,6.927582e-03
3.840000,4.647336155e-06,9.644631973e-06,7.857696806e-06,4.822211222e-06,1.834722282e-06,1.843527391e-03,3.474855387e+01,2.438311149e-10,3.388434e-16,9.726792e-20,1.047294e-22,6.888572e-03
3.850000,4.650372212e-06,9.593015294e-06,7.706212502e-06,4.796460492e-06,1.776488239e-06,1.821338270e-03,3.474857706e+01,2.389884053e-10,2.589040e-16,9.362510e-20,6.513896e-23,6.873232e-03
3.860000,4.652882864e-06,9.541910604e-06,7.559655380e-06,4.770846231e-06,1.720006820e-06,1.799148248e-03,3.474859983e+01,2.343293725e-10,3.336974e-16,4.056507e-20,7.134872e-23,6.913412e-03
3.870000,4.654861122e-06,9.490905066e-06,7.417896510e-06,4.745367794e-06,1.665229936e-06,1.776967960e-03,3.474862217e+01,2.298446442e-10,1.143695e-16,8.149570e-20,2.531582e-23,6.894112e-03
3.880000,4.656302095e-06,9.440376624e-06,7.280807470e-06,4.720024532e-06,1.612110572e-06,1.754807621e-03,3.474864409e+01,2.255253354e-10,8.936961e-16,4.734489e-20,6.284122e-23,6.855672e-03
3.890000,4.657202795e-06,9.389765459e-06,7.148260485e-06,4.694815795e-06,1.560602789e-06,1.732677036e-03,3.474866560e+01,2.213630253e-10,4.166337e-17,5.619710e-20,6.170163e-24,6.884281e-03
3.900000,4.657561957e-06,9.339593278e-06,7.020128562e-06,4.669740930e-06,1.510661703e-06,1.710585608e-03,3.474868670e+01,2.173497355e-10,2.561438e-16,5.373242e-20,4.136304e-23,6.892772e-03
3.910000,4.657379872e-06,9.289771588e-06,6.896285616e-06,4.644799282e-06,1.462243476e-06,1.688542357e-03,3.474870741e+01,2.134779085e-10,1.798898e-16,9.603296e-20,2.082845e-23,6.874401e-03
3.920000,4.656658239e-06,9.240161876e-06,6.776606596e-06,4.619990198e-06,1.415305304e-06,1.666555924e-03,3.474872772e+01,2.097403867e-10,2.281598e-16,2.888919e-20,1.093693e-23,6.866051e-03
3.930000,4.655400018e-06,9.190912530e-06,6.660967608e-06,4.595313021e-06,1.369805404e-06,1.644634585e-03,3.474874764e+01,2.061303936e-10,6.661748e-16,3.079828e-20,4.567793e-23,6.899072e-03
3.940000,4.653609299e-06,9.141640755e-06,6.549246031e-06,4.570767096e-06,1.325702993e-06,1.622786261e-03,3.474876718e+01,2.026415140e-10,2.278753e-16,4.936073e-20,1.749349e-23,6.862172e-03
3.950000,4.651291187e-06,9.092981109e-06,6.441320629e-06,4.546351768e-06,1.282958284e-06,1.601018525e-03,3.474878634e+01,1.992676766e-10,5.599893e-16,3.591742e-20,1.369832e-23,6.933312e-03
3.960000,4.648451686e-06,9.044157869e-06,6.337071659e-06,4.522066379e-06,1.241532462e-06,1.579338619e-03,3.474880513e+01,1.960031361e-10,4.699043e-16,5.872063e-20,7.487524e-23,6.884871e-03
3.970000,4.645097600e-06,8.995958253e-06,6.236380979e-06,4.497910275e-06,1.201387675e-06,1.557753455e-03,3.474882355e+01,1.928424573e-10,5.606145e-17,5.361715e-20,1.622638e-23,6.876582e-03
3.980000,4.641236438e-06,8.947945676e-06,6.139132144e-06,4.473882800e-06,1.162487010e-06,1.536269633e-03,3.474884162e+01,1.897804986e-10,2.380066e-16,2.429123e-20,1.965509e-23,6.905432e-03
3.990000,4.636876330e-06,8.900023371e-06,6.045210504e-06,4.449983302e-06,1.124794489e-06,1.514893444e-03,3.474885932e+01,1.868123973e-10,4.498980e-16,5.590493e-20,5.067369e-23,6.947932e-03
4.000000,4.632025944e-06,8.852744625e-06,5.954503292e-06,4.426211127e-06,1.088275043e-06,1.493630880e-03,3.474887668e+01,1.839335548e-10,7.773719e-16,4.911496e-20,5.216444e-23,6.896342e-03
4.010000,4.626694420e-06,8.805312893e-06,5.866899710e-06,4.402565623e-06,1.052894497e-06,1.472487647e-03,3.474889369e+01,1.811396232e-10,1.110224e-16,4.153217e-20,1.257145e-23,6.916641e-03
4.020000,4.620891295e-06,8.758384872e-06,5.782291008e-06,4.379046141e-06,1.018619561e-06,1.451469168e-03,3.474891037e+01,1.784264920e-10,6.734614e-16,8.764675e-21,1.326039e-23,6.970182e-03
4.030000,4.614626453e-06,8.711407964e-06,5.700570560e-06,4.355652031e-06,9.854178026e-07,1.430580595e-03,3.474892671e+01,1.757902752e-10,2.342015e-16,2.125809e-20,7.893769e-23,6.947871e-03
4.040000,4.607910062e-06,8.664893903e-06,5.621633927e-06,4.332382645e-06,9.532576393e-07,1.409826816e-03,3.474894273e+01,1.732273001e-10,6.676257e-17,2.395988e-20,1.072719e-23,6.915162e-03
4.050000,4.600752524e-06,8.618644080e-06,5.545378924e-06,4.309237340e-06,9.221083181e-07,1.389212464e-03,3.474895842e+01,1.707340953e-10,7.632974e-17,2.833469e-20,8.086549e-24,6.942101e-03
4.060000,4.593164434e-06,8.572662771e-06,5.471705676e-06,4.286215471e-06,8.919398988e-07,1.368741923e-03,3.474897379e+01,1.683073803e-10,3.344000e-16,4.762151e-20,8.256128e-24,6.897432e-03
4.070000,4.585156531e-06,8.526745995e-06,5.400516661e-06,4.263316396e-06,8.627232377e-07,1.348419337e-03,3.474898885e+01,1.659440547e-10,2.289242e-16,4.407672e-20,2.238868e-23,6.897061e-03
4.080000,4.576739665e-06,8.481261336e-06,5.331716758e-06,4.240539477e-06,8.344299723e-07,1.328248617e-03,3.474900361e+01,1.636411892e-10,1.218940e-16,4.527742e-20,1.345195e-23,6.914091e-03
4.090000,4.567924761e-06,8.435952577e-06,5.265213283e-06,4.217884075e-06,8.070325041e-07,1.308233450e-03,3.474901806e+01,1.613960157e-10,1.144513e-16,2.233219e-20,5.740489e-23,6.901611e-03
4.100000,4.558722786e-06,8.390822566e-06,5.200916016e-06,4.195349557e-06,7.805039806e-07,1.288377301e-03,3.474903222e+01,1.592059187e-10,2.252928e-16,2.003654e-20,2.296491e-23,6.869932e-03
4.110000,4.549144722e-06,8.346140252e-06,5.138737227e-06,4.172935289e-06,7.548182820e-07,1.268683426e-03,3.474904609e+01,1.570684266e-10,4.488776e-16,5.158569e-20,3.596080e-23,6.883981e-03
4.120000,4.539201541e-06,8.301645397e-06,5.078591690e-06,4.150640641e-06,7.299500038e-07,1.249154875e-03,3.474905967e+01,1.549812047e-10,8.910998e-16,2.967145e-20,8.817486e-24,6.884131e-03
4.130000,4.528904178e-06,8.257125905e-06,5.020396694e-06,4.128464984e-06,7.058744383e-07,1.229794502e-03,3.474907297e+01,1.529420463e-10,1.167965e-16,5.882892e-20,9.903622e-24,6.863861e-03
4.140000,4.518263516e-06,8.213068029e-06,4.964072049e-06,4.106407695e-06,6.825675643e-07,1.210604964e-03,3.474908599e+01,1.509488668e-10,4.473285e-16,4.211524e-20,2.869634e-23,6.888542e-03
4.150000,4.507290360e-06,8.169098711e-06,4.909540081e-06,4.084468150e-06,6.600060257e-07,1.191588738e-03,3.474909874e+01,1.489996961e-10,1.255684e-17,3.491570e-20,2.961394e-23,6.873772e-03
4.160000,4.495995427e-06,8.125492662e-06,4.856725625e-06,4.062645728e-06,6.381671200e-07,1.172748118e-03,3.474911122e+01,1.470926725e-10,2.249246e-16,8.306888e-21,1.111371e-23,6.902701e-03
4.170000,4.484389327e-06,8.081981028e-06,4.805556011e-06,4.040939812e-06,6.170287815e-07,1.154085224e-03,3.474912345e+01,1.452260369e-10,2.407421e-16,5.019917e-20,4.711446e-23,6.936571e-03
4.180000,4.472482551e-06,8.038786318e-06,4.755961047e-06,4.019349787e-06,5.965695653e-07,1.135602011e-03,3.474913541e+01,1.433981264e-10,2.220539e-16,5.444029e-20,2.733236e-23,6.916651e-03
4.190000,4.460285459e-06,7.995913667e-06,4.707872993e-06,3.997875042e-06,5.767686350e-07,1.117300268e-03,3.474914712e+01,1.416073693e-10,3.412321e-17,1.612470e-20,1.242783e-23,6.898182e-03
4.200000,4.447808271e-06,7.953256609e-06,4.661226534e-06,3.976514965e-06,5.576057440e-07,1.099181631e-03,3.474915859e+01,1.398522799e-10,2.552649e-16,6.142128e-21,3.833586e-23,6.941731e-03
4.210000,4.435061053e-06,7.910706359e-06,4.615958746e-06,3.955268952e-06,5.390612260e-07,1.081247582e-03,3.474916981e+01,1.381314535e-10,7.038227e-17,1.936157e-20,1.076465e-23,6.886772e-03
4.220000,4.422053717e-06,7.868377528e-06,4.572009057e-06,3.934136398e-06,5.211159772e-07,1.063499458e-03,3.474918079e+01,1.364435619e-10,2.488323e-16,5.562742e-20,9.525428e-24,6.889632e-03
4.230000,4.408796007e-06,7.826216966e-06,4.529319211e-06,3.913116701e-06,5.037514425e-07,1.045938455e-03,3.474919153e+01,1.347873489e-10,6.669152e-16,1.367223e-20,8.915436e-24,6.879262e-03
4.240000,4.395297496e-06,7.784740839e-06,4.487833220e-06,3.892209264e-06,4.869496036e-07,1.028565631e-03,3.474920205e+01,1.331616264e-10,6.690360e-16,3.174128e-20,2.881588e-24,6.899772e-03
4.250000,4.381567583e-06,7.743042546e-06,4.447497320e-06,3.871413490e-06,4.706929644e-07,1.011381915e-03,3.474921234e+01,1.315652704e-10,1.270843e-16,3.389274e-20,2.213443e-23,6.883671e-03
4.260000,4.367615486e-06,7.701925752e-06,4.408259917e-06,3.850728788e-06,4.549645364e-07,9.943881093e-04,3.474922241e+01,1.299972172e-10,1.221727e-15,3.303730e-20,1.311055e-23,6.896872e-03
4.270000,4.353450240e-06,7.660472333e-06,4.370071541e-06,3.830154567e-06,4.397478285e-07,9.775848925e-04,3.474923226e+01,1.284564599e-10,1.866183e-17,2.433329e-20,1.006312e-23,6.901182e-03
4.280000,4.339080695e-06,7.619725933e-06,4.332884787e-06,3.809690241e-06,4.250268321e-07,9.609728266e-04,3.474924190e+01,1.269420456e-10,6.703523e-16,2.880126e-20,3.118044e-23,6.886452e-03
4.290000,4.324515512e-06,7.578877660e-06,4.296654262e-06,3.789335225e-06,4.107860087e-07,9.445523603e-04,3.474925133e+01,1.254530717e-10,1.113679e-16,3.694929e-20,4.155327e-23,6.890011e-03
4.300000,4.309763163e-06,7.538338243e-06,4.261336528e-06,3.769088939e-06,3.970102791e-07,9.283238332e-04,3.474926055e+01,1.239886832e-10,7.320387e-17,2.383435e-20,8.317403e-24,6.890041e-03
4.310000,4.294831931e-06,7.498053467e-06,4.226890046e-06,3.748950803e-06,3.836850079e-07,9.122874800e-04,3.474926957e+01,1.225480702e-10,7.683701e-17,3.060027e-20,1.968327e-23,6.887202e-03
4.320000,4.279729907e-06,7.457967911e-06,4.193275112e-06,3.728920243e-06,3.707959955e-07,8.964434344e-04,3.474927840e+01,1.211304649e-10,2.363246e-16,2.716094e-20,1.104705e-23,6.886922e-03
4.330000,4.264464995e-06,7.418324264e-06,4.160453805e-06,3.708996687e-06,3.583294656e-07,8.807917331e-04,3.474928703e+01,1.197351394e-10,5.762776e-16,7.202727e-21,1.568200e-23,6.865501e-03
4.340000,4.249044903e-06,7.378648179e-06,4.128389923e-06,3.689179563e-06,3.462720517e-07,8.653323194e-04,3.474929547e+01,1.183614031e-10,4.468749e-16,1.054606e-20,7.273712e-24,6.885981e-03
4.350000,4.233477157e-06,7.338999641e-06,4.097048927e-06,3.669468306e-06,3.346107871e-07,8.500650471e-04,3.474930372e+01,1.170086012e-10,4.606329e-16,1.545913e-20,9.080545e-24,6.895251e-03
4.360000,4.217769090e-06,7.300048300e-06,4.066397879e-06,3.649862351e-06,3.233330958e-07,8.349896841e-04,3.474931180e+01,1.156761116e-10,5.613871e-16,7.484160e-21,8.377866e-24,6.881331e-03
4.370000,4.201927851e-06,7.261010329e-06,4.036405386e-06,3.630361137e-06,3.124267801e-07,8.201059155e-04,3.474931969e+01,1.143633441e-10,3.330715e-16,3.372998e-20,1.306590e-23,6.891311e-03
4.380000,4.185960401e-06,7.222068796e-06,4.007041542e-06,3.610964107e-06,3.018800107e-07,8.054133475e-04,3.474932741e+01,1.130697376e-10,2.289079e-16,1.309745e-20,1.397842e-23,6.935841e-03
4.390000,4.169873522e-06,7.183596200e-06,3.978277869e-06,3.591670706e-06,2.916813156e-07,7.909115102e-04,3.474933496e+01,1.117947590e-10,3.330838e-16,2.213698e-20,5.590378e-24,6.954001e-03
4.400000,4.153673811e-06,7.145040755e-06,3.950087262e-06,3.572480379e-06,2.818195710e-07,7.765998611e-04,3.474934234e+01,1.105379013e-10,4.442798e-16,1.338346e-20,9.580868e-24,6.940341e-03
4.410000,4.137367689e-06,7.107150970e-06,3.922443935e-06,3.553392578e-06,2.722839918e-07,7.624777881e-04,3.474934955e+01,1.092986823e-10,5.586564e-16,6.423429e-21,3.262776e-24,6.918271e-03
4.420000,4.120961400e-06,7.068869633e-06,3.895323364e-06,3.534406757e-06,2.630641228e-07,7.485446126e-04,3.474935660e+01,1.080766429e-10,4.577732e-16,2.018925e-20,4.753348e-24,6.907461e-03
4.430000,4.104461012e-06,7.031264138e-06,3.868702236e-06,3.515522370e-06,2.541498269e-07,7.347995924e-04,3.474936350e+01,1.068713458e-10,1.203912e-16,1.595499e-20,3.261931e-24,6.904392e-03
4.440000,4.087872425e-06,6.993710430e-06,3.842558398e-06,3.496738877e-06,2.455312786e-07,7.212419243e-04,3.474937024e+01,1.056823746e-10,1.194121e-16,5.129733e-21,1.083765e-24,6.910571e-03
4.450000,4.071201370e-06,6.956209347e-06,3.816870805e-06,3.478055740e-06,2.371989546e-07,7.078707473e-04,3.474937683e+01,1.045093320e-10,4.497513e-16,2.375135e-20,3.942042e-24,6.954371e-03
4.460000,4.054453410e-06,6.919018487e-06,3.791619471e-06,3.459472423e-06,2.291436238e-07,6.946851449e-04,3.474938327e+01,1.033518391e-10,4.482296e-16,3.140957e-20,6.834478e-24,6.883182e-03
4.470000,4.037633947e-06,6.882207405e-06,3.766785423e-06,3.440988393e-06,2.213563415e-07,6.816841479e-04,3.474938956e+01,1.022095342e-10,1.598041e-16,1.228719e-20,5.636682e-24,6.885252e-03
4.480000,4.020748226e-06,6.845587614e-06,3.742350654e-06,3.422603121e-06,2.138284375e-07,6.688667369e-04,3.474939572e+01,1.010820720e-10,6.861824e-16,2.947416e-20,6.641057e-24,6.879181e-03
4.490000,4.003801330e-06,6.808966539e-06,3.718298079e-06,3.404316079e-06,2.065515131e-07,6.562318447e-04,3.474940173e+01,9.996912225e-11,4.720983e-16,1.059844e-20,3.034304e-24,6.881412e-03
4.500000,3.986798193e-06,6.772475306e-06,3.694611490e-06,3.386126743e-06,1.995174285e-07,6.437783588e-04,3.474940761e+01,9.887036922e-11,3.938971e-17,2.060723e-20,1.739374e-24,6.924502e-03
4.510000,3.969743597e-06,6.736247877e-06,3.671275520e-06,3.368034591e-06,1.927182973e-07,6.315051234e-04,3.474941335e+01,9.778551076e-11,1.700440e-17,7.589170e-21,2.767493e-24,6.897551e-03
4.520000,3.952642177e-06,6.700222252e-06,3.648275595e-06,3.350039105e-06,1.861464801e-07,6.194109423e-04,3.474941896e+01,9.671425753e-11,2.345304e-16,6.096432e-21,8.547645e-24,6.902641e-03
4.530000,3.935498425e-06,6.664668241e-06,3.625597903e-06,3.332139768e-06,1.797945762e-07,6.074945800e-04,3.474942445e+01,9.565633225e-11,5.671944e-16,7.923388e-21,1.437532e-24,6.911932e-03
4.540000,3.918316689e-06,6.628923541e-06,3.603229351e-06,3.314336067e-06,1.736554160e-07,5.957547650e-04,3.474942981e+01,9.461146900e-11,1.403453e-16,8.906599e-21,7.222760e-25,6.891082e-03
4.550000,3.901101183e-06,6.593456537e-06,3.581157534e-06,3.296627491e-06,1.677220561e-07,5.841901910e-04,3.474943504e+01,9.357941265e-11,2.700852e-17,1.259693e-20,4.094236e-24,6.871552e-03
4.560000,3.883855984e-06,6.558339449e-06,3.559370697e-06,3.279013532e-06,1.619877693e-07,5.727995192e-04,3.474944016e+01,9.255991813e-11,3.340728e-16,1.368906e-20,2.555317e-24,6.873642e-03
4.570000,3.866585038e-06,6.523373701e-06,3.537857707e-06,3.261493685e-06,1.564460423e-07,5.615813800e-04,3.474944516e+01,9.155274997e-11,6.690517e-16,1.766188e-20,1.783364e-24,6.920882e-03
4.580000,3.849292163e-06,6.488561740e-06,3.516608016e-06,3.244067447e-06,1.510905657e-07,5.505343753e-04,3.474945005e+01,9.055768166e-11,6.668778e-16,2.825709e-20,5.589200e-24,6.938402e-03
4.590000,3.831981053e-06,6.453699622e-06,3.495611637e-06,3.226734319e-06,1.459152317e-07,5.396570798e-04,3.474945482e+01,8.957449531e-11,1.136613e-16,1.841937e-20,2.103620e-24,6.913951e-03
4.600000,3.814655276e-06,6.419201633e-06,3.474859109e-06,3.209493802e-06,1.409141232e-07,5.289480431e-04,3.474945948e+01,8.860298095e-11,1.938008e-16,1.688133e-20,6.602342e-25,6.913391e-03
4.610000,3.797318285e-06,6.384725909e-06,3.454341475e-06,3.192345402e-06,1.360815135e-07,5.184057910e-04,3.474946404e+01,8.764293627e-11,4.586040e-16,1.714102e-20,2.573665e-24,6.939131e-03
4.620000,3.779973414e-06,6.350832246e-06,3.434050254e-06,3.175288628e-06,1.314118557e-07,5.080288276e-04,3.474946849e+01,8.669416612e-11,1.649640e-16,1.428980e-20,4.889953e-24,6.960871e-03
4.630000,3.762623886e-06,6.316897329e-06,3.413977414e-06,3.158322988e-06,1.268997813e-07,4.978156364e-04,3.474947284e+01,8.575648212e-11,1.168386e-16,1.043059e-20,9.791465e-25,6.955101e-03
4.640000,3.745272811e-06,6.283273888e-06,3.394115351e-06,3.141447998e-06,1.225400905e-07,4.877646822e-04,3.474947709e+01,8.482970228e-11,5.581264e-16,1.227453e-20,9.229183e-25,6.941061e-03
4.650000,3.727923195e-06,6.249398489e-06,3.374456867e-06,3.124663172e-06,1.183277528e-07,4.778744123e-04,3.474948124e+01,8.391365074e-11,4.574273e-16,6.656252e-21,1.908444e-24,6.857432e-03
4.660000,3.710577936e-06,6.216195808e-06,3.354995144e-06,3.107968029e-06,1.142578963e-07,4.681432583e-04,3.474948529e+01,8.300815730e-11,1.325766e-16,1.414403e-20,2.188576e-24,6.825621e-03
4.670000,3.693239831e-06,6.183030302e-06,3.335723729e-06,3.091362089e-06,1.103258053e-07,4.585696368e-04,3.474948925e+01,8.211305720e-11,3.364392e-16,5.691805e-21,1.728621e-24,6.833251e-03
4.680000,3.675911580e-06,6.149685936e-06,3.316636508e-06,3.074844877e-06,1.065269163e-07,4.491519515e-04,3.474949312e+01,8.122819085e-11,6.665502e-16,3.959653e-21,1.227705e-24,6.863651e-03
4.690000,3.658595785e-06,6.117103630e-06,3.297727696e-06,3.058415917e-06,1.028568122e-07,4.398885940e-04,3.474949690e+01,8.035340356e-11,1.307891e-16,1.488766e-21,1.358556e-24,6.818241e-03
4.700000,3.641294955e-06,6.084273856e-06,3.278991811e-06,3.042074740e-06,9.931121800e-08,4.307779451e-04,3.474950059e+01,7.948854516e-11,2.225485e-16,2.078865e-21,1.235491e-24,6.841082e-03
4.710000,3.624011506e-06,6.051853048e-06,3.260423663e-06,3.025820874e-06,9.588599584e-08,4.218183761e-04,3.474950420e+01,7.863346992e-11,5.523322e-17,1.174005e-20,2.019081e-25,6.820102e-03
4.720000,3.606747767e-06,6.019774043e-06,3.242018334e-06,3.009653855e-06,9.257714214e-08,4.130082500e-04,3.474950772e+01,7.778803625e-11,7.798695e-16,9.099520e-21,2.269715e-24,6.818482e-03
4.730000,3.589505983e-06,5.987152315e-06,3.223771167e-06,2.993573217e-06,8.938078281e-08,4.043459223e-04,3.474951116e+01,7.695210653e-11,6.724021e-16,1.681300e-20,1.949878e-24,6.802661e-03
4.740000,3.572288310e-06,5.955321358e-06,3.205677749e-06,2.977578500e-06,8.629316824e-08,3.958297425e-04,3.474951452e+01,7.612554680e-11,2.236230e-16,9.132011e-21,1.279260e-24,6.839171e-03
4.750000,3.555096828e-06,5.923619234e-06,3.187733896e-06,2.961669244e-06,8.331067104e-08,3.874580549e-04,3.474951781e+01,7.530822675e-11,2.335870e-16,1.842629e-20,9.979601e-25,6.821431e-03
4.760000,3.537933535e-06,5.891746530e-06,3.169935646e-06,2.945844994e-06,8.042978206e-08,3.792291994e-04,3.474952102e+01,7.450001941e-11,4.485484e-16,1.017014e-20,1.369161e-24,6.829601e-03
4.770000,3.520800354e-06,5.860609838e-06,3.152279240e-06,2.930105293e-06,7.764710519e-08,3.711415129e-04,3.474952415e+01,7.370080101e-11,4.493037e-16,5.182666e-21,8.438499e-25,6.871341e-03
4.780000,3.503699133e-06,5.829078283e-06,3.134761114e-06,2.914449691e-06,7.495935529e-08,3.631933299e-04,3.474952721e+01,7.291045087e-11,2.539096e-16,1.008206e-20,4.497976e-25,6.862552e-03
4.790000,3.486631648e-06,5.798217790e-06,3.117377889e-06,2.898877739e-06,7.236335442e-08,3.553829835e-04,3.474953020e+01,7.212885125e-11,6.676844e-16,9.361000e-21,5.978631e-25,6.831291e-03
4.800000,3.469599604e-06,5.767192164e-06,3.100126358e-06,2.883388989e-06,6.985602770e-08,3.477088063e-04,3.474953312e+01,7.135588713e-11,4.442672e-16,3.354247e-21,4.895364e-26,6.862571e-03
4.810000,3.452604640e-06,5.736308403e-06,3.083003479e-06,2.867982997e-06,6.743440178e-08,3.401691310e-04,3.474953597e+01,7.059144619e-11,3.336636e-16,7.445589e-22,7.119495e-25,6.867441e-03
4.820000,3.435648328e-06,5.705568809e-06,3.066006362e-06,2.852659321e-06,6.509559875e-08,3.327622914e-04,3.474953876e+01,6.983541861e-11,7.038970e-17,1.128617e-20,4.612530e-25,6.870871e-03
4.830000,3.418732175e-06,5.675053980e-06,3.049132265e-06,2.837417520e-06,6.283683658e-08,3.254866231e-04,3.474954148e+01,6.908769700e-11,3.864164e-18,5.815357e-21,1.420293e-25,6.854802e-03
4.840000,3.401857627e-06,5.644846232e-06,3.032378582e-06,2.822257158e-06,6.065542461e-08,3.183404643e-04,3.474954414e+01,6.834817630e-11,3.400559e-16,4.741373e-21,1.207833e-24,6.842751e-03
4.850000,3.385026072e-06,5.614634151e-06,3.015742837e-06,2.807177799e-06,5.854875911e-08,3.113221562e-04,3.474954674e+01,6.761675365e-11,1.147654e-16,9.775446e-21,2.645604e-25,6.852521e-03
4.860000,3.368238836e-06,5.584576710e-06,2.999222676e-06,2.792179010e-06,5.651432243e-08,3.044300442e-04,3.474954928e+01,6.689332828e-11,4.203443e-17,2.923337e-21,6.130219e-25,6.870811e-03
4.870000,3.351497192e-06,5.555076148e-06,2.982815860e-06,2.777260361e-06,5.454968035e-08,2.976624780e-04,3.474955176e+01,6.617780149e-11,7.895348e-16,8.813512e-21,9.671780e-25,6.841251e-03
4.880000,3.334802355e-06,5.525176962e-06,2.966520259e-06,2.762421424e-06,5.265247814e-08,2.910178123e-04,3.474955419e+01,6.547007648e-11,2.286956e-16,3.804776e-21,3.661025e-25,6.858401e-03
4.890000,3.318155489e-06,5.495599966e-06,2.950333845e-06,2.747661772e-06,5.082043908e-08,2.844944079e-04,3.474955655e+01,6.477005835e-11,2.210918e-16,7.812127e-21,2.035765e-24,6.873551e-03
4.900000,3.301557708e-06,5.466187905e-06,2.934254687e-06,2.732980983e-06,4.905136076e-08,2.780906316e-04,3.474955887e+01,6.407765398e-11,5.675582e-17,4.853761e-21,1.910248e-25,7.002451e-03
4.910000,3.285010074e-06,5.436861777e-06,2.918280946e-06,2.718378634e-06,4.734311547e-08,2.718048570e-04,3.474956113e+01,6.339277197e-11,4.606046e-16,6.693203e-21,1.356450e-26,6.939581e-03
4.920000,3.268513600e-06,5.407951461e-06,2.902410866e-06,2.703854306e-06,4.569364367e-08,2.656354651e-04,3.474956334e+01,6.271532255e-11,6.732104e-17,1.638024e-21,1.167384e-25,6.877801e-03
4.930000,3.252069256e-06,5.379050881e-06,2.886642776e-06,2.689407582e-06,4.410095525e-08,2.595808448e-04,3.474956550e+01,6.204521757e-11,9.596515e-18,1.054595e-21,3.688531e-25,6.890041e-03
4.940000,3.235677965e-06,5.350409204e-06,2.870975077e-06,2.675038049e-06,4.256312639e-08,2.536393932e-04,3.474956760e+01,6.138237043e-11,2.535892e-16,3.174898e-21,4.259135e-25,6.907801e-03
4.950000,3.219340605e-06,5.321863719e-06,2.855406245e-06,2.660745294e-06,4.107829606e-08,2.478095160e-04,3.474956967e+01,6.072669596e-11,2.284752e-16,2.804457e-21,2.456543e-25,7.007101e-03
4.960000,3.203058014e-06,5.293415984e-06,2.839934822e-06,2.646528905e-06,3.964466549e-08,2.420896283e-04,3.474957168e+01,6.007811045e-11,3.372313e-16,1.282509e-21,2.137685e-25,6.896171e-03
4.970000,3.186830988e-06,5.265236273e-06,2.824559416e-06,2.632388476e-06,3.826049623e-08,2.364781544e-04,3.474957365e+01,5.943653156e-11,4.625707e-16,4.373760e-21,1.231391e-25,6.877272e-03
4.980000,3.170660283e-06,5.236735327e-06,2.809278692e-06,2.618323599e-06,3.692410622e-08,2.309735287e-04,3.474957558e+01,5.880187826e-11,4.479942e-16,2.574891e-21,8.224477e-25,6.869982e-03
4.990000,3.154546618e-06,5.208931037e-06,2.794091376e-06,2.604333872e-06,3.563387126e-08,2.255741961e-04,3.474957746e+01,5.817407084e-11,6.024578e-17,3.238736e-21,1.726587e-25,6.885491e-03
5.000000,3.138490674e-06,5.181320383e-06,2.778996243e-06,2.590418894e-06,3.438822061e-08,2.202786117e-04,3.474957930e+01,5.755303081e-11,5.612902e-16,2.083641e-21,3.894079e-25,6.879162e-03
5.010000,3.122493098e-06,5.153475634e-06,2.763992123e-06,2.576578263e-06,3.318563478e-08,2.150852417e-04,3.474958110e+01,5.693868089e-11,1.255608e-16,3.190564e-21,1.478725e-25,6.886131e-03
5.020000,3.106554499e-06,5.126259348e-06,2.749077889e-06,2.562811584e-06,3.202464727e-08,2.099925638e-04,3.474958285e+01,5.633094497e-11,1.000187e-15,4.032531e-22,1.048725e-25,6.866552e-03
5.030000,3.090675456e-06,5.098549400e-06,2.734252462e-06,2.549118461e-06,3.090383856e-08,2.049990668e-04,3.474958457e+01,5.572974808e-11,1.313703e-16,1.013787e-21,7.217385e-26,6.870361e-03
5.040000,3.074856515e-06,5.071125907e-06,2.719514805e-06,2.535498501e-06,2.982183797e-08,2.001032516e-04,3.474958625e+01,5.513501632e-11,4.446463e-16,5.795086e-21,4.604452e-26,6.861991e-03
5.050000,3.059098188e-06,5.044169623e-06,2.704863919e-06,2.521951314e-06,2.877732015e-08,1.953036312e-04,3.474958790e+01,5.454667692e-11,7.295576e-17,6.148834e-21,1.591940e-26,6.867271e-03
5.060000,3.043400960e-06,5.017334048e-06,2.690298845e-06,2.508476510e-06,2.776900426e-08,1.905987307e-04,3.474958951e+01,5.396465807e-11,2.220830e-16,3.274203e-21,2.104585e-25,6.868411e-03
5.070000,3.027765287e-06,4.990265176e-06,2.675818658e-06,2.495073702e-06,2.679565236e-08,1.859870877e-04,3.474959108e+01,5.338888901e-11,4.441480e-16,3.850112e-21,1.247154e-25,6.887731e-03
5.080000,3.012191593e-06,4.963764453e-06,2.661422466e-06,2.481742505e-06,2.585606828e-08,1.814672528e-04,3.474959262e+01,5.281929996e-11,6.888601e-18,4.920550e-21,2.662771e-25,6.880191e-03
5.090000,2.996680280e-06,4.937301379e-06,2.647109411e-06,2.468482539e-06,2.494909604e-08,1.770377894e-04,3.474959412e+01,5.225582212e-11,1.285981e-16,3.565932e-21,3.066301e-25,6.858812e-03
5.100000,2.981231720e-06,4.910966993e-06,2.632878661e-06,2.455293420e-06,2.407361839e-08,1.726972739e-04,3.474959560e+01,5.169838757e-11,3.355199e-16,3.503564e-21,7.875366e-26,6.859581e-03
5.110000,2.965846261e-06,4.884763377e-06,2.618729416e-06,2.442174772e-06,2.322855627e-08,1.684442960e-04,3.474959704e+01,5.114692935e-11,4.444740e-16,1.348173e-21,1.000319e-25,6.857851e-03
5.120000,2.950524226e-06,4.858509839e-06,2.604660900e-06,2.429126217e-06,2.241286550e-08,1.642774590e-04,3.474959845e+01,5.060138134e-11,5.589542e-17,4.179819e-21,4.688684e-26,6.857881e-03
5.130000,2.935265915e-06,4.832481266e-06,2.590672362e-06,2.416147382e-06,2.162553878e-08,1.601953796e-04,3.474959983e+01,5.006167831e-11,2.300146e-16,2.756468e-21,7.646807e-26,6.852622e-03
5.140000,2.920071605e-06,4.806958474e-06,2.576763077e-06,2.403237892e-06,2.086560246e-08,1.561966883e-04,3.474960118e+01,4.952775590e-11,4.467235e-16,5.353208e-22,7.004379e-26,6.868211e-03
5.150000,2.904941550e-06,4.781020792e-06,2.562932340e-06,2.390397379e-06,2.013211442e-08,1.522800294e-04,3.474960250e+01,4.899955053e-11,1.160396e-16,1.163575e-21,8.629248e-26,6.889561e-03
5.160000,2.889875985e-06,4.755688728e-06,2.549179467e-06,2.377625472e-06,1.942416630e-08,1.484440611e-04,3.474960379e+01,4.847699946e-11,4.612622e-16,1.492513e-21,3.357738e-26,6.862641e-03
5.170000,2.874875123e-06,4.730033234e-06,2.535503795e-06,2.364921807e-06,1.874087950e-08,1.446874556e-04,3.474960506e+01,4.796004073e-11,2.260487e-16,4.880794e-21,4.918470e-26,6.869531e-03
5.180000,2.859939157e-06,4.704898591e-06,2.521904680e-06,2.352286018e-06,1.808140480e-08,1.410088993e-04,3.474960630e+01,4.744861317e-11,1.412904e-16,1.709307e-21,1.583885e-25,6.899291e-03
5.190000,2.845068262e-06,4.679628951e-06,2.508381495e-06,2.339717742e-06,1.744492277e-08,1.374070928e-04,3.474960752e+01,4.694265635e-11,2.497470e-16,3.172543e-21,4.946464e-26,6.866331e-03
5.200000,2.830262593e-06,4.654699171e-06,2.494933629e-06,2.327216618e-06,1.683064048e-08,1.338807509e-04,3.474960871e+01,4.644211058e-11,1.088331e-18,8.504722e-22,1.265863e-26,6.867251e-03
5.210000,2.815522288e-06,4.629731072e-06,2.481560489e-06,2.314782289e-06,1.623779338e-08,1.304286027e-04,3.474960987e+01,4.594691692e-11,2.446289e-16,4.389882e-22,1.286074e-25,6.896541e-03
5.220000,2.800847471e-06,4.605302648e-06,2.468261496e-06,2.302414396e-06,1.566564144e-08,1.270493916e-04,3.474961102e+01,4.545701713e-11,4.607197e-16,1.417892e-21,4.222198e-26,6.910121e-03
5.230000,2.786238244e-06,4.580743953e-06,2.455036085e-06,2.290112586e-06,1.511347086e-08,1.237418756e-04,3.474961214e+01,4.497235368e-11,5.701395e-16,8.816236e-22,4.646202e-26,6.880481e-03
5.240000,2.771694698e-06,4.556247821e-06,2.441883705e-06,2.277876504e-06,1.458059151e-08,1.205048269e-04,3.474961324e+01,4.449286971e-11,4.445969e-16,4.507189e-21,5.167236e-26,6.934591e-03
5.250000,2.757216906e-06,4.532011248e-06,2.428803817e-06,2.265705801e-06,1.406633732e-08,1.173370324e-04,3.474961431e+01,4.401850908e-11,7.782505e-16,1.003649e-21,6.925196e-26,6.906641e-03
5.260000,2.742804926e-06,4.507250270e-06,2.415795894e-06,2.253600125e-06,1.357006389e-08,1.142372932e-04,3.474961537e+01,4.354921625e-11,4.606061e-16,2.859314e-21,1.067412e-25,6.890431e-03
5.270000,2.728458804e-06,4.483640301e-06,2.402859422e-06,2.241559130e-06,1.309114990e-08,1.112044252e-04,3.474961640e+01,4.308493639e-11,4.672214e-16,4.724969e-22,2.342346e-26,6.878941e-03
5.280000,2.714178572e-06,4.459507035e-06,2.389993897e-06,2.229582471e-06,1.262899490e-08,1.082372584e-04,3.474961742e+01,4.262561530e-11,1.862703e-16,1.953138e-21,5.148685e-26,6.884671e-03
5.290000,2.699964248e-06,4.435642947e-06,2.377198824e-06,2.217669803e-06,1.218301786e-08,1.053346376e-04,3.474961841e+01,4.217119937e-11,9.576124e-17,1.103214e-21,1.551378e-26,6.884711e-03
5.300000,2.685815837e-06,4.412153058e-06,2.364473719e-06,2.205820785e-06,1.175265900e-08,1.024954218e-04,3.474961939e+01,4.172163566e-11,5.553397e-16,6.687082e-22,3.140058e-26,6.871111e-03
5.310000,2.671733332e-06,4.388233849e-06,2.351818109e-06,2.194035076e-06,1.133737797e-08,9.971848471e-05,3.474962034e+01,4.127687183e-11,2.250658e-16,1.806663e-21,2.093884e-26,6.860421e-03
5.320000,2.657716716e-06,4.365201005e-06,2.339231527e-06,2.182312339e-06,1.093665035e-08,9.700271422e-05,3.474962128e+01,4.083685610e-11,5.691405e-16,1.134557e-21,8.263712e-26,6.880031e-03
5.330000,2.643765960e-06,4.341329988e-06,2.326713515e-06,2.170652236e-06,1.054997217e-08,9.434701270e-05,3.474962221e+01,4.040153735e-11,6.666205e-16,7.362918e-22,4.247763e-26,6.894201e-03
5.340000,2.629881022e-06,4.318252647e-06,2.314263623e-06,2.159054434e-06,1.017685604e-08,9.175029689e-05,3.474962311e+01,3.997086499e-11,4.476759e-16,1.973504e-21,1.066713e-26,6.871941e-03
5.350000,2.616061854e-06,4.295154707e-06,2.301881411e-06,2.147518599e-06,9.816830984e-09,8.921149779e-05,3.474962400e+01,3.954478903e-11,4.495122e-16,1.353084e-21,2.423090e-26,6.863891e-03
5.360000,2.602308393e-06,4.272347681e-06,2.289566443e-06,2.136044400e-06,9.469442955e-09,8.672956069e-05,3.474962488e+01,3.912326005e-11,6.139312e-17,7.757552e-22,7.048015e-27,6.889151e-03
5.370000,2.588620570e-06,4.249836252e-06,2.277318291e-06,2.124631508e-06,9.134251329e-09,8.430344507e-05,3.474962573e+01,3.870622912e-11,5.724898e-16,1.828085e-21,1.061270e-26,6.902001e-03
5.380000,2.574998306e-06,4.226889766e-06,2.265136535e-06,2.113279595e-06,8.810833480e-09,8.193212456e-05,3.474962658e+01,3.829364798e-11,1.273516e-16,1.264209e-21,2.912754e-26,6.878221e-03
5.390000,2.561441512e-06,4.204451818e-06,2.253020758e-06,2.101988336e-06,8.498778910e-09,7.961458689e-05,3.474962740e+01,3.788546880e-11,3.386255e-16,4.849555e-22,6.623053e-27,6.863381e-03
5.400000,2.547950093e-06,4.181681089e-06,2.240970553e-06,2.090757405e-06,8.197692694e-09,7.734983381e-05,3.474962822e+01,3.748164435e-11,4.505114e-16,1.701785e-21,3.566127e-26,6.865041e-03
5.410000,2.534523944e-06,4.159533101e-06,2.228985516e-06,2.079586482e-06,7.907192844e-09,7.513688104e-05,3.474962902e+01,3.708212791e-11,1.634425e-16,1.455463e-21,8.909366e-27,6.888721e-03
5.420000,2.521162951e-06,4.137588554e-06,2.217065249e-06,2.068475245e-06,7.626910530e-09,7.297475816e-05,3.474962981e+01,3.668687325e-11,6.715369e-16,9.350265e-22,8.979275e-27,6.870771e-03
5.430000,2.507866996e-06,4.115311180e-06,2.205209360e-06,2.057423376e-06,7.356490488e-09,7.086250858e-05,3.474963058e+01,3.629583470e-11,3.403818e-16,6.000777e-22,1.208006e-26,6.873321e-03
5.440000,2.494635951e-06,4.093021054e-06,2.193417461e-06,2.046430557e-06,7.095588006e-09,6.879918943e-05,3.474963134e+01,3.590896707e-11,2.268800e-16,5.671431e-22,7.271030e-27,6.883621e-03
5.450000,2.481469682e-06,4.071372477e-06,2.181689170e-06,2.035496473e-06,6.843871492e-09,6.678387148e-05,3.474963209e+01,3.552622565e-11,2.215823e-16,6.884197e-22,6.462352e-27,6.915291e-03
5.460000,2.468368050e-06,4.049608171e-06,2.170024108e-06,2.024620810e-06,6.601020669e-09,6.481563908e-05,3.474963283e+01,3.514756629e-11,1.443645e-16,8.242946e-22,9.852231e-27,6.878531e-03
5.470000,2.455330905e-06,4.028057022e-06,2.158421901e-06,2.013803255e-06,6.366725971e-09,6.289359001e-05,3.474963355e+01,3.477294525e-11,3.356065e-16,5.507388e-22,1.172308e-26,6.870532e-03
5.480000,2.442358098e-06,4.006057397e-06,2.146882181e-06,2.003043499e-06,6.140688737e-09,6.101683550e-05,3.474963427e+01,3.440231930e-11,6.670641e-16,1.171856e-21,8.124073e-27,6.858731e-03
5.490000,2.429449468e-06,3.984716503e-06,2.135404582e-06,1.992341233e-06,5.922620438e-09,5.918449999e-05,3.474963497e+01,3.403564569e-11,6.713938e-16,1.111740e-21,4.040940e-27,6.904952e-03
5.500000,2.416604851e-06,3.963820915e-06,2.123988742e-06,1.981696149e-06,5.712242534e-09,5.739572117e-05,3.474963566e+01,3.367288213e-11,2.462767e-16,4.736429e-22,8.245490e-27,6.861881e-03
5.510000,2.403824078e-06,3.942364033e-06,2.112634305e-06,1.971107941e-06,5.509286210e-09,5.564964979e-05,3.474963635e+01,3.331398679e-11,2.493662e-16,5.292046e-22,7.331709e-27,6.892940e-03
5.520000,2.391106976e-06,3.921582504e-06,2.101340915e-06,1.960576306e-06,5.313491851e-09,5.394544962e-05,3.474963702e+01,3.295891831e-11,2.295136e-16,5.879414e-22,1.008950e-26,6.909591e-03
5.530000,2.378453364e-06,3.900917952e-06,2.090108224e-06,1.950100942e-06,5.124608691e-09,5.228229729e-05,3.474963768e+01,3.260763576e-11,7.884603e-16,6.445110e-22,1.378155e-26,6.857271e-03
5.540000,2.365863059e-06,3.879799976e-06,2.078935882e-06,1.939681548e-06,4.942395576e-09,5.065938225e-05,3.474963833e+01,3.226009868e-11,2.294153e-16,1.012938e-21,5.766515e-27,6.855261e-03
5.550000,2.353335872e-06,3.859141840e-06,2.067823548e-06,1.929317825e-06,4.766618173e-09,4.907590661e-05,3.474963898e+01,3.191626703e-11,3.343998e-16,5.971732e-22,6.893156e-27,6.837621e-03
5.560000,2.340871613e-06,3.838141122e-06,2.056770880e-06,1.919009475e-06,4.597051599e-09,4.753108509e-05,3.474963961e+01,3.157610121e-11,4.475454e-16,8.065788e-22,5.459725e-27,6.849911e-03
5.570000,2.328470083e-06,3.817839185e-06,2.045777541e-06,1.908756203e-06,4.433477626e-09,4.602414483e-05,3.474964024e+01,3.123956205e-11,7.827364e-17,5.449665e-22,8.518731e-27,6.865641e-03
5.580000,2.316131083e-06,3.797194815e-06,2.034843196e-06,1.898557714e-06,4.275686974e-09,4.455432540e-05,3.474964086e+01,3.090661082e-11,4.451317e-16,4.802230e-22,6.103281e-27,6.882821e-03
5.590000,2.303854409e-06,3.777378233e-06,2.023967514e-06,1.888413716e-06,4.123476180e-09,4.312087856e-05,3.474964147e+01,3.057720917e-11,3.341774e-16,5.668925e-22,3.962835e-27,6.863091e-03
5.600000,2.291639855e-06,3.757102557e-06,2.013150166e-06,1.878323917e-06,3.976649782e-09,4.172306825e-05,3.474964207e+01,3.025131920e-11,1.229348e-16,5.337912e-22,1.937188e-27,6.845291e-03
5.610000,2.279487210e-06,3.736954548e-06,2.002390826e-06,1.868288028e-06,3.835018545e-09,4.036017044e-05,3.474964267e+01,2.992890341e-11,8.100104e-17,4.470812e-22,3.270379e-27,6.815371e-03
5.620000,2.267396261e-06,3.717175228e-06,1.991689170e-06,1.858305761e-06,3.698400473e-09,3.903147303e-05,3.474964325e+01,2.960992470e-11,3.444590e-16,2.201015e-22,2.813219e-27,6.857301e-03
5.630000,2.255366791e-06,3.697410207e-06,1.981044878e-06,1.848376829e-06,3.566619228e-09,3.773627573e-05,3.474964383e+01,2.929434638e-11,5.840368e-16,1.231926e-22,1.238386e-27,6.846801e-03
5.640000,2.243398582e-06,3.677538959e-06,1.970457632e-06,1.838500947e-06,3.439505222e-09,3.647388995e-05,3.474964441e+01,2.898213215e-11,3.366854e-16,4.133114e-22,1.230542e-27,6.848841e-03
5.650000,2.231491411e-06,3.657802580e-06,1.959927116e-06,1.828677833e-06,3.316894347e-09,3.524363870e-05,3.474964497e+01,2.867324610e-11,1.544627e-16,3.245757e-22,1.535690e-27,6.857941e-03
5.660000,2.219645054e-06,3.637959130e-06,1.949453015e-06,1.818907203e-06,3.198627898e-09,3.404485648e-05,3.474964553e+01,2.836765269e-11,4.695935e-16,3.151100e-22,4.134474e-28,6.864151e-03
5.670000,2.207859285e-06,3.618620516e-06,1.939035019e-06,1.809188778e-06,3.084553700e-09,3.287688916e-05,3.474964609e+01,2.806531680e-11,2.323002e-16,1.557746e-22,1.564492e-27,6.844131e-03
5.680000,2.196133876e-06,3.599301381e-06,1.928672820e-06,1.799522278e-06,2.974523345e-09,3.173909389e-05,3.474964663e+01,2.776620365e-11,2.237741e-16,2.186659e-22,1.269007e-27,6.861581e-03
5.690000,2.184468595e-06,3.580126084e-06,1.918366110e-06,1.789907427e-06,2.868395499e-09,3.063083897e-05,3.474964718e+01,2.747027888e-11,7.766011e-17,1.245566e-22,2.152410e-27,6.890291e-03
5.700000,2.172863209e-06,3.561221652e-06,1.908114586e-06,1.780343948e-06,2.766032284e-09,2.955150379e-05,3.474964771e+01,2.717750843e-11,2.236500e-16,2.205563e-22,8.289693e-28,6.836171e-03
5.710000,2.161317485e-06,3.542090958e-06,1.897917944e-06,1.770831567e-06,2.667301516e-09,2.850047867e-05,3.474964824e+01,2.688785868e-11,1.206060e-16,3.608402e-22,7.609282e-28,6.849771e-03
5.720000,2.149831185e-06,3.522856378e-06,1.887775885e-06,1.761370010e-06,2.572074762e-09,2.747716479e-05,3.474964877e+01,2.660129631e-11,4.629461e-16,1.933184e-22,4.496507e-28,6.870961e-03
5.730000,2.138404072e-06,3.504530095e-06,1.877688110e-06,1.751959006e-06,2.480228569e-09,2.648097411e-05,3.474964928e+01,2.631778841e-11,3.355107e-16,2.409745e-22,5.824593e-28,6.819941e-03
5.740000,2.127035906e-06,3.485470474e-06,1.867654323e-06,1.742598286e-06,2.391644102e-09,2.551132923e-05,3.474964980e+01,2.603730238e-11,2.341316e-16,3.340208e-22,1.211700e-27,6.839301e-03
5.750000,2.115726448e-06,3.466946575e-06,1.857674231e-06,1.733287579e-06,2.306205710e-09,2.456766333e-05,3.474965031e+01,2.575980598e-11,7.878518e-17,1.526356e-22,1.220925e-27,6.855271e-03
5.760000,2.104475453e-06,3.448709500e-06,1.847747540e-06,1.724026620e-06,2.223803242e-09,2.364942010e-05,3.474965081e+01,2.548526734e-11,4.529162e-16,3.109937e-22,2.625359e-27,6.859331e-03
5.770000,2.093282679e-06,3.430246012e-06,1.837873961e-06,1.714815142e-06,2.144329704e-09,2.275605361e-05,3.474965131e+01,2.521365491e-11,3.413280e-16,7.256500e-22,3.640676e-28,6.841721e-03
5.780000,2.082147883e-06,3.412073083e-06,1.828053205e-06,1.705652882e-06,2.067681148e-09,2.188702825e-05,3.474965181e+01,2.494493748e-11,6.667440e-16,2.323332e-22,2.364899e-28,6.824241e-03
5.790000,2.071070818e-06,3.393148516e-06,1.818284985e-06,1.696539575e-06,1.993757710e-09,2.104181869e-05,3.474965230e+01,2.467908418e-11,6.686789e-16,2.213254e-22,1.033283e-27,6.886951e-03
5.800000,2.060051238e-06,3.375302148e-06,1.808569017e-06,1.687474960e-06,1.922463412e-09,2.021990979e-05,3.474965278e+01,2.441606445e-11,6.535058e-17,2.772416e-22,1.048068e-27,6.856201e-03
5.810000,2.049088896e-06,3.357360917e-06,1.798905017e-06,1.678458778e-06,1.853705086e-09,1.942079651e-05,3.474965326e+01,2.415584808e-11,3.139306e-16,1.202756e-22,2.678316e-27,6.879841e-03
5.820000,2.038183544e-06,3.339057307e-06,1.789292705e-06,1.669490769e-06,1.787393096e-09,1.864398395e-05,3.474965374e+01,2.389840518e-11,4.568609e-16,3.345848e-22,4.029373e-28,6.857061e-03
5.830000,2.027334933e-06,3.321722521e-06,1.779731801e-06,1.660570677e-06,1.723441506e-09,1.788898723e-05,3.474965422e+01,2.364370618e-11,3.345890e-16,4.497664e-22,8.164143e-28,6.885861e-03
5.840000,2.016542813e-06,3.303759162e-06,1.770222026e-06,1.651698244e-06,1.661766631e-09,1.715533150e-05,3.474965469e+01,2.339172182e-11,2.249955e-16,3.728010e-22,1.402566e-27,6.889961e-03
5.850000,2.005806936e-06,3.286238184e-06,1.760763105e-06,1.642873217e-06,1.602287673e-09,1.644255196e-05,3.474965515e+01,2.314242315e-11,1.193984e-16,5.126978e-22,9.617635e-28,6.872811e-03
5.860000,1.995127050e-06,3.268623290e-06,1.751354763e-06,1.634095342e-06,1.544927341e-09,1.575019379e-05,3.474965562e+01,2.289578154e-11,1.455978e-16,3.462354e-22,8.084408e-28,6.865750e-03
5.870000,1.984502906e-06,3.251732475e-06,1.741996727e-06,1.625364368e-06,1.489611136e-09,1.507781228e-05,3.474965608e+01,2.265176867e-11,1.002409e-15,1.407499e-22,7.374533e-28,6.855960e-03
5.880000,1.973934250e-06,3.233792311e-06,1.732688727e-06,1.616680042e-06,1.436265119e-09,1.442497277e-05,3.474965653e+01,2.241035648e-11,1.427357e-16,3.932257e-22,2.248752e-27,6.858341e-03
5.890000,1.963420834e-06,3.216442481e-06,1.723430492e-06,1.608042117e-06,1.384820734e-09,1.379125080e-05,3.474965698e+01,2.217151727e-11,3.877346e-17,1.278232e-22,2.021890e-27,6.881350e-03
5.900000,1.952962404e-06,3.198998555e-06,1.714221756e-06,1.599450345e-06,1.335210238e-09,1.317623222e-05,3.474965743e+01,2.193522362e-11,4.883082e-16,9.251634e-23,1.721416e-27,6.904311e-03
5.910000,1.942558709e-06,3.182575482e-06,1.705062250e-06,1.590904479e-06,1.287369156e-09,1.257951329e-05,3.474965788e+01,2.170144838e-11,5.652922e-16,2.371137e-22,1.395785e-27,6.882400e-03
5.920000,1.932209497e-06,3.164664257e-06,1.695951710e-06,1.582404273e-06,1.241234413e-09,1.200070086e-05,3.474965832e+01,2.147016469e-11,8.883494e-16,3.980029e-22,5.881687e-28,6.898191e-03
5.930000,1.921914515e-06,3.148626291e-06,1.686889873e-06,1.573949484e-06,1.196745071e-09,1.143941269e-05,3.474965876e+01,2.124134599e-11,4.630011e-16,2.720941e-22,2.824684e-27,6.913581e-03
5.940000,1.911673513e-06,3.131088213e-06,1.677876478e-06,1.565539869e-06,1.153843669e-09,1.089527766e-05,3.474965920e+01,2.101496603e-11,6.661931e-16,4.574156e-22,1.571086e-27,6.958191e-03
5.950000,1.901486238e-06,3.114734801e-06,1.668911263e-06,1.557175186e-06,1.112473445e-09,1.036793619e-05,3.474965964e+01,2.079099879e-11,1.685589e-16,2.450050e-22,8.675236e-28,6.934751e-03
5.960000,1.891352438e-06,3.098295073e-06,1.659993969e-06,1.548855196e-06,1.072579621e-09,9.857040673e-06,3.474966007e+01,2.056941854e-11,2.358709e-16,2.485283e-22,4.496507e-29,6.902691e-03
5.970000,1.881271860e-06,3.081911748e-06,1.651124340e-06,1.540579659e-06,1.034110233e-09,9.362256090e-06,3.474966050e+01,2.035019985e-11,4.536393e-16,6.037215e-22,4.932904e-28,6.886540e-03
5.980000,1.871244254e-06,3.065295989e-06,1.642302120e-06,1.532348339e-06,9.970153306e-10,8.883260682e-06,3.474966092e+01,2.013331755e-11,3.568597e-16,3.589969e-22,1.841706e-27,6.883520e-03
5.990000,1.861269368e-06,3.048880998e-06,1.633527054e-06,1.524161000e-06,9.612452212e-10,8.419746781e-06,3.474966135e+01,1.991874673e-11,1.273544e-16,9.595967e-23,1.507543e-27,6.862100e-03
6.000000,1.851346950e-06,3.032816466e-06,1.624798889e-06,1.516017404e-06,9.267528427e-10,7.971421904e-06,3.474966177e+01,1.970646275e-11,5.681892e-16,3.399498e-22,1.556171e-27,6.889610e-03
6.010000,1.841476749e-06,3.016224719e-06,1.616117373e-06,1.507917320e-06,8.934930699e-10,7.538010001e-06,3.474966219e+01,1.949644123e-11,4.451354e-17,2.095162e-22,1.466789e-27,6.867301e-03
6.020000,1.831658516e-06,3.000429380e-06,1.607482256e-06,1.499860515e-06,8.614219062e-10,7.119253069e-06,3.474966261e+01,1.928865805e-11,4.465514e-16,2.127242e-22,1.369849e-27,6.883241e-03
6.030000,1.821892000e-06,2.984252840e-06,1.598893290e-06,1.491846757e-06,8.304978252e-10,6.714913048e-06,3.474966302e+01,1.908308938e-11,1.902636e-16,3.265670e-22,4.168100e-28,6.885770e-03
6.040000,1.812176949e-06,2.968436980e-06,1.590350226e-06,1.483875818e-06,8.006794654e-10,6.324774219e-06,3.474966344e+01,1.887971159e-11,3.385197e-16,1.496592e-22,2.099414e-27,6.893251e-03
6.050000,1.802513116e-06,2.952385986e-06,1.581852820e-06,1.475947466e-06,7.719271163e-10,5.948646120e-06,3.474966385e+01,1.867850131e-11,1.191050e-16,1.196285e-22,2.626175e-27,6.864530e-03
6.060000,1.792900251e-06,2.937003373e-06,1.573400826e-06,1.468061476e-06,7.442036583e-10,5.586367195e-06,3.474966426e+01,1.847943548e-11,6.703915e-16,3.192103e-22,1.609277e-27,6.886191e-03
6.070000,1.783338105e-06,2.920627594e-06,1.564994001e-06,1.460217620e-06,7.174717269e-10,5.237809223e-06,3.474966466e+01,1.828249121e-11,4.441959e-16,3.178141e-22,2.222492e-27,6.881171e-03
6.080000,1.773826430e-06,2.905229685e-06,1.556632102e-06,1.452415674e-06,6.916966496e-10,4.902882885e-06,3.474966507e+01,1.808764591e-11,2.634161e-16,4.696925e-22,1.408053e-27,6.915151e-03
6.090000,1.764364979e-06,2.889442359e-06,1.548314890e-06,1.444655414e-06,6.668438030e-10,4.581544569e-06,3.474966547e+01,1.789487719e-11,5.068777e-16,6.691144e-22,1.436001e-27,6.889720e-03
6.100000,1.754953504e-06,2.874340909e-06,1.540042125e-06,1.436936618e-06,6.428809939e-10,4.273804863e-06,3.474966587e+01,1.770416292e-11,5.694481e-17,2.170429e-22,3.463165e-27,6.893501e-03
6.110000,1.745591759e-06,2.859004372e-06,1.531813569e-06,1.429259062e-06,6.197758303e-10,3.979738900e-06,3.474966627e+01,1.751548121e-11,6.261654e-17,1.823624e-22,5.256295e-27,6.863981e-03
6.120000,1.736279497e-06,2.844053598e-06,1.523628985e-06,1.421622528e-06,5.974987685e-10,3.699499040e-06,3.474966667e+01,1.732881039e-11,4.677110e-16,5.893342e-22,3.029493e-27,6.924241e-03
6.130000,1.727016474e-06,2.828709844e-06,1.515488138e-06,1.414026796e-06,5.760199274e-10,3.433330124e-06,3.474966707e+01,1.714412904e-11,2.372588e-16,5.635656e-22,1.857044e-27,6.853311e-03
6.140000,1.717802445e-06,2.813598098e-06,1.507390793e-06,1.406471648e-06,5.553104338e-10,3.181587355e-06,3.474966746e+01,1.696141595e-11,2.333444e-16,2.129724e-22,8.476406e-28,6.859480e-03
6.150000,1.708637166e-06,2.798563436e-06,1.499336719e-06,1.398956867e-06,5.353428880e-10,2.944756521e-06,3.474966785e+01,1.678065012e-11,3.592059e-16,6.959125e-23,1.773219e-27,6.870251e-03
6.160000,1.699520394e-06,2.783766641e-06,1.491325683e-06,1.391482238e-06,5.160912224e-10,2.723475314e-06,3.474966824e+01,1.660181083e-11,4.450940e-16,2.536666e-22,2.592604e-27,6.877671e-03
6.170000,1.690451885e-06,2.768730384e-06,1.483357455e-06,1.384047546e-06,4.975298829e-10,2.518552846e-06,3.474966863e+01,1.642487752e-11,1.265414e-16,2.946161e-22,7.085478e-28,6.849900e-03
6.180000,1.681431398e-06,2.753934554e-06,1.475431806e-06,1.376652577e-06,4.796335082e-10,2.330981781e-06,3.474966902e+01,1.624982988e-11,2.220452e-16,3.508003e-22,1.036035e-27,6.891471e-03
6.190000,1.672458692e-06,2.739220927e-06,1.467548508e-06,1.369297119e-06,4.623790489e-10,2.161933664e-06,3.474966941e+01,1.607664783e-11,2.341308e-16,4.043680e-22,2.976877e-28,6.859811e-03
6.200000,1.663533527e-06,2.724101815e-06,1.459707335e-06,1.361980962e-06,4.457436231e-10,2.012723229e-06,3.474966979e+01,1.590531147e-11,4.476205e-16,4.485205e-22,2.333092e-27,6.886291e-03
6.210000,1.654655661e-06,2.710373352e-06,1.451908061e-06,1.354703895e-06,4.297053121e-10,1.884723786e-06,3.474967017e+01,1.573580113e-11,6.701402e-16,3.266554e-22,7.495691e-28,6.872890e-03
6.220000,1.645824857e-06,2.695751441e-06,1.444150462e-06,1.347465710e-06,4.142423308e-10,1.779218630e-06,3.474967056e+01,1.556809737e-11,4.595168e-16,4.185555e-22,2.077080e-27,6.850270e-03
6.230000,1.637040877e-06,2.681215420e-06,1.436434315e-06,1.340266198e-06,3.993345187e-10,1.697187982e-06,3.474967094e+01,1.540218090e-11,2.245609e-16,3.486220e-22,5.302403e-28,6.872190e-03
6.240000,1.628303483e-06,2.666766695e-06,1.428759399e-06,1.333105153e-06,3.849618365e-10,1.639060471e-06,3.474967132e+01,1.523803270e-11,1.188748e-16,2.253464e-22,2.139403e-27,6.856281e-03
6.250000,1.619612438e-06,2.651736893e-06,1.421125493e-06,1.325982370e-06,3.711048141e-10,1.604495851e-06,3.474967169e+01,1.507563390e-11,8.908839e-16,4.992361e-22,2.478555e-27,6.851911e-03
6.260000,1.610967507e-06,2.637968521e-06,1.413532378e-06,1.318897643e-06,3.577451569e-10,1.592281508e-06,3.474967207e+01,1.491496587e-11,4.474578e-16,2.057325e-22,1.281281e-27,6.864941e-03
6.270000,1.602368455e-06,2.623789422e-06,1.405979836e-06,1.311850771e-06,3.448653205e-10,1.600396142e-06,3.474967244e+01,1.475601015e-11,4.453610e-16,1.338677e-22,1.309904e-27,6.876591e-03
6.280000,1.593815048e-06,2.609873618e-06,1.398467649e-06,1.304841549e-06,3.324482285e-10,1.626228224e-06,3.474967282e+01,1.459874851e-11,4.445111e-16,5.830347e-22,1.129632e-27,6.890160e-03
6.290000,1.585307053e-06,2.595883216e-06,1.390995602e-06,1.297869778e-06,3.204773289e-10,1.666872860e-06,3.474967319e+01,1.444316290e-11,4.478693e-16,5.651880e-23,3.241841e-27,6.989030e-03
6.300000,1.576844237e-06,2.582160994e-06,1.383563480e-06,1.290935258e-06,3.089363547e-10,1.719416364e-06,3.474967356e+01,1.428923543e-11,2.265742e-16,9.411707e-23,1.062054e-27,6.905380e-03
6.310000,1.568426369e-06,2.568538359e-06,1.376171070e-06,1.284037788e-06,2.978100478e-10,1.781146570e-06,3.474967393e+01,1.413694844e-11,2.282637e-16,4.963581e-22,1.557211e-27,6.872371e-03
6.320000,1.560053219e-06,2.554843088e-06,1.368818159e-06,1.277177171e-06,2.870838807e-10,1.849671967e-06,3.474967430e+01,1.398628445e-11,6.434122e-17,3.397850e-22,1.080937e-27,6.879531e-03
6.330000,1.551724556e-06,2.541423512e-06,1.361504537e-06,1.270353211e-06,2.767435014e-10,1.922964157e-06,3.474967467e+01,1.383722617e-11,2.312662e-16,3.633952e-22,1.555399e-27,6.864601e-03
6.340000,1.543440153e-06,2.528108366e-06,1.354229993e-06,1.263565711e-06,2.667743518e-10,1.999349097e-06,3.474967503e+01,1.368975646e-11,5.613496e-16,2.371791e-22,8.826832e-28,6.840260e-03
6.350000,1.535199780e-06,2.514192875e-06,1.346994318e-06,1.256814477e-06,2.571641783e-10,2.077471540e-06,3.474967540e+01,1.354385842e-11,2.598464e-17,4.363671e-22,8.338953e-28,6.827151e-03
6.360000,1.527003213e-06,2.500732743e-06,1.339797306e-06,1.250099315e-06,2.478998774e-10,2.156249088e-06,3.474967576e+01,1.339951529e-11,6.446577e-17,3.310135e-23,2.628602e-27,6.820371e-03
6.370000,1.518850223e-06,2.487378313e-06,1.332638748e-06,1.243420032e-06,2.389684876e-10,2.234825582e-06,3.474967613e+01,1.325671049e-11,4.859084e-17,1.152109e-22,3.974268e-27,6.877930e-03
6.380000,1.510740586e-06,2.473592758e-06,1.325518439e-06,1.236776437e-06,2.303586204e-10,2.312529213e-06,3.474967649e+01,1.311542763e-11,6.740012e-16,1.098489e-22,5.154180e-28,6.838081e-03
6.390000,1.502674078e-06,2.460812968e-06,1.318436176e-06,1.230168338e-06,2.220583351e-10,2.388836541e-06,3.474967685e+01,1.297565048e-11,2.293493e-16,5.756367e-22,3.142729e-27,6.827560e-03
6.400000,1.494650476e-06,2.448147866e-06,1.311391754e-06,1.223595546e-06,2.140570601e-10,2.463342832e-06,3.474967721e+01,1.283736301e-11,4.559987e-16,2.425522e-22,7.640378e-28,6.859460e-03
6.410000,1.486669558e-06,2.434505000e-06,1.304384971e-06,1.217057872e-06,2.063434917e-10,2.535738124e-06,3.474967757e+01,1.270054934e-11,2.398260e-16,3.251373e-22,3.537422e-27,6.823301e-03
6.420000,1.478731101e-06,2.421702316e-06,1.297415627e-06,1.210555130e-06,1.989079020e-10,2.605788032e-06,3.474967792e+01,1.256519375e-11,5.571509e-17,2.857181e-22,1.372819e-27,6.846241e-03
6.430000,1.470834886e-06,2.408462842e-06,1.290483521e-06,1.204087131e-06,1.917394276e-10,2.673318480e-06,3.474967828e+01,1.243128071e-11,4.451699e-16,3.212855e-22,2.024061e-27,6.875630e-03
6.440000,1.462980693e-06,2.395520981e-06,1.283588453e-06,1.197653691e-06,1.848295490e-10,2.738203622e-06,3.474967863e+01,1.229879485e-11,4.462408e-16,5.270861e-22,1.622819e-27,6.868191e-03
6.450000,1.455168304e-06,2.382881583e-06,1.276730228e-06,1.191254625e-06,1.781687893e-10,2.800356258e-06,3.474967899e+01,1.216772095e-11,2.704803e-16,5.992637e-22,3.332722e-27,6.856821e-03
6.460000,1.447397501e-06,2.370362142e-06,1.269908646e-06,1.184889749e-06,1.717473143e-10,2.859720222e-06,3.474967934e+01,1.203804396e-11,2.020791e-16,3.291949e-22,3.250049e-27,6.887881e-03
6.470000,1.439668067e-06,2.358152897e-06,1.263123513e-06,1.178558881e-06,1.655574206e-10,2.916264296e-06,3.474967969e+01,1.190974901e-11,5.554657e-16,3.182052e-22,2.025163e-27,6.896311e-03
6.480000,1.431979787e-06,2.344554593e-06,1.256374633e-06,1.172261838e-06,1.595907537e-10,2.969977327e-06,3.474968004e+01,1.178282136e-11,6.693431e-16,3.224664e-22,9.180609e-28,6.872800e-03
6.490000,1.424332446e-06,2.332971786e-06,1.249661813e-06,1.165998441e-06,1.538390222e-10,3.020864451e-06,3.474968039e+01,1.165724643e-11,4.448031e-16,8.480893e-23,1.073200e-27,6.862851e-03
6.500000,1.416725830e-06,2.320757190e-06,1.242984860e-06,1.159768509e-06,1.482945367e-10,3.068943763e-06,3.474968074e+01,1.153300981e-11,7.794317e-16,3.281958e-22,3.944200e-27,6.880361e-03
6.510000,1.409159726e-06,2.308285585e-06,1.236343582e-06,1.153571863e-06,1.429498600e-10,3.114243918e-06,3.474968109e+01,1.141009724e-11,6.886359e-16,4.766716e-22,4.608465e-28,6.862510e-03
6.520000,1.401633924e-06,2.294778824e-06,1.229737790e-06,1.147408327e-06,1.377979838e-10,3.156802081e-06,3.474968144e+01,1.128849461e-11,6.766298e-16,9.670109e-23,6.288726e-28,6.860841e-03
6.530000,1.394148211e-06,2.283332504e-06,1.223167292e-06,1.141277721e-06,1.328319773e-10,3.196662130e-06,3.474968178e+01,1.116818795e-11,2.238369e-16,1.610196e-22,4.550898e-27,6.846621e-03
6.540000,1.386702378e-06,2.271242009e-06,1.216631902e-06,1.135179872e-06,1.280448206e-10,3.233873349e-06,3.474968213e+01,1.104916346e-11,4.550389e-16,1.016223e-22,1.843654e-27,6.895050e-03
6.550000,1.379296217e-06,2.258496992e-06,1.210131430e-06,1.129114604e-06,1.234305534e-10,3.268489276e-06,3.474968247e+01,1.093140747e-11,4.690728e-16,8.973254e-23,6.893562e-28,6.849391e-03
6.560000,1.371929519e-06,2.246668191e-06,1.203665690e-06,1.123081742e-06,1.189825748e-10,3.300566763e-06,3.474968281e+01,1.081490646e-11,2.226005e-16,3.642634e-22,2.983241e-27,6.854990e-03
6.570000,1.364602076e-06,2.235174179e-06,1.197234498e-06,1.117081114e-06,1.146952821e-10,3.330165243e-06,3.474968315e+01,1.069964705e-11,4.444281e-16,3.276031e-22,1.097132e-27,6.848671e-03
6.580000,1.357313684e-06,2.222821754e-06,1.190837667e-06,1.111112547e-06,1.105626503e-10,3.357345995e-06,3.474968349e+01,1.058561601e-11,1.088745e-16,1.571394e-22,1.523107e-27,6.865190e-03
6.590000,1.350064138e-06,2.210802082e-06,1.184475016e-06,1.105175871e-06,1.065793052e-10,3.382171728e-06,3.474968383e+01,1.047280026e-11,2.234265e-16,3.887810e-22,1.350431e-27,6.868160e-03
6.600000,1.342853232e-06,2.199726354e-06,1.178146360e-06,1.099270914e-06,1.027391670e-10,3.404706021e-06,3.474968417e+01,1.036118684e-11,5.555140e-16,4.801109e-22,2.276989e-27,6.847501e-03
6.610000,1.335680764e-06,2.187579787e-06,1.171851518e-06,1.093397507e-06,9.903818792e-11,3.425013055e-06,3.474968451e+01,1.025076293e-11,1.177356e-16,2.415498e-22,1.374127e-27,6.839821e-03
6.620000,1.328546532e-06,2.176385883e-06,1.165590310e-06,1.087555481e-06,9.547017477e-11,3.443157192e-06,3.474968485e+01,1.014151586e-11,7.776516e-16,1.853044e-22,1.926730e-27,6.842210e-03
6.630000,1.321450335e-06,2.164108317e-06,1.159362556e-06,1.081744670e-06,9.203151368e-11,3.459202852e-06,3.474968518e+01,1.003343309e-11,9.890698e-19,3.268857e-22,6.928546e-28,6.836871e-03
6.640000,1.314391972e-06,2.152586076e-06,1.153168077e-06,1.075964906e-06,8.871673753e-11,3.473214143e-06,3.474968552e+01,9.926502200e-12,1.392244e-16,5.294751e-23,3.663681e-28,6.867680e-03
6.650000,1.307371244e-06,2.141831351e-06,1.147006695e-06,1.070216023e-06,8.552215746e-11,3.485254819e-06,3.474968585e+01,9.820710927e-12,8.928371e-16,2.963536e-22,4.536883e-28,6.855470e-03
6.660000,1.300387953e-06,2.129980133e-06,1.140878233e-06,1.064497857e-06,8.244256592e-11,3.495388024e-06,3.474968618e+01,9.716047123e-12,4.522662e-16,1.558538e-22,1.396616e-27,6.857091e-03
6.670000,1.293441902e-06,2.118272262e-06,1.134782517e-06,1.058810242e-06,7.947438816e-11,3.503676222e-06,3.474968651e+01,9.612498764e-12,6.018810e-17,2.646932e-22,1.053145e-27,6.860450e-03
6.680000,1.286532894e-06,2.107553149e-06,1.128719369e-06,1.053153017e-06,7.661347839e-11,3.510181091e-06,3.474968684e+01,9.510053969e-12,6.703073e-16,3.109223e-22,6.025349e-28,6.861190e-03
6.690000,1.279660733e-06,2.096355605e-06,1.122688618e-06,1.047526018e-06,7.385623777e-11,3.514963405e-06,3.474968717e+01,9.408700980e-12,7.776722e-16,2.272058e-22,1.267038e-27,6.876570e-03
6.700000,1.272825226e-06,2.084458882e-06,1.116690089e-06,1.041929085e-06,7.119854945e-11,3.518082988e-06,3.474968750e+01,9.308428155e-12,2.800915e-17,2.453999e-22,1.077317e-27,6.885841e-03
6.710000,1.266026179e-06,2.073350803e-06,1.110723610e-06,1.036362055e-06,6.863650269e-11,3.519598647e-06,3.474968783e+01,9.209223981e-12,7.104296e-17,3.456211e-22,3.051772e-28,6.892991e-03
6.720000,1.259263399e-06,2.063044107e-06,1.104789010e-06,1.030824770e-06,6.616763463e-11,3.519568129e-06,3.474968816e+01,9.111077073e-12,7.777330e-16,2.505307e-22,1.777447e-27,6.879831e-03
6.730000,1.252536695e-06,2.051387178e-06,1.098886119e-06,1.025317071e-06,6.378758823e-11,3.518048077e-06,3.474968848e+01,9.013976160e-12,8.613133e-17,1.588384e-22,5.075789e-28,6.888091e-03
6.740000,1.245845875e-06,2.040316704e-06,1.093014767e-06,1.019838800e-06,6.149354195e-11,3.515094030e-06,3.474968881e+01,8.917910097e-12,6.069221e-17,1.491032e-22,1.869801e-27,6.893370e-03
6.750000,1.239190751e-06,2.029623490e-06,1.087174786e-06,1.014389799e-06,5.928247461e-11,3.510760345e-06,3.474968913e+01,8.822867848e-12,1.243492e-16,1.208338e-22,1.521668e-27,6.887861e-03
6.760000,1.232571133e-06,2.017993571e-06,1.081366008e-06,1.008969912e-06,5.715102300e-11,3.505100248e-06,3.474968945e+01,8.728838509e-12,6.713715e-16,2.538046e-22,9.724381e-28,6.862660e-03
6.770000,1.225986834e-06,2.008287381e-06,1.075588266e-06,1.003578983e-06,5.509743738e-11,3.498165782e-06,3.474968977e+01,8.635811290e-12,4.449999e-16,8.691377e-23,1.329777e-27,6.881660e-03
6.780000,1.219437666e-06,1.996977993e-06,1.069841395e-06,9.982168582e-07,5.311758400e-11,3.490007782e-06,3.474969009e+01,8.543775496e-12,2.333144e-16,3.326509e-22,1.638602e-27,6.900680e-03
6.790000,1.212923444e-06,1.986498608e-06,1.064125230e-06,9.928833833e-07,5.120948416e-11,3.480675928e-06,3.474969041e+01,8.452720576e-12,1.331846e-16,5.472469e-23,6.376107e-28,6.880800e-03
6.800000,1.206443984e-06,1.975738888e-06,1.058439606e-06,9.875784057e-07,4.937125242e-11,3.470218724e-06,3.474969073e+01,8.362636078e-12,1.090759e-16,5.872818e-23,2.362275e-28,6.856881e-03
6.810000,1.199999099e-06,1.964694229e-06,1.052784360e-06,9.823017723e-07,4.759919244e-11,3.458683462e-06,3.474969105e+01,8.273511647e-12,6.779762e-16,1.596027e-22,5.080760e-28,6.881891e-03
6.820000,1.193588608e-06,1.954496197e-06,1.047159331e-06,9.770533316e-07,4.589083694e-11,3.446116305e-06,3.474969137e+01,8.185337051e-12,2.221171e-16,2.715302e-22,4.402515e-28,6.880611e-03
6.830000,1.187212328e-06,1.944473073e-06,1.041564356e-06,9.718329335e-07,4.424455908e-11,3.432562223e-06,3.474969168e+01,8.098102174e-12,1.276757e-16,4.239579e-22,6.419622e-28,6.886671e-03
6.840000,1.180870078e-06,1.933938811e-06,1.035999274e-06,9.666404281e-07,4.265787838e-11,3.418065046e-06,3.474969200e+01,8.011797000e-12,4.786266e-19,2.258545e-22,9.473941e-28,6.937641e-03
6.850000,1.174561677e-06,1.924039411e-06,1.030463928e-06,9.614756662e-07,4.112877600e-11,3.402667490e-06,3.474969231e+01,7.926411621e-12,4.520445e-16,4.299118e-23,1.538523e-27,6.896751e-03
6.860000,1.168286946e-06,1.913160544e-06,1.024958157e-06,9.563384997e-07,3.965477408e-11,3.386411083e-06,3.474969262e+01,7.841936232e-12,2.377585e-16,8.412844e-23,2.803576e-28,6.884580e-03
6.870000,1.162045706e-06,1.903619697e-06,1.019481803e-06,9.512287809e-07,3.823430728e-11,3.369336315e-06,3.474969293e+01,7.758361134e-12,4.491629e-16,2.506321e-22,1.660873e-27,6.896570e-03
6.880000,1.155837781e-06,1.893327257e-06,1.014034709e-06,9.461463636e-07,3.686546124e-11,3.351482533e-06,3.474969324e+01,7.675676737e-12,3.331158e-16,1.631262e-22,5.605113e-28,6.891720e-03
6.890000,1.149662991e-06,1.882270893e-06,1.008616719e-06,9.410911014e-07,3.554630233e-11,3.332888010e-06,3.474969355e+01,7.593873543e-12,6.682925e-16,2.110363e-22,7.092269e-28,6.887440e-03
6.900000,1.143521162e-06,1.872809809e-06,1.003227678e-06,9.360628497e-07,3.427484645e-11,3.313589974e-06,3.474969386e+01,7.512942165e-12,3.866715e-17,1.092225e-22,9.124447e-28,6.877751e-03
6.910000,1.137412120e-06,1.862823955e-06,9.978674302e-07,9.310614640e-07,3.304913849e-11,3.293624581e-06,3.474969417e+01,7.432873311e-12,1.160915e-16,2.592705e-22,2.162251e-28,6.888731e-03
6.920000,1.131335689e-06,1.852784281e-06,9.925358225e-07,9.260868005e-07,3.186830762e-11,3.273027002e-06,3.474969448e+01,7.353657784e-12,1.123483e-16,1.323570e-22,6.068162e-28,6.895490e-03
6.930000,1.125291697e-06,1.843171846e-06,9.872327014e-07,9.211387167e-07,3.073013336e-11,3.251831349e-06,3.474969478e+01,7.275286494e-12,1.113637e-16,4.891988e-23,8.415036e-28,6.873651e-03
6.940000,1.119279971e-06,1.833993368e-06,9.819579150e-07,9.162170705e-07,2.963290466e-11,3.230070779e-06,3.474969509e+01,7.197750443e-12,7.773407e-16,2.633163e-22,6.722111e-28,6.893850e-03
6.950000,1.113300339e-06,1.822820745e-06,9.767113119e-07,9.113217207e-07,2.857574798e-11,3.207777455e-06,3.474969539e+01,7.121040729e-12,4.514990e-16,2.657459e-22,9.266452e-28,6.919830e-03
6.960000,1.107352633e-06,1.813294380e-06,9.714927414e-07,9.064525267e-07,2.755695291e-11,3.184982601e-06,3.474969569e+01,7.045148545e-12,2.282204e-16,2.968182e-22,1.817974e-27,6.928660e-03
6.970000,1.101436681e-06,1.803471478e-06,9.663020537e-07,9.016093491e-07,2.657507819e-11,3.161716497e-06,3.474969599e+01,6.970065182e-12,4.444943e-16,1.890464e-22,8.239578e-28,6.857040e-03
6.980000,1.095552314e-06,1.794089907e-06,9.611390999e-07,8.967920483e-07,2.562884632e-11,3.138008508e-06,3.474969629e+01,6.895782013e-12,2.317483e-16,8.845044e-23,4.254528e-28,6.831740e-03
6.990000,1.089699366e-06,1.784907838e-06,9.560037317e-07,8.920004861e-07,2.471664488e-11,3.113887109e-06,3.474969659e+01,6.822290511e-12,2.265906e-16,3.738679e-22,9.458894e-28,6.832051e-03
7.000000,1.083877668e-06,1.775428177e-06,9.508958019e-07,8.872345253e-07,2.383738622e-11,3.089379886e-06,3.474969689e+01,6.749582241e-12,2.230742e-16,1.055287e-22,6.684353e-28,6.859441e-03
7.010000,1.078087055e-06,1.765646129e-06,9.458151639e-07,8.824940297e-07,2.299086368e-11,3.064513592e-06,3.474969719e+01,6.677648866e-12,1.434344e-18,3.161810e-22,2.058724e-28,6.856591e-03
7.020000,1.072327362e-06,1.756315362e-06,9.407616717e-07,8.777788624e-07,2.217473156e-11,3.039314095e-06,3.474969748e+01,6.606482116e-12,1.623193e-16,2.479582e-22,1.821981e-28,6.874431e-03
7.030000,1.066598423e-06,1.747443105e-06,9.357351804e-07,8.730888879e-07,2.138813825e-11,3.013806460e-06,3.474969778e+01,6.536073817e-12,4.440892e-16,3.548373e-22,1.610383e-27,6.900760e-03
7.040000,1.060900075e-06,1.737759082e-06,9.307355454e-07,8.684239721e-07,2.063016155e-11,2.988014974e-06,3.474969807e+01,6.466415894e-12,2.256974e-16,2.026978e-22,4.364628e-28,6.875510e-03
7.050000,1.055232156e-06,1.729048455e-06,9.257626236e-07,8.637839810e-07,1.989977180e-11,2.961963099e-06,3.474969836e+01,6.397500347e-12,6.696043e-16,2.639252e-22,6.560056e-28,6.890280e-03
7.060000,1.049594503e-06,1.719777351e-06,9.208162721e-07,8.591687810e-07,1.919541602e-11,2.935673531e-06,3.474969866e+01,6.329319260e-12,5.583696e-16,1.762671e-22,2.455349e-28,6.870450e-03
7.070000,1.043986955e-06,1.709936653e-06,9.158963492e-07,8.545782405e-07,1.851702844e-11,2.909168250e-06,3.474969895e+01,6.261864817e-12,7.878614e-17,1.826166e-22,9.181981e-28,6.825601e-03
7.080000,1.038409353e-06,1.700822481e-06,9.110027133e-07,8.500122269e-07,1.786296654e-11,2.882468480e-06,3.474969924e+01,6.195129261e-12,7.164829e-17,2.072784e-22,3.074335e-28,6.843950e-03
7.090000,1.032861537e-06,1.691921702e-06,9.061352243e-07,8.454706096e-07,1.723291193e-11,2.855594729e-06,3.474969953e+01,6.129104939e-12,1.126946e-16,1.291378e-22,2.791251e-28,6.866601e-03
7.100000,1.027343347e-06,1.682709958e-06,9.012937423e-07,8.409532585e-07,1.662586297e-11,2.828566803e-06,3.474969981e+01,6.063784271e-12,9.813183e-17,2.694563e-22,1.379916e-27,6.860190e-03
7.110000,1.021854627e-06,1.673978170e-06,8.964781281e-07,8.364600435e-07,1.604121134e-11,2.801403835e-06,3.474970010e+01,5.999159755e-12,2.345201e-16,1.450345e-23,4.699211e-28,6.864520e-03
7.120000,1.016395220e-06,1.664133502e-06,8.916882438e-07,8.319908354e-07,1.547694723e-11,2.774124272e-06,3.474970039e+01,5.935223966e-12,4.528022e-16,1.810665e-22,3.689030e-28,6.875120e-03
7.130000,1.010964969e-06,1.656108378e-06,8.869239519e-07,8.275455069e-07,1.493405635e-11,2.746745945e-06,3.474970067e+01,5.871969578e-12,1.110257e-16,1.625374e-22,2.065139e-28,6.867330e-03
7.140000,1.005563718e-06,1.646965966e-06,8.821851156e-07,8.231239294e-07,1.441023803e-11,2.719286035e-06,3.474970095e+01,5.809389316e-12,8.965564e-17,2.598702e-22,3.791100e-28,6.832881e-03
7.150000,1.000191315e-06,1.638043652e-06,8.774715989e-07,8.187259762e-07,1.390537409e-11,2.691761075e-06,3.474970124e+01,5.747475997e-12,2.250826e-16,4.131699e-22,6.728821e-28,6.846150e-03
7.160000,9.948476037e-07,1.629890074e-06,8.727832666e-07,8.143515218e-07,1.341966457e-11,2.664187069e-06,3.474970152e+01,5.686222525e-12,2.386651e-16,1.544573e-22,5.953099e-28,6.854830e-03
7.170000,9.895324332e-07,1.621421636e-06,8.681199841e-07,8.100004401e-07,1.295116734e-11,2.636579352e-06,3.474970180e+01,5.625621859e-12,4.660791e-16,1.338617e-22,8.609015e-28,6.843890e-03
7.180000,9.842456501e-07,1.612082521e-06,8.634816176e-07,8.056726058e-07,1.249970908e-11,2.608952752e-06,3.474970208e+01,5.565667035e-12,5.608394e-17,1.324593e-22,3.619499e-28,6.841630e-03
7.190000,9.789871037e-07,1.603520042e-06,8.588680338e-07,8.013678954e-07,1.206479569e-11,2.581321501e-06,3.474970236e+01,5.506351181e-12,3.862140e-17,1.952723e-22,3.637528e-28,6.864600e-03
7.200000,9.737566436e-07,1.594911594e-06,8.542791003e-07,7.970861847e-07,1.164547265e-11,2.553699292e-06,3.474970263e+01,5.447667479e-12,2.239229e-16,8.885650e-23,1.579105e-27,6.840410e-03
7.210000,9.685541196e-07,1.586256430e-06,8.497146857e-07,7.928273515e-07,1.124165893e-11,2.526099314e-06,3.474970291e+01,5.389609199e-12,2.312215e-16,1.740995e-22,7.807311e-28,6.877260e-03
7.220000,9.633793835e-07,1.578116691e-06,8.451746587e-07,7.885912731e-07,1.085229878e-11,2.498534218e-06,3.474970318e+01,5.332169671e-12,1.152855e-16,1.670569e-22,2.055585e-28,6.854270e-03
7.230000,9.582322867e-07,1.569651852e-06,8.406588890e-07,7.843778284e-07,1.047715904e-11,2.471016147e-06,3.474970346e+01,5.275342306e-12,1.280715e-16,1.191386e-22,3.031792e-28,6.864411e-03
7.240000,9.531126823e-07,1.562278559e-06,8.361672472e-07,7.801868959e-07,1.011601500e-11,2.443556785e-06,3.474970373e+01,5.219120574e-12,7.801052e-16,5.793689e-23,2.591467e-28,6.906040e-03
7.250000,9.480204233e-07,1.553441588e-06,8.316996042e-07,7.760183554e-07,9.767391622e-12,2.416167310e-06,3.474970400e+01,5.163498020e-12,4.474548e-16,1.576758e-22,3.319284e-28,6.891031e-03
7.260000,9.429553638e-07,1.544841550e-06,8.272558318e-07,7.718720879e-07,9.432007387e-12,2.388858469e-06,3.474970427e+01,5.108468266e-12,1.175618e-16,4.043777e-23,1.868693e-28,6.882200e-03
7.270000,9.379173589e-07,1.535904256e-06,8.228358025e-07,7.677479735e-07,9.108709806e-12,2.361640512e-06,3.474970454e+01,5.054024986e-12,4.534054e-16,1.107256e-22,5.911046e-28,6.889680e-03
7.280000,9.329062647e-07,1.528077572e-06,8.184393894e-07,7.636458941e-07,8.796753918e-12,2.334523304e-06,3.474970481e+01,5.000161931e-12,8.101966e-17,1.094619e-22,7.187800e-28,6.815580e-03
7.290000,9.279219370e-07,1.519918442e-06,8.140664663e-07,7.595657323e-07,8.496653437e-12,2.307516260e-06,3.474970508e+01,4.946872920e-12,2.778913e-17,2.072547e-22,9.190998e-28,6.927940e-03
7.300000,9.229642341e-07,1.511715275e-06,8.097169078e-07,7.555073710e-07,8.207358484e-12,2.280628387e-06,3.474970534e+01,4.894151837e-12,2.224118e-16,1.046988e-22,5.762868e-28,6.872181e-03
7.310000,9.180330130e-07,1.503467352e-06,8.053905889e-07,7.514706934e-07,7.928599293e-12,2.253868271e-06,3.474970561e+01,4.841992625e-12,2.223746e-16,1.359281e-22,1.691327e-28,6.845871e-03
7.320000,9.131281327e-07,1.496064710e-06,8.010873858e-07,7.474555838e-07,7.660225308e-12,2.227244136e-06,3.474970587e+01,4.790389298e-12,2.342857e-16,3.970470e-23,8.939619e-28,6.858850e-03
7.330000,9.082494530e-07,1.488028494e-06,7.968071744e-07,7.434619269e-07,7.401330661e-12,2.200763809e-06,3.474970614e+01,4.739335932e-12,2.818473e-16,1.533711e-22,6.122638e-28,6.845940e-03
7.340000,9.033968342e-07,1.479648541e-06,7.925498324e-07,7.394896081e-07,7.151914998e-12,2.174434717e-06,3.474970640e+01,4.688826663e-12,2.413235e-16,3.631935e-22,2.526623e-28,6.884390e-03
7.350000,8.985701368e-07,1.472427765e-06,7.883152373e-07,7.355385136e-07,6.912025908e-12,2.148264016e-06,3.474970666e+01,4.638855697e-12,3.477607e-16,1.343786e-22,7.187442e-28,6.849500e-03
7.360000,8.937692229e-07,1.464565083e-06,7.841032677e-07,7.316085293e-07,6.680350258e-12,2.122258398e-06,3.474970692e+01,4.589417289e-12,3.708865e-16,5.311411e-23,4.678161e-28,6.861410e-03
7.370000,8.889939544e-07,1.456964798e-06,7.799138026e-07,7.276995436e-07,6.457682065e-12,2.096424336e-06,3.474970718e+01,4.540505776e-12,4.541338e-16,1.011949e-22,5.091562e-28,6.886701e-03
7.380000,8.842441950e-07,1.447791791e-06,7.757467217e-07,7.238114431e-07,6.242902835e-12,2.070767875e-06,3.474970744e+01,4.492115530e-12,4.484655e-16,9.096939e-23,2.997930e-28,6.886240e-03
7.390000,8.795198086e-07,1.441027809e-06,7.716019056e-07,7.199441170e-07,6.036336315e-12,2.045294807e-06,3.474970769e+01,4.444241004e-12,1.111146e-16,1.205865e-22,3.727996e-28,6.877700e-03
7.400000,8.748206599e-07,1.432992849e-06,7.674792353e-07,7.160974540e-07,5.836614874e-12,2.020010548e-06,3.474970795e+01,4.396876697e-12,8.329889e-17,7.203186e-23,3.659053e-28,6.920370e-03
7.410000,8.701466140e-07,1.425224209e-06,7.633785924e-07,7.122713440e-07,5.645146004e-12,1.994920298e-06,3.474970820e+01,4.350017178e-12,2.224844e-16,9.559656e-23,1.379752e-28,6.894640e-03
7.420000,8.654975366e-07,1.417412990e-06,7.592998593e-07,7.084656766e-07,5.460021655e-12,1.970028892e-06,3.474970846e+01,4.303657058e-12,2.224341e-16,2.434543e-22,5.620822e-28,6.941171e-03
7.430000,8.608732949e-07,1.410188456e-06,7.552429189e-07,7.046803425e-07,5.281592274e-12,1.945340916e-06,3.474970871e+01,4.257791014e-12,8.227554e-17,4.445250e-23,4.053297e-28,6.943150e-03
7.440000,8.562737566e-07,1.401659967e-06,7.512076547e-07,7.009152341e-07,5.110047417e-12,1.920860670e-06,3.474970896e+01,4.212413794e-12,8.900759e-16,2.758023e-22,5.574246e-28,6.859170e-03
7.450000,8.516987893e-07,1.395627198e-06,7.471939509e-07,6.971702423e-07,4.944601360e-12,1.896592221e-06,3.474970921e+01,4.167520174e-12,2.387211e-16,2.713278e-23,2.784092e-28,6.877520e-03
7.460000,8.471482626e-07,1.387969377e-06,7.432016924e-07,6.934452601e-07,4.785045328e-12,1.872539316e-06,3.474970946e+01,4.123105008e-12,3.243019e-17,8.772972e-23,3.027439e-28,6.904490e-03
7.470000,8.426220452e-07,1.380269072e-06,7.392307646e-07,6.897401808e-07,4.632206508e-12,1.848705517e-06,3.474970971e+01,4.079163198e-12,1.164904e-16,1.529987e-22,3.879705e-28,6.889430e-03
7.480000,8.381200078e-07,1.373495891e-06,7.352810534e-07,6.860548975e-07,4.484316568e-12,1.825094090e-06,3.474970996e+01,4.035689693e-12,3.986387e-16,5.716057e-23,9.372438e-28,6.905600e-03
7.490000,8.336420215e-07,1.366039114e-06,7.313524455e-07,6.823893045e-07,4.341882231e-12,1.801708089e-06,3.474971020e+01,3.992679503e-12,2.263880e-16,3.747910e-25,1.043341e-28,6.906550e-03
7.500000,8.291879573e-07,1.358214481e-06,7.274448283e-07,6.787432969e-07,4.204769302e-12,1.778550353e-06,3.474971045e+01,3.950127694e-12,2.343842e-16,2.179631e-22,2.427307e-28,6.908370e-03
7.510000,8.247576881e-07,1.351330763e-06,7.235580895e-07,6.751167701e-07,4.072979419e-12,1.755623484e-06,3.474971069e+01,3.908029381e-12,4.879566e-17,4.754968e-23,2.411164e-28,6.894160e-03
7.520000,8.203510867e-07,1.344411799e-06,7.196921173e-07,6.715096198e-07,3.945834606e-12,1.732929876e-06,3.474971094e+01,3.866379727e-12,2.221286e-16,1.862187e-22,2.056105e-28,6.908029e-03
7.530000,8.159680267e-07,1.336460550e-06,7.158468012e-07,6.679217420e-07,3.822821410e-12,1.710471682e-06,3.474971118e+01,3.825173949e-12,2.232501e-16,1.222843e-22,2.297239e-28,6.878580e-03
7.540000,8.116083825e-07,1.329798193e-06,7.120220305e-07,6.643530347e-07,3.704838625e-12,1.688250940e-06,3.474971142e+01,3.784407324e-12,1.207042e-16,1.636538e-22,6.128965e-28,6.892660e-03
7.550000,8.072720291e-07,1.323102288e-06,7.082176956e-07,6.608033945e-07,3.590608668e-12,1.666269403e-06,3.474971166e+01,3.744075162e-12,3.480857e-16,9.729720e-23,3.614790e-28,6.930560e-03
7.560000,8.029588422e-07,1.316034923e-06,7.044336872e-07,6.572727205e-07,3.481196874e-12,1.644528692e-06,3.474971190e+01,3.704172843e-12,2.334639e-16,6.975711e-23,1.272764e-28,6.893040e-03
7.570000,7.986686978e-07,1.308590078e-06,7.006698969e-07,6.537609110e-07,3.376235973e-12,1.623030237e-06,3.474971214e+01,3.664695783e-12,1.404376e-16,1.706315e-22,6.177607e-29,6.892650e-03
7.580000,7.944014734e-07,1.302467190e-06,6.969262165e-07,6.502678651e-07,3.274938266e-12,1.601775272e-06,3.474971237e+01,3.625639447e-12,6.674051e-16,8.792201e-23,5.099670e-29,6.896271e-03
7.590000,7.901570459e-07,1.294944345e-06,6.932025386e-07,6.467934823e-07,3.177126947e-12,1.580764865e-06,3.474971261e+01,3.586999350e-12,2.339251e-16,2.096891e-22,1.085778e-28,7.013790e-03
7.600000,7.859352946e-07,1.287032538e-06,6.894987564e-07,6.433376633e-07,3.082992205e-12,1.559999955e-06,3.474971284e+01,3.548771059e-12,4.469056e-16,2.442351e-22,2.287390e-28,6.912590e-03
7.610000,7.817360977e-07,1.282192753e-06,6.858147634e-07,6.399003091e-07,2.992723449e-12,1.539481299e-06,3.474971308e+01,3.510950190e-12,8.895011e-16,7.575861e-23,9.100445e-28,6.901661e-03
7.620000,7.775593349e-07,1.273853199e-06,6.821504540e-07,6.364813199e-07,2.905201810e-12,1.519209464e-06,3.474971331e+01,3.473532386e-12,4.210149e-17,1.389911e-22,2.013750e-28,6.912210e-03
7.630000,7.734048862e-07,1.266160356e-06,6.785057231e-07,6.330805987e-07,2.821130152e-12,1.499184917e-06,3.474971354e+01,3.436513364e-12,6.693618e-16,1.158024e-22,2.608021e-28,6.934710e-03
7.640000,7.692726330e-07,1.261240481e-06,6.748804661e-07,6.296980473e-07,2.739703383e-12,1.479407995e-06,3.474971377e+01,3.399888868e-12,4.475113e-16,4.972079e-23,1.521022e-28,6.884659e-03
7.650000,7.651624566e-07,1.254178608e-06,6.712745786e-07,6.263335693e-07,2.661837857e-12,1.459878847e-06,3.474971400e+01,3.363654700e-12,2.552347e-16,1.104275e-22,1.708547e-28,6.864120e-03
7.660000,7.610742389e-07,1.247076747e-06,6.676879574e-07,6.229870677e-07,2.587148934e-12,1.440597559e-06,3.474971423e+01,3.327806697e-12,4.647830e-17,7.713676e-23,1.708563e-28,6.876781e-03
7.670000,7.570078626e-07,1.240650314e-06,6.641204994e-07,6.196584466e-07,2.515222021e-12,1.421563997e-06,3.474971446e+01,3.292340743e-12,1.147576e-16,5.296287e-23,4.292530e-28,6.871350e-03
7.680000,7.529632113e-07,1.234550189e-06,6.605721025e-07,6.163476098e-07,2.445560127e-12,1.402777968e-06,3.474971468e+01,3.257252760e-12,5.556836e-16,1.447507e-22,3.055481e-28,6.867950e-03
7.690000,7.489401690e-07,1.228058206e-06,6.570426648e-07,6.130544630e-07,2.378738245e-12,1.384239146e-06,3.474971491e+01,3.222538729e-12,4.454553e-16,1.000292e-22,5.162452e-29,6.887240e-03
7.700000,7.449386203e-07,1.221895218e-06,6.535320849e-07,6.097789116e-07,2.314295982e-12,1.365947086e-06,3.474971513e+01,3.188194662e-12,7.793326e-16,5.138006e-23,4.546518e-28,6.898680e-03
7.710000,7.409584499e-07,1.214604609e-06,6.500402619e-07,6.065208611e-07,2.251814937e-12,1.347901212e-06,3.474971535e+01,3.154216610e-12,2.243416e-16,6.837596e-23,4.347368e-28,6.890810e-03
7.720000,7.369995445e-07,1.206534057e-06,6.465670956e-07,6.032802187e-07,2.192187990e-12,1.330100881e-06,3.474971558e+01,3.120600683e-12,6.668778e-16,1.359352e-22,2.043893e-28,6.873430e-03
7.730000,7.330617899e-07,1.201370023e-06,6.431124865e-07,6.000568911e-07,2.134894722e-12,1.312545344e-06,3.474971580e+01,3.087343016e-12,1.233729e-16,2.802316e-23,4.304224e-28,6.903979e-03
7.740000,7.291450731e-07,1.195440955e-06,6.396763356e-07,5.968507860e-07,2.080463445e-12,1.295233741e-06,3.474971602e+01,3.054439793e-12,4.547977e-16,1.400680e-22,1.686277e-28,6.857860e-03
7.750000,7.252492822e-07,1.188361766e-06,6.362585439e-07,5.936618108e-07,2.027108078e-12,1.278165077e-06,3.474971624e+01,3.021887232e-12,6.486030e-17,1.362710e-22,1.693549e-28,6.869520e-03
7.760000,7.213743050e-07,1.180864141e-06,6.328590135e-07,5.904898744e-07,1.976149376e-12,1.261338338e-06,3.474971646e+01,2.989681599e-12,6.751213e-16,5.296760e-23,2.069574e-28,6.888360e-03
7.770000,7.175200310e-07,1.177097419e-06,6.294776468e-07,5.873348854e-07,1.926791016e-12,1.244752367e-06,3.474971667e+01,2.957819195e-12,7.777447e-16,9.779073e-23,2.001148e-28,6.888031e-03
7.780000,7.136863488e-07,1.169907238e-06,6.261143466e-07,5.841967535e-07,1.879478159e-12,1.228405934e-06,3.474971689e+01,2.926296362e-12,2.276772e-16,3.373804e-23,1.425301e-28,6.886289e-03
7.790000,7.098731492e-07,1.163054484e-06,6.227690166e-07,5.810753889e-07,1.833622924e-12,1.212297761e-06,3.474971710e+01,2.895109484e-12,2.318368e-16,6.832947e-23,1.767128e-28,6.962040e-03
7.800000,7.060803224e-07,1.156161114e-06,6.194415608e-07,5.779707017e-07,1.789901336e-12,1.196426465e-06,3.474971732e+01,2.864254980e-12,4.441443e-16,6.060408e-23,9.135245e-29,6.901290e-03
7.810000,7.023077592e-07,1.152313645e-06,6.161318836e-07,5.748826025e-07,1.747862907e-12,1.180790605e-06,3.474971753e+01,2.833729303e-12,7.783828e-16,7.873132e-23,1.010002e-28,6.891200e-03
7.820000,6.985553519e-07,1.144579909e-06,6.128398899e-07,5.718110035e-07,1.707461890e-12,1.165388638e-06,3.474971774e+01,2.803528955e-12,1.290073e-17,1.102631e-22,1.148975e-28,6.868840e-03
7.830000,6.948229931e-07,1.139135054e-06,6.095654853e-07,5.687558159e-07,1.668159954e-12,1.150218962e-06,3.474971795e+01,2.773650465e-12,2.335394e-16,1.071251e-22,1.824390e-28,6.857760e-03
7.840000,6.911105749e-07,1.132488251e-06,6.063085759e-07,5.657169521e-07,1.630515319e-12,1.135279940e-06,3.474971816e+01,2.744090404e-12,2.609847e-17,1.689163e-23,3.794030e-28,6.842640e-03
7.850000,6.874179913e-07,1.126984978e-06,6.030690681e-07,5.626943251e-07,1.594715557e-12,1.120569854e-06,3.474971837e+01,2.714845378e-12,2.221036e-16,9.453014e-23,2.049190e-28,7.920638e-03
7.860000,6.837451369e-07,1.121058635e-06,5.998468691e-07,5.596878484e-07,1.560502841e-12,1.106086916e-06,3.474971858e+01,2.685912034e-12,3.943828e-16,2.023900e-22,3.383693e-29,7.013089e-03
7.870000,6.800919049e-07,1.114304012e-06,5.966418863e-07,5.566974349e-07,1.527439356e-12,1.091829297e-06,3.474971879e+01,2.657287043e-12,2.279902e-16,3.721552e-23,9.643818e-29,6.987800e-03
7.880000,6.764581914e-07,1.109511284e-06,5.934540277e-07,5.537229986e-07,1.494992344e-12,1.077795060e-06,3.474971899e+01,2.628967115e-12,5.703692e-16,4.415407e-23,2.060984e-28,7.039900e-03
7.890000,6.728438924e-07,1.103088589e-06,5.902832018e-07,5.507644555e-07,1.464459086e-12,1.063982345e-06,3.474971920e+01,2.600949013e-12,2.306425e-16,2.328446e-23,1.604155e-28,6.925100e-03
7.900000,6.692489036e-07,1.097437897e-06,5.871293177e-07,5.478217195e-07,1.434648825e-12,1.050389098e-06,3.474971940e+01,2.573229509e-12,3.333960e-16,9.377261e-23,1.260814e-28,6.914761e-03
7.910000,6.656731220e-07,1.090944124e-06,5.839922848e-07,5.448947065e-07,1.406120631e-12,1.037013318e-06,3.474971961e+01,2.545805424e-12,9.864308e-17,3.759089e-23,1.016978e-28,6.836500e-03
7.920000,6.621164453e-07,1.085230199e-06,5.808720130e-07,5.419833328e-07,1.378957782e-12,1.023852899e-06,3.474971981e+01,2.518673612e-12,1.146511e-16,1.853718e-22,2.716473e-28,6.857560e-03
7.930000,6.585787713e-07,1.079074561e-06,5.777684129e-07,5.390875145e-07,1.352276445e-12,1.010905732e-06,3.474972001e+01,2.491830956e-12,2.492783e-16,1.855420e-22,1.357937e-28,6.896530e-03
7.940000,6.550599985e-07,1.073297447e-06,5.746813953e-07,5.362071687e-07,1.327161027e-12,9.981697061e-07,3.474972021e+01,2.465274375e-12,2.435577e-16,1.915746e-22,2.281372e-28,6.860420e-03
7.950000,6.515600257e-07,1.068736379e-06,5.716108715e-07,5.333422122e-07,1.302690607e-12,9.856425112e-07,3.474972041e+01,2.439000817e-12,4.491045e-16,4.864788e-23,6.527176e-29,6.884979e-03
7.960000,6.480787526e-07,1.062067132e-06,5.685567538e-07,5.304925635e-07,1.279194579e-12,9.733220072e-07,3.474972061e+01,2.413007270e-12,2.326981e-16,8.082906e-23,9.782823e-29,6.966420e-03
7.970000,6.446160792e-07,1.056196996e-06,5.655189540e-07,5.276581402e-07,1.257042747e-12,9.612059240e-07,3.474972080e+01,2.387290747e-12,2.652041e-16,9.303515e-23,6.863923e-29,7.015620e-03
7.980000,6.411719065e-07,1.051139360e-06,5.624973854e-07,5.248388612e-07,1.235172655e-12,9.492919066e-07,3.474972100e+01,2.361848296e-12,1.588121e-16,1.327626e-22,2.284666e-28,6.968329e-03
7.990000,6.377461354e-07,1.043932431e-06,5.594919608e-07,5.220346460e-07,1.214450003e-12,9.375776695e-07,3.474972120e+01,2.336677001e-12,6.722137e-16,2.017849e-22,1.913490e-28,6.893760e-03
