t,pos_err,ori_err_geodesic,e_xi_norm,e_z_O_norm,e_z_T_norm,qddot_ref_norm,tau_norm,V,c0,c1,c2,runtime
0.000000,4.971004415e-16,7.884953353e-08,0.000000000e+00,3.300040363e-18,5.242539844e-16,1.775974742e-03,3.902507981e+01,2.198825043e-30,7.790215e-16,0.000000e+00,0.000000e+00,7.092638e-03
0.010000,3.476583956e-07,3.264680848e-07,1.239302421e-04,1.595774288e-07,5.306298913e-07,2.270350574e-01,3.934704888e+01,7.681808720e-09,2.297651e-16,1.296880e-19,2.182754e-22,6.963929e-03
0.020000,6.388896622e-07,5.915592087e-07,1.142487308e-04,2.935270705e-07,9.754250464e-07,2.268790819e-01,3.934641228e+01,6.534687147e-09,4.447562e-16,9.012446e-20,1.515958e-21,6.955700e-03
0.030000,8.774478120e-07,8.090658164e-07,1.052491769e-04,4.037775930e-07,1.340333632e-06,2.267013910e-01,3.934543806e+01,5.554370866e-09,7.376328e-17,7.050246e-19,2.711829e-21,6.997999e-03
0.040000,1.066909684e-06,9.866324280e-07,9.689012361e-05,4.921193849e-07,1.630972612e-06,2.265017739e-01,3.934412644e+01,4.717066052e-09,2.935940e-16,2.264796e-19,9.470116e-22,7.125948e-03
0.050000,1.210681108e-06,1.120662432e-06,8.913252703e-05,5.602145377e-07,1.852644640e-06,2.262800327e-01,3.934247766e+01,4.002272747e-09,2.423666e-16,8.927261e-19,3.054021e-21,7.067679e-03
0.060000,1.312003011e-06,1.220076650e-06,8.193960951e-05,6.096061052e-07,2.010354133e-06,2.260359818e-01,3.934049197e+01,3.392354950e-09,2.310013e-16,5.432962e-19,9.122824e-21,7.016569e-03
0.070000,1.373957478e-06,1.284614924e-06,7.527672250e-05,6.417266950e-07,2.108822562e-06,2.257694485e-01,3.933816965e+01,2.872164042e-09,4.497514e-16,9.265472e-19,1.702515e-20,7.005218e-03
0.080000,1.399473768e-06,1.318731719e-06,6.911121850e-05,6.579064397e-07,2.152503008e-06,2.254802725e-01,3.933551101e+01,2.428709142e-09,1.112049e-15,7.203267e-19,3.788046e-20,7.019519e-03
0.090000,1.391334338e-06,1.320078051e-06,6.341233131e-05,6.593803929e-07,2.145593997e-06,2.251683063e-01,3.933251640e+01,2.050868730e-09,2.785386e-17,7.867764e-19,1.355253e-20,6.988589e-03
0.100000,1.352180920e-06,1.295287240e-06,5.815106442e-05,6.472953916e-07,2.092052678e-06,2.248334146e-01,3.932918620e+01,1.729138552e-09,2.228820e-16,1.412006e-18,5.789642e-20,6.994759e-03
0.110000,1.284520842e-06,1.245294953e-06,5.330008676e-05,6.227164236e-07,1.995607341e-06,2.244754744e-01,3.932552080e+01,1.455411420e-09,8.892383e-16,1.087775e-18,4.079851e-20,7.023419e-03
0.120000,1.190733905e-06,1.175209531e-06,4.883363587e-05,5.866325392e-07,1.859769349e-06,2.240943752e-01,3.932152065e+01,1.222785034e-09,3.366019e-16,8.612255e-19,5.587850e-20,7.018159e-03
0.130000,1.073080658e-06,1.081951550e-06,4.472742784e-05,5.399623393e-07,1.687844494e-06,2.236900185e-01,3.931718624e+01,1.025394428e-09,2.289965e-16,6.219783e-19,2.443217e-20,7.025229e-03
0.140000,9.337142338e-07,9.684608465e-07,4.095857422e-05,4.835590791e-07,1.482943831e-06,2.232623176e-01,3.931251809e+01,8.582660155e-10,2.221792e-16,3.178934e-18,8.571371e-20,7.018779e-03
0.150000,7.747023645e-07,8.392410183e-07,3.750550543e-05,4.182154354e-07,1.247994103e-06,2.228111978e-01,3.930751674e+01,7.171906164e-10,1.180032e-16,2.145766e-18,8.677852e-20,7.009049e-03
0.160000,5.980844003e-07,6.938246922e-07,3.434790084e-05,3.446680016e-07,9.857479983e-07,2.223365962e-01,3.930218281e+01,5.986131073e-10,5.624061e-16,2.086044e-18,4.886433e-20,7.007739e-03
0.170000,4.060917253e-07,5.314515382e-07,3.146662537e-05,2.636017420e-07,6.987953995e-07,2.218384611e-01,3.929651693e+01,4.995366631e-10,2.294219e-16,1.581935e-18,6.910460e-20,6.986109e-03
0.180000,2.027578607e-07,3.551356580e-07,2.884367258e-05,1.756554365e-07,3.895843581e-07,2.213167524e-01,3.929051978e+01,4.174397703e-10,1.214398e-17,3.299484e-18,8.677852e-20,6.975199e-03
0.190000,6.466146907e-08,1.763129170e-07,2.646211414e-05,8.143918591e-08,6.085160641e-08,2.207714410e-01,3.928419209e+01,3.502044245e-10,4.536716e-16,1.734935e-18,9.583084e-20,6.997299e-03
0.200000,2.651540217e-07,7.300048300e-08,2.430605535e-05,1.890806961e-08,2.870293361e-07,2.202025088e-01,3.927753463e+01,2.960541102e-10,2.292011e-16,4.866551e-18,8.677852e-20,6.980979e-03
0.210000,5.038052955e-07,2.528810911e-07,2.236059608e-05,1.239008693e-07,6.499413000e-07,2.196099485e-01,3.927054821e+01,2.535003294e-10,4.445768e-16,1.436887e-18,1.654297e-19,6.990529e-03
0.220000,7.530599346e-07,4.749708608e-07,2.061179615e-05,2.338767355e-07,1.026884724e-06,2.189937633e-01,3.926323368e+01,2.212965949e-10,7.792330e-16,3.241095e-18,2.672976e-19,6.993669e-03
0.230000,1.010208466e-06,6.989264130e-07,1.904664356e-05,3.481869059e-07,1.416057293e-06,2.183539669e-01,3.925559195e+01,1.983989345e-10,6.835857e-17,1.039521e-17,3.833234e-20,7.011889e-03
0.240000,1.273755229e-06,9.343871717e-07,1.765302302e-05,4.664125103e-07,1.815803269e-06,2.176905831e-01,3.924762396e+01,1.839320680e-10,9.714658e-17,5.797964e-18,2.116972e-19,7.010209e-03
0.250000,1.542491441e-06,1.178605553e-06,1.641968194e-05,5.881704736e-07,2.224578207e-06,2.170036456e-01,3.923933071e+01,1.771605191e-10,4.531617e-16,4.272637e-18,2.557086e-19,6.992719e-03
0.260000,1.815342322e-06,1.427403690e-06,1.533619012e-05,7.131057366e-07,2.640939608e-06,2.162931980e-01,3.923071322e+01,1.774640182e-10,1.346389e-16,4.690976e-18,3.090452e-19,6.993028e-03
0.270000,2.091324404e-06,1.682709958e-06,1.439288943e-05,8.408883990e-07,3.063540568e-06,2.155592933e-01,3.922177259e+01,1.843166260e-10,1.273112e-16,1.909704e-18,5.427783e-19,6.979209e-03
0.280000,2.369528789e-06,1.943330811e-06,1.358083034e-05,9.712116875e-07,3.491124265e-06,2.148019939e-01,3.921250995e+01,1.972690826e-10,2.222296e-16,9.572959e-18,1.954573e-19,6.975149e-03
0.290000,2.649112543e-06,2.208792444e-06,1.289169397e-05,1.103790221e-06,3.922518870e-06,2.140213714e-01,3.920292645e+01,2.159339439e-10,2.312134e-16,1.143644e-18,3.636525e-19,6.969129e-03
0.300000,2.929293170e-06,2.477001519e-06,1.231770108e-05,1.238358444e-06,4.356632775e-06,2.132175062e-01,3.919302334e+01,2.399731262e-10,4.546017e-16,5.827035e-18,2.498963e-19,6.973129e-03
0.310000,3.209344467e-06,2.749254145e-06,1.185151280e-05,1.374669187e-06,4.792450076e-06,2.123904874e-01,3.918280186e+01,2.690875226e-10,8.893285e-16,9.346106e-18,8.314671e-19,6.939699e-03
0.320000,3.488593078e-06,3.025926524e-06,1.148613143e-05,1.512492348e-06,5.229026308e-06,2.115404128e-01,3.917226333e+01,3.030084015e-10,6.690751e-16,1.626529e-18,5.561492e-19,6.923789e-03
0.330000,3.766415459e-06,3.304431190e-06,1.121481181e-05,1.651613656e-06,5.665484393e-06,2.106673882e-01,3.916140912e+01,3.414903306e-10,8.882898e-16,4.152672e-18,4.631714e-19,6.911079e-03
0.340000,4.042235109e-06,3.584093258e-06,1.103099304e-05,1.791833542e-06,6.101010812e-06,2.097715277e-01,3.915024062e+01,3.843054067e-10,2.225970e-16,2.812664e-18,2.168404e-19,6.939640e-03
0.350000,4.315519994e-06,3.866614454e-06,1.092825797e-05,1.932966083e-06,6.534851960e-06,2.088529531e-01,3.913875928e+01,4.312385954e-10,5.565435e-16,6.744966e-18,3.160965e-19,6.950799e-03
0.360000,4.585780132e-06,4.150341224e-06,1.090032225e-05,2.074838028e-06,6.966310708e-06,2.079117940e-01,3.912696659e+01,4.820840144e-10,4.482054e-16,6.654884e-18,5.421011e-20,6.953289e-03
0.370000,4.852565306e-06,4.434641651e-06,1.094104949e-05,2.217287884e-06,7.394743130e-06,2.069481873e-01,3.911486410e+01,5.366420142e-10,4.512014e-16,4.877874e-18,6.060874e-19,6.982179e-03
0.380000,5.115462896e-06,4.720823329e-06,1.104448461e-05,2.360165088e-06,7.819555409e-06,2.059622774e-01,3.910245339e+01,5.947169285e-10,1.277705e-16,1.253802e-17,7.589415e-19,6.949839e-03
0.390000,5.374095815e-06,5.006967553e-06,1.120489553e-05,2.503329217e-06,8.240200904e-06,2.049542156e-01,3.908973608e+01,6.561153867e-10,9.890768e-17,2.884142e-18,2.235140e-19,6.925559e-03
0.400000,5.628120546e-06,5.293667662e-06,1.141681396e-05,2.646649272e-06,8.656177369e-06,2.039241601e-01,3.907671385e+01,7.206450926e-10,2.244703e-16,4.681020e-19,1.084202e-19,6.949539e-03
0.410000,5.877225274e-06,5.580360524e-06,1.167506867e-05,2.790003003e-06,9.067024318e-06,2.028722758e-01,3.906338842e+01,7.881139882e-10,2.269399e-16,6.268773e-18,3.909147e-19,6.971179e-03
0.420000,6.121128101e-06,5.866895813e-06,1.197480729e-05,2.933276292e-06,9.472320538e-06,2.017987341e-01,3.904976155e+01,8.583297343e-10,2.220622e-16,5.884248e-18,4.470280e-19,6.977689e-03
0.430000,6.359575351e-06,6.152862501e-06,1.231150614e-05,3.076362572e-06,9.871681719e-06,2.007037127e-01,3.903583504e+01,9.310994447e-10,2.348108e-16,2.046432e-18,4.997925e-19,6.963859e-03
0.440000,6.592339951e-06,6.438681225e-06,1.268096917e-05,3.219162293e-06,1.026475822e-05,1.995873953e-01,3.902161074e+01,1.006229627e-09,4.453660e-16,1.206175e-17,1.116254e-18,6.968059e-03
0.450000,6.819219889e-06,6.723380152e-06,1.307931828e-05,3.361582426e-06,1.065123296e-05,1.984499718e-01,3.900709055e+01,1.083526284e-09,1.544259e-16,1.018115e-17,1.212175e-18,6.962079e-03
0.460000,7.040036752e-06,7.007349280e-06,1.350297774e-05,3.503536002e-06,1.103081941e-05,1.972916377e-01,3.899227639e+01,1.162795135e-09,2.298402e-16,3.718434e-18,5.421011e-19,6.981969e-03
0.470000,7.254634324e-06,7.290125657e-06,1.394865504e-05,3.644941686e-06,1.140325969e-05,1.961125940e-01,3.897717025e+01,1.243841939e-09,1.787166e-16,1.179867e-17,1.035683e-18,6.983379e-03
0.480000,7.462877262e-06,7.571784267e-06,1.441332012e-05,3.785723380e-06,1.176832278e-05,1.949130475e-01,3.896177415e+01,1.326472879e-09,4.517541e-16,8.797459e-18,6.942281e-19,6.971199e-03
0.490000,7.664649830e-06,7.851823269e-06,1.489418441e-05,3.925809856e-06,1.212580285e-05,1.936932098e-01,3.894609014e+01,1.410494987e-09,2.438035e-16,1.859217e-18,6.505213e-19,6.986389e-03
0.500000,7.859854699e-06,8.130573879e-06,1.538868068e-05,4.065134415e-06,1.247551762e-05,1.924532981e-01,3.893012033e+01,1.495716608e-09,2.391669e-16,3.855021e-18,4.848700e-19,6.944559e-03
0.510000,8.048411806e-06,8.407530417e-06,1.589444408e-05,4.203634570e-06,1.281730686e-05,1.911935342e-01,3.891386686e+01,1.581947867e-09,4.458828e-16,4.607859e-19,3.428548e-19,6.945279e-03
0.520000,8.230257271e-06,8.682813415e-06,1.640929486e-05,4.341251754e-06,1.315103098e-05,1.899141448e-01,3.889733192e+01,1.669001139e-09,5.581023e-16,2.552053e-18,4.848700e-19,6.943799e-03
0.530000,8.405342367e-06,8.955982175e-06,1.693122265e-05,4.477931048e-06,1.347656962e-05,1.886153616e-01,3.888051772e+01,1.756691511e-09,2.365676e-16,3.604055e-18,1.172744e-18,6.960550e-03
0.540000,8.573632545e-06,9.227609491e-06,1.745837243e-05,4.613620927e-06,1.379382044e-05,1.872974204e-01,3.886342654e+01,1.844837228e-09,4.508498e-16,1.359607e-17,3.909147e-19,6.941769e-03
0.550000,8.735106510e-06,9.496939190e-06,1.798903187e-05,4.748273029e-06,1.410269788e-05,1.859605616e-01,3.884606067e+01,1.933260108e-09,6.704948e-16,1.034863e-17,4.848700e-19,6.959599e-03
0.560000,8.889755339e-06,9.763888511e-06,1.852162013e-05,4.881841936e-06,1.440313202e-05,1.846050300e-01,3.882842246e+01,2.021785947e-09,1.558907e-16,1.332910e-17,6.505213e-19,6.974599e-03
0.570000,9.037581657e-06,1.002878039e-05,1.905467777e-05,5.014284972e-06,1.469506749e-05,1.832310744e-01,3.881051429e+01,2.110244872e-09,3.378870e-16,1.929035e-17,8.741117e-19,7.009179e-03
0.580000,9.178598847e-06,1.029134218e-05,1.958685770e-05,5.145562019e-06,1.497846252e-05,1.818389478e-01,3.879233857e+01,2.198471681e-09,1.381819e-16,2.245797e-17,1.517883e-18,6.954959e-03
0.590000,9.312830308e-06,1.055141113e-05,2.011691708e-05,5.275635343e-06,1.525328790e-05,1.804289072e-01,3.877389777e+01,2.286306136e-09,7.155045e-17,8.651949e-18,1.212175e-18,6.977469e-03
0.600000,9.440308750e-06,1.080916716e-05,2.064370994e-05,5.404469431e-06,1.551952613e-05,1.790012133e-01,3.875519438e+01,2.373593230e-09,3.385431e-16,1.834484e-17,4.336809e-19,6.973059e-03
0.610000,9.561075529e-06,1.106433043e-05,2.116618052e-05,5.532030847e-06,1.577717058e-05,1.775561306e-01,3.873623092e+01,2.460183414e-09,9.077295e-16,3.085813e-18,1.264386e-18,6.957349e-03
0.620000,9.675180025e-06,1.131684087e-05,2.168335717e-05,5.658288088e-06,1.602622465e-05,1.760939275e-01,3.871700997e+01,2.545932794e-09,5.875594e-16,4.469047e-18,9.263427e-19,6.980329e-03
0.630000,9.782679046e-06,1.156664184e-05,2.219434677e-05,5.783211462e-06,1.626670103e-05,1.746148759e-01,3.869753412e+01,2.630703293e-09,4.586162e-16,6.226911e-18,9.697399e-19,6.957069e-03
0.640000,9.883636269e-06,1.181371728e-05,2.269832956e-05,5.906772965e-06,1.649862103e-05,1.731192512e-01,3.867780602e+01,2.714362783e-09,3.031799e-16,1.964322e-18,1.089610e-18,6.983549e-03
0.650000,9.978121720e-06,1.205808740e-05,2.319455442e-05,6.028946173e-06,1.672201383e-05,1.716073323e-01,3.865782833e+01,2.796785185e-09,3.339710e-16,7.925112e-18,1.552341e-18,6.955979e-03
0.660000,1.006621128e-05,1.229948019e-05,2.368233449e-05,6.149706140e-06,1.693691595e-05,1.700794018e-01,3.863760376e+01,2.877850542e-09,1.544063e-16,6.075403e-18,5.421011e-19,6.967609e-03
0.670000,1.014798620e-05,1.253810303e-05,2.416104299e-05,6.269029303e-06,1.714337058e-05,1.685357454e-01,3.861713506e+01,2.957445065e-09,4.481253e-16,1.947343e-17,4.848700e-19,6.929039e-03
0.680000,1.022353270e-05,1.277400685e-05,2.463010950e-05,6.386893394e-06,1.734142707e-05,1.669766525e-01,3.859642499e+01,3.035461148e-09,5.601118e-16,1.939995e-17,1.748223e-18,6.967659e-03
0.690000,1.029294154e-05,1.300662261e-05,2.508901633e-05,6.503277360e-06,1.753114041e-05,1.654024156e-01,3.857547637e+01,3.111797374e-09,2.222466e-16,4.645968e-18,3.909147e-19,6.977249e-03
0.700000,1.035630762e-05,1.323645917e-05,2.553729520e-05,6.618161284e-06,1.771257070e-05,1.638133308e-01,3.855429203e+01,3.186358479e-09,7.152697e-17,9.739469e-18,2.105140e-18,6.971539e-03
0.710000,1.041372965e-05,1.346316409e-05,2.597452414e-05,6.731526322e-06,1.788578273e-05,1.622096975e-01,3.853287484e+01,3.259055316e-09,1.257425e-16,1.180838e-17,1.105674e-18,6.941069e-03
0.720000,1.046530980e-05,1.368686054e-05,2.640032448e-05,6.843354632e-06,1.805084555e-05,1.605918186e-01,3.851122771e+01,3.329804787e-09,2.256396e-16,1.751792e-18,1.226635e-18,6.955510e-03
0.730000,1.051115338e-05,1.390747016e-05,2.681435815e-05,6.953629315e-06,1.820783204e-05,1.589600003e-01,3.848935356e+01,3.398529767e-09,2.985110e-16,5.207064e-18,1.264386e-18,6.939959e-03
0.740000,1.055136856e-05,1.412485463e-05,2.721632508e-05,7.062334364e-06,1.835681856e-05,1.573145525e-01,3.846725537e+01,3.465159010e-09,5.556474e-16,2.484954e-17,6.857097e-19,6.960999e-03
0.750000,1.058606610e-05,1.433906773e-05,2.760596073e-05,7.169454606e-06,1.849788458e-05,1.556557886e-01,3.844493612e+01,3.529627039e-09,1.304555e-16,1.100612e-17,2.893012e-18,6.966979e-03
0.760000,1.061535907e-05,1.455003586e-05,2.798303377e-05,7.274975660e-06,1.863111235e-05,1.539840256e-01,3.842239883e+01,3.591874034e-09,2.365657e-16,9.916487e-18,3.366269e-18,6.956459e-03
0.770000,1.063936266e-05,1.475792829e-05,2.834734397e-05,7.378883888e-06,1.875658660e-05,1.522995843e-01,3.839964655e+01,3.651845701e-09,1.168993e-16,1.007375e-17,1.999170e-18,6.945959e-03
0.780000,1.065819391e-05,1.496239835e-05,2.869872012e-05,7.481166358e-06,1.887439425e-05,1.506027893e-01,3.837668237e+01,3.709493135e-09,1.253747e-16,1.628454e-17,1.788112e-18,6.984269e-03
0.790000,1.067197157e-05,1.516376018e-05,2.903701809e-05,7.581810803e-06,1.898462413e-05,1.488939695e-01,3.835350939e+01,3.764772678e-09,2.109425e-16,7.638481e-18,4.848700e-19,7.003559e-03
0.800000,1.068081586e-05,1.536176022e-05,2.936211906e-05,7.680805588e-06,1.908736675e-05,1.471734578e-01,3.833013073e+01,3.817645769e-09,3.252650e-16,1.248673e-17,2.168404e-19,7.002199e-03
0.810000,1.068484834e-05,1.555632699e-05,2.967392776e-05,7.778139676e-06,1.918271403e-05,1.454415913e-01,3.830654956e+01,3.868078789e-09,2.221536e-16,1.855841e-17,1.371419e-18,7.017038e-03
0.820000,1.068419173e-05,1.574767236e-05,2.997237088e-05,7.873802600e-06,1.927075913e-05,1.436987121e-01,3.828276907e+01,3.916042906e-09,2.311700e-16,4.087834e-18,2.852091e-18,6.948559e-03
0.830000,1.067896981e-05,1.593568942e-05,3.025739557e-05,7.967784432e-06,1.935159620e-05,1.419451669e-01,3.825879246e+01,3.961513907e-09,2.235663e-16,2.640205e-18,1.105674e-18,6.957099e-03
0.840000,1.066930723e-05,1.612035690e-05,3.052896797e-05,8.060075760e-06,1.942532023e-05,1.401813074e-01,3.823462296e+01,4.004472042e-09,6.724567e-16,1.643508e-17,1.533293e-18,6.979309e-03
0.850000,1.065532946e-05,1.630143447e-05,3.078707187e-05,8.150667661e-06,1.949202687e-05,1.384074910e-01,3.821026383e+01,4.044901855e-09,1.249013e-16,1.493193e-17,1.318989e-18,6.962889e-03
0.860000,1.063716266e-05,1.647922913e-05,3.103170748e-05,8.239551684e-06,1.955181222e-05,1.366240806e-01,3.818571835e+01,4.082792020e-09,4.475604e-16,1.011509e-17,3.066587e-19,6.930389e-03
0.870000,1.061493358e-05,1.665355268e-05,3.126289016e-05,8.326719822e-06,1.960477277e-05,1.348314454e-01,3.816098984e+01,4.118135179e-09,2.372482e-16,1.122149e-17,6.857097e-19,6.956819e-03
0.880000,1.058876949e-05,1.682448664e-05,3.148064938e-05,8.412164501e-06,1.965100518e-05,1.330299610e-01,3.813608160e+01,4.150927772e-09,4.451215e-16,3.523657e-19,4.358439e-18,6.926759e-03
0.890000,1.055879814e-05,1.699189806e-05,3.168502758e-05,8.495878557e-06,1.969060619e-05,1.312200102e-01,3.811099700e+01,4.181169882e-09,2.607401e-16,1.607275e-17,4.527761e-18,6.910719e-03
0.900000,1.052514764e-05,1.715586420e-05,3.187607922e-05,8.577855222e-06,1.972367250e-05,1.294019831e-01,3.808573939e+01,4.208865069e-09,5.556519e-16,5.640196e-18,1.084202e-18,6.921499e-03
0.910000,1.048794649e-05,1.731635469e-05,3.205386984e-05,8.658088109e-06,1.975030066e-05,1.275762781e-01,3.806031217e+01,4.234020212e-09,6.756212e-16,2.192134e-17,1.788112e-18,6.903729e-03
0.920000,1.044732346e-05,1.747321116e-05,3.221847517e-05,8.736571198e-06,1.977058697e-05,1.257433022e-01,3.803471874e+01,4.256645355e-09,2.438144e-16,6.345131e-18,1.084202e-18,6.922539e-03
0.930000,1.040340762e-05,1.762668177e-05,3.236998030e-05,8.813298821e-06,1.978462740e-05,1.239034718e-01,3.800896253e+01,4.276753552e-09,2.277143e-16,2.310655e-17,2.135631e-18,6.920499e-03
0.940000,1.035632830e-05,1.777662940e-05,3.250847889e-05,8.888265656e-06,1.979251749e-05,1.220572135e-01,3.798304698e+01,4.294360718e-09,1.457399e-16,7.298511e-18,2.335443e-18,6.940259e-03
0.950000,1.030621508e-05,1.792301857e-05,3.263407249e-05,8.961466710e-06,1.979435227e-05,1.202049649e-01,3.795697557e+01,4.309485484e-09,5.030716e-17,2.354855e-17,1.788112e-18,6.979519e-03
0.960000,1.025319775e-05,1.806593578e-05,3.274686980e-05,9.032897309e-06,1.979022625e-05,1.183471755e-01,3.793075176e+01,4.322149050e-09,1.296469e-16,1.493299e-17,3.157244e-18,7.023079e-03
0.970000,1.019740637e-05,1.820521888e-05,3.284698606e-05,9.102553097e-06,1.978023326e-05,1.164843078e-01,3.790437906e+01,4.332375051e-09,1.668890e-16,4.304501e-18,2.168404e-18,6.977759e-03
0.980000,1.013897124e-05,1.834099908e-05,3.293454243e-05,9.170430015e-06,1.976446648e-05,1.146168382e-01,3.787786097e+01,4.340189418e-09,5.603035e-16,1.771734e-17,4.635519e-18,6.997459e-03
0.990000,1.007802292e-05,1.847323343e-05,3.300966546e-05,9.236524304e-06,1.974301836e-05,1.127452587e-01,3.785120102e+01,4.345620249e-09,5.587110e-16,8.549099e-18,1.226635e-18,6.984249e-03
1.000000,1.001469226e-05,1.860175880e-05,3.307248651e-05,9.300832490e-06,1.971598057e-05,1.108700776e-01,4.160312894e+01,4.348697681e-09,1.027020e-16,1.729891e-17,7.818293e-19,6.976969e-03
1.010000,4.384826067e-05,1.422008343e-04,2.947850647e-02,7.110041014e-05,6.112720145e-05,2.099569018e-01,4.129805483e+01,4.345615062e-04,3.336177e-16,7.632853e-18,2.620093e-18,6.939379e-03
1.020000,1.742496201e-04,5.526734198e-04,5.644137940e-02,2.763367040e-04,2.293950296e-04,3.344334231e-01,4.101627763e+01,1.593846527e-03,4.444467e-16,1.701850e-17,2.682168e-18,6.994399e-03
1.030000,3.813329432e-04,1.200863498e-03,8.105032159e-02,6.004317120e-04,4.972449718e-04,4.527373035e-01,4.075500541e+01,3.289439481e-03,5.559911e-16,2.067505e-18,1.939480e-18,6.938509e-03
1.040000,6.584915079e-04,2.065474198e-03,1.034518306e-01,1.032736915e-03,8.540642250e-04,5.613439302e-01,4.051175790e+01,5.365508399e-03,2.367693e-16,2.060162e-18,2.168404e-18,6.942149e-03
1.050000,9.999265446e-04,3.126888681e-03,1.237833187e-01,1.563443703e-03,1.291153431e-03,6.600941523e-01,4.028433390e+01,7.694046457e-03,1.270878e-16,1.539653e-17,1.734723e-18,6.974329e-03
1.060000,1.400261909e-03,4.366740375e-03,1.421737708e-01,2.183368453e-03,1.800489684e-03,7.495078612e-01,4.007078208e+01,1.017076144e-02,1.399854e-17,8.836248e-18,1.939480e-18,6.989759e-03
1.070000,1.854481031e-03,5.767803061e-03,1.587443568e-01,2.883897533e-03,2.374588198e-03,8.302669348e-01,3.986937483e+01,1.271152968e-02,2.284696e-16,1.227126e-17,3.878960e-18,6.933079e-03
1.080000,2.357891580e-03,7.313912368e-03,1.736089973e-01,3.656948033e-03,3.006457220e-03,9.030751481e-01,3.967858477e+01,1.524933840e-02,7.001504e-17,3.050758e-17,5.204170e-18,6.973938e-03
1.090000,2.906097015e-03,8.989897137e-03,1.868748883e-01,4.494933432e-03,3.689569845e-03,9.686132627e-01,3.949706382e+01,1.773165075e-02,4.728885e-16,4.872883e-18,8.845389e-18,6.972398e-03
1.100000,3.494971611e-03,1.078151694e-02,1.986429864e-01,5.390732362e-03,4.417840703e-03,1.027524200e+00,3.932362440e+01,2.011813653e-02,7.867790e-16,1.915114e-17,8.673617e-18,6.993019e-03
1.110000,4.120638064e-03,1.267540460e-02,2.090084582e-01,6.337659874e-03,5.185604727e-03,1.080409121e+00,3.915722267e+01,2.237871924e-02,9.066636e-16,5.205300e-18,2.359479e-17,6.964739e-03
1.120000,4.779447259e-03,1.465901311e-02,2.180610958e-01,7.329440932e-03,5.987597164e-03,1.127827741e+00,3.899694349e+01,2.449189694e-02,2.244887e-16,1.654963e-17,1.734723e-18,6.961649e-03
1.130000,5.467959959e-03,1.672056661e-02,2.258857015e-01,8.360185915e-03,6.818934512e-03,1.170300281e+00,3.884198696e+01,2.644329968e-02,1.149525e-16,1.396939e-17,4.906539e-18,7.006659e-03
1.140000,6.182930246e-03,1.884901497e-02,2.325624442e-01,9.424367971e-03,7.675096225e-03,1.208309963e+00,3.869165639e+01,2.822445175e-02,2.047082e-16,1.912626e-17,9.813078e-18,7.046659e-03
1.150000,6.921290531e-03,2.103399185e-02,2.381671889e-01,1.051680205e-02,8.551907098e-03,1.242305558e+00,3.854534745e+01,2.983171085e-02,4.444422e-16,8.755226e-18,1.471962e-17,6.971118e-03
1.160000,7.680138004e-03,2.326577575e-02,2.427718011e-01,1.163262551e-02,9.445520273e-03,1.272703778e+00,3.840253854e+01,3.126536035e-02,4.455876e-16,1.697218e-17,1.097135e-17,6.949198e-03
1.170000,8.456722398e-03,2.553525401e-02,2.464444299e-01,1.276728013e-02,1.035240081e-02,1.299891426e+00,3.826278201e+01,3.252883366e-02,2.436827e-17,2.380731e-17,1.097135e-17,6.948580e-03
1.180000,9.248434941e-03,2.783388934e-02,2.492497681e-01,1.391649543e-02,1.126930978e-02,1.324227272e+00,3.812569636e+01,3.362805295e-02,3.406619e-16,5.258995e-17,2.327376e-17,6.974788e-03
1.190000,1.005279840e-02,3.015368889e-02,2.512492946e-01,1.507627326e-02,1.219328886e-02,1.346043670e+00,3.799095923e+01,3.457086648e-02,1.266598e-16,2.647940e-17,6.938894e-18,6.962379e-03
1.200000,1.086745809e-02,3.248717538e-02,2.525014972e-01,1.624287338e-02,1.312164533e-02,1.365647920e+00,3.785830098e+01,3.536657114e-02,3.342237e-16,3.469447e-18,4.906539e-18,7.002808e-03
1.210000,1.169017384e-02,3.482736042e-02,2.530620796e-01,1.741280014e-02,1.405193756e-02,1.383323418e+00,3.772749905e+01,3.602550854e-02,5.899138e-17,2.802615e-17,7.757919e-18,6.949049e-03
1.220000,1.251881266e-02,3.716771953e-02,2.529841523e-01,1.858279010e-02,1.498196083e-02,1.399330623e+00,3.759837273e+01,3.655872457e-02,2.239797e-16,3.686287e-17,7.757919e-18,6.943759e-03
1.230000,1.335134229e-02,3.950216904e-02,2.523184091e-01,1.974980038e-02,1.590973356e-02,1.413907867e+00,3.747077855e+01,3.697768367e-02,4.666279e-16,2.923730e-17,1.097135e-17,6.954719e-03
1.240000,1.418582530e-02,4.182504444e-02,2.511132899e-01,2.091099796e-02,1.683348386e-02,1.427272053e+00,3.734460606e+01,3.729403029e-02,7.724512e-18,3.623247e-17,6.938894e-18,6.920279e-03
1.250000,1.502041384e-02,4.413108017e-02,2.494151314e-01,2.206374955e-02,1.775163642e-02,1.439619264e+00,3.721977400e+01,3.751939099e-02,2.221985e-16,2.091695e-17,3.469447e-18,6.936319e-03
1.260000,1.585334494e-02,4.641539078e-02,2.472683051e-01,2.320561218e-02,1.866279971e-02,1.451125327e+00,3.709622689e+01,3.766521159e-02,1.606769e-16,2.949349e-18,1.250927e-17,7.009688e-03
1.270000,1.668293625e-02,4.867345324e-02,2.447153449e-01,2.433432435e-02,1.956575350e-02,1.461946350e+00,3.697393193e+01,3.774262441e-02,4.613230e-16,2.267720e-17,1.040834e-17,6.917989e-03
1.280000,1.750758234e-02,5.090109033e-02,2.417970631e-01,2.544779774e-02,2.045943665e-02,1.472219267e+00,3.685287611e+01,3.776234152e-02,1.136617e-16,2.324546e-17,1.551584e-17,6.936589e-03
1.290000,1.832575123e-02,5.309445508e-02,2.385526571e-01,2.654410943e-02,2.134293520e-02,1.482062409e+00,3.673306376e+01,3.773457014e-02,1.232180e-16,2.756519e-17,6.938894e-18,6.958479e-03
1.300000,1.913598139e-02,5.525001602e-02,2.350198057e-01,2.762149451e-02,2.221547076e-02,1.491576126e+00,3.661451417e+01,3.766894733e-02,4.462018e-16,4.242155e-17,1.868354e-17,6.971809e-03
1.310000,1.993687907e-02,5.736454337e-02,2.312347550e-01,2.867833916e-02,2.307638917e-02,1.500843465e+00,3.649725952e+01,3.757449095e-02,4.478105e-16,2.637978e-17,1.040834e-17,6.897319e-03
1.320000,2.072711578e-02,5.943509589e-02,2.272323960e-01,2.971317405e-02,2.392514945e-02,1.509930926e+00,3.638134301e+01,3.745956479e-02,6.749853e-16,1.668967e-17,1.962616e-17,6.929498e-03
1.330000,2.150542617e-02,6.145900838e-02,2.230463309e-01,3.072466809e-02,2.476131306e-02,1.518889288e+00,3.626681712e+01,3.733185569e-02,2.331980e-16,2.851843e-17,9.813078e-18,6.905549e-03
1.340000,2.227060608e-02,6.343387993e-02,2.187089302e-01,3.171162255e-02,2.558453345e-02,1.527754515e+00,3.615374211e+01,3.719836094e-02,2.390280e-16,2.275172e-17,1.097135e-17,6.912389e-03
1.350000,2.302151074e-02,6.535756255e-02,2.142513788e-01,3.267296529e-02,2.639454599e-02,1.536548733e+00,3.604218458e+01,3.706538440e-02,1.688703e-16,1.000525e-17,1.040834e-17,6.912959e-03
1.360000,2.375705318e-02,6.722815041e-02,2.097037105e-01,3.360774544e-02,2.719115811e-02,1.545281267e+00,3.593221623e+01,3.693854016e-02,4.490846e-16,1.371419e-17,1.250927e-17,6.916279e-03
1.370000,2.447620285e-02,6.904396952e-02,2.050948318e-01,3.451512814e-02,2.797423992e-02,1.553949736e+00,3.582391272e+01,3.682276238e-02,8.848956e-17,5.826273e-17,9.813078e-18,6.901129e-03
1.380000,2.517798427e-02,7.080356771e-02,2.004525317e-01,3.539438956e-02,2.874371512e-02,1.562541182e+00,3.571735266e+01,3.672232050e-02,1.326775e-16,2.951739e-17,1.734723e-18,6.932249e-03
1.390000,2.586147587e-02,7.250570514e-02,1.958034780e-01,3.624491209e-02,2.949955230e-02,1.571033229e+00,3.561261668e+01,3.664083890e-02,2.704419e-16,2.371901e-17,1.430490e-17,6.897189e-03
1.400000,2.652580894e-02,7.414934496e-02,1.911731993e-01,3.706617968e-02,3.024175668e-02,1.579395247e+00,3.550978660e+01,3.658132025e-02,3.382614e-16,5.206925e-17,9.813078e-18,6.892849e-03
1.410000,2.717016659e-02,7.573364440e-02,1.865860507e-01,3.785777333e-02,3.097036219e-02,1.587589511e+00,3.540894470e+01,3.654617184e-02,1.425007e-16,1.822750e-17,9.341772e-18,6.882249e-03
1.420000,2.779378290e-02,7.725794599e-02,1.820651633e-01,3.861936670e-02,3.168542411e-02,1.595572343e+00,3.531017304e+01,3.653723452e-02,1.162863e-16,2.618747e-17,9.341772e-18,6.905759e-03
1.430000,2.839594204e-02,7.872176913e-02,1.776323767e-01,3.935072185e-02,3.238701201e-02,1.603295222e+00,3.521355288e+01,3.655581348e-02,2.348490e-16,2.485260e-17,6.254634e-18,6.884160e-03
1.440000,2.897597753e-02,8.012480176e-02,1.733081543e-01,4.005168507e-02,3.307520332e-02,1.610705844e+00,3.511916415e+01,3.660271059e-02,7.779790e-16,3.120167e-17,4.906539e-18,6.924878e-03
1.450000,2.953327150e-02,8.146689226e-02,1.691114831e-01,4.072218282e-02,3.375007730e-02,1.617749140e+00,3.502708498e+01,3.667825798e-02,4.608525e-16,2.672773e-17,1.040834e-17,6.912979e-03
1.460000,3.006725400e-02,8.274804152e-02,1.650597580e-01,4.136221770e-02,3.441170947e-02,1.624368231e+00,3.493739127e+01,3.678235227e-02,1.309539e-16,4.487916e-17,1.734723e-18,6.929209e-03
1.470000,3.057740241e-02,8.396839513e-02,1.611686554e-01,4.197186458e-02,3.506016667e-02,1.630505313e+00,3.485015635e+01,3.691448937e-02,6.669530e-16,6.050470e-17,1.354862e-17,6.890669e-03
1.480000,3.106324077e-02,8.512823567e-02,1.574519987e-01,4.255126673e-02,3.569550252e-02,1.636102485e+00,3.476545065e+01,3.707379955e-02,2.242566e-16,1.221256e-17,7.757919e-18,6.913079e-03
1.490000,3.152433928e-02,8.622797519e-02,1.539216217e-01,4.310063201e-02,3.631775346e-02,1.641102503e+00,3.468334138e+01,3.725908238e-02,2.316418e-16,7.573911e-18,9.341772e-18,6.914669e-03
1.500000,3.196031372e-02,8.726814772e-02,1.505872372e-01,4.362022912e-02,3.692693530e-02,1.645449462e+00,3.460389234e+01,3.746884152e-02,4.475547e-16,1.713039e-17,1.262898e-17,6.902039e-03
1.510000,3.237082495e-02,8.824940188e-02,1.474563178e-01,4.411038395e-02,3.752304030e-02,1.649089422e+00,3.452716367e+01,3.770131903e-02,7.832817e-16,3.401078e-17,1.387779e-17,6.931829e-03
1.520000,3.275557842e-02,8.917249363e-02,1.445339987e-01,4.457147587e-02,3.810603471e-02,1.651970958e+00,3.445321167e+01,3.795452913e-02,2.401970e-16,8.208492e-18,9.341772e-18,6.934419e-03
1.530000,3.311432372e-02,9.003827904e-02,1.418230106e-01,4.500393417e-02,3.867585688e-02,1.654045654e+00,3.438208868e+01,3.822629114e-02,2.582598e-16,7.269816e-18,1.939480e-18,6.884049e-03
1.540000,3.344685413e-02,9.084770716e-02,1.393236509e-01,4.540823449e-02,3.923241580e-02,1.655268535e+00,3.431384288e+01,3.851426152e-02,6.671636e-16,1.321126e-17,1.262898e-17,6.953119e-03
1.550000,3.375300619e-02,9.160181298e-02,1.370338010e-01,4.578489523e-02,3.977559020e-02,1.655598452e+00,3.424851824e+01,3.881596497e-02,1.186561e-16,4.004920e-17,3.469447e-18,6.988269e-03
1.560000,3.403265936e-02,9.230171041e-02,1.349489935e-01,4.613447415e-02,4.030522796e-02,1.654998407e+00,3.418615444e+01,3.912882427e-02,4.452008e-16,2.483746e-17,5.485677e-18,6.965629e-03
1.570000,3.428573557e-02,9.294858539e-02,1.330625308e-01,4.645756484e-02,4.082114611e-02,1.653435841e+00,3.412678673e+01,3.945018896e-02,2.224974e-16,8.456777e-18,7.152448e-18,6.941179e-03
1.580000,3.451219898e-02,9.354368909e-02,1.313656554e-01,4.675479336e-02,4.132313115e-02,1.650882873e+00,3.407044594e+01,3.977736266e-02,2.238156e-16,9.910818e-18,3.576224e-18,6.933579e-03
1.590000,3.471205557e-02,9.408833111e-02,1.298477654e-01,4.702681481e-02,4.181093973e-02,1.647316506e+00,3.401715843e+01,4.010762902e-02,2.237920e-16,1.786534e-17,5.818439e-18,6.945989e-03
1.600000,3.488535294e-02,9.458387284e-02,1.284966688e-01,4.727431010e-02,4.228429976e-02,1.642718797e+00,3.396694605e+01,4.043827616e-02,8.453607e-17,4.191307e-17,3.878960e-18,6.935929e-03
1.610000,3.503217999e-02,9.503172090e-02,1.272988665e-01,4.749798259e-02,4.274291179e-02,1.637076995e+00,3.391982613e+01,4.076661957e-02,8.883497e-16,1.717426e-17,3.878960e-18,6.974369e-03
1.620000,3.515266674e-02,9.543332068e-02,1.262398531e-01,4.769855488e-02,4.318645070e-02,1.630383657e+00,3.387581150e+01,4.109002355e-02,3.402226e-16,9.484136e-18,8.716878e-18,6.963149e-03
1.630000,3.524698414e-02,9.579014999e-02,1.253044231e-01,4.787676570e-02,4.361456764e-02,1.622636731e+00,3.383491044e+01,4.140592086e-02,2.439564e-16,2.261803e-17,5.485677e-18,6.973529e-03
1.640000,3.531534392e-02,9.610371284e-02,1.244769734e-01,4.803336675e-02,4.402689220e-02,1.613839630e+00,3.379712680e+01,4.171183092e-02,4.506657e-16,9.202316e-18,2.168404e-18,6.959039e-03
1.650000,3.535799851e-02,9.637553335e-02,1.237417901e-01,4.816911968e-02,4.442303484e-02,1.604001270e+00,3.376245992e+01,4.200537623e-02,8.678874e-17,2.099772e-17,9.341772e-18,6.945799e-03
1.660000,3.537524097e-02,9.660714983e-02,1.230833137e-01,4.828479317e-02,4.480258934e-02,1.593136112e+00,3.373090471e+01,4.228429716e-02,2.276396e-16,1.908196e-17,5.637851e-18,6.964068e-03
1.670000,3.536740500e-02,9.680010900e-02,1.224863765e-01,4.838116000e-02,4.516513557e-02,1.581264167e+00,3.370245172e+01,4.254646513e-02,5.585852e-16,1.388456e-17,4.271261e-18,6.946739e-03
1.680000,3.533486498e-02,9.695596043e-02,1.219364080e-01,4.845899431e-02,4.551024225e-02,1.568411004e+00,3.367708713e+01,4.278989403e-02,2.224936e-16,1.046466e-17,8.673617e-18,6.944949e-03
1.690000,3.527803612e-02,9.707625112e-02,1.214196084e-01,4.851906891e-02,4.583746980e-02,1.554607738e+00,3.365479283e+01,4.301275013e-02,5.556498e-16,3.903128e-18,1.430490e-17,6.959569e-03
1.700000,3.519737459e-02,9.716252031e-02,1.209230893e-01,4.856215266e-02,4.614637329e-02,1.539891005e+00,3.363554648e+01,4.321336027e-02,2.221831e-16,1.769078e-17,7.757919e-18,6.984769e-03
1.710000,3.509337781e-02,9.721629459e-02,1.204349832e-01,4.858900806e-02,4.643650542e-02,1.524302925e+00,3.361932158e+01,4.339021851e-02,4.838620e-16,9.140795e-18,2.223223e-17,6.937119e-03
1.720000,3.496658474e-02,9.723908315e-02,1.199445256e-01,4.860038887e-02,4.670741943e-02,1.507891060e+00,3.360608752e+01,4.354199123e-02,1.291642e-16,1.199551e-17,3.576224e-18,6.899749e-03
1.730000,3.481757631e-02,9.723237332e-02,1.194421111e-01,4.859703792e-02,4.695867205e-02,1.490708351e+00,3.359580965e+01,4.366752075e-02,2.655943e-16,1.127570e-17,4.336809e-18,6.897529e-03
1.740000,3.464697584e-02,9.719762646e-02,1.189193284e-01,4.857968501e-02,4.718982646e-02,1.472813039e+00,3.358844939e+01,4.376582748e-02,1.144418e-16,3.252607e-18,1.072867e-17,6.943808e-03
1.750000,3.445544972e-02,9.713627404e-02,1.183689768e-01,4.854904500e-02,4.740045509e-02,1.454268583e+00,3.358396427e+01,4.383611064e-02,9.996859e-16,3.248339e-17,5.204170e-18,6.970999e-03
1.760000,3.424370796e-02,9.704971409e-02,1.177850673e-01,4.850581602e-02,4.759014242e-02,1.435143540e+00,3.358230805e+01,4.387774779e-02,1.737958e-16,1.463673e-17,2.453269e-18,6.924759e-03
1.770000,3.401250503e-02,9.693930797e-02,1.171628119e-01,4.845067786e-02,4.775848770e-02,1.415511438e+00,3.358343078e+01,4.389029291e-02,6.225747e-17,9.948700e-18,2.453269e-18,6.909099e-03
1.780000,3.376264067e-02,9.680637746e-02,1.164986035e-01,4.838429056e-02,4.790510751e-02,1.395450612e+00,3.358727892e+01,4.387347350e-02,4.463872e-16,8.728333e-18,3.576224e-18,6.920719e-03
1.790000,3.349496088e-02,9.665220216e-02,1.157899879e-01,4.830729305e-02,4.802963828e-02,1.375044009e+00,3.359379542e+01,4.382718637e-02,3.470548e-17,2.266171e-17,2.453269e-18,6.922109e-03
1.800000,3.321035900e-02,9.647801733e-02,1.150356306e-01,4.822030213e-02,4.813173863e-02,1.354378954e+00,3.360291984e+01,4.375149257e-02,2.423916e-16,1.796016e-17,3.127317e-18,6.970559e-03
1.810000,3.290977682e-02,9.628501204e-02,1.142352795e-01,4.812391152e-02,4.821109168e-02,1.333546865e+00,3.361458843e+01,4.364661131e-02,1.110276e-16,8.773691e-18,5.485677e-18,7.014599e-03
1.820000,3.259420589e-02,9.607432767e-02,1.133897237e-01,4.801869112e-02,4.826740705e-02,1.312642914e+00,3.362873427e+01,4.351291296e-02,1.243862e-16,1.233361e-17,1.734723e-18,7.017559e-03
1.830000,3.226468885e-02,9.584705682e-02,1.125007506e-01,4.790518647e-02,4.830042294e-02,1.291765614e+00,3.364528733e+01,4.335091143e-02,4.441608e-16,2.305167e-17,1.011509e-17,6.994668e-03
1.840000,3.192232086e-02,9.560424258e-02,1.115711004e-01,4.778391839e-02,4.830990789e-02,1.271016332e+00,3.366417468e+01,4.316125568e-02,1.665744e-16,3.254523e-17,7.757919e-18,6.965839e-03
1.850000,3.156825107e-02,9.534687819e-02,1.106044182e-01,4.765538279e-02,4.829566245e-02,1.250498710e+00,3.368532052e+01,4.294472083e-02,2.224784e-16,3.077077e-17,7.757919e-18,6.940478e-03
1.860000,3.120368414e-02,9.507590701e-02,1.096052042e-01,4.752005070e-02,4.825752076e-02,1.230317986e+00,3.370864634e+01,4.270219862e-02,8.999260e-16,1.902273e-17,1.044442e-17,6.965369e-03
1.870000,3.082988178e-02,9.479222290e-02,1.085787606e-01,4.737836841e-02,4.819535189e-02,1.210580201e+00,3.373407108e+01,4.243468752e-02,2.290968e-16,9.400883e-18,6.254634e-18,6.969588e-03
1.880000,3.044816417e-02,9.449667096e-02,1.075311355e-01,4.723075787e-02,4.810906105e-02,1.191391286e+00,3.376151121e+01,4.214328251e-02,1.139186e-17,8.420559e-18,1.734723e-18,6.947168e-03
1.890000,3.005991135e-02,9.419004857e-02,1.064690620e-01,4.707761722e-02,4.799859072e-02,1.172856033e+00,3.379088092e+01,4.182916462e-02,3.424949e-16,2.289901e-17,6.254634e-18,6.939559e-03
1.900000,2.966656442e-02,9.387310675e-02,1.053998923e-01,4.691932142e-02,4.786392153e-02,1.155076930e+00,3.382209221e+01,4.149359030e-02,1.199116e-16,1.314168e-17,8.673617e-19,6.926239e-03
1.910000,2.926962645e-02,9.354655188e-02,1.043315248e-01,4.675622318e-02,4.770507307e-02,1.138152896e+00,3.385505508e+01,4.113788076e-02,2.295611e-16,3.496447e-18,5.485677e-18,6.926549e-03
1.920000,2.887066306e-02,9.321104762e-02,1.032723249e-01,4.658865386e-02,4.752210449e-02,1.122177901e+00,3.388967765e+01,4.076341122e-02,2.363817e-16,4.402715e-18,3.469447e-18,6.955189e-03
1.930000,2.847130248e-02,9.286721721e-02,1.022310359e-01,4.641692464e-02,4.731511504e-02,1.107239525e+00,3.392586633e+01,4.037160039e-02,5.675703e-16,8.940560e-18,3.127317e-18,6.968088e-03
1.940000,2.807323495e-02,9.251564587e-02,1.012166812e-01,4.624132772e-02,4.708424438e-02,1.093417466e+00,3.396352599e+01,3.996389994e-02,1.333442e-15,2.304637e-17,1.166916e-17,6.936629e-03
1.950000,2.767821133e-02,9.215688353e-02,1.002384563e-01,4.606213770e-02,4.682967283e-02,1.080782061e+00,3.400256006e+01,3.954178435e-02,4.467433e-16,3.496447e-18,4.906539e-18,6.929399e-03
1.960000,2.728804069e-02,9.179144769e-02,9.930561047e-02,4.587961295e-02,4.655162144e-02,1.069392864e+00,3.404287077e+01,3.910674088e-02,1.360203e-16,6.087001e-18,1.734723e-18,6.946019e-03
1.970000,2.690458656e-02,9.141982642e-02,9.842731896e-02,4.569399719e-02,4.625035196e-02,1.059297339e+00,3.408435926e+01,3.866026004e-02,4.490129e-16,2.602176e-17,3.576224e-18,6.927849e-03
1.980000,2.652976191e-02,9.104248154e-02,9.761254566e-02,4.550552101e-02,4.592616669e-02,1.050529746e+00,3.412692578e+01,3.820382637e-02,1.530301e-16,2.222376e-17,6.992894e-18,6.923329e-03
1.990000,2.616552214e-02,9.065985185e-02,9.686989946e-02,4.531440351e-02,4.557940818e-02,1.043110253e+00,3.417046985e+01,3.773890964e-02,3.388984e-16,1.846330e-17,6.992894e-18,6.919939e-03
2.000000,2.581385638e-02,9.027235644e-02,9.620748627e-02,4.512085398e-02,4.521045886e-02,1.037044353e+00,3.421489043e+01,3.726695664e-02,2.906077e-16,9.424455e-18,2.602085e-18,6.913219e-03
2.010000,2.547677641e-02,8.988039803e-02,9.563276050e-02,4.492507351e-02,4.481974052e-02,1.032322609e+00,3.426008608e+01,3.678938340e-02,3.339512e-16,6.846803e-18,4.091337e-18,6.889419e-03
2.020000,2.515630332e-02,8.948436630e-02,9.515238058e-02,4.472725669e-02,4.440771373e-02,1.028920752e+00,3.430595520e+01,3.630756800e-02,2.607679e-16,1.002403e-17,5.364336e-18,6.891729e-03
2.030000,2.485445167e-02,8.908464123e-02,9.477207347e-02,4.452759328e-02,4.397487714e-02,1.026800138e+00,3.435239611e+01,3.582284402e-02,1.002389e-15,1.657092e-17,9.055522e-18,6.918559e-03
2.040000,2.457321119e-02,8.868159628e-02,9.449651342e-02,4.432626978e-02,4.352176669e-02,1.025908548e+00,3.439930732e+01,3.533649448e-02,4.553616e-16,7.721468e-18,3.496447e-18,6.905898e-03
2.050000,2.431452602e-02,8.827560163e-02,9.432922045e-02,4.412347107e-02,4.304895474e-02,1.026181278e+00,3.444658764e+01,3.484974654e-02,2.224848e-16,7.757919e-18,2.742839e-18,6.936458e-03
2.060000,2.408027193e-02,8.786702713e-02,9.427248289e-02,4.391938186e-02,4.255704909e-02,1.027542493e+00,3.449413640e+01,3.436376675e-02,5.722117e-17,2.110494e-17,3.878960e-18,6.920779e-03
2.070000,2.387223168e-02,8.745624521e-02,9.432730814e-02,4.371418816e-02,4.204669197e-02,1.029906757e+00,3.454185363e+01,3.387965695e-02,1.000968e-15,2.064544e-17,1.063182e-17,6.938339e-03
2.080000,2.369206944e-02,8.704363361e-02,9.449340368e-02,4.350807864e-02,4.151855896e-02,1.033180685e+00,3.458964017e+01,3.339845083e-02,2.400048e-16,1.193214e-17,1.301043e-18,6.947688e-03
2.090000,2.354130473e-02,8.662957782e-02,9.476918938e-02,4.330124585e-02,4.097335777e-02,1.037264647e+00,3.463739795e+01,3.292111114e-02,1.667030e-16,1.401434e-17,3.496447e-18,6.922799e-03
2.100000,2.342128707e-02,8.621447341e-02,9.515184019e-02,4.309388739e-02,4.041182704e-02,1.042054463e+00,3.468503008e+01,3.244852751e-02,2.227216e-16,8.330737e-18,3.576224e-18,6.952699e-03
2.110000,2.333317222e-02,8.579872804e-02,9.563735662e-02,4.288620689e-02,3.983473508e-02,1.047443025e+00,3.473244105e+01,3.198151487e-02,3.378446e-16,1.563659e-17,1.084202e-18,6.998509e-03
2.120000,2.327790117e-02,8.538276321e-02,9.622065943e-02,4.267841490e-02,3.924287850e-02,1.053321823e+00,3.477953689e+01,3.152081254e-02,3.331121e-16,1.563659e-17,4.210280e-18,6.989629e-03
2.130000,2.325618286e-02,8.496701573e-02,9.689570333e-02,4.247072964e-02,3.863708084e-02,1.059582325e+00,3.482622535e+01,3.106708380e-02,4.477662e-16,5.421011e-18,5.222209e-18,6.967539e-03
2.140000,2.326848153e-02,8.455193893e-02,9.765560462e-02,4.226337758e-02,3.801819117e-02,1.066117210e+00,3.487241605e+01,3.062091611e-02,2.314159e-16,1.163688e-17,4.336809e-19,7.001728e-03
2.150000,2.331500949e-02,8.413800344e-02,9.849277690e-02,4.205659386e-02,3.738708263e-02,1.072821425e+00,3.491802062e+01,3.018282183e-02,2.293083e-16,2.121493e-17,9.697399e-19,6.977488e-03
2.160000,2.339572558e-02,8.372569782e-02,9.939906980e-02,4.185062255e-02,3.674465092e-02,1.079593088e+00,3.496295287e+01,2.975323937e-02,1.328009e-16,1.831885e-17,9.697399e-19,7.001649e-03
2.170000,2.351033955e-02,8.331552866e-02,1.003659058e-01,4.164571678e-02,3.609181282e-02,1.086334225e+00,3.500712894e+01,2.933253495e-02,6.665552e-16,9.058118e-18,1.788112e-18,6.970199e-03
2.180000,2.365832194e-02,8.290802049e-02,1.013844116e-01,4.144213860e-02,3.542950460e-02,1.092951365e+00,3.505046742e+01,2.892100464e-02,2.297516e-16,6.969320e-18,9.697399e-19,6.946589e-03
2.190000,2.383891920e-02,8.250371525e-02,1.024455401e-01,4.124015880e-02,3.475868053e-02,1.099356000e+00,3.509288950e+01,2.851887690e-02,1.611161e-16,1.388456e-17,2.305045e-18,6.928759e-03
2.200000,2.405117289e-02,8.210317145e-02,1.035401823e-01,4.104005645e-02,3.408031122e-02,1.105464928e+00,3.513431908e+01,2.812631545e-02,1.690120e-16,8.148124e-18,1.084202e-18,6.928338e-03
2.210000,2.429394233e-02,8.170696297e-02,1.046592668e-01,4.084211831e-02,3.339538206e-02,1.111200495e+00,3.517468293e+01,2.774342243e-02,2.820550e-16,4.091337e-18,1.388456e-18,6.950049e-03
2.220000,2.456592936e-02,8.131567751e-02,1.057938460e-01,4.064663804e-02,3.270489162e-02,1.116490755e+00,3.521391074e+01,2.737024189e-02,5.559900e-16,1.117728e-17,2.602085e-18,6.933198e-03
2.230000,2.486570434e-02,8.092991475e-02,1.069351713e-01,4.045391531e-02,3.200984997e-02,1.121269556e+00,3.525193528e+01,2.700676349e-02,2.582910e-16,8.545274e-18,1.852685e-18,6.957269e-03
2.240000,2.519173229e-02,8.055028408e-02,1.080747541e-01,4.026425462e-02,3.131127707e-02,1.125476575e+00,3.528869249e+01,2.665292642e-02,4.460982e-16,3.980661e-18,4.445229e-18,6.929019e-03
2.250000,2.554239833e-02,8.017740211e-02,1.092044179e-01,4.007796413e-02,3.061020110e-02,1.129057297e+00,3.532412154e+01,2.630862341e-02,5.608177e-16,4.336809e-18,1.626303e-19,6.930619e-03
2.260000,2.591603165e-02,7.981188987e-02,1.103163385e-01,3.989535418e-02,2.990765676e-02,1.131962972e+00,3.535816494e+01,2.597370501e-02,1.557900e-16,1.441622e-17,8.940560e-19,6.944319e-03
2.270000,2.631092764e-02,7.945436966e-02,1.114030760e-01,3.971673575e-02,2.920468358e-02,1.134150539e+00,3.539076862e+01,2.564798380e-02,1.266543e-16,1.896827e-17,1.738108e-18,6.940759e-03
2.280000,2.672536764e-02,7.910546173e-02,1.124575989e-01,3.954241883e-02,2.850232417e-02,1.135582533e+00,3.542188197e+01,2.533123873e-02,3.344589e-16,3.476217e-18,2.710505e-19,6.948398e-03
2.290000,2.715763628e-02,7.876578069e-02,1.134733013e-01,3.937271058e-02,2.780162244e-02,1.136226977e+00,3.545145791e+01,2.502321945e-02,3.338297e-16,8.940560e-18,8.940560e-19,6.934139e-03
2.300000,2.760603620e-02,7.843593175e-02,1.144440146e-01,3.920791346e-02,2.710362183e-02,1.136057275e+00,3.547945295e+01,2.472365059e-02,2.824316e-17,4.906539e-18,3.473257e-18,6.968028e-03
2.310000,2.806890040e-02,7.811650673e-02,1.153640143e-01,3.904832326e-02,2.640936335e-02,1.135052089e+00,3.550582722e+01,2.443223608e-02,5.551634e-16,3.476217e-18,3.469553e-18,6.967339e-03
2.320000,2.854460221e-02,7.780808003e-02,1.162280231e-01,3.889422705e-02,2.571988373e-02,1.133195228e+00,3.553054447e+01,2.414866321e-02,3.387353e-16,4.610091e-18,2.602650e-18,6.943648e-03
2.330000,2.903156308e-02,7.751120444e-02,1.170312105e-01,3.874590115e-02,2.503621331e-02,1.130475533e+00,3.555357216e+01,2.387260678e-02,2.365496e-16,1.398579e-17,8.690542e-19,6.969808e-03
2.340000,2.952825860e-02,7.722640697e-02,1.177691906e-01,3.860360895e-02,2.435937396e-02,1.126886771e+00,3.557488142e+01,2.360373291e-02,3.663843e-16,1.769078e-17,2.742839e-18,6.983028e-03
2.350000,3.003322266e-02,7.695418462e-02,1.184380168e-01,3.846759888e-02,2.369037679e-02,1.122427531e+00,3.559444706e+01,2.334170284e-02,2.259364e-16,1.782977e-17,9.951653e-19,7.002698e-03
2.360000,3.054505039e-02,7.669500023e-02,1.190341764e-01,3.833810227e-02,2.303021978e-02,1.117101134e+00,3.561224761e+01,2.308617644e-02,5.571274e-16,8.023096e-18,3.794708e-19,7.013778e-03
2.370000,3.106239974e-02,7.644927839e-02,1.195545824e-01,3.821533139e-02,2.237988511e-02,1.110915545e+00,3.562826523e+01,2.283681558e-02,2.251956e-16,1.214306e-17,9.579250e-19,6.978039e-03
2.380000,3.158399214e-02,7.621740155e-02,1.199965661e-01,3.809947740e-02,2.174033646e-02,1.103883305e+00,3.564248578e+01,2.259328720e-02,2.574923e-16,8.344836e-18,1.738108e-18,6.992638e-03
2.390000,3.210861237e-02,7.599970624e-02,1.203578674e-01,3.799070855e-02,2.111251590e-02,1.096021463e+00,3.565489873e+01,2.235526623e-02,7.801561e-17,9.107298e-18,2.603355e-18,7.019639e-03
2.400000,3.263510777e-02,7.579647958e-02,1.206366262e-01,3.788916838e-02,2.049734065e-02,1.087351527e+00,3.566549713e+01,2.212243822e-02,4.476438e-16,1.044442e-17,9.522519e-19,7.006148e-03
2.410000,3.316238698e-02,7.560795607e-02,1.208313723e-01,3.779497414e-02,1.989569940e-02,1.077899419e+00,3.567427761e+01,2.189450167e-02,7.784273e-16,7.152448e-18,2.648687e-18,7.032588e-03
2.420000,3.368941827e-02,7.543431461e-02,1.209410161e-01,3.770821531e-02,1.930844846e-02,1.067695453e+00,3.568124026e+01,2.167117015e-02,2.571447e-16,3.576224e-18,8.756617e-19,7.002919e-03
2.430000,3.421522769e-02,7.527567603e-02,1.209648382e-01,3.762895231e-02,1.873640741e-02,1.056774312e+00,3.568638863e+01,2.145217416e-02,3.990680e-17,1.250927e-17,9.317362e-21,6.909019e-03
2.440000,3.473889695e-02,7.513210086e-02,1.209024804e-01,3.755721547e-02,1.818035449e-02,1.045175040e+00,3.568972966e+01,2.123726266e-02,1.024120e-16,2.394688e-17,3.472364e-18,6.943999e-03
2.450000,3.525956119e-02,7.500358760e-02,1.207539350e-01,3.749300410e-02,1.764102154e-02,1.032941047e+00,3.569127358e+01,2.102620439e-02,4.645881e-16,8.420559e-18,1.821542e-18,6.892309e-03
2.460000,3.577640676e-02,7.489007147e-02,1.205195360e-01,3.743628588e-02,1.711908867e-02,1.020120120e+00,3.569103383e+01,2.081878886e-02,6.667927e-16,1.051844e-17,1.739495e-18,6.915279e-03
2.470000,3.628866891e-02,7.479142349e-02,1.201999493e-01,3.738699642e-02,1.661517852e-02,1.006764438e+00,3.568902704e+01,2.061482717e-02,2.700244e-16,4.091337e-18,8.908661e-19,6.963449e-03
2.480000,3.679562951e-02,7.470745017e-02,1.197961631e-01,3.734503908e-02,1.612985036e-02,9.929305921e-01,3.568527284e+01,2.041415248e-02,3.356618e-16,1.078332e-17,7.860466e-19,6.956349e-03
2.490000,3.729661481e-02,7.463789360e-02,1.193094794e-01,3.731028503e-02,1.566359391e-02,9.786796091e-01,3.567979388e+01,2.021662028e-02,4.660512e-16,3.903128e-18,3.481101e-18,6.953959e-03
2.500000,3.779099330e-02,7.458243204e-02,1.187415044e-01,3.728257354e-02,1.521682324e-02,9.640769617e-01,3.567261563e+01,2.002210842e-02,2.348477e-16,1.084202e-17,8.741117e-19,7.011889e-03
2.510000,3.827817350e-02,7.454068094e-02,1.180941402e-01,3.726171250e-02,1.478987070e-02,9.491925728e-01,3.566376633e+01,1.983051692e-02,6.458489e-17,3.469447e-18,1.734935e-18,7.004028e-03
2.520000,3.875760205e-02,7.451219448e-02,1.173695762e-01,3.724747916e-02,1.438298127e-02,9.341007971e-01,3.565327690e+01,1.964176754e-02,2.220466e-16,1.036363e-17,1.788112e-18,6.992128e-03
2.530000,3.922876163e-02,7.449646748e-02,1.165702807e-01,3.723962111e-02,1.399630742e-02,9.188803711e-01,3.564118078e+01,1.945580318e-02,6.262096e-17,8.246354e-18,9.087270e-19,7.017069e-03
2.540000,3.969116920e-02,7.449293772e-02,1.156989926e-01,3.723785746e-02,1.362990481e-02,9.036143199e-01,3.562751385e+01,1.927258711e-02,2.210468e-16,9.543443e-18,9.362040e-19,6.931609e-03
2.550000,4.014437412e-02,7.450098866e-02,1.147587140e-01,3.724188014e-02,1.328372915e-02,8.883898046e-01,3.561231429e+01,1.909210198e-02,2.049038e-17,7.155734e-18,2.873775e-18,6.965758e-03
2.560000,4.058795655e-02,7.451995248e-02,1.137527015e-01,3.725135546e-02,1.295763441e-02,8.732978919e-01,3.559562249e+01,1.891434874e-02,3.335647e-16,3.577867e-18,2.637978e-18,6.930399e-03
2.570000,4.102152576e-02,7.454911339e-02,1.126844595e-01,3.726592580e-02,1.265137276e-02,8.584332265e-01,3.557748092e+01,1.873934537e-02,5.563092e-16,1.951564e-18,4.348989e-18,6.860339e-03
2.580000,4.144471864e-02,7.458771129e-02,1.115577317e-01,3.728521134e-02,1.236459629e-02,8.438935825e-01,3.555793398e+01,1.856712556e-02,1.111362e-15,1.072867e-17,1.817454e-18,6.876899e-03
2.590000,4.185719826e-02,7.463494554e-02,1.103764942e-01,3.730881203e-02,1.209686092e-02,8.297792723e-01,3.553702791e+01,1.839773722e-02,2.244613e-16,3.471141e-18,8.741117e-19,6.913399e-03
2.600000,4.225865244e-02,7.468997897e-02,1.091449471e-01,3.733630957e-02,1.184763236e-02,8.161923886e-01,3.551481065e+01,1.823124098e-02,2.236955e-16,7.449503e-18,7.373372e-19,6.911219e-03
2.610000,4.264879253e-02,7.475194198e-02,1.078675077e-01,3.736726945e-02,1.161629422e-02,8.032358601e-01,3.549133171e+01,1.806770855e-02,4.611022e-16,3.476217e-18,1.802028e-18,6.935099e-03
2.620000,4.302735212e-02,7.481993680e-02,1.065488016e-01,3.740124310e-02,1.140215812e-02,7.910123073e-01,3.546664206e+01,1.790722112e-02,4.693697e-16,2.020256e-17,4.370559e-19,6.952969e-03
2.630000,4.339408588e-02,7.489304172e-02,1.051936545e-01,3.743776996e-02,1.120447568e-02,7.796226910e-01,3.544079397e+01,1.774986764e-02,1.527888e-16,1.223997e-17,1.409463e-18,6.935329e-03
2.640000,4.374876848e-02,7.497031539e-02,1.038070838e-01,3.747637968e-02,1.102245185e-02,7.691647647e-01,3.541384093e+01,1.759574315e-02,3.356984e-16,1.076586e-17,1.301043e-18,6.952709e-03
2.650000,4.409119354e-02,7.505080108e-02,1.023942880e-01,3.751659422e-02,1.085525954e-02,7.597313522e-01,3.538583749e+01,1.744494712e-02,2.380150e-16,1.976826e-17,1.371419e-18,6.927788e-03
2.660000,4.442117261e-02,7.513353083e-02,1.009606369e-01,3.755792995e-02,1.070205477e-02,7.514084965e-01,3.535683915e+01,1.729758173e-02,2.309664e-16,1.085557e-17,1.775743e-18,6.886689e-03
2.670000,4.473853428e-02,7.521752966e-02,9.951165930e-02,3.759989970e-02,1.056199211e-02,7.442735443e-01,3.532690222e+01,1.715375025e-02,4.960348e-17,3.980661e-18,9.697399e-19,6.943529e-03
2.680000,4.504312325e-02,7.530181949e-02,9.805302982e-02,3.764201478e-02,1.043423992e-02,7.383932514e-01,3.529608374e+01,1.701355544e-02,9.999700e-16,1.297797e-17,5.006150e-18,6.955009e-03
2.690000,4.533479952e-02,7.538542305e-02,9.659055366e-02,3.768378690e-02,1.031799487e-02,7.338220064e-01,3.526444130e+01,1.687709803e-02,6.661997e-16,1.620882e-17,2.760460e-18,7.006108e-03
2.700000,4.561343760e-02,7.546736759e-02,9.513014923e-02,3.772473004e-02,1.021249545e-02,7.306002826e-01,3.523203297e+01,1.674447520e-02,3.347091e-16,3.529907e-18,2.341099e-18,6.976918e-03
2.710000,4.587892571e-02,7.554668844e-02,9.367782821e-02,3.776436220e-02,1.011703415e-02,7.287534176e-01,3.519891717e+01,1.661577921e-02,4.463873e-16,7.612806e-18,1.764953e-18,6.950148e-03
2.720000,4.613116515e-02,7.562243234e-02,9.223967255e-02,3.780220711e-02,1.003096802e-02,7.282908125e-01,3.516515253e+01,1.649109605e-02,4.540104e-16,1.619531e-17,1.389514e-18,6.949349e-03
2.730000,4.637006954e-02,7.569366065e-02,9.082180817e-02,3.783779578e-02,9.953727515e-03,7.292056104e-01,3.513079785e+01,1.637050427e-02,8.285955e-17,1.553120e-17,3.921531e-18,6.923659e-03
2.740000,4.659556425e-02,7.575945230e-02,8.943037477e-02,3.787066803e-02,9.884823344e-03,7.314748818e-01,3.509591189e+01,1.625407380e-02,3.720192e-16,3.604055e-18,6.133174e-19,6.946448e-03
2.750000,4.680758576e-02,7.581890655e-02,8.807149166e-02,3.790037381e-02,9.823851508e-03,7.350603071e-01,3.506055336e+01,1.614186497e-02,4.442688e-16,1.064853e-17,1.388456e-18,6.964749e-03
2.760000,4.700608110e-02,7.587114555e-02,8.675121915e-02,3.792647454e-02,9.770496308e-03,7.399093054e-01,3.502478077e+01,1.603392756e-02,4.494871e-16,1.666502e-17,9.757820e-19,6.929069e-03
2.770000,4.719100733e-02,7.591531673e-02,8.547551552e-02,3.794854422e-02,9.724531450e-03,7.459565321e-01,3.498865233e+01,1.593030004e-02,3.536841e-16,1.166873e-17,8.824766e-19,6.918419e-03
2.780000,4.736233102e-02,7.595059486e-02,8.425018957e-02,3.796617058e-02,9.685819291e-03,7.531256440e-01,3.495222588e+01,1.583100885e-02,1.682989e-16,1.901346e-17,2.235140e-18,6.933519e-03
2.790000,4.752002774e-02,7.597618407e-02,8.308084903e-02,3.797895596e-02,9.654308270e-03,7.613312247e-01,3.491555877e+01,1.573606785e-02,2.251818e-16,7.391882e-18,1.676355e-18,6.912289e-03
2.800000,4.766408169e-02,7.599131957e-02,8.197284539e-02,3.798651825e-02,9.630028642e-03,7.704807627e-01,3.487870782e+01,1.564547785e-02,4.342212e-17,1.641923e-17,3.172565e-18,6.911589e-03
2.810000,4.779448521e-02,7.599526918e-02,8.093121594e-02,3.798849163e-02,9.613086605e-03,7.804765902e-01,3.484172915e+01,1.555922630e-02,9.992407e-16,8.468280e-18,1.388456e-18,6.918069e-03
2.820000,4.791123839e-02,7.598733473e-02,7.996062420e-02,3.798452727e-02,9.603656939e-03,7.912177056e-01,3.480467820e+01,1.547728702e-02,2.395670e-16,2.112372e-17,1.152523e-18,6.921369e-03
2.830000,4.801434874e-02,7.596685323e-02,7.906530025e-02,3.797429390e-02,9.601974293e-03,8.026014273e-01,3.476760960e+01,1.539962011e-02,4.569649e-16,2.573905e-17,3.422114e-18,6.914899e-03
2.840000,4.810383078e-02,7.593319786e-02,7.824898266e-02,3.795747835e-02,9.608323282e-03,8.145248430e-01,3.473057707e+01,1.532617196e-02,5.562630e-16,1.131636e-17,1.269026e-18,6.910238e-03
2.850000,4.817970579e-02,7.588577891e-02,7.751486403e-02,3.793378595e-02,9.623027580e-03,8.268860424e-01,3.469363343e+01,1.525687528e-02,3.336028e-16,4.878910e-19,1.521750e-18,6.906939e-03
2.860000,4.824200143e-02,7.582404438e-02,7.686554226e-02,3.790294088e-02,9.646438219e-03,8.395851322e-01,3.465683047e+01,1.519164938e-02,4.484306e-16,1.137483e-17,3.909147e-18,6.911059e-03
2.870000,4.829075151e-02,7.574748062e-02,7.630297976e-02,3.786468648e-02,9.678921345e-03,8.525250464e-01,3.462021891e+01,1.513040037e-02,2.260455e-16,1.166293e-17,9.263427e-19,6.915549e-03
2.880000,4.832599571e-02,7.565561271e-02,7.582847246e-02,3.781878543e-02,9.720845708e-03,8.656121694e-01,3.458384836e+01,1.507302160e-02,3.792353e-16,9.337140e-18,6.505213e-19,6.936959e-03
2.890000,4.834777935e-02,7.554800477e-02,7.544263038e-02,3.776501989e-02,9.772570195e-03,8.787567973e-01,3.454776725e+01,1.501939409e-02,2.240196e-16,8.721017e-18,6.505213e-19,6.895969e-03
2.900000,4.835615315e-02,7.542426012e-02,7.514537099e-02,3.770319164e-02,9.834431712e-03,8.918734595e-01,3.451202276e+01,1.496938704e-02,4.545110e-16,1.796016e-17,2.827253e-18,6.919749e-03
2.910000,4.835117306e-02,7.528402139e-02,7.493592614e-02,3.763312203e-02,9.906733749e-03,9.048811264e-01,3.447666082e+01,1.492285849e-02,7.144945e-17,4.135009e-18,4.848700e-19,6.902098e-03
2.920000,4.833290002e-02,7.512697044e-02,7.481286247e-02,3.755465207e-02,9.989735928e-03,9.177033243e-01,3.444172606e+01,1.487965592e-02,9.673659e-17,8.889507e-18,4.336809e-19,6.918398e-03
2.930000,4.830139986e-02,7.495282825e-02,7.477411478e-02,3.746764225e-02,1.008364482e-02,9.302681787e-01,3.440726174e+01,1.483961699e-02,1.203165e-16,2.534844e-17,2.528772e-18,6.882499e-03
2.940000,4.825674308e-02,7.476135472e-02,7.481703123e-02,3.737197254e-02,1.018860628e-02,9.425084011e-01,3.437330973e+01,1.480257032e-02,2.506367e-16,5.121708e-18,1.454610e-18,6.921869e-03
2.950000,4.819900478e-02,7.455234835e-02,7.493842836e-02,3.726754215e-02,1.030469942e-02,9.543612357e-01,3.433991052e+01,1.476833625e-02,2.248670e-16,4.627985e-18,7.818293e-19,6.918269e-03
2.960000,4.812826449e-02,7.432564588e-02,7.513465416e-02,3.715426942e-02,1.043193238e-02,9.657683759e-01,3.430710312e+01,1.473672772e-02,3.346255e-16,5.833131e-18,3.066587e-18,6.906109e-03
2.970000,4.804460608e-02,7.408112190e-02,7.540165648e-02,3.703209157e-02,1.057023995e-02,9.766758623e-01,3.427492510e+01,1.470755113e-02,6.689043e-16,1.247268e-17,2.528772e-18,6.936779e-03
2.980000,4.794811766e-02,7.381868829e-02,7.573505455e-02,3.690096445e-02,1.071948289e-02,9.870339664e-01,3.424341256e+01,1.468060717e-02,1.339822e-16,2.217427e-17,2.146611e-18,6.873119e-03
2.990000,4.783889152e-02,7.353829374e-02,7.613021114e-02,3.676086230e-02,1.087944893e-02,9.967970687e-01,3.421260005e+01,1.465569177e-02,5.663207e-16,9.585384e-18,1.388456e-18,6.915958e-03
3.000000,4.771702407e-02,7.323992314e-02,7.658230335e-02,3.661177742e-02,1.104985526e-02,9.358033093e-01,3.445557861e+01,1.463259697e-02,8.892155e-16,5.229590e-18,1.167721e-18,6.945099e-03
3.010000,4.758221831e-02,7.292363219e-02,7.708653533e-02,3.645373752e-02,1.122995453e-02,9.326963471e-01,3.439607557e+01,1.461106183e-02,2.348063e-16,2.985496e-18,1.839952e-18,6.948509e-03
3.020000,4.743479480e-02,7.258944239e-02,7.763783403e-02,3.628675317e-02,1.141976469e-02,9.313574766e-01,3.433766296e+01,1.459093249e-02,2.235557e-16,8.321031e-18,1.084202e-18,6.946708e-03
3.030000,4.727491787e-02,7.223744389e-02,7.823117806e-02,3.611086927e-02,1.161881928e-02,9.316360971e-01,3.428046556e+01,1.457199334e-02,8.396266e-17,5.577322e-18,9.697399e-19,6.907198e-03
3.040000,4.710275332e-02,7.186776058e-02,7.886159304e-02,3.592614756e-02,1.182660079e-02,9.333727286e-01,3.422460436e+01,1.455402795e-02,2.238000e-16,4.457442e-18,3.469447e-18,6.910668e-03
3.050000,4.691846821e-02,7.148054947e-02,7.952419610e-02,3.573266631e-02,1.204254724e-02,9.364025448e-01,3.417019639e+01,1.453681997e-02,2.232382e-16,1.173859e-17,3.998340e-18,6.879239e-03
3.060000,4.672223071e-02,7.107599986e-02,8.021423348e-02,3.553051995e-02,1.226605868e-02,9.405586882e-01,3.411735464e+01,1.452015397e-02,2.212503e-17,8.977462e-18,2.168404e-18,6.908789e-03
3.070000,4.651420992e-02,7.065433260e-02,8.092711151e-02,3.531981866e-02,1.249650388e-02,9.456752431e-01,3.406618800e+01,1.450381628e-02,3.593382e-18,9.509510e-18,1.788112e-18,6.898239e-03
3.080000,4.629457573e-02,7.021579930e-02,8.165842121e-02,3.510068797e-02,1.273322659e-02,9.515897855e-01,3.401680112e+01,1.448759572e-02,1.147315e-16,1.394718e-17,1.371419e-18,6.912269e-03
3.090000,4.606349867e-02,6.976068150e-02,8.240395705e-02,3.487326839e-02,1.297555174e-02,9.581454758e-01,3.396929436e+01,1.447128440e-02,1.149392e-16,6.705420e-18,4.336809e-19,6.916719e-03
3.100000,4.582114985e-02,6.928928985e-02,8.315973053e-02,3.463771496e-02,1.322279104e-02,9.651926933e-01,3.392376368e+01,1.445467840e-02,1.836609e-16,1.390455e-17,4.336809e-19,6.919789e-03
3.110000,4.556770080e-02,6.880196328e-02,8.392197901e-02,3.439419686e-02,1.347424832e-02,9.725902396e-01,3.388030060e+01,1.443757845e-02,3.464461e-16,2.168648e-17,2.528772e-18,6.920189e-03
3.120000,4.530332345e-02,6.829906817e-02,8.468717060e-02,3.414289699e-02,1.372922431e-02,9.802061566e-01,3.383899214e+01,1.441979055e-02,9.810357e-17,2.403826e-17,3.705371e-18,6.938109e-03
3.130000,4.502819007e-02,6.778099747e-02,8.545200550e-02,3.388401153e-02,1.398702099e-02,9.879182132e-01,3.379992070e+01,1.440112657e-02,2.171605e-16,1.331231e-17,0.000000e+00,6.916369e-03
3.140000,4.474247323e-02,6.724816990e-02,8.621341451e-02,3.361774953e-02,1.424694552e-02,9.956141177e-01,3.376316407e+01,1.438140474e-02,4.650157e-16,1.306644e-17,2.168404e-18,6.861789e-03
3.150000,4.444634577e-02,6.670102908e-02,8.696855513e-02,3.334433249e-02,1.450831365e-02,1.003191512e+00,3.372879535e+01,1.436045019e-02,1.244555e-16,2.403807e-17,1.371419e-18,6.868879e-03
3.160000,4.413998085e-02,6.614004268e-02,8.771480572e-02,3.306399396e-02,1.477045274e-02,1.010557800e+00,3.369688293e+01,1.433809534e-02,3.382566e-16,9.445791e-18,9.697399e-19,6.887249e-03
3.170000,4.382355196e-02,6.556570160e-02,8.844975808e-02,3.277697908e-02,1.503270449e-02,1.017629845e+00,3.366749044e+01,1.431418035e-02,2.317594e-16,1.336089e-17,1.788112e-18,6.884588e-03
3.180000,4.349723296e-02,6.497851914e-02,8.917120889e-02,3.248354419e-02,1.529442715e-02,1.024333593e+00,3.364067671e+01,1.428855341e-02,3.585546e-17,1.506222e-17,1.371419e-18,6.907479e-03
3.190000,4.316119812e-02,6.437903015e-02,8.987715024e-02,3.218395642e-02,1.555499760e-02,1.030603624e+00,3.361649580e+01,1.426107108e-02,2.280679e-16,1.045848e-17,1.388456e-18,6.884878e-03
3.200000,4.281562227e-02,6.376779025e-02,9.056575948e-02,3.187849330e-02,1.581381296e-02,1.036382683e+00,3.359499691e+01,1.423159852e-02,1.001326e-15,1.292385e-17,2.602085e-18,6.854428e-03
3.210000,4.246068084e-02,6.314537501e-02,9.123538867e-02,3.156744231e-02,1.607029210e-02,1.041621190e+00,3.357622447e+01,1.420000969e-02,6.781878e-16,1.115530e-17,2.168404e-18,6.887819e-03
3.220000,4.209654997e-02,6.251237915e-02,9.188455377e-02,3.125110054e-02,1.632387688e-02,1.046276750e+00,3.356021807e+01,1.416618754e-02,5.570559e-16,2.255141e-17,1.839952e-18,6.870229e-03
3.230000,4.172340667e-02,6.186941575e-02,9.251192368e-02,3.092977425e-02,1.657403310e-02,1.050313670e+00,3.354701247e+01,1.413002408e-02,5.710005e-16,5.285138e-18,1.371419e-18,6.874988e-03
3.240000,4.134142894e-02,6.121711552e-02,9.311630932e-02,3.060377854e-02,1.682025145e-02,1.053702496e+00,3.353663767e+01,1.409142049e-02,2.295515e-16,5.811364e-18,1.939480e-18,6.919218e-03
3.250000,4.095079590e-02,6.055612597e-02,9.369665282e-02,3.027343691e-02,1.706204816e-02,1.056419565e+00,3.352911890e+01,1.405028713e-02,2.409986e-16,1.433281e-17,1.939480e-18,6.947578e-03
3.260000,4.055168799e-02,5.988711071e-02,9.425201683e-02,2.993908091e-02,1.729896555e-02,1.058446580e+00,3.352447663e+01,1.400654353e-02,4.522627e-16,3.473257e-17,1.563659e-18,6.914909e-03
3.270000,4.014428708e-02,5.921074864e-02,9.478157415e-02,2.960104977e-02,1.753057253e-02,1.059770214e+00,3.352272665e+01,1.396011836e-02,5.588530e-16,9.910818e-18,7.996680e-18,6.894538e-03
3.280000,3.972877668e-02,5.852773330e-02,9.528459761e-02,2.925969003e-02,1.775646492e-02,1.060381730e+00,3.352388011e+01,1.391094933e-02,5.552446e-16,2.682168e-17,5.244670e-18,6.914779e-03
3.290000,3.930534208e-02,5.783877203e-02,9.576045027e-02,2.891535515e-02,1.797626568e-02,1.060276635e+00,3.352794354e+01,1.385898305e-02,8.334966e-17,8.069844e-18,0.000000e+00,6.912609e-03
3.300000,3.887417059e-02,5.714458528e-02,9.620857607e-02,2.856840518e-02,1.818962509e-02,1.059454346e+00,3.353491893e+01,1.380417494e-02,5.556491e-16,8.981390e-18,3.318792e-18,6.939739e-03
3.310000,3.843545163e-02,5.644590588e-02,9.662849076e-02,2.821920633e-02,1.839622085e-02,1.057917887e+00,3.354480382e+01,1.374648899e-02,3.111416e-16,1.045918e-17,1.409463e-18,6.940739e-03
3.320000,3.798937697e-02,5.574347826e-02,9.701977336e-02,2.786813065e-02,1.859575808e-02,1.055673605e+00,3.355759133e+01,1.368589761e-02,3.742223e-16,1.752555e-17,3.878960e-18,6.852079e-03
3.330000,3.753614088e-02,5.503805771e-02,9.738205797e-02,2.751555564e-02,1.878796927e-02,1.052730904e+00,3.357327025e+01,1.362238134e-02,5.554114e-16,6.119983e-18,1.817454e-18,6.831808e-03
3.340000,3.707594032e-02,5.433040958e-02,9.771502610e-02,2.716186383e-02,1.897261418e-02,1.049102001e+00,3.359182516e+01,1.355592864e-02,4.479893e-16,2.001051e-17,8.787390e-18,6.870128e-03
3.350000,3.660897507e-02,5.362130849e-02,9.801839939e-02,2.680744240e-02,1.914947966e-02,1.044801697e+00,3.361323647e+01,1.348653562e-02,2.301647e-16,1.252476e-17,8.940560e-19,6.859849e-03
3.360000,3.613544791e-02,5.291153753e-02,9.829193290e-02,2.645268277e-02,1.931837946e-02,1.039847169e+00,3.363748053e+01,1.341420572e-02,4.446185e-16,1.234325e-17,9.697399e-19,6.875399e-03
3.370000,3.565556480e-02,5.220188732e-02,9.853540874e-02,2.609798018e-02,1.947915392e-02,1.034257775e+00,3.366452977e+01,1.333894944e-02,3.338486e-16,7.059813e-18,3.127317e-18,6.878259e-03
3.380000,3.516953496e-02,5.149315519e-02,9.874863035e-02,2.574373318e-02,1.963166968e-02,1.028054875e+00,3.369435274e+01,1.326078402e-02,2.246081e-16,2.985639e-17,3.252607e-19,6.869299e-03
3.390000,3.467757106e-02,5.078614413e-02,9.893141715e-02,2.539034321e-02,1.977581928e-02,1.021261667e+00,3.372691427e+01,1.317973310e-02,3.389446e-16,3.493491e-17,7.208110e-18,6.897369e-03
3.400000,3.417988930e-02,5.008166183e-02,9.908359968e-02,2.503821405e-02,1.991152076e-02,1.013903040e+00,3.376217555e+01,1.309582644e-02,7.759987e-17,2.805571e-17,2.604343e-18,6.867279e-03
3.410000,3.367670954e-02,4.938051950e-02,9.920501537e-02,2.468775126e-02,2.003871718e-02,1.006005435e+00,3.380009429e+01,1.300909953e-02,2.637008e-16,4.211899e-17,2.949349e-18,6.883580e-03
3.420000,3.316825539e-02,4.868353078e-02,9.929550460e-02,2.433936162e-02,2.015737609e-02,9.975967282e-01,3.384062478e+01,1.291959330e-02,4.479898e-16,1.495895e-17,3.127317e-18,6.915619e-03
3.430000,3.265475431e-02,4.799151037e-02,9.935490745e-02,2.399345247e-02,2.026748900e-02,9.887061189e-01,3.388371806e+01,1.282735379e-02,3.374528e-16,2.891717e-17,4.422694e-18,7.006049e-03
3.440000,3.213643765e-02,4.730527267e-02,9.938306079e-02,2.365043100e-02,2.036907071e-02,9.793640364e-01,3.392932205e+01,1.273243181e-02,4.539166e-16,2.518251e-17,3.366269e-18,6.960919e-03
3.450000,3.161354073e-02,4.662563029e-02,9.937979594e-02,2.331070350e-02,2.046215871e-02,9.696020583e-01,3.397738162e+01,1.263488261e-02,1.257250e-16,1.599336e-17,1.084202e-18,6.956099e-03
3.460000,3.108630287e-02,4.595339239e-02,9.934493677e-02,2.297467457e-02,2.054681240e-02,9.594528415e-01,3.402783879e+01,1.253476560e-02,2.864292e-17,3.523657e-18,6.288373e-18,6.922228e-03
3.470000,3.055496744e-02,4.528936288e-02,9.927829831e-02,2.264274620e-02,2.062311239e-02,9.489500672e-01,3.408063283e+01,1.243214402e-02,8.011592e-17,3.078948e-17,1.662192e-17,6.973439e-03
3.480000,3.001978183e-02,4.463433852e-02,9.917968575e-02,2.231531677e-02,2.069115967e-02,9.381283976e-01,3.413570039e+01,1.232708464e-02,4.442131e-16,2.886997e-17,3.496447e-18,6.950189e-03
3.490000,2.948099751e-02,4.398910677e-02,9.904889394e-02,2.199278008e-02,2.075107472e-02,9.270234460e-01,3.419297563e+01,1.221965752e-02,4.526810e-16,1.750315e-17,9.424455e-18,6.920569e-03
3.500000,2.893886999e-02,4.335444359e-02,9.888570734e-02,2.167552414e-02,2.080299667e-02,9.156717586e-01,3.425239038e+01,1.210993569e-02,4.484603e-16,1.082045e-17,8.898387e-18,6.920959e-03
3.510000,2.839365877e-02,4.273111090e-02,9.868990035e-02,2.136392997e-02,2.084708226e-02,9.041108080e-01,3.431387423e+01,1.199799496e-02,8.892372e-16,6.666080e-18,6.992894e-18,6.907688e-03
3.520000,2.784562737e-02,4.211985404e-02,9.846123805e-02,2.105837030e-02,2.088350490e-02,8.923789980e-01,3.437735474e+01,1.188391359e-02,4.565233e-16,3.855406e-17,7.152448e-18,6.924299e-03
3.530000,2.729504323e-02,4.152139890e-02,9.819947736e-02,2.075920815e-02,2.091245360e-02,8.805156781e-01,3.444275747e+01,1.176777219e-02,2.551459e-16,8.545274e-18,1.788112e-18,6.972999e-03
3.540000,2.674217771e-02,4.093644897e-02,9.790436852e-02,2.046679533e-02,2.093413184e-02,8.685611659e-01,3.451000620e+01,1.164965338e-02,2.020642e-16,2.612995e-17,4.848700e-18,6.947158e-03
3.550000,2.618730597e-02,4.036568215e-02,9.757565698e-02,2.018147087e-02,2.094875646e-02,8.565567778e-01,3.457902303e+01,1.152964173e-02,7.465867e-17,4.654461e-17,1.477064e-17,7.107578e-03
3.560000,2.563070698e-02,3.980974749e-02,9.721308555e-02,1.990355937e-02,2.095655643e-02,8.445448626e-01,3.464972851e+01,1.140782347e-02,1.272065e-16,2.515402e-17,4.422694e-18,6.959668e-03
3.570000,2.507266338e-02,3.926926168e-02,9.681639691e-02,1.963336928e-02,2.095777167e-02,8.325688377e-01,3.472204175e+01,1.128428642e-02,2.306595e-16,8.369495e-18,3.576224e-18,6.929948e-03
3.580000,2.451346148e-02,3.874480558e-02,9.638533641e-02,1.937119110e-02,2.095265168e-02,8.206732233e-01,3.479588061e+01,1.115911980e-02,1.347756e-16,1.618923e-17,9.697399e-18,6.816649e-03
3.590000,2.395339115e-02,3.823692050e-02,9.591965506e-02,1.911729559e-02,2.094145433e-02,8.089036708e-01,3.487116174e+01,1.103241411e-02,5.564219e-16,4.425718e-17,1.125065e-17,6.856738e-03
3.600000,2.339274579e-02,3.774610458e-02,9.541911285e-02,1.887193191e-02,2.092444442e-02,7.973069801e-01,3.494780078e+01,1.090426105e-02,2.237797e-16,2.278994e-17,1.157205e-17,6.831409e-03
3.610000,2.283182226e-02,3.727280913e-02,9.488348224e-02,1.863532580e-02,2.090189233e-02,7.859311003e-01,3.502571243e+01,1.077475337e-02,2.396684e-16,3.509605e-17,6.024887e-18,6.844959e-03
3.620000,2.227092086e-02,3.681743497e-02,9.431255186e-02,1.840767778e-02,2.087407262e-02,7.748251078e-01,3.510481059e+01,1.064398479e-02,1.630642e-16,4.312639e-17,6.938894e-18,6.863459e-03
3.630000,2.171034529e-02,3.638032899e-02,9.370613040e-02,1.818916138e-02,2.084126254e-02,7.640391535e-01,3.518500847e+01,1.051204997e-02,4.622054e-16,2.354049e-17,3.576224e-18,6.977969e-03
3.640000,2.115040265e-02,3.596178080e-02,9.306405062e-02,1.797992151e-02,2.080374065e-02,7.536243726e-01,3.526621870e+01,1.037904438e-02,1.318510e-16,2.676075e-17,7.152448e-18,6.941749e-03
3.650000,2.059140349e-02,3.556201964e-02,9.238617352e-02,1.778007288e-02,2.076178529e-02,7.436327486e-01,3.534835346e+01,1.024506429e-02,1.132896e-16,2.744746e-17,8.716878e-18,6.965328e-03
3.660000,2.003366186e-02,3.518121164e-02,9.167239266e-02,1.758969866e-02,2.071567311e-02,7.341169227e-01,3.543132453e+01,1.011020668e-02,1.535311e-16,3.426083e-17,1.163688e-17,6.847939e-03
3.670000,1.947749539e-02,3.481945739e-02,9.092263851e-02,1.740884923e-02,2.066567765e-02,7.251299431e-01,3.551504347e+01,9.974569212e-03,1.296411e-16,4.027227e-17,2.019761e-17,6.890148e-03
3.680000,1.892322547e-02,3.447678998e-02,9.013688298e-02,1.723754123e-02,2.061206781e-02,7.167249460e-01,3.559942166e+01,9.838250174e-03,3.368447e-16,1.409056e-17,1.430490e-17,6.911819e-03
3.690000,1.837117743e-02,3.415317350e-02,8.931514392e-02,1.707575681e-02,2.055510645e-02,7.089547664e-01,3.568437041e+01,9.701348441e-03,2.251936e-16,5.192475e-17,1.634810e-17,6.919599e-03
3.700000,1.782168085e-02,3.384850216e-02,8.845748980e-02,1.692344316e-02,2.049504895e-02,7.018714746e-01,3.576980107e+01,9.563963429e-03,1.236535e-16,1.179740e-17,2.142225e-17,6.898699e-03
3.710000,1.727506986e-02,3.356259990e-02,8.756404437e-02,1.678051233e-02,2.043214184e-02,6.955258429e-01,3.585562509e+01,9.426195046e-03,4.552253e-16,5.391092e-17,1.734723e-18,6.940478e-03
3.720000,1.673168368e-02,3.329522068e-02,8.663499139e-02,1.664684139e-02,2.036662145e-02,6.899667474e-01,3.594175413e+01,9.288143645e-03,1.665696e-16,7.371528e-17,1.250927e-17,6.901218e-03
3.730000,1.619186710e-02,3.304604935e-02,8.567057943e-02,1.652227286e-02,2.029871262e-02,6.852405174e-01,3.602810015e+01,9.149909968e-03,1.219747e-16,3.862454e-17,1.599336e-17,6.924308e-03
3.740000,1.565597127e-02,3.281470327e-02,8.467112672e-02,1.640661550e-02,2.022862753e-02,6.813902479e-01,3.611457543e+01,9.011595080e-03,4.540073e-16,3.308096e-17,3.157244e-18,6.917088e-03
3.750000,1.512435449e-02,3.260073442e-02,8.363702603e-02,1.629964538e-02,2.015656447e-02,6.784550968e-01,3.620109271e+01,8.873300306e-03,1.168465e-16,8.988463e-18,8.420559e-18,6.898438e-03
3.760000,1.459738330e-02,3.240363217e-02,8.256874966e-02,1.620110727e-02,2.008270687e-02,6.764695929e-01,3.628756525e+01,8.735127145e-03,1.309230e-16,6.556412e-17,2.461306e-17,6.926599e-03
3.770000,1.407543374e-02,3.222282669e-02,8.146685446e-02,1.611071633e-02,2.000722229e-02,6.754629817e-01,3.637390684e+01,8.597177183e-03,4.500799e-16,5.428044e-17,1.435739e-17,6.951559e-03
3.780000,1.355889287e-02,3.205769276e-02,8.033198702e-02,1.602816002e-02,1.993026158e-02,6.754586389e-01,3.646003197e+01,8.459551991e-03,4.608525e-16,6.837354e-18,3.043501e-17,6.934789e-03
3.790000,1.304816065e-02,3.190755410e-02,7.916488889e-02,1.595310029e-02,1.985195810e-02,6.764735791e-01,3.654585577e+01,8.322353010e-03,2.266855e-16,1.042676e-16,1.262898e-17,6.954469e-03
3.800000,1.254365207e-02,3.177168809e-02,7.796640200e-02,1.588517589e-02,1.977242713e-02,6.785180837e-01,3.663129418e+01,8.185681423e-03,2.377584e-16,4.740174e-18,2.993655e-17,6.939119e-03
3.810000,1.204579983e-02,3.164933074e-02,7.673747429e-02,1.582400491e-02,1.969176536e-02,6.815954664e-01,3.671626392e+01,8.049638014e-03,5.552877e-16,4.519911e-17,2.250549e-17,6.965908e-03
3.820000,1.155505742e-02,3.153968199e-02,7.547916545e-02,1.576918738e-02,1.961005048e-02,6.857019866e-01,3.680068262e+01,7.914323012e-03,6.699627e-16,5.829958e-17,9.697399e-18,6.969988e-03
3.830000,1.107190288e-02,3.144191107e-02,7.419265306e-02,1.572030797e-02,1.952734101e-02,6.908269138e-01,3.688446879e+01,7.779835923e-03,2.435543e-16,5.551115e-17,1.307532e-17,6.950248e-03
3.840000,1.059684317e-02,3.135516195e-02,7.287923890e-02,1.567693876e-02,1.944367615e-02,6.969527363e-01,3.696754195e+01,7.646275342e-03,6.938908e-17,2.085998e-17,2.261803e-17,6.960309e-03
3.850000,1.013041938e-02,3.127855885e-02,7.154035578e-02,1.563864190e-02,1.935907584e-02,7.040555007e-01,3.704982260e+01,7.513738758e-03,2.231870e-16,4.689582e-17,7.573911e-18,6.955479e-03
3.860000,9.673212849e-03,3.121121155e-02,7.017757465e-02,1.560497237e-02,1.927354095e-02,7.121052616e-01,3.713123233e+01,7.382322339e-03,6.669014e-16,3.540189e-17,2.909220e-18,6.955428e-03
3.870000,9.225852353e-03,3.115222072e-02,6.879261233e-02,1.557548053e-02,1.918705359e-02,7.210666177e-01,3.721169382e+01,7.252120712e-03,5.642307e-16,5.783636e-17,2.994597e-17,6.958958e-03
3.880000,8.789022454e-03,3.110068290e-02,6.738733973e-02,1.554971474e-02,1.909957759e-02,7.308993081e-01,3.729113091e+01,7.123226720e-03,6.695606e-16,4.164766e-17,1.199502e-17,6.989558e-03
3.890000,8.363473122e-03,3.105569535e-02,6.596379078e-02,1.552722369e-02,1.901105905e-02,7.415588408e-01,3.736946862e+01,6.995731181e-03,4.662794e-16,3.408568e-18,7.806256e-18,6.943238e-03
3.900000,7.950030673e-03,3.101636059e-02,6.452417201e-02,1.550755867e-02,1.892142710e-02,7.529971324e-01,3.744663320e+01,6.869722623e-03,2.269308e-16,3.144186e-17,3.387156e-18,6.942579e-03
3.910000,7.549609961e-03,3.098179059e-02,6.307087300e-02,1.549027575e-02,1.883059469e-02,7.651631341e-01,3.752255214e+01,6.745287025e-03,1.121148e-16,5.308167e-17,1.345110e-17,6.937299e-03
3.920000,7.163227571e-03,3.095111072e-02,6.160647759e-02,1.547493765e-02,1.873845957e-02,7.780034296e-01,3.759715425e+01,6.622507541e-03,6.546175e-17,1.307849e-17,4.655762e-18,6.927988e-03
3.930000,6.792015449e-03,3.092346331e-02,6.013377605e-02,1.546111560e-02,1.864490530e-02,7.914627908e-01,3.767036968e+01,6.501464226e-03,1.112163e-15,3.106251e-17,5.485677e-18,7.071048e-03
3.940000,6.437233957e-03,3.089801084e-02,5.865577810e-02,1.544839089e-02,1.854980239e-02,8.054846843e-01,3.774212992e+01,6.382233752e-03,2.293577e-16,1.262898e-17,5.637851e-18,8.350064e-03
3.950000,6.100282598e-03,3.087393887e-02,5.717572675e-02,1.543635634e-02,1.845300954e-02,8.200117223e-01,3.781236789e+01,6.264889129e-03,1.940721e-16,6.718302e-17,1.939480e-18,7.172968e-03
3.960000,5.782705736e-03,3.085045856e-02,5.569711297e-02,1.542461758e-02,1.835437486e-02,8.349860582e-01,3.788101793e+01,6.149499427e-03,7.777212e-16,1.852989e-17,1.435903e-17,6.988668e-03
3.970000,5.486189381e-03,3.082680890e-02,5.422369075e-02,1.541279416e-02,1.825373726e-02,8.503497282e-01,3.794801586e+01,6.036129499e-03,3.339512e-16,4.047327e-17,9.745765e-18,6.957039e-03
3.980000,5.212543796e-03,3.080225866e-02,5.275949242e-02,1.540052049e-02,1.815092780e-02,8.660449416e-01,3.801329899e+01,5.924839712e-03,7.778547e-16,2.132105e-17,2.949349e-18,7.035998e-03
3.990000,4.963665510e-03,3.077610799e-02,5.130884352e-02,1.538744671e-02,1.804577112e-02,8.820143240e-01,3.807680617e+01,5.815685683e-03,2.348037e-16,6.329448e-17,8.434508e-18,6.995508e-03
4.000000,4.741472170e-03,3.074768979e-02,4.987637654e-02,1.537323929e-02,1.793808683e-02,8.982011205e-01,3.813847783e+01,5.708718032e-03,1.287442e-16,2.590190e-17,1.900078e-17,7.066718e-03
4.010000,4.547805291e-03,3.071637081e-02,4.846704230e-02,1.535758165e-02,1.782769101e-02,9.145493623e-01,3.819825597e+01,5.603982140e-03,4.520945e-16,1.285694e-17,1.439174e-17,7.043829e-03
4.020000,4.384300738e-03,3.068155256e-02,4.708611760e-02,1.534017457e-02,1.771439757e-02,9.310040034e-01,3.825608425e+01,5.501517932e-03,2.506243e-16,4.091337e-18,9.844174e-18,7.332968e-03
4.030000,4.252234976e-03,3.064267194e-02,4.573920704e-02,1.532073655e-02,1.759801975e-02,9.475110325e-01,3.831190798e+01,5.401359669e-03,6.668224e-16,9.761936e-17,2.308918e-17,7.154698e-03
4.040000,4.152365693e-03,3.059920173e-02,4.443223664e-02,1.529900399e-02,1.747837147e-02,9.640175644e-01,3.836567417e+01,5.303535765e-03,5.772043e-16,3.620977e-17,1.127570e-17,7.275637e-03
4.050000,4.084794809e-03,3.055065091e-02,4.317143599e-02,1.527473142e-02,1.735526874e-02,9.804719155e-01,3.841733157e+01,5.208068625e-03,8.886137e-16,3.629796e-17,2.287127e-18,6.871709e-03
4.060000,4.048884802e-03,3.049656480e-02,4.196330555e-02,1.524769151e-02,1.722853095e-02,9.968236666e-01,3.846683066e+01,5.114974509e-03,4.639502e-16,2.392836e-17,9.171607e-18,6.931298e-03
4.070000,4.043251763e-03,3.043652510e-02,4.081456497e-02,1.521767514e-02,1.709798221e-02,1.013023717e+00,3.851412374e+01,5.024263417e-03,7.860347e-16,8.155451e-17,3.285777e-17,6.934488e-03
4.080000,4.065841317e-03,3.037014976e-02,3.973207831e-02,1.518449131e-02,1.696345254e-02,1.029024331e+00,3.855916492e+01,4.935939010e-03,2.121834e-16,4.662228e-17,2.640205e-18,6.893409e-03
4.090000,4.114072847e-03,3.029709283e-02,3.872275265e-02,1.514796704e-02,1.682477907e-02,1.044779181e+00,3.860191018e+01,4.849998556e-03,7.244440e-17,2.538012e-17,9.311523e-18,6.931898e-03
4.100000,4.185022262e-03,3.021704410e-02,3.779340735e-02,1.510794726e-02,1.668180716e-02,1.060243383e+00,3.864231736e+01,4.766432903e-03,4.488880e-16,2.584329e-17,9.987026e-18,6.879359e-03
4.110000,4.275609315e-03,3.012972879e-02,3.695061353e-02,1.506429457e-02,1.653439145e-02,1.075373539e+00,3.868034624e+01,4.685226493e-03,6.713179e-16,2.101067e-17,1.033382e-17,6.932629e-03
4.120000,4.382761960e-03,3.003490708e-02,3.620050630e-02,1.501688908e-02,1.638239684e-02,1.090127766e+00,3.871595853e+01,4.606357400e-03,2.403269e-16,2.769846e-17,7.879137e-18,6.908068e-03
4.130000,4.503542095e-03,2.993237360e-02,3.554857633e-02,1.496562810e-02,1.622569942e-02,1.104465739e+00,3.874911793e+01,4.529797408e-03,2.632726e-16,1.624794e-17,1.150072e-17,6.952979e-03
4.140000,4.635228936e-03,2.982195688e-02,3.499945174e-02,1.491042590e-02,1.606418729e-02,1.118348718e+00,3.877979013e+01,4.455512122e-03,1.181784e-16,4.954709e-17,1.295803e-17,6.942478e-03
4.150000,4.775364452e-03,2.970351879e-02,3.455668558e-02,1.485121341e-02,1.589776136e-02,1.131739589e+00,3.880794285e+01,4.383461109e-03,4.442553e-16,3.047206e-17,3.198511e-18,6.940238e-03
4.160000,4.921769306e-03,2.957695385e-02,3.422256723e-02,1.478793789e-02,1.572633605e-02,1.144602898e+00,3.883354589e+01,4.313598076e-03,2.081755e-17,3.897372e-17,6.728663e-18,6.880498e-03
4.170000,5.072538384e-03,2.944218860e-02,3.399797662e-02,1.472056260e-02,1.554983990e-02,1.156904883e+00,3.885657109e+01,4.245871083e-03,1.182160e-16,5.217987e-18,4.755682e-18,6.898198e-03
4.180000,5.226023797e-03,2.929918089e-02,3.388229784e-02,1.464906646e-02,1.536821617e-02,1.168613515e+00,3.887699244e+01,4.180222783e-03,1.405449e-16,1.313675e-17,2.074909e-18,6.923769e-03
4.190000,5.380811357e-03,2.914791914e-02,3.387340312e-02,1.457344366e-02,1.518142329e-02,1.179698526e+00,3.889478602e+01,4.116590705e-03,4.495881e-16,5.053127e-17,1.117754e-17,6.889568e-03
4.200000,5.535694648e-03,2.898842162e-02,3.396771071e-02,1.449370332e-02,1.498943537e-02,1.190131451e+00,3.890993008e+01,4.054907553e-03,4.612090e-16,8.867289e-18,9.670694e-18,6.897918e-03
4.210000,5.689649271e-03,2.882073566e-02,3.416031112e-02,1.440986910e-02,1.479224247e-02,1.199885655e+00,3.892240502e+01,3.995101544e-03,3.482775e-18,1.005780e-16,1.923443e-17,6.930678e-03
4.220000,5.841808748e-03,2.864493689e-02,3.444514906e-02,1.432197878e-02,1.458985100e-02,1.208936366e+00,3.893219344e+01,3.937096775e-03,3.642971e-17,2.544534e-17,2.287898e-17,6.898929e-03
4.230000,5.991442785e-03,2.846112840e-02,3.481524286e-02,1.423008390e-02,1.438228395e-02,1.217260711e+00,3.893928013e+01,3.880813602e-03,4.477906e-16,1.393231e-17,1.203660e-17,6.887009e-03
4.240000,6.137938125e-03,2.826943993e-02,3.526292152e-02,1.413424931e-02,1.416958106e-02,1.224837738e+00,3.894365208e+01,3.826169063e-03,2.269310e-16,1.607995e-17,8.266286e-18,6.938558e-03
4.250000,6.280781962e-03,2.807002705e-02,3.578006044e-02,1.403455276e-02,1.395179903e-02,1.231648449e+00,3.894529851e+01,3.773077299e-03,6.941143e-18,1.284963e-17,9.850291e-18,6.944318e-03
4.260000,6.419547713e-03,2.786307026e-02,3.635830073e-02,1.393108448e-02,1.372901161e-02,1.237675822e+00,3.894421087e+01,3.721450012e-03,4.774022e-16,3.065365e-17,2.477704e-18,6.902088e-03
4.270000,6.553882896e-03,2.764877416e-02,3.698924142e-02,1.382394674e-02,1.350130968e-02,1.242904831e+00,3.894038285e+01,3.671196925e-03,7.820372e-16,4.734129e-17,1.261594e-17,6.952228e-03
4.280000,6.683498849e-03,2.742736651e-02,3.766459881e-02,1.371325341e-02,1.326880132e-02,1.247322471e+00,3.893381035e+01,3.622226262e-03,5.584245e-17,1.566400e-17,8.945982e-18,6.940689e-03
4.290000,6.808162022e-03,2.719909734e-02,3.837633164e-02,1.359912947e-02,1.303161177e-02,1.250917770e+00,3.892449154e+01,3.574445238e-03,2.231013e-16,5.570080e-17,1.057194e-17,6.961868e-03
4.300000,6.927686601e-03,2.696423803e-02,3.911673355e-02,1.348171058e-02,1.278988350e-02,1.253681805e+00,3.891242681e+01,3.527760544e-03,3.393515e-16,2.116729e-17,6.857097e-18,6.925278e-03
4.310000,7.041928262e-03,2.672308029e-02,3.987849653e-02,1.336114257e-02,1.254377615e-02,1.255607713e+00,3.889761879e+01,3.482078851e-03,3.480817e-18,1.610040e-17,4.358439e-18,6.950358e-03
4.320000,7.150778870e-03,2.647593524e-02,4.065474997e-02,1.323758098e-02,1.229346652e-02,1.256690698e+00,3.888007234e+01,3.437307302e-03,2.309726e-16,7.150476e-17,1.817454e-17,6.983758e-03
4.330000,7.254161966e-03,2.622313236e-02,4.143908030e-02,1.311119051e-02,1.203914856e-02,1.256928033e+00,3.885979451e+01,3.393354004e-03,1.208382e-16,4.172196e-17,1.152523e-17,6.936699e-03
4.340000,7.352028916e-03,2.596501847e-02,4.222553562e-02,1.298214455e-02,1.178103332e-02,1.256319062e+00,3.883679459e+01,3.350128514e-03,3.338071e-16,2.177736e-17,5.738083e-18,6.914759e-03
4.350000,7.444355609e-03,2.570195662e-02,4.300861954e-02,1.285062460e-02,1.151934902e-02,1.254865203e+00,3.881108405e+01,3.307542313e-03,7.502057e-17,1.211399e-17,7.735158e-18,6.944308e-03
4.360000,7.531139620e-03,2.543432504e-02,4.378327749e-02,1.271681974e-02,1.125434105e-02,1.252569932e+00,3.878267653e+01,3.265509269e-03,6.724488e-16,4.574026e-17,1.954032e-17,6.945598e-03
4.370000,7.612397753e-03,2.516251594e-02,4.454487820e-02,1.258092606e-02,1.098627205e-02,1.249438782e+00,3.875158784e+01,3.223946080e-03,5.559411e-16,2.151096e-17,1.458645e-18,6.975118e-03
4.380000,7.688163916e-03,2.488693437e-02,4.528919240e-02,1.244314606e-02,1.071542206e-02,1.245479330e+00,3.871783591e+01,3.182772706e-03,6.791886e-16,8.292269e-17,1.978483e-18,6.977438e-03
4.390000,7.758487258e-03,2.460799695e-02,4.601237036e-02,1.230368803e-02,1.044208873e-02,1.240701177e+00,3.868144079e+01,3.141912763e-03,4.579670e-16,2.137783e-17,9.078858e-18,7.020508e-03
4.400000,7.823430538e-03,2.432613065e-02,4.671091914e-02,1.216276543e-02,1.016658760e-02,1.235115936e+00,3.864242464e+01,3.101293914e-03,6.444243e-17,3.737275e-17,4.023252e-18,6.918409e-03
4.410000,7.883068687e-03,2.404177142e-02,4.738168048e-02,1.202059621e-02,9.889252522e-03,1.228737203e+00,3.860081167e+01,3.060848212e-03,1.466332e-16,1.183122e-17,6.563678e-18,6.916178e-03
4.420000,7.937487531e-03,2.375536284e-02,4.802180978e-02,1.187740214e-02,9.610436160e-03,1.221580541e+00,3.855662811e+01,3.020512425e-03,1.374272e-16,1.973672e-17,1.106789e-17,6.969958e-03
4.430000,7.986782650e-03,2.346735467e-02,4.862875627e-02,1.173340809e-02,9.330510699e-03,1.213663445e+00,3.850990222e+01,2.980228330e-03,2.257558e-16,2.096810e-17,1.609200e-17,6.915338e-03
4.440000,8.031058355e-03,2.317820140e-02,4.920024481e-02,1.158884128e-02,9.049868689e-03,1.205005315e+00,3.846066423e+01,2.939942970e-03,2.735588e-16,4.875439e-17,1.474874e-17,6.866559e-03
4.450000,8.070426765e-03,2.288836068e-02,4.973425908e-02,1.144393054e-02,8.768924110e-03,1.195627422e+00,3.840894631e+01,2.899608872e-03,1.414226e-16,2.110633e-17,8.257038e-18,6.892259e-03
4.460000,8.105006965e-03,2.259829172e-02,5.022902626e-02,1.129890544e-02,8.488113687e-03,1.185552869e+00,3.835478253e+01,2.859184243e-03,2.309988e-16,1.764429e-17,7.852236e-18,6.905329e-03
4.470000,8.134924238e-03,2.230845362e-02,5.068300321e-02,1.115399552e-02,8.207898467e-03,1.174806555e+00,3.829820887e+01,2.818633113e-03,2.282727e-16,2.857875e-17,7.950980e-18,6.901619e-03
4.480000,8.160309361e-03,2.201930363e-02,5.109486386e-02,1.100942940e-02,7.928765718e-03,1.163415127e+00,3.823926310e+01,2.777925448e-03,3.376534e-16,9.883649e-18,1.820233e-17,6.884999e-03
4.490000,8.181297952e-03,2.173129537e-02,5.146348788e-02,1.086543388e-02,7.651231177e-03,1.151406934e+00,3.817798484e+01,2.737037228e-03,2.654765e-16,3.864268e-17,8.204597e-18,6.885758e-03
4.500000,8.198029859e-03,2.144487698e-02,5.178795044e-02,1.072223303e-02,7.375841683e-03,1.138811977e+00,3.811441544e+01,2.695950479e-03,6.705873e-16,1.880841e-17,1.345110e-17,6.903108e-03
4.510000,8.210648597e-03,2.116048921e-02,5.206751294e-02,1.058004721e-02,7.103178224e-03,1.125661853e+00,3.804859801e+01,2.654653271e-03,1.750268e-16,4.354607e-17,9.556367e-18,6.867359e-03
4.520000,8.219300814e-03,2.087856345e-02,5.230161466e-02,1.043909212e-02,6.833859411e-03,1.111989690e+00,3.798057732e+01,2.613139677e-03,2.267535e-16,3.503450e-17,7.195869e-18,6.905259e-03
4.530000,8.224135785e-03,2.059951973e-02,5.248986521e-02,1.029957776e-02,6.568545380e-03,1.097830087e+00,3.791039981e+01,2.571409698e-03,1.743400e-16,3.954293e-17,5.903677e-18,6.939788e-03
4.540000,8.225304939e-03,2.032376468e-02,5.263203763e-02,1.016170745e-02,6.307942059e-03,1.083219034e+00,3.783811353e+01,2.529469143e-03,3.478467e-16,1.558925e-17,8.811436e-18,6.953248e-03
4.550000,8.222961402e-03,2.005168949e-02,5.272806215e-02,1.002567678e-02,6.052805715e-03,1.068193838e+00,3.776376810e+01,2.487329485e-03,7.319377e-17,2.714678e-17,1.465880e-17,6.916089e-03
4.560000,8.217259567e-03,1.978366778e-02,5.277802054e-02,9.891672573e-03,5.803947566e-03,1.052793029e+00,3.768741468e+01,2.445007675e-03,4.609218e-16,3.240989e-17,7.379746e-18,6.898349e-03
4.570000,8.208354676e-03,1.952005357e-02,5.278214084e-02,9.759871832e-03,5.562238153e-03,1.037056264e+00,3.760910593e+01,2.402525927e-03,9.159608e-17,3.638570e-17,1.441622e-17,6.922388e-03
4.580000,8.196402424e-03,1.926117922e-02,5.274079260e-02,9.630440740e-03,5.328610968e-03,1.021024218e+00,3.752889594e+01,2.359911471e-03,1.248068e-16,1.766104e-17,1.032044e-17,6.926089e-03
4.590000,8.181558574e-03,1.900735341e-02,5.265448250e-02,9.503533645e-03,5.104064605e-03,1.004738461e+00,3.744684024e+01,2.317196282e-03,3.386623e-16,1.579897e-17,1.419974e-17,6.949458e-03
4.600000,8.163978589e-03,1.875885921e-02,5.252385029e-02,9.379292084e-03,4.889662425e-03,9.882413224e-01,3.736299571e+01,2.274416773e-03,2.312394e-16,5.098282e-17,1.046971e-17,6.933828e-03
4.610000,8.143817273e-03,1.851595223e-02,5.234966498e-02,9.257843864e-03,4.686528369e-03,9.715757400e-01,3.727742059e+01,2.231613481e-03,3.347657e-16,2.017090e-17,7.593286e-18,6.939399e-03
4.620000,8.121228428e-03,1.827885884e-02,5.213282141e-02,9.139302184e-03,4.495837253e-03,9.547850883e-01,3.719017438e+01,2.188830710e-03,1.723586e-16,6.584563e-17,5.954235e-18,6.964428e-03
4.630000,8.096364521e-03,1.804777463e-02,5.187433696e-02,9.023764845e-03,4.318797606e-03,9.379129907e-01,3.710131787e+01,2.146116175e-03,2.159870e-16,8.889506e-17,1.738108e-17,6.943548e-03
4.640000,8.069376361e-03,1.782286296e-02,5.157534852e-02,8.911313531e-03,4.156625127e-03,9.210031082e-01,3.701091302e+01,2.103520618e-03,4.486231e-16,3.115271e-17,1.934898e-17,6.964749e-03
4.650000,8.040412787e-03,1.760425372e-02,5.123710966e-02,8.802013198e-03,4.010505243e-03,9.040989046e-01,3.691902298e+01,2.061097412e-03,3.565437e-16,3.200721e-17,1.845183e-17,6.938579e-03
4.660000,8.009620368e-03,1.739204234e-02,5.086098792e-02,8.695911573e-03,3.881544317e-03,8.872433870e-01,3.682571202e+01,2.018902161e-03,6.691363e-16,2.436588e-17,8.940560e-18,6.932679e-03
4.670000,7.977143115e-03,1.718628906e-02,5.044846235e-02,8.593038774e-03,3.770710873e-03,8.704788205e-01,3.673104547e+01,1.976992284e-03,3.385968e-16,3.199572e-17,1.444921e-17,6.917258e-03
4.680000,7.943122198e-03,1.698701838e-02,5.000112107e-02,8.493407071e-03,3.678770746e-03,8.538464141e-01,3.663508971e+01,1.935426597e-03,8.694847e-17,3.687508e-17,5.870732e-18,6.909658e-03
4.690000,7.907695686e-03,1.679421894e-02,4.952065898e-02,8.397010787e-03,3.606222766e-03,8.373859814e-01,3.653791212e+01,1.894264895e-03,2.261871e-16,4.126757e-17,8.587128e-18,6.907479e-03
4.700000,7.870998280e-03,1.660784358e-02,4.900887563e-02,8.303826356e-03,3.553243770e-03,8.211355726e-01,3.643958099e+01,1.853567533e-03,4.500697e-16,5.284727e-17,3.710253e-17,6.929598e-03
4.710000,7.833161079e-03,1.642780978e-02,4.846767302e-02,8.213812529e-03,3.519652166e-03,8.051310832e-01,3.634016552e+01,1.813395005e-03,3.333901e-16,1.545647e-17,7.867006e-18,6.917019e-03
4.720000,7.794311343e-03,1.625400042e-02,4.789905348e-02,8.126910749e-03,3.504897462e-03,7.894058398e-01,3.623973575e+01,1.773807538e-03,8.890468e-17,1.280772e-16,4.790162e-18,6.914388e-03
4.730000,7.754572272e-03,1.608626479e-02,4.730511755e-02,8.043045676e-03,3.508078984e-03,7.739901688e-01,3.613836249e+01,1.734864689e-03,2.243167e-16,5.944603e-18,7.586317e-18,6.915649e-03
4.740000,7.714062805e-03,1.592441999e-02,4.668806177e-02,7.962125863e-03,3.527991736e-03,7.589109538e-01,3.603611732e+01,1.696624948e-03,3.406613e-16,2.331868e-17,2.329824e-17,6.927038e-03
4.750000,7.672897425e-03,1.576825254e-02,4.605017628e-02,7.884044590e-03,3.563192465e-03,7.441911887e-01,3.593307244e+01,1.659145365e-03,3.335931e-16,3.766542e-17,9.281176e-18,6.961578e-03
4.760000,7.631185979e-03,1.561752035e-02,4.539384230e-02,7.808680818e-03,3.612076191e-03,7.298495368e-01,3.582930072e+01,1.622481184e-03,3.342285e-16,5.725276e-17,3.211875e-17,6.919408e-03
4.770000,7.589033520e-03,1.547195488e-02,4.472152922e-02,7.735900281e-03,3.672953170e-03,7.158999061e-01,3.572487554e+01,1.586685493e-03,8.890729e-16,4.182359e-17,1.817357e-17,6.879579e-03
4.780000,7.546540158e-03,1.533126350e-02,4.403579134e-02,7.665556675e-03,3.744118201e-03,7.023510524e-01,3.561987079e+01,1.551808901e-03,2.565020e-16,4.012954e-17,4.449194e-18,6.915328e-03
4.790000,7.503800926e-03,1.519513208e-02,4.333926396e-02,7.597492948e-03,3.823907237e-03,6.892062243e-01,3.551436077e+01,1.517899226e-03,6.790290e-16,9.093251e-17,1.110395e-17,6.888508e-03
4.800000,7.460905669e-03,1.506322774e-02,4.263465889e-02,7.531542663e-03,3.910739395e-03,6.764628622e-01,3.540842011e+01,1.485001209e-03,2.279632e-16,2.840611e-17,8.600122e-18,6.894899e-03
4.810000,7.417938945e-03,1.493520163e-02,4.192475894e-02,7.467531410e-03,4.003144849e-03,6.641123653e-01,3.530212372e+01,1.453156258e-03,4.489217e-16,3.617054e-17,6.740390e-18,6.919529e-03
4.820000,7.374979944e-03,1.481069190e-02,4.121241135e-02,7.405278264e-03,4.099780615e-03,6.521399367e-01,3.519554669e+01,1.422402203e-03,2.573537e-16,9.307459e-18,3.586268e-17,6.868119e-03
4.830000,7.332102425e-03,1.468932657e-02,4.050051991e-02,7.344597254e-03,4.199436840e-03,6.405245194e-01,3.508876421e+01,1.392773085e-03,2.382268e-16,2.622493e-17,6.712429e-18,6.932608e-03
4.840000,7.289374670e-03,1.457072656e-02,3.979203545e-02,7.285298835e-03,4.301036218e-03,6.292388290e-01,3.498185149e+01,1.364298976e-03,2.632339e-16,8.997438e-17,2.150659e-17,6.879818e-03
4.850000,7.246859462e-03,1.445450853e-02,3.908994440e-02,7.227191346e-03,4.403628842e-03,6.182494887e-01,3.487488363e+01,1.337005811e-03,6.240364e-17,5.934599e-17,4.316432e-18,6.873428e-03
4.860000,7.204614068e-03,1.434028773e-02,3.839725535e-02,7.170082426e-03,4.506384317e-03,6.075172697e-01,3.476793556e+01,1.310915262e-03,5.561629e-16,4.005156e-17,4.456216e-17,6.949779e-03
4.870000,7.162690255e-03,1.422768080e-02,3.771698297e-02,7.113780398e-03,4.608582467e-03,5.969974334e-01,3.466108194e+01,1.286044633e-03,2.243117e-16,5.623698e-17,2.399396e-17,6.919438e-03
4.880000,7.121134312e-03,1.411630836e-02,3.705212941e-02,7.058095577e-03,4.709603606e-03,5.866401742e-01,3.455439700e+01,1.262406781e-03,6.707461e-16,3.753799e-17,3.032124e-17,7.033148e-03
4.890000,7.079987096e-03,1.400579754e-02,3.640566275e-02,7.002841530e-03,4.808918953e-03,5.763911540e-01,3.444795447e+01,1.240010068e-03,1.060460e-16,2.340678e-17,4.201462e-17,6.880839e-03
4.900000,7.039284089e-03,1.389578429e-02,3.578049243e-02,6.947836244e-03,4.906081565e-03,5.661921220e-01,3.434182746e+01,1.218858338e-03,2.375912e-16,7.475891e-17,1.363435e-17,6.907829e-03
4.910000,6.999055483e-03,1.378591561e-02,3.517944173e-02,6.892903222e-03,5.000717985e-03,5.559816100e-01,3.423608831e+01,1.198950922e-03,3.379475e-16,5.407276e-17,5.963112e-18,6.899209e-03
4.920000,6.959326265e-03,1.367585155e-02,3.460521731e-02,6.837872487e-03,5.092520681e-03,5.456956974e-01,3.413080846e+01,1.180282669e-03,1.136510e-16,5.114171e-17,9.533584e-18,6.896499e-03
4.930000,6.920116328e-03,1.356526703e-02,3.406037632e-02,6.782581510e-03,5.181241272e-03,5.352688380e-01,3.402605837e+01,1.162844002e-03,6.669487e-16,8.670003e-17,2.748511e-17,6.906778e-03
4.940000,6.881440596e-03,1.345385354e-02,3.354729146e-02,6.726876034e-03,5.266684517e-03,5.246347487e-01,3.392190728e+01,1.146620998e-03,4.481620e-16,3.842964e-17,1.170248e-17,6.929569e-03
4.950000,6.843309156e-03,1.334132060e-02,3.306811495e-02,6.670610829e-03,5.348702993e-03,5.137273622e-01,3.381842318e+01,1.131595493e-03,5.637971e-17,1.671849e-17,5.267315e-18,6.926169e-03
4.960000,6.805727406e-03,1.322739713e-02,3.262474230e-02,6.613650348e-03,5.427192385e-03,5.024818561e-01,3.371567257e+01,1.117745210e-03,2.430657e-16,3.561337e-17,1.620692e-17,6.945769e-03
4.970000,6.768696217e-03,1.311183255e-02,3.221877727e-02,6.555869313e-03,5.502087332e-03,4.908357768e-01,3.361372034e+01,1.105043904e-03,4.455109e-16,1.636068e-17,4.272637e-18,6.930198e-03
4.980000,6.732212099e-03,1.299439786e-02,3.185149929e-02,6.497153218e-03,5.573357728e-03,4.787302943e-01,3.351262961e+01,1.093461534e-03,6.670931e-16,4.493399e-17,1.923443e-17,6.951338e-03
4.990000,6.696267381e-03,1.287488645e-02,3.152383503e-02,6.437398763e-03,5.641005433e-03,4.661116360e-01,3.341246158e+01,1.082964448e-03,6.672038e-16,5.658764e-17,4.602754e-18,6.919978e-03
5.000000,6.660850398e-03,1.275311486e-02,3.123633538e-02,6.376514218e-03,5.705061312e-03,4.529327755e-01,3.331327534e+01,1.073515589e-03,2.313052e-16,3.410269e-17,5.596258e-18,6.927038e-03
5.010000,6.625946349e-03,1.262892338e-02,3.099110831e-02,6.314419729e-03,5.765583198e-03,4.588333755e-01,3.322273704e+01,1.065135166e-03,2.261064e-16,5.825840e-17,6.939106e-18,6.888779e-03
5.020000,6.591532450e-03,1.250217653e-02,3.078581323e-02,6.251047552e-03,5.822649350e-03,4.649425023e-01,3.313217274e+01,1.057713876e-03,3.371171e-16,3.556086e-17,8.364709e-18,6.919459e-03
5.030000,6.557583779e-03,1.237276345e-02,3.061980555e-02,6.186342264e-03,5.876360051e-03,4.712473773e-01,3.304158505e+01,1.051205750e-03,4.500966e-16,3.163660e-17,1.775718e-17,6.871759e-03
5.040000,6.524072823e-03,1.224059825e-02,3.049205179e-02,6.120260915e-03,5.926834964e-03,4.777341007e-01,3.295097674e+01,1.045562342e-03,8.899387e-16,9.419192e-18,5.244670e-18,6.915749e-03
5.050000,6.490969632e-03,1.210562021e-02,3.040114811e-02,6.052773144e-03,5.974211167e-03,4.843877928e-01,3.286035067e+01,1.040732998e-03,2.390664e-16,4.923355e-18,2.208002e-17,6.884368e-03
5.060000,6.458241982e-03,1.196779392e-02,3.034534671e-02,5.983861250e-03,6.018641278e-03,4.911927342e-01,3.276970986e+01,1.036665140e-03,2.238148e-16,2.207197e-17,2.524678e-17,6.912048e-03
5.070000,6.425855525e-03,1.182710943e-02,3.032258905e-02,5.913520249e-03,6.060291650e-03,4.981325030e-01,3.267905749e+01,1.033304556e-03,3.390520e-16,3.820341e-17,5.159174e-17,6.919778e-03
5.080000,6.393773950e-03,1.168358226e-02,3.033054441e-02,5.841757902e-03,6.099340613e-03,5.051901085e-01,3.258839691e+01,1.030595693e-03,7.802427e-16,4.513266e-17,8.482453e-18,6.861228e-03
5.090000,6.361959144e-03,1.153725345e-02,3.036665211e-02,5.768594730e-03,6.135976748e-03,5.123481174e-01,3.249773166e+01,1.028481947e-03,2.274448e-16,5.558782e-17,3.582665e-17,6.900998e-03
5.100000,6.330371344e-03,1.138818955e-02,3.042816576e-02,5.694064006e-03,6.170397185e-03,5.195887747e-01,3.240706546e+01,1.026905966e-03,5.585945e-16,4.519043e-17,4.607859e-18,6.923308e-03
5.110000,6.298969302e-03,1.123648261e-02,3.051219786e-02,5.618211751e-03,6.202805909e-03,5.268941163e-01,3.231640227e+01,1.025809944e-03,6.731941e-16,7.391294e-17,2.453293e-17,6.963368e-03
5.120000,6.267710434e-03,1.108225014e-02,3.061576329e-02,5.541096712e-03,6.233412076e-03,5.342460736e-01,3.222574626e+01,1.025135912e-03,5.558052e-16,3.221926e-17,4.103172e-18,6.903198e-03
5.130000,6.236550978e-03,1.092563502e-02,3.073582060e-02,5.462790339e-03,6.262428324e-03,5.416265701e-01,3.213510183e+01,1.024826028e-03,3.337305e-16,1.970840e-17,3.020238e-18,6.917408e-03
5.140000,6.205446147e-03,1.076680552e-02,3.086930995e-02,5.383376759e-03,6.290069096e-03,5.490176100e-01,3.204447364e+01,1.024822865e-03,4.450281e-16,6.433490e-17,5.591373e-17,6.906798e-03
5.150000,6.174350275e-03,1.060595520e-02,3.101318734e-02,5.302952746e-03,6.316548951e-03,5.564013584e-01,3.195386657e+01,1.025069682e-03,1.513689e-16,3.164341e-17,3.416338e-17,6.898489e-03
5.160000,6.143216971e-03,1.044330285e-02,3.116445447e-02,5.221627695e-03,6.342080902e-03,5.637602144e-01,3.186328581e+01,1.025510699e-03,5.052426e-17,4.854927e-17,1.848374e-17,6.914299e-03
5.170000,6.111999254e-03,1.027909242e-02,3.132018441e-02,5.139523585e-03,6.366874754e-03,5.710768767e-01,3.177273678e+01,1.026091350e-03,1.001427e-15,6.044704e-17,2.913177e-17,6.949179e-03
5.180000,6.080649702e-03,1.011359298e-02,3.147754289e-02,5.056774940e-03,6.391135472e-03,5.783344020e-01,3.168222520e+01,1.026758536e-03,2.547167e-17,1.979295e-17,4.120771e-17,6.940928e-03
5.190000,6.049120587e-03,9.947098573e-03,3.163380563e-02,4.973528782e-03,6.415061588e-03,5.855162579e-01,3.159175708e+01,1.027460859e-03,2.687158e-16,2.548488e-17,1.533025e-17,6.927658e-03
5.200000,6.017364008e-03,9.779928111e-03,3.178637194e-02,4.889944568e-03,6.438843650e-03,5.926063689e-01,3.150133871e+01,1.028148844e-03,4.543827e-16,3.541626e-17,2.509102e-17,6.938138e-03
5.210000,5.985332020e-03,9.612425208e-03,3.193277490e-02,4.806194101e-03,6.462662742e-03,5.995891576e-01,3.141097669e+01,1.028775148e-03,3.353632e-16,1.849513e-17,1.720033e-17,6.937638e-03
5.220000,5.952976766e-03,9.444957932e-03,3.207068876e-02,4.722461413e-03,6.486689076e-03,6.064495812e-01,3.132067792e+01,1.029294755e-03,3.398904e-16,3.859440e-17,2.028617e-17,6.900598e-03
5.230000,5.920250593e-03,9.277918479e-03,3.219793377e-02,4.638942601e-03,6.511080683e-03,6.131731628e-01,3.123044962e+01,1.029665150e-03,3.390360e-16,2.685055e-17,3.068982e-17,6.942189e-03
5.240000,5.887106175e-03,9.111722720e-03,3.231247887e-02,4.555845600e-03,6.535982211e-03,6.197460194e-01,3.114029930e+01,1.029846486e-03,2.252005e-16,2.636621e-17,8.967473e-18,6.945448e-03
5.250000,5.853496624e-03,8.946809590e-03,3.241244274e-02,4.473389875e-03,6.561523854e-03,6.261548853e-01,3.105023481e+01,1.029801720e-03,2.482448e-16,1.320680e-17,4.451719e-17,6.964218e-03
5.260000,5.819375604e-03,8.783640263e-03,3.249609338e-02,4.391806013e-03,6.587820413e-03,6.323871337e-01,3.096026431e+01,1.029496745e-03,2.223281e-16,2.550586e-17,6.357392e-18,6.952558e-03
5.270000,5.784697433e-03,8.622697074e-03,3.256184660e-02,4.311335181e-03,6.614970520e-03,6.384307933e-01,3.087039630e+01,1.028900495e-03,4.451723e-16,3.018231e-17,1.627207e-18,6.918708e-03
5.280000,5.749417192e-03,8.464482114e-03,3.260826371e-02,4.232228422e-03,6.643056013e-03,6.442745643e-01,3.078063959e+01,1.027985036e-03,2.319104e-16,2.198346e-17,4.361472e-18,6.911578e-03
5.290000,5.713490814e-03,8.309515439e-03,3.263404850e-02,4.154745766e-03,6.672141490e-03,6.499078306e-01,3.069100333e+01,1.026725636e-03,2.301285e-16,2.778966e-17,1.377065e-17,6.912938e-03
5.300000,5.676875186e-03,8.158332825e-03,3.263804380e-02,4.079155100e-03,6.702274034e-03,6.553206700e-01,3.060149699e+01,1.025100820e-03,6.324732e-17,2.913892e-18,5.391658e-18,6.940719e-03
5.310000,5.639528236e-03,8.011482972e-03,3.261922774e-02,4.005730773e-03,6.733483120e-03,6.605038632e-01,3.051213036e+01,1.023092401e-03,9.017072e-16,6.793057e-17,1.630247e-17,6.946858e-03
5.320000,5.601409020e-03,7.869524119e-03,3.257670979e-02,3.934751906e-03,6.765780691e-03,6.654488999e-01,3.042291359e+01,1.020685498e-03,1.190111e-16,9.938191e-18,1.266105e-17,6.941429e-03
5.330000,5.562477805e-03,7.733019975e-03,3.250972672e-02,3.866500353e-03,6.799161409e-03,6.701479842e-01,3.033385714e+01,1.017868532e-03,2.262668e-16,1.798001e-17,1.559481e-17,6.944078e-03
5.340000,5.522696149e-03,7.602534926e-03,3.241763856e-02,3.801258309e-03,6.833603073e-03,6.745940381e-01,3.024497180e+01,1.014633210e-03,3.362735e-16,1.379006e-17,1.541408e-17,6.949688e-03
5.350000,5.482026974e-03,7.478628492e-03,3.229992457e-02,3.739305532e-03,6.869067185e-03,6.787807033e-01,3.015626869e+01,1.010974482e-03,2.392220e-16,3.517511e-17,2.067647e-17,6.922758e-03
5.360000,5.440434641e-03,7.361849028e-03,3.215617931e-02,3.680916202e-03,6.905499657e-03,6.827023426e-01,3.006775926e+01,1.006890491e-03,8.028525e-17,1.811121e-17,7.707183e-18,6.942758e-03
5.370000,5.397885020e-03,7.252726720e-03,3.198610889e-02,3.626355412e-03,6.942831646e-03,6.863540392e-01,2.997945527e+01,1.002382500e-03,3.345096e-16,3.024912e-17,5.583904e-18,6.938098e-03
5.380000,5.354345550e-03,7.151765967e-03,3.178952726e-02,3.575875362e-03,6.980980499e-03,6.897315953e-01,2.989136881e+01,9.974548085e-04,6.665594e-16,2.579524e-17,6.347504e-18,6.936188e-03
5.390000,5.309785309e-03,7.059437310e-03,3.156635280e-02,3.529711326e-03,7.019850788e-03,6.928315298e-01,2.980351229e+01,9.921146515e-04,2.324410e-16,8.391609e-18,2.433903e-17,6.888969e-03
5.400000,5.264175071e-03,6.976169117e-03,3.131660501e-02,3.488077485e-03,7.059335418e-03,6.956510744e-01,2.971589843e+01,9.863720834e-04,6.674745e-16,3.603854e-17,5.604146e-18,6.935469e-03
5.410000,5.217487363e-03,6.902339294e-03,3.104040151e-02,3.451162796e-03,7.099316797e-03,6.981881697e-01,2.962854026e+01,9.802398521e-04,3.332982e-16,3.968196e-17,4.201207e-17,6.902688e-03
5.420000,5.169696523e-03,6.838267355e-03,3.073795521e-02,3.419127016e-03,7.139668038e-03,7.004414594e-01,2.954145111e+01,9.737332591e-04,1.649745e-16,2.361954e-17,1.294805e-17,6.875698e-03
5.430000,5.120778750e-03,6.784207205e-03,3.040957167e-02,3.392097098e-03,7.180254190e-03,7.024102841e-01,2.945464461e+01,9.668700083e-04,1.112889e-16,2.583133e-17,1.452540e-17,6.889538e-03
5.440000,5.070712158e-03,6.740340989e-03,3.005564690e-02,3.370164115e-03,7.220933470e-03,7.040946741e-01,2.936813469e+01,9.596700461e-04,1.455127e-16,4.287567e-17,9.246916e-18,6.955438e-03
5.450000,5.019476828e-03,6.706774361e-03,2.967666522e-02,3.353380896e-03,7.261558495e-03,7.054953412e-01,2.928193557e+01,9.521553909e-04,1.123594e-16,6.346619e-17,1.153096e-17,6.916508e-03
5.460000,4.967054851e-03,6.683533459e-03,2.927319759e-02,3.341760509e-03,7.301977483e-03,7.066136703e-01,2.919606175e+01,9.443499563e-04,1.162793e-16,3.175125e-17,1.732181e-18,6.940118e-03
5.470000,4.913430384e-03,6.670563788e-03,2.884590020e-02,3.335275710e-03,7.342035433e-03,7.074517088e-01,2.911052799e+01,9.362793662e-04,2.244609e-16,1.179463e-17,2.267130e-17,6.892819e-03
5.480000,4.858589690e-03,6.667731126e-03,2.839551340e-02,3.333859387e-03,7.381575265e-03,7.080121567e-01,2.902534933e+01,9.279707652e-04,5.833024e-17,4.911803e-17,1.357311e-17,6.936538e-03
5.490000,4.802521192e-03,6.674824418e-03,2.792286107e-02,3.337406014e-03,7.420438897e-03,7.082983543e-01,2.894054108e+01,9.194526239e-04,4.623609e-16,4.408769e-17,1.154357e-17,6.911689e-03
5.500000,4.745215520e-03,6.691560547e-03,2.742885039e-02,3.345774031e-03,7.458468290e-03,7.083142706e-01,2.885611878e+01,9.107545416e-04,4.559279e-16,1.322435e-17,6.455329e-18,6.941708e-03
5.510000,4.686665561e-03,6.717590729e-03,2.691447209e-02,3.358789049e-03,7.495506415e-03,7.080644890e-01,2.877209823e+01,9.019070464e-04,4.529863e-16,1.653649e-17,7.983623e-18,6.918568e-03
5.520000,4.626866509e-03,6.752508225e-03,2.638080131e-02,3.376247698e-03,7.531398166e-03,7.075541940e-01,2.868849546e+01,8.929413938e-04,6.772375e-16,1.525341e-17,6.885537e-18,6.977088e-03
5.530000,4.565815923e-03,6.795856984e-03,2.582899897e-02,3.397921954e-03,7.565991210e-03,7.067891549e-01,2.860532673e+01,8.838893667e-04,1.222280e-16,5.561905e-18,1.332124e-17,6.934608e-03
5.540000,4.503513784e-03,6.847140842e-03,2.526031391e-02,3.423563733e-03,7.599136768e-03,7.057757104e-01,2.852260850e+01,8.747830754e-04,4.600903e-16,3.399983e-17,8.795580e-18,6.957238e-03
5.550000,4.439962556e-03,6.905832888e-03,2.467608579e-02,3.452909582e-03,7.630690329e-03,7.045207509e-01,2.844035745e+01,8.656547607e-04,4.031987e-17,5.735330e-17,1.418286e-17,6.903418e-03
5.560000,4.375167259e-03,6.971384664e-03,2.407774884e-02,3.485685274e-03,7.660512307e-03,7.030317004e-01,2.835859046e+01,8.565365996e-04,3.351233e-16,4.664981e-17,4.050914e-18,6.947218e-03
5.570000,4.309135538e-03,7.043234914e-03,2.346683668e-02,3.521610178e-03,7.688468625e-03,7.013164966e-01,2.827732458e+01,8.474605161e-04,2.362826e-16,6.435251e-17,1.869473e-17,6.915029e-03
5.580000,4.241877754e-03,7.120817650e-03,2.284498815e-02,3.560401303e-03,7.714431244e-03,6.993835711e-01,2.819657704e+01,8.384579967e-04,1.017740e-16,5.278106e-17,4.848700e-19,6.927379e-03
5.590000,4.173407072e-03,7.203569406e-03,2.221395451e-02,3.601776916e-03,7.738278631e-03,6.972418267e-01,2.811636524e+01,8.295599126e-04,2.220752e-16,5.720240e-17,3.879338e-18,6.951768e-03
5.600000,4.103739574e-03,7.290935575e-03,2.157560789e-02,3.645459713e-03,7.759896168e-03,6.949006153e-01,2.803670673e+01,8.207963484e-04,2.279777e-16,6.294113e-17,9.503946e-18,6.951309e-03
5.610000,4.032894372e-03,7.382375804e-03,2.093195128e-02,3.691179520e-03,7.779176510e-03,6.923697128e-01,2.795761918e+01,8.121964395e-04,6.692965e-16,2.103925e-17,1.238318e-17,6.910009e-03
5.620000,3.960893753e-03,7.477368462e-03,2.028513006e-02,3.738675521e-03,7.796019890e-03,6.896592941e-01,2.787912041e+01,8.037882170e-04,4.531581e-16,1.860430e-17,1.866673e-17,6.891218e-03
5.630000,3.887763333e-03,7.575414232e-03,1.963744515e-02,3.787698059e-03,7.810334377e-03,6.867799057e-01,2.780122834e+01,7.955984634e-04,1.618323e-16,2.259011e-17,1.000235e-17,6.915818e-03
5.640000,3.813532241e-03,7.676038887e-03,1.899136756e-02,3.838010021e-03,7.822036085e-03,6.837424375e-01,2.772396100e+01,7.876525764e-04,2.232311e-16,3.169235e-17,2.766267e-17,6.963719e-03
5.650000,3.738233328e-03,7.778795348e-03,1.834955424e-02,3.889387868e-03,7.831049345e-03,6.805580926e-01,2.764733650e+01,7.799744451e-04,3.362541e-16,3.188250e-17,8.456951e-18,6.945659e-03
5.660000,3.661903411e-03,7.883265112e-03,1.771486463e-02,3.941622349e-03,7.837306833e-03,6.772383563e-01,2.757137304e+01,7.725863355e-04,4.450673e-16,1.733329e-17,2.400137e-18,6.940089e-03
5.670000,3.584583554e-03,7.989059129e-03,1.709037709e-02,3.994518941e-03,7.840749658e-03,6.737949627e-01,2.749608885e+01,7.655087887e-04,2.268240e-16,1.777087e-17,4.310045e-18,6.933748e-03
5.680000,3.506319398e-03,8.095818234e-03,1.647940375e-02,4.047898062e-03,7.841327423e-03,6.702398605e-01,2.742150223e+01,7.587605299e-04,4.470945e-16,3.713527e-17,1.186310e-17,6.956228e-03
5.690000,3.427161538e-03,8.203213198e-03,1.588550174e-02,4.101595099e-03,7.838998248e-03,6.665851771e-01,2.734763151e+01,7.523583899e-04,3.477445e-16,2.411522e-17,5.006315e-18,6.917088e-03
5.700000,3.347165976e-03,8.310944474e-03,1.531247772e-02,4.155460277e-03,7.833728761e-03,6.628431804e-01,2.727449504e+01,7.463172384e-04,7.152448e-17,2.494434e-17,2.625730e-17,6.989998e-03
5.710000,3.266394630e-03,8.418741698e-03,1.476438180e-02,4.209358418e-03,7.825494067e-03,6.590262400e-01,2.720211116e+01,7.406499304e-04,3.020941e-17,2.674667e-17,4.062866e-18,6.972749e-03
5.720000,3.184915952e-03,8.526363007e-03,1.424548537e-02,4.263168590e-03,7.814277684e-03,6.551467868e-01,2.713049820e+01,7.353672639e-04,5.854826e-18,1.225535e-17,2.056361e-17,6.955128e-03
5.730000,3.102805631e-03,8.633594194e-03,1.376023699e-02,4.316783690e-03,7.800071459e-03,6.512172702e-01,2.705967447e+01,7.304779506e-04,2.328556e-16,4.099646e-17,1.341875e-17,6.966108e-03
5.740000,3.020147430e-03,8.740247768e-03,1.331318941e-02,4.370109974e-03,7.782875461e-03,6.472501155e-01,2.698965825e+01,7.259885992e-04,2.464385e-16,2.751644e-17,1.287459e-17,6.939138e-03
5.750000,2.937034160e-03,8.846161916e-03,1.290889201e-02,4.423066536e-03,7.762697846e-03,6.432576786e-01,2.692046773e+01,7.219037098e-04,9.020600e-16,4.098288e-17,1.413622e-17,6.973628e-03
5.760000,2.853568828e-03,8.951199414e-03,1.255174510e-02,4.475584765e-03,7.739554711e-03,6.392522006e-01,2.685212105e+01,7.182256816e-04,8.888311e-16,2.101544e-17,4.177631e-18,6.938998e-03
5.770000,2.769865974e-03,9.055246491e-03,1.224581782e-02,4.527607777e-03,7.713469924e-03,6.352457611e-01,2.678463625e+01,7.149548306e-04,4.518643e-16,2.294445e-17,4.089631e-18,6.904638e-03
5.780000,2.686053250e-03,9.158211658e-03,1.199463806e-02,4.579089827e-03,7.684474935e-03,6.312502311e-01,2.671803127e+01,7.120894205e-04,2.243210e-16,5.489591e-17,1.629156e-17,6.896098e-03
5.790000,2.602273254e-03,9.260024529e-03,1.180097249e-02,4.629995722e-03,7.652608572e-03,6.272772252e-01,2.665232393e+01,7.096257026e-04,4.474452e-16,4.304430e-17,3.957640e-18,6.909488e-03
5.800000,2.518685681e-03,9.360634611e-03,1.166662189e-02,4.680300218e-03,7.617916823e-03,6.233380538e-01,2.658753190e+01,7.075579680e-04,2.242298e-16,3.478609e-17,3.445297e-17,6.884689e-03
5.810000,2.435469820e-03,9.460010105e-03,1.159226190e-02,4.729987415e-03,7.580452598e-03,6.194436757e-01,2.652367273e+01,7.058786082e-04,4.470432e-16,1.046442e-16,1.626339e-17,6.886958e-03
5.820000,2.352827443e-03,9.558136683e-03,1.157735630e-02,4.779050149e-03,7.540275478e-03,6.156046510e-01,2.646076375e+01,7.045781864e-04,7.774407e-16,5.574583e-17,3.201721e-17,6.909849e-03
5.830000,2.270986121e-03,9.655016272e-03,1.162016007e-02,4.827489386e-03,7.497451455e-03,6.118310955e-01,2.639882215e+01,7.036455166e-04,2.853833e-17,5.527329e-17,7.294184e-18,6.930559e-03
5.840000,2.190202982e-03,9.750665838e-03,1.171781385e-02,4.875313606e-03,7.452052649e-03,6.081326357e-01,2.633786490e+01,7.030677522e-04,7.778422e-16,3.149214e-17,7.100157e-18,6.918418e-03
5.850000,2.110768907e-03,9.845116156e-03,1.186651529e-02,4.922538198e-03,7.404157023e-03,6.045183668e-01,2.627790874e+01,7.028304808e-04,6.693238e-16,2.790294e-17,9.137200e-18,6.902319e-03
5.860000,2.033013104e-03,9.938410594e-03,1.206174040e-02,4.969184846e-03,7.353848073e-03,6.009968120e-01,2.621897021e+01,7.029178269e-04,2.225202e-16,8.430153e-17,2.255416e-17,6.907979e-03
5.870000,1.957307916e-03,1.003060388e-02,1.229848378e-02,5.015280916e-03,7.301214519e-03,5.975758853e-01,2.616106556e+01,7.033125607e-04,6.685891e-16,8.109853e-17,4.621730e-17,6.916098e-03
5.880000,1.884073600e-03,1.012176090e-02,1.257148922e-02,5.060858845e-03,7.246349972e-03,5.942628575e-01,2.610421082e+01,7.039962120e-04,2.344470e-16,1.542909e-17,1.709994e-17,6.965438e-03
5.890000,1.813782642e-03,1.021195543e-02,1.287545011e-02,5.105955530e-03,7.189352598e-03,5.910643258e-01,2.604842170e+01,7.049491890e-04,3.336537e-16,3.544634e-17,3.327311e-18,6.931328e-03
5.900000,1.746962918e-03,1.030126898e-02,1.320516892e-02,5.150611716e-03,7.130324765e-03,5.879861881e-01,2.599371365e+01,7.061509014e-04,1.415217e-16,5.751458e-17,3.636289e-17,6.963028e-03
5.910000,1.684198719e-03,1.038978951e-02,1.355567301e-02,5.194871390e-03,7.069372681e-03,5.850336213e-01,2.594010178e+01,7.075798862e-04,4.731552e-16,7.103856e-18,8.221772e-18,7.006689e-03
5.920000,1.626128335e-03,1.047761028e-02,1.392229056e-02,5.238781175e-03,7.006606022e-03,5.822110654e-01,2.588760089e+01,7.092139364e-04,1.051677e-16,2.882743e-17,5.914261e-18,6.971808e-03
5.930000,1.573436577e-03,1.056482859e-02,1.430069310e-02,5.282389727e-03,6.942137547e-03,5.795222120e-01,2.583622545e+01,7.110302311e-04,3.550610e-16,4.355245e-17,2.247279e-17,6.952748e-03
5.940000,1.526840563e-03,1.065154464e-02,1.468691250e-02,5.325747144e-03,6.876082701e-03,5.769699997e-01,2.578598956e+01,7.130054669e-04,1.166418e-16,2.028933e-17,2.258162e-17,6.950328e-03
5.950000,1.487067326e-03,1.073786034e-02,1.507733976e-02,5.368904377e-03,6.808559212e-03,5.745566139e-01,2.573690696e+01,7.151159891e-04,1.216053e-16,3.166093e-17,6.364337e-18,6.938428e-03
5.960000,1.454822740e-03,1.082387815e-02,1.546871178e-02,5.411912657e-03,6.739686673e-03,5.722834932e-01,2.568899101e+01,7.173379226e-04,2.286696e-16,3.969307e-17,3.513321e-18,6.982998e-03
5.970000,1.430752895e-03,1.090969996e-02,1.585809093e-02,5.454822926e-03,6.669586119e-03,5.701513414e-01,2.564225468e+01,7.196473013e-04,4.449813e-16,4.547441e-18,6.270955e-18,6.937378e-03
5.980000,1.415401254e-03,1.099542598e-02,1.624284099e-02,5.497685294e-03,6.598379589e-03,5.681601457e-01,2.559671053e+01,7.220201961e-04,2.237832e-16,4.096074e-17,7.656890e-18,6.943648e-03
5.990000,1.409167210e-03,1.108115371e-02,1.662060187e-02,5.540548506e-03,6.526189682e-03,5.663091996e-01,2.555237071e+01,7.244328393e-04,2.348680e-16,3.443277e-17,4.520291e-18,6.936018e-03
6.000000,1.412272954e-03,1.116697688e-02,1.698926477e-02,5.583459431e-03,6.453139107e-03,5.645971320e-01,2.550924692e+01,7.268617471e-04,1.221260e-15,6.827786e-17,3.231660e-17,6.939849e-03
6.010000,1.424745087e-03,1.125298453e-02,1.734694866e-02,5.626462578e-03,6.379350221e-03,5.630219404e-01,2.546735045e+01,7.292838369e-04,4.475058e-16,2.054837e-17,1.682724e-17,6.938849e-03
6.020000,1.446414774e-03,1.133926002e-02,1.769197859e-02,5.669599635e-03,6.304944562e-03,5.615810296e-01,2.542669211e+01,7.316765408e-04,6.795651e-16,7.332790e-17,1.016815e-17,6.938169e-03
6.030000,1.476936288e-03,1.142588023e-02,1.802286617e-02,5.712909036e-03,6.230042381e-03,5.602712531e-01,2.538728227e+01,7.340179143e-04,5.641562e-16,2.120884e-17,7.242998e-18,6.943118e-03
6.040000,1.515819841e-03,1.151291471e-02,1.833829210e-02,5.756425565e-03,6.154762159e-03,5.590889597e-01,2.534913083e+01,7.362867387e-04,6.779143e-16,6.980977e-17,2.051586e-17,6.927519e-03
6.050000,1.562472244e-03,1.160042501e-02,1.863709077e-02,5.800179984e-03,6.079220135e-03,5.580300409e-01,2.531224720e+01,7.384626187e-04,2.274171e-16,5.797395e-17,6.071593e-18,6.931978e-03
6.060000,1.616238617e-03,1.168846396e-02,1.891823675e-02,5.844198710e-03,6.003529825e-03,5.570899825e-01,2.527664029e+01,7.405260723e-04,6.668608e-16,5.852928e-17,3.092810e-17,6.960228e-03
6.070000,1.676439794e-03,1.177707510e-02,1.918083297e-02,5.888503521e-03,5.927801542e-03,5.562639168e-01,2.524231856e+01,7.424586153e-04,1.446499e-16,3.064860e-17,1.465341e-17,6.943908e-03
6.080000,1.742402327e-03,1.186629222e-02,1.942410045e-02,5.933111301e-03,5.852141922e-03,5.555466755e-01,2.520928992e+01,7.442428374e-04,1.258187e-16,6.751964e-17,2.917744e-17,7.027078e-03
6.090000,1.813480110e-03,1.195613888e-02,1.964736942e-02,5.978033831e-03,5.776653461e-03,5.549328441e-01,2.517756179e+01,7.458624721e-04,1.167125e-16,3.312208e-17,5.137105e-18,7.022467e-03
6.100000,1.889068181e-03,1.204662808e-02,1.985007151e-02,6.023277620e-03,5.701434054e-03,5.544168147e-01,2.514714110e+01,7.473024580e-04,1.110294e-15,7.061506e-17,2.634701e-17,6.986138e-03
6.110000,1.968610100e-03,1.213776206e-02,2.003173312e-02,6.068843774e-03,5.626576546e-03,5.539928394e-01,2.511803422e+01,7.485489931e-04,3.739107e-16,1.742362e-17,1.719751e-17,6.949259e-03
6.120000,2.051600515e-03,1.222953203e-02,2.019196957e-02,6.114727912e-03,5.552168309e-03,5.536550810e-01,2.509024703e+01,7.495895805e-04,1.291175e-16,1.285437e-17,3.660584e-17,6.949128e-03
6.130000,2.137584441e-03,1.232191818e-02,2.033048007e-02,6.160920116e-03,5.478290831e-03,5.533976626e-01,2.506378487e+01,7.504130667e-04,8.893339e-16,4.240939e-17,7.344620e-18,6.962798e-03
6.140000,2.226154498e-03,1.241488960e-02,2.044704339e-02,6.207404934e-03,5.405019326e-03,5.532147150e-01,2.503865255e+01,7.510096712e-04,2.846845e-16,5.635951e-17,5.215734e-18,6.966318e-03
6.150000,2.316947023e-03,1.250840436e-02,2.054151413e-02,6.254161406e-03,5.332422384e-03,5.531004212e-01,2.501485436e+01,7.513710083e-04,2.517391e-16,4.021229e-17,4.261015e-17,6.950298e-03
6.160000,2.409637704e-03,1.260240968e-02,2.061381942e-02,6.301163140e-03,5.260561639e-03,5.530490579e-01,2.499239405e+01,7.514901009e-04,8.921217e-17,7.846413e-18,1.594367e-18,6.935598e-03
6.170000,2.503937165e-03,1.269684213e-02,2.066395619e-02,6.348378420e-03,5.189491483e-03,5.530550337e-01,2.497127484e+01,7.513613861e-04,3.373681e-16,9.804310e-18,3.328077e-18,6.936939e-03
6.180000,2.599586732e-03,1.279162790e-02,2.069198879e-02,6.395770345e-03,5.119258818e-03,5.531129242e-01,2.495149941e+01,7.509807132e-04,4.505701e-16,2.565576e-17,3.432687e-17,6.947449e-03
6.190000,2.696354539e-03,1.288668317e-02,2.069804694e-02,6.443297000e-03,5.049902848e-03,5.532175032e-01,2.493306993e+01,7.503453337e-04,3.351830e-16,1.149267e-17,1.283260e-17,6.907278e-03
6.200000,2.794032018e-03,1.298191448e-02,2.068232412e-02,6.490911659e-03,4.981454927e-03,5.533637703e-01,2.491598800e+01,7.494538844e-04,3.352667e-16,6.304446e-17,2.200999e-17,6.980698e-03
6.210000,2.892430796e-03,1.307721920e-02,2.064507612e-02,6.538563007e-03,4.913938450e-03,5.535469745e-01,2.490025475e+01,7.483063623e-04,3.369098e-16,1.443202e-17,1.619951e-17,6.925208e-03
6.220000,2.991379974e-03,1.317248601e-02,2.058661998e-02,6.586195390e-03,4.847368806e-03,5.537626344e-01,2.488587073e+01,7.469040935e-04,1.129978e-16,2.577774e-17,2.244174e-17,6.880508e-03
6.230000,3.090723772e-03,1.326759548e-02,2.050733316e-02,6.633749084e-03,4.781753382e-03,5.540065544e-01,2.487283599e+01,7.452496951e-04,2.313777e-16,4.200485e-17,2.009859e-17,6.912708e-03
6.240000,3.190319492e-03,1.336242056e-02,2.040765298e-02,6.681160576e-03,4.717091625e-03,5.542748371e-01,2.486115008e+01,7.433470305e-04,4.517348e-16,5.050499e-18,9.519394e-18,6.928028e-03
6.250000,3.290035764e-03,1.345682727e-02,2.028807632e-02,6.728362867e-03,4.653375170e-03,5.545638923e-01,2.485081202e+01,7.412011590e-04,1.177064e-16,9.877991e-17,4.192040e-17,6.882208e-03
6.260000,3.389751043e-03,1.355067523e-02,2.014915950e-02,6.775285778e-03,4.590588020e-03,5.548704424e-01,2.484182031e+01,7.388182802e-04,4.443129e-16,2.192244e-17,1.183172e-17,6.921328e-03
6.270000,3.489352322e-03,1.364381837e-02,1.999151858e-02,6.821856271e-03,4.528706786e-03,5.551915244e-01,2.483417299e+01,7.362056727e-04,4.529010e-16,1.045112e-17,1.229936e-17,6.933868e-03
6.280000,3.588734023e-03,1.373610553e-02,1.981582973e-02,6.867998772e-03,4.467700989e-03,5.555244887e-01,2.482786756e+01,7.333716281e-04,2.272263e-16,4.532809e-17,4.657024e-18,6.974788e-03
6.290000,3.687797056e-03,1.382738115e-02,1.962283001e-02,6.913635498e-03,4.407533412e-03,5.558669952e-01,2.482290108e+01,7.303253815e-04,2.246602e-16,3.385160e-17,2.140750e-17,6.920368e-03
6.300000,3.786448005e-03,1.391748589e-02,1.941331836e-02,6.958686783e-03,4.348160505e-03,5.562170057e-01,2.481927009e+01,7.270770371e-04,6.661700e-16,8.439934e-18,5.456740e-18,6.935078e-03
6.310000,3.884598434e-03,1.400625731e-02,1.918815688e-02,7.003071412e-03,4.289532840e-03,5.565727749e-01,2.481697068e+01,7.236374918e-04,1.632464e-16,1.876584e-17,2.853462e-17,6.910788e-03
6.320000,3.982164291e-03,1.409353052e-02,1.894827243e-02,7.046706940e-03,4.231595606e-03,5.569328377e-01,2.481599849e+01,7.200183547e-04,4.445439e-16,1.268891e-17,4.050914e-18,6.990388e-03
6.330000,4.079065396e-03,1.417913881e-02,1.869465850e-02,7.089510013e-03,4.174289145e-03,5.572959954e-01,2.481634870e+01,7.162318650e-04,1.111059e-15,8.280764e-17,7.638818e-18,6.938088e-03
6.340000,4.175225001e-03,1.426291427e-02,1.842837739e-02,7.131396685e-03,4.117549518e-03,5.576612991e-01,2.481801603e+01,7.122908083e-04,2.328024e-16,2.470930e-17,2.003587e-17,6.948469e-03
6.350000,4.270569412e-03,1.434468843e-02,1.815056266e-02,7.172282721e-03,4.061309102e-03,5.580280317e-01,2.482099480e+01,7.082084307e-04,2.303107e-16,2.478788e-17,2.828368e-17,6.902408e-03
6.360000,4.365027671e-03,1.442429284e-02,1.786242185e-02,7.212083896e-03,4.005497202e-03,5.583956882e-01,2.482527889e+01,7.039983529e-04,3.135854e-16,2.357364e-17,2.268057e-17,6.864458e-03
6.370000,4.458531267e-03,1.450155964e-02,1.756523947e-02,7.250716288e-03,3.950040681e-03,5.587639551e-01,2.483086179e+01,6.996744834e-04,1.445414e-15,5.291315e-17,7.864437e-18,6.906009e-03
6.380000,4.551013907e-03,1.457632214e-02,1.726038007e-02,7.288096547e-03,3.894864597e-03,5.591326883e-01,2.483773656e+01,6.952509321e-04,4.447178e-16,4.808173e-17,1.420191e-17,6.926618e-03
6.390000,4.642411309e-03,1.464841531e-02,1.694929144e-02,7.324142171e-03,3.839892841e-03,5.595018901e-01,2.484589592e+01,6.907419246e-04,8.882916e-16,3.680432e-17,6.002179e-18,6.912758e-03
6.400000,4.732661023e-03,1.471767635e-02,1.663350770e-02,7.358771757e-03,3.785048775e-03,5.598716860e-01,2.485533218e+01,6.861617172e-04,2.223308e-16,4.067287e-17,7.614157e-18,6.921408e-03
6.410000,4.821702290e-03,1.478394513e-02,1.631465219e-02,7.391905245e-03,3.730255857e-03,5.602423008e-01,2.486603731e+01,6.815245133e-04,3.363441e-16,2.033198e-17,7.549731e-18,6.946948e-03
6.420000,4.909475909e-03,1.484706467e-02,1.599443976e-02,7.423464151e-03,3.675438257e-03,5.606140347e-01,2.487800293e+01,6.768443827e-04,6.671711e-16,5.992896e-17,1.943291e-17,6.900728e-03
6.430000,4.995924137e-03,1.490688159e-02,1.567467827e-02,7.453371783e-03,3.620521451e-03,5.609872394e-01,2.489122033e+01,6.721351815e-04,7.521783e-17,1.706095e-17,2.115352e-17,6.915348e-03
6.440000,5.080990593e-03,1.496324649e-02,1.535726879e-02,7.481553450e-03,3.565432797e-03,5.613622943e-01,2.490568047e+01,6.674104768e-04,8.926061e-16,4.233515e-17,2.161900e-17,7.002008e-03
6.450000,5.164620193e-03,1.501601438e-02,1.504420399e-02,7.507936653e-03,3.510102089e-03,5.617395837e-01,2.492137401e+01,6.626834725e-04,4.476836e-16,3.077109e-17,1.538431e-17,6.966378e-03
6.460000,5.246759083e-03,1.506504500e-02,1.473756402e-02,7.532451270e-03,3.454462079e-03,5.621194741e-01,2.493829132e+01,6.579669397e-04,2.351269e-16,6.611918e-17,1.218561e-17,6.936648e-03
6.470000,5.327354595e-03,1.511020319e-02,1.443950929e-02,7.555029722e-03,3.398448981e-03,5.625022924e-01,2.495642248e+01,6.532731508e-04,1.381275e-16,3.868465e-17,1.550456e-17,6.941928e-03
6.480000,5.406355209e-03,1.515135918e-02,1.415226914e-02,7.575607127e-03,3.342002941e-03,5.628883059e-01,2.497575732e+01,6.486138169e-04,2.294774e-16,2.531905e-17,5.599556e-18,6.984908e-03
6.490000,5.483710527e-03,1.518838889e-02,1.387812565e-02,7.594121451e-03,3.285068479e-03,5.632777024e-01,2.499628542e+01,6.440000300e-04,7.805035e-16,2.556723e-17,8.208920e-18,7.015988e-03
6.500000,5.559371249e-03,1.522117421e-02,1.361939179e-02,7.610513636e-03,3.227594912e-03,5.636705725e-01,2.501799611e+01,6.394422100e-04,2.231329e-16,3.006820e-17,2.886911e-18,6.965688e-03
6.510000,5.633289168e-03,1.524960320e-02,1.337838315e-02,7.624727721e-03,3.169536741e-03,5.640668930e-01,2.504087850e+01,6.349500557e-04,6.666293e-16,1.625075e-17,2.182511e-17,6.947188e-03
6.520000,5.705417161e-03,1.527357037e-02,1.315738310e-02,7.636710955e-03,3.110854029e-03,5.644665119e-01,2.506492150e+01,6.305325009e-04,7.776175e-16,3.196226e-17,2.837408e-17,6.974459e-03
6.530000,5.775709193e-03,1.529297681e-02,1.295860123e-02,7.646413892e-03,3.051512745e-03,5.648691355e-01,2.509011384e+01,6.261976764e-04,4.448701e-16,2.843412e-17,1.293002e-17,6.939508e-03
6.540000,5.844120321e-03,1.530773042e-02,1.278412615e-02,7.653790482e-03,2.991485105e-03,5.652743168e-01,2.511644403e+01,6.219528757e-04,8.893786e-16,4.259550e-17,2.604886e-17,6.949538e-03
6.550000,5.910606708e-03,1.531774605e-02,1.263587393e-02,7.658798150e-03,2.930749892e-03,5.656814457e-01,2.514390047e+01,6.178045272e-04,3.370973e-16,3.368431e-17,3.824091e-17,6.970868e-03
6.560000,5.975125642e-03,1.532294562e-02,1.251553479e-02,7.661397858e-03,2.869292777e-03,5.660897421e-01,2.517247135e+01,6.137581710e-04,2.263152e-16,5.541880e-17,7.681023e-18,6.966627e-03
6.570000,6.037635549e-03,1.532325826e-02,1.242452104e-02,7.661554172e-03,2.807106637e-03,5.664982495e-01,2.520214477e+01,6.098184416e-04,4.488735e-16,1.291148e-17,1.426031e-17,6.932778e-03
6.580000,6.098096025e-03,1.531862039e-02,1.236392002e-02,7.659235305e-03,2.744191878e-03,5.669058315e-01,2.523290869e+01,6.059890553e-04,4.564495e-17,1.569946e-17,5.918037e-18,6.947198e-03
6.590000,6.156467858e-03,1.530897581e-02,1.233445580e-02,7.654413157e-03,2.680556780e-03,5.673111703e-01,2.526475095e+01,6.022728033e-04,1.298429e-16,3.446616e-17,1.377990e-17,6.932698e-03
6.600000,6.212713058e-03,1.529427576e-02,1.233646304e-02,7.647063350e-03,2.616217860e-03,5.677127662e-01,2.529765932e+01,5.986715504e-04,2.256419e-16,2.385429e-17,8.237808e-18,6.955748e-03
6.610000,6.266794890e-03,1.527447899e-02,1.236987557e-02,7.637165250e-03,2.551200273e-03,5.681089401e-01,2.533162147e+01,5.951862379e-04,1.487869e-16,1.937225e-17,1.878656e-17,6.971908e-03
6.620000,6.318677911e-03,1.524955172e-02,1.243423072e-02,7.624701979e-03,2.485538264e-03,5.684978366e-01,2.536662500e+01,5.918168927e-04,3.532116e-16,2.531699e-17,3.034314e-18,6.970608e-03
6.630000,6.368328001e-03,1.521946775e-02,1.252868928e-02,7.609660429e-03,2.419275677e-03,5.688774303e-01,2.540265746e+01,5.885626407e-04,5.551285e-16,4.685761e-17,2.092041e-17,6.967278e-03
6.640000,6.415712405e-03,1.518420838e-02,1.265206904e-02,7.592031254e-03,2.352466548e-03,5.692455320e-01,2.543970636e+01,5.854217249e-04,3.360063e-16,5.468463e-17,1.731345e-17,7.003758e-03
6.650000,6.460799768e-03,1.514376245e-02,1.280288910e-02,7.571808871e-03,2.285175796e-03,5.695997978e-01,2.547775918e+01,5.823915286e-04,4.483917e-16,7.008203e-18,1.527017e-17,7.026758e-03
6.660000,6.503560181e-03,1.509812628e-02,1.297942118e-02,7.548991440e-03,2.217480027e-03,5.699377392e-01,2.551680336e+01,5.794686026e-04,6.662006e-16,4.723279e-17,1.366783e-17,6.991548e-03
6.670000,6.543965214e-03,1.504730366e-02,1.317974414e-02,7.523580850e-03,2.149468497e-03,5.702567338e-01,2.555682637e+01,5.766486968e-04,5.570119e-16,3.392940e-17,1.351738e-17,6.987988e-03
6.680000,6.581987964e-03,1.499130575e-02,1.340179813e-02,7.495582686e-03,2.081244241e-03,5.705540382e-01,2.559781565e+01,5.739267957e-04,2.337693e-16,1.001001e-17,9.958371e-18,7.053728e-03
6.690000,6.617603095e-03,1.493015108e-02,1.364343555e-02,7.465006204e-03,2.012925409e-03,5.708268013e-01,2.563975869e+01,5.712971575e-04,4.470360e-16,4.002050e-17,1.230125e-17,6.950718e-03
6.700000,6.650786876e-03,1.486386541e-02,1.390246679e-02,7.431864288e-03,1.944646853e-03,5.710720786e-01,2.568264298e+01,5.687533568e-04,3.354552e-16,6.274882e-17,1.249120e-17,6.980238e-03
6.710000,6.681517227e-03,1.479248169e-02,1.417669938e-02,7.396173410e-03,1.876561982e-03,5.712868472e-01,2.572645606e+01,5.662883306e-04,2.299332e-16,5.721510e-17,2.622159e-17,6.990758e-03
6.720000,6.709773759e-03,1.471603995e-02,1.446397034e-02,7.357953582e-03,1.808844940e-03,5.714680213e-01,2.577118552e+01,5.638944264e-04,5.552206e-16,6.524337e-18,2.339180e-17,6.949688e-03
6.730000,6.735537815e-03,1.463458720e-02,1.476217155e-02,7.317228301e-03,1.741693129e-03,5.716124688e-01,2.581681900e+01,5.615634541e-04,2.691261e-16,5.738467e-17,1.989460e-17,7.000428e-03
6.740000,6.758792510e-03,1.454817729e-02,1.506926892e-02,7.274024495e-03,1.675330086e-03,5.717170267e-01,2.586334422e+01,5.592867388e-04,2.248401e-16,5.866562e-17,6.794197e-18,6.986828e-03
6.750000,6.779522769e-03,1.445687081e-02,1.538331595e-02,7.228372458e-03,1.610008721e-03,5.717785189e-01,2.591074897e+01,5.570551767e-04,2.358564e-16,1.290985e-17,6.243528e-18,7.024058e-03
6.760000,6.797715369e-03,1.436073498e-02,1.570246265e-02,7.180305789e-03,1.546014835e-03,5.717937715e-01,2.595902113e+01,5.548592914e-04,5.464482e-17,1.208233e-17,1.294873e-17,7.001988e-03
6.770000,6.813358971e-03,1.425984346e-02,1.602496060e-02,7.129861320e-03,1.483670806e-03,5.717596306e-01,2.600814867e+01,5.526892930e-04,1.149856e-16,9.233185e-18,3.966824e-18,6.999258e-03
6.780000,6.826444159e-03,1.415427624e-02,1.634916509e-02,7.077079041e-03,1.423339167e-03,5.716729775e-01,2.605811966e+01,5.505351367e-04,2.249961e-16,7.464103e-18,3.338574e-18,6.941848e-03
6.790000,6.836963474e-03,1.404411948e-02,1.667353498e-02,7.022002031e-03,1.365425671e-03,5.715307457e-01,2.610892229e+01,5.483865826e-04,3.363996e-16,1.047181e-17,1.138815e-17,6.938678e-03
6.800000,6.844911444e-03,1.392946536e-02,1.699663083e-02,6.964676372e-03,1.310381170e-03,5.713299360e-01,2.616054486e+01,5.462332560e-04,2.427864e-16,3.809051e-17,4.940584e-18,6.994508e-03
6.810000,6.850284618e-03,1.381041190e-02,1.731711201e-02,6.905151074e-03,1.258701347e-03,5.710676317e-01,2.621297579e+01,5.440647077e-04,5.561102e-16,4.076131e-17,1.591882e-17,6.968508e-03
6.820000,6.853081589e-03,1.368706281e-02,1.763373293e-02,6.843477986e-03,1.210923047e-03,5.707410135e-01,2.626620364e+01,5.418704732e-04,1.241760e-16,1.395056e-17,1.141767e-17,6.938868e-03
6.830000,6.853303029e-03,1.355952730e-02,1.794533891e-02,6.779711711e-03,1.167615657e-03,5.703473733e-01,2.632021711e+01,5.396401320e-04,1.188994e-16,2.220547e-17,1.007189e-17,6.959818e-03
6.840000,6.850951703e-03,1.342791992e-02,1.825086177e-02,6.713909519e-03,1.129365983e-03,5.698841272e-01,2.637500501e+01,5.373633662e-04,2.385029e-16,3.779070e-17,9.784709e-18,6.961378e-03
6.850000,6.846032498e-03,1.329236037e-02,1.854931540e-02,6.646131258e-03,1.096755445e-03,5.693488287e-01,2.643055633e+01,5.350300166e-04,7.482099e-17,4.256665e-17,8.901896e-18,6.994217e-03
6.860000,6.838552439e-03,1.315297333e-02,1.883979141e-02,6.576439258e-03,1.070329497e-03,5.687391794e-01,2.648686020e+01,5.326301386e-04,3.346763e-16,3.680641e-18,1.284911e-17,6.983658e-03
6.870000,6.828520708e-03,1.300988824e-02,1.912145491e-02,6.504898244e-03,1.050561015e-03,5.680530406e-01,2.654390590e+01,5.301540559e-04,3.413965e-16,1.969841e-17,3.360988e-17,6.997468e-03
6.880000,6.815948653e-03,1.286323916e-02,1.939354050e-02,6.431575238e-03,1.037811677e-03,5.672884431e-01,2.660168288e+01,5.275924115e-04,1.280588e-16,2.322185e-17,3.325537e-18,6.941778e-03
6.890000,6.800849805e-03,1.271316455e-02,1.965534847e-02,6.356539468e-03,1.032297429e-03,5.664435957e-01,2.666018073e+01,5.249362176e-04,6.682195e-16,2.115461e-17,7.656926e-18,6.934908e-03
6.900000,6.783239881e-03,1.255980709e-02,1.990624130e-02,6.279862269e-03,1.034064787e-03,5.655168940e-01,2.671938922e+01,5.221769021e-04,8.881797e-16,6.086666e-17,1.781330e-17,6.964548e-03
6.910000,6.763136795e-03,1.240331349e-02,2.014564032e-02,6.201616992e-03,1.042983338e-03,5.645069271e-01,2.677929828e+01,5.193063525e-04,1.997043e-17,1.679419e-17,1.146659e-17,6.995138e-03
6.920000,6.740560652e-03,1.224383429e-02,2.037302271e-02,6.121878906e-03,1.058756318e-03,5.634124838e-01,2.683989803e+01,5.163169574e-04,8.902509e-16,1.345559e-17,1.654608e-17,7.032828e-03
6.930000,6.715533754e-03,1.208152369e-02,2.058791861e-02,6.040725104e-03,1.080946917e-03,5.622325579e-01,2.690117872e+01,5.132016446e-04,2.263486e-16,2.094319e-17,7.716329e-18,7.003108e-03
6.940000,6.688080595e-03,1.191653932e-02,2.078990858e-02,5.958234407e-03,1.109014676e-03,5.609663525e-01,2.696313081e+01,5.099539158e-04,2.404268e-16,3.191618e-17,8.935834e-18,7.006757e-03
6.950000,6.658227847e-03,1.174904212e-02,2.097862110e-02,5.874487273e-03,1.142355067e-03,5.596132833e-01,2.702574490e+01,5.065678783e-04,4.452397e-16,2.417171e-17,8.500147e-18,7.007437e-03
6.960000,6.626004360e-03,1.157919609e-02,2.115373042e-02,5.789565701e-03,1.180336268e-03,5.581729807e-01,2.708901178e+01,5.030382731e-04,2.259485e-16,2.943813e-17,9.730865e-18,7.024738e-03
6.970000,6.591441138e-03,1.140716813e-02,2.131495443e-02,5.703553141e-03,1.222329280e-03,5.566452915e-01,2.715292242e+01,4.993604996e-04,7.831589e-16,3.071835e-17,3.286425e-18,6.978118e-03
6.980000,6.554571327e-03,1.123312786e-02,2.146205276e-02,5.616534401e-03,1.267729882e-03,5.550302796e-01,2.721746793e+01,4.955306361e-04,2.276506e-16,4.003593e-17,1.699139e-17,6.955908e-03
6.990000,6.515430195e-03,1.105724746e-02,2.159482497e-02,5.528595563e-03,1.315972726e-03,5.533282250e-01,2.728263962e+01,4.915454576e-04,2.323929e-16,1.808286e-17,5.312867e-18,6.963658e-03
7.000000,6.474055103e-03,1.087970144e-02,2.171310890e-02,5.439823891e-03,1.366538881e-03,5.515396232e-01,2.734842896e+01,4.874024490e-04,6.749009e-16,4.560732e-17,2.153761e-17,6.968897e-03
7.010000,6.430485484e-03,1.070066655e-02,2.181677910e-02,5.350307748e-03,1.418958495e-03,5.496651828e-01,2.741482757e+01,4.830998148e-04,2.243358e-16,2.117777e-17,1.778788e-17,7.000428e-03
7.020000,6.384762808e-03,1.052032154e-02,2.190574531e-02,5.260136512e-03,1.472810147e-03,5.477058224e-01,2.748182727e+01,4.786364857e-04,2.234021e-16,4.137764e-17,5.488355e-18,7.360797e-03
7.030000,6.336930548e-03,1.033884705e-02,2.197995111e-02,5.169400499e-03,1.527718187e-03,5.456626675e-01,2.754942000e+01,4.740121204e-04,4.657478e-16,2.877424e-17,2.520041e-18,6.906688e-03
7.040000,6.287034146e-03,1.015642541e-02,2.203937257e-02,5.078190880e-03,1.583349006e-03,5.435370453e-01,2.761759790e+01,4.692271051e-04,2.231221e-16,8.731887e-18,1.123524e-17,7.009518e-03
7.050000,6.235120967e-03,9.973240547e-03,2.208401698e-02,4.986599607e-03,1.639406892e-03,5.413304798e-01,2.768635324e+01,4.642825477e-04,2.344297e-16,4.028271e-17,2.103090e-17,6.925688e-03
7.060000,6.181240261e-03,9.789477777e-03,2.211392165e-02,4.894719344e-03,1.695629878e-03,5.390446861e-01,2.775567846e+01,4.591802705e-04,2.221323e-16,3.830914e-17,2.061205e-17,6.900468e-03
7.070000,6.125443112e-03,9.605323705e-03,2.212915276e-02,4.802643390e-03,1.751785827e-03,5.366815634e-01,2.782556613e+01,4.539227978e-04,1.427668e-16,3.011572e-17,1.024995e-17,6.896978e-03
7.080000,6.067782389e-03,9.420966075e-03,2.212980418e-02,4.710465618e-03,1.807668861e-03,5.342431880e-01,2.789600899e+01,4.485133409e-04,4.566107e-16,4.158736e-18,4.110797e-18,6.905718e-03
7.090000,6.008312690e-03,9.236593646e-03,2.211599644e-02,4.618280406e-03,1.863096202e-03,5.317318052e-01,2.796699990e+01,4.429557803e-04,3.433655e-16,4.648607e-17,1.054718e-17,6.885459e-03
7.100000,5.947090291e-03,9.052396064e-03,2.208787565e-02,4.526182578e-03,1.917905396e-03,5.291498212e-01,2.803853189e+01,4.372546441e-04,5.566724e-16,8.410916e-18,5.934804e-18,6.906758e-03
7.110000,5.884173082e-03,8.868563744e-03,2.204561245e-02,4.434267340e-03,1.971951930e-03,5.264997939e-01,2.811059808e+01,4.314150842e-04,3.372728e-16,1.175514e-17,1.893020e-17,6.916618e-03
7.120000,5.819620507e-03,8.685287751e-03,2.198940100e-02,4.342630226e-03,2.025107174e-03,5.237844233e-01,2.818319174e+01,4.254428490e-04,4.482001e-16,1.962351e-17,7.179770e-18,6.863978e-03
7.130000,5.753493494e-03,8.502759692e-03,2.191945802e-02,4.251367039e-03,2.077256640e-03,5.210065418e-01,2.825630627e+01,4.193442548e-04,6.602797e-17,2.415612e-17,8.344715e-18,6.907988e-03
7.140000,5.685854396e-03,8.321171600e-03,2.183602176e-02,4.160573796e-03,2.128298486e-03,5.181691037e-01,2.832993518e+01,4.131261533e-04,1.552407e-16,3.035228e-17,1.595749e-18,6.902688e-03
7.150000,5.616766912e-03,8.140715825e-03,2.173935109e-02,4.070346673e-03,2.178142254e-03,5.152751744e-01,2.840407208e+01,4.067958987e-04,4.566894e-17,1.790004e-17,5.668493e-18,6.894598e-03
7.160000,5.546296019e-03,7.961584922e-03,2.162972450e-02,3.980781947e-03,2.226707794e-03,5.123279192e-01,2.847871071e+01,4.003613111e-04,2.331079e-16,2.786391e-17,4.258600e-18,6.960418e-03
7.170000,5.474507893e-03,7.783971535e-03,2.150743918e-02,3.891975942e-03,2.273924347e-03,5.093305918e-01,2.855384489e+01,3.938306394e-04,2.303006e-16,3.467881e-17,3.358321e-18,6.888368e-03
7.180000,5.401469833e-03,7.608068274e-03,2.137281009e-02,3.804024963e-03,2.319729767e-03,5.062865228e-01,2.862946854e+01,3.872125225e-04,2.316230e-16,2.535178e-17,4.503193e-18,6.844229e-03
7.190000,5.327250180e-03,7.434067586e-03,2.122616903e-02,3.717025234e-03,2.364069852e-03,5.031991076e-01,2.870557568e+01,3.805159486e-04,6.663499e-16,5.269636e-17,1.422933e-17,6.885648e-03
7.200000,5.251918236e-03,7.262161605e-03,2.106786370e-02,3.631072823e-03,2.406897769e-03,5.000717938e-01,2.878216040e+01,3.737502143e-04,1.137883e-16,4.456802e-17,1.628743e-17,6.919589e-03
7.210000,5.175544178e-03,7.092541991e-03,2.089825683e-02,3.546263563e-03,2.448173564e-03,4.969080699e-01,2.885921686e+01,3.669248816e-04,9.905663e-17,1.666150e-17,1.730131e-17,6.912138e-03
7.220000,5.098198971e-03,6.925399747e-03,2.071772520e-02,3.462692954e-03,2.487863730e-03,4.937114516e-01,2.893673931e+01,3.600497362e-04,2.229310e-16,5.346531e-17,3.839056e-17,6.947288e-03
7.230000,5.019954283e-03,6.760924997e-03,2.052665881e-02,3.380456060e-03,2.525940829e-03,4.904854704e-01,2.901472204e+01,3.531347430e-04,4.628467e-16,4.854283e-17,1.313206e-17,6.936478e-03
7.240000,4.940882391e-03,6.599306740e-03,2.032545995e-02,3.299647382e-03,2.562383167e-03,4.872336606e-01,2.909315942e+01,3.461900038e-04,1.001803e-16,2.622723e-17,5.965206e-18,6.920359e-03
7.250000,4.861056093e-03,6.440732551e-03,2.011454226e-02,3.220360709e-03,2.597174498e-03,4.839595469e-01,2.917204585e+01,3.392257129e-04,6.646309e-17,4.020616e-17,1.600117e-18,6.936129e-03
7.260000,4.780548613e-03,6.285388243e-03,1.989432990e-02,3.142688948e-03,2.630303759e-03,4.806666322e-01,2.925137578e+01,3.322521146e-04,3.407476e-16,1.961890e-17,2.289907e-17,6.928398e-03
7.270000,4.699433510e-03,6.133457453e-03,1.966525664e-02,3.066723919e-03,2.661764834e-03,4.773583853e-01,2.933114371e+01,3.252794603e-04,3.586855e-16,5.399848e-17,1.144800e-17,6.946389e-03
7.280000,4.617784576e-03,5.985121174e-03,1.942776494e-02,2.992556120e-03,2.691556332e-03,4.740382290e-01,2.941134414e+01,3.183179663e-04,5.578880e-16,2.404360e-17,9.147424e-18,7.089268e-03
7.290000,4.535675747e-03,5.840557200e-03,1.918230512e-02,2.920274449e-03,2.719681387e-03,4.707095283e-01,2.949197162e+01,3.113777724e-04,6.646233e-17,3.046458e-17,9.978857e-18,6.940328e-03
7.300000,4.453181000e-03,5.699939487e-03,1.892933442e-02,2.849965886e-03,2.746147462e-03,4.673755791e-01,2.957302071e+01,3.044689023e-04,3.342636e-16,3.931489e-17,2.141630e-17,6.946818e-03
7.310000,4.370374259e-03,5.563437422e-03,1.866931619e-02,2.781715123e-03,2.770966172e-03,4.640395968e-01,2.965448598e+01,2.976012239e-04,7.773178e-16,1.048145e-17,2.836204e-18,6.923217e-03
7.320000,4.287329290e-03,5.431214976e-03,1.840271894e-02,2.715604150e-03,2.794153103e-03,4.607047061e-01,2.973636200e+01,2.907844120e-04,6.324025e-17,3.909778e-17,9.690199e-18,6.943468e-03
7.330000,4.204119608e-03,5.303429771e-03,1.813001555e-02,2.651711778e-03,2.815727647e-03,4.573739305e-01,2.981864334e+01,2.840279121e-04,2.456446e-16,8.195481e-18,9.746368e-18,6.942018e-03
7.340000,4.120818371e-03,5.180232017e-03,1.785168230e-02,2.590113112e-03,2.835712831e-03,4.540501830e-01,2.990132456e+01,2.773409061e-04,2.230921e-16,5.753143e-17,5.477636e-18,6.932688e-03
7.350000,4.037498283e-03,5.061763349e-03,1.756819812e-02,2.530878973e-03,2.854135151e-03,4.507362567e-01,2.998440022e+01,2.707322793e-04,2.228884e-16,7.617890e-17,2.193738e-17,6.934588e-03
7.360000,3.954231490e-03,4.948155565e-03,1.728004362e-02,2.474075259e-03,2.871024403e-03,4.474348165e-01,3.006786483e+01,2.642105899e-04,4.505676e-16,8.665959e-18,7.118109e-18,6.898148e-03
7.370000,3.871089480e-03,4.839529267e-03,1.698770029e-02,2.419762272e-03,2.886413519e-03,4.441483915e-01,3.015171289e+01,2.577840402e-04,1.138423e-17,6.897911e-17,1.300548e-17,6.923368e-03
7.380000,3.788142981e-03,4.735992426e-03,1.669164961e-02,2.367994000e-03,2.900338390e-03,4.408793678e-01,3.023593887e+01,2.514604502e-04,3.392980e-16,3.422085e-17,1.079098e-17,6.917128e-03
7.390000,3.705461862e-03,4.637638915e-03,1.639237219e-02,2.318817380e-03,2.912837699e-03,4.376299825e-01,3.032053720e+01,2.452472330e-04,4.492285e-16,3.578778e-17,1.475362e-17,6.959168e-03
7.400000,3.623115025e-03,4.544547011e-03,1.609034692e-02,2.272271550e-03,2.923952735e-03,4.344023178e-01,3.040550225e+01,2.391513727e-04,2.329913e-16,1.627851e-16,1.147885e-17,6.959948e-03
7.410000,3.541170311e-03,4.456777932e-03,1.578605008e-02,2.228387122e-03,2.933727218e-03,4.311982971e-01,3.049082836e+01,2.331794050e-04,1.336429e-16,6.143761e-17,9.286280e-18,6.939638e-03
7.420000,3.459694394e-03,4.374374442e-03,1.547995452e-02,2.187185477e-03,2.942207103e-03,4.280196808e-01,3.057650981e+01,2.273373995e-04,2.246410e-16,5.372026e-17,7.350232e-18,6.903688e-03
7.430000,3.378752680e-03,4.297359584e-03,1.517252872e-02,2.148678139e-03,2.949440392e-03,4.248680636e-01,3.066254080e+01,2.216309449e-04,2.516429e-16,3.438806e-17,9.552186e-18,6.930188e-03
7.440000,3.298409211e-03,4.225735591e-03,1.486423599e-02,2.112866223e-03,2.955476934e-03,4.217448727e-01,3.074891548e+01,2.160651364e-04,6.671433e-16,1.951299e-17,1.558730e-17,6.936098e-03
7.450000,3.218726559e-03,4.159483020e-03,1.455553353e-02,2.079740011e-03,2.960368214e-03,4.186513669e-01,3.083562794e+01,2.106445660e-04,1.376604e-16,2.968085e-17,2.003260e-17,6.903798e-03
7.460000,3.139765729e-03,4.098560188e-03,1.424687158e-02,2.049278660e-03,2.964167148e-03,4.155886366e-01,3.092267218e+01,2.053733142e-04,1.320785e-16,9.639995e-18,2.636960e-17,6.914198e-03
7.470000,3.061586065e-03,4.042902923e-03,1.393869251e-02,2.021450085e-03,2.966927862e-03,4.125576044e-01,3.101004212e+01,2.002549455e-04,2.576112e-16,2.373691e-17,1.240352e-17,6.862278e-03
7.480000,2.984245142e-03,3.992424682e-03,1.363142993e-02,1.996211015e-03,2.968705467e-03,4.095590276e-01,3.109773159e+01,1.952925054e-04,2.220982e-16,4.183211e-17,1.992207e-17,6.939798e-03
7.490000,2.907798679e-03,3.947017054e-03,1.332550774e-02,1.973507246e-03,2.969555832e-03,4.065935006e-01,3.118573435e+01,1.904885197e-04,6.668806e-16,1.590832e-17,4.971469e-18,6.889477e-03
7.500000,2.832300438e-03,3.906550654e-03,1.302133925e-02,1.953274085e-03,2.969535349e-03,4.036614584e-01,3.127404405e+01,1.858449966e-04,4.727122e-17,3.807253e-17,4.229974e-18,6.944828e-03
7.510000,2.757802133e-03,3.870876393e-03,1.271932622e-02,1.935436988e-03,2.968700691e-03,4.007631817e-01,3.136265426e+01,1.813634307e-04,3.578204e-16,2.892199e-17,2.326247e-17,6.863529e-03
7.520000,2.684353332e-03,3.839827097e-03,1.241985788e-02,1.919912369e-03,2.967108575e-03,3.978988019e-01,3.145155844e+01,1.770448093e-04,3.394301e-16,6.573204e-17,1.347211e-17,6.894728e-03
7.530000,2.612001373e-03,3.813219434e-03,1.212331002e-02,1.906608562e-03,2.964815508e-03,3.950683076e-01,3.154074994e+01,1.728896205e-04,1.318034e-16,2.018552e-17,1.792905e-17,6.903648e-03
7.540000,2.540791274e-03,3.790856088e-03,1.183004397e-02,1.895426909e-03,2.961877544e-03,3.922715510e-01,3.163022203e+01,1.688978641e-04,2.766477e-16,1.311134e-17,1.644497e-17,6.900808e-03
7.550000,2.470765643e-03,3.772528120e-03,1.154040561e-02,1.886262941e-03,2.958350032e-03,3.895082563e-01,3.171996784e+01,1.650690632e-04,6.823828e-16,4.729773e-17,2.164148e-17,6.871158e-03
7.560000,2.401964600e-03,3.758017437e-03,1.125472443e-02,1.879007613e-03,2.954287368e-03,3.867780272e-01,3.180998040e+01,1.614022786e-04,5.654434e-16,5.526127e-17,1.339091e-17,6.890949e-03
7.570000,2.334425700e-03,3.747099307e-03,1.097331242e-02,1.873548557e-03,2.949742747e-03,3.840803563e-01,3.190025265e+01,1.578961245e-04,2.268416e-16,2.649291e-17,1.088112e-17,6.878648e-03
7.580000,2.268183851e-03,3.739544840e-03,1.069646316e-02,1.869771331e-03,2.944767916e-03,3.814146341e-01,3.199077738e+01,1.545487854e-04,8.979558e-17,1.859847e-17,1.055715e-17,6.905868e-03
7.590000,2.203271255e-03,3.735123380e-03,1.042445079e-02,1.867560604e-03,2.939412940e-03,3.787801588e-01,3.208154728e+01,1.513580355e-04,2.372645e-16,7.011055e-17,2.217730e-17,6.935698e-03
7.600000,2.139717338e-03,3.733604753e-03,1.015752897e-02,1.866801292e-03,2.933725962e-03,3.761761466e-01,3.217255492e+01,1.483212581e-04,1.158245e-16,3.440665e-17,1.718418e-17,6.908447e-03
7.610000,2.077548694e-03,3.734761324e-03,9.895929992e-03,1.867379577e-03,2.927752983e-03,3.736017420e-01,3.226379274e+01,1.454354673e-04,2.222425e-16,2.270069e-17,2.059225e-17,6.959048e-03
7.620000,2.016789041e-03,3.738369841e-03,9.639863780e-03,1.869183832e-03,2.921537645e-03,3.710560283e-01,3.235525308e+01,1.426973301e-04,1.393108e-16,1.486278e-17,2.295530e-17,6.916928e-03
7.630000,1.957459182e-03,3.744213035e-03,9.389517028e-03,1.872105424e-03,2.915121028e-03,3.685380386e-01,3.244692813e+01,1.401031896e-04,3.336900e-16,5.657675e-17,1.206721e-17,6.933788e-03
7.640000,1.899576974e-03,3.752080971e-03,9.145052364e-03,1.876039385e-03,2.908541465e-03,3.660467665e-01,3.253880997e+01,1.376490892e-04,2.338390e-16,3.218657e-17,1.898304e-17,6.923508e-03
7.650000,1.843157314e-03,3.761772155e-03,8.906607600e-03,1.880884969e-03,2.901834364e-03,3.635811769e-01,3.263089056e+01,1.353307970e-04,3.057451e-17,1.943102e-17,2.816169e-17,6.915068e-03
7.660000,1.788212141e-03,3.773094396e-03,8.674295083e-03,1.886546079e-03,2.895032057e-03,3.611402169e-01,3.272316173e+01,1.331438313e-04,3.331629e-16,5.658805e-17,6.959457e-18,6.950138e-03
7.670000,1.734750444e-03,3.785865441e-03,8.448201157e-03,1.892931590e-03,2.888163663e-03,3.587228265e-01,3.281561518e+01,1.310834862e-04,3.330704e-16,6.499909e-17,4.309107e-18,6.924688e-03
7.680000,1.682778301e-03,3.799913402e-03,8.228385781e-03,1.899955558e-03,2.881254973e-03,3.563279486e-01,3.290824251e+01,1.291448570e-04,2.443225e-16,2.428772e-17,3.949232e-17,6.948998e-03
7.690000,1.632298925e-03,3.815076993e-03,8.014882298e-03,1.907537340e-03,2.874328356e-03,3.539545398e-01,3.300103517e+01,1.273228667e-04,2.220463e-16,1.873425e-17,2.134514e-17,6.926257e-03
7.700000,1.583312739e-03,3.831205598e-03,7.807697404e-03,1.915601628e-03,2.867402695e-03,3.516015798e-01,3.309398450e+01,1.256122919e-04,4.525044e-16,4.894214e-17,1.202674e-17,6.933458e-03
7.710000,1.535817470e-03,3.848159203e-03,7.606811316e-03,1.924078414e-03,2.860493333e-03,3.492680812e-01,3.318708171e+01,1.240077880e-04,3.342622e-16,6.635249e-17,1.278124e-17,6.916748e-03
7.720000,1.489808275e-03,3.865808192e-03,7.412178185e-03,1.932902892e-03,2.853612062e-03,3.469530986e-01,3.328031790e+01,1.225039159e-04,2.269374e-16,6.062097e-17,3.915204e-18,6.902768e-03
7.730000,1.445277882e-03,3.884033058e-03,7.223726742e-03,1.942015308e-03,2.846767121e-03,3.446557372e-01,3.337368404e+01,1.210951660e-04,1.002994e-15,5.469242e-17,2.548274e-17,6.908918e-03
7.740000,1.402216774e-03,3.902724022e-03,7.041361222e-03,1.951360772e-03,2.839963229e-03,3.423751611e-01,3.346717099e+01,1.197759840e-04,5.583284e-16,9.410390e-17,3.749228e-18,6.914418e-03
7.750000,1.360613385e-03,3.921780590e-03,6.864962555e-03,1.960889038e-03,2.833201641e-03,3.401106011e-01,3.356076950e+01,1.185407943e-04,6.798259e-16,3.182254e-17,9.442924e-18,6.928088e-03
7.760000,1.320454346e-03,3.941111067e-03,6.694389831e-03,1.970554258e-03,2.826480225e-03,3.378613620e-01,3.365447018e+01,1.173840240e-04,6.852386e-16,2.346136e-17,6.790393e-18,6.949338e-03
7.770000,1.281724741e-03,3.960632030e-03,6.529482051e-03,1.980314721e-03,2.819793564e-03,3.356268290e-01,3.374826357e+01,1.163001250e-04,2.288784e-16,1.859903e-17,9.704215e-18,6.949928e-03
7.780000,1.244408411e-03,3.980267789e-03,6.370060142e-03,1.990132580e-03,2.813133085e-03,3.334064742e-01,3.384214005e+01,1.152835967e-04,5.687995e-16,3.081581e-17,3.120072e-18,6.958188e-03
7.790000,1.208488273e-03,3.999949821e-03,6.215929228e-03,1.999973577e-03,2.806487200e-03,3.311998619e-01,3.393608994e+01,1.143290058e-04,3.399660e-16,2.288466e-17,1.100841e-17,6.972168e-03
7.800000,1.173946673e-03,4.019616222e-03,6.066881135e-03,2.009806758e-03,2.799841473e-03,3.290066540e-01,3.403010342e+01,1.134310072e-04,5.772643e-16,4.147714e-17,1.154108e-17,6.951477e-03
7.810000,1.140765765e-03,4.039211141e-03,5.922697108e-03,2.019604198e-03,2.793178801e-03,3.268266142e-01,3.412417059e+01,1.125843620e-04,6.364332e-17,3.177510e-17,2.123323e-17,6.942597e-03
7.820000,1.108927901e-03,4.058684245e-03,5.783150706e-03,2.029340729e-03,2.786479613e-03,3.246596118e-01,3.421828145e+01,1.117839555e-04,7.818471e-16,3.292250e-17,4.653593e-18,6.931518e-03
7.830000,1.078416050e-03,4.077990179e-03,5.648010840e-03,2.038993677e-03,2.779722079e-03,3.225056257e-01,3.431242589e+01,1.110248136e-04,1.602615e-16,1.564235e-17,8.496108e-18,6.905658e-03
7.840000,1.049214214e-03,4.097088068e-03,5.517044918e-03,2.048542601e-03,2.772882329e-03,3.203647464e-01,3.440659373e+01,1.103021179e-04,5.095751e-17,5.137119e-18,6.072453e-18,6.904439e-03
7.850000,1.021307855e-03,4.115941019e-03,5.390022063e-03,2.057969057e-03,2.765934689e-03,3.182371790e-01,3.450077468e+01,1.096112196e-04,4.700933e-16,6.351592e-18,3.520594e-17,6.899187e-03
7.860000,9.946843103e-04,4.134515660e-03,5.266716354e-03,2.067256357e-03,2.758851908e-03,3.161232446e-01,3.459495839e+01,1.089476522e-04,6.669812e-16,3.113058e-18,8.162974e-18,6.916488e-03
7.870000,9.693331948e-04,4.152781704e-03,5.146910075e-03,2.076389360e-03,2.751605408e-03,3.140233818e-01,3.468913441e+01,1.083071424e-04,2.263237e-16,9.653548e-17,8.675127e-18,6.905138e-03
7.880000,9.452467748e-04,4.170711539e-03,5.030396909e-03,2.085354258e-03,2.744165518e-03,3.119381474e-01,3.478329222e+01,1.076856207e-04,3.348292e-16,2.871693e-17,5.995447e-18,6.900798e-03
7.890000,9.224203009e-04,4.188279844e-03,4.916985075e-03,2.094138391e-03,2.736501719e-03,3.098682169e-01,3.487742123e+01,1.070792292e-04,2.221818e-16,3.536207e-17,9.183452e-18,6.925748e-03
7.900000,9.008522871e-04,4.205463236e-03,4.806500367e-03,2.102730069e-03,2.728582887e-03,3.078143841e-01,3.497151078e+01,1.064843294e-04,2.415957e-16,1.837871e-17,1.289923e-17,6.896488e-03
7.910000,8.805447215e-04,4.222239949e-03,4.698789063e-03,2.111118406e-03,2.720377522e-03,3.057775610e-01,3.506555015e+01,1.058975076e-04,3.703746e-16,2.909319e-17,1.866355e-17,6.899768e-03
7.920000,8.615031914e-04,4.238589533e-03,4.593720713e-03,2.119293180e-03,2.711853987e-03,3.037587765e-01,3.515952855e+01,1.053155800e-04,4.469086e-16,6.314533e-17,2.389682e-17,6.897757e-03
7.930000,8.437369092e-04,4.254492592e-03,4.491190756e-03,2.127244692e-03,2.702980721e-03,3.017591753e-01,3.525343516e+01,1.047355953e-04,2.220752e-16,2.379174e-17,7.810788e-18,6.897948e-03
7.940000,8.272586226e-04,4.269930543e-03,4.391122975e-03,2.134963650e-03,2.693726467e-03,2.997800164e-01,3.534725908e+01,1.041548370e-04,9.085614e-17,5.875641e-17,1.228164e-17,6.907868e-03
7.950000,8.120843964e-04,4.284885402e-03,4.293471762e-03,2.142441062e-03,2.684060464e-03,2.978226704e-01,3.544098939e+01,1.035708241e-04,2.263724e-16,7.025626e-17,5.740092e-17,6.944708e-03
7.960000,7.982332551e-04,4.299339601e-03,4.198224179e-03,2.149668145e-03,2.673952654e-03,2.958886179e-01,3.553461513e+01,1.029813106e-04,1.136476e-16,3.954260e-17,1.682804e-17,6.942358e-03
7.970000,7.857266810e-04,4.313275827e-03,4.105401782e-03,2.156636242e-03,2.663373860e-03,2.939794465e-01,3.562812527e+01,1.023842835e-04,4.485158e-16,2.958152e-17,1.889241e-17,6.926388e-03
7.980000,7.745879673e-04,4.326676888e-03,4.015062191e-03,2.163336757e-03,2.652295960e-03,2.920968477e-01,3.572150880e+01,1.017779605e-04,1.585199e-16,5.528931e-17,3.019810e-17,6.938638e-03
7.990000,7.648414332e-04,4.339525599e-03,3.927300342e-03,2.169761097e-03,2.640692048e-03,2.902426137e-01,3.581475465e+01,1.011607857e-04,2.291214e-16,2.063209e-17,4.714247e-18,6.925558e-03
