t,pos_err,ori_err_geodesic,e_xi_norm,e_z_O_norm,e_z_T_norm,qddot_ref_norm,tau_norm,V,c0,c1,c2,runtime
0.000000,4.971004415e-16,7.884953353e-08,0.000000000e+00,3.300040363e-18,5.242539844e-16,1.775974742e-03,4.683009577e+01,2.198825043e-30,7.790215e-16,0.000000e+00,0.000000e+00,7.048035e-03
0.010000,8.021001914e-05,1.407107176e-04,2.750402345e-02,7.035535327e-05,6.133853281e-05,2.131991704e-01,4.632896496e+01,3.783053512e-04,2.223938e-16,2.091051e-18,2.032879e-20,6.885616e-03
0.020000,2.968969068e-04,5.198085819e-04,5.236693469e-02,2.599042855e-04,2.261119866e-04,3.143836079e-01,4.567988981e+01,1.372097339e-03,4.463796e-16,5.692549e-18,2.235140e-19,6.869687e-03
0.030000,6.373871216e-04,1.115202785e-03,7.490976837e-02,5.576013635e-04,4.845292781e-04,4.320283004e-01,4.508917209e+01,2.810102202e-03,6.719832e-16,2.799409e-18,2.201358e-18,6.896446e-03
0.040000,1.090100176e-03,1.906737524e-03,9.533138756e-02,9.533686174e-04,8.275389350e-04,5.472519658e-01,4.455119468e+01,4.556786586e-03,2.242324e-16,8.964847e-18,4.470280e-19,6.909086e-03
0.050000,1.644455984e-03,2.876023427e-03,1.138138515e-01,1.438011217e-03,1.246778745e-03,6.556849194e-01,4.406085794e+01,6.505775068e-03,6.676597e-16,2.910735e-18,0.000000e+00,6.907286e-03
0.060000,2.290789284e-03,4.006283513e-03,1.305238106e-01,2.003140417e-03,1.734527131e-03,7.563840790e-01,4.361353263e+01,8.574401813e-03,1.422870e-16,2.288829e-17,2.637978e-18,6.891807e-03
0.070000,3.020271402e-03,5.282212488e-03,1.456138054e-01,2.641103174e-03,2.283657770e-03,8.493993956e-01,4.320501716e+01,1.069921432e-02,1.110259e-15,1.010911e-17,8.805431e-18,6.884997e-03
0.080000,3.824838729e-03,6.689848249e-03,1.592234602e-01,3.344917887e-03,2.887597276e-03,9.351072472e-01,4.283149888e+01,1.283226869e-02,4.569343e-16,1.399637e-17,6.952433e-18,6.879496e-03
0.090000,4.697127336e-03,8.216454551e-03,1.714805757e-01,4.108215719e-03,3.540285768e-03,1.013988086e+00,4.248951890e+01,1.493808239e-02,7.514096e-17,8.866741e-18,1.939480e-18,6.908687e-03
0.100000,5.630413197e-03,9.850413903e-03,1.825021306e-01,4.925187039e-03,4.236140146e-03,1.086542111e+00,4.217594008e+01,1.699113263e-02,3.612521e-16,6.041239e-18,6.938894e-18,6.897416e-03
0.110000,6.618557540e-03,1.158112977e-02,1.923951979e-01,5.790532526e-03,4.970019893e-03,1.153255133e+00,4.188791803e+01,1.897380700e-02,1.413801e-16,2.291686e-17,6.992894e-18,6.907257e-03
0.120000,7.655956862e-03,1.339893734e-02,2.012577838e-01,6.699418554e-03,5.737195248e-03,1.214584861e+00,4.162287455e+01,2.087472871e-02,2.554387e-16,2.288736e-17,8.673617e-19,6.912876e-03
0.130000,8.737497228e-03,1.529502201e-02,2.091795950e-01,7.647436461e-03,6.533317584e-03,1.270956148e+00,4.137847366e+01,2.268739166e-02,4.463067e-16,3.037165e-17,1.420594e-17,6.912367e-03
0.140000,9.858512472e-03,1.726134508e-02,2.162427410e-01,8.630565391e-03,7.354391848e-03,1.322760358e+00,4.115259963e+01,2.440905143e-02,8.911709e-16,1.025736e-17,5.222209e-18,6.944406e-03
0.150000,1.101474595e-02,1.929057586e-02,2.225223766e-01,9.645138378e-03,8.196750930e-03,1.370356628e+00,4.094333701e+01,2.603982741e-02,5.558570e-16,1.620911e-17,1.404617e-17,6.935216e-03
0.160000,1.220231555e-02,2.137602976e-02,2.280872895e-01,1.068781139e-02,9.057031811e-03,1.414073963e+00,4.074895246e+01,2.758197891e-02,1.178889e-16,3.003309e-17,1.072867e-17,6.937307e-03
0.170000,1.341768171e-02,2.351161178e-02,2.330004377e-01,1.175553512e-02,9.932153396e-03,1.454213638e+00,4.056787819e+01,2.903932419e-02,6.028862e-17,3.373633e-18,1.390487e-17,6.896576e-03
0.180000,1.465761808e-02,2.569176490e-02,2.373194417e-01,1.284552915e-02,1.081929589e-02,1.491051630e+00,4.039869685e+01,3.041677697e-02,1.123745e-16,1.861545e-17,1.044442e-17,6.917216e-03
0.190000,1.591918475e-02,2.791142307e-02,2.410970343e-01,1.395525853e-02,1.171588162e-02,1.524840953e+00,4.024012777e+01,3.171997896e-02,4.483233e-16,9.928380e-18,3.576224e-18,6.915537e-03
0.200000,1.719970367e-02,3.016596825e-02,2.443814722e-01,1.508241225e-02,1.261955722e-02,1.555813833e+00,4.009101447e+01,3.295501106e-02,1.412702e-17,1.216634e-17,3.878960e-18,6.889306e-03
0.210000,1.849673623e-02,3.245119122e-02,2.472169128e-01,1.622488367e-02,1.352817706e-02,1.584183689e+00,3.995031320e+01,3.412816839e-02,1.199089e-16,1.897159e-17,4.336809e-18,6.883287e-03
0.220000,1.980806265e-02,3.476325581e-02,2.496437588e-01,1.738075269e-02,1.443978780e-02,1.610146926e+00,3.981708257e+01,3.524578743e-02,4.745750e-16,5.539255e-18,1.551584e-17,6.893326e-03
0.230000,2.113166318e-02,3.709866631e-02,2.516989736e-01,1.854826944e-02,1.535261414e-02,1.633884544e+00,3.969047409e+01,3.631411514e-02,7.505785e-17,1.718618e-17,3.469447e-18,6.901697e-03
0.240000,2.246570083e-02,3.945423765e-02,2.534163705e-01,1.972583935e-02,1.626504545e-02,1.655563571e+00,3.956972351e+01,3.733921195e-02,2.347992e-16,3.837403e-17,6.992894e-18,6.910636e-03
0.250000,2.380850560e-02,4.182706828e-02,2.548268765e-01,2.091200966e-02,1.717562342e-02,1.675338340e+00,3.945414301e+01,3.832688199e-02,3.332883e-16,3.184959e-17,1.769078e-17,6.988876e-03
0.260000,2.515856001e-02,4.421451535e-02,2.559587746e-01,2.210545697e-02,1.808303057e-02,1.693351627e+00,3.934311404e+01,3.928262494e-02,3.724220e-16,9.510785e-18,3.878960e-18,6.898446e-03
0.270000,2.651448590e-02,4.661417208e-02,2.568379257e-01,2.330497595e-02,1.898607956e-02,1.709735655e+00,3.923608081e+01,4.021160501e-02,4.490509e-16,2.214661e-17,3.576224e-18,6.905076e-03
0.280000,2.787503223e-02,4.902384716e-02,2.574879710e-01,2.450946905e-02,1.988370325e-02,1.724612992e+00,3.913254438e+01,4.111863342e-02,2.365584e-16,3.627548e-17,3.576224e-18,6.883147e-03
0.290000,2.923906405e-02,5.144154586e-02,2.579305185e-01,2.571793706e-02,2.077494548e-02,1.738097348e+00,3.903205728e+01,4.200816135e-02,4.880279e-17,1.900403e-17,1.734723e-17,6.875097e-03
0.300000,3.060555232e-02,5.386545287e-02,2.581853131e-01,2.692947051e-02,2.165895254e-02,1.750294288e+00,3.893421864e+01,4.288428081e-02,9.953464e-17,6.995444e-18,4.336809e-18,6.867986e-03
0.310000,3.197356459e-02,5.629391662e-02,2.582703928e-01,2.814324188e-02,2.253496513e-02,1.761301862e+00,3.883866969e+01,4.375073164e-02,4.478046e-16,4.532809e-18,4.336809e-18,6.882816e-03
0.320000,3.334225648e-02,5.872543493e-02,2.582022318e-01,2.935849838e-02,2.340231105e-02,1.771211179e+00,3.874508978e+01,4.461091297e-02,6.726078e-16,2.902826e-17,1.902273e-17,6.862117e-03
0.330000,3.471086394e-02,6.115864199e-02,2.579958715e-01,3.057455546e-02,2.426039826e-02,1.780106917e+00,3.865319266e+01,4.546789778e-02,5.644912e-16,1.429185e-17,2.097868e-17,6.872896e-03
0.340000,3.607869602e-02,6.359229639e-02,2.576650408e-01,3.179079084e-02,2.510870857e-02,1.788067784e+00,3.856272317e+01,4.632444964e-02,2.985110e-16,1.627444e-17,1.097135e-17,6.856857e-03
0.350000,3.744512845e-02,6.602527027e-02,2.572222662e-01,3.300663908e-02,2.594679165e-02,1.795166937e+00,3.847345422e+01,4.718304089e-02,4.503474e-16,9.470812e-18,1.647987e-17,6.869186e-03
0.360000,3.880959759e-02,6.845653940e-02,2.566789732e-01,3.422158660e-02,2.677425961e-02,1.801472363e+00,3.838518402e+01,4.804587138e-02,3.474731e-16,7.498057e-17,2.194271e-17,6.856786e-03
0.370000,4.017159500e-02,7.088517406e-02,2.560455785e-01,3.543516714e-02,2.759078183e-02,1.807047229e+00,3.829773361e+01,4.891488764e-02,3.348933e-16,2.309151e-17,1.040834e-17,6.866646e-03
0.380000,4.153066247e-02,7.331033084e-02,2.553315753e-01,3.664695765e-02,2.839608027e-02,1.811950196e+00,3.821094457e+01,4.979180170e-02,4.713224e-16,3.782296e-18,6.992894e-18,6.882276e-03
0.390000,4.288638741e-02,7.573124503e-02,2.545456110e-01,3.785657451e-02,2.918992505e-02,1.816235722e+00,3.812467702e+01,5.067810970e-02,4.486374e-16,4.466360e-17,3.878960e-18,6.830036e-03
0.400000,4.423839873e-02,7.814722377e-02,2.536955591e-01,3.906367006e-02,2.997213041e-02,1.819954326e+00,3.803880773e+01,5.157510970e-02,2.364391e-16,1.548040e-17,6.254634e-18,6.850966e-03
0.410000,4.558636300e-02,8.055763974e-02,2.527885842e-01,4.026792947e-02,3.074255090e-02,1.823152848e+00,3.795322844e+01,5.248391879e-02,2.482551e-16,4.037032e-17,9.220182e-18,6.875016e-03
0.420000,4.692998099e-02,8.296192542e-02,2.518312027e-01,4.146906789e-02,3.150107789e-02,1.825874682e+00,3.786784435e+01,5.340548933e-02,2.336956e-16,9.524110e-18,3.469447e-18,6.909716e-03
0.430000,4.826898447e-02,8.535956784e-02,2.508293378e-01,4.266682778e-02,3.224763633e-02,1.828159996e+00,3.778257273e+01,5.434062428e-02,6.717578e-16,8.953822e-17,1.769078e-17,6.885216e-03
0.440000,4.960313338e-02,8.775010384e-02,2.497883698e-01,4.386097655e-02,3.298218174e-02,1.830045942e+00,3.769734169e+01,5.528999144e-02,4.458660e-16,1.600254e-17,2.434800e-17,6.867296e-03
0.450000,5.093221311e-02,9.013311563e-02,2.487131829e-01,4.505130437e-02,3.370469740e-02,1.831566853e+00,3.761208906e+01,5.625413690e-02,1.735165e-16,8.957677e-18,7.152448e-18,6.866416e-03
0.460000,5.225603215e-02,9.250822687e-02,2.476082078e-01,4.623762219e-02,3.441519183e-02,1.832754418e+00,3.752676134e+01,5.723349735e-02,5.574260e-16,3.688754e-17,2.602085e-18,6.884466e-03
0.470000,5.357441988e-02,9.487509900e-02,2.464774603e-01,4.741975988e-02,3.511369634e-02,1.833637865e+00,3.744131282e+01,5.822841160e-02,5.591922e-16,4.157934e-17,1.788112e-17,6.870456e-03
0.480000,5.488722458e-02,9.723342793e-02,2.453245777e-01,4.859756461e-02,3.580026283e-02,1.834244120e+00,3.735570472e+01,5.923913106e-02,6.083978e-17,1.146749e-17,2.223223e-17,6.878676e-03
0.490000,5.619431159e-02,9.958294099e-02,2.441528513e-01,4.977089929e-02,3.647496180e-02,1.834597961e+00,3.726990446e+01,6.026582944e-02,1.339606e-16,3.921794e-17,9.341772e-18,6.869536e-03
0.500000,5.749556172e-02,1.019233942e-01,2.429652565e-01,5.093964123e-02,3.713788040e-02,1.834722166e+00,3.718388498e+01,6.130861160e-02,2.276576e-16,2.699663e-17,1.534520e-17,6.888267e-03
0.510000,5.879086968e-02,1.042545696e-01,2.417644803e-01,5.210368084e-02,3.778912072e-02,1.834637652e+00,3.709762415e+01,6.236752159e-02,4.538738e-16,7.488259e-17,3.291406e-17,6.888607e-03
0.520000,6.008014275e-02,1.065762733e-01,2.405529471e-01,5.326292050e-02,3.842879815e-02,1.834363605e+00,3.701110418e+01,6.344255001e-02,7.823739e-16,2.711352e-17,1.474515e-17,6.903826e-03
0.530000,6.136329957e-02,1.088883329e-01,2.393328413e-01,5.441727349e-02,3.905703994e-02,1.833917601e+00,3.692431119e+01,6.453364064e-02,3.342636e-16,2.192563e-17,3.469447e-18,6.877176e-03
0.540000,6.264026895e-02,1.111905958e-01,2.381061288e-01,5.556666301e-02,3.967398378e-02,1.833315728e+00,3.683723470e+01,6.564069649e-02,4.479954e-16,5.960216e-17,2.097868e-17,6.887716e-03
0.550000,6.391098892e-02,1.134829277e-01,2.368745763e-01,5.671102134e-02,4.027977655e-02,1.832572693e+00,3.674986729e+01,6.676358518e-02,3.333113e-16,3.341139e-17,2.081668e-17,6.908376e-03
0.560000,6.517540579e-02,1.157652104e-01,2.356397696e-01,5.785028902e-02,4.087457319e-02,1.831701924e+00,3.666220421e+01,6.790214389e-02,1.150328e-16,5.464294e-17,1.097135e-17,6.897896e-03
0.570000,6.643347329e-02,1.180373410e-01,2.344031290e-01,5.898441411e-02,4.145853556e-02,1.830715672e+00,3.657424307e+01,6.905618369e-02,4.652683e-16,5.086099e-17,2.168404e-17,6.905436e-03
0.580000,6.768515184e-02,1.202992299e-01,2.331659253e-01,6.011335152e-02,4.203183152e-02,1.829625102e+00,3.648598357e+01,7.022549351e-02,5.734947e-16,2.945201e-17,2.110382e-17,6.892837e-03
0.590000,6.893040789e-02,1.225508002e-01,2.319292926e-01,6.123706242e-02,4.259463400e-02,1.828440374e+00,3.639742719e+01,7.140984365e-02,2.222060e-16,3.782747e-17,2.081668e-17,6.882286e-03
0.600000,7.016921328e-02,1.247919861e-01,2.306942410e-01,6.235551365e-02,4.314712015e-02,1.827170733e+00,3.630857703e+01,7.260898889e-02,4.456501e-16,5.746581e-17,2.809235e-17,6.928156e-03
0.610000,7.140154467e-02,1.270227324e-01,2.294616685e-01,6.346867723e-02,4.368947059e-02,1.825824575e+00,3.621943755e+01,7.382267129e-02,6.661491e-16,4.068262e-17,3.486751e-17,6.895736e-03
0.620000,7.262738310e-02,1.292429928e-01,2.282323707e-01,6.457652990e-02,4.422186874e-02,1.824409526e+00,3.613001443e+01,7.505062264e-02,1.344620e-16,1.636447e-17,1.736891e-17,6.897916e-03
0.630000,7.384671348e-02,1.314527299e-01,2.270070511e-01,6.567905269e-02,4.474450014e-02,1.822932501e+00,3.604031436e+01,7.629256665e-02,7.010696e-17,8.770653e-18,1.811104e-17,6.933586e-03
0.640000,7.505952422e-02,1.336519139e-01,2.257863290e-01,6.677623051e-02,4.525755188e-02,1.821399770e+00,3.595034493e+01,7.754822088e-02,6.666558e-16,3.897043e-17,1.734723e-17,6.893157e-03
0.650000,7.626580689e-02,1.358405220e-01,2.245707481e-01,6.786805184e-02,4.576121208e-02,1.819817013e+00,3.586011448e+01,7.881729840e-02,7.845947e-16,3.402462e-17,4.004920e-17,6.884186e-03
0.660000,7.746555582e-02,1.380185378e-01,2.233607837e-01,6.895450837e-02,4.625566939e-02,1.818189373e+00,3.576963202e+01,8.009950925e-02,3.336667e-17,2.347698e-17,9.220182e-18,6.915956e-03
0.670000,7.865876791e-02,1.401859508e-01,2.221568488e-01,7.003559472e-02,4.674111254e-02,1.816521505e+00,3.567890706e+01,8.139456178e-02,1.823891e-16,1.401192e-17,3.878960e-18,6.878656e-03
0.680000,7.984544230e-02,1.423427556e-01,2.209593009e-01,7.111130816e-02,4.721772998e-02,1.814817622e+00,3.558794961e+01,8.270216370e-02,3.352603e-16,1.595362e-17,1.357636e-17,6.901996e-03
0.690000,8.102558016e-02,1.444889517e-01,2.197684467e-01,7.218164839e-02,4.768570947e-02,1.813081534e+00,3.549676999e+01,8.402202309e-02,4.524811e-16,1.709055e-17,1.925856e-17,6.908866e-03
0.700000,8.219918447e-02,1.466245428e-01,2.185845478e-01,7.324661728e-02,4.814523778e-02,1.811316689e+00,3.540537889e+01,8.535384918e-02,4.484591e-16,1.761829e-17,1.868354e-17,6.887317e-03
0.710000,8.336625989e-02,1.487495368e-01,2.174078250e-01,7.430621869e-02,4.859650038e-02,1.809526208e+00,3.531378717e+01,8.669735307e-02,3.522206e-16,2.990905e-18,1.390487e-17,6.904286e-03
0.720000,8.452681251e-02,1.508639447e-01,2.162384623e-01,7.536045828e-02,4.903968119e-02,1.807712916e+00,3.522200592e+01,8.805224831e-02,6.458158e-17,4.186484e-17,4.670886e-18,6.896877e-03
0.730000,8.568084979e-02,1.529677812e-01,2.150766109e-01,7.640934333e-02,4.947496233e-02,1.805879370e+00,3.513004636e+01,8.941825144e-02,4.514378e-16,1.854596e-17,8.182674e-18,6.923156e-03
0.740000,8.682838036e-02,1.550610634e-01,2.139223925e-01,7.745288260e-02,4.990252391e-02,1.804027892e+00,3.503791977e+01,9.079508232e-02,1.120534e-16,3.288695e-17,4.906539e-18,6.981916e-03
0.750000,8.796941398e-02,1.571438115e-01,2.127759025e-01,7.849108616e-02,5.032254384e-02,1.802160585e+00,3.494563752e+01,9.218246455e-02,4.441149e-16,2.737433e-17,7.996680e-18,6.966026e-03
0.760000,8.910396137e-02,1.592160476e-01,2.116372129e-01,7.952396530e-02,5.073519768e-02,1.800279363e+00,3.485321099e+01,9.358012567e-02,2.250742e-16,1.936568e-17,2.776912e-17,6.917526e-03
0.770000,9.023203416e-02,1.612777963e-01,2.105063746e-01,8.055153238e-02,5.114065847e-02,1.798385966e+00,3.476065157e+01,9.498779741e-02,4.442753e-16,4.345541e-17,8.673617e-18,6.889676e-03
0.780000,9.135364481e-02,1.633290838e-01,2.093834201e-01,8.157380072e-02,5.153909659e-02,1.796481981e+00,3.466797060e+01,9.640521584e-02,4.505647e-16,3.392622e-17,2.453269e-17,6.911226e-03
0.790000,9.246880654e-02,1.653699383e-01,2.082683652e-01,8.259078454e-02,5.193067970e-02,1.794568859e+00,3.457517938e+01,9.783212147e-02,4.502355e-16,2.235140e-17,1.534520e-17,6.891226e-03
0.800000,9.357753324e-02,1.674003893e-01,2.071612113e-01,8.360249884e-02,5.231557262e-02,1.792647925e+00,3.448228915e+01,9.926825934e-02,4.472543e-16,1.130122e-17,2.453269e-17,6.903707e-03
0.810000,9.467983949e-02,1.694204678e-01,2.060619468e-01,8.460895931e-02,5.269393720e-02,1.790720399e+00,3.438931108e+01,1.007133791e-01,2.413291e-16,2.891143e-17,7.410742e-18,6.933256e-03
0.820000,9.577574044e-02,1.714302060e-01,2.049705489e-01,8.561018228e-02,5.306593235e-02,1.788787403e+00,3.429625622e+01,1.021672348e-01,1.558360e-16,3.506372e-17,7.996680e-18,6.834866e-03
0.830000,9.686525180e-02,1.734296371e-01,2.038869849e-01,8.660618465e-02,5.343171389e-02,1.786849971e+00,3.420313554e+01,1.036295854e-01,4.497554e-16,3.070150e-17,1.977889e-17,6.822796e-03
0.840000,9.794838983e-02,1.754187954e-01,2.028112134e-01,8.759698379e-02,5.379143456e-02,1.784909063e+00,3.410995987e+01,1.051001942e-01,4.649597e-16,1.794387e-17,3.576224e-18,6.843186e-03
0.850000,9.902517127e-02,1.773977160e-01,2.017431856e-01,8.858259757e-02,5.414524399e-02,1.782965570e+00,3.401673995e+01,1.065788288e-01,3.333653e-16,3.282363e-17,3.127317e-17,6.837166e-03
0.860000,1.000956133e-01,1.793664348e-01,2.006828463e-01,8.956304419e-02,5.449328864e-02,1.781020323e+00,3.392348638e+01,1.080652615e-01,3.344259e-16,2.313984e-17,5.204170e-18,6.867877e-03
0.870000,1.011597337e-01,1.813249882e-01,1.996301347e-01,9.053834225e-02,5.483571180e-02,1.779074099e+00,3.383020963e+01,1.095592690e-01,2.360183e-16,2.615513e-17,1.241873e-17,6.831395e-03
0.880000,1.022175504e-01,1.832734135e-01,1.985849853e-01,9.150851063e-02,5.517265360e-02,1.777127628e+00,3.373692004e+01,1.110606320e-01,3.472387e-16,5.316008e-17,2.088884e-17,6.839356e-03
0.890000,1.032690820e-01,1.852117481e-01,1.975473287e-01,9.247356847e-02,5.550425098e-02,1.775181599e+00,3.364362780e+01,1.125691355e-01,1.140573e-16,1.262816e-17,1.939480e-18,6.810026e-03
0.900000,1.043143475e-01,1.871400302e-01,1.965170922e-01,9.343353518e-02,5.583063771e-02,1.773236660e+00,3.355034298e+01,1.140845686e-01,6.674503e-16,1.950487e-17,1.289426e-17,6.853356e-03
0.910000,1.053533661e-01,1.890582981e-01,1.954942004e-01,9.438843032e-02,5.615194441e-02,1.771293430e+00,3.345707549e+01,1.156067243e-01,6.668575e-16,3.777558e-17,1.357636e-17,6.840156e-03
0.920000,1.063861575e-01,1.909665907e-01,1.944785758e-01,9.533827367e-02,5.646829856e-02,1.769352494e+00,3.336383513e+01,1.171353996e-01,1.119376e-16,4.104088e-17,9.540979e-18,6.801696e-03
0.930000,1.074127417e-01,1.928649470e-01,1.934701392e-01,9.628308513e-02,5.677982450e-02,1.767414412e+00,3.327063152e+01,1.186703950e-01,3.825498e-17,3.420808e-17,2.453269e-18,6.800816e-03
0.940000,1.084331393e-01,1.947534061e-01,1.924688099e-01,9.722288474e-02,5.708664350e-02,1.765479721e+00,3.317747416e+01,1.202115149e-01,4.550844e-16,6.984694e-18,1.289426e-17,6.832226e-03
0.950000,1.094473709e-01,1.966320075e-01,1.914745068e-01,9.815769262e-02,5.738887373e-02,1.763548935e+00,3.308437243e+01,1.217585670e-01,5.576374e-16,2.878148e-17,1.204977e-17,6.856616e-03
0.960000,1.104554577e-01,1.985007908e-01,1.904871477e-01,9.908752899e-02,5.768663037e-02,1.761622547e+00,3.299133554e+01,1.233113625e-01,6.670312e-16,2.933223e-17,9.697399e-18,6.845366e-03
0.970000,1.114574212e-01,2.003597957e-01,1.895066504e-01,1.000124141e-01,5.798002557e-02,1.759701036e+00,3.289837256e+01,1.248697161e-01,4.642750e-16,4.996796e-17,3.065360e-17,6.833096e-03
0.980000,1.124532832e-01,2.022090619e-01,1.885329328e-01,1.009323684e-01,5.826916855e-02,1.757784860e+00,3.280549246e+01,1.264334453e-01,7.786381e-16,7.102972e-18,1.645703e-17,6.857856e-03
0.990000,1.134430658e-01,2.040486291e-01,1.875659127e-01,1.018474121e-01,5.855416558e-02,1.755874464e+00,3.271270404e+01,1.280023711e-01,2.714715e-16,1.967431e-17,2.270103e-17,6.928746e-03
1.000000,1.144267916e-01,2.058785374e-01,1.866055084e-01,1.027575658e-01,5.883512010e-02,1.753970280e+00,3.262001599e+01,1.295763173e-01,4.447819e-16,2.749367e-17,1.055191e-17,6.904446e-03
1.010000,1.154044834e-01,2.076988264e-01,1.856516388e-01,1.036628497e-01,5.911213268e-02,1.752072725e+00,3.252743684e+01,1.311551106e-01,2.260893e-16,3.588365e-17,3.133326e-17,6.846886e-03
1.020000,1.163761643e-01,2.095095361e-01,1.847042235e-01,1.045632843e-01,5.938530116e-02,1.750182205e+00,3.243497502e+01,1.327385805e-01,3.557216e-16,1.493683e-17,6.774312e-18,6.853286e-03
1.030000,1.173418579e-01,2.113107062e-01,1.837631828e-01,1.054588901e-01,5.965472061e-02,1.748299114e+00,3.234263883e+01,1.343265592e-01,2.454320e-16,1.297605e-17,7.410742e-18,6.817606e-03
1.040000,1.183015878e-01,2.131023765e-01,1.828284382e-01,1.063496873e-01,5.992048342e-02,1.746423834e+00,3.225043641e+01,1.359188815e-01,2.224938e-16,2.564591e-17,2.083474e-17,6.872127e-03
1.050000,1.192553783e-01,2.148845868e-01,1.818999119e-01,1.072356964e-01,6.018267939e-02,1.744556738e+00,3.215837582e+01,1.375153849e-01,4.445701e-16,2.806074e-17,1.398579e-17,6.864165e-03
1.060000,1.202032538e-01,2.166573765e-01,1.809775274e-01,1.081169378e-01,6.044139569e-02,1.742698187e+00,3.206646497e+01,1.391159091e-01,3.408581e-16,3.030825e-17,6.133174e-18,6.822546e-03
1.070000,1.211452390e-01,2.184207854e-01,1.800612092e-01,1.089934317e-01,6.069671699e-02,1.740848535e+00,3.197471166e+01,1.407202964e-01,2.432482e-16,4.550964e-17,1.710705e-17,6.809226e-03
1.080000,1.220813590e-01,2.201748528e-01,1.791508830e-01,1.098651984e-01,6.094872548e-02,1.739008123e+00,3.188312357e+01,1.423283911e-01,7.993784e-17,2.879511e-17,1.477064e-17,6.808485e-03
1.090000,1.230116392e-01,2.219196181e-01,1.782464760e-01,1.107322582e-01,6.119750093e-02,1.737177286e+00,3.179170826e+01,1.439400401e-01,3.416586e-16,3.843156e-17,2.742839e-18,6.823957e-03
1.100000,1.239361052e-01,2.236551207e-01,1.773479163e-01,1.115946312e-01,6.144312074e-02,1.735356349e+00,3.170047317e+01,1.455550922e-01,2.153718e-17,2.512731e-17,3.227938e-17,6.854076e-03
1.110000,1.248547830e-01,2.253813995e-01,1.764551334e-01,1.124523376e-01,6.168566000e-02,1.733545627e+00,3.160942563e+01,1.471733982e-01,1.584880e-16,2.583611e-17,2.453269e-17,6.831616e-03
1.120000,1.257676989e-01,2.270984937e-01,1.755680581e-01,1.133053975e-01,6.192519151e-02,1.731745427e+00,3.151857287e+01,1.487948112e-01,2.255845e-16,2.444918e-17,9.889445e-18,6.834626e-03
1.130000,1.266748793e-01,2.288064422e-01,1.746866226e-01,1.141538310e-01,6.216178590e-02,1.729956049e+00,3.142792198e+01,1.504191860e-01,5.639071e-16,5.356134e-17,2.516844e-17,6.895185e-03
1.140000,1.275763511e-01,2.305052838e-01,1.738107601e-01,1.149976579e-01,6.239551160e-02,1.728177783e+00,3.133747997e+01,1.520463796e-01,1.769796e-16,1.004102e-17,1.163688e-17,6.870257e-03
1.150000,1.284721415e-01,2.321950571e-01,1.729404054e-01,1.158368982e-01,6.262643497e-02,1.726410912e+00,3.124725373e+01,1.536762507e-01,3.991429e-17,1.282295e-17,3.046897e-17,6.814606e-03
1.160000,1.293622779e-01,2.338758008e-01,1.720754945e-01,1.166715719e-01,6.285462030e-02,1.724655710e+00,3.115725004e+01,1.553086597e-01,5.631959e-16,2.986598e-17,6.992894e-18,6.844666e-03
1.170000,1.302467878e-01,2.355475531e-01,1.712159644e-01,1.175016986e-01,6.308012987e-02,1.722912445e+00,3.106747557e+01,1.569434689e-01,2.371715e-16,3.606223e-17,3.576224e-18,6.844436e-03
1.180000,1.311256992e-01,2.372103524e-01,1.703617536e-01,1.183272982e-01,6.330302403e-02,1.721181375e+00,3.097793689e+01,1.585805423e-01,7.814112e-17,3.540431e-17,1.563659e-17,6.891877e-03
1.190000,1.319990402e-01,2.388642369e-01,1.695128017e-01,1.191483903e-01,6.352336120e-02,1.719462753e+00,3.088864047e+01,1.602197457e-01,1.310991e-16,2.453293e-17,3.127317e-18,6.909916e-03
1.200000,1.328668394e-01,2.405092446e-01,1.686690497e-01,1.199649946e-01,6.374119798e-02,1.717756822e+00,3.079959268e+01,1.618609462e-01,4.599122e-16,1.124438e-17,7.410742e-18,6.881116e-03
1.210000,1.337291253e-01,2.421454134e-01,1.678304395e-01,1.207771307e-01,6.395658915e-02,1.716063821e+00,3.071079977e+01,1.635040129e-01,4.441591e-16,2.561311e-17,1.966445e-17,6.881015e-03
1.220000,1.345859269e-01,2.437727810e-01,1.669969142e-01,1.215848179e-01,6.416958773e-02,1.714383979e+00,3.062226790e+01,1.651488162e-01,2.500305e-16,3.525125e-17,1.823524e-17,6.882556e-03
1.230000,1.354372734e-01,2.453913851e-01,1.661684183e-01,1.223880759e-01,6.438024505e-02,1.712717520e+00,3.053400314e+01,1.667952282e-01,6.828374e-16,3.656977e-17,1.250927e-17,6.867166e-03
1.240000,1.362831940e-01,2.470012631e-01,1.653448969e-01,1.231869239e-01,6.458861077e-02,1.711064661e+00,3.044601144e+01,1.684431224e-01,6.681637e-16,2.246602e-17,9.813078e-18,6.885755e-03
1.250000,1.371237185e-01,2.486024526e-01,1.645262965e-01,1.239813814e-01,6.479473296e-02,1.709425612e+00,3.035829866e+01,1.700923739e-01,4.479416e-16,5.383421e-17,1.534520e-17,6.947476e-03
1.260000,1.379588766e-01,2.501949908e-01,1.637125647e-01,1.247714675e-01,6.499865808e-02,1.707800578e+00,3.027087056e+01,1.717428591e-01,4.576105e-17,3.296617e-17,2.671981e-17,6.882387e-03
1.270000,1.387886984e-01,2.517789147e-01,1.629036498e-01,1.255572014e-01,6.520043111e-02,1.706189756e+00,3.018373280e+01,1.733944560e-01,2.437983e-16,3.792802e-17,1.226635e-18,6.871525e-03
1.280000,1.396132140e-01,2.533542614e-01,1.620995012e-01,1.263386024e-01,6.540009553e-02,1.704593339e+00,3.009689096e+01,1.750470438e-01,1.182797e-16,1.067815e-17,1.163688e-17,6.876256e-03
1.290000,1.404324539e-01,2.549210678e-01,1.613000694e-01,1.271156895e-01,6.559769339e-02,1.703011514e+00,3.001035049e+01,1.767005034e-01,3.462483e-16,1.022834e-17,1.303931e-17,6.885816e-03
1.300000,1.412464487e-01,2.564793707e-01,1.605053055e-01,1.278884818e-01,6.579326535e-02,1.701444461e+00,2.992411677e+01,1.783547168e-01,2.605801e-16,2.861657e-17,1.754131e-17,6.880506e-03
1.310000,1.420552292e-01,2.580292068e-01,1.597151617e-01,1.286569981e-01,6.598685071e-02,1.699892357e+00,2.983819507e+01,1.800095675e-01,2.253288e-16,3.037702e-17,1.910166e-17,6.860196e-03
1.320000,1.428588263e-01,2.595706126e-01,1.589295910e-01,1.294212575e-01,6.617848746e-02,1.698355373e+00,2.975259057e+01,1.816649403e-01,7.820014e-16,4.263548e-17,9.813078e-18,6.892616e-03
1.330000,1.436572712e-01,2.611036245e-01,1.581485472e-01,1.301812789e-01,6.636821234e-02,1.696833673e+00,2.966730834e+01,1.833207213e-01,2.348510e-16,4.431191e-17,2.348293e-17,6.869426e-03
1.340000,1.444505950e-01,2.626282789e-01,1.573719848e-01,1.309370809e-01,6.655606083e-02,1.695327421e+00,2.958235338e+01,1.849767979e-01,6.664113e-16,4.594766e-18,1.217400e-17,6.861136e-03
1.350000,1.452388293e-01,2.641446120e-01,1.565998591e-01,1.316886825e-01,6.674206722e-02,1.693836772e+00,2.949773058e+01,1.866330589e-01,2.501887e-16,2.116723e-17,1.837907e-17,6.927035e-03
1.360000,1.460220057e-01,2.656526599e-01,1.558321262e-01,1.324361022e-01,6.692626466e-02,1.692361880e+00,2.941344472e+01,1.882893943e-01,2.387902e-16,1.840463e-17,6.133174e-18,6.928726e-03
1.370000,1.468001557e-01,2.671524587e-01,1.550687429e-01,1.331793588e-01,6.710868517e-02,1.690902893e+00,2.932950051e+01,1.899456955e-01,9.005199e-16,4.587188e-17,1.474515e-17,6.933496e-03
1.380000,1.475733113e-01,2.686440442e-01,1.543096665e-01,1.339184709e-01,6.728935967e-02,1.689459956e+00,2.924590255e+01,1.916018548e-01,8.899726e-16,4.482884e-17,1.166916e-17,6.890227e-03
1.390000,1.483415045e-01,2.701274523e-01,1.535548551e-01,1.346534571e-01,6.746831805e-02,1.688033210e+00,2.916265535e+01,1.932577663e-01,6.889635e-16,7.142482e-17,2.250549e-17,6.927326e-03
1.400000,1.491047672e-01,2.716027188e-01,1.528042673e-01,1.353843358e-01,6.764558918e-02,1.686622793e+00,2.907976332e+01,1.949133250e-01,5.716738e-17,5.057963e-17,2.218565e-17,6.941456e-03
1.410000,1.498631317e-01,2.730698792e-01,1.520578625e-01,1.361111255e-01,6.782120094e-02,1.685228839e+00,2.899723079e+01,1.965684271e-01,2.336943e-16,1.147617e-17,3.817377e-17,6.877506e-03
1.420000,1.506166302e-01,2.745289690e-01,1.513156004e-01,1.368338447e-01,6.799518025e-02,1.683851480e+00,2.891506197e+01,1.982229703e-01,2.275984e-16,1.851289e-17,1.044442e-17,6.952246e-03
1.430000,1.513652952e-01,2.759800239e-01,1.505774413e-01,1.375525118e-01,6.816755313e-02,1.682490844e+00,2.883326099e+01,1.998768533e-01,2.351354e-16,1.734859e-17,4.336809e-18,6.897086e-03
1.440000,1.521091590e-01,2.774230790e-01,1.498433463e-01,1.382671450e-01,6.833834470e-02,1.681147057e+00,2.875183190e+01,2.015299761e-01,1.185740e-16,2.587589e-17,1.999170e-17,6.864976e-03
1.450000,1.528482541e-01,2.788581697e-01,1.491132766e-01,1.389777626e-01,6.850757922e-02,1.679820242e+00,2.867077863e+01,2.031822400e-01,5.243337e-17,2.971980e-17,2.255141e-17,6.925156e-03
1.460000,1.535826133e-01,2.802853312e-01,1.483871941e-01,1.396843830e-01,6.867528011e-02,1.678510520e+00,2.859010502e+01,2.048335473e-01,4.441265e-16,3.660431e-17,1.398579e-17,6.901175e-03
1.470000,1.543122690e-01,2.817045987e-01,1.476650610e-01,1.403870243e-01,6.884147002e-02,1.677218008e+00,2.850981483e+01,2.064838018e-01,1.908006e-16,2.135300e-17,2.863608e-17,6.928766e-03
1.480000,1.550372542e-01,2.831160071e-01,1.469468402e-01,1.410857047e-01,6.900617077e-02,1.675942822e+00,2.842991171e+01,2.081329083e-01,4.499219e-16,7.573538e-17,7.672598e-18,6.917757e-03
1.490000,1.557576014e-01,2.845195914e-01,1.462324947e-01,1.417804423e-01,6.916940350e-02,1.674685078e+00,2.835039923e+01,2.097807728e-01,1.646402e-16,1.592264e-17,5.818439e-18,6.890305e-03
1.500000,1.564733435e-01,2.859153865e-01,1.455219882e-01,1.424712552e-01,6.933118856e-02,1.673444886e+00,2.827128085e+01,2.114273026e-01,6.682617e-16,2.456717e-17,1.157205e-17,6.895446e-03
1.510000,1.571845133e-01,2.873034273e-01,1.448152844e-01,1.431581615e-01,6.949154566e-02,1.672222356e+00,2.819255995e+01,2.130724062e-01,1.435903e-17,2.929915e-17,2.088884e-17,6.870636e-03
1.520000,1.578911438e-01,2.886837484e-01,1.441123477e-01,1.438411791e-01,6.965049380e-02,1.671017597e+00,2.811423981e+01,2.147159931e-01,6.940283e-17,2.588406e-17,2.453269e-18,6.870726e-03
1.530000,1.585932677e-01,2.900563846e-01,1.434131426e-01,1.445203261e-01,6.980805135e-02,1.669830715e+00,2.803632362e+01,2.163579742e-01,9.032393e-17,4.861532e-17,5.204170e-18,6.871956e-03
1.540000,1.592909180e-01,2.914213704e-01,1.427176342e-01,1.451956204e-01,6.996423606e-02,1.668661814e+00,2.795881446e+01,2.179982615e-01,5.607207e-16,1.312736e-17,6.788179e-18,6.895096e-03
1.550000,1.599841275e-01,2.927787404e-01,1.420257877e-01,1.458670798e-01,7.011906505e-02,1.667510999e+00,2.788171535e+01,2.196367682e-01,4.633969e-16,3.127317e-17,4.422694e-18,6.876856e-03
1.560000,1.606729292e-01,2.941285290e-01,1.413375687e-01,1.465347223e-01,7.027255489e-02,1.666378369e+00,2.780502917e+01,2.212734087e-01,2.229316e-16,4.224328e-17,7.806256e-18,6.889076e-03
1.570000,1.613573560e-01,2.954707707e-01,1.406529430e-01,1.471985657e-01,7.042472159e-02,1.665264026e+00,2.772875876e+01,2.229080985e-01,5.578867e-16,3.647047e-17,1.055191e-17,6.883896e-03
1.580000,1.620374406e-01,2.968054999e-01,1.399718766e-01,1.478586279e-01,7.057558060e-02,1.664168067e+00,2.765290683e+01,2.245407544e-01,2.270172e-16,5.059078e-17,7.996680e-18,6.835605e-03
1.590000,1.627132161e-01,2.981327507e-01,1.392943361e-01,1.485149264e-01,7.072514687e-02,1.663090589e+00,2.757747600e+01,2.261712942e-01,3.376860e-16,1.162273e-17,1.563659e-17,6.863956e-03
1.600000,1.633847151e-01,2.994525574e-01,1.386202881e-01,1.491674792e-01,7.087343484e-02,1.662031688e+00,2.750246881e+01,2.277996370e-01,2.253848e-16,3.702578e-17,3.184824e-17,6.833336e-03
1.610000,1.640519706e-01,3.007649542e-01,1.379496994e-01,1.498163038e-01,7.102045849e-02,1.660991457e+00,2.742788771e+01,2.294257032e-01,2.262904e-16,2.676552e-17,9.697399e-18,6.848345e-03
1.620000,1.647150152e-01,3.020699752e-01,1.372825371e-01,1.504614181e-01,7.116623132e-02,1.659969988e+00,2.735373504e+01,2.310494139e-01,2.329330e-16,1.542008e-17,8.182674e-18,6.849176e-03
1.630000,1.653738817e-01,3.033676544e-01,1.366187686e-01,1.511028395e-01,7.131076639e-02,1.658967372e+00,2.728001308e+01,2.326706920e-01,2.807246e-17,2.910835e-17,1.557029e-17,6.864506e-03
1.640000,1.660286027e-01,3.046580258e-01,1.359583615e-01,1.517405857e-01,7.145407635e-02,1.657983696e+00,2.720672398e+01,2.342894610e-01,7.634756e-17,1.179740e-17,6.774312e-18,6.872416e-03
1.650000,1.666792108e-01,3.059411234e-01,1.353012835e-01,1.523746743e-01,7.159617342e-02,1.657019049e+00,2.713386984e+01,2.359056460e-01,1.243697e-16,4.888105e-17,3.176546e-17,6.857346e-03
1.660000,1.673257386e-01,3.072169809e-01,1.346475026e-01,1.530051228e-01,7.173706944e-02,1.656073515e+00,2.706145263e+01,2.375191729e-01,1.119905e-16,4.188614e-17,6.562782e-18,6.889585e-03
1.670000,1.679682186e-01,3.084856323e-01,1.339969869e-01,1.536319487e-01,7.187677586e-02,1.655147177e+00,2.698947426e+01,2.391299689e-01,2.244134e-16,3.500815e-17,2.040145e-17,6.852536e-03
1.680000,1.686066831e-01,3.097471113e-01,1.333497049e-01,1.542551696e-01,7.201530379e-02,1.654240117e+00,2.691793655e+01,2.407379625e-01,6.923708e-16,1.273465e-17,6.254634e-18,6.863345e-03
1.690000,1.692411644e-01,3.110014515e-01,1.327056250e-01,1.548748028e-01,7.215266398e-02,1.653352414e+00,2.684684121e+01,2.423430830e-01,7.796132e-17,3.314185e-17,1.925856e-17,6.853266e-03
1.700000,1.698716948e-01,3.122486868e-01,1.320647161e-01,1.554908657e-01,7.228886685e-02,1.652484144e+00,2.677618988e+01,2.439452613e-01,1.076300e-16,2.428710e-17,9.745765e-18,6.859895e-03
1.710000,1.704983064e-01,3.134888506e-01,1.314269469e-01,1.561033758e-01,7.242392249e-02,1.651635383e+00,2.670598411e+01,2.455444291e-01,3.388802e-16,3.089272e-17,5.434006e-18,6.853526e-03
1.720000,1.711210314e-01,3.147219764e-01,1.307922866e-01,1.567123504e-01,7.255784069e-02,1.650806201e+00,2.663622537e+01,2.471405193e-01,4.546103e-16,4.271261e-18,2.478060e-17,6.883616e-03
1.730000,1.717399015e-01,3.159480979e-01,1.301607044e-01,1.573178069e-01,7.269063097e-02,1.649996670e+00,2.656691503e+01,2.487334660e-01,8.888368e-16,7.102972e-18,1.734723e-18,6.871556e-03
1.740000,1.723549487e-01,3.171672484e-01,1.295321698e-01,1.579197625e-01,7.282230254e-02,1.649206856e+00,2.649805438e+01,2.503232045e-01,7.809374e-16,1.110765e-17,1.736891e-17,6.877066e-03
1.750000,1.729662046e-01,3.183794614e-01,1.289066524e-01,1.585182344e-01,7.295286435e-02,1.648436823e+00,2.642964463e+01,2.519096710e-01,2.282964e-16,5.637851e-18,4.422694e-18,6.930935e-03
1.760000,1.735737010e-01,3.195847700e-01,1.282841219e-01,1.591132400e-01,7.308232510e-02,1.647686632e+00,2.636168691e+01,2.534928031e-01,3.444534e-16,1.728342e-17,2.183961e-17,6.899855e-03
1.770000,1.741774692e-01,3.207832078e-01,1.276645482e-01,1.597047964e-01,7.321069325e-02,1.646956341e+00,2.629418225e+01,2.550725393e-01,1.057028e-17,2.578852e-17,1.179740e-17,6.961485e-03
1.780000,1.747775407e-01,3.219748078e-01,1.270479014e-01,1.602929209e-01,7.333797700e-02,1.646246004e+00,2.622713163e+01,2.566488194e-01,6.664820e-16,2.047047e-17,8.716878e-18,7.374935e-03
1.790000,1.753739467e-01,3.231596032e-01,1.264341519e-01,1.608776304e-01,7.346418437e-02,1.645555674e+00,2.616053591e+01,2.582215842e-01,4.480778e-16,2.103688e-17,5.834579e-18,6.937885e-03
1.800000,1.759667183e-01,3.243376272e-01,1.258232700e-01,1.614589422e-01,7.358932311e-02,1.644885397e+00,2.609439590e+01,2.597907756e-01,4.539685e-16,2.640205e-17,8.845389e-18,6.933636e-03
1.810000,1.765558864e-01,3.255089129e-01,1.252152262e-01,1.620368733e-01,7.371340083e-02,1.644235216e+00,2.602871233e+01,2.613563367e-01,5.720243e-17,3.163865e-17,2.776912e-18,6.879315e-03
1.820000,1.771414820e-01,3.266734931e-01,1.246099915e-01,1.626114408e-01,7.383642489e-02,1.643605173e+00,2.596348584e+01,2.629182117e-01,4.479374e-16,1.769609e-17,8.285461e-18,6.935695e-03
1.830000,1.777235356e-01,3.278314010e-01,1.240075367e-01,1.631826617e-01,7.395840250e-02,1.642995302e+00,2.589871698e+01,2.644763457e-01,2.223948e-16,2.484125e-17,2.637978e-18,6.898636e-03
1.840000,1.783020779e-01,3.289826694e-01,1.234078329e-01,1.637505530e-01,7.407934068e-02,1.642405635e+00,2.583440627e+01,2.660306852e-01,2.319239e-16,3.819901e-17,1.411963e-17,6.898566e-03
1.850000,1.788771392e-01,3.301273312e-01,1.228108514e-01,1.643151316e-01,7.419924629e-02,1.641836198e+00,2.577055411e+01,2.675811775e-01,3.427128e-16,2.296462e-17,3.496447e-18,6.907676e-03
1.860000,1.794487496e-01,3.312654190e-01,1.222165637e-01,1.648764144e-01,7.431812602e-02,1.641287013e+00,2.570716084e+01,2.691277712e-01,4.480764e-16,1.173546e-17,1.570859e-17,6.888145e-03
1.870000,1.800169394e-01,3.323969658e-01,1.216249413e-01,1.654344183e-01,7.443598642e-02,1.640758098e+00,2.564422675e+01,2.706704158e-01,2.320450e-16,2.523188e-17,4.690976e-18,6.904916e-03
1.880000,1.805817383e-01,3.335220041e-01,1.210359562e-01,1.659891602e-01,7.455283389e-02,1.640249465e+00,2.558175203e+01,2.722090621e-01,2.455378e-16,3.394436e-17,1.811624e-17,6.918986e-03
1.890000,1.811431762e-01,3.346405667e-01,1.204495804e-01,1.665406569e-01,7.466867470e-02,1.639761120e+00,2.551973681e+01,2.737436616e-01,3.093057e-16,1.361095e-17,1.514782e-17,6.910826e-03
1.900000,1.817012825e-01,3.357526859e-01,1.198657860e-01,1.670889251e-01,7.478351497e-02,1.639293066e+00,2.545818115e+01,2.752741674e-01,6.709869e-16,2.698684e-17,1.304652e-17,6.916465e-03
1.910000,1.822560868e-01,3.368583944e-01,1.192845454e-01,1.676339817e-01,7.489736073e-02,1.638845297e+00,2.539708506e+01,2.768005331e-01,6.688806e-16,2.802532e-17,4.690976e-18,6.955146e-03
1.920000,1.828076181e-01,3.379577247e-01,1.187058312e-01,1.681758433e-01,7.501021786e-02,1.638417805e+00,2.533644846e+01,2.783227136e-01,4.482184e-16,1.232943e-17,5.898698e-18,6.862176e-03
1.930000,1.833559055e-01,3.390507090e-01,1.181296163e-01,1.687145266e-01,7.512209217e-02,1.638010574e+00,2.527627121e+01,2.798406650e-01,4.580156e-16,2.187833e-17,9.697399e-18,6.943226e-03
1.940000,1.839009779e-01,3.401373797e-01,1.175558735e-01,1.692500483e-01,7.523298933e-02,1.637623581e+00,2.521655312e+01,2.813543440e-01,2.411389e-16,4.263548e-17,7.359808e-18,6.834486e-03
1.950000,1.844428639e-01,3.412177691e-01,1.169845763e-01,1.697824250e-01,7.534291493e-02,1.637256798e+00,2.515729393e+01,2.828637089e-01,3.676636e-16,4.417801e-17,4.690976e-18,6.855545e-03
1.960000,1.849815921e-01,3.422919093e-01,1.164156979e-01,1.703116732e-01,7.545187446e-02,1.636910192e+00,2.509849331e+01,2.843687185e-01,4.486194e-16,1.761086e-17,1.055191e-17,6.865726e-03
1.970000,1.855171908e-01,3.433598326e-01,1.158492120e-01,1.708378095e-01,7.555987333e-02,1.636583722e+00,2.504015088e+01,2.858693328e-01,2.437164e-16,5.485677e-18,5.076104e-18,6.835376e-03
1.980000,1.860496879e-01,3.444215710e-01,1.152850925e-01,1.713608504e-01,7.566691687e-02,1.636277339e+00,2.498226621e+01,2.873655130e-01,2.292001e-16,3.035766e-18,1.582787e-17,6.850346e-03
1.990000,1.865791115e-01,3.454771565e-01,1.147233135e-01,1.718808123e-01,7.577301032e-02,1.635990989e+00,2.492483880e+01,2.888572211e-01,6.694075e-16,2.394688e-17,1.048037e-17,6.861586e-03
2.000000,1.871054893e-01,3.465266210e-01,1.141638494e-01,1.723977116e-01,7.587815886e-02,1.635724611e+00,2.486786811e+01,2.903444201e-01,3.384601e-16,1.876390e-17,1.226635e-18,6.842146e-03
2.010000,1.876288487e-01,3.475699964e-01,1.136066748e-01,1.729115649e-01,7.598236761e-02,1.635478136e+00,2.481135352e+01,2.918270739e-01,6.737912e-16,1.939480e-17,1.048934e-17,6.875596e-03
2.020000,1.881492172e-01,3.486073146e-01,1.130517643e-01,1.734223883e-01,7.608564160e-02,1.635251489e+00,2.475529438e+01,2.933051477e-01,2.355706e-16,1.910166e-17,2.453269e-18,6.871756e-03
2.030000,1.886666217e-01,3.496386073e-01,1.124990933e-01,1.739301983e-01,7.618798583e-02,1.635044587e+00,2.469968998e+01,2.947786074e-01,2.402960e-16,1.390487e-17,1.369361e-17,6.900216e-03
2.040000,1.891810893e-01,3.506639061e-01,1.119486370e-01,1.744350110e-01,7.628940523e-02,1.634857339e+00,2.464453958e+01,2.962474199e-01,8.463807e-17,1.250927e-17,1.174146e-17,6.899295e-03
2.050000,1.896926467e-01,3.516832427e-01,1.114003709e-01,1.749368427e-01,7.638990468e-02,1.634689648e+00,2.458984236e+01,2.977115531e-01,2.350687e-16,9.898950e-18,3.387156e-18,6.898096e-03
2.060000,1.902013203e-01,3.526966486e-01,1.108542710e-01,1.754357096e-01,7.648948901e-02,1.634541409e+00,2.453559747e+01,2.991709759e-01,5.510990e-17,1.422579e-17,6.505213e-18,6.880956e-03
2.070000,1.907071365e-01,3.537041552e-01,1.103103134e-01,1.759316279e-01,7.658816301e-02,1.634412507e+00,2.448180402e+01,3.006256580e-01,5.569526e-16,1.896827e-17,1.433773e-17,7.729874e-03
2.080000,1.912101213e-01,3.547057940e-01,1.097684746e-01,1.764246136e-01,7.668593144e-02,1.634302823e+00,2.442846108e+01,3.020755701e-01,1.176275e-16,1.441622e-17,9.148508e-18,6.861856e-03
2.090000,1.917103007e-01,3.557015963e-01,1.092287311e-01,1.769146829e-01,7.678279900e-02,1.634212229e+00,2.437556765e+01,3.035206838e-01,2.377023e-16,2.651135e-17,9.058118e-18,6.890536e-03
2.100000,1.922077002e-01,3.566915933e-01,1.086910601e-01,1.774018517e-01,7.687877038e-02,1.634140587e+00,2.432312272e+01,3.049609718e-01,2.530189e-16,1.691355e-17,4.470280e-18,6.940826e-03
2.110000,1.927023455e-01,3.576758161e-01,1.081554388e-01,1.778861360e-01,7.697385021e-02,1.634087754e+00,2.427112523e+01,3.063964074e-01,8.891580e-16,1.275494e-17,4.422694e-18,6.949546e-03
2.120000,1.931942618e-01,3.586542960e-01,1.076218448e-01,1.783675517e-01,7.706804312e-02,1.634053578e+00,2.421957408e+01,3.078269650e-01,7.775442e-16,2.168404e-17,1.269026e-17,6.921705e-03
2.130000,1.936834740e-01,3.596270638e-01,1.070902559e-01,1.788461149e-01,7.716135370e-02,1.634037900e+00,2.416846814e+01,3.092526199e-01,5.734087e-16,1.570859e-17,6.942281e-18,6.941125e-03
2.140000,1.941700070e-01,3.605941506e-01,1.065606504e-01,1.793218412e-01,7.725378651e-02,1.634040551e+00,2.411780623e+01,3.106733482e-01,1.198516e-16,1.048934e-17,1.788112e-18,6.940045e-03
2.150000,1.946538855e-01,3.615555872e-01,1.060330067e-01,1.797947465e-01,7.734534609e-02,1.634061356e+00,2.406758716e+01,3.120891268e-01,2.748670e-16,9.745765e-18,2.424350e-18,6.907666e-03
2.160000,1.951351338e-01,3.625114043e-01,1.055073037e-01,1.802648466e-01,7.743603699e-02,1.634100131e+00,2.401780969e+01,3.134999336e-01,3.433945e-16,1.939480e-18,4.848700e-19,6.953376e-03
2.170000,1.956137761e-01,3.634616328e-01,1.049835204e-01,1.807321572e-01,7.752586370e-02,1.634156687e+00,2.396847255e+01,3.149057473e-01,2.285840e-16,7.059813e-18,6.562782e-18,6.919095e-03
2.180000,1.960898365e-01,3.644063032e-01,1.044616365e-01,1.811966940e-01,7.761483072e-02,1.634230822e+00,2.391957445e+01,3.163065475e-01,2.262007e-16,5.818439e-18,1.693578e-18,6.903435e-03
2.190000,1.965633387e-01,3.653454460e-01,1.039416316e-01,1.816584725e-01,7.770294253e-02,1.634322332e+00,2.387111407e+01,3.177023147e-01,1.322332e-16,2.255141e-17,8.420559e-18,6.903675e-03
2.200000,1.970343062e-01,3.662790917e-01,1.034234859e-01,1.821175084e-01,7.779020360e-02,1.634431001e+00,2.382309006e+01,3.190930299e-01,2.238890e-16,6.774312e-18,3.634908e-18,6.876586e-03
2.210000,1.975027624e-01,3.672072707e-01,1.029071799e-01,1.825738172e-01,7.787661839e-02,1.634556608e+00,2.377550104e+01,3.204786752e-01,1.331028e-16,2.734942e-17,1.939480e-18,6.879396e-03
2.220000,1.979687304e-01,3.681300133e-01,1.023926944e-01,1.830274144e-01,7.796219135e-02,1.634698924e+00,2.372834563e+01,3.218592335e-01,2.392956e-16,2.153172e-17,1.105886e-17,6.909126e-03
2.230000,1.984322331e-01,3.690473497e-01,1.018800104e-01,1.834783154e-01,7.804692694e-02,1.634857711e+00,2.368162239e+01,3.232346885e-01,2.771356e-16,2.693015e-17,5.293750e-18,6.900086e-03
2.240000,1.988932932e-01,3.699593100e-01,1.013691096e-01,1.839265356e-01,7.813082958e-02,1.635032725e+00,2.363532990e+01,3.246050245e-01,4.705118e-16,4.336809e-18,4.091337e-18,6.915186e-03
2.250000,1.993519333e-01,3.708659242e-01,1.008599737e-01,1.843720904e-01,7.821390371e-02,1.635223715e+00,2.358946668e+01,3.259702268e-01,6.260279e-17,2.607861e-17,6.992894e-18,6.947715e-03
2.260000,1.998081756e-01,3.717672224e-01,1.003525850e-01,1.848149951e-01,7.829615378e-02,1.635430422e+00,2.354403126e+01,3.273302815e-01,6.848892e-16,1.125065e-17,5.675257e-18,6.890036e-03
2.270000,2.002620421e-01,3.726632343e-01,9.984692610e-02,1.852552648e-01,7.837758420e-02,1.635652581e+00,2.349902214e+01,3.286851751e-01,5.683265e-16,3.585678e-17,3.503164e-18,6.887856e-03
2.280000,2.007135548e-01,3.735539898e-01,9.934297983e-02,1.856929149e-01,7.845819942e-02,1.635889921e+00,2.345443782e+01,3.300348954e-01,3.545189e-16,5.204170e-18,8.600122e-18,6.875726e-03
2.290000,2.011627353e-01,3.744395185e-01,9.884072953e-02,1.861279604e-01,7.853800386e-02,1.636142161e+00,2.341027675e+01,3.313794304e-01,8.654623e-17,3.040718e-17,4.449194e-18,6.960775e-03
2.300000,2.016096050e-01,3.753198501e-01,9.834015886e-02,1.865604165e-01,7.861700195e-02,1.636409016e+00,2.336653740e+01,3.327187693e-01,2.385664e-16,7.152448e-18,8.501141e-18,6.945485e-03
2.310000,2.020541851e-01,3.761950140e-01,9.784125183e-02,1.869902981e-01,7.869519814e-02,1.636690196e+00,2.332321822e+01,3.340529018e-01,4.504916e-16,5.364336e-18,5.918592e-18,6.971555e-03
2.320000,2.024964968e-01,3.770650397e-01,9.734399285e-02,1.874176204e-01,7.877259685e-02,1.636985401e+00,2.328031764e+01,3.353818182e-01,2.284211e-16,8.542522e-18,3.998340e-18,6.962956e-03
2.330000,2.029365608e-01,3.779299565e-01,9.684836669e-02,1.878423983e-01,7.884920253e-02,1.637294328e+00,2.323783408e+01,3.367055097e-01,3.424750e-16,3.346938e-17,3.223565e-18,6.967375e-03
2.340000,2.033743977e-01,3.787897937e-01,9.635435851e-02,1.882646466e-01,7.892501963e-02,1.637616668e+00,2.319576595e+01,3.380239682e-01,1.251634e-16,1.275494e-17,8.208492e-18,6.944846e-03
2.350000,2.038100281e-01,3.796445804e-01,9.586195382e-02,1.886843802e-01,7.900005260e-02,1.637952104e+00,2.315411167e+01,3.393371862e-01,7.639257e-17,2.333832e-17,4.336809e-19,6.956146e-03
2.360000,2.042434720e-01,3.804943456e-01,9.537113852e-02,1.891016139e-01,7.907430588e-02,1.638300317e+00,2.311286963e+01,3.406451570e-01,4.535143e-16,5.222209e-18,5.997510e-18,6.936096e-03
2.370000,2.046747495e-01,3.813391183e-01,9.488189891e-02,1.895163625e-01,7.914778395e-02,1.638660980e+00,2.307203822e+01,3.419478743e-01,3.491333e-17,2.103688e-17,3.066587e-18,6.928946e-03
2.380000,2.051038804e-01,3.821789275e-01,9.439422165e-02,1.899286407e-01,7.922049126e-02,1.639033763e+00,2.303161582e+01,3.432453328e-01,7.355846e-17,1.097992e-17,1.454610e-18,6.924555e-03
2.390000,2.055308844e-01,3.830138018e-01,9.390809378e-02,1.903384630e-01,7.929243230e-02,1.639418330e+00,2.299160082e+01,3.445375277e-01,1.805754e-16,5.637851e-18,3.529907e-18,6.936346e-03
2.400000,2.059557809e-01,3.838437699e-01,9.342350275e-02,1.907458442e-01,7.936361153e-02,1.639814342e+00,2.295199160e+01,3.458244548e-01,1.115260e-16,1.012438e-17,1.939480e-18,6.977385e-03
2.410000,2.063785892e-01,3.846688606e-01,9.294043635e-02,1.911507987e-01,7.943403346e-02,1.640221453e+00,2.291278653e+01,3.471061105e-01,4.452941e-16,1.393864e-17,2.682168e-18,6.947175e-03
2.420000,2.067993282e-01,3.854891021e-01,9.245888281e-02,1.915533411e-01,7.950370257e-02,1.640639315e+00,2.287398398e+01,3.483824921e-01,1.150702e-16,3.496447e-18,3.302815e-18,6.943805e-03
2.430000,2.072180168e-01,3.863045231e-01,9.197883070e-02,1.919534857e-01,7.957262335e-02,1.641067577e+00,2.283558233e+01,3.496535971e-01,1.044766e-16,8.542522e-18,8.940560e-19,6.859896e-03
2.440000,2.076346737e-01,3.871151516e-01,9.150026900e-02,1.923512470e-01,7.964080033e-02,1.641505883e+00,2.279757994e+01,3.509194240e-01,2.515202e-16,1.734723e-17,3.066587e-18,6.882595e-03
2.450000,2.080493174e-01,3.879210161e-01,9.102318707e-02,1.927466393e-01,7.970823801e-02,1.641953873e+00,2.275997518e+01,3.521799716e-01,1.477351e-16,1.544294e-17,5.704181e-18,6.892826e-03
2.460000,2.084619662e-01,3.887221445e-01,9.054757466e-02,1.931396769e-01,7.977494092e-02,1.642411186e+00,2.272276644e+01,3.534352395e-01,2.223441e-16,2.341877e-17,1.852685e-18,6.932466e-03
2.470000,2.088726381e-01,3.895185649e-01,9.007342191e-02,1.935303740e-01,7.984091358e-02,1.642877457e+00,2.268595208e+01,3.546852277e-01,5.617933e-16,2.625113e-17,3.252607e-18,6.954226e-03
2.480000,2.092813512e-01,3.903103053e-01,8.960071933e-02,1.939187448e-01,7.990616054e-02,1.643352319e+00,2.264953047e+01,3.559299370e-01,1.245872e-16,1.441622e-17,6.634042e-18,6.947886e-03
2.490000,2.096881231e-01,3.910973934e-01,8.912945784e-02,1.943048034e-01,7.997068633e-02,1.643835402e+00,2.261350000e+01,3.571693685e-01,2.302369e-16,5.553825e-18,1.167721e-18,6.955515e-03
2.500000,2.100929715e-01,3.918798570e-01,8.865962874e-02,1.946885639e-01,8.003449550e-02,1.644326336e+00,2.257785906e+01,3.584035239e-01,2.851115e-16,4.906539e-18,4.187884e-18,7.096126e-03
2.510000,2.104959137e-01,3.926577237e-01,8.819122369e-02,1.950700403e-01,8.009759262e-02,1.644824746e+00,2.254260601e+01,3.596324058e-01,1.453823e-16,9.511364e-18,4.527761e-18,6.889856e-03
2.520000,2.108969670e-01,3.934310211e-01,8.772423478e-02,1.954492466e-01,8.015998224e-02,1.645330258e+00,2.250773927e+01,3.608560168e-01,1.620343e-16,1.058750e-17,2.424350e-18,6.873676e-03
2.530000,2.112961484e-01,3.941997765e-01,8.725865445e-02,1.958261967e-01,8.022166893e-02,1.645842497e+00,2.247325721e+01,3.620743603e-01,4.446310e-16,1.985955e-17,6.651737e-18,6.875465e-03
2.540000,2.116934748e-01,3.949640174e-01,8.679447555e-02,1.962009045e-01,8.028265726e-02,1.646361085e+00,2.243915826e+01,3.632874403e-01,6.750361e-16,2.207943e-17,2.611105e-18,6.885116e-03
2.550000,2.120889630e-01,3.957237710e-01,8.633169129e-02,1.965733837e-01,8.034295183e-02,1.646885646e+00,2.240544080e+01,3.644952612e-01,6.663340e-16,1.084202e-17,2.168404e-19,6.908525e-03
2.560000,2.124826295e-01,3.964790644e-01,8.587029528e-02,1.969436482e-01,8.040255720e-02,1.647415801e+00,2.237210326e+01,3.656978279e-01,1.954724e-17,3.339343e-17,8.127901e-18,6.881346e-03
2.570000,2.128744907e-01,3.972299246e-01,8.541028150e-02,1.973117115e-01,8.046147798e-02,1.647951174e+00,2.233914406e+01,3.668951456e-01,1.367354e-16,1.743376e-17,1.563659e-18,6.893876e-03
2.580000,2.132645629e-01,3.979763787e-01,8.495164432e-02,1.976775875e-01,8.051971876e-02,1.648491386e+00,2.230656162e+01,3.680872205e-01,6.583322e-17,1.544294e-17,1.939480e-18,6.999076e-03
2.590000,2.136528621e-01,3.987184534e-01,8.449437850e-02,1.980412896e-01,8.057728413e-02,1.649036060e+00,2.227435439e+01,3.692740587e-01,4.915742e-17,1.301043e-18,3.878960e-18,6.912776e-03
2.600000,2.140394042e-01,3.994561755e-01,8.403847915e-02,1.984028313e-01,8.063417870e-02,1.649584820e+00,2.224252080e+01,3.704556671e-01,4.527581e-16,1.404617e-17,4.358439e-18,6.886775e-03
2.610000,2.144242050e-01,4.001895717e-01,8.358394178e-02,1.987622263e-01,8.069040707e-02,1.650137290e+00,2.221105931e+01,3.716320529e-01,5.601352e-16,7.269816e-18,8.049425e-18,6.896356e-03
2.620000,2.148072802e-01,4.009186685e-01,8.313076228e-02,1.991194879e-01,8.074597385e-02,1.650693097e+00,2.217996837e+01,3.728032240e-01,3.601239e-16,7.672598e-18,2.135631e-18,6.924936e-03
2.630000,2.151886452e-01,4.016434923e-01,8.267893690e-02,1.994746296e-01,8.080088365e-02,1.651251866e+00,2.214924646e+01,3.739691884e-01,6.664870e-16,2.567523e-17,6.505213e-19,6.901376e-03
2.640000,2.155683153e-01,4.023640695e-01,8.222846228e-02,1.998276645e-01,8.085514109e-02,1.651813229e+00,2.211889205e+01,3.751299547e-01,2.268329e-16,1.048934e-17,6.106282e-18,6.934395e-03
2.650000,2.159463058e-01,4.030804264e-01,8.177933541e-02,2.001786060e-01,8.090875077e-02,1.652376814e+00,2.208890363e+01,3.762855320e-01,3.370273e-16,6.314489e-18,3.020238e-18,6.937036e-03
2.660000,2.163226316e-01,4.037925891e-01,8.133155367e-02,2.005274674e-01,8.096171731e-02,1.652942256e+00,2.205927970e+01,3.774359297e-01,1.392673e-16,1.627893e-17,6.505213e-19,6.900335e-03
2.670000,2.166973077e-01,4.045005837e-01,8.088511482e-02,2.008742618e-01,8.101404532e-02,1.653509191e+00,2.203001876e+01,3.785811575e-01,4.581064e-16,1.301043e-17,7.666467e-18,6.923405e-03
2.680000,2.170703488e-01,4.052044361e-01,8.044001697e-02,2.012190022e-01,8.106573941e-02,1.654077256e+00,2.200111932e+01,3.797212258e-01,5.604506e-16,1.125065e-17,1.388456e-18,6.976176e-03
2.690000,2.174417696e-01,4.059041722e-01,7.999625859e-02,2.015617018e-01,8.111680420e-02,1.654646093e+00,2.197257992e+01,3.808561452e-01,2.300121e-16,3.127317e-18,1.563659e-18,6.973496e-03
2.700000,2.178115846e-01,4.065998177e-01,7.955383856e-02,2.019023736e-01,8.116724430e-02,1.655215346e+00,2.194439907e+01,3.819859267e-01,8.920730e-16,8.542522e-18,2.045669e-18,7.025586e-03
2.710000,2.181798082e-01,4.072913982e-01,7.911275606e-02,2.022410304e-01,8.121706432e-02,1.655784665e+00,2.191657533e+01,3.831105816e-01,2.274940e-16,1.226635e-17,3.223565e-18,6.998055e-03
2.720000,2.185464545e-01,4.079789393e-01,7.867301070e-02,2.025776853e-01,8.126626885e-02,1.656353700e+00,2.188910725e+01,3.842301216e-01,4.666009e-16,2.825257e-17,1.734723e-18,6.980805e-03
2.730000,2.189115377e-01,4.086624666e-01,7.823460240e-02,2.029123510e-01,8.131486251e-02,1.656922107e+00,2.186199340e+01,3.853445590e-01,2.310140e-16,3.469447e-18,5.773822e-18,6.958726e-03
2.740000,2.192750718e-01,4.093420052e-01,7.779753147e-02,2.032450404e-01,8.136284989e-02,1.657489546e+00,2.183523234e+01,3.864539062e-01,1.165240e-16,1.482148e-17,2.335443e-18,6.976175e-03
2.750000,2.196370706e-01,4.100175805e-01,7.736179858e-02,2.035757661e-01,8.141023558e-02,1.658055680e+00,2.180882265e+01,3.875581758e-01,1.154032e-16,1.044442e-17,1.999170e-18,6.981576e-03
2.760000,2.199975480e-01,4.106892175e-01,7.692740473e-02,2.039045408e-01,8.145702417e-02,1.658620179e+00,2.178276294e+01,3.886573812e-01,2.221615e-16,2.608222e-17,1.454610e-18,6.981815e-03
2.770000,2.203565176e-01,4.113569414e-01,7.649435132e-02,2.042313772e-01,8.150322024e-02,1.659182715e+00,2.175705179e+01,3.897515357e-01,2.289201e-16,9.697399e-18,3.730664e-18,6.938385e-03
2.780000,2.207139928e-01,4.120207771e-01,7.606264006e-02,2.045562878e-01,8.154882837e-02,1.659742966e+00,2.173168783e+01,3.908406531e-01,9.993219e-16,7.996680e-18,2.818926e-18,6.943995e-03
2.790000,2.210699871e-01,4.126807494e-01,7.563227305e-02,2.048792852e-01,8.159385312e-02,1.660300616e+00,2.170666967e+01,3.919247474e-01,2.476062e-16,7.359808e-18,6.505213e-19,6.952866e-03
2.800000,2.214245139e-01,4.133368831e-01,7.520325272e-02,2.052003818e-01,8.163829906e-02,1.660855353e+00,2.168199594e+01,3.930038332e-01,1.148404e-16,9.898950e-18,2.611105e-18,6.998796e-03
2.810000,2.217775862e-01,4.139892027e-01,7.477558188e-02,2.055195900e-01,8.168217074e-02,1.661406871e+00,2.165766529e+01,3.940779250e-01,9.441309e-17,1.250927e-17,2.622335e-18,6.968126e-03
2.820000,2.221292172e-01,4.146377328e-01,7.434926365e-02,2.058369222e-01,8.172547269e-02,1.661954870e+00,2.163367635e+01,3.951470379e-01,4.445813e-16,2.281672e-17,3.035766e-18,6.968795e-03
2.830000,2.224794199e-01,4.152824979e-01,7.392430153e-02,2.061523906e-01,8.176820945e-02,1.662499055e+00,2.161002780e+01,3.962111871e-01,4.532574e-16,3.496447e-18,1.084202e-19,6.918825e-03
2.840000,2.228282071e-01,4.159235223e-01,7.350069935e-02,2.064660076e-01,8.181038554e-02,1.663039136e+00,2.158671828e+01,3.972703882e-01,5.614085e-16,9.220182e-18,5.244670e-18,6.926266e-03
2.850000,2.231755917e-01,4.165608301e-01,7.307846132e-02,2.067777852e-01,8.185200547e-02,1.663574833e+00,2.156374649e+01,3.983246568e-01,2.344509e-16,7.059813e-18,3.909147e-18,6.934906e-03
2.860000,2.235215863e-01,4.171944455e-01,7.265759195e-02,2.070877357e-01,8.189307375e-02,1.664105867e+00,2.154111109e+01,3.993740092e-01,3.497808e-17,1.959259e-17,2.168404e-18,6.958296e-03
2.870000,2.238662036e-01,4.178243925e-01,7.223809612e-02,2.073958710e-01,8.193359484e-02,1.664631970e+00,2.151881079e+01,4.004184616e-01,2.356251e-16,1.388456e-17,1.341084e-18,6.964616e-03
2.880000,2.242094559e-01,4.184506951e-01,7.181997907e-02,2.077022033e-01,8.197357324e-02,1.665152877e+00,2.149684429e+01,4.014580305e-01,7.792014e-16,2.218565e-17,2.990905e-18,6.920215e-03
2.890000,2.245513558e-01,4.190733769e-01,7.140324634e-02,2.080067445e-01,8.201301340e-02,1.665668333e+00,2.147521028e+01,4.024927327e-01,3.333605e-16,6.774312e-18,2.335443e-18,6.933425e-03
2.900000,2.248919156e-01,4.196924618e-01,7.098790385e-02,2.083095065e-01,8.205191975e-02,1.666178087e+00,2.145390749e+01,4.035225854e-01,6.270889e-17,3.878960e-18,1.341084e-18,6.933515e-03
2.910000,2.252311474e-01,4.203079733e-01,7.057395784e-02,2.086105011e-01,8.209029674e-02,1.666681896e+00,2.143293463e+01,4.045476056e-01,3.469746e-16,2.017432e-17,5.654507e-18,6.971275e-03
2.920000,2.255690634e-01,4.209199349e-01,7.016141491e-02,2.089097402e-01,8.212814878e-02,1.667179523e+00,2.141229044e+01,4.055678110e-01,1.181246e-16,1.312556e-17,3.142784e-18,6.931015e-03
2.930000,2.259056758e-01,4.215283700e-01,6.975028197e-02,2.092072355e-01,8.216548025e-02,1.667670741e+00,2.139197366e+01,4.065832190e-01,4.445974e-16,1.590492e-17,2.959296e-18,6.920375e-03
2.940000,2.262409964e-01,4.221333018e-01,6.934056630e-02,2.095029986e-01,8.220229556e-02,1.668155327e+00,2.137198302e+01,4.075938477e-01,4.458324e-16,5.076104e-18,1.738108e-18,6.905635e-03
2.950000,2.265750372e-01,4.227347536e-01,6.893227551e-02,2.097970413e-01,8.223859904e-02,1.668633068e+00,2.135231729e+01,4.085997151e-01,5.583173e-16,1.590492e-17,3.043501e-18,6.948955e-03
2.960000,2.269078099e-01,4.233327484e-01,6.852541752e-02,2.100893751e-01,8.227439506e-02,1.669103755e+00,2.133297520e+01,4.096008395e-01,6.696398e-16,1.502940e-17,2.196848e-18,6.960295e-03
2.970000,2.272393264e-01,4.239273091e-01,6.812000063e-02,2.103800116e-01,8.230968793e-02,1.669567189e+00,2.131395553e+01,4.105972392e-01,2.247455e-16,2.776912e-18,3.038790e-18,6.914565e-03
2.980000,2.275695983e-01,4.245184586e-01,6.771603344e-02,2.106689621e-01,8.234448197e-02,1.670023180e+00,2.129525704e+01,4.115889329e-01,2.328081e-16,6.254634e-18,8.673617e-19,6.963365e-03
2.990000,2.278986372e-01,4.251062197e-01,6.731352490e-02,2.109562381e-01,8.237878146e-02,1.670471541e+00,2.127687851e+01,4.125759395e-01,6.698623e-16,5.553825e-18,3.477088e-18,6.947255e-03
3.000000,2.282264546e-01,4.256906149e-01,6.691248431e-02,2.112418509e-01,8.241259066e-02,1.699628356e+00,2.136830282e+01,4.135582777e-01,3.516069e-16,2.207943e-17,6.732756e-19,6.985606e-03
3.010000,2.285530110e-01,4.262705941e-01,6.639582559e-02,2.115252877e-01,8.244499840e-02,1.699525070e+00,2.134908604e+01,4.145252035e-01,1.782386e-16,8.420559e-18,2.603153e-18,6.964815e-03
3.020000,2.288779764e-01,4.268460109e-01,6.589178602e-02,2.118064772e-01,8.247586590e-02,1.699456128e+00,2.133002242e+01,4.154848816e-01,4.540666e-16,5.637851e-18,3.917225e-18,6.962845e-03
3.030000,2.292013257e-01,4.274170032e-01,6.539940258e-02,2.120854873e-01,8.250529908e-02,1.699419130e+00,2.131111677e+01,4.164375673e-01,5.734446e-17,1.939480e-17,1.904504e-18,6.909726e-03
3.040000,2.295230354e-01,4.279836982e-01,6.491780802e-02,2.123623804e-01,8.253339642e-02,1.699411849e+00,2.129237285e+01,4.173834980e-01,1.220483e-16,7.996680e-18,3.619108e-18,6.959366e-03
3.050000,2.298430839e-01,4.285462125e-01,6.444622048e-02,2.126372140e-01,8.256024947e-02,1.699432213e+00,2.127379352e+01,4.183228941e-01,6.397353e-17,1.551584e-17,4.898222e-18,6.959876e-03
3.060000,2.301614513e-01,4.291046540e-01,6.398393433e-02,2.129100410e-01,8.258594331e-02,1.699478289e+00,2.125538085e+01,4.192559606e-01,2.241120e-16,1.474515e-17,1.305552e-18,6.969966e-03
3.070000,2.304781195e-01,4.296591218e-01,6.353031201e-02,2.131809102e-01,8.261055701e-02,1.699548277e+00,2.123713620e+01,4.201828872e-01,4.454569e-16,1.739596e-17,4.340386e-18,6.932836e-03
3.080000,2.307930718e-01,4.302097077e-01,6.308477686e-02,2.134498669e-01,8.263416401e-02,1.699640493e+00,2.121906035e+01,4.211038503e-01,2.326643e-16,8.420559e-18,3.905480e-18,6.951565e-03
3.090000,2.311062934e-01,4.307564963e-01,6.264680672e-02,2.137169525e-01,8.265683258e-02,1.699753362e+00,2.120115353e+01,4.220190134e-01,2.254905e-16,1.262898e-17,1.359110e-18,7.005335e-03
3.100000,2.314177708e-01,4.312995660e-01,6.221592824e-02,2.139822059e-01,8.267862607e-02,1.699885410e+00,2.118341552e+01,4.229285280e-01,5.594761e-16,1.097135e-17,8.643920e-19,6.966996e-03
3.110000,2.317274922e-01,4.318389895e-01,6.179171184e-02,2.142456627e-01,8.269960337e-02,1.700035253e+00,2.116584570e+01,4.238325348e-01,5.675814e-16,9.341772e-18,4.152031e-18,6.945575e-03
3.120000,2.320354473e-01,4.323748341e-01,6.137376728e-02,2.145073560e-01,8.271981914e-02,1.700201594e+00,2.114844312e+01,4.247311638e-01,1.814965e-16,1.241873e-17,4.124335e-18,6.993415e-03
3.130000,2.323416271e-01,4.329071623e-01,6.096173960e-02,2.147673169e-01,8.273932412e-02,1.700383212e+00,2.113120654e+01,4.256245360e-01,1.275100e-16,1.110765e-17,4.553751e-18,6.939096e-03
3.140000,2.326460239e-01,4.334360323e-01,6.055530562e-02,2.150255739e-01,8.275816542e-02,1.700578962e+00,2.111413447e+01,4.265127634e-01,1.111627e-15,4.670886e-18,3.286488e-19,6.962596e-03
3.150000,2.329486314e-01,4.339614985e-01,6.015417078e-02,2.152821538e-01,8.277638679e-02,1.700787765e+00,2.109722521e+01,4.273959497e-01,2.372837e-16,5.818439e-18,5.360641e-19,6.969365e-03
3.160000,2.332494446e-01,4.344836114e-01,5.975806628e-02,2.155370816e-01,8.279402879e-02,1.701008605e+00,2.108047690e+01,4.282741913e-01,2.290683e-16,1.472600e-17,4.865896e-18,6.964745e-03
3.170000,2.335484595e-01,4.350024183e-01,5.936674657e-02,2.157903807e-01,8.281112909e-02,1.701240525e+00,2.106388753e+01,4.291475774e-01,2.221784e-16,1.387779e-17,2.853129e-18,6.929756e-03
3.180000,2.338456732e-01,4.355179636e-01,5.897998712e-02,2.160420730e-01,8.282772263e-02,1.701482625e+00,2.104745500e+01,4.300161910e-01,2.776957e-16,1.788112e-18,2.189740e-18,6.955716e-03
3.190000,2.341410841e-01,4.360302889e-01,5.859758236e-02,2.162921790e-01,8.284384183e-02,1.701734055e+00,2.103117708e+01,4.308801089e-01,2.238030e-16,1.743376e-17,6.471332e-19,6.982856e-03
3.200000,2.344346913e-01,4.365394331e-01,5.821934392e-02,2.165407181e-01,8.285951676e-02,1.701994014e+00,2.101505150e+01,4.317394027e-01,5.604352e-16,8.542522e-18,1.773599e-18,6.931965e-03
3.210000,2.347264951e-01,4.370454332e-01,5.784509894e-02,2.167877084e-01,8.287477530e-02,1.702261748e+00,2.099907595e+01,4.325941388e-01,4.476513e-16,7.410742e-18,1.518341e-18,6.988095e-03
3.220000,2.350164964e-01,4.375483239e-01,5.747468868e-02,2.170331672e-01,8.288964332e-02,1.702536545e+00,2.098324805e+01,4.334443789e-01,4.451903e-16,1.250927e-17,1.386342e-18,6.950405e-03
3.230000,2.353046972e-01,4.380481379e-01,5.710796718e-02,2.172771107e-01,8.290414480e-02,1.702817734e+00,2.096756544e+01,4.342901804e-01,6.685828e-16,1.632508e-17,3.936515e-18,6.927236e-03
3.240000,2.355911002e-01,4.385449065e-01,5.674480008e-02,2.175195544e-01,8.291830197e-02,1.703104683e+00,2.095202571e+01,4.351315968e-01,1.244532e-16,3.469447e-18,3.904729e-18,6.978175e-03
3.250000,2.358757087e-01,4.390386591e-01,5.638506358e-02,2.177605128e-01,8.293213544e-02,1.703396795e+00,2.093662650e+01,4.359686780e-01,1.164621e-16,7.573911e-18,1.118966e-18,6.968845e-03
3.260000,2.361585269e-01,4.395294240e-01,5.602864343e-02,2.180000001e-01,8.294566431e-02,1.703693509e+00,2.092136541e+01,4.368014705e-01,3.331749e-16,1.170938e-17,6.061727e-19,6.977705e-03
3.270000,2.364395594e-01,4.400172278e-01,5.567543415e-02,2.182380294e-01,8.295890628e-02,1.703994296e+00,2.090624010e+01,4.376300177e-01,4.640899e-16,3.903128e-18,3.469647e-18,6.953255e-03
3.280000,2.367188117e-01,4.405020962e-01,5.532533818e-02,2.184746134e-01,8.297187775e-02,1.704298658e+00,2.089124824e+01,4.384543601e-01,3.535997e-16,1.012438e-17,2.619111e-18,6.913155e-03
3.290000,2.369962896e-01,4.409840537e-01,5.497826522e-02,2.187097644e-01,8.298459394e-02,1.704606126e+00,2.087638751e+01,4.392745358e-01,5.573353e-16,1.202634e-17,5.926779e-18,6.957355e-03
3.300000,2.372719994e-01,4.414631238e-01,5.463413155e-02,2.189434940e-01,8.299706891e-02,1.704916261e+00,2.086165567e+01,4.400905804e-01,7.788185e-16,1.788112e-18,4.355825e-19,6.933435e-03
3.310000,2.375459481e-01,4.419393292e-01,5.429285950e-02,2.191758135e-01,8.300931571e-02,1.705228647e+00,2.084705049e+01,4.409025272e-01,2.226942e-16,8.684453e-18,2.383435e-18,6.981555e-03
3.320000,2.378181430e-01,4.424126915e-01,5.395437689e-02,2.194067338e-01,8.302134641e-02,1.705542897e+00,2.083256977e+01,4.417104076e-01,1.217593e-16,8.845389e-18,1.751323e-18,6.925835e-03
3.330000,2.380885916e-01,4.428832319e-01,5.361861660e-02,2.196362651e-01,8.303317221e-02,1.705858645e+00,2.081821138e+01,4.425142513e-01,6.674810e-16,2.168404e-18,5.712997e-19,6.906646e-03
3.340000,2.383573023e-01,4.433509706e-01,5.328551606e-02,2.198644178e-01,8.304480347e-02,1.706175549e+00,2.080397323e+01,4.433140860e-01,4.484865e-16,1.939480e-18,2.625835e-18,6.897435e-03
3.350000,2.386242832e-01,4.438159273e-01,5.295501695e-02,2.200912016e-01,8.305624977e-02,1.706493288e+00,2.078985326e+01,4.441099380e-01,4.494910e-16,2.004807e-17,1.821542e-18,6.913635e-03
3.360000,2.388895432e-01,4.442781210e-01,5.262706479e-02,2.203166259e-01,8.306752000e-02,1.706811562e+00,2.077584949e+01,4.449018323e-01,2.695054e-16,1.110765e-17,3.352737e-18,6.882705e-03
3.370000,2.391530912e-01,4.447375705e-01,5.230160862e-02,2.205407001e-01,8.307862238e-02,1.707130091e+00,2.076195995e+01,4.456897924e-01,3.678693e-16,7.806256e-18,3.487295e-18,6.884996e-03
3.380000,2.394149365e-01,4.451942936e-01,5.197860072e-02,2.207634332e-01,8.308956451e-02,1.707448612e+00,2.074818276e+01,4.464738407e-01,1.827496e-16,8.542522e-18,8.908661e-19,6.857485e-03
3.390000,2.396750886e-01,4.456483081e-01,5.165799633e-02,2.209848339e-01,8.310035344e-02,1.707766883e+00,2.073451606e+01,4.472539986e-01,2.914891e-17,1.734723e-17,1.134857e-18,6.835755e-03
3.400000,2.399335572e-01,4.460996311e-01,5.133975342e-02,2.212049107e-01,8.311099570e-02,1.708084673e+00,2.072095805e+01,4.480302863e-01,8.882305e-16,1.251678e-17,2.455814e-18,6.910255e-03
3.410000,2.401903521e-01,4.465482794e-01,5.102383246e-02,2.214236722e-01,8.312149730e-02,1.708401773e+00,2.070750698e+01,4.488027233e-01,5.585944e-16,2.539164e-17,1.945578e-18,7.156025e-03
3.420000,2.404454833e-01,4.469942696e-01,5.071019618e-02,2.216411266e-01,8.313186384e-02,1.708717985e+00,2.069416113e+01,4.495713282e-01,2.374481e-16,2.168404e-18,1.030081e-18,6.867976e-03
3.430000,2.406989610e-01,4.474376177e-01,5.039880947e-02,2.218572818e-01,8.314210049e-02,1.709033127e+00,2.068091886e+01,4.503361188e-01,2.543915e-16,8.845389e-18,2.507218e-19,6.877955e-03
3.440000,2.409507956e-01,4.478783396e-01,5.008963909e-02,2.220721458e-01,8.315221203e-02,1.709347030e+00,2.066777856e+01,4.510971123e-01,2.317033e-16,3.878960e-18,3.701211e-18,6.929025e-03
3.450000,2.412009973e-01,4.483164509e-01,4.978265365e-02,2.222857263e-01,8.316220289e-02,1.709659539e+00,2.065473866e+01,4.518543252e-01,2.299745e-16,7.573911e-18,1.344435e-18,6.891265e-03
3.460000,2.414495768e-01,4.487519669e-01,4.947782334e-02,2.224980311e-01,8.317207716e-02,1.709970508e+00,2.064179763e+01,4.526077735e-01,1.003698e-16,1.202634e-17,4.848700e-19,6.914415e-03
3.470000,2.416965445e-01,4.491849026e-01,4.917511989e-02,2.227090675e-01,8.318183865e-02,1.710279806e+00,2.062895400e+01,4.533574726e-01,2.327721e-16,4.610091e-18,3.523657e-19,6.890545e-03
3.480000,2.419419111e-01,4.496152730e-01,4.887451641e-02,2.229188432e-01,8.319149086e-02,1.710587312e+00,2.061620634e+01,4.541034376e-01,6.736202e-16,1.127570e-17,1.076125e-18,6.863516e-03
3.490000,2.421856873e-01,4.500430926e-01,4.857598728e-02,2.231273653e-01,8.320103705e-02,1.710892914e+00,2.060355326e+01,4.548456830e-01,2.231671e-16,1.420594e-17,8.643920e-19,6.896945e-03
3.500000,2.424278838e-01,4.504683761e-01,4.827950808e-02,2.233346411e-01,8.321048024e-02,1.711196512e+00,2.059099340e+01,4.555842230e-01,1.376768e-16,3.496447e-18,6.942281e-19,6.918655e-03
3.510000,2.426685113e-01,4.508911375e-01,4.798505545e-02,2.235406778e-01,8.321982321e-02,1.711498012e+00,2.057852544e+01,4.563190715e-01,3.337557e-16,8.673617e-19,1.571392e-18,6.872196e-03
3.520000,2.429075805e-01,4.513113912e-01,4.769260705e-02,2.237454823e-01,8.322906855e-02,1.711797332e+00,2.056614811e+01,4.570502420e-01,4.460804e-16,9.697399e-18,2.188807e-18,6.902185e-03
3.530000,2.431451023e-01,4.517291509e-01,4.740214145e-02,2.239490617e-01,8.323821868e-02,1.712094396e+00,2.055386018e+01,4.577777478e-01,2.423966e-16,1.110765e-17,1.305552e-18,6.947455e-03
3.540000,2.433810874e-01,4.521444307e-01,4.711363811e-02,2.241514229e-01,8.324727580e-02,1.712389136e+00,2.054166043e+01,4.585016019e-01,3.609236e-16,9.813078e-18,1.586283e-18,6.965836e-03
3.550000,2.436155465e-01,4.525572441e-01,4.682707723e-02,2.243525727e-01,8.325624199e-02,1.712681493e+00,2.052954770e+01,4.592218171e-01,2.248162e-16,6.992894e-18,2.168574e-18,6.967355e-03
3.560000,2.438484904e-01,4.529676048e-01,4.654243976e-02,2.245525178e-01,8.326511917e-02,1.712971414e+00,2.051752086e+01,4.599384060e-01,2.863497e-16,5.275955e-18,2.642986e-18,6.960435e-03
3.570000,2.440799297e-01,4.533755261e-01,4.625970735e-02,2.247512651e-01,8.327390912e-02,1.713258850e+00,2.050557879e+01,4.606513810e-01,4.468067e-16,7.757919e-18,1.301113e-18,6.983845e-03
3.580000,2.443098751e-01,4.537810215e-01,4.597886224e-02,2.249488211e-01,8.328261349e-02,1.713543761e+00,2.049372042e+01,4.613607543e-01,1.274321e-16,3.035766e-18,2.032879e-19,6.951235e-03
3.590000,2.445383373e-01,4.541841041e-01,4.569988725e-02,2.251451924e-01,8.329123384e-02,1.713826112e+00,2.048194471e+01,4.620665382e-01,6.742477e-16,8.673617e-18,1.328977e-18,6.952705e-03
3.600000,2.447653267e-01,4.545847870e-01,4.542276575e-02,2.253403856e-01,8.329977161e-02,1.714105873e+00,2.047025064e+01,4.627687446e-01,1.488328e-16,4.091337e-18,4.733694e-19,6.941435e-03
3.610000,2.449908540e-01,4.549830833e-01,4.514748161e-02,2.255344073e-01,8.330822812e-02,1.714383018e+00,2.045863724e+01,4.634673854e-01,3.388561e-16,7.996680e-18,1.312917e-18,6.971755e-03
3.620000,2.452149296e-01,4.553790060e-01,4.487401913e-02,2.257272637e-01,8.331660464e-02,1.714657529e+00,2.044710352e+01,4.641624724e-01,1.115125e-16,3.878960e-18,3.686686e-19,6.945995e-03
3.630000,2.454375640e-01,4.557725678e-01,4.460236308e-02,2.259189615e-01,8.332490234e-02,1.714929389e+00,2.043564857e+01,4.648540174e-01,7.876271e-16,1.055191e-17,1.466932e-18,6.983645e-03
3.640000,2.456587674e-01,4.561637816e-01,4.433249858e-02,2.261095068e-01,8.333312230e-02,1.715198585e+00,2.042427147e+01,4.655420320e-01,3.424176e-16,3.496447e-18,4.631714e-19,7.011445e-03
3.650000,2.458785503e-01,4.565526599e-01,4.406441115e-02,2.262989061e-01,8.334126557e-02,1.715465111e+00,2.041297134e+01,4.662265277e-01,4.519400e-16,1.202634e-17,2.736939e-18,7.019295e-03
3.660000,2.460969227e-01,4.569392154e-01,4.379808665e-02,2.264871656e-01,8.334933310e-02,1.715728961e+00,2.040174731e+01,4.669075163e-01,1.121227e-16,3.496447e-18,1.008731e-18,7.000966e-03
3.670000,2.463138949e-01,4.573234607e-01,4.353351125e-02,2.266742916e-01,8.335732581e-02,1.715990136e+00,2.039059854e+01,4.675850091e-01,7.811442e-16,1.570859e-17,2.068703e-19,6.963255e-03
3.680000,2.465294769e-01,4.577054081e-01,4.327067141e-02,2.268602902e-01,8.336524454e-02,1.716248635e+00,2.037952421e+01,4.682590177e-01,2.295203e-16,3.878960e-18,5.762614e-19,6.989415e-03
3.690000,2.467436787e-01,4.580850701e-01,4.300955388e-02,2.270451677e-01,8.337309010e-02,1.716504465e+00,2.036852353e+01,4.689295536e-01,4.442222e-16,8.330737e-18,2.710505e-19,6.964555e-03
3.700000,2.469565104e-01,4.584624589e-01,4.275014567e-02,2.272289302e-01,8.338086326e-02,1.716757633e+00,2.035759570e+01,4.695966281e-01,2.305554e-16,3.903128e-18,9.216715e-19,6.923885e-03
3.710000,2.471679816e-01,4.588375869e-01,4.249243403e-02,2.274115838e-01,8.338856475e-02,1.717008149e+00,2.034673999e+01,4.702602528e-01,6.677007e-16,1.163688e-17,4.065758e-19,6.935685e-03
3.720000,2.473781023e-01,4.592104661e-01,4.223640642e-02,2.275931345e-01,8.339619524e-02,1.717256025e+00,2.033595563e+01,4.709204390e-01,1.479457e-16,8.684453e-18,3.523657e-19,6.955805e-03
3.730000,2.475868820e-01,4.595811088e-01,4.198205054e-02,2.277735884e-01,8.340375540e-02,1.717501276e+00,2.032524191e+01,4.715771981e-01,6.703972e-16,7.152448e-18,1.913740e-18,6.957256e-03
3.740000,2.477943305e-01,4.599495269e-01,4.172935426e-02,2.279529515e-01,8.341124585e-02,1.717743917e+00,2.031459813e+01,4.722305417e-01,4.454670e-16,8.542522e-18,1.518851e-18,7.018465e-03
3.750000,2.480004571e-01,4.603157325e-01,4.147830565e-02,2.281312297e-01,8.341866719e-02,1.717983966e+00,2.030402358e+01,4.728804811e-01,2.427621e-16,1.012438e-17,9.772866e-19,6.952155e-03
3.760000,2.482052714e-01,4.606797374e-01,4.122889296e-02,2.283084291e-01,8.342601999e-02,1.718221444e+00,2.029351760e+01,4.735270277e-01,4.696078e-16,4.610091e-18,8.058912e-19,6.997605e-03
3.770000,2.484087827e-01,4.610415537e-01,4.098110459e-02,2.284845555e-01,8.343330481e-02,1.718456371e+00,2.028307953e+01,4.741701931e-01,2.251232e-16,1.233515e-17,1.301043e-18,6.966995e-03
3.780000,2.486110003e-01,4.614011930e-01,4.073492911e-02,2.286596148e-01,8.344052217e-02,1.718688769e+00,2.027270872e+01,4.748099886e-01,2.483815e-16,1.582787e-17,8.154073e-19,6.937905e-03
3.790000,2.488119334e-01,4.617586672e-01,4.049035522e-02,2.288336128e-01,8.344767260e-02,1.718918663e+00,2.026240455e+01,4.754464259e-01,4.476143e-16,1.287236e-17,4.412383e-19,6.936195e-03
3.800000,2.490115910e-01,4.621139879e-01,4.024737178e-02,2.290065555e-01,8.345475658e-02,1.719146077e+00,2.025216638e+01,4.760795163e-01,1.596941e-16,1.011509e-17,8.159702e-19,6.951665e-03
3.810000,2.492099823e-01,4.624671669e-01,4.000596777e-02,2.291784485e-01,8.346177461e-02,1.719371036e+00,2.024199363e+01,4.767092714e-01,5.552806e-16,8.182674e-18,9.455741e-19,6.966975e-03
3.820000,2.494071161e-01,4.628182157e-01,3.976613228e-02,2.293492977e-01,8.346872715e-02,1.719593569e+00,2.023188570e+01,4.773357027e-01,1.446831e-17,3.496447e-18,2.185279e-19,6.984565e-03
3.830000,2.496030013e-01,4.631671458e-01,3.952785455e-02,2.295191088e-01,8.347561466e-02,1.719813701e+00,2.022184202e+01,4.779588219e-01,1.249906e-16,1.788112e-18,1.755772e-18,6.977525e-03
3.840000,2.497976466e-01,4.635139689e-01,3.929112389e-02,2.296878875e-01,8.348243760e-02,1.720031461e+00,2.021186200e+01,4.785786405e-01,2.694601e-16,5.222209e-18,6.574023e-19,6.944945e-03
3.850000,2.499910608e-01,4.638586962e-01,3.905592976e-02,2.298556395e-01,8.348919639e-02,1.720246877e+00,2.020194511e+01,4.791951701e-01,3.706640e-17,7.961322e-18,4.065758e-19,6.979055e-03
3.860000,2.501832525e-01,4.642013392e-01,3.882226169e-02,2.300223704e-01,8.349589148e-02,1.720459980e+00,2.019209079e+01,4.798084224e-01,1.185759e-16,1.072867e-17,1.144286e-18,7.017745e-03
3.870000,2.503742301e-01,4.645419093e-01,3.859010932e-02,2.301880860e-01,8.350252328e-02,1.720670799e+00,2.018229852e+01,4.804184090e-01,2.259191e-16,9.745765e-18,6.321931e-19,6.944585e-03
3.880000,2.505640021e-01,4.648804178e-01,3.835946239e-02,2.303527918e-01,8.350909222e-02,1.720879364e+00,2.017256776e+01,4.810251416e-01,2.997422e-17,4.848700e-18,9.817868e-19,6.960035e-03
3.890000,2.507525769e-01,4.652168758e-01,3.813031072e-02,2.305164934e-01,8.351559871e-02,1.721085705e+00,2.016289801e+01,4.816286319e-01,3.391124e-16,1.788112e-18,9.772866e-19,6.945986e-03
3.900000,2.509399627e-01,4.655512945e-01,3.790264423e-02,2.306791963e-01,8.352204315e-02,1.721289853e+00,2.015328876e+01,4.822288918e-01,2.289234e-16,2.742839e-18,4.022613e-19,6.932185e-03
3.910000,2.511261678e-01,4.658836852e-01,3.767645289e-02,2.308409062e-01,8.352842596e-02,1.721491840e+00,2.014373951e+01,4.828259328e-01,1.436715e-16,6.209365e-18,9.579250e-19,6.968175e-03
3.920000,2.513112002e-01,4.662140589e-01,3.745172679e-02,2.310016284e-01,8.353474752e-02,1.721691696e+00,2.013424979e+01,4.834197670e-01,6.300511e-17,4.527761e-18,6.540411e-19,6.956144e-03
3.930000,2.514950680e-01,4.665424267e-01,3.722845608e-02,2.311613686e-01,8.354100824e-02,1.721889453e+00,2.012481911e+01,4.840104060e-01,6.745054e-16,3.998340e-18,6.527762e-19,7.005565e-03
3.940000,2.516777791e-01,4.668687995e-01,3.700663097e-02,2.313201321e-01,8.354720852e-02,1.722085141e+00,2.011544700e+01,4.845978617e-01,3.335231e-16,7.461328e-18,1.626529e-18,7.010025e-03
3.950000,2.518593415e-01,4.671931882e-01,3.678624177e-02,2.314779243e-01,8.355334874e-02,1.722278793e+00,2.010613301e+01,4.851821460e-01,3.413509e-16,1.371419e-17,6.618575e-19,6.918525e-03
3.960000,2.520397630e-01,4.675156039e-01,3.656727885e-02,2.316347508e-01,8.355942929e-02,1.722470438e+00,2.009687669e+01,4.857632708e-01,6.690660e-16,1.186298e-17,7.398240e-19,6.939316e-03
3.970000,2.522190512e-01,4.678360573e-01,3.634973264e-02,2.317906168e-01,8.356545058e-02,1.722660110e+00,2.008767758e+01,4.863412480e-01,1.259206e-16,3.387156e-18,3.686686e-19,6.963585e-03
3.980000,2.523972138e-01,4.681545593e-01,3.613359365e-02,2.319455277e-01,8.357141297e-02,1.722847838e+00,2.007853525e+01,4.869160896e-01,2.327440e-16,8.542522e-18,1.108411e-18,6.897765e-03
3.990000,2.525742585e-01,4.684711206e-01,3.591885245e-02,2.320994890e-01,8.357731687e-02,1.723033655e+00,2.006944927e+01,4.874878074e-01,2.230452e-16,4.670886e-18,6.060874e-19,6.951725e-03
4.000000,2.527501927e-01,4.687857519e-01,3.570549967e-02,2.322525058e-01,8.358316266e-02,1.723217589e+00,2.006041922e+01,4.880564135e-01,4.493773e-16,4.527761e-18,5.427783e-19,6.954995e-03
4.010000,2.529250239e-01,4.690984639e-01,3.549352601e-02,2.324045835e-01,8.358895072e-02,1.723399673e+00,2.005144468e+01,4.886219200e-01,2.371900e-16,7.638818e-18,9.761583e-19,6.973145e-03
4.020000,2.530987594e-01,4.694092672e-01,3.528292222e-02,2.325557273e-01,8.359468144e-02,1.723579937e+00,2.004252524e+01,4.891843387e-01,6.690579e-16,9.120196e-18,6.776264e-19,6.993325e-03
4.030000,2.532714066e-01,4.697181723e-01,3.507367912e-02,2.327059425e-01,8.360035521e-02,1.723758411e+00,2.003366049e+01,4.897436819e-01,2.222183e-16,7.721468e-18,5.421011e-20,6.989355e-03
4.040000,2.534429727e-01,4.700251899e-01,3.486578760e-02,2.328552342e-01,8.360597240e-02,1.723935125e+00,2.002485005e+01,4.902999615e-01,3.401666e-16,4.987330e-18,1.114361e-18,6.962045e-03
4.050000,2.536134648e-01,4.703303303e-01,3.465923858e-02,2.330036078e-01,8.361153342e-02,1.724110108e+00,2.001609351e+01,4.908531895e-01,4.504319e-16,3.035766e-18,6.510857e-19,6.956875e-03
4.060000,2.537828900e-01,4.706336040e-01,3.445402306e-02,2.331510683e-01,8.361703864e-02,1.724283390e+00,2.000739050e+01,4.914033783e-01,3.657925e-17,6.071532e-18,2.972301e-19,6.993675e-03
4.070000,2.539512554e-01,4.709350214e-01,3.425013209e-02,2.332976209e-01,8.362248844e-02,1.724455001e+00,1.999874062e+01,4.919505397e-01,1.865927e-16,1.505441e-17,4.848700e-19,6.984995e-03
4.080000,2.541185680e-01,4.712345928e-01,3.404755678e-02,2.334432707e-01,8.362788323e-02,1.724624969e+00,1.999014351e+01,4.924946860e-01,3.481481e-16,6.013169e-18,1.631940e-19,6.936435e-03
4.090000,2.542848345e-01,4.715323286e-01,3.384628828e-02,2.335880228e-01,8.363322337e-02,1.724793322e+00,1.998159880e+01,4.930358294e-01,9.992152e-16,2.168404e-18,4.505069e-19,6.862805e-03
4.100000,2.544500620e-01,4.718282389e-01,3.364631781e-02,2.337318824e-01,8.363850926e-02,1.724960089e+00,1.997310613e+01,4.935739819e-01,4.504391e-16,3.529907e-18,8.674676e-19,6.818635e-03
4.110000,2.546142571e-01,4.721223339e-01,3.344763665e-02,2.338748543e-01,8.364374128e-02,1.725125298e+00,1.996466513e+01,4.941091557e-01,2.222789e-16,2.335443e-18,7.594254e-19,6.887275e-03
4.120000,2.547774266e-01,4.724146240e-01,3.325023610e-02,2.340169437e-01,8.364891983e-02,1.725288975e+00,1.995627544e+01,4.946413631e-01,2.357186e-17,8.069844e-18,9.047771e-19,6.905305e-03
4.130000,2.549395771e-01,4.727051190e-01,3.305410756e-02,2.341581556e-01,8.365404529e-02,1.725451148e+00,1.994793673e+01,4.951706162e-01,2.244684e-16,7.589415e-18,5.700123e-19,6.882776e-03
4.140000,2.551007152e-01,4.729938291e-01,3.285924245e-02,2.342984950e-01,8.365911804e-02,1.725611844e+00,1.993964864e+01,4.956969272e-01,4.577901e-16,8.069844e-18,2.557086e-19,6.893865e-03
4.150000,2.552608474e-01,4.732807644e-01,3.266563224e-02,2.344379667e-01,8.366413848e-02,1.725771088e+00,1.993141084e+01,4.962203083e-01,4.613762e-16,1.048934e-17,9.851485e-19,6.897405e-03
4.160000,2.554199803e-01,4.735659348e-01,3.247326848e-02,2.345765759e-01,8.366910698e-02,1.725928908e+00,1.992322299e+01,4.967407718e-01,4.546345e-16,7.152448e-18,4.345271e-19,6.969886e-03
4.170000,2.555781202e-01,4.738493502e-01,3.228214275e-02,2.347143272e-01,8.367402395e-02,1.726085328e+00,1.991508475e+01,4.972583299e-01,7.070337e-17,3.012444e-18,3.699120e-19,6.976175e-03
4.180000,2.557352735e-01,4.741310205e-01,3.209224668e-02,2.348512257e-01,8.367888977e-02,1.726240373e+00,1.990699580e+01,4.977729948e-01,4.484058e-16,7.573911e-18,6.644886e-19,6.955135e-03
4.190000,2.558914466e-01,4.744109556e-01,3.190357196e-02,2.349872763e-01,8.368370482e-02,1.726394068e+00,1.989895582e+01,4.982847787e-01,1.622651e-16,2.168404e-18,7.608751e-19,6.973605e-03
4.200000,2.560466456e-01,4.746891653e-01,3.171611034e-02,2.351224837e-01,8.368846950e-02,1.726546439e+00,1.989096448e+01,4.987936939e-01,7.122812e-17,2.168404e-18,3.946555e-19,6.952425e-03
4.210000,2.562008767e-01,4.749656593e-01,3.152985358e-02,2.352568528e-01,8.369318419e-02,1.726697507e+00,1.988302148e+01,4.992997527e-01,4.005727e-16,6.167576e-18,7.619606e-19,6.967676e-03
4.220000,2.563541462e-01,4.752404472e-01,3.134479354e-02,2.353903883e-01,8.369784929e-02,1.726847298e+00,1.987512649e+01,4.998029672e-01,3.463105e-16,3.705371e-18,8.136033e-19,6.937395e-03
4.230000,2.565064600e-01,4.755135389e-01,3.116092210e-02,2.355230952e-01,8.370246517e-02,1.726995833e+00,1.986727921e+01,5.003033498e-01,8.888628e-16,9.745765e-18,1.141313e-18,6.933445e-03
4.240000,2.566578243e-01,4.757849439e-01,3.097823121e-02,2.356549780e-01,8.370703223e-02,1.727143137e+00,1.985947934e+01,5.008009127e-01,1.060324e-16,1.301043e-18,1.714274e-19,6.979725e-03
4.250000,2.568082450e-01,4.760546718e-01,3.079671284e-02,2.357860416e-01,8.371155086e-02,1.727289231e+00,1.985172656e+01,5.012956681e-01,1.171243e-16,2.949349e-18,1.355253e-19,6.948525e-03
4.260000,2.569577281e-01,4.763227321e-01,3.061635903e-02,2.359162906e-01,8.371602144e-02,1.727434136e+00,1.984402060e+01,5.017876282e-01,6.973572e-17,1.748223e-18,5.528368e-19,6.943795e-03
4.270000,2.571062795e-01,4.765891342e-01,3.043716187e-02,2.360457298e-01,8.372044435e-02,1.727577876e+00,1.983636114e+01,5.022768054e-01,2.225401e-16,7.102972e-18,5.421011e-20,6.954086e-03
4.280000,2.572539049e-01,4.768538878e-01,3.025911350e-02,2.361743638e-01,8.372481999e-02,1.727720470e+00,1.982874790e+01,5.027632118e-01,6.671737e-16,5.489961e-18,6.517906e-19,6.939645e-03
4.290000,2.574006102e-01,4.771170021e-01,3.008220610e-02,2.363021973e-01,8.372914875e-02,1.727861940e+00,1.982118060e+01,5.032468598e-01,3.504913e-17,2.453269e-18,1.631940e-19,6.932815e-03
4.300000,2.575464012e-01,4.773784865e-01,2.990643190e-02,2.364292348e-01,8.373343100e-02,1.728002305e+00,1.981365894e+01,5.037277615e-01,2.358790e-16,3.496447e-18,6.776264e-19,6.956765e-03
4.310000,2.576912835e-01,4.776383503e-01,2.973178318e-02,2.365554809e-01,8.373766713e-02,1.728141587e+00,1.980618264e+01,5.042059291e-01,4.449926e-16,5.834579e-18,4.543635e-19,6.913946e-03
4.320000,2.578352628e-01,4.778966028e-01,2.955825228e-02,2.366809404e-01,8.374185752e-02,1.728279803e+00,1.979875142e+01,5.046813750e-01,2.551144e-16,4.594766e-18,6.631397e-19,6.917106e-03
4.330000,2.579783447e-01,4.781532532e-01,2.938583157e-02,2.368056176e-01,8.374600256e-02,1.728416974e+00,1.979136501e+01,5.051541112e-01,4.454648e-16,3.469447e-18,3.253312e-19,6.922785e-03
4.340000,2.581205348e-01,4.784083107e-01,2.921451347e-02,2.369295171e-01,8.375010264e-02,1.728553118e+00,1.978402313e+01,5.056241501e-01,2.485718e-16,1.852685e-18,8.749781e-19,6.950386e-03
4.350000,2.582618385e-01,4.786617845e-01,2.904429047e-02,2.370526435e-01,8.375415812e-02,1.728688254e+00,1.977672552e+01,5.060915038e-01,6.263199e-17,3.786955e-18,9.486769e-20,6.952975e-03
4.360000,2.584022614e-01,4.789136836e-01,2.887515508e-02,2.371750012e-01,8.375816940e-02,1.728822400e+00,1.976947190e+01,5.065561845e-01,4.510517e-16,5.062191e-18,1.661221e-19,6.934575e-03
4.370000,2.585418089e-01,4.791640172e-01,2.870709987e-02,2.372965947e-01,8.376213685e-02,1.728955573e+00,1.976226200e+01,5.070182043e-01,2.609816e-16,6.314489e-18,3.797127e-19,6.966365e-03
4.380000,2.586804864e-01,4.794127941e-01,2.854011746e-02,2.374174285e-01,8.376606084e-02,1.729087791e+00,1.975509557e+01,5.074775755e-01,1.547067e-16,6.805474e-18,3.550271e-19,6.981905e-03
4.390000,2.588182992e-01,4.796600234e-01,2.837420052e-02,2.375375069e-01,8.376994177e-02,1.729219071e+00,1.974797235e+01,5.079343102e-01,5.691235e-17,5.724752e-18,3.473785e-19,6.985585e-03
4.400000,2.589552526e-01,4.799057140e-01,2.820934176e-02,2.376568344e-01,8.377378000e-02,1.729349429e+00,1.974089207e+01,5.083884206e-01,3.377773e-16,5.918592e-18,1.315712e-19,7.059785e-03
4.410000,2.590913519e-01,4.801498748e-01,2.804553394e-02,2.377754153e-01,8.377757591e-02,1.729478881e+00,1.973385448e+01,5.088399188e-01,4.476140e-16,7.961322e-18,1.278543e-19,6.961395e-03
4.420000,2.592266024e-01,4.803925146e-01,2.788276986e-02,2.378932540e-01,8.378132987e-02,1.729607443e+00,1.972685932e+01,5.092888168e-01,6.729060e-16,6.562782e-18,1.396963e-19,6.956955e-03
4.430000,2.593610092e-01,4.806336423e-01,2.772104238e-02,2.380103549e-01,8.378504226e-02,1.729735132e+00,1.971990636e+01,5.097351269e-01,6.962117e-17,5.421011e-18,3.816426e-19,6.961685e-03
4.440000,2.594945775e-01,4.808732666e-01,2.756034439e-02,2.381267222e-01,8.378871344e-02,1.729861961e+00,1.971299532e+01,5.101788611e-01,3.458579e-16,8.046504e-18,1.117570e-19,6.956254e-03
4.450000,2.596273123e-01,4.811113961e-01,2.740066886e-02,2.382423603e-01,8.379234379e-02,1.729987947e+00,1.970612598e+01,5.106200314e-01,2.484050e-16,2.637978e-18,2.397687e-19,6.929725e-03
4.460000,2.597592188e-01,4.813480397e-01,2.724200876e-02,2.383572734e-01,8.379593367e-02,1.730113103e+00,1.969929808e+01,5.110586499e-01,2.777330e-16,2.682168e-18,6.060874e-20,6.935475e-03
4.470000,2.598903020e-01,4.815832058e-01,2.708435714e-02,2.384714658e-01,8.379948346e-02,1.730237444e+00,1.969251138e+01,5.114947288e-01,6.661430e-16,8.673617e-19,1.638960e-19,6.943425e-03
4.480000,2.600205669e-01,4.818169032e-01,2.692770709e-02,2.385849417e-01,8.380299351e-02,1.730360983e+00,1.968576565e+01,5.119282799e-01,1.314454e-16,2.168404e-19,4.585884e-19,6.881345e-03
4.490000,2.601500185e-01,4.820491403e-01,2.677205173e-02,2.386977054e-01,8.380646419e-02,1.730483735e+00,1.967906064e+01,5.123593153e-01,5.949951e-17,8.239937e-18,1.788985e-19,6.867835e-03
4.500000,2.602786616e-01,4.822799256e-01,2.661738425e-02,2.388097609e-01,8.380989586e-02,1.730605712e+00,1.967239611e+01,5.127878469e-01,6.705181e-16,4.670886e-18,2.074245e-19,6.884245e-03
4.510000,2.604065012e-01,4.825092677e-01,2.646369787e-02,2.389211125e-01,8.381328888e-02,1.730726928e+00,1.966577184e+01,5.132138868e-01,3.363194e-16,5.057545e-18,1.581935e-19,6.878995e-03
4.520000,2.605335421e-01,4.827371749e-01,2.631098586e-02,2.390317644e-01,8.381664361e-02,1.730847395e+00,1.965918758e+01,5.136374469e-01,2.328994e-16,1.788112e-18,4.379480e-19,6.890415e-03
4.530000,2.606597892e-01,4.829636556e-01,2.615924154e-02,2.391417205e-01,8.381996041e-02,1.730967125e+00,1.965264312e+01,5.140585391e-01,2.326475e-16,2.776912e-18,4.878910e-19,6.909016e-03
4.540000,2.607852473e-01,4.831887182e-01,2.600845826e-02,2.392509852e-01,8.382323963e-02,1.731086131e+00,1.964613821e+01,5.144771753e-01,2.439556e-16,1.939480e-18,2.206192e-19,6.893705e-03
4.550000,2.609099210e-01,4.834123710e-01,2.585862943e-02,2.393595624e-01,8.382648163e-02,1.731204424e+00,1.963967263e+01,5.148933674e-01,4.495665e-16,6.075403e-18,2.919304e-19,6.914885e-03
4.560000,2.610338151e-01,4.836346222e-01,2.570974850e-02,2.394674562e-01,8.382968676e-02,1.731322017e+00,1.963324617e+01,5.153071273e-01,6.753324e-16,5.724752e-18,3.388132e-19,6.872845e-03
4.570000,2.611569344e-01,4.838554800e-01,2.556180896e-02,2.395746707e-01,8.383285536e-02,1.731438919e+00,1.962685858e+01,5.157184667e-01,3.234995e-17,2.682168e-18,3.833234e-19,6.918295e-03
4.580000,2.612792834e-01,4.840749526e-01,2.541480437e-02,2.396812098e-01,8.383598778e-02,1.731555143e+00,1.962050966e+01,5.161273975e-01,2.482048e-17,3.476217e-18,5.571803e-19,6.907935e-03
4.590000,2.614008668e-01,4.842930482e-01,2.526872829e-02,2.397870776e-01,8.383908438e-02,1.731670699e+00,1.961419918e+01,5.165339315e-01,2.618901e-16,2.135631e-18,2.837143e-19,6.939865e-03
4.600000,2.615216892e-01,4.845097749e-01,2.512357436e-02,2.398922781e-01,8.384214549e-02,1.731785597e+00,1.960792692e+01,5.169380805e-01,6.804930e-16,3.786955e-18,2.718118e-19,6.920795e-03
4.610000,2.616417551e-01,4.847251406e-01,2.497933626e-02,2.399968152e-01,8.384517146e-02,1.731899847e+00,1.960169266e+01,5.173398562e-01,6.054959e-17,5.918592e-18,3.765554e-19,6.898985e-03
4.620000,2.617610691e-01,4.849391535e-01,2.483600769e-02,2.401006928e-01,8.384816262e-02,1.732013461e+00,1.959549620e+01,5.177392702e-01,6.378761e-17,6.609188e-18,4.908934e-19,6.888795e-03
4.630000,2.618796357e-01,4.851518215e-01,2.469358242e-02,2.402039150e-01,8.385111932e-02,1.732126446e+00,1.958933731e+01,5.181363344e-01,2.920228e-16,7.833314e-18,1.849560e-19,6.895265e-03
4.640000,2.619974593e-01,4.853631525e-01,2.455205425e-02,2.403064855e-01,8.385404188e-02,1.732238813e+00,1.958321579e+01,5.185310603e-01,4.463425e-16,9.697399e-19,2.177913e-19,6.916105e-03
4.650000,2.621145444e-01,4.855731545e-01,2.441141704e-02,2.404084083e-01,8.385693065e-02,1.732350572e+00,1.957713141e+01,5.189234596e-01,2.261330e-16,6.436181e-18,1.631940e-19,6.911845e-03
4.660000,2.622308953e-01,4.857818352e-01,2.427166466e-02,2.405096873e-01,8.385978596e-02,1.732461730e+00,1.957108398e+01,5.193135438e-01,4.453208e-16,4.074062e-18,3.352710e-19,6.907295e-03
4.670000,2.623465166e-01,4.859892025e-01,2.413279105e-02,2.406103262e-01,8.386260813e-02,1.732572297e+00,1.956507329e+01,5.197013247e-01,8.931873e-16,7.638818e-18,1.631940e-19,6.874395e-03
4.680000,2.624614125e-01,4.861952642e-01,2.399479019e-02,2.407103289e-01,8.386539749e-02,1.732682281e+00,1.955909912e+01,5.200868137e-01,8.886395e-16,4.594766e-18,1.533293e-19,6.890304e-03
4.690000,2.625755873e-01,4.864000281e-01,2.385765610e-02,2.408096992e-01,8.386815437e-02,1.732791691e+00,1.955316127e+01,5.204700223e-01,7.791465e-16,3.309926e-18,2.724024e-19,6.879115e-03
4.700000,2.626890454e-01,4.866035017e-01,2.372138284e-02,2.409084409e-01,8.387087910e-02,1.732900535e+00,1.954725955e+01,5.208509621e-01,2.293145e-16,1.748223e-18,5.972730e-19,6.899905e-03
4.710000,2.628017910e-01,4.868056928e-01,2.358596451e-02,2.410065578e-01,8.387357198e-02,1.733008821e+00,1.954139374e+01,5.212296445e-01,3.533391e-16,3.786955e-18,5.700123e-19,6.886094e-03
4.720000,2.629138284e-01,4.870066090e-01,2.345139525e-02,2.411040535e-01,8.387623335e-02,1.733116556e+00,1.953556365e+01,5.216060809e-01,1.450766e-17,1.388456e-18,4.065758e-20,6.918585e-03
4.730000,2.630251617e-01,4.872062578e-01,2.331766925e-02,2.412009318e-01,8.387886351e-02,1.733223748e+00,1.952976907e+01,5.219802828e-01,4.529739e-16,5.386205e-18,3.809803e-19,6.964935e-03
4.740000,2.631357952e-01,4.874046469e-01,2.318478075e-02,2.412971965e-01,8.388146279e-02,1.733330404e+00,1.952400981e+01,5.223522616e-01,2.315029e-16,3.679904e-18,2.252534e-19,6.898635e-03
4.750000,2.632457330e-01,4.876017837e-01,2.305272400e-02,2.413928511e-01,8.388403149e-02,1.733436532e+00,1.951828567e+01,5.227220284e-01,2.222361e-16,2.742839e-18,2.710505e-19,6.919934e-03
4.760000,2.633549793e-01,4.877976756e-01,2.292149332e-02,2.414878994e-01,8.388656993e-02,1.733542138e+00,1.951259645e+01,5.230895948e-01,6.766126e-16,1.734723e-18,1.638960e-19,7.012334e-03
4.770000,2.634635381e-01,4.879923302e-01,2.279108306e-02,2.415823450e-01,8.388907842e-02,1.733647229e+00,1.950694196e+01,5.234549720e-01,1.253058e-16,1.788112e-18,3.309287e-19,6.965975e-03
4.780000,2.635714136e-01,4.881857547e-01,2.266148760e-02,2.416761916e-01,8.389155725e-02,1.733751812e+00,1.950132201e+01,5.238181711e-01,3.350765e-16,9.311523e-18,7.666467e-20,6.972465e-03
4.790000,2.636786098e-01,4.883779566e-01,2.253270140e-02,2.417694427e-01,8.389400673e-02,1.733855893e+00,1.949573640e+01,5.241792035e-01,2.372984e-16,3.686287e-18,5.789642e-20,6.957835e-03
4.800000,2.637851307e-01,4.885689431e-01,2.240471890e-02,2.418621019e-01,8.389642717e-02,1.733959479e+00,1.949018494e+01,5.245380803e-01,3.356928e-16,5.724752e-18,3.253312e-19,6.935235e-03
4.810000,2.638909803e-01,4.887587215e-01,2.227753464e-02,2.419541728e-01,8.389881887e-02,1.734062575e+00,1.948466744e+01,5.248948127e-01,2.372980e-16,3.576224e-18,1.694066e-19,6.959514e-03
4.820000,2.639961626e-01,4.889472991e-01,2.215114315e-02,2.420456590e-01,8.390118211e-02,1.734165187e+00,1.947918372e+01,5.252494118e-01,2.227472e-16,3.786955e-18,2.014728e-19,6.939324e-03
4.830000,2.641006817e-01,4.891346830e-01,2.202553903e-02,2.421365640e-01,8.390351720e-02,1.734267322e+00,1.947373358e+01,5.256018886e-01,3.625042e-16,2.045669e-18,2.462871e-19,6.979495e-03
4.840000,2.642045413e-01,4.893208805e-01,2.190071691e-02,2.422268912e-01,8.390582443e-02,1.734368984e+00,1.946831684e+01,5.259522543e-01,2.488303e-16,5.293750e-18,2.710505e-20,6.968425e-03
4.850000,2.643077454e-01,4.895058986e-01,2.177667146e-02,2.423166443e-01,8.390810408e-02,1.734470179e+00,1.946293331e+01,5.263005199e-01,2.225794e-16,2.045669e-18,2.038518e-19,6.975615e-03
4.860000,2.644102979e-01,4.896897444e-01,2.165339739e-02,2.424058266e-01,8.391035645e-02,1.734570913e+00,1.945758281e+01,5.266466962e-01,7.254362e-17,8.940560e-19,6.776264e-20,6.976885e-03
4.870000,2.645122027e-01,4.898724249e-01,2.153088944e-02,2.424944416e-01,8.391258182e-02,1.734671190e+00,1.945226515e+01,5.269907944e-01,5.558511e-16,9.697399e-19,2.485143e-19,6.950505e-03
4.880000,2.646134636e-01,4.900539472e-01,2.140914240e-02,2.425824928e-01,8.391478048e-02,1.734771016e+00,1.944698015e+01,5.273328253e-01,3.331160e-16,3.529907e-18,5.463198e-20,6.964104e-03
4.890000,2.647140844e-01,4.902343183e-01,2.128815109e-02,2.426699836e-01,8.391695270e-02,1.734870396e+00,1.944172764e+01,5.276727997e-01,6.705124e-16,2.335443e-18,2.793925e-20,7.021285e-03
4.900000,2.648140689e-01,4.904135450e-01,2.116791037e-02,2.427569173e-01,8.391909877e-02,1.734969333e+00,1.943650743e+01,5.280107286e-01,1.418309e-16,4.342226e-18,2.731599e-20,6.970195e-03
4.910000,2.649134208e-01,4.905916343e-01,2.104841514e-02,2.428432974e-01,8.392121896e-02,1.735067834e+00,1.943131933e+01,5.283466227e-01,6.945181e-17,1.939480e-18,3.196357e-20,6.946275e-03
4.920000,2.650121440e-01,4.907685931e-01,2.092966034e-02,2.429291273e-01,8.392331354e-02,1.735165901e+00,1.942616318e+01,5.286804929e-01,2.326440e-16,1.939480e-18,5.515479e-20,6.961024e-03
4.930000,2.651102421e-01,4.909444281e-01,2.081164094e-02,2.430144102e-01,8.392538280e-02,1.735263541e+00,1.942103880e+01,5.290123498e-01,6.726147e-16,3.705371e-18,1.627714e-19,6.844625e-03
4.940000,2.652077188e-01,4.911191462e-01,2.069435194e-02,2.430991495e-01,8.392742699e-02,1.735360756e+00,1.941594601e+01,5.293422042e-01,1.224580e-15,3.012444e-18,6.776264e-20,6.901135e-03
4.950000,2.653045779e-01,4.912927541e-01,2.057778840e-02,2.431833486e-01,8.392944638e-02,1.735457551e+00,1.941088463e+01,5.296700666e-01,4.478890e-16,1.788112e-18,3.196357e-20,7.069094e-03
4.960000,2.654008229e-01,4.914652585e-01,2.046194540e-02,2.432670106e-01,8.393144125e-02,1.735553930e+00,1.940585449e+01,5.299959479e-01,3.331480e-16,3.402737e-18,2.531821e-19,6.985325e-03
4.970000,2.654964576e-01,4.916366661e-01,2.034681805e-02,2.433501389e-01,8.393341186e-02,1.735649896e+00,1.940085541e+01,5.303198585e-01,2.389574e-16,1.939480e-18,1.447411e-19,6.945575e-03
4.980000,2.655914854e-01,4.918069836e-01,2.023240151e-02,2.434327368e-01,8.393535846e-02,1.735745455e+00,1.939588723e+01,5.306418090e-01,1.179616e-16,2.657954e-18,8.381775e-20,6.914985e-03
4.990000,2.656859101e-01,4.919762176e-01,2.011869098e-02,2.435148074e-01,8.393728131e-02,1.735840608e+00,1.939094977e+01,5.309618099e-01,5.572810e-16,1.226635e-18,1.735570e-19,6.958574e-03
5.000000,2.657797352e-01,4.921443745e-01,2.000568167e-02,2.435963541e-01,8.393918068e-02,1.735935360e+00,1.938604286e+01,5.312798718e-01,5.573385e-16,9.757820e-19,6.776264e-21,6.953254e-03
5.010000,2.658729642e-01,4.923114611e-01,1.989336884e-02,2.436773799e-01,8.394105681e-02,1.736029715e+00,1.938116634e+01,5.315960050e-01,1.458133e-16,3.218090e-18,2.168669e-19,6.947605e-03
5.020000,2.659656007e-01,4.924774837e-01,1.978174780e-02,2.437578881e-01,8.394290996e-02,1.736123675e+00,1.937632002e+01,5.319102199e-01,1.443425e-15,1.388456e-18,1.435865e-19,6.951395e-03
5.030000,2.660576481e-01,4.926424489e-01,1.967081387e-02,2.438378819e-01,8.394474038e-02,1.736217243e+00,1.937150375e+01,5.322225271e-01,4.506036e-16,3.188734e-18,4.079851e-20,6.899515e-03
5.040000,2.661491101e-01,4.928063631e-01,1.956056242e-02,2.439173643e-01,8.394654831e-02,1.736310424e+00,1.936671736e+01,5.325329366e-01,2.515851e-16,1.305552e-18,1.088956e-19,6.915655e-03
5.050000,2.662399899e-01,4.929692326e-01,1.945098884e-02,2.439963387e-01,8.394833401e-02,1.736403220e+00,1.936196068e+01,5.328414590e-01,2.298647e-16,1.022834e-18,1.897656e-19,6.861095e-03
5.060000,2.663302912e-01,4.931310639e-01,1.934208858e-02,2.440748079e-01,8.395009771e-02,1.736495633e+00,1.935723355e+01,5.331481043e-01,3.395076e-16,4.348989e-18,6.060874e-20,6.892914e-03
5.070000,2.664200173e-01,4.932918633e-01,1.923385709e-02,2.441527752e-01,8.395183966e-02,1.736587668e+00,1.935253580e+01,5.334528830e-01,6.684546e-16,3.782296e-18,8.243680e-20,6.978045e-03
5.080000,2.665091716e-01,4.934516370e-01,1.912628987e-02,2.442302437e-01,8.395356009e-02,1.736679326e+00,1.934786727e+01,5.337558050e-01,2.607410e-16,6.314489e-18,3.601633e-20,6.915365e-03
5.090000,2.665977575e-01,4.936103914e-01,1.901938246e-02,2.443072163e-01,8.395525925e-02,1.736770610e+00,1.934322779e+01,5.340568806e-01,6.669237e-16,3.976229e-18,5.759824e-20,6.971884e-03
5.100000,2.666857784e-01,4.937681326e-01,1.891313043e-02,2.443836962e-01,8.395693737e-02,1.736861524e+00,1.933861720e+01,5.343561198e-01,2.714737e-16,4.906539e-18,1.109839e-19,7.018935e-03
5.110000,2.667732377e-01,4.939248669e-01,1.880752938e-02,2.444596864e-01,8.395859467e-02,1.736952069e+00,1.933403535e+01,5.346535328e-01,6.895704e-17,3.529907e-18,1.365800e-19,6.883355e-03
5.120000,2.668601386e-01,4.940806003e-01,1.870257493e-02,2.445351899e-01,8.396023140e-02,1.737042248e+00,1.932948207e+01,5.349491296e-01,2.237830e-16,3.035766e-18,1.694066e-19,6.911035e-03
5.130000,2.669464845e-01,4.942353391e-01,1.859826275e-02,2.446102097e-01,8.396184778e-02,1.737132063e+00,1.932495720e+01,5.352429201e-01,1.393235e-16,4.271261e-18,2.990974e-19,7.000054e-03
5.140000,2.670322787e-01,4.943890893e-01,1.849458853e-02,2.446847487e-01,8.396344403e-02,1.737221517e+00,1.932046058e+01,5.355349143e-01,6.663175e-16,5.421011e-19,2.485143e-19,7.059694e-03
5.150000,2.671175244e-01,4.945418570e-01,1.839154800e-02,2.447588100e-01,8.396502038e-02,1.737310613e+00,1.931599206e+01,5.358251221e-01,2.291879e-16,3.634908e-18,1.084731e-19,6.852005e-03
5.160000,2.672022250e-01,4.946936482e-01,1.828913693e-02,2.448323964e-01,8.396657706e-02,1.737399351e+00,1.931155148e+01,5.361135534e-01,1.625597e-16,4.336809e-18,3.057589e-19,6.866495e-03
5.170000,2.672863836e-01,4.948444688e-01,1.818735110e-02,2.449055110e-01,8.396811429e-02,1.737487735e+00,1.930713868e+01,5.364002180e-01,2.316966e-16,3.402737e-18,2.731599e-20,6.979835e-03
5.180000,2.673700035e-01,4.949943250e-01,1.808618633e-02,2.449781565e-01,8.396963227e-02,1.737575767e+00,1.930275350e+01,5.366851256e-01,7.552127e-17,3.309926e-18,8.684463e-20,6.882665e-03
5.190000,2.674530878e-01,4.951432224e-01,1.798563848e-02,2.450503360e-01,8.397113123e-02,1.737663447e+00,1.929839580e+01,5.369682862e-01,3.376795e-16,1.226635e-18,1.016440e-19,6.936314e-03
5.200000,2.675356398e-01,4.952911672e-01,1.788570342e-02,2.451220523e-01,8.397261139e-02,1.737750780e+00,1.929406542e+01,5.372497093e-01,7.794229e-16,1.192622e-18,5.171759e-20,6.853965e-03
5.210000,2.676176627e-01,4.954381651e-01,1.778637708e-02,2.451933083e-01,8.397407294e-02,1.737837765e+00,1.928976220e+01,5.375294046e-01,6.714257e-16,3.576224e-18,6.060874e-20,6.834765e-03
5.220000,2.676991595e-01,4.955842219e-01,1.768765539e-02,2.452641068e-01,8.397551612e-02,1.737924406e+00,1.928548599e+01,5.378073818e-01,5.581307e-16,2.528772e-18,1.635103e-19,6.886785e-03
5.230000,2.677801334e-01,4.957293434e-01,1.758953433e-02,2.453344507e-01,8.397694111e-02,1.738010703e+00,1.928123664e+01,5.380836505e-01,2.290017e-16,6.095685e-18,1.227701e-19,6.918014e-03
5.240000,2.678605875e-01,4.958735354e-01,1.749200990e-02,2.454043427e-01,8.397834814e-02,1.738096659e+00,1.927701400e+01,5.383582202e-01,7.777407e-16,3.668707e-18,2.981748e-19,6.863715e-03
5.250000,2.679405250e-01,4.960168037e-01,1.739507813e-02,2.454737857e-01,8.397973739e-02,1.738182276e+00,1.927281791e+01,5.386311004e-01,1.244221e-16,3.892573e-18,6.219783e-20,6.847605e-03
5.260000,2.680199488e-01,4.961591539e-01,1.729873508e-02,2.455427824e-01,8.398110909e-02,1.738267554e+00,1.926864824e+01,5.389023007e-01,6.671333e-16,3.892573e-18,2.731599e-20,6.862924e-03
5.270000,2.680988621e-01,4.963005917e-01,1.720297685e-02,2.456113357e-01,8.398246341e-02,1.738352496e+00,1.926450483e+01,5.391718304e-01,4.674308e-16,1.305552e-18,8.809143e-20,6.837425e-03
5.280000,2.681772679e-01,4.964411227e-01,1.710779955e-02,2.456794483e-01,8.398380057e-02,1.738437102e+00,1.926038753e+01,5.394396989e-01,2.276087e-16,3.831700e-18,3.833234e-20,6.860095e-03
5.290000,2.682551692e-01,4.965807526e-01,1.701319933e-02,2.457471228e-01,8.398512077e-02,1.738521376e+00,1.925629619e+01,5.397059156e-01,2.309875e-16,3.786955e-18,4.404571e-20,6.863585e-03
5.300000,2.683325691e-01,4.967194868e-01,1.691917237e-02,2.458143622e-01,8.398642418e-02,1.738605317e+00,1.925223067e+01,5.399704899e-01,2.388930e-16,5.421011e-19,3.833234e-20,6.896835e-03
5.310000,2.684094704e-01,4.968573309e-01,1.682571487e-02,2.458811689e-01,8.398771101e-02,1.738688927e+00,1.924819083e+01,5.402334309e-01,1.459361e-17,3.807078e-18,4.886433e-20,6.899385e-03
5.320000,2.684858763e-01,4.969942906e-01,1.673282306e-02,2.459475458e-01,8.398898145e-02,1.738772208e+00,1.924417651e+01,5.404947480e-01,2.259335e-16,1.999170e-18,2.440396e-19,6.887815e-03
5.330000,2.685617897e-01,4.971303711e-01,1.664049321e-02,2.460134955e-01,8.399023569e-02,1.738855161e+00,1.924018757e+01,5.407544503e-01,3.344006e-16,1.918149e-18,4.886433e-20,6.881585e-03
5.340000,2.686372134e-01,4.972655780e-01,1.654872159e-02,2.460790207e-01,8.399147391e-02,1.738937788e+00,1.923622387e+01,5.410125470e-01,5.614443e-16,2.235140e-18,1.359059e-19,6.897375e-03
5.350000,2.687121505e-01,4.973999166e-01,1.645750452e-02,2.461441240e-01,8.399269629e-02,1.739020089e+00,1.923228526e+01,5.412690472e-01,5.590544e-16,4.944723e-18,1.092640e-19,6.876155e-03
5.360000,2.687866039e-01,4.975333924e-01,1.636683835e-02,2.462088081e-01,8.399390303e-02,1.739102065e+00,1.922837161e+01,5.415239600e-01,8.910279e-16,2.276825e-18,6.879243e-20,6.882395e-03
5.370000,2.688605764e-01,4.976660108e-01,1.627671944e-02,2.462730755e-01,8.399509430e-02,1.739183718e+00,1.922448277e+01,5.417772944e-01,5.579412e-16,1.563659e-18,1.141076e-19,6.896505e-03
5.380000,2.689340709e-01,4.977977770e-01,1.618714418e-02,2.463369289e-01,8.399627028e-02,1.739265050e+00,1.922061860e+01,5.420290594e-01,2.291648e-16,2.611105e-18,1.170255e-19,6.885765e-03
5.390000,2.690070903e-01,4.979286963e-01,1.609810900e-02,2.464003708e-01,8.399743116e-02,1.739346060e+00,1.921677896e+01,5.422792639e-01,3.925469e-18,1.788112e-18,8.243680e-20,6.839895e-03
5.400000,2.690796374e-01,4.980587740e-01,1.600961034e-02,2.464634039e-01,8.399857710e-02,1.739426751e+00,1.921296370e+01,5.425279170e-01,2.222216e-16,2.168404e-18,5.587850e-20,6.872875e-03
5.410000,2.691517151e-01,4.981880153e-01,1.592164468e-02,2.465260306e-01,8.399970827e-02,1.739507122e+00,1.920917270e+01,5.427750274e-01,6.269019e-17,1.764953e-18,1.092640e-19,6.876455e-03
5.420000,2.692233262e-01,4.983164255e-01,1.583420851e-02,2.465882535e-01,8.400082487e-02,1.739587176e+00,1.920540581e+01,5.430206040e-01,2.228265e-16,2.385245e-18,3.601633e-20,6.890405e-03
5.430000,2.692944735e-01,4.984440096e-01,1.574729835e-02,2.466500752e-01,8.400192704e-02,1.739666914e+00,1.920166289e+01,5.432646556e-01,4.519768e-16,1.893478e-18,3.388132e-20,6.879584e-03
5.440000,2.693651597e-01,4.985707729e-01,1.566091076e-02,2.467114982e-01,8.400301497e-02,1.739746335e+00,1.919794381e+01,5.435071910e-01,5.563312e-18,2.949349e-18,3.492406e-20,6.923394e-03
5.450000,2.694353877e-01,4.986967205e-01,1.557504231e-02,2.467725249e-01,8.400408881e-02,1.739825441e+00,1.919424843e+01,5.437482189e-01,3.348974e-16,5.062191e-18,1.610699e-19,6.908315e-03
5.460000,2.695051601e-01,4.988218574e-01,1.548968960e-02,2.468331578e-01,8.400514874e-02,1.739904233e+00,1.919057661e+01,5.439877479e-01,3.395156e-16,1.454610e-18,1.360431e-19,6.868055e-03
5.470000,2.695744798e-01,4.989461887e-01,1.540484925e-02,2.468933995e-01,8.400619492e-02,1.739982713e+00,1.918692823e+01,5.442257867e-01,4.548847e-16,2.377841e-18,1.780059e-19,6.849945e-03
5.480000,2.696433495e-01,4.990697194e-01,1.532051791e-02,2.469532523e-01,8.400722751e-02,1.740060880e+00,1.918330314e+01,5.444623438e-01,1.666312e-16,1.474674e-18,8.745384e-20,6.813575e-03
5.490000,2.697117718e-01,4.991924545e-01,1.523669225e-02,2.470127187e-01,8.400824666e-02,1.740138735e+00,1.917970121e+01,5.446974280e-01,8.425850e-17,1.951564e-18,1.356946e-19,6.900414e-03
5.500000,2.697797495e-01,4.993143991e-01,1.515336897e-02,2.470718011e-01,8.400925255e-02,1.740216280e+00,1.917612231e+01,5.449310476e-01,4.486692e-16,4.271261e-18,5.028266e-20,6.886895e-03
5.510000,2.698472852e-01,4.994355579e-01,1.507054478e-02,2.471305019e-01,8.401024533e-02,1.740293515e+00,1.917256630e+01,5.451632112e-01,4.460601e-16,1.939480e-18,5.515479e-20,6.885315e-03
5.520000,2.699143816e-01,4.995559361e-01,1.498821644e-02,2.471888236e-01,8.401122514e-02,1.740370441e+00,1.916903306e+01,5.453939271e-01,1.335531e-17,3.006585e-18,6.810061e-20,6.860465e-03
5.530000,2.699810414e-01,4.996755383e-01,1.490638071e-02,2.472467685e-01,8.401219216e-02,1.740447058e+00,1.916552245e+01,5.456232039e-01,6.714471e-16,1.084202e-18,5.444782e-20,6.859604e-03
5.540000,2.700472671e-01,4.997943695e-01,1.482503437e-02,2.473043390e-01,8.401314651e-02,1.740523368e+00,1.916203434e+01,5.458510498e-01,2.239454e-16,1.474674e-18,7.733555e-20,6.885185e-03
5.550000,2.701130615e-01,4.999124345e-01,1.474417425e-02,2.473615374e-01,8.401408837e-02,1.740599371e+00,1.915856860e+01,5.460774731e-01,2.265338e-16,2.845902e-18,0.000000e+00,6.831275e-03
5.560000,2.701784271e-01,5.000297382e-01,1.466379717e-02,2.474183661e-01,8.401501788e-02,1.740675068e+00,1.915512510e+01,5.463024823e-01,6.777518e-16,2.235140e-18,1.500372e-19,6.942155e-03
5.570000,2.702433665e-01,5.001462852e-01,1.458390001e-02,2.474748274e-01,8.401593518e-02,1.740750460e+00,1.915170372e+01,5.465260854e-01,1.249621e-16,2.682168e-18,4.342232e-20,6.991804e-03
5.580000,2.703078823e-01,5.002620803e-01,1.450447963e-02,2.475309236e-01,8.401684042e-02,1.740825547e+00,1.914830432e+01,5.467482907e-01,4.527114e-16,4.470280e-19,1.375849e-19,6.974214e-03
5.590000,2.703719770e-01,5.003771283e-01,1.442553294e-02,2.475866570e-01,8.401773374e-02,1.740900330e+00,1.914492678e+01,5.469691064e-01,3.356825e-16,1.951564e-18,8.131516e-20,7.138474e-03
5.600000,2.704356532e-01,5.004914338e-01,1.434705688e-02,2.476420299e-01,8.401861530e-02,1.740974809e+00,1.914157097e+01,5.471885407e-01,4.566229e-16,3.157244e-18,5.421011e-20,6.849114e-03
5.610000,2.704989135e-01,5.006050015e-01,1.426904838e-02,2.476970446e-01,8.401948522e-02,1.741048985e+00,1.913823677e+01,5.474066014e-01,1.130514e-16,2.637978e-18,6.945670e-20,6.805045e-03
5.620000,2.705617603e-01,5.007178360e-01,1.419150442e-02,2.477517034e-01,8.402034365e-02,1.741122859e+00,1.913492404e+01,5.476232969e-01,4.443729e-16,2.171113e-18,4.079851e-20,6.828995e-03
5.630000,2.706241962e-01,5.008299419e-01,1.411442198e-02,2.478060084e-01,8.402119073e-02,1.741196432e+00,1.913163267e+01,5.478386349e-01,4.496070e-16,1.990331e-18,2.039925e-20,6.853825e-03
5.640000,2.706862237e-01,5.009413238e-01,1.403779809e-02,2.478599620e-01,8.402202659e-02,1.741269704e+00,1.912836252e+01,5.480526236e-01,4.442052e-16,9.697399e-19,1.185846e-20,6.835545e-03
5.650000,2.707478452e-01,5.010519863e-01,1.396162977e-02,2.479135663e-01,8.402285137e-02,1.741342675e+00,1.912511348e+01,5.482652708e-01,7.772667e-16,2.335443e-18,6.578562e-20,6.841155e-03
5.660000,2.708090632e-01,5.011619339e-01,1.388591409e-02,2.479668235e-01,8.402366520e-02,1.741415346e+00,1.912188542e+01,5.484765844e-01,1.191620e-16,2.335443e-18,7.298259e-20,6.873525e-03
5.670000,2.708698801e-01,5.012711710e-01,1.381064810e-02,2.480197359e-01,8.402446822e-02,1.741487719e+00,1.911867822e+01,5.486865724e-01,1.333420e-16,3.604055e-18,9.541066e-20,6.855254e-03
5.680000,2.709302985e-01,5.013797022e-01,1.373582893e-02,2.480723056e-01,8.402526055e-02,1.741559792e+00,1.911549175e+01,5.488952424e-01,2.348415e-16,4.114258e-18,6.784729e-20,6.847265e-03
5.690000,2.709903207e-01,5.014875319e-01,1.366145367e-02,2.481245348e-01,8.402604233e-02,1.741631568e+00,1.911232590e+01,5.491026023e-01,2.305893e-16,1.788112e-18,7.074627e-20,6.842285e-03
5.700000,2.710499491e-01,5.015946646e-01,1.358751947e-02,2.481764257e-01,8.402681368e-02,1.741703046e+00,1.910918055e+01,5.493086598e-01,6.671325e-16,1.563659e-18,5.549197e-20,6.852045e-03
5.710000,2.711091861e-01,5.017011045e-01,1.351402348e-02,2.482279803e-01,8.402757473e-02,1.741774226e+00,1.910605557e+01,5.495134227e-01,4.477007e-16,2.345488e-18,5.549197e-20,6.892275e-03
5.720000,2.711680342e-01,5.018068562e-01,1.344096289e-02,2.482792009e-01,8.402832561e-02,1.741845111e+00,1.910295084e+01,5.497168985e-01,4.486006e-16,2.436441e-18,4.079851e-20,6.899254e-03
5.730000,2.712264957e-01,5.019119239e-01,1.336833488e-02,2.483300895e-01,8.402906644e-02,1.741915699e+00,1.909986625e+01,5.499190949e-01,4.489965e-16,1.506222e-18,5.749850e-20,6.878875e-03
5.740000,2.712845729e-01,5.020163119e-01,1.329613669e-02,2.483806482e-01,8.402979734e-02,1.741985992e+00,1.909680167e+01,5.501200195e-01,6.662942e-16,1.506222e-18,1.396963e-20,6.830044e-03
5.750000,2.713422683e-01,5.021200246e-01,1.322436554e-02,2.484308791e-01,8.403051843e-02,1.742055990e+00,1.909375699e+01,5.503196799e-01,5.563374e-16,6.133174e-19,8.571371e-20,6.823275e-03
5.760000,2.713995841e-01,5.022230662e-01,1.315301870e-02,2.484807844e-01,8.403122984e-02,1.742125694e+00,1.909073209e+01,5.505180834e-01,4.515814e-16,9.757820e-19,3.601633e-20,6.828875e-03
5.770000,2.714565226e-01,5.023254409e-01,1.308209343e-02,2.485303661e-01,8.403193167e-02,1.742195104e+00,1.908772686e+01,5.507152377e-01,3.355194e-16,2.256079e-18,3.833234e-20,6.842125e-03
5.780000,2.715130862e-01,5.024271530e-01,1.301158703e-02,2.485796261e-01,8.403262406e-02,1.742264220e+00,1.908474117e+01,5.509111502e-01,2.818059e-16,1.693578e-18,2.039925e-20,6.844035e-03
5.790000,2.715692772e-01,5.025282067e-01,1.294149682e-02,2.486285667e-01,8.403330711e-02,1.742333044e+00,1.908177492e+01,5.511058282e-01,4.579933e-16,1.388456e-18,5.444782e-20,6.858625e-03
5.800000,2.716250978e-01,5.026286061e-01,1.287182013e-02,2.486771897e-01,8.403398094e-02,1.742401575e+00,1.907882798e+01,5.512992791e-01,1.241679e-16,4.848700e-19,2.514133e-20,6.872155e-03
5.810000,2.716805504e-01,5.027283553e-01,1.280255431e-02,2.487254973e-01,8.403464567e-02,1.742469814e+00,1.907590025e+01,5.514915102e-01,2.429748e-16,5.421011e-19,8.655085e-20,6.842924e-03
5.820000,2.717356371e-01,5.028274586e-01,1.273369673e-02,2.487734914e-01,8.403530140e-02,1.742537762e+00,1.907299160e+01,5.516825288e-01,1.388276e-16,2.082684e-18,3.649130e-20,6.842065e-03
5.830000,2.717903602e-01,5.029259199e-01,1.266524477e-02,2.488211741e-01,8.403594824e-02,1.742605419e+00,1.907010192e+01,5.518723422e-01,4.549069e-16,1.388456e-18,2.815668e-20,6.868975e-03
5.840000,2.718447220e-01,5.030237433e-01,1.259719585e-02,2.488685472e-01,8.403658631e-02,1.742672785e+00,1.906723111e+01,5.520609576e-01,6.671315e-16,1.067815e-18,1.086318e-19,6.840855e-03
5.850000,2.718987247e-01,5.031209330e-01,1.252954739e-02,2.489156128e-01,8.403721571e-02,1.742739862e+00,1.906437905e+01,5.522483821e-01,2.475774e-16,1.167721e-18,4.073691e-20,6.874445e-03
5.860000,2.719523704e-01,5.032174928e-01,1.246229682e-02,2.489623728e-01,8.403783656e-02,1.742806649e+00,1.906154562e+01,5.524346229e-01,4.460278e-16,1.167721e-18,4.404571e-20,6.824895e-03
5.870000,2.720056614e-01,5.033134269e-01,1.239544161e-02,2.490088292e-01,8.403844895e-02,1.742873148e+00,1.905873072e+01,5.526196870e-01,7.797241e-16,4.470280e-19,2.715794e-20,6.812925e-03
5.880000,2.720585999e-01,5.034087391e-01,1.232897924e-02,2.490549840e-01,8.403905300e-02,1.742939357e+00,1.905593424e+01,5.528035816e-01,4.527636e-16,1.474674e-18,1.378870e-20,6.880835e-03
5.890000,2.721111881e-01,5.035034335e-01,1.226290720e-02,2.491008389e-01,8.403964880e-02,1.743005279e+00,1.905315606e+01,5.529863137e-01,2.514764e-16,1.843144e-18,5.421673e-20,6.906314e-03
5.900000,2.721634280e-01,5.035975139e-01,1.219722301e-02,2.491463960e-01,8.404023645e-02,1.743070913e+00,1.905039608e+01,5.531678901e-01,6.731989e-16,9.263427e-19,3.715377e-20,6.909834e-03
5.910000,2.722153218e-01,5.036909843e-01,1.213192418e-02,2.491916572e-01,8.404081607e-02,1.743136261e+00,1.904765419e+01,5.533483181e-01,3.418586e-16,2.317760e-18,2.039925e-20,6.840945e-03
5.920000,2.722668718e-01,5.037838485e-01,1.206700828e-02,2.492366243e-01,8.404138774e-02,1.743201322e+00,1.904493027e+01,5.535276043e-01,1.013479e-15,1.269026e-18,8.131516e-20,6.819035e-03
5.930000,2.723180799e-01,5.038761104e-01,1.200247285e-02,2.492812992e-01,8.404195158e-02,1.743266096e+00,1.904222422e+01,5.537057557e-01,1.799199e-16,1.084202e-18,3.152283e-20,6.868825e-03
5.940000,2.723689484e-01,5.039677738e-01,1.193831549e-02,2.493256838e-01,8.404250767e-02,1.743330586e+00,1.903953594e+01,5.538827792e-01,2.289194e-16,3.836299e-18,4.235165e-21,6.880814e-03
5.950000,2.724194792e-01,5.040588425e-01,1.187453378e-02,2.493697799e-01,8.404305611e-02,1.743394790e+00,1.903686531e+01,5.540586815e-01,2.429124e-16,1.578622e-18,8.470329e-22,6.873874e-03
5.960000,2.724696746e-01,5.041493203e-01,1.181112535e-02,2.494135894e-01,8.404359700e-02,1.743458709e+00,1.903421224e+01,5.542334694e-01,3.964746e-17,7.589415e-19,1.746203e-20,6.892134e-03
5.970000,2.725195366e-01,5.042392110e-01,1.174808781e-02,2.494571141e-01,8.404413044e-02,1.743522345e+00,1.903157661e+01,5.544071497e-01,4.445935e-16,2.622335e-18,2.743393e-20,6.859484e-03
5.980000,2.725690672e-01,5.043285183e-01,1.168541882e-02,2.495003558e-01,8.404465651e-02,1.743585697e+00,1.902895831e+01,5.545797291e-01,2.261929e-16,3.309926e-18,6.781026e-20,6.878894e-03
5.990000,2.726182685e-01,5.044172460e-01,1.162311604e-02,2.495433163e-01,8.404517531e-02,1.743648765e+00,1.902635725e+01,5.547512142e-01,6.664769e-16,1.788112e-18,1.977418e-20,6.838235e-03
6.000000,2.726671425e-01,5.045053976e-01,1.156117715e-02,2.495859975e-01,8.404568692e-02,1.743711552e+00,1.902377332e+01,5.549216116e-01,3.376802e-16,1.341084e-18,8.470329e-21,6.832225e-03
6.010000,2.727156913e-01,5.045929770e-01,1.149959983e-02,2.496284011e-01,8.404619145e-02,1.743774056e+00,1.902120642e+01,5.550909280e-01,2.241618e-16,1.192622e-18,1.419886e-20,6.861885e-03
6.020000,2.727639169e-01,5.046799877e-01,1.143838180e-02,2.496705290e-01,8.404668898e-02,1.743836278e+00,1.901865644e+01,5.552591700e-01,8.882879e-16,1.084202e-18,5.421673e-20,6.847135e-03
6.030000,2.728118213e-01,5.047664334e-01,1.137752078e-02,2.497123827e-01,8.404717960e-02,1.743898220e+00,1.901612328e+01,5.554263439e-01,1.005085e-15,2.211347e-18,9.492817e-20,6.925084e-03
6.040000,2.728594065e-01,5.048523177e-01,1.131701452e-02,2.497539642e-01,8.404766339e-02,1.743959880e+00,1.901360684e+01,5.555924564e-01,1.243228e-16,1.506222e-18,5.587850e-20,6.826025e-03
6.050000,2.729066745e-01,5.049376441e-01,1.125686076e-02,2.497952752e-01,8.404814044e-02,1.744021261e+00,1.901110702e+01,5.557575139e-01,6.736389e-16,1.775743e-18,2.715794e-20,6.841255e-03
6.060000,2.729536273e-01,5.050224163e-01,1.119705729e-02,2.498363174e-01,8.404861084e-02,1.744082362e+00,1.900862371e+01,5.559215227e-01,6.753313e-16,1.117570e-18,1.479279e-20,6.841755e-03
6.070000,2.730002668e-01,5.051066377e-01,1.113760188e-02,2.498770925e-01,8.404907467e-02,1.744143184e+00,1.900615682e+01,5.560844894e-01,5.579665e-16,7.047314e-19,1.644640e-20,6.887745e-03
6.080000,2.730465949e-01,5.051903119e-01,1.107849234e-02,2.499176022e-01,8.404953201e-02,1.744203728e+00,1.900370624e+01,5.562464202e-01,4.447791e-16,4.336809e-19,4.087757e-20,6.950155e-03
6.090000,2.730926137e-01,5.052734425e-01,1.101972648e-02,2.499578482e-01,8.404998294e-02,1.744263993e+00,1.900127188e+01,5.564073214e-01,1.530241e-16,1.052570e-18,4.190888e-20,6.882944e-03
6.100000,2.731383250e-01,5.053560328e-01,1.096130213e-02,2.499978323e-01,8.405042756e-02,1.744323981e+00,1.899885364e+01,5.565671994e-01,2.454495e-16,1.474674e-18,1.357897e-20,6.899785e-03
6.110000,2.731837308e-01,5.054380863e-01,1.090321714e-02,2.500375561e-01,8.405086593e-02,1.744383692e+00,1.899645142e+01,5.567260604e-01,3.693599e-16,2.263881e-18,1.916617e-20,6.888895e-03
6.120000,2.732288330e-01,5.055196064e-01,1.084546938e-02,2.500770213e-01,8.405129814e-02,1.744443127e+00,1.899406511e+01,5.568839105e-01,5.581451e-17,1.084202e-18,3.908302e-20,6.866745e-03
6.130000,2.732736334e-01,5.056005967e-01,1.078805670e-02,2.501162295e-01,8.405172426e-02,1.744502286e+00,1.899169463e+01,5.570407561e-01,1.347987e-16,2.385861e-18,4.153054e-20,6.883925e-03
6.140000,2.733181340e-01,5.056810604e-01,1.073097701e-02,2.501551825e-01,8.405214437e-02,1.744561169e+00,1.898933988e+01,5.571966032e-01,5.586526e-16,2.385861e-18,0.000000e+00,6.888304e-03
6.150000,2.733623367e-01,5.057610010e-01,1.067422820e-02,2.501938817e-01,8.405255855e-02,1.744619777e+00,1.898700076e+01,5.573514579e-01,3.388932e-16,6.133174e-19,3.405030e-20,6.923125e-03
6.160000,2.734062433e-01,5.058404217e-01,1.061780819e-02,2.502323289e-01,8.405296688e-02,1.744678112e+00,1.898467717e+01,5.575053264e-01,7.792185e-16,5.762614e-19,6.879243e-20,6.876424e-03
6.170000,2.734498556e-01,5.059193260e-01,1.056171491e-02,2.502705257e-01,8.405336943e-02,1.744736172e+00,1.898236902e+01,5.576582146e-01,6.663041e-16,5.421011e-20,9.583084e-21,6.904184e-03
6.180000,2.734931755e-01,5.059977171e-01,1.050594631e-02,2.503084737e-01,8.405376627e-02,1.744793959e+00,1.898007621e+01,5.578101286e-01,8.925417e-16,1.630815e-18,4.073691e-20,6.879864e-03
6.190000,2.735362049e-01,5.060755983e-01,1.045050035e-02,2.503461745e-01,8.405415748e-02,1.744851474e+00,1.897779865e+01,5.579610744e-01,6.685757e-16,1.084202e-18,8.888601e-20,6.907415e-03
6.200000,2.735789456e-01,5.061529729e-01,1.039537499e-02,2.503836297e-01,8.405454312e-02,1.744908716e+00,1.897553625e+01,5.581110578e-01,2.084490e-17,2.317760e-18,2.117582e-20,6.884145e-03
6.210000,2.736213993e-01,5.062298442e-01,1.034056823e-02,2.504208409e-01,8.405492328e-02,1.744965688e+00,1.897328891e+01,5.582600850e-01,2.298703e-16,1.269026e-18,2.743393e-20,6.851815e-03
6.220000,2.736635680e-01,5.063062154e-01,1.028607806e-02,2.504578095e-01,8.405529801e-02,1.745022388e+00,1.897105654e+01,5.584081616e-01,4.656091e-16,6.133174e-19,1.439956e-20,6.868494e-03
6.230000,2.737054533e-01,5.063820896e-01,1.023190250e-02,2.504945373e-01,8.405566740e-02,1.745078817e+00,1.896883905e+01,5.585552936e-01,2.265542e-17,1.067815e-18,2.068305e-20,6.938334e-03
6.240000,2.737470571e-01,5.064574701e-01,1.017803957e-02,2.505310258e-01,8.405603150e-02,1.745134977e+00,1.896663634e+01,5.587014867e-01,6.293906e-17,1.474674e-18,4.069286e-20,6.864115e-03
6.250000,2.737883811e-01,5.065323601e-01,1.012448730e-02,2.505672764e-01,8.405639039e-02,1.745190868e+00,1.896444832e+01,5.588467468e-01,1.146149e-16,8.940560e-19,4.223502e-20,6.836225e-03
6.260000,2.738294272e-01,5.066067627e-01,1.007124377e-02,2.506032908e-01,8.405674413e-02,1.745246490e+00,1.896227491e+01,5.589910797e-01,6.245007e-17,7.589415e-19,4.752640e-20,6.870125e-03
6.270000,2.738701970e-01,5.066806810e-01,1.001830702e-02,2.506390704e-01,8.405709280e-02,1.745301845e+00,1.896011601e+01,5.591344910e-01,5.641707e-16,8.673617e-19,2.793925e-20,6.920634e-03
6.280000,2.739106923e-01,5.067541182e-01,9.965675133e-03,2.506746168e-01,8.405743645e-02,1.745356931e+00,1.895797153e+01,5.592769863e-01,6.667285e-16,3.313919e-18,6.852072e-20,6.897515e-03
6.290000,2.739509148e-01,5.068270773e-01,9.913346207e-03,2.507099314e-01,8.405777515e-02,1.745411751e+00,1.895584138e+01,5.594185715e-01,3.377347e-16,2.125285e-18,1.371697e-20,6.900825e-03
6.300000,2.739908663e-01,5.068995615e-01,9.861318340e-03,2.507450159e-01,8.405810896e-02,1.745466305e+00,1.895372548e+01,5.595592521e-01,5.693313e-17,1.355253e-18,2.827428e-20,6.906335e-03
6.310000,2.740305485e-01,5.069715737e-01,9.809589650e-03,2.507798715e-01,8.405843795e-02,1.745520593e+00,1.895162373e+01,5.596990337e-01,3.331821e-16,1.735570e-18,2.975787e-20,6.939645e-03
6.320000,2.740699630e-01,5.070431170e-01,9.758158266e-03,2.508144999e-01,8.405876219e-02,1.745574616e+00,1.894953604e+01,5.598379218e-01,1.272535e-16,5.421011e-20,2.202286e-20,6.888155e-03
6.330000,2.741091116e-01,5.071141945e-01,9.707022327e-03,2.508489025e-01,8.405908172e-02,1.745628375e+00,1.894746234e+01,5.599759221e-01,4.441708e-16,1.152523e-18,4.097399e-20,6.882465e-03
6.340000,2.741479960e-01,5.071848091e-01,9.656179987e-03,2.508830808e-01,8.405939662e-02,1.745681869e+00,1.894540253e+01,5.601130399e-01,1.912722e-16,1.939480e-18,1.433089e-20,6.889635e-03
6.350000,2.741866178e-01,5.072549639e-01,9.605629412e-03,2.509170361e-01,8.405970694e-02,1.745735101e+00,1.894335652e+01,5.602492808e-01,1.530479e-16,1.052570e-18,5.082198e-21,6.886435e-03
6.360000,2.742249787e-01,5.073246617e-01,9.555368780e-03,2.509507700e-01,8.406001274e-02,1.745788070e+00,1.894132423e+01,5.603846502e-01,3.566021e-16,6.527762e-19,3.426036e-20,6.871395e-03
6.370000,2.742630804e-01,5.073939055e-01,9.505396280e-03,2.509842839e-01,8.406031408e-02,1.745840778e+00,1.893930558e+01,5.605191535e-01,5.556845e-16,1.052570e-18,8.470329e-22,6.848654e-03
6.380000,2.743009244e-01,5.074626983e-01,9.455710113e-03,2.510175791e-01,8.406061103e-02,1.745893224e+00,1.893730047e+01,5.606527960e-01,1.130253e-16,8.741117e-19,2.036846e-20,6.857305e-03
6.390000,2.743385125e-01,5.075310430e-01,9.406308494e-03,2.510506572e-01,8.406090363e-02,1.745945409e+00,1.893530883e+01,5.607855833e-01,1.137817e-16,1.463673e-18,4.658681e-21,6.878814e-03
6.400000,2.743758463e-01,5.075989424e-01,9.357189647e-03,2.510835195e-01,8.406119194e-02,1.745997335e+00,1.893333056e+01,5.609175204e-01,1.312900e-16,2.453269e-18,2.793925e-20,6.888334e-03
6.410000,2.744129273e-01,5.076663994e-01,9.308351810e-03,2.511161674e-01,8.406147602e-02,1.746049001e+00,1.893136559e+01,5.610486128e-01,6.679039e-16,9.697399e-19,2.783956e-20,6.850804e-03
6.420000,2.744497573e-01,5.077334169e-01,9.259793231e-03,2.511486023e-01,8.406175593e-02,1.746100409e+00,1.892941383e+01,5.611788657e-01,3.460060e-16,8.940560e-19,1.365800e-20,6.877515e-03
6.430000,2.744863377e-01,5.077999978e-01,9.211512170e-03,2.511808255e-01,8.406203172e-02,1.746151558e+00,1.892747520e+01,5.613082843e-01,2.549251e-16,1.893478e-18,8.470329e-21,6.873584e-03
6.440000,2.745226702e-01,5.078661447e-01,9.163506899e-03,2.512128385e-01,8.406230344e-02,1.746202451e+00,1.892554961e+01,5.614368738e-01,5.586246e-16,1.152523e-18,3.388132e-21,6.871644e-03
6.450000,2.745587563e-01,5.079318606e-01,9.115775701e-03,2.512446427e-01,8.406257114e-02,1.746253086e+00,1.892363699e+01,5.615646394e-01,4.490541e-16,6.133174e-19,4.069286e-20,6.879174e-03
6.460000,2.745945978e-01,5.079971483e-01,9.068316870e-03,2.512762393e-01,8.406283489e-02,1.746303466e+00,1.892173725e+01,5.616915862e-01,4.452810e-16,9.697399e-19,1.058791e-20,6.914794e-03
6.470000,2.746301960e-01,5.080620104e-01,9.021128712e-03,2.513076296e-01,8.406309473e-02,1.746353590e+00,1.891985031e+01,5.618177193e-01,2.228390e-16,7.047314e-19,1.387299e-20,6.905334e-03
6.480000,2.746655525e-01,5.081264497e-01,8.974209543e-03,2.513388152e-01,8.406335071e-02,1.746403460e+00,1.891797609e+01,5.619430438e-01,2.293747e-16,1.346551e-18,2.095444e-20,6.928425e-03
6.490000,2.747006689e-01,5.081904691e-01,8.927557690e-03,2.513697972e-01,8.406360288e-02,1.746453076e+00,1.891611452e+01,5.620675648e-01,2.273282e-16,1.269026e-18,2.039925e-20,6.835745e-03
6.500000,2.747355468e-01,5.082540711e-01,8.881171493e-03,2.514005770e-01,8.406385130e-02,1.746502439e+00,1.891426550e+01,5.621912872e-01,2.260070e-16,1.563659e-18,2.033320e-20,6.880794e-03
6.510000,2.747701877e-01,5.083172585e-01,8.835049300e-03,2.514311559e-01,8.406409601e-02,1.746551549e+00,1.891242896e+01,5.623142161e-01,8.951492e-16,4.370559e-19,4.108765e-20,6.878625e-03
6.520000,2.748045930e-01,5.083800340e-01,8.789189473e-03,2.514615352e-01,8.406433706e-02,1.746600407e+00,1.891060482e+01,5.624363564e-01,3.395525e-16,2.640205e-18,3.392364e-20,6.822065e-03
6.530000,2.748387643e-01,5.084424002e-01,8.743590381e-03,2.514917162e-01,8.406457450e-02,1.746649014e+00,1.890879301e+01,5.625577130e-01,2.249185e-16,5.963112e-19,1.419886e-20,6.845174e-03
6.540000,2.748727031e-01,5.085043598e-01,8.698250408e-03,2.515217001e-01,8.406480838e-02,1.746697370e+00,1.890699344e+01,5.626782909e-01,6.693632e-16,2.589065e-18,1.357897e-20,6.833324e-03
6.550000,2.749064108e-01,5.085659155e-01,8.653167944e-03,2.515514884e-01,8.406503875e-02,1.746745477e+00,1.890520604e+01,5.627980950e-01,7.791446e-16,1.301043e-18,3.513911e-20,6.853665e-03
6.560000,2.749398891e-01,5.086270697e-01,8.608341393e-03,2.515810821e-01,8.406526564e-02,1.746793335e+00,1.890343073e+01,5.629171300e-01,4.454786e-16,1.265548e-18,3.388132e-21,6.848984e-03
6.570000,2.749731392e-01,5.086878252e-01,8.563769168e-03,2.516104827e-01,8.406548912e-02,1.746840944e+00,1.890166743e+01,5.630354008e-01,6.675004e-16,1.534251e-18,3.388396e-20,6.864155e-03
6.580000,2.750061628e-01,5.087481845e-01,8.519449693e-03,2.516396913e-01,8.406570921e-02,1.746888306e+00,1.889991607e+01,5.631529122e-01,6.719915e-16,2.211347e-18,1.101143e-20,6.836065e-03
6.590000,2.750389612e-01,5.088081502e-01,8.475381401e-03,2.516687092e-01,8.406592598e-02,1.746935421e+00,1.889817657e+01,5.632696690e-01,4.477906e-16,9.087270e-19,2.710505e-20,6.848075e-03
6.600000,2.750715360e-01,5.088677249e-01,8.431562737e-03,2.516975377e-01,8.406613945e-02,1.746982290e+00,1.889644886e+01,5.633856759e-01,4.506178e-16,1.167721e-18,7.099430e-21,6.901984e-03
6.610000,2.751038884e-01,5.089269110e-01,8.387992154e-03,2.517261779e-01,8.406634968e-02,1.747028913e+00,1.889473286e+01,5.635009376e-01,2.276672e-16,6.527762e-19,2.866177e-20,6.849905e-03
6.620000,2.751360201e-01,5.089857110e-01,8.344668118e-03,2.517546311e-01,8.406655671e-02,1.747075292e+00,1.889302849e+01,5.636154587e-01,1.133344e-16,4.336809e-19,5.444782e-20,6.860165e-03
6.630000,2.751679324e-01,5.090441276e-01,8.301589102e-03,2.517828985e-01,8.406676059e-02,1.747121427e+00,1.889133568e+01,5.637292440e-01,2.238159e-16,1.138412e-18,2.048699e-20,6.829635e-03
6.640000,2.751996267e-01,5.091021632e-01,8.258753591e-03,2.518109814e-01,8.406696134e-02,1.747167319e+00,1.888965436e+01,5.638422981e-01,4.456107e-16,8.741117e-19,2.774599e-20,6.846014e-03
6.650000,2.752311044e-01,5.091598202e-01,8.216160078e-03,2.518388808e-01,8.406715902e-02,1.747212968e+00,1.888798446e+01,5.639546255e-01,6.686072e-16,1.218221e-18,2.731599e-20,6.897095e-03
6.660000,2.752623669e-01,5.092171011e-01,8.173807069e-03,2.518665980e-01,8.406735367e-02,1.747258375e+00,1.888632590e+01,5.640662309e-01,1.882879e-16,1.388456e-18,4.235165e-22,6.825205e-03
6.670000,2.752934157e-01,5.092740083e-01,8.131693076e-03,2.518941343e-01,8.406754532e-02,1.747303542e+00,1.888467860e+01,5.641771187e-01,8.893305e-16,1.226635e-18,1.694066e-21,6.922625e-03
6.680000,2.753242520e-01,5.093305444e-01,8.089816623e-03,2.519214907e-01,8.406773402e-02,1.747348468e+00,1.888304251e+01,5.642872936e-01,5.567698e-16,4.336809e-19,9.434536e-21,6.833455e-03
6.690000,2.753548773e-01,5.093867116e-01,8.048176243e-03,2.519486684e-01,8.406791981e-02,1.747393155e+00,1.888141753e+01,5.643967599e-01,2.223328e-16,3.794708e-19,3.388132e-21,6.850465e-03
6.700000,2.753852930e-01,5.094425124e-01,8.006770478e-03,2.519756687e-01,8.406810272e-02,1.747437603e+00,1.887980361e+01,5.645055222e-01,1.458000e-17,5.421011e-19,1.186602e-20,6.891054e-03
6.710000,2.754155004e-01,5.094979491e-01,7.965597881e-03,2.520024926e-01,8.406828280e-02,1.747481814e+00,1.887820068e+01,5.646135849e-01,1.147277e-16,1.734723e-18,1.402249e-20,6.897455e-03
6.720000,2.754455008e-01,5.095530242e-01,7.924657012e-03,2.520291413e-01,8.406846008e-02,1.747525787e+00,1.887660865e+01,5.647209525e-01,3.343207e-16,8.274814e-19,1.732928e-20,6.892595e-03
6.730000,2.754752955e-01,5.096077400e-01,7.883946443e-03,2.520556160e-01,8.406863459e-02,1.747569524e+00,1.887502747e+01,5.648276292e-01,2.308259e-16,5.762614e-19,6.984813e-21,6.883884e-03
6.740000,2.755048860e-01,5.096620987e-01,7.843464754e-03,2.520819177e-01,8.406880639e-02,1.747613025e+00,1.887345706e+01,5.649336195e-01,2.238374e-16,1.463673e-18,7.396397e-21,6.887485e-03
6.750000,2.755342736e-01,5.097161028e-01,7.803210534e-03,2.521080477e-01,8.406897549e-02,1.747656291e+00,1.887189735e+01,5.650389277e-01,5.584359e-16,6.133174e-19,1.034152e-20,6.900874e-03
6.760000,2.755634595e-01,5.097697545e-01,7.763182381e-03,2.521340069e-01,8.406914195e-02,1.747699324e+00,1.887034828e+01,5.651435581e-01,1.160589e-16,6.133174e-19,2.715794e-20,6.882964e-03
6.770000,2.755924451e-01,5.098230562e-01,7.723378902e-03,2.521597966e-01,8.406930579e-02,1.747742123e+00,1.886880977e+01,5.652475150e-01,2.289361e-16,2.710505e-19,1.534626e-20,6.923135e-03
6.780000,2.756212316e-01,5.098760100e-01,7.683798715e-03,2.521854179e-01,8.406946706e-02,1.747784690e+00,1.886728176e+01,5.653508027e-01,3.511136e-16,1.269026e-18,5.099814e-21,6.924965e-03
6.790000,2.756498205e-01,5.099286184e-01,7.644440445e-03,2.522108718e-01,8.406962577e-02,1.747827025e+00,1.886576418e+01,5.654534253e-01,4.484242e-16,1.084202e-18,2.136241e-20,6.860634e-03
6.800000,2.756782129e-01,5.099808834e-01,7.605302726e-03,2.522361594e-01,8.406978198e-02,1.747869129e+00,1.886425696e+01,5.655553872e-01,4.485248e-16,1.084202e-18,7.396397e-21,6.900444e-03
6.810000,2.757064101e-01,5.100328074e-01,7.566384202e-03,2.522612819e-01,8.406993571e-02,1.747911003e+00,1.886276004e+01,5.656566924e-01,5.945235e-17,1.188921e-18,6.894349e-21,6.899135e-03
6.820000,2.757344134e-01,5.100843925e-01,7.527683524e-03,2.522862402e-01,8.407008700e-02,1.747952647e+00,1.886127334e+01,5.657573452e-01,7.865967e-17,1.158880e-18,7.396397e-21,6.904755e-03
6.830000,2.757622241e-01,5.101356411e-01,7.489199354e-03,2.523110355e-01,8.407023588e-02,1.747994063e+00,1.885979681e+01,5.658573496e-01,1.304053e-16,8.824766e-19,4.023406e-21,6.906435e-03
6.840000,2.757898435e-01,5.101865552e-01,7.450930361e-03,2.523356688e-01,8.407038238e-02,1.748035252e+00,1.885833037e+01,5.659567098e-01,3.495707e-16,4.631714e-19,6.936497e-21,6.932445e-03
6.850000,2.758172727e-01,5.102371370e-01,7.412875222e-03,2.523601412e-01,8.407052654e-02,1.748076213e+00,1.885687396e+01,5.660554299e-01,5.823305e-16,8.824766e-19,3.727486e-20,6.910135e-03
6.860000,2.758445130e-01,5.102873887e-01,7.375032626e-03,2.523844538e-01,8.407066839e-02,1.748116949e+00,1.885542752e+01,5.661535139e-01,2.308360e-16,6.527762e-19,3.549715e-21,6.931955e-03
6.870000,2.758715657e-01,5.103373125e-01,7.337401267e-03,2.524086075e-01,8.407080795e-02,1.748157459e+00,1.885399099e+01,5.662509659e-01,2.290110e-16,4.631714e-19,7.396397e-21,6.931474e-03
6.880000,2.758984320e-01,5.103869105e-01,7.299979848e-03,2.524326035e-01,8.407094526e-02,1.748197744e+00,1.885256429e+01,5.663477899e-01,1.392075e-16,1.640696e-18,4.065979e-20,6.937004e-03
6.890000,2.759251131e-01,5.104361848e-01,7.262767083e-03,2.524564427e-01,8.407108036e-02,1.748237806e+00,1.885114736e+01,5.664439898e-01,5.552369e-16,9.951653e-19,1.017321e-20,6.964344e-03
6.900000,2.759516102e-01,5.104851376e-01,7.225761690e-03,2.524801261e-01,8.407121326e-02,1.748277645e+00,1.884974014e+01,5.665395697e-01,6.727929e-16,7.273049e-19,2.034643e-20,6.961425e-03
6.910000,2.759779245e-01,5.105337708e-01,7.188962399e-03,2.525036549e-01,8.407134401e-02,1.748317262e+00,1.884834257e+01,5.666345334e-01,2.487509e-16,1.302171e-18,8.470329e-21,6.930465e-03
6.920000,2.760040572e-01,5.105820867e-01,7.152367946e-03,2.525270299e-01,8.407147262e-02,1.748356658e+00,1.884695458e+01,5.667288849e-01,7.774470e-16,1.503292e-18,1.368587e-20,6.964864e-03
6.930000,2.760300096e-01,5.106300872e-01,7.115977078e-03,2.525502523e-01,8.407159914e-02,1.748395833e+00,1.884557611e+01,5.668226281e-01,2.306188e-16,8.274814e-19,2.048699e-20,6.967995e-03
6.940000,2.760557827e-01,5.106777745e-01,7.079788546e-03,2.525733229e-01,8.407172358e-02,1.748434789e+00,1.884420711e+01,5.669157669e-01,2.224557e-16,1.018515e-18,6.789486e-21,6.891884e-03
6.950000,2.760813778e-01,5.107251505e-01,7.043801112e-03,2.525962428e-01,8.407184598e-02,1.748473526e+00,1.884284750e+01,5.670083050e-01,8.921013e-16,1.105674e-18,2.149633e-20,6.865364e-03
6.960000,2.761067960e-01,5.107722174e-01,7.008013546e-03,2.526190130e-01,8.407196636e-02,1.748512045e+00,1.884149723e+01,5.671002463e-01,2.239013e-16,9.263427e-19,2.329341e-21,6.886624e-03
6.970000,2.761320385e-01,5.108189771e-01,6.972424625e-03,2.526416345e-01,8.407208476e-02,1.748550347e+00,1.884015623e+01,5.671915947e-01,6.720352e-16,4.631714e-19,8.344994e-21,6.861224e-03
6.980000,2.761571065e-01,5.108654316e-01,6.937033133e-03,2.526641082e-01,8.407220119e-02,1.748588433e+00,1.883882444e+01,5.672823539e-01,2.275433e-16,8.415672e-19,2.413022e-20,6.849944e-03
6.990000,2.761820011e-01,5.109115829e-01,6.901837864e-03,2.526864351e-01,8.407231569e-02,1.748626303e+00,1.883750182e+01,5.673725276e-01,4.506577e-16,6.133174e-19,1.698824e-20,6.865275e-03
7.000000,2.762067234e-01,5.109574330e-01,6.866837619e-03,2.527086161e-01,8.407242829e-02,1.748663958e+00,1.883618828e+01,5.674621195e-01,3.332343e-16,1.084202e-19,1.027191e-20,6.864825e-03
7.010000,2.762312746e-01,5.110029839e-01,6.832031206e-03,2.527306522e-01,8.407253900e-02,1.748701400e+00,1.883488378e+01,5.675511335e-01,5.585886e-16,1.626303e-19,2.371787e-20,6.870465e-03
7.020000,2.762556558e-01,5.110482375e-01,6.797417442e-03,2.527525444e-01,8.407264786e-02,1.748738628e+00,1.883358826e+01,5.676395732e-01,8.889259e-16,1.212175e-18,2.034643e-20,6.878304e-03
7.030000,2.762798681e-01,5.110931958e-01,6.762995149e-03,2.527742936e-01,8.407275489e-02,1.748775645e+00,1.883230165e+01,5.677274421e-01,6.667582e-16,5.762614e-19,1.440112e-20,6.885845e-03
7.040000,2.763039126e-01,5.111378606e-01,6.728763161e-03,2.527959008e-01,8.407286012e-02,1.748812450e+00,1.883102390e+01,5.678147441e-01,5.566706e-16,2.710505e-19,3.549715e-21,6.852954e-03
7.050000,2.763277905e-01,5.111822340e-01,6.694720316e-03,2.528173667e-01,8.407296356e-02,1.748849045e+00,1.882975496e+01,5.679014826e-01,4.646671e-16,1.265548e-18,7.387298e-21,6.835275e-03
7.060000,2.763515029e-01,5.112263177e-01,6.660865460e-03,2.528386925e-01,8.407306526e-02,1.748885430e+00,1.882849475e+01,5.679876614e-01,5.567577e-16,5.114171e-19,1.017321e-20,6.823004e-03
7.070000,2.763750507e-01,5.112701138e-01,6.627197448e-03,2.528598790e-01,8.407316522e-02,1.748921606e+00,1.882724323e+01,5.680732839e-01,6.705663e-16,4.631714e-19,5.929231e-21,6.826025e-03
7.080000,2.763984352e-01,5.113136240e-01,6.593715141e-03,2.528809271e-01,8.407326348e-02,1.748957574e+00,1.882600034e+01,5.681583538e-01,4.494916e-16,3.066587e-19,0.000000e+00,6.892535e-03
7.090000,2.764216574e-01,5.113568503e-01,6.560417408e-03,2.529018377e-01,8.407336005e-02,1.748993335e+00,1.882476602e+01,5.682428745e-01,2.290886e-16,1.018515e-18,7.039170e-21,6.894854e-03
7.100000,2.764447184e-01,5.113997945e-01,6.527303125e-03,2.529226117e-01,8.407345497e-02,1.749028890e+00,1.882354022e+01,5.683268495e-01,5.662864e-16,1.586977e-18,1.356741e-20,6.899284e-03
7.110000,2.764676192e-01,5.114424585e-01,6.494371175e-03,2.529432500e-01,8.407354825e-02,1.749064239e+00,1.882232287e+01,5.684102825e-01,1.150351e-16,3.066587e-19,3.414499e-21,6.839794e-03
7.120000,2.764903609e-01,5.114848440e-01,6.461620449e-03,2.529637536e-01,8.407363992e-02,1.749099384e+00,1.882111393e+01,5.684931767e-01,2.797242e-17,1.022834e-18,6.828998e-21,6.860665e-03
7.130000,2.765129446e-01,5.115269530e-01,6.429049845e-03,2.529841232e-01,8.407372999e-02,1.749134325e+00,1.881991333e+01,5.685755357e-01,4.596793e-16,9.215718e-19,5.846407e-21,6.856775e-03
7.140000,2.765353713e-01,5.115687871e-01,6.396658268e-03,2.530043598e-01,8.407381850e-02,1.749169063e+00,1.881872103e+01,5.686573630e-01,3.402580e-16,3.066587e-19,4.502042e-21,6.868604e-03
7.150000,2.765576420e-01,5.116103483e-01,6.364444630e-03,2.530244642e-01,8.407390546e-02,1.749203599e+00,1.881753696e+01,5.687386618e-01,6.683190e-17,8.131516e-19,3.402988e-21,6.889465e-03
7.160000,2.765797578e-01,5.116516382e-01,6.332407849e-03,2.530444374e-01,8.407399090e-02,1.749237933e+00,1.881636108e+01,5.688194356e-01,4.542196e-16,8.415672e-19,1.699648e-20,6.852974e-03
7.170000,2.766017197e-01,5.116926588e-01,6.300546851e-03,2.530642801e-01,8.407407483e-02,1.749272068e+00,1.881519333e+01,5.688996877e-01,4.450098e-16,9.467388e-19,7.099430e-21,6.903915e-03
7.180000,2.766235288e-01,5.117334116e-01,6.268860571e-03,2.530839932e-01,8.407415728e-02,1.749306002e+00,1.881403365e+01,5.689794216e-01,5.562363e-16,4.631714e-19,1.042788e-20,6.873464e-03
7.190000,2.766451860e-01,5.117738986e-01,6.237347947e-03,2.531035776e-01,8.407423827e-02,1.749339738e+00,1.881288200e+01,5.690586404e-01,4.529622e-16,4.336809e-19,1.711480e-20,6.870684e-03
7.200000,2.766666923e-01,5.118141213e-01,6.206007926e-03,2.531230341e-01,8.407431782e-02,1.749373276e+00,1.881173831e+01,5.691373476e-01,2.775859e-16,8.940560e-19,3.582722e-21,6.885554e-03
7.210000,2.766880488e-01,5.118540817e-01,6.174839461e-03,2.531423635e-01,8.407439595e-02,1.749406617e+00,1.881060255e+01,5.692155464e-01,2.262343e-16,9.995850e-19,1.905824e-21,6.909684e-03
7.220000,2.767092565e-01,5.118937813e-01,6.143841514e-03,2.531615667e-01,8.407447268e-02,1.749439762e+00,1.880947464e+01,5.692932400e-01,8.884431e-16,1.084202e-19,2.381127e-20,6.906214e-03
7.230000,2.767303163e-01,5.119332218e-01,6.113013050e-03,2.531806446e-01,8.407454803e-02,1.749472712e+00,1.880835455e+01,5.693704317e-01,1.506556e-16,1.052570e-18,6.875624e-21,6.866635e-03
7.240000,2.767512293e-01,5.119724051e-01,6.082353044e-03,2.531995978e-01,8.407462201e-02,1.749505467e+00,1.880724222e+01,5.694471247e-01,1.168048e-16,4.370559e-19,1.141188e-20,6.917274e-03
7.250000,2.767719963e-01,5.120113327e-01,6.051860476e-03,2.532184273e-01,8.407469465e-02,1.749538028e+00,1.880613759e+01,5.695233222e-01,1.119756e-16,6.527762e-19,1.016936e-20,6.937424e-03
7.260000,2.767926185e-01,5.120500063e-01,6.021534333e-03,2.532371339e-01,8.407476597e-02,1.749570397e+00,1.880504063e+01,5.695990275e-01,4.441445e-16,1.084202e-18,3.388132e-21,6.933245e-03
7.270000,2.768130967e-01,5.120884277e-01,5.991373608e-03,2.532557183e-01,8.407483599e-02,1.749602573e+00,1.880395126e+01,5.696742436e-01,2.783192e-17,4.848700e-19,3.549715e-21,6.942525e-03
7.280000,2.768334319e-01,5.121265984e-01,5.961377301e-03,2.532741814e-01,8.407490471e-02,1.749634559e+00,1.880286946e+01,5.697489737e-01,6.690205e-16,7.893111e-19,5.760447e-21,6.916214e-03
7.290000,2.768536251e-01,5.121645200e-01,5.931544418e-03,2.532925240e-01,8.407497217e-02,1.749666354e+00,1.880179516e+01,5.698232209e-01,4.014381e-16,9.995850e-19,1.068120e-20,6.929534e-03
7.300000,2.768736772e-01,5.122021944e-01,5.901873973e-03,2.533107468e-01,8.407503838e-02,1.749697960e+00,1.880072832e+01,5.698969884e-01,2.289154e-16,4.370559e-19,6.783704e-21,6.919594e-03
7.310000,2.768935891e-01,5.122396229e-01,5.872364984e-03,2.533288507e-01,8.407510336e-02,1.749729377e+00,1.879966888e+01,5.699702791e-01,2.259140e-16,4.631714e-19,3.549715e-21,6.868805e-03
7.320000,2.769133618e-01,5.122768073e-01,5.843016478e-03,2.533468364e-01,8.407516712e-02,1.749760607e+00,1.879861680e+01,5.700430963e-01,2.225270e-16,1.541179e-18,6.352747e-22,6.863495e-03
7.330000,2.769329963e-01,5.123137492e-01,5.813827485e-03,2.533647047e-01,8.407522969e-02,1.749791649e+00,1.879757203e+01,5.701154428e-01,3.345145e-16,6.594944e-19,6.959891e-21,6.862525e-03
7.340000,2.769524934e-01,5.123504501e-01,5.784797044e-03,2.533824563e-01,8.407529108e-02,1.749822506e+00,1.879653452e+01,5.701873219e-01,9.029002e-17,5.838607e-19,3.788046e-21,6.893814e-03
7.350000,2.769718541e-01,5.123869116e-01,5.755924200e-03,2.534000921e-01,8.407535130e-02,1.749853177e+00,1.879550421e+01,5.702587363e-01,7.811252e-16,4.607859e-19,1.042788e-20,6.884494e-03
7.360000,2.769910793e-01,5.124231354e-01,5.727208003e-03,2.534176128e-01,8.407541037e-02,1.749883664e+00,1.879448107e+01,5.703296893e-01,1.110619e-15,5.692061e-19,2.066380e-20,6.896294e-03
7.370000,2.770101699e-01,5.124591228e-01,5.698647509e-03,2.534350191e-01,8.407546832e-02,1.749913967e+00,1.879346505e+01,5.704001836e-01,6.661000e-17,5.339077e-19,6.894349e-21,6.864524e-03
7.380000,2.770291267e-01,5.124948756e-01,5.670241782e-03,2.534523118e-01,8.407552515e-02,1.749944088e+00,1.879245609e+01,5.704702223e-01,2.327263e-16,1.897354e-19,7.411538e-22,6.895064e-03
7.390000,2.770479508e-01,5.125303953e-01,5.641989890e-03,2.534694917e-01,8.407558088e-02,1.749974027e+00,1.879145415e+01,5.705398083e-01,2.315221e-16,2.710505e-19,1.016440e-20,6.890365e-03
7.400000,2.770666429e-01,5.125656833e-01,5.613890907e-03,2.534865595e-01,8.407563553e-02,1.750003784e+00,1.879045918e+01,5.706089446e-01,1.215268e-16,5.944603e-19,6.805977e-21,6.915944e-03
7.410000,2.770852041e-01,5.126007412e-01,5.585943916e-03,2.535035159e-01,8.407568911e-02,1.750033362e+00,1.878947114e+01,5.706776339e-01,1.003053e-16,5.092577e-19,3.549715e-21,6.895354e-03
7.420000,2.771036350e-01,5.126355704e-01,5.558148002e-03,2.535203616e-01,8.407574164e-02,1.750062760e+00,1.878848999e+01,5.707458793e-01,2.293546e-16,2.881307e-19,1.018423e-20,6.903205e-03
7.430000,2.771219367e-01,5.126701726e-01,5.530502258e-03,2.535370975e-01,8.407579314e-02,1.750091980e+00,1.878751566e+01,5.708136835e-01,1.111016e-15,6.947571e-19,2.322110e-21,6.911844e-03
7.440000,2.771401100e-01,5.127045492e-01,5.503005782e-03,2.535537241e-01,8.407584361e-02,1.750121022e+00,1.878654812e+01,5.708810494e-01,2.393639e-16,2.168404e-19,4.572458e-21,6.926614e-03
7.450000,2.771581558e-01,5.127387017e-01,5.475657680e-03,2.535702423e-01,8.407589308e-02,1.750149888e+00,1.878558733e+01,5.709479799e-01,2.391679e-16,1.084202e-19,3.414499e-21,6.931854e-03
7.460000,2.771760748e-01,5.127726314e-01,5.448457061e-03,2.535866527e-01,8.407594155e-02,1.750178577e+00,1.878463323e+01,5.710144777e-01,6.696465e-16,7.398240e-19,1.696182e-20,6.907944e-03
7.470000,2.771938681e-01,5.128063400e-01,5.421403041e-03,2.536029560e-01,8.407598905e-02,1.750207091e+00,1.878368578e+01,5.710805456e-01,4.490051e-16,4.065758e-19,3.698199e-21,6.946954e-03
7.480000,2.772115363e-01,5.128398289e-01,5.394494741e-03,2.536191530e-01,8.407603558e-02,1.750235431e+00,1.878274494e+01,5.711461864e-01,1.281471e-16,7.114754e-19,3.414499e-21,6.929814e-03
7.490000,2.772290804e-01,5.128730994e-01,5.367731290e-03,2.536352443e-01,8.407608116e-02,1.750263597e+00,1.878181067e+01,5.712114029e-01,6.697836e-16,2.881307e-19,9.245497e-21,6.916574e-03
7.500000,2.772465012e-01,5.129061531e-01,5.341111819e-03,2.536512307e-01,8.407612581e-02,1.750291591e+00,1.878088291e+01,5.712761978e-01,3.343981e-16,6.345131e-19,1.482308e-21,6.937085e-03
7.510000,2.772637995e-01,5.129389913e-01,5.314635468e-03,2.536671128e-01,8.407616954e-02,1.750319413e+00,1.877996163e+01,5.713405738e-01,2.233911e-16,9.757820e-19,3.698199e-21,6.921934e-03
7.520000,2.772809762e-01,5.129716155e-01,5.288301381e-03,2.536828913e-01,8.407621235e-02,1.750347063e+00,1.877904679e+01,5.714045336e-01,3.636000e-16,1.062643e-18,0.000000e+00,6.907354e-03
7.530000,2.772980321e-01,5.130040271e-01,5.262108707e-03,2.536985669e-01,8.407625427e-02,1.750374544e+00,1.877813833e+01,5.714680800e-01,5.613488e-17,1.226635e-18,5.506732e-21,6.887374e-03
7.540000,2.773149680e-01,5.130362274e-01,5.236056601e-03,2.537141403e-01,8.407629531e-02,1.750401855e+00,1.877723621e+01,5.715312155e-01,2.328123e-16,5.587850e-19,1.193808e-20,6.927204e-03
7.550000,2.773317846e-01,5.130682179e-01,5.210144225e-03,2.537296121e-01,8.407633548e-02,1.750428998e+00,1.877634040e+01,5.715939429e-01,4.475957e-16,8.878716e-19,7.411538e-22,6.922664e-03
7.560000,2.773484829e-01,5.130999999e-01,5.184370743e-03,2.537449831e-01,8.407637479e-02,1.750455973e+00,1.877545085e+01,5.716562647e-01,1.278645e-16,6.234162e-19,5.082473e-21,6.939424e-03
7.570000,2.773650636e-01,5.131315748e-01,5.158735328e-03,2.537602538e-01,8.407641326e-02,1.750482781e+00,1.877456752e+01,5.717181836e-01,1.649014e-16,4.733694e-19,5.099814e-21,6.904395e-03
7.580000,2.773815274e-01,5.131629440e-01,5.133237157e-03,2.537754249e-01,8.407645089e-02,1.750509423e+00,1.877369036e+01,5.717797023e-01,4.696105e-16,8.741117e-19,4.081843e-21,6.944314e-03
7.590000,2.773978753e-01,5.131941088e-01,5.107875411e-03,2.537904972e-01,8.407648771e-02,1.750535900e+00,1.877281934e+01,5.718408232e-01,2.393765e-16,1.178057e-18,3.394743e-21,6.972024e-03
7.600000,2.774141080e-01,5.132250705e-01,5.082649277e-03,2.538054712e-01,8.407652372e-02,1.750562212e+00,1.877195441e+01,5.719015490e-01,1.624849e-16,1.897354e-19,4.316766e-21,6.956874e-03
7.610000,2.774302262e-01,5.132558305e-01,5.057557950e-03,2.538203476e-01,8.407655893e-02,1.750588361e+00,1.877109553e+01,5.719618822e-01,2.306695e-16,9.393378e-19,5.357107e-21,6.988844e-03
7.620000,2.774462308e-01,5.132863902e-01,5.032600626e-03,2.538351270e-01,8.407659336e-02,1.750614347e+00,1.877024267e+01,5.720218254e-01,1.272070e-16,8.402567e-19,3.447174e-21,6.960644e-03
7.630000,2.774621224e-01,5.133167508e-01,5.007776508e-03,2.538498100e-01,8.407662701e-02,1.750640170e+00,1.876939577e+01,5.720813810e-01,2.272951e-16,5.944603e-19,1.723587e-21,6.947194e-03
7.640000,2.774779020e-01,5.133469136e-01,4.983084805e-03,2.538643974e-01,8.407665991e-02,1.750665833e+00,1.876855481e+01,5.721405516e-01,4.453406e-16,5.149960e-19,1.943682e-21,7.004044e-03
7.650000,2.774935702e-01,5.133768799e-01,4.958524731e-03,2.538788897e-01,8.407669205e-02,1.750691335e+00,1.876771973e+01,5.721993397e-01,6.976948e-17,1.626303e-19,3.447174e-21,6.970513e-03
7.660000,2.775091277e-01,5.134066511e-01,4.934095503e-03,2.538932875e-01,8.407672346e-02,1.750716678e+00,1.876689051e+01,5.722577478e-01,6.743466e-16,4.848700e-19,5.612842e-21,6.955204e-03
7.670000,2.775245754e-01,5.134362284e-01,4.909796345e-03,2.539075916e-01,8.407675414e-02,1.750741862e+00,1.876606709e+01,5.723157782e-01,1.502784e-16,6.327739e-19,6.792993e-21,6.938604e-03
7.680000,2.775399140e-01,5.134656131e-01,4.885626486e-03,2.539218024e-01,8.407678410e-02,1.750766888e+00,1.876524945e+01,5.723734336e-01,2.809235e-17,2.710505e-19,5.083300e-21,6.932644e-03
7.690000,2.775551443e-01,5.134948065e-01,4.861585159e-03,2.539359206e-01,8.407681336e-02,1.750791757e+00,1.876443754e+01,5.724307162e-01,2.483386e-16,4.345271e-19,3.421469e-21,6.982184e-03
7.700000,2.775702669e-01,5.135238097e-01,4.837671603e-03,2.539499469e-01,8.407684192e-02,1.750816469e+00,1.876363132e+01,5.724876285e-01,4.506104e-16,7.155940e-19,5.324572e-21,6.938154e-03
7.710000,2.775852825e-01,5.135526241e-01,4.813885060e-03,2.539638818e-01,8.407686979e-02,1.750841026e+00,1.876283075e+01,5.725441729e-01,4.554587e-16,6.857097e-19,1.524806e-20,6.945635e-03
7.720000,2.776001921e-01,5.135812509e-01,4.790224781e-03,2.539777259e-01,8.407689700e-02,1.750865428e+00,1.876203581e+01,5.726003518e-01,2.347997e-16,5.114171e-19,1.588187e-22,6.905764e-03
7.730000,2.776149961e-01,5.136096914e-01,4.766690016e-03,2.539914798e-01,8.407692353e-02,1.750889676e+00,1.876124644e+01,5.726561676e-01,2.242672e-16,8.940560e-19,6.783704e-21,6.971404e-03
7.740000,2.776296955e-01,5.136379467e-01,4.743280025e-03,2.540051441e-01,8.407694941e-02,1.750913771e+00,1.876046261e+01,5.727116226e-01,2.312630e-16,2.168404e-19,3.468248e-21,6.943255e-03
7.750000,2.776442908e-01,5.136660180e-01,4.719994071e-03,2.540187194e-01,8.407697465e-02,1.750937714e+00,1.875968428e+01,5.727667191e-01,2.454405e-16,2.557086e-19,5.309022e-21,6.952864e-03
7.760000,2.776587828e-01,5.136939067e-01,4.696831420e-03,2.540322064e-01,8.407699925e-02,1.750961505e+00,1.875891142e+01,5.728214594e-01,7.791651e-16,2.710505e-19,3.468248e-21,6.928594e-03
7.770000,2.776731722e-01,5.137216138e-01,4.673791345e-03,2.540456054e-01,8.407702323e-02,1.750985145e+00,1.875814399e+01,5.728758460e-01,4.470100e-16,3.066587e-19,5.293956e-22,6.969104e-03
7.780000,2.776874597e-01,5.137491407e-01,4.650873123e-03,2.540589173e-01,8.407704659e-02,1.751008635e+00,1.875738195e+01,5.729298810e-01,2.435867e-16,5.092577e-19,3.534286e-21,6.956674e-03
7.790000,2.777016460e-01,5.137764884e-01,4.628076036e-03,2.540721425e-01,8.407706934e-02,1.751031976e+00,1.875662526e+01,5.729835668e-01,1.463473e-16,4.412383e-19,5.446603e-21,6.986653e-03
7.800000,2.777157318e-01,5.138036581e-01,4.605399370e-03,2.540852815e-01,8.407709150e-02,1.751055169e+00,1.875587389e+01,5.730369056e-01,3.447501e-16,4.370559e-19,3.282253e-21,6.973584e-03
7.810000,2.777297177e-01,5.138306510e-01,4.582842417e-03,2.540983350e-01,8.407711307e-02,1.751078213e+00,1.875512780e+01,5.730898997e-01,6.947697e-17,4.370559e-19,5.109696e-21,6.949924e-03
7.820000,2.777436045e-01,5.138574684e-01,4.560404470e-03,2.541113036e-01,8.407713405e-02,1.751101111e+00,1.875438696e+01,5.731425513e-01,1.102079e-16,6.732756e-19,3.549715e-21,6.973434e-03
7.830000,2.777573928e-01,5.138841112e-01,4.538084831e-03,2.541241877e-01,8.407715447e-02,1.751123863e+00,1.875365133e+01,5.731948626e-01,2.298403e-16,5.421011e-20,5.115452e-21,6.956054e-03
7.840000,2.777710834e-01,5.139105808e-01,4.515882804e-03,2.541369880e-01,8.407717433e-02,1.751146469e+00,1.875292087e+01,5.732468358e-01,4.484645e-16,7.318365e-19,5.115452e-21,6.959704e-03
7.850000,2.777846768e-01,5.139368781e-01,4.493797699e-03,2.541497049e-01,8.407719363e-02,1.751168931e+00,1.875219555e+01,5.732984732e-01,6.698150e-16,5.692061e-19,3.549715e-21,6.919774e-03
7.860000,2.777981737e-01,5.139630044e-01,4.471828828e-03,2.541623391e-01,8.407721239e-02,1.751191249e+00,1.875147534e+01,5.733497768e-01,2.301729e-16,1.041342e-18,6.936497e-21,6.943674e-03
7.870000,2.778115748e-01,5.139889608e-01,4.449975510e-03,2.541748911e-01,8.407723061e-02,1.751213424e+00,1.875076019e+01,5.734007490e-01,2.345967e-16,2.439455e-19,3.582722e-21,6.942384e-03
7.880000,2.778248808e-01,5.140147484e-01,4.428237067e-03,2.541873614e-01,8.407724830e-02,1.751235457e+00,1.875005008e+01,5.734513918e-01,2.289839e-16,2.315857e-19,3.479946e-21,6.928434e-03
7.890000,2.778380923e-01,5.140403682e-01,4.406612825e-03,2.541997506e-01,8.407726547e-02,1.751257348e+00,1.874934497e+01,5.735017073e-01,3.402570e-16,5.339077e-19,6.884789e-21,6.933114e-03
7.900000,2.778512099e-01,5.140658215e-01,4.385102117e-03,2.542120592e-01,8.407728213e-02,1.751279098e+00,1.874864483e+01,5.735516977e-01,2.372193e-16,6.732756e-19,1.894023e-21,6.936174e-03
7.910000,2.778642344e-01,5.140911093e-01,4.363704277e-03,2.542242877e-01,8.407729829e-02,1.751300709e+00,1.874794962e+01,5.736013652e-01,2.140579e-17,9.362040e-19,8.470329e-22,6.933484e-03
7.920000,2.778771662e-01,5.141162327e-01,4.342418645e-03,2.542364366e-01,8.407731395e-02,1.751322180e+00,1.874725931e+01,5.736507117e-01,4.675032e-16,6.776264e-19,5.427790e-21,6.944414e-03
7.930000,2.778900062e-01,5.141411927e-01,4.321244565e-03,2.542485066e-01,8.407732912e-02,1.751343512e+00,1.874657386e+01,5.736997395e-01,1.276732e-16,5.421011e-19,5.161268e-21,6.948224e-03
7.940000,2.779027548e-01,5.141659905e-01,4.300181386e-03,2.542604980e-01,8.407734381e-02,1.751364707e+00,1.874589324e+01,5.737484504e-01,4.441457e-16,5.092577e-19,8.828217e-21,6.924294e-03
7.950000,2.779154128e-01,5.141906271e-01,4.279228459e-03,2.542724114e-01,8.407735803e-02,1.751385765e+00,1.874521743e+01,5.737968467e-01,2.544170e-16,2.235140e-19,2.589713e-21,6.919794e-03
7.960000,2.779279807e-01,5.142151036e-01,4.258385142e-03,2.542842474e-01,8.407737178e-02,1.751406687e+00,1.874454638e+01,5.738449304e-01,3.155531e-17,6.705420e-19,1.111731e-21,6.971024e-03
7.970000,2.779404592e-01,5.142394210e-01,4.237650794e-03,2.542960065e-01,8.407738507e-02,1.751427473e+00,1.874388006e+01,5.738927035e-01,6.685144e-16,6.345131e-19,3.457322e-21,6.952074e-03
7.980000,2.779528489e-01,5.142635804e-01,4.217024782e-03,2.543076890e-01,8.407739791e-02,1.751448124e+00,1.874321844e+01,5.739401679e-01,6.404433e-17,2.981556e-19,5.309022e-21,6.980613e-03
7.990000,2.779651503e-01,5.142875828e-01,4.196506473e-03,2.543192956e-01,8.407741031e-02,1.751468642e+00,1.874256149e+01,5.739873258e-01,3.725475e-16,3.471141e-19,3.788046e-21,7.015964e-03
