t,pos_err,ori_err_geodesic,e_xi_norm,e_z_O_norm,e_z_T_norm,qddot_ref_norm,tau_norm,V,c0,c1,c2,runtime
0.000000,4.971004415e-16,7.884953353e-08,0.000000000e+00,3.300040363e-18,5.242539844e-16,1.775974742e-03,3.902507981e+01,2.198825043e-30,7.790215e-16,0.000000e+00,0.000000e+00,7.048757e-03
0.010000,3.476583956e-07,3.264680848e-07,1.239302421e-04,1.595774288e-07,5.306298913e-07,2.270350574e-01,3.934704888e+01,7.681808720e-09,2.297651e-16,1.296880e-19,2.182754e-22,6.858547e-03
0.020000,6.388896622e-07,5.915592087e-07,1.142487308e-04,2.935270705e-07,9.754250464e-07,2.268790819e-01,3.934641228e+01,6.534687147e-09,4.447562e-16,9.012446e-20,1.515958e-21,6.831427e-03
0.030000,8.774478120e-07,8.090658164e-07,1.052491769e-04,4.037775930e-07,1.340333632e-06,2.267013910e-01,3.934543806e+01,5.554370866e-09,7.376328e-17,7.050246e-19,2.711829e-21,6.865337e-03
0.040000,1.066909684e-06,9.866324280e-07,9.689012361e-05,4.921193849e-07,1.630972612e-06,2.265017739e-01,3.934412644e+01,4.717066052e-09,2.935940e-16,2.264796e-19,9.470116e-22,6.873388e-03
0.050000,1.210681108e-06,1.120662432e-06,8.913252703e-05,5.602145377e-07,1.852644640e-06,2.262800327e-01,3.934247766e+01,4.002272747e-09,2.423666e-16,8.927261e-19,3.054021e-21,6.887787e-03
0.060000,1.312003011e-06,1.220076650e-06,8.193960951e-05,6.096061052e-07,2.010354133e-06,2.260359818e-01,3.934049197e+01,3.392354950e-09,2.310013e-16,5.432962e-19,9.122824e-21,6.872147e-03
0.070000,1.373957478e-06,1.284614924e-06,7.527672250e-05,6.417266950e-07,2.108822562e-06,2.257694485e-01,3.933816965e+01,2.872164042e-09,4.497514e-16,9.265472e-19,1.702515e-20,6.884357e-03
0.080000,1.399473768e-06,1.318731719e-06,6.911121850e-05,6.579064397e-07,2.152503008e-06,2.254802725e-01,3.933551101e+01,2.428709142e-09,1.112049e-15,7.203267e-19,3.788046e-20,6.856108e-03
0.090000,1.391334338e-06,1.320078051e-06,6.341233131e-05,6.593803929e-07,2.145593997e-06,2.251683063e-01,3.933251640e+01,2.050868730e-09,2.785386e-17,7.867764e-19,1.355253e-20,6.954307e-03
0.100000,1.352180920e-06,1.295287240e-06,5.815106442e-05,6.472953916e-07,2.092052678e-06,2.248334146e-01,3.932918620e+01,1.729138552e-09,2.228820e-16,1.412006e-18,5.789642e-20,6.877867e-03
0.110000,1.284520842e-06,1.245294953e-06,5.330008676e-05,6.227164236e-07,1.995607341e-06,2.244754744e-01,3.932552080e+01,1.455411420e-09,8.892383e-16,1.087775e-18,4.079851e-20,6.896357e-03
0.120000,1.190733905e-06,1.175209531e-06,4.883363587e-05,5.866325392e-07,1.859769349e-06,2.240943752e-01,3.932152065e+01,1.222785034e-09,3.366019e-16,8.612255e-19,5.587850e-20,6.961867e-03
0.130000,1.073080658e-06,1.081951550e-06,4.472742784e-05,5.399623393e-07,1.687844494e-06,2.236900185e-01,3.931718624e+01,1.025394428e-09,2.289965e-16,6.219783e-19,2.443217e-20,6.867567e-03
0.140000,9.337142338e-07,9.684608465e-07,4.095857422e-05,4.835590791e-07,1.482943831e-06,2.232623176e-01,3.931251809e+01,8.582660155e-10,2.221792e-16,3.178934e-18,8.571371e-20,6.840378e-03
0.150000,7.747023645e-07,8.392410183e-07,3.750550543e-05,4.182154354e-07,1.247994103e-06,2.228111978e-01,3.930751674e+01,7.171906164e-10,1.180032e-16,2.145766e-18,8.677852e-20,6.860958e-03
0.160000,5.980844003e-07,6.938246922e-07,3.434790084e-05,3.446680016e-07,9.857479983e-07,2.223365962e-01,3.930218281e+01,5.986131073e-10,5.624061e-16,2.086044e-18,4.886433e-20,6.888837e-03
0.170000,4.060917253e-07,5.314515382e-07,3.146662537e-05,2.636017420e-07,6.987953995e-07,2.218384611e-01,3.929651693e+01,4.995366631e-10,2.294219e-16,1.581935e-18,6.910460e-20,6.877377e-03
0.180000,2.027578607e-07,3.551356580e-07,2.884367258e-05,1.756554365e-07,3.895843581e-07,2.213167524e-01,3.929051978e+01,4.174397703e-10,1.214398e-17,3.299484e-18,8.677852e-20,6.902607e-03
0.190000,6.466146907e-08,1.763129170e-07,2.646211414e-05,8.143918591e-08,6.085160641e-08,2.207714410e-01,3.928419209e+01,3.502044245e-10,4.536716e-16,1.734935e-18,9.583084e-20,6.878347e-03
0.200000,2.651540217e-07,7.300048300e-08,2.430605535e-05,1.890806961e-08,2.870293361e-07,2.202025088e-01,3.927753463e+01,2.960541102e-10,2.292011e-16,4.866551e-18,8.677852e-20,6.962337e-03
0.210000,5.038052955e-07,2.528810911e-07,2.236059608e-05,1.239008693e-07,6.499413000e-07,2.196099485e-01,3.927054821e+01,2.535003294e-10,4.445768e-16,1.436887e-18,1.654297e-19,6.859317e-03
0.220000,7.530599346e-07,4.749708608e-07,2.061179615e-05,2.338767355e-07,1.026884724e-06,2.189937633e-01,3.926323368e+01,2.212965949e-10,7.792330e-16,3.241095e-18,2.672976e-19,6.889997e-03
0.230000,1.010208466e-06,6.989264130e-07,1.904664356e-05,3.481869059e-07,1.416057293e-06,2.183539669e-01,3.925559195e+01,1.983989345e-10,6.835857e-17,1.039521e-17,3.833234e-20,6.910677e-03
0.240000,1.273755229e-06,9.343871717e-07,1.765302302e-05,4.664125103e-07,1.815803269e-06,2.176905831e-01,3.924762396e+01,1.839320680e-10,9.714658e-17,5.797964e-18,2.116972e-19,6.851888e-03
0.250000,1.542491441e-06,1.178605553e-06,1.641968194e-05,5.881704736e-07,2.224578207e-06,2.170036456e-01,3.923933071e+01,1.771605191e-10,4.531617e-16,4.272637e-18,2.557086e-19,6.821908e-03
0.260000,1.815342322e-06,1.427403690e-06,1.533619012e-05,7.131057366e-07,2.640939608e-06,2.162931980e-01,3.923071322e+01,1.774640182e-10,1.346389e-16,4.690976e-18,3.090452e-19,6.817497e-03
0.270000,2.091324404e-06,1.682709958e-06,1.439288943e-05,8.408883990e-07,3.063540568e-06,2.155592933e-01,3.922177259e+01,1.843166260e-10,1.273112e-16,1.909704e-18,5.427783e-19,6.872157e-03
0.280000,2.369528789e-06,1.943330811e-06,1.358083034e-05,9.712116875e-07,3.491124265e-06,2.148019939e-01,3.921250995e+01,1.972690826e-10,2.222296e-16,9.572959e-18,1.954573e-19,6.828458e-03
0.290000,2.649112543e-06,2.208792444e-06,1.289169397e-05,1.103790221e-06,3.922518870e-06,2.140213714e-01,3.920292645e+01,2.159339439e-10,2.312134e-16,1.143644e-18,3.636525e-19,6.851738e-03
0.300000,2.929293170e-06,2.477001519e-06,1.231770108e-05,1.238358444e-06,4.356632775e-06,2.132175062e-01,3.919302334e+01,2.399731262e-10,4.546017e-16,5.827035e-18,2.498963e-19,6.813237e-03
0.310000,3.209344467e-06,2.749254145e-06,1.185151280e-05,1.374669187e-06,4.792450076e-06,2.123904874e-01,3.918280186e+01,2.690875226e-10,8.893285e-16,9.346106e-18,8.314671e-19,6.854258e-03
0.320000,3.488593078e-06,3.025926524e-06,1.148613143e-05,1.512492348e-06,5.229026308e-06,2.115404128e-01,3.917226333e+01,3.030084015e-10,6.690751e-16,1.626529e-18,5.561492e-19,6.901797e-03
0.330000,3.766415459e-06,3.304431190e-06,1.121481181e-05,1.651613656e-06,5.665484393e-06,2.106673882e-01,3.916140912e+01,3.414903306e-10,8.882898e-16,4.152672e-18,4.631714e-19,6.885088e-03
0.340000,4.042235109e-06,3.584093258e-06,1.103099304e-05,1.791833542e-06,6.101010812e-06,2.097715277e-01,3.915024062e+01,3.843054067e-10,2.225970e-16,2.812664e-18,2.168404e-19,6.857607e-03
0.350000,4.315519994e-06,3.866614454e-06,1.092825797e-05,1.932966083e-06,6.534851960e-06,2.088529531e-01,3.913875928e+01,4.312385954e-10,5.565435e-16,6.744966e-18,3.160965e-19,6.849668e-03
0.360000,4.585780132e-06,4.150341224e-06,1.090032225e-05,2.074838028e-06,6.966310708e-06,2.079117940e-01,3.912696659e+01,4.820840144e-10,4.482054e-16,6.654884e-18,5.421011e-20,6.846577e-03
0.370000,4.852565306e-06,4.434641651e-06,1.094104949e-05,2.217287884e-06,7.394743130e-06,2.069481873e-01,3.911486410e+01,5.366420142e-10,4.512014e-16,4.877874e-18,6.060874e-19,6.855037e-03
0.380000,5.115462896e-06,4.720823329e-06,1.104448461e-05,2.360165088e-06,7.819555409e-06,2.059622774e-01,3.910245339e+01,5.947169285e-10,1.277705e-16,1.253802e-17,7.589415e-19,6.847258e-03
0.390000,5.374095815e-06,5.006967553e-06,1.120489553e-05,2.503329217e-06,8.240200904e-06,2.049542156e-01,3.908973608e+01,6.561153867e-10,9.890768e-17,2.884142e-18,2.235140e-19,6.830427e-03
0.400000,5.628120546e-06,5.293667662e-06,1.141681396e-05,2.646649272e-06,8.656177369e-06,2.039241601e-01,3.907671385e+01,7.206450926e-10,2.244703e-16,4.681020e-19,1.084202e-19,6.851107e-03
0.410000,5.877225274e-06,5.580360524e-06,1.167506867e-05,2.790003003e-06,9.067024318e-06,2.028722758e-01,3.906338842e+01,7.881139882e-10,2.269399e-16,6.268773e-18,3.909147e-19,6.921757e-03
0.420000,6.121128101e-06,5.866895813e-06,1.197480729e-05,2.933276292e-06,9.472320538e-06,2.017987341e-01,3.904976155e+01,8.583297343e-10,2.220622e-16,5.884248e-18,4.470280e-19,6.887868e-03
0.430000,6.359575351e-06,6.152862501e-06,1.231150614e-05,3.076362572e-06,9.871681719e-06,2.007037127e-01,3.903583504e+01,9.310994447e-10,2.348108e-16,2.046432e-18,4.997925e-19,6.847777e-03
0.440000,6.592339951e-06,6.438681225e-06,1.268096917e-05,3.219162293e-06,1.026475822e-05,1.995873953e-01,3.902161074e+01,1.006229627e-09,4.453660e-16,1.206175e-17,1.116254e-18,6.850208e-03
0.450000,6.819219889e-06,6.723380152e-06,1.307931828e-05,3.361582426e-06,1.065123296e-05,1.984499718e-01,3.900709055e+01,1.083526284e-09,1.544259e-16,1.018115e-17,1.212175e-18,6.864077e-03
0.460000,7.040036752e-06,7.007349280e-06,1.350297774e-05,3.503536002e-06,1.103081941e-05,1.972916377e-01,3.899227639e+01,1.162795135e-09,2.298402e-16,3.718434e-18,5.421011e-19,6.904338e-03
0.470000,7.254634324e-06,7.290125657e-06,1.394865504e-05,3.644941686e-06,1.140325969e-05,1.961125940e-01,3.897717025e+01,1.243841939e-09,1.787166e-16,1.179867e-17,1.035683e-18,6.835098e-03
0.480000,7.462877262e-06,7.571784267e-06,1.441332012e-05,3.785723380e-06,1.176832278e-05,1.949130475e-01,3.896177415e+01,1.326472879e-09,4.517541e-16,8.797459e-18,6.942281e-19,6.861787e-03
0.490000,7.664649830e-06,7.851823269e-06,1.489418441e-05,3.925809856e-06,1.212580285e-05,1.936932098e-01,3.894609014e+01,1.410494987e-09,2.438035e-16,1.859217e-18,6.505213e-19,6.832568e-03
0.500000,7.859854699e-06,8.130573879e-06,1.538868068e-05,4.065134415e-06,1.247551762e-05,1.924532981e-01,3.893012033e+01,1.495716608e-09,2.391669e-16,3.855021e-18,4.848700e-19,6.802098e-03
0.510000,8.048411806e-06,8.407530417e-06,1.589444408e-05,4.203634570e-06,1.281730686e-05,1.911935342e-01,3.891386686e+01,1.581947867e-09,4.458828e-16,4.607859e-19,3.428548e-19,6.839567e-03
0.520000,8.230257271e-06,8.682813415e-06,1.640929486e-05,4.341251754e-06,1.315103098e-05,1.899141448e-01,3.889733192e+01,1.669001139e-09,5.581023e-16,2.552053e-18,4.848700e-19,6.842738e-03
0.530000,8.405342367e-06,8.955982175e-06,1.693122265e-05,4.477931048e-06,1.347656962e-05,1.886153616e-01,3.888051772e+01,1.756691511e-09,2.365676e-16,3.604055e-18,1.172744e-18,6.842148e-03
0.540000,8.573632545e-06,9.227609491e-06,1.745837243e-05,4.613620927e-06,1.379382044e-05,1.872974204e-01,3.886342654e+01,1.844837228e-09,4.508498e-16,1.359607e-17,3.909147e-19,6.826447e-03
0.550000,8.735106510e-06,9.496939190e-06,1.798903187e-05,4.748273029e-06,1.410269788e-05,1.859605616e-01,3.884606067e+01,1.933260108e-09,6.704948e-16,1.034863e-17,4.848700e-19,6.811437e-03
0.560000,8.889755339e-06,9.763888511e-06,1.852162013e-05,4.881841936e-06,1.440313202e-05,1.846050300e-01,3.882842246e+01,2.021785947e-09,1.558907e-16,1.332910e-17,6.505213e-19,6.871947e-03
0.570000,9.037581657e-06,1.002878039e-05,1.905467777e-05,5.014284972e-06,1.469506749e-05,1.832310744e-01,3.881051429e+01,2.110244872e-09,3.378870e-16,1.929035e-17,8.741117e-19,6.833087e-03
0.580000,9.178598847e-06,1.029134218e-05,1.958685770e-05,5.145562019e-06,1.497846252e-05,1.818389478e-01,3.879233857e+01,2.198471681e-09,1.381819e-16,2.245797e-17,1.517883e-18,6.833978e-03
0.590000,9.312830308e-06,1.055141113e-05,2.011691708e-05,5.275635343e-06,1.525328790e-05,1.804289072e-01,3.877389777e+01,2.286306136e-09,7.155045e-17,8.651949e-18,1.212175e-18,6.792728e-03
0.600000,9.440308750e-06,1.080916716e-05,2.064370994e-05,5.404469431e-06,1.551952613e-05,1.790012133e-01,3.875519438e+01,2.373593230e-09,3.385431e-16,1.834484e-17,4.336809e-19,6.871417e-03
0.610000,9.561075529e-06,1.106433043e-05,2.116618052e-05,5.532030847e-06,1.577717058e-05,1.775561306e-01,3.873623092e+01,2.460183414e-09,9.077295e-16,3.085813e-18,1.264386e-18,6.857116e-03
0.620000,9.675180025e-06,1.131684087e-05,2.168335717e-05,5.658288088e-06,1.602622465e-05,1.760939275e-01,3.871700997e+01,2.545932794e-09,5.875594e-16,4.469047e-18,9.263427e-19,6.947107e-03
0.630000,9.782679046e-06,1.156664184e-05,2.219434677e-05,5.783211462e-06,1.626670103e-05,1.746148759e-01,3.869753412e+01,2.630703293e-09,4.586162e-16,6.226911e-18,9.697399e-19,6.848537e-03
0.640000,9.883636269e-06,1.181371728e-05,2.269832956e-05,5.906772965e-06,1.649862103e-05,1.731192512e-01,3.867780602e+01,2.714362783e-09,3.031799e-16,1.964322e-18,1.089610e-18,6.858108e-03
0.650000,9.978121720e-06,1.205808740e-05,2.319455442e-05,6.028946173e-06,1.672201383e-05,1.716073323e-01,3.865782833e+01,2.796785185e-09,3.339710e-16,7.925112e-18,1.552341e-18,6.880248e-03
0.660000,1.006621128e-05,1.229948019e-05,2.368233449e-05,6.149706140e-06,1.693691595e-05,1.700794018e-01,3.863760376e+01,2.877850542e-09,1.544063e-16,6.075403e-18,5.421011e-19,6.811287e-03
0.670000,1.014798620e-05,1.253810303e-05,2.416104299e-05,6.269029303e-06,1.714337058e-05,1.685357454e-01,3.861713506e+01,2.957445065e-09,4.481253e-16,1.947343e-17,4.848700e-19,6.830208e-03
0.680000,1.022353270e-05,1.277400685e-05,2.463010950e-05,6.386893394e-06,1.734142707e-05,1.669766525e-01,3.859642499e+01,3.035461148e-09,5.601118e-16,1.939995e-17,1.748223e-18,6.854488e-03
0.690000,1.029294154e-05,1.300662261e-05,2.508901633e-05,6.503277360e-06,1.753114041e-05,1.654024156e-01,3.857547637e+01,3.111797374e-09,2.222466e-16,4.645968e-18,3.909147e-19,6.849797e-03
0.700000,1.035630762e-05,1.323645917e-05,2.553729520e-05,6.618161284e-06,1.771257070e-05,1.638133308e-01,3.855429203e+01,3.186358479e-09,7.152697e-17,9.739469e-18,2.105140e-18,6.799018e-03
0.710000,1.041372965e-05,1.346316409e-05,2.597452414e-05,6.731526322e-06,1.788578273e-05,1.622096975e-01,3.853287484e+01,3.259055316e-09,1.257425e-16,1.180838e-17,1.105674e-18,6.898987e-03
0.720000,1.046530980e-05,1.368686054e-05,2.640032448e-05,6.843354632e-06,1.805084555e-05,1.605918186e-01,3.851122771e+01,3.329804787e-09,2.256396e-16,1.751792e-18,1.226635e-18,6.851748e-03
0.730000,1.051115338e-05,1.390747016e-05,2.681435815e-05,6.953629315e-06,1.820783204e-05,1.589600003e-01,3.848935356e+01,3.398529767e-09,2.985110e-16,5.207064e-18,1.264386e-18,6.872708e-03
0.740000,1.055136856e-05,1.412485463e-05,2.721632508e-05,7.062334364e-06,1.835681856e-05,1.573145525e-01,3.846725537e+01,3.465159010e-09,5.556474e-16,2.484954e-17,6.857097e-19,6.802537e-03
0.750000,1.058606610e-05,1.433906773e-05,2.760596073e-05,7.169454606e-06,1.849788458e-05,1.556557886e-01,3.844493612e+01,3.529627039e-09,1.304555e-16,1.100612e-17,2.893012e-18,6.829187e-03
0.760000,1.061535907e-05,1.455003586e-05,2.798303377e-05,7.274975660e-06,1.863111235e-05,1.539840256e-01,3.842239883e+01,3.591874034e-09,2.365657e-16,9.916487e-18,3.366269e-18,6.842527e-03
0.770000,1.063936266e-05,1.475792829e-05,2.834734397e-05,7.378883888e-06,1.875658660e-05,1.522995843e-01,3.839964655e+01,3.651845701e-09,1.168993e-16,1.007375e-17,1.999170e-18,6.866607e-03
0.780000,1.065819391e-05,1.496239835e-05,2.869872012e-05,7.481166358e-06,1.887439425e-05,1.506027893e-01,3.837668237e+01,3.709493135e-09,1.253747e-16,1.628454e-17,1.788112e-18,6.805108e-03
0.790000,1.067197157e-05,1.516376018e-05,2.903701809e-05,7.581810803e-06,1.898462413e-05,1.488939695e-01,3.835350939e+01,3.764772678e-09,2.109425e-16,7.638481e-18,4.848700e-19,6.886227e-03
0.800000,1.068081586e-05,1.536176022e-05,2.936211906e-05,7.680805588e-06,1.908736675e-05,1.471734578e-01,3.833013073e+01,3.817645769e-09,3.252650e-16,1.248673e-17,2.168404e-19,6.847497e-03
0.810000,1.068484834e-05,1.555632699e-05,2.967392776e-05,7.778139676e-06,1.918271403e-05,1.454415913e-01,3.830654956e+01,3.868078789e-09,2.221536e-16,1.855841e-17,1.371419e-18,6.882147e-03
0.820000,1.068419173e-05,1.574767236e-05,2.997237088e-05,7.873802600e-06,1.927075913e-05,1.436987121e-01,3.828276907e+01,3.916042906e-09,2.311700e-16,4.087834e-18,2.852091e-18,6.854258e-03
0.830000,1.067896981e-05,1.593568942e-05,3.025739557e-05,7.967784432e-06,1.935159620e-05,1.419451669e-01,3.825879246e+01,3.961513907e-09,2.235663e-16,2.640205e-18,1.105674e-18,6.923897e-03
0.840000,1.066930723e-05,1.612035690e-05,3.052896797e-05,8.060075760e-06,1.942532023e-05,1.401813074e-01,3.823462296e+01,4.004472042e-09,6.724567e-16,1.643508e-17,1.533293e-18,6.801037e-03
0.850000,1.065532946e-05,1.630143447e-05,3.078707187e-05,8.150667661e-06,1.949202687e-05,1.384074910e-01,3.821026383e+01,4.044901855e-09,1.249013e-16,1.493193e-17,1.318989e-18,6.833227e-03
0.860000,1.063716266e-05,1.647922913e-05,3.103170748e-05,8.239551684e-06,1.955181222e-05,1.366240806e-01,3.818571835e+01,4.082792020e-09,4.475604e-16,1.011509e-17,3.066587e-19,6.834337e-03
0.870000,1.061493358e-05,1.665355268e-05,3.126289016e-05,8.326719822e-06,1.960477277e-05,1.348314454e-01,3.816098984e+01,4.118135179e-09,2.372482e-16,1.122149e-17,6.857097e-19,6.835627e-03
0.880000,1.058876949e-05,1.682448664e-05,3.148064938e-05,8.412164501e-06,1.965100518e-05,1.330299610e-01,3.813608160e+01,4.150927772e-09,4.451215e-16,3.523657e-19,4.358439e-18,6.831528e-03
0.890000,1.055879814e-05,1.699189806e-05,3.168502758e-05,8.495878557e-06,1.969060619e-05,1.312200102e-01,3.811099700e+01,4.181169882e-09,2.607401e-16,1.607275e-17,4.527761e-18,6.818787e-03
0.900000,1.052514764e-05,1.715586420e-05,3.187607922e-05,8.577855222e-06,1.972367250e-05,1.294019831e-01,3.808573939e+01,4.208865069e-09,5.556519e-16,5.640196e-18,1.084202e-18,6.830307e-03
0.910000,1.048794649e-05,1.731635469e-05,3.205386984e-05,8.658088109e-06,1.975030066e-05,1.275762781e-01,3.806031217e+01,4.234020212e-09,6.756212e-16,2.192134e-17,1.788112e-18,6.891798e-03
0.920000,1.044732346e-05,1.747321116e-05,3.221847517e-05,8.736571198e-06,1.977058697e-05,1.257433022e-01,3.803471874e+01,4.256645355e-09,2.438144e-16,6.345131e-18,1.084202e-18,6.820828e-03
0.930000,1.040340762e-05,1.762668177e-05,3.236998030e-05,8.813298821e-06,1.978462740e-05,1.239034718e-01,3.800896253e+01,4.276753552e-09,2.277143e-16,2.310655e-17,2.135631e-18,6.807697e-03
0.940000,1.035632830e-05,1.777662940e-05,3.250847889e-05,8.888265656e-06,1.979251749e-05,1.220572135e-01,3.798304698e+01,4.294360718e-09,1.457399e-16,7.298511e-18,2.335443e-18,6.879067e-03
0.950000,1.030621508e-05,1.792301857e-05,3.263407249e-05,8.961466710e-06,1.979435227e-05,1.202049649e-01,3.795697557e+01,4.309485484e-09,5.030716e-17,2.354855e-17,1.788112e-18,6.784278e-03
0.960000,1.025319775e-05,1.806593578e-05,3.274686980e-05,9.032897309e-06,1.979022625e-05,1.183471755e-01,3.793075176e+01,4.322149050e-09,1.296469e-16,1.493299e-17,3.157244e-18,6.892167e-03
0.970000,1.019740637e-05,1.820521888e-05,3.284698606e-05,9.102553097e-06,1.978023326e-05,1.164843078e-01,3.790437906e+01,4.332375051e-09,1.668890e-16,4.304501e-18,2.168404e-18,6.844817e-03
0.980000,1.013897124e-05,1.834099908e-05,3.293454243e-05,9.170430015e-06,1.976446648e-05,1.146168382e-01,3.787786097e+01,4.340189418e-09,5.603035e-16,1.771734e-17,4.635519e-18,6.873147e-03
0.990000,1.007802292e-05,1.847323343e-05,3.300966546e-05,9.236524304e-06,1.974301836e-05,1.127452587e-01,3.785120102e+01,4.345620249e-09,5.587110e-16,8.549099e-18,1.226635e-18,6.877807e-03
1.000000,1.001469226e-05,1.860175880e-05,3.307248651e-05,9.300832490e-06,1.971598057e-05,1.108700776e-01,3.782440276e+01,4.348697681e-09,1.027020e-16,1.729891e-17,7.818293e-19,6.861907e-03
1.010000,9.949110410e-06,1.872674643e-05,3.312314133e-05,9.363351384e-06,1.968344396e-05,1.089918216e-01,3.779746974e+01,4.349453769e-09,4.449573e-16,4.975827e-18,9.697399e-19,6.837357e-03
1.020000,9.881408879e-06,1.884826668e-05,3.316176952e-05,9.424078068e-06,1.964549855e-05,1.071110370e-01,3.777040553e+01,4.347922365e-09,3.497412e-16,1.698853e-17,4.336809e-19,6.893828e-03
1.030000,9.811719549e-06,1.896612866e-05,3.318851416e-05,9.483009898e-06,1.960223346e-05,1.052282919e-01,3.774321370e+01,4.344139002e-09,2.220646e-16,2.763441e-17,2.453269e-18,6.831657e-03
1.040000,9.740174725e-06,1.908042342e-05,3.320352140e-05,9.540144491e-06,1.955373692e-05,1.033441779e-01,3.771589786e+01,4.338140791e-09,3.424645e-16,1.622325e-17,2.179219e-18,6.847527e-03
1.050000,9.666907179e-06,1.919107586e-05,3.320694006e-05,9.595479726e-06,1.950009622e-05,1.014593125e-01,3.768846161e+01,4.329966305e-09,7.551135e-17,4.370559e-18,6.133174e-19,6.823347e-03
1.060000,9.592050200e-06,1.929807959e-05,3.319892129e-05,9.649013735e-06,1.944139774e-05,9.957434162e-02,3.766090855e+01,4.319655484e-09,2.274864e-16,1.044699e-17,2.646875e-18,6.819708e-03
1.070000,9.515737641e-06,1.940151788e-05,3.317961828e-05,9.700744904e-06,1.937772686e-05,9.768994192e-02,3.763324232e+01,4.307249534e-09,2.310019e-16,2.266222e-17,2.682168e-18,6.853038e-03
1.080000,9.438103977e-06,1.950147023e-05,3.314918594e-05,9.750671863e-06,1.930916801e-05,9.580682423e-02,3.760546654e+01,4.292790834e-09,2.226196e-16,1.313522e-17,2.168404e-18,6.844447e-03
1.090000,9.359284356e-06,1.959760476e-05,3.310778058e-05,9.798793488e-06,1.923580465e-05,9.392573665e-02,3.757758487e+01,4.276322844e-09,6.754788e-16,1.687598e-17,3.104683e-18,6.814537e-03
1.100000,9.279414653e-06,1.969033824e-05,3.305555974e-05,9.845108897e-06,1.915771924e-05,9.204746825e-02,3.754960094e+01,4.257890021e-09,5.592270e-16,1.849773e-17,4.091337e-18,6.840697e-03
1.110000,9.198631528e-06,1.977933684e-05,3.299268186e-05,9.889617444e-06,1.907499325e-05,9.017285310e-02,3.752151841e+01,4.237537734e-09,2.316230e-16,1.474674e-18,1.999170e-18,6.817977e-03
1.120000,9.117072474e-06,1.986471781e-05,3.291930614e-05,9.932318718e-06,1.898770717e-05,8.830277475e-02,3.749334095e+01,4.215312189e-09,7.465166e-17,2.097868e-17,3.469447e-18,6.859538e-03
1.130000,9.034875869e-06,1.994646083e-05,3.283559227e-05,9.973212545e-06,1.889594050e-05,8.643817120e-02,3.746507223e+01,4.191260346e-09,2.233720e-16,2.249720e-18,1.226635e-18,6.853447e-03
1.140000,8.952181020e-06,2.002463261e-05,3.274170028e-05,1.001229898e-05,1.879977174e-05,8.458004037e-02,3.743671591e+01,4.165429856e-09,2.267534e-16,5.717111e-18,2.611105e-18,6.813847e-03
1.150000,8.869128208e-06,2.009927483e-05,3.263779037e-05,1.004957830e-05,1.869927844e-05,8.272944613e-02,3.740827568e+01,4.137868985e-09,1.121254e-16,9.500273e-18,9.697399e-19,6.796228e-03
1.160000,8.785858714e-06,2.017018449e-05,3.252402276e-05,1.008505102e-05,1.859453714e-05,8.088752502e-02,3.737975522e+01,4.108626553e-09,1.144748e-16,1.705897e-17,0.000000e+00,6.810667e-03
1.170000,8.702514854e-06,2.023755443e-05,3.240055749e-05,1.011871788e-05,1.848562345e-05,7.905549359e-02,3.735115821e+01,4.077751869e-09,4.489595e-16,9.904292e-18,1.748223e-18,6.889737e-03
1.180000,8.619239986e-06,2.030120114e-05,3.226755437e-05,1.015057984e-05,1.837261200e-05,7.723465655e-02,3.732248833e+01,4.045294675e-09,4.472484e-16,5.963112e-19,3.927147e-18,6.838387e-03
1.190000,8.536178514e-06,2.036137763e-05,3.212517283e-05,1.018063808e-05,1.825557650e-05,7.542641571e-02,3.729374928e+01,4.011305084e-09,1.081520e-16,1.371419e-18,7.818293e-19,6.828078e-03
1.200000,8.453475881e-06,2.041789710e-05,3.197357177e-05,1.020889401e-05,1.813458971e-05,7.363227975e-02,3.726494474e+01,3.975833532e-09,3.418648e-17,2.305045e-17,4.770490e-18,6.859347e-03
1.210000,8.371278537e-06,2.047078984e-05,3.181290955e-05,1.023534925e-05,1.800972349e-05,7.185387495e-02,3.723607840e+01,3.938930723e-09,7.083934e-17,4.220104e-17,2.742839e-18,6.897457e-03
1.220000,8.289733893e-06,2.052012716e-05,3.164334383e-05,1.026000565e-05,1.788104881e-05,7.009295684e-02,3.720715395e+01,3.900647583e-09,1.334541e-16,2.174494e-18,9.697399e-19,6.843877e-03
1.230000,8.208990252e-06,2.056580511e-05,3.146503153e-05,1.028286527e-05,1.774863572e-05,6.835142282e-02,3.717817508e+01,3.861035211e-09,1.997130e-17,1.324617e-17,4.906539e-18,6.831898e-03
1.240000,8.129196718e-06,2.060793421e-05,3.127812878e-05,1.030393041e-05,1.761255346e-05,6.663132578e-02,3.714914546e+01,3.820144840e-09,2.221244e-16,1.017086e-17,6.071532e-18,6.807678e-03
1.250000,8.050503079e-06,2.064647165e-05,3.108279083e-05,1.032320356e-05,1.747287038e-05,6.493488848e-02,3.712006880e+01,3.778027792e-09,2.327064e-16,1.756943e-17,1.226635e-18,6.814087e-03
1.260000,7.973059655e-06,2.068145899e-05,3.087917200e-05,1.034068744e-05,1.732965404e-05,6.326451892e-02,3.709094875e+01,3.734735438e-09,2.350934e-16,6.516272e-18,1.939480e-18,6.892737e-03
1.270000,7.897017123e-06,2.071284990e-05,3.066742567e-05,1.035638500e-05,1.718297116e-05,6.162282612e-02,3.706178900e+01,3.690319165e-09,1.323480e-16,4.987330e-18,3.066587e-18,6.858787e-03
1.280000,7.822526302e-06,2.074070353e-05,3.044770424e-05,1.037029937e-05,1.703288773e-05,6.001263633e-02,3.703259322e+01,3.644830334e-09,2.703959e-16,1.388297e-17,2.776912e-18,6.823887e-03
1.290000,7.749737904e-06,2.076490580e-05,3.022015908e-05,1.038243394e-05,1.687946893e-05,5.843700904e-02,3.700336507e+01,3.598320254e-09,4.477640e-16,1.638960e-17,9.697399e-19,6.828468e-03
1.300000,7.678802241e-06,2.078566174e-05,2.998494054e-05,1.039279228e-05,1.672277924e-05,5.689925231e-02,3.697410821e+01,3.550840147e-09,2.271615e-16,2.175955e-17,2.637978e-18,6.855908e-03
1.310000,7.609868909e-06,2.080287494e-05,2.974219793e-05,1.040137821e-05,1.656288243e-05,5.540293658e-02,3.694482630e+01,3.502441114e-09,6.248677e-17,2.403179e-17,8.673617e-19,6.842958e-03
1.320000,7.543086405e-06,2.081642619e-05,2.949207950e-05,1.040819574e-05,1.639984157e-05,5.395190584e-02,3.691552298e+01,3.453174114e-09,6.700858e-16,1.207621e-17,3.066587e-18,6.832588e-03
1.330000,7.478601730e-06,2.082662115e-05,2.923473247e-05,1.041324911e-05,1.623371909e-05,5.255028498e-02,3.688620188e+01,3.403089931e-09,5.551960e-16,6.129579e-18,9.745765e-18,6.849008e-03
1.340000,7.416559926e-06,2.083312370e-05,2.897030301e-05,1.041654277e-05,1.606457679e-05,5.120248144e-02,3.685686663e+01,3.352239153e-09,2.224491e-16,1.550696e-17,1.788112e-18,6.848897e-03
1.350000,7.357103597e-06,2.083627830e-05,2.869893627e-05,1.041808138e-05,1.589247586e-05,4.991317938e-02,3.682752086e+01,3.300672142e-09,2.008291e-16,2.081696e-17,3.127317e-18,6.828507e-03
1.360000,7.300372367e-06,2.083585203e-05,2.842077640e-05,1.041786985e-05,1.571747695e-05,4.868732396e-02,3.679816817e+01,3.248439017e-09,5.691626e-16,7.613047e-18,4.091337e-18,6.885108e-03
1.370000,7.246502328e-06,2.083195126e-05,2.813596659e-05,1.041591325e-05,1.553964016e-05,4.753009340e-02,3.676881215e+01,3.195589630e-09,3.407662e-16,1.393115e-17,2.168404e-18,6.824488e-03
1.380000,7.195625436e-06,2.082457403e-05,2.784464906e-05,1.041221693e-05,1.535902508e-05,4.644685610e-02,3.673945641e+01,3.142173543e-09,6.661352e-16,2.201972e-17,3.576224e-18,6.822168e-03
1.390000,7.147868896e-06,2.081367397e-05,2.754696514e-05,1.040678642e-05,1.517569084e-05,4.544311076e-02,3.671010450e+01,3.088240012e-09,4.558308e-16,1.648221e-17,4.944723e-18,6.849807e-03
1.400000,7.103354526e-06,2.079933096e-05,2.724305530e-05,1.039962747e-05,1.498969614e-05,4.452440747e-02,3.668076000e+01,3.033837965e-09,3.529491e-16,1.428539e-17,7.573911e-18,6.880717e-03
1.410000,7.062198100e-06,2.078162333e-05,2.693305920e-05,1.039074607e-05,1.480109928e-05,4.369624936e-02,3.665142644e+01,2.979015990e-09,3.398145e-16,2.104197e-17,6.133174e-18,6.840997e-03
1.420000,7.024508706e-06,2.076034997e-05,2.661711578e-05,1.038014841e-05,1.460995823e-05,4.296397531e-02,3.662210738e+01,2.923822310e-09,2.350883e-16,4.370559e-18,1.734723e-18,6.893687e-03
1.430000,6.990388097e-06,2.073579972e-05,2.629536326e-05,1.036784091e-05,1.441633062e-05,4.233262663e-02,3.659280632e+01,2.868304774e-09,1.250901e-16,1.871672e-17,4.422694e-18,6.823418e-03
1.440000,6.959930069e-06,2.070783227e-05,2.596793927e-05,1.035383022e-05,1.422027383e-05,4.180680270e-02,3.656352678e+01,2.812510837e-09,7.944445e-16,8.436990e-18,5.434006e-18,6.802808e-03
1.450000,6.933219869e-06,2.067643374e-05,2.563498094e-05,1.033812318e-05,1.402184501e-05,4.139051302e-02,3.653427224e+01,2.756487551e-09,8.906264e-16,9.350929e-18,2.637978e-18,6.859247e-03
1.460000,6.910333633e-06,2.064156697e-05,2.529662493e-05,1.032072690e-05,1.382110116e-05,4.108703500e-02,3.650504617e+01,2.700281544e-09,2.224111e-16,1.588125e-17,2.602085e-18,6.857697e-03
1.470000,6.891337892e-06,2.060340833e-05,2.495300760e-05,1.030164868e-05,1.361809915e-05,4.089878807e-02,3.647585204e+01,2.643939015e-09,3.506678e-16,1.891725e-17,2.211347e-18,6.838327e-03
1.480000,6.876289130e-06,2.056185311e-05,2.460426508e-05,1.028089605e-05,1.341289581e-05,4.082723472e-02,3.644669329e+01,2.587505712e-09,2.268917e-16,2.673762e-17,5.222209e-18,6.830177e-03
1.490000,6.865233414e-06,2.051709711e-05,2.425053339e-05,1.025847679e-05,1.320554796e-05,4.087281730e-02,3.641757332e+01,2.531026929e-09,8.891372e-16,1.385747e-17,3.127317e-18,6.829118e-03
1.500000,6.858206112e-06,2.046885900e-05,2.389194861e-05,1.023439889e-05,1.299611250e-05,4.103493673e-02,3.638849556e+01,2.474547490e-09,2.348229e-16,3.193086e-17,3.927147e-18,6.843277e-03
1.510000,6.855231690e-06,2.041741860e-05,2.352864701e-05,1.020867056e-05,1.278464648e-05,4.131197534e-02,3.635946337e+01,2.418111738e-09,1.515973e-16,4.814639e-18,3.066587e-18,6.838118e-03
1.520000,6.856323611e-06,2.036270802e-05,2.316076519e-05,1.018130027e-05,1.257120718e-05,4.170136153e-02,3.633048013e+01,2.361763524e-09,5.631065e-16,2.010210e-17,4.271261e-18,6.833217e-03
1.530000,6.861484326e-06,2.030465710e-05,2.278844032e-05,1.015229670e-05,1.235585219e-05,4.219967018e-02,3.630154918e+01,2.305546199e-09,2.342872e-16,1.490396e-17,3.705371e-18,6.824958e-03
1.540000,6.870705360e-06,2.024341258e-05,2.241181029e-05,1.012166878e-05,1.213863950e-05,4.280274984e-02,3.627267384e+01,2.249502602e-09,2.820392e-16,2.219260e-17,3.066587e-18,6.892807e-03
1.550000,6.883967500e-06,2.017892339e-05,2.203101396e-05,1.008942566e-05,1.191962764e-05,4.350586611e-02,3.624385742e+01,2.193675054e-09,7.551582e-17,9.516461e-18,8.285461e-18,6.880367e-03
1.560000,6.901241070e-06,2.011122456e-05,2.164619142e-05,1.005557675e-05,1.169887576e-05,4.430385060e-02,3.621510318e+01,2.138105344e-09,1.144918e-16,9.697399e-18,2.637978e-18,6.860467e-03
1.570000,6.922486301e-06,2.004030572e-05,2.125748426e-05,1.002013169e-05,1.147644376e-05,4.519124599e-02,3.618641440e+01,2.082834722e-09,2.482582e-16,6.824932e-18,3.035766e-18,6.834697e-03
1.580000,6.947653771e-06,1.996639946e-05,2.086503586e-05,9.983100367e-06,1.125239248e-05,4.616243997e-02,3.615779430e+01,2.027903896e-09,1.016161e-15,2.242073e-17,4.690976e-18,6.865767e-03
1.590000,6.976684929e-06,1.988900359e-05,2.046899178e-05,9.944492918e-06,1.102678379e-05,4.721178278e-02,3.612924609e+01,1.973353013e-09,4.461752e-16,1.049862e-17,4.670886e-18,6.893137e-03
1.600000,7.009512666e-06,1.980872736e-05,2.006950013e-05,9.904319728e-06,1.079968083e-05,4.833368572e-02,3.610077297e+01,1.919221661e-09,1.169760e-16,1.107085e-17,2.742839e-18,6.876037e-03
1.610000,7.046061954e-06,1.972531047e-05,1.966671203e-05,9.862591436e-06,1.057114821e-05,4.952269993e-02,3.607237809e+01,1.865548856e-09,4.783332e-16,4.794535e-17,4.336809e-19,6.881827e-03
1.620000,7.086250507e-06,1.963875812e-05,1.926078209e-05,9.819318939e-06,1.034125221e-05,5.077357602e-02,3.604406461e+01,1.812373037e-09,6.663530e-16,1.071774e-17,4.670886e-18,6.867617e-03
1.630000,7.129989482e-06,1.954909683e-05,1.885186901e-05,9.774513393e-06,1.011006106e-05,5.208130661e-02,3.601583561e+01,1.759732057e-09,2.878330e-16,2.237932e-18,3.127317e-18,6.845167e-03
1.640000,7.177184189e-06,1.945646620e-05,1.844013620e-05,9.728186221e-06,9.877645259e-06,5.344115377e-02,3.598769421e+01,1.707663176e-09,2.234688e-16,2.050592e-17,9.361883e-18,6.876537e-03
1.650000,7.227734816e-06,1.936089243e-05,1.802575254e-05,9.680349113e-06,9.644077884e-06,5.484866426e-02,3.595964345e+01,1.656203055e-09,6.930449e-16,1.691877e-17,2.776912e-18,6.858677e-03
1.660000,7.281537137e-06,1.926210116e-05,1.760889320e-05,9.631014035e-06,9.409435018e-06,5.629967482e-02,3.593168638e+01,1.605387750e-09,2.221802e-16,2.146556e-17,5.786024e-18,6.905087e-03
1.670000,7.338483215e-06,1.916057571e-05,1.718974064e-05,9.580193231e-06,9.173796189e-06,5.779030989e-02,3.590382600e+01,1.555252703e-09,7.817910e-16,1.552400e-17,8.342018e-18,6.851868e-03
1.680000,7.398462089e-06,1.905582959e-05,1.676848568e-05,9.527899230e-06,8.937244901e-06,5.931697380e-02,3.587606529e+01,1.505832737e-09,3.239807e-16,2.561986e-17,1.788112e-18,6.860377e-03
1.690000,7.461360415e-06,1.894844220e-05,1.634532885e-05,9.474144848e-06,8.699869249e-06,6.087633904e-02,3.584840722e+01,1.457162052e-09,6.820830e-16,9.697105e-18,3.576224e-18,6.858607e-03
1.700000,7.527063091e-06,1.883801474e-05,1.592048182e-05,9.418943201e-06,8.461762635e-06,6.246533197e-02,3.582085469e+01,1.409274214e-09,4.332905e-17,5.486749e-18,2.335443e-18,6.893107e-03
1.710000,7.595453838e-06,1.872473062e-05,1.549416918e-05,9.362307707e-06,8.223024603e-06,6.408111704e-02,3.579341062e+01,1.362202153e-09,2.303482e-16,8.570728e-18,9.697399e-19,6.903187e-03
1.720000,7.666415737e-06,1.860868083e-05,1.506663041e-05,9.304252095e-06,7.983761829e-06,6.572108031e-02,3.576607787e+01,1.315978156e-09,4.461626e-16,2.246080e-17,3.705371e-18,6.788397e-03
1.730000,7.739831724e-06,1.848962117e-05,1.463812230e-05,9.244790409e-06,7.744089278e-06,6.738281297e-02,3.573885927e+01,1.270633860e-09,2.312620e-16,1.431635e-17,5.898698e-18,6.875377e-03
1.740000,7.815585045e-06,1.836800083e-05,1.420892167e-05,9.183937023e-06,7.504131587e-06,6.906409509e-02,3.571175765e+01,1.226200249e-09,3.371098e-16,1.335628e-17,9.697399e-19,6.891237e-03
1.750000,7.893559661e-06,1.824347650e-05,1.377932867e-05,9.121706647e-06,7.264024703e-06,7.076288007e-02,3.568477578e+01,1.182707646e-09,9.464048e-17,8.148225e-18,3.157244e-18,6.959347e-03
1.760000,7.973640610e-06,1.811638050e-05,1.334967059e-05,9.058114334e-06,7.023917840e-06,7.247727990e-02,3.565791642e+01,1.140185709e-09,4.747984e-16,1.956670e-17,1.788112e-18,6.863717e-03
1.770000,8.055714334e-06,1.798655956e-05,1.292030644e-05,8.993175495e-06,6.783975829e-06,7.420555133e-02,3.563118228e+01,1.098663428e-09,1.111623e-15,2.227983e-17,2.909220e-18,6.895087e-03
1.780000,8.139668948e-06,1.785387962e-05,1.249163235e-05,8.926905908e-06,6.544381946e-06,7.594608304e-02,3.560457606e+01,1.058169113e-09,2.378683e-16,4.451918e-18,1.563659e-18,6.838128e-03
1.790000,8.225394489e-06,1.771875266e-05,1.206408798e-05,8.859321731e-06,6.305341332e-06,7.769738381e-02,3.557810042e+01,1.018730396e-09,2.286749e-16,1.186849e-17,9.984083e-18,6.862717e-03
1.800000,8.312783116e-06,1.758102122e-05,1.163816422e-05,8.790439515e-06,6.067085142e-06,7.945807162e-02,3.555175798e+01,9.803742252e-10,6.688250e-16,1.188686e-17,3.043501e-18,6.856607e-03
1.810000,8.401729282e-06,1.744077638e-05,1.121441230e-05,8.720276220e-06,5.829875594e-06,8.122686373e-02,3.552555135e+01,9.431268559e-10,6.750522e-16,2.624128e-17,4.091337e-18,6.825857e-03
1.820000,8.492129866e-06,1.729787997e-05,1.079345473e-05,8.648849227e-06,5.594012133e-06,8.300256758e-02,3.549948310e+01,9.070138500e-10,6.718697e-16,9.497914e-18,2.611105e-18,6.858908e-03
1.830000,8.583884289e-06,1.715249875e-05,1.037599837e-05,8.576176359e-06,5.359838988e-06,8.478407261e-02,3.547355575e+01,8.720600703e-10,2.562666e-16,4.792922e-18,4.527761e-18,6.858488e-03
1.840000,8.676894594e-06,1.700472568e-05,9.962849973e-06,8.502275895e-06,5.127754416e-06,8.657034274e-02,3.544777181e+01,8.382896758e-10,4.474403e-16,1.246420e-17,3.786955e-18,6.870017e-03
1.850000,8.771065506e-06,1.685444515e-05,9.554934693e-06,8.427166594e-06,4.898222057e-06,8.836040960e-02,3.542213376e+01,8.057261174e-10,2.244170e-16,1.242158e-17,2.424350e-18,6.860967e-03
1.860000,8.866304469e-06,1.670198831e-05,9.153317948e-06,8.350867711e-06,4.671784826e-06,9.015336643e-02,3.539664403e+01,7.743921346e-10,7.776362e-16,1.563626e-17,4.635519e-18,6.886568e-03
1.870000,8.962521672e-06,1.654686561e-05,8.759231001e-06,8.273399025e-06,4.449081862e-06,9.194836251e-02,3.537130504e+01,7.443097506e-10,2.378729e-16,2.165124e-17,6.505213e-19,6.897877e-03
1.880000,9.059630046e-06,1.638967875e-05,8.374100481e-06,8.194780863e-06,4.230869041e-06,9.374459813e-02,3.534611916e+01,7.155002693e-10,2.277702e-16,1.086318e-17,8.673617e-19,6.887487e-03
1.890000,9.157545258e-06,1.623012150e-05,7.999581663e-06,8.115034121e-06,4.018043474e-06,9.554132010e-02,3.532108872e+01,6.879842705e-10,2.271281e-16,7.242086e-18,3.998340e-18,6.876538e-03
1.900000,9.256185689e-06,1.606848254e-05,7.637594703e-06,8.034180301e-06,3.811672142e-06,9.733781763e-02,3.529621606e+01,6.617816075e-10,3.346137e-16,1.950105e-17,2.045669e-18,6.843447e-03
1.910000,9.355472402e-06,1.590458671e-05,7.290361907e-06,7.952241540e-06,3.613024188e-06,9.913341862e-02,3.527150343e+01,6.369114026e-10,5.744390e-17,6.329959e-18,3.066587e-18,6.860158e-03
1.920000,9.455329095e-06,1.573853281e-05,6.960442306e-06,7.869240641e-06,3.423605195e-06,1.009274863e-01,3.524695310e+01,6.133920449e-10,3.753133e-17,8.031070e-18,7.818293e-19,6.876137e-03
1.930000,9.555682062e-06,1.557047995e-05,6.650757288e-06,7.785201114e-06,3.245189686e-06,1.027194163e-01,3.522256726e+01,5.912411861e-10,2.356575e-16,2.172822e-17,2.538052e-18,7.101596e-03
1.940000,9.656460130e-06,1.540039155e-05,6.364597573e-06,7.700147215e-06,3.079844761e-06,1.045086336e-01,3.519834811e+01,5.704757382e-10,1.329095e-16,1.024651e-17,1.788112e-18,6.934877e-03
1.950000,9.757594604e-06,1.522831603e-05,6.105598048e-06,7.614103990e-06,2.929933234e-06,1.062945906e-01,3.517429779e+01,5.511118704e-10,4.516690e-16,1.092311e-17,4.336809e-18,6.942887e-03
1.960000,9.859019205e-06,1.505415576e-05,5.877663835e-06,7.527097324e-06,2.798079423e-06,1.080767642e-01,3.515041841e+01,5.331650067e-10,8.963246e-16,2.049015e-17,7.818293e-19,6.891597e-03
1.970000,9.960670000e-06,1.487852404e-05,5.684831043e-06,7.439153987e-06,2.687077283e-06,1.098546544e-01,3.512671206e+01,5.166498230e-10,8.911899e-16,1.395340e-17,4.050914e-18,6.844937e-03
1.980000,1.006248534e-05,1.470073376e-05,5.531051965e-06,7.350301701e-06,2.599723456e-06,1.116277819e-01,3.510318078e+01,5.015802451e-10,4.487680e-16,5.924795e-18,6.505213e-19,6.921977e-03
1.990000,1.016440578e-05,1.452125613e-05,5.419910223e-06,7.260569190e-06,2.538572761e-06,1.133956869e-01,3.507982660e+01,4.879694464e-10,1.898913e-18,1.341262e-17,3.909147e-18,6.867067e-03
2.000000,1.026637403e-05,1.434005875e-05,5.354295805e-06,7.169986254e-06,2.505643159e-06,1.151579270e-01,3.505665149e+01,4.758298460e-10,4.647538e-16,1.501459e-17,6.436181e-18,6.871507e-03
2.010000,1.036833486e-05,1.415723244e-05,5.336096097e-06,7.078583839e-06,2.502132906e-06,1.169140764e-01,3.503365742e+01,4.651731068e-10,2.232322e-16,3.615681e-18,2.949349e-18,6.874417e-03
2.020000,1.047023505e-05,1.397296751e-05,5.365973023e-06,6.986394117e-06,2.528232548e-06,1.186637245e-01,3.501084628e+01,4.560101339e-10,4.468331e-16,1.453669e-17,2.637978e-18,6.850947e-03
2.030000,1.057202331e-05,1.378704524e-05,5.443285381e-06,6.893450573e-06,2.583096713e-06,1.204064743e-01,3.498821998e+01,4.483510733e-10,3.700173e-16,7.000087e-18,5.275955e-18,6.852447e-03
2.040000,1.067365021e-05,1.359972418e-05,5.566178212e-06,6.799788097e-06,2.664985820e-06,1.221419419e-01,3.496578036e+01,4.422053106e-10,1.154483e-16,5.782992e-18,3.469447e-18,6.857717e-03
2.050000,1.077506812e-05,1.341104507e-05,5.731813344e-06,6.705443090e-06,2.771526915e-06,1.238697554e-01,3.494352924e+01,4.375814699e-10,1.203639e-16,1.895647e-17,9.697399e-19,6.830728e-03
2.060000,1.087623114e-05,1.322111772e-05,5.936680077e-06,6.610453574e-06,2.900011986e-06,1.255895538e-01,3.492146842e+01,4.344874129e-10,1.270065e-16,4.926791e-18,6.133174e-19,6.818687e-03
2.070000,1.097709505e-05,1.302978530e-05,6.176916536e-06,6.514859316e-06,3.047662106e-06,1.273009865e-01,3.489959965e+01,4.329302386e-10,4.514551e-16,1.262590e-17,2.909220e-18,6.794717e-03
2.080000,1.107761722e-05,1.283750388e-05,6.448587926e-06,6.418701961e-06,3.211819197e-06,1.290037123e-01,3.487792465e+01,4.329162825e-10,9.107479e-17,1.455476e-17,4.848700e-18,6.806297e-03
2.090000,1.117775657e-05,1.264408968e-05,6.747894209e-06,6.322025181e-06,3.390060088e-06,1.306973991e-01,3.485644511e+01,4.344511164e-10,4.503644e-16,1.802297e-17,3.496447e-18,6.806857e-03
2.100000,1.127747350e-05,1.244988228e-05,7.071303428e-06,6.224874833e-06,3.580247012e-06,1.323817230e-01,3.483516270e+01,4.375395490e-10,2.271117e-16,2.104662e-17,7.818293e-19,6.822278e-03
2.110000,1.137672985e-05,1.225473526e-05,7.415621584e-06,6.127299134e-06,3.780534781e-06,1.340563677e-01,3.481407905e+01,4.421856250e-10,8.869101e-17,6.094962e-18,1.084202e-18,6.934897e-03
2.120000,1.147548881e-05,1.205886079e-05,7.778015613e-06,6.029348852e-06,3.989352745e-06,1.357210243e-01,3.479319574e+01,4.483926267e-10,3.363745e-16,1.804973e-17,1.167721e-18,6.860387e-03
2.130000,1.157371493e-05,1.186237259e-05,8.156005655e-06,5.931077518e-06,4.205374768e-06,1.373753907e-01,3.477251434e+01,4.561630738e-10,9.996344e-17,6.523483e-18,2.742839e-18,7.005827e-03
2.140000,1.167137399e-05,1.166542998e-05,8.547439664e-06,5.832541651e-06,4.427485541e-06,1.390191711e-01,3.475203640e+01,4.654987250e-10,1.443932e-15,1.039387e-17,6.982801e-18,6.865647e-03
2.150000,1.176843301e-05,1.146769976e-05,8.950459606e-06,5.733801008e-06,4.654747879e-06,1.406520756e-01,3.473176341e+01,4.764005782e-10,4.441228e-16,1.321749e-17,2.909220e-18,6.913347e-03
2.160000,1.186486016e-05,1.126988918e-05,9.363465252e-06,5.634918860e-06,4.886373239e-06,1.422738199e-01,3.471169684e+01,4.888688727e-10,6.699986e-16,1.601169e-17,2.776912e-18,6.841767e-03
2.170000,1.196062477e-05,1.107195384e-05,9.785079047e-06,5.535962283e-06,5.121696218e-06,1.438841252e-01,3.469183814e+01,5.029030904e-10,4.443718e-16,1.092637e-17,6.857097e-19,6.873058e-03
2.180000,1.205569723e-05,1.087421363e-05,1.021411389e-05,5.437002485e-06,5.360153078e-06,1.454827175e-01,3.467218872e+01,5.185019576e-10,3.356859e-16,1.105382e-17,1.963574e-18,6.914106e-03
2.190000,1.215004896e-05,1.067651302e-05,1.064954461e-05,5.338115155e-06,5.601263918e-06,1.470693277e-01,3.465274996e+01,5.356634472e-10,8.911837e-16,6.082145e-18,4.336809e-19,6.900017e-03
2.200000,1.224365242e-05,1.047881186e-05,1.109048315e-05,5.239380846e-06,5.844618030e-06,1.486436910e-01,3.463352321e+01,5.543847808e-10,2.297446e-16,2.864112e-17,4.558809e-18,6.865727e-03
2.210000,1.233648098e-05,1.028197399e-05,1.153615753e-05,5.140885388e-06,6.089861918e-06,1.502055471e-01,3.461450979e+01,5.746624313e-10,2.389161e-16,4.892444e-18,7.818293e-19,6.790478e-03
2.220000,1.242850898e-05,1.008569770e-05,1.198589384e-05,5.042720330e-06,6.336689529e-06,1.517546396e-01,3.459571100e+01,5.964921256e-10,4.488682e-16,1.064772e-17,1.578622e-18,6.807538e-03
2.230000,1.251971163e-05,9.890061325e-06,1.243910124e-05,4.944983424e-06,6.584834278e-06,1.532907161e-01,3.457712809e+01,6.198688481e-10,4.523003e-16,6.966157e-18,2.135631e-18,6.808017e-03
2.240000,1.261006499e-05,9.695790667e-06,1.289525933e-05,4.847779135e-06,6.834062537e-06,1.548135278e-01,3.455876231e+01,6.447868430e-10,2.288024e-16,1.022950e-17,1.852685e-18,6.800167e-03
2.250000,1.269954595e-05,9.502642356e-06,1.335390753e-05,4.751219187e-06,7.084168316e-06,1.563228295e-01,3.454061486e+01,6.712396191e-10,2.264081e-16,1.047115e-17,9.697399e-19,6.822057e-03
2.260000,1.278813220e-05,9.311067808e-06,1.381463622e-05,4.655423143e-06,7.334968882e-06,1.578183796e-01,3.452268691e+01,6.992199522e-10,1.516869e-16,1.783046e-17,1.167721e-18,6.826407e-03
2.270000,1.287580218e-05,9.121263560e-06,1.427707937e-05,4.560519009e-06,7.586301168e-06,1.592999396e-01,3.450497962e+01,7.287198901e-10,1.367818e-16,5.535607e-18,4.336809e-19,6.824057e-03
2.280000,1.296253507e-05,8.933441874e-06,1.474090823e-05,4.466643863e-06,7.838018801e-06,1.607672744e-01,3.448749411e+01,7.597307567e-10,4.460449e-16,1.088345e-18,2.168404e-18,6.810197e-03
2.290000,1.304831076e-05,8.747984282e-06,1.520582616e-05,4.373944498e-06,8.089989631e-06,1.622201518e-01,3.447023147e+01,7.922431562e-10,4.473859e-16,1.187833e-17,2.179219e-18,6.836207e-03
2.300000,1.313310982e-05,8.565562827e-06,1.567156415e-05,4.282578067e-06,8.342093690e-06,1.636583427e-01,3.445319277e+01,8.262469778e-10,1.335809e-15,1.359499e-17,1.626303e-18,6.849677e-03
2.310000,1.321691348e-05,8.385740170e-06,1.613787717e-05,4.192712721e-06,8.594221475e-06,1.650816209e-01,3.443637904e+01,8.617314016e-10,4.536390e-16,8.130630e-18,2.620093e-18,6.843217e-03
2.320000,1.329970360e-05,8.209282182e-06,1.660454095e-05,4.104528207e-06,8.846272507e-06,1.664897633e-01,3.441979132e+01,8.986849026e-10,6.175713e-17,1.466440e-17,2.424350e-19,6.866247e-03
2.330000,1.338146264e-05,8.036742055e-06,1.707134930e-05,4.018216414e-06,9.098154131e-06,1.678825492e-01,3.440343057e+01,9.370952574e-10,3.392450e-16,9.434204e-18,9.697399e-19,6.861157e-03
2.340000,1.346217369e-05,7.867982440e-06,1.753811187e-05,3.933981822e-06,9.349780488e-06,1.692597611e-01,3.438729776e+01,9.769495492e-10,4.806532e-16,7.585978e-18,1.341084e-18,6.897726e-03
2.350000,1.354182036e-05,7.704347071e-06,1.800465217e-05,3.852041827e-06,9.601071650e-06,1.706211838e-01,3.437139384e+01,1.018234174e-09,4.506618e-16,5.029065e-18,1.788112e-18,6.879097e-03
2.360000,1.362038684e-05,7.545404223e-06,1.847080587e-05,3.772626872e-06,9.851952886e-06,1.719666050e-01,3.435571971e+01,1.060934848e-09,6.648909e-17,1.166093e-17,1.751582e-18,6.858248e-03
2.370000,1.369785785e-05,7.392297711e-06,1.893641942e-05,3.695980355e-06,1.010235403e-05,1.732958150e-01,3.434027625e+01,1.105036612e-09,4.455987e-16,7.549673e-18,1.152523e-18,6.885607e-03
2.380000,1.377421861e-05,7.245029774e-06,1.940134876e-05,3.622358224e-06,1.035220895e-05,1.746086066e-01,3.432506433e+01,1.150523840e-09,1.256852e-16,1.189009e-17,2.719165e-18,6.841078e-03
2.390000,1.384945487e-05,7.104401105e-06,1.986545831e-05,3.552028199e-06,1.060145506e-05,1.759047755e-01,3.431008479e+01,1.197380246e-09,3.349029e-16,5.708898e-18,1.578622e-18,6.833407e-03
2.400000,1.392355281e-05,6.970622412e-06,2.032861996e-05,3.485268547e-06,1.085003295e-05,1.771841196e-01,3.429533844e+01,1.245588890e-09,4.441083e-16,5.502664e-18,1.167721e-18,6.845278e-03
2.410000,1.399649913e-05,6.845068616e-06,2.079071236e-05,3.422366333e-06,1.109788604e-05,1.784464395e-01,3.428082608e+01,1.295132187e-09,3.337792e-16,1.294395e-17,1.131940e-18,6.816057e-03
2.420000,1.406828094e-05,6.727210047e-06,2.125162012e-05,3.363615083e-06,1.134496025e-05,1.796915385e-01,3.426654846e+01,1.345991915e-09,4.485204e-16,1.597313e-17,6.942281e-19,6.827567e-03
2.430000,1.413888582e-05,6.618867014e-06,2.171123329e-05,3.309311802e-06,1.159120377e-05,1.809192222e-01,3.425250634e+01,1.398149221e-09,2.254867e-16,1.364386e-17,9.995850e-19,6.876487e-03
2.440000,1.420830174e-05,6.520037094e-06,2.216944677e-05,3.259753334e-06,1.183656683e-05,1.821292990e-01,3.423870043e+01,1.451584633e-09,1.000927e-15,2.149261e-17,1.893478e-18,6.850937e-03
2.450000,1.427651712e-05,6.430744545e-06,2.262615983e-05,3.215232064e-06,1.208100147e-05,1.833215797e-01,3.422513144e+01,1.506278065e-09,2.612088e-16,8.877196e-18,1.022834e-18,6.868737e-03
2.460000,1.434352075e-05,6.352300525e-06,2.308127576e-05,3.176031038e-06,1.232446142e-05,1.844958777e-01,3.421180004e+01,1.562208826e-09,2.257502e-16,3.733620e-18,6.321931e-19,6.891048e-03
2.470000,1.440930183e-05,6.285040590e-06,2.353470143e-05,3.142418604e-06,1.256690191e-05,1.856520090e-01,3.419870689e+01,1.619355632e-09,2.293119e-16,1.424491e-17,3.066587e-19,6.902047e-03
2.480000,1.447384993e-05,6.229540889e-06,2.398634701e-05,3.114642756e-06,1.280827953e-05,1.867897922e-01,3.418585264e+01,1.677696613e-09,2.553492e-16,1.531420e-17,9.697399e-19,6.907317e-03
2.490000,1.453715498e-05,6.186261532e-06,2.443612568e-05,3.092925425e-06,1.304855213e-05,1.879090485e-01,3.417323788e+01,1.737209321e-09,5.756904e-16,5.695001e-18,5.528368e-19,6.875697e-03
2.500000,1.459920728e-05,6.155315997e-06,2.488395338e-05,3.077456989e-06,1.328767872e-05,1.890096017e-01,3.416086323e+01,1.797870747e-09,8.792880e-17,6.921768e-18,2.168404e-19,6.860987e-03
2.510000,1.465999747e-05,6.136963232e-06,2.532974858e-05,3.068391315e-06,1.352561937e-05,1.900912783e-01,3.414872925e+01,1.859657319e-09,2.579587e-16,4.315669e-18,1.131940e-18,6.900767e-03
2.520000,1.471951655e-05,6.132112993e-06,2.577343205e-05,3.065841647e-06,1.376233512e-05,1.911539075e-01,3.413683650e+01,1.922544924e-09,4.447767e-16,5.380578e-18,7.818293e-19,6.870067e-03
2.530000,1.477775582e-05,6.140074053e-06,2.621492676e-05,3.069877592e-06,1.399778791e-05,1.921973211e-01,3.412518552e+01,1.986508911e-09,3.397266e-16,3.733421e-18,3.471141e-19,6.859907e-03
2.540000,1.483470694e-05,6.161157154e-06,2.665415764e-05,3.080523446e-06,1.423194052e-05,1.932213536e-01,3.411377682e+01,2.051524105e-09,4.486032e-16,3.644626e-18,1.560837e-18,6.878957e-03
2.550000,1.489036187e-05,6.195945112e-06,2.709105148e-05,3.097757940e-06,1.446475651e-05,1.942258425e-01,3.410261091e+01,2.117564817e-09,3.359916e-16,5.981226e-18,3.428548e-19,6.857247e-03
2.560000,1.494471287e-05,6.243355372e-06,2.752553679e-05,3.121515441e-06,1.469620019e-05,1.952106278e-01,3.409168826e+01,2.184604856e-09,3.335016e-16,6.613162e-18,6.527762e-19,6.855187e-03
2.570000,1.499775253e-05,6.303666736e-06,2.795754369e-05,3.151688504e-06,1.492623651e-05,1.961755524e-01,3.408100934e+01,2.252617538e-09,3.415823e-16,3.489494e-18,3.636525e-19,6.862657e-03
2.580000,1.504947371e-05,6.376443499e-06,2.838700382e-05,3.188131580e-06,1.515483110e-05,1.971204621e-01,3.407057459e+01,2.321575701e-09,2.220527e-16,1.113911e-17,0.000000e+00,6.869827e-03
2.590000,1.509986958e-05,6.461676834e-06,2.881385020e-05,3.230665618e-06,1.538195017e-05,1.980452055e-01,3.406038445e+01,2.391451713e-09,8.295326e-18,3.775596e-18,8.274814e-19,6.868847e-03
2.600000,1.514893360e-05,6.558339449e-06,2.923801722e-05,3.279083283e-06,1.560756052e-05,1.989496343e-01,3.405043932e+01,2.462217487e-09,2.333565e-16,8.044458e-18,7.818293e-19,6.867067e-03
2.610000,1.519665950e-05,6.666600329e-06,2.965944050e-05,3.333154449e-06,1.583162949e-05,1.998336029e-01,3.404073961e+01,2.533844493e-09,1.054929e-16,9.312926e-18,1.526571e-18,6.841637e-03
2.620000,1.524304130e-05,6.785511718e-06,3.007805687e-05,3.392631720e-06,1.605412492e-05,2.006969688e-01,3.403128568e+01,2.606303767e-09,1.932577e-16,6.900451e-18,1.518851e-18,6.833557e-03
2.630000,1.528807326e-05,6.914652608e-06,3.049380426e-05,3.457255710e-06,1.627501515e-05,2.015395925e-01,3.402207791e+01,2.679565930e-09,2.263763e-16,7.289271e-18,7.761706e-19,6.863518e-03
2.640000,1.533174997e-05,7.053587069e-06,3.090662169e-05,3.526759926e-06,1.649426900e-05,2.023613376e-01,3.401311663e+01,2.753601195e-09,2.221447e-16,4.626135e-18,4.370559e-19,6.879047e-03
2.650000,1.537406622e-05,7.201871644e-06,3.131644921e-05,3.600875092e-06,1.671185572e-05,2.031620707e-01,3.400440219e+01,2.828379380e-09,2.348470e-16,2.198162e-18,3.160965e-19,6.879798e-03
2.660000,1.541501710e-05,7.358880786e-06,3.172322784e-05,3.679332880e-06,1.692774502e-05,2.039416615e-01,3.399593491e+01,2.903869927e-09,6.413064e-17,4.308569e-18,5.838607e-19,6.869828e-03
2.670000,1.545459795e-05,7.524009311e-06,3.212689954e-05,3.761868998e-06,1.714190700e-05,2.046999831e-01,3.398771508e+01,2.980041909e-09,3.339613e-16,7.532453e-18,3.297472e-19,6.855457e-03
2.680000,1.549280436e-05,7.696734648e-06,3.252740716e-05,3.848225660e-06,1.735431220e-05,2.054369116e-01,3.397974299e+01,3.056864048e-09,1.168801e-16,6.683305e-18,1.533293e-19,6.869617e-03
2.690000,1.552963219e-05,7.876500658e-06,3.292469443e-05,3.938153492e-06,1.756493151e-05,2.061523263e-01,3.397201892e+01,3.134304725e-09,1.195333e-16,5.083582e-18,3.297472e-19,6.923957e-03
2.700000,1.556507753e-05,8.063001661e-06,3.331870592e-05,4.031412910e-06,1.777373622e-05,2.068461098e-01,3.396454314e+01,3.212331997e-09,2.225354e-16,1.464727e-18,3.160965e-19,6.949146e-03
2.710000,1.559913672e-05,8.255996394e-06,3.370938701e-05,4.127775053e-06,1.798069801e-05,2.075181482e-01,3.395731588e+01,3.290913610e-09,1.002310e-15,2.654049e-18,4.233945e-19,6.917056e-03
2.720000,1.563180637e-05,8.454147243e-06,3.409668386e-05,4.227022348e-06,1.818578890e-05,2.081683306e-01,3.395033739e+01,3.370017012e-09,2.222204e-16,1.436678e-18,1.212175e-19,6.936987e-03
2.730000,1.566308330e-05,8.658279929e-06,3.448054340e-05,4.328948751e-06,1.838898126e-05,2.087965498e-01,3.394360789e+01,3.449609369e-09,4.487893e-16,7.048987e-18,4.848700e-19,6.879107e-03
2.740000,1.569296461e-05,8.866829509e-06,3.486091330e-05,4.433359756e-06,1.859024782e-05,2.094027018e-01,3.393712758e+01,3.529657580e-09,2.473267e-16,2.387901e-18,1.818262e-19,6.865617e-03
2.750000,1.572144762e-05,9.080225266e-06,3.523774197e-05,4.540072207e-06,1.878956164e-05,2.099866862e-01,3.393089666e+01,3.610128288e-09,2.714467e-16,7.628579e-18,1.973278e-19,6.886578e-03
2.760000,1.574852989e-05,9.298038020e-06,3.561097851e-05,4.648913970e-06,1.898689613e-05,2.105484059e-01,3.392491533e+01,3.690987901e-09,3.331737e-16,6.762309e-18,3.172565e-19,6.899006e-03
2.770000,1.577420923e-05,9.519591405e-06,3.598057273e-05,4.759723498e-06,1.918222501e-05,2.110877675e-01,3.391918375e+01,3.772202600e-09,2.237774e-16,9.301163e-19,6.060874e-20,6.881077e-03
2.780000,1.579848369e-05,9.745040430e-06,3.634647512e-05,4.872349338e-06,1.937552234e-05,2.116046811e-01,3.391370208e+01,3.853738360e-09,7.863623e-16,1.502259e-18,2.014728e-19,6.868907e-03
2.790000,1.582135157e-05,9.973497578e-06,3.670863684e-05,4.986649584e-06,1.956676251e-05,2.120990602e-01,3.390847047e+01,3.935560962e-09,2.263495e-16,1.009759e-18,2.710505e-20,6.857657e-03
2.800000,1.584281138e-05,1.020502192e-05,3.706700971e-05,5.102491316e-06,1.975592020e-05,2.125708221e-01,3.390348907e+01,4.017636010e-09,2.221714e-16,2.793696e-18,1.843343e-19,6.933867e-03
2.810000,1.586286190e-05,1.043966463e-05,3.742154622e-05,5.219750031e-06,1.994297044e-05,2.130198877e-01,3.389875801e+01,4.099928942e-09,2.249252e-16,1.815008e-18,4.285685e-20,6.880307e-03
2.820000,1.588150214e-05,1.067672099e-05,3.777219947e-05,5.338309082e-06,2.012788854e-05,2.134461815e-01,3.389427739e+01,4.182405054e-09,2.375111e-16,4.904967e-18,1.362012e-19,6.879936e-03
2.830000,1.589873135e-05,1.091627786e-05,3.811892323e-05,5.458059131e-06,2.031065015e-05,2.138496318e-01,3.389004733e+01,4.265029507e-09,5.551236e-17,4.277298e-19,9.583084e-20,6.886068e-03
2.840000,1.591454901e-05,1.115797517e-05,3.846167189e-05,5.578897624e-06,2.049123122e-05,2.142301705e-01,3.388606793e+01,4.347767348e-09,1.178631e-16,3.905111e-18,1.212175e-19,6.853887e-03
2.850000,1.592895487e-05,1.140179367e-05,3.880040045e-05,5.700728290e-06,2.066960801e-05,2.145877333e-01,3.388233927e+01,4.430583523e-09,7.813494e-16,2.377145e-18,6.776264e-20,6.866657e-03
2.860000,1.594194889e-05,1.164718074e-05,3.913506454e-05,5.823460674e-06,2.084575708e-05,2.149222597e-01,3.387886143e+01,4.513442897e-09,6.693720e-16,1.757239e-18,1.533293e-19,6.911737e-03
2.870000,1.595353132e-05,1.189407662e-05,3.946562043e-05,5.947009689e-06,2.101965531e-05,2.152336930e-01,3.387563447e+01,4.596310265e-09,4.566531e-16,8.548416e-19,9.040663e-20,6.892887e-03
2.880000,1.596370260e-05,1.214264530e-05,3.979202497e-05,6.071295209e-06,2.119127987e-05,2.155219801e-01,3.387265846e+01,4.679150370e-09,2.368429e-16,1.524210e-18,2.443217e-20,6.916967e-03
2.890000,1.597246346e-05,1.239271445e-05,4.011423565e-05,6.196241680e-06,2.136060826e-05,2.157870721e-01,3.386993344e+01,4.761927920e-09,4.462585e-16,1.603374e-18,4.121840e-20,6.943077e-03
2.900000,1.597981487e-05,1.264366820e-05,4.043221053e-05,6.321777768e-06,2.152761827e-05,2.160289236e-01,3.386745945e+01,4.844607605e-09,7.262688e-17,1.843187e-18,4.545656e-20,6.921137e-03
2.910000,1.598575803e-05,1.289576485e-05,4.074590833e-05,6.447836029e-06,2.169228800e-05,2.162474934e-01,3.386523652e+01,4.927154108e-09,4.443845e-16,1.632835e-18,2.914581e-20,6.905507e-03
2.920000,1.599029443e-05,1.314876978e-05,4.105528833e-05,6.574352606e-06,2.185459586e-05,2.164427438e-01,3.386326467e+01,5.009532129e-09,6.718048e-16,2.720780e-18,1.894023e-20,6.908036e-03
2.930000,1.599342578e-05,1.340269783e-05,4.136031044e-05,6.701266950e-06,2.201452056e-05,2.166146414e-01,3.386154392e+01,5.091706395e-09,2.249773e-16,1.053759e-18,4.791542e-21,6.893987e-03
2.940000,1.599515406e-05,1.365723737e-05,4.166093517e-05,6.828521566e-06,2.217204114e-05,2.167631565e-01,3.386007426e+01,5.173641680e-09,4.555472e-16,3.095031e-19,1.561852e-20,6.900657e-03
2.950000,1.599548152e-05,1.391235485e-05,4.195712364e-05,6.956061775e-06,2.232713692e-05,2.168882633e-01,3.385885569e+01,5.255302819e-09,6.666769e-16,4.342720e-19,6.776264e-21,6.889328e-03
2.960000,1.599441066e-05,1.416783098e-05,4.224883757e-05,7.083835499e-06,2.247978754e-05,2.169899400e-01,3.385788819e+01,5.336654725e-09,4.883765e-16,4.425634e-19,9.317362e-21,6.944767e-03
2.970000,1.599194426e-05,1.442370827e-05,4.253603929e-05,7.211793064e-06,2.262997297e-05,2.170681689e-01,3.385717174e+01,5.417662407e-09,2.446610e-16,8.560045e-19,7.396397e-21,6.862837e-03
2.980000,1.598808534e-05,1.467993550e-05,4.281869174e-05,7.339887019e-06,2.277767348e-05,2.171229360e-01,3.385670632e+01,5.498290985e-09,4.478520e-16,4.176873e-19,7.635052e-21,6.852927e-03
2.990000,1.598283722e-05,1.493628654e-05,4.309675846e-05,7.468071969e-06,2.292286964e-05,2.171542313e-01,3.385649187e+01,5.578505705e-09,3.343253e-16,6.591005e-19,1.380495e-21,6.888867e-03
3.000000,1.597620349e-05,1.519255049e-05,4.337020362e-05,7.596304421e-06,2.306554235e-05,2.010598799e-03,3.412288313e+01,5.658271958e-09,4.625850e-16,1.489089e-19,2.407832e-22,6.886347e-03
3.010000,1.559406860e-05,1.512942715e-05,4.631364991e-05,7.564704929e-06,2.263455714e-05,3.851085066e-02,3.409375858e+01,5.628860585e-09,1.400589e-16,3.623387e-19,1.468914e-21,6.895817e-03
3.020000,1.521335070e-05,1.506533190e-05,4.902522947e-05,7.532624893e-06,2.220393615e-05,7.594960750e-02,3.406517080e+01,5.599778310e-09,5.576087e-16,2.293923e-19,9.764608e-22,6.926937e-03
3.030000,1.483641976e-05,1.500025227e-05,5.146210181e-05,7.500114477e-06,2.177629518e-05,1.123879739e-01,3.403721714e+01,5.567843952e-09,2.464006e-16,1.704012e-19,1.656501e-22,6.917257e-03
3.040000,1.446530314e-05,1.493447276e-05,5.360747980e-05,7.467220030e-06,2.135394795e-05,1.477993802e-01,3.400999207e+01,5.530884689e-09,3.357478e-16,4.200334e-19,7.476742e-22,6.890537e-03
3.050000,1.410171633e-05,1.486798408e-05,5.546009092e-05,7.433984352e-06,2.093893331e-05,1.821690731e-01,3.398358718e+01,5.487535256e-09,1.227754e-16,1.219788e-19,2.731991e-21,6.918897e-03
3.060000,1.374709610e-05,1.480092669e-05,5.702789756e-05,7.400446958e-06,2.053304297e-05,2.154854478e-01,3.395809110e+01,5.437070300e-09,2.318830e-16,9.139542e-19,1.928342e-21,6.948337e-03
3.070000,1.340263560e-05,1.473323255e-05,5.832429348e-05,7.366644311e-06,2.013784941e-05,2.477387721e-01,3.393358949e+01,5.379265024e-09,4.498970e-16,8.373810e-19,3.899120e-21,6.929907e-03
3.080000,1.306932096e-05,1.466528649e-05,5.936575609e-05,7.332610056e-06,1.975473357e-05,2.789208336e-01,3.391016498e+01,5.314279848e-09,4.464338e-16,5.068539e-19,8.451915e-21,6.917096e-03
3.090000,1.274796880e-05,1.459675036e-05,6.017037101e-05,7.298375228e-06,1.938491180e-05,3.090247930e-01,3.388789717e+01,5.242565465e-09,1.464838e-16,1.834066e-18,1.126046e-20,6.912676e-03
3.100000,1.243926414e-05,1.452801318e-05,6.075689088e-05,7.263968455e-06,1.902946177e-05,3.380450966e-01,3.386686255e+01,5.164785118e-09,5.551116e-16,9.388845e-19,3.030718e-20,6.948657e-03
3.110000,1.214379788e-05,1.445882637e-05,6.114412878e-05,7.229416142e-06,1.868934686e-05,3.659774128e-01,3.384713451e+01,5.081751394e-09,2.369829e-17,8.608143e-19,1.147137e-20,6.914717e-03
3.120000,1.186210332e-05,1.438958466e-05,6.135056533e-05,7.194742651e-06,1.836543871e-05,3.928185769e-01,3.382878327e+01,4.994375220e-09,6.662187e-16,1.621580e-18,7.092669e-20,6.918717e-03
3.130000,1.159469079e-05,1.431991512e-05,6.139409491e-05,7.159970458e-06,1.805853746e-05,4.185665408e-01,3.381187587e+01,4.903625061e-09,2.310122e-16,3.226283e-18,9.291522e-20,6.984317e-03
3.140000,1.134207957e-05,1.425031009e-05,6.129186404e-05,7.125120305e-06,1.776938945e-05,4.432203268e-01,3.379647615e+01,4.810494625e-09,5.552715e-16,1.694870e-18,7.984487e-20,6.929467e-03
3.150000,1.110482631e-05,1.418045735e-05,6.106017150e-05,7.090211344e-06,1.749870205e-05,4.667799826e-01,3.378264468e+01,4.715977634e-09,3.364130e-16,2.688410e-18,1.962122e-19,6.891777e-03
3.160000,1.088354896e-05,1.411051059e-05,6.071441040e-05,7.055261262e-06,1.724715523e-05,4.892465387e-01,3.377043880e+01,4.621048415e-09,4.940066e-17,3.840566e-18,1.555244e-19,6.893398e-03
3.170000,1.067894524e-05,1.404046840e-05,6.026903896e-05,7.020286407e-06,1.701540988e-05,5.106219688e-01,3.375991253e+01,4.526647286e-09,6.672502e-16,3.539489e-18,2.006732e-19,6.851857e-03
3.180000,1.049180491e-05,1.397067902e-05,5.973757108e-05,6.985301888e-06,1.680411261e-05,5.309091511e-01,3.375111660e+01,4.433669844e-09,5.607241e-16,2.955646e-18,2.110911e-19,6.851987e-03
3.190000,1.032301478e-05,1.390053925e-05,5.913258065e-05,6.950321687e-06,1.661389708e-05,5.501118334e-01,3.374409840e+01,4.342959428e-09,6.703669e-16,6.026900e-19,9.141265e-20,6.847977e-03
3.200000,1.017355587e-05,1.383065386e-05,5.846571535e-05,6.915358739e-06,1.644538191e-05,5.682345998e-01,3.373890200e+01,4.255302117e-09,4.455602e-16,5.854137e-18,2.416554e-19,6.847477e-03
3.210000,1.004449209e-05,1.376089763e-05,5.774771714e-05,6.880425027e-06,1.629916543e-05,5.852828407e-01,3.373556808e+01,4.171423756e-09,3.330715e-16,1.941675e-18,1.896541e-19,6.872777e-03
3.220000,9.936950514e-06,1.369104548e-05,5.698844733e-05,6.845531648e-06,1.617581757e-05,6.012627254e-01,3.373413400e+01,4.091988586e-09,8.039202e-17,3.245137e-18,2.188262e-19,6.797647e-03
3.230000,9.852093245e-06,1.362138936e-05,5.619691499e-05,6.810688888e-06,1.607586932e-05,6.161811780e-01,3.373463372e+01,4.017599087e-09,1.140425e-16,1.012509e-17,1.816775e-19,6.814117e-03
3.240000,9.791082136e-06,1.355193230e-05,5.538130767e-05,6.775906279e-06,1.599980048e-05,6.300458570e-01,3.373709787e+01,3.948796789e-09,8.894693e-16,2.474946e-18,3.494184e-19,6.829127e-03
3.250000,9.755037805e-06,1.348238092e-05,5.454902384e-05,6.741192655e-06,1.594802624e-05,6.428651372e-01,3.374155369e+01,3.886063756e-09,1.001792e-16,8.769658e-18,3.479415e-19,6.845848e-03
3.260000,9.744995361e-06,1.341309797e-05,5.370670672e-05,6.706556200e-06,1.592088350e-05,6.546480966e-01,3.374802507e+01,3.829824592e-09,6.749836e-17,2.560495e-18,6.911988e-19,6.876317e-03
3.270000,9.761859745e-06,1.334395449e-05,5.286027906e-05,6.672004493e-06,1.591861754e-05,6.654045058e-01,3.375653257e+01,3.780448778e-09,4.441525e-16,1.368626e-17,8.104546e-19,6.863067e-03
3.280000,9.806363925e-06,1.327505303e-05,5.201497894e-05,6.637544543e-06,1.594137004e-05,6.751448226e-01,3.376709341e+01,3.738253229e-09,2.225616e-16,1.125069e-17,6.466990e-19,6.847017e-03
3.290000,9.879033150e-06,1.320653189e-05,5.117539634e-05,6.603182826e-06,1.598916894e-05,6.838801896e-01,3.377972150e+01,3.703504971e-09,1.128689e-15,9.380518e-18,5.884582e-19,6.853538e-03
3.300000,9.980158060e-06,1.313795759e-05,5.034551038e-05,6.568925309e-06,1.606192082e-05,6.916224370e-01,3.379442747e+01,3.676423848e-09,6.716036e-16,7.827658e-18,3.575080e-19,6.907638e-03
3.310000,1.010977855e-05,1.306956715e-05,4.952872731e-05,6.534777479e-06,1.615940617e-05,6.983840894e-01,3.381121869e+01,3.657185210e-09,4.416387e-17,7.058797e-18,2.813416e-19,6.895637e-03
3.320000,1.026767932e-05,1.300153426e-05,4.872791902e-05,6.500744365e-06,1.628127784e-05,7.041783777e-01,3.383009931e+01,3.645922530e-09,2.354702e-16,2.536565e-18,8.234879e-19,6.883137e-03
3.330000,1.045339671e-05,1.293379590e-05,4.794546198e-05,6.466830554e-06,1.642706259e-05,7.090192559e-01,3.385107027e+01,3.642729924e-09,8.913021e-16,5.997336e-18,1.986825e-18,6.884776e-03
3.340000,1.066623550e-05,1.286611509e-05,4.718327654e-05,6.433040210e-06,1.659616559e-05,7.129214236e-01,3.387412940e+01,3.647664541e-09,2.226144e-16,1.299322e-17,3.410640e-18,6.874527e-03
3.350000,1.090529362e-05,1.279873565e-05,4.644286629e-05,6.399377087e-06,1.678787764e-05,7.159003533e-01,3.389927137e+01,3.660748816e-09,2.255522e-16,6.896091e-18,2.152197e-18,6.846167e-03
3.360000,1.116949198e-05,1.273169723e-05,4.572535731e-05,6.365844544e-06,1.700138456e-05,7.179723253e-01,3.392648784e+01,3.681972579e-09,8.725070e-17,7.211555e-18,4.938766e-19,6.898367e-03
3.370000,1.145760713e-05,1.266497019e-05,4.503153704e-05,6.332445555e-06,1.723577825e-05,7.191544676e-01,3.395576745e+01,3.711295012e-09,5.659928e-16,9.759739e-18,1.133638e-18,6.865958e-03
3.380000,1.176830418e-05,1.259834798e-05,4.436189249e-05,6.299182716e-06,1.749006890e-05,7.194648036e-01,3.398709586e+01,3.748646456e-09,2.228868e-16,2.172754e-17,1.159775e-18,6.885446e-03
3.390000,1.210016818e-05,1.253211576e-05,4.371664747e-05,6.266058261e-06,1.776319776e-05,7.189223079e-01,3.402045587e+01,3.793930080e-09,4.638776e-17,2.101203e-17,1.173333e-18,6.838097e-03
3.400000,1.245173266e-05,1.246613726e-05,4.309579849e-05,6.233074068e-06,1.805405005e-05,7.175469693e-01,3.405582743e+01,3.847023408e-09,1.323217e-16,2.463660e-17,1.221432e-18,6.860297e-03
3.410000,1.282150453e-05,1.240048814e-05,4.249914918e-05,6.200231667e-06,1.836146749e-05,7.153598643e-01,3.409318772e+01,3.907779731e-09,2.221499e-16,2.444413e-18,1.810161e-18,6.839207e-03
3.420000,1.320798491e-05,1.233510167e-05,4.192634274e-05,6.167532253e-06,1.868426024e-05,7.123832394e-01,3.413251123e+01,3.976029388e-09,2.230188e-16,2.114109e-17,2.289225e-18,6.835047e-03
3.430000,1.360968605e-05,1.226994585e-05,4.137689237e-05,6.134976692e-06,1.902121787e-05,7.086406049e-01,3.417376981e+01,4.051580959e-09,5.745255e-17,1.605250e-17,1.613335e-18,6.860587e-03
3.440000,1.402514450e-05,1.220524269e-05,4.085020941e-05,6.102565538e-06,1.937111931e-05,7.041568415e-01,3.421693274e+01,4.134222360e-09,6.904368e-16,1.713919e-17,7.122112e-18,6.857507e-03
3.450000,1.445293102e-05,1.214077995e-05,4.034562891e-05,6.070299036e-06,1.973274161e-05,6.989583192e-01,3.426196682e+01,4.223721861e-09,1.111613e-15,6.629530e-18,4.363476e-18,6.873817e-03
3.460000,1.489165759e-05,1.207645117e-05,3.986243282e-05,6.038177142e-06,2.010486757e-05,6.930730320e-01,3.430883644e+01,4.319829042e-09,6.698870e-16,1.205652e-17,3.051370e-18,6.840708e-03
3.470000,1.533998223e-05,1.201244335e-05,3.939987044e-05,6.006199534e-06,2.048629217e-05,6.865307485e-01,3.435750365e+01,4.422275694e-09,3.364730e-16,2.202825e-17,5.023832e-18,6.830417e-03
3.480000,1.579661180e-05,1.194879880e-05,3.895717632e-05,5.974365624e-06,2.087582793e-05,6.793631806e-01,3.440792824e+01,4.530776684e-09,4.455358e-16,3.773245e-17,2.760436e-19,6.845027e-03
3.490000,1.626030349e-05,1.188537392e-05,3.853358568e-05,5.942674580e-06,2.127230927e-05,6.716041725e-01,3.446006784e+01,4.645030795e-09,2.316260e-16,3.556199e-17,8.299054e-18,6.860678e-03
3.500000,1.672986514e-05,1.182228492e-05,3.812834733e-05,5.911125343e-06,2.167459598e-05,6.632899103e-01,3.451387795e+01,4.764721546e-09,2.262690e-16,8.571387e-18,5.938384e-18,6.858527e-03
3.510000,1.720415473e-05,1.175946168e-05,3.774073429e-05,5.879716641e-06,2.208157591e-05,6.544591559e-01,3.456931209e+01,4.889518014e-09,1.735256e-16,1.978908e-17,2.242914e-18,6.882397e-03
3.520000,1.768207940e-05,1.169687053e-05,3.737005239e-05,5.848447016e-06,2.249216693e-05,6.451535044e-01,3.462632183e+01,5.019075655e-09,2.246962e-16,3.670952e-18,2.226097e-18,6.888087e-03
3.530000,1.816259401e-05,1.163470605e-05,3.701564676e-05,5.817314843e-06,2.290531838e-05,6.354176687e-01,3.468485687e+01,5.153037149e-09,4.479536e-16,2.472668e-17,5.589078e-18,6.868346e-03
3.540000,1.864469949e-05,1.157255300e-05,3.667690677e-05,5.786318357e-06,2.332001199e-05,6.252997888e-01,3.474486516e+01,5.291033260e-09,4.459640e-16,3.119150e-17,7.000398e-18,6.892397e-03
3.550000,1.912744113e-05,1.151083597e-05,3.635326932e-05,5.755455675e-06,2.373526248e-05,6.148517675e-01,3.480629296e+01,5.432683735e-09,4.494619e-16,3.354130e-17,9.462184e-18,6.923007e-03
3.560000,1.960990672e-05,1.144960080e-05,3.604422086e-05,5.724724822e-06,2.415011777e-05,6.041296288e-01,3.486908492e+01,5.577598229e-09,7.774276e-16,9.786295e-18,5.978503e-18,6.921877e-03
3.570000,2.009122485e-05,1.138830932e-05,3.574929833e-05,5.694123763e-06,2.456365903e-05,5.931938949e-01,3.493318415e+01,5.725377287e-09,4.483757e-16,3.232192e-17,9.744164e-18,6.896017e-03
3.580000,2.057056314e-05,1.132735269e-05,3.546808907e-05,5.663650428e-06,2.497500050e-05,5.821099736e-01,3.499853232e+01,5.875613359e-09,3.487817e-16,5.469039e-18,1.275790e-17,6.878928e-03
3.590000,2.104712668e-05,1.126661810e-05,3.520023014e-05,5.633302740e-06,2.538328921e-05,5.709485436e-01,3.506506973e+01,6.027891866e-09,6.296912e-17,2.719284e-17,5.437315e-18,6.896547e-03
3.600000,2.152015651e-05,1.120622803e-05,3.494540685e-05,5.603078650e-06,2.578770461e-05,5.597859201e-01,3.513273540e+01,6.181792327e-09,4.442341e-16,1.788204e-17,9.123373e-18,6.904557e-03
3.610000,2.198892823e-05,1.114606857e-05,3.470335100e-05,5.572976164e-06,2.618745819e-05,5.487043745e-01,3.520146713e+01,6.336889522e-09,6.721110e-16,1.178205e-17,3.928211e-18,6.924517e-03
3.620000,2.245275081e-05,1.108606335e-05,3.447383864e-05,5.542993373e-06,2.658179296e-05,5.377923747e-01,3.527120157e+01,6.492754717e-09,4.442309e-16,3.430721e-17,6.271121e-18,6.899047e-03
3.630000,2.291096545e-05,1.102625517e-05,3.425668756e-05,5.513128487e-06,2.696998315e-05,5.271446999e-01,3.534187433e+01,6.648956935e-09,5.977582e-17,1.464854e-17,9.340547e-19,6.923997e-03
3.640000,2.336294460e-05,1.096672823e-05,3.405175467e-05,5.483379859e-06,2.735133368e-05,5.168623754e-01,3.541342002e+01,6.805064270e-09,2.592643e-16,1.160805e-17,6.538461e-18,6.956297e-03
3.650000,2.380809114e-05,1.090748714e-05,3.385893310e-05,5.453746021e-06,2.772517992e-05,5.070523593e-01,3.548577232e+01,6.960645255e-09,1.327381e-16,2.208939e-17,6.494602e-18,6.922837e-03
3.660000,2.424583762e-05,1.084845471e-05,3.367814921e-05,5.424225708e-06,2.809088730e-05,4.978269081e-01,3.555886410e+01,7.115270259e-09,1.415318e-16,3.585377e-18,6.867912e-18,6.886927e-03
3.670000,2.467564569e-05,1.078963438e-05,3.350935949e-05,5.394817888e-06,2.844785110e-05,4.893025435e-01,3.563262741e+01,7.268512923e-09,4.798873e-17,3.146560e-17,5.675058e-18,6.872837e-03
3.680000,2.509700560e-05,1.073094685e-05,3.335254729e-05,5.365521783e-06,2.879549624e-05,4.815985502e-01,3.570699363e+01,7.419951628e-09,4.579916e-16,4.997531e-17,1.862648e-17,6.882387e-03
3.690000,2.550943582e-05,1.067260237e-05,3.320771943e-05,5.336336897e-06,2.913327723e-05,4.748349577e-01,3.578189346e+01,7.569170985e-09,4.441949e-16,1.023390e-17,1.215350e-17,6.909926e-03
3.700000,2.591248276e-05,1.061456477e-05,3.307490265e-05,5.307263035e-06,2.946067806e-05,4.691299957e-01,3.585725706e+01,7.715763335e-09,2.629556e-16,6.727046e-18,3.341276e-18,6.887997e-03
3.710000,2.630572057e-05,1.055667083e-05,3.295413986e-05,5.278300321e-06,2.977721228e-05,4.645970711e-01,3.593301405e+01,7.859330268e-09,3.445782e-16,3.694932e-17,5.684938e-18,6.879557e-03
3.720000,2.668875108e-05,1.049892293e-05,3.284548623e-05,5.249449217e-06,3.008242307e-05,4.613413867e-01,3.600909359e+01,7.999484141e-09,1.114838e-16,3.295162e-17,7.067106e-18,6.893367e-03
3.730000,2.706120376e-05,1.044145110e-05,3.274900503e-05,5.220710529e-06,3.037588347e-05,4.594564015e-01,3.608542448e+01,8.135849584e-09,1.253261e-16,3.109060e-17,9.055314e-18,6.893007e-03
3.740000,2.742273582e-05,1.038417437e-05,3.266476325e-05,5.192085425e-06,3.065719657e-05,4.590203978e-01,3.616193516e+01,8.268064999e-09,3.380720e-17,1.098292e-17,3.759086e-18,6.916506e-03
3.750000,2.777303229e-05,1.032701000e-05,3.259282701e-05,5.163575431e-06,3.092599586e-05,4.600934630e-01,3.623855381e+01,8.395784036e-09,6.685486e-16,3.497009e-17,8.078947e-18,6.893997e-03
3.760000,2.811180631e-05,1.027052198e-05,3.253325672e-05,5.135182441e-06,3.118194560e-05,4.627151873e-01,3.631520838e+01,8.518677039e-09,8.024469e-16,2.279750e-17,9.840388e-18,6.859007e-03
3.770000,2.843879931e-05,1.021372156e-05,3.248610211e-05,5.106908709e-06,3.142474125e-05,4.669033189e-01,3.639182667e+01,8.636432451e-09,4.669845e-16,5.487385e-18,4.805086e-18,6.929097e-03
3.780000,2.875378140e-05,1.015747793e-05,3.245139703e-05,5.078756842e-06,3.165410997e-05,4.726535147e-01,3.646833636e+01,8.748758178e-09,2.248401e-16,2.897756e-17,3.039346e-18,6.909356e-03
3.790000,2.905655169e-05,1.010158059e-05,3.242915420e-05,5.050729792e-06,3.186981115e-05,4.799401899e-01,3.654466510e+01,8.855382895e-09,6.675586e-16,2.540034e-17,2.677908e-18,6.887197e-03
3.800000,2.934693875e-05,1.004581429e-05,3.241935990e-05,5.022830840e-06,3.207163703e-05,4.887183399e-01,3.662074051e+01,8.956057298e-09,7.810137e-16,3.165642e-17,5.977123e-18,6.928677e-03
3.810000,2.962480102e-05,9.990136769e-06,3.242196867e-05,4.995063575e-06,3.225941330e-05,4.989261052e-01,3.669649029e+01,9.050555276e-09,3.051882e-17,1.985692e-17,5.363399e-18,6.907877e-03
3.820000,2.989002730e-05,9.934951826e-06,3.243689813e-05,4.967431869e-06,3.243299980e-05,5.104877937e-01,3.677184224e+01,9.138675024e-09,4.937545e-16,4.098450e-17,8.916460e-18,6.960016e-03
3.830000,3.014253728e-05,9.879953080e-06,3.246402405e-05,4.939939850e-06,3.259229124e-05,5.233170715e-01,3.684672431e+01,9.220240060e-09,3.358050e-16,9.492582e-18,9.283903e-18,6.883777e-03
3.840000,3.038228206e-05,9.825279255e-06,3.250317569e-05,4.912591869e-06,3.273721788e-05,5.373200700e-01,3.692106466e+01,9.295100162e-09,4.713960e-16,3.158969e-17,1.214845e-17,6.861737e-03
3.850000,3.060924467e-05,9.770754004e-06,3.255413147e-05,4.885392464e-06,3.286774634e-05,5.523982186e-01,3.699479172e+01,9.363132211e-09,8.547261e-17,6.080172e-17,5.944409e-18,6.861517e-03
3.860000,3.082344064e-05,9.716745462e-06,3.261661530e-05,4.858346320e-06,3.298388036e-05,5.684506863e-01,3.706783422e+01,9.424240937e-09,2.517529e-16,4.607382e-17,1.139079e-17,6.872108e-03
3.870000,3.102491856e-05,9.662986551e-06,3.269029332e-05,4.831458224e-06,3.308566156e-05,5.853763789e-01,3.714012127e+01,9.478359555e-09,4.440981e-16,2.006187e-17,1.027742e-17,6.870977e-03
3.880000,3.121376056e-05,9.609527674e-06,3.277477143e-05,4.804733019e-06,3.317317028e-05,6.030754909e-01,3.721158238e+01,9.525450306e-09,3.365307e-16,4.437411e-17,1.571023e-17,6.871686e-03
3.890000,3.139008291e-05,9.556280925e-06,3.286959349e-05,4.778175557e-06,3.324652631e-05,6.214506480e-01,3.728214755e+01,9.565504876e-09,4.475492e-16,1.377845e-17,1.052246e-17,6.860397e-03
3.900000,3.155403644e-05,9.503717160e-06,3.297424036e-05,4.751790645e-06,3.330588973e-05,6.404076957e-01,3.735174726e+01,9.598544704e-09,6.669512e-16,2.483136e-17,2.533990e-19,6.890627e-03
3.910000,3.170580707e-05,9.451189970e-06,3.308812974e-05,4.725582996e-06,3.335146162e-05,6.598561953e-01,3.742031260e+01,9.624621179e-09,1.272380e-16,3.556785e-17,6.626010e-18,6.859406e-03
3.920000,3.184561619e-05,9.399266952e-06,3.321061691e-05,4.699557172e-06,3.338348482e-05,6.797096924e-01,3.748777528e+01,9.643815709e-09,6.662789e-16,5.875841e-17,8.299607e-18,6.843577e-03
3.930000,3.197372103e-05,9.347435586e-06,3.334099629e-05,4.673717528e-06,3.340224464e-05,6.998858123e-01,3.755406768e+01,9.656239676e-09,6.442300e-17,3.596564e-17,1.148193e-17,6.797777e-03
3.940000,3.209041498e-05,9.296031816e-06,3.347850394e-05,4.648068165e-06,3.340806948e-05,7.203062330e-01,3.761912291e+01,9.662034267e-09,4.568650e-16,1.943706e-17,2.235058e-17,6.786818e-03
3.950000,3.219602781e-05,9.245254913e-06,3.362232082e-05,4.622612870e-06,3.340133148e-05,7.408965733e-01,3.768287488e+01,9.661370183e-09,2.434786e-16,4.982939e-17,2.477463e-18,6.810777e-03
3.960000,3.229092578e-05,9.194680585e-06,3.377157691e-05,4.597355066e-06,3.338244698e-05,7.615862289e-01,3.774525835e+01,9.654447223e-09,6.808136e-17,3.784121e-17,5.102847e-18,6.866587e-03
3.970000,3.237551169e-05,9.144555013e-06,3.392535605e-05,4.572297762e-06,3.335187701e-05,7.823081784e-01,3.780620898e+01,9.641493748e-09,2.452560e-16,6.063831e-18,1.063495e-17,6.846927e-03
3.980000,3.245022482e-05,9.094836789e-06,3.408270150e-05,4.547443507e-06,3.331012761e-05,8.029987775e-01,3.786566339e+01,9.622766022e-09,2.353177e-16,1.072722e-16,1.494415e-17,6.812267e-03
3.990000,3.251554065e-05,9.045581725e-06,3.424262208e-05,4.522794342e-06,3.325775004e-05,8.235975537e-01,3.792355922e+01,9.598547433e-09,6.073142e-17,3.911160e-17,3.101410e-18,6.841758e-03
4.000000,3.257197055e-05,8.996846787e-06,3.440409892e-05,4.498351764e-06,3.319534085e-05,8.440470088e-01,3.797983517e+01,9.569147595e-09,6.675626e-16,6.593123e-17,5.313081e-18,6.841237e-03
4.010000,3.395992891e-05,3.517694245e-05,1.245000896e-02,1.758846707e-05,5.906591747e-05,8.411966633e-01,3.803645458e+01,7.753174662e-05,2.261004e-16,2.716220e-18,9.510053e-18,6.888957e-03
4.020000,4.741828890e-05,2.869407315e-04,5.118410359e-02,1.434703623e-04,2.491336760e-04,8.286755750e-01,3.809493800e+01,1.310567441e-03,8.883605e-16,5.677875e-17,4.635519e-18,6.841797e-03
4.030000,9.449500072e-05,9.546395980e-04,1.137910590e-01,4.773197798e-04,7.548568188e-04,9.229909079e-01,3.815428582e+01,6.480583698e-03,1.002631e-15,2.807542e-17,6.774312e-18,6.843987e-03
4.040000,1.897382679e-04,2.216945033e-03,1.977411659e-01,1.108472290e-03,1.710720360e-03,1.225665573e+00,3.821410329e+01,1.958402655e-02,5.840628e-17,2.285450e-17,8.673617e-18,6.911868e-03
4.050000,3.419193679e-04,4.232750180e-03,3.003831383e-01,2.116373510e-03,3.236186739e-03,1.731006021e+00,3.827453784e+01,4.523463041e-02,2.096443e-16,2.084319e-17,7.757919e-18,6.887797e-03
4.060000,5.584134972e-04,7.139671755e-03,4.189634437e-01,3.569828295e-03,5.434135458e-03,2.390543769e+00,3.833620353e+01,8.810337159e-02,3.508632e-16,1.088075e-17,1.551584e-17,6.829587e-03
4.070000,8.447550905e-04,1.105334887e-02,5.506483026e-01,5.526646299e-03,8.390116179e-03,3.165854609e+00,3.840009046e+01,1.524142795e-01,2.761583e-16,3.331801e-17,1.430490e-17,6.833797e-03
4.080000,1.204290528e-03,1.606694410e-02,6.925480245e-01,8.033385641e-03,1.217185443e-02,4.029480198e+00,3.846746064e+01,2.415128977e-01,1.468114e-16,8.207031e-17,5.721958e-17,6.857987e-03
4.090000,1.638103097e-03,2.225083545e-02,8.417432950e-01,1.112518822e-02,1.682893967e-02,4.959332262e+00,3.853973340e+01,3.575217516e-01,2.341120e-16,9.649399e-18,1.110223e-16,6.847397e-03
4.100000,2.145051095e-03,2.965250914e-02,9.953129727e-01,1.482571140e-02,2.239269438e-02,5.935748485e+00,3.861836550e+01,5.010938326e-01,2.545739e-16,5.155926e-17,6.938894e-17,6.845627e-03
4.110000,2.721865420e-03,3.829666262e-02,1.150362906e+00,1.914716118e-02,2.887623003e-02,6.940259386e+00,3.870473154e+01,6.712710116e-01,2.310258e-16,8.420559e-18,1.144392e-16,6.831098e-03
4.120000,3.363289960e-03,4.818552420e-02,1.304055255e+00,2.409043135e-02,3.627469561e-02,7.955119918e+00,3.880001040e+01,8.654496737e-01,2.301456e-16,3.142915e-17,2.224779e-16,6.806768e-03
4.130000,4.062258747e-03,5.929939176e-02,1.453637779e+00,2.964535187e-02,4.456572225e-02,8.963176303e+00,3.890508288e+01,1.079451001e+00,1.819517e-16,1.288499e-16,1.241267e-16,6.869657e-03
4.140000,4.810107118e-03,7.159738975e-02,1.596472567e+00,3.579104908e-02,5.371006491e-02,9.947885079e+00,3.902044486e+01,1.307688491e+00,2.637033e-16,1.150980e-16,3.554448e-16,6.837918e-03
4.150000,5.596815233e-03,8.501843946e-02,1.730063692e+00,4.249641829e-02,6.365243915e-02,1.089340276e+01,3.914613852e+01,1.543420817e+00,2.363570e-16,8.363184e-17,1.475229e-16,6.841097e-03
4.160000,6.411282738e-03,9.948243414e-02,1.852083323e+00,4.972070808e-02,7.432254786e-02,1.178470675e+01,3.928170335e+01,1.779074238e+00,6.664592e-16,9.277528e-17,6.713178e-16,6.892657e-03
4.170000,7.241633791e-03,1.148916073e-01,1.960395869e+00,5.741421346e-02,8.563628886e-02,1.260772675e+01,3.942614728e+01,2.006615709e+00,6.680386e-16,5.589606e-17,8.899115e-16,6.887047e-03
4.180000,8.075552151e-03,1.311320789e-01,2.053079782e+00,6.551907250e-02,9.749713062e-02,1.334947479e+01,3.957793766e+01,2.217955811e+00,4.487447e-16,1.586964e-16,1.110223e-15,6.876897e-03
4.190000,8.900646750e-03,1.480755624e-01,2.128446741e+00,7.397015888e-02,1.097976391e-01,1.399816663e+01,3.973501154e+01,2.405359613e+00,3.458069e-16,4.224328e-17,3.140185e-16,6.915097e-03
4.200000,9.704849211e-03,1.655812120e-01,2.185057978e+00,8.269606000e-02,1.224211349e-01,1.454333004e+01,3.989480512e+01,2.561843764e+00,7.773950e-16,2.823925e-17,1.574257e-15,6.903067e-03
4.210000,1.047684604e-02,1.834975890e-01,2.221737602e+00,9.162012754e-02,1.352434557e-01,1.497589757e+01,4.005430219e+01,2.681539306e+00,7.840531e-16,1.222211e-16,1.570092e-15,6.887267e-03
4.220000,1.120654971e-02,2.016647235e-01,2.237582849e+00,1.006615854e-01,1.481347968e-01,1.528828277e+01,4.021010242e+01,2.760001886e+00,1.328105e-16,1.163171e-16,1.665335e-16,6.894527e-03
4.230000,1.188561433e-02,2.199162475e-01,2.231971243e+00,1.097366776e-01,1.609615990e-01,1.547443983e+01,4.035850979e+01,2.794454013e+00,3.352625e-16,1.162265e-16,4.577567e-16,6.874127e-03
4.240000,1.250800230e-02,2.380815746e-01,2.204564737e+00,1.187598377e-01,1.735884526e-01,1.552990767e+01,4.049564159e+01,2.783947639e+00,7.840859e-16,4.388542e-17,1.111610e-15,6.853077e-03
4.250000,1.307060729e-02,2.559881014e-01,2.155310995e+00,1.276448602e-01,1.858799851e-01,1.545183987e+01,4.061755725e+01,2.729439377e+00,4.176473e-17,4.220764e-17,3.342214e-16,6.885506e-03
4.260000,1.357393432e-02,2.734634052e-01,2.084442069e+00,1.363060547e-01,1.977027026e-01,1.523902236e+01,4.072040487e+01,2.633774963e+00,6.686375e-16,4.177767e-17,4.449557e-16,6.867157e-03
4.270000,1.402282557e-02,2.903374140e-01,1.992470903e+00,1.446593642e-01,2.089267550e-01,1.489188092e+01,4.080058159e+01,2.501583914e+00,4.498498e-16,1.619901e-16,6.684428e-16,6.848217e-03
4.280000,1.442719713e-02,3.064445241e-01,1.880186395e+00,1.526234307e-01,2.194276003e-01,1.441248097e+01,4.085490178e+01,2.339089507e+00,9.013992e-17,4.388542e-17,3.043636e-16,6.882207e-03
4.290000,1.480271138e-02,3.216256430e-01,1.748648325e+00,1.601205935e-01,2.290875456e-01,1.380452306e+01,4.088076542e+01,2.153843147e+00,2.442159e-16,1.463761e-16,6.713178e-16,6.848677e-03
4.300000,1.517124876e-02,3.357301343e-01,1.599184658e+00,1.670778078e-01,2.377971482e-01,1.307333881e+01,4.087631750e+01,1.954395605e+00,2.241862e-16,6.059129e-17,5.635476e-16,6.906216e-03
4.310000,1.556284862e-02,3.486543795e-01,1.445788568e+00,1.734455641e-01,2.454835109e-01,1.229474908e+01,4.084700037e+01,1.767916435e+00,2.279594e-16,3.368224e-17,2.371437e-16,6.897356e-03
4.320000,1.601901708e-02,3.604493907e-01,1.303809151e+00,1.792506340e-01,2.521890477e-01,1.155426638e+01,4.080139336e+01,1.615799995e+00,1.148861e-16,9.691191e-17,1.118863e-16,6.877557e-03
4.330000,1.658183423e-02,3.711980248e-01,1.172600770e+00,1.845352915e-01,2.579803769e-01,1.084964589e+01,4.074124830e+01,1.492353472e+00,2.238806e-16,1.551584e-17,1.118863e-16,6.862627e-03
4.340000,1.728865291e-02,3.809771465e-01,1.051582325e+00,1.893386534e-01,2.629202544e-01,1.017885276e+01,4.066858653e+01,1.392722179e+00,1.234468e-16,4.667663e-17,2.775558e-17,6.857197e-03
4.350000,1.816925912e-02,3.898580572e-01,9.402394640e-01,1.936969082e-01,2.670677779e-01,9.540064411e+00,4.058553861e+01,1.312774647e+00,7.857345e-16,3.368224e-17,1.671107e-16,6.869847e-03
4.360000,1.924396008e-02,3.979068937e-01,8.381286355e-01,1.976435304e-01,2.704785837e-01,8.931661350e+00,4.049422729e+01,1.249002840e+00,3.403953e-16,4.885026e-17,7.152448e-17,6.880407e-03
4.370000,2.052308266e-02,4.051849988e-01,7.448833477e-01,2.012094823e-01,2.732050367e-01,8.352210327e+00,4.039668426e+01,1.198435584e+00,7.273954e-17,4.819910e-17,1.112389e-16,6.908846e-03
4.380000,2.200786657e-02,4.117492661e-01,6.602229006e-01,2.044234010e-01,2.752964113e-01,7.800442823e+00,4.029479342e+01,1.158563467e+00,2.385686e-16,5.287351e-17,5.647850e-17,6.908258e-03
4.390000,2.369229845e-02,4.176524605e-01,5.839633598e-01,2.073117734e-01,2.767990645e-01,7.275231467e+00,4.019025478e+01,1.127273751e+00,2.230132e-16,1.551584e-17,1.561251e-17,6.916147e-03
4.400000,2.556527692e-02,4.229435156e-01,5.160292614e-01,2.098990982e-01,2.777565994e-01,6.775566333e+00,4.008456427e+01,1.102793979e+00,5.587883e-16,4.224328e-17,6.059129e-17,6.913637e-03
4.410000,2.761261604e-02,4.276678098e-01,4.564616738e-01,2.122080361e-01,2.782100202e-01,6.300532499e+00,3.997900576e+01,1.083643157e+00,3.340469e-16,6.081437e-17,3.469447e-18,6.889917e-03
4.420000,2.981862887e-02,4.318674239e-01,4.054128994e-01,2.142595497e-01,2.781978790e-01,5.849289828e+00,3.987465222e+01,1.068589526e+00,4.492373e-16,4.986387e-17,3.405500e-17,6.886467e-03
4.430000,3.216723766e-02,4.355813785e-01,3.631104558e-01,2.160730315e-01,2.777564138e-01,5.421055482e+00,3.977237358e+01,1.056614044e+00,6.729257e-16,8.908105e-17,6.965406e-17,6.863846e-03
4.440000,3.464267478e-02,4.388458558e-01,3.297678526e-01,2.176664236e-01,2.769196791e-01,5.015089433e+00,3.967284935e+01,1.046878863e+00,1.288404e-16,3.959580e-17,3.565954e-17,6.888617e-03
4.450000,3.722987893e-02,4.416944052e-01,3.054309292e-01,2.190563275e-01,2.757196689e-01,4.630682997e+00,3.957658431e+01,1.038700110e+00,6.668816e-16,6.283436e-17,1.257675e-17,6.876197e-03
4.460000,3.991468659e-02,4.441581337e-01,2.897922156e-01,2.202581060e-01,2.741864327e-01,4.267150254e+00,3.948392618e+01,1.031524429e+00,1.701887e-17,5.751465e-17,1.323970e-17,6.859397e-03
4.470000,4.268389685e-02,4.462658830e-01,2.820661070e-01,2.212859767e-01,2.723481843e-01,3.923822161e+00,3.939508410e+01,1.024908780e+00,3.636222e-16,2.850771e-17,3.871437e-17,6.915567e-03
4.480000,4.552526382e-02,4.480443940e-01,2.810230077e-01,2.221530990e-01,2.702314052e-01,3.600043093e+00,3.931014724e+01,1.018503059e+00,4.509814e-16,4.109684e-17,4.570140e-17,6.875587e-03
4.490000,4.842745170e-02,4.495184588e-01,2.851845296e-01,2.228716539e-01,2.678609415e-01,3.295169566e+00,3.922910298e+01,1.012035173e+00,5.276668e-17,2.732189e-17,4.190578e-17,6.889656e-03
4.500000,5.137997342e-02,4.507110627e-01,2.930707466e-01,2.234529179e-01,2.652600954e-01,3.008570923e+00,3.915185413e+01,1.005298229e+00,5.657593e-16,9.214060e-17,1.323970e-17,6.859027e-03
4.510000,5.437312483e-02,4.516435150e-01,3.033830009e-01,2.239073311e-01,2.624507115e-01,2.739631803e+00,3.907823497e+01,9.981395735e-01,4.485099e-16,4.112486e-17,4.712577e-17,6.893347e-03
4.520000,5.739792087e-02,4.523355709e-01,3.150824762e-01,2.242445601e-01,2.594532583e-01,2.487756336e+00,3.900802598e+01,9.904514113e-01,1.249121e-16,6.168034e-17,4.285329e-17,6.893766e-03
4.530000,6.044603651e-02,4.528055445e-01,3.273895680e-01,2.244735563e-01,2.562869052e-01,2.252374056e+00,3.894096701e+01,9.821628065e-01,2.340334e-16,3.843497e-17,7.458688e-17,6.851647e-03
4.540000,6.350975362e-02,4.530704135e-01,3.397448674e-01,2.246026091e-01,2.529695947e-01,2.032947708e+00,3.887676896e+01,9.732328706e-01,2.676271e-16,9.252965e-17,3.402737e-17,6.869287e-03
4.550000,6.658191384e-02,4.531459167e-01,3.517607343e-01,2.246393960e-01,2.495181117e-01,1.828983229e+00,3.881512402e+01,9.636449774e-01,4.481609e-16,1.098982e-16,4.958453e-17,6.865576e-03
4.560000,6.965587700e-02,4.530466435e-01,3.631773540e-01,2.245910278e-01,2.459481474e-01,1.640042379e+00,3.875571438e+01,9.534018629e-01,4.782814e-16,4.107198e-17,4.994219e-17,6.890677e-03
4.570000,7.272548440e-02,4.527861181e-01,3.738275898e-01,2.244640909e-01,2.422743615e-01,1.465758612e+00,3.869821968e+01,9.425214883e-01,2.279050e-16,5.644728e-17,2.303515e-17,6.915836e-03
4.580000,7.578502642e-02,4.523768768e-01,3.836105401e-01,2.242646870e-01,2.385104394e-01,1.305856794e+00,3.864232318e+01,9.310335598e-01,6.031751e-17,1.085736e-16,5.857903e-17,6.887277e-03
4.590000,7.882921358e-02,4.518305399e-01,3.924722440e-01,2.239984683e-01,2.346691476e-01,1.160177020e+00,3.858771677e+01,9.189766122e-01,2.238667e-16,4.003335e-17,3.453146e-17,6.891296e-03
4.600000,8.185315078e-02,4.511578786e-01,4.003918017e-01,2.236706713e-01,2.307623848e-01,1.028701578e+00,3.853410502e+01,9.063955771e-01,6.945938e-17,6.675869e-17,2.603530e-17,6.933106e-03
4.610000,8.485231393e-02,4.503688765e-01,4.073714433e-01,2.232861476e-01,2.268012319e-01,9.115810253e-01,3.848120829e+01,8.933397667e-01,1.330687e-16,1.422579e-17,2.960487e-17,6.884367e-03
4.620000,8.782252872e-02,4.494727872e-01,4.134294253e-01,2.228493924e-01,2.227959977e-01,8.091488666e-01,3.842876506e+01,8.798612111e-01,7.825430e-16,7.136258e-17,3.238409e-17,6.901306e-03
4.630000,9.075995125e-02,4.484781874e-01,4.185949386e-01,2.223645706e-01,2.187562630e-01,7.219030230e-01,3.837653359e+01,8.660133004e-01,1.717289e-17,4.336809e-19,1.226635e-17,6.897377e-03
4.640000,9.366104994e-02,4.473930262e-01,4.229044461e-01,2.218355416e-01,2.146909226e-01,6.504182238e-01,3.832429303e+01,8.518496835e-01,7.040606e-17,1.136087e-17,2.501854e-17,6.958407e-03
4.650000,9.652258891e-02,4.462246710e-01,4.263990420e-01,2.212658815e-01,2.106082243e-01,5.951498853e-01,3.827184394e+01,8.374233872e-01,9.169864e-17,3.607641e-17,2.660695e-17,6.875257e-03
4.660000,9.934161226e-02,4.449799495e-01,4.291225420e-01,2.206589040e-01,2.065158063e-01,5.561265434e-01,3.821900855e+01,8.227861196e-01,2.352134e-16,1.024525e-16,1.492266e-17,6.888177e-03
4.670000,1.021154294e-01,4.436651892e-01,4.311201027e-01,2.200176800e-01,2.024207328e-01,5.326243349e-01,3.816563055e+01,8.079877322e-01,3.418165e-16,3.057066e-17,3.314185e-17,6.944206e-03
4.680000,1.048416010e-01,4.422862543e-01,4.324372235e-01,2.193450551e-01,1.983295270e-01,5.230127618e-01,3.811157467e+01,7.930758121e-01,1.044046e-16,9.820741e-17,8.735844e-17,6.883028e-03
4.690000,1.075179259e-01,4.408485785e-01,4.331190298e-01,2.186436662e-01,1.942482034e-01,5.249151941e-01,3.805672609e+01,7.780953855e-01,2.675526e-16,6.841857e-17,1.163171e-16,6.895857e-03
4.700000,1.101424284e-01,4.393571974e-01,4.332097618e-01,2.179159571e-01,1.901822972e-01,5.356193435e-01,3.800098956e+01,7.630887132e-01,2.555407e-17,6.170015e-17,2.994597e-17,6.850527e-03
4.710000,1.127133461e-01,4.378167768e-01,4.327524158e-01,2.171641923e-01,1.861368932e-01,5.525130470e-01,3.794428854e+01,7.480951620e-01,8.882652e-16,7.152448e-17,2.742839e-17,6.875657e-03
4.720000,1.152291187e-01,4.362316399e-01,4.317884979e-01,2.163904703e-01,1.821166523e-01,5.733666886e-01,3.788656413e+01,7.331511389e-01,4.523880e-16,6.502321e-17,3.788693e-17,6.897577e-03
4.730000,1.176883768e-01,4.346057922e-01,4.303578623e-01,2.155967357e-01,1.781258376e-01,5.964313791e-01,3.782777398e+01,7.182900765e-01,1.908294e-16,4.451729e-17,4.060884e-17,6.854867e-03
4.740000,1.200899308e-01,4.329429449e-01,4.284986122e-01,2.147847907e-01,1.741683377e-01,6.204139916e-01,3.776789123e+01,7.035424595e-01,4.696874e-16,9.511364e-18,8.673617e-18,6.879377e-03
4.750000,1.224327617e-01,4.312465360e-01,4.262470469e-01,2.139563049e-01,1.702476902e-01,6.443992971e-01,3.770690330e+01,6.889358841e-01,7.775070e-16,1.024525e-16,1.876390e-17,6.950936e-03
4.760000,1.247160102e-01,4.295197503e-01,4.236376440e-01,2.131128259e-01,1.663671031e-01,6.677635610e-01,3.764481082e+01,6.744951432e-01,2.281689e-16,1.908689e-17,1.110765e-17,6.915297e-03
4.770000,1.269389681e-01,4.277655381e-01,4.207030670e-01,2.122557871e-01,1.625294753e-01,6.900990708e-01,3.758162646e+01,6.602423313e-01,1.778092e-16,8.770653e-18,4.869601e-17,6.896907e-03
4.780000,1.291010687e-01,4.259866320e-01,4.174741921e-01,2.113865172e-01,1.587374156e-01,7.111546875e-01,3.751737384e+01,6.461969645e-01,3.737645e-16,7.159282e-17,4.137961e-17,7.103546e-03
4.790000,1.312018785e-01,4.241855627e-01,4.139801482e-01,2.105062467e-01,1.549932616e-01,7.307913361e-01,3.745208650e+01,6.323761100e-01,2.233570e-16,1.104925e-16,7.296157e-17,7.118986e-03
4.800000,1.332410883e-01,4.223646742e-01,4.102483672e-01,2.096161161e-01,1.512990966e-01,7.489494941e-01,3.738580681e+01,6.187945235e-01,5.690243e-16,7.152448e-17,4.291469e-17,7.016506e-03
4.810000,1.352185056e-01,4.205261368e-01,4.063046408e-01,2.087171817e-01,1.476567660e-01,7.656256961e-01,3.731858504e+01,6.054647904e-01,4.571490e-16,3.622209e-17,1.939480e-17,6.873387e-03
4.820000,1.371340466e-01,4.186719601e-01,4.021731810e-01,2.078104219e-01,1.440678931e-01,7.808556030e-01,3.725047839e+01,5.923974681e-01,4.579834e-16,1.393864e-17,1.551584e-17,6.814477e-03
4.830000,1.389877287e-01,4.168040047e-01,3.978766849e-01,2.068967433e-01,1.405338933e-01,7.947017820e-01,3.718155008e+01,5.796012286e-01,2.520025e-16,3.980661e-17,2.023018e-17,6.820817e-03
4.840000,1.407796636e-01,4.149239930e-01,3.934363989e-01,2.059769852e-01,1.370559882e-01,8.072448597e-01,3.711186854e+01,5.670829988e-01,1.174018e-16,3.894686e-17,1.214306e-17,6.798087e-03
4.850000,1.425100500e-01,4.130335192e-01,3.888721847e-01,2.050519253e-01,1.336352185e-01,8.185770918e-01,3.704150659e+01,5.548480975e-01,2.345283e-16,7.327538e-17,4.906539e-18,6.809527e-03
4.860000,1.441791677e-01,4.111340587e-01,3.842025842e-01,2.041222834e-01,1.302724564e-01,8.287976807e-01,3.697054070e+01,5.429003688e-01,4.451165e-16,7.372575e-17,1.097135e-17,6.825177e-03
4.870000,1.457873705e-01,4.092269767e-01,3.794448831e-01,2.031887262e-01,1.269684174e-01,8.380093661e-01,3.689905027e+01,5.312423095e-01,1.150955e-16,1.811104e-17,9.341772e-18,6.848787e-03
4.880000,1.473350809e-01,4.073135365e-01,3.746151739e-01,2.022518709e-01,1.237236710e-01,8.463159568e-01,3.682711697e+01,5.198751925e-01,9.802339e-17,9.157241e-17,2.845158e-17,6.822667e-03
4.890000,1.488227836e-01,4.053949065e-01,3.697284163e-01,2.013122886e-01,1.205386512e-01,8.538205670e-01,3.675482414e+01,5.087991827e-01,2.294237e-16,3.410673e-17,1.868354e-17,6.850717e-03
4.900000,1.502510207e-01,4.034721674e-01,3.647984959e-01,2.003705082e-01,1.174136664e-01,8.606243901e-01,3.668225619e+01,4.980134482e-01,2.260555e-16,6.178545e-17,2.081668e-17,6.844837e-03
4.910000,1.516203860e-01,4.015463185e-01,3.598382813e-01,1.994270189e-01,1.143489084e-01,8.668258870e-01,3.660949810e+01,4.875162641e-01,5.552226e-16,3.580692e-17,1.040834e-17,6.803448e-03
4.920000,1.529315200e-01,3.996182836e-01,3.548596780e-01,1.984822734e-01,1.113444612e-01,8.725203031e-01,3.653663487e+01,4.773051108e-01,6.670548e-16,3.172991e-17,2.453269e-17,6.853867e-03
4.930000,1.541851052e-01,3.976889166e-01,3.498736809e-01,1.975366906e-01,1.084003092e-01,8.777994483e-01,3.646375110e+01,4.673767657e-01,2.300427e-16,3.373803e-17,2.023018e-17,6.828107e-03
4.940000,1.553818615e-01,3.957590065e-01,3.448904242e-01,1.965906577e-01,1.055163449e-01,8.827516901e-01,3.639093051e+01,4.577273882e-01,6.859259e-16,7.152448e-18,0.000000e+00,6.833127e-03
4.950000,1.565225418e-01,3.938292820e-01,3.399192294e-01,1.956445328e-01,1.026923760e-01,8.874621217e-01,3.631825561e+01,4.483525997e-01,3.706084e-16,6.353092e-17,3.878960e-18,6.881477e-03
4.960000,1.576079280e-01,3.919004164e-01,3.349686504e-01,1.946986469e-01,9.992813268e-02,8.920128746e-01,3.624580722e+01,4.392475568e-01,2.194699e-17,2.289901e-17,2.483746e-17,6.901987e-03
4.970000,1.586388271e-01,3.899730310e-01,3.300465170e-01,1.937533060e-01,9.722327343e-02,8.964835473e-01,3.617366423e+01,4.304070195e-01,1.399251e-17,7.275635e-17,3.368224e-17,6.905907e-03
4.980000,1.596160671e-01,3.880476991e-01,3.251599765e-01,1.928087927e-01,9.457739151e-02,9.009517267e-01,3.610190320e+01,4.218254133e-01,2.240150e-16,3.741739e-17,1.551584e-17,6.828507e-03
4.990000,1.605404939e-01,3.861249499e-01,3.203155326e-01,1.918653680e-01,9.199002049e-02,9.054935801e-01,3.603059808e+01,4.134968867e-01,1.001703e-15,5.020406e-17,1.939480e-17,6.815767e-03
5.000000,1.614129679e-01,3.842052710e-01,3.155190833e-01,1.909232729e-01,8.946063956e-02,9.101844942e-01,3.595981993e+01,4.054153634e-01,4.532112e-16,2.023018e-17,1.844036e-17,6.871277e-03
5.010000,1.622343610e-01,3.822891121e-01,3.107725775e-01,1.899827299e-01,8.698867948e-02,8.934102790e-01,3.588699284e+01,3.975735416e-01,2.518252e-16,3.084017e-17,1.398579e-17,6.860817e-03
5.020000,1.630055685e-01,3.803768873e-01,3.060843230e-01,1.890439441e-01,8.457352142e-02,8.761193745e-01,3.581319624e+01,3.899661529e-01,4.124303e-17,5.364336e-18,1.097135e-17,6.852647e-03
5.030000,1.637275028e-01,3.784689779e-01,3.014585996e-01,1.881071046e-01,8.221450724e-02,8.583595128e-01,3.573846753e+01,3.825867078e-01,4.464868e-16,3.508261e-17,2.110382e-17,6.859357e-03
5.040000,1.644010920e-01,3.765657350e-01,2.968992129e-01,1.871723860e-01,7.991094275e-02,8.401770257e-01,3.566284437e+01,3.754286580e-01,2.756027e-16,3.443328e-17,2.860979e-17,6.835927e-03
5.050000,1.650272774e-01,3.746674810e-01,2.924095232e-01,1.862399487e-01,7.766210157e-02,8.216168629e-01,3.558636454e+01,3.684854286e-01,4.450658e-16,4.906539e-17,3.198672e-17,6.824617e-03
5.060000,1.656070109e-01,3.727745125e-01,2.879924727e-01,1.853099406e-01,7.546722875e-02,8.027226163e-01,3.550906581e+01,3.617504457e-01,4.456695e-16,9.671083e-17,1.743376e-17,6.822318e-03
5.070000,1.661412535e-01,3.708871017e-01,2.836506120e-01,1.843824976e-01,7.332554415e-02,7.835365498e-01,3.543098582e+01,3.552171617e-01,7.294223e-17,7.152448e-18,1.110765e-17,6.853027e-03
5.080000,1.666309731e-01,3.690054982e-01,2.793861242e-01,1.834577449e-01,7.123624557e-02,7.640996348e-01,3.535216199e+01,3.488790779e-01,6.959598e-17,1.138361e-17,1.734723e-17,6.858727e-03
5.090000,1.670771425e-01,3.671299309e-01,2.752008486e-01,1.825357971e-01,6.919851172e-02,7.444515905e-01,3.527263143e+01,3.427297636e-01,3.506084e-16,3.576224e-17,1.398579e-17,6.869077e-03
5.100000,1.674807378e-01,3.652606092e-01,2.710963033e-01,1.816167597e-01,6.721150499e-02,7.246309314e-01,3.519243090e+01,3.367628733e-01,7.803595e-16,6.375109e-17,1.097135e-17,6.850987e-03
5.110000,1.678427371e-01,3.633977247e-01,2.670737057e-01,1.807007293e-01,6.527437395e-02,7.046750199e-01,3.511159669e+01,3.309721617e-01,7.930670e-17,2.272173e-17,0.000000e+00,6.826287e-03
5.120000,1.681641184e-01,3.615414522e-01,2.631339933e-01,1.797877942e-01,6.338625579e-02,6.846201270e-01,3.503016461e+01,3.253514961e-01,4.461857e-17,7.372575e-18,6.938894e-18,6.839697e-03
5.130000,1.684458587e-01,3.596919513e-01,2.592778425e-01,1.788780354e-01,6.154627854e-02,6.645014997e-01,3.494816992e+01,3.198948674e-01,2.228601e-16,3.576224e-17,1.551584e-17,6.869977e-03
5.140000,1.686889324e-01,3.578493671e-01,2.555056870e-01,1.779715268e-01,5.975356309e-02,6.443534380e-01,3.486564733e+01,3.145963994e-01,2.374358e-16,1.959259e-17,2.428613e-17,6.956437e-03
5.150000,1.688943103e-01,3.560138317e-01,2.518177349e-01,1.770683359e-01,5.800722514e-02,6.242093801e-01,3.478263092e+01,3.094503557e-01,2.489634e-16,3.482703e-17,3.878960e-18,6.999116e-03
5.160000,1.690629583e-01,3.541854648e-01,2.482139853e-01,1.761685240e-01,5.630637695e-02,6.041019997e-01,3.469915418e+01,3.044511466e-01,2.427331e-16,2.814585e-17,2.023018e-17,6.899967e-03
5.170000,1.691958364e-01,3.523643745e-01,2.446942442e-01,1.752721468e-01,5.465012902e-02,5.840633145e-01,3.461524994e+01,2.995933330e-01,3.336438e-16,4.527138e-17,2.023018e-17,6.939596e-03
5.180000,1.692938980e-01,3.505506588e-01,2.412581390e-01,1.743792551e-01,5.303759157e-02,5.641248089e-01,3.453095037e+01,2.948716308e-01,2.230811e-16,3.314185e-17,9.341772e-18,6.810607e-03
5.190000,1.693580885e-01,3.487444055e-01,2.379051332e-01,1.734898947e-01,5.146787594e-02,5.443175719e-01,3.444628701e+01,2.902809127e-01,9.995850e-16,1.055191e-17,4.004920e-17,6.861486e-03
5.200000,1.693893450e-01,3.469456936e-01,2.346345396e-01,1.726041068e-01,4.994009591e-02,5.246724529e-01,3.436129070e+01,2.858162106e-01,1.000959e-15,3.201317e-17,1.599336e-17,6.862187e-03
5.210000,1.693885951e-01,3.451545935e-01,2.314455337e-01,1.717219288e-01,4.845336888e-02,5.052202379e-01,3.427599166e+01,2.814727158e-01,3.856954e-16,8.004320e-17,2.145734e-17,6.822277e-03
5.220000,1.693567566e-01,3.433711681e-01,2.283371651e-01,1.708433939e-01,4.700681694e-02,4.859918476e-01,3.419041942e+01,2.772457791e-01,8.886311e-16,6.439686e-17,2.327376e-17,6.812538e-03
5.230000,1.692947367e-01,3.415954728e-01,2.253083702e-01,1.699685320e-01,4.559956789e-02,4.670185620e-01,3.410460289e+01,2.731309105e-01,8.917630e-16,2.400963e-17,6.254634e-18,6.814247e-03
5.240000,1.692034314e-01,3.398275565e-01,2.223579827e-01,1.690973696e-01,4.423075613e-02,4.483322729e-01,3.401857031e+01,2.691237778e-01,2.274213e-16,4.192149e-17,1.769078e-17,6.842887e-03
5.250000,1.690837253e-01,3.380674618e-01,2.194847442e-01,1.682299301e-01,4.289952352e-02,4.299657684e-01,3.393234931e+01,2.652202045e-01,2.316489e-16,3.998340e-17,6.254634e-18,6.914047e-03
5.260000,1.689364904e-01,3.363152256e-01,2.166873146e-01,1.673662342e-01,4.160502013e-02,4.119530510e-01,3.384596690e+01,2.614161685e-01,8.182674e-18,2.432095e-17,6.254634e-18,6.878866e-03
5.270000,1.687625868e-01,3.345708795e-01,2.139642813e-01,1.665062998e-01,4.034640488e-02,3.943296916e-01,3.375944948e+01,2.577077988e-01,4.488647e-16,3.679904e-17,9.813078e-18,6.858957e-03
5.280000,1.685628612e-01,3.328344501e-01,2.113141683e-01,1.656501424e-01,3.912284624e-02,3.771332179e-01,3.367282287e+01,2.540913730e-01,1.252227e-16,8.673617e-19,1.011509e-17,6.865207e-03
5.290000,1.683381474e-01,3.311059596e-01,2.087354450e-01,1.647977753e-01,3.793352269e-02,3.604035356e-01,3.358611230e+01,2.505633140e-01,3.524652e-16,5.534828e-17,1.844036e-17,6.859297e-03
5.300000,1.680892657e-01,3.293854258e-01,2.062265339e-01,1.639492096e-01,3.677762331e-02,3.441833720e-01,3.349934247e+01,2.471201868e-01,5.618710e-16,4.848700e-17,1.398579e-17,6.896327e-03
5.310000,1.678170226e-01,3.276728626e-01,2.037858186e-01,1.631044545e-01,3.565434815e-02,3.285187270e-01,3.341253752e+01,2.437586950e-01,1.428516e-17,4.163336e-17,5.485677e-18,6.825067e-03
5.320000,1.675222108e-01,3.259682805e-01,2.014116509e-01,1.622635176e-01,3.456290864e-02,3.134593045e-01,3.332572107e+01,2.404756768e-01,3.337450e-16,5.275955e-18,1.734723e-17,6.844207e-03
5.330000,1.672056088e-01,3.242716864e-01,1.991023575e-01,1.614264043e-01,3.350252798e-02,2.990588798e-01,3.323891626e+01,2.372681015e-01,2.290903e-16,4.690976e-17,5.485677e-18,6.860367e-03
5.340000,1.668679809e-01,3.225830842e-01,1.968562461e-01,1.605931190e-01,3.247244135e-02,2.853755406e-01,3.315214572e+01,2.341330653e-01,2.268831e-16,1.044442e-17,7.152448e-18,6.902427e-03
5.350000,1.665100773e-01,3.209024749e-01,1.946716122e-01,1.597636643e-01,3.147189625e-02,2.724717113e-01,3.306543163e+01,2.310677878e-01,2.223159e-16,5.940043e-17,3.878960e-18,6.841727e-03
5.360000,1.661326334e-01,3.192298568e-01,1.925467437e-01,1.589380416e-01,3.050015265e-02,2.604138420e-01,3.297879569e+01,2.280696074e-01,3.841933e-17,7.971356e-17,5.204170e-18,6.819277e-03
5.370000,1.657363704e-01,3.175652259e-01,1.904799265e-01,1.581162512e-01,2.955648323e-02,2.492716192e-01,3.289225921e+01,2.251359778e-01,6.694285e-16,5.204170e-18,1.250927e-17,6.852597e-03
5.380000,1.653219950e-01,3.159085758e-01,1.884694494e-01,1.572982918e-01,2.864017348e-02,2.391165401e-01,3.280584306e+01,2.222644639e-01,4.558999e-16,1.127779e-17,1.599336e-17,6.848616e-03
5.390000,1.648901993e-01,3.142598979e-01,1.865136083e-01,1.564841616e-01,2.775052184e-02,2.300197087e-01,3.271956770e+01,2.194527375e-01,7.829751e-16,3.359557e-17,1.011509e-17,6.853417e-03
5.400000,1.644416610e-01,3.126191818e-01,1.846107104e-01,1.556738575e-01,2.688683979e-02,2.220487755e-01,3.263345324e+01,2.166985736e-01,2.351034e-16,1.824039e-17,6.938894e-18,6.857977e-03
5.410000,1.639770433e-01,3.109864154e-01,1.827590778e-01,1.548673754e-01,2.604845188e-02,2.152640699e-01,3.254751940e+01,2.139998468e-01,2.324307e-16,5.540305e-17,2.453269e-18,6.865297e-03
5.420000,1.634969949e-01,3.093615848e-01,1.809570512e-01,1.540647106e-01,2.523469581e-02,2.097141639e-01,3.246178556e+01,2.113545267e-01,6.714170e-16,5.244670e-18,2.261803e-17,6.854107e-03
5.430000,1.630021503e-01,3.077446745e-01,1.792029926e-01,1.532658576e-01,2.444492240e-02,2.054313347e-01,3.237627077e+01,2.087606749e-01,1.115336e-16,1.978364e-17,1.430490e-17,6.818547e-03
5.440000,1.624931296e-01,3.061356676e-01,1.774952884e-01,1.524708098e-01,2.367849560e-02,2.024275813e-01,3.229099373e+01,2.062164408e-01,2.389676e-16,4.897331e-17,1.387779e-17,6.828437e-03
5.450000,1.619705389e-01,3.045345462e-01,1.758323517e-01,1.516795605e-01,2.293479247e-02,2.006919167e-01,3.220597287e+01,2.037200582e-01,4.489215e-16,1.436394e-17,1.769078e-17,6.844647e-03
5.460000,1.614349702e-01,3.029412907e-01,1.742126246e-01,1.508921020e-01,2.221320310e-02,2.001895264e-01,3.212122630e+01,2.012698419e-01,1.692600e-16,3.686287e-18,6.254634e-18,6.822627e-03
5.470000,1.608870013e-01,3.013558809e-01,1.726345801e-01,1.501084260e-01,2.151313058e-02,2.008630549e-01,3.203677187e+01,1.988641839e-01,4.458570e-16,1.502471e-17,5.485677e-18,6.869347e-03
5.480000,1.603271966e-01,2.997782952e-01,1.710967239e-01,1.493285239e-01,2.083399092e-02,2.026358527e-01,3.195262715e+01,1.965015503e-01,3.357287e-16,3.979480e-17,4.906539e-18,6.833647e-03
5.490000,1.597561066e-01,2.982085111e-01,1.695975956e-01,1.485523864e-01,2.017521292e-02,2.054166306e-01,3.186880944e+01,1.941804781e-01,2.253526e-16,4.471384e-17,7.152448e-18,6.842267e-03
5.500000,1.591742683e-01,2.966465055e-01,1.681357701e-01,1.477800040e-01,1.953623809e-02,2.091047581e-01,3.178533582e+01,1.918995720e-01,4.441951e-16,2.189122e-17,2.261803e-17,6.848127e-03
5.510000,1.585822053e-01,2.950922543e-01,1.667098588e-01,1.470113665e-01,1.891652055e-02,2.135954555e-01,3.170222312e+01,1.896575015e-01,4.450817e-16,2.732620e-17,1.011509e-17,6.854117e-03
5.520000,1.579804281e-01,2.935457325e-01,1.653185100e-01,1.462464634e-01,1.831552686e-02,2.187843054e-01,3.161948794e+01,1.874529974e-01,4.475528e-16,1.471962e-17,1.916065e-17,6.868107e-03
5.530000,1.573694341e-01,2.920069149e-01,1.639604097e-01,1.454852839e-01,1.773273593e-02,2.245707704e-01,3.153714667e+01,1.852848500e-01,2.291498e-16,2.318064e-17,6.938894e-18,6.861787e-03
5.540000,1.567497080e-01,2.904757753e-01,1.626342822e-01,1.447278168e-01,1.716763882e-02,2.308606374e-01,3.145521549e+01,1.831519052e-01,4.444432e-16,5.912750e-17,3.469447e-18,6.885337e-03
5.550000,1.561217216e-01,2.889522869e-01,1.613388901e-01,1.439740508e-01,1.661973864e-02,2.375674836e-01,3.137371038e+01,1.810530628e-01,4.462794e-16,1.951564e-17,8.845389e-18,6.872206e-03
5.560000,1.554859343e-01,2.874364228e-01,1.600730346e-01,1.432239740e-01,1.608855034e-02,2.446133441e-01,3.129264713e+01,1.789872736e-01,8.882347e-16,5.472118e-17,7.757919e-18,6.840427e-03
5.570000,1.548427935e-01,2.859281552e-01,1.588355556e-01,1.424775744e-01,1.557360061e-02,2.519287905e-01,3.121204135e+01,1.769535368e-01,4.485646e-16,1.778092e-17,6.938894e-18,6.853777e-03
5.580000,1.541927340e-01,2.844274560e-01,1.576253313e-01,1.417348398e-01,1.507442761e-02,2.594526116e-01,3.113190846e+01,1.749508980e-01,2.468220e-16,3.012444e-17,7.152448e-18,6.847586e-03
5.590000,1.535361791e-01,2.829342969e-01,1.564412782e-01,1.409957578e-01,1.459058090e-02,2.671312525e-01,3.105226371e+01,1.729784469e-01,4.570474e-16,2.024876e-17,7.152448e-18,6.845667e-03
5.600000,1.528735402e-01,2.814486489e-01,1.552823506e-01,1.402603156e-01,1.412162119e-02,2.749181305e-01,3.097312219e+01,1.710353149e-01,1.196615e-16,5.932558e-17,1.226635e-17,6.907807e-03
5.610000,1.522052173e-01,2.799704830e-01,1.541475402e-01,1.395285005e-01,1.366712017e-02,2.827729083e-01,3.089449883e+01,1.691206732e-01,2.337572e-16,1.894471e-17,6.254634e-18,6.836086e-03
5.620000,1.515315990e-01,2.784997698e-01,1.530358757e-01,1.388002995e-01,1.322666033e-02,2.906607770e-01,3.081640840e+01,1.672337311e-01,2.306262e-16,3.496447e-18,7.757919e-18,6.862477e-03
5.630000,1.508530630e-01,2.770364795e-01,1.519464219e-01,1.380756993e-01,1.279983479e-02,2.985517812e-01,3.073886550e+01,1.653737336e-01,1.076368e-17,5.122256e-17,9.341772e-18,6.931557e-03
5.640000,1.501699759e-01,2.755805823e-01,1.508782795e-01,1.373546867e-01,1.238624707e-02,3.064202017e-01,3.066188462e+01,1.635399601e-01,3.377792e-16,1.563659e-17,1.939480e-17,6.907537e-03
5.650000,1.494826938e-01,2.741320479e-01,1.498305838e-01,1.366372482e-01,1.198551092e-02,3.142440023e-01,3.058548008e+01,1.617317224e-01,3.366015e-16,4.610091e-17,1.127570e-17,6.914797e-03
5.660000,1.487915620e-01,2.726908461e-01,1.488025047e-01,1.359233703e-01,1.159725014e-02,3.220043411e-01,3.050966606e+01,1.599483631e-01,3.331417e-16,2.081781e-17,7.757919e-18,6.900416e-03
5.670000,1.480969160e-01,2.712569465e-01,1.477932450e-01,1.352130394e-01,1.122109835e-02,3.296851432e-01,3.043445660e+01,1.581892541e-01,1.069355e-17,1.997876e-17,1.110765e-17,6.888477e-03
5.680000,1.473990808e-01,2.698303183e-01,1.468020403e-01,1.345062416e-01,1.085669883e-02,3.372727292e-01,3.035986561e+01,1.564537951e-01,8.890280e-16,6.787106e-17,1.226635e-17,6.868587e-03
5.690000,1.466983717e-01,2.684109309e-01,1.458281577e-01,1.338029632e-01,1.050370430e-02,3.447554941e-01,3.028590687e+01,1.547414120e-01,7.611068e-18,2.096074e-17,1.939480e-18,6.917836e-03
5.700000,1.459950944e-01,2.669987532e-01,1.448708952e-01,1.331031903e-01,1.016177676e-02,3.521236302e-01,3.021259402e+01,1.530515560e-01,8.905789e-16,1.563659e-17,1.163688e-17,6.915767e-03
5.710000,1.452895451e-01,2.655937545e-01,1.439295806e-01,1.324069089e-01,9.830587248e-03,3.593688889e-01,3.013994056e+01,1.513837018e-01,1.244634e-16,4.102412e-17,7.410742e-18,6.913877e-03
5.720000,1.445820105e-01,2.641959036e-01,1.430035705e-01,1.317141049e-01,9.509815697e-03,3.664843749e-01,3.006795988e+01,1.497373468e-01,2.239238e-16,2.124704e-17,1.214306e-17,6.968167e-03
5.730000,1.438727686e-01,2.628051695e-01,1.420922498e-01,1.310247642e-01,9.199150712e-03,3.734643701e-01,2.999666523e+01,1.481120095e-01,4.514635e-16,1.060747e-17,7.996680e-18,6.874527e-03
5.740000,1.431620883e-01,2.614215209e-01,1.411950303e-01,1.303388728e-01,8.898289393e-03,3.803041811e-01,2.992606973e+01,1.465072288e-01,6.007419e-17,4.250073e-17,3.878960e-18,6.838787e-03
5.750000,1.424502298e-01,2.600449267e-01,1.403113499e-01,1.296564164e-01,8.606937141e-03,3.870000084e-01,2.985618637e+01,1.449225628e-01,2.208838e-16,1.828159e-17,1.734723e-18,6.851947e-03
5.760000,1.417374448e-01,2.586753555e-01,1.394406721e-01,1.289773807e-01,8.324807478e-03,3.935488326e-01,2.978702802e+01,1.433575878e-01,1.119033e-16,3.206380e-17,4.906539e-18,6.847877e-03
5.770000,1.410239768e-01,2.573127763e-01,1.385824843e-01,1.283017517e-01,8.051621856e-03,3.999483173e-01,2.971860742e+01,1.418118973e-01,3.417342e-16,4.826344e-17,4.336809e-18,6.895887e-03
5.780000,1.403100612e-01,2.559571576e-01,1.377362978e-01,1.276295149e-01,7.787109477e-03,4.061967232e-01,2.965093717e+01,1.402851011e-01,3.522239e-17,2.787728e-17,7.152448e-18,6.862517e-03
5.790000,1.395959254e-01,2.546084683e-01,1.369016461e-01,1.269606561e-01,7.531007112e-03,4.122928354e-01,2.958402975e+01,1.387768245e-01,5.551769e-16,3.115568e-17,1.226635e-17,6.866687e-03
5.800000,1.388817889e-01,2.532666770e-01,1.360780845e-01,1.262951610e-01,7.283058924e-03,4.182358988e-01,2.951789752e+01,1.372867077e-01,2.333928e-16,3.115568e-17,9.341772e-18,6.851517e-03
5.810000,1.381678638e-01,2.519317525e-01,1.352651892e-01,1.256330153e-01,7.043016287e-03,4.240255621e-01,2.945255267e+01,1.358144045e-01,2.306795e-16,1.943839e-17,1.743376e-17,6.845367e-03
5.820000,1.374543549e-01,2.506036636e-01,1.344625563e-01,1.249742045e-01,6.810637619e-03,4.296618294e-01,2.938800731e+01,1.343595822e-01,2.255841e-16,2.431805e-17,8.716878e-18,6.875257e-03
5.830000,1.367414596e-01,2.492823791e-01,1.336698011e-01,1.243187145e-01,6.585688207e-03,4.351450169e-01,2.932427337e+01,1.329219203e-01,2.238751e-16,8.741117e-18,2.453269e-18,6.886257e-03
5.840000,1.360293683e-01,2.479678678e-01,1.328865574e-01,1.236665308e-01,6.367940037e-03,4.404757159e-01,2.926136266e+01,1.315011105e-01,5.598842e-16,4.046268e-17,2.602085e-18,6.839267e-03
5.850000,1.353182644e-01,2.466600985e-01,1.321124763e-01,1.230176391e-01,6.157171633e-03,4.456547593e-01,2.919928687e+01,1.300968555e-01,2.564925e-16,1.452831e-17,8.182674e-18,6.849777e-03
5.860000,1.346083250e-01,2.453590402e-01,1.313472260e-01,1.223720251e-01,5.953167889e-03,4.506831928e-01,2.913805752e+01,1.287088687e-01,2.223007e-16,4.798792e-17,3.576224e-18,6.869227e-03
5.870000,1.338997200e-01,2.440646619e-01,1.305904908e-01,1.217296744e-01,5.755719911e-03,4.555622488e-01,2.907768601e+01,1.273368736e-01,2.531717e-16,1.214306e-17,7.757919e-18,6.872547e-03
5.880000,1.331926136e-01,2.427769325e-01,1.298419701e-01,1.210905727e-01,5.564624860e-03,4.602933243e-01,2.901818358e+01,1.259806034e-01,1.186561e-16,3.716584e-17,3.576224e-18,6.882487e-03
5.890000,1.324871632e-01,2.414958211e-01,1.291013784e-01,1.204547058e-01,5.379685794e-03,4.648779597e-01,2.895956134e+01,1.246398003e-01,2.049674e-16,2.713973e-17,3.127317e-18,6.884457e-03
5.900000,1.317835204e-01,2.402212969e-01,1.283684439e-01,1.198220593e-01,5.200711519e-03,4.693178219e-01,2.890183023e+01,1.233142151e-01,2.309974e-16,5.116883e-17,2.453269e-18,6.883037e-03
5.910000,1.310818309e-01,2.389533291e-01,1.276429085e-01,1.191926190e-01,5.027516440e-03,4.736146874e-01,2.884500105e+01,1.220036067e-01,2.251284e-16,1.048934e-17,5.204170e-18,6.924916e-03
5.920000,1.303822344e-01,2.376918869e-01,1.269245264e-01,1.185663705e-01,4.859920411e-03,4.777704284e-01,2.878908445e+01,1.207077420e-01,1.154172e-16,1.678659e-17,1.217400e-17,6.905987e-03
5.930000,1.296848653e-01,2.364369397e-01,1.262130646e-01,1.179432997e-01,4.697748596e-03,4.817870000e-01,2.873409092e+01,1.194263952e-01,2.251473e-16,1.700228e-17,1.289426e-17,6.934926e-03
5.940000,1.289898522e-01,2.351884569e-01,1.255083012e-01,1.173233924e-01,4.540831326e-03,4.856664287e-01,2.868003078e+01,1.181593472e-01,4.478059e-16,3.055527e-17,8.716878e-18,6.922577e-03
5.950000,1.282973184e-01,2.339464080e-01,1.248100255e-01,1.167066343e-01,4.389003962e-03,4.894108017e-01,2.862691420e+01,1.169063860e-01,4.582037e-16,1.952166e-17,5.818439e-18,6.894747e-03
5.960000,1.276073822e-01,2.327107625e-01,1.241180374e-01,1.160930113e-01,4.242106761e-03,4.930222585e-01,2.857475117e+01,1.156673055e-01,3.687371e-17,3.271058e-17,2.742839e-18,6.914237e-03
5.970000,1.269201566e-01,2.314814902e-01,1.234321468e-01,1.154825092e-01,4.099984740e-03,4.965029817e-01,2.852355153e+01,1.144419058e-01,2.748747e-16,1.960818e-17,5.818439e-18,7.000567e-03
5.980000,1.262357497e-01,2.302585608e-01,1.227521729e-01,1.148751139e-01,3.962487555e-03,4.998551896e-01,2.847332493e+01,1.132299928e-01,1.671248e-16,2.060326e-17,1.939480e-18,6.899387e-03
5.990000,1.255542649e-01,2.290419441e-01,1.220779442e-01,1.142708114e-01,3.829469364e-03,5.030811297e-01,2.842408085e+01,1.120313776e-01,4.528737e-16,1.735265e-17,2.742839e-18,6.898376e-03
6.000000,1.248758008e-01,2.278316101e-01,1.214092976e-01,1.136695875e-01,3.700788714e-03,5.061830723e-01,2.837582859e+01,1.108458765e-01,4.512427e-16,9.974660e-18,1.130901e-17,6.918016e-03
6.010000,1.242004515e-01,2.266275286e-01,1.207460784e-01,1.130714283e-01,3.576308412e-03,5.091633046e-01,2.832857728e+01,1.096733108e-01,1.216235e-16,2.457195e-17,6.254634e-18,6.922286e-03
6.020000,1.235283066e-01,2.254296700e-01,1.200881394e-01,1.124763198e-01,3.455895412e-03,5.120241260e-01,2.828233584e+01,1.085135064e-01,1.011331e-15,2.483746e-17,1.110765e-17,6.924816e-03
6.030000,1.228594513e-01,2.242380043e-01,1.194353410e-01,1.118842479e-01,3.339420697e-03,5.147678432e-01,2.823711303e+01,1.073662936e-01,7.776870e-16,1.229889e-17,1.925856e-17,6.953006e-03
6.040000,1.221939668e-01,2.230525018e-01,1.187875503e-01,1.112951988e-01,3.226759169e-03,5.173967657e-01,2.819291740e+01,1.062315071e-01,2.460840e-16,2.622335e-17,6.314489e-18,6.912247e-03
6.050000,1.215319300e-01,2.218731330e-01,1.181446414e-01,1.107091586e-01,3.117789535e-03,5.199132024e-01,2.814975731e+01,1.051089853e-01,4.506238e-16,6.210312e-18,9.697399e-18,6.913617e-03
6.060000,1.208734140e-01,2.206998684e-01,1.175064944e-01,1.101261133e-01,3.012394204e-03,5.223194576e-01,2.810764093e+01,1.039985709e-01,2.700105e-16,1.388160e-17,3.878960e-18,6.920677e-03
6.070000,1.202184879e-01,2.195326784e-01,1.168729955e-01,1.095460493e-01,2.910459179e-03,5.246178278e-01,2.806657621e+01,1.029001100e-01,5.048472e-17,1.262898e-17,4.422694e-18,6.911987e-03
6.080000,1.195672171e-01,2.183715339e-01,1.162440365e-01,1.089689526e-01,2.811873956e-03,5.268105988e-01,2.802657090e+01,1.018134522e-01,3.353857e-16,1.251678e-17,6.254634e-18,6.966107e-03
6.090000,1.189196632e-01,2.172164055e-01,1.156195145e-01,1.083948096e-01,2.716531427e-03,5.289000426e-01,2.798763257e+01,1.007384504e-01,2.831807e-16,2.997422e-17,5.818439e-18,6.943806e-03
6.100000,1.182758844e-01,2.160672643e-01,1.149993318e-01,1.078236065e-01,2.624327775e-03,5.308884154e-01,2.794976855e+01,9.967496096e-02,2.249200e-16,2.391545e-17,7.410742e-18,6.970576e-03
6.110000,1.176359353e-01,2.149240811e-01,1.143833955e-01,1.072553297e-01,2.535162389e-03,5.327779545e-01,2.791298596e+01,9.862284303e-02,2.277449e-16,1.561289e-17,1.939480e-18,6.923607e-03
6.120000,1.169998673e-01,2.137868272e-01,1.137716172e-01,1.066899656e-01,2.448937764e-03,5.345708769e-01,2.787729171e+01,9.758195883e-02,2.985042e-16,2.444437e-17,2.453269e-18,6.900807e-03
6.130000,1.163677285e-01,2.126554736e-01,1.131639128e-01,1.061275004e-01,2.365559413e-03,5.362693765e-01,2.784269249e+01,9.655217334e-02,1.300560e-16,1.421422e-17,6.314489e-18,6.893727e-03
6.140000,1.157395635e-01,2.115299917e-01,1.125602023e-01,1.055679208e-01,2.284935782e-03,5.378756229e-01,2.780919477e+01,9.553335421e-02,4.462454e-16,2.900985e-17,3.679904e-18,6.912347e-03
6.150000,1.151154143e-01,2.104103530e-01,1.119604096e-01,1.050112131e-01,2.206978160e-03,5.393917593e-01,2.777680479e+01,9.452537170e-02,4.533522e-16,8.824766e-18,9.055522e-18,6.951217e-03
6.160000,1.144953196e-01,2.092965288e-01,1.113644622e-01,1.044573639e-01,2.131600600e-03,5.408199009e-01,2.774552855e+01,9.352809851e-02,4.490273e-17,3.260566e-17,2.602085e-18,6.899756e-03
6.170000,1.138793152e-01,2.081884909e-01,1.107722912e-01,1.039063598e-01,2.058719834e-03,5.421621336e-01,2.771537185e+01,9.254140973e-02,1.338180e-16,4.406505e-17,2.742839e-18,6.881687e-03
6.180000,1.132674341e-01,2.070862110e-01,1.101838307e-01,1.033581874e-01,1.988255195e-03,5.434205126e-01,2.768634024e+01,9.156518272e-02,3.464943e-16,1.800983e-17,5.275955e-18,6.874086e-03
6.190000,1.126597067e-01,2.059896609e-01,1.095990182e-01,1.028128333e-01,1.920128544e-03,5.445970610e-01,2.765843902e+01,9.059929702e-02,2.222212e-16,5.918592e-18,5.275955e-18,6.893607e-03
6.200000,1.120561606e-01,2.048988126e-01,1.090177938e-01,1.022702842e-01,1.854264189e-03,5.456937689e-01,2.763167328e+01,8.964363429e-02,7.773376e-16,2.359479e-17,4.670886e-18,6.888627e-03
6.210000,1.114568207e-01,2.038136381e-01,1.084401008e-01,1.017305269e-01,1.790588816e-03,5.467125921e-01,2.760604785e+01,8.869807821e-02,2.262505e-16,1.983705e-17,3.576224e-18,6.892577e-03
6.220000,1.108617096e-01,2.027341096e-01,1.078658846e-01,1.011935481e-01,1.729031416e-03,5.476554511e-01,2.758156732e+01,8.776251440e-02,1.605827e-17,1.333216e-17,6.938894e-18,6.871897e-03
6.230000,1.102708473e-01,2.016601993e-01,1.072950935e-01,1.006593348e-01,1.669523219e-03,5.485242305e-01,2.755823606e+01,8.683683040e-02,2.246242e-16,3.185193e-17,8.716878e-18,6.874207e-03
6.240000,1.096842516e-01,2.005918796e-01,1.067276779e-01,1.001278736e-01,1.611997623e-03,5.493207779e-01,2.753605815e+01,8.592091551e-02,5.741785e-16,1.561402e-17,1.226635e-18,6.873637e-03
6.250000,1.091019380e-01,1.995291231e-01,1.061635905e-01,9.959915164e-02,1.556390132e-03,5.500469033e-01,2.751503747e+01,8.501466084e-02,3.355264e-16,1.416119e-17,1.734723e-18,6.905077e-03
6.260000,1.085239195e-01,1.984719023e-01,1.056027861e-01,9.907315578e-02,1.502638292e-03,5.507043783e-01,2.749517762e+01,8.411795916e-02,2.293262e-16,1.958088e-17,3.576224e-18,6.901917e-03
6.270000,1.079502074e-01,1.974201899e-01,1.050452213e-01,9.854987303e-02,1.450681626e-03,5.512949358e-01,2.747648195e+01,8.323070488e-02,2.376077e-16,1.441622e-17,1.734723e-18,6.905077e-03
6.280000,1.073808104e-01,1.963739587e-01,1.044908549e-01,9.802929045e-02,1.400461579e-03,5.518202691e-01,2.745895357e+01,8.235279401e-02,2.247913e-16,1.387821e-17,1.939480e-18,6.912307e-03
6.290000,1.068157357e-01,1.953331817e-01,1.039396470e-01,9.751139512e-02,1.351921456e-03,5.522820316e-01,2.744259534e+01,8.148412407e-02,2.232206e-16,8.545274e-18,3.705371e-18,6.916417e-03
6.300000,1.062549883e-01,1.942978318e-01,1.033915598e-01,9.699617418e-02,1.305006368e-03,5.526818367e-01,2.742740985e+01,8.062459410e-02,4.442281e-16,8.890458e-18,3.998340e-18,6.897156e-03
6.310000,1.056985711e-01,1.932678823e-01,1.028465568e-01,9.648361481e-02,1.259663174e-03,5.530212568e-01,2.741339945e+01,7.977410454e-02,2.850194e-16,1.844036e-17,8.673617e-19,6.906697e-03
6.320000,1.051464856e-01,1.922433063e-01,1.023046031e-01,9.597370423e-02,1.215840429e-03,5.533018238e-01,2.740056621e+01,7.893255728e-02,2.269579e-16,1.408128e-17,2.909220e-18,6.897577e-03
6.330000,1.045987311e-01,1.912240773e-01,1.017656650e-01,9.546642973e-02,1.173488334e-03,5.535250281e-01,2.738891197e+01,7.809985553e-02,5.245130e-17,1.194444e-17,2.909220e-18,6.905056e-03
6.340000,1.040553056e-01,1.902101687e-01,1.012297105e-01,9.496177861e-02,1.132558682e-03,5.536923191e-01,2.737843830e+01,7.727590383e-02,6.662235e-16,7.269816e-18,7.410742e-18,6.922107e-03
6.350000,1.035162051e-01,1.892015540e-01,1.006967085e-01,9.445973824e-02,1.093004811e-03,5.538051048e-01,2.736914651e+01,7.646060800e-02,1.321710e-16,1.052570e-17,2.168404e-18,6.908607e-03
6.360000,1.029814242e-01,1.881982070e-01,1.001666291e-01,9.396029602e-02,1.054781556e-03,5.538647517e-01,2.736103767e+01,7.565387514e-02,1.963880e-16,1.304652e-17,1.563659e-18,6.893357e-03
6.370000,1.024509558e-01,1.872001015e-01,9.963944380e-02,9.346343942e-02,1.017845203e-03,5.538725850e-01,2.735411256e+01,7.485561352e-02,3.351551e-16,6.960038e-18,5.364336e-18,6.889256e-03
6.380000,1.019247915e-01,1.862072114e-01,9.911512483e-02,9.296915593e-02,9.821534429e-04,5.538298884e-01,2.734837172e+01,7.406573262e-02,4.506160e-16,1.599336e-17,3.387156e-18,6.906057e-03
6.390000,1.014029214e-01,1.852195106e-01,9.859364556e-02,9.247743310e-02,9.476653305e-04,5.537379044e-01,2.734381544e+01,7.328414309e-02,2.247736e-16,8.079307e-18,1.788112e-18,6.939657e-03
6.400000,1.008853340e-01,1.842369733e-01,9.807498028e-02,9.198825852e-02,9.143412396e-04,5.535978345e-01,2.734044374e+01,7.251075668e-02,6.219589e-17,2.153172e-17,4.358439e-18,6.894936e-03
6.410000,1.003720166e-01,1.832595738e-01,9.755910413e-02,9.150161983e-02,8.821428229e-04,5.534108391e-01,2.733825637e+01,7.174548626e-02,2.311725e-16,1.586977e-17,4.091337e-18,6.900747e-03
6.420000,9.986295541e-02,1.822872863e-01,9.704599311e-02,9.101750472e-02,8.510329727e-04,5.531780382e-01,2.733725287e+01,7.098824577e-02,8.619189e-17,1.897849e-17,4.422694e-18,6.889586e-03
6.430000,9.935813506e-02,1.813200854e-01,9.653562401e-02,9.053590091e-02,8.209757814e-04,5.529005113e-01,2.733743246e+01,7.023895019e-02,4.497835e-16,2.233167e-17,5.364336e-18,6.910627e-03
6.440000,9.885753916e-02,1.803579456e-01,9.602797433e-02,9.005679619e-02,7.919365047e-04,5.525792979e-01,2.733879416e+01,6.949751556e-02,5.595341e-16,3.911326e-17,2.335443e-18,6.908037e-03
6.450000,9.836115013e-02,1.794008415e-01,9.552302230e-02,8.958017838e-02,7.638815247e-04,5.522153979e-01,2.734133669e+01,6.876385889e-02,8.957530e-16,1.804993e-17,3.878960e-18,6.929447e-03
6.460000,9.786894927e-02,1.784487479e-01,9.502074681e-02,8.910603536e-02,7.367783149e-04,5.518097722e-01,2.734505857e+01,6.803789820e-02,2.276991e-16,1.425386e-17,4.336809e-18,6.919067e-03
6.470000,9.738091682e-02,1.775016397e-01,9.452112737e-02,8.863435503e-02,7.105954060e-04,5.513633428e-01,2.734995801e+01,6.731955246e-02,8.898608e-16,1.411963e-17,4.336809e-18,7.066646e-03
6.480000,9.689703197e-02,1.765594920e-01,9.402414406e-02,8.816512536e-02,6.853023525e-04,5.508769934e-01,2.735603300e+01,6.660874159e-02,9.992535e-16,2.072188e-17,1.072867e-17,6.946717e-03
6.490000,9.641727295e-02,1.756222797e-01,9.352977755e-02,8.769833437e-02,6.608697007e-04,5.503515702e-01,2.736328130e+01,6.590538644e-02,2.242077e-16,2.722190e-17,4.336809e-18,6.968626e-03
6.500000,9.594161702e-02,1.746899781e-01,9.303800903e-02,8.723397011e-02,6.372689576e-04,5.497878823e-01,2.737170037e+01,6.520940878e-02,1.118041e-16,9.058118e-18,8.101827e-18,6.948197e-03
6.510000,9.547004057e-02,1.737625625e-01,9.254882016e-02,8.677202068e-02,6.144725604e-04,5.491867024e-01,2.738128748e+01,6.452073126e-02,5.716630e-16,1.551584e-17,3.705371e-18,6.958246e-03
6.520000,9.500251907e-02,1.728400084e-01,9.206219312e-02,8.631247424e-02,5.924538471e-04,5.485487673e-01,2.739203961e+01,6.383927739e-02,1.149161e-16,2.372620e-17,3.127317e-18,6.943507e-03
6.530000,9.453902719e-02,1.719222912e-01,9.157811048e-02,8.585531898e-02,5.711870286e-04,5.478747787e-01,2.740395353e+01,6.316497158e-02,2.234106e-16,2.070826e-17,1.563659e-18,6.939817e-03
6.540000,9.407953881e-02,1.710093866e-01,9.109655526e-02,8.540054315e-02,5.506471607e-04,5.471654039e-01,2.741702576e+01,6.249773905e-02,1.138221e-16,1.482148e-17,3.469447e-18,6.903866e-03
6.550000,9.362402702e-02,1.701012703e-01,9.061751088e-02,8.494813503e-02,5.308101175e-04,5.464212765e-01,2.743125258e+01,6.183750588e-02,4.450886e-16,6.179952e-18,2.909220e-18,6.916947e-03
6.560000,9.317246421e-02,1.691979182e-01,9.014096113e-02,8.449808297e-02,5.116525658e-04,5.456429974e-01,2.744663003e+01,6.118419895e-02,1.175326e-16,3.158305e-17,5.275955e-18,6.939957e-03
6.570000,9.272482208e-02,1.682993062e-01,8.966689015e-02,8.405037534e-02,4.931519396e-04,5.448311351e-01,2.746315393e+01,6.053774595e-02,2.653617e-17,2.276721e-17,2.602085e-18,6.911707e-03
6.580000,9.228107164e-02,1.674054104e-01,8.919528242e-02,8.360500059e-02,4.752864162e-04,5.439862271e-01,2.748081986e+01,5.989807536e-02,3.376650e-16,1.011509e-17,4.091337e-18,6.903637e-03
6.590000,9.184118332e-02,1.665162070e-01,8.872612273e-02,8.316194717e-02,4.580348928e-04,5.431087804e-01,2.749962317e+01,5.926511646e-02,1.366683e-16,2.145734e-17,4.336809e-18,6.940567e-03
6.600000,9.140512692e-02,1.656316721e-01,8.825939619e-02,8.272120363e-02,4.413769631e-04,5.421992723e-01,2.751955901e+01,5.863879925e-02,1.205734e-16,3.332295e-17,1.316848e-17,6.902246e-03
6.610000,9.097287169e-02,1.647517823e-01,8.779508819e-02,8.228275852e-02,4.252928960e-04,5.412581517e-01,2.754062227e+01,5.801905454e-02,4.451255e-16,3.127317e-18,3.496447e-18,7.017086e-03
6.620000,9.054438636e-02,1.638765139e-01,8.733318437e-02,8.184660046e-02,4.097636140e-04,5.402858396e-01,2.756280765e+01,5.740581385e-02,2.241174e-16,2.034866e-17,2.742839e-18,6.925256e-03
6.630000,9.011963912e-02,1.630058435e-01,8.687367064e-02,8.141271812e-02,3.947706723e-04,5.392827300e-01,2.758610961e+01,5.679900945e-02,4.487133e-16,2.542703e-17,2.602085e-18,6.905547e-03
6.640000,8.969859772e-02,1.621397479e-01,8.641653317e-02,8.098110020e-02,3.802962390e-04,5.382491911e-01,2.761052243e+01,5.619857433e-02,2.739196e-16,1.694445e-17,1.939480e-18,7.394775e-03
6.650000,8.928122946e-02,1.612782038e-01,8.596175832e-02,8.055173547e-02,3.663230761e-04,5.371855663e-01,2.763604015e+01,5.560444219e-02,8.008967e-17,2.055786e-17,2.045669e-18,6.923327e-03
6.660000,8.886750119e-02,1.604211881e-01,8.550933272e-02,8.012461272e-02,3.528345200e-04,5.360921747e-01,2.766265662e+01,5.501654744e-02,1.178131e-16,3.091707e-17,3.909147e-18,6.945147e-03
6.670000,8.845737941e-02,1.595686779e-01,8.505924315e-02,7.969972080e-02,3.398144642e-04,5.349693124e-01,2.769036547e+01,5.443482518e-02,1.710424e-16,6.254634e-18,5.222209e-18,6.906757e-03
6.680000,8.805083023e-02,1.587206502e-01,8.461147663e-02,7.927704861e-02,3.272473411e-04,5.338172537e-01,2.771916016e+01,5.385921120e-02,1.244160e-16,1.127570e-17,3.252607e-18,6.906086e-03
6.690000,8.764781941e-02,1.578770821e-01,8.416602036e-02,7.885658508e-02,3.151181056e-04,5.326362514e-01,2.774903392e+01,5.328964197e-02,5.551455e-16,1.834353e-18,2.345488e-18,6.935277e-03
6.700000,8.724831241e-02,1.570379512e-01,8.372286169e-02,7.843831920e-02,3.034122183e-04,5.314265385e-01,2.777997981e+01,5.272605461e-02,4.445380e-16,4.495257e-17,2.637978e-18,6.937816e-03
6.710000,8.685227439e-02,1.562032346e-01,8.328198818e-02,7.802224002e-02,2.921156300e-04,5.301883287e-01,2.781199070e+01,5.216838693e-02,2.256162e-16,4.945020e-18,8.826764e-18,6.896226e-03
6.720000,8.645967025e-02,1.553729101e-01,8.284338752e-02,7.760833659e-02,2.812147659e-04,5.289218177e-01,2.784505926e+01,5.161657735e-02,4.549692e-16,1.770149e-17,2.335443e-18,6.938966e-03
6.730000,8.607046464e-02,1.545469551e-01,8.240704757e-02,7.719659806e-02,2.706965115e-04,5.276271839e-01,2.787917799e+01,5.107056497e-02,2.437836e-16,3.490138e-18,1.563659e-18,6.946097e-03
6.740000,8.568462197e-02,1.537253474e-01,8.197295632e-02,7.678701359e-02,2.605481976e-04,5.263045897e-01,2.791433921e+01,5.053028951e-02,4.449720e-16,6.680172e-18,3.927147e-18,6.947187e-03
6.750000,8.530210647e-02,1.529080648e-01,8.154110191e-02,7.637957239e-02,2.507575869e-04,5.249541822e-01,2.795053506e+01,4.999569131e-02,8.988739e-16,1.235990e-17,3.998340e-18,6.875077e-03
6.760000,8.492288219e-02,1.520950852e-01,8.111147262e-02,7.597426374e-02,2.413128606e-04,5.235760945e-01,2.798775753e+01,4.946671135e-02,1.396728e-17,4.385491e-17,9.341772e-18,6.859567e-03
6.770000,8.454691301e-02,1.512863867e-01,8.068405684e-02,7.557107693e-02,2.322026053e-04,5.221704463e-01,2.802599841e+01,4.894329120e-02,2.290111e-16,4.118973e-17,5.368717e-18,6.875727e-03
6.780000,8.417416267e-02,1.504819473e-01,8.025884309e-02,7.517000132e-02,2.234158009e-04,5.207373453e-01,2.806524936e+01,4.842537306e-02,4.442872e-16,4.718211e-17,6.163763e-18,6.854447e-03
6.790000,8.380459479e-02,1.496817453e-01,7.983582002e-02,7.477102632e-02,2.149418081e-04,5.192768877e-01,2.810550187e+01,4.791289970e-02,2.439913e-17,1.543923e-17,4.336809e-18,6.877927e-03
6.800000,8.343817290e-02,1.488857591e-01,7.941497635e-02,7.437414137e-02,2.067703573e-04,5.177891597e-01,2.814674727e+01,4.740581450e-02,2.223193e-16,1.389059e-17,6.133174e-19,6.995836e-03
6.810000,8.307486045e-02,1.480939669e-01,7.899630096e-02,7.397933595e-02,1.988915372e-04,5.162742378e-01,2.818897675e+01,4.690406142e-02,2.238838e-16,1.641134e-17,4.898147e-18,6.877167e-03
6.820000,8.271462079e-02,1.473063474e-01,7.857978278e-02,7.358659960e-02,1.912957840e-04,5.147321905e-01,2.823218134e+01,4.640758501e-02,1.159077e-16,1.116728e-17,2.742839e-18,6.891817e-03
6.830000,8.235741728e-02,1.465228792e-01,7.816541088e-02,7.319592191e-02,1.839738709e-04,5.131630784e-01,2.827635194e+01,4.591633037e-02,7.787837e-16,1.415631e-17,4.081269e-18,6.885117e-03
6.840000,8.200321320e-02,1.457435410e-01,7.775317439e-02,7.280729250e-02,1.769168982e-04,5.115669558e-01,2.832147931e+01,4.543024319e-02,2.312090e-16,3.071150e-17,4.751973e-18,6.903237e-03
6.850000,8.165197185e-02,1.449683115e-01,7.734306256e-02,7.242070104e-02,1.701162835e-04,5.099438714e-01,2.836755408e+01,4.494926969e-02,2.302392e-16,2.931684e-17,6.367323e-18,6.898686e-03
6.860000,8.130365651e-02,1.441971698e-01,7.693506470e-02,7.203613725e-02,1.635637525e-04,5.082938689e-01,2.841456673e+01,4.447335667e-02,1.115570e-16,2.072961e-17,2.211347e-18,6.887137e-03
6.870000,8.095823049e-02,1.434300948e-01,7.652917022e-02,7.165359089e-02,1.572513297e-04,5.066169882e-01,2.846250765e+01,4.400245147e-02,3.332596e-16,1.420098e-17,1.788112e-18,6.915497e-03
6.880000,8.061565715e-02,1.426670657e-01,7.612536861e-02,7.127305176e-02,1.511713300e-04,5.049132663e-01,2.851136708e+01,4.353650196e-02,5.603527e-16,1.296880e-17,1.048934e-17,6.898047e-03
6.890000,8.027589986e-02,1.419080616e-01,7.572364943e-02,7.089450973e-02,1.453163500e-04,5.031827378e-01,2.856113516e+01,4.307545655e-02,3.202877e-17,1.110765e-17,4.385326e-18,6.912797e-03
6.900000,7.993892208e-02,1.411530618e-01,7.532400231e-02,7.051795467e-02,1.396792600e-04,5.014254361e-01,2.861180189e+01,4.261926419e-02,1.131227e-16,3.362919e-17,5.076104e-18,6.900697e-03
6.910000,7.960468735e-02,1.404020458e-01,7.492641697e-02,7.014337654e-02,1.342531960e-04,4.996413938e-01,2.866335720e+01,4.216787435e-02,2.331638e-16,1.735570e-18,3.956967e-18,6.910726e-03
6.920000,7.927315928e-02,1.396549931e-01,7.453088319e-02,6.977076532e-02,1.290315521e-04,4.978306440e-01,2.871579088e+01,4.172123701e-02,1.111495e-16,1.933964e-17,5.931488e-18,6.927867e-03
6.930000,7.894430161e-02,1.389118832e-01,7.413739081e-02,6.940011103e-02,1.240079732e-04,4.959932206e-01,2.876909265e+01,4.127930267e-02,3.373859e-16,1.367471e-17,4.858690e-18,6.907917e-03
6.940000,7.861807816e-02,1.381726959e-01,7.374592975e-02,6.903140376e-02,1.191763472e-04,4.941291593e-01,2.882325211e+01,4.084202234e-02,2.680085e-16,4.300393e-17,5.944603e-18,6.906046e-03
6.950000,7.829445290e-02,1.374374109e-01,7.335648998e-02,6.866463362e-02,1.145307987e-04,4.922384984e-01,2.887825877e+01,4.040934753e-02,7.885614e-16,1.438724e-17,5.539255e-18,6.906437e-03
6.960000,7.797338994e-02,1.367060081e-01,7.296906155e-02,6.829979076e-02,1.100656814e-04,4.903212792e-01,2.893410208e+01,3.998123023e-02,3.787902e-16,2.743374e-17,7.178696e-18,6.892737e-03
6.970000,7.765485354e-02,1.359784675e-01,7.258363455e-02,6.793686541e-02,1.057755712e-04,4.883775469e-01,2.899077136e+01,3.955762296e-02,2.226209e-16,2.086582e-17,2.776912e-18,6.878956e-03
6.980000,7.733880810e-02,1.352547691e-01,7.220019913e-02,6.757584780e-02,1.016552599e-04,4.864073515e-01,2.904825589e+01,3.913847869e-02,3.345119e-16,4.210280e-18,9.813078e-18,6.881056e-03
6.990000,7.702521823e-02,1.345348932e-01,7.181874552e-02,6.721672823e-02,9.769974768e-05,4.844107478e-01,2.910654485e+01,3.872375090e-02,2.250652e-16,2.970081e-17,1.323271e-17,6.855087e-03
7.000000,7.671404869e-02,1.338188200e-01,7.143926398e-02,6.685949705e-02,9.390423659e-05,4.823877967e-01,2.916562736e+01,3.831339353e-02,8.907804e-16,1.383208e-17,4.470280e-18,6.858877e-03
7.010000,7.640526444e-02,1.331065298e-01,7.106174484e-02,6.650414462e-02,9.026412347e-05,4.803385656e-01,2.922549247e+01,3.790736098e-02,1.110926e-16,3.145476e-17,2.192663e-18,6.897257e-03
7.020000,7.609883066e-02,1.323980030e-01,7.068617847e-02,6.615066138e-02,8.677499278e-05,4.782631286e-01,2.928612916e+01,3.750560816e-02,4.506018e-16,1.640875e-17,1.047041e-17,6.888987e-03
7.030000,7.579471270e-02,1.316932203e-01,7.031255529e-02,6.579903779e-02,8.343260915e-05,4.761615678e-01,2.934752635e+01,3.710809040e-02,5.592714e-16,3.718391e-17,3.173954e-18,6.881677e-03
7.040000,7.549287616e-02,1.309921623e-01,6.994086580e-02,6.544926437e-02,8.023290971e-05,4.740339730e-01,2.940967291e+01,3.671476350e-02,4.451819e-16,3.047944e-17,7.716138e-18,6.929366e-03
7.050000,7.519328687e-02,1.302948096e-01,6.957110050e-02,6.510133166e-02,7.717199601e-05,4.718804429e-01,2.947255765e+01,3.632558373e-02,7.784012e-16,4.320855e-17,5.970992e-18,6.882167e-03
7.060000,7.489591087e-02,1.296011432e-01,6.920324999e-02,6.475523028e-02,7.424612545e-05,4.697010855e-01,2.953616934e+01,3.594050779e-02,7.494849e-17,4.670713e-17,6.562782e-18,6.889746e-03
7.070000,7.460071447e-02,1.289111438e-01,6.883730488e-02,6.441095085e-02,7.145170224e-05,4.674960180e-01,2.960049670e+01,3.555949283e-02,2.247531e-16,2.846237e-17,1.565011e-17,6.870006e-03
7.080000,7.430766420e-02,1.282247926e-01,6.847325584e-02,6.406848407e-02,6.878526768e-05,4.652653681e-01,2.966552840e+01,3.518249644e-02,1.163222e-16,2.372595e-17,4.470280e-18,6.876126e-03
7.090000,7.401672689e-02,1.275420706e-01,6.811109359e-02,6.372782066e-02,6.624348986e-05,4.630092739e-01,2.973125309e+01,3.480947665e-02,2.243392e-16,2.524702e-17,4.770798e-18,6.897977e-03
7.100000,7.372786958e-02,1.268629590e-01,6.775080888e-02,6.338895138e-02,6.382315252e-05,4.607278844e-01,2.979765937e+01,3.444039190e-02,4.557424e-16,2.227191e-17,8.691387e-18,6.823247e-03
7.110000,7.344105962e-02,1.261874390e-01,6.739239254e-02,6.305186706e-02,6.152114322e-05,4.584213601e-01,2.986473581e+01,3.407520108e-02,6.742250e-16,1.888505e-17,4.165721e-18,6.890697e-03
7.120000,7.315626462e-02,1.255154920e-01,6.703583539e-02,6.271655854e-02,5.933444070e-05,4.560898730e-01,2.993247096e+01,3.371386350e-02,1.557947e-16,2.484125e-17,4.210280e-18,6.888266e-03
7.130000,7.287345249e-02,1.248470996e-01,6.668112833e-02,6.238301673e-02,5.726010149e-05,4.537336074e-01,3.000085334e+01,3.335633887e-02,2.256251e-16,1.899869e-17,1.043597e-17,6.873157e-03
7.140000,7.259259139e-02,1.241822432e-01,6.632826230e-02,6.205123255e-02,5.529524579e-05,4.513527600e-01,3.006987146e+01,3.300258734e-02,2.273113e-16,3.084341e-17,1.495413e-17,6.863017e-03
7.150000,7.231364980e-02,1.235209044e-01,6.597722827e-02,6.172119700e-02,5.343704274e-05,4.489475403e-01,3.013951379e+01,3.265256944e-02,1.405279e-16,5.607506e-17,1.602943e-17,6.871726e-03
7.160000,7.203659650e-02,1.228630651e-01,6.562801726e-02,6.139290109e-02,5.168269532e-05,4.465181708e-01,3.020976881e+01,3.230624613e-02,2.247584e-16,2.847352e-17,1.089084e-17,6.857377e-03
7.170000,7.176140057e-02,1.222087069e-01,6.528062032e-02,6.106633589e-02,5.002942493e-05,4.440648876e-01,3.028062497e+01,3.196357876e-02,1.226292e-16,1.391427e-17,8.563310e-18,6.855757e-03
7.180000,7.148803137e-02,1.215578118e-01,6.493502855e-02,6.074149252e-02,4.847445610e-05,4.415879403e-01,3.035207072e+01,3.162452907e-02,3.391964e-16,3.192975e-17,1.458645e-17,6.858727e-03
7.190000,7.121645860e-02,1.209103619e-01,6.459123309e-02,6.041836210e-02,4.701500158e-05,4.390875924e-01,3.042409452e+01,3.128905921e-02,1.041097e-16,5.136788e-17,3.469447e-18,6.867547e-03
7.200000,7.094665227e-02,1.202663391e-01,6.424922511e-02,6.009693584e-02,4.564824824e-05,4.365641218e-01,3.049668479e+01,3.095713172e-02,2.293119e-16,6.266210e-17,5.675257e-18,6.947336e-03
7.210000,7.067858270e-02,1.196257256e-01,6.390899583e-02,5.977720497e-02,4.437134420e-05,4.340178206e-01,3.056982999e+01,3.062870950e-02,6.681276e-16,2.576138e-17,1.435248e-17,6.900327e-03
7.220000,7.041222053e-02,1.189885037e-01,6.357053650e-02,5.945916076e-02,4.318138766e-05,4.314489958e-01,3.064351857e+01,3.030375586e-02,3.410176e-16,3.921636e-17,4.848700e-18,6.876727e-03
7.230000,7.014753672e-02,1.183546558e-01,6.323383841e-02,5.914279452e-02,4.207541787e-05,4.288579691e-01,3.071773896e+01,2.998223448e-02,5.239345e-18,4.694110e-17,3.786955e-18,6.910327e-03
7.240000,6.988450258e-02,1.177241642e-01,6.289889290e-02,5.882809762e-02,4.105040867e-05,4.262450774e-01,3.079247964e+01,2.966410940e-02,6.685250e-16,4.565022e-17,1.226635e-18,6.899727e-03
7.250000,6.962308973e-02,1.170970114e-01,6.256569132e-02,5.851506143e-02,4.010326500e-05,4.236106731e-01,3.086772908e+01,2.934934505e-02,5.555457e-16,3.064022e-17,1.173395e-17,6.868746e-03
7.260000,6.936327012e-02,1.164731801e-01,6.223422509e-02,5.820367741e-02,3.923082248e-05,4.209551237e-01,3.094347577e+01,2.903790621e-02,2.233695e-16,4.931824e-17,1.285957e-17,6.919226e-03
7.270000,6.910501605e-02,1.158526530e-01,6.190448564e-02,5.789393703e-02,3.842985049e-05,4.182788129e-01,3.101970822e+01,2.872975804e-02,2.582505e-16,3.804546e-17,7.514702e-18,6.871907e-03
7.280000,6.884830013e-02,1.152354128e-01,6.157646444e-02,5.758583180e-02,3.769705841e-05,4.155821400e-01,3.109641493e+01,2.842486605e-02,2.448611e-16,2.971980e-17,1.073305e-17,6.915656e-03
7.290000,6.859309534e-02,1.146214423e-01,6.125015303e-02,5.727935329e-02,3.702910516e-05,4.128655205e-01,3.117358447e+01,2.812319610e-02,7.779795e-16,2.499227e-17,8.867289e-18,6.854487e-03
7.300000,6.833937498e-02,1.140107246e-01,6.092554294e-02,5.697449309e-02,3.642261151e-05,4.101293861e-01,3.125120541e+01,2.782471441e-02,1.205218e-16,1.009779e-17,1.563207e-17,7.022686e-03
7.310000,6.808711269e-02,1.134032426e-01,6.060262575e-02,5.667124285e-02,3.587417488e-05,4.073741853e-01,3.132926632e+01,2.752938755e-02,6.280676e-17,2.608813e-17,8.940560e-19,6.919977e-03
7.320000,6.783628245e-02,1.127989794e-01,6.028139310e-02,5.636959423e-02,3.538038603e-05,4.046003830e-01,3.140775585e+01,2.723718242e-02,7.914409e-17,3.810859e-17,1.312556e-17,6.890606e-03
7.330000,6.758685861e-02,1.121979182e-01,5.996183664e-02,5.606953897e-02,3.493784694e-05,4.018084610e-01,3.148666264e+01,2.694806629e-02,4.458813e-16,5.983077e-17,2.710505e-18,6.879347e-03
7.340000,6.733881583e-02,1.116000424e-01,5.964394806e-02,5.577106882e-02,3.454318939e-05,3.989989184e-01,3.156597539e+01,2.666200675e-02,2.241569e-16,1.347492e-17,2.168079e-17,6.878357e-03
7.350000,6.709212914e-02,1.110053352e-01,5.932771908e-02,5.547417557e-02,3.419309347e-05,3.961722715e-01,3.164568280e+01,2.637897172e-02,4.537197e-16,5.171753e-17,5.459903e-18,6.886117e-03
7.360000,6.684677388e-02,1.104137801e-01,5.901314148e-02,5.517885107e-02,3.388430536e-05,3.933290540e-01,3.172577364e+01,2.609892946e-02,2.244952e-16,6.971903e-18,4.050914e-18,6.916156e-03
7.370000,6.660272578e-02,1.098253607e-01,5.870020704e-02,5.488508719e-02,3.361365408e-05,3.904698178e-01,3.180623670e+01,2.582184856e-02,3.383304e-16,2.774352e-17,8.023096e-18,6.866647e-03
7.380000,6.635996088e-02,1.092400605e-01,5.838890761e-02,5.459287586e-02,3.337806650e-05,3.875951323e-01,3.188706082e+01,2.554769793e-02,6.760070e-17,5.437317e-18,1.226635e-18,6.927326e-03
7.390000,6.611845559e-02,1.086578632e-01,5.807923503e-02,5.430220901e-02,3.317458045e-05,3.847055857e-01,3.196823488e+01,2.527644681e-02,5.780832e-16,1.576613e-17,2.697551e-17,6.928607e-03
7.400000,6.587818664e-02,1.080787525e-01,5.777118123e-02,5.401307866e-02,3.300035574e-05,3.818017845e-01,3.204974779e+01,2.500806473e-02,4.488153e-16,2.870702e-17,1.270692e-17,6.943907e-03
7.410000,6.563913113e-02,1.075027125e-01,5.746473812e-02,5.372547683e-02,3.285268280e-05,3.788843543e-01,3.213158852e+01,2.474252158e-02,2.264283e-16,1.226111e-17,1.413627e-17,6.966026e-03
7.420000,6.540126649e-02,1.069297269e-01,5.715989769e-02,5.343939560e-02,3.272898918e-05,3.759539396e-01,3.221374607e+01,2.447978754e-02,3.420691e-16,4.729646e-17,1.226635e-18,6.910806e-03
7.430000,6.516457050e-02,1.063597798e-01,5.685665192e-02,5.315482707e-02,3.262684380e-05,3.730112048e-01,3.229620952e+01,2.421983308e-02,3.552550e-16,4.819368e-17,1.865332e-18,6.901517e-03
7.440000,6.492902127e-02,1.057928552e-01,5.655499287e-02,5.287176340e-02,3.254395919e-05,3.700568342e-01,3.237896797e+01,2.396262901e-02,4.477902e-16,6.206587e-17,1.508561e-17,6.921797e-03
7.450000,6.469459727e-02,1.052289374e-01,5.625491259e-02,5.259019678e-02,3.247819188e-05,3.670915324e-01,3.246201057e+01,2.370814641e-02,3.392366e-16,7.606639e-17,9.697399e-18,6.934477e-03
7.460000,6.446127731e-02,1.046680106e-01,5.595640319e-02,5.231011943e-02,3.242754117e-05,3.641160248e-01,3.254532654e+01,2.345635670e-02,6.082403e-17,8.502385e-17,2.020343e-17,6.885857e-03
7.470000,6.422904052e-02,1.041100591e-01,5.565945682e-02,5.203152361e-02,3.239014644e-05,3.611310583e-01,3.262890513e+01,2.320723155e-02,2.292779e-16,8.490030e-17,3.201611e-18,6.913547e-03
7.480000,6.399786639e-02,1.035550674e-01,5.536406563e-02,5.175440162e-02,3.236428344e-05,3.581374012e-01,3.271273568e+01,2.296074296e-02,2.357669e-16,2.311519e-17,1.043090e-17,6.881706e-03
7.490000,6.376773474e-02,1.030030199e-01,5.507022184e-02,5.147874582e-02,3.234835948e-05,3.551358446e-01,3.279680756e+01,2.271686321e-02,4.516708e-16,5.009906e-17,3.998340e-18,6.917497e-03
7.500000,6.353862573e-02,1.024539012e-01,5.477791768e-02,5.120454857e-02,3.234090808e-05,3.521272020e-01,3.288111018e+01,2.247556485e-02,5.811557e-17,1.737941e-17,1.425386e-17,6.922676e-03
7.510000,6.331051984e-02,1.019076959e-01,5.448714541e-02,5.093180229e-02,3.234058293e-05,3.491123110e-01,3.296563305e+01,2.223682075e-02,2.223363e-16,2.958046e-17,1.739731e-17,6.896757e-03
7.520000,6.308339790e-02,1.013643888e-01,5.419789736e-02,5.066049943e-02,3.234615167e-05,3.460920329e-01,3.305036571e+01,2.200060403e-02,6.730941e-16,3.024482e-17,4.114258e-18,6.878606e-03
7.530000,6.285724106e-02,1.008239647e-01,5.391016584e-02,5.039063248e-02,3.235648933e-05,3.430672543e-01,3.313529776e+01,2.176688810e-02,4.710248e-16,3.156318e-17,1.408128e-17,6.892517e-03
7.540000,6.263203082e-02,1.002864084e-01,5.362394323e-02,5.012219397e-02,3.237057179e-05,3.400388874e-01,3.322041887e+01,2.153564665e-02,2.289959e-16,2.608449e-17,1.227018e-17,6.925086e-03
7.550000,6.240774897e-02,9.975170484e-02,5.333922194e-02,4.985517646e-02,3.238746922e-05,3.370078706e-01,3.330571877e+01,2.130685365e-02,5.659037e-17,4.783925e-17,1.041060e-17,6.879797e-03
7.560000,6.218437767e-02,9.921983916e-02,5.305599439e-02,4.958957256e-02,3.240633968e-05,3.339751702e-01,3.339118725e+01,2.108048332e-02,3.308752e-16,2.915965e-17,1.692050e-17,6.907667e-03
7.570000,6.196189937e-02,9.869079640e-02,5.277425305e-02,4.932537489e-02,3.242642284e-05,3.309417804e-01,3.347681417e+01,2.085651017e-02,4.772387e-17,4.317045e-17,6.048255e-18,6.917887e-03
7.580000,6.174029685e-02,9.816456176e-02,5.249399042e-02,4.906257614e-02,3.244703400e-05,3.279087247e-01,3.356258942e+01,2.063490896e-02,1.001440e-15,1.613832e-17,1.461865e-17,6.887387e-03
7.590000,6.151955322e-02,9.764112049e-02,5.221519903e-02,4.880116902e-02,3.246755833e-05,3.248770570e-01,3.364850301e+01,2.041565472e-02,2.243448e-16,3.896632e-17,9.263427e-18,6.952277e-03
7.600000,6.129965189e-02,9.712045792e-02,5.193787146e-02,4.854114626e-02,3.248744538e-05,3.218478624e-01,3.373454496e+01,2.019872273e-02,2.302679e-16,3.055840e-17,1.982875e-17,6.939796e-03
7.610000,6.108057660e-02,9.660255946e-02,5.166200028e-02,4.828250066e-02,3.250620397e-05,3.188222586e-01,3.382070540e+01,1.998408855e-02,1.877117e-16,1.274952e-17,1.468444e-17,6.950997e-03
7.620000,6.086231139e-02,9.608741059e-02,5.138757814e-02,4.802522504e-02,3.252339731e-05,3.158013969e-01,3.390697449e+01,1.977172797e-02,1.112094e-16,2.054214e-17,2.024063e-17,6.949927e-03
7.630000,6.064484062e-02,9.557499688e-02,5.111459770e-02,4.776931224e-02,3.253863849e-05,3.127864636e-01,3.399334247e+01,1.956161705e-02,4.451299e-16,5.554635e-17,6.942281e-18,6.949057e-03
7.640000,6.042814895e-02,9.506530394e-02,5.084305164e-02,4.751475515e-02,3.255158622e-05,3.097786812e-01,3.407979966e+01,1.935373209e-02,5.583737e-16,2.314410e-17,3.796937e-17,6.956416e-03
7.650000,6.021222135e-02,9.455831749e-02,5.057293269e-02,4.726154671e-02,3.256194093e-05,3.067793098e-01,3.416633642e+01,1.914804963e-02,4.530300e-16,6.717024e-18,9.825049e-18,6.958026e-03
7.660000,5.999704308e-02,9.405402330e-02,5.030423361e-02,4.700967988e-02,3.256944112e-05,3.037896484e-01,3.425294321e+01,1.894454647e-02,2.461902e-16,2.714569e-17,9.889445e-18,6.946216e-03
7.670000,5.978259972e-02,9.355240721e-02,5.003694719e-02,4.675914765e-02,3.257385998e-05,3.008110365e-01,3.433961052e+01,1.874319964e-02,1.608966e-16,8.550032e-17,7.748823e-18,6.906307e-03
7.680000,5.956887712e-02,9.305345516e-02,4.977106625e-02,4.650994305e-02,3.257500232e-05,2.978448557e-01,3.442632894e+01,1.854398642e-02,1.329796e-16,4.410066e-17,2.045669e-18,6.891357e-03
7.690000,5.935586144e-02,9.255715313e-02,4.950658363e-02,4.626205914e-02,3.257270166e-05,2.948925307e-01,3.451308911e+01,1.834688433e-02,1.309369e-16,4.147701e-17,3.119263e-17,6.873017e-03
7.700000,5.914353914e-02,9.206348719e-02,4.924349224e-02,4.601548904e-02,3.256681763e-05,2.919555317e-01,3.459988174e+01,1.815187110e-02,3.383661e-16,2.647940e-17,3.752342e-17,6.898996e-03
7.710000,5.893189694e-02,9.157244349e-02,4.898178497e-02,4.577022588e-02,3.255723358e-05,2.890353751e-01,3.468669763e+01,1.795892473e-02,6.663423e-16,5.326559e-17,1.378259e-17,6.932907e-03
7.720000,5.872092188e-02,9.108400822e-02,4.872145478e-02,4.552626283e-02,3.254385432e-05,2.861336259e-01,3.477352761e+01,1.776802341e-02,2.283978e-17,2.153172e-17,1.202829e-17,6.917177e-03
7.730000,5.851060125e-02,9.059816767e-02,4.846249464e-02,4.528359308e-02,3.252660413e-05,2.832518988e-01,3.486036260e+01,1.757914558e-02,5.605094e-16,5.691153e-17,1.116254e-17,6.947166e-03
7.740000,5.830092264e-02,9.011490819e-02,4.820489758e-02,4.504220989e-02,3.250542490e-05,2.803918599e-01,3.494719361e+01,1.739226991e-02,9.023536e-17,7.978993e-17,1.604619e-17,6.918217e-03
7.750000,5.809187390e-02,8.963421619e-02,4.794865662e-02,4.480210653e-02,3.248027444e-05,2.775552286e-01,3.503401167e+01,1.720737527e-02,2.289944e-16,1.097992e-17,2.561013e-17,6.927397e-03
7.760000,5.788344318e-02,8.915607818e-02,4.769376484e-02,4.456327630e-02,3.245112495e-05,2.747437785e-01,3.512080793e+01,1.702444078e-02,1.653484e-16,5.593330e-17,1.371419e-18,6.937147e-03
7.770000,5.767561887e-02,8.868048071e-02,4.744021534e-02,4.432571254e-02,3.241796156e-05,2.719593398e-01,3.520757357e+01,1.684344576e-02,8.899130e-16,3.051991e-17,2.315324e-17,6.936527e-03
7.780000,5.746838964e-02,8.820741041e-02,4.718800127e-02,4.408940864e-02,3.238078113e-05,2.692037999e-01,3.529429986e+01,1.666436975e-02,4.441490e-16,1.760093e-17,2.956196e-17,6.937807e-03
7.790000,5.726174443e-02,8.773685397e-02,4.693711578e-02,4.385435799e-02,3.233959101e-05,2.664791052e-01,3.538097813e+01,1.648719250e-02,2.641715e-16,8.679369e-17,1.019381e-17,6.966746e-03
7.800000,5.705567243e-02,8.726879817e-02,4.668755207e-02,4.362055404e-02,3.229440799e-05,2.637872619e-01,3.546759979e+01,1.631189398e-02,2.339954e-16,5.722375e-17,1.710292e-17,7.020567e-03
7.810000,5.685016309e-02,8.680322985e-02,4.643930337e-02,4.338799027e-02,3.224525736e-05,2.611303376e-01,3.555415630e+01,1.613845436e-02,1.128162e-16,1.720402e-17,9.484136e-18,6.947606e-03
7.820000,5.664520613e-02,8.634013590e-02,4.619236294e-02,4.315666018e-02,3.219217202e-05,2.585104616e-01,3.564063920e+01,1.596685403e-02,1.352151e-16,7.179499e-17,9.225280e-18,6.944206e-03
7.830000,5.644079151e-02,8.587950329e-02,4.594672407e-02,4.292655732e-02,3.213519164e-05,2.559298258e-01,3.572704010e+01,1.579707357e-02,9.110524e-18,5.146371e-17,8.239937e-18,6.954287e-03
7.840000,5.623690942e-02,8.542131907e-02,4.570238008e-02,4.269767525e-02,3.207436199e-05,2.533906850e-01,3.581335068e+01,1.562909378e-02,8.881833e-16,1.303581e-17,7.237405e-18,6.960667e-03
7.850000,5.603355034e-02,8.496557034e-02,4.545932432e-02,4.247000759e-02,3.200973424e-05,2.508953571e-01,3.589956269e+01,1.546289564e-02,1.812647e-16,3.695782e-17,4.558809e-18,6.920007e-03
7.860000,5.583070495e-02,8.451224427e-02,4.521755017e-02,4.224354798e-02,3.194136437e-05,2.484462223e-01,3.598566792e+01,1.529846035e-02,4.479888e-16,1.849798e-17,5.031446e-17,6.918336e-03
7.870000,5.562836418e-02,8.406132811e-02,4.497705104e-02,4.201829008e-02,3.186931264e-05,2.460457233e-01,3.607165826e+01,1.513576930e-02,2.288936e-16,5.314383e-17,3.909147e-18,6.943247e-03
7.880000,5.542651922e-02,8.361280915e-02,4.473782038e-02,4.179422761e-02,3.179364307e-05,2.436963632e-01,3.615752567e+01,1.497480406e-02,3.331235e-16,2.026053e-17,1.395381e-17,6.905347e-03
7.890000,5.522516146e-02,8.316667477e-02,4.449985166e-02,4.157135429e-02,3.171442302e-05,2.414007048e-01,3.624326215e+01,1.481554642e-02,8.919698e-16,6.341063e-17,2.258162e-17,6.916537e-03
7.900000,5.502428255e-02,8.272291241e-02,4.426313838e-02,4.134966389e-02,3.163172278e-05,2.391613677e-01,3.632885978e+01,1.465797834e-02,2.235681e-16,3.422114e-17,1.853447e-17,6.916337e-03
7.910000,5.482387433e-02,8.228150956e-02,4.402767407e-02,4.112915022e-02,3.154561518e-05,2.369810259e-01,3.641431071e+01,1.450208198e-02,3.371252e-16,3.724929e-17,2.232509e-17,6.925766e-03
7.920000,5.462392890e-02,8.184245379e-02,4.379345230e-02,4.090980710e-02,3.145617528e-05,2.348624043e-01,3.649960716e+01,1.434783969e-02,7.828130e-16,4.510106e-17,1.461422e-17,6.971626e-03
7.930000,5.442443856e-02,8.140573274e-02,4.356046666e-02,4.069162840e-02,3.136348008e-05,2.328082747e-01,3.658474140e+01,1.419523397e-02,2.280621e-16,5.418474e-17,6.523258e-18,6.928256e-03
7.940000,5.422539583e-02,8.097133410e-02,4.332871078e-02,4.047460802e-02,3.126760821e-05,2.308214507e-01,3.666970579e+01,1.404424756e-02,4.490881e-16,6.954191e-17,2.909220e-18,6.885676e-03
7.950000,5.402679344e-02,8.053924562e-02,4.309817830e-02,4.025873987e-02,3.116863973e-05,2.289047823e-01,3.675449272e+01,1.389486335e-02,6.245666e-17,2.758992e-17,4.069457e-17,6.952826e-03
7.960000,5.382862436e-02,8.010945513e-02,4.286886292e-02,4.004401792e-02,3.106665588e-05,2.270611494e-01,3.683909468e+01,1.374706439e-02,2.615766e-16,1.287288e-16,1.314749e-17,6.924797e-03
7.970000,5.363088172e-02,7.968195052e-02,4.264075834e-02,3.983043614e-02,3.096173891e-05,2.252934543e-01,3.692350421e+01,1.360083395e-02,2.220846e-16,8.155410e-17,5.472805e-18,6.940417e-03
7.980000,5.343355888e-02,7.925671973e-02,4.241385830e-02,3.961798857e-02,3.085397185e-05,2.236046139e-01,3.700771391e+01,1.345615545e-02,4.465633e-16,4.964652e-17,2.985319e-17,6.959696e-03
7.990000,5.323664942e-02,7.883375078e-02,4.218815658e-02,3.940666925e-02,3.074343840e-05,2.219975502e-01,3.709171644e+01,1.331301249e-02,5.901873e-17,3.131694e-17,2.190008e-17,6.997546e-03
8.000000,5.304014708e-02,7.841303174e-02,4.196364698e-02,3.919647225e-02,3.063022276e-05,2.204751808e-01,3.717550455e+01,1.317138884e-02,1.304022e-16,3.012913e-17,2.775642e-17,6.967937e-03
8.010000,5.284404583e-02,7.799455075e-02,4.174032332e-02,3.898739170e-02,3.051440953e-05,2.190404079e-01,3.725907101e+01,1.303126844e-02,3.415094e-16,3.927147e-17,1.708092e-17,7.017626e-03
8.020000,5.264833980e-02,7.757829600e-02,4.151817948e-02,3.877942172e-02,3.039608355e-05,2.176961069e-01,3.734240869e+01,1.289263539e-02,2.363633e-16,3.204661e-17,8.912247e-18,6.998996e-03
8.030000,5.245302334e-02,7.716425575e-02,4.129720934e-02,3.857255648e-02,3.027532980e-05,2.164451141e-01,3.742551051e+01,1.275547399e-02,5.588639e-18,2.673056e-17,6.321931e-18,6.955076e-03
8.040000,5.225809097e-02,7.675241832e-02,4.107740681e-02,3.836679020e-02,3.015223338e-05,2.152902141e-01,3.750836944e+01,1.261976867e-02,3.395546e-16,3.903476e-17,2.866992e-17,7.012626e-03
8.050000,5.206353740e-02,7.634277210e-02,4.085876584e-02,3.816211709e-02,3.002687932e-05,2.142341260e-01,3.759097852e+01,1.248550403e-02,3.420572e-16,3.571228e-17,7.477066e-18,6.936066e-03
8.060000,5.186935750e-02,7.593530552e-02,4.064128042e-02,3.795853142e-02,2.989935260e-05,2.132794898e-01,3.767333085e+01,1.235266485e-02,3.335195e-16,6.086220e-17,1.111188e-17,6.891857e-03
8.070000,5.167554635e-02,7.553000709e-02,4.042494454e-02,3.775602747e-02,2.976973802e-05,2.124288524e-01,3.775541960e+01,1.222123604e-02,2.514742e-16,4.813177e-17,1.600254e-17,6.884147e-03
8.080000,5.148209918e-02,7.512686537e-02,4.020975225e-02,3.755459957e-02,2.963812019e-05,2.116846533e-01,3.783723798e+01,1.209120271e-02,7.959854e-17,8.193901e-18,1.857533e-17,6.923676e-03
8.090000,5.128901140e-02,7.472586898e-02,3.999569759e-02,3.735424206e-02,2.950458344e-05,2.110492106e-01,3.791877927e+01,1.196255007e-02,1.593953e-16,4.788014e-17,6.677312e-18,6.896326e-03
8.100000,5.109627858e-02,7.432700660e-02,3.978277468e-02,3.715494931e-02,2.936921183e-05,2.105247074e-01,3.800003681e+01,1.183526355e-02,1.581583e-16,2.414639e-17,1.972920e-17,6.924706e-03
8.110000,5.090389648e-02,7.393026696e-02,3.957097761e-02,3.695671573e-02,2.923208905e-05,2.101131781e-01,3.808100398e+01,1.170932867e-02,5.992853e-17,5.235383e-17,1.063403e-17,6.897656e-03
8.120000,5.071186100e-02,7.353563888e-02,3.936030055e-02,3.675953577e-02,2.909329843e-05,2.098164961e-01,3.816167425e+01,1.158473116e-02,7.801724e-16,1.286323e-16,6.523258e-18,6.919996e-03
8.130000,5.052016820e-02,7.314311120e-02,3.915073767e-02,3.656340387e-02,2.895292290e-05,2.096363620e-01,3.824204111e+01,1.146145685e-02,2.308031e-16,2.867711e-17,5.150816e-18,6.987006e-03
8.140000,5.032881430e-02,7.275267284e-02,3.894228317e-02,3.636831453e-02,2.881104496e-05,2.095742930e-01,3.832209813e+01,1.133949176e-02,5.995905e-17,3.444771e-17,1.165958e-17,6.941896e-03
8.150000,5.013779569e-02,7.236431277e-02,3.873493130e-02,3.617426227e-02,2.866774668e-05,2.096316133e-01,3.840183894e+01,1.121882203e-02,2.468201e-16,2.317229e-17,1.346551e-17,6.937247e-03
8.160000,4.994710888e-02,7.197802003e-02,3.852867630e-02,3.598124164e-02,2.852310967e-05,2.098094465e-01,3.848125719e+01,1.109943395e-02,2.337074e-16,3.807893e-17,1.892515e-17,6.954587e-03
8.170000,4.975675057e-02,7.159378369e-02,3.832351247e-02,3.578924721e-02,2.837721505e-05,2.101087089e-01,3.856034662e+01,1.098131397e-02,7.778936e-16,3.802355e-17,1.283761e-17,6.963166e-03
8.180000,4.956671756e-02,7.121159291e-02,3.811943413e-02,3.559827359e-02,2.823014347e-05,2.105301050e-01,3.863910101e+01,1.086444866e-02,2.379847e-16,3.958691e-17,6.549335e-18,6.926907e-03
8.190000,4.937700683e-02,7.083143688e-02,3.791643562e-02,3.540831541e-02,2.808197510e-05,2.110741243e-01,3.871751420e+01,1.074882475e-02,3.343572e-16,3.385271e-17,7.417084e-18,6.886197e-03
8.200000,4.918761548e-02,7.045330486e-02,3.771451131e-02,3.521936732e-02,2.793278961e-05,2.117410403e-01,3.879558006e+01,1.063442910e-02,2.226850e-16,2.619740e-17,2.780466e-17,6.898796e-03
8.210000,4.899854076e-02,7.007718616e-02,3.751365561e-02,3.503142402e-02,2.778266616e-05,2.125309109e-01,3.887329254e+01,1.052124871e-02,5.640813e-16,1.365043e-17,1.342179e-17,6.923717e-03
8.220000,4.880978004e-02,6.970307016e-02,3.731386294e-02,3.484448023e-02,2.763168343e-05,2.134435810e-01,3.895064563e+01,1.040927071e-02,2.232811e-16,3.705825e-17,8.578225e-18,6.922987e-03
8.230000,4.862133084e-02,6.933094628e-02,3.711512776e-02,3.465853067e-02,2.747991959e-05,2.144786863e-01,3.902763335e+01,1.029848238e-02,5.558334e-16,3.285223e-17,4.697799e-17,7.301495e-03
8.240000,4.843319079e-02,6.896080399e-02,3.691744456e-02,3.447357012e-02,2.732745230e-05,2.156356590e-01,3.910424981e+01,1.018887112e-02,2.242325e-16,1.790999e-17,2.105140e-17,7.047256e-03
8.250000,4.824535767e-02,6.859263283e-02,3.672080783e-02,3.428959338e-02,2.717435876e-05,2.169137349e-01,3.918048913e+01,1.008042448e-02,2.393436e-16,2.736709e-17,5.213198e-18,6.897107e-03
8.260000,4.805782937e-02,6.822642239e-02,3.652521212e-02,3.410659526e-02,2.702071565e-05,2.183119617e-01,3.925634550e+01,9.973130124e-03,3.494740e-16,2.178040e-17,3.483057e-17,6.904527e-03
8.270000,4.787060390e-02,6.786216232e-02,3.633065200e-02,3.392457062e-02,2.686659917e-05,2.198292087e-01,3.933181316e+01,9.866975848e-03,4.696089e-16,2.731377e-17,1.218221e-17,6.878166e-03
8.280000,4.768367940e-02,6.749984231e-02,3.613712205e-02,3.374351434e-02,2.671208506e-05,2.214641769e-01,3.940688638e+01,9.761949582e-03,4.442937e-16,1.071640e-16,2.001315e-17,6.872457e-03
8.290000,4.749705412e-02,6.713945211e-02,3.594461690e-02,3.356342131e-02,2.655724855e-05,2.232154107e-01,3.948155949e+01,9.658039383e-03,2.273233e-16,2.914866e-17,1.644882e-17,7.000176e-03
8.300000,4.731072643e-02,6.678098153e-02,3.575313118e-02,3.338428646e-02,2.640216442e-05,2.250813091e-01,3.955582686e+01,9.555233431e-03,3.332044e-16,5.617643e-17,1.188921e-17,6.924736e-03
8.310000,4.712469481e-02,6.642442042e-02,3.556265957e-02,3.320610475e-02,2.624690700e-05,2.270601385e-01,3.962968290e+01,9.453520031e-03,1.736941e-16,3.270290e-17,2.949349e-18,6.916366e-03
8.320000,4.693895784e-02,6.606975869e-02,3.537319677e-02,3.302887116e-02,2.609155016e-05,2.291500443e-01,3.970312208e+01,9.352887613e-03,1.224069e-17,1.783867e-17,9.220182e-18,6.910757e-03
8.330000,4.675351423e-02,6.571698632e-02,3.518473751e-02,3.285258070e-02,2.593616730e-05,2.313490638e-01,3.977613889e+01,9.253324726e-03,6.662539e-16,1.259242e-17,1.174196e-17,6.931367e-03
8.340000,4.656836278e-02,6.536609330e-02,3.499727652e-02,3.267722839e-02,2.578083141e-05,2.336551381e-01,3.984872789e+01,9.154820042e-03,2.389913e-16,7.883576e-17,2.650869e-17,7.046436e-03
8.350000,4.638350239e-02,6.501706972e-02,3.481080861e-02,3.250280930e-02,2.562561503e-05,2.360661241e-01,3.992088365e+01,9.057362351e-03,2.309985e-16,2.941037e-17,8.824766e-18,7.415655e-03
8.360000,4.619893206e-02,6.466990570e-02,3.462532855e-02,3.232931851e-02,2.547059028e-05,2.385798060e-01,3.999260081e+01,8.960940562e-03,1.146629e-16,7.911685e-17,1.242819e-17,6.914097e-03
8.370000,4.601465091e-02,6.432459139e-02,3.444083120e-02,3.215675113e-02,2.531582884e-05,2.411939059e-01,4.006387404e+01,8.865543700e-03,2.415481e-16,8.013940e-17,1.820588e-17,7.145995e-03
8.380000,4.583065813e-02,6.398111703e-02,3.425731139e-02,3.198510229e-02,2.516140201e-05,2.439060948e-01,4.013469804e+01,8.771160906e-03,2.227217e-16,1.096564e-16,8.058912e-18,6.960837e-03
8.390000,4.564695301e-02,6.363947288e-02,3.407476402e-02,3.181436716e-02,2.500738065e-05,2.467140017e-01,4.020506756e+01,8.677781435e-03,2.173399e-17,3.381881e-17,6.025863e-18,7.006817e-03
8.400000,4.546353495e-02,6.329964928e-02,3.389318399e-02,3.164454091e-02,2.485383523e-05,2.496152227e-01,4.027497738e+01,8.585394656e-03,9.992870e-16,1.808086e-17,3.116775e-17,7.024717e-03
8.410000,4.528040341e-02,6.296163660e-02,3.371256623e-02,3.147561875e-02,2.470083579e-05,2.526073295e-01,4.034442233e+01,8.493990050e-03,4.586130e-16,6.481917e-17,1.129081e-17,6.995977e-03
8.420000,4.509755797e-02,6.262542525e-02,3.353290571e-02,3.130759593e-02,2.454845201e-05,2.556878764e-01,4.041339727e+01,8.403557208e-03,6.389868e-17,2.483986e-17,2.475402e-17,7.027996e-03
8.430000,4.491499826e-02,6.229100573e-02,3.335419741e-02,3.114046770e-02,2.439675314e-05,2.588544073e-01,4.048189709e+01,8.314085832e-03,2.280919e-16,3.878058e-17,1.943476e-17,7.002646e-03
8.440000,4.473272402e-02,6.195836854e-02,3.317643634e-02,3.097422934e-02,2.424580804e-05,2.621044615e-01,4.054991672e+01,8.225565731e-03,1.023548e-16,4.849618e-17,1.975153e-17,6.980477e-03
8.450000,4.455073507e-02,6.162750427e-02,3.299961753e-02,3.080887616e-02,2.409568517e-05,2.654355787e-01,4.061745113e+01,8.137986823e-03,2.221077e-16,5.166223e-17,7.059813e-18,6.988996e-03
8.460000,4.436903129e-02,6.129840353e-02,3.282373605e-02,3.064440348e-02,2.394645259e-05,2.688453038e-01,4.068449532e+01,8.051339131e-03,1.853012e-16,4.369063e-17,1.601723e-17,6.950366e-03
8.470000,4.418761265e-02,6.097105701e-02,3.264878697e-02,3.048080668e-02,2.379817794e-05,2.723311903e-01,4.075104430e+01,7.965612783e-03,4.447102e-16,8.950311e-17,5.114171e-18,7.086166e-03
8.480000,4.400647920e-02,6.064545541e-02,3.247476542e-02,3.031808112e-02,2.365092846e-05,2.758908037e-01,4.081709316e+01,7.880798014e-03,6.662312e-16,4.082465e-17,2.919304e-18,6.932267e-03
8.490000,4.382563106e-02,6.032158951e-02,3.230166653e-02,3.015622222e-02,2.350477097e-05,2.795217240e-01,4.088263698e+01,7.796885158e-03,4.441366e-16,8.104015e-17,3.503164e-18,6.912936e-03
8.500000,4.364506842e-02,5.999945013e-02,3.212948545e-02,2.999522539e-02,2.335977186e-05,2.832215473e-01,4.094767090e+01,7.713864653e-03,5.650043e-16,5.673030e-17,1.066053e-17,6.871736e-03
8.510000,4.346479153e-02,5.967902812e-02,3.195821738e-02,2.983508609e-02,2.321599707e-05,2.869878878e-01,4.101219006e+01,7.631727038e-03,3.385412e-16,2.568993e-17,2.235140e-18,6.907767e-03
8.520000,4.328480072e-02,5.936031441e-02,3.178785751e-02,2.967579980e-02,2.307351210e-05,2.908183784e-01,4.107618965e+01,7.550462951e-03,5.764184e-16,4.874631e-17,2.136979e-17,6.961317e-03
8.530000,4.310509638e-02,5.904329995e-02,3.161840110e-02,2.951736200e-02,2.293238197e-05,2.947106712e-01,4.113966488e+01,7.470063129e-03,6.684810e-16,1.933472e-17,1.840495e-17,7.065136e-03
8.540000,4.292567897e-02,5.872797575e-02,3.144984340e-02,2.935976824e-02,2.279267123e-05,2.986624381e-01,4.120261101e+01,7.390518408e-03,6.668672e-16,2.578713e-17,1.251303e-17,6.931306e-03
8.550000,4.274654901e-02,5.841433285e-02,3.128217968e-02,2.920301403e-02,2.265444390e-05,3.026713702e-01,4.126502329e+01,7.311819718e-03,2.403339e-16,9.412950e-18,1.000525e-17,6.942657e-03
8.560000,4.256770708e-02,5.810236237e-02,3.111540526e-02,2.904709497e-02,2.251776349e-05,3.067351775e-01,4.132689703e+01,7.233958087e-03,3.346117e-16,6.724707e-17,1.969432e-17,6.886297e-03
8.570000,4.238915381e-02,5.779205545e-02,3.094951548e-02,2.889200662e-02,2.238269296e-05,3.108515882e-01,4.138822754e+01,7.156924636e-03,2.241078e-16,3.155655e-17,1.115530e-17,6.874907e-03
8.580000,4.221088989e-02,5.748340328e-02,3.078450567e-02,2.873774462e-02,2.224929468e-05,3.150183479e-01,4.144901019e+01,7.080710582e-03,8.972860e-16,3.373055e-17,1.756274e-17,7.112666e-03
8.590000,4.203291609e-02,5.717639710e-02,3.062037124e-02,2.858430459e-02,2.211763041e-05,3.192332180e-01,4.150924033e+01,7.005307232e-03,5.606059e-16,6.785185e-17,1.239030e-17,6.851997e-03
8.600000,4.185523319e-02,5.687102819e-02,3.045710757e-02,2.843168219e-02,2.198776128e-05,3.234939750e-01,4.156891336e+01,6.930705987e-03,4.460369e-16,4.337711e-17,2.502911e-17,6.870296e-03
8.610000,4.167784206e-02,5.656728789e-02,3.029471010e-02,2.827987311e-02,2.185974774e-05,3.277984086e-01,4.162802472e+01,6.856898337e-03,2.551914e-16,3.938222e-17,1.451536e-17,6.908947e-03
8.620000,4.150074361e-02,5.626516756e-02,3.013317427e-02,2.812887304e-02,2.173364952e-05,3.321443205e-01,4.168656983e+01,6.783875863e-03,2.227234e-16,8.743794e-17,1.613532e-17,6.973626e-03
8.630000,4.132393878e-02,5.596465863e-02,2.997249557e-02,2.797867771e-02,2.160952559e-05,3.365295226e-01,4.174454418e+01,6.711630233e-03,2.494298e-16,4.351770e-17,1.299053e-17,6.931486e-03
8.640000,4.114742858e-02,5.566575256e-02,2.981266948e-02,2.782928287e-02,2.148743413e-05,3.409518355e-01,4.180194325e+01,6.640153207e-03,1.009732e-15,3.625503e-17,2.373190e-17,7.409565e-03
8.650000,4.097121405e-02,5.536844086e-02,2.965369154e-02,2.768068429e-02,2.136743248e-05,3.454090867e-01,4.185876255e+01,6.569436627e-03,5.193110e-16,4.587843e-17,8.318205e-18,6.899766e-03
8.660000,4.079529629e-02,5.507271508e-02,2.949555728e-02,2.753287776e-02,2.124957708e-05,3.498991090e-01,4.191499761e+01,6.499472424e-03,2.619982e-16,3.788736e-17,4.051276e-18,6.952016e-03
8.670000,4.061967644e-02,5.477856682e-02,2.933826228e-02,2.738585909e-02,2.113392343e-05,3.544197385e-01,4.197064399e+01,6.430252615e-03,6.667165e-16,2.527757e-17,1.729736e-17,6.937356e-03
8.680000,4.044435566e-02,5.448598772e-02,2.918180212e-02,2.723962412e-02,2.102052600e-05,3.589688134e-01,4.202569727e+01,6.361769298e-03,2.169428e-17,6.774756e-17,2.214110e-17,6.944666e-03
8.690000,4.026933518e-02,5.419496947e-02,2.902617241e-02,2.709416869e-02,2.090943825e-05,3.635441720e-01,4.208015303e+01,6.294014658e-03,4.563832e-16,2.976447e-17,4.011548e-18,6.939387e-03
8.700000,4.009461624e-02,5.390550378e-02,2.887136881e-02,2.694948870e-02,2.080071250e-05,3.681436510e-01,4.213400690e+01,6.226980960e-03,2.837033e-16,1.508412e-17,8.244393e-18,6.849866e-03
8.710000,3.992020014e-02,5.361758244e-02,2.871738695e-02,2.680558004e-02,2.069439988e-05,3.727650841e-01,4.218725451e+01,6.160660553e-03,8.897545e-16,2.526540e-17,1.017895e-17,6.863297e-03
8.720000,3.974608821e-02,5.333119725e-02,2.856422253e-02,2.666243862e-02,2.059055031e-05,3.774063007e-01,4.223989151e+01,6.095045863e-03,2.675095e-16,3.218466e-17,6.724020e-18,6.904127e-03
8.730000,3.957228180e-02,5.304634007e-02,2.841187125e-02,2.652006040e-02,2.048921236e-05,3.820651238e-01,4.229191358e+01,6.030129401e-03,2.790090e-17,5.080916e-17,7.816037e-18,6.942446e-03
8.740000,3.939878231e-02,5.276300280e-02,2.826032884e-02,2.637844132e-02,2.039043326e-05,3.867393693e-01,4.234331640e+01,5.965903753e-03,2.563085e-16,2.336468e-17,1.249716e-17,6.941936e-03
8.750000,3.922559116e-02,5.248117738e-02,2.810959104e-02,2.623757738e-02,2.029425876e-05,3.914268445e-01,4.239409571e+01,5.902361585e-03,6.956158e-16,3.667261e-17,1.167117e-17,6.935296e-03
8.760000,3.905270982e-02,5.220085578e-02,2.795965363e-02,2.609746458e-02,2.020073313e-05,3.961253468e-01,4.244424721e+01,5.839495641e-03,4.632498e-16,4.004027e-17,1.255816e-17,6.938927e-03
8.770000,3.888013976e-02,5.192203004e-02,2.781051241e-02,2.595809894e-02,2.010989901e-05,4.008326625e-01,4.249376667e+01,5.777298741e-03,4.450423e-16,1.553510e-17,6.627172e-18,6.953326e-03
8.780000,3.870788249e-02,5.164469222e-02,2.766216318e-02,2.581947651e-02,2.002179740e-05,4.055465662e-01,4.254264985e+01,5.715763780e-03,2.257560e-16,3.835401e-17,1.280093e-17,6.947476e-03
8.790000,3.853593956e-02,5.136883442e-02,2.751460178e-02,2.568159335e-02,1.993646755e-05,4.102648197e-01,4.259089255e+01,5.654883730e-03,5.565443e-16,4.059704e-17,2.827253e-18,7.019217e-03
8.800000,3.836431254e-02,5.109444880e-02,2.736782408e-02,2.554444554e-02,1.985394690e-05,4.149851709e-01,4.263849058e+01,5.594651636e-03,5.558376e-17,5.083495e-17,1.348078e-17,6.950376e-03
8.810000,3.819300300e-02,5.082152753e-02,2.722182595e-02,2.540802920e-02,1.977427099e-05,4.197053539e-01,4.268543975e+01,5.535060616e-03,5.551484e-16,4.939686e-17,2.041131e-17,6.942657e-03
8.820000,3.802201256e-02,5.055006286e-02,2.707660330e-02,2.527234045e-02,1.969747340e-05,4.244230876e-01,4.273173593e+01,5.476103863e-03,1.473509e-16,4.263330e-17,1.019208e-17,6.923917e-03
8.830000,3.785134285e-02,5.028004704e-02,2.693215205e-02,2.513737544e-02,1.962358569e-05,4.291360758e-01,4.277737497e+01,5.417774638e-03,2.632748e-16,3.075625e-17,8.218689e-18,6.932457e-03
8.840000,3.768099554e-02,5.001147240e-02,2.678846815e-02,2.500313032e-02,1.955263727e-05,4.338420069e-01,4.282235278e+01,5.360066278e-03,2.306020e-16,1.364892e-17,1.085557e-18,6.926287e-03
8.850000,3.751097229e-02,4.974433127e-02,2.664554757e-02,2.486960129e-02,1.948465540e-05,4.385385533e-01,4.286666525e+01,5.302972188e-03,2.651137e-16,1.596479e-17,4.123177e-18,6.929296e-03
8.860000,3.734127480e-02,4.947861605e-02,2.650338629e-02,2.473678456e-02,1.941966508e-05,4.432233718e-01,4.291030834e+01,5.246485841e-03,5.566377e-16,2.948501e-17,1.816839e-17,6.890917e-03
8.870000,3.717190477e-02,4.921431917e-02,2.636198032e-02,2.460467634e-02,1.935768897e-05,4.478941033e-01,4.295327798e+01,5.190600782e-03,2.368491e-16,4.152771e-17,6.746491e-18,6.912916e-03
8.880000,3.700286394e-02,4.895143309e-02,2.622132569e-02,2.447327288e-02,1.929874735e-05,4.525483733e-01,4.299557016e+01,5.135310624e-03,1.195144e-16,1.284574e-17,6.114218e-18,6.874256e-03
8.890000,3.683415404e-02,4.868995033e-02,2.608141846e-02,2.434257045e-02,1.924285807e-05,4.571837922e-01,4.303718088e+01,5.080609045e-03,4.452944e-16,7.982184e-17,8.459556e-18,6.919646e-03
8.900000,3.666577684e-02,4.842986342e-02,2.594225469e-02,2.421256532e-02,1.919003644e-05,4.617979553e-01,4.307810617e+01,5.026489792e-03,5.634017e-16,6.451049e-17,1.085557e-18,6.964096e-03
8.910000,3.649773411e-02,4.817116496e-02,2.580383049e-02,2.408325381e-02,1.914029524e-05,4.663884439e-01,4.311834207e+01,4.972946678e-03,3.598350e-16,2.342780e-17,5.443731e-18,6.911586e-03
8.920000,3.633002762e-02,4.791384757e-02,2.566614195e-02,2.395463223e-02,1.909364459e-05,4.709528260e-01,4.315788468e+01,4.919973581e-03,2.368012e-16,7.341731e-18,9.763992e-18,6.967526e-03
8.930000,3.616265918e-02,4.765790390e-02,2.552918522e-02,2.382669693e-02,1.905009199e-05,4.754886566e-01,4.319673010e+01,4.867564444e-03,2.623076e-16,4.503127e-17,1.236478e-17,6.934396e-03
8.940000,3.599563059e-02,4.740332667e-02,2.539295646e-02,2.369944426e-02,1.900964221e-05,4.799934793e-01,4.323487446e+01,4.815713274e-03,1.230477e-17,2.480176e-17,1.465118e-17,6.967576e-03
8.950000,3.582894367e-02,4.715010861e-02,2.525745182e-02,2.357287059e-02,1.897229728e-05,4.844648270e-01,4.327231392e+01,4.764414140e-03,4.525228e-16,2.521991e-17,2.323964e-17,6.925727e-03
8.960000,3.566260023e-02,4.689824249e-02,2.512266752e-02,2.344697234e-02,1.893805646e-05,4.889002233e-01,4.330904468e+01,4.713661177e-03,4.472318e-16,6.060166e-17,8.069844e-18,6.909796e-03
8.970000,3.549660212e-02,4.664772113e-02,2.498859976e-02,2.332174591e-02,1.890691621e-05,4.932971838e-01,4.334506298e+01,4.663448579e-03,2.356082e-16,1.715155e-17,1.009939e-17,6.919616e-03
8.980000,3.533095117e-02,4.639853737e-02,2.485524478e-02,2.319718774e-02,1.887887016e-05,4.976532175e-01,4.338036506e+01,4.613770602e-03,1.879303e-16,6.658527e-17,1.432625e-17,6.877907e-03
8.990000,3.516564924e-02,4.615068412e-02,2.472259883e-02,2.307329429e-02,1.885390911e-05,5.019658284e-01,4.341494723e+01,4.564621564e-03,2.374513e-16,2.677760e-17,4.954223e-18,6.915796e-03
9.000000,3.500069816e-02,4.590415429e-02,2.459065820e-02,2.295006201e-02,1.883202102e-05,5.062325175e-01,4.344880582e+01,4.515995844e-03,1.439418e-16,1.418879e-17,1.328977e-18,6.913157e-03
9.010000,3.483609980e-02,4.565894084e-02,2.445941916e-02,2.282748741e-02,1.881319098e-05,5.104507841e-01,4.348193720e+01,4.467887876e-03,4.944099e-17,5.651664e-18,1.297707e-17,6.892816e-03
9.020000,3.467185603e-02,4.541503678e-02,2.432887804e-02,2.270556699e-02,1.879740126e-05,5.146181281e-01,4.351433778e+01,4.420292158e-03,6.721072e-16,3.586858e-17,8.711650e-18,6.916747e-03
9.030000,3.450796870e-02,4.517243514e-02,2.419903117e-02,2.258429727e-02,1.878463128e-05,5.187320520e-01,4.354600400e+01,4.373203244e-03,8.886134e-16,4.361338e-17,5.466626e-18,6.939966e-03
9.040000,3.434443968e-02,4.493112898e-02,2.406987490e-02,2.246367480e-02,1.877485766e-05,5.227900628e-01,4.357693237e+01,4.326615745e-03,1.144920e-16,2.531780e-17,1.698992e-17,6.883456e-03
9.050000,3.418127084e-02,4.469111143e-02,2.394140561e-02,2.234369615e-02,1.876805421e-05,5.267896748e-01,4.360711943e+01,4.280524330e-03,2.444847e-16,5.436531e-17,1.670525e-17,6.887176e-03
9.060000,3.401846405e-02,4.445237561e-02,2.381361968e-02,2.222435788e-02,1.876419197e-05,5.307284113e-01,4.363656175e+01,4.234923725e-03,1.263180e-16,4.455072e-17,1.406833e-17,6.911106e-03
9.070000,3.385602118e-02,4.421491472e-02,2.368651352e-02,2.210565661e-02,1.876323927e-05,5.346038073e-01,4.366525598e+01,4.189808710e-03,2.221809e-16,2.794591e-17,7.827497e-18,6.904796e-03
9.080000,3.369394409e-02,4.397872197e-02,2.356008356e-02,2.198758893e-02,1.876516174e-05,5.384134122e-01,4.369319879e+01,4.145174122e-03,4.642454e-16,2.458834e-17,4.713786e-18,6.910437e-03
9.090000,3.353223467e-02,4.374379060e-02,2.343432626e-02,2.187015149e-02,1.876992235e-05,5.421547922e-01,4.372038692e+01,4.101014853e-03,4.443662e-16,5.991520e-18,1.302171e-18,6.913416e-03
9.100000,3.337089477e-02,4.351011390e-02,2.330923807e-02,2.175334094e-02,1.877748150e-05,5.458255328e-01,4.374681717e+01,4.057325847e-03,3.394577e-16,1.693661e-17,2.577119e-18,6.983236e-03
9.110000,3.320992626e-02,4.327768519e-02,2.318481548e-02,2.163715394e-02,1.878779704e-05,5.494232419e-01,4.377248638e+01,4.014102104e-03,1.201717e-16,4.128666e-17,1.924581e-17,6.913186e-03
9.120000,3.304933100e-02,4.304649783e-02,2.306105499e-02,2.152158718e-02,1.880082437e-05,5.529455525e-01,4.379739145e+01,3.971338674e-03,5.602390e-16,2.170454e-17,5.416944e-18,6.918707e-03
9.130000,3.288911085e-02,4.281654521e-02,2.293795314e-02,2.140663736e-02,1.881651645e-05,5.563901253e-01,4.382152935e+01,3.929030662e-03,3.332660e-16,1.423626e-17,4.645968e-18,6.931907e-03
9.140000,3.272926766e-02,4.258782074e-02,2.281550645e-02,2.129230119e-02,1.883482394e-05,5.597546520e-01,4.384489711e+01,3.887173225e-03,4.487719e-16,1.596785e-17,3.104683e-18,6.966466e-03
9.150000,3.256980328e-02,4.236031790e-02,2.269371148e-02,2.117857542e-02,1.885569522e-05,5.630368577e-01,4.386749183e+01,3.845761569e-03,4.447185e-16,4.684821e-17,2.035559e-17,6.961647e-03
9.160000,3.241071956e-02,4.213403017e-02,2.257256481e-02,2.106545680e-02,1.887907648e-05,5.662345044e-01,4.388931066e+01,3.804790953e-03,1.614196e-16,1.877072e-17,2.528772e-18,6.912377e-03
9.170000,3.225201834e-02,4.190895108e-02,2.245206304e-02,2.095294209e-02,1.890491184e-05,5.693453938e-01,4.391035083e+01,3.764256685e-03,8.952598e-16,4.119126e-17,7.006539e-18,6.912567e-03
9.180000,3.209370144e-02,4.168507420e-02,2.233220277e-02,2.084102809e-02,1.893314338e-05,5.723673701e-01,4.393060964e+01,3.724154124e-03,4.441052e-16,1.958948e-17,3.249443e-18,6.937207e-03
9.190000,3.193577069e-02,4.146239310e-02,2.221298064e-02,2.072971160e-02,1.896371126e-05,5.752983232e-01,4.395008448e+01,3.684478676e-03,2.324330e-16,3.671373e-17,1.430859e-17,6.898207e-03
9.200000,3.177822791e-02,4.124090143e-02,2.209439330e-02,2.061898944e-02,1.899655381e-05,5.781361918e-01,4.396877278e+01,3.645225797e-03,4.475590e-16,4.000783e-17,2.152251e-18,6.895847e-03
9.210000,3.162107491e-02,4.102059285e-02,2.197643740e-02,2.050885844e-02,1.903160761e-05,5.808789660e-01,4.398667207e+01,3.606390993e-03,5.560761e-16,2.669508e-17,1.523162e-17,6.923157e-03
9.220000,3.146431350e-02,4.080146104e-02,2.185910964e-02,2.039931546e-02,1.906880757e-05,5.835246908e-01,4.400377997e+01,3.567969814e-03,8.006572e-16,3.235642e-17,3.026192e-18,6.914987e-03
9.230000,3.130794545e-02,4.058349974e-02,2.174240670e-02,2.029035736e-02,1.910808708e-05,5.860714686e-01,4.402009415e+01,3.529957861e-03,1.532431e-16,7.306656e-17,5.418842e-18,6.914236e-03
9.240000,3.115197256e-02,4.036670271e-02,2.162632531e-02,2.018198104e-02,1.914937802e-05,5.885174623e-01,4.403561240e+01,3.492350777e-03,7.017924e-17,2.379372e-17,2.622335e-18,6.920266e-03
9.250000,3.099639659e-02,4.015106374e-02,2.151086221e-02,2.007418340e-02,1.919261094e-05,5.908608980e-01,4.405033258e+01,3.455144256e-03,2.319977e-16,1.441849e-17,1.302197e-17,6.929456e-03
9.260000,3.084121932e-02,3.993657665e-02,2.139601414e-02,1.996696135e-02,1.923771509e-05,5.931000682e-01,4.406425262e+01,3.418334036e-03,6.705346e-16,2.266372e-17,1.876523e-18,6.943916e-03
9.270000,3.068644249e-02,3.972323530e-02,2.128177786e-02,1.986031183e-02,1.928461856e-05,5.952333338e-01,4.407737057e+01,3.381915897e-03,2.374791e-16,1.889433e-17,1.993281e-18,6.917706e-03
9.280000,3.053206784e-02,3.951103359e-02,2.116815018e-02,1.975423179e-02,1.933324836e-05,5.972591276e-01,4.408968455e+01,3.345885670e-03,5.556630e-16,2.185281e-17,4.224564e-18,6.959986e-03
9.290000,3.037809711e-02,3.929996544e-02,2.105512787e-02,1.964871819e-02,1.938353050e-05,5.991759561e-01,4.410119280e+01,3.310239224e-03,7.814991e-16,8.026004e-18,9.247075e-18,7.004416e-03
9.300000,3.022453201e-02,3.909002479e-02,2.094270778e-02,1.954376803e-02,1.943539011e-05,6.009824024e-01,4.411189361e+01,3.274972476e-03,2.308987e-16,2.930218e-17,9.590900e-18,6.947077e-03
9.310000,3.007137425e-02,3.888120564e-02,2.083088672e-02,1.943937829e-02,1.948875153e-05,6.026771287e-01,4.412178542e+01,3.240081385e-03,2.310294e-16,3.646781e-17,9.628706e-18,6.964026e-03
9.320000,2.991862551e-02,3.867350200e-02,2.071966155e-02,1.933554599e-02,1.954353836e-05,6.042588781e-01,4.413086672e+01,3.205561952e-03,2.393086e-16,4.663456e-17,1.051735e-17,6.924087e-03
9.330000,2.976628749e-02,3.846690792e-02,2.060902914e-02,1.923226816e-02,1.959967363e-05,6.057264771e-01,4.413913615e+01,3.171410222e-03,2.312565e-16,2.109219e-17,2.677782e-18,6.933206e-03
9.340000,2.961436184e-02,3.826141749e-02,2.049898636e-02,1.912954184e-02,1.965707980e-05,6.070788375e-01,4.414659239e+01,3.137622281e-03,1.113435e-16,1.515738e-17,1.685097e-18,6.925807e-03
9.350000,2.946285022e-02,3.805702480e-02,2.038953012e-02,1.902736410e-02,1.971567894e-05,6.083149584e-01,4.415323429e+01,3.104194256e-03,2.296419e-16,2.785028e-17,1.498917e-17,6.923996e-03
9.360000,2.931175427e-02,3.785372402e-02,2.028065734e-02,1.892573201e-02,1.977539273e-05,6.094339278e-01,4.415906074e+01,3.071122317e-03,2.539793e-16,1.680489e-17,1.090109e-17,6.932246e-03
9.370000,2.916107561e-02,3.765150930e-02,2.017236494e-02,1.882464267e-02,1.983614260e-05,6.104349242e-01,4.416407079e+01,3.038402673e-03,3.875759e-16,8.295022e-18,6.813458e-18,6.937326e-03
9.380000,2.901081585e-02,3.745037485e-02,2.006464987e-02,1.872409317e-02,1.989784981e-05,6.113172183e-01,4.416826357e+01,3.006031574e-03,3.957121e-17,2.826928e-17,1.386002e-17,6.903236e-03
9.390000,2.886097658e-02,3.725031491e-02,1.995750910e-02,1.862408064e-02,1.996043549e-05,6.120801742e-01,4.417163830e+01,2.974005310e-03,4.505644e-16,1.418581e-17,1.085262e-17,6.907176e-03
9.400000,2.871155940e-02,3.705132374e-02,1.985093959e-02,1.852460222e-02,2.002382076e-05,6.127232503e-01,4.417419434e+01,2.942320209e-03,5.564846e-16,2.314159e-17,1.624577e-17,6.920726e-03
9.410000,2.856256585e-02,3.685339564e-02,1.974493835e-02,1.842565506e-02,2.008792681e-05,6.132460006e-01,4.417593115e+01,2.910972639e-03,2.384266e-16,2.863331e-17,1.288654e-17,6.902146e-03
9.420000,2.841399749e-02,3.665652493e-02,1.963950238e-02,1.832723633e-02,2.015267495e-05,6.136480756e-01,4.417684828e+01,2.879959008e-03,2.247795e-16,2.546554e-17,1.688582e-18,6.891927e-03
9.430000,2.826585585e-02,3.646070597e-02,1.953462871e-02,1.822934320e-02,2.021798669e-05,6.139292225e-01,4.417694542e+01,2.849275759e-03,4.444816e-16,1.813460e-17,1.506185e-17,6.884716e-03
9.440000,2.811814245e-02,3.626593314e-02,1.943031437e-02,1.813197288e-02,2.028378381e-05,6.140892861e-01,4.417622233e+01,2.818919375e-03,5.558242e-16,1.533058e-17,4.538215e-18,6.924007e-03
9.450000,2.797085878e-02,3.607220085e-02,1.932655642e-02,1.803512258e-02,2.034998846e-05,6.141282090e-01,4.417467893e+01,2.788886377e-03,2.374804e-16,4.653926e-17,1.878255e-17,6.919826e-03
9.460000,2.782400633e-02,3.587950356e-02,1.922335193e-02,1.793878952e-02,2.041652319e-05,6.140460316e-01,4.417231520e+01,2.759173320e-03,2.462802e-16,3.608989e-17,6.934287e-18,6.916447e-03
9.470000,2.767758657e-02,3.568783573e-02,1.912069798e-02,1.784297095e-02,2.048331102e-05,6.138428921e-01,4.416913127e+01,2.729776799e-03,8.894597e-16,3.310072e-17,5.463198e-18,6.933946e-03
9.480000,2.753160094e-02,3.549719186e-02,1.901859167e-02,1.774766411e-02,2.055027554e-05,6.135190266e-01,4.416512736e+01,2.700693443e-03,2.253859e-16,3.048718e-17,2.098323e-18,6.960186e-03
9.490000,2.738605087e-02,3.530756650e-02,1.891703011e-02,1.765286628e-02,2.061734091e-05,6.130747681e-01,4.416030379e+01,2.671919917e-03,4.444116e-16,1.248096e-17,1.285923e-17,6.973406e-03
9.500000,2.724093777e-02,3.511895419e-02,1.881601043e-02,1.755857474e-02,2.068443200e-05,6.125105467e-01,4.415466102e+01,2.643452923e-03,3.330815e-16,8.686578e-18,5.083697e-18,7.024166e-03
9.510000,2.709626305e-02,3.493134954e-02,1.871552978e-02,1.746478680e-02,2.075147438e-05,6.118268880e-01,4.414819958e+01,2.615289196e-03,4.461318e-16,2.112164e-17,1.321760e-17,6.973506e-03
9.520000,2.695202808e-02,3.474474715e-02,1.861558530e-02,1.737149976e-02,2.081839440e-05,6.110244131e-01,4.414092015e+01,2.587425506e-03,1.213595e-16,2.280877e-17,1.049564e-17,6.951487e-03
9.530000,2.680823422e-02,3.455914167e-02,1.851617417e-02,1.727871095e-02,2.088511927e-05,6.101038369e-01,4.413282348e+01,2.559858659e-03,2.136858e-16,5.494485e-17,7.082463e-18,6.932017e-03
9.540000,2.666488280e-02,3.437452779e-02,1.841729358e-02,1.718641771e-02,2.095157708e-05,6.090659669e-01,4.412391045e+01,2.532585494e-03,4.478196e-16,1.399032e-17,5.174226e-18,6.911467e-03
9.550000,2.652197516e-02,3.419090020e-02,1.831894073e-02,1.709461741e-02,2.101769686e-05,6.079117024e-01,4.411418203e+01,2.505602883e-03,2.227914e-16,1.770599e-17,3.232782e-18,6.896606e-03
9.560000,2.637951259e-02,3.400825363e-02,1.822111282e-02,1.700330740e-02,2.108340865e-05,6.066420322e-01,4.410363931e+01,2.478907732e-03,4.451556e-16,3.071824e-17,5.633745e-18,6.918926e-03
9.570000,2.623749639e-02,3.382658285e-02,1.812380708e-02,1.691248507e-02,2.114864353e-05,6.052580336e-01,4.409228347e+01,2.452496979e-03,1.176865e-16,6.995061e-18,1.947230e-18,6.896687e-03
9.580000,2.609592781e-02,3.364588264e-02,1.802702076e-02,1.682214782e-02,2.121333367e-05,6.037608702e-01,4.408011579e+01,2.426367596e-03,3.657309e-16,3.003916e-17,4.212024e-18,6.889126e-03
9.590000,2.595480811e-02,3.346614782e-02,1.793075111e-02,1.673229306e-02,2.127741239e-05,6.021517899e-01,4.406713767e+01,2.400516587e-03,3.729874e-17,1.079876e-17,2.121522e-17,6.914137e-03
9.600000,2.581413851e-02,3.328737323e-02,1.783499541e-02,1.664291821e-02,2.134081418e-05,6.004321232e-01,4.405335058e+01,2.374940986e-03,1.110461e-16,3.835963e-17,1.550561e-17,6.917867e-03
9.610000,2.567392021e-02,3.310955374e-02,1.773975092e-02,1.655402071e-02,2.140347476e-05,5.986032807e-01,4.403875612e+01,2.349637860e-03,2.229666e-16,1.977506e-17,7.944741e-18,6.889467e-03
9.620000,2.553415442e-02,3.293268425e-02,1.764501495e-02,1.646559802e-02,2.146533113e-05,5.966667509e-01,4.402335596e+01,2.324604308e-03,4.449558e-16,8.211155e-18,1.525338e-17,6.968617e-03
9.630000,2.539484230e-02,3.275675969e-02,1.755078480e-02,1.637764760e-02,2.152632160e-05,5.946240979e-01,4.400715187e+01,2.299837458e-03,2.734445e-16,3.348167e-17,1.564563e-17,6.921726e-03
9.640000,2.525598499e-02,3.258177500e-02,1.745705781e-02,1.629016693e-02,2.158638582e-05,5.924769585e-01,4.399014571e+01,2.275334470e-03,3.393077e-16,3.329808e-17,3.619108e-18,6.950686e-03
9.650000,2.511758364e-02,3.240772517e-02,1.736383130e-02,1.620315350e-02,2.164546483e-05,5.902270405e-01,4.397233945e+01,2.251092533e-03,1.458819e-16,1.939598e-17,3.968554e-18,6.925986e-03
9.660000,2.497963934e-02,3.223460520e-02,1.727110262e-02,1.611660482e-02,2.170350110e-05,5.878761188e-01,4.395373513e+01,2.227108867e-03,8.883215e-16,2.972301e-17,7.213459e-18,6.937876e-03
9.670000,2.484215319e-02,3.206241012e-02,1.717886914e-02,1.603051840e-02,2.176043854e-05,5.854260339e-01,4.393433487e+01,2.203380722e-03,4.502405e-16,6.539103e-17,5.779926e-18,6.965827e-03
9.680000,2.470512626e-02,3.189113499e-02,1.708712824e-02,1.594489178e-02,2.181622259e-05,5.828786883e-01,4.391414090e+01,2.179905374e-03,3.534076e-16,2.252543e-17,1.748310e-17,6.991546e-03
9.690000,2.456855960e-02,3.172077490e-02,1.699587729e-02,1.585972251e-02,2.187080018e-05,5.802360439e-01,4.389315550e+01,2.156680133e-03,5.749767e-16,4.151327e-17,8.425618e-18,7.005676e-03
9.700000,2.443245424e-02,3.155132496e-02,1.690511371e-02,1.577500814e-02,2.192411980e-05,5.775001192e-01,4.387138105e+01,2.133702334e-03,7.789063e-16,1.646134e-17,1.416140e-17,6.975997e-03
9.710000,2.429681119e-02,3.138278031e-02,1.681483490e-02,1.569074624e-02,2.197613155e-05,5.746729865e-01,4.384882002e+01,2.110969340e-03,2.304276e-16,2.006238e-17,9.893345e-18,6.962226e-03
9.720000,2.416163144e-02,3.121513610e-02,1.672503830e-02,1.560693440e-02,2.202678712e-05,5.717567684e-01,4.382547492e+01,2.088478546e-03,1.146794e-16,2.879659e-17,1.046947e-17,6.961546e-03
9.730000,2.402691596e-02,3.104838754e-02,1.663572135e-02,1.552357022e-02,2.207603985e-05,5.687536358e-01,4.380134837e+01,2.066227371e-03,8.803796e-17,1.288584e-17,8.906351e-18,6.953586e-03
9.740000,2.389266570e-02,3.088252983e-02,1.654688149e-02,1.544065131e-02,2.212384475e-05,5.656658039e-01,4.377644304e+01,2.044213262e-03,2.335722e-16,1.403838e-17,4.580995e-18,6.951117e-03
9.750000,2.375888158e-02,3.071755822e-02,1.645851620e-02,1.535817528e-02,2.217015851e-05,5.624955300e-01,4.375076168e+01,2.022433694e-03,3.745970e-16,3.346676e-17,1.895479e-17,6.957066e-03
9.760000,2.362556453e-02,3.055346798e-02,1.637062295e-02,1.527613978e-02,2.221493956e-05,5.592451103e-01,4.372430711e+01,2.000886170e-03,1.120568e-16,2.029732e-17,1.673504e-18,6.941396e-03
9.770000,2.349271541e-02,3.039025438e-02,1.628319924e-02,1.519454246e-02,2.225814802e-05,5.559168769e-01,4.369708219e+01,1.979568217e-03,5.030746e-17,4.145674e-17,7.436473e-18,6.916896e-03
9.780000,2.336033511e-02,3.022791276e-02,1.619624256e-02,1.511338097e-02,2.229974582e-05,5.525131950e-01,4.366908987e+01,1.958477390e-03,2.303875e-16,7.484326e-17,4.841497e-18,6.940236e-03
9.790000,2.322842447e-02,3.006643846e-02,1.610975044e-02,1.503265299e-02,2.233969662e-05,5.490364603e-01,4.364033316e+01,1.937611270e-03,2.255964e-16,6.657403e-18,1.202463e-17,6.949116e-03
9.800000,2.309698432e-02,2.990582684e-02,1.602372039e-02,1.495235620e-02,2.237796589e-05,5.454890954e-01,4.361081511e+01,1.916967462e-03,4.483772e-16,1.942455e-17,2.850158e-18,6.943736e-03
9.810000,2.296601545e-02,2.974607328e-02,1.593814997e-02,1.487248831e-02,2.241452092e-05,5.418735481e-01,4.358053884e+01,1.896543600e-03,5.884469e-17,5.500724e-17,1.851116e-17,6.925937e-03
9.820000,2.283551867e-02,2.958717322e-02,1.585303673e-02,1.479304702e-02,2.244933080e-05,5.381922878e-01,4.354950753e+01,1.876337340e-03,4.444281e-16,2.804720e-17,1.152653e-17,6.925017e-03
9.830000,2.270549472e-02,2.942912210e-02,1.576837822e-02,1.471403006e-02,2.248236648e-05,5.344478034e-01,4.351772439e+01,1.856346364e-03,1.573176e-16,3.970783e-17,1.194112e-17,6.969676e-03
9.840000,2.257594437e-02,2.927191536e-02,1.568417204e-02,1.463543516e-02,2.251360073e-05,5.306426004e-01,4.348519270e+01,1.836568379e-03,2.230184e-16,9.872067e-18,1.274183e-17,6.981567e-03
9.850000,2.244686833e-02,2.911554852e-02,1.560041576e-02,1.455726006e-02,2.254300820e-05,5.267791987e-01,4.345191579e+01,1.817001116e-03,4.521510e-16,5.569042e-17,1.271739e-17,6.991666e-03
9.860000,2.231826731e-02,2.896001708e-02,1.551710699e-02,1.447950254e-02,2.257056539e-05,5.228601298e-01,4.341789702e+01,1.797642330e-03,4.455462e-16,2.130320e-17,1.254324e-17,6.982496e-03
9.870000,2.219014199e-02,2.880531658e-02,1.543424334e-02,1.440216035e-02,2.259625070e-05,5.188879351e-01,4.338313980e+01,1.778489801e-03,6.663830e-16,3.731952e-17,2.375147e-17,6.977186e-03
9.880000,2.206249303e-02,2.865144258e-02,1.535182245e-02,1.432523129e-02,2.262004438e-05,5.148651629e-01,4.334764759e+01,1.759541332e-03,7.771642e-16,3.372799e-17,1.597647e-17,7.000406e-03
9.890000,2.193532108e-02,2.849839067e-02,1.526984194e-02,1.424871315e-02,2.264192859e-05,5.107943668e-01,4.331142389e+01,1.740794748e-03,2.337768e-16,1.710533e-17,1.468486e-17,6.977067e-03
9.900000,2.180862676e-02,2.834615645e-02,1.518829946e-02,1.417260373e-02,2.266188738e-05,5.066781036e-01,4.327447224e+01,1.722247900e-03,8.031005e-16,2.952993e-17,1.397843e-17,6.947366e-03
9.910000,2.168241067e-02,2.819473557e-02,1.510719269e-02,1.409690085e-02,2.267990666e-05,5.025189311e-01,4.323679620e+01,1.703898659e-03,2.316985e-16,2.935590e-17,1.716236e-17,6.869117e-03
9.920000,2.155667340e-02,2.804412368e-02,1.502651929e-02,1.402160235e-02,2.269597428e-05,4.983194065e-01,4.319839939e+01,1.685744921e-03,2.479034e-16,8.293500e-18,1.855723e-17,6.858267e-03
9.930000,2.143141550e-02,2.789431646e-02,1.494627694e-02,1.394670606e-02,2.271007994e-05,4.940820849e-01,4.315928545e+01,1.667784603e-03,3.887124e-16,6.580343e-17,2.278315e-17,6.848716e-03
9.940000,2.130663751e-02,2.774530962e-02,1.486646335e-02,1.387220985e-02,2.272221526e-05,4.898095170e-01,4.311945806e+01,1.650015645e-03,6.674885e-16,1.482640e-17,2.354392e-17,6.851717e-03
9.950000,2.118233997e-02,2.759709887e-02,1.478707622e-02,1.379811156e-02,2.273237372e-05,4.855042485e-01,4.307892092e+01,1.632436008e-03,6.809069e-17,9.019024e-18,1.178239e-17,6.886786e-03
9.960000,2.105852337e-02,2.744967997e-02,1.470811328e-02,1.372440909e-02,2.274055072e-05,4.811688181e-01,4.303767777e+01,1.615043675e-03,7.843583e-16,3.744793e-17,1.460435e-17,6.864977e-03
9.970000,2.093518819e-02,2.730304869e-02,1.462957225e-02,1.365110032e-02,2.274674349e-05,4.768057564e-01,4.299573237e+01,1.597836652e-03,3.352465e-16,3.756907e-17,1.581470e-17,6.867697e-03
9.980000,2.081233489e-02,2.715720083e-02,1.455145088e-02,1.357818315e-02,2.275095118e-05,4.724175849e-01,4.295308853e+01,1.580812964e-03,4.469570e-16,2.457963e-17,3.981792e-18,6.883686e-03
9.990000,2.068996391e-02,2.701213221e-02,1.447374692e-02,1.350565549e-02,2.275317476e-05,4.680068150e-01,4.290975005e+01,1.563970658e-03,3.429772e-16,1.461928e-17,6.242303e-18,6.921026e-03
10.000000,2.056807568e-02,2.686783865e-02,1.439645814e-02,1.343351526e-02,2.275341708e-05,4.635759469e-01,4.286572079e+01,1.547307803e-03,2.420740e-16,2.922750e-17,1.561348e-17,6.918407e-03
10.010000,2.044667060e-02,2.672431604e-02,1.431958232e-02,1.336176039e-02,2.275168283e-05,4.591274690e-01,4.282100462e+01,1.530822487e-03,2.252274e-16,2.685051e-17,3.194384e-17,6.859427e-03
10.020000,2.032574905e-02,2.658156025e-02,1.424311725e-02,1.329038884e-02,2.274797850e-05,4.546638575e-01,4.277560542e+01,1.514512818e-03,4.451588e-16,4.571333e-17,9.753762e-18,6.911206e-03
10.030000,2.020531139e-02,2.643956719e-02,1.416706073e-02,1.321939854e-02,2.274231245e-05,4.501875750e-01,4.272952711e+01,1.498376925e-03,7.781360e-16,3.918587e-17,2.113295e-17,6.873106e-03
10.040000,2.008535797e-02,2.629833278e-02,1.409141057e-02,1.314878748e-02,2.273469481e-05,4.457010713e-01,4.268277362e+01,1.482412958e-03,4.830648e-16,1.345725e-17,8.113211e-18,6.976986e-03
10.050000,1.996588910e-02,2.615785299e-02,1.401616459e-02,1.307855362e-02,2.272513751e-05,4.412067822e-01,4.263534892e+01,1.466619085e-03,4.445567e-16,3.123930e-17,1.169193e-17,6.915217e-03
10.060000,1.984690510e-02,2.601812377e-02,1.394132063e-02,1.300869496e-02,2.271365426e-05,4.367071295e-01,4.258725697e+01,1.450993494e-03,2.257566e-16,3.600344e-17,1.606564e-17,6.901506e-03
10.070000,1.972840624e-02,2.587914113e-02,1.386687653e-02,1.293920949e-02,2.270026051e-05,4.322045212e-01,4.253850178e+01,1.435534392e-03,2.310878e-16,4.683020e-17,2.201495e-17,6.900876e-03
10.080000,1.961039280e-02,2.574090109e-02,1.379283016e-02,1.287009522e-02,2.268497347e-05,4.277013515e-01,4.248908736e+01,1.420240006e-03,2.333484e-16,5.748272e-17,1.945626e-18,6.887077e-03
10.090000,1.949286502e-02,2.560339967e-02,1.371917937e-02,1.280135017e-02,2.266781208e-05,4.232000004e-01,4.243901774e+01,1.405108582e-03,9.996239e-16,5.170721e-18,1.926747e-17,6.906546e-03
10.100000,1.937582312e-02,2.546663293e-02,1.364592206e-02,1.273297238e-02,2.264879695e-05,4.187028349e-01,4.238829697e+01,1.390138383e-03,5.778677e-17,5.732145e-17,1.253241e-17,6.875367e-03
10.110000,1.925926732e-02,2.533059697e-02,1.357305610e-02,1.266495988e-02,2.262795041e-05,4.142122083e-01,4.233692912e+01,1.375327692e-03,1.006150e-16,3.038781e-17,1.100676e-17,6.947546e-03
10.120000,1.914319780e-02,2.519528787e-02,1.350057940e-02,1.259731073e-02,2.260529643e-05,4.097304614e-01,4.228491827e+01,1.360674811e-03,1.257227e-16,7.807650e-18,8.070356e-18,6.926516e-03
10.130000,1.902761473e-02,2.506070175e-02,1.342848988e-02,1.253002298e-02,2.258086062e-05,4.052599228e-01,4.223226853e+01,1.346178057e-03,2.507718e-16,2.831078e-17,4.873848e-18,6.944106e-03
10.140000,1.891251828e-02,2.492683477e-02,1.335678545e-02,1.246309472e-02,2.255467023e-05,4.008029093e-01,4.217898400e+01,1.331835768e-03,2.611421e-17,8.664319e-18,9.708728e-18,6.921797e-03
10.150000,1.879790856e-02,2.479368308e-02,1.328546405e-02,1.239652402e-02,2.252675409e-05,3.963617267e-01,4.212506884e+01,1.317646299e-03,1.354717e-16,5.307989e-17,4.774261e-19,6.919517e-03
10.160000,1.868378570e-02,2.466124287e-02,1.321452362e-02,1.233030897e-02,2.249714260e-05,3.919386708e-01,4.207052717e+01,1.303608021e-03,2.270042e-16,4.575683e-17,1.143543e-17,6.945887e-03
10.170000,1.857014979e-02,2.452951034e-02,1.314396213e-02,1.226444769e-02,2.246586771e-05,3.875360278e-01,4.201536318e+01,1.289719324e-03,2.293069e-16,5.751694e-17,3.687372e-18,6.940457e-03
10.180000,1.845700090e-02,2.439848171e-02,1.307377753e-02,1.219893827e-02,2.243296291e-05,3.831560753e-01,4.195958105e+01,1.275978616e-03,2.303110e-16,3.297204e-17,6.178555e-18,6.869667e-03
10.190000,1.834433911e-02,2.426815324e-02,1.300396780e-02,1.213377886e-02,2.239846317e-05,3.788010834e-01,4.190318496e+01,1.262384318e-03,2.554291e-16,9.154071e-18,1.810400e-17,6.912096e-03
10.200000,1.823216445e-02,2.413852118e-02,1.293453093e-02,1.206896757e-02,2.236240493e-05,3.744733154e-01,4.184617914e+01,1.248934872e-03,4.579804e-16,1.294028e-17,1.298561e-17,6.911986e-03
10.210000,1.812047695e-02,2.400958181e-02,1.286546492e-02,1.200450256e-02,2.232482610e-05,3.701750287e-01,4.178856781e+01,1.235628735e-03,1.720272e-16,4.631045e-17,1.123741e-17,6.901816e-03
10.220000,1.800927660e-02,2.388133146e-02,1.279676778e-02,1.194038198e-02,2.228576599e-05,3.659084762e-01,4.173035523e+01,1.222464381e-03,6.702492e-16,3.261781e-17,2.114677e-17,6.944137e-03
10.230000,1.789856341e-02,2.375376642e-02,1.272843753e-02,1.187660399e-02,2.224526530e-05,3.616759066e-01,4.167154565e+01,1.209440298e-03,6.685893e-16,5.460565e-17,5.081890e-18,6.906516e-03
10.240000,1.778833734e-02,2.362688307e-02,1.266047219e-02,1.181316676e-02,2.220336611e-05,3.574795660e-01,4.161214335e+01,1.196554993e-03,1.276734e-16,1.949096e-17,1.627464e-17,6.956466e-03
10.250000,1.767859834e-02,2.350067774e-02,1.259286982e-02,1.175006848e-02,2.216011182e-05,3.533216985e-01,4.155215263e+01,1.183806988e-03,2.551897e-16,1.690145e-17,1.555524e-17,6.923096e-03
10.260000,1.756934635e-02,2.337514684e-02,1.252562845e-02,1.168730734e-02,2.211554714e-05,3.492045470e-01,4.149157780e+01,1.171194819e-03,2.254495e-16,5.316575e-17,2.530297e-18,6.937416e-03
10.270000,1.746058130e-02,2.325028676e-02,1.245874614e-02,1.162488154e-02,2.206971808e-05,3.451303543e-01,4.143042320e+01,1.158717040e-03,4.501385e-16,8.511158e-17,2.536447e-17,6.917867e-03
10.280000,1.735230307e-02,2.312609392e-02,1.239222098e-02,1.156278929e-02,2.202267188e-05,3.411013636e-01,4.136869317e+01,1.146372220e-03,6.686910e-16,8.157243e-17,2.587578e-17,6.990756e-03
10.290000,1.724451156e-02,2.300256476e-02,1.232605105e-02,1.150102882e-02,2.197445700e-05,3.371198194e-01,4.130639207e+01,1.134158941e-03,2.331140e-16,1.220643e-17,1.178655e-17,6.956286e-03
10.300000,1.713720663e-02,2.287969575e-02,1.226023442e-02,1.143959835e-02,2.192512309e-05,3.331879677e-01,4.124352430e+01,1.122075804e-03,4.470281e-16,7.605021e-17,2.562404e-17,6.954857e-03
10.310000,1.703038813e-02,2.275748336e-02,1.219476922e-02,1.137849614e-02,2.187472097e-05,3.293080567e-01,4.118009425e+01,1.110121421e-03,4.482155e-16,1.146065e-17,1.781015e-17,6.820417e-03
10.320000,1.692405591e-02,2.263592409e-02,1.212965354e-02,1.131772042e-02,2.182330257e-05,3.254823369e-01,4.111610634e+01,1.098294421e-03,2.338628e-16,3.736957e-17,6.152982e-18,6.835197e-03
10.330000,1.681820977e-02,2.251501446e-02,1.206488551e-02,1.125726945e-02,2.177092094e-05,3.217130612e-01,4.105156503e+01,1.086593447e-03,4.506468e-16,6.095904e-17,5.667776e-18,6.844467e-03
10.340000,1.671284951e-02,2.239475099e-02,1.200046327e-02,1.119714151e-02,2.171763017e-05,3.180024845e-01,4.098647477e+01,1.075017156e-03,3.047585e-17,3.198713e-17,1.154027e-17,6.936836e-03
10.350000,1.660797493e-02,2.227513025e-02,1.193638495e-02,1.113733487e-02,2.166348541e-05,3.143528637e-01,4.092084004e+01,1.063564221e-03,2.419335e-16,1.622147e-17,4.640944e-18,6.853807e-03
10.360000,1.650358579e-02,2.215614881e-02,1.187264870e-02,1.107784781e-02,2.160854278e-05,3.107664570e-01,4.085466534e+01,1.052233326e-03,4.966493e-16,5.829841e-18,9.774107e-18,6.837647e-03
10.370000,1.639968185e-02,2.203780324e-02,1.180925270e-02,1.101867864e-02,2.155285939e-05,3.072455227e-01,4.078795521e+01,1.041023174e-03,3.385032e-16,8.533081e-18,1.184044e-17,6.879837e-03
10.380000,1.629626283e-02,2.192009018e-02,1.174619511e-02,1.095982567e-02,2.149649327e-05,3.037923182e-01,4.072071419e+01,1.029932476e-03,2.477326e-16,3.773007e-17,7.412737e-18,6.862786e-03
10.390000,1.619332847e-02,2.180300623e-02,1.168347412e-02,1.090128719e-02,2.143950336e-05,3.004090983e-01,4.065294685e+01,1.018959960e-03,4.492462e-16,9.207262e-18,3.612479e-17,6.961296e-03
10.400000,1.609087847e-02,2.168654804e-02,1.162108791e-02,1.084306154e-02,2.138194945e-05,2.970981135e-01,4.058465777e+01,1.008104368e-03,3.376258e-16,1.698570e-17,2.618173e-17,6.848697e-03
10.410000,1.598891251e-02,2.157071228e-02,1.155903468e-02,1.078514704e-02,2.132389217e-05,2.938616074e-01,4.051585158e+01,9.973644532e-04,2.245693e-16,4.834792e-18,3.865227e-18,6.898486e-03
10.420000,1.588743028e-02,2.145549563e-02,1.149731266e-02,1.072754205e-02,2.126539294e-05,2.907018143e-01,4.044653292e+01,9.867389843e-04,1.039553e-16,6.034549e-17,1.075008e-17,6.890976e-03
10.430000,1.578643143e-02,2.134089478e-02,1.143592005e-02,1.067024490e-02,2.120651393e-05,2.876209558e-01,4.037670645e+01,9.762267417e-04,1.789110e-16,3.400846e-17,6.705968e-18,6.922887e-03
10.440000,1.568591561e-02,2.122690644e-02,1.137485509e-02,1.061325396e-02,2.114731803e-05,2.846212377e-01,4.030637686e+01,9.658265191e-04,2.249073e-16,3.804673e-17,3.246787e-17,6.939176e-03
10.450000,1.558588244e-02,2.111352735e-02,1.131411602e-02,1.055656759e-02,2.108786881e-05,2.817048454e-01,4.023554886e+01,9.555371232e-04,2.220466e-16,3.317746e-17,1.242855e-17,6.919056e-03
10.460000,1.548633155e-02,2.100075426e-02,1.125370109e-02,1.050018417e-02,2.102823050e-05,2.788739398e-01,4.016422720e+01,9.453573733e-04,4.479708e-16,5.193265e-17,1.780400e-17,6.900666e-03
10.470000,1.538726252e-02,2.088858394e-02,1.119360855e-02,1.044410209e-02,2.096846790e-05,2.761306526e-01,4.009241664e+01,9.352861012e-04,4.653590e-16,1.636769e-17,7.940624e-18,6.864387e-03
10.480000,1.528867496e-02,2.077701317e-02,1.113383668e-02,1.038831973e-02,2.090864638e-05,2.734770804e-01,4.002012199e+01,9.253221513e-04,1.188544e-16,3.462002e-17,2.396415e-17,6.951627e-03
10.490000,1.519056841e-02,2.066603875e-02,1.107438375e-02,1.033283550e-02,2.084883184e-05,2.709152794e-01,3.994734806e+01,9.154643802e-04,8.527960e-17,3.144147e-17,1.394815e-17,6.928836e-03
10.500000,1.509294246e-02,2.055565749e-02,1.101524805e-02,1.027764780e-02,2.078909064e-05,2.684472589e-01,3.987409970e+01,9.057116567e-04,4.469810e-16,5.547484e-17,9.773064e-18,6.956247e-03
10.510000,1.499579662e-02,2.044586624e-02,1.095642788e-02,1.022275506e-02,2.072948959e-05,2.660749748e-01,3.980038180e+01,8.960628615e-04,2.227046e-16,7.587539e-17,1.057181e-17,6.933107e-03
10.520000,1.489913045e-02,2.033666185e-02,1.089792153e-02,1.016815570e-02,2.067009587e-05,2.638003225e-01,3.972619927e+01,8.865168875e-04,4.185028e-17,3.048466e-17,4.279809e-17,6.942517e-03
10.530000,1.480294344e-02,2.022804118e-02,1.083972733e-02,1.011384816e-02,2.061097700e-05,2.616251298e-01,3.965155704e+01,8.770726391e-04,2.559402e-16,8.482515e-18,3.519146e-17,6.936286e-03
10.540000,1.470723510e-02,2.012000112e-02,1.078184360e-02,1.005983087e-02,2.055220081e-05,2.595511492e-01,3.957646010e+01,8.677290326e-04,3.517035e-16,4.620403e-18,1.529211e-17,6.956776e-03
10.550000,1.461200491e-02,2.001253857e-02,1.072426866e-02,1.000610230e-02,2.049383536e-05,2.575800505e-01,3.950091343e+01,8.584849956e-04,3.296390e-17,4.297542e-17,1.988259e-17,6.922116e-03
10.560000,1.451725236e-02,1.990565044e-02,1.066700087e-02,9.952660903e-03,2.043594891e-05,2.557134121e-01,3.942492208e+01,8.493394672e-04,4.594895e-16,5.616600e-17,1.774665e-17,6.933977e-03
10.570000,1.442297689e-02,1.979933368e-02,1.061003857e-02,9.899505141e-03,2.037860986e-05,2.539527140e-01,3.934849110e+01,8.402913979e-04,1.844037e-16,1.626172e-17,4.498954e-18,6.889836e-03
10.580000,1.432917796e-02,1.969358523e-02,1.055338012e-02,9.846633494e-03,2.032188670e-05,2.522993295e-01,3.927162561e+01,8.313397492e-04,2.249103e-16,1.745423e-17,1.718719e-17,6.939316e-03
10.590000,1.423585500e-02,1.958840206e-02,1.049702390e-02,9.794044445e-03,2.026584797e-05,2.507545173e-01,3.919433073e+01,8.224834937e-04,2.298889e-16,4.474959e-17,2.565671e-17,6.914177e-03
10.600000,1.414300742e-02,1.948378115e-02,1.044096827e-02,9.741736487e-03,2.021056217e-05,2.493194145e-01,3.911661162e+01,8.137216151e-04,1.148194e-16,2.687893e-17,1.061384e-17,6.906096e-03
10.610000,1.405063465e-02,1.937971951e-02,1.038521162e-02,9.689708118e-03,2.015609776e-05,2.479950289e-01,3.903847349e+01,8.050531077e-04,6.744564e-16,1.924706e-17,1.846398e-17,6.914097e-03
10.620000,1.395873607e-02,1.927621413e-02,1.032975236e-02,9.637957848e-03,2.010252302e-05,2.467822326e-01,3.895992157e+01,7.964769766e-04,2.434350e-16,3.700943e-17,2.354871e-17,6.937206e-03
10.630000,1.386731106e-02,1.917326206e-02,1.027458887e-02,9.586484190e-03,2.004990610e-05,2.456817556e-01,3.888096112e+01,7.879922373e-04,4.466444e-16,6.616909e-17,1.503537e-17,6.928366e-03
10.640000,1.377635900e-02,1.907086034e-02,1.021971959e-02,9.535285670e-03,1.999831483e-05,2.446941806e-01,3.880159747e+01,7.795979162e-04,3.387293e-16,7.074652e-18,2.087232e-17,6.926596e-03
10.650000,1.368587924e-02,1.896900603e-02,1.016514291e-02,9.484360818e-03,1.994781678e-05,2.438199377e-01,3.872183594e+01,7.712930496e-04,6.687783e-16,2.868531e-17,7.995991e-19,6.866037e-03
10.660000,1.359587113e-02,1.886769621e-02,1.011085728e-02,9.433708173e-03,1.989847912e-05,2.430593011e-01,3.864168191e+01,7.630766843e-04,6.736248e-16,2.961534e-17,3.176969e-17,6.886497e-03
10.670000,1.350633400e-02,1.876692797e-02,1.005686114e-02,9.383326282e-03,1.985036858e-05,2.424123853e-01,3.856114081e+01,7.549478771e-04,4.492049e-16,8.751820e-17,1.183424e-18,6.895346e-03
10.680000,1.341726717e-02,1.866669841e-02,1.000315292e-02,9.333213698e-03,1.980355138e-05,2.418791434e-01,3.848021807e+01,7.469056951e-04,5.014851e-18,9.659112e-18,3.268010e-17,6.860706e-03
10.690000,1.332866995e-02,1.856700466e-02,9.949731086e-03,9.283368985e-03,1.975809317e-05,2.414593659e-01,3.839891920e+01,7.389492151e-04,5.564138e-16,1.088241e-17,4.507474e-17,6.912737e-03
10.700000,1.324054164e-02,1.846784387e-02,9.896594100e-03,9.233790711e-03,1.971405897e-05,2.411526807e-01,3.831724972e+01,7.310775237e-04,2.328561e-16,4.614970e-17,1.911865e-17,6.899586e-03
10.710000,1.315288153e-02,1.836921317e-02,9.843740434e-03,9.184477453e-03,1.967151306e-05,2.409585539e-01,3.823521520e+01,7.232897173e-04,3.382876e-16,5.900115e-17,7.879186e-18,6.913776e-03
10.720000,1.306568889e-02,1.827110974e-02,9.791168567e-03,9.135427796e-03,1.963051897e-05,2.408762917e-01,3.815282124e+01,7.155849020e-04,4.501006e-16,8.057719e-17,1.003291e-17,6.889606e-03
10.730000,1.297896297e-02,1.817353076e-02,9.738876988e-03,9.086640332e-03,1.959113938e-05,2.409050440e-01,3.807007349e+01,7.079621931e-04,3.278886e-17,6.303835e-17,1.501797e-17,6.889617e-03
10.740000,1.289270304e-02,1.807647343e-02,9.686864193e-03,9.038113659e-03,1.955343602e-05,2.410438078e-01,3.798697764e+01,7.004207158e-04,3.419940e-16,2.220085e-17,1.458050e-17,6.914727e-03
10.750000,1.280690834e-02,1.797993496e-02,9.635128687e-03,8.989846385e-03,1.951746965e-05,2.412914326e-01,3.790353940e+01,6.929596041e-04,1.210973e-16,2.316413e-17,6.154459e-18,6.905576e-03
10.760000,1.272157809e-02,1.788391258e-02,9.583668984e-03,8.941837124e-03,1.948329998e-05,2.416466259e-01,3.781976456e+01,6.855780016e-04,3.615568e-16,1.163452e-17,7.025548e-18,6.912936e-03
10.770000,1.263671152e-02,1.778840352e-02,9.532483604e-03,8.894084496e-03,1.945098557e-05,2.421079601e-01,3.773565891e+01,6.782750608e-04,2.498250e-16,2.708533e-17,1.364105e-17,6.907957e-03
10.780000,1.255230783e-02,1.769340505e-02,9.481571076e-03,8.846587131e-03,1.942058378e-05,2.426738799e-01,3.765122831e+01,6.710499432e-04,5.578939e-16,4.326657e-17,1.525186e-18,6.980446e-03
10.790000,1.246836622e-02,1.759891444e-02,9.430929939e-03,8.799343663e-03,1.939215070e-05,2.433427098e-01,3.756647864e+01,6.639018194e-04,3.473151e-16,2.523377e-17,2.631830e-17,6.911626e-03
10.800000,1.238488587e-02,1.750492897e-02,9.380558737e-03,8.752352736e-03,1.936574106e-05,2.441126630e-01,3.748141583e+01,6.568298687e-04,6.740361e-16,4.087128e-17,1.288805e-17,6.911577e-03
10.810000,1.230186597e-02,1.741144593e-02,9.330456023e-03,8.705612999e-03,1.934140822e-05,2.449818501e-01,3.739604587e+01,6.498332791e-04,1.549078e-18,3.067547e-17,3.886655e-17,6.941836e-03
10.820000,1.221930568e-02,1.731846265e-02,9.280620359e-03,8.659123110e-03,1.931920401e-05,2.459482877e-01,3.731037477e+01,6.429112473e-04,3.389072e-16,6.284530e-17,1.956735e-17,6.926616e-03
10.830000,1.213720415e-02,1.722597645e-02,9.231050314e-03,8.612881733e-03,1.929917874e-05,2.470099085e-01,3.722440858e+01,6.360629785e-04,5.785407e-16,6.775057e-17,1.224685e-17,6.907866e-03
10.840000,1.205556054e-02,1.713398466e-02,9.181744465e-03,8.566887538e-03,1.928138112e-05,2.481645700e-01,3.713815341e+01,6.292876865e-04,5.551119e-16,8.564847e-17,1.284276e-17,6.958346e-03
10.850000,1.197437398e-02,1.704248465e-02,9.132701398e-03,8.521139203e-03,1.926585816e-05,2.494100639e-01,3.705161540e+01,6.225845933e-04,3.594974e-16,3.252176e-17,7.142121e-18,6.914216e-03
10.860000,1.189364359e-02,1.695147379e-02,9.083919704e-03,8.475635414e-03,1.925265516e-05,2.507441257e-01,3.696480075e+01,6.159529292e-04,6.674608e-16,3.219209e-17,1.526913e-17,6.930996e-03
10.870000,1.181336849e-02,1.686094945e-02,9.035397984e-03,8.430374862e-03,1.924181560e-05,2.521644430e-01,3.687771569e+01,6.093919328e-04,4.477608e-16,9.346055e-17,2.794156e-17,6.893136e-03
10.880000,1.173354779e-02,1.677090903e-02,8.987134847e-03,8.385356245e-03,1.923338114e-05,2.536686647e-01,3.679036649e+01,6.029008506e-04,6.793090e-16,6.917177e-17,1.606649e-17,6.927766e-03
10.890000,1.165418058e-02,1.668134995e-02,8.939128908e-03,8.340578270e-03,1.922739153e-05,2.552544092e-01,3.670275948e+01,5.964789374e-04,2.351370e-16,3.489623e-17,9.710613e-18,6.923417e-03
10.900000,1.157526596e-02,1.659226963e-02,8.891378791e-03,8.296039648e-03,1.922388457e-05,2.569192723e-01,3.661490102e+01,5.901254556e-04,2.339644e-16,5.327369e-17,2.081167e-17,6.915456e-03
10.910000,1.149680301e-02,1.650366549e-02,8.843883128e-03,8.251739099e-03,1.922289605e-05,2.586608349e-01,3.652679753e+01,5.838396758e-04,5.750924e-16,7.182797e-17,1.063666e-17,7.490984e-03
10.920000,1.141879078e-02,1.641553501e-02,8.796640556e-03,8.207675347e-03,1.922445974e-05,2.604766698e-01,3.643845545e+01,5.776208760e-04,4.555459e-16,9.919413e-17,1.447934e-17,7.244925e-03
10.930000,1.134122835e-02,1.632787563e-02,8.749649724e-03,8.163847125e-03,1.922860731e-05,2.623643484e-01,3.634988129e+01,5.714683422e-04,2.316729e-16,6.892305e-17,5.205742e-17,6.870216e-03
10.940000,1.126411476e-02,1.624068483e-02,8.702909284e-03,8.120253173e-03,1.923536834e-05,2.643214467e-01,3.626108160e+01,5.653813677e-04,1.323308e-17,6.758197e-17,9.891832e-18,6.810127e-03
10.950000,1.118744905e-02,1.615396011e-02,8.656417898e-03,8.076892235e-03,1.924477024e-05,2.663455511e-01,3.617206296e+01,5.593592537e-04,2.479034e-16,2.266273e-17,2.694411e-17,6.856697e-03
10.960000,1.111123027e-02,1.606769897e-02,8.610174235e-03,8.033763064e-03,1.925683827e-05,2.684342627e-01,3.608283201e+01,5.534013085e-04,7.777398e-16,2.954623e-17,1.050654e-17,6.852767e-03
10.970000,1.103545743e-02,1.598189892e-02,8.564176972e-03,7.990864417e-03,1.927159547e-05,2.705852026e-01,3.599339544e+01,5.475068478e-04,3.424446e-16,2.798696e-17,3.590683e-17,6.867186e-03
10.980000,1.096012956e-02,1.589655750e-02,8.518424793e-03,7.948195061e-03,1.928906269e-05,2.727960153e-01,3.590375997e+01,5.416751949e-04,3.021033e-17,4.567509e-17,2.434466e-17,6.880526e-03
10.990000,1.088524565e-02,1.581167224e-02,8.472916388e-03,7.905753767e-03,1.930925855e-05,2.750643724e-01,3.581393238e+01,5.359056798e-04,4.447410e-16,1.824824e-17,9.797680e-18,6.826627e-03
11.000000,1.081080471e-02,1.572724071e-02,8.427650457e-03,7.863539312e-03,1.933219941e-05,2.773879759e-01,3.572391948e+01,5.301976401e-04,1.425873e-16,5.140477e-17,1.414450e-17,6.831737e-03
11.010000,1.073680574e-02,1.564326047e-02,8.382625706e-03,7.821550481e-03,1.935789942e-05,2.797645601e-01,3.563372815e+01,5.245504201e-04,2.234406e-16,4.796309e-17,1.063130e-17,6.892196e-03
11.020000,1.066324770e-02,1.555972909e-02,8.337840848e-03,7.779786065e-03,1.938637047e-05,2.821918946e-01,3.554336529e+01,5.189633713e-04,2.255113e-16,1.666927e-17,9.699558e-18,6.864387e-03
11.030000,1.059012958e-02,1.547664418e-02,8.293294604e-03,7.738244859e-03,1.941762222e-05,2.846677853e-01,3.545283787e+01,5.134358521e-04,2.306139e-16,8.445709e-17,8.800256e-18,6.909627e-03
11.040000,1.051745035e-02,1.539400334e-02,8.248985701e-03,7.696925669e-03,1.945166211e-05,2.871900763e-01,3.536215289e+01,5.079672275e-04,9.162272e-17,5.862758e-17,2.605954e-17,6.816836e-03
11.050000,1.044520896e-02,1.531180418e-02,8.204912875e-03,7.655827303e-03,1.948849537e-05,2.897566511e-01,3.527131740e+01,5.025568696e-04,1.486762e-16,6.532751e-17,1.800723e-17,6.891336e-03
11.060000,1.037340436e-02,1.523004435e-02,8.161074869e-03,7.614948576e-03,1.952812501e-05,2.923654328e-01,3.518033850e+01,4.972041568e-04,2.843288e-16,1.122561e-17,1.091011e-17,6.872087e-03
11.070000,1.030203550e-02,1.514872147e-02,8.117470431e-03,7.574288312e-03,1.957055190e-05,2.950143850e-01,3.508922334e+01,4.919084746e-04,8.915081e-16,6.272229e-17,4.123123e-17,6.825467e-03
11.080000,1.023110131e-02,1.506783321e-02,8.074098319e-03,7.533845336e-03,1.961577474e-05,2.977015121e-01,3.499797911e+01,4.866692145e-04,7.773355e-16,8.105140e-17,6.800564e-18,6.832847e-03
11.090000,1.016060072e-02,1.498737724e-02,8.030957296e-03,7.493618485e-03,1.966379013e-05,3.004248589e-01,3.490661305e+01,4.814857749e-04,1.142233e-16,2.784372e-17,2.388854e-17,6.807357e-03
11.100000,1.009053264e-02,1.490735123e-02,7.988046134e-03,7.453606598e-03,1.971459258e-05,3.031825112e-01,3.481513244e+01,4.763575604e-04,4.461273e-16,2.930895e-17,2.145851e-17,6.841556e-03
11.110000,1.002089600e-02,1.482775288e-02,7.945363610e-03,7.413808521e-03,1.976817456e-05,3.059725943e-01,3.472354462e+01,4.712839820e-04,4.535876e-16,2.965595e-17,7.298841e-18,6.873786e-03
11.120000,9.951689689e-03,1.474857988e-02,7.902908510e-03,7.374223107e-03,1.982452654e-05,3.087932737e-01,3.463185697e+01,4.662644570e-04,3.388402e-16,2.037529e-17,2.824805e-17,6.858967e-03
11.130000,9.882912613e-03,1.466982997e-02,7.860679626e-03,7.334849213e-03,1.988363702e-05,3.116427537e-01,3.454007692e+01,4.612984088e-04,1.406388e-16,4.400997e-17,6.685669e-18,6.833407e-03
11.140000,9.814563659e-03,1.459150086e-02,7.818675757e-03,7.295685705e-03,1.994549260e-05,3.145192768e-01,3.444821193e+01,4.563852671e-04,2.226237e-16,2.400804e-17,1.419793e-17,6.816047e-03
11.150000,9.746641710e-03,1.451359029e-02,7.776895710e-03,7.256731452e-03,2.001007802e-05,3.174211229e-01,3.435626954e+01,4.515244676e-04,2.601812e-16,3.206038e-18,1.933863e-17,6.859766e-03
11.160000,9.679145643e-03,1.443609601e-02,7.735338297e-03,7.217985330e-03,2.007737618e-05,3.203466088e-01,3.426425730e+01,4.467154519e-04,5.578412e-16,2.608456e-17,4.575911e-18,6.868556e-03
11.170000,9.612074324e-03,1.435901580e-02,7.694002340e-03,7.179446222e-03,2.014736826e-05,3.232940863e-01,3.417218284e+01,4.419576678e-04,6.738851e-16,2.883782e-17,2.545022e-17,6.857647e-03
11.180000,9.545426617e-03,1.428234742e-02,7.652886664e-03,7.141113015e-03,2.022003371e-05,3.262619421e-01,3.408005383e+01,4.372505687e-04,2.288836e-16,4.884218e-17,3.619161e-18,6.837757e-03
11.190000,9.479201375e-03,1.420608866e-02,7.611990104e-03,7.102984603e-03,2.029535035e-05,3.292485963e-01,3.398787796e+01,4.325936140e-04,2.363975e-17,2.161495e-17,3.474457e-17,6.873897e-03
11.200000,9.413397446e-03,1.413023732e-02,7.571311501e-03,7.065059884e-03,2.037329440e-05,3.322525015e-01,3.389566299e+01,4.279862689e-04,1.279470e-16,4.244484e-17,1.531839e-17,6.892616e-03
11.210000,9.348013670e-03,1.405479121e-02,7.530849702e-03,7.027337766e-03,2.045384056e-05,3.352721415e-01,3.380341674e+01,4.234280041e-04,4.478423e-16,7.268447e-17,3.432703e-17,6.880686e-03
11.220000,9.283048881e-03,1.397974815e-02,7.490603562e-03,6.989817157e-03,2.053696207e-05,3.383060305e-01,3.371114706e+01,4.189182961e-04,1.332062e-16,1.187509e-17,2.097429e-18,6.863787e-03
11.230000,9.218501907e-03,1.390510597e-02,7.450571943e-03,6.952496975e-03,2.062263072e-05,3.413527119e-01,3.361886183e+01,4.144566270e-04,1.160785e-17,4.662815e-17,1.945439e-17,6.832186e-03
11.240000,9.154371567e-03,1.383086252e-02,7.410753712e-03,6.915376143e-03,2.071081701e-05,3.444107572e-01,3.352656902e+01,4.100424844e-04,5.600262e-16,1.999993e-17,1.423744e-17,6.858396e-03
11.250000,9.090656675e-03,1.375701566e-02,7.371147744e-03,6.878453587e-03,2.080149010e-05,3.474787651e-01,3.343427661e+01,4.056753612e-04,1.300542e-16,2.394326e-17,3.636258e-17,6.843527e-03
11.260000,9.027356038e-03,1.368356324e-02,7.331752922e-03,6.841728242e-03,2.089461795e-05,3.505553604e-01,3.334199264e+01,4.013547558e-04,3.823577e-16,2.004965e-17,1.328303e-18,6.880006e-03
11.270000,8.964468457e-03,1.361050315e-02,7.292568132e-03,6.805199046e-03,2.099016734e-05,3.536391931e-01,3.324972521e+01,3.970801722e-04,6.798145e-16,2.483196e-17,2.307935e-17,6.865646e-03
11.280000,8.901992724e-03,1.353783327e-02,7.253592271e-03,6.768864945e-03,2.108810393e-05,3.567289375e-01,3.315748245e+01,3.928511192e-04,1.592810e-16,5.393375e-17,1.247576e-17,6.945166e-03
11.290000,8.839927629e-03,1.346555151e-02,7.214824240e-03,6.732724888e-03,2.118839234e-05,3.598232911e-01,3.306527255e+01,3.886671113e-04,1.463761e-17,8.774677e-17,2.637291e-17,6.864647e-03
11.300000,8.778271950e-03,1.339365577e-02,7.176262947e-03,6.696777832e-03,2.129099618e-05,3.629209742e-01,3.297310372e+01,3.845276680e-04,1.167122e-16,2.449289e-17,1.803269e-17,6.842227e-03
11.310000,8.717024464e-03,1.332214399e-02,7.137907306e-03,6.661022736e-03,2.139587814e-05,3.660207285e-01,3.288098426e+01,3.804323138e-04,3.510773e-16,5.244345e-17,3.196072e-18,6.832966e-03
11.320000,8.656183938e-03,1.325101409e-02,7.099756240e-03,6.625458569e-03,2.150299998e-05,3.691213169e-01,3.278892248e+01,3.763805784e-04,1.534796e-16,2.138419e-17,3.608391e-18,6.851397e-03
11.330000,8.595749133e-03,1.318026401e-02,7.061808676e-03,6.590084303e-03,2.161232266e-05,3.722215226e-01,3.269692676e+01,3.723719965e-04,2.282728e-16,4.817932e-17,5.350221e-18,6.862727e-03
11.340000,8.535718806e-03,1.310989171e-02,7.024063549e-03,6.554898913e-03,2.172380634e-05,3.753201483e-01,3.260500553e+01,3.684061079e-04,6.031235e-17,1.870871e-17,2.940263e-17,6.825977e-03
11.350000,8.476091705e-03,1.303989516e-02,6.986519799e-03,6.519901385e-03,2.183741043e-05,3.784160159e-01,3.251316723e+01,3.644824570e-04,3.481524e-16,6.323546e-17,1.391252e-17,6.848267e-03
11.360000,8.416866573e-03,1.297027233e-02,6.949176374e-03,6.485090706e-03,2.195309366e-05,3.815079658e-01,3.242142040e+01,3.606005933e-04,6.763066e-16,6.494385e-17,1.062939e-17,6.884507e-03
11.370000,8.358042147e-03,1.290102120e-02,6.912032227e-03,6.450465869e-03,2.207081413e-05,3.845948565e-01,3.232977359e+01,3.567600711e-04,2.346401e-16,2.465767e-17,3.950940e-17,6.861716e-03
11.380000,8.299617158e-03,1.283213979e-02,6.875086319e-03,6.416025873e-03,2.219052930e-05,3.876755639e-01,3.223823540e+01,3.529604494e-04,4.561895e-16,9.168372e-17,5.798011e-18,6.860277e-03
11.390000,8.241590330e-03,1.276362609e-02,6.838337616e-03,6.381769724e-03,2.231219609e-05,3.907489816e-01,3.214681451e+01,3.492012918e-04,3.084032e-17,2.657797e-17,2.631204e-17,6.879976e-03
11.400000,8.183960380e-03,1.269547812e-02,6.801785090e-03,6.347696429e-03,2.243577089e-05,3.938140198e-01,3.205551960e+01,3.454821668e-04,1.119097e-16,7.827492e-17,6.543809e-18,6.871547e-03
11.410000,8.126726022e-03,1.262769391e-02,6.765427721e-03,6.313805004e-03,2.256120961e-05,3.968696055e-01,3.196435944e+01,3.418026473e-04,7.821725e-16,3.230343e-17,2.497080e-17,6.873527e-03
11.420000,8.069885960e-03,1.256027150e-02,6.729264494e-03,6.280094470e-03,2.268846769e-05,3.999146823e-01,3.187334281e+01,3.381623108e-04,3.344826e-16,4.309662e-17,4.706427e-18,6.884966e-03
11.430000,8.013438896e-03,1.249320895e-02,6.693294399e-03,6.246563850e-03,2.281750016e-05,4.029482100e-01,3.178247856e+01,3.345607395e-04,2.404678e-16,6.297759e-17,5.969255e-18,6.890936e-03
11.440000,7.957383522e-03,1.242650430e-02,6.657516435e-03,6.213212176e-03,2.294826166e-05,4.059691647e-01,3.169177559e+01,3.309975199e-04,3.336140e-16,1.776431e-17,7.650789e-18,6.891196e-03
11.450000,7.901718526e-03,1.236015564e-02,6.621929605e-03,6.180038482e-03,2.308070646e-05,4.089765389e-01,3.160124283e+01,3.274722428e-04,6.662630e-16,2.479096e-17,3.201639e-18,6.893416e-03
11.460000,7.846442590e-03,1.229416105e-02,6.586532918e-03,6.147041811e-03,2.321478849e-05,4.119693409e-01,3.151088928e+01,3.239845035e-04,5.632116e-17,2.961250e-17,1.394566e-17,6.870287e-03
11.470000,7.791554390e-03,1.222851860e-02,6.551325391e-03,6.114221206e-03,2.335046139e-05,4.149465956e-01,3.142072396e+01,3.205339018e-04,3.495713e-16,2.607066e-17,1.313394e-17,6.863236e-03
11.480000,7.737052596e-03,1.216322642e-02,6.516306044e-03,6.081575720e-03,2.348767847e-05,4.179073441e-01,3.133075595e+01,3.171200415e-04,2.850809e-17,5.782859e-18,9.081247e-18,6.862577e-03
11.490000,7.682935870e-03,1.209828260e-02,6.481473905e-03,6.049104407e-03,2.362639281e-05,4.208506440e-01,3.124099438e+01,3.137425307e-04,3.373592e-16,7.497800e-17,1.035300e-17,6.848496e-03
11.500000,7.629202870e-03,1.203368527e-02,6.446828007e-03,6.016806330e-03,2.376655721e-05,4.237755697e-01,3.115144843e+01,3.104009817e-04,1.010244e-15,1.050586e-17,8.445998e-18,6.871436e-03
11.510000,7.575852249e-03,1.196943256e-02,6.412367389e-03,5.984680553e-03,2.390812425e-05,4.266812124e-01,3.106212732e+01,3.070950112e-04,3.416287e-16,2.813946e-17,1.504751e-17,6.852856e-03
11.520000,7.522882652e-03,1.190552261e-02,6.378091095e-03,5.952726149e-03,2.405104626e-05,4.295666804e-01,3.097304031e+01,3.038242395e-04,4.602157e-16,1.484905e-16,1.318866e-17,6.853836e-03
11.530000,7.470292717e-03,1.184195358e-02,6.343998177e-03,5.920942193e-03,2.419527538e-05,4.324310997e-01,3.088419672e+01,3.005882913e-04,4.454891e-16,1.954045e-17,2.768032e-17,6.832716e-03
11.540000,7.418081080e-03,1.177872362e-02,6.310087691e-03,5.889327765e-03,2.434076358e-05,4.352736140e-01,3.079560591e+01,2.973867953e-04,2.406597e-16,1.223886e-17,9.980312e-18,6.868746e-03
11.550000,7.366246367e-03,1.171583091e-02,6.276358697e-03,5.857881953e-03,2.448746258e-05,4.380933852e-01,3.070727730e+01,2.942193841e-04,4.493670e-16,1.576922e-17,1.658451e-17,6.869426e-03
11.560000,7.314787201e-03,1.165327363e-02,6.242810263e-03,5.826603846e-03,2.463532397e-05,4.408895938e-01,3.061922032e+01,2.910856942e-04,7.777963e-16,1.653248e-17,6.330731e-18,6.850816e-03
11.570000,7.263702196e-03,1.159104997e-02,6.209441461e-03,5.795492542e-03,2.478429915e-05,4.436614395e-01,3.053144448e+01,2.879853661e-04,6.687994e-16,4.253020e-17,1.664123e-17,6.885586e-03
11.580000,7.212989962e-03,1.152915813e-02,6.176251369e-03,5.764547139e-03,2.493433934e-05,4.464081413e-01,3.044395933e+01,2.849180440e-04,2.224645e-16,8.251837e-17,5.174387e-18,6.872717e-03
11.590000,7.162649104e-03,1.146759632e-02,6.143239070e-03,5.733766744e-03,2.508539562e-05,4.491289383e-01,3.035677446e+01,2.818833760e-04,1.283002e-16,5.070624e-17,1.738793e-17,6.871727e-03
11.600000,7.112678217e-03,1.140636277e-02,6.110403652e-03,5.703150468e-03,2.523741890e-05,4.518230901e-01,3.026989951e+01,2.788810139e-04,7.837679e-16,3.897064e-17,7.768625e-18,6.878507e-03
11.610000,7.063075896e-03,1.134545570e-02,6.077744210e-03,5.672697426e-03,2.539035992e-05,4.544898775e-01,3.018334415e+01,2.759106134e-04,2.283610e-16,3.193493e-17,1.221402e-18,6.881177e-03
11.620000,7.013840723e-03,1.128487335e-02,6.045259841e-03,5.642406737e-03,2.554416928e-05,4.571286027e-01,3.009711812e+01,2.729718336e-04,5.582594e-16,2.917890e-17,4.464114e-18,6.879357e-03
11.630000,6.964971280e-03,1.122461398e-02,6.012949649e-03,5.612277527e-03,2.569879742e-05,4.597385900e-01,3.001123119e+01,2.700643375e-04,3.594366e-18,1.841480e-17,3.786096e-17,6.906236e-03
11.640000,6.916466140e-03,1.116467584e-02,5.980812742e-03,5.582308925e-03,2.585419462e-05,4.623191866e-01,2.992569317e+01,2.671877915e-04,4.750918e-16,1.803428e-17,3.427108e-18,6.868977e-03
11.650000,6.868323869e-03,1.110505720e-02,5.948848234e-03,5.552500067e-03,2.601031101e-05,4.648697628e-01,2.984051393e+01,2.643418659e-04,1.799801e-17,7.610048e-18,9.077411e-19,6.869777e-03
11.660000,6.820543030e-03,1.104575633e-02,5.917055243e-03,5.522850090e-03,2.616709654e-05,4.673897130e-01,2.975570336e+01,2.615262341e-04,1.296747e-16,2.977597e-17,8.674488e-18,6.844086e-03
11.670000,6.773122177e-03,1.098677154e-02,5.885432891e-03,5.493358140e-03,2.632450103e-05,4.698784559e-01,2.967127142e+01,2.587405732e-04,3.519443e-16,4.837521e-17,8.952101e-18,6.882057e-03
11.680000,6.726059860e-03,1.092810111e-02,5.853980305e-03,5.464023365e-03,2.648247411e-05,4.723354352e-01,2.958722809e+01,2.559845639e-04,3.621245e-17,1.511350e-17,5.904728e-18,6.811226e-03
11.690000,6.679354622e-03,1.086974335e-02,5.822696618e-03,5.434844918e-03,2.664096526e-05,4.747601203e-01,2.950358341e+01,2.532578901e-04,2.334570e-16,3.040896e-17,2.055684e-17,6.797977e-03
11.700000,6.633004999e-03,1.081169657e-02,5.791580966e-03,5.405821958e-03,2.679992378e-05,4.771520068e-01,2.942034744e+01,2.505602393e-04,6.767295e-16,1.717935e-17,2.096709e-17,6.784157e-03
11.710000,6.587009523e-03,1.075395911e-02,5.760632489e-03,5.376953647e-03,2.695929880e-05,4.795106168e-01,2.933753031e+01,2.478913019e-04,2.460682e-16,2.353396e-17,3.185630e-18,6.826247e-03
11.720000,6.541366718e-03,1.069652930e-02,5.729850332e-03,5.348239153e-03,2.711903927e-05,4.818355000e-01,2.925514216e+01,2.452507723e-04,4.776437e-16,3.728320e-17,1.219803e-17,6.841626e-03
11.730000,6.496075102e-03,1.063940548e-02,5.699233644e-03,5.319677648e-03,2.727909398e-05,4.841262337e-01,2.917319320e+01,2.426383475e-04,2.278136e-16,4.784586e-17,8.633590e-18,6.841866e-03
11.740000,6.451133188e-03,1.058258600e-02,5.668781579e-03,5.291268309e-03,2.743941151e-05,4.863824236e-01,2.909169364e+01,2.400537282e-04,5.876380e-17,3.581301e-17,9.429750e-18,6.870026e-03
11.750000,6.406539482e-03,1.052606923e-02,5.638493292e-03,5.263010317e-03,2.759994028e-05,4.886037039e-01,2.901065376e+01,2.374966182e-04,9.355092e-17,2.093418e-17,5.519361e-18,6.903116e-03
11.760000,6.362292483e-03,1.046985354e-02,5.608367945e-03,5.234902859e-03,2.776062850e-05,4.907897383e-01,2.893008388e+01,2.349667242e-04,6.667138e-16,4.194494e-17,6.260637e-18,6.926826e-03
11.770000,6.318390686e-03,1.041393731e-02,5.578404702e-03,5.206945124e-03,2.792142420e-05,4.929402200e-01,2.884999431e+01,2.324637565e-04,5.561021e-16,4.987158e-17,7.186144e-18,6.871526e-03
11.780000,6.274832577e-03,1.035831892e-02,5.548602733e-03,5.179136308e-03,2.808227523e-05,4.950548723e-01,2.877039546e+01,2.299874282e-04,3.184826e-17,4.226757e-17,1.481881e-18,6.909417e-03
11.790000,6.231616638e-03,1.030299679e-02,5.518961208e-03,5.151475611e-03,2.824312922e-05,4.971334488e-01,2.869129772e+01,2.275374555e-04,3.338078e-16,9.644787e-18,2.892254e-17,6.800647e-03
11.800000,6.188741344e-03,1.024796932e-02,5.489479304e-03,5.123962236e-03,2.840393363e-05,4.991757336e-01,2.861271154e+01,2.251135578e-04,1.110872e-16,1.424389e-17,1.051816e-17,6.860326e-03
11.810000,6.146205164e-03,1.019323492e-02,5.460156199e-03,5.096595393e-03,2.856463571e-05,5.011815420e-01,2.853464738e+01,2.227154572e-04,1.150126e-16,1.947994e-17,1.718396e-17,6.834747e-03
11.820000,6.104006559e-03,1.013879202e-02,5.430991076e-03,5.069374295e-03,2.872518252e-05,5.031507203e-01,2.845711576e+01,2.203428791e-04,7.947277e-17,2.377988e-17,1.014266e-17,6.868766e-03
11.830000,6.062143986e-03,1.008463905e-02,5.401983119e-03,5.042298160e-03,2.888552095e-05,5.050831459e-01,2.838012721e+01,2.179955517e-04,2.369980e-16,1.003486e-17,4.585188e-18,6.822076e-03
11.840000,6.020615894e-03,1.003077447e-02,5.373131518e-03,5.015366209e-03,2.904559767e-05,5.069787279e-01,2.830369227e+01,2.156732061e-04,6.679836e-16,4.327933e-17,1.125121e-17,6.862176e-03
11.850000,5.979420727e-03,9.977196724e-03,5.344435464e-03,4.988577671e-03,2.920535917e-05,5.088374065e-01,2.822782154e+01,2.133755762e-04,2.255550e-16,4.803022e-17,1.067554e-17,6.857177e-03
11.860000,5.938556922e-03,9.923904272e-03,5.315894152e-03,4.961931775e-03,2.936475179e-05,5.106591538e-01,2.815252562e+01,2.111023991e-04,4.464555e-16,4.417048e-17,1.489201e-17,6.887887e-03
11.870000,5.898022910e-03,9.870895587e-03,5.287506779e-03,4.935427757e-03,2.952372166e-05,5.124439727e-01,2.807781513e+01,2.088534143e-04,6.830718e-18,3.610184e-17,1.484338e-17,6.856557e-03
11.880000,5.857817114e-03,9.818169149e-03,5.259272546e-03,4.909064857e-03,2.968221474e-05,5.141918979e-01,2.800370072e+01,2.066283643e-04,2.233571e-16,2.198708e-17,6.421823e-18,6.800217e-03
11.890000,5.817937954e-03,9.765723447e-03,5.231190656e-03,4.882842320e-03,2.984017687e-05,5.159029947e-01,2.793019305e+01,2.044269943e-04,5.627039e-16,8.251684e-17,6.676103e-19,6.789927e-03
11.900000,5.778383840e-03,9.713556978e-03,5.203260314e-03,4.856759395e-03,2.999755370e-05,5.175773595e-01,2.785730281e+01,2.022490523e-04,2.435133e-16,1.215048e-17,2.019745e-17,6.833416e-03
11.910000,5.739153178e-03,9.661668247e-03,5.175480728e-03,4.830815334e-03,3.015429076e-05,5.192151191e-01,2.778504067e+01,2.000942890e-04,3.378742e-16,9.679388e-18,1.471047e-17,6.848976e-03
11.920000,5.700244368e-03,9.610055770e-03,5.147851109e-03,4.805009395e-03,3.031033345e-05,5.208164303e-01,2.771341734e+01,1.979624576e-04,2.476804e-16,2.629312e-17,1.150307e-17,6.828587e-03
11.930000,5.661655801e-03,9.558718071e-03,5.120370671e-03,4.779340840e-03,3.046562706e-05,5.223814795e-01,2.764244353e+01,1.958533141e-04,6.667141e-16,2.793593e-17,1.946173e-17,6.839387e-03
11.940000,5.623385863e-03,9.507653681e-03,5.093038628e-03,4.753808935e-03,3.062011676e-05,5.239104824e-01,2.757212995e+01,1.937666171e-04,2.924579e-17,2.661729e-17,5.932966e-18,6.899946e-03
11.950000,5.585432936e-03,9.456861140e-03,5.065854197e-03,4.728412950e-03,3.077374769e-05,5.254036829e-01,2.750248732e+01,1.917021278e-04,2.286092e-16,2.398562e-17,1.943440e-17,6.845016e-03
11.960000,5.547795393e-03,9.406338999e-03,5.038816600e-03,4.703152161e-03,3.092646488e-05,5.268613530e-01,2.743352636e+01,1.896596099e-04,3.624569e-17,1.321432e-17,1.614380e-17,6.809247e-03
11.970000,5.510471600e-03,9.356085815e-03,5.011925057e-03,4.678025845e-03,3.107821335e-05,5.282837916e-01,2.736525777e+01,1.876388297e-04,2.314915e-16,1.660571e-17,1.660396e-17,6.840487e-03
11.980000,5.473459919e-03,9.306100153e-03,4.985178793e-03,4.653033286e-03,3.122893808e-05,5.296713238e-01,2.729769226e+01,1.856395559e-04,2.220893e-16,3.659039e-17,8.550188e-18,6.834317e-03
11.990000,5.436758704e-03,9.256380590e-03,4.958577034e-03,4.628173772e-03,3.137858409e-05,5.310243003e-01,2.723084053e+01,1.836615597e-04,3.364056e-16,4.234202e-17,1.096207e-17,6.851096e-03
