t,pos_err,ori_err_geodesic,e_xi_norm,e_z_O_norm,e_z_T_norm,qddot_ref_norm,tau_norm,V,c0,c1,c2,runtime
0.000000,3.503401067e-02,1.981226373e-01,0.000000000e+00,9.889938096e-02,2.939837890e-02,2.187239915e+00,0.000000000e+00,8.516281788e-02,4.467555e-16,0.000000e+00,0.000000e+00,1.780135e-03
0.010000,3.504157734e-02,1.980800478e-01,8.890607848e-03,9.887819057e-02,2.937322118e-02,2.142471208e+00,0.000000000e+00,8.515698300e-02,4.467555e-16,2.168404e-18,5.357107e-20,1.671120e-03
0.020000,3.506230557e-02,1.979648326e-01,1.704538084e-02,9.882086511e-02,2.930466207e-02,2.026164808e+00,0.000000000e+00,8.513988530e-02,6.759063e-16,7.807009e-18,1.564422e-19,1.634004e-03
0.030000,3.509515243e-02,1.977826404e-01,2.455923258e-02,9.873021448e-02,2.919615704e-02,1.915708794e+00,0.000000000e+00,8.510214464e-02,1.130178e-16,5.214325e-18,6.305931e-19,1.647607e-03
0.040000,3.513913817e-02,1.975387092e-01,3.147645436e-02,9.860884406e-02,2.905095653e-02,1.810863620e+00,0.000000000e+00,8.503668121e-02,2.248931e-16,1.852685e-18,2.424350e-19,1.628784e-03
0.050000,3.519333933e-02,1.972378963e-01,3.783837523e-02,9.845916955e-02,2.887211679e-02,1.711390920e+00,0.000000000e+00,8.493832890e-02,4.531766e-16,1.769078e-17,1.629913e-18,1.629984e-03
0.060000,3.525688276e-02,1.968847057e-01,4.368353946e-02,9.828343076e-02,2.866251010e-02,1.617054526e+00,0.000000000e+00,8.480350378e-02,2.784015e-17,7.181970e-18,1.085557e-18,1.639026e-03
0.070000,3.532894051e-02,1.964833134e-01,4.904789404e-02,9.808370432e-02,2.842483455e-02,1.527621419e+00,0.000000000e+00,8.462992214e-02,1.570482e-16,7.410742e-18,2.171113e-18,1.637826e-03
0.080000,3.540872560e-02,1.960375917e-01,5.396496579e-02,9.786191561e-02,2.816162337e-02,1.442862606e+00,0.000000000e+00,8.441636123e-02,2.225307e-16,7.564593e-18,1.355253e-18,1.659388e-03
0.090000,3.549548834e-02,1.955511305e-01,5.846602640e-02,9.761984966e-02,2.787525367e-02,1.362553913e+00,0.000000000e+00,8.416245664e-02,9.024835e-17,9.813078e-18,7.893111e-19,1.637345e-03
0.100000,3.558851339e-02,1.950272585e-01,6.258024596e-02,9.735916136e-02,2.756795489e-02,1.286476688e+00,0.000000000e+00,8.386853110e-02,4.586113e-16,3.804546e-17,4.470280e-18,1.632854e-03
0.110000,3.568711726e-02,1.944690614e-01,6.633483579e-02,9.708138491e-02,2.724181671e-02,1.214418405e+00,0.000000000e+00,8.353545022e-02,2.487030e-16,1.097135e-17,1.693578e-18,1.635154e-03
0.120000,3.579064633e-02,1.938793998e-01,6.975518104e-02,9.678794254e-02,2.689879664e-02,1.146173186e+00,0.000000000e+00,8.316450131e-02,6.667153e-16,1.250927e-17,5.016705e-18,1.638395e-03
0.130000,3.589847516e-02,1.932609255e-01,7.286496417e-02,9.648015266e-02,2.654072718e-02,1.081542226e+00,0.000000000e+00,8.275729196e-02,4.495487e-16,3.065360e-17,2.045669e-18,1.660468e-03
0.140000,3.601000518e-02,1.926160968e-01,7.568627958e-02,9.615923737e-02,2.616932265e-02,1.020334140e+00,0.000000000e+00,8.231566549e-02,4.449836e-16,3.648079e-17,2.893012e-18,1.645417e-03
0.150000,3.612466364e-02,1.919471919e-01,7.823974035e-02,9.582632942e-02,2.578618564e-02,9.623652209e-01,0.000000000e+00,8.184163073e-02,1.131334e-16,2.921155e-17,8.467890e-19,1.651327e-03
0.160000,3.624190269e-02,1.912563226e-01,8.054457744e-02,9.548247874e-02,2.539281321e-02,9.074596365e-01,0.000000000e+00,8.133730415e-02,1.274527e-16,1.323970e-17,3.060832e-18,1.658218e-03
0.170000,3.636119870e-02,1.905454460e-01,8.261873204e-02,9.512865839e-02,2.499060268e-02,8.554495484e-01,0.000000000e+00,8.080486239e-02,7.832129e-16,3.486751e-17,5.280410e-18,1.629214e-03
0.180000,3.648205168e-02,1.898163758e-01,8.447894151e-02,9.476577014e-02,2.458085717e-02,8.061751779e-01,0.000000000e+00,8.024650361e-02,3.331843e-16,9.511364e-18,3.066587e-19,1.648917e-03
0.190000,3.660398475e-02,1.890707926e-01,8.614081935e-02,9.439464965e-02,2.416479088e-02,7.594848169e-01,0.000000000e+00,7.966441639e-02,2.499481e-16,2.797158e-17,2.528772e-18,1.679501e-03
0.200000,3.672654372e-02,1.883102535e-01,8.761892967e-02,9.401607127e-02,2.374353406e-02,7.152347941e-01,0.000000000e+00,7.906075495e-02,1.214562e-16,1.387779e-17,6.679953e-18,1.631814e-03
0.210000,3.684929670e-02,1.875362014e-01,8.892685658e-02,9.363075243e-02,2.331813774e-02,6.732894034e-01,0.000000000e+00,7.843761970e-02,4.578193e-16,1.788112e-17,1.371419e-18,1.689352e-03
0.220000,3.697183373e-02,1.867499727e-01,9.007726879e-02,9.323935781e-02,2.288957825e-02,6.335208018e-01,0.000000000e+00,7.779704228e-02,1.778916e-16,2.235456e-17,2.528772e-18,1.630554e-03
0.230000,3.709376639e-02,1.859528055e-01,9.108197986e-02,9.284250316e-02,2.245876144e-02,5.958088836e-01,0.000000000e+00,7.714097440e-02,1.576977e-16,2.834893e-17,7.023086e-18,1.624204e-03
0.240000,3.721472748e-02,1.851458465e-01,9.195200433e-02,9.244075882e-02,2.202652674e-02,5.600411390e-01,0.000000000e+00,7.647127971e-02,1.119006e-16,1.441622e-17,1.478496e-17,1.625314e-03
0.250000,3.733437059e-02,1.843301576e-01,9.269761004e-02,9.203465300e-02,2.159365097e-02,5.261125033e-01,0.000000000e+00,7.578972837e-02,4.454679e-16,2.913419e-17,1.194986e-17,1.630034e-03
0.260000,3.745236977e-02,1.835067221e-01,9.332836700e-02,9.162467488e-02,2.116085200e-02,4.939252053e-01,0.000000000e+00,7.509799368e-02,2.221907e-16,8.420559e-18,1.675715e-17,1.700174e-03
0.270000,3.756841905e-02,1.826764505e-01,9.385319291e-02,9.121127741e-02,2.072879218e-02,4.633886214e-01,0.000000000e+00,7.439765052e-02,1.144926e-16,3.786955e-17,2.917290e-18,1.644767e-03
0.280000,3.768223207e-02,1.818401855e-01,9.428039570e-02,9.079487990e-02,2.029808158e-02,4.344191428e-01,0.000000000e+00,7.369017516e-02,4.443367e-16,6.505213e-18,2.335443e-18,1.631414e-03
0.290000,3.779354158e-02,1.809987071e-01,9.461771325e-02,9.037587052e-02,1.986928113e-02,4.069400659e-01,0.000000000e+00,7.297694627e-02,3.333742e-16,2.809235e-17,5.315909e-18,1.633174e-03
0.300000,3.790209897e-02,1.801527374e-01,9.487235041e-02,8.995460853e-02,1.944290547e-02,3.808815116e-01,0.000000000e+00,7.225924678e-02,1.145123e-16,6.938894e-18,1.175947e-17,1.637265e-03
0.310000,3.800767379e-02,1.793029440e-01,9.505101369e-02,8.953142633e-02,1.901942582e-02,3.561803848e-01,0.000000000e+00,7.153826648e-02,4.495296e-16,3.529907e-17,2.429000e-17,1.690063e-03
0.320000,3.811005321e-02,1.784499449e-01,9.515994359e-02,8.910663150e-02,1.859927252e-02,3.327803824e-01,0.000000000e+00,7.081510515e-02,2.483598e-16,2.168404e-18,1.101626e-17,1.633664e-03
0.330000,3.820904149e-02,1.775943116e-01,9.520494491e-02,8.868050850e-02,1.818283758e-02,3.106320589e-01,0.000000000e+00,7.009077612e-02,3.402403e-16,1.902273e-17,1.301765e-17,1.631294e-03
0.340000,3.830445940e-02,1.767365723e-01,9.519141498e-02,8.825332040e-02,1.777047699e-02,2.896929589e-01,0.000000000e+00,6.936621006e-02,3.511736e-16,3.705371e-17,2.819009e-17,1.640305e-03
0.350000,3.839614371e-02,1.758772155e-01,9.512437021e-02,8.782531045e-02,1.736251299e-02,2.699278234e-01,0.000000000e+00,6.864225901e-02,3.348915e-16,3.522172e-17,1.094776e-17,1.635014e-03
0.360000,3.848394655e-02,1.750166926e-01,9.500847078e-02,8.739670345e-02,1.695923613e-02,2.513088708e-01,0.000000000e+00,6.791970048e-02,8.891642e-16,1.989740e-17,6.209365e-18,1.703043e-03
0.370000,3.856773488e-02,1.741554206e-01,9.484804387e-02,8.696770715e-02,1.656090731e-02,2.338161475e-01,0.000000000e+00,6.719924161e-02,1.144950e-16,5.129182e-17,1.226635e-18,1.635524e-03
0.380000,3.864738985e-02,1.732937847e-01,9.464710536e-02,8.653851344e-02,1.616775964e-02,2.174379247e-01,0.000000000e+00,6.648152335e-02,2.498036e-16,1.170938e-17,1.125901e-17,1.638555e-03
0.390000,3.872280625e-02,1.724321404e-01,9.440938010e-02,8.610929953e-02,1.578000024e-02,2.021710927e-01,0.000000000e+00,6.576712451e-02,4.783531e-16,4.561902e-17,8.940560e-19,1.631864e-03
0.400000,3.879389191e-02,1.715708161e-01,9.413832104e-02,8.568022902e-02,1.539781191e-02,1.880214617e-01,0.000000000e+00,6.505656580e-02,2.222072e-16,2.103352e-17,7.410742e-18,1.634864e-03
0.410000,3.886056710e-02,1.707101146e-01,9.383712699e-02,8.525145286e-02,1.502135473e-02,1.750038185e-01,0.000000000e+00,6.435031370e-02,3.544298e-16,2.085730e-17,4.125671e-18,1.699164e-03
0.420000,3.892276394e-02,1.698503150e-01,9.350875935e-02,8.482311027e-02,1.465076759e-02,1.631415041e-01,0.000000000e+00,6.364878425e-02,5.564651e-17,9.660965e-18,5.654507e-18,1.631324e-03
0.430000,3.898042585e-02,1.689916748e-01,9.315595781e-02,8.439532963e-02,1.428616956e-02,1.524651887e-01,0.000000000e+00,6.295234667e-02,1.113209e-16,2.832238e-17,7.996680e-18,1.646606e-03
0.440000,3.903350696e-02,1.681344311e-01,9.278125498e-02,8.396822923e-02,1.392766130e-02,1.430104461e-01,0.000000000e+00,6.226132679e-02,3.333740e-16,1.696491e-17,1.889376e-17,1.632835e-03
0.450000,3.908197155e-02,1.672788023e-01,9.238699023e-02,8.354191800e-02,1.357532626e-02,1.348137445e-01,0.000000000e+00,6.157601035e-02,6.844232e-16,2.576298e-17,2.232509e-18,1.648976e-03
0.460000,3.912579353e-02,1.664249893e-01,9.197532253e-02,8.311649623e-02,1.322923193e-02,1.279066540e-01,0.000000000e+00,6.089664615e-02,2.247961e-16,3.250293e-17,1.634810e-17,1.708824e-03
0.470000,3.916495585e-02,1.655731767e-01,9.154824261e-02,8.269205614e-02,1.288943094e-02,1.223085275e-01,0.000000000e+00,6.022344899e-02,2.484446e-16,1.127570e-17,5.249151e-18,1.636245e-03
0.480000,3.919945003e-02,1.647235345e-01,9.110758428e-02,8.226868252e-02,1.255596215e-02,1.180186021e-01,0.000000000e+00,5.955660243e-02,3.511222e-16,1.532220e-17,6.732538e-18,1.637295e-03
0.490000,3.922927562e-02,1.638762185e-01,9.065503511e-02,8.184645326e-02,1.222885162e-02,1.150091833e-01,0.000000000e+00,5.889626148e-02,2.326604e-16,1.044442e-17,1.886294e-17,1.630663e-03
0.500000,3.925443972e-02,1.630313716e-01,9.019214641e-02,8.142543981e-02,1.190811359e-02,1.132218678e-01,0.000000000e+00,5.824255497e-02,4.506612e-16,4.266856e-17,7.176239e-18,1.633034e-03
0.510000,3.927495649e-02,1.621891251e-01,8.972034256e-02,8.100570769e-02,1.159375133e-02,1.125682333e-01,0.000000000e+00,5.759558793e-02,6.257040e-17,3.556183e-17,1.612840e-17,1.694262e-03
0.520000,3.929084671e-02,1.613495989e-01,8.924092986e-02,8.058731694e-02,1.128575805e-02,1.129351352e-01,0.000000000e+00,5.695544368e-02,3.377191e-16,1.947343e-17,1.408128e-17,1.630474e-03
0.530000,3.930213731e-02,1.605129027e-01,8.875510472e-02,8.017032246e-02,1.098411762e-02,1.141932866e-01,0.000000000e+00,5.632218585e-02,5.558092e-16,2.470935e-17,2.320598e-17,1.629904e-03
0.540000,3.930886093e-02,1.596791368e-01,8.826396137e-02,7.975477443e-02,1.068880532e-02,1.162069536e-01,0.000000000e+00,5.569586027e-02,1.584212e-16,1.035626e-17,3.909147e-18,1.694142e-03
0.550000,3.931105555e-02,1.588483926e-01,8.776849914e-02,7.934071864e-02,1.039978862e-02,1.188426989e-01,0.000000000e+00,5.507649662e-02,6.766168e-16,5.353983e-17,1.600805e-17,1.639665e-03
0.560000,3.930876406e-02,1.580207534e-01,8.726962924e-02,7.892819681e-02,1.011702771e-02,1.219759010e-01,0.000000000e+00,5.446411010e-02,1.001613e-15,4.347205e-17,6.378390e-18,1.708754e-03
0.570000,3.930203386e-02,1.571962949e-01,8.676818107e-02,7.851724689e-02,9.840476243e-03,1.254946999e-01,0.000000000e+00,5.385870288e-02,2.220823e-16,4.368406e-17,3.666912e-17,1.645846e-03
0.580000,3.929091656e-02,1.563750858e-01,8.626490822e-02,7.810790334e-02,9.570081826e-03,1.293016909e-01,0.000000000e+00,5.326026544e-02,2.326923e-16,7.961322e-18,1.086152e-17,1.648616e-03
0.590000,3.927546757e-02,1.555571881e-01,8.576049402e-02,7.770019739e-02,9.305786612e-03,1.333139770e-01,0.000000000e+00,5.266877788e-02,2.230457e-16,5.903797e-17,5.987702e-18,1.643636e-03
0.600000,3.925574577e-02,1.547426582e-01,8.525555676e-02,7.729415724e-02,9.047527795e-03,1.374622101e-01,0.000000000e+00,5.208421101e-02,3.337901e-16,1.154153e-17,1.854493e-17,2.157346e-03
0.610000,3.923181326e-02,1.539315465e-01,8.475065458e-02,7.688980835e-02,8.795238093e-03,1.416891185e-01,0.000000000e+00,5.150652745e-02,5.681875e-16,1.387948e-17,8.240650e-18,1.874117e-03
0.620000,3.920373495e-02,1.531238985e-01,8.424629003e-02,7.648717356e-02,8.548846198e-03,1.459478660e-01,0.000000000e+00,5.093568261e-02,5.558471e-16,3.084017e-17,8.370153e-18,1.644316e-03
0.630000,3.917157839e-02,1.523197547e-01,8.374291435e-02,7.608627335e-02,8.308277195e-03,1.502004479e-01,0.000000000e+00,5.037162555e-02,1.221340e-15,5.303023e-17,2.139837e-17,1.711055e-03
0.640000,3.913541340e-02,1.515191514e-01,8.324093143e-02,7.568712600e-02,8.073452961e-03,1.544162290e-01,0.000000000e+00,4.981429981e-02,1.643965e-16,4.941869e-17,6.187556e-18,1.645115e-03
0.650000,3.909531187e-02,1.507221207e-01,8.274070157e-02,7.528974770e-02,7.844292528e-03,1.585706687e-01,0.000000000e+00,4.926364413e-02,5.562062e-16,2.804397e-17,2.114417e-17,1.730748e-03
0.660000,3.905134749e-02,1.499286907e-01,8.224254492e-02,7.489415280e-02,7.620712431e-03,1.626442371e-01,0.000000000e+00,4.871959315e-02,9.745765e-18,2.875753e-17,1.553288e-17,1.671849e-03
0.670000,3.900359553e-02,1.491388862e-01,8.174674475e-02,7.450035384e-02,7.402627027e-03,1.666215110e-01,0.000000000e+00,4.818207801e-02,1.213811e-16,2.775579e-17,7.030614e-18,1.695653e-03
0.680000,3.895213262e-02,1.483527288e-01,8.125355046e-02,7.410836176e-02,7.189948802e-03,1.704904271e-01,0.000000000e+00,4.765102690e-02,1.164278e-16,5.724752e-18,7.379746e-18,1.637595e-03
0.690000,3.889703654e-02,1.475702369e-01,8.076318039e-02,7.371818600e-02,6.982588641e-03,1.742416694e-01,0.000000000e+00,4.712636559e-02,4.441570e-16,3.103168e-17,1.112298e-17,1.631505e-03
0.700000,3.883838602e-02,1.467914262e-01,8.027582446e-02,7.332983460e-02,6.780456099e-03,1.778681696e-01,0.000000000e+00,4.660801782e-02,7.776787e-16,1.761086e-17,1.931828e-17,1.629714e-03
0.710000,3.877626057e-02,1.460163098e-01,7.979164658e-02,7.294331431e-02,6.583459637e-03,1.813646992e-01,0.000000000e+00,4.609590578e-02,1.388382e-16,1.275494e-17,1.651550e-17,1.624263e-03
0.720000,3.871074033e-02,1.452448984e-01,7.931078693e-02,7.255863068e-02,6.391506849e-03,1.847275370e-01,0.000000000e+00,4.558995043e-02,2.231468e-16,8.182674e-18,1.253602e-17,1.781835e-03
0.730000,3.864190584e-02,1.444772006e-01,7.883336408e-02,7.217578817e-02,6.204504676e-03,1.879541982e-01,0.000000000e+00,4.509007186e-02,1.163688e-16,4.368406e-17,4.688783e-18,1.642506e-03
0.740000,3.856983796e-02,1.437132227e-01,7.835947691e-02,7.179479021e-02,6.022359594e-03,1.910432127e-01,0.000000000e+00,4.459618955e-02,1.398579e-17,2.836572e-17,4.975531e-18,1.649267e-03
0.750000,3.849461772e-02,1.429529693e-01,7.788920643e-02,7.141563930e-02,5.844977800e-03,1.939939441e-01,0.000000000e+00,4.410822266e-02,4.546384e-16,1.608461e-17,1.296030e-17,1.649957e-03
0.760000,3.841632613e-02,1.421964433e-01,7.742261748e-02,7.103833705e-02,5.672265374e-03,1.968064403e-01,0.000000000e+00,4.362609025e-02,3.342855e-16,5.141679e-18,1.307408e-17,1.643706e-03
0.770000,3.833504413e-02,1.414436459e-01,7.695976024e-02,7.066288427e-02,5.504128438e-03,1.994813118e-01,0.000000000e+00,4.314971150e-02,2.517995e-16,8.240650e-18,6.092068e-18,1.723177e-03
0.780000,3.825085246e-02,1.406945769e-01,7.650067170e-02,7.028928104e-02,5.340473292e-03,2.020196304e-01,0.000000000e+00,4.267900586e-02,2.224779e-16,6.712429e-18,9.178173e-18,1.636094e-03
0.790000,3.816383150e-02,1.399492345e-01,7.604537696e-02,6.991752673e-02,5.181206550e-03,2.044228457e-01,0.000000000e+00,4.221389324e-02,2.225763e-16,8.015034e-18,2.211028e-17,1.637335e-03
0.800000,3.807406125e-02,1.392076159e-01,7.559389047e-02,6.954762009e-02,5.026235259e-03,2.066927157e-01,0.000000000e+00,4.175429415e-02,3.342464e-16,1.769078e-17,7.745978e-18,1.659158e-03
0.810000,3.798162120e-02,1.384697170e-01,7.514621713e-02,6.917955928e-02,4.875467008e-03,2.088312495e-01,0.000000000e+00,4.130012978e-02,2.222753e-16,3.479601e-17,7.352817e-18,1.624293e-03
0.820000,3.788659023e-02,1.377355327e-01,7.470235334e-02,6.881334192e-02,4.728810028e-03,2.108406591e-01,0.000000000e+00,4.085132217e-02,2.326669e-16,1.423415e-17,1.180188e-17,1.632614e-03
0.830000,3.778904657e-02,1.370050567e-01,7.426228797e-02,6.844896514e-02,4.586173288e-03,2.127233192e-01,0.000000000e+00,4.040779422e-02,1.441622e-17,2.573428e-17,5.604916e-18,1.649996e-03
0.840000,3.768906771e-02,1.362782821e-01,7.382600319e-02,6.808642560e-02,4.447466575e-03,2.144817337e-01,0.000000000e+00,3.996946985e-02,7.860022e-16,2.314410e-17,3.008661e-18,1.900241e-03
0.850000,3.758673036e-02,1.355552009e-01,7.339347530e-02,6.772571953e-02,4.312600573e-03,2.161185074e-01,0.000000000e+00,3.953627399e-02,2.512416e-16,7.475690e-18,1.455135e-17,1.644046e-03
0.860000,3.748211034e-02,1.348358044e-01,7.296467547e-02,6.736684280e-02,4.181486929e-03,2.176363223e-01,0.000000000e+00,3.910813266e-02,5.572435e-16,1.564598e-17,1.013109e-17,1.702144e-03
0.870000,3.737528258e-02,1.341200833e-01,7.253957039e-02,6.700979089e-02,4.054038319e-03,2.190379176e-01,0.000000000e+00,3.868497305e-02,2.227296e-16,2.905682e-17,9.978526e-18,1.630714e-03
0.880000,3.726632105e-02,1.334080275e-01,7.211812287e-02,6.665455897e-02,3.930168498e-03,2.203260727e-01,0.000000000e+00,3.826672347e-02,4.538998e-16,2.461139e-17,9.643649e-18,1.625143e-03
0.890000,3.715529871e-02,1.326996263e-01,7.170029244e-02,6.630114191e-02,3.809792357e-03,2.215035933e-01,0.000000000e+00,3.785331346e-02,5.594752e-16,3.041975e-17,1.188565e-17,1.637005e-03
0.900000,3.704228749e-02,1.319948685e-01,7.128603581e-02,6.594953429e-02,3.692825959e-03,2.225732988e-01,0.000000000e+00,3.744467375e-02,1.114357e-16,3.949177e-17,1.008731e-18,1.636515e-03
0.910000,3.692735823e-02,1.312937426e-01,7.087530736e-02,6.559973045e-02,3.579186585e-03,2.235380125e-01,0.000000000e+00,3.704073629e-02,4.199321e-17,8.947173e-18,7.618256e-18,1.707895e-03
0.920000,3.681058067e-02,1.305962362e-01,7.046805956e-02,6.525172448e-02,3.468792765e-03,2.244005532e-01,0.000000000e+00,3.664143428e-02,4.652717e-16,2.102150e-17,5.804533e-18,1.638855e-03
0.930000,3.669202344e-02,1.299023368e-01,7.006424329e-02,6.490551027e-02,3.361564305e-03,2.251637271e-01,0.000000000e+00,3.624670212e-02,1.012248e-15,4.202197e-17,7.068133e-19,1.640365e-03
0.940000,3.657175400e-02,1.292120314e-01,6.966380825e-02,6.456108152e-02,3.257422317e-03,2.258303225e-01,0.000000000e+00,3.585647546e-02,2.224174e-16,2.142664e-17,4.272143e-18,1.644035e-03
0.950000,3.644983861e-02,1.285253068e-01,6.926670325e-02,6.421843173e-02,3.156289238e-03,2.264031042e-01,0.000000000e+00,3.547069117e-02,2.552318e-16,1.909447e-17,6.489170e-18,1.639464e-03
0.960000,3.632634239e-02,1.278421492e-01,6.887287643e-02,6.387755426e-02,3.058088845e-03,2.268848090e-01,0.000000000e+00,3.508928732e-02,1.164148e-16,2.094862e-17,6.100414e-18,1.713795e-03
0.970000,3.620132923e-02,1.271625448e-01,6.848227556e-02,6.353844233e-02,2.962746275e-03,2.272781423e-01,0.000000000e+00,3.471220319e-02,1.617391e-16,3.172565e-18,1.559981e-17,1.637904e-03
0.980000,3.607486179e-02,1.264864793e-01,6.809484826e-02,6.320108900e-02,2.870188030e-03,2.275857749e-01,0.000000000e+00,3.433937922e-02,1.113547e-16,2.965095e-17,7.550594e-18,1.707734e-03
0.990000,3.594700154e-02,1.258139383e-01,6.771054215e-02,6.286548722e-02,2.780341988e-03,2.278103405e-01,0.000000000e+00,3.397075704e-02,2.498438e-16,2.766354e-17,1.559954e-18,1.652216e-03
1.000000,3.581780870e-02,1.251449073e-01,6.732930505e-02,6.253162984e-02,2.693137408e-03,2.279544333e-01,0.000000000e+00,3.360627942e-02,2.486486e-16,2.757653e-17,8.740298e-18,1.639715e-03
1.010000,3.564319138e-02,1.244441956e-01,7.709183945e-02,6.218195582e-02,2.546397420e-03,3.026891801e-01,0.000000000e+00,3.395621401e-02,2.233894e-16,3.305808e-17,1.697532e-17,1.654247e-03
1.020000,3.539130575e-02,1.236892193e-01,8.891209107e-02,6.180519379e-02,2.300192439e-03,3.974141065e-01,0.000000000e+00,3.455406288e-02,3.377127e-16,1.861326e-17,4.246766e-18,1.649426e-03
1.030000,3.506789828e-02,1.228888595e-01,1.009970410e-01,6.140577397e-02,1.973007197e-03,4.938140034e-01,0.000000000e+00,3.529669581e-02,7.851885e-16,4.597209e-18,5.204806e-18,1.718205e-03
1.040000,3.467831425e-02,1.220519328e-01,1.124790756e-01,6.098809497e-02,1.591578651e-03,5.861863279e-01,0.000000000e+00,3.610241804e-02,2.523486e-16,1.268621e-17,6.591601e-18,1.645725e-03
1.050000,3.422754365e-02,1.211870981e-01,1.229577278e-01,6.055647687e-02,1.207790856e-03,6.727317999e-01,0.000000000e+00,3.690766661e-02,8.882641e-16,3.439359e-17,1.431188e-18,1.643305e-03
1.060000,3.372026321e-02,1.203027806e-01,1.322595574e-01,6.011512367e-02,9.508997258e-04,7.529734165e-01,0.000000000e+00,3.766415369e-02,4.546633e-16,3.821276e-17,3.035766e-18,1.647556e-03
1.070000,3.316087513e-02,1.194071124e-01,1.403246682e-01,5.966809351e-02,1.039330131e-03,8.269434442e-01,0.000000000e+00,3.833639898e-02,2.273017e-16,2.607912e-17,8.706758e-18,1.638585e-03
1.080000,3.255354268e-02,1.185078848e-01,1.471522788e-01,5.921927474e-02,1.471569420e-03,8.948879383e-01,0.000000000e+00,3.889960072e-02,2.454802e-17,1.930813e-17,1.709742e-17,1.702924e-03
1.090000,3.190222318e-02,1.176125099e-01,1.527734208e-01,5.877236708e-02,2.074047183e-03,9.571453743e-01,0.000000000e+00,3.933780148e-02,2.337504e-16,4.972714e-17,1.042865e-17,1.647456e-03
1.100000,3.121069860e-02,1.167279916e-01,1.572365699e-01,5.833086669e-02,2.755011190e-03,1.014091910e+00,0.000000000e+00,3.964231022e-02,4.460576e-16,6.535916e-18,6.314489e-18,1.638815e-03
1.110000,3.048260427e-02,1.158609021e-01,1.605997537e-01,5.789805466e-02,3.477229954e-03,1.066114928e+00,0.000000000e+00,3.981034735e-02,1.110570e-16,2.432095e-17,2.742839e-18,1.644865e-03
1.120000,2.972145595e-02,1.150173646e-01,1.629260691e-01,5.747698829e-02,4.221938863e-03,1.113599585e+00,0.000000000e+00,3.984388360e-02,4.449693e-16,3.437729e-17,1.084202e-18,1.648976e-03
1.130000,2.893067573e-02,1.142030411e-01,1.642810787e-01,5.707049488e-02,4.977196555e-03,1.156921726e+00,0.000000000e+00,3.974864738e-02,2.506994e-16,6.593955e-17,1.582787e-17,1.713954e-03
1.140000,2.811361713e-02,1.134231244e-01,1.647312903e-01,5.668116777e-02,5.734120692e-03,1.196444058e+00,0.000000000e+00,3.953327837e-02,4.441468e-16,8.814937e-18,1.908196e-17,1.648656e-03
1.150000,2.727358989e-02,1.126823344e-01,1.643432854e-01,5.631136437e-02,6.485488225e-03,1.232514036e+00,0.000000000e+00,3.920860824e-02,1.126001e-16,4.666505e-17,3.127317e-18,1.715965e-03
1.160000,2.641388479e-02,1.119849180e-01,1.631832529e-01,5.596320610e-02,7.225138516e-03,1.265462696e+00,0.000000000e+00,3.878705152e-02,5.556454e-16,5.007383e-17,2.030442e-17,1.649116e-03
1.170000,2.553779923e-02,1.113346531e-01,1.613167905e-01,5.563858020e-02,7.947686339e-03,1.295603977e+00,0.000000000e+00,3.828209204e-02,4.586616e-16,3.980661e-17,2.430161e-17,1.646866e-03
1.180000,2.464866384e-02,1.107348550e-01,1.588088905e-01,5.533914323e-02,8.648368272e-03,1.323234333e+00,0.000000000e+00,3.770785224e-02,1.112803e-16,1.104184e-17,7.757919e-18,1.651607e-03
1.190000,2.374987100e-02,1.101883879e-01,1.557240653e-01,5.506632628e-02,9.322951969e-03,1.348632492e+00,0.000000000e+00,3.707873404e-02,6.278794e-17,2.721347e-17,1.084202e-17,1.644236e-03
1.200000,2.284490574e-02,1.096976775e-01,1.521265855e-01,5.482134172e-02,9.967677437e-03,1.372059301e+00,0.000000000e+00,3.640912183e-02,5.603781e-16,2.944003e-17,5.222209e-18,1.661278e-03
1.210000,2.193737970e-02,1.092647287e-01,1.480808216e-01,5.460519159e-02,1.057921575e-02,1.393757627e+00,0.000000000e+00,3.571313890e-02,3.349331e-16,5.237000e-17,2.082120e-17,1.643055e-03
1.220000,2.103106889e-02,1.088911445e-01,1.436516841e-01,5.441867723e-02,1.115463788e-02,1.413952302e+00,0.000000000e+00,3.500445020e-02,2.289638e-16,4.558861e-17,1.388456e-17,1.642116e-03
1.230000,2.012995570e-02,1.085781483e-01,1.389051662e-01,5.426241035e-02,1.169138971e-02,1.432850100e+00,0.000000000e+00,3.429610477e-02,3.331719e-16,1.323970e-17,1.388456e-17,1.647756e-03
1.240000,1.923827539e-02,1.083266080e-01,1.339089936e-01,5.413682507e-02,1.218727114e-02,1.450639774e+00,0.000000000e+00,3.360041254e-02,5.575625e-17,3.675813e-17,6.505213e-18,1.638755e-03
1.250000,1.836056697e-02,1.081370623e-01,1.287333829e-01,5.404219095e-02,1.264041799e-02,1.467492132e+00,0.000000000e+00,3.292885049e-02,5.551420e-16,2.855798e-17,3.127317e-18,1.671279e-03
1.260000,1.750172711e-02,1.080097481e-01,1.234519008e-01,5.397862679e-02,1.304928591e-02,1.483560194e+00,0.000000000e+00,3.229199401e-02,7.796612e-16,3.623247e-17,1.743376e-17,1.639954e-03
1.270000,1.666706458e-02,1.079446293e-01,1.181423963e-01,5.394611482e-02,1.341263606e-02,1.498979408e+00,0.000000000e+00,3.169946978e-02,2.238062e-16,1.708504e-17,3.496447e-18,1.662648e-03
1.280000,1.586234997e-02,1.079414255e-01,1.128879357e-01,5.394451524e-02,1.372952198e-02,1.513867966e+00,0.000000000e+00,3.115992699e-02,2.112609e-17,4.163562e-17,1.599336e-17,1.639104e-03
1.290000,1.509385218e-02,1.079996415e-01,1.077776095e-01,5.397358082e-02,1.399927784e-02,1.528327199e+00,0.000000000e+00,3.068102420e-02,8.884515e-16,2.655034e-17,7.359808e-18,1.638805e-03
1.300000,1.436834809e-02,1.081185958e-01,1.029069793e-01,5.403297122e-02,1.422150772e-02,1.542442069e+00,0.000000000e+00,3.026942928e-02,4.454815e-16,7.102972e-17,4.091337e-18,1.665088e-03
1.310000,1.369308623e-02,1.082974491e-01,9.837780394e-02,5.412226700e-02,1.439607612e-02,1.556281756e+00,0.000000000e+00,2.993083049e-02,2.491684e-16,1.962616e-17,5.275955e-18,1.641695e-03
1.320000,1.307567909e-02,1.085352303e-01,9.429654909e-02,5.424098295e-02,1.452309951e-02,1.569900335e+00,0.000000000e+00,2.966995679e-02,4.449948e-16,2.850771e-17,3.496447e-18,1.641264e-03
1.330000,1.252389600e-02,1.088308622e-01,9.077111258e-02,5.438858070e-02,1.460293933e-02,1.583337547e+00,0.000000000e+00,2.949060582e-02,4.441877e-16,4.545381e-17,3.816638e-17,1.665528e-03
1.340000,1.204533226e-02,1.091831848e-01,8.790531453e-02,5.456448039e-02,1.463619617e-02,1.596619636e+00,0.000000000e+00,2.939567823e-02,4.468083e-16,2.832238e-17,1.097135e-17,1.639295e-03
1.350000,1.164694645e-02,1.095909762e-01,8.579116358e-02,5.476807124e-02,1.462370563e-02,1.609760263e+00,0.000000000e+00,2.938721703e-02,1.572319e-16,1.592264e-17,2.288668e-17,1.631564e-03
1.360000,1.133449103e-02,1.100529722e-01,8.449976044e-02,5.499872106e-02,1.456653593e-02,1.622761474e+00,0.000000000e+00,2.946645105e-02,4.578027e-16,2.775558e-17,5.898698e-18,1.641095e-03
1.370000,1.111190593e-02,1.105678821e-01,8.407270026e-02,5.525578448e-02,1.446598761e-02,1.635614710e+00,0.000000000e+00,2.963384160e-02,9.041388e-17,3.417009e-17,6.254634e-18,1.638195e-03
1.380000,1.098078761e-02,1.111344032e-01,8.451639534e-02,5.553861009e-02,1.432359569e-02,1.648301841e+00,0.000000000e+00,2.988913138e-02,4.443331e-16,2.688821e-17,7.269816e-18,1.666918e-03
1.390000,1.094006120e-02,1.117512328e-01,8.580125733e-02,5.584654619e-02,1.414113478e-02,1.660796224e+00,0.000000000e+00,3.023139520e-02,2.259294e-16,1.390487e-17,8.845389e-18,1.642845e-03
1.400000,1.098595121e-02,1.124170767e-01,8.786614092e-02,5.617894548e-02,1.392062772e-02,1.673063751e+00,0.000000000e+00,3.065909169e-02,1.672620e-16,2.823925e-17,8.845389e-18,1.662528e-03
1.410000,1.111227156e-02,1.131306569e-01,9.062666116e-02,5.653516853e-02,1.366435843e-02,1.685063896e+00,0.000000000e+00,3.117011564e-02,4.449990e-16,2.823925e-17,3.705371e-18,1.664668e-03
1.420000,1.131096852e-02,1.138907161e-01,9.398497657e-02,5.691458620e-02,1.337488997e-02,1.696750733e+00,0.000000000e+00,3.176185035e-02,2.530456e-16,5.815853e-17,4.336809e-19,1.655737e-03
1.430000,1.157279143e-02,1.146960203e-01,9.783877952e-02,5.731658103e-02,1.305508868e-02,1.708073926e+00,0.000000000e+00,3.243121980e-02,2.288804e-16,1.551584e-17,2.168404e-18,1.671380e-03
1.440000,1.188795840e-02,1.155453604e-01,1.020881534e-01,5.774054776e-02,1.270815568e-02,1.718979675e+00,0.000000000e+00,3.317474015e-02,3.342464e-16,1.844036e-17,3.705371e-18,1.645265e-03
1.450000,1.224671831e-02,1.164375509e-01,1.066399629e-01,5.818589300e-02,1.233766704e-02,1.729411628e+00,0.000000000e+00,3.398857022e-02,1.186553e-16,4.195736e-17,3.469447e-18,1.673379e-03
1.460000,1.263976183e-02,1.173714283e-01,1.114101096e-01,5.865203422e-02,1.194762371e-02,1.739311728e+00,0.000000000e+00,3.486856091e-02,2.288804e-16,3.319855e-17,1.420594e-17,1.657937e-03
1.470000,1.305847945e-02,1.183458476e-01,1.163242475e-01,5.913839817e-02,1.154251226e-02,1.748621018e+00,0.000000000e+00,3.581030309e-02,2.259294e-16,3.122502e-17,4.091337e-18,1.645915e-03
1.480000,1.349509076e-02,1.193596785e-01,1.213175372e-01,5.964441877e-02,1.112737631e-02,1.757280389e+00,0.000000000e+00,3.680917397e-02,4.694587e-16,1.430490e-17,7.269816e-18,1.649566e-03
1.490000,1.394267991e-02,1.204117999e-01,1.263338899e-01,6.016953466e-02,1.070789709e-02,1.765231269e+00,0.000000000e+00,3.786038156e-02,4.441829e-16,2.907926e-17,1.387779e-17,1.647475e-03
1.500000,1.439517000e-02,1.215010950e-01,1.313249998e-01,6.071318646e-02,1.029047782e-02,1.772416267e+00,0.000000000e+00,3.895900733e-02,3.331692e-16,1.430490e-17,1.041737e-17,1.675009e-03
1.510000,1.484726298e-02,1.226264450e-01,1.362493456e-01,6.127481383e-02,9.882321455e-03,1.778779753e+00,0.000000000e+00,4.010004678e-02,6.679350e-16,5.766488e-17,1.041737e-17,1.658377e-03
1.520000,1.529436375e-02,1.237867233e-01,1.410712542e-01,6.185385250e-02,9.491482390e-03,1.784268396e+00,0.000000000e+00,4.127844783e-02,1.522833e-16,8.355535e-17,1.769078e-17,1.648276e-03
1.530000,1.573250038e-02,1.249807892e-01,1.457600691e-01,6.244973120e-02,9.126861222e-03,1.788831648e+00,0.000000000e+00,4.248914704e-02,5.663196e-16,3.184529e-17,3.576224e-18,1.658838e-03
1.540000,1.615824753e-02,1.262074822e-01,1.502894338e-01,6.306186874e-02,8.798098267e-03,1.792422186e+00,0.000000000e+00,4.372710353e-02,7.649521e-17,2.255141e-17,3.576224e-18,1.644575e-03
1.550000,1.656865660e-02,1.274656163e-01,1.546366870e-01,6.368967117e-02,8.515312246e-03,1.794996305e+00,0.000000000e+00,4.498733054e-02,4.527761e-18,5.766488e-17,6.992894e-18,1.672329e-03
1.560000,1.696119413e-02,1.287539744e-01,1.587823567e-01,6.433252914e-02,8.288635620e-03,1.796514279e+00,0.000000000e+00,4.626492469e-02,1.163625e-16,2.907926e-17,3.878960e-18,1.642464e-03
1.570000,1.733368844e-02,1.300713039e-01,1.627097400e-01,6.498981544e-02,8.127531514e-03,1.796940677e+00,0.000000000e+00,4.755509277e-02,8.989766e-16,3.103168e-17,1.778092e-17,1.642885e-03
1.580000,1.768428425e-02,1.314163117e-01,1.664045546e-01,6.566088291e-02,8.039947095e-03,1.796244646e+00,0.000000000e+00,4.885317624e-02,1.110833e-16,2.823925e-17,1.041737e-17,1.657267e-03
1.590000,1.801140425e-02,1.327876613e-01,1.698546504e-01,6.634506252e-02,8.031450276e-03,1.794400168e+00,0.000000000e+00,5.015467324e-02,4.475830e-16,2.860979e-17,1.041737e-17,1.657437e-03
1.600000,1.831371688e-02,1.341839689e-01,1.730497689e-01,6.704166189e-02,8.104564207e-03,1.791386276e+00,0.000000000e+00,5.145525837e-02,4.596993e-16,2.823925e-17,2.092931e-17,1.677829e-03
1.610000,1.859010927e-02,1.356038014e-01,1.759813429e-01,6.774996400e-02,8.258499377e-03,1.787187254e+00,0.000000000e+00,5.275080000e-02,6.697523e-16,5.561947e-17,1.420594e-17,1.656746e-03
1.620000,1.883966467e-02,1.370456745e-01,1.786423284e-01,6.846922639e-02,8.489367866e-03,1.781792803e+00,0.000000000e+00,5.403737538e-02,1.434592e-17,2.797158e-17,6.938894e-18,1.669548e-03
1.630000,1.906164361e-02,1.385080515e-01,1.810270625e-01,6.919868056e-02,8.790802490e-03,1.775198188e+00,0.000000000e+00,5.531128347e-02,5.566881e-16,1.387779e-17,7.152448e-18,1.654056e-03
1.640000,1.925546816e-02,1.399893428e-01,1.831311431e-01,6.993753178e-02,9.154786886e-03,1.767404364e+00,0.000000000e+00,5.656905559e-02,2.483265e-16,5.869931e-17,7.757919e-18,1.645435e-03
1.650000,1.942070876e-02,1.414879065e-01,1.849513259e-01,7.068495921e-02,9.572485079e-03,1.758418077e+00,0.000000000e+00,5.780746391e-02,2.289626e-16,5.594315e-17,7.059813e-18,1.671109e-03
1.660000,1.955707326e-02,1.430020487e-01,1.864854350e-01,7.144011631e-02,1.003492305e-02,1.748251950e+00,0.000000000e+00,5.902352793e-02,1.145156e-16,2.081668e-17,1.390487e-17,1.640594e-03
1.670000,1.966439780e-02,1.445300251e-01,1.877322865e-01,7.220213153e-02,1.053346381e-02,1.736924551e+00,0.000000000e+00,6.021451897e-02,2.371660e-16,5.561947e-17,3.469447e-18,1.673528e-03
1.680000,1.974263923e-02,1.460700431e-01,1.886916205e-01,7.297010935e-02,1.106008629e-02,1.724460441e+00,0.000000000e+00,6.137796276e-02,7.776667e-16,2.775558e-17,4.177767e-17,1.643355e-03
1.690000,1.979186885e-02,1.476202640e-01,1.893640416e-01,7.374313144e-02,1.160751182e-02,1.710890209e+00,0.000000000e+00,6.251164025e-02,8.886124e-16,1.040834e-17,2.780973e-17,1.637944e-03
1.700000,1.981226726e-02,1.491788059e-01,1.897509663e-01,7.452025819e-02,1.216922872e-02,1.696250485e+00,0.000000000e+00,6.361358666e-02,2.238352e-16,2.797158e-17,8.673617e-19,1.672339e-03
1.710000,1.980412034e-02,1.507437472e-01,1.898545757e-01,7.530053030e-02,1.273945728e-02,1.680583948e+00,0.000000000e+00,6.468208904e-02,7.782748e-16,5.594315e-17,4.876548e-17,1.638744e-03
1.720000,1.976781594e-02,1.523131302e-01,1.896777734e-01,7.608297067e-02,1.331308517e-02,1.663939301e+00,0.000000000e+00,6.571568216e-02,1.241267e-16,2.797158e-17,2.602085e-18,1.663508e-03
1.730000,1.970384156e-02,1.538849647e-01,1.892241469e-01,7.686658639e-02,1.388559274e-02,1.646371245e+00,0.000000000e+00,6.671314319e-02,1.242759e-16,5.928594e-17,0.000000e+00,1.654026e-03
1.740000,1.961278273e-02,1.554572330e-01,1.884979333e-01,7.765037084e-02,1.445297882e-02,1.627940425e+00,0.000000000e+00,6.767348492e-02,4.679642e-16,5.721958e-17,6.992894e-18,1.641454e-03
1.750000,1.949532208e-02,1.570278936e-01,1.875039881e-01,7.843330592e-02,1.501169271e-02,1.608713356e+00,0.000000000e+00,6.859594794e-02,8.899272e-16,2.964297e-17,2.809235e-17,1.668848e-03
1.760000,1.935223924e-02,1.585948862e-01,1.862477569e-01,7.921436441e-02,1.555857462e-02,1.588762329e+00,0.000000000e+00,6.947999166e-02,1.309436e-16,5.928594e-17,6.938894e-18,1.642425e-03
1.770000,1.918441132e-02,1.601561364e-01,1.847352499e-01,7.999251226e-02,1.609080470e-02,1.568165286e+00,0.000000000e+00,7.032528440e-02,4.494859e-16,2.797158e-17,1.411963e-17,1.669608e-03
1.780000,1.899281431e-02,1.617095605e-01,1.829730193e-01,8.076671110e-02,1.660586040e-02,1.547005674e+00,0.000000000e+00,7.113169266e-02,6.788938e-16,5.561947e-17,2.145734e-17,1.655957e-03
1.790000,1.877852506e-02,1.632530704e-01,1.809681390e-01,8.153592060e-02,1.710148094e-02,1.525372249e+00,0.000000000e+00,7.189926965e-02,1.242698e-16,2.964297e-17,7.757919e-18,1.640774e-03
1.800000,1.854272421e-02,1.647845784e-01,1.787281878e-01,8.229910097e-02,1.757563807e-02,1.503358846e+00,0.000000000e+00,7.262824316e-02,8.955342e-16,5.647850e-17,2.110382e-17,1.663188e-03
1.810000,1.828669988e-02,1.663020023e-01,1.762612350e-01,8.305521539e-02,1.802651194e-02,1.481064102e+00,0.000000000e+00,7.331900297e-02,4.172362e-17,5.561947e-17,1.390487e-17,1.639034e-03
1.820000,1.801185232e-02,1.678032702e-01,1.735758290e-01,8.380323237e-02,1.845247119e-02,1.458591110e+00,0.000000000e+00,7.397208779e-02,8.337959e-17,3.273070e-17,6.938894e-18,1.638034e-03
1.830000,1.771969946e-02,1.692863250e-01,1.706809899e-01,8.454212818e-02,1.885205667e-02,1.436047011e+00,0.000000000e+00,7.458817198e-02,3.511487e-16,5.647850e-17,1.179740e-17,1.652816e-03
1.840000,1.741188343e-02,1.707491293e-01,1.675862055e-01,8.527088917e-02,1.922396776e-02,1.413542506e+00,0.000000000e+00,7.516805195e-02,5.613271e-16,3.273070e-17,1.514782e-17,1.650166e-03
1.850000,1.709017805e-02,1.721896700e-01,1.643014323e-01,8.598851400e-02,1.956705121e-02,1.391191272e+00,0.000000000e+00,7.571263259e-02,2.260272e-16,6.938894e-18,6.992894e-18,1.706424e-03
1.860000,1.675649722e-02,1.736059627e-01,1.608371010e-01,8.669401586e-02,1.988029164e-02,1.369109279e+00,0.000000000e+00,7.622291357e-02,4.451721e-16,1.734723e-17,9.813078e-18,1.644855e-03
1.870000,1.641290418e-02,1.749960559e-01,1.572041284e-01,8.738642457e-02,2.016280364e-02,1.347413986e+00,0.000000000e+00,7.669997578e-02,1.186860e-16,2.775558e-17,6.938894e-18,1.667268e-03
1.880000,1.606162127e-02,1.763580349e-01,1.534139361e-01,8.806478866e-02,2.041382500e-02,1.326223425e+00,0.000000000e+00,7.714496791e-02,1.144655e-16,4.443060e-17,1.482148e-17,1.647686e-03
1.890000,1.570504004e-02,1.776900264e-01,1.494784777e-01,8.872817727e-02,2.063271095e-02,1.305655136e+00,0.000000000e+00,7.755909326e-02,1.594625e-16,3.688073e-17,3.576224e-18,1.632774e-03
1.900000,1.534573087e-02,1.789902016e-01,1.454102754e-01,8.937568203e-02,2.081892916e-02,1.285824984e+00,0.000000000e+00,7.794359689e-02,8.968118e-16,2.797158e-17,2.995853e-17,1.675609e-03
1.910000,1.498645164e-02,1.802567800e-01,1.412224690e-01,9.000641882e-02,2.097205533e-02,1.266845837e+00,0.000000000e+00,7.829975315e-02,2.825257e-17,3.469447e-17,4.336809e-18,1.638164e-03
1.920000,1.463015388e-02,1.814880328e-01,1.369288781e-01,9.061952944e-02,2.109176937e-02,1.248826128e+00,0.000000000e+00,7.862885364e-02,8.882873e-16,2.964297e-17,1.754131e-17,1.667838e-03
1.930000,1.427998519e-02,1.826822863e-01,1.325440811e-01,9.121418314e-02,2.117785190e-02,1.231868320e+00,0.000000000e+00,7.893219566e-02,6.731979e-16,2.797158e-17,1.736891e-17,1.645985e-03
1.940000,1.393928561e-02,1.838379242e-01,1.280835149e-01,9.178957811e-02,2.123018117e-02,1.216067300e+00,0.000000000e+00,7.921107133e-02,5.556533e-17,8.505454e-17,2.776912e-17,1.637994e-03
1.950000,1.361157558e-02,1.849533913e-01,1.235635964e-01,9.234494281e-02,2.124873018e-02,1.201508758e+00,0.000000000e+00,7.946675714e-02,4.586007e-16,2.775558e-17,1.040834e-17,1.662487e-03
1.960000,1.330053249e-02,1.860271951e-01,1.190018729e-01,9.287953723e-02,2.123356411e-02,1.188267578e+00,0.000000000e+00,7.970050432e-02,5.564651e-17,6.938894e-18,7.152448e-18,1.645395e-03
1.970000,1.300995272e-02,1.870579088e-01,1.144172041e-01,9.339265404e-02,2.118483793e-02,1.176406333e+00,0.000000000e+00,7.991352979e-02,2.326600e-16,5.647850e-17,6.992894e-18,1.642635e-03
1.980000,1.274369618e-02,1.880441734e-01,1.098299793e-01,9.388361964e-02,2.110279416e-02,1.165973927e+00,0.000000000e+00,8.010700783e-02,3.522343e-16,5.721958e-17,1.040834e-17,1.652506e-03
1.990000,1.250561122e-02,1.889846992e-01,1.052623758e-01,9.435179507e-02,2.098776084e-02,1.157004455e+00,0.000000000e+00,8.028206258e-02,3.514089e-16,8.505454e-17,3.576224e-18,1.643595e-03
2.000000,1.229943949e-02,1.898782680e-01,1.007386572e-01,9.479657690e-02,2.084014967e-02,1.149516358e+00,0.000000000e+00,8.043976117e-02,6.941062e-17,1.962616e-17,6.992894e-18,1.671189e-03
2.010000,1.212870251e-02,1.907237344e-01,9.628551058e-02,9.521739793e-02,2.066045432e-02,1.143511900e+00,0.000000000e+00,8.058110771e-02,2.375621e-16,3.417009e-17,4.336809e-18,1.639484e-03
2.020000,1.199657554e-02,1.915200273e-01,9.193241131e-02,9.561372785e-02,2.044924894e-02,1.138977023e+00,0.000000000e+00,8.070703800e-02,6.674516e-16,1.962616e-17,1.040834e-17,1.636434e-03
2.030000,1.190575734e-02,1.922661509e-01,8.771199239e-02,9.598507377e-02,2.020718683e-02,1.135881593e+00,0.000000000e+00,8.081841510e-02,2.238398e-16,6.973502e-17,1.204977e-17,1.654477e-03
2.040000,1.185834786e-02,1.929611855e-01,8.366037462e-02,9.633098074e-02,1.993499948e-02,1.134180019e+00,0.000000000e+00,8.091602557e-02,1.111036e-16,2.775558e-17,3.878960e-18,1.658577e-03
2.050000,1.185574711e-02,1.936042889e-01,7.981738423e-02,9.665103201e-02,1.963349579e-02,1.133812238e+00,0.000000000e+00,8.100057657e-02,1.241388e-16,3.122502e-17,2.787728e-17,1.668709e-03
2.060000,1.189858785e-02,1.941946962e-01,7.622654550e-02,9.694484939e-02,1.930356174e-02,1.134705004e+00,0.000000000e+00,8.107269367e-02,3.342394e-16,2.860979e-17,1.072867e-17,1.644365e-03
2.070000,1.198671085e-02,1.947317207e-01,7.293469158e-02,9.721209340e-02,1.894616040e-02,1.136773424e+00,0.000000000e+00,8.113291939e-02,2.002084e-16,2.797158e-17,9.055522e-18,1.639905e-03
2.080000,1.211918620e-02,1.952147541e-01,6.999100018e-02,9.745246338e-02,1.856233263e-02,1.139922673e+00,0.000000000e+00,8.118171254e-02,3.608392e-16,1.962616e-17,8.673617e-18,1.646875e-03
2.090000,1.229437742e-02,1.956432665e-01,6.744525965e-02,9.766569751e-02,1.815319829e-02,1.144049819e+00,0.000000000e+00,8.121944815e-02,4.586236e-16,2.860979e-17,0.000000e+00,1.631964e-03
2.100000,1.251003969e-02,1.960168062e-01,6.534524316e-02,9.785157276e-02,1.771995836e-02,1.149045664e+00,0.000000000e+00,8.124641813e-02,2.238062e-16,3.103168e-17,1.788112e-17,1.661548e-03
2.110000,1.276343980e-02,1.963349997e-01,6.373325211e-02,9.800990476e-02,1.726389813e-02,1.154796572e+00,0.000000000e+00,8.126283258e-02,1.241752e-16,2.775558e-17,1.620365e-17,1.629553e-03
2.120000,1.305148475e-02,1.965975511e-01,6.264218263e-02,9.814054756e-02,1.678639157e-02,1.161186191e+00,0.000000000e+00,8.126882166e-02,2.238062e-16,3.576224e-17,2.281672e-17,1.637564e-03
2.130000,1.337084688e-02,1.968042416e-01,6.209179034e-02,9.824339340e-02,1.628890740e-02,1.168097064e+00,0.000000000e+00,8.126443803e-02,2.619605e-16,1.398579e-17,1.411963e-17,1.644565e-03
2.140000,1.371807697e-02,1.969549290e-01,6.208601404e-02,9.831837235e-02,1.577301721e-02,1.175412068e+00,0.000000000e+00,8.124965988e-02,6.753424e-16,2.823925e-17,3.127317e-18,1.634263e-03
2.150000,1.408969981e-02,1.970495467e-01,6.261210083e-02,9.836545188e-02,1.524040607e-02,1.183015691e+00,0.000000000e+00,8.122439439e-02,7.816060e-16,3.898306e-17,8.673617e-18,1.675339e-03
2.160000,1.448229004e-02,1.970881028e-01,6.364182416e-02,9.838463641e-02,1.469288651e-02,1.190795118e+00,0.000000000e+00,8.118848165e-02,2.498544e-16,1.734723e-18,3.731924e-17,1.650706e-03
2.170000,1.489252878e-02,1.970706789e-01,6.513448728e-02,9.837596675e-02,1.413241651e-02,1.198641145e+00,0.000000000e+00,8.114169896e-02,1.241752e-16,1.734723e-17,1.551584e-17,1.640564e-03
2.180000,1.531724298e-02,1.969974294e-01,6.704094696e-02,9.833951957e-02,1.356112287e-02,1.206448928e+00,0.000000000e+00,8.108376558e-02,4.449862e-16,4.579801e-17,6.133174e-18,1.666098e-03
2.190000,1.575343017e-02,1.968685795e-01,6.930777086e-02,9.827540667e-02,1.298133108e-02,1.214118565e+00,0.000000000e+00,8.101434765e-02,2.780973e-17,3.576224e-17,4.670886e-18,1.646275e-03
2.200000,1.619827183e-02,1.966844242e-01,7.188083463e-02,9.818377438e-02,1.239560376e-02,1.221555548e+00,0.000000000e+00,8.093306354e-02,2.237995e-16,2.194271e-17,4.091337e-18,1.671598e-03
2.210000,1.664913807e-02,1.964453271e-01,7.470800187e-02,9.806480273e-02,1.180678945e-02,1.228671091e+00,0.000000000e+00,8.083948927e-02,2.498544e-16,8.673617e-18,5.076104e-18,1.642174e-03
2.220000,1.710358613e-02,1.961517181e-01,7.774083803e-02,9.791870474e-02,1.121808450e-02,1.235382353e+00,0.000000000e+00,8.073316421e-02,2.289638e-16,2.823925e-17,3.705371e-18,1.648055e-03
2.230000,1.755935476e-02,1.958040920e-01,8.093550172e-02,9.774572552e-02,1.063311054e-02,1.241612571e+00,0.000000000e+00,8.061359690e-02,5.204170e-18,2.602085e-17,5.240186e-18,1.652786e-03
2.240000,1.801435591e-02,1.954030072e-01,8.425303008e-02,9.754614146e-02,1.005600982e-02,1.247291124e+00,0.000000000e+00,8.048027091e-02,2.618743e-16,1.110765e-17,1.371419e-18,1.651455e-03
2.250000,1.846666510e-02,1.949490831e-01,8.765922985e-02,9.732025926e-02,9.491559468e-03,1.252353541e+00,0.000000000e+00,8.033265080e-02,5.615790e-17,4.446445e-17,3.387156e-18,1.687170e-03
2.260000,1.891451105e-02,1.944429985e-01,9.112434377e-02,9.706841505e-02,8.945302007e-03,1.256741455e+00,0.000000000e+00,8.017018803e-02,4.449726e-16,2.860979e-17,1.199502e-17,1.654006e-03
2.270000,1.935626539e-02,1.938854900e-01,9.462261185e-02,9.679097335e-02,8.423682447e-03,1.260402532e+00,0.000000000e+00,7.999232693e-02,7.850788e-16,2.221530e-17,7.461328e-18,1.654126e-03
2.280000,1.979043259e-02,1.932773491e-01,9.813180444e-02,9.648832614e-02,7.934168739e-03,1.263290365e+00,0.000000000e+00,7.979851045e-02,1.110577e-15,7.410742e-18,1.748223e-18,1.655746e-03
2.290000,2.021564060e-02,1.926194210e-01,1.016327713e-01,9.616089176e-02,7.485310646e-03,1.265364357e+00,0.000000000e+00,7.958818593e-02,2.544846e-16,8.673617e-18,2.852091e-18,1.648805e-03
2.300000,2.063063204e-02,1.919126017e-01,1.051090293e-01,9.580911388e-02,7.086662190e-03,1.266589583e+00,0.000000000e+00,7.936081069e-02,1.594814e-16,3.069039e-17,5.080734e-18,1.675019e-03
2.310000,2.103425623e-02,1.911578363e-01,1.085463982e-01,9.543346043e-02,6.748463622e-03,1.266936654e+00,0.000000000e+00,7.911585734e-02,6.713895e-16,6.992894e-18,5.249151e-18,1.648425e-03
2.320000,2.142546193e-02,1.903561166e-01,1.119326850e-01,9.503442252e-02,6.480975490e-03,1.266381570e+00,0.000000000e+00,7.885281905e-02,2.221801e-16,2.602085e-18,1.599483e-17,1.661857e-03
2.330000,2.180329080e-02,1.895084787e-01,1.152574144e-01,9.461251329e-02,6.293421972e-03,1.264905579e+00,0.000000000e+00,7.857121444e-02,6.684833e-16,4.443060e-17,6.258392e-18,1.660707e-03
2.340000,2.216687157e-02,1.886160011e-01,1.185116005e-01,9.416826681e-02,6.192664567e-03,1.262495029e+00,0.000000000e+00,7.827059226e-02,2.221056e-16,2.173602e-17,1.697045e-18,1.647605e-03
2.350000,2.251541481e-02,1.876798017e-01,1.216875537e-01,9.370223693e-02,6.181947443e-03,1.259141239e+00,0.000000000e+00,7.795053579e-02,4.475755e-16,3.037315e-17,4.087025e-18,1.665237e-03
2.360000,2.284820829e-02,1.867010363e-01,1.247787184e-01,9.321499616e-02,6.260177058e-03,1.254840361e+00,0.000000000e+00,7.761066690e-02,5.689153e-16,2.409955e-17,7.818293e-18,1.656747e-03
2.370000,2.316461284e-02,1.856808955e-01,1.277795361e-01,9.270713451e-02,6.422057282e-03,1.249593260e+00,0.000000000e+00,7.725064979e-02,8.951190e-16,2.778605e-17,6.234162e-18,1.667068e-03
2.380000,2.346405868e-02,1.846206028e-01,1.306853286e-01,9.217925831e-02,6.659031008e-03,1.243405393e+00,0.000000000e+00,7.687019441e-02,5.578154e-17,9.341772e-18,1.143563e-18,1.646585e-03
2.390000,2.374604213e-02,1.835214123e-01,1.334922006e-01,9.163198909e-02,6.960641997e-03,1.236286707e+00,0.000000000e+00,7.646905950e-02,4.519346e-16,3.532902e-17,8.138019e-18,1.655616e-03
2.400000,2.401012275e-02,1.823846059e-01,1.361969548e-01,9.106596241e-02,7.315855505e-03,1.228251536e+00,0.000000000e+00,7.604705526e-02,2.860979e-17,6.314489e-18,6.758024e-18,1.655216e-03
2.410000,2.425592071e-02,1.812114913e-01,1.387970202e-01,9.048182671e-02,7.714041598e-03,1.219318513e+00,0.000000000e+00,7.560404563e-02,3.378082e-16,4.203853e-17,1.794674e-18,1.645765e-03
2.420000,2.448311450e-02,1.800033997e-01,1.412903896e-01,8.988024218e-02,8.145548505e-03,1.209510488e+00,0.000000000e+00,7.513995025e-02,2.372769e-16,3.156220e-17,1.328015e-17,1.676729e-03
2.430000,2.469143884e-02,1.787616834e-01,1.436755652e-01,8.926187959e-02,8.601938421e-03,1.198854461e+00,0.000000000e+00,7.465474595e-02,4.450403e-16,1.253473e-17,8.891119e-19,1.642215e-03
2.440000,2.488068290e-02,1.774877132e-01,1.459515111e-01,8.862741919e-02,9.076003415e-03,1.187381515e+00,0.000000000e+00,7.414846795e-02,2.237793e-16,6.626510e-18,9.995850e-19,1.645595e-03
2.450000,2.505068858e-02,1.761828770e-01,1.481176106e-01,8.797754959e-02,9.561664639e-03,1.175126766e+00,0.000000000e+00,7.362121058e-02,4.577863e-16,9.087270e-19,9.215718e-19,1.655946e-03
2.460000,2.520134907e-02,1.748485763e-01,1.501736285e-01,8.731296666e-02,1.005382495e-02,1.162129318e+00,0.000000000e+00,7.307312769e-02,3.511048e-16,1.778389e-17,2.819447e-18,1.647915e-03
2.470000,2.533260752e-02,1.734862254e-01,1.521196772e-01,8.663437242e-02,1.054821499e-02,1.148432223e+00,0.000000000e+00,7.250443269e-02,4.475889e-16,6.307970e-18,3.366269e-18,1.679099e-03
2.480000,2.544445583e-02,1.720972479e-01,1.539561851e-01,8.594247402e-02,1.104125218e-02,1.134082450e+00,0.000000000e+00,7.191539818e-02,2.483504e-16,1.159032e-17,2.493665e-18,1.656336e-03
2.490000,2.553693360e-02,1.706830757e-01,1.556838684e-01,8.523798263e-02,1.152991980e-02,1.119130857e+00,0.000000000e+00,7.130635531e-02,3.342259e-16,1.368845e-17,7.818293e-19,1.646385e-03
2.500000,2.561012715e-02,1.692451461e-01,1.573037044e-01,8.452161247e-02,1.201166710e-02,1.103632168e+00,0.000000000e+00,7.067769267e-02,8.335703e-17,2.192663e-17,7.392478e-18,1.662687e-03
2.510000,2.566416870e-02,1.677849004e-01,1.588169068e-01,8.379407976e-02,1.248432861e-02,1.087644946e+00,0.000000000e+00,7.002985504e-02,7.855693e-16,1.668967e-17,4.233945e-18,1.649296e-03
2.520000,2.569923556e-02,1.663037812e-01,1.602249025e-01,8.305610175e-02,1.294605967e-02,1.071231563e+00,0.000000000e+00,6.936334168e-02,2.845211e-16,8.330737e-18,8.741117e-19,1.677279e-03
2.530000,2.571554951e-02,1.648032313e-01,1.615293094e-01,8.230839578e-02,1.339528528e-02,1.054458167e+00,0.000000000e+00,6.867870437e-02,6.759281e-16,7.757919e-18,2.959296e-18,1.646535e-03
2.540000,2.571337614e-02,1.632846911e-01,1.627319157e-01,8.155167832e-02,1.383065965e-02,1.037394628e+00,0.000000000e+00,6.797654527e-02,1.147805e-16,2.984531e-17,4.848700e-18,1.649735e-03
2.550000,2.569302440e-02,1.617495973e-01,1.638346596e-01,8.078666408e-02,1.425103415e-02,1.020114468e+00,0.000000000e+00,6.725751439e-02,2.372516e-16,8.845389e-18,6.133174e-19,1.663877e-03
2.560000,2.565484615e-02,1.601993808e-01,1.648396100e-01,8.001406513e-02,1.465543188e-02,1.002694763e+00,0.000000000e+00,6.652230693e-02,8.921219e-16,1.084202e-17,7.273049e-19,1.654166e-03
2.570000,2.559923575e-02,1.586354651e-01,1.657489482e-01,7.923459005e-02,1.504302753e-02,9.852160082e-01,0.000000000e+00,6.577166042e-02,2.484049e-16,2.023018e-17,1.084202e-19,1.682119e-03
2.580000,2.552662982e-02,1.570592646e-01,1.665649501e-01,7.844894309e-02,1.541313118e-02,9.677619252e-01,0.000000000e+00,6.500635158e-02,4.450166e-16,1.183718e-17,2.297383e-18,1.636104e-03
2.590000,2.543750700e-02,1.554721834e-01,1.672899685e-01,7.765782343e-02,1.576517541e-02,9.504192182e-01,0.000000000e+00,6.422719314e-02,4.653232e-16,1.908689e-17,4.155480e-18,1.669528e-03
2.600000,2.533238776e-02,1.538756130e-01,1.679264169e-01,7.686192435e-02,1.609870484e-02,9.332772445e-01,0.000000000e+00,6.343503045e-02,6.661880e-16,8.148124e-18,1.693578e-18,1.650175e-03
2.610000,2.521183435e-02,1.522709317e-01,1.684767535e-01,7.606193256e-02,1.641336768e-02,9.164275946e-01,0.000000000e+00,6.263073802e-02,4.577567e-16,7.372575e-18,1.084202e-18,1.639954e-03
2.620000,2.507645074e-02,1.506595025e-01,1.689434651e-01,7.525852745e-02,1.670890879e-02,8.999635616e-01,0.000000000e+00,6.181521590e-02,3.522898e-16,1.287236e-17,2.171113e-18,1.676809e-03
2.630000,2.492688263e-02,1.490426723e-01,1.693290529e-01,7.445238047e-02,1.698516404e-02,8.839794841e-01,0.000000000e+00,6.098938612e-02,2.720863e-16,1.532680e-17,1.611782e-18,1.652095e-03
2.640000,2.476381758e-02,1.474217702e-01,1.696360179e-01,7.364415441e-02,1.724205555e-02,8.685699499e-01,0.000000000e+00,6.015418896e-02,4.518314e-16,1.344411e-17,2.818926e-18,1.674658e-03
2.650000,2.458798505e-02,1.457981066e-01,1.698668474e-01,7.283450288e-02,1.747958773e-02,8.538288473e-01,0.000000000e+00,5.931057929e-02,2.221598e-16,1.056082e-17,2.025457e-18,1.648225e-03
2.660000,2.440015662e-02,1.441729717e-01,1.700240017e-01,7.202406963e-02,1.769784396e-02,8.398482624e-01,0.000000000e+00,5.845952287e-02,1.594625e-16,4.336809e-19,8.940560e-19,1.645685e-03
2.670000,2.420114613e-02,1.425476348e-01,1.701099024e-01,7.121348806e-02,1.789698363e-02,8.267172236e-01,0.000000000e+00,5.760199269e-02,4.587155e-16,1.804863e-17,6.340729e-18,1.679089e-03
2.680000,2.399180987e-02,1.409233429e-01,1.701269205e-01,7.040338067e-02,1.807723967e-02,8.145203109e-01,0.000000000e+00,5.673896537e-02,5.551251e-16,1.354862e-17,1.167721e-18,1.647655e-03
2.690000,2.377304673e-02,1.393013198e-01,1.700773658e-01,6.959435851e-02,1.823891626e-02,8.033361558e-01,0.000000000e+00,5.587141760e-02,3.555168e-16,1.179740e-17,2.385861e-18,1.691711e-03
2.700000,2.354579837e-02,1.376827653e-01,1.699634770e-01,6.878702075e-02,1.838238672e-02,7.932358766e-01,0.000000000e+00,5.500032269e-02,2.289441e-16,1.179740e-17,1.479648e-18,1.663898e-03
2.710000,2.331104920e-02,1.360688541e-01,1.697874127e-01,6.798195422e-02,1.850809162e-02,7.842815053e-01,0.000000000e+00,5.412664720e-02,3.377725e-16,1.748223e-17,3.380643e-18,1.655686e-03
2.720000,2.306982638e-02,1.344607349e-01,1.695512433e-01,6.717973291e-02,1.861653688e-02,7.765244759e-01,0.000000000e+00,5.325134773e-02,2.371564e-16,7.757919e-18,4.848700e-19,1.658246e-03
2.730000,2.282319958e-02,1.328595299e-01,1.692569437e-01,6.638091761e-02,1.870829194e-02,7.700042535e-01,0.000000000e+00,5.237536777e-02,2.777400e-16,3.496447e-18,1.117570e-18,1.642424e-03
2.740000,2.257228051e-02,1.312663336e-01,1.689063872e-01,6.558605547e-02,1.878398785e-02,7.647471834e-01,0.000000000e+00,5.149963480e-02,2.902748e-17,1.512919e-17,4.336809e-19,1.666777e-03
2.750000,2.231822226e-02,1.296822122e-01,1.685013405e-01,6.479567966e-02,1.884431533e-02,7.607656365e-01,0.000000000e+00,5.062505746e-02,1.145443e-16,1.431147e-17,1.341084e-18,1.644334e-03
2.760000,2.206221818e-02,1.281082030e-01,1.680434591e-01,6.401030893e-02,1.889002268e-02,7.580575127e-01,0.000000000e+00,4.975252293e-02,7.776535e-16,1.301043e-18,1.167721e-18,1.641804e-03
2.770000,2.180550037e-02,1.265453136e-01,1.675342846e-01,6.323044732e-02,1.892191356e-02,7.566061426e-01,0.000000000e+00,4.888289450e-02,4.441502e-16,6.952433e-18,1.454610e-18,1.653985e-03
2.780000,2.154933763e-02,1.249945211e-01,1.669752423e-01,6.245658376e-02,1.894084448e-02,7.563806024e-01,0.000000000e+00,4.801700933e-02,2.482655e-16,1.471962e-17,1.852685e-18,1.645504e-03
2.790000,2.129503274e-02,1.234567718e-01,1.663676405e-01,6.168919177e-02,1.894772214e-02,7.573364283e-01,0.000000000e+00,4.715567635e-02,5.613271e-16,9.511364e-18,6.857097e-19,1.674738e-03
2.800000,2.104391898e-02,1.219329799e-01,1.657126704e-01,6.092872910e-02,1.894350034e-02,7.594166879e-01,0.000000000e+00,4.629967445e-02,6.753624e-16,2.289901e-17,8.940560e-19,1.636453e-03
2.810000,2.079735582e-02,1.204240276e-01,1.650114072e-01,6.017563743e-02,1.892917662e-02,7.625533465e-01,0.000000000e+00,4.544975078e-02,2.544905e-16,1.920477e-17,1.117570e-18,1.638904e-03
2.820000,2.055672358e-02,1.189307641e-01,1.642648120e-01,5.943034201e-02,1.890578841e-02,7.666688490e-01,0.000000000e+00,4.460661933e-02,8.989634e-16,1.387779e-17,2.983034e-18,1.647065e-03
2.830000,2.032341697e-02,1.174540049e-01,1.634737356e-01,5.869325141e-02,1.887440883e-02,7.716778307e-01,0.000000000e+00,4.377095967e-02,2.498544e-16,1.951564e-17,9.199761e-19,1.635163e-03
2.840000,2.009883755e-02,1.159945315e-01,1.626389217e-01,5.796475714e-02,1.883614188e-02,7.774888760e-01,0.000000000e+00,4.294341591e-02,6.254634e-18,2.047047e-17,5.423450e-18,1.676679e-03
2.850000,1.988438482e-02,1.145530903e-01,1.617610125e-01,5.724523337e-02,1.879211709e-02,7.840062456e-01,0.000000000e+00,4.212459585e-02,2.484291e-16,2.359479e-17,1.323437e-18,1.642374e-03
2.860000,1.968144611e-02,1.131303926e-01,1.608405545e-01,5.653503660e-02,1.874348372e-02,7.911315132e-01,0.000000000e+00,4.131507035e-02,6.667660e-16,1.041737e-17,1.693578e-18,1.647615e-03
2.870000,1.949138523e-02,1.117271135e-01,1.598780052e-01,5.583450536e-02,1.869140412e-02,7.987650641e-01,0.000000000e+00,4.051537288e-02,2.887155e-17,1.226635e-17,3.040119e-18,1.649015e-03
2.880000,1.931552991e-02,1.103438913e-01,1.588737402e-01,5.514395988e-02,1.863704672e-02,8.068074245e-01,0.000000000e+00,3.972599924e-02,2.499026e-16,1.409463e-17,2.168404e-18,1.653616e-03
2.890000,1.915515831e-02,1.089813274e-01,1.578280620e-01,5.446370180e-02,1.858157822e-02,8.151604078e-01,0.000000000e+00,3.894740748e-02,1.155513e-16,2.689608e-17,5.355564e-18,1.668077e-03
2.900000,1.901148464e-02,1.076399850e-01,1.567412085e-01,5.379401382e-02,1.852615523e-02,8.237280739e-01,0.000000000e+00,3.818001803e-02,1.243810e-16,2.187833e-17,1.954573e-18,1.648445e-03
2.910000,1.888564452e-02,1.063203888e-01,1.556133623e-01,5.313515942e-02,1.847191545e-02,8.324175083e-01,0.000000000e+00,3.742421388e-02,2.372516e-16,1.550523e-17,2.171113e-18,1.655886e-03
2.920000,1.877868008e-02,1.050230245e-01,1.544446607e-01,5.248738252e-02,1.841996828e-02,8.411394356e-01,0.000000000e+00,3.668034105e-02,5.558293e-16,1.436108e-17,1.301043e-18,1.660936e-03
2.930000,1.869152566e-02,1.037483380e-01,1.532352059e-01,5.185090720e-02,1.837138508e-02,8.498086841e-01,0.000000000e+00,3.594870910e-02,4.611951e-16,1.886512e-17,6.290475e-18,1.643964e-03
2.940000,1.862499426e-02,1.024967350e-01,1.519850759e-01,5.122593738e-02,1.832718926e-02,8.583445215e-01,0.000000000e+00,3.522959185e-02,2.221665e-16,1.218088e-17,4.527761e-18,1.668067e-03
2.950000,1.857976558e-02,1.012685801e-01,1.506943350e-01,5.061265653e-02,1.828834619e-02,8.666708824e-01,0.000000000e+00,3.452322817e-02,2.239944e-16,2.105949e-17,3.297472e-18,1.650465e-03
2.960000,1.855637587e-02,1.000641966e-01,1.493630455e-01,5.001122741e-02,1.825575337e-02,8.747165057e-01,0.000000000e+00,3.382982287e-02,1.145574e-16,4.086329e-18,3.471141e-18,1.643974e-03
2.970000,1.855521023e-02,9.888386564e-02,1.479912783e-01,4.942179178e-02,1.823023078e-02,8.824150003e-01,0.000000000e+00,3.314954776e-02,3.433350e-16,1.068599e-17,2.453269e-18,1.656826e-03
2.980000,1.857649773e-02,9.772782612e-02,1.465791248e-01,4.884447013e-02,1.821251190e-02,8.897048540e-01,0.000000000e+00,3.248254273e-02,3.609559e-16,1.433281e-17,4.271261e-18,1.649994e-03
2.990000,1.862030940e-02,9.659627388e-02,1.451267081e-01,4.827936154e-02,1.820323546e-02,8.965293991e-01,0.000000000e+00,3.182891695e-02,5.561947e-17,5.114171e-18,5.054057e-18,1.676789e-03
3.000000,1.868655944e-02,9.548936150e-02,1.436341942e-01,4.772654339e-02,1.820293820e-02,9.028367465e-01,0.000000000e+00,3.118875009e-02,1.570188e-16,1.767782e-17,2.179219e-18,1.637883e-03
3.010000,1.877500943e-02,9.440719793e-02,1.421018035e-01,4.718607123e-02,1.821204888e-02,9.085796964e-01,0.000000000e+00,3.056209363e-02,2.484533e-16,2.116723e-17,5.725778e-18,1.642483e-03
3.020000,1.888527542e-02,9.334984821e-02,1.405298218e-01,4.665797869e-02,1.823088368e-02,9.137156342e-01,0.000000000e+00,2.994897217e-02,2.289375e-16,1.961178e-17,8.741117e-19,1.646414e-03
3.030000,1.901683757e-02,9.231733334e-02,1.389186111e-01,4.614227730e-02,1.825964317e-02,9.182064161e-01,0.000000000e+00,2.934938484e-02,4.578356e-16,3.258745e-17,8.673617e-19,1.638324e-03
3.040000,1.916905190e-02,9.130963017e-02,1.372686207e-01,4.563895654e-02,1.829841086e-02,9.220182507e-01,0.000000000e+00,2.876330667e-02,1.572104e-16,2.568621e-17,3.053141e-18,1.665727e-03
3.050000,1.934116363e-02,9.032667141e-02,1.355803975e-01,4.514798379e-02,1.834715354e-02,9.251215788e-01,0.000000000e+00,2.819068996e-02,2.237995e-16,6.605630e-18,1.311168e-18,1.636823e-03
3.060000,1.953232169e-02,8.936834577e-02,1.338545963e-01,4.466930441e-02,1.840572319e-02,9.274909544e-01,0.000000000e+00,2.763146569e-02,3.331076e-16,3.071796e-17,1.626303e-18,1.646995e-03
3.070000,1.974159373e-02,8.843449820e-02,1.320919900e-01,4.420284184e-02,1.847386059e-02,9.291049290e-01,0.000000000e+00,2.708554493e-02,2.239675e-16,1.492266e-17,1.388456e-18,1.650405e-03
3.080000,1.996798124e-02,8.752493026e-02,1.302934793e-01,4.374849783e-02,1.855120034e-02,9.299459402e-01,0.000000000e+00,2.655282015e-02,5.558077e-16,6.314489e-18,4.114258e-18,1.642624e-03
3.090000,2.021043435e-02,8.663940061e-02,1.284601021e-01,4.330615265e-02,1.863727727e-02,9.300002064e-01,0.000000000e+00,2.603316661e-02,3.331843e-16,5.222209e-18,5.513730e-18,1.670568e-03
3.100000,2.046786589e-02,8.577762569e-02,1.265930429e-01,4.287566541e-02,1.873153391e-02,9.292576271e-01,0.000000000e+00,2.552644363e-02,1.241388e-16,2.125036e-17,3.589757e-18,1.653576e-03
3.110000,2.073916447e-02,8.493928045e-02,1.246936417e-01,4.245687450e-02,1.883332891e-02,9.277116897e-01,0.000000000e+00,2.503249590e-02,1.242479e-16,1.829702e-17,3.484660e-18,1.648145e-03
3.120000,2.102320644e-02,8.412399933e-02,1.227634028e-01,4.204959800e-02,1.894194612e-02,9.253593843e-01,0.000000000e+00,2.455115465e-02,4.450369e-16,1.566663e-17,3.157244e-18,1.661286e-03
3.130000,2.131886646e-02,8.333137735e-02,1.208040033e-01,4.165363424e-02,1.905660410e-02,9.222011238e-01,0.000000000e+00,2.408223886e-02,1.110359e-16,3.103168e-17,1.804472e-18,1.662046e-03
3.140000,2.162502688e-02,8.256097130e-02,1.188173016e-01,4.126876245e-02,1.917646585e-02,9.182406727e-01,0.000000000e+00,2.362555636e-02,6.684608e-16,1.734723e-17,2.862376e-18,1.685610e-03
3.150000,2.194058559e-02,8.181230116e-02,1.168053451e-01,4.089474340e-02,1.930064857e-02,9.134850823e-01,0.000000000e+00,2.318090491e-02,1.147018e-16,3.103168e-17,6.209365e-18,1.648615e-03
3.160000,2.226446274e-02,8.108485161e-02,1.147703784e-01,4.053132020e-02,1.942823325e-02,9.079446331e-01,0.000000000e+00,2.274807320e-02,1.148591e-16,2.194271e-17,4.470280e-19,1.649995e-03
3.170000,2.259560619e-02,8.037807374e-02,1.127148509e-01,4.017821913e-02,1.955827386e-02,9.016327855e-01,0.000000000e+00,2.232684176e-02,6.753446e-16,2.550987e-17,2.082684e-18,1.649055e-03
3.180000,2.293299584e-02,7.969138678e-02,1.106414243e-01,3.983515053e-02,1.968980624e-02,8.945661364e-01,0.000000000e+00,2.191698389e-02,2.498002e-16,2.934966e-17,1.533293e-18,1.633543e-03
3.190000,2.327564697e-02,7.902418013e-02,1.085529799e-01,3.950180979e-02,1.982185631e-02,8.867643850e-01,0.000000000e+00,2.151826644e-02,4.450141e-16,1.788112e-17,4.848700e-19,1.674279e-03
3.200000,2.362261275e-02,7.837581535e-02,1.064526256e-01,3.917787835e-02,1.995344776e-02,8.782503050e-01,0.000000000e+00,2.113045059e-02,4.441985e-16,1.097135e-17,7.622065e-18,1.642763e-03
3.210000,2.397298591e-02,7.774562831e-02,1.043437027e-01,3.886302480e-02,2.008360906e-02,8.690497250e-01,0.000000000e+00,2.075329254e-02,2.221327e-16,1.811104e-17,2.259333e-18,1.636842e-03
3.220000,2.432589986e-02,7.713293150e-02,1.022297917e-01,3.855690601e-02,2.021137980e-02,8.591915173e-01,0.000000000e+00,2.038654415e-02,2.221598e-16,3.878960e-18,1.954573e-18,1.645134e-03
3.230000,2.468052914e-02,7.653701634e-02,1.001147185e-01,3.825916829e-02,2.033581639e-02,8.487075936e-01,0.000000000e+00,2.002995352e-02,4.612049e-16,1.551584e-17,8.194876e-18,1.634943e-03
3.240000,2.503608956e-02,7.595715559e-02,9.800255885e-02,3.796944858e-02,2.045599707e-02,8.376329096e-01,0.000000000e+00,1.968326550e-02,2.499643e-16,7.757919e-18,2.990905e-18,1.668407e-03
3.250000,2.539183787e-02,7.539260578e-02,9.589764241e-02,3.768737571e-02,2.057102635e-02,8.260054764e-01,0.000000000e+00,1.934622221e-02,1.594554e-16,2.023018e-17,4.848700e-19,1.640713e-03
3.260000,2.574707117e-02,7.484260977e-02,9.380455495e-02,3.741257165e-02,2.068003881e-02,8.138663797e-01,0.000000000e+00,1.901856345e-02,2.289441e-16,2.405268e-17,4.616461e-18,1.636013e-03
3.270000,2.610112613e-02,7.430639925e-02,9.172813903e-02,3.714465275e-02,2.078220236e-02,8.012598054e-01,0.000000000e+00,1.870002705e-02,4.652820e-16,6.071532e-18,6.777781e-18,1.654096e-03
3.280000,2.645337796e-02,7.378319727e-02,8.967349207e-02,3.688323102e-02,2.087672104e-02,7.882330702e-01,0.000000000e+00,1.839034929e-02,3.434588e-16,5.508259e-17,5.355564e-18,1.649525e-03
3.290000,2.680323929e-02,7.327222076e-02,8.764596142e-02,3.662791541e-02,2.096283731e-02,7.748366564e-01,0.000000000e+00,1.808926516e-02,2.372072e-16,3.417009e-17,3.066587e-18,1.683819e-03
3.300000,2.715015900e-02,7.277268308e-02,8.565113552e-02,3.637831303e-02,2.103983391e-02,7.611242468e-01,0.000000000e+00,1.779650866e-02,1.112389e-16,4.266856e-17,3.366269e-18,1.652776e-03
3.310000,2.749362090e-02,7.228379645e-02,8.369483015e-02,3.613403043e-02,2.110703540e-02,7.471527578e-01,0.000000000e+00,1.751181308e-02,1.006908e-15,7.705375e-17,5.076104e-18,1.671058e-03
3.320000,2.783314245e-02,7.180477441e-02,8.178306874e-02,3.589467478e-02,2.116380935e-02,7.329823645e-01,0.000000000e+00,1.723491120e-02,1.144523e-16,1.629625e-17,3.157244e-18,1.647815e-03
3.330000,2.816827341e-02,7.133483417e-02,7.992205549e-02,3.565985510e-02,2.120956718e-02,7.186765118e-01,0.000000000e+00,1.696553552e-02,3.330816e-16,2.221530e-17,1.734723e-18,1.659776e-03
3.340000,2.849859456e-02,7.087319894e-02,7.811814000e-02,3.542918334e-02,2.124376482e-02,7.043019039e-01,0.000000000e+00,1.670341850e-02,4.440926e-16,4.845595e-17,5.421011e-18,1.655915e-03
3.350000,2.882371635e-02,7.041910010e-02,7.637777211e-02,3.520227555e-02,2.126590307e-02,6.899284604e-01,0.000000000e+00,1.644829273e-02,2.498198e-16,3.069039e-17,6.075403e-18,1.641723e-03
3.360000,2.914327761e-02,6.997177936e-02,7.470744574e-02,3.497875292e-02,2.127552779e-02,6.756292261e-01,0.000000000e+00,1.619989113e-02,1.006887e-15,1.214306e-17,5.364336e-18,1.674678e-03
3.370000,2.945694434e-02,6.953049077e-02,7.311363073e-02,3.475824280e-02,2.127222992e-02,6.614802196e-01,0.000000000e+00,1.595794717e-02,1.156977e-16,2.787728e-17,1.167721e-18,1.643864e-03
3.380000,2.976440842e-02,6.909450265e-02,7.160269204e-02,3.454037964e-02,2.125564534e-02,6.475602005e-01,0.000000000e+00,1.572219503e-02,2.238936e-16,5.618469e-17,1.626303e-17,1.636343e-03
3.390000,3.006538648e-02,6.866309938e-02,7.018079636e-02,3.432480591e-02,2.122545454e-02,6.339503353e-01,0.000000000e+00,1.549236986e-02,2.484064e-16,1.387779e-17,2.168404e-18,1.644464e-03
3.400000,3.035961872e-02,6.823558313e-02,6.885380689e-02,3.411117297e-02,2.118138227e-02,6.207337373e-01,0.000000000e+00,1.526820797e-02,1.234110e-15,6.397344e-17,2.424350e-18,1.644894e-03
3.410000,3.064686782e-02,6.781127538e-02,6.762716816e-02,3.389914179e-02,2.112319701e-02,6.079948587e-01,0.000000000e+00,1.504944706e-02,1.110799e-16,1.551584e-17,5.421011e-18,1.671697e-03
3.420000,3.092691787e-02,6.738951840e-02,6.650578381e-02,3.368838375e-02,2.105071035e-02,5.958187105e-01,0.000000000e+00,1.483582649e-02,2.289638e-16,1.430490e-17,6.087001e-18,1.646184e-03
3.430000,3.119957337e-02,6.696967657e-02,6.549389173e-02,3.347858125e-02,2.096377637e-02,5.842898936e-01,0.000000000e+00,1.462708750e-02,3.377503e-16,1.250927e-17,3.035766e-18,1.647774e-03
3.440000,3.146465821e-02,6.655113758e-02,6.459494164e-02,3.326942832e-02,2.086229081e-02,5.734914314e-01,0.000000000e+00,1.442297355e-02,2.720863e-16,3.898306e-17,4.848700e-18,1.654005e-03
3.450000,3.172201477e-02,6.613331346e-02,6.381148165e-02,3.306063119e-02,2.074619032e-02,5.635034048e-01,0.000000000e+00,1.422323058e-02,2.237995e-16,4.195736e-17,1.301043e-18,1.647594e-03
3.460000,3.197150299e-02,6.571564163e-02,6.314506038e-02,3.285190872e-02,2.061545157e-02,5.544014108e-01,0.000000000e+00,1.402760732e-02,1.666238e-16,2.602085e-17,8.770653e-18,1.676879e-03
3.470000,3.221299954e-02,6.529758560e-02,6.259615108e-02,3.264299281e-02,2.047009034e-02,5.462548840e-01,0.000000000e+00,1.383585569e-02,3.342979e-16,2.775558e-17,4.358439e-18,1.653815e-03
3.480000,3.244639695e-02,6.487863579e-02,6.216410362e-02,3.243362883e-02,2.031016052e-02,5.391253443e-01,0.000000000e+00,1.364773108e-02,6.753245e-16,1.908196e-17,5.057545e-18,1.653335e-03
3.490000,3.267160287e-02,6.445831005e-02,6.184712834e-02,3.222357581e-02,2.013575317e-02,5.330646577e-01,0.000000000e+00,1.346299279e-02,5.558510e-16,2.081668e-17,7.818293e-18,1.649935e-03
3.500000,3.288853926e-02,6.403615416e-02,6.164231386e-02,3.201260677e-02,1.994699544e-02,5.281134116e-01,0.000000000e+00,1.328140438e-02,1.923667e-16,3.538156e-17,6.314489e-18,1.651035e-03
3.510000,3.309714170e-02,6.361174221e-02,6.154567857e-02,3.180050884e-02,1.974404954e-02,5.242995194e-01,0.000000000e+00,1.310273411e-02,3.377503e-16,1.962616e-17,1.441622e-17,1.684029e-03
3.520000,3.329735868e-02,6.318467684e-02,6.155225293e-02,3.158708342e-02,1.952711160e-02,5.216371629e-01,0.000000000e+00,1.292675534e-02,1.245140e-16,2.110382e-17,7.854295e-18,1.642584e-03
3.530000,3.348915094e-02,6.275458942e-02,6.165618794e-02,3.137214629e-02,1.929641061e-02,5.201261649e-01,0.000000000e+00,1.275324696e-02,4.586007e-16,4.388542e-17,3.127317e-18,1.645373e-03
3.540000,3.367249082e-02,6.232114009e-02,6.185088313e-02,3.115552757e-02,1.905220724e-02,5.197518545e-01,0.000000000e+00,1.258199386e-02,6.661541e-16,2.221530e-17,7.269816e-18,1.662377e-03
3.550000,3.384736167e-02,6.188401776e-02,6.212912715e-02,3.093707176e-02,1.879479269e-02,5.204854456e-01,0.000000000e+00,1.241278735e-02,5.558699e-16,1.734723e-17,4.848700e-18,1.648065e-03
3.560000,3.401375723e-02,6.144293999e-02,6.248324345e-02,3.071663769e-02,1.852448755e-02,5.222849056e-01,0.000000000e+00,1.224542561e-02,6.667479e-16,3.368224e-17,9.511364e-18,1.703142e-03
3.570000,3.417168112e-02,6.099765276e-02,6.290523444e-02,3.049409837e-02,1.824164059e-02,5.250962498e-01,0.000000000e+00,1.207971416e-02,2.619662e-16,2.194271e-17,7.423421e-18,1.666117e-03
3.580000,3.432114624e-02,6.054793024e-02,6.338691849e-02,3.026934092e-02,1.794662759e-02,5.288551653e-01,0.000000000e+00,1.191546625e-02,4.441231e-16,2.359479e-17,1.361786e-17,1.672958e-03
3.590000,3.446217429e-02,6.009357441e-02,6.392005537e-02,3.004226632e-02,1.763985014e-02,5.334888482e-01,0.000000000e+00,1.175250337e-02,2.222410e-16,2.797158e-17,3.705371e-18,1.645514e-03
3.600000,3.459479529e-02,5.963441468e-02,6.449645728e-02,2.981278929e-02,1.732173443e-02,5.389179355e-01,0.000000000e+00,1.159065561e-02,1.667953e-16,6.111054e-17,7.913933e-18,1.643593e-03
3.610000,3.471904707e-02,5.917030735e-02,6.510808402e-02,2.958083797e-02,1.699273009e-02,5.450584228e-01,0.000000000e+00,1.142976211e-02,5.667875e-16,4.391969e-17,2.637978e-18,1.653795e-03
3.620000,3.483497483e-02,5.870113514e-02,6.574712171e-02,2.934635372e-02,1.665330896e-02,5.518234749e-01,0.000000000e+00,1.126967141e-02,1.144917e-16,1.482148e-17,6.447130e-18,1.640383e-03
3.630000,3.494263072e-02,5.822680658e-02,6.640604584e-02,2.910929076e-02,1.630396398e-02,5.591250646e-01,0.000000000e+00,1.111024186e-02,2.881939e-17,8.673617e-18,9.341772e-18,1.670377e-03
3.640000,3.504207340e-02,5.774725535e-02,6.707766963e-02,2.886961592e-02,1.594520794e-02,5.668753962e-01,0.000000000e+00,1.095134192e-02,2.240145e-16,1.398579e-17,3.066587e-18,1.660176e-03
3.650000,3.513336767e-02,5.726243962e-02,6.775517935e-02,2.862730825e-02,1.557757245e-02,5.749880974e-01,0.000000000e+00,1.079285049e-02,1.571816e-16,1.551584e-17,3.496447e-18,1.656275e-03
3.660000,3.521658407e-02,5.677234131e-02,6.843215841e-02,2.838235867e-02,1.520160674e-02,5.833791768e-01,0.000000000e+00,1.063465720e-02,4.475486e-16,1.250927e-17,5.786024e-18,1.676388e-03
3.670000,3.529179849e-02,5.627696536e-02,6.910260185e-02,2.813476961e-02,1.481787663e-02,5.919677635e-01,0.000000000e+00,1.047666262e-02,5.551766e-16,2.088884e-17,5.222209e-18,1.655905e-03
3.680000,3.535909189e-02,5.577633891e-02,6.976092325e-02,2.788455459e-02,1.442696350e-02,6.006766496e-01,0.000000000e+00,1.031877849e-02,2.797158e-17,2.709725e-17,4.050914e-18,1.689650e-03
3.690000,3.541854990e-02,5.527051050e-02,7.040195535e-02,2.763173784e-02,1.402946332e-02,6.094326630e-01,0.000000000e+00,1.016092788e-02,2.222207e-16,3.259250e-17,5.818439e-18,1.655046e-03
3.700000,3.547026254e-02,5.475954922e-02,7.102094593e-02,2.737635385e-02,1.362598573e-02,6.181668994e-01,0.000000000e+00,1.000304528e-02,8.968319e-16,2.194271e-17,3.686287e-18,1.647974e-03
3.710000,3.551432391e-02,5.424354387e-02,7.161355009e-02,2.711844697e-02,1.321715324e-02,6.268148403e-01,0.000000000e+00,9.845076725e-03,4.587155e-16,7.757919e-18,1.187090e-17,1.645424e-03
3.720000,3.555083187e-02,5.372260204e-02,7.217582003e-02,2.685807093e-02,1.280360047e-02,6.353163820e-01,0.000000000e+00,9.686979773e-03,5.579233e-16,3.122502e-17,1.416119e-17,1.641793e-03
3.730000,3.557988781e-02,5.319684928e-02,7.270419287e-02,2.659528846e-02,1.238597358e-02,6.436157972e-01,0.000000000e+00,9.528723508e-03,2.371691e-16,3.029564e-17,2.949349e-18,1.686380e-03
3.740000,3.560159637e-02,5.266642813e-02,7.319547752e-02,2.633017076e-02,1.196492980e-02,6.516616475e-01,0.000000000e+00,9.370288465e-03,3.342979e-16,1.734723e-17,6.505213e-19,1.661357e-03
3.750000,3.561606518e-02,5.213149730e-02,7.364684083e-02,2.606279714e-02,1.154113712e-02,6.594066615e-01,0.000000000e+00,9.211666507e-03,1.112525e-16,2.501854e-17,6.133174e-19,1.636173e-03
3.760000,3.562340463e-02,5.159223069e-02,7.405579342e-02,2.579325448e-02,1.111527425e-02,6.668075913e-01,0.000000000e+00,9.052860658e-03,4.475721e-16,1.482148e-17,2.852091e-18,1.650605e-03
3.770000,3.562372764e-02,5.104881652e-02,7.442017570e-02,2.552163684e-02,1.068803084e-02,6.738250542e-01,0.000000000e+00,8.893884878e-03,2.097007e-16,3.609726e-17,1.788112e-18,1.637123e-03
3.780000,3.561714945e-02,5.050145641e-02,7.473814395e-02,2.524804498e-02,1.026010792e-02,6.804233702e-01,0.000000000e+00,8.734763800e-03,2.239474e-16,1.387779e-17,5.244670e-18,1.675358e-03
3.790000,3.560378741e-02,4.995036451e-02,7.500815687e-02,2.497258592e-02,9.832218901e-03,6.865703966e-01,0.000000000e+00,8.575532407e-03,4.475889e-16,5.766488e-17,3.281391e-18,1.638373e-03
3.800000,3.558376082e-02,4.939576660e-02,7.522896258e-02,2.469537249e-02,9.405090937e-03,6.922373662e-01,0.000000000e+00,8.416235668e-03,4.441875e-16,4.819910e-17,1.371419e-18,1.638703e-03
3.810000,3.555719069e-02,4.883789921e-02,7.539958607e-02,2.441652290e-02,8.979466985e-03,6.973987304e-01,0.000000000e+00,8.256928134e-03,2.373023e-16,1.734723e-17,6.928722e-18,1.646254e-03
3.820000,3.552419960e-02,4.827700877e-02,7.551931719e-02,2.413616033e-02,8.556108608e-03,7.020320084e-01,0.000000000e+00,8.097673475e-03,6.667141e-16,3.029564e-17,5.154238e-18,1.645234e-03
3.830000,3.548491156e-02,4.771335075e-02,7.558769925e-02,2.385441247e-02,8.135799765e-03,7.061176446e-01,0.000000000e+00,7.938543996e-03,3.434095e-16,2.255141e-17,3.043501e-18,1.669618e-03
3.840000,3.543945180e-02,4.714718887e-02,7.560451798e-02,2.357141113e-02,7.719351845e-03,7.096388741e-01,0.000000000e+00,7.779620095e-03,4.710309e-16,3.417009e-17,8.716878e-18,1.641774e-03
3.850000,3.538794667e-02,4.657879429e-02,7.556979109e-02,2.328729185e-02,7.307610267e-03,7.125815960e-01,0.000000000e+00,7.620989701e-03,6.866372e-16,4.857226e-17,6.694016e-18,1.644634e-03
3.860000,3.533052350e-02,4.600844481e-02,7.548375820e-02,2.300219351e-02,6.901463105e-03,7.149342550e-01,0.000000000e+00,7.462747669e-03,3.608767e-16,3.473781e-17,4.949475e-18,1.652355e-03
3.870000,3.526731042e-02,4.543642415e-02,7.534687120e-02,2.271625792e-02,6.501852253e-03,7.166877309e-01,0.000000000e+00,7.304995152e-03,3.608892e-16,7.152448e-18,6.209365e-18,1.648795e-03
3.880000,3.519843632e-02,4.486302123e-02,7.515978499e-02,2.242962951e-02,6.109787879e-03,7.178352353e-01,0.000000000e+00,7.147838943e-03,4.611135e-16,2.194271e-17,7.401219e-18,1.678749e-03
3.890000,3.512403067e-02,4.428852947e-02,7.492334844e-02,2.214245497e-02,5.726366993e-03,7.183722150e-01,0.000000000e+00,6.991390799e-03,2.498965e-16,4.579801e-17,5.485677e-18,1.644233e-03
3.900000,3.504422341e-02,4.371324611e-02,7.463859574e-02,2.185488290e-02,5.352797204e-03,7.182962624e-01,0.000000000e+00,6.835766742e-03,2.371691e-16,9.813078e-18,5.315909e-18,1.647495e-03
3.910000,3.495914492e-02,4.313747162e-02,7.430673783e-02,2.156706352e-02,4.990426820e-03,7.176070317e-01,0.000000000e+00,6.681086352e-03,2.372706e-16,8.673617e-18,5.421011e-18,1.658536e-03
3.920000,3.486892582e-02,4.256150911e-02,7.392915412e-02,2.127914835e-02,4.640782404e-03,7.163061601e-01,0.000000000e+00,6.527472042e-03,1.147543e-16,2.823925e-17,3.127317e-18,1.652654e-03
3.930000,3.477369697e-02,4.198566374e-02,7.350738419e-02,2.099128998e-02,4.305614484e-03,7.143971950e-01,0.000000000e+00,6.375048335e-03,2.887155e-17,1.482148e-17,6.040476e-18,1.689390e-03
3.940000,3.467358932e-02,4.141024224e-02,7.304311966e-02,2.070364176e-02,3.986950778e-03,7.118855249e-01,0.000000000e+00,6.223941135e-03,4.475486e-16,3.576224e-17,3.127317e-18,1.642883e-03
3.950000,3.456873387e-02,4.083555241e-02,7.253819603e-02,2.041635759e-02,3.687153375e-03,7.087783156e-01,0.000000000e+00,6.074276999e-03,0.000000e+00,2.359479e-17,1.852685e-18,1.671038e-03
3.960000,3.445926156e-02,4.026190267e-02,7.199458446e-02,2.012959167e-02,3.408970431e-03,7.050844499e-01,0.000000000e+00,5.926182417e-03,4.449693e-16,2.709725e-17,2.528772e-18,1.646253e-03
3.970000,3.434530323e-02,3.968960169e-02,7.141438347e-02,1.984349834e-02,3.155562739e-03,7.008144707e-01,0.000000000e+00,5.779783103e-03,5.551115e-16,7.152448e-18,2.538052e-18,1.649544e-03
3.980000,3.422698951e-02,3.911895798e-02,7.079981048e-02,1.955823186e-02,2.930470277e-03,6.959805286e-01,0.000000000e+00,5.635203299e-03,4.518946e-16,3.259250e-17,2.909220e-18,1.682819e-03
3.990000,3.410445078e-02,3.855027961e-02,7.015319318e-02,1.927394628e-02,2.737466899e-03,6.905963319e-01,0.000000000e+00,5.492565098e-03,4.586105e-16,2.255141e-17,6.969320e-18,1.646563e-03
4.000000,3.397781712e-02,3.798387388e-02,6.947696053e-02,1.899079525e-02,2.580245377e-03,6.846771002e-01,0.000000000e+00,5.351987786e-03,6.713559e-16,2.110382e-17,2.135631e-18,1.671257e-03
4.010000,3.384721820e-02,3.742004710e-02,6.877363352e-02,1.870893195e-02,2.461904813e-03,6.782395209e-01,0.000000000e+00,5.213587213e-03,1.943200e-16,2.221530e-17,1.226635e-18,1.635472e-03
4.020000,3.371278326e-02,3.685910435e-02,6.804581549e-02,1.842850893e-02,2.384301708e-03,6.713017085e-01,0.000000000e+00,5.077475191e-03,2.619203e-16,1.708504e-17,1.517883e-18,1.654844e-03
4.030000,3.357464103e-02,3.630134932e-02,6.729618199e-02,1.814967806e-02,2.347454887e-03,6.638831666e-01,0.000000000e+00,4.943758920e-03,2.290098e-16,2.359479e-17,1.578622e-18,1.658825e-03
4.040000,3.343291970e-02,3.574708416e-02,6.652747008e-02,1.787259044e-02,2.349266030e-03,6.560047529e-01,0.000000000e+00,4.812540456e-03,4.450403e-16,2.907926e-17,2.168404e-19,1.655825e-03
4.050000,3.328774684e-02,3.519660937e-02,6.574246709e-02,1.759739633e-02,2.385722056e-03,6.476886464e-01,0.000000000e+00,4.683916208e-03,4.518713e-16,3.295975e-17,2.453269e-18,1.686439e-03
4.060000,3.313924934e-02,3.465022368e-02,6.494399866e-02,1.732424514e-02,2.451510806e-03,6.389583175e-01,0.000000000e+00,4.557976480e-03,2.373277e-16,8.673617e-18,4.363830e-18,1.652984e-03
4.070000,3.298755338e-02,3.410822405e-02,6.413491608e-02,1.705328536e-02,2.540791862e-03,6.298385000e-01,0.000000000e+00,4.434805049e-03,1.924605e-16,2.088884e-17,1.318989e-18,1.643433e-03
4.080000,3.283278437e-02,3.357090559e-02,6.331808287e-02,1.678466458e-02,2.647859214e-03,6.203551658e-01,0.000000000e+00,4.314478798e-03,1.595286e-16,3.184529e-17,2.211347e-18,1.653424e-03
4.090000,3.267506688e-02,3.303856153e-02,6.249636053e-02,1.651852946e-02,2.767564616e-03,6.105355011e-01,0.000000000e+00,4.197067375e-03,2.239406e-16,7.757919e-18,3.927147e-18,1.640173e-03
4.100000,3.251452460e-02,3.251148326e-02,6.167259345e-02,1.625502571e-02,2.895505936e-03,6.004078849e-01,0.000000000e+00,4.082632916e-03,3.376612e-16,1.734723e-18,1.454610e-18,1.675798e-03
4.110000,3.235128032e-02,3.198996033e-02,6.084959298e-02,1.599429815e-02,3.028050881e-03,5.900018685e-01,0.000000000e+00,3.971229806e-03,4.476561e-16,1.250927e-17,1.999170e-18,1.653044e-03
4.120000,3.218545579e-02,3.147428041e-02,6.003012065e-02,1.573649064e-02,3.162271584e-03,5.793481558e-01,0.000000000e+00,3.862904487e-03,1.389188e-16,1.387779e-17,1.371419e-18,1.639862e-03
4.130000,3.201717176e-02,3.096472939e-02,5.921687061e-02,1.548174617e-02,3.295844371e-03,5.684785842e-01,0.000000000e+00,3.757695320e-03,1.145574e-16,0.000000e+00,1.318989e-18,1.643394e-03
4.140000,3.184654787e-02,3.046159130e-02,5.841245142e-02,1.523020679e-02,3.426945689e-03,5.574261042e-01,0.000000000e+00,3.655632485e-03,6.759481e-16,2.327376e-17,8.940560e-19,1.636813e-03
4.150000,3.167370263e-02,2.996514836e-02,5.761936714e-02,1.498201364e-02,3.554158572e-03,5.462247574e-01,0.000000000e+00,3.556737943e-03,2.928550e-17,1.250927e-17,3.066587e-18,1.679038e-03
4.160000,3.149875331e-02,2.947568093e-02,5.683999812e-02,1.473730695e-02,3.676394363e-03,5.349096512e-01,0.000000000e+00,3.461025427e-03,1.118886e-15,9.813078e-18,1.318989e-18,1.648984e-03
4.170000,3.132181595e-02,2.899346747e-02,5.607658154e-02,1.449622598e-02,3.792829735e-03,5.235169276e-01,0.000000000e+00,3.368500499e-03,4.653491e-16,7.152448e-18,4.385326e-18,1.657365e-03
4.180000,3.114300528e-02,2.851878442e-02,5.533119197e-02,1.425890899e-02,3.902857092e-03,5.120837256e-01,0.000000000e+00,3.279160634e-03,2.620524e-16,1.636535e-17,9.697399e-19,1.654695e-03
4.190000,3.096243462e-02,2.805190610e-02,5.460572234e-02,1.402549317e-02,4.006045980e-03,5.006481313e-01,0.000000000e+00,3.192995361e-03,2.499206e-16,8.673617e-18,3.035766e-18,1.643774e-03
4.200000,3.078021591e-02,2.759310451e-02,5.390186562e-02,1.379611458e-02,4.102113201e-03,4.892491153e-01,0.000000000e+00,3.109986440e-03,5.559159e-16,2.949030e-17,1.371419e-18,1.680758e-03
4.210000,3.059645955e-02,2.714264910e-02,5.322109755e-02,1.357090796e-02,4.190899707e-03,4.779264512e-01,0.000000000e+00,3.030108078e-03,2.238869e-16,1.708504e-17,1.734723e-18,1.644404e-03
4.220000,3.041127443e-02,2.670080642e-02,5.256466098e-02,1.335000663e-02,4.272352698e-03,4.667206109e-01,0.000000000e+00,2.953327189e-03,4.475620e-16,7.757919e-18,2.682168e-18,1.639822e-03
4.230000,3.022476781e-02,2.626783975e-02,5.193355203e-02,1.313354228e-02,4.346511696e-03,4.556726313e-01,0.000000000e+00,2.879603687e-03,3.609726e-16,2.081668e-17,2.168404e-18,1.644763e-03
4.240000,3.003704529e-02,2.584400864e-02,5.132850868e-02,1.292164471e-02,4.413497651e-03,4.448239460e-01,0.000000000e+00,2.808890809e-03,2.289901e-16,1.551584e-17,1.454610e-18,1.642663e-03
4.250000,2.984821073e-02,2.542956828e-02,5.075000206e-02,1.271444155e-02,4.473504330e-03,4.342161758e-01,0.000000000e+00,2.741135474e-03,2.003887e-16,1.708504e-17,1.167721e-18,1.680168e-03
4.260000,2.965836622e-02,2.502476889e-02,5.019823087e-02,1.251205796e-02,4.526791424e-03,4.238908707e-01,0.000000000e+00,2.676278671e-03,3.682561e-16,3.469447e-18,2.682168e-18,1.644273e-03
4.270000,2.946761198e-02,2.462985490e-02,4.967311910e-02,1.231461618e-02,4.573678928e-03,4.138891979e-01,0.000000000e+00,2.614255865e-03,4.612179e-16,1.250927e-17,6.942281e-19,1.663336e-03
4.280000,2.927604632e-02,2.424506406e-02,4.917431737e-02,1.212223512e-02,4.614542432e-03,4.042515702e-01,0.000000000e+00,2.554997434e-03,4.520544e-16,7.757919e-18,6.505213e-19,1.645324e-03
4.290000,2.908376558e-02,2.387062645e-02,4.870120793e-02,1.193502986e-02,4.649809029e-03,3.950172116e-01,0.000000000e+00,2.498429120e-03,1.144523e-16,1.734723e-18,2.335443e-18,1.647624e-03
4.300000,2.889086408e-02,2.350676332e-02,4.825291324e-02,1.175311105e-02,4.679953597e-03,3.862236603e-01,0.000000000e+00,2.444472499e-03,2.543900e-16,2.194271e-17,1.563659e-18,1.688159e-03
4.310000,2.869743402e-02,2.315368588e-02,4.782830821e-02,1.157658435e-02,4.705495244e-03,3.779062112e-01,0.000000000e+00,2.393045458e-03,4.586105e-16,6.938894e-18,8.741117e-19,1.642853e-03
4.320000,2.850356548e-02,2.281159396e-02,4.742603565e-02,1.140554968e-02,4.726993716e-03,3.700973094e-01,0.000000000e+00,2.344062693e-03,4.450234e-16,1.734723e-18,2.235140e-18,1.671797e-03
4.330000,2.830934628e-02,2.248067448e-02,4.704452476e-02,1.124010055e-02,4.745045613e-03,3.628259074e-01,0.000000000e+00,2.297436201e-03,3.345319e-16,9.813078e-18,1.301043e-18,1.644333e-03
4.340000,2.811486203e-02,2.216110000e-02,4.668201220e-02,1.108032326e-02,4.760280232e-03,3.561168085e-01,0.000000000e+00,2.253075783e-03,2.237995e-16,5.204170e-18,4.336809e-19,1.645063e-03
4.350000,2.792019597e-02,2.185302699e-02,4.633656527e-02,1.092629608e-02,4.773354925e-03,3.499900240e-01,0.000000000e+00,2.210889547e-03,6.804562e-16,5.204170e-18,1.563659e-18,1.682209e-03
4.360000,2.772542898e-02,2.155659421e-02,4.600610670e-02,1.077808842e-02,4.784949817e-03,3.444601773e-01,0.000000000e+00,2.170784404e-03,4.653620e-16,1.110765e-17,1.748223e-18,1.651615e-03
4.370000,2.753063950e-02,2.127192091e-02,4.568844052e-02,1.063575993e-02,4.795761815e-03,3.395359906e-01,0.000000000e+00,2.132666564e-03,5.723667e-16,6.938894e-18,3.037702e-18,1.683518e-03
4.380000,2.733590349e-02,2.099910510e-02,4.538127854e-02,1.049935964e-02,4.806497811e-03,3.352198900e-01,0.000000000e+00,2.096442013e-03,5.560242e-16,1.398579e-17,4.336809e-19,1.651544e-03
4.390000,2.714129439e-02,2.073822178e-02,4.508226676e-02,1.036892508e-02,4.817867088e-03,3.315077617e-01,0.000000000e+00,2.062016993e-03,2.952141e-16,1.430490e-17,8.673617e-19,1.656915e-03
4.400000,2.694688303e-02,2.048932125e-02,4.478901156e-02,1.024448142e-02,4.830572928e-03,3.283888838e-01,0.000000000e+00,2.029298454e-03,3.609559e-16,2.359479e-17,1.563659e-18,1.662716e-03
4.410000,2.675273764e-02,2.025242742e-02,4.449910497e-02,1.012604065e-02,4.845303529e-03,3.258460470e-01,0.000000000e+00,1.998194497e-03,1.734723e-18,6.938894e-18,9.697399e-19,1.652915e-03
4.420000,2.655892377e-02,2.002753634e-02,4.421014888e-02,1.001360082e-02,4.862722383e-03,3.238558656e-01,0.000000000e+00,1.968614794e-03,2.485442e-16,1.398579e-17,9.697399e-19,1.678268e-03
4.430000,2.636550428e-02,1.981461475e-02,4.391977786e-02,9.907145299e-03,4.883458351e-03,3.223892656e-01,0.000000000e+00,1.940470991e-03,2.289835e-16,1.387779e-17,4.336809e-19,1.642543e-03
4.440000,2.617253927e-02,1.961359886e-02,4.362568040e-02,9.806642240e-03,4.908095713e-03,3.214121255e-01,0.000000000e+00,1.913677080e-03,4.441570e-16,3.469447e-18,1.939480e-18,1.649955e-03
4.450000,2.598008609e-02,1.942439340e-02,4.332561849e-02,9.712044015e-03,4.937164555e-03,3.208860334e-01,0.000000000e+00,1.888149751e-03,1.146625e-16,1.482148e-17,2.377841e-18,1.651024e-03
4.460000,2.578819926e-02,1.924687078e-02,4.301744539e-02,9.623286853e-03,4.971131860e-03,3.207691215e-01,0.000000000e+00,1.863808719e-03,4.586499e-16,6.938894e-18,2.211347e-18,1.646034e-03
4.470000,2.559693049e-02,1.908087063e-02,4.269912173e-02,9.540290587e-03,5.010393688e-03,3.210169348e-01,0.000000000e+00,1.840577013e-03,2.373720e-16,1.962616e-17,8.741117e-19,1.686309e-03
4.480000,2.540632863e-02,1.892619957e-02,4.236872978e-02,9.462958547e-03,5.055268788e-03,3.215832946e-01,0.000000000e+00,1.818381247e-03,1.778324e-16,1.708504e-17,3.157244e-18,1.646013e-03
4.490000,2.521643966e-02,1.878263131e-02,4.202448624e-02,9.391177608e-03,5.105993948e-03,3.224211228e-01,0.000000000e+00,1.797151850e-03,2.239070e-16,1.110765e-17,9.697399e-19,1.656955e-03
4.500000,2.502730668e-02,1.864990707e-02,4.166475341e-02,9.324818393e-03,5.162721263e-03,3.234832001e-01,0.000000000e+00,1.776823270e-03,2.776642e-16,1.387779e-17,2.168404e-19,1.647424e-03
4.510000,2.483896988e-02,1.852773629e-02,4.128804907e-02,9.263735641e-03,5.225517442e-03,3.247228392e-01,0.000000000e+00,1.757334143e-03,3.523539e-16,7.757919e-18,8.940560e-19,1.646954e-03
4.520000,2.465146657e-02,1.841579768e-02,4.089305509e-02,9.207768726e-03,5.294365105e-03,3.260944637e-01,0.000000000e+00,1.738627431e-03,2.239070e-16,1.398579e-17,6.505213e-19,1.685899e-03
4.530000,2.446483113e-02,1.831374059e-02,4.047862507e-02,9.156742330e-03,5.369165958e-03,3.275540894e-01,0.000000000e+00,1.720650530e-03,2.620294e-16,6.938894e-18,5.421011e-19,1.651324e-03
4.540000,2.427909505e-02,1.822118660e-02,4.004379113e-02,9.110467265e-03,5.449745613e-03,3.290597084e-01,0.000000000e+00,1.703355332e-03,2.238869e-16,1.110765e-17,1.084202e-19,1.649404e-03
4.550000,2.409428692e-02,1.813773145e-02,3.958776996e-02,9.068741414e-03,5.535859741e-03,3.305715866e-01,0.000000000e+00,1.686698276e-03,2.289309e-16,8.673617e-18,1.654963e-18,1.647973e-03
4.560000,2.391043245e-02,1.806294714e-02,3.910996849e-02,9.031350794e-03,5.627201239e-03,3.320524794e-01,0.000000000e+00,1.670640345e-03,2.484291e-16,1.482148e-17,1.341084e-18,1.638923e-03
4.570000,2.372755446e-02,1.799638430e-02,3.860998927e-02,8.998070722e-03,5.723408050e-03,3.334677800e-01,0.000000000e+00,1.655147047e-03,2.992637e-16,1.110765e-17,1.817454e-18,1.678558e-03
4.580000,2.354567292e-02,1.793757459e-02,3.808763567e-02,8.968667057e-03,5.824071295e-03,3.347856092e-01,0.000000000e+00,1.640188357e-03,4.449591e-16,6.938894e-18,1.693578e-18,1.660415e-03
4.590000,2.336480497e-02,1.788603342e-02,3.754291730e-02,8.942897502e-03,5.928743435e-03,3.359768580e-01,0.000000000e+00,1.625738635e-03,2.372960e-16,7.757919e-18,1.626303e-18,1.676398e-03
4.600000,2.318496495e-02,1.784126253e-02,3.697605565e-02,8.920512952e-03,6.036946189e-03,3.370151927e-01,0.000000000e+00,1.611776511e-03,3.609559e-16,1.636535e-17,9.697399e-19,1.654524e-03
4.610000,2.300616441e-02,1.780275283e-02,3.638749025e-02,8.901258867e-03,6.148178036e-03,3.378770320e-01,0.000000000e+00,1.598284744e-03,6.684518e-16,6.938894e-18,2.710505e-18,1.658315e-03
4.620000,2.282841219e-02,1.776998710e-02,3.577788550e-02,8.884876647e-03,6.261921150e-03,3.385415023e-01,0.000000000e+00,1.585250062e-03,3.511005e-16,9.813078e-18,1.788112e-18,1.668526e-03
4.630000,2.265171441e-02,1.774244271e-02,3.514813838e-02,8.871104995e-03,6.377647691e-03,3.389903790e-01,0.000000000e+00,1.572662967e-03,1.596323e-16,7.152448e-18,4.336809e-19,1.653735e-03
4.640000,2.247607453e-02,1.771959434e-02,3.449938717e-02,8.859681258e-03,6.494825397e-03,3.392080172e-01,0.000000000e+00,1.560517529e-03,5.829084e-16,3.469447e-18,1.764953e-18,1.681798e-03
4.650000,2.230149343e-02,1.770091654e-02,3.383302148e-02,8.850342726e-03,6.612922494e-03,3.391812781e-01,0.000000000e+00,1.548811153e-03,4.712960e-16,1.430490e-17,5.421011e-19,1.644993e-03
4.660000,2.212796940e-02,1.768588625e-02,3.315069354e-02,8.842827876e-03,6.731411930e-03,3.388994527e-01,0.000000000e+00,1.537544333e-03,2.881939e-17,3.469447e-18,1.817454e-18,1.643152e-03
4.670000,2.195549827e-02,1.767398516e-02,3.245433108e-02,8.836877566e-03,6.849774988e-03,3.383541861e-01,0.000000000e+00,1.526720383e-03,5.613566e-16,9.813078e-18,2.171113e-18,1.655705e-03
4.680000,2.178407340e-02,1.766470197e-02,3.174615161e-02,8.832236150e-03,6.967504319e-03,3.375394041e-01,0.000000000e+00,1.516345166e-03,2.499206e-16,1.398579e-17,2.263881e-18,1.645113e-03
4.690000,2.161368580e-02,1.765753446e-02,3.102867834e-02,8.828652533e-03,7.084106472e-03,3.364512435e-01,0.000000000e+00,1.506426800e-03,1.339476e-15,7.757919e-18,6.562782e-18,1.682539e-03
4.700000,2.144432413e-02,1.765199147e-02,3.030475722e-02,8.825881145e-03,7.199103969e-03,3.350879875e-01,0.000000000e+00,1.496975363e-03,2.239070e-16,1.110765e-17,1.084202e-19,1.648684e-03
4.710000,2.127597486e-02,1.764759468e-02,2.957757506e-02,8.823682838e-03,7.312036999e-03,3.334500070e-01,0.000000000e+00,1.488002584e-03,3.433394e-16,1.387779e-17,1.563659e-18,1.640332e-03
4.720000,2.110862225e-02,1.764388028e-02,2.885067775e-02,8.821825711e-03,7.422464774e-03,3.315397064e-01,0.000000000e+00,1.479521541e-03,3.376968e-16,1.636535e-17,1.305552e-18,1.667407e-03
4.730000,2.094224850e-02,1.764040044e-02,2.812798773e-02,8.820085858e-03,7.529966612e-03,3.293614779e-01,0.000000000e+00,1.471546341e-03,4.449693e-16,7.757919e-18,1.454610e-18,1.647133e-03
4.740000,2.077683376e-02,1.763672467e-02,2.741381902e-02,8.818248046e-03,7.634142785e-03,3.269216601e-01,0.000000000e+00,1.464091814e-03,3.388710e-16,1.734723e-18,2.179219e-18,1.675117e-03
4.750000,2.061235631e-02,1.763244106e-02,2.671288763e-02,8.816106324e-03,7.734615177e-03,3.242285041e-01,0.000000000e+00,1.457173204e-03,4.577830e-16,1.250927e-17,1.318989e-18,1.647353e-03
4.760000,2.044879251e-02,1.762715733e-02,2.603031433e-02,8.813464561e-03,7.831027781e-03,3.212921451e-01,0.000000000e+00,1.450805861e-03,8.883139e-16,8.673617e-18,3.529907e-18,1.653455e-03
4.770000,2.028611703e-02,1.762050182e-02,2.537161584e-02,8.810136936e-03,7.923047078e-03,3.181245796e-01,0.000000000e+00,1.445004948e-03,5.551549e-16,1.040834e-17,3.511543e-18,1.647363e-03
4.780000,2.012430284e-02,1.761212435e-02,2.474267971e-02,8.805948360e-03,8.010362301e-03,3.147396481e-01,0.000000000e+00,1.439785145e-03,4.475721e-16,7.152448e-18,2.611105e-18,1.645524e-03
4.790000,1.996332131e-02,1.760169692e-02,2.414971724e-02,8.800734850e-03,8.092685630e-03,3.111530210e-01,0.000000000e+00,1.435160378e-03,4.743129e-16,6.938894e-18,1.305552e-18,1.685298e-03
4.800000,1.980314238e-02,1.758891445e-02,2.359918860e-02,8.794343863e-03,8.169752312e-03,3.073821886e-01,0.000000000e+00,1.431143546e-03,2.221530e-16,2.110382e-17,4.848700e-19,1.661016e-03
4.810000,1.964373456e-02,1.757349528e-02,2.309769487e-02,8.786634576e-03,8.241320739e-03,3.034464518e-01,0.000000000e+00,1.427746272e-03,2.239070e-16,1.040834e-17,8.673617e-19,1.675427e-03
4.820000,1.948506509e-02,1.755518171e-02,2.265183299e-02,8.777478140e-03,8.307172477e-03,2.993669130e-01,0.000000000e+00,1.424978665e-03,4.450098e-16,1.110765e-17,4.848700e-19,1.651224e-03
4.830000,1.932710000e-02,1.753374038e-02,2.226801335e-02,8.766757890e-03,8.367112276e-03,2.951664635e-01,0.000000000e+00,1.422849103e-03,3.511176e-16,1.734723e-18,2.045669e-18,1.648104e-03
4.840000,1.916980426e-02,1.750896272e-02,2.195224442e-02,8.754369534e-03,8.420968046e-03,2.908697653e-01,0.000000000e+00,1.421364028e-03,1.121013e-16,1.398579e-17,1.506222e-18,1.666926e-03
4.850000,1.901314182e-02,1.748066519e-02,2.170989510e-02,8.740221309e-03,8.468590824e-03,2.865032224e-01,0.000000000e+00,1.420527765e-03,2.289046e-16,6.938894e-18,6.942281e-19,1.647353e-03
4.860000,1.885707577e-02,1.744868959e-02,2.154545236e-02,8.724234120e-03,8.509854724e-03,2.820949379e-01,0.000000000e+00,1.420342366e-03,2.224779e-16,1.482148e-17,5.421011e-19,1.677467e-03
4.870000,1.870156840e-02,1.741290329e-02,2.146229685e-02,8.706341650e-03,8.544656880e-03,2.776746497e-01,0.000000000e+00,1.420807462e-03,4.586236e-16,8.673617e-18,2.105140e-18,1.643513e-03
4.880000,1.854658132e-02,1.737319941e-02,2.146252180e-02,8.686490462e-03,8.572917383e-03,2.732736389e-01,0.000000000e+00,1.421920153e-03,1.154862e-16,7.757919e-18,4.336809e-19,1.639312e-03
4.890000,1.839207559e-02,1.732949700e-02,2.154681749e-02,8.664640078e-03,8.594579216e-03,2.689246031e-01,0.000000000e+00,1.423674908e-03,2.484473e-16,7.757919e-18,6.505213e-19,1.652084e-03
4.900000,1.823801179e-02,1.728174114e-02,2.171443690e-02,8.640763045e-03,8.609608181e-03,2.646614860e-01,0.000000000e+00,1.426063497e-03,4.652941e-16,7.152448e-18,9.697399e-19,1.647773e-03
4.910000,1.808435013e-02,1.722990311e-02,2.196324656e-02,8.614844990e-03,8.617992837e-03,2.605192540e-01,0.000000000e+00,1.429074937e-03,2.237995e-16,1.430490e-17,4.848700e-19,1.675747e-03
4.920000,1.793105057e-02,1.717398038e-02,2.228985485e-02,8.586884660e-03,8.619744429e-03,2.565336117e-01,0.000000000e+00,1.432695472e-03,4.450098e-16,6.938894e-18,1.852685e-18,1.644622e-03
4.930000,1.777807295e-02,1.711399675e-02,2.268980008e-02,8.556893949e-03,8.614896828e-03,2.527406490e-01,0.000000000e+00,1.436908565e-03,4.449828e-16,2.194271e-17,4.316432e-18,1.645353e-03
4.940000,1.762537703e-02,1.705000236e-02,2.315777442e-02,8.524897918e-03,8.603506463e-03,2.491764137e-01,0.000000000e+00,1.441694922e-03,2.239877e-16,1.908196e-17,6.133174e-19,1.655555e-03
4.950000,1.747292266e-02,1.698207365e-02,2.368785945e-02,8.490934794e-03,8.585652268e-03,2.458764084e-01,0.000000000e+00,1.447032531e-03,2.483746e-16,7.757919e-18,5.421011e-19,1.642353e-03
4.960000,1.732066985e-02,1.691031341e-02,2.427375200e-02,8.455055961e-03,8.561435623e-03,2.428750159e-01,0.000000000e+00,1.452896728e-03,2.220717e-16,5.204170e-18,8.741117e-19,1.676218e-03
4.970000,1.716857888e-02,1.683485067e-02,2.490896519e-02,8.417325936e-03,8.530980309e-03,2.402048621e-01,0.000000000e+00,1.459260281e-03,7.778064e-16,1.734723e-17,2.682168e-18,1.643783e-03
4.980000,1.701661042e-02,1.675584066e-02,2.558699586e-02,8.377822322e-03,8.494432448e-03,2.378961357e-01,0.000000000e+00,1.466093494e-03,6.668743e-16,1.734723e-18,2.602085e-18,1.646664e-03
4.990000,1.686472562e-02,1.667346462e-02,2.630145556e-02,8.336635744e-03,8.451960467e-03,2.359758891e-01,0.000000000e+00,1.473364332e-03,1.241752e-16,1.387779e-17,1.167721e-18,1.665196e-03
5.000000,1.671288620e-02,1.658792971e-02,2.704616666e-02,8.293869763e-03,8.403755044e-03,2.344673544e-01,0.000000000e+00,1.481038562e-03,1.396425e-16,0.000000e+00,6.133174e-19,1.646033e-03
5.010000,1.656105458e-02,1.649946868e-02,2.781522765e-02,8.249640763e-03,8.350029057e-03,2.333893126e-01,0.000000000e+00,1.489079908e-03,6.690278e-16,9.813078e-18,1.305552e-18,1.687409e-03
5.020000,1.640919396e-02,1.640833966e-02,2.860305296e-02,8.204077797e-03,8.291017531e-03,2.327555561e-01,0.000000000e+00,1.497450233e-03,2.237995e-16,1.110765e-17,1.341084e-18,1.654964e-03
5.030000,1.625726841e-02,1.631482576e-02,2.940439304e-02,8.157322412e-03,8.226977569e-03,2.325744813e-01,0.000000000e+00,1.506109716e-03,1.252850e-16,5.204170e-18,1.226635e-18,1.660605e-03
5.040000,1.610524299e-02,1.621923461e-02,3.021433978e-02,8.109528417e-03,8.158188267e-03,2.328488436e-01,0.000000000e+00,1.515017060e-03,2.289835e-16,2.030442e-17,1.022834e-18,1.653174e-03
5.050000,1.595308383e-02,1.612189781e-02,3.102832152e-02,8.060861609e-03,8.084950605e-03,2.335756915e-01,0.000000000e+00,1.524129698e-03,1.391244e-16,7.152448e-18,4.848700e-19,1.657065e-03
5.060000,1.580075822e-02,1.602317029e-02,3.184209143e-02,8.011499440e-03,8.007587300e-03,2.347464882e-01,0.000000000e+00,1.533404015e-03,4.587024e-16,1.250927e-17,2.682168e-18,1.686969e-03
5.070000,1.564823469e-02,1.592342947e-02,3.265171165e-02,7.961630623e-03,7.926442619e-03,2.363474093e-01,0.000000000e+00,1.542795575e-03,1.388212e-16,1.844036e-17,4.470280e-19,1.647603e-03
5.080000,1.549548312e-02,1.582307438e-02,3.345353544e-02,7.911454659e-03,7.841882117e-03,2.383597940e-01,0.000000000e+00,1.552259356e-03,2.237995e-16,5.204170e-18,9.697399e-19,1.673637e-03
5.090000,1.534247483e-02,1.572252452e-02,3.424418848e-02,7.861181291e-03,7.754292301e-03,2.407607182e-01,0.000000000e+00,1.561749985e-03,7.757919e-18,1.110765e-17,1.084202e-18,1.651684e-03
5.100000,1.518918262e-02,1.562221858e-02,3.502055054e-02,7.811029861e-03,7.664080184e-03,2.435236483e-01,0.000000000e+00,1.571221980e-03,5.722484e-16,0.000000e+00,1.788112e-18,1.650634e-03
5.110000,1.503558088e-02,1.552261299e-02,3.577973782e-02,7.761228573e-03,7.571672710e-03,2.466191380e-01,0.000000000e+00,1.580629992e-03,2.483504e-16,7.757919e-18,1.918149e-18,1.662636e-03
5.120000,1.488164568e-02,1.542418018e-02,3.651908653e-02,7.712013641e-03,7.477516014e-03,2.500155272e-01,0.000000000e+00,1.589929041e-03,2.514571e-16,7.152448e-18,8.940560e-19,1.647173e-03
5.130000,1.472735479e-02,1.532740670e-02,3.723613781e-02,7.663628332e-03,7.382074476e-03,2.536796147e-01,0.000000000e+00,1.599074762e-03,3.511691e-16,3.469447e-18,1.852685e-18,1.678007e-03
5.140000,1.457268782e-02,1.523279103e-02,3.792862403e-02,7.616321876e-03,7.285829541e-03,2.575772778e-01,0.000000000e+00,1.608023629e-03,3.342934e-16,1.387779e-17,5.421011e-19,1.650433e-03
5.150000,1.441762623e-02,1.514084113e-02,3.859445648e-02,7.570348254e-03,7.189278248e-03,2.616740239e-01,0.000000000e+00,1.616733191e-03,2.633582e-16,7.152448e-18,5.421011e-19,1.646893e-03
5.160000,1.426215341e-02,1.505207179e-02,3.923171434e-02,7.525964847e-03,7.092931418e-03,2.659354662e-01,0.000000000e+00,1.625162289e-03,6.684878e-16,2.088884e-17,3.043501e-18,1.659164e-03
5.170000,1.410625474e-02,1.496700162e-02,3.983863493e-02,7.483430961e-03,6.997311465e-03,2.703277191e-01,0.000000000e+00,1.633271270e-03,3.433876e-16,9.813078e-18,1.852685e-18,1.652613e-03
5.180000,1.394991766e-02,1.488614987e-02,4.041360499e-02,7.443006214e-03,6.902949763e-03,2.748177181e-01,0.000000000e+00,1.641022189e-03,4.612147e-16,1.844036e-17,2.742839e-18,1.691259e-03
5.190000,1.379313168e-02,1.481003295e-02,4.095515300e-02,7.404948799e-03,6.810383522e-03,2.793734699e-01,0.000000000e+00,1.648379002e-03,3.608225e-16,1.430490e-17,2.263881e-18,1.656855e-03
5.200000,1.363588849e-02,1.473916069e-02,4.146194237e-02,7.369513639e-03,6.720152151e-03,2.839642385e-01,0.000000000e+00,1.655307742e-03,1.147018e-16,7.757919e-18,2.168404e-19,1.654364e-03
5.210000,1.347818193e-02,1.467403252e-02,4.193276538e-02,7.336950435e-03,6.632793052e-03,2.885606795e-01,0.000000000e+00,1.661776689e-03,7.870446e-16,1.214306e-17,2.682168e-18,1.655624e-03
5.220000,1.332000809e-02,1.461513335e-02,4.236653781e-02,7.307501638e-03,6.548836857e-03,2.931349288e-01,0.000000000e+00,1.667756518e-03,2.482777e-16,3.469447e-18,1.734723e-18,1.654933e-03
5.230000,1.316136530e-02,1.456292942e-02,4.276229420e-02,7.281400368e-03,6.468802102e-03,2.976606554e-01,0.000000000e+00,1.673220438e-03,2.372706e-16,8.673617e-18,2.168404e-19,1.684508e-03
5.240000,1.300225419e-02,1.451786412e-02,4.311918352e-02,7.258868310e-03,6.393189397e-03,3.021130853e-01,0.000000000e+00,1.678144312e-03,6.753669e-16,3.469447e-18,2.045669e-18,1.663725e-03
5.250000,1.284267770e-02,1.448035374e-02,4.343646537e-02,7.240113614e-03,6.322475152e-03,3.064690039e-01,0.000000000e+00,1.682506760e-03,2.220717e-16,7.152448e-18,3.634908e-18,1.686838e-03
5.260000,1.268264111e-02,1.445078345e-02,4.371350650e-02,7.225328855e-03,6.257104991e-03,3.107067410e-01,0.000000000e+00,1.686289245e-03,1.594814e-16,1.636535e-17,1.341084e-18,1.657134e-03
5.270000,1.252215203e-02,1.442950333e-02,4.394977767e-02,7.214689073e-03,6.197486999e-03,3.148061447e-01,0.000000000e+00,1.689476147e-03,4.450234e-16,5.204170e-18,1.371419e-18,1.650184e-03
5.280000,1.236122044e-02,1.441682475e-02,4.414485073e-02,7.208349949e-03,6.143985010e-03,3.187485461e-01,0.000000000e+00,1.692054810e-03,9.813078e-18,1.734723e-18,4.336809e-19,1.650814e-03
5.290000,1.219985871e-02,1.441301707e-02,4.429839605e-02,7.206446158e-03,6.096912151e-03,3.225167199e-01,0.000000000e+00,1.694015578e-03,3.775963e-16,1.482148e-17,6.133174e-19,1.653653e-03
5.300000,1.203808155e-02,1.441830474e-02,4.441017997e-02,7.209089927e-03,6.056524905e-03,3.260948401e-01,0.000000000e+00,1.695351815e-03,1.243689e-16,1.214306e-17,6.133174e-19,1.684628e-03
5.310000,1.187590604e-02,1.443286496e-02,4.448006257e-02,7.216369844e-03,6.023017947e-03,3.294684360e-01,0.000000000e+00,1.696059894e-03,3.343114e-16,6.938894e-18,1.626303e-18,1.653593e-03
5.320000,1.171335163e-02,1.445682580e-02,4.450799547e-02,7.228349955e-03,5.996519987e-03,3.326243463e-01,0.000000000e+00,1.696139191e-03,1.570859e-16,6.938894e-18,4.336809e-19,1.651603e-03
5.330000,1.155044012e-02,1.449026506e-02,4.449401980e-02,7.245069146e-03,5.977090858e-03,3.355506751e-01,0.000000000e+00,1.695592035e-03,2.989568e-16,3.469447e-18,1.084202e-19,1.656934e-03
5.340000,1.138719560e-02,1.453320961e-02,4.443826427e-02,7.266540854e-03,5.964719982e-03,3.382367485e-01,0.000000000e+00,1.694423669e-03,4.518547e-16,2.255141e-17,3.035766e-18,1.656804e-03
5.350000,1.122364453e-02,1.458563547e-02,4.434094326e-02,7.292753092e-03,5.959326336e-03,3.406730730e-01,0.000000000e+00,1.692642169e-03,1.112930e-16,0.000000e+00,9.263427e-19,1.692719e-03
5.360000,1.105981558e-02,1.464746853e-02,4.420235511e-02,7.323668795e-03,5.960759928e-03,3.428512957e-01,0.000000000e+00,1.690258367e-03,2.289046e-16,1.387779e-17,1.305552e-18,1.657905e-03
5.370000,1.089573973e-02,1.471858580e-02,4.402288030e-02,7.359226473e-03,5.968804722e-03,3.447641667e-01,0.000000000e+00,1.687285748e-03,6.806220e-16,8.673617e-18,1.788112e-18,1.685478e-03
5.380000,1.073145013e-02,1.479881732e-02,4.380297989e-02,7.399341137e-03,5.983182884e-03,3.464055032e-01,0.000000000e+00,1.683740337e-03,2.860979e-17,7.757919e-18,5.421011e-19,1.660815e-03
5.390000,1.056698213e-02,1.488794849e-02,4.354319382e-02,7.443905495e-03,6.003560162e-03,3.477701559e-01,0.000000000e+00,1.679640573e-03,3.878960e-18,1.250927e-17,6.133174e-19,1.656144e-03
5.400000,1.040237318e-02,1.498572294e-02,4.324413946e-02,7.492791360e-03,6.029552143e-03,3.488539772e-01,0.000000000e+00,1.675007170e-03,6.894691e-16,7.152448e-18,1.893478e-18,1.667466e-03
5.410000,1.023766283e-02,1.509184570e-02,4.290651005e-02,7.545851239e-03,6.060731131e-03,3.496537912e-01,0.000000000e+00,1.669862964e-03,7.894574e-16,7.757919e-18,9.697399e-19,1.655634e-03
5.420000,1.007289266e-02,1.520598665e-02,4.253107334e-02,7.602920077e-03,6.096633382e-03,3.501673657e-01,0.000000000e+00,1.664232758e-03,2.006888e-16,7.152448e-18,4.470280e-19,1.684437e-03
5.430000,9.908106187e-03,1.532778422e-02,4.211867020e-02,7.663817088e-03,6.136766420e-03,3.503933854e-01,0.000000000e+00,1.658143145e-03,1.242236e-16,0.000000e+00,4.848700e-19,1.670846e-03
5.440000,9.743348866e-03,1.545684919e-02,4.167021342e-02,7.728347662e-03,6.180616231e-03,3.503314271e-01,0.000000000e+00,1.651622340e-03,2.220785e-16,7.152448e-18,1.454610e-18,1.655904e-03
5.450000,9.578667977e-03,1.559276853e-02,4.118668651e-02,7.796305281e-03,6.227654117e-03,3.499819358e-01,0.000000000e+00,1.644699987e-03,1.241752e-16,1.734723e-18,8.940560e-19,1.652314e-03
5.460000,9.414112575e-03,1.573510921e-02,4.066914264e-02,7.867473440e-03,6.277343080e-03,3.493462027e-01,0.000000000e+00,1.637406977e-03,1.147018e-16,1.734723e-18,6.133174e-19,1.650744e-03
5.470000,9.249733418e-03,1.588342200e-02,4.011870377e-02,7.941627517e-03,6.329143626e-03,3.484263438e-01,0.000000000e+00,1.629775249e-03,1.110765e-16,1.734723e-18,4.878910e-19,1.689418e-03
5.480000,9.085582883e-03,1.603724503e-02,3.953655986e-02,8.018536583e-03,6.382518931e-03,3.472252804e-01,0.000000000e+00,1.621837598e-03,1.110588e-15,0.000000e+00,1.748223e-18,1.655344e-03
5.490000,8.921714894e-03,1.619610726e-02,3.892396831e-02,8.097965120e-03,6.436939337e-03,3.457467200e-01,0.000000000e+00,1.613627471e-03,2.619605e-16,1.055191e-17,4.336809e-19,1.677717e-03
5.500000,8.758184839e-03,1.635953171e-02,3.828225354e-02,8.179674641e-03,6.491886185e-03,3.439951385e-01,0.000000000e+00,1.605178776e-03,1.667592e-16,7.152448e-18,4.631714e-19,1.647343e-03
5.510000,8.595049483e-03,1.652703848e-02,3.761280692e-02,8.263425194e-03,6.546855019e-03,3.419757636e-01,0.000000000e+00,1.596525675e-03,2.220988e-16,3.878960e-18,4.848700e-19,1.648134e-03
5.520000,8.432366881e-03,1.669814748e-02,3.691708693e-02,8.348976745e-03,6.601358194e-03,3.396945588e-01,0.000000000e+00,1.587702395e-03,4.653103e-16,3.469447e-18,1.188921e-18,1.659294e-03
5.530000,8.270196290e-03,1.687238100e-02,3.619661962e-02,8.436090435e-03,6.654926948e-03,3.371582088e-01,0.000000000e+00,1.578743032e-03,6.804451e-16,5.204170e-18,8.673617e-19,1.655824e-03
5.540000,8.108598076e-03,1.704926591e-02,3.545299951e-02,8.524529711e-03,6.707113000e-03,3.343741051e-01,0.000000000e+00,1.569681360e-03,3.377013e-16,6.254634e-18,6.857097e-19,1.691058e-03
5.550000,7.947633621e-03,1.722833574e-02,3.468789090e-02,8.614061338e-03,6.757489727e-03,3.313503332e-01,0.000000000e+00,1.560550649e-03,2.289638e-16,1.734723e-18,2.168404e-19,1.651764e-03
5.560000,7.787365226e-03,1.740913241e-02,3.390302976e-02,8.704456282e-03,6.805652990e-03,3.280956606e-01,0.000000000e+00,1.551383488e-03,2.559173e-16,1.097135e-17,8.690542e-19,1.675377e-03
5.570000,7.627856018e-03,1.759120780e-02,3.310022608e-02,8.795490491e-03,6.851221655e-03,3.246195247e-01,0.000000000e+00,1.542211612e-03,3.608392e-16,4.906539e-18,8.940560e-19,1.656284e-03
5.580000,7.469169848e-03,1.777412508e-02,3.228136702e-02,8.886945560e-03,6.893837863e-03,3.209320233e-01,0.000000000e+00,1.533065743e-03,6.667299e-16,0.000000e+00,1.305552e-18,1.642522e-03
5.590000,7.311371196e-03,1.795745988e-02,3.144842076e-02,8.978609301e-03,6.933167100e-03,3.170439043e-01,0.000000000e+00,1.523975432e-03,2.483019e-16,4.906539e-18,2.557086e-19,1.676706e-03
5.600000,7.154525071e-03,1.814080119e-02,3.060344119e-02,9.070276222e-03,6.968898098e-03,3.129665566e-01,0.000000000e+00,1.514968918e-03,4.451721e-16,1.734723e-18,2.235140e-19,1.646253e-03
5.610000,6.998696913e-03,1.832375218e-02,2.974857365e-02,9.161747917e-03,7.000742606e-03,3.087120024e-01,0.000000000e+00,1.506072993e-03,2.482837e-16,9.341772e-18,1.897354e-19,1.641952e-03
5.620000,6.843952493e-03,1.850593085e-02,2.888606161e-02,9.252833389e-03,7.028435063e-03,3.042928892e-01,0.000000000e+00,1.497312879e-03,2.881939e-17,4.906539e-18,2.424350e-19,1.650684e-03
5.630000,6.690357817e-03,1.868697049e-02,2.801825463e-02,9.343349295e-03,7.051732187e-03,2.997224823e-01,0.000000000e+00,1.488712119e-03,3.555294e-16,8.673617e-18,4.470280e-19,1.645203e-03
5.640000,6.537979027e-03,1.886652009e-02,2.714761745e-02,9.433120141e-03,7.070412509e-03,2.950146581e-01,0.000000000e+00,1.480292476e-03,3.554660e-16,0.000000e+00,2.172635e-19,1.676627e-03
5.650000,6.386882309e-03,1.904424462e-02,2.627674043e-02,9.521978412e-03,7.084275867e-03,2.901838967e-01,0.000000000e+00,1.472073843e-03,7.757919e-18,1.734723e-18,2.172635e-19,1.649293e-03
5.660000,6.237133793e-03,1.921982515e-02,2.540835116e-02,9.609764664e-03,7.093142867e-03,2.852452743e-01,0.000000000e+00,1.464074175e-03,5.669893e-16,8.673617e-18,3.252607e-19,1.646103e-03
5.670000,6.088799471e-03,1.939295903e-02,2.454532725e-02,9.696327567e-03,7.096854328e-03,2.802144546e-01,0.000000000e+00,1.456309422e-03,3.330850e-16,2.602085e-18,1.355253e-19,1.646963e-03
5.680000,5.941945099e-03,1.956335980e-02,2.369070992e-02,9.781523915e-03,7.095270713e-03,2.751076787e-01,0.000000000e+00,1.448793481e-03,4.710405e-16,8.673617e-19,2.315857e-19,1.653274e-03
5.690000,5.796636118e-03,1.973075725e-02,2.284771797e-02,9.865218600e-03,7.088271555e-03,2.699417524e-01,0.000000000e+00,1.441538162e-03,2.372452e-16,3.878960e-18,4.439358e-19,1.686348e-03
5.700000,5.652937569e-03,1.989489724e-02,2.201976125e-02,9.947284566e-03,7.075754888e-03,2.647340303e-01,0.000000000e+00,1.434553163e-03,5.769723e-16,8.673617e-19,4.631714e-19,1.649033e-03
5.710000,5.510914017e-03,2.005554157e-02,2.121045244e-02,1.002760273e-02,7.057636669e-03,2.595023954e-01,0.000000000e+00,1.427846061e-03,1.594814e-16,4.336809e-18,1.631940e-19,1.683898e-03
5.720000,5.370629478e-03,2.021246781e-02,2.042361525e-02,1.010606187e-02,7.033850218e-03,2.542652325e-01,0.000000000e+00,1.421422314e-03,2.220988e-16,3.469447e-18,2.032879e-20,1.648253e-03
5.730000,5.232147348e-03,2.036546905e-02,1.966328663e-02,1.018255855e-02,7.004345651e-03,2.490413941e-01,0.000000000e+00,1.415285274e-03,2.881939e-17,4.336809e-18,4.338926e-19,1.662434e-03
5.740000,5.095530349e-03,2.051435362e-02,1.893370947e-02,1.025699695e-02,6.969089331e-03,2.438501559e-01,0.000000000e+00,1.409436218e-03,4.579933e-16,3.878960e-18,1.086318e-19,1.660404e-03
5.750000,4.960840465e-03,2.065894483e-02,1.823931154e-02,1.032928873e-02,6.928063318e-03,2.387111613e-01,0.000000000e+00,1.403874379e-03,3.609059e-16,3.878960e-18,3.297472e-19,1.652353e-03
5.760000,4.828138898e-03,2.079908066e-02,1.758466566e-02,1.039935288e-02,6.881264832e-03,2.336443501e-01,0.000000000e+00,1.398597001e-03,4.518580e-16,8.673617e-18,1.714274e-19,1.700380e-03
5.770000,4.697486028e-03,2.093461339e-02,1.697442538e-02,1.046711556e-02,6.828705723e-03,2.286698706e-01,0.000000000e+00,1.393599398e-03,4.712960e-16,2.602085e-18,1.084202e-19,1.656424e-03
5.780000,4.568941376e-03,2.106540929e-02,1.641323120e-02,1.053250990e-02,6.770411942e-03,2.238079714e-01,0.000000000e+00,1.388875021e-03,3.342574e-16,3.127317e-18,2.206192e-19,1.645082e-03
5.790000,4.442563584e-03,2.119134823e-02,1.590558335e-02,1.059547586e-02,6.706423025e-03,2.190788703e-01,0.000000000e+00,1.384415538e-03,5.578910e-16,6.254634e-18,2.194715e-19,1.659434e-03
5.800000,4.318410396e-03,2.131232332e-02,1.545568114e-02,1.065595999e-02,6.636791581e-03,2.145025975e-01,0.000000000e+00,1.380210926e-03,2.294037e-16,8.673617e-19,1.157928e-19,1.644371e-03
5.810000,4.196538653e-03,2.142824049e-02,1.506723374e-02,1.071391526e-02,6.561582787e-03,2.100988122e-01,0.000000000e+00,1.376249557e-03,2.483746e-16,2.453269e-18,2.710505e-20,1.691789e-03
5.820000,4.077004299e-03,2.153901812e-02,1.474325416e-02,1.076930088e-02,6.480873881e-03,2.058865913e-01,0.000000000e+00,1.372518313e-03,8.335703e-17,3.469447e-18,6.392714e-20,1.647043e-03
5.830000,3.959862390e-03,2.164458662e-02,1.448585582e-02,1.082208206e-02,6.394753672e-03,2.018841910e-01,0.000000000e+00,1.369002686e-03,8.448655e-17,2.453269e-18,9.772866e-20,1.644452e-03
5.840000,3.845167123e-03,2.174488803e-02,1.429607624e-02,1.087222981e-02,6.303322039e-03,1.981087829e-01,0.000000000e+00,1.365686896e-03,4.477738e-16,3.127317e-18,5.789642e-20,1.646292e-03
5.850000,3.732971864e-03,2.183987556e-02,1.417375388e-02,1.091972076e-02,6.206689450e-03,1.945761720e-01,0.000000000e+00,1.362554012e-03,2.225049e-16,3.127317e-18,3.549018e-19,1.641412e-03
5.860000,3.623329195e-03,2.192951321e-02,1.411747983e-02,1.096453690e-02,6.104976468e-03,1.913005003e-01,0.000000000e+00,1.359586075e-03,7.791535e-16,5.364336e-18,2.711352e-19,1.694429e-03
5.870000,3.516290959e-03,2.201377532e-02,1.412463520e-02,1.100666541e-02,5.998313273e-03,1.882939492e-01,0.000000000e+00,1.356764224e-03,3.122502e-17,9.341772e-18,8.342307e-20,1.663845e-03
5.880000,3.411908325e-03,2.209264611e-02,1.419151171e-02,1.104609841e-02,5.886839180e-03,1.855664508e-01,0.000000000e+00,1.354068827e-03,2.482777e-16,3.496447e-18,1.141076e-19,1.677676e-03
5.890000,3.310231849e-03,2.216611931e-02,1.431349907e-02,1.108283276e-02,5.770702160e-03,1.831254238e-01,0.000000000e+00,1.351479611e-03,2.237995e-16,5.818439e-18,1.219727e-19,1.644862e-03
5.900000,3.211311537e-03,2.223419764e-02,1.448531376e-02,1.111686983e-02,5.650058367e-03,1.809755480e-01,0.000000000e+00,1.348975792e-03,3.682724e-16,4.336809e-19,8.320347e-20,1.654813e-03
5.910000,3.115196919e-03,2.229689245e-02,1.470124095e-02,1.114821529e-02,5.525071665e-03,1.791185919e-01,0.000000000e+00,1.346536211e-03,4.441434e-16,1.939480e-18,2.715794e-20,1.681177e-03
5.920000,3.021937108e-03,2.235422321e-02,1.495536402e-02,1.117687888e-02,5.395913155e-03,1.775533071e-01,0.000000000e+00,1.344139459e-03,4.475721e-16,4.336809e-18,8.626439e-20,1.639802e-03
5.930000,2.931580859e-03,2.240621712e-02,1.524176392e-02,1.120287421e-02,5.262760711e-03,1.762753984e-01,0.000000000e+00,1.341764011e-03,1.112930e-16,2.637978e-18,8.175514e-20,1.674876e-03
5.940000,2.844176607e-03,2.245290865e-02,1.555467830e-02,1.122621851e-02,5.125798516e-03,1.752775746e-01,0.000000000e+00,1.339388348e-03,3.342799e-16,2.742839e-18,7.147272e-20,1.656624e-03
5.950000,2.759772496e-03,2.249433911e-02,1.588861830e-02,1.124693243e-02,4.985216598e-03,1.745496802e-01,0.000000000e+00,1.336991084e-03,1.388646e-16,2.682168e-18,3.388132e-20,1.650933e-03
5.960000,2.678416362e-03,2.253055619e-02,1.623844601e-02,1.126503982e-02,4.841210372e-03,1.740789019e-01,0.000000000e+00,1.334551085e-03,2.544787e-16,2.776912e-18,2.352252e-19,1.659104e-03
5.970000,2.600155700e-03,2.256161357e-02,1.659941881e-02,1.128056753e-02,4.693980192e-03,1.738500405e-01,0.000000000e+00,1.332047583e-03,2.220446e-16,5.208686e-18,1.768413e-19,1.650963e-03
5.980000,2.525037569e-03,2.258757047e-02,1.696720761e-02,1.129354515e-02,4.543730896e-03,1.738458339e-01,0.000000000e+00,1.329460287e-03,7.816195e-16,6.111093e-18,1.365800e-20,1.678286e-03
5.990000,2.453108443e-03,2.260849119e-02,1.733789635e-02,1.130400484e-02,4.390671366e-03,1.740473141e-01,0.000000000e+00,1.326769489e-03,2.719701e-16,1.939480e-18,1.126267e-19,1.634071e-03
6.000000,2.384414000e-03,2.262444476e-02,1.770796847e-02,1.131198112e-02,4.235014090e-03,1.618487516e-01,0.000000000e+00,1.323956163e-03,2.371755e-16,2.622335e-18,6.976590e-20,1.644762e-03
6.010000,2.319138211e-03,2.263584106e-02,1.807429087e-02,1.131767890e-02,4.077077739e-03,1.646348898e-01,0.000000000e+00,1.321039344e-03,5.732467e-17,3.151655e-18,6.810061e-20,1.645412e-03
6.020000,2.257189129e-03,2.264242090e-02,1.843408242e-02,1.132096861e-02,3.916977975e-03,1.674703888e-01,0.000000000e+00,1.317964071e-03,2.483504e-16,8.728501e-18,1.823306e-19,1.643612e-03
6.030000,2.198604733e-03,2.264426481e-02,1.878488068e-02,1.132189051e-02,3.754935409e-03,1.703289491e-01,0.000000000e+00,1.314713828e-03,2.487197e-16,3.249443e-18,7.643974e-20,1.702680e-03
6.040000,2.143420211e-03,2.264145642e-02,1.912452032e-02,1.132048640e-02,3.591172630e-03,1.731860009e-01,0.000000000e+00,1.311273105e-03,1.112389e-16,2.395273e-18,6.776264e-21,1.641622e-03
6.050000,2.091667302e-03,2.263408207e-02,1.945110695e-02,1.131679947e-02,3.425913822e-03,1.760187232e-01,0.000000000e+00,1.307627466e-03,6.753513e-16,4.013837e-18,4.886433e-20,1.642622e-03
6.060000,2.043373539e-03,2.262223044e-02,1.976299266e-02,1.131087403e-02,3.259384408e-03,1.788060260e-01,0.000000000e+00,1.303763603e-03,6.667231e-16,2.514788e-18,1.092640e-19,1.637091e-03
6.070000,1.998561421e-03,2.260599217e-02,2.005875364e-02,1.130275541e-02,3.091810720e-03,1.815285066e-01,0.000000000e+00,1.299669386e-03,7.757919e-18,2.222614e-18,1.092640e-19,1.642822e-03
6.080000,1.957247527e-03,2.258545952e-02,2.033717002e-02,1.129248974e-02,2.923419709e-03,1.841683883e-01,0.000000000e+00,1.295333901e-03,8.799341e-17,2.827253e-18,2.152464e-19,1.714182e-03
6.090000,1.919441604e-03,2.256072602e-02,2.059720778e-02,1.128012378e-02,2.754438696e-03,1.867094496e-01,0.000000000e+00,1.290747484e-03,1.665696e-16,3.886528e-18,1.631940e-19,1.657474e-03
6.100000,1.885145651e-03,2.253188616e-02,2.083800272e-02,1.126570477e-02,2.585095204e-03,1.891369469e-01,0.000000000e+00,1.285901747e-03,5.661474e-16,2.436441e-18,1.496926e-19,1.714362e-03
6.110000,1.854353053e-03,2.249903505e-02,2.105884624e-02,1.124928025e-02,2.415616881e-03,1.914375360e-01,0.000000000e+00,1.280789591e-03,6.753401e-16,3.589348e-18,3.833234e-20,1.646063e-03
6.120000,1.827047790e-03,2.246226812e-02,2.125917286e-02,1.123089795e-02,2.246231571e-03,1.935991948e-01,0.000000000e+00,1.275405215e-03,1.146493e-16,2.235140e-18,2.443217e-20,1.646673e-03
6.130000,1.803203792e-03,2.242168085e-02,2.143854915e-02,1.121060559e-02,2.077167607e-03,1.956111482e-01,0.000000000e+00,1.269744119e-03,2.371437e-16,7.277089e-18,4.545656e-20,1.651533e-03
6.140000,1.782784447e-03,2.237736849e-02,2.159666402e-02,1.118845080e-02,1.908654445e-03,1.974637969e-01,0.000000000e+00,1.263803093e-03,2.371945e-16,3.471141e-18,1.908213e-19,1.650603e-03
6.150000,1.765742328e-03,2.232942579e-02,2.173332014e-02,1.116448095e-02,1.740923852e-03,1.991486505e-01,0.000000000e+00,1.257580208e-03,1.249964e-16,3.496447e-18,9.583084e-20,1.719262e-03
6.160000,1.752019146e-03,2.227794677e-02,2.184842636e-02,1.113874304e-02,1.574212039e-03,2.006582656e-01,0.000000000e+00,1.251074788e-03,8.350131e-17,3.157244e-18,7.902413e-20,1.648153e-03
6.170000,1.741545958e-03,2.222302451e-02,2.194199102e-02,1.111128361e-02,1.408763444e-03,2.019861880e-01,0.000000000e+00,1.244287388e-03,2.544077e-16,4.119968e-18,8.677852e-20,1.652873e-03
6.180000,1.734243614e-03,2.216475090e-02,2.201411599e-02,1.108214860e-02,1.244837595e-03,2.031269002e-01,0.000000000e+00,1.237219757e-03,2.220785e-16,2.528772e-18,7.576093e-20,1.647242e-03
6.190000,1.730023438e-03,2.210321651e-02,2.206499136e-02,1.105138329e-02,1.082722075e-03,2.040757723e-01,0.000000000e+00,1.229874799e-03,2.220785e-16,1.454610e-18,9.583084e-20,1.656844e-03
6.200000,1.728788110e-03,2.203851037e-02,2.209489067e-02,1.101903219e-02,9.227585450e-04,2.048290179e-01,0.000000000e+00,1.222256527e-03,5.763878e-17,5.222209e-18,3.189886e-19,1.714462e-03
6.210000,1.730432722e-03,2.197071985e-02,2.210416670e-02,1.098513898e-02,7.653994797e-04,2.053836533e-01,0.000000000e+00,1.214370010e-03,2.775991e-16,4.470280e-18,3.030437e-20,1.659154e-03
6.220000,1.734845933e-03,2.189993048e-02,2.209324752e-02,1.094974642e-02,6.113466166e-04,2.057374600e-01,0.000000000e+00,1.206221324e-03,2.724123e-16,8.940560e-19,1.157928e-19,1.714102e-03
6.230000,1.741911205e-03,2.182622589e-02,2.206263306e-02,1.091289633e-02,4.619451373e-04,2.058889508e-01,0.000000000e+00,1.197817485e-03,3.511905e-16,3.998340e-18,1.117570e-19,1.646323e-03
6.240000,1.751508044e-03,2.174968767e-02,2.201289182e-02,1.087462949e-02,3.205770723e-04,2.058373384e-01,0.000000000e+00,1.189166393e-03,1.800439e-16,2.335443e-18,8.159702e-20,1.646303e-03
6.250000,1.763513217e-03,2.167039531e-02,2.194465797e-02,1.083498564e-02,1.991989889e-04,2.055825068e-01,0.000000000e+00,1.180276760e-03,2.243367e-16,1.748223e-18,8.571371e-20,1.635011e-03
6.260000,1.777801889e-03,2.158842611e-02,2.185862847e-02,1.079400344e-02,1.475396347e-04,2.051249849e-01,0.000000000e+00,1.171158045e-03,2.289309e-16,5.280410e-18,5.587850e-20,1.639862e-03
6.270000,1.794248665e-03,2.150385519e-02,2.175556054e-02,1.075172043e-02,2.157079523e-04,2.044659223e-01,0.000000000e+00,1.161820385e-03,5.613245e-16,1.939480e-18,4.065758e-20,1.705461e-03
6.280000,1.812728508e-03,2.141675539e-02,2.163626912e-02,1.070817304e-02,3.336701990e-04,2.036070673e-01,0.000000000e+00,1.152274516e-03,1.388212e-16,2.611105e-18,6.060874e-20,1.643072e-03
6.290000,1.833117507e-03,2.132719732e-02,2.150162443e-02,1.066339656e-02,4.620024346e-04,2.025507466e-01,0.000000000e+00,1.142531706e-03,2.482777e-16,1.563659e-18,3.030437e-20,1.645433e-03
6.300000,1.855293527e-03,2.123524934e-02,2.135254960e-02,1.061742517e-02,5.916347335e-04,2.012998462e-01,0.000000000e+00,1.132603679e-03,3.342394e-16,1.939480e-18,5.789642e-20,1.650283e-03
6.310000,1.879136694e-03,2.114097758e-02,2.119001827e-02,1.057029194e-02,7.198547769e-04,1.998577950e-01,0.000000000e+00,1.122502538e-03,1.111615e-15,2.453269e-18,1.515219e-19,1.655554e-03
6.320000,1.904529774e-03,2.104444601e-02,2.101505215e-02,1.052202884e-02,8.455589918e-04,1.982285492e-01,0.000000000e+00,1.112240696e-03,4.586236e-16,1.563659e-18,2.032879e-20,1.715132e-03
6.330000,1.931358418e-03,2.094571643e-02,2.082871851e-02,1.047266677e-02,9.681842152e-04,1.964165782e-01,0.000000000e+00,1.101830797e-03,4.580196e-16,1.226635e-18,2.710505e-20,1.636550e-03
6.340000,1.959511314e-03,2.084484862e-02,2.063212746e-02,1.042223562e-02,1.087390662e-03,1.944268523e-01,0.000000000e+00,1.091285652e-03,5.551115e-17,1.788112e-18,1.183424e-19,1.638661e-03
6.350000,1.988880247e-03,2.074190034e-02,2.042642911e-02,1.037076426e-02,1.202946621e-03,1.922648320e-01,0.000000000e+00,1.080618159e-03,2.618915e-16,0.000000e+00,8.159702e-20,1.640892e-03
6.360000,2.019360093e-03,2.063692750e-02,2.021281046e-02,1.031828065e-02,1.314679906e-03,1.899364584e-01,0.000000000e+00,1.069841243e-03,4.449726e-16,9.697399e-19,1.092640e-19,1.641092e-03
6.370000,2.050848754e-03,2.052998418e-02,1.999249190e-02,1.026481182e-02,1.422455070e-03,1.874481461e-01,0.000000000e+00,1.058967788e-03,6.776288e-16,2.776912e-18,2.710505e-20,1.705300e-03
6.380000,2.083247055e-03,2.042112285e-02,1.976672343e-02,1.021038401e-02,1.526161781e-03,1.848067764e-01,0.000000000e+00,1.048010569e-03,1.923980e-16,1.734723e-18,6.060874e-20,1.638271e-03
6.390000,2.116458611e-03,2.031039440e-02,1.953678035e-02,1.015502265e-02,1.625708474e-03,1.820196941e-01,0.000000000e+00,1.036982198e-03,3.608558e-16,1.939480e-18,9.216715e-20,1.640462e-03
6.400000,2.150389680e-03,2.019784832e-02,1.930395843e-02,1.009875250e-02,1.721018717e-03,1.790947046e-01,0.000000000e+00,1.025895065e-03,4.518280e-16,1.734723e-18,1.103096e-19,1.637551e-03
6.410000,2.184949003e-03,2.008353286e-02,1.906956850e-02,1.004159767e-02,1.812029017e-03,1.760400744e-01,0.000000000e+00,1.014761284e-03,7.928597e-16,5.222209e-18,1.435865e-19,1.640881e-03
6.420000,2.220047644e-03,1.996749513e-02,1.883493033e-02,9.983581713e-03,1.898687461e-03,1.728645326e-01,0.000000000e+00,1.003592643e-03,3.522642e-16,4.336809e-19,1.365800e-19,1.708610e-03
6.430000,2.255598840e-03,1.984978132e-02,1.860136582e-02,9.924727719e-03,1.980952839e-03,1.695772760e-01,0.000000000e+00,9.924005607e-04,1.013007e-15,2.776912e-18,5.679544e-20,1.637611e-03
6.440000,2.291517856e-03,1.973043677e-02,1.837019135e-02,9.865058367e-03,2.058794063e-03,1.661879762e-01,0.000000000e+00,9.811960416e-04,4.441976e-16,4.336809e-19,5.463198e-20,1.714892e-03
6.450000,2.327721852e-03,1.960950623e-02,1.814270933e-02,9.804596021e-03,2.132189772e-03,1.627067890e-01,0.000000000e+00,9.699896417e-04,4.577830e-16,3.679904e-18,2.793925e-20,1.639771e-03
6.460000,2.364129767e-03,1.948703396e-02,1.792019895e-02,9.743362810e-03,2.201128054e-03,1.591443676e-01,0.000000000e+00,9.587914336e-04,4.578619e-16,3.576224e-18,5.679544e-20,1.638071e-03
6.470000,2.400662223e-03,1.936306392e-02,1.770390608e-02,9.681380714e-03,2.265606249e-03,1.555118779e-01,0.000000000e+00,9.476109788e-04,5.559917e-16,8.673617e-19,8.243680e-20,1.713531e-03
6.480000,2.437241435e-03,1.923763993e-02,1.749503247e-02,9.618671642e-03,2.325630797e-03,1.518210171e-01,0.000000000e+00,9.364573027e-04,4.449693e-16,4.336809e-19,6.776264e-21,1.635801e-03
6.490000,2.473791152e-03,1.911080586e-02,1.729472435e-02,9.555257519e-03,2.381217122e-03,1.480840346e-01,0.000000000e+00,9.253388750e-04,5.558591e-16,1.939480e-18,8.159702e-20,1.711631e-03
6.500000,2.510236605e-03,1.898260574e-02,1.710406048e-02,9.491160367e-03,2.432389535e-03,1.443137557e-01,0.000000000e+00,9.142635941e-04,2.719757e-16,2.168404e-18,5.515479e-20,1.655194e-03
6.510000,2.546504472e-03,1.885308398e-02,1.692404010e-02,9.426402386e-03,2.479181159e-03,1.405236066e-01,0.000000000e+00,9.032387759e-04,2.498785e-16,5.222209e-18,2.839772e-20,1.641821e-03
6.520000,2.582522864e-03,1.872228550e-02,1.675557082e-02,9.361006030e-03,2.521633857e-03,1.367276403e-01,0.000000000e+00,8.922711463e-04,5.579665e-16,3.496447e-18,2.839772e-20,1.638481e-03
6.530000,2.618221320e-03,1.859025587e-02,1.659945694e-02,9.294994086e-03,2.559798164e-03,1.329405614e-01,0.000000000e+00,8.813668389e-04,4.475587e-16,1.734723e-18,2.710505e-20,1.637711e-03
6.540000,2.653530819e-03,1.845704147e-02,1.645638844e-02,9.228389745e-03,2.593733233e-03,1.291777476e-01,0.000000000e+00,8.705313951e-04,5.721985e-16,2.453269e-18,2.202286e-20,1.704781e-03
6.550000,2.688383799e-03,1.832268965e-02,1.632693112e-02,9.161216673e-03,2.623506772e-03,1.254552655e-01,0.000000000e+00,8.597697697e-04,2.503357e-16,2.168404e-18,3.492406e-20,1.638481e-03
6.560000,2.722714190e-03,1.818724882e-02,1.621151826e-02,9.093499078e-03,2.649194991e-03,1.217898752e-01,0.000000000e+00,8.490863388e-04,1.244294e-16,4.336809e-19,2.371692e-20,1.658744e-03
6.570000,2.756457459e-03,1.805076860e-02,1.611044402e-02,9.025261768e-03,2.670882546e-03,1.181990193e-01,0.000000000e+00,8.384849116e-04,2.222613e-16,1.939480e-18,5.082198e-21,1.647332e-03
6.580000,2.789550661e-03,1.791329993e-02,1.602385914e-02,8.956530210e-03,2.688662482e-03,1.147007895e-01,0.000000000e+00,8.279687457e-04,3.512205e-16,0.000000e+00,5.567913e-20,1.645952e-03
6.590000,2.821932493e-03,1.777489517e-02,1.595176898e-02,8.887330586e-03,2.702636178e-03,1.113138610e-01,0.000000000e+00,8.175405650e-04,6.804451e-16,1.301043e-18,1.088198e-19,1.671526e-03
6.600000,2.853543364e-03,1.763560821e-02,1.589403409e-02,8.817689835e-03,2.712913294e-03,1.080573866e-01,0.000000000e+00,8.072025804e-04,6.685958e-16,5.204170e-18,8.194798e-20,1.645152e-03
6.610000,2.884325465e-03,1.749549453e-02,1.585037339e-02,8.747635696e-03,2.719611710e-03,1.049508389e-01,0.000000000e+00,7.969565132e-04,4.655398e-16,1.939480e-18,4.285685e-20,1.646543e-03
6.620000,2.914222843e-03,1.735461127e-02,1.582036990e-02,8.677196743e-03,2.722857469e-03,1.020137898e-01,0.000000000e+00,7.868036207e-04,1.389512e-16,1.788112e-18,1.800817e-20,1.654663e-03
6.630000,2.943181477e-03,1.721301733e-02,1.580347875e-02,8.606402417e-03,2.722784714e-03,9.926561883e-02,0.000000000e+00,7.767447236e-04,1.923276e-16,1.788112e-18,4.545656e-20,1.646312e-03
6.640000,2.971149367e-03,1.707077337e-02,1.579903728e-02,8.535283048e-03,2.719535624e-03,9.672514285e-02,0.000000000e+00,7.667802353e-04,2.237726e-16,8.673617e-19,8.243680e-20,1.678716e-03
6.650000,2.998076613e-03,1.692794185e-02,1.580627685e-02,8.463869868e-03,2.713260341e-03,9.441016957e-02,0.000000000e+00,7.569101925e-04,4.577830e-16,1.788112e-18,1.694066e-20,1.649813e-03
6.660000,3.023915504e-03,1.678458707e-02,1.582433592e-02,8.392195025e-03,2.704116888e-03,9.233698243e-02,0.000000000e+00,7.471342875e-04,6.895826e-16,6.992894e-18,8.424466e-20,1.648383e-03
6.670000,3.048620607e-03,1.664077517e-02,1.585227401e-02,8.320291586e-03,2.692271077e-03,9.051977843e-02,0.000000000e+00,7.374519007e-04,6.081338e-16,1.939480e-18,5.515479e-20,1.659154e-03
6.680000,3.072148851e-03,1.649657411e-02,1.588908613e-02,8.248193528e-03,2.677896400e-03,8.897009184e-02,0.000000000e+00,7.278621338e-04,5.561947e-17,4.336809e-19,4.121840e-20,1.652763e-03
6.690000,3.094459620e-03,1.635205364e-02,1.593371720e-02,8.175935731e-03,2.661173893e-03,8.769624819e-02,0.000000000e+00,7.183638445e-04,2.225320e-16,1.939480e-18,4.121840e-20,1.711541e-03
6.700000,3.115514842e-03,1.620728530e-02,1.598507618e-02,8.103553956e-03,2.642291985e-03,8.670290002e-02,0.000000000e+00,7.089556795e-04,1.241752e-16,5.485677e-18,4.190888e-20,1.658743e-03
6.710000,3.135279077e-03,1.606234231e-02,1.604204954e-02,8.031084822e-03,2.621446293e-03,8.599069570e-02,0.000000000e+00,6.996361094e-04,1.666057e-16,4.336809e-19,1.694066e-20,1.695299e-03
6.720000,3.153719604e-03,1.591729957e-02,1.610351389e-02,7.958565768e-03,2.598839381e-03,8.555612391e-02,0.000000000e+00,6.904034615e-04,1.388646e-16,1.939480e-18,8.194798e-20,1.648822e-03
6.730000,3.170806510e-03,1.577223351e-02,1.616834757e-02,7.886035014e-03,2.574680459e-03,8.539155885e-02,0.000000000e+00,6.812559532e-04,5.553066e-16,8.673617e-19,1.916617e-20,1.642602e-03
6.740000,3.186512778e-03,1.562722204e-02,1.623544106e-02,7.813531511e-03,2.549185007e-03,8.548550803e-02,0.000000000e+00,6.721917241e-04,1.389945e-16,4.091337e-18,3.388132e-21,1.667204e-03
6.750000,3.200814368e-03,1.548234441e-02,1.630370620e-02,7.741094887e-03,2.522574311e-03,8.582304078e-02,0.000000000e+00,6.632088676e-04,5.618469e-17,4.336809e-19,2.710505e-20,1.644222e-03
6.760000,3.213690307e-03,1.533768110e-02,1.637208424e-02,7.668765379e-03,2.495074896e-03,8.638635505e-02,0.000000000e+00,6.543054605e-04,2.372452e-16,1.788112e-18,5.463198e-20,1.671496e-03
6.770000,3.225122765e-03,1.519331366e-02,1.643955258e-02,7.596583765e-03,2.466917831e-03,8.715542855e-02,0.000000000e+00,6.454795922e-04,3.343114e-16,3.496447e-18,1.355253e-20,1.639251e-03
6.780000,3.235097142e-03,1.504932458e-02,1.650513053e-02,7.524591283e-03,2.438337888e-03,8.810869731e-02,0.000000000e+00,6.367293919e-04,4.476124e-16,1.301043e-18,5.679544e-20,1.641701e-03
6.790000,3.243602146e-03,1.490579709e-02,1.656788397e-02,7.452829547e-03,2.409572540e-03,8.922371098e-02,0.000000000e+00,6.280530542e-04,4.476528e-16,8.673617e-19,8.381775e-20,1.653424e-03
6.800000,3.250629867e-03,1.476281497e-02,1.662692902e-02,7.381340455e-03,2.380860758e-03,9.047772579e-02,0.000000000e+00,6.194488632e-04,1.243689e-16,4.336809e-19,1.515219e-20,1.643671e-03
6.810000,3.256175858e-03,1.462046239e-02,1.668143497e-02,7.310166085e-03,2.352441622e-03,9.184821030e-02,0.000000000e+00,6.109152145e-04,2.289309e-16,1.563659e-18,2.710505e-20,1.679767e-03
6.820000,3.260239210e-03,1.447882366e-02,1.673062634e-02,7.239348596e-03,2.324552697e-03,9.331325290e-02,0.000000000e+00,6.024506355e-04,8.989685e-16,1.939480e-18,8.194798e-20,1.671585e-03
6.830000,3.262822618e-03,1.433798303e-02,1.677378441e-02,7.168930107e-03,2.297428192e-03,9.485187085e-02,0.000000000e+00,5.940538031e-04,2.549099e-16,4.422694e-18,8.138572e-20,1.651583e-03
6.840000,3.263932461e-03,1.419802443e-02,1.681024815e-02,7.098952588e-03,2.271296889e-03,9.644422878e-02,0.000000000e+00,5.857235606e-04,4.586499e-16,9.697399e-19,9.510939e-20,1.659074e-03
6.850000,3.263578861e-03,1.405903125e-02,1.683941465e-02,7.029457730e-03,2.246379867e-03,9.807177902e-02,0.000000000e+00,5.774589308e-04,1.665696e-16,9.697399e-19,6.392714e-20,1.648482e-03
6.860000,3.261775758e-03,1.392108605e-02,1.686073928e-02,6.960486818e-03,2.222888037e-03,9.971733790e-02,0.000000000e+00,5.692591283e-04,1.147674e-16,8.673617e-19,4.285685e-20,1.676246e-03
6.870000,3.258540968e-03,1.378427033e-02,1.687373538e-02,6.892080600e-03,2.201019543e-03,1.013651122e-01,0.000000000e+00,5.611235690e-04,4.449693e-16,8.673617e-19,5.292431e-20,1.642891e-03
6.880000,3.253896250e-03,1.364866423e-02,1.687797385e-02,6.824279146e-03,2.180957079e-03,1.030006886e-01,0.000000000e+00,5.530518779e-04,2.484049e-16,2.909220e-18,3.601633e-20,1.655723e-03
6.890000,3.247867360e-03,1.351434626e-02,1.687308246e-02,6.757121711e-03,2.162865217e-03,1.046109970e-01,0.000000000e+00,5.450438940e-04,4.578224e-16,3.469447e-18,8.271484e-20,1.647472e-03
6.900000,3.240484110e-03,1.338139301e-02,1.685874501e-02,6.690646588e-03,2.146887820e-03,1.061842563e-01,0.000000000e+00,5.370996742e-04,2.221327e-16,1.226635e-18,1.084731e-19,1.641612e-03
6.910000,3.231780421e-03,1.324987886e-02,1.683470038e-02,6.624890967e-03,2.133145656e-03,1.077099103e-01,0.000000000e+00,5.292194940e-04,1.570859e-16,1.226635e-18,5.431588e-20,1.681657e-03
6.920000,3.221794372e-03,1.311987567e-02,1.680074156e-02,6.559890784e-03,2.121734323e-03,1.091785582e-01,0.000000000e+00,5.214038475e-04,5.661155e-16,3.705371e-18,5.463198e-20,1.652542e-03
6.930000,3.210568240e-03,1.299145252e-02,1.675671455e-02,6.495680579e-03,2.112722574e-03,1.105818833e-01,0.000000000e+00,5.136534442e-04,6.713537e-16,4.336809e-19,3.833234e-20,1.679427e-03
6.940000,3.198148547e-03,1.286467540e-02,1.670251729e-02,6.432293343e-03,2.106151153e-03,1.119125830e-01,0.000000000e+00,5.059692045e-04,8.471776e-17,1.939480e-18,3.336923e-20,1.652893e-03
6.950000,3.184586085e-03,1.273960691e-02,1.663809851e-02,6.369760379e-03,2.102032196e-03,1.131643020e-01,0.000000000e+00,4.983522542e-04,2.372706e-16,2.742839e-18,6.776264e-20,1.645131e-03
6.960000,3.169935945e-03,1.261630599e-02,1.656345670e-02,6.308111158e-03,2.100349256e-03,1.143315682e-01,0.000000000e+00,4.908039160e-04,2.547859e-16,3.836299e-18,7.576093e-20,1.674325e-03
6.970000,3.154257535e-03,1.249482764e-02,1.647863898e-02,6.247373179e-03,2.101057948e-03,1.154097342e-01,0.000000000e+00,4.833257004e-04,5.561947e-17,2.335443e-18,1.097357e-19,1.635381e-03
6.980000,3.137614588e-03,1.237522263e-02,1.638374010e-02,6.187571833e-03,2.104087204e-03,1.163949222e-01,0.000000000e+00,4.759192949e-04,3.198672e-17,0.000000e+00,5.463198e-20,1.709210e-03
6.990000,3.120075154e-03,1.225753729e-02,1.627890139e-02,6.128730278e-03,2.109341073e-03,1.172839744e-01,0.000000000e+00,4.685865520e-04,2.221801e-16,3.576224e-18,3.833234e-20,1.640791e-03
7.000000,3.101711585e-03,1.214181322e-02,1.616430987e-02,6.070869317e-03,2.116700992e-03,1.180744067e-01,0.000000000e+00,4.613294756e-04,2.387625e-16,1.734723e-18,7.666467e-20,1.648092e-03
7.010000,3.082600500e-03,1.202808707e-02,1.604019726e-02,6.014007281e-03,2.126028413e-03,1.187643676e-01,0.000000000e+00,4.541502073e-04,6.667840e-16,1.734723e-18,3.833234e-20,1.643101e-03
7.020000,3.062822732e-03,1.191639036e-02,1.590683920e-02,5.958159926e-03,2.137167691e-03,1.193525999e-01,0.000000000e+00,4.470510102e-04,2.483019e-16,8.673617e-19,1.504575e-19,1.646322e-03
7.030000,3.042463253e-03,1.180674925e-02,1.576455440e-02,5.903340337e-03,2.149949104e-03,1.198384062e-01,0.000000000e+00,4.400342539e-04,2.371945e-16,1.748223e-18,2.731599e-20,1.711110e-03
7.040000,3.021611076e-03,1.169918442e-02,1.561370391e-02,5.849558848e-03,2.164191899e-03,1.202216178e-01,0.000000000e+00,4.331023971e-04,5.787325e-17,3.634908e-18,4.285685e-20,1.643522e-03
7.050000,3.000359126e-03,1.159371086e-02,1.545469043e-02,5.796822965e-03,2.179707276e-03,1.205025657e-01,0.000000000e+00,4.262579705e-04,5.769540e-16,8.673617e-19,5.917118e-20,1.637030e-03
7.060000,2.978804081e-03,1.149033784e-02,1.528795766e-02,5.745137314e-03,2.196301219e-03,1.206820544e-01,0.000000000e+00,4.195035591e-04,2.289309e-16,1.084202e-18,3.049319e-20,1.646871e-03
7.070000,2.957046175e-03,1.138906873e-02,1.511398971e-02,5.694503589e-03,2.213777122e-03,1.207613380e-01,0.000000000e+00,4.128417847e-04,3.379818e-16,1.734723e-18,1.355253e-20,1.644212e-03
7.080000,2.935188958e-03,1.128990102e-02,1.493331049e-02,5.644920529e-03,2.231938163e-03,1.207420975e-01,0.000000000e+00,4.062752870e-04,4.475721e-16,3.529907e-18,2.032879e-20,1.712041e-03
7.090000,2.913339016e-03,1.119282622e-02,1.474648318e-02,5.596383898e-03,2.250589409e-03,1.206264207e-01,0.000000000e+00,3.998067064e-04,4.441434e-16,6.694016e-18,4.190888e-20,1.642751e-03
7.100000,2.891605638e-03,1.109782993e-02,1.455410964e-02,5.548886490e-03,2.269539637e-03,1.204167823e-01,0.000000000e+00,3.934386653e-04,2.288783e-16,3.705371e-18,9.636838e-20,1.641351e-03
7.110000,2.870100429e-03,1.100489182e-02,1.435682989e-02,5.502418142e-03,2.288602879e-03,1.201160260e-01,0.000000000e+00,3.871737506e-04,4.475587e-16,3.496447e-18,1.515219e-19,1.640741e-03
7.120000,2.848936863e-03,1.091398571e-02,1.415532137e-02,5.456965771e-03,2.307599700e-03,1.197273470e-01,0.000000000e+00,3.810144960e-04,3.878960e-18,3.786955e-18,1.356946e-19,1.640230e-03
7.130000,2.828229785e-03,1.082507969e-02,1.395029832e-02,5.412513420e-03,2.326358243e-03,1.192542755e-01,0.000000000e+00,3.749633652e-04,1.241752e-16,2.909220e-18,2.443217e-20,1.674035e-03
7.140000,2.808094837e-03,1.073813624e-02,1.374251084e-02,5.369042324e-03,2.344715042e-03,1.187006601e-01,0.000000000e+00,3.690227349e-04,5.828877e-16,4.336809e-19,9.778738e-20,1.649052e-03
7.150000,2.788647827e-03,1.065311236e-02,1.353274387e-02,5.326530993e-03,2.362515649e-03,1.180706524e-01,0.000000000e+00,3.631948793e-04,2.371945e-16,3.309926e-18,6.060874e-20,1.648962e-03
7.160000,2.770004038e-03,1.056995982e-02,1.332181591e-02,5.284955306e-03,2.379615092e-03,1.173686909e-01,0.000000000e+00,3.574819542e-04,2.237793e-16,4.210280e-18,2.710505e-20,1.648812e-03
7.170000,2.752277468e-03,1.048862532e-02,1.311057735e-02,5.244288623e-03,2.395878190e-03,1.165994848e-01,0.000000000e+00,3.518859829e-04,4.578093e-16,2.818926e-18,5.463198e-20,1.643631e-03
7.180000,2.735580019e-03,1.040905081e-02,1.289990844e-02,5.204501909e-03,2.411179750e-03,1.157679977e-01,0.000000000e+00,3.464088422e-04,1.390487e-16,5.485677e-18,9.583084e-20,1.662034e-03
7.190000,2.720020638e-03,1.033117370e-02,1.269071679e-02,5.165563875e-03,2.425404663e-03,1.148794310e-01,0.000000000e+00,3.410522498e-04,3.343114e-16,1.388456e-18,2.731599e-20,1.636870e-03
7.200000,2.705704415e-03,1.025492718e-02,1.248393415e-02,5.127441124e-03,2.438447926e-03,1.139392054e-01,0.000000000e+00,3.358177521e-04,2.242025e-16,2.742839e-18,5.587850e-20,1.640501e-03
7.210000,2.692731657e-03,1.018024058e-02,1.228051256e-02,5.090098311e-03,2.450214595e-03,1.129529426e-01,0.000000000e+00,3.307067134e-04,4.441434e-16,2.611105e-18,8.159702e-20,1.643822e-03
7.220000,2.681196946e-03,1.010703966e-02,1.208141959e-02,5.053498320e-03,2.460619693e-03,1.119264445e-01,0.000000000e+00,3.257203059e-04,4.710916e-16,9.697399e-19,6.675995e-20,1.655323e-03
7.230000,2.671188211e-03,1.003524697e-02,1.188763270e-02,5.017602432e-03,2.469588078e-03,1.108656719e-01,0.000000000e+00,3.208595012e-04,2.221530e-16,1.748223e-18,2.879912e-20,1.667945e-03
7.240000,2.662785818e-03,9.964782272e-03,1.170013251e-02,4.982370522e-03,2.477054283e-03,1.097767204e-01,0.000000000e+00,3.161250619e-04,6.686228e-16,1.517883e-18,2.958559e-20,1.646022e-03
7.250000,2.656061705e-03,9.895562852e-03,1.151989492e-02,4.947761238e-03,2.482962338e-03,1.086657945e-01,0.000000000e+00,3.115175355e-04,2.818592e-17,4.336809e-18,9.778738e-20,1.658454e-03
7.260000,2.651078589e-03,9.827503962e-03,1.134788213e-02,4.913732207e-03,2.487265574e-03,1.075391796e-01,0.000000000e+00,3.070372483e-04,4.586630e-16,1.748223e-18,3.289281e-20,1.665525e-03
7.270000,2.647889262e-03,9.760519193e-03,1.118503247e-02,4.880240224e-03,2.489926421e-03,1.064032109e-01,0.000000000e+00,3.026843016e-04,5.558050e-16,3.469447e-18,1.016440e-20,1.667394e-03
7.280000,2.646535985e-03,9.694520876e-03,1.103224920e-02,4.847241456e-03,2.490916206e-03,1.052642397e-01,0.000000000e+00,2.984585675e-04,4.449828e-16,8.673617e-19,5.474350e-20,1.670125e-03
7.290000,2.647050021e-03,9.629420482e-03,1.089038836e-02,4.814691639e-03,2.490214936e-03,1.041285966e-01,0.000000000e+00,2.943596874e-04,2.943923e-17,1.748223e-18,4.073691e-20,1.652392e-03
7.300000,2.649451297e-03,9.565129014e-03,1.076024599e-02,4.782546275e-03,2.487811097e-03,1.030025519e-01,0.000000000e+00,2.903870703e-04,6.713537e-16,6.938894e-18,4.153054e-20,1.673366e-03
7.310000,2.653748219e-03,9.501557403e-03,1.064254503e-02,4.750760830e-03,2.483701444e-03,1.018922729e-01,0.000000000e+00,2.865398930e-04,4.518846e-16,3.576224e-18,2.715794e-20,1.651893e-03
7.320000,2.659937645e-03,9.438616881e-03,1.053792233e-02,4.719290922e-03,2.477890802e-03,1.008037783e-01,0.000000000e+00,2.828171006e-04,2.225049e-16,3.157244e-18,6.530948e-20,1.654273e-03
7.330000,2.668005007e-03,9.376219364e-03,1.044691631e-02,4.688092509e-03,2.470391866e-03,9.974289004e-02,0.000000000e+00,2.792174090e-04,1.388321e-16,3.496447e-18,2.852691e-20,1.651342e-03
7.340000,2.677924594e-03,9.314277811e-03,1.036995575e-02,4.657122071e-03,2.461225006e-03,9.871518297e-02,0.000000000e+00,2.757393072e-04,1.388212e-16,1.388456e-18,3.686540e-20,1.658924e-03
7.350000,2.689659968e-03,9.252706569e-03,1.030735032e-02,4.626336782e-03,2.450418082e-03,9.772593337e-02,0.000000000e+00,2.723810616e-04,2.881939e-17,8.673617e-19,1.031886e-19,1.678656e-03
7.360000,2.703164514e-03,9.191421713e-03,1.025928337e-02,4.595694679e-03,2.438006258e-03,9.678006650e-02,0.000000000e+00,2.691407204e-04,2.544077e-16,2.611105e-18,9.571472e-20,1.650193e-03
7.370000,2.718382102e-03,9.130341362e-03,1.022580741e-02,4.565154824e-03,2.424031822e-03,9.588210460e-02,0.000000000e+00,2.660161193e-04,2.222613e-16,6.505213e-19,4.069286e-20,1.648782e-03
7.380000,2.735247843e-03,9.069385981e-03,1.020684257e-02,4.534677449e-03,2.408544005e-03,9.503611643e-02,0.000000000e+00,2.630048879e-04,2.238264e-16,3.012444e-18,1.101143e-20,1.662794e-03
7.390000,2.753688915e-03,9.008478665e-03,1.020217817e-02,4.504224102e-03,2.391598811e-03,9.424566948e-02,0.000000000e+00,2.601044568e-04,1.112930e-16,1.084202e-18,1.292940e-20,1.642461e-03
7.400000,2.773625443e-03,8.947545407e-03,1.021147745e-02,4.473757780e-03,2.373258841e-03,9.351378644e-02,0.000000000e+00,2.573120654e-04,3.555802e-16,4.336809e-19,1.027811e-19,1.666055e-03
7.410000,2.794971410e-03,8.886515343e-03,1.023428509e-02,4.443243051e-03,2.353593113e-03,9.284290710e-02,0.000000000e+00,2.546247705e-04,8.886120e-16,9.697399e-19,6.119776e-20,1.666464e-03
7.420000,2.817635577e-03,8.825320980e-03,1.027003736e-02,4.412646170e-03,2.332676889e-03,9.223485715e-02,0.000000000e+00,2.520394552e-04,1.602813e-16,5.204170e-18,4.342232e-20,1.647852e-03
7.430000,2.841522399e-03,8.763898407e-03,1.031807415e-02,4.381935180e-03,2.310591486e-03,9.169082508e-02,0.000000000e+00,2.495528386e-04,2.544314e-16,2.818926e-18,1.515219e-20,1.647092e-03
7.440000,2.866532916e-03,8.702187480e-03,1.037765257e-02,4.351080011e-03,2.287424086e-03,9.121134803e-02,0.000000000e+00,2.471614861e-04,4.577994e-16,2.168404e-18,6.984813e-21,1.644281e-03
7.450000,2.892565610e-03,8.640131996e-03,1.044796127e-02,4.320052561e-03,2.263267532e-03,9.079630757e-02,0.000000000e+00,2.448618198e-04,6.753401e-16,8.673617e-19,7.576093e-21,1.673275e-03
7.460000,2.919517217e-03,8.577679846e-03,1.052813513e-02,4.288826774e-03,2.238220102e-03,9.044493557e-02,0.000000000e+00,2.426501293e-04,1.111307e-16,6.505213e-19,2.039925e-20,1.651103e-03
7.470000,2.947283485e-03,8.514783140e-03,1.061726958e-02,4.257378709e-03,2.212385274e-03,9.015583024e-02,0.000000000e+00,2.405225833e-04,4.475721e-16,1.748223e-18,1.084731e-20,1.641861e-03
7.480000,2.975759874e-03,8.451398332e-03,1.071443433e-02,4.225686590e-03,2.185871454e-03,8.992698210e-02,0.000000000e+00,2.384752409e-04,4.586531e-16,6.505213e-19,4.770533e-20,1.649883e-03
7.490000,3.004842190e-03,8.387486310e-03,1.081868597e-02,4.193730862e-03,2.158791675e-03,8.975580905e-02,0.000000000e+00,2.365040634e-04,5.768888e-16,2.742839e-18,6.795295e-20,1.649432e-03
7.500000,3.034427162e-03,8.323012478e-03,1.092907939e-02,4.161494227e-03,2.131263260e-03,8.963919946e-02,0.000000000e+00,2.346049264e-04,3.511691e-16,1.748223e-18,6.984813e-21,1.674196e-03
7.510000,3.064412956e-03,8.257946820e-03,1.104467770e-02,4.128961678e-03,2.103407435e-03,8.957356222e-02,0.000000000e+00,2.327736317e-04,1.226605e-15,1.388456e-18,8.159702e-20,1.646161e-03
7.520000,3.094699621e-03,8.192263947e-03,1.116456082e-02,4.096120519e-03,2.075348887e-03,8.955488204e-02,0.000000000e+00,2.310059196e-04,5.613566e-16,1.939480e-18,4.982397e-20,1.651412e-03
7.530000,3.125189482e-03,8.125943132e-03,1.128783252e-02,4.062960387e-03,2.047215256e-03,8.957877851e-02,0.000000000e+00,2.292974808e-04,3.334281e-16,2.168404e-19,5.444782e-20,1.642821e-03
7.540000,3.155787485e-03,8.058968323e-03,1.141362621e-02,4.029473257e-03,2.019136560e-03,8.964056749e-02,0.000000000e+00,2.276439690e-04,1.396856e-16,2.305045e-18,5.096295e-20,1.643940e-03
7.550000,3.186401477e-03,7.991328152e-03,1.154110938e-02,3.995653444e-03,1.991244535e-03,8.973532307e-02,0.000000000e+00,2.260410128e-04,2.482534e-16,8.940560e-19,5.082198e-21,1.689287e-03
7.560000,3.216942449e-03,7.923015921e-03,1.166948702e-02,3.961497599e-03,1.963671881e-03,8.985793898e-02,0.000000000e+00,2.244842275e-04,3.379640e-16,2.135631e-18,4.342232e-20,1.648022e-03
7.570000,3.247324741e-03,7.854029583e-03,1.179800400e-02,3.927004698e-03,1.936551423e-03,9.000318801e-02,0.000000000e+00,2.229692277e-04,2.220988e-16,4.336809e-19,2.793925e-20,1.664424e-03
7.580000,3.277466193e-03,7.784371707e-03,1.192594660e-02,3.892176026e-03,1.910015158e-03,9.016577862e-02,0.000000000e+00,2.214916381e-04,2.498243e-16,2.818926e-18,2.715794e-20,1.644371e-03
7.590000,3.307288282e-03,7.714049429e-03,1.205264341e-02,3.857015151e-03,1.884193209e-03,9.034040790e-02,0.000000000e+00,2.200471060e-04,2.243367e-16,1.084202e-18,1.515219e-20,1.645381e-03
7.600000,3.336716213e-03,7.643074399e-03,1.217746560e-02,3.821527898e-03,1.859212669e-03,9.052181024e-02,0.000000000e+00,2.186313120e-04,2.289835e-16,2.168404e-19,4.079851e-20,1.682287e-03
7.610000,3.365678994e-03,7.571462707e-03,1.229982668e-02,3.785722311e-03,1.835196363e-03,9.070480149e-02,0.000000000e+00,2.172399810e-04,2.719757e-16,0.000000e+00,1.916617e-20,1.656313e-03
7.620000,3.394109483e-03,7.499234812e-03,1.241918202e-02,3.749608620e-03,1.812261513e-03,9.088431839e-02,0.000000000e+00,2.158688938e-04,4.441163e-16,1.734723e-18,1.396963e-20,1.671885e-03
7.630000,3.421944419e-03,7.426415446e-03,1.253502795e-02,3.713199190e-03,1.790518358e-03,9.105545315e-02,0.000000000e+00,2.145138966e-04,6.667840e-16,2.602085e-18,1.396963e-20,1.652632e-03
7.640000,3.449124430e-03,7.353033518e-03,1.264690071e-02,3.676508477e-03,1.770068721e-03,9.121348344e-02,0.000000000e+00,2.131709117e-04,6.776444e-16,8.673617e-19,1.694066e-20,1.656483e-03
7.650000,3.475594030e-03,7.279122012e-03,1.275437526e-02,3.639552971e-03,1.751004590e-03,9.135389799e-02,0.000000000e+00,2.118359473e-04,6.754938e-16,1.788112e-18,4.079851e-20,1.666374e-03
7.660000,3.501301609e-03,7.204717857e-03,1.285706390e-02,3.602351137e-03,1.733406722e-03,9.147241795e-02,0.000000000e+00,2.105051067e-04,4.578224e-16,1.301043e-18,1.916617e-20,1.657603e-03
7.670000,3.526199397e-03,7.129861815e-03,1.295461496e-02,3.564923356e-03,1.717343336e-03,9.156501446e-02,0.000000000e+00,2.091745978e-04,1.111442e-16,1.226635e-18,1.515219e-20,1.699379e-03
7.680000,3.550243438e-03,7.054598332e-03,1.304671130e-02,3.527291852e-03,1.702868933e-03,9.162792281e-02,0.000000000e+00,2.078407412e-04,2.499026e-16,1.788112e-18,1.515219e-20,1.657623e-03
7.690000,3.573393538e-03,6.978975403e-03,1.313306889e-02,3.489480620e-03,1.690023289e-03,9.165765343e-02,0.000000000e+00,2.064999789e-04,4.520677e-16,8.673617e-19,4.190888e-20,1.655523e-03
7.700000,3.595613221e-03,6.903044410e-03,1.321343535e-02,3.451515352e-03,1.678830672e-03,9.165100019e-02,0.000000000e+00,2.051488820e-04,8.341116e-17,8.673617e-19,6.776264e-21,1.651472e-03
7.710000,3.616869668e-03,6.826859965e-03,1.328758854e-02,3.413423354e-03,1.669299317e-03,9.160504631e-02,0.000000000e+00,2.037841582e-04,1.596794e-16,9.697399e-19,1.694066e-20,1.653802e-03
7.720000,3.637133660e-03,6.750479729e-03,1.335533515e-02,3.375233456e-03,1.661421188e-03,9.151716822e-02,0.000000000e+00,2.024026584e-04,3.609559e-16,1.226635e-18,2.731599e-20,1.688397e-03
7.730000,3.656379512e-03,6.673964234e-03,1.341650933e-02,3.336975924e-03,1.655172048e-03,9.138503762e-02,0.000000000e+00,2.010013839e-04,1.571338e-16,9.697399e-19,2.894821e-20,1.654272e-03
7.740000,3.674585004e-03,6.597376686e-03,1.347097136e-02,3.298682361e-03,1.650511835e-03,9.120662217e-02,0.000000000e+00,1.995774918e-04,5.722064e-16,9.697399e-19,5.631336e-20,1.684107e-03
7.750000,3.691731308e-03,6.520782765e-03,1.351860636e-02,3.260385606e-03,1.647385342e-03,9.098018482e-02,0.000000000e+00,1.981283010e-04,2.289835e-16,4.336809e-19,6.778381e-20,1.655532e-03
7.760000,3.707802914e-03,6.444250402e-03,1.355932302e-02,3.222119626e-03,1.645723162e-03,9.070428226e-02,0.000000000e+00,1.966512972e-04,3.436855e-16,0.000000e+00,2.839772e-20,1.651042e-03
7.770000,3.722787556e-03,6.367849561e-03,1.359305243e-02,3.183919401e-03,1.645442886e-03,9.037776246e-02,0.000000000e+00,1.951441375e-04,1.577454e-16,2.168404e-18,5.463198e-20,1.658813e-03
7.780000,3.736676128e-03,6.291651996e-03,1.361974690e-02,3.145820809e-03,1.646450483e-03,8.999976157e-02,0.000000000e+00,1.936046549e-04,1.112389e-16,1.226635e-18,2.958559e-20,1.655903e-03
7.790000,3.749462603e-03,6.215731001e-03,1.363937885e-02,3.107860497e-03,1.648641830e-03,8.956970045e-02,0.000000000e+00,1.920308617e-04,3.377369e-16,1.734723e-18,5.431588e-20,1.697508e-03
7.800000,3.761143951e-03,6.140161148e-03,1.365193970e-02,3.070075751e-03,1.651904329e-03,8.908728061e-02,0.000000000e+00,1.904209530e-04,1.121549e-16,1.301043e-18,2.793925e-20,1.659813e-03
7.810000,3.771720053e-03,6.065018013e-03,1.365743886e-02,3.032504359e-03,1.656118567e-03,8.855248009e-02,0.000000000e+00,1.887733092e-04,1.178591e-16,4.336809e-19,1.447411e-20,1.646482e-03
7.820000,3.781193611e-03,5.990377889e-03,1.365590271e-02,2.995184466e-03,1.661159960e-03,8.796554904e-02,0.000000000e+00,1.870864986e-04,2.376761e-16,4.336809e-19,4.190888e-20,1.651332e-03
7.830000,3.789570060e-03,5.916317478e-03,1.364737366e-02,2.958154425e-03,1.666900352e-03,8.732700523e-02,0.000000000e+00,1.853592790e-04,4.520544e-16,8.673617e-19,3.030437e-20,1.647982e-03
7.840000,3.796857475e-03,5.842913587e-03,1.363190919e-02,2.921452638e-03,1.673209525e-03,8.663762953e-02,0.000000000e+00,1.835905991e-04,7.949502e-16,1.226635e-18,4.171154e-20,1.684317e-03
7.850000,3.803066479e-03,5.770242792e-03,1.360958096e-02,2.885117393e-03,1.679956601e-03,8.589846138e-02,0.000000000e+00,1.817795994e-04,2.373467e-16,8.673617e-19,7.623297e-21,1.651212e-03
7.860000,3.808210147e-03,5.698381104e-03,1.358047397e-02,2.849186697e-03,1.687011305e-03,8.511079429e-02,0.000000000e+00,1.799256125e-04,5.551115e-17,2.602085e-18,2.541099e-21,1.649002e-03
7.870000,3.812303905e-03,5.627403617e-03,1.354468572e-02,2.813698096e-03,1.694245101e-03,8.427617145e-02,0.000000000e+00,1.780281631e-04,4.578224e-16,9.697399e-19,3.196357e-20,1.649011e-03
7.880000,3.815365433e-03,5.557384142e-03,1.350232537e-02,2.778688495e-03,1.701532173e-03,8.339638136e-02,0.000000000e+00,1.760869672e-04,2.482777e-16,1.734723e-18,4.212233e-20,1.652272e-03
7.890000,3.817414563e-03,5.488394837e-03,1.345351307e-02,2.744193974e-03,1.708750270e-03,8.247345358e-02,0.000000000e+00,1.741019314e-04,1.430490e-17,4.336809e-19,2.715794e-20,1.701368e-03
7.900000,3.818473174e-03,5.420505827e-03,1.339837910e-02,2.710249596e-03,1.715781412e-03,8.150965447e-02,0.000000000e+00,1.720731511e-04,1.111307e-16,1.788112e-18,2.715794e-20,1.657223e-03
7.910000,3.818565084e-03,5.353784813e-03,1.333706327e-02,2.676889209e-03,1.722512466e-03,8.050748305e-02,0.000000000e+00,1.700009086e-04,3.522130e-16,8.673617e-19,6.778381e-20,1.686117e-03
7.920000,3.817715943e-03,5.288296678e-03,1.326971416e-02,2.644145258e-03,1.728835614e-03,7.946966675e-02,0.000000000e+00,1.678856707e-04,2.482777e-16,2.637978e-18,1.396963e-20,1.661063e-03
7.930000,3.815953122e-03,5.224103097e-03,1.319648851e-02,2.612048578e-03,1.734648703e-03,7.839915708e-02,0.000000000e+00,1.657280857e-04,3.522130e-16,8.673617e-19,4.069286e-20,1.648021e-03
7.940000,3.813305599e-03,5.161262135e-03,1.311755060e-02,2.580628203e-03,1.739855516e-03,7.729912515e-02,0.000000000e+00,1.635289800e-04,2.220717e-16,8.673617e-19,4.079851e-20,1.655882e-03
7.950000,3.809803844e-03,5.099827864e-03,1.303307162e-02,2.549911168e-03,1.744365955e-03,7.617295680e-02,0.000000000e+00,1.612893543e-04,1.148591e-16,9.697399e-19,1.800817e-20,1.644961e-03
7.960000,3.805479697e-03,5.039849973e-03,1.294322914e-02,2.519922319e-03,1.748096154e-03,7.502424731e-02,0.000000000e+00,1.590103796e-04,1.147018e-16,4.336809e-19,0.000000e+00,1.686357e-03
7.970000,3.800366256e-03,4.981373400e-03,1.284820656e-02,2.490684125e-03,1.750968545e-03,7.385679540e-02,0.000000000e+00,1.566933919e-04,1.145443e-16,2.168404e-18,1.355253e-20,1.667944e-03
7.980000,3.794497747e-03,4.924437977e-03,1.274819259e-02,2.462216500e-03,1.752911861e-03,7.267459633e-02,0.000000000e+00,1.543398878e-04,2.502154e-16,0.000000e+00,5.929231e-21,1.668964e-03
7.990000,3.787909403e-03,4.869078089e-03,1.264338077e-02,2.434536640e-03,1.753861111e-03,7.148183372e-02,0.000000000e+00,1.519515183e-04,5.558158e-16,4.336809e-19,5.437529e-20,1.661443e-03
8.000000,3.780637339e-03,4.815322370e-03,1.253396906e-02,2.407658859e-03,1.753757521e-03,7.028286996e-02,0.000000000e+00,1.495300831e-04,4.475587e-16,1.734723e-18,2.710505e-20,1.659663e-03
8.010000,3.772718419e-03,4.763193415e-03,1.242015932e-02,2.381594456e-03,1.752548444e-03,6.908223449e-02,0.000000000e+00,1.470775244e-04,3.140185e-16,4.336809e-19,1.694066e-20,1.667045e-03
8.020000,3.764190131e-03,4.712707540e-03,1.230215704e-02,2.356351590e-03,1.750187257e-03,6.788460983e-02,0.000000000e+00,1.445959199e-04,4.712449e-16,1.939480e-18,1.365800e-20,1.657183e-03
8.030000,3.755090452e-03,4.663874568e-03,1.218017087e-02,2.331935170e-03,1.746633240e-03,6.669481454e-02,0.000000000e+00,1.420874757e-04,4.452295e-16,8.673617e-19,4.097399e-20,1.768667e-03
8.040000,3.745457720e-03,4.616697663e-03,1.205441232e-02,2.308346781e-03,1.741851446e-03,6.551778289e-02,0.000000000e+00,1.395545188e-04,1.119938e-16,1.563659e-18,4.069286e-20,1.650532e-03
8.050000,3.735330494e-03,4.571173215e-03,1.192509549e-02,2.285584617e-03,1.735812560e-03,6.435854031e-02,0.000000000e+00,1.369994895e-04,4.450234e-16,8.673617e-19,1.554946e-20,1.639531e-03
8.060000,3.724747425e-03,4.527290766e-03,1.179243673e-02,2.263643450e-03,1.728492754e-03,6.322217432e-02,0.000000000e+00,1.344249330e-04,1.594814e-16,1.788112e-18,1.396963e-20,1.662374e-03
8.070000,3.713747118e-03,4.485032997e-03,1.165665444e-02,2.242514619e-03,1.719873546e-03,6.211380031e-02,0.000000000e+00,1.318334910e-04,1.153819e-16,2.637978e-18,1.447411e-20,1.650232e-03
8.080000,3.702368002e-03,4.444375756e-03,1.151796881e-02,2.222186049e-03,1.709941645e-03,6.103852164e-02,0.000000000e+00,1.292278929e-04,6.713380e-16,9.697399e-19,1.447411e-20,1.679726e-03
8.090000,3.690648188e-03,4.405288158e-03,1.137660167e-02,2.202642298e-03,1.698688810e-03,6.000138384e-02,0.000000000e+00,1.266109469e-04,3.524734e-16,8.673617e-19,2.039925e-20,1.642311e-03
8.100000,3.678625345e-03,4.367732722e-03,1.123277630e-02,2.183864625e-03,1.686111703e-03,5.900732279e-02,0.000000000e+00,1.239855308e-04,4.441434e-16,1.788112e-18,7.576093e-21,1.642411e-03
8.110000,3.666336562e-03,4.331665579e-03,1.108671731e-02,2.165831096e-03,1.672211747e-03,5.806110710e-02,0.000000000e+00,1.213545821e-04,9.091821e-16,8.673617e-19,2.757739e-20,1.648932e-03
8.120000,3.653818218e-03,4.297036714e-03,1.093865052e-02,2.148516704e-03,1.656994992e-03,5.716727523e-02,0.000000000e+00,1.187210890e-04,8.333898e-17,8.673617e-19,1.365800e-20,1.656582e-03
8.130000,3.641105859e-03,4.263790272e-03,1.078880288e-02,2.131893521e-03,1.640471976e-03,5.633006835e-02,0.000000000e+00,1.160880801e-04,2.242294e-16,9.697399e-19,6.776264e-21,1.682106e-03
8.140000,3.628234070e-03,4.231864900e-03,1.063740241e-02,2.115930871e-03,1.622657606e-03,5.555336055e-02,0.000000000e+00,1.134586143e-04,3.141718e-17,1.852685e-18,3.405030e-20,1.642780e-03
8.150000,3.615236356e-03,4.201194140e-03,1.048467820e-02,2.100595525e-03,1.603571033e-03,5.484058832e-02,0.000000000e+00,1.108357714e-04,1.147018e-16,8.940560e-19,8.470329e-21,1.729762e-03
8.160000,3.602145024e-03,4.171706843e-03,1.033086032e-02,2.085851909e-03,1.583235541e-03,5.419468177e-02,0.000000000e+00,1.082226412e-04,1.111307e-16,1.563659e-18,2.060920e-20,1.640740e-03
8.170000,3.588991073e-03,4.143327632e-03,1.017617990e-02,2.071662334e-03,1.561678443e-03,5.361800044e-02,0.000000000e+00,1.056223138e-04,7.851076e-16,1.788112e-18,4.982397e-20,1.641230e-03
8.180000,3.575804089e-03,4.115977374e-03,1.002086910e-02,2.057987234e-03,1.538930986e-03,5.311227670e-02,0.000000000e+00,1.030378691e-04,2.238869e-16,1.084202e-18,6.984813e-21,1.677266e-03
8.190000,3.562612143e-03,4.089573686e-03,9.865161165e-03,2.044785418e-03,1.515028268e-03,5.267856975e-02,0.000000000e+00,1.004723669e-04,1.121013e-16,1.748223e-18,1.396963e-20,1.632240e-03
8.200000,3.549441698e-03,4.064031438e-03,9.709290440e-03,2.032014321e-03,1.490009165e-03,5.231723285e-02,0.000000000e+00,9.792883651e-05,5.561947e-17,9.697399e-19,3.388132e-21,1.652962e-03
8.210000,3.536317529e-03,4.039263279e-03,9.553492434e-03,2.019630266e-03,1.463916272e-03,5.202789607e-02,0.000000000e+00,9.541026694e-05,1.252009e-16,1.852685e-18,2.731599e-20,1.650122e-03
8.220000,3.523262638e-03,4.015180149e-03,9.398003846e-03,2.007588726e-03,1.436795859e-03,5.180946590e-02,0.000000000e+00,9.291959681e-05,2.964144e-16,9.697399e-19,2.032879e-20,1.631158e-03
8.230000,3.510298192e-03,3.991691805e-03,9.243062599e-03,1.995844577e-03,1.408697848e-03,5.166014214e-02,0.000000000e+00,9.045970473e-05,2.818592e-17,1.167721e-18,0.000000e+00,1.671694e-03
8.240000,3.497443460e-03,3.968707316e-03,9.088907854e-03,1.984352356e-03,1.379675803e-03,5.157745167e-02,0.000000000e+00,8.803339972e-05,6.843962e-16,1.371419e-18,6.776264e-21,1.632589e-03
8.250000,3.484715764e-03,3.946135567e-03,8.935780006e-03,1.973066503e-03,1.349786944e-03,5.155829756e-02,0.000000000e+00,8.564341193e-05,3.511176e-16,9.697399e-19,9.583084e-21,1.638730e-03
8.260000,3.472130439e-03,3.923885726e-03,8.783920642e-03,1.961941604e-03,1.319092195e-03,5.159902110e-02,0.000000000e+00,8.329238354e-05,5.732467e-17,9.697399e-19,2.142843e-20,1.637950e-03
8.270000,3.459700804e-03,3.901867705e-03,8.633572460e-03,1.950932615e-03,1.287656246e-03,5.169547397e-02,0.000000000e+00,8.098286012e-05,2.237995e-16,4.336809e-19,1.071421e-20,1.625478e-03
8.280000,3.447438142e-03,3.879992587e-03,8.484979142e-03,1.939995076e-03,1.255547664e-03,5.184309719e-02,0.000000000e+00,7.871728217e-05,2.881939e-17,0.000000e+00,0.000000e+00,1.662863e-03
8.290000,3.435351690e-03,3.858173036e-03,8.338385152e-03,1.929085321e-03,1.222839027e-03,5.203700352e-02,0.000000000e+00,7.649797716e-05,1.332638e-15,1.939480e-18,3.863065e-20,1.651591e-03
8.300000,3.423448647e-03,3.836323668e-03,8.194035473e-03,1.918160658e-03,1.189607117e-03,5.227206015e-02,0.000000000e+00,7.432715188e-05,5.605063e-17,2.168404e-19,9.583084e-21,1.639429e-03
8.310000,3.411734179e-03,3.814361413e-03,8.052175239e-03,1.907179550e-03,1.155933148e-03,5.254296894e-02,0.000000000e+00,7.220688528e-05,1.928276e-16,7.818293e-19,1.071421e-20,1.652432e-03
8.320000,3.400211449e-03,3.792205823e-03,7.913049284e-03,1.896101775e-03,1.121903059e-03,5.284434197e-02,0.000000000e+00,7.013912180e-05,6.776444e-16,6.133174e-19,9.583084e-21,1.637570e-03
8.330000,3.388881645e-03,3.769779371e-03,7.776901555e-03,1.884888569e-03,1.087607861e-03,5.317077055e-02,0.000000000e+00,6.812566513e-05,2.483019e-16,6.133174e-19,2.142843e-20,1.652492e-03
8.340000,3.377744031e-03,3.747007715e-03,7.643974420e-03,1.873502762e-03,1.053144061e-03,5.351688696e-02,0.000000000e+00,6.616817255e-05,4.710405e-16,2.168404e-19,6.776264e-21,1.633019e-03
8.350000,3.366795993e-03,3.723819934e-03,7.514507816e-03,1.861908891e-03,1.018614146e-03,5.387741786e-02,0.000000000e+00,6.426814983e-05,3.345454e-16,9.263427e-19,1.824565e-20,1.633650e-03
8.360000,3.356033107e-03,3.700148732e-03,7.388738258e-03,1.850073310e-03,9.841271546e-04,5.424722975e-02,0.000000000e+00,6.242694660e-05,5.661155e-16,1.152523e-18,1.694066e-20,1.668003e-03
8.370000,3.345449208e-03,3.675930626e-03,7.266897688e-03,1.837964278e-03,9.497993193e-04,5.462136638e-02,0.000000000e+00,6.064575248e-05,1.395132e-16,1.626303e-18,1.221608e-20,1.638809e-03
8.380000,3.335036469e-03,3.651106105e-03,7.149212159e-03,1.825552038e-03,9.157547747e-04,5.499507874e-02,0.000000000e+00,5.892559366e-05,1.777563e-16,1.578622e-18,6.776264e-21,1.657873e-03
8.390000,3.324785490e-03,3.625619762e-03,7.035900358e-03,1.812808888e-03,8.821263230e-04,5.536384838e-02,0.000000000e+00,5.726733024e-05,5.613754e-16,9.263427e-19,6.776264e-21,1.655223e-03
8.400000,3.314685386e-03,3.599420412e-03,6.927171971e-03,1.799709235e-03,8.490562182e-04,5.572340468e-02,0.000000000e+00,5.567165409e-05,8.326673e-17,1.105674e-18,7.576093e-21,1.649212e-03
8.410000,3.304723891e-03,3.572461187e-03,6.823225901e-03,1.786229644e-03,8.166969217e-04,5.606973705e-02,0.000000000e+00,5.413908746e-05,4.586630e-16,1.371419e-18,1.515219e-20,1.681446e-03
8.420000,3.294887460e-03,3.544699612e-03,6.724248356e-03,1.772348878e-03,7.852117463e-04,5.639910267e-02,0.000000000e+00,5.266998224e-05,1.110765e-16,1.358501e-18,6.776264e-21,1.632649e-03
8.430000,3.285161374e-03,3.516097667e-03,6.630410844e-03,1.758047928e-03,7.547752699e-04,5.670803066e-02,0.000000000e+00,5.126451978e-05,4.476124e-16,6.505213e-19,6.108041e-21,1.668544e-03
8.440000,3.275529855e-03,3.486621836e-03,6.541868088e-03,1.743310035e-03,7.255733481e-04,5.699332333e-02,0.000000000e+00,4.992271152e-05,7.757919e-18,1.341084e-18,9.122824e-21,1.655832e-03
8.450000,3.265976177e-03,3.456243138e-03,6.458755931e-03,1.728120709e-03,6.978025023e-04,5.725205502e-02,0.000000000e+00,4.864440022e-05,2.483322e-16,1.474674e-18,1.355253e-20,1.643930e-03
8.460000,3.256482781e-03,3.424937155e-03,6.381189259e-03,1.712467740e-03,6.716683996e-04,5.748156918e-02,0.000000000e+00,4.742926178e-05,6.684630e-16,4.631714e-19,1.982853e-20,1.671964e-03
8.470000,3.247031393e-03,3.392684043e-03,6.309260006e-03,1.696341208e-03,6.473831000e-04,5.767947405e-02,0.000000000e+00,4.627680788e-05,2.720420e-16,1.084202e-19,1.290162e-20,1.646381e-03
8.480000,3.237603136e-03,3.359468541e-03,6.243035306e-03,1.679733480e-03,6.251607447e-04,5.784363736e-02,0.000000000e+00,4.518638909e-05,3.376968e-16,1.872408e-18,8.638075e-21,1.678176e-03
8.490000,3.228178646e-03,3.325279968e-03,6.182555849e-03,1.662639218e-03,6.052114246e-04,5.797218028e-02,0.000000000e+00,4.415719871e-05,2.844365e-16,1.601264e-18,6.984813e-21,1.648661e-03
8.500000,3.218738189e-03,3.290112222e-03,6.127834496e-03,1.645055369e-03,5.877331511e-04,5.806347099e-02,0.000000000e+00,4.318827719e-05,1.572008e-16,6.442798e-19,1.694066e-21,1.648621e-03
8.510000,3.209261766e-03,3.253963771e-03,6.078855220e-03,1.626981167e-03,5.729021533e-04,5.811611792e-02,0.000000000e+00,4.227851717e-05,1.572486e-16,7.884962e-19,5.082198e-21,1.660283e-03
8.520000,3.199729225e-03,3.216837642e-03,6.035572419e-03,1.608418127e-03,5.608621523e-04,5.812896299e-02,0.000000000e+00,4.142666902e-05,2.289112e-16,2.546289e-19,1.197885e-20,1.646011e-03
8.530000,3.190120368e-03,3.178741412e-03,5.997910625e-03,1.589370037e-03,5.517137155e-04,5.810107478e-02,0.000000000e+00,4.063134703e-05,7.792983e-16,5.719530e-19,1.197885e-20,1.675425e-03
8.540000,3.180415045e-03,3.139687196e-03,5.965764648e-03,1.569842953e-03,5.455051426e-04,5.803174188e-02,0.000000000e+00,3.989103599e-05,2.482777e-16,5.503394e-19,1.694066e-21,1.650392e-03
8.550000,3.170593260e-03,3.099691642e-03,5.939000162e-03,1.549845201e-03,5.422263998e-04,5.792046640e-02,0.000000000e+00,3.920409838e-05,2.498965e-16,4.601876e-19,8.470329e-21,1.645051e-03
8.560000,3.160635257e-03,3.058775922e-03,5.917454703e-03,1.529387365e-03,5.418072924e-04,5.776695772e-02,0.000000000e+00,3.856878191e-05,2.242562e-16,5.262850e-19,9.122824e-21,1.651901e-03
8.570000,3.150521609e-03,3.016965733e-03,5.900939092e-03,1.508482294e-03,5.441203708e-04,5.757112655e-02,0.000000000e+00,3.798322756e-05,4.441570e-16,8.643920e-19,5.357107e-21,1.655322e-03
8.580000,3.140233302e-03,2.974291299e-03,5.889239206e-03,1.487145101e-03,5.489881930e-04,5.733307924e-02,0.000000000e+00,3.744547792e-05,2.239877e-16,5.262850e-19,3.388132e-21,1.679406e-03
8.590000,3.129751809e-03,2.930787385e-03,5.882118073e-03,1.465393168e-03,5.561937947e-04,5.705311244e-02,0.000000000e+00,3.695348591e-05,1.147674e-16,9.467388e-19,4.235165e-21,1.652582e-03
8.600000,3.119059164e-03,2.886493313e-03,5.879318223e-03,1.443246155e-03,5.654927854e-04,5.673170806e-02,0.000000000e+00,3.650512382e-05,6.759013e-16,8.467890e-19,1.378870e-20,1.645971e-03
8.610000,3.108138027e-03,2.841452985e-03,5.880564224e-03,1.420726015e-03,5.766254763e-04,5.636952863e-02,0.000000000e+00,3.609819258e-05,1.572008e-16,8.824766e-19,5.357107e-21,1.645821e-03
8.620000,3.096971742e-03,2.795714927e-03,5.885565340e-03,1.397857008e-03,5.893277749e-04,5.596741289e-02,0.000000000e+00,3.573043122e-05,2.502335e-16,6.133174e-19,4.791542e-21,1.641750e-03
8.630000,3.085544393e-03,2.749332326e-03,5.894018253e-03,1.374665730e-03,6.033400778e-04,5.552637180e-02,0.000000000e+00,3.539952653e-05,6.713201e-16,1.085557e-18,1.668461e-20,1.688297e-03
8.640000,3.073840854e-03,2.702363094e-03,5.905609764e-03,1.351181135e-03,6.184138807e-04,5.504758480e-02,0.000000000e+00,3.510312284e-05,6.668946e-16,4.370559e-19,2.395771e-21,1.653411e-03
8.650000,3.061846827e-03,2.654869927e-03,5.920019446e-03,1.327434574e-03,6.343162030e-04,5.453239645e-02,0.000000000e+00,3.483883186e-05,2.486894e-16,2.424350e-19,6.776264e-21,1.650871e-03
8.660000,3.049548887e-03,2.606920400e-03,5.936922182e-03,1.303459831e-03,6.508321425e-04,5.398231332e-02,0.000000000e+00,3.460424256e-05,1.388212e-16,2.424350e-19,4.561412e-21,1.641150e-03
8.670000,3.036934506e-03,2.558587043e-03,5.955990552e-03,1.279293172e-03,6.677659705e-04,5.339900115e-02,0.000000000e+00,3.439693102e-05,5.579044e-16,6.942281e-19,6.776264e-21,1.632910e-03
8.680000,3.023992086e-03,2.509947450e-03,5.976897050e-03,1.254973395e-03,6.849411711e-04,5.278428227e-02,0.000000000e+00,3.421447022e-05,1.671827e-16,4.336809e-19,2.541099e-21,1.673864e-03
8.690000,3.010710977e-03,2.461084396e-03,5.999316103e-03,1.230541887e-03,7.021997778e-04,5.214013326e-02,0.000000000e+00,3.405443977e-05,1.777901e-16,6.133174e-19,5.238609e-21,1.646221e-03
8.700000,2.997081496e-03,2.412085950e-03,6.022925883e-03,1.206042682e-03,7.194012834e-04,5.146868268e-02,0.000000000e+00,3.391443536e-05,4.577731e-16,4.848700e-19,2.395771e-21,1.651602e-03
8.710000,2.983094938e-03,2.363045602e-03,6.047409911e-03,1.181522526e-03,7.364213311e-04,5.077220904e-02,0.000000000e+00,3.379207816e-05,2.881939e-17,5.421011e-19,8.470329e-22,1.646860e-03
8.720000,2.968743582e-03,2.314062394e-03,6.072458452e-03,1.157030939e-03,7.531503271e-04,5.005313863e-02,0.000000000e+00,3.368502390e-05,2.498002e-16,0.000000e+00,7.774729e-21,1.648771e-03
8.730000,2.954020700e-03,2.265241038e-03,6.097769713e-03,1.132620277e-03,7.694920686e-04,4.931404341e-02,0.000000000e+00,3.359097162e-05,2.221801e-16,3.252607e-19,3.414499e-21,1.679175e-03
8.740000,2.938920547e-03,2.216692026e-03,6.123050849e-03,1.108345786e-03,7.853624421e-04,4.855763860e-02,0.000000000e+00,3.350767222e-05,8.335703e-17,4.470280e-19,6.789486e-21,1.648841e-03
8.750000,2.923438366e-03,2.168531717e-03,6.148018803e-03,1.084265646e-03,8.006882231e-04,4.778677993e-02,0.000000000e+00,3.343293658e-05,2.290098e-16,4.848700e-19,1.355914e-20,1.674065e-03
8.760000,2.907570372e-03,2.120882393e-03,6.172400978e-03,1.060440998e-03,8.154059897e-04,4.700446035e-02,0.000000000e+00,3.336464322e-05,2.220785e-16,9.263427e-19,1.058791e-21,1.642170e-03
8.770000,2.891313746e-03,2.073872256e-03,6.195935779e-03,1.036935942e-03,8.294611513e-04,4.621380592e-02,0.000000000e+00,3.330074568e-05,7.776593e-16,4.336809e-19,3.394743e-21,1.646480e-03
8.780000,2.874666615e-03,2.027635361e-03,6.218373018e-03,1.013817506e-03,8.428070884e-04,4.541807055e-02,0.000000000e+00,3.323927929e-05,4.653200e-16,5.421011e-19,6.805977e-21,1.683605e-03
8.790000,2.857628040e-03,1.982311459e-03,6.239474221e-03,9.911555668e-04,8.554043954e-04,4.462062943e-02,0.000000000e+00,3.317836758e-05,3.521959e-16,3.252607e-19,1.019963e-20,1.640269e-03
8.800000,2.840197989e-03,1.938045710e-03,6.259012836e-03,9.690227031e-04,8.672202143e-04,4.382497054e-02,0.000000000e+00,3.311622804e-05,1.388212e-16,0.000000e+00,1.024350e-20,1.671044e-03
8.810000,2.822377321e-03,1.894988254e-03,6.276774359e-03,9.474939847e-04,8.782276522e-04,4.303468392e-02,0.000000000e+00,3.305117746e-05,4.476124e-16,4.336809e-19,1.016440e-20,1.656802e-03
8.820000,2.804167755e-03,1.853293587e-03,6.292556401e-03,9.266466609e-04,8.884052684e-04,4.225344817e-02,0.000000000e+00,3.298163667e-05,2.225117e-16,5.421011e-19,3.402988e-21,1.646501e-03
8.830000,2.785571845e-03,1.813119730e-03,6.306168691e-03,9.065597405e-04,8.977366255e-04,4.148501368e-02,0.000000000e+00,3.290613467e-05,2.720365e-16,4.848700e-19,4.502042e-21,1.664424e-03
8.840000,2.766592951e-03,1.774627119e-03,6.317433042e-03,8.873134425e-04,9.062098923e-04,4.073318199e-02,0.000000000e+00,3.282331223e-05,7.773187e-16,4.336809e-19,1.694198e-20,1.657682e-03
8.850000,2.747235209e-03,1.737977225e-03,6.326183274e-03,8.689885024e-04,9.138174942e-04,4.000178080e-02,0.000000000e+00,3.273192485e-05,4.611364e-16,4.336809e-19,4.299527e-21,1.685615e-03
8.860000,2.727503495e-03,1.703330846e-03,6.332265113e-03,8.516653195e-04,9.205558013e-04,3.929463415e-02,0.000000000e+00,3.263084513e-05,4.449997e-16,9.697399e-19,1.027191e-20,1.654362e-03
8.870000,2.707403395e-03,1.670846075e-03,6.335536065e-03,8.354229400e-04,9.264248505e-04,3.861552754e-02,0.000000000e+00,3.251906455e-05,4.450234e-16,9.697399e-19,1.359382e-20,1.651181e-03
8.880000,2.686941171e-03,1.640675940e-03,6.335865272e-03,8.203378771e-04,9.314280954e-04,3.796816758e-02,0.000000000e+00,3.239569461e-05,6.684540e-16,4.336809e-19,1.702515e-20,1.642051e-03
8.890000,2.666123722e-03,1.612965743e-03,6.333133361e-03,8.064827834e-04,9.355721802e-04,3.735613666e-02,0.000000000e+00,3.225996736e-05,5.770766e-16,4.848700e-19,6.816675e-21,1.650621e-03
8.900000,2.644958549e-03,1.587850173e-03,6.327232277e-03,7.939250030e-04,9.388667334e-04,3.678284284e-02,0.000000000e+00,3.211123537e-05,2.221801e-16,8.940560e-19,1.429682e-20,1.670354e-03
8.910000,2.623453718e-03,1.565450258e-03,6.318065115e-03,7.827250487e-04,9.413241781e-04,3.625146597e-02,0.000000000e+00,3.194897108e-05,1.388646e-16,9.697399e-19,1.058791e-21,1.643541e-03
8.920000,2.601617824e-03,1.545870285e-03,6.305545948e-03,7.729350646e-04,9.429595564e-04,3.576490142e-02,0.000000000e+00,3.177276557e-05,6.668562e-16,6.133174e-19,2.085577e-20,1.642880e-03
8.930000,2.579459952e-03,1.529194846e-03,6.289599651e-03,7.645973482e-04,9.437903654e-04,3.532570326e-02,0.000000000e+00,3.158232675e-05,2.021232e-16,1.318989e-18,4.235165e-21,1.652661e-03
8.940000,2.556989638e-03,1.515486178e-03,6.270161723e-03,7.577430163e-04,9.438364024e-04,3.493602905e-02,0.000000000e+00,3.137747708e-05,2.483746e-16,4.336809e-19,3.836566e-21,1.637139e-03
8.950000,2.534216835e-03,1.504781942e-03,6.247178121e-03,7.523908994e-04,9.431196175e-04,3.459758908e-02,0.000000000e+00,3.115815066e-05,4.478141e-16,1.371419e-18,8.470329e-22,1.714399e-03
8.960000,2.511151869e-03,1.497093629e-03,6.220605078e-03,7.485467443e-04,9.416639729e-04,3.431160243e-02,0.000000000e+00,3.092438990e-05,2.618915e-16,7.818293e-19,3.389786e-21,1.640079e-03
8.970000,2.487805409e-03,1.492405715e-03,6.190408938e-03,7.462027873e-04,9.394953061e-04,3.407876280e-02,0.000000000e+00,3.067634165e-05,6.804451e-16,4.848700e-19,1.711480e-20,1.638810e-03
8.980000,2.464188423e-03,1.490675613e-03,6.156565986e-03,7.453377373e-04,9.366411969e-04,3.389921625e-02,0.000000000e+00,3.041425297e-05,2.619605e-16,2.168404e-19,1.905824e-21,1.636539e-03
8.990000,2.440312147e-03,1.491834496e-03,6.119062285e-03,7.459171785e-04,9.331308363e-04,3.377255254e-02,0.000000000e+00,3.013846638e-05,2.289309e-16,1.454610e-18,6.894349e-21,1.633659e-03
9.000000,2.416188045e-03,1.495788881e-03,6.077893511e-03,7.478943707e-04,9.289948968e-04,3.369781110e-02,0.000000000e+00,2.984941483e-05,1.389945e-16,9.697399e-19,6.828998e-21,1.693737e-03
9.010000,2.391827775e-03,1.502422936e-03,6.033064798e-03,7.512113964e-04,9.242654034e-04,3.367350141e-02,0.000000000e+00,2.954761621e-05,6.713268e-16,4.848700e-19,2.375093e-20,1.630468e-03
9.020000,2.367243156e-03,1.511601310e-03,5.984590579e-03,7.558005828e-04,9.189756034e-04,3.369763706e-02,0.000000000e+00,2.923366765e-05,1.389512e-16,1.167721e-18,1.021939e-20,1.636489e-03
9.030000,2.342446130e-03,1.523172368e-03,5.932494438e-03,7.615861101e-04,9.131598354e-04,3.376778156e-02,0.000000000e+00,2.890823943e-05,4.906539e-18,4.336809e-19,3.414499e-21,1.638029e-03
9.040000,2.317448737e-03,1.536971585e-03,5.876808959e-03,7.684857165e-04,9.068533960e-04,3.388110352e-02,0.000000000e+00,2.857206880e-05,2.498243e-16,1.318989e-18,0.000000e+00,1.639570e-03
9.050000,2.292263073e-03,1.552824982e-03,5.817575590e-03,7.764124121e-04,9.000924040e-04,3.403443831e-02,0.000000000e+00,2.822595343e-05,6.760794e-16,6.133174e-19,3.788046e-21,1.711400e-03
9.060000,2.266901270e-03,1.570552417e-03,5.754844495e-03,7.852761277e-04,8.929136613e-04,3.422435336e-02,0.000000000e+00,2.787074481e-05,4.578224e-16,2.168404e-19,1.371697e-20,1.642120e-03
9.070000,2.241375459e-03,1.589970646e-03,5.688674430e-03,7.949852390e-04,8.853545098e-04,3.444721408e-02,0.000000000e+00,2.750734149e-05,3.436154e-16,1.084202e-19,4.235165e-22,1.635779e-03
9.080000,2.215697745e-03,1.610896027e-03,5.619132608e-03,8.054479262e-04,8.774526841e-04,3.469924805e-02,0.000000000e+00,2.713668223e-05,2.499206e-16,1.067815e-18,7.165443e-21,1.640840e-03
9.090000,2.189880182e-03,1.633146870e-03,5.546294585e-03,8.165733443e-04,8.692461596e-04,3.497660530e-02,0.000000000e+00,2.675973911e-05,8.341116e-17,9.697399e-19,3.788046e-21,1.638030e-03
9.100000,2.163934745e-03,1.656545385e-03,5.470244143e-03,8.282725971e-04,8.607729950e-04,3.527541338e-02,0.000000000e+00,2.637751064e-05,2.990373e-16,1.409463e-18,5.357107e-21,1.702698e-03
9.110000,2.137873305e-03,1.680919234e-03,5.391073189e-03,8.404595176e-04,8.520711703e-04,3.559182596e-02,0.000000000e+00,2.599101491e-05,2.289375e-16,9.697399e-19,3.618526e-21,1.638829e-03
9.120000,2.111707613e-03,1.706102744e-03,5.308881659e-03,8.530512686e-04,8.431784191e-04,3.592206481e-02,0.000000000e+00,2.560128274e-05,2.371945e-16,4.470280e-19,1.030460e-20,1.704478e-03
9.130000,2.085449272e-03,1.731937778e-03,5.223777435e-03,8.659687810e-04,8.341320557e-04,3.626245483e-02,0.000000000e+00,2.520935107e-05,2.723019e-16,5.421011e-19,6.988022e-21,1.638260e-03
9.140000,2.059109720e-03,1.758274332e-03,5.135876282e-03,8.791370523e-04,8.249687974e-04,3.660945254e-02,0.000000000e+00,2.481625638e-05,4.478275e-16,3.252607e-19,2.208792e-20,1.639669e-03
9.150000,2.032700216e-03,1.784970890e-03,5.045301789e-03,8.924853262e-04,8.157245827e-04,3.695966848e-02,0.000000000e+00,2.442302829e-05,1.389945e-16,8.741117e-19,1.201063e-20,1.707789e-03
9.160000,2.006231819e-03,1.811894600e-03,4.952185338e-03,9.059471761e-04,8.064343856e-04,3.730988415e-02,0.000000000e+00,2.403068345e-05,2.242294e-16,2.168404e-19,4.502042e-21,1.643080e-03
9.170000,1.979715376e-03,1.838921282e-03,4.856666094e-03,9.194605113e-04,7.971320275e-04,3.765706411e-02,0.000000000e+00,2.364021958e-05,2.238264e-16,4.336809e-19,1.361195e-20,1.711979e-03
9.180000,1.953161509e-03,1.865935320e-03,4.758891010e-03,9.329675241e-04,7.878499880e-04,3.799836410e-02,0.000000000e+00,2.325260986e-05,2.483322e-16,1.388456e-18,5.121748e-21,1.643810e-03
9.190000,1.926580603e-03,1.892829467e-03,4.659014873e-03,9.464145924e-04,7.786192167e-04,3.833113572e-02,0.000000000e+00,2.286879752e-05,2.498002e-16,1.226635e-18,3.995446e-21,1.648481e-03
9.200000,1.899982797e-03,1.919504598e-03,4.557200370e-03,9.597521512e-04,7.694689465e-04,3.865292836e-02,0.000000000e+00,2.248969082e-05,6.894517e-16,6.133174e-19,1.713018e-20,1.648602e-03
9.210000,1.873377979e-03,1.945869391e-03,4.453618200e-03,9.729345417e-04,7.604265130e-04,3.896148897e-02,0.000000000e+00,2.211615837e-05,8.335703e-17,1.578622e-18,4.235165e-22,1.648501e-03
9.220000,1.846775773e-03,1.971840016e-03,4.348447222e-03,9.859198480e-04,7.515171809e-04,3.925476009e-02,0.000000000e+00,2.174902478e-05,5.564976e-16,1.371419e-18,1.746203e-21,1.709169e-03
9.230000,1.820185542e-03,1.997339785e-03,4.241874650e-03,9.986697266e-04,7.427639801e-04,3.953087658e-02,0.000000000e+00,2.138906670e-05,2.289112e-16,1.067815e-18,1.440112e-20,1.647570e-03
9.240000,1.793616380e-03,2.022298813e-03,4.134096304e-03,1.011149234e-03,7.341875563e-04,3.978816146e-02,0.000000000e+00,2.103700926e-05,4.710533e-16,0.000000e+00,7.039170e-21,1.645420e-03
9.250000,1.767077112e-03,2.046653669e-03,4.025316913e-03,1.023326656e-03,7.258060375e-04,4.002512101e-02,0.000000000e+00,2.069352291e-05,4.654752e-16,1.305552e-18,8.512576e-21,1.641639e-03
9.260000,1.740576294e-03,2.070347048e-03,3.915750491e-03,1.035173339e-03,7.176349202e-04,4.024043952e-02,0.000000000e+00,2.035922072e-05,8.886137e-16,3.066587e-19,9.470116e-22,1.651731e-03
9.270000,1.714122217e-03,2.093327450e-03,3.805620770e-03,1.046663533e-03,7.096869785e-04,4.043297368e-02,0.000000000e+00,2.003465600e-05,5.668380e-16,1.358501e-18,9.046316e-21,1.711910e-03
9.280000,1.687722905e-03,2.115548866e-03,3.695161718e-03,1.057774235e-03,7.019721984e-04,4.060174688e-02,0.000000000e+00,1.972032046e-05,6.690278e-16,4.848700e-19,7.971228e-21,1.650681e-03
9.290000,1.661386123e-03,2.136970491e-03,3.584618130e-03,1.068485042e-03,6.944977408e-04,4.074594353e-02,0.000000000e+00,1.941664274e-05,3.619591e-16,1.748223e-18,1.114098e-20,1.716299e-03
9.300000,1.635119383e-03,2.157556448e-03,3.474246292e-03,1.078778014e-03,6.872679339e-04,4.086490337e-02,0.000000000e+00,1.912398739e-05,2.866234e-17,1.318989e-18,5.933011e-21,1.646340e-03
9.310000,1.608929951e-03,2.177275525e-03,3.364314724e-03,1.088637547e-03,6.802842973e-04,4.095811587e-02,0.000000000e+00,1.884265425e-05,3.342934e-16,1.563659e-18,8.906442e-21,1.628038e-03
9.320000,1.582824852e-03,2.196100927e-03,3.255104983e-03,1.098050243e-03,6.735455982e-04,4.102521482e-02,0.000000000e+00,1.857287829e-05,4.586236e-16,2.666785e-18,1.221608e-20,1.632108e-03
9.330000,1.556810884e-03,2.214010056e-03,3.146912508e-03,1.107004802e-03,6.670479401e-04,4.106597300e-02,0.000000000e+00,1.831482985e-05,3.376968e-16,1.609045e-18,9.470116e-21,1.639340e-03
9.340000,1.530894626e-03,2.230984282e-03,3.040047479e-03,1.115491910e-03,6.607848822e-04,4.108029711e-02,0.000000000e+00,1.806861523e-05,2.238264e-16,4.370559e-19,2.848916e-21,1.700367e-03
9.350000,1.505082452e-03,2.247008752e-03,2.934835633e-03,1.123504139e-03,6.547475895e-04,4.106822275e-02,0.000000000e+00,1.783427776e-05,1.243205e-16,1.269026e-18,2.280706e-21,1.713619e-03
9.360000,1.479380541e-03,2.262072191e-03,2.831618972e-03,1.131035853e-03,6.489250100e-04,4.102990960e-02,0.000000000e+00,1.761179916e-05,1.336980e-15,9.215718e-19,6.578153e-21,1.632569e-03
9.370000,1.453794892e-03,2.276166721e-03,2.730756251e-03,1.138083115e-03,6.433040769e-04,4.096563679e-02,0.000000000e+00,1.740110134e-05,1.389188e-16,1.371419e-18,5.191317e-21,1.628257e-03
9.380000,1.428331339e-03,2.289287707e-03,2.632623109e-03,1.144643603e-03,6.378699319e-04,4.087579833e-02,0.000000000e+00,1.720204844e-05,5.559998e-16,5.762614e-19,1.658352e-20,1.634968e-03
9.390000,1.402995565e-03,2.301433576e-03,2.537611655e-03,1.150716534e-03,6.326061656e-04,4.076089867e-02,0.000000000e+00,1.701444928e-05,6.719272e-16,9.199761e-19,8.299869e-21,1.648560e-03
9.400000,1.377793119e-03,2.312605683e-03,2.446129263e-03,1.156302584e-03,6.274950723e-04,4.062154832e-02,0.000000000e+00,1.683806003e-05,6.805889e-16,2.424350e-19,6.582412e-21,1.634979e-03
9.410000,1.352729433e-03,2.322808156e-03,2.358596295e-03,1.161403816e-03,6.225179124e-04,4.045845961e-02,0.000000000e+00,1.667258725e-05,4.520711e-16,1.041342e-18,4.659884e-21,1.630118e-03
9.420000,1.327809838e-03,2.332047761e-03,2.275442409e-03,1.166023616e-03,6.176551811e-04,4.027244236e-02,0.000000000e+00,1.651769105e-05,2.950458e-16,9.171767e-19,7.641656e-21,1.660332e-03
9.430000,1.303039581e-03,2.340333777e-03,2.197101100e-03,1.170166621e-03,6.128868764e-04,4.006439967e-02,0.000000000e+00,1.637298857e-05,3.608392e-16,1.103346e-18,9.351590e-21,1.634269e-03
9.440000,1.278423846e-03,2.347677860e-03,2.124002137e-03,1.173838660e-03,6.081927660e-04,3.983532360e-02,0.000000000e+00,1.623805766e-05,2.619892e-16,1.192930e-18,1.203685e-20,1.639919e-03
9.450000,1.253967771e-03,2.354093931e-03,2.056561657e-03,1.177046693e-03,6.035526464e-04,3.958629081e-02,0.000000000e+00,1.611244065e-05,4.518314e-16,1.736628e-18,4.997674e-21,1.637740e-03
9.460000,1.229676465e-03,2.359598052e-03,1.995169847e-03,1.179798753e-03,5.989465934e-04,3.931845815e-02,0.000000000e+00,1.599564830e-05,2.238062e-16,1.927511e-18,1.874337e-20,1.635758e-03
9.470000,1.205555030e-03,2.364208319e-03,1.940176460e-03,1.182103884e-03,5.943552017e-04,3.903305802e-02,0.000000000e+00,1.588716394e-05,3.377324e-16,3.352710e-19,7.052694e-21,1.667804e-03
9.480000,1.181608580e-03,2.367944743e-03,1.891874782e-03,1.183972095e-03,5.897598096e-04,3.873139360e-02,0.000000000e+00,1.578644753e-05,4.520578e-16,1.093060e-18,1.365800e-20,1.668054e-03
9.490000,1.157842257e-03,2.370829149e-03,1.850485112e-03,1.185414297e-03,5.851427098e-04,3.841483391e-02,0.000000000e+00,1.569293995e-05,2.543841e-16,5.313213e-19,5.021171e-21,1.651650e-03
9.500000,1.134261256e-03,2.372885071e-03,1.816139263e-03,1.186442257e-03,5.804873441e-04,3.808480848e-02,0.000000000e+00,1.560606719e-05,1.522214e-17,1.170314e-18,5.169677e-21,1.648120e-03
9.510000,1.110870840e-03,2.374137641e-03,1.788867792e-03,1.187068541e-03,5.757784812e-04,3.774280179e-02,0.000000000e+00,1.552524464e-05,9.057848e-16,1.030349e-18,7.861480e-21,1.641759e-03
9.520000,1.087676361e-03,2.374613495e-03,1.768591700e-03,1.187306468e-03,5.710023787e-04,3.739034734e-02,0.000000000e+00,1.544988123e-05,2.618743e-16,2.155534e-18,1.481703e-20,1.659902e-03
9.530000,1.064683284e-03,2.374340669e-03,1.755119930e-03,1.187170055e-03,5.661469275e-04,3.702902122e-02,0.000000000e+00,1.537938366e-05,2.498544e-16,5.972730e-19,4.341044e-21,1.640749e-03
9.540000,1.041897197e-03,2.373348500e-03,1.748153320e-03,1.186673971e-03,5.612017813e-04,3.666043534e-02,0.000000000e+00,1.531316044e-05,6.667118e-16,1.397492e-18,2.324523e-20,1.645970e-03
9.550000,1.019323842e-03,2.371667525e-03,1.747294778e-03,1.185833485e-03,5.561584702e-04,3.628622999e-02,0.000000000e+00,1.525062590e-05,2.220988e-16,8.667068e-19,1.655815e-20,1.644170e-03
9.560000,9.969691256e-04,2.369329388e-03,1.752064609e-03,1.184664417e-03,5.510104987e-04,3.590806601e-02,0.000000000e+00,1.519120400e-05,1.576977e-16,4.225022e-19,3.519585e-21,1.637389e-03
9.570000,9.748391428e-04,2.366366735e-03,1.761919279e-03,1.183183091e-03,5.457534310e-04,3.552761617e-02,0.000000000e+00,1.513433206e-05,5.605063e-17,5.082649e-19,4.478324e-21,1.654161e-03
9.580000,9.529401951e-04,2.362813124e-03,1.776271654e-03,1.181406287e-03,5.403849621e-04,3.514655611e-02,0.000000000e+00,1.507946428e-05,1.112930e-16,4.338926e-19,3.549715e-21,1.696717e-03
9.590000,9.312788097e-04,2.358702924e-03,1.794510862e-03,1.179351188e-03,5.349049762e-04,3.476655453e-02,0.000000000e+00,1.502607509e-05,5.551793e-16,1.215579e-18,6.696383e-22,1.622347e-03
9.600000,9.098617580e-04,2.354071216e-03,1.816020283e-03,1.177035336e-03,5.293155934e-04,3.438926273e-02,0.000000000e+00,1.497366226e-05,7.791670e-16,8.310529e-19,4.663491e-21,1.686836e-03
9.610000,8.886960743e-04,2.348953699e-03,1.840192728e-03,1.174476580e-03,5.236212044e-04,3.401630363e-02,0.000000000e+00,1.492174985e-05,2.483746e-16,6.728663e-19,7.016839e-21,1.622296e-03
9.620000,8.677890740e-04,2.343386597e-03,1.866442380e-03,1.171693030e-03,5.178284936e-04,3.364926015e-02,0.000000000e+00,1.486989082e-05,9.020779e-16,5.262850e-19,1.334245e-20,1.707999e-03
9.630000,8.471483712e-04,2.337406548e-03,1.894213496e-03,1.168703008e-03,5.119464501e-04,3.328966309e-02,0.000000000e+00,1.481766948e-05,2.548391e-16,1.943264e-18,1.420517e-21,1.640189e-03
9.640000,8.267818963e-04,2.331050522e-03,1.922986165e-03,1.165524997e-03,5.059863674e-04,3.293897869e-02,0.000000000e+00,1.476470368e-05,4.475620e-16,7.373372e-19,3.978576e-21,1.637519e-03
9.650000,8.066979117e-04,2.324355715e-03,1.952279611e-03,1.162177596e-03,4.999618291e-04,3.259859588e-02,0.000000000e+00,1.471064660e-05,4.475721e-16,1.384814e-18,1.751972e-20,1.703668e-03
9.660000,7.869050284e-04,2.317359455e-03,1.981653530e-03,1.158679468e-03,4.938886805e-04,3.226981351e-02,0.000000000e+00,1.465518846e-05,4.452295e-16,8.131516e-20,8.984141e-21,1.638520e-03
9.670000,7.674122200e-04,2.310099098e-03,2.010707977e-03,1.155049292e-03,4.877849854e-04,3.195382772e-02,0.000000000e+00,1.459805776e-05,2.238802e-16,1.352064e-18,8.936599e-21,1.705868e-03
9.680000,7.482288364e-04,2.302611943e-03,2.039082241e-03,1.151305717e-03,4.816709632e-04,3.165171964e-02,0.000000000e+00,1.453902236e-05,1.112930e-16,2.022235e-18,7.249434e-21,1.636679e-03
9.690000,7.293646150e-04,2.294935123e-03,2.066453053e-03,1.147467310e-03,4.755689069e-04,3.136444379e-02,0.000000000e+00,1.447789021e-05,6.685148e-16,9.219704e-19,1.288075e-20,1.646870e-03
9.700000,7.108296909e-04,2.287105517e-03,2.092532413e-03,1.143552509e-03,4.695030770e-04,3.109281740e-02,0.000000000e+00,1.441450979e-05,5.667875e-16,1.111307e-18,8.105114e-21,1.644380e-03
9.710000,6.926346034e-04,2.279159647e-03,2.117065243e-03,1.139579577e-03,4.634995684e-04,3.083751090e-02,0.000000000e+00,1.434877031e-05,4.476293e-16,8.677852e-19,5.966925e-21,1.654972e-03
9.720000,6.747902998e-04,2.271133591e-03,2.139827001e-03,1.135566551e-03,4.575861474e-04,3.059903997e-02,0.000000000e+00,1.428060160e-05,2.544373e-16,4.607859e-19,6.063833e-21,1.713719e-03
9.730000,6.573081359e-04,2.263062886e-03,2.160621357e-03,1.131531201e-03,4.517920538e-04,3.037775926e-02,0.000000000e+00,1.420997368e-05,4.475587e-16,1.573028e-18,6.155576e-21,1.643240e-03
9.740000,6.401998705e-04,2.254982432e-03,2.179277999e-03,1.127490977e-03,4.461477656e-04,3.017385812e-02,0.000000000e+00,1.413689616e-05,2.238869e-16,3.909147e-19,8.731016e-22,1.638749e-03
9.750000,6.234776554e-04,2.246926410e-03,2.195650591e-03,1.123462969e-03,4.406847223e-04,2.998735852e-02,0.000000000e+00,1.406141729e-05,5.561947e-17,9.215718e-19,5.156650e-21,1.635438e-03
9.760000,6.071540175e-04,2.238928186e-03,2.209614905e-03,1.119463859e-03,4.354350051e-04,2.981811516e-02,0.000000000e+00,1.398362282e-05,4.586105e-16,5.178413e-19,5.856943e-21,1.641239e-03
9.770000,5.912418336e-04,2.231020233e-03,2.221067130e-03,1.115509885e-03,4.304309715e-04,2.966581799e-02,0.000000000e+00,1.390363460e-05,6.753312e-16,4.908934e-19,1.719811e-20,1.698937e-03
9.780000,5.757542945e-04,2.223234041e-03,2.229922361e-03,1.111616791e-03,4.257048465e-04,2.952999690e-02,0.000000000e+00,1.382160893e-05,4.443195e-16,1.166777e-18,1.952314e-21,1.637119e-03
9.790000,5.607048594e-04,2.215600044e-03,2.236113244e-03,1.107799795e-03,4.212882713e-04,2.941002877e-02,0.000000000e+00,1.373773477e-05,4.451856e-16,1.355253e-18,3.788046e-21,1.636109e-03
9.800000,5.461071956e-04,2.208147541e-03,2.239588774e-03,1.104073546e-03,4.172118164e-04,2.930514641e-02,0.000000000e+00,1.365223170e-05,3.354437e-16,4.543635e-19,3.148013e-21,1.635409e-03
9.810000,5.319751049e-04,2.200904628e-03,2.240313244e-03,1.100452092e-03,4.135044663e-04,2.921444943e-02,0.000000000e+00,1.356534772e-05,1.395132e-16,1.440653e-18,7.249434e-21,1.635609e-03
9.820000,5.183224330e-04,2.193898130e-03,2.238265309e-03,1.096948845e-03,4.101930878e-04,2.913691654e-02,0.000000000e+00,1.347735690e-05,1.243689e-16,1.090957e-18,7.212226e-21,1.700537e-03
9.830000,5.051629608e-04,2.187153541e-03,2.233437174e-03,1.093576552e-03,4.073018973e-04,2.907141918e-02,0.000000000e+00,1.338855689e-05,3.513918e-16,1.021756e-18,2.785245e-21,1.629928e-03
9.840000,4.925102766e-04,2.180694964e-03,2.225833888e-03,1.090347266e-03,4.048519426e-04,2.901673597e-02,0.000000000e+00,1.329926630e-05,5.721958e-17,1.384814e-18,6.495837e-21,1.635329e-03
9.850000,4.803776277e-04,2.174545071e-03,2.215472730e-03,1.087272321e-03,4.028606202e-04,2.897156775e-02,0.000000000e+00,1.320982195e-05,2.719480e-16,1.358569e-18,4.360369e-21,1.655751e-03
9.860000,4.687777507e-04,2.168725049e-03,2.202382694e-03,1.084362311e-03,4.013412467e-04,2.893455292e-02,0.000000000e+00,1.312057612e-05,3.608392e-16,1.974813e-18,3.746386e-21,1.634738e-03
9.870000,4.577226818e-04,2.163254568e-03,2.186604045e-03,1.081627073e-03,4.003027036e-04,2.890428258e-02,0.000000000e+00,1.303189365e-05,2.225320e-16,3.577970e-19,2.280706e-21,1.651851e-03
9.880000,4.472235477e-04,2.158151751e-03,2.168187959e-03,1.079075666e-03,3.997491721e-04,2.887931551e-02,0.000000000e+00,1.294414906e-05,1.111307e-16,6.192778e-19,2.653323e-21,1.632118e-03
9.890000,4.372903398e-04,2.153433153e-03,2.147196241e-03,1.076716368e-03,3.996799715e-04,2.885819242e-02,0.000000000e+00,1.285772359e-05,1.272866e-16,4.848700e-19,3.414499e-21,1.643570e-03
9.900000,4.279316755e-04,2.149113740e-03,2.123701108e-03,1.074556663e-03,4.000895071e-04,2.883944958e-02,0.000000000e+00,1.277300229e-05,6.806132e-16,7.516462e-19,5.542243e-21,1.652671e-03
9.910000,4.191545521e-04,2.145206884e-03,2.097785047e-03,1.072603236e-03,4.009673332e-04,2.882163146e-02,0.000000000e+00,1.269037109e-05,1.387779e-16,4.304928e-19,6.478556e-21,1.647430e-03
9.920000,4.109641004e-04,2.141724360e-03,2.069540749e-03,1.070861975e-03,4.022983230e-04,2.880330240e-02,0.000000000e+00,1.261021394e-05,2.289835e-16,5.165984e-19,2.653323e-21,1.672314e-03
9.930000,4.033633457e-04,2.138676353e-03,2.039071109e-03,1.069337972e-03,4.040629398e-04,2.878305721e-02,0.000000000e+00,1.253290996e-05,2.498484e-16,2.557086e-19,1.355914e-20,1.646429e-03
9.940000,3.963529859e-04,2.136071468e-03,2.006489315e-03,1.068035531e-03,4.062375926e-04,2.875953067e-02,0.000000000e+00,1.245883070e-05,4.518547e-16,2.829851e-19,1.497357e-21,1.631998e-03
9.950000,3.899311963e-04,2.133916755e-03,1.971919006e-03,1.066958174e-03,4.087950597e-04,2.873140595e-02,0.000000000e+00,1.238833746e-05,5.768992e-16,1.131453e-18,3.148013e-21,1.639979e-03
9.960000,3.840934711e-04,2.132217724e-03,1.935494527e-03,1.066108660e-03,4.117049603e-04,2.869742190e-02,0.000000000e+00,1.232177873e-05,6.755094e-16,8.755027e-19,5.033436e-21,1.634989e-03
9.970000,3.788325112e-04,2.130978391e-03,1.897361268e-03,1.065488994e-03,4.149342547e-04,2.865637942e-02,0.000000000e+00,1.225948775e-05,4.449693e-16,2.807860e-19,4.058086e-21,1.657912e-03
9.980000,3.741381656e-04,2.130201305e-03,1.857676105e-03,1.065100451e-03,4.184477537e-04,2.860714677e-02,0.000000000e+00,1.220178020e-05,2.482777e-16,8.578399e-19,4.984197e-21,1.636569e-03
9.990000,3.699974326e-04,2.129887590e-03,1.816607946e-03,1.064943593e-03,4.222086211e-04,2.854866405e-02,0.000000000e+00,1.214895203e-05,2.242562e-16,5.384145e-19,3.031917e-21,1.631368e-03
