t,pos_err,ori_err_geodesic,e_xi_norm,e_z_O_norm,e_z_T_norm,qddot_ref_norm,tau_norm,V,c0,c1,c2,runtime
0.000000,4.971004415e-16,7.884953353e-08,0.000000000e+00,3.300040363e-18,5.242539844e-16,1.775974742e-03,3.902507981e+01,2.198825043e-30,7.790215e-16,0.000000e+00,0.000000e+00,7.141250e-03
0.010000,3.476583956e-07,3.264680848e-07,1.239302421e-04,1.595774288e-07,5.306298913e-07,2.270350574e-01,3.934704888e+01,7.681808720e-09,2.297651e-16,1.296880e-19,2.182754e-22,7.037380e-03
0.020000,6.388896622e-07,5.915592087e-07,1.142487308e-04,2.935270705e-07,9.754250464e-07,2.268790819e-01,3.934641228e+01,6.534687147e-09,4.447562e-16,9.012446e-20,1.515958e-21,7.032761e-03
0.030000,8.774478120e-07,8.090658164e-07,1.052491769e-04,4.037775930e-07,1.340333632e-06,2.267013910e-01,3.934543806e+01,5.554370866e-09,7.376328e-17,7.050246e-19,2.711829e-21,7.034100e-03
0.040000,1.066909684e-06,9.866324280e-07,9.689012361e-05,4.921193849e-07,1.630972612e-06,2.265017739e-01,3.934412644e+01,4.717066052e-09,2.935940e-16,2.264796e-19,9.470116e-22,7.052120e-03
0.050000,1.210681108e-06,1.120662432e-06,8.913252703e-05,5.602145377e-07,1.852644640e-06,2.262800327e-01,3.934247766e+01,4.002272747e-09,2.423666e-16,8.927261e-19,3.054021e-21,7.032970e-03
0.060000,1.312003011e-06,1.220076650e-06,8.193960951e-05,6.096061052e-07,2.010354133e-06,2.260359818e-01,3.934049197e+01,3.392354950e-09,2.310013e-16,5.432962e-19,9.122824e-21,6.978060e-03
0.070000,1.373957478e-06,1.284614924e-06,7.527672250e-05,6.417266950e-07,2.108822562e-06,2.257694485e-01,3.933816965e+01,2.872164042e-09,4.497514e-16,9.265472e-19,1.702515e-20,7.035600e-03
0.080000,1.399473768e-06,1.318731719e-06,6.911121850e-05,6.579064397e-07,2.152503008e-06,2.254802725e-01,3.933551101e+01,2.428709142e-09,1.112049e-15,7.203267e-19,3.788046e-20,7.049360e-03
0.090000,1.391334338e-06,1.320078051e-06,6.341233131e-05,6.593803929e-07,2.145593997e-06,2.251683063e-01,3.933251640e+01,2.050868730e-09,2.785386e-17,7.867764e-19,1.355253e-20,6.987061e-03
0.100000,1.352180920e-06,1.295287240e-06,5.815106442e-05,6.472953916e-07,2.092052678e-06,2.248334146e-01,3.932918620e+01,1.729138552e-09,2.228820e-16,1.412006e-18,5.789642e-20,6.968601e-03
0.110000,1.284520842e-06,1.245294953e-06,5.330008676e-05,6.227164236e-07,1.995607341e-06,2.244754744e-01,3.932552080e+01,1.455411420e-09,8.892383e-16,1.087775e-18,4.079851e-20,6.976830e-03
0.120000,1.190733905e-06,1.175209531e-06,4.883363587e-05,5.866325392e-07,1.859769349e-06,2.240943752e-01,3.932152065e+01,1.222785034e-09,3.366019e-16,8.612255e-19,5.587850e-20,6.979400e-03
0.130000,1.073080658e-06,1.081951550e-06,4.472742784e-05,5.399623393e-07,1.687844494e-06,2.236900185e-01,3.931718624e+01,1.025394428e-09,2.289965e-16,6.219783e-19,2.443217e-20,6.954130e-03
0.140000,9.337142338e-07,9.684608465e-07,4.095857422e-05,4.835590791e-07,1.482943831e-06,2.232623176e-01,3.931251809e+01,8.582660155e-10,2.221792e-16,3.178934e-18,8.571371e-20,6.907950e-03
0.150000,7.747023645e-07,8.392410183e-07,3.750550543e-05,4.182154354e-07,1.247994103e-06,2.228111978e-01,3.930751674e+01,7.171906164e-10,1.180032e-16,2.145766e-18,8.677852e-20,6.967720e-03
0.160000,5.980844003e-07,6.938246922e-07,3.434790084e-05,3.446680016e-07,9.857479983e-07,2.223365962e-01,3.930218281e+01,5.986131073e-10,5.624061e-16,2.086044e-18,4.886433e-20,6.920370e-03
0.170000,4.060917253e-07,5.314515382e-07,3.146662537e-05,2.636017420e-07,6.987953995e-07,2.218384611e-01,3.929651693e+01,4.995366631e-10,2.294219e-16,1.581935e-18,6.910460e-20,6.927460e-03
0.180000,2.027578607e-07,3.551356580e-07,2.884367258e-05,1.756554365e-07,3.895843581e-07,2.213167524e-01,3.929051978e+01,4.174397703e-10,1.214398e-17,3.299484e-18,8.677852e-20,6.938940e-03
0.190000,6.466146907e-08,1.763129170e-07,2.646211414e-05,8.143918591e-08,6.085160641e-08,2.207714410e-01,3.928419209e+01,3.502044245e-10,4.536716e-16,1.734935e-18,9.583084e-20,6.938161e-03
0.200000,2.651540217e-07,7.300048300e-08,2.430605535e-05,1.890806961e-08,2.870293361e-07,2.202025088e-01,3.927753463e+01,2.960541102e-10,2.292011e-16,4.866551e-18,8.677852e-20,6.930430e-03
0.210000,5.038052955e-07,2.528810911e-07,2.236059608e-05,1.239008693e-07,6.499413000e-07,2.196099485e-01,3.927054821e+01,2.535003294e-10,4.445768e-16,1.436887e-18,1.654297e-19,6.954230e-03
0.220000,7.530599346e-07,4.749708608e-07,2.061179615e-05,2.338767355e-07,1.026884724e-06,2.189937633e-01,3.926323368e+01,2.212965949e-10,7.792330e-16,3.241095e-18,2.672976e-19,6.941601e-03
0.230000,1.010208466e-06,6.989264130e-07,1.904664356e-05,3.481869059e-07,1.416057293e-06,2.183539669e-01,3.925559195e+01,1.983989345e-10,6.835857e-17,1.039521e-17,3.833234e-20,6.971650e-03
0.240000,1.273755229e-06,9.343871717e-07,1.765302302e-05,4.664125103e-07,1.815803269e-06,2.176905831e-01,3.924762396e+01,1.839320680e-10,9.714658e-17,5.797964e-18,2.116972e-19,6.988880e-03
0.250000,1.542491441e-06,1.178605553e-06,1.641968194e-05,5.881704736e-07,2.224578207e-06,2.170036456e-01,3.923933071e+01,1.771605191e-10,4.531617e-16,4.272637e-18,2.557086e-19,6.987261e-03
0.260000,1.815342322e-06,1.427403690e-06,1.533619012e-05,7.131057366e-07,2.640939608e-06,2.162931980e-01,3.923071322e+01,1.774640182e-10,1.346389e-16,4.690976e-18,3.090452e-19,6.968830e-03
0.270000,2.091324404e-06,1.682709958e-06,1.439288943e-05,8.408883990e-07,3.063540568e-06,2.155592933e-01,3.922177259e+01,1.843166260e-10,1.273112e-16,1.909704e-18,5.427783e-19,6.969670e-03
0.280000,2.369528789e-06,1.943330811e-06,1.358083034e-05,9.712116875e-07,3.491124265e-06,2.148019939e-01,3.921250995e+01,1.972690826e-10,2.222296e-16,9.572959e-18,1.954573e-19,6.925480e-03
0.290000,2.649112543e-06,2.208792444e-06,1.289169397e-05,1.103790221e-06,3.922518870e-06,2.140213714e-01,3.920292645e+01,2.159339439e-10,2.312134e-16,1.143644e-18,3.636525e-19,6.946081e-03
0.300000,2.929293170e-06,2.477001519e-06,1.231770108e-05,1.238358444e-06,4.356632775e-06,2.132175062e-01,3.919302334e+01,2.399731262e-10,4.546017e-16,5.827035e-18,2.498963e-19,6.975530e-03
0.310000,3.209344467e-06,2.749254145e-06,1.185151280e-05,1.374669187e-06,4.792450076e-06,2.123904874e-01,3.918280186e+01,2.690875226e-10,8.893285e-16,9.346106e-18,8.314671e-19,6.941760e-03
0.320000,3.488593078e-06,3.025926524e-06,1.148613143e-05,1.512492348e-06,5.229026308e-06,2.115404128e-01,3.917226333e+01,3.030084015e-10,6.690751e-16,1.626529e-18,5.561492e-19,6.974740e-03
0.330000,3.766415459e-06,3.304431190e-06,1.121481181e-05,1.651613656e-06,5.665484393e-06,2.106673882e-01,3.916140912e+01,3.414903306e-10,8.882898e-16,4.152672e-18,4.631714e-19,6.971040e-03
0.340000,4.042235109e-06,3.584093258e-06,1.103099304e-05,1.791833542e-06,6.101010812e-06,2.097715277e-01,3.915024062e+01,3.843054067e-10,2.225970e-16,2.812664e-18,2.168404e-19,6.994180e-03
0.350000,4.315519994e-06,3.866614454e-06,1.092825797e-05,1.932966083e-06,6.534851960e-06,2.088529531e-01,3.913875928e+01,4.312385954e-10,5.565435e-16,6.744966e-18,3.160965e-19,6.963630e-03
0.360000,4.585780132e-06,4.150341224e-06,1.090032225e-05,2.074838028e-06,6.966310708e-06,2.079117940e-01,3.912696659e+01,4.820840144e-10,4.482054e-16,6.654884e-18,5.421011e-20,6.911921e-03
0.370000,4.852565306e-06,4.434641651e-06,1.094104949e-05,2.217287884e-06,7.394743130e-06,2.069481873e-01,3.911486410e+01,5.366420142e-10,4.512014e-16,4.877874e-18,6.060874e-19,6.953090e-03
0.380000,5.115462896e-06,4.720823329e-06,1.104448461e-05,2.360165088e-06,7.819555409e-06,2.059622774e-01,3.910245339e+01,5.947169285e-10,1.277705e-16,1.253802e-17,7.589415e-19,6.931351e-03
0.390000,5.374095815e-06,5.006967553e-06,1.120489553e-05,2.503329217e-06,8.240200904e-06,2.049542156e-01,3.908973608e+01,6.561153867e-10,9.890768e-17,2.884142e-18,2.235140e-19,6.922910e-03
0.400000,5.628120546e-06,5.293667662e-06,1.141681396e-05,2.646649272e-06,8.656177369e-06,2.039241601e-01,3.907671385e+01,7.206450926e-10,2.244703e-16,4.681020e-19,1.084202e-19,6.956771e-03
0.410000,5.877225274e-06,5.580360524e-06,1.167506867e-05,2.790003003e-06,9.067024318e-06,2.028722758e-01,3.906338842e+01,7.881139882e-10,2.269399e-16,6.268773e-18,3.909147e-19,6.921530e-03
0.420000,6.121128101e-06,5.866895813e-06,1.197480729e-05,2.933276292e-06,9.472320538e-06,2.017987341e-01,3.904976155e+01,8.583297343e-10,2.220622e-16,5.884248e-18,4.470280e-19,6.960740e-03
0.430000,6.359575351e-06,6.152862501e-06,1.231150614e-05,3.076362572e-06,9.871681719e-06,2.007037127e-01,3.903583504e+01,9.310994447e-10,2.348108e-16,2.046432e-18,4.997925e-19,6.969130e-03
0.440000,6.592339951e-06,6.438681225e-06,1.268096917e-05,3.219162293e-06,1.026475822e-05,1.995873953e-01,3.902161074e+01,1.006229627e-09,4.453660e-16,1.206175e-17,1.116254e-18,6.948240e-03
0.450000,6.819219889e-06,6.723380152e-06,1.307931828e-05,3.361582426e-06,1.065123296e-05,1.984499718e-01,3.900709055e+01,1.083526284e-09,1.544259e-16,1.018115e-17,1.212175e-18,6.942471e-03
0.460000,7.040036752e-06,7.007349280e-06,1.350297774e-05,3.503536002e-06,1.103081941e-05,1.972916377e-01,3.899227639e+01,1.162795135e-09,2.298402e-16,3.718434e-18,5.421011e-19,6.940650e-03
0.470000,7.254634324e-06,7.290125657e-06,1.394865504e-05,3.644941686e-06,1.140325969e-05,1.961125940e-01,3.897717025e+01,1.243841939e-09,1.787166e-16,1.179867e-17,1.035683e-18,6.929120e-03
0.480000,7.462877262e-06,7.571784267e-06,1.441332012e-05,3.785723380e-06,1.176832278e-05,1.949130475e-01,3.896177415e+01,1.326472879e-09,4.517541e-16,8.797459e-18,6.942281e-19,6.918721e-03
0.490000,7.664649830e-06,7.851823269e-06,1.489418441e-05,3.925809856e-06,1.212580285e-05,1.936932098e-01,3.894609014e+01,1.410494987e-09,2.438035e-16,1.859217e-18,6.505213e-19,6.934330e-03
0.500000,7.859854699e-06,8.130573879e-06,1.538868068e-05,4.065134415e-06,1.247551762e-05,1.924532981e-01,3.893012033e+01,1.495716608e-09,2.391669e-16,3.855021e-18,4.848700e-19,6.939210e-03
0.510000,8.048411806e-06,8.407530417e-06,1.589444408e-05,4.203634570e-06,1.281730686e-05,1.911935342e-01,3.891386686e+01,1.581947867e-09,4.458828e-16,4.607859e-19,3.428548e-19,6.919350e-03
0.520000,8.230257271e-06,8.682813415e-06,1.640929486e-05,4.341251754e-06,1.315103098e-05,1.899141448e-01,3.889733192e+01,1.669001139e-09,5.581023e-16,2.552053e-18,4.848700e-19,7.004110e-03
0.530000,8.405342367e-06,8.955982175e-06,1.693122265e-05,4.477931048e-06,1.347656962e-05,1.886153616e-01,3.888051772e+01,1.756691511e-09,2.365676e-16,3.604055e-18,1.172744e-18,6.967400e-03
0.540000,8.573632545e-06,9.227609491e-06,1.745837243e-05,4.613620927e-06,1.379382044e-05,1.872974204e-01,3.886342654e+01,1.844837228e-09,4.508498e-16,1.359607e-17,3.909147e-19,6.995281e-03
0.550000,8.735106510e-06,9.496939190e-06,1.798903187e-05,4.748273029e-06,1.410269788e-05,1.859605616e-01,3.884606067e+01,1.933260108e-09,6.704948e-16,1.034863e-17,4.848700e-19,6.983190e-03
0.560000,8.889755339e-06,9.763888511e-06,1.852162013e-05,4.881841936e-06,1.440313202e-05,1.846050300e-01,3.882842246e+01,2.021785947e-09,1.558907e-16,1.332910e-17,6.505213e-19,6.989470e-03
0.570000,9.037581657e-06,1.002878039e-05,1.905467777e-05,5.014284972e-06,1.469506749e-05,1.832310744e-01,3.881051429e+01,2.110244872e-09,3.378870e-16,1.929035e-17,8.741117e-19,6.959180e-03
0.580000,9.178598847e-06,1.029134218e-05,1.958685770e-05,5.145562019e-06,1.497846252e-05,1.818389478e-01,3.879233857e+01,2.198471681e-09,1.381819e-16,2.245797e-17,1.517883e-18,7.055230e-03
0.590000,9.312830308e-06,1.055141113e-05,2.011691708e-05,5.275635343e-06,1.525328790e-05,1.804289072e-01,3.877389777e+01,2.286306136e-09,7.155045e-17,8.651949e-18,1.212175e-18,6.978040e-03
0.600000,9.440308750e-06,1.080916716e-05,2.064370994e-05,5.404469431e-06,1.551952613e-05,1.790012133e-01,3.875519438e+01,2.373593230e-09,3.385431e-16,1.834484e-17,4.336809e-19,6.996370e-03
0.610000,9.561075529e-06,1.106433043e-05,2.116618052e-05,5.532030847e-06,1.577717058e-05,1.775561306e-01,3.873623092e+01,2.460183414e-09,9.077295e-16,3.085813e-18,1.264386e-18,6.995410e-03
0.620000,9.675180025e-06,1.131684087e-05,2.168335717e-05,5.658288088e-06,1.602622465e-05,1.760939275e-01,3.871700997e+01,2.545932794e-09,5.875594e-16,4.469047e-18,9.263427e-19,6.995620e-03
0.630000,9.782679046e-06,1.156664184e-05,2.219434677e-05,5.783211462e-06,1.626670103e-05,1.746148759e-01,3.869753412e+01,2.630703293e-09,4.586162e-16,6.226911e-18,9.697399e-19,7.014640e-03
0.640000,9.883636269e-06,1.181371728e-05,2.269832956e-05,5.906772965e-06,1.649862103e-05,1.731192512e-01,3.867780602e+01,2.714362783e-09,3.031799e-16,1.964322e-18,1.089610e-18,7.015650e-03
0.650000,9.978121720e-06,1.205808740e-05,2.319455442e-05,6.028946173e-06,1.672201383e-05,1.716073323e-01,3.865782833e+01,2.796785185e-09,3.339710e-16,7.925112e-18,1.552341e-18,6.983970e-03
0.660000,1.006621128e-05,1.229948019e-05,2.368233449e-05,6.149706140e-06,1.693691595e-05,1.700794018e-01,3.863760376e+01,2.877850542e-09,1.544063e-16,6.075403e-18,5.421011e-19,6.981070e-03
0.670000,1.014798620e-05,1.253810303e-05,2.416104299e-05,6.269029303e-06,1.714337058e-05,1.685357454e-01,3.861713506e+01,2.957445065e-09,4.481253e-16,1.947343e-17,4.848700e-19,6.959810e-03
0.680000,1.022353270e-05,1.277400685e-05,2.463010950e-05,6.386893394e-06,1.734142707e-05,1.669766525e-01,3.859642499e+01,3.035461148e-09,5.601118e-16,1.939995e-17,1.748223e-18,6.970670e-03
0.690000,1.029294154e-05,1.300662261e-05,2.508901633e-05,6.503277360e-06,1.753114041e-05,1.654024156e-01,3.857547637e+01,3.111797374e-09,2.222466e-16,4.645968e-18,3.909147e-19,6.949441e-03
0.700000,1.035630762e-05,1.323645917e-05,2.553729520e-05,6.618161284e-06,1.771257070e-05,1.638133308e-01,3.855429203e+01,3.186358479e-09,7.152697e-17,9.739469e-18,2.105140e-18,6.936860e-03
0.710000,1.041372965e-05,1.346316409e-05,2.597452414e-05,6.731526322e-06,1.788578273e-05,1.622096975e-01,3.853287484e+01,3.259055316e-09,1.257425e-16,1.180838e-17,1.105674e-18,6.946870e-03
0.720000,1.046530980e-05,1.368686054e-05,2.640032448e-05,6.843354632e-06,1.805084555e-05,1.605918186e-01,3.851122771e+01,3.329804787e-09,2.256396e-16,1.751792e-18,1.226635e-18,6.962910e-03
0.730000,1.051115338e-05,1.390747016e-05,2.681435815e-05,6.953629315e-06,1.820783204e-05,1.589600003e-01,3.848935356e+01,3.398529767e-09,2.985110e-16,5.207064e-18,1.264386e-18,6.970650e-03
0.740000,1.055136856e-05,1.412485463e-05,2.721632508e-05,7.062334364e-06,1.835681856e-05,1.573145525e-01,3.846725537e+01,3.465159010e-09,5.556474e-16,2.484954e-17,6.857097e-19,6.988591e-03
0.750000,1.058606610e-05,1.433906773e-05,2.760596073e-05,7.169454606e-06,1.849788458e-05,1.556557886e-01,3.844493612e+01,3.529627039e-09,1.304555e-16,1.100612e-17,2.893012e-18,6.999690e-03
0.760000,1.061535907e-05,1.455003586e-05,2.798303377e-05,7.274975660e-06,1.863111235e-05,1.539840256e-01,3.842239883e+01,3.591874034e-09,2.365657e-16,9.916487e-18,3.366269e-18,7.027090e-03
0.770000,1.063936266e-05,1.475792829e-05,2.834734397e-05,7.378883888e-06,1.875658660e-05,1.522995843e-01,3.839964655e+01,3.651845701e-09,1.168993e-16,1.007375e-17,1.999170e-18,7.038230e-03
0.780000,1.065819391e-05,1.496239835e-05,2.869872012e-05,7.481166358e-06,1.887439425e-05,1.506027893e-01,3.837668237e+01,3.709493135e-09,1.253747e-16,1.628454e-17,1.788112e-18,7.013660e-03
0.790000,1.067197157e-05,1.516376018e-05,2.903701809e-05,7.581810803e-06,1.898462413e-05,1.488939695e-01,3.835350939e+01,3.764772678e-09,2.109425e-16,7.638481e-18,4.848700e-19,6.997190e-03
0.800000,1.068081586e-05,1.536176022e-05,2.936211906e-05,7.680805588e-06,1.908736675e-05,1.471734578e-01,3.833013073e+01,3.817645769e-09,3.252650e-16,1.248673e-17,2.168404e-19,6.907771e-03
0.810000,1.068484834e-05,1.555632699e-05,2.967392776e-05,7.778139676e-06,1.918271403e-05,1.454415913e-01,3.830654956e+01,3.868078789e-09,2.221536e-16,1.855841e-17,1.371419e-18,7.412079e-03
0.820000,1.068419173e-05,1.574767236e-05,2.997237088e-05,7.873802600e-06,1.927075913e-05,1.436987121e-01,3.828276907e+01,3.916042906e-09,2.311700e-16,4.087834e-18,2.852091e-18,7.003170e-03
0.830000,1.067896981e-05,1.593568942e-05,3.025739557e-05,7.967784432e-06,1.935159620e-05,1.419451669e-01,3.825879246e+01,3.961513907e-09,2.235663e-16,2.640205e-18,1.105674e-18,7.009940e-03
0.840000,1.066930723e-05,1.612035690e-05,3.052896797e-05,8.060075760e-06,1.942532023e-05,1.401813074e-01,3.823462296e+01,4.004472042e-09,6.724567e-16,1.643508e-17,1.533293e-18,6.962470e-03
0.850000,1.065532946e-05,1.630143447e-05,3.078707187e-05,8.150667661e-06,1.949202687e-05,1.384074910e-01,3.821026383e+01,4.044901855e-09,1.249013e-16,1.493193e-17,1.318989e-18,6.990440e-03
0.860000,1.063716266e-05,1.647922913e-05,3.103170748e-05,8.239551684e-06,1.955181222e-05,1.366240806e-01,3.818571835e+01,4.082792020e-09,4.475604e-16,1.011509e-17,3.066587e-19,6.952731e-03
0.870000,1.061493358e-05,1.665355268e-05,3.126289016e-05,8.326719822e-06,1.960477277e-05,1.348314454e-01,3.816098984e+01,4.118135179e-09,2.372482e-16,1.122149e-17,6.857097e-19,6.945540e-03
0.880000,1.058876949e-05,1.682448664e-05,3.148064938e-05,8.412164501e-06,1.965100518e-05,1.330299610e-01,3.813608160e+01,4.150927772e-09,4.451215e-16,3.523657e-19,4.358439e-18,6.876881e-03
0.890000,1.055879814e-05,1.699189806e-05,3.168502758e-05,8.495878557e-06,1.969060619e-05,1.312200102e-01,3.811099700e+01,4.181169882e-09,2.607401e-16,1.607275e-17,4.527761e-18,6.877301e-03
0.900000,1.052514764e-05,1.715586420e-05,3.187607922e-05,8.577855222e-06,1.972367250e-05,1.294019831e-01,3.808573939e+01,4.208865069e-09,5.556519e-16,5.640196e-18,1.084202e-18,6.880460e-03
0.910000,1.048794649e-05,1.731635469e-05,3.205386984e-05,8.658088109e-06,1.975030066e-05,1.275762781e-01,3.806031217e+01,4.234020212e-09,6.756212e-16,2.192134e-17,1.788112e-18,6.894590e-03
0.920000,1.044732346e-05,1.747321116e-05,3.221847517e-05,8.736571198e-06,1.977058697e-05,1.257433022e-01,3.803471874e+01,4.256645355e-09,2.438144e-16,6.345131e-18,1.084202e-18,6.857581e-03
0.930000,1.040340762e-05,1.762668177e-05,3.236998030e-05,8.813298821e-06,1.978462740e-05,1.239034718e-01,3.800896253e+01,4.276753552e-09,2.277143e-16,2.310655e-17,2.135631e-18,6.871090e-03
0.940000,1.035632830e-05,1.777662940e-05,3.250847889e-05,8.888265656e-06,1.979251749e-05,1.220572135e-01,3.798304698e+01,4.294360718e-09,1.457399e-16,7.298511e-18,2.335443e-18,6.873490e-03
0.950000,1.030621508e-05,1.792301857e-05,3.263407249e-05,8.961466710e-06,1.979435227e-05,1.202049649e-01,3.795697557e+01,4.309485484e-09,5.030716e-17,2.354855e-17,1.788112e-18,6.909310e-03
0.960000,1.025319775e-05,1.806593578e-05,3.274686980e-05,9.032897309e-06,1.979022625e-05,1.183471755e-01,3.793075176e+01,4.322149050e-09,1.296469e-16,1.493299e-17,3.157244e-18,6.905521e-03
0.970000,1.019740637e-05,1.820521888e-05,3.284698606e-05,9.102553097e-06,1.978023326e-05,1.164843078e-01,3.790437906e+01,4.332375051e-09,1.668890e-16,4.304501e-18,2.168404e-18,6.895211e-03
0.980000,1.013897124e-05,1.834099908e-05,3.293454243e-05,9.170430015e-06,1.976446648e-05,1.146168382e-01,3.787786097e+01,4.340189418e-09,5.603035e-16,1.771734e-17,4.635519e-18,6.908961e-03
0.990000,1.007802292e-05,1.847323343e-05,3.300966546e-05,9.236524304e-06,1.974301836e-05,1.127452587e-01,3.785120102e+01,4.345620249e-09,5.587110e-16,8.549099e-18,1.226635e-18,6.957410e-03
1.000000,1.001469226e-05,1.860175880e-05,3.307248651e-05,9.300832490e-06,1.971598057e-05,1.108700776e-01,3.782440276e+01,4.348697681e-09,1.027020e-16,1.729891e-17,7.818293e-19,6.939640e-03
1.010000,9.949110410e-06,1.872674643e-05,3.312314133e-05,9.363351384e-06,1.968344396e-05,1.089918216e-01,3.779746974e+01,4.349453769e-09,4.449573e-16,4.975827e-18,9.697399e-19,6.906850e-03
1.020000,9.881408879e-06,1.884826668e-05,3.316176952e-05,9.424078068e-06,1.964549855e-05,1.071110370e-01,3.777040553e+01,4.347922365e-09,3.497412e-16,1.698853e-17,4.336809e-19,6.886400e-03
1.030000,9.811719549e-06,1.896612866e-05,3.318851416e-05,9.483009898e-06,1.960223346e-05,1.052282919e-01,3.774321370e+01,4.344139002e-09,2.220646e-16,2.763441e-17,2.453269e-18,6.915261e-03
1.040000,9.740174725e-06,1.908042342e-05,3.320352140e-05,9.540144491e-06,1.955373692e-05,1.033441779e-01,3.771589786e+01,4.338140791e-09,3.424645e-16,1.622325e-17,2.179219e-18,6.883040e-03
1.050000,9.666907179e-06,1.919107586e-05,3.320694006e-05,9.595479726e-06,1.950009622e-05,1.014593125e-01,3.768846161e+01,4.329966305e-09,7.551135e-17,4.370559e-18,6.133174e-19,6.902100e-03
1.060000,9.592050200e-06,1.929807959e-05,3.319892129e-05,9.649013735e-06,1.944139774e-05,9.957434162e-02,3.766090855e+01,4.319655484e-09,2.274864e-16,1.044699e-17,2.646875e-18,6.980960e-03
1.070000,9.515737641e-06,1.940151788e-05,3.317961828e-05,9.700744904e-06,1.937772686e-05,9.768994192e-02,3.763324232e+01,4.307249534e-09,2.310019e-16,2.266222e-17,2.682168e-18,6.918860e-03
1.080000,9.438103977e-06,1.950147023e-05,3.314918594e-05,9.750671863e-06,1.930916801e-05,9.580682423e-02,3.760546654e+01,4.292790834e-09,2.226196e-16,1.313522e-17,2.168404e-18,6.843031e-03
1.090000,9.359284356e-06,1.959760476e-05,3.310778058e-05,9.798793488e-06,1.923580465e-05,9.392573665e-02,3.757758487e+01,4.276322844e-09,6.754788e-16,1.687598e-17,3.104683e-18,7.200810e-03
1.100000,9.279414653e-06,1.969033824e-05,3.305555974e-05,9.845108897e-06,1.915771924e-05,9.204746825e-02,3.754960094e+01,4.257890021e-09,5.592270e-16,1.849773e-17,4.091337e-18,6.828741e-03
1.110000,9.198631528e-06,1.977933684e-05,3.299268186e-05,9.889617444e-06,1.907499325e-05,9.017285310e-02,3.752151841e+01,4.237537734e-09,2.316230e-16,1.474674e-18,1.999170e-18,6.841550e-03
1.120000,9.117072474e-06,1.986471781e-05,3.291930614e-05,9.932318718e-06,1.898770717e-05,8.830277475e-02,3.749334095e+01,4.215312189e-09,7.465166e-17,2.097868e-17,3.469447e-18,6.852801e-03
1.130000,9.034875869e-06,1.994646083e-05,3.283559227e-05,9.973212545e-06,1.889594050e-05,8.643817120e-02,3.746507223e+01,4.191260346e-09,2.233720e-16,2.249720e-18,1.226635e-18,6.882710e-03
1.140000,8.952181020e-06,2.002463261e-05,3.274170028e-05,1.001229898e-05,1.879977174e-05,8.458004037e-02,3.743671591e+01,4.165429856e-09,2.267534e-16,5.717111e-18,2.611105e-18,6.827671e-03
1.150000,8.869128208e-06,2.009927483e-05,3.263779037e-05,1.004957830e-05,1.869927844e-05,8.272944613e-02,3.740827568e+01,4.137868985e-09,1.121254e-16,9.500273e-18,9.697399e-19,6.863560e-03
1.160000,8.785858714e-06,2.017018449e-05,3.252402276e-05,1.008505102e-05,1.859453714e-05,8.088752502e-02,3.737975522e+01,4.108626553e-09,1.144748e-16,1.705897e-17,0.000000e+00,6.812750e-03
1.170000,8.702514854e-06,2.023755443e-05,3.240055749e-05,1.011871788e-05,1.848562345e-05,7.905549359e-02,3.735115821e+01,4.077751869e-09,4.489595e-16,9.904292e-18,1.748223e-18,6.861100e-03
1.180000,8.619239986e-06,2.030120114e-05,3.226755437e-05,1.015057984e-05,1.837261200e-05,7.723465655e-02,3.732248833e+01,4.045294675e-09,4.472484e-16,5.963112e-19,3.927147e-18,6.879110e-03
1.190000,8.536178514e-06,2.036137763e-05,3.212517283e-05,1.018063808e-05,1.825557650e-05,7.542641571e-02,3.729374928e+01,4.011305084e-09,1.081520e-16,1.371419e-18,7.818293e-19,6.846850e-03
1.200000,8.453475881e-06,2.041789710e-05,3.197357177e-05,1.020889401e-05,1.813458971e-05,7.363227975e-02,3.726494474e+01,3.975833532e-09,3.418648e-17,2.305045e-17,4.770490e-18,6.910450e-03
1.210000,8.371278537e-06,2.047078984e-05,3.181290955e-05,1.023534925e-05,1.800972349e-05,7.185387495e-02,3.723607840e+01,3.938930723e-09,7.083934e-17,4.220104e-17,2.742839e-18,6.888940e-03
1.220000,8.289733893e-06,2.052012716e-05,3.164334383e-05,1.026000565e-05,1.788104881e-05,7.009295684e-02,3.720715395e+01,3.900647583e-09,1.334541e-16,2.174494e-18,9.697399e-19,6.882471e-03
1.230000,8.208990252e-06,2.056580511e-05,3.146503153e-05,1.028286527e-05,1.774863572e-05,6.835142282e-02,3.717817508e+01,3.861035211e-09,1.997130e-17,1.324617e-17,4.906539e-18,6.940760e-03
1.240000,8.129196718e-06,2.060793421e-05,3.127812878e-05,1.030393041e-05,1.761255346e-05,6.663132578e-02,3.714914546e+01,3.820144840e-09,2.221244e-16,1.017086e-17,6.071532e-18,6.844100e-03
1.250000,8.050503079e-06,2.064647165e-05,3.108279083e-05,1.032320356e-05,1.747287038e-05,6.493488848e-02,3.712006880e+01,3.778027792e-09,2.327064e-16,1.756943e-17,1.226635e-18,6.846841e-03
1.260000,7.973059655e-06,2.068145899e-05,3.087917200e-05,1.034068744e-05,1.732965404e-05,6.326451892e-02,3.709094875e+01,3.734735438e-09,2.350934e-16,6.516272e-18,1.939480e-18,6.843641e-03
1.270000,7.897017123e-06,2.071284990e-05,3.066742567e-05,1.035638500e-05,1.718297116e-05,6.162282612e-02,3.706178900e+01,3.690319165e-09,1.323480e-16,4.987330e-18,3.066587e-18,6.823110e-03
1.280000,7.822526302e-06,2.074070353e-05,3.044770424e-05,1.037029937e-05,1.703288773e-05,6.001263633e-02,3.703259322e+01,3.644830334e-09,2.703959e-16,1.388297e-17,2.776912e-18,6.794021e-03
1.290000,7.749737904e-06,2.076490580e-05,3.022015908e-05,1.038243394e-05,1.687946893e-05,5.843700904e-02,3.700336507e+01,3.598320254e-09,4.477640e-16,1.638960e-17,9.697399e-19,6.845570e-03
1.300000,7.678802241e-06,2.078566174e-05,2.998494054e-05,1.039279228e-05,1.672277924e-05,5.689925231e-02,3.697410821e+01,3.550840147e-09,2.271615e-16,2.175955e-17,2.637978e-18,6.868371e-03
1.310000,7.609868909e-06,2.080287494e-05,2.974219793e-05,1.040137821e-05,1.656288243e-05,5.540293658e-02,3.694482630e+01,3.502441114e-09,6.248677e-17,2.403179e-17,8.673617e-19,6.848730e-03
1.320000,7.543086405e-06,2.081642619e-05,2.949207950e-05,1.040819574e-05,1.639984157e-05,5.395190584e-02,3.691552298e+01,3.453174114e-09,6.700858e-16,1.207621e-17,3.066587e-18,6.811891e-03
1.330000,7.478601730e-06,2.082662115e-05,2.923473247e-05,1.041324911e-05,1.623371909e-05,5.255028498e-02,3.688620188e+01,3.403089931e-09,5.551960e-16,6.129579e-18,9.745765e-18,6.837491e-03
1.340000,7.416559926e-06,2.083312370e-05,2.897030301e-05,1.041654277e-05,1.606457679e-05,5.120248144e-02,3.685686663e+01,3.352239153e-09,2.224491e-16,1.550696e-17,1.788112e-18,6.845171e-03
1.350000,7.357103597e-06,2.083627830e-05,2.869893627e-05,1.041808138e-05,1.589247586e-05,4.991317938e-02,3.682752086e+01,3.300672142e-09,2.008291e-16,2.081696e-17,3.127317e-18,6.868730e-03
1.360000,7.300372367e-06,2.083585203e-05,2.842077640e-05,1.041786985e-05,1.571747695e-05,4.868732396e-02,3.679816817e+01,3.248439017e-09,5.691626e-16,7.613047e-18,4.091337e-18,6.940450e-03
1.370000,7.246502328e-06,2.083195126e-05,2.813596659e-05,1.041591325e-05,1.553964016e-05,4.753009340e-02,3.676881215e+01,3.195589630e-09,3.407662e-16,1.393115e-17,2.168404e-18,6.864231e-03
1.380000,7.195625436e-06,2.082457403e-05,2.784464906e-05,1.041221693e-05,1.535902508e-05,4.644685610e-02,3.673945641e+01,3.142173543e-09,6.661352e-16,2.201972e-17,3.576224e-18,6.828371e-03
1.390000,7.147868896e-06,2.081367397e-05,2.754696514e-05,1.040678642e-05,1.517569084e-05,4.544311076e-02,3.671010450e+01,3.088240012e-09,4.558308e-16,1.648221e-17,4.944723e-18,6.822190e-03
1.400000,7.103354526e-06,2.079933096e-05,2.724305530e-05,1.039962747e-05,1.498969614e-05,4.452440747e-02,3.668076000e+01,3.033837965e-09,3.529491e-16,1.428539e-17,7.573911e-18,6.867920e-03
1.410000,7.062198100e-06,2.078162333e-05,2.693305920e-05,1.039074607e-05,1.480109928e-05,4.369624936e-02,3.665142644e+01,2.979015990e-09,3.398145e-16,2.104197e-17,6.133174e-18,6.916261e-03
1.420000,7.024508706e-06,2.076034997e-05,2.661711578e-05,1.038014841e-05,1.460995823e-05,4.296397531e-02,3.662210738e+01,2.923822310e-09,2.350883e-16,4.370559e-18,1.734723e-18,6.865230e-03
1.430000,6.990388097e-06,2.073579972e-05,2.629536326e-05,1.036784091e-05,1.441633062e-05,4.233262663e-02,3.659280632e+01,2.868304774e-09,1.250901e-16,1.871672e-17,4.422694e-18,6.830230e-03
1.440000,6.959930069e-06,2.070783227e-05,2.596793927e-05,1.035383022e-05,1.422027383e-05,4.180680270e-02,3.656352678e+01,2.812510837e-09,7.944445e-16,8.436990e-18,5.434006e-18,6.873160e-03
1.450000,6.933219869e-06,2.067643374e-05,2.563498094e-05,1.033812318e-05,1.402184501e-05,4.139051302e-02,3.653427224e+01,2.756487551e-09,8.906264e-16,9.350929e-18,2.637978e-18,6.882480e-03
1.460000,6.910333633e-06,2.064156697e-05,2.529662493e-05,1.032072690e-05,1.382110116e-05,4.108703500e-02,3.650504617e+01,2.700281544e-09,2.224111e-16,1.588125e-17,2.602085e-18,6.900661e-03
1.470000,6.891337892e-06,2.060340833e-05,2.495300760e-05,1.030164868e-05,1.361809915e-05,4.089878807e-02,3.647585204e+01,2.643939015e-09,3.506678e-16,1.891725e-17,2.211347e-18,1.081273e-02
1.480000,6.876289130e-06,2.056185311e-05,2.460426508e-05,1.028089605e-05,1.341289581e-05,4.082723472e-02,3.644669329e+01,2.587505712e-09,2.268917e-16,2.673762e-17,5.222209e-18,6.822880e-03
1.490000,6.865233414e-06,2.051709711e-05,2.425053339e-05,1.025847679e-05,1.320554796e-05,4.087281730e-02,3.641757332e+01,2.531026929e-09,8.891372e-16,1.385747e-17,3.127317e-18,6.877560e-03
1.500000,6.858206112e-06,2.046885900e-05,2.389194861e-05,1.023439889e-05,1.299611250e-05,4.103493673e-02,3.638849556e+01,2.474547490e-09,2.348229e-16,3.193086e-17,3.927147e-18,6.884490e-03
1.510000,6.855231690e-06,2.041741860e-05,2.352864701e-05,1.020867056e-05,1.278464648e-05,4.131197534e-02,3.635946337e+01,2.418111738e-09,1.515973e-16,4.814639e-18,3.066587e-18,6.832541e-03
1.520000,6.856323611e-06,2.036270802e-05,2.316076519e-05,1.018130027e-05,1.257120718e-05,4.170136153e-02,3.633048013e+01,2.361763524e-09,5.631065e-16,2.010210e-17,4.271261e-18,6.904221e-03
1.530000,6.861484326e-06,2.030465710e-05,2.278844032e-05,1.015229670e-05,1.235585219e-05,4.219967018e-02,3.630154918e+01,2.305546199e-09,2.342872e-16,1.490396e-17,3.705371e-18,6.867221e-03
1.540000,6.870705360e-06,2.024341258e-05,2.241181029e-05,1.012166878e-05,1.213863950e-05,4.280274984e-02,3.627267384e+01,2.249502602e-09,2.820392e-16,2.219260e-17,3.066587e-18,6.947491e-03
1.550000,6.883967500e-06,2.017892339e-05,2.203101396e-05,1.008942566e-05,1.191962764e-05,4.350586611e-02,3.624385742e+01,2.193675054e-09,7.551582e-17,9.516461e-18,8.285461e-18,6.924910e-03
1.560000,6.901241070e-06,2.011122456e-05,2.164619142e-05,1.005557675e-05,1.169887576e-05,4.430385060e-02,3.621510318e+01,2.138105344e-09,1.144918e-16,9.697399e-18,2.637978e-18,6.909090e-03
1.570000,6.922486301e-06,2.004030572e-05,2.125748426e-05,1.002013169e-05,1.147644376e-05,4.519124599e-02,3.618641440e+01,2.082834722e-09,2.482582e-16,6.824932e-18,3.035766e-18,6.886500e-03
1.580000,6.947653771e-06,1.996639946e-05,2.086503586e-05,9.983100367e-06,1.125239248e-05,4.616243997e-02,3.615779430e+01,2.027903896e-09,1.016161e-15,2.242073e-17,4.690976e-18,6.873380e-03
1.590000,6.976684929e-06,1.988900359e-05,2.046899178e-05,9.944492918e-06,1.102678379e-05,4.721178278e-02,3.612924609e+01,1.973353013e-09,4.461752e-16,1.049862e-17,4.670886e-18,6.907880e-03
1.600000,7.009512666e-06,1.980872736e-05,2.006950013e-05,9.904319728e-06,1.079968083e-05,4.833368572e-02,3.610077297e+01,1.919221661e-09,1.169760e-16,1.107085e-17,2.742839e-18,6.909521e-03
1.610000,7.046061954e-06,1.972531047e-05,1.966671203e-05,9.862591436e-06,1.057114821e-05,4.952269993e-02,3.607237809e+01,1.865548856e-09,4.783332e-16,4.794535e-17,4.336809e-19,6.889650e-03
1.620000,7.086250507e-06,1.963875812e-05,1.926078209e-05,9.819318939e-06,1.034125221e-05,5.077357602e-02,3.604406461e+01,1.812373037e-09,6.663530e-16,1.071774e-17,4.670886e-18,6.894480e-03
1.630000,7.129989482e-06,1.954909683e-05,1.885186901e-05,9.774513393e-06,1.011006106e-05,5.208130661e-02,3.601583561e+01,1.759732057e-09,2.878330e-16,2.237932e-18,3.127317e-18,6.870280e-03
1.640000,7.177184189e-06,1.945646620e-05,1.844013620e-05,9.728186221e-06,9.877645259e-06,5.344115377e-02,3.598769421e+01,1.707663176e-09,2.234688e-16,2.050592e-17,9.361883e-18,6.866550e-03
1.650000,7.227734816e-06,1.936089243e-05,1.802575254e-05,9.680349113e-06,9.644077884e-06,5.484866426e-02,3.595964345e+01,1.656203055e-09,6.930449e-16,1.691877e-17,2.776912e-18,6.861900e-03
1.660000,7.281537137e-06,1.926210116e-05,1.760889320e-05,9.631014035e-06,9.409435018e-06,5.629967482e-02,3.593168638e+01,1.605387750e-09,2.221802e-16,2.146556e-17,5.786024e-18,6.885950e-03
1.670000,7.338483215e-06,1.916057571e-05,1.718974064e-05,9.580193231e-06,9.173796189e-06,5.779030989e-02,3.590382600e+01,1.555252703e-09,7.817910e-16,1.552400e-17,8.342018e-18,6.901550e-03
1.680000,7.398462089e-06,1.905582959e-05,1.676848568e-05,9.527899230e-06,8.937244901e-06,5.931697380e-02,3.587606529e+01,1.505832737e-09,3.239807e-16,2.561986e-17,1.788112e-18,6.902489e-03
1.690000,7.461360415e-06,1.894844220e-05,1.634532885e-05,9.474144848e-06,8.699869249e-06,6.087633904e-02,3.584840722e+01,1.457162052e-09,6.820830e-16,9.697105e-18,3.576224e-18,6.874340e-03
1.700000,7.527063091e-06,1.883801474e-05,1.592048182e-05,9.418943201e-06,8.461762635e-06,6.246533197e-02,3.582085469e+01,1.409274214e-09,4.332905e-17,5.486749e-18,2.335443e-18,6.891070e-03
1.710000,7.595453838e-06,1.872473062e-05,1.549416918e-05,9.362307707e-06,8.223024603e-06,6.408111704e-02,3.579341062e+01,1.362202153e-09,2.303482e-16,8.570728e-18,9.697399e-19,6.868881e-03
1.720000,7.666415737e-06,1.860868083e-05,1.506663041e-05,9.304252095e-06,7.983761829e-06,6.572108031e-02,3.576607787e+01,1.315978156e-09,4.461626e-16,2.246080e-17,3.705371e-18,6.873040e-03
1.730000,7.739831724e-06,1.848962117e-05,1.463812230e-05,9.244790409e-06,7.744089278e-06,6.738281297e-02,3.573885927e+01,1.270633860e-09,2.312620e-16,1.431635e-17,5.898698e-18,6.893381e-03
1.740000,7.815585045e-06,1.836800083e-05,1.420892167e-05,9.183937023e-06,7.504131587e-06,6.906409509e-02,3.571175765e+01,1.226200249e-09,3.371098e-16,1.335628e-17,9.697399e-19,6.884891e-03
1.750000,7.893559661e-06,1.824347650e-05,1.377932867e-05,9.121706647e-06,7.264024703e-06,7.076288007e-02,3.568477578e+01,1.182707646e-09,9.464048e-17,8.148225e-18,3.157244e-18,6.881191e-03
1.760000,7.973640610e-06,1.811638050e-05,1.334967059e-05,9.058114334e-06,7.023917840e-06,7.247727990e-02,3.565791642e+01,1.140185709e-09,4.747984e-16,1.956670e-17,1.788112e-18,6.887370e-03
1.770000,8.055714334e-06,1.798655956e-05,1.292030644e-05,8.993175495e-06,6.783975829e-06,7.420555133e-02,3.563118228e+01,1.098663428e-09,1.111623e-15,2.227983e-17,2.909220e-18,6.868581e-03
1.780000,8.139668948e-06,1.785387962e-05,1.249163235e-05,8.926905908e-06,6.544381946e-06,7.594608304e-02,3.560457606e+01,1.058169113e-09,2.378683e-16,4.451918e-18,1.563659e-18,6.860750e-03
1.790000,8.225394489e-06,1.771875266e-05,1.206408798e-05,8.859321731e-06,6.305341332e-06,7.769738381e-02,3.557810042e+01,1.018730396e-09,2.286749e-16,1.186849e-17,9.984083e-18,6.866360e-03
1.800000,8.312783116e-06,1.758102122e-05,1.163816422e-05,8.790439515e-06,6.067085142e-06,7.945807162e-02,3.555175798e+01,9.803742252e-10,6.688250e-16,1.188686e-17,3.043501e-18,6.887240e-03
1.810000,8.401729282e-06,1.744077638e-05,1.121441230e-05,8.720276220e-06,5.829875594e-06,8.122686373e-02,3.552555135e+01,9.431268559e-10,6.750522e-16,2.624128e-17,4.091337e-18,6.875930e-03
1.820000,8.492129866e-06,1.729787997e-05,1.079345473e-05,8.648849227e-06,5.594012133e-06,8.300256758e-02,3.549948310e+01,9.070138500e-10,6.718697e-16,9.497914e-18,2.611105e-18,6.903411e-03
1.830000,8.583884289e-06,1.715249875e-05,1.037599837e-05,8.576176359e-06,5.359838988e-06,8.478407261e-02,3.547355575e+01,8.720600703e-10,2.562666e-16,4.792922e-18,4.527761e-18,6.857650e-03
1.840000,8.676894594e-06,1.700472568e-05,9.962849973e-06,8.502275895e-06,5.127754416e-06,8.657034274e-02,3.544777181e+01,8.382896758e-10,4.474403e-16,1.246420e-17,3.786955e-18,6.912249e-03
1.850000,8.771065506e-06,1.685444515e-05,9.554934693e-06,8.427166594e-06,4.898222057e-06,8.836040960e-02,3.542213376e+01,8.057261174e-10,2.244170e-16,1.242158e-17,2.424350e-18,6.881980e-03
1.860000,8.866304469e-06,1.670198831e-05,9.153317948e-06,8.350867711e-06,4.671784826e-06,9.015336643e-02,3.539664403e+01,7.743921346e-10,7.776362e-16,1.563626e-17,4.635519e-18,6.850330e-03
1.870000,8.962521672e-06,1.654686561e-05,8.759231001e-06,8.273399025e-06,4.449081862e-06,9.194836251e-02,3.537130504e+01,7.443097506e-10,2.378729e-16,2.165124e-17,6.505213e-19,6.795000e-03
1.880000,9.059630046e-06,1.638967875e-05,8.374100481e-06,8.194780863e-06,4.230869041e-06,9.374459813e-02,3.534611916e+01,7.155002693e-10,2.277702e-16,1.086318e-17,8.673617e-19,6.829280e-03
1.890000,9.157545258e-06,1.623012150e-05,7.999581663e-06,8.115034121e-06,4.018043474e-06,9.554132010e-02,3.532108872e+01,6.879842705e-10,2.271281e-16,7.242086e-18,3.998340e-18,6.817270e-03
1.900000,9.256185689e-06,1.606848254e-05,7.637594703e-06,8.034180301e-06,3.811672142e-06,9.733781763e-02,3.529621606e+01,6.617816075e-10,3.346137e-16,1.950105e-17,2.045669e-18,6.860550e-03
1.910000,9.355472402e-06,1.590458671e-05,7.290361907e-06,7.952241540e-06,3.613024188e-06,9.913341862e-02,3.527150343e+01,6.369114026e-10,5.744390e-17,6.329959e-18,3.066587e-18,6.878020e-03
1.920000,9.455329095e-06,1.573853281e-05,6.960442306e-06,7.869240641e-06,3.423605195e-06,1.009274863e-01,3.524695310e+01,6.133920449e-10,3.753133e-17,8.031070e-18,7.818293e-19,6.843190e-03
1.930000,9.555682062e-06,1.557047995e-05,6.650757288e-06,7.785201114e-06,3.245189686e-06,1.027194163e-01,3.522256726e+01,5.912411861e-10,2.356575e-16,2.172822e-17,2.538052e-18,6.849230e-03
1.940000,9.656460130e-06,1.540039155e-05,6.364597573e-06,7.700147215e-06,3.079844761e-06,1.045086336e-01,3.519834811e+01,5.704757382e-10,1.329095e-16,1.024651e-17,1.788112e-18,6.913060e-03
1.950000,9.757594604e-06,1.522831603e-05,6.105598048e-06,7.614103990e-06,2.929933234e-06,1.062945906e-01,3.517429779e+01,5.511118704e-10,4.516690e-16,1.092311e-17,4.336809e-18,6.825540e-03
1.960000,9.859019205e-06,1.505415576e-05,5.877663835e-06,7.527097324e-06,2.798079423e-06,1.080767642e-01,3.515041841e+01,5.331650067e-10,8.963246e-16,2.049015e-17,7.818293e-19,6.826660e-03
1.970000,9.960670000e-06,1.487852404e-05,5.684831043e-06,7.439153987e-06,2.687077283e-06,1.098546544e-01,3.512671206e+01,5.166498230e-10,8.911899e-16,1.395340e-17,4.050914e-18,6.846451e-03
1.980000,1.006248534e-05,1.470073376e-05,5.531051965e-06,7.350301701e-06,2.599723456e-06,1.116277819e-01,3.510318078e+01,5.015802451e-10,4.487680e-16,5.924795e-18,6.505213e-19,6.842920e-03
1.990000,1.016440578e-05,1.452125613e-05,5.419910223e-06,7.260569190e-06,2.538572761e-06,1.133956869e-01,3.507982660e+01,4.879694464e-10,1.898913e-18,1.341262e-17,3.909147e-18,6.817520e-03
2.000000,1.026637403e-05,1.434005875e-05,5.354295805e-06,7.169986254e-06,2.505643159e-06,1.151579270e-01,3.505665149e+01,4.758298460e-10,4.647538e-16,1.501459e-17,6.436181e-18,6.863820e-03
2.010000,1.036833486e-05,1.415723244e-05,5.336096097e-06,7.078583839e-06,2.502132906e-06,1.169140764e-01,3.503365742e+01,4.651731068e-10,2.232322e-16,3.615681e-18,2.949349e-18,6.821390e-03
2.020000,1.047023505e-05,1.397296751e-05,5.365973023e-06,6.986394117e-06,2.528232548e-06,1.186637245e-01,3.501084628e+01,4.560101339e-10,4.468331e-16,1.453669e-17,2.637978e-18,6.807060e-03
2.030000,1.057202331e-05,1.378704524e-05,5.443285381e-06,6.893450573e-06,2.583096713e-06,1.204064743e-01,3.498821998e+01,4.483510733e-10,3.700173e-16,7.000087e-18,5.275955e-18,6.866770e-03
2.040000,1.067365021e-05,1.359972418e-05,5.566178212e-06,6.799788097e-06,2.664985820e-06,1.221419419e-01,3.496578036e+01,4.422053106e-10,1.154483e-16,5.782992e-18,3.469447e-18,6.879531e-03
2.050000,1.077506812e-05,1.341104507e-05,5.731813344e-06,6.705443090e-06,2.771526915e-06,1.238697554e-01,3.494352924e+01,4.375814699e-10,1.203639e-16,1.895647e-17,9.697399e-19,6.856791e-03
2.060000,1.087623114e-05,1.322111772e-05,5.936680077e-06,6.610453574e-06,2.900011986e-06,1.255895538e-01,3.492146842e+01,4.344874129e-10,1.270065e-16,4.926791e-18,6.133174e-19,6.832700e-03
2.070000,1.097709505e-05,1.302978530e-05,6.176916536e-06,6.514859316e-06,3.047662106e-06,1.273009865e-01,3.489959965e+01,4.329302386e-10,4.514551e-16,1.262590e-17,2.909220e-18,6.813311e-03
2.080000,1.107761722e-05,1.283750388e-05,6.448587926e-06,6.418701961e-06,3.211819197e-06,1.290037123e-01,3.487792465e+01,4.329162825e-10,9.107479e-17,1.455476e-17,4.848700e-18,6.838191e-03
2.090000,1.117775657e-05,1.264408968e-05,6.747894209e-06,6.322025181e-06,3.390060088e-06,1.306973991e-01,3.485644511e+01,4.344511164e-10,4.503644e-16,1.802297e-17,3.496447e-18,6.858930e-03
2.100000,1.127747350e-05,1.244988228e-05,7.071303428e-06,6.224874833e-06,3.580247012e-06,1.323817230e-01,3.483516270e+01,4.375395490e-10,2.271117e-16,2.104662e-17,7.818293e-19,6.828601e-03
2.110000,1.137672985e-05,1.225473526e-05,7.415621584e-06,6.127299134e-06,3.780534781e-06,1.340563677e-01,3.481407905e+01,4.421856250e-10,8.869101e-17,6.094962e-18,1.084202e-18,6.867220e-03
2.120000,1.147548881e-05,1.205886079e-05,7.778015613e-06,6.029348852e-06,3.989352745e-06,1.357210243e-01,3.479319574e+01,4.483926267e-10,3.363745e-16,1.804973e-17,1.167721e-18,6.862710e-03
2.130000,1.157371493e-05,1.186237259e-05,8.156005655e-06,5.931077518e-06,4.205374768e-06,1.373753907e-01,3.477251434e+01,4.561630738e-10,9.996344e-17,6.523483e-18,2.742839e-18,6.828431e-03
2.140000,1.167137399e-05,1.166542998e-05,8.547439664e-06,5.832541651e-06,4.427485541e-06,1.390191711e-01,3.475203640e+01,4.654987250e-10,1.443932e-15,1.039387e-17,6.982801e-18,6.900730e-03
2.150000,1.176843301e-05,1.146769976e-05,8.950459606e-06,5.733801008e-06,4.654747879e-06,1.406520756e-01,3.473176341e+01,4.764005782e-10,4.441228e-16,1.321749e-17,2.909220e-18,6.873910e-03
2.160000,1.186486016e-05,1.126988918e-05,9.363465252e-06,5.634918860e-06,4.886373239e-06,1.422738199e-01,3.471169684e+01,4.888688727e-10,6.699986e-16,1.601169e-17,2.776912e-18,6.817870e-03
2.170000,1.196062477e-05,1.107195384e-05,9.785079047e-06,5.535962283e-06,5.121696218e-06,1.438841252e-01,3.469183814e+01,5.029030904e-10,4.443718e-16,1.092637e-17,6.857097e-19,6.826920e-03
2.180000,1.205569723e-05,1.087421363e-05,1.021411389e-05,5.437002485e-06,5.360153078e-06,1.454827175e-01,3.467218872e+01,5.185019576e-10,3.356859e-16,1.105382e-17,1.963574e-18,6.840101e-03
2.190000,1.215004896e-05,1.067651302e-05,1.064954461e-05,5.338115155e-06,5.601263918e-06,1.470693277e-01,3.465274996e+01,5.356634472e-10,8.911837e-16,6.082145e-18,4.336809e-19,6.829030e-03
2.200000,1.224365242e-05,1.047881186e-05,1.109048315e-05,5.239380846e-06,5.844618030e-06,1.486436910e-01,3.463352321e+01,5.543847808e-10,2.297446e-16,2.864112e-17,4.558809e-18,6.818380e-03
2.210000,1.233648098e-05,1.028197399e-05,1.153615753e-05,5.140885388e-06,6.089861918e-06,1.502055471e-01,3.461450979e+01,5.746624313e-10,2.389161e-16,4.892444e-18,7.818293e-19,6.797051e-03
2.220000,1.242850898e-05,1.008569770e-05,1.198589384e-05,5.042720330e-06,6.336689529e-06,1.517546396e-01,3.459571100e+01,5.964921256e-10,4.488682e-16,1.064772e-17,1.578622e-18,6.855981e-03
2.230000,1.251971163e-05,9.890061325e-06,1.243910124e-05,4.944983424e-06,6.584834278e-06,1.532907161e-01,3.457712809e+01,6.198688481e-10,4.523003e-16,6.966157e-18,2.135631e-18,6.807120e-03
2.240000,1.261006499e-05,9.695790667e-06,1.289525933e-05,4.847779135e-06,6.834062537e-06,1.548135278e-01,3.455876231e+01,6.447868430e-10,2.288024e-16,1.022950e-17,1.852685e-18,6.876260e-03
2.250000,1.269954595e-05,9.502642356e-06,1.335390753e-05,4.751219187e-06,7.084168316e-06,1.563228295e-01,3.454061486e+01,6.712396191e-10,2.264081e-16,1.047115e-17,9.697399e-19,6.820690e-03
2.260000,1.278813220e-05,9.311067808e-06,1.381463622e-05,4.655423143e-06,7.334968882e-06,1.578183796e-01,3.452268691e+01,6.992199522e-10,1.516869e-16,1.783046e-17,1.167721e-18,6.871460e-03
2.270000,1.287580218e-05,9.121263560e-06,1.427707937e-05,4.560519009e-06,7.586301168e-06,1.592999396e-01,3.450497962e+01,7.287198901e-10,1.367818e-16,5.535607e-18,4.336809e-19,6.820220e-03
2.280000,1.296253507e-05,8.933441874e-06,1.474090823e-05,4.466643863e-06,7.838018801e-06,1.607672744e-01,3.448749411e+01,7.597307567e-10,4.460449e-16,1.088345e-18,2.168404e-18,6.866101e-03
2.290000,1.304831076e-05,8.747984282e-06,1.520582616e-05,4.373944498e-06,8.089989631e-06,1.622201518e-01,3.447023147e+01,7.922431562e-10,4.473859e-16,1.187833e-17,2.179219e-18,6.847970e-03
2.300000,1.313310982e-05,8.565562827e-06,1.567156415e-05,4.282578067e-06,8.342093690e-06,1.636583427e-01,3.445319277e+01,8.262469778e-10,1.335809e-15,1.359499e-17,1.626303e-18,6.875031e-03
2.310000,1.321691348e-05,8.385740170e-06,1.613787717e-05,4.192712721e-06,8.594221475e-06,1.650816209e-01,3.443637904e+01,8.617314016e-10,4.536390e-16,8.130630e-18,2.620093e-18,6.866150e-03
2.320000,1.329970360e-05,8.209282182e-06,1.660454095e-05,4.104528207e-06,8.846272507e-06,1.664897633e-01,3.441979132e+01,8.986849026e-10,6.175713e-17,1.466440e-17,2.424350e-19,6.886930e-03
2.330000,1.338146264e-05,8.036742055e-06,1.707134930e-05,4.018216414e-06,9.098154131e-06,1.678825492e-01,3.440343057e+01,9.370952574e-10,3.392450e-16,9.434204e-18,9.697399e-19,6.917760e-03
2.340000,1.346217369e-05,7.867982440e-06,1.753811187e-05,3.933981822e-06,9.349780488e-06,1.692597611e-01,3.438729776e+01,9.769495492e-10,4.806532e-16,7.585978e-18,1.341084e-18,6.879701e-03
2.350000,1.354182036e-05,7.704347071e-06,1.800465217e-05,3.852041827e-06,9.601071650e-06,1.706211838e-01,3.437139384e+01,1.018234174e-09,4.506618e-16,5.029065e-18,1.788112e-18,6.874990e-03
2.360000,1.362038684e-05,7.545404223e-06,1.847080587e-05,3.772626872e-06,9.851952886e-06,1.719666050e-01,3.435571971e+01,1.060934848e-09,6.648909e-17,1.166093e-17,1.751582e-18,6.864710e-03
2.370000,1.369785785e-05,7.392297711e-06,1.893641942e-05,3.695980355e-06,1.010235403e-05,1.732958150e-01,3.434027625e+01,1.105036612e-09,4.455987e-16,7.549673e-18,1.152523e-18,6.875520e-03
2.380000,1.377421861e-05,7.245029774e-06,1.940134876e-05,3.622358224e-06,1.035220895e-05,1.746086066e-01,3.432506433e+01,1.150523840e-09,1.256852e-16,1.189009e-17,2.719165e-18,6.850850e-03
2.390000,1.384945487e-05,7.104401105e-06,1.986545831e-05,3.552028199e-06,1.060145506e-05,1.759047755e-01,3.431008479e+01,1.197380246e-09,3.349029e-16,5.708898e-18,1.578622e-18,6.876130e-03
2.400000,1.392355281e-05,6.970622412e-06,2.032861996e-05,3.485268547e-06,1.085003295e-05,1.771841196e-01,3.429533844e+01,1.245588890e-09,4.441083e-16,5.502664e-18,1.167721e-18,6.853800e-03
2.410000,1.399649913e-05,6.845068616e-06,2.079071236e-05,3.422366333e-06,1.109788604e-05,1.784464395e-01,3.428082608e+01,1.295132187e-09,3.337792e-16,1.294395e-17,1.131940e-18,6.886940e-03
2.420000,1.406828094e-05,6.727210047e-06,2.125162012e-05,3.363615083e-06,1.134496025e-05,1.796915385e-01,3.426654846e+01,1.345991915e-09,4.485204e-16,1.597313e-17,6.942281e-19,6.914810e-03
2.430000,1.413888582e-05,6.618867014e-06,2.171123329e-05,3.309311802e-06,1.159120377e-05,1.809192222e-01,3.425250634e+01,1.398149221e-09,2.254867e-16,1.364386e-17,9.995850e-19,6.864950e-03
2.440000,1.420830174e-05,6.520037094e-06,2.216944677e-05,3.259753334e-06,1.183656683e-05,1.821292990e-01,3.423870043e+01,1.451584633e-09,1.000927e-15,2.149261e-17,1.893478e-18,6.831370e-03
2.450000,1.427651712e-05,6.430744545e-06,2.262615983e-05,3.215232064e-06,1.208100147e-05,1.833215797e-01,3.422513144e+01,1.506278065e-09,2.612088e-16,8.877196e-18,1.022834e-18,6.876420e-03
2.460000,1.434352075e-05,6.352300525e-06,2.308127576e-05,3.176031038e-06,1.232446142e-05,1.844958777e-01,3.421180004e+01,1.562208826e-09,2.257502e-16,3.733620e-18,6.321931e-19,6.885420e-03
2.470000,1.440930183e-05,6.285040590e-06,2.353470143e-05,3.142418604e-06,1.256690191e-05,1.856520090e-01,3.419870689e+01,1.619355632e-09,2.293119e-16,1.424491e-17,3.066587e-19,6.866641e-03
2.480000,1.447384993e-05,6.229540889e-06,2.398634701e-05,3.114642756e-06,1.280827953e-05,1.867897922e-01,3.418585264e+01,1.677696613e-09,2.553492e-16,1.531420e-17,9.697399e-19,6.908090e-03
2.490000,1.453715498e-05,6.186261532e-06,2.443612568e-05,3.092925425e-06,1.304855213e-05,1.879090485e-01,3.417323788e+01,1.737209321e-09,5.756904e-16,5.695001e-18,5.528368e-19,6.938789e-03
2.500000,1.459920728e-05,6.155315997e-06,2.488395338e-05,3.077456989e-06,1.328767872e-05,1.890096017e-01,3.416086323e+01,1.797870747e-09,8.792880e-17,6.921768e-18,2.168404e-19,6.930880e-03
2.510000,1.465999747e-05,6.136963232e-06,2.532974858e-05,3.068391315e-06,1.352561937e-05,1.900912783e-01,3.414872925e+01,1.859657319e-09,2.579587e-16,4.315669e-18,1.131940e-18,6.932990e-03
2.520000,1.471951655e-05,6.132112993e-06,2.577343205e-05,3.065841647e-06,1.376233512e-05,1.911539075e-01,3.413683650e+01,1.922544924e-09,4.447767e-16,5.380578e-18,7.818293e-19,6.925460e-03
2.530000,1.477775582e-05,6.140074053e-06,2.621492676e-05,3.069877592e-06,1.399778791e-05,1.921973211e-01,3.412518552e+01,1.986508911e-09,3.397266e-16,3.733421e-18,3.471141e-19,6.949500e-03
2.540000,1.483470694e-05,6.161157154e-06,2.665415764e-05,3.080523446e-06,1.423194052e-05,1.932213536e-01,3.411377682e+01,2.051524105e-09,4.486032e-16,3.644626e-18,1.560837e-18,6.904830e-03
2.550000,1.489036187e-05,6.195945112e-06,2.709105148e-05,3.097757940e-06,1.446475651e-05,1.942258425e-01,3.410261091e+01,2.117564817e-09,3.359916e-16,5.981226e-18,3.428548e-19,6.921670e-03
2.560000,1.494471287e-05,6.243355372e-06,2.752553679e-05,3.121515441e-06,1.469620019e-05,1.952106278e-01,3.409168826e+01,2.184604856e-09,3.335016e-16,6.613162e-18,6.527762e-19,6.912170e-03
2.570000,1.499775253e-05,6.303666736e-06,2.795754369e-05,3.151688504e-06,1.492623651e-05,1.961755524e-01,3.408100934e+01,2.252617538e-09,3.415823e-16,3.489494e-18,3.636525e-19,6.857520e-03
2.580000,1.504947371e-05,6.376443499e-06,2.838700382e-05,3.188131580e-06,1.515483110e-05,1.971204621e-01,3.407057459e+01,2.321575701e-09,2.220527e-16,1.113911e-17,0.000000e+00,6.863890e-03
2.590000,1.509986958e-05,6.461676834e-06,2.881385020e-05,3.230665618e-06,1.538195017e-05,1.980452055e-01,3.406038445e+01,2.391451713e-09,8.295326e-18,3.775596e-18,8.274814e-19,6.866720e-03
2.600000,1.514893360e-05,6.558339449e-06,2.923801722e-05,3.279083283e-06,1.560756052e-05,1.989496343e-01,3.405043932e+01,2.462217487e-09,2.333565e-16,8.044458e-18,7.818293e-19,6.860640e-03
2.610000,1.519665950e-05,6.666600329e-06,2.965944050e-05,3.333154449e-06,1.583162949e-05,1.998336029e-01,3.404073961e+01,2.533844493e-09,1.054929e-16,9.312926e-18,1.526571e-18,6.858220e-03
2.620000,1.524304130e-05,6.785511718e-06,3.007805687e-05,3.392631720e-06,1.605412492e-05,2.006969688e-01,3.403128568e+01,2.606303767e-09,1.932577e-16,6.900451e-18,1.518851e-18,6.908190e-03
2.630000,1.528807326e-05,6.914652608e-06,3.049380426e-05,3.457255710e-06,1.627501515e-05,2.015395925e-01,3.402207791e+01,2.679565930e-09,2.263763e-16,7.289271e-18,7.761706e-19,6.866560e-03
2.640000,1.533174997e-05,7.053587069e-06,3.090662169e-05,3.526759926e-06,1.649426900e-05,2.023613376e-01,3.401311663e+01,2.753601195e-09,2.221447e-16,4.626135e-18,4.370559e-19,6.860370e-03
2.650000,1.537406622e-05,7.201871644e-06,3.131644921e-05,3.600875092e-06,1.671185572e-05,2.031620707e-01,3.400440219e+01,2.828379380e-09,2.348470e-16,2.198162e-18,3.160965e-19,6.928700e-03
2.660000,1.541501710e-05,7.358880786e-06,3.172322784e-05,3.679332880e-06,1.692774502e-05,2.039416615e-01,3.399593491e+01,2.903869927e-09,6.413064e-17,4.308569e-18,5.838607e-19,6.866530e-03
2.670000,1.545459795e-05,7.524009311e-06,3.212689954e-05,3.761868998e-06,1.714190700e-05,2.046999831e-01,3.398771508e+01,2.980041909e-09,3.339613e-16,7.532453e-18,3.297472e-19,6.888050e-03
2.680000,1.549280436e-05,7.696734648e-06,3.252740716e-05,3.848225660e-06,1.735431220e-05,2.054369116e-01,3.397974299e+01,3.056864048e-09,1.168801e-16,6.683305e-18,1.533293e-19,6.930880e-03
2.690000,1.552963219e-05,7.876500658e-06,3.292469443e-05,3.938153492e-06,1.756493151e-05,2.061523263e-01,3.397201892e+01,3.134304725e-09,1.195333e-16,5.083582e-18,3.297472e-19,6.931650e-03
2.700000,1.556507753e-05,8.063001661e-06,3.331870592e-05,4.031412910e-06,1.777373622e-05,2.068461098e-01,3.396454314e+01,3.212331997e-09,2.225354e-16,1.464727e-18,3.160965e-19,6.966099e-03
2.710000,1.559913672e-05,8.255996394e-06,3.370938701e-05,4.127775053e-06,1.798069801e-05,2.075181482e-01,3.395731588e+01,3.290913610e-09,1.002310e-15,2.654049e-18,4.233945e-19,6.956241e-03
2.720000,1.563180637e-05,8.454147243e-06,3.409668386e-05,4.227022348e-06,1.818578890e-05,2.081683306e-01,3.395033739e+01,3.370017012e-09,2.222204e-16,1.436678e-18,1.212175e-19,6.899899e-03
2.730000,1.566308330e-05,8.658279929e-06,3.448054340e-05,4.328948751e-06,1.838898126e-05,2.087965498e-01,3.394360789e+01,3.449609369e-09,4.487893e-16,7.048987e-18,4.848700e-19,6.886780e-03
2.740000,1.569296461e-05,8.866829509e-06,3.486091330e-05,4.433359756e-06,1.859024782e-05,2.094027018e-01,3.393712758e+01,3.529657580e-09,2.473267e-16,2.387901e-18,1.818262e-19,6.883910e-03
2.750000,1.572144762e-05,9.080225266e-06,3.523774197e-05,4.540072207e-06,1.878956164e-05,2.099866862e-01,3.393089666e+01,3.610128288e-09,2.714467e-16,7.628579e-18,1.973278e-19,6.888310e-03
2.760000,1.574852989e-05,9.298038020e-06,3.561097851e-05,4.648913970e-06,1.898689613e-05,2.105484059e-01,3.392491533e+01,3.690987901e-09,3.331737e-16,6.762309e-18,3.172565e-19,6.895080e-03
2.770000,1.577420923e-05,9.519591405e-06,3.598057273e-05,4.759723498e-06,1.918222501e-05,2.110877675e-01,3.391918375e+01,3.772202600e-09,2.237774e-16,9.301163e-19,6.060874e-20,6.889080e-03
2.780000,1.579848369e-05,9.745040430e-06,3.634647512e-05,4.872349338e-06,1.937552234e-05,2.116046811e-01,3.391370208e+01,3.853738360e-09,7.863623e-16,1.502259e-18,2.014728e-19,6.858160e-03
2.790000,1.582135157e-05,9.973497578e-06,3.670863684e-05,4.986649584e-06,1.956676251e-05,2.120990602e-01,3.390847047e+01,3.935560962e-09,2.263495e-16,1.009759e-18,2.710505e-20,6.896390e-03
2.800000,1.584281138e-05,1.020502192e-05,3.706700971e-05,5.102491316e-06,1.975592020e-05,2.125708221e-01,3.390348907e+01,4.017636010e-09,2.221714e-16,2.793696e-18,1.843343e-19,6.906150e-03
2.810000,1.586286190e-05,1.043966463e-05,3.742154622e-05,5.219750031e-06,1.994297044e-05,2.130198877e-01,3.389875801e+01,4.099928942e-09,2.249252e-16,1.815008e-18,4.285685e-20,6.913110e-03
2.820000,1.588150214e-05,1.067672099e-05,3.777219947e-05,5.338309082e-06,2.012788854e-05,2.134461815e-01,3.389427739e+01,4.182405054e-09,2.375111e-16,4.904967e-18,1.362012e-19,6.902170e-03
2.830000,1.589873135e-05,1.091627786e-05,3.811892323e-05,5.458059131e-06,2.031065015e-05,2.138496318e-01,3.389004733e+01,4.265029507e-09,5.551236e-17,4.277298e-19,9.583084e-20,6.920720e-03
2.840000,1.591454901e-05,1.115797517e-05,3.846167189e-05,5.578897624e-06,2.049123122e-05,2.142301705e-01,3.388606793e+01,4.347767348e-09,1.178631e-16,3.905111e-18,1.212175e-19,6.871060e-03
2.850000,1.592895487e-05,1.140179367e-05,3.880040045e-05,5.700728290e-06,2.066960801e-05,2.145877333e-01,3.388233927e+01,4.430583523e-09,7.813494e-16,2.377145e-18,6.776264e-20,6.892551e-03
2.860000,1.594194889e-05,1.164718074e-05,3.913506454e-05,5.823460674e-06,2.084575708e-05,2.149222597e-01,3.387886143e+01,4.513442897e-09,6.693720e-16,1.757239e-18,1.533293e-19,6.903759e-03
2.870000,1.595353132e-05,1.189407662e-05,3.946562043e-05,5.947009689e-06,2.101965531e-05,2.152336930e-01,3.387563447e+01,4.596310265e-09,4.566531e-16,8.548416e-19,9.040663e-20,6.898830e-03
2.880000,1.596370260e-05,1.214264530e-05,3.979202497e-05,6.071295209e-06,2.119127987e-05,2.155219801e-01,3.387265846e+01,4.679150370e-09,2.368429e-16,1.524210e-18,2.443217e-20,6.920000e-03
2.890000,1.597246346e-05,1.239271445e-05,4.011423565e-05,6.196241680e-06,2.136060826e-05,2.157870721e-01,3.386993344e+01,4.761927920e-09,4.462585e-16,1.603374e-18,4.121840e-20,6.932330e-03
2.900000,1.597981487e-05,1.264366820e-05,4.043221053e-05,6.321777768e-06,2.152761827e-05,2.160289236e-01,3.386745945e+01,4.844607605e-09,7.262688e-17,1.843187e-18,4.545656e-20,6.941640e-03
2.910000,1.598575803e-05,1.289576485e-05,4.074590833e-05,6.447836029e-06,2.169228800e-05,2.162474934e-01,3.386523652e+01,4.927154108e-09,4.443845e-16,1.632835e-18,2.914581e-20,6.990800e-03
2.920000,1.599029443e-05,1.314876978e-05,4.105528833e-05,6.574352606e-06,2.185459586e-05,2.164427438e-01,3.386326467e+01,5.009532129e-09,6.718048e-16,2.720780e-18,1.894023e-20,6.872730e-03
2.930000,1.599342578e-05,1.340269783e-05,4.136031044e-05,6.701266950e-06,2.201452056e-05,2.166146414e-01,3.386154392e+01,5.091706395e-09,2.249773e-16,1.053759e-18,4.791542e-21,6.919150e-03
2.940000,1.599515406e-05,1.365723737e-05,4.166093517e-05,6.828521566e-06,2.217204114e-05,2.167631565e-01,3.386007426e+01,5.173641680e-09,4.555472e-16,3.095031e-19,1.561852e-20,6.890980e-03
2.950000,1.599548152e-05,1.391235485e-05,4.195712364e-05,6.956061775e-06,2.232713692e-05,2.168882633e-01,3.385885569e+01,5.255302819e-09,6.666769e-16,4.342720e-19,6.776264e-21,6.905299e-03
2.960000,1.599441066e-05,1.416783098e-05,4.224883757e-05,7.083835499e-06,2.247978754e-05,2.169899400e-01,3.385788819e+01,5.336654725e-09,4.883765e-16,4.425634e-19,9.317362e-21,6.875970e-03
2.970000,1.599194426e-05,1.442370827e-05,4.253603929e-05,7.211793064e-06,2.262997297e-05,2.170681689e-01,3.385717174e+01,5.417662407e-09,2.446610e-16,8.560045e-19,7.396397e-21,6.900270e-03
2.980000,1.598808534e-05,1.467993550e-05,4.281869174e-05,7.339887019e-06,2.277767348e-05,2.171229360e-01,3.385670632e+01,5.498290985e-09,4.478520e-16,4.176873e-19,7.635052e-21,6.872560e-03
2.990000,1.598283722e-05,1.493628654e-05,4.309675846e-05,7.468071969e-06,2.292286964e-05,2.171542313e-01,3.385649187e+01,5.578505705e-09,3.343253e-16,6.591005e-19,1.380495e-21,6.916550e-03
3.000000,1.597620349e-05,1.519255049e-05,4.337020362e-05,7.596304421e-06,2.306554235e-05,2.010598799e-03,3.412288313e+01,5.658271958e-09,4.625850e-16,1.489089e-19,2.407832e-22,6.902480e-03
3.010000,1.559406860e-05,1.512942715e-05,4.631364991e-05,7.564704929e-06,2.263455714e-05,3.851085066e-02,3.409375858e+01,5.628860585e-09,1.400589e-16,3.623387e-19,1.468914e-21,6.881350e-03
3.020000,1.521335070e-05,1.506533190e-05,4.902522947e-05,7.532624893e-06,2.220393615e-05,7.594960750e-02,3.406517080e+01,5.599778310e-09,5.576087e-16,2.293923e-19,9.764608e-22,6.900050e-03
3.030000,1.483641976e-05,1.500025227e-05,5.146210181e-05,7.500114477e-06,2.177629518e-05,1.123879739e-01,3.403721714e+01,5.567843952e-09,2.464006e-16,1.704012e-19,1.656501e-22,6.875791e-03
3.040000,1.446530314e-05,1.493447276e-05,5.360747980e-05,7.467220030e-06,2.135394795e-05,1.477993802e-01,3.400999207e+01,5.530884689e-09,3.357478e-16,4.200334e-19,7.476742e-22,6.904279e-03
3.050000,1.410171633e-05,1.486798408e-05,5.546009092e-05,7.433984352e-06,2.093893331e-05,1.821690731e-01,3.398358718e+01,5.487535256e-09,1.227754e-16,1.219788e-19,2.731991e-21,6.901750e-03
3.060000,1.374709610e-05,1.480092669e-05,5.702789756e-05,7.400446958e-06,2.053304297e-05,2.154854478e-01,3.395809110e+01,5.437070300e-09,2.318830e-16,9.139542e-19,1.928342e-21,6.906150e-03
3.070000,1.340263560e-05,1.473323255e-05,5.832429348e-05,7.366644311e-06,2.013784941e-05,2.477387721e-01,3.393358949e+01,5.379265024e-09,4.498970e-16,8.373810e-19,3.899120e-21,6.931450e-03
3.080000,1.306932096e-05,1.466528649e-05,5.936575609e-05,7.332610056e-06,1.975473357e-05,2.789208336e-01,3.391016498e+01,5.314279848e-09,4.464338e-16,5.068539e-19,8.451915e-21,6.957589e-03
3.090000,1.274796880e-05,1.459675036e-05,6.017037101e-05,7.298375228e-06,1.938491180e-05,3.090247930e-01,3.388789717e+01,5.242565465e-09,1.464838e-16,1.834066e-18,1.126046e-20,6.910750e-03
3.100000,1.243926414e-05,1.452801318e-05,6.075689088e-05,7.263968455e-06,1.902946177e-05,3.380450966e-01,3.386686255e+01,5.164785118e-09,5.551116e-16,9.388845e-19,3.030718e-20,6.951900e-03
3.110000,1.214379788e-05,1.445882637e-05,6.114412878e-05,7.229416142e-06,1.868934686e-05,3.659774128e-01,3.384713451e+01,5.081751394e-09,2.369829e-17,8.608143e-19,1.147137e-20,6.916660e-03
3.120000,1.186210332e-05,1.438958466e-05,6.135056533e-05,7.194742651e-06,1.836543871e-05,3.928185769e-01,3.382878327e+01,4.994375220e-09,6.662187e-16,1.621580e-18,7.092669e-20,6.926700e-03
3.130000,1.159469079e-05,1.431991512e-05,6.139409491e-05,7.159970458e-06,1.805853746e-05,4.185665408e-01,3.381187587e+01,4.903625061e-09,2.310122e-16,3.226283e-18,9.291522e-20,6.938820e-03
3.140000,1.134207957e-05,1.425031009e-05,6.129186404e-05,7.125120305e-06,1.776938945e-05,4.432203268e-01,3.379647615e+01,4.810494625e-09,5.552715e-16,1.694870e-18,7.984487e-20,6.924870e-03
3.150000,1.110482631e-05,1.418045735e-05,6.106017150e-05,7.090211344e-06,1.749870205e-05,4.667799826e-01,3.378264468e+01,4.715977634e-09,3.364130e-16,2.688410e-18,1.962122e-19,6.949900e-03
3.160000,1.088354896e-05,1.411051059e-05,6.071441040e-05,7.055261262e-06,1.724715523e-05,4.892465387e-01,3.377043880e+01,4.621048415e-09,4.940066e-17,3.840566e-18,1.555244e-19,6.922200e-03
3.170000,1.067894524e-05,1.404046840e-05,6.026903896e-05,7.020286407e-06,1.701540988e-05,5.106219688e-01,3.375991253e+01,4.526647286e-09,6.672502e-16,3.539489e-18,2.006732e-19,6.955670e-03
3.180000,1.049180491e-05,1.397067902e-05,5.973757108e-05,6.985301888e-06,1.680411261e-05,5.309091511e-01,3.375111660e+01,4.433669844e-09,5.607241e-16,2.955646e-18,2.110911e-19,6.954820e-03
3.190000,1.032301478e-05,1.390053925e-05,5.913258065e-05,6.950321687e-06,1.661389708e-05,5.501118334e-01,3.374409840e+01,4.342959428e-09,6.703669e-16,6.026900e-19,9.141265e-20,6.980819e-03
3.200000,1.017355587e-05,1.383065386e-05,5.846571535e-05,6.915358739e-06,1.644538191e-05,5.682345998e-01,3.373890200e+01,4.255302117e-09,4.455602e-16,5.854137e-18,2.416554e-19,6.936180e-03
3.210000,1.004449209e-05,1.376089763e-05,5.774771714e-05,6.880425027e-06,1.629916543e-05,5.852828407e-01,3.373556808e+01,4.171423756e-09,3.330715e-16,1.941675e-18,1.896541e-19,6.907500e-03
3.220000,9.936950514e-06,1.369104548e-05,5.698844733e-05,6.845531648e-06,1.617581757e-05,6.012627254e-01,3.373413400e+01,4.091988586e-09,8.039202e-17,3.245137e-18,2.188262e-19,6.928460e-03
3.230000,9.852093245e-06,1.362138936e-05,5.619691499e-05,6.810688888e-06,1.607586932e-05,6.161811780e-01,3.373463372e+01,4.017599087e-09,1.140425e-16,1.012509e-17,1.816775e-19,6.938760e-03
3.240000,9.791082136e-06,1.355193230e-05,5.538130767e-05,6.775906279e-06,1.599980048e-05,6.300458570e-01,3.373709787e+01,3.948796789e-09,8.894693e-16,2.474946e-18,3.494184e-19,6.937709e-03
3.250000,9.755037805e-06,1.348238092e-05,5.454902384e-05,6.741192655e-06,1.594802624e-05,6.428651372e-01,3.374155369e+01,3.886063756e-09,1.001792e-16,8.769658e-18,3.479415e-19,6.963690e-03
3.260000,9.744995361e-06,1.341309797e-05,5.370670672e-05,6.706556200e-06,1.592088350e-05,6.546480966e-01,3.374802507e+01,3.829824592e-09,6.749836e-17,2.560495e-18,6.911988e-19,6.979730e-03
3.270000,9.761859745e-06,1.334395449e-05,5.286027906e-05,6.672004493e-06,1.591861754e-05,6.654045058e-01,3.375653257e+01,3.780448778e-09,4.441525e-16,1.368626e-17,8.104546e-19,6.971430e-03
3.280000,9.806363925e-06,1.327505303e-05,5.201497894e-05,6.637544543e-06,1.594137004e-05,6.751448226e-01,3.376709341e+01,3.738253229e-09,2.225616e-16,1.125069e-17,6.466990e-19,6.945820e-03
3.290000,9.879033150e-06,1.320653189e-05,5.117539634e-05,6.603182826e-06,1.598916894e-05,6.838801896e-01,3.377972150e+01,3.703504971e-09,1.128689e-15,9.380518e-18,5.884582e-19,6.951880e-03
3.300000,9.980158060e-06,1.313795759e-05,5.034551038e-05,6.568925309e-06,1.606192082e-05,6.916224370e-01,3.379442747e+01,3.676423848e-09,6.716036e-16,7.827658e-18,3.575080e-19,6.898320e-03
3.310000,1.010977855e-05,1.306956715e-05,4.952872731e-05,6.534777479e-06,1.615940617e-05,6.983840894e-01,3.381121869e+01,3.657185210e-09,4.416387e-17,7.058797e-18,2.813416e-19,6.934150e-03
3.320000,1.026767932e-05,1.300153426e-05,4.872791902e-05,6.500744365e-06,1.628127784e-05,7.041783777e-01,3.383009931e+01,3.645922530e-09,2.354702e-16,2.536565e-18,8.234879e-19,6.917590e-03
3.330000,1.045339671e-05,1.293379590e-05,4.794546198e-05,6.466830554e-06,1.642706259e-05,7.090192559e-01,3.385107027e+01,3.642729924e-09,8.913021e-16,5.997336e-18,1.986825e-18,6.896550e-03
3.340000,1.066623550e-05,1.286611509e-05,4.718327654e-05,6.433040210e-06,1.659616559e-05,7.129214236e-01,3.387412940e+01,3.647664541e-09,2.226144e-16,1.299322e-17,3.410640e-18,6.878910e-03
3.350000,1.090529362e-05,1.279873565e-05,4.644286629e-05,6.399377087e-06,1.678787764e-05,7.159003533e-01,3.389927137e+01,3.660748816e-09,2.255522e-16,6.896091e-18,2.152197e-18,6.914970e-03
3.360000,1.116949198e-05,1.273169723e-05,4.572535731e-05,6.365844544e-06,1.700138456e-05,7.179723253e-01,3.392648784e+01,3.681972579e-09,8.725070e-17,7.211555e-18,4.938766e-19,6.896150e-03
3.370000,1.145760713e-05,1.266497019e-05,4.503153704e-05,6.332445555e-06,1.723577825e-05,7.191544676e-01,3.395576745e+01,3.711295012e-09,5.659928e-16,9.759739e-18,1.133638e-18,6.926450e-03
3.380000,1.176830418e-05,1.259834798e-05,4.436189249e-05,6.299182716e-06,1.749006890e-05,7.194648036e-01,3.398709586e+01,3.748646456e-09,2.228868e-16,2.172754e-17,1.159775e-18,6.951990e-03
3.390000,1.210016818e-05,1.253211576e-05,4.371664747e-05,6.266058261e-06,1.776319776e-05,7.189223079e-01,3.402045587e+01,3.793930080e-09,4.638776e-17,2.101203e-17,1.173333e-18,6.928470e-03
3.400000,1.245173266e-05,1.246613726e-05,4.309579849e-05,6.233074068e-06,1.805405005e-05,7.175469693e-01,3.405582743e+01,3.847023408e-09,1.323217e-16,2.463660e-17,1.221432e-18,6.892840e-03
3.410000,1.282150453e-05,1.240048814e-05,4.249914918e-05,6.200231667e-06,1.836146749e-05,7.153598643e-01,3.409318772e+01,3.907779731e-09,2.221499e-16,2.444413e-18,1.810161e-18,6.924330e-03
3.420000,1.320798491e-05,1.233510167e-05,4.192634274e-05,6.167532253e-06,1.868426024e-05,7.123832394e-01,3.413251123e+01,3.976029388e-09,2.230188e-16,2.114109e-17,2.289225e-18,6.938050e-03
3.430000,1.360968605e-05,1.226994585e-05,4.137689237e-05,6.134976692e-06,1.902121787e-05,7.086406049e-01,3.417376981e+01,4.051580959e-09,5.745255e-17,1.605250e-17,1.613335e-18,6.885230e-03
3.440000,1.402514450e-05,1.220524269e-05,4.085020941e-05,6.102565538e-06,1.937111931e-05,7.041568415e-01,3.421693274e+01,4.134222360e-09,6.904368e-16,1.713919e-17,7.122112e-18,6.882850e-03
3.450000,1.445293102e-05,1.214077995e-05,4.034562891e-05,6.070299036e-06,1.973274161e-05,6.989583192e-01,3.426196682e+01,4.223721861e-09,1.111613e-15,6.629530e-18,4.363476e-18,6.934100e-03
3.460000,1.489165759e-05,1.207645117e-05,3.986243282e-05,6.038177142e-06,2.010486757e-05,6.930730320e-01,3.430883644e+01,4.319829042e-09,6.698870e-16,1.205652e-17,3.051370e-18,6.897070e-03
3.470000,1.533998223e-05,1.201244335e-05,3.939987044e-05,6.006199534e-06,2.048629217e-05,6.865307485e-01,3.435750365e+01,4.422275694e-09,3.364730e-16,2.202825e-17,5.023832e-18,6.897190e-03
3.480000,1.579661180e-05,1.194879880e-05,3.895717632e-05,5.974365624e-06,2.087582793e-05,6.793631806e-01,3.440792824e+01,4.530776684e-09,4.455358e-16,3.773245e-17,2.760436e-19,6.898560e-03
3.490000,1.626030349e-05,1.188537392e-05,3.853358568e-05,5.942674580e-06,2.127230927e-05,6.716041725e-01,3.446006784e+01,4.645030795e-09,2.316260e-16,3.556199e-17,8.299054e-18,6.927680e-03
3.500000,1.672986514e-05,1.182228492e-05,3.812834733e-05,5.911125343e-06,2.167459598e-05,6.632899103e-01,3.451387795e+01,4.764721546e-09,2.262690e-16,8.571387e-18,5.938384e-18,6.903270e-03
3.510000,1.720415473e-05,1.175946168e-05,3.774073429e-05,5.879716641e-06,2.208157591e-05,6.544591559e-01,3.456931209e+01,4.889518014e-09,1.735256e-16,1.978908e-17,2.242914e-18,6.889640e-03
3.520000,1.768207940e-05,1.169687053e-05,3.737005239e-05,5.848447016e-06,2.249216693e-05,6.451535044e-01,3.462632183e+01,5.019075655e-09,2.246962e-16,3.670952e-18,2.226097e-18,6.919170e-03
3.530000,1.816259401e-05,1.163470605e-05,3.701564676e-05,5.817314843e-06,2.290531838e-05,6.354176687e-01,3.468485687e+01,5.153037149e-09,4.479536e-16,2.472668e-17,5.589078e-18,6.891970e-03
3.540000,1.864469949e-05,1.157255300e-05,3.667690677e-05,5.786318357e-06,2.332001199e-05,6.252997888e-01,3.474486516e+01,5.291033260e-09,4.459640e-16,3.119150e-17,7.000398e-18,6.867330e-03
3.550000,1.912744113e-05,1.151083597e-05,3.635326932e-05,5.755455675e-06,2.373526248e-05,6.148517675e-01,3.480629296e+01,5.432683735e-09,4.494619e-16,3.354130e-17,9.462184e-18,6.924570e-03
3.560000,1.960990672e-05,1.144960080e-05,3.604422086e-05,5.724724822e-06,2.415011777e-05,6.041296288e-01,3.486908492e+01,5.577598229e-09,7.774276e-16,9.786295e-18,5.978503e-18,6.915920e-03
3.570000,2.009122485e-05,1.138830932e-05,3.574929833e-05,5.694123763e-06,2.456365903e-05,5.931938949e-01,3.493318415e+01,5.725377287e-09,4.483757e-16,3.232192e-17,9.744164e-18,6.907989e-03
3.580000,2.057056314e-05,1.132735269e-05,3.546808907e-05,5.663650428e-06,2.497500050e-05,5.821099736e-01,3.499853232e+01,5.875613359e-09,3.487817e-16,5.469039e-18,1.275790e-17,6.890490e-03
3.590000,2.104712668e-05,1.126661810e-05,3.520023014e-05,5.633302740e-06,2.538328921e-05,5.709485436e-01,3.506506973e+01,6.027891866e-09,6.296912e-17,2.719284e-17,5.437315e-18,6.872550e-03
3.600000,2.152015651e-05,1.120622803e-05,3.494540685e-05,5.603078650e-06,2.578770461e-05,5.597859201e-01,3.513273540e+01,6.181792327e-09,4.442341e-16,1.788204e-17,9.123373e-18,6.867300e-03
3.610000,2.198892823e-05,1.114606857e-05,3.470335100e-05,5.572976164e-06,2.618745819e-05,5.487043745e-01,3.520146713e+01,6.336889522e-09,6.721110e-16,1.178205e-17,3.928211e-18,6.927359e-03
3.620000,2.245275081e-05,1.108606335e-05,3.447383864e-05,5.542993373e-06,2.658179296e-05,5.377923747e-01,3.527120157e+01,6.492754717e-09,4.442309e-16,3.430721e-17,6.271121e-18,6.943760e-03
3.630000,2.291096545e-05,1.102625517e-05,3.425668756e-05,5.513128487e-06,2.696998315e-05,5.271446999e-01,3.534187433e+01,6.648956935e-09,5.977582e-17,1.464854e-17,9.340547e-19,6.943540e-03
3.640000,2.336294460e-05,1.096672823e-05,3.405175467e-05,5.483379859e-06,2.735133368e-05,5.168623754e-01,3.541342002e+01,6.805064270e-09,2.592643e-16,1.160805e-17,6.538461e-18,6.921729e-03
3.650000,2.380809114e-05,1.090748714e-05,3.385893310e-05,5.453746021e-06,2.772517992e-05,5.070523593e-01,3.548577232e+01,6.960645255e-09,1.327381e-16,2.208939e-17,6.494602e-18,6.930580e-03
3.660000,2.424583762e-05,1.084845471e-05,3.367814921e-05,5.424225708e-06,2.809088730e-05,4.978269081e-01,3.555886410e+01,7.115270259e-09,1.415318e-16,3.585377e-18,6.867912e-18,6.886360e-03
3.670000,2.467564569e-05,1.078963438e-05,3.350935949e-05,5.394817888e-06,2.844785110e-05,4.893025435e-01,3.563262741e+01,7.268512923e-09,4.798873e-17,3.146560e-17,5.675058e-18,6.904420e-03
3.680000,2.509700560e-05,1.073094685e-05,3.335254729e-05,5.365521783e-06,2.879549624e-05,4.815985502e-01,3.570699363e+01,7.419951628e-09,4.579916e-16,4.997531e-17,1.862648e-17,6.887569e-03
3.690000,2.550943582e-05,1.067260237e-05,3.320771943e-05,5.336336897e-06,2.913327723e-05,4.748349577e-01,3.578189346e+01,7.569170985e-09,4.441949e-16,1.023390e-17,1.215350e-17,6.891080e-03
3.700000,2.591248276e-05,1.061456477e-05,3.307490265e-05,5.307263035e-06,2.946067806e-05,4.691299957e-01,3.585725706e+01,7.715763335e-09,2.629556e-16,6.727046e-18,3.341276e-18,6.882550e-03
3.710000,2.630572057e-05,1.055667083e-05,3.295413986e-05,5.278300321e-06,2.977721228e-05,4.645970711e-01,3.593301405e+01,7.859330268e-09,3.445782e-16,3.694932e-17,5.684938e-18,6.874210e-03
3.720000,2.668875108e-05,1.049892293e-05,3.284548623e-05,5.249449217e-06,3.008242307e-05,4.613413867e-01,3.600909359e+01,7.999484141e-09,1.114838e-16,3.295162e-17,7.067106e-18,6.840460e-03
3.730000,2.706120376e-05,1.044145110e-05,3.274900503e-05,5.220710529e-06,3.037588347e-05,4.594564015e-01,3.608542448e+01,8.135849584e-09,1.253261e-16,3.109060e-17,9.055314e-18,6.896450e-03
3.740000,2.742273582e-05,1.038417437e-05,3.266476325e-05,5.192085425e-06,3.065719657e-05,4.590203978e-01,3.616193516e+01,8.268064999e-09,3.380720e-17,1.098292e-17,3.759086e-18,7.022049e-03
3.750000,2.777303229e-05,1.032701000e-05,3.259282701e-05,5.163575431e-06,3.092599586e-05,4.600934630e-01,3.623855381e+01,8.395784036e-09,6.685486e-16,3.497009e-17,8.078947e-18,6.875330e-03
3.760000,2.811180631e-05,1.027052198e-05,3.253325672e-05,5.135182441e-06,3.118194560e-05,4.627151873e-01,3.631520838e+01,8.518677039e-09,8.024469e-16,2.279750e-17,9.840388e-18,6.867070e-03
3.770000,2.843879931e-05,1.021372156e-05,3.248610211e-05,5.106908709e-06,3.142474125e-05,4.669033189e-01,3.639182667e+01,8.636432451e-09,4.669845e-16,5.487385e-18,4.805086e-18,6.862060e-03
3.780000,2.875378140e-05,1.015747793e-05,3.245139703e-05,5.078756842e-06,3.165410997e-05,4.726535147e-01,3.646833636e+01,8.748758178e-09,2.248401e-16,2.897756e-17,3.039346e-18,6.877830e-03
3.790000,2.905655169e-05,1.010158059e-05,3.242915420e-05,5.050729792e-06,3.186981115e-05,4.799401899e-01,3.654466510e+01,8.855382895e-09,6.675586e-16,2.540034e-17,2.677908e-18,6.897109e-03
3.800000,2.934693875e-05,1.004581429e-05,3.241935990e-05,5.022830840e-06,3.207163703e-05,4.887183399e-01,3.662074051e+01,8.956057298e-09,7.810137e-16,3.165642e-17,5.977123e-18,6.904060e-03
3.810000,2.962480102e-05,9.990136769e-06,3.242196867e-05,4.995063575e-06,3.225941330e-05,4.989261052e-01,3.669649029e+01,9.050555276e-09,3.051882e-17,1.985692e-17,5.363399e-18,6.957550e-03
3.820000,2.989002730e-05,9.934951826e-06,3.243689813e-05,4.967431869e-06,3.243299980e-05,5.104877937e-01,3.677184224e+01,9.138675024e-09,4.937545e-16,4.098450e-17,8.916460e-18,6.933850e-03
3.830000,3.014253728e-05,9.879953080e-06,3.246402405e-05,4.939939850e-06,3.259229124e-05,5.233170715e-01,3.684672431e+01,9.220240060e-09,3.358050e-16,9.492582e-18,9.283903e-18,6.909040e-03
3.840000,3.038228206e-05,9.825279255e-06,3.250317569e-05,4.912591869e-06,3.273721788e-05,5.373200700e-01,3.692106466e+01,9.295100162e-09,4.713960e-16,3.158969e-17,1.214845e-17,6.887250e-03
3.850000,3.060924467e-05,9.770754004e-06,3.255413147e-05,4.885392464e-06,3.286774634e-05,5.523982186e-01,3.699479172e+01,9.363132211e-09,8.547261e-17,6.080172e-17,5.944409e-18,6.882290e-03
3.860000,3.082344064e-05,9.716745462e-06,3.261661530e-05,4.858346320e-06,3.298388036e-05,5.684506863e-01,3.706783422e+01,9.424240937e-09,2.517529e-16,4.607382e-17,1.139079e-17,6.878510e-03
3.870000,3.102491856e-05,9.662986551e-06,3.269029332e-05,4.831458224e-06,3.308566156e-05,5.853763789e-01,3.714012127e+01,9.478359555e-09,4.440981e-16,2.006187e-17,1.027742e-17,6.898850e-03
3.880000,3.121376056e-05,9.609527674e-06,3.277477143e-05,4.804733019e-06,3.317317028e-05,6.030754909e-01,3.721158238e+01,9.525450306e-09,3.365307e-16,4.437411e-17,1.571023e-17,6.870850e-03
3.890000,3.139008291e-05,9.556280925e-06,3.286959349e-05,4.778175557e-06,3.324652631e-05,6.214506480e-01,3.728214755e+01,9.565504876e-09,4.475492e-16,1.377845e-17,1.052246e-17,6.899980e-03
3.900000,3.155403644e-05,9.503717160e-06,3.297424036e-05,4.751790645e-06,3.330588973e-05,6.404076957e-01,3.735174726e+01,9.598544704e-09,6.669512e-16,2.483136e-17,2.533990e-19,6.908999e-03
3.910000,3.170580707e-05,9.451189970e-06,3.308812974e-05,4.725582996e-06,3.335146162e-05,6.598561953e-01,3.742031260e+01,9.624621179e-09,1.272380e-16,3.556785e-17,6.626010e-18,6.888820e-03
3.920000,3.184561619e-05,9.399266952e-06,3.321061691e-05,4.699557172e-06,3.338348482e-05,6.797096924e-01,3.748777528e+01,9.643815709e-09,6.662789e-16,5.875841e-17,8.299607e-18,6.912699e-03
3.930000,3.197372103e-05,9.347435586e-06,3.334099629e-05,4.673717528e-06,3.340224464e-05,6.998858123e-01,3.755406768e+01,9.656239676e-09,6.442300e-17,3.596564e-17,1.148193e-17,6.935059e-03
3.940000,3.209041498e-05,9.296031816e-06,3.347850394e-05,4.648068165e-06,3.340806948e-05,7.203062330e-01,3.761912291e+01,9.662034267e-09,4.568650e-16,1.943706e-17,2.235058e-17,6.929590e-03
3.950000,3.219602781e-05,9.245254913e-06,3.362232082e-05,4.622612870e-06,3.340133148e-05,7.408965733e-01,3.768287488e+01,9.661370183e-09,2.434786e-16,4.982939e-17,2.477463e-18,6.927059e-03
3.960000,3.229092578e-05,9.194680585e-06,3.377157691e-05,4.597355066e-06,3.338244698e-05,7.615862289e-01,3.774525835e+01,9.654447223e-09,6.808136e-17,3.784121e-17,5.102847e-18,6.960859e-03
3.970000,3.237551169e-05,9.144555013e-06,3.392535605e-05,4.572297762e-06,3.335187701e-05,7.823081784e-01,3.780620898e+01,9.641493748e-09,2.452560e-16,6.063831e-18,1.063495e-17,6.943049e-03
3.980000,3.245022482e-05,9.094836789e-06,3.408270150e-05,4.547443507e-06,3.331012761e-05,8.029987775e-01,3.786566339e+01,9.622766022e-09,2.353177e-16,1.072722e-16,1.494415e-17,7.010910e-03
3.990000,3.251554065e-05,9.045581725e-06,3.424262208e-05,4.522794342e-06,3.325775004e-05,8.235975537e-01,3.792355922e+01,9.598547433e-09,6.073142e-17,3.911160e-17,3.101410e-18,7.013109e-03
4.000000,3.257197055e-05,8.996846787e-06,3.440409892e-05,4.498351764e-06,3.319534085e-05,8.440470088e-01,3.797983517e+01,9.569147595e-09,6.675626e-16,6.593123e-17,5.313081e-18,6.944870e-03
4.010000,3.262006119e-05,8.948144195e-06,3.456609261e-05,4.474116688e-06,3.312354184e-05,8.642924358e-01,3.803443112e+01,9.534901334e-09,4.458720e-16,3.252813e-17,1.102694e-17,6.968059e-03
4.020000,3.266039387e-05,8.900173062e-06,3.472755080e-05,4.450089415e-06,3.304303973e-05,8.842817518e-01,3.808728810e+01,9.496167554e-09,3.594765e-17,6.206995e-17,7.809990e-18,6.954480e-03
4.030000,3.269358357e-05,8.852644297e-06,3.488741612e-05,4.426269610e-06,3.295456569e-05,9.039653502e-01,3.813834843e+01,9.453328001e-09,6.127546e-16,1.417456e-17,1.040616e-17,6.964370e-03
4.040000,3.272027781e-05,8.805363327e-06,3.504463426e-05,4.402656276e-06,3.285889464e-05,9.232959710e-01,3.818755574e+01,9.406785911e-09,2.252246e-16,5.260600e-17,5.725486e-18,6.947850e-03
4.050000,3.274115526e-05,8.758536985e-06,3.519816232e-05,4.379247746e-06,3.275684424e-05,9.422285903e-01,3.823485504e+01,9.356964558e-09,2.412117e-16,1.911073e-17,1.286826e-17,6.960080e-03
4.060000,3.275692414e-05,8.712070651e-06,3.534697722e-05,4.356041675e-06,3.264927355e-05,9.607203265e-01,3.828019278e+01,9.304305700e-09,3.516905e-17,1.513285e-17,1.741219e-17,6.989360e-03
4.070000,3.276832026e-05,8.666175097e-06,3.549008410e-05,4.333035037e-06,3.253708146e-05,9.787303634e-01,3.832351691e+01,9.249267934e-09,4.711307e-16,5.483783e-17,8.944771e-18,6.981760e-03
4.080000,3.277610486e-05,8.620498837e-06,3.562652482e-05,4.310224132e-06,3.242120460e-05,9.962198886e-01,3.836477697e+01,9.192324954e-09,2.487672e-16,1.613541e-17,5.329098e-18,6.966679e-03
4.090000,3.278106208e-05,8.575252527e-06,3.575538625e-05,4.287604602e-06,3.230261499e-05,1.013152045e+00,3.840392407e+01,9.133963731e-09,2.224791e-16,1.881871e-17,1.113288e-17,6.892990e-03
4.100000,3.278399618e-05,8.530443009e-06,3.587580860e-05,4.265171447e-06,3.218231714e-05,1.029491894e+00,3.844091107e+01,9.074682615e-09,4.505706e-16,9.500387e-18,3.595913e-18,6.937610e-03
4.110000,3.278572838e-05,8.485763207e-06,3.598699345e-05,4.242919055e-06,3.206134474e-05,1.045206392e+00,3.847569251e+01,9.014989360e-09,4.478639e-16,4.950824e-18,1.185313e-17,6.921150e-03
4.120000,3.278709343e-05,8.441741260e-06,3.608821169e-05,4.220841233e-06,3.194075683e-05,1.060264372e+00,3.850822478e+01,8.955399093e-09,2.612128e-16,2.072490e-17,3.190354e-18,6.893890e-03
4.130000,3.278893580e-05,8.397964481e-06,3.617881119e-05,4.198931250e-06,3.182163344e-05,1.074636535e+00,3.853846609e+01,8.896432219e-09,4.555217e-16,3.516631e-17,4.968634e-18,6.916079e-03
4.140000,3.279210563e-05,8.354383565e-06,3.625822427e-05,4.177181876e-06,3.170507073e-05,1.088295454e+00,3.856637658e+01,8.838612281e-09,2.955871e-17,3.259467e-17,4.960364e-18,6.911710e-03
4.150000,3.279745432e-05,8.311215328e-06,3.632597477e-05,4.155585440e-06,3.159217552e-05,1.101215569e+00,3.859191836e+01,8.782463778e-09,2.245927e-16,3.132317e-17,2.507470e-18,6.909610e-03
4.160000,3.280582988e-05,8.268143975e-06,3.638168498e-05,4.134133884e-06,3.148405936e-05,1.113373204e+00,3.861505553e+01,8.728509954e-09,4.883257e-16,8.646274e-18,6.583413e-18,6.922179e-03
4.170000,3.281807200e-05,8.225656935e-06,3.642508205e-05,4.112818819e-06,3.138183199e-05,1.124746574e+00,3.863575428e+01,8.677270564e-09,1.608846e-16,4.026671e-17,8.233535e-19,6.897240e-03
4.180000,3.283500693e-05,8.183274914e-06,3.645600417e-05,4.091631593e-06,3.128659440e-05,1.135315802e+00,3.865398290e+01,8.629259627e-09,2.575497e-16,2.472890e-17,5.294276e-18,6.883470e-03
4.190000,3.285744218e-05,8.141054100e-06,3.647440624e-05,4.070563360e-06,3.119943135e-05,1.145062933e+00,3.866971182e+01,8.584983175e-09,2.234533e-16,4.486516e-17,1.502938e-17,6.906110e-03
4.200000,3.288616114e-05,8.099490494e-06,3.648036512e-05,4.049605145e-06,3.112140357e-05,1.153971952e+00,3.868291369e+01,8.544937014e-09,1.133495e-15,2.559206e-17,9.796700e-18,6.897209e-03
4.210000,3.292191760e-05,8.057547153e-06,3.647408443e-05,4.028747922e-06,3.105353966e-05,1.162028804e+00,3.869356336e+01,8.509604500e-09,2.229377e-16,3.532417e-17,1.641453e-17,6.903200e-03
4.220000,3.296543030e-05,8.015993759e-06,3.645589873e-05,4.007982679e-06,3.099682781e-05,1.169221405e+00,3.870163797e+01,8.479454351e-09,1.258184e-16,2.351269e-17,3.555734e-18,6.913810e-03
4.230000,3.301737759e-05,7.974669348e-06,3.642627705e-05,3.987300500e-06,3.095220738e-05,1.175539660e+00,3.870711694e+01,8.454938485e-09,2.239990e-16,1.706010e-17,1.246015e-18,6.868340e-03
4.240000,3.307839223e-05,7.933409567e-06,3.638582584e-05,3.966692629e-06,3.092056064e-05,1.180975480e+00,3.870998203e+01,8.436489929e-09,1.344542e-16,6.321002e-17,1.566350e-17,6.901549e-03
4.250000,3.314905644e-05,7.892327968e-06,3.633529102e-05,3.946150548e-06,3.090270469e-05,1.185522789e+00,3.871021732e+01,8.424520775e-09,1.344606e-16,3.304769e-17,2.887092e-18,6.901009e-03
4.260000,3.322989726e-05,7.851483909e-06,3.627555917e-05,3.925666046e-06,3.089938367e-05,1.189177537e+00,3.870780926e+01,8.419420218e-09,5.558185e-16,2.768905e-17,6.630954e-18,6.903090e-03
4.270000,3.332138236e-05,7.810483121e-06,3.620765771e-05,3.905231284e-06,3.091126167e-05,1.191937702e+00,3.870274671e+01,8.421552674e-09,1.152274e-16,3.120427e-18,1.017487e-17,6.923549e-03
4.280000,3.342391626e-05,7.769723226e-06,3.613275393e-05,3.884838861e-06,3.093891615e-05,1.193803299e+00,3.869502088e+01,8.431255996e-09,1.311727e-16,2.708539e-17,1.587082e-17,6.899960e-03
4.290000,3.353783711e-05,7.729035666e-06,3.605215273e-05,3.864481878e-06,3.098283230e-05,1.194776375e+00,3.868462539e+01,8.448839797e-09,2.279404e-16,8.398518e-18,7.630761e-18,6.925090e-03
4.300000,3.366341408e-05,7.688306068e-06,3.596729291e-05,3.844153989e-06,3.104339834e-05,1.194861008e+00,3.867155628e+01,8.474583883e-09,6.680528e-17,2.499194e-17,3.889570e-18,6.958810e-03
4.310000,3.380084540e-05,7.647707965e-06,3.587974180e-05,3.823849459e-06,3.112090190e-05,1.194063297e+00,3.865581197e+01,8.508736814e-09,1.318723e-16,1.585750e-17,8.728098e-18,6.909430e-03
4.320000,3.395025700e-05,7.607185086e-06,3.579118816e-05,3.803563207e-06,3.121552755e-05,1.192391354e+00,3.863739327e+01,8.551514603e-09,2.437217e-16,1.588158e-17,2.664737e-17,6.904589e-03
4.330000,3.411170196e-05,7.566679950e-06,3.570343304e-05,3.783290850e-06,3.132735559e-05,1.189855283e+00,3.861630340e+01,8.603099549e-09,3.330754e-16,4.992911e-17,2.731685e-18,6.939419e-03
4.340000,3.428516054e-05,7.525897809e-06,3.561837861e-05,3.763028741e-06,3.145636202e-05,1.186467165e+00,3.859254794e+01,8.663639221e-09,6.690329e-16,3.215408e-17,1.975710e-17,6.954660e-03
4.350000,3.447054101e-05,7.485605408e-06,3.553801464e-05,3.742773995e-06,3.160241981e-05,1.182241032e+00,3.856613481e+01,8.733245605e-09,2.363342e-16,2.632156e-17,1.725514e-17,6.876749e-03
4.360000,3.466768102e-05,7.445094950e-06,3.546440268e-05,3.722524520e-06,3.176530136e-05,1.177192840e+00,3.853707431e+01,8.811994402e-09,1.582188e-16,4.389799e-17,1.911763e-17,6.887870e-03
4.370000,3.487634974e-05,7.404482809e-06,3.539965784e-05,3.702279027e-06,3.194468197e-05,1.171340433e+00,3.850537902e+01,8.899924498e-09,2.239884e-16,3.192880e-17,8.586675e-18,6.878290e-03
4.380000,3.509625049e-05,7.364008528e-06,3.534592815e-05,3.682037050e-06,3.214014451e-05,1.164703513e+00,3.847106382e+01,8.997037604e-09,2.375468e-16,3.231734e-17,7.533498e-18,6.916930e-03
4.390000,3.532702392e-05,7.323613753e-06,3.530537166e-05,3.661798947e-06,3.235118478e-05,1.157303592e+00,3.843414585e+01,9.103298060e-09,2.886704e-17,2.602000e-17,5.822345e-18,6.904720e-03
4.400000,3.556825162e-05,7.283177861e-06,3.528013147e-05,3.641565901e-06,3.257721783e-05,1.149163951e+00,3.839464448e+01,9.218632826e-09,1.227928e-16,1.792189e-17,1.258613e-17,6.926620e-03
4.410000,3.581946025e-05,7.242577531e-06,3.527230891e-05,3.621339918e-06,3.281758470e-05,1.140309591e+00,3.835258126e+01,9.342931633e-09,4.506672e-16,3.391464e-17,9.012581e-18,6.909530e-03
4.420000,3.608012581e-05,7.202179952e-06,3.528393548e-05,3.601123809e-06,3.307155976e-05,1.130767176e+00,3.830797991e+01,9.476047313e-09,2.418687e-16,1.010513e-17,1.734798e-17,6.871700e-03
4.430000,3.634967828e-05,7.161864543e-06,3.531694385e-05,3.580921176e-06,3.333835829e-05,1.120564978e+00,3.826086625e+01,9.617796303e-09,7.574120e-17,2.219591e-17,1.199634e-17,6.915560e-03
4.440000,3.662750642e-05,7.121570341e-06,3.537313873e-05,3.560736393e-06,3.361714422e-05,1.109732811e+00,3.821126820e+01,9.767959304e-09,3.421106e-16,2.313147e-18,1.999248e-17,6.842270e-03
4.450000,3.691296261e-05,7.081234994e-06,3.545416829e-05,3.540574571e-06,3.390703790e-05,1.098301969e+00,3.815921571e+01,9.926282122e-09,3.490543e-16,9.220693e-18,8.206077e-18,6.909330e-03
4.460000,3.720536782e-05,7.041047012e-06,3.556149682e-05,3.520441532e-06,3.420712380e-05,1.086305146e+00,3.810474069e+01,1.009247664e-08,5.760579e-16,3.898293e-17,1.432338e-18,6.912350e-03
4.470000,3.750401648e-05,7.000818635e-06,3.569637960e-05,3.500343772e-06,3.451645799e-05,1.073776363e+00,3.804787703e+01,1.026622199e-08,5.704410e-16,3.738113e-17,1.862683e-17,6.861150e-03
4.480000,3.780818128e-05,6.960740561e-06,3.585984056e-05,3.480288419e-06,3.483407533e-05,1.060750883e+00,3.798866050e+01,1.044716577e-08,5.631897e-16,6.229275e-17,9.551582e-18,6.878940e-03
4.490000,3.811711791e-05,6.920687066e-06,3.605265362e-05,3.460283191e-06,3.515899628e-05,1.047265118e+00,3.792712875e+01,1.063492555e-08,4.520742e-16,1.732821e-17,1.611980e-17,6.892690e-03
4.500000,3.843006954e-05,6.880852202e-06,3.627532813e-05,3.440336348e-06,3.549023336e-05,1.033356539e+00,3.786332120e+01,1.082909034e-08,6.694640e-16,5.507442e-17,4.942558e-18,6.889610e-03
4.510000,3.874627116e-05,6.840980128e-06,3.652809896e-05,3.420456647e-06,3.582679707e-05,1.019063561e+00,3.779727906e+01,1.102922230e-08,2.385742e-16,3.785477e-17,6.077687e-18,6.888439e-03
4.520000,3.906495366e-05,6.801461961e-06,3.681092156e-05,3.400653283e-06,3.616770133e-05,1.004425442e+00,3.772904526e+01,1.123485847e-08,5.588098e-16,3.667549e-17,1.896407e-17,6.964430e-03
4.530000,3.938534763e-05,6.761975542e-06,3.712347182e-05,3.380935846e-06,3.651196854e-05,9.894821480e-01,3.765866436e+01,1.144551267e-08,3.526700e-16,3.096170e-17,1.641963e-18,6.908240e-03
4.540000,3.970668695e-05,6.722521428e-06,3.746515094e-05,3.361314255e-06,3.685863395e-05,9.742742315e-01,3.758618260e+01,1.166067741e-08,4.688380e-16,5.064368e-17,1.419673e-17,6.920439e-03
4.550000,4.002821206e-05,6.683631769e-06,3.783509474e-05,3.341798713e-06,3.720674968e-05,9.588426797e-01,3.751164774e+01,1.187982592e-08,1.393861e-16,2.434513e-17,2.200720e-17,6.938080e-03
4.560000,4.034917291e-05,6.644915497e-06,3.823218714e-05,3.322399645e-06,3.755538819e-05,9.432287614e-01,3.743510911e+01,1.210241424e-08,4.560987e-16,1.760544e-17,3.052861e-17,6.947150e-03
4.570000,4.066883165e-05,6.606241216e-06,3.865507707e-05,3.303127644e-06,3.790364530e-05,9.274738551e-01,3.735661752e+01,1.232788332e-08,1.164997e-16,5.323560e-17,1.602343e-17,7.001989e-03
4.580000,4.098646504e-05,6.568082979e-06,3.910219845e-05,3.283993411e-06,3.825064269e-05,9.116192640e-01,3.727622521e+01,1.255566119e-08,2.298608e-16,5.110020e-17,1.176428e-17,6.981840e-03
4.590000,4.130136654e-05,6.529905786e-06,3.957179222e-05,3.265007706e-06,3.859553011e-05,8.957060142e-01,3.719398586e+01,1.278516513e-08,4.448502e-16,7.781102e-18,1.597954e-17,6.969980e-03
4.600000,4.161284811e-05,6.492256548e-06,4.006193008e-05,3.246181288e-06,3.893748705e-05,8.797746358e-01,3.710995446e+01,1.301580385e-08,4.475802e-16,3.017647e-17,5.645677e-19,6.970310e-03
4.610000,4.192024176e-05,6.454938112e-06,4.057053906e-05,3.227524862e-06,3.927572413e-05,8.638649262e-01,3.702418737e+01,1.324697970e-08,4.468614e-16,5.350319e-17,9.342133e-18,6.977839e-03
4.620000,4.222290081e-05,6.418371403e-06,4.109542658e-05,3.209049025e-06,3.960948405e-05,8.480156947e-01,3.693674220e+01,1.347809082e-08,8.916268e-16,2.525494e-17,1.988743e-17,6.962930e-03
4.630000,4.252020087e-05,6.381664758e-06,4.163430530e-05,3.190764222e-06,3.993804233e-05,8.322644886e-01,3.684767780e+01,1.370853330e-08,4.508743e-16,2.564235e-17,7.587198e-18,6.953640e-03
4.640000,4.281154063e-05,6.345445649e-06,4.218481759e-05,3.172680689e-06,4.026070763e-05,8.166473007e-01,3.675705425e+01,1.393770327e-08,2.508007e-16,5.113184e-17,2.375859e-17,6.975789e-03
4.650000,4.309634235e-05,6.309440938e-06,4.274455908e-05,3.154808406e-06,4.057682185e-05,8.011982597e-01,3.666493276e+01,1.416499897e-08,6.831800e-16,5.035517e-17,1.147899e-17,7.049659e-03
4.660000,4.337405217e-05,6.274149802e-06,4.331110136e-05,3.137157058e-06,4.088575999e-05,7.859493054e-01,3.657137569e+01,1.438982275e-08,4.460537e-16,3.464237e-17,5.028043e-18,6.973810e-03
4.670000,4.364414014e-05,6.239513176e-06,4.388201346e-05,3.119735987e-06,4.118692972e-05,7.709298505e-01,3.647644649e+01,1.461158301e-08,1.113354e-16,4.012360e-17,1.180723e-17,6.947999e-03
4.680000,4.390610013e-05,6.204897915e-06,4.445488216e-05,3.102554154e-06,4.147977078e-05,7.561664336e-01,3.638020964e+01,1.482969609e-08,6.661487e-16,3.178459e-17,7.259900e-18,6.959780e-03
4.690000,4.415944947e-05,6.171311906e-06,4.502733118e-05,3.085620100e-06,4.176375413e-05,7.416823674e-01,3.628273065e+01,1.504358796e-08,2.439949e-16,3.092656e-17,6.548070e-18,6.950660e-03
4.700000,4.440372846e-05,6.137976231e-06,4.559703910e-05,3.068941909e-06,4.203838099e-05,7.274973887e-01,3.618407602e+01,1.525269603e-08,2.339577e-16,2.334299e-17,2.291348e-17,6.967329e-03
4.710000,4.463849968e-05,6.105185956e-06,4.616175639e-05,3.052527179e-06,4.230318160e-05,7.136273159e-01,3.608431317e+01,1.545647064e-08,4.482782e-16,2.614348e-17,1.249668e-17,6.975450e-03
4.720000,4.486334717e-05,6.072730536e-06,4.671932132e-05,3.036382989e-06,4.255771399e-05,7.000837223e-01,3.598351042e+01,1.565437662e-08,2.300250e-16,1.968531e-17,1.748789e-17,6.969180e-03
4.730000,4.507787543e-05,6.040909429e-06,4.726767514e-05,3.020515874e-06,4.280156239e-05,6.868736333e-01,3.588173695e+01,1.584589463e-08,2.442418e-16,4.744509e-17,7.357098e-18,6.932150e-03
4.740000,4.528170829e-05,6.010028284e-06,4.780487646e-05,3.004931798e-06,4.303433577e-05,6.739992569e-01,3.577906277e+01,1.603052247e-08,5.635607e-16,2.077221e-17,2.079737e-17,6.932259e-03
4.750000,4.547448772e-05,5.979284734e-06,4.832911506e-05,2.989636135e-06,4.325566601e-05,6.614577551e-01,3.567555865e+01,1.620777621e-08,5.722260e-17,3.122033e-17,1.096166e-17,6.992940e-03
4.760000,4.565587243e-05,5.949203463e-06,4.883872526e-05,2.974633648e-06,4.346520617e-05,6.492410657e-01,3.557129609e+01,1.637719129e-08,2.249920e-16,7.194804e-17,4.910904e-18,6.985750e-03
4.770000,4.582553641e-05,5.919944601e-06,4.933219879e-05,2.959928475e-06,4.366262859e-05,6.373357817e-01,3.546634727e+01,1.653832341e-08,2.420688e-16,3.739704e-17,8.280916e-18,6.984769e-03
4.780000,4.598316743e-05,5.890992734e-06,4.980819754e-05,2.945524114e-06,4.384762286e-05,6.257230941e-01,3.536078500e+01,1.669074941e-08,2.264560e-16,1.098956e-16,2.213598e-17,6.958189e-03
4.790000,4.612846541e-05,5.862579663e-06,5.026556601e-05,2.931423415e-06,4.401989383e-05,6.143788041e-01,3.525468266e+01,1.683406793e-08,8.955006e-16,4.173067e-17,2.072953e-17,6.955080e-03
4.800000,4.626114073e-05,5.835398224e-06,5.070334368e-05,2.917628574e-06,4.417915951e-05,6.032734054e-01,3.514811417e+01,1.696790006e-08,4.450931e-16,5.984215e-17,1.064233e-17,6.991790e-03
4.810000,4.638091251e-05,5.808242498e-06,5.112077728e-05,2.904141122e-06,4.432514892e-05,5.923722386e-01,3.504115387e+01,1.709188983e-08,2.183333e-17,3.742703e-17,1.125351e-17,6.946809e-03
4.820000,4.648750688e-05,5.781804161e-06,5.151733307e-05,2.890961934e-06,4.445759996e-05,5.816357145e-01,3.493387651e+01,1.720570464e-08,4.444596e-16,8.798573e-17,1.320552e-17,6.969149e-03
4.830000,4.658065514e-05,5.756170250e-06,5.189270907e-05,2.878091222e-06,4.457625720e-05,5.710196026e-01,3.482635718e+01,1.730903555e-08,5.692473e-17,3.659543e-17,6.276394e-18,6.950499e-03
4.840000,4.666009202e-05,5.731196587e-06,5.224684725e-05,2.865528543e-06,4.468086977e-05,5.604753785e-01,3.471867117e+01,1.740159754e-08,3.524413e-16,1.023718e-17,1.300910e-17,6.934300e-03
4.850000,4.672555387e-05,5.706502745e-06,5.257994569e-05,2.853272811e-06,4.477118914e-05,5.499506218e-01,3.461089399e+01,1.748312968e-08,2.232003e-16,4.794106e-17,1.288306e-17,6.959770e-03
4.860000,4.677677693e-05,5.682717586e-06,5.289247055e-05,2.841322298e-06,4.484696703e-05,5.393894562e-01,3.450310118e+01,1.755339523e-08,2.322348e-16,5.022173e-17,9.029465e-18,6.927869e-03
4.870000,4.681349558e-05,5.659146354e-06,5.318516792e-05,2.829674657e-06,4.490795333e-05,5.287330221e-01,3.439536832e+01,1.761218169e-08,6.681227e-16,2.190323e-17,1.144052e-17,6.940239e-03
4.880000,4.683544067e-05,5.636658445e-06,5.345907519e-05,2.818326932e-06,4.495389407e-05,5.179199715e-01,3.428777084e+01,1.765930083e-08,1.342056e-16,5.057267e-17,1.302231e-17,6.970989e-03
4.890000,4.684233797e-05,5.614713245e-06,5.371553204e-05,2.807275584e-06,4.498452949e-05,5.068869781e-01,3.418038400e+01,1.769458871e-08,4.561471e-16,2.685134e-17,3.606731e-18,6.953639e-03
4.900000,4.683390661e-05,5.593158347e-06,5.395619060e-05,2.796516506e-06,4.499959218e-05,4.955692538e-01,3.407328270e+01,1.771790566e-08,3.339743e-16,2.211018e-17,4.954480e-17,7.042089e-03
4.910000,4.680985771e-05,5.571918580e-06,5.418302465e-05,2.786045054e-06,4.499880537e-05,4.839010672e-01,3.396654145e+01,1.772913634e-08,4.480373e-16,2.236131e-17,8.022582e-18,6.927590e-03
4.920000,4.676989308e-05,5.551797520e-06,5.439833755e-05,2.775856071e-06,4.498188129e-05,4.718162617e-01,3.386023416e+01,1.772818974e-08,2.248175e-16,2.258453e-17,6.714635e-18,6.939410e-03
4.930000,4.671370411e-05,5.531924389e-06,5.460476846e-05,2.765943922e-06,4.494851975e-05,4.592487720e-01,3.375443410e+01,1.771499936e-08,1.947662e-16,5.002807e-17,8.190355e-18,6.953180e-03
4.940000,4.664097075e-05,5.512543556e-06,5.480529649e-05,2.756302518e-06,4.489840681e-05,4.461331467e-01,3.364921369e+01,1.768952336e-08,2.358394e-16,3.410980e-17,1.128106e-17,6.961130e-03
4.950000,4.655136078e-05,5.493983565e-06,5.500324226e-05,2.746925363e-06,4.483121373e-05,4.324050845e-01,3.354464438e+01,1.765174491e-08,3.406871e-16,6.954316e-17,1.804273e-17,6.966850e-03
4.960000,4.644452912e-05,5.475441768e-06,5.520226643e-05,2.737805581e-06,4.474659603e-05,4.180020033e-01,3.344079654e+01,1.760167260e-08,4.516252e-16,4.334261e-17,1.061788e-17,6.923669e-03
4.970000,4.632011754e-05,5.457894834e-06,5.540636452e-05,2.728935959e-06,4.464419287e-05,4.028636685e-01,3.333773923e+01,1.753934100e-08,1.166578e-16,1.099737e-16,3.852302e-18,6.924319e-03
4.980000,4.617775449e-05,5.440781061e-06,5.561985755e-05,2.720308987e-06,4.452362659e-05,3.869329259e-01,3.323554013e+01,1.746481152e-08,4.445247e-16,1.315775e-17,1.916201e-17,6.929489e-03
4.990000,4.601705522e-05,5.423858923e-06,5.584737791e-05,2.711916900e-06,4.438450260e-05,3.701566040e-01,3.313426528e+01,1.737817332e-08,1.269460e-16,1.722806e-17,2.129198e-17,6.987140e-03
5.000000,4.583762222e-05,5.407458732e-06,5.609384990e-05,2.703751718e-06,4.422640951e-05,3.524866937e-01,3.303397899e+01,1.727954457e-08,1.309362e-16,1.159627e-17,2.418720e-17,6.934239e-03
5.010000,4.563842005e-05,5.391502881e-06,5.785815567e-05,2.695806052e-06,4.404826199e-05,3.556374875e-01,3.294205216e+01,1.725391713e-08,2.265508e-16,3.122033e-17,6.940748e-18,6.899870e-03
5.020000,4.542184153e-05,5.376408343e-06,5.958435766e-05,2.688075681e-06,4.385250962e-05,3.587871748e-01,3.285016484e+01,1.721729465e-08,7.045104e-16,2.772190e-17,2.656464e-17,6.911960e-03
5.030000,4.518962457e-05,5.361354138e-06,6.124839891e-05,2.680557612e-06,4.364091299e-05,3.619348094e-01,3.275832541e+01,1.716940059e-08,6.873163e-16,1.420552e-17,1.420743e-17,6.916580e-03
5.040000,4.494344177e-05,5.346340609e-06,6.283370699e-05,2.673249288e-06,4.341516448e-05,3.650794494e-01,3.266654230e+01,1.711021952e-08,4.449837e-16,7.290895e-17,1.230616e-17,6.938060e-03
5.050000,4.468489764e-05,5.332367573e-06,6.432936742e-05,2.666148503e-06,4.317688595e-05,3.682201568e-01,3.257482398e+01,1.703994838e-08,2.331075e-16,3.718782e-17,1.944733e-17,6.949939e-03
5.060000,4.441552684e-05,5.318608323e-06,6.572871460e-05,2.659253329e-06,4.292762738e-05,3.713559980e-01,3.248317897e+01,1.695895453e-08,2.267709e-16,6.540770e-17,3.772623e-17,6.938370e-03
5.070000,4.413679331e-05,5.305231940e-06,6.702825754e-05,2.652562054e-06,4.266886630e-05,3.744860437e-01,3.239161583e+01,1.686773955e-08,2.229234e-16,1.673068e-17,7.353035e-18,6.926789e-03
5.080000,4.385009012e-05,5.292157415e-06,6.822686529e-05,2.646073124e-06,4.240200795e-05,3.776093692e-01,3.230014316e+01,1.676690843e-08,1.841047e-17,3.488087e-17,1.352007e-18,6.900470e-03
5.090000,4.355673977e-05,5.279723449e-06,6.932515058e-05,2.639785097e-06,4.212838580e-05,3.807250546e-01,3.220876961e+01,1.665714310e-08,4.484444e-16,3.240751e-17,1.212673e-17,6.942550e-03
5.100000,4.325799502e-05,5.267175820e-06,7.032500311e-05,2.633696594e-06,4.184926258e-05,3.838321847e-01,3.211750388e+01,1.653918012e-08,6.758649e-16,1.420346e-17,2.212383e-18,6.965239e-03
5.110000,4.295503996e-05,5.255612303e-06,7.122923585e-05,2.627806263e-06,4.156583152e-05,3.869298499e-01,3.202635470e+01,1.641379175e-08,1.492970e-17,2.685026e-17,1.243789e-18,6.997320e-03
5.120000,4.264899147e-05,5.244277335e-06,7.204131621e-05,2.622112744e-06,4.127921795e-05,3.900171459e-01,3.193533086e+01,1.628177010e-08,1.119138e-16,7.532783e-18,3.040896e-17,6.950889e-03
5.130000,4.234090075e-05,5.233511833e-06,7.276516156e-05,2.616614634e-06,4.099048092e-05,3.930931744e-01,3.184444119e+01,1.614391395e-08,7.774621e-16,4.155484e-17,1.105488e-17,6.988050e-03
5.140000,4.203175504e-05,5.222724140e-06,7.340498319e-05,2.611310459e-06,4.070061505e-05,3.961570433e-01,3.175369457e+01,1.600101784e-08,2.260604e-16,2.205736e-17,1.714514e-17,6.965510e-03
5.150000,4.172247950e-05,5.212340135e-06,7.396516743e-05,2.606198647e-06,4.041055245e-05,3.992078670e-01,3.166309991e+01,1.585386316e-08,2.378328e-16,7.683797e-17,2.676990e-17,6.977090e-03
5.160000,4.141393909e-05,5.202703674e-06,7.445018486e-05,2.601277501e-06,4.012116467e-05,4.022447668e-01,3.157266617e+01,1.570321101e-08,3.462610e-16,3.517299e-17,6.121752e-18,6.948010e-03
5.170000,4.110694050e-05,5.193220361e-06,7.486452126e-05,2.596545178e-06,3.983326472e-05,4.052668718e-01,3.148240238e+01,1.554979647e-08,3.728566e-16,6.402042e-17,2.364414e-17,6.992090e-03
5.180000,4.080223415e-05,5.183976702e-06,7.521262527e-05,2.591999663e-06,3.954760905e-05,4.082733186e-01,3.139231758e+01,1.539432425e-08,1.568620e-17,4.321040e-17,6.917097e-18,6.960090e-03
5.190000,4.050051617e-05,5.175660454e-06,7.549886890e-05,2.587638750e-06,3.926489958e-05,4.112632526e-01,3.130242088e+01,1.523746531e-08,1.002775e-15,2.956749e-17,6.800581e-18,6.946780e-03
5.200000,4.020243035e-05,5.166901096e-06,7.572751810e-05,2.583460022e-06,3.898578570e-05,4.142358278e-01,3.121272142e+01,1.507985452e-08,1.320410e-16,3.791209e-17,2.099214e-17,6.949249e-03
5.210000,3.990857011e-05,5.159073822e-06,7.590271114e-05,2.579460836e-06,3.871086622e-05,4.171902079e-01,3.112322840e+01,1.492208903e-08,3.344263e-16,1.339477e-17,2.095744e-17,6.955459e-03
5.220000,3.961948039e-05,5.151320864e-06,7.602844309e-05,2.575638299e-06,3.844069131e-05,4.201255667e-01,3.103395106e+01,1.476472737e-08,1.169338e-16,1.788099e-17,1.669208e-17,6.973239e-03
5.230000,3.933565962e-05,5.143901564e-06,7.610855500e-05,2.571989255e-06,3.817576444e-05,4.230410885e-01,3.094489868e+01,1.460828903e-08,2.238299e-16,8.153175e-17,2.520189e-17,7.092829e-03
5.240000,3.905756150e-05,5.136903819e-06,7.614672692e-05,2.568510270e-06,3.791654421e-05,4.259359690e-01,3.085608059e+01,1.445325457e-08,2.224686e-16,3.616094e-17,2.198560e-17,6.994849e-03
5.250000,3.878559688e-05,5.130589033e-06,7.614647372e-05,2.565197618e-06,3.766344619e-05,4.288094159e-01,3.076750617e+01,1.430006607e-08,4.611271e-16,6.901641e-17,1.150735e-17,6.995199e-03
5.260000,3.852013549e-05,5.124266465e-06,7.611114329e-05,2.562047266e-06,3.741684471e-05,4.316606495e-01,3.067918484e+01,1.414912790e-08,4.476285e-16,3.328962e-17,1.309694e-17,7.015519e-03
5.270000,3.826150776e-05,5.118196392e-06,7.604391648e-05,2.559054862e-06,3.717707463e-05,4.344889033e-01,3.059112606e+01,1.400080774e-08,2.239007e-16,3.524542e-17,6.832798e-18,6.983170e-03
5.280000,3.801000646e-05,5.112379716e-06,7.594780842e-05,2.556215727e-06,3.694443301e-05,4.372934249e-01,3.050333934e+01,1.385543776e-08,7.552336e-17,3.475968e-17,1.305086e-17,6.955649e-03
5.290000,3.776588841e-05,5.107165129e-06,7.582567090e-05,2.553524842e-06,3.671918081e-05,4.400734766e-01,3.041583425e+01,1.371331601e-08,2.280471e-16,6.190602e-17,3.065449e-17,6.961220e-03
5.300000,3.752937607e-05,5.101858168e-06,7.568019566e-05,2.550976843e-06,3.650154453e-05,4.428283362e-01,3.032862039e+01,1.357470789e-08,2.296560e-16,2.106036e-17,1.382907e-17,6.945860e-03
5.310000,3.730065919e-05,5.097155592e-06,7.551391813e-05,2.548566011e-06,3.629171777e-05,4.455572977e-01,3.024170739e+01,1.343984765e-08,6.051997e-17,4.859898e-17,9.455352e-18,7.001909e-03
5.320000,3.707989632e-05,5.092535879e-06,7.532922183e-05,2.546286269e-06,3.608986284e-05,4.482596720e-01,3.015510497e+01,1.330894002e-08,5.648280e-17,3.125094e-17,9.367463e-18,6.995839e-03
5.330000,3.686721637e-05,5.088261091e-06,7.512834300e-05,2.544131178e-06,3.589611227e-05,4.509347879e-01,3.006882284e+01,1.318216180e-08,5.248733e-17,1.872088e-17,2.063580e-17,7.011039e-03
5.340000,3.666272008e-05,5.084506787e-06,7.491337544e-05,2.542093932e-06,3.571057031e-05,4.535819924e-01,2.998287080e+01,1.305966350e-08,8.900687e-16,3.720860e-17,1.103937e-17,6.979949e-03
5.350000,3.646648148e-05,5.080574892e-06,7.468627560e-05,2.540167360e-06,3.553331438e-05,4.562006520e-01,2.989725866e+01,1.294157093e-08,5.975850e-16,2.821096e-17,1.933869e-17,6.992129e-03
5.360000,3.627854936e-05,5.076552474e-06,7.444886773e-05,2.538343924e-06,3.536439657e-05,4.587901530e-01,2.981199630e+01,1.282798683e-08,4.440988e-16,1.354169e-17,7.802968e-18,6.961889e-03
5.370000,3.609894863e-05,5.073052128e-06,7.420284904e-05,2.536615727e-06,3.520384495e-05,4.613499027e-01,2.972709363e+01,1.271899235e-08,4.468031e-16,2.483667e-17,1.590075e-17,6.965249e-03
5.380000,3.592768170e-05,5.069812155e-06,7.394979491e-05,2.534974508e-06,3.505166505e-05,4.638793299e-01,2.964256060e+01,1.261464863e-08,4.492092e-16,3.466135e-17,7.507909e-18,6.979980e-03
5.390000,3.576472982e-05,5.066920702e-06,7.369116408e-05,2.533411657e-06,3.490784115e-05,4.663778855e-01,2.955840721e+01,1.251499822e-08,2.254044e-16,1.698713e-17,1.017768e-17,6.972940e-03
5.400000,3.561005443e-05,5.064027598e-06,7.342830374e-05,2.531918217e-06,3.477233758e-05,4.688450435e-01,2.947464351e+01,1.242006646e-08,4.682712e-16,4.695660e-17,1.259575e-17,6.983530e-03
5.410000,3.546359836e-05,5.060869598e-06,7.316245463e-05,2.530484895e-06,3.464510009e-05,4.712803018e-01,2.939127956e+01,1.232986290e-08,2.393226e-16,2.427880e-17,1.212420e-17,6.966929e-03
5.420000,3.532528717e-05,5.058148629e-06,7.289475598e-05,2.529102071e-06,3.452605704e-05,4.736831827e-01,2.930832550e+01,1.224438250e-08,2.391700e-16,1.526158e-17,1.404949e-17,6.975240e-03
5.430000,3.519503032e-05,5.055865398e-06,7.262625043e-05,2.527759814e-06,3.441512063e-05,4.760532333e-01,2.922579149e+01,1.216360691e-08,8.896794e-16,5.975659e-17,2.835019e-18,6.969729e-03
5.440000,3.507272236e-05,5.053229617e-06,7.235788879e-05,2.526447893e-06,3.431218812e-05,4.783900271e-01,2.914368772e+01,1.208750558e-08,8.121853e-16,4.647326e-17,1.420887e-17,6.905070e-03
5.450000,3.495824412e-05,5.050504533e-06,7.209053473e-05,2.525155795e-06,3.421714301e-05,4.806931634e-01,2.906202445e+01,1.201603690e-08,5.692294e-16,1.763579e-17,1.130711e-17,6.926899e-03
5.460000,3.485146377e-05,5.047953928e-06,7.182496938e-05,2.523872740e-06,3.412985608e-05,4.829622690e-01,2.898081194e+01,1.194914919e-08,5.608667e-16,4.782739e-17,4.372178e-18,6.922509e-03
5.470000,3.475223799e-05,5.045225994e-06,7.156189572e-05,2.522587703e-06,3.405018658e-05,4.851969981e-01,2.890006052e+01,1.188678170e-08,1.121376e-16,3.090028e-17,6.705529e-18,6.918630e-03
5.480000,3.466041296e-05,5.042936911e-06,7.130194297e-05,2.521289434e-06,3.397798322e-05,4.873970330e-01,2.881978054e+01,1.182886549e-08,8.917305e-16,6.032288e-17,9.310358e-18,6.903849e-03
5.490000,3.457582538e-05,5.040030040e-06,7.104567081e-05,2.519966475e-06,3.391308520e-05,4.895620849e-01,2.873998239e+01,1.177532430e-08,2.277608e-16,5.706944e-17,1.000790e-17,6.915059e-03
5.500000,3.449830351e-05,5.037209654e-06,7.079357345e-05,2.518607192e-06,3.385532320e-05,4.916918937e-01,2.866067649e+01,1.172607535e-08,1.033628e-16,2.015433e-17,4.528916e-18,6.937560e-03
5.510000,3.442766801e-05,5.034475898e-06,7.054608365e-05,2.517199793e-06,3.380452028e-05,4.937862291e-01,2.858187330e+01,1.168103005e-08,1.145059e-16,4.079216e-17,9.631488e-18,6.960589e-03
5.520000,3.436373295e-05,5.031828913e-06,7.030357655e-05,2.515732355e-06,3.376049282e-05,4.958448906e-01,2.850358329e+01,1.164009472e-08,8.893035e-16,1.956036e-17,6.948969e-18,6.951759e-03
5.530000,3.430630658e-05,5.028474066e-06,7.006637343e-05,2.514192854e-06,3.372305133e-05,4.978677079e-01,2.842581700e+01,1.160317119e-08,2.232017e-16,6.810730e-17,5.078608e-18,6.944629e-03
5.540000,3.425519221e-05,5.025205352e-06,6.983474532e-05,2.512569189e-06,3.369200127e-05,4.998545410e-01,2.834858497e+01,1.157015746e-08,2.247366e-16,4.198776e-17,1.299263e-17,6.942969e-03
5.550000,3.421018896e-05,5.021669214e-06,6.960891651e-05,2.510849217e-06,3.366714386e-05,5.018052807e-01,2.827189777e+01,1.154094815e-08,2.230103e-16,4.258924e-17,1.272906e-17,6.965720e-03
5.560000,3.417109254e-05,5.017953587e-06,6.938906791e-05,2.509020776e-06,3.364827674e-05,5.037198485e-01,2.819576600e+01,1.151543508e-08,2.315016e-16,5.870833e-17,2.405506e-17,7.024279e-03
5.570000,3.413769588e-05,5.014412335e-06,6.917534032e-05,2.507071721e-06,3.363519471e-05,5.055981967e-01,2.812020029e+01,1.149350771e-08,6.689758e-16,5.015950e-17,8.883304e-18,6.942789e-03
5.580000,3.410978989e-05,5.010070890e-06,6.896783757e-05,2.504989956e-06,3.362769032e-05,5.074403087e-01,2.804521128e+01,1.147505356e-08,2.353575e-16,3.358102e-17,9.352087e-19,6.946040e-03
5.590000,3.408716397e-05,5.005725679e-06,6.876662952e-05,2.502763462e-06,3.362555454e-05,5.092461985e-01,2.797080965e+01,1.145995861e-08,5.642102e-16,3.340068e-17,1.839257e-17,6.962469e-03
5.600000,3.406960669e-05,5.000843905e-06,6.857175496e-05,2.500380334e-06,3.362857725e-05,5.110159109e-01,2.789700607e+01,1.144810766e-08,1.123112e-16,8.192984e-18,2.440781e-17,6.944479e-03
5.610000,3.405690627e-05,4.995868470e-06,6.838322437e-05,2.497828813e-06,3.363654780e-05,5.127495213e-01,2.782381126e+01,1.143938466e-08,5.555911e-16,3.071467e-17,1.052642e-17,6.939720e-03
5.620000,3.404885110e-05,4.990265176e-06,6.820102261e-05,2.495097318e-06,3.364925549e-05,5.144471352e-01,2.775123593e+01,1.143367299e-08,1.344271e-16,7.902250e-17,2.520652e-17,6.939959e-03
5.630000,3.404523022e-05,4.984121008e-06,6.802511141e-05,2.492174485e-06,3.366649001e-05,5.161088883e-01,2.767929081e+01,1.143085576e-08,6.716557e-16,1.384382e-17,1.493708e-17,6.942550e-03
5.640000,3.404583375e-05,4.977880044e-06,6.785543180e-05,2.489049194e-06,3.368804184e-05,5.177349457e-01,2.760798664e+01,1.143081605e-08,4.476913e-16,2.018797e-17,5.245752e-18,6.944759e-03
5.650000,3.405045327e-05,4.971363264e-06,6.769190644e-05,2.485710611e-06,3.371370265e-05,5.193255016e-01,2.753733416e+01,1.143343713e-08,2.559322e-16,3.077865e-17,2.436622e-17,6.956230e-03
5.660000,3.405888221e-05,4.964122305e-06,6.753444175e-05,2.482148215e-06,3.374326560e-05,5.208807787e-01,2.746734413e+01,1.143860267e-08,4.464664e-16,4.039774e-17,6.076612e-18,6.953919e-03
5.670000,3.407091617e-05,4.956960357e-06,6.738292998e-05,2.478351836e-06,3.377652568e-05,5.224010277e-01,2.739802730e+01,1.144619695e-08,6.663659e-16,5.136437e-17,7.833511e-18,6.967149e-03
5.680000,3.408635322e-05,4.948801041e-06,6.723725121e-05,2.474311688e-06,3.381328001e-05,5.238865264e-01,2.732939442e+01,1.145610496e-08,4.512144e-16,8.411044e-18,1.519137e-17,6.945729e-03
5.690000,3.410499418e-05,4.939999014e-06,6.709727514e-05,2.470018403e-06,3.385332801e-05,5.253375792e-01,2.726145624e+01,1.146821263e-08,9.834066e-17,3.102359e-17,1.037004e-17,6.948559e-03
5.700000,3.412664288e-05,4.930821033e-06,6.696286281e-05,2.465463061e-06,3.389647173e-05,5.267545160e-01,2.719422349e+01,1.148240693e-08,2.220583e-16,4.861920e-17,7.282313e-18,6.972399e-03
5.710000,3.415110635e-05,4.921445469e-06,6.683386826e-05,2.460637228e-06,3.394251596e-05,5.281376914e-01,2.712770691e+01,1.149857598e-08,3.375536e-16,3.904930e-17,9.135378e-18,6.970189e-03
5.720000,3.417819506e-05,4.911328692e-06,6.671014000e-05,2.455532980e-06,3.399126846e-05,5.294874837e-01,2.706191722e+01,1.151660918e-08,6.698418e-16,1.494322e-17,1.480868e-17,6.973899e-03
5.730000,3.420772306e-05,4.900556733e-06,6.659152243e-05,2.450142940e-06,3.404254011e-05,5.308042939e-01,2.699686511e+01,1.153639733e-08,6.759290e-16,2.018899e-17,1.437662e-17,6.959450e-03
5.740000,3.423950814e-05,4.888943593e-06,6.647785714e-05,2.444460305e-06,3.409614499e-05,5.320885447e-01,2.693256126e+01,1.155783266e-08,1.153635e-16,2.813624e-17,8.398211e-18,6.984649e-03
5.750000,3.427337197e-05,4.877211748e-06,6.636898411e-05,2.438478877e-06,3.415190058e-05,5.333406788e-01,2.686901632e+01,1.158080897e-08,5.554004e-16,4.259455e-17,4.554699e-17,6.953550e-03
5.760000,3.430914025e-05,4.864538790e-06,6.626474280e-05,2.432193088e-06,3.420962781e-05,5.345611583e-01,2.680624093e+01,1.160522165e-08,3.353775e-16,2.849085e-18,1.080575e-17,6.953660e-03
5.770000,3.434664275e-05,4.850917341e-06,6.616497318e-05,2.425598028e-06,3.426915114e-05,5.357504630e-01,2.674424567e+01,1.163096780e-08,6.778488e-16,5.524923e-17,3.055879e-17,6.956439e-03
5.780000,3.438571343e-05,4.837441144e-06,6.606951661e-05,2.418689471e-06,3.433029866e-05,5.369090891e-01,2.668304111e+01,1.165794623e-08,2.220927e-16,1.372697e-17,2.290803e-17,6.944479e-03
5.790000,3.442619050e-05,4.823006615e-06,6.597821672e-05,2.411463897e-06,3.439290212e-05,5.380375481e-01,2.662263776e+01,1.168605753e-08,2.231864e-16,6.498600e-17,9.277883e-18,6.947799e-03
5.800000,3.446791651e-05,4.808066962e-06,6.589092007e-05,2.403918516e-06,3.445679700e-05,5.391363648e-01,2.656304610e+01,1.171520415e-08,5.624802e-16,2.531029e-17,1.283797e-17,6.936310e-03
5.810000,3.451073835e-05,4.792061461e-06,6.580747689e-05,2.396051287e-06,3.452182255e-05,5.402060762e-01,2.650427655e+01,1.174529036e-08,2.500868e-16,4.490522e-17,5.863947e-18,6.933500e-03
5.820000,3.455450731e-05,4.775909337e-06,6.572774158e-05,2.387860935e-06,3.458782179e-05,5.412472299e-01,2.644633949e+01,1.177622237e-08,4.474380e-16,6.477139e-17,3.047452e-17,6.939770e-03
5.830000,3.459907911e-05,4.758862610e-06,6.565157324e-05,2.379346972e-06,3.465464157e-05,5.422603824e-01,2.638924524e+01,1.180790833e-08,4.450188e-16,4.972107e-17,9.096892e-18,6.955760e-03
5.840000,3.464431394e-05,4.741098970e-06,6.557883610e-05,2.370509708e-06,3.472213256e-05,5.432460977e-01,2.633300405e+01,1.184025832e-08,2.335225e-16,2.221574e-17,1.720349e-17,6.964119e-03
5.850000,3.469007642e-05,4.722610327e-06,6.550939984e-05,2.361350263e-06,3.479014928e-05,5.442049455e-01,2.627762611e+01,1.187318443e-08,2.239636e-16,2.761816e-17,3.057283e-18,6.964570e-03
5.860000,3.473623565e-05,4.703671378e-06,6.544313991e-05,2.351870582e-06,3.485855008e-05,5.451374996e-01,2.622312154e+01,1.190660075e-08,2.333732e-16,1.019527e-17,6.053182e-18,6.967239e-03
5.870000,3.478266519e-05,4.684181858e-06,6.537993770e-05,2.342073437e-06,3.492719719e-05,5.460443363e-01,2.616950038e+01,1.194042342e-08,5.062811e-17,3.369342e-17,1.274048e-17,6.981210e-03
5.880000,3.482924307e-05,4.663944433e-06,6.531968072e-05,2.331962432e-06,3.499595666e-05,5.469260326e-01,2.611677260e+01,1.197457060e-08,1.144804e-16,3.209407e-17,1.307045e-17,7.000490e-03
5.890000,3.487585178e-05,4.642853675e-06,6.526226272e-05,2.321542011e-06,3.506469842e-05,5.477831648e-01,2.606494808e+01,1.200896253e-08,4.443009e-16,4.805331e-17,2.386210e-18,7.094529e-03
5.900000,3.492237825e-05,4.621570581e-06,6.520758368e-05,2.310817451e-06,3.513329621e-05,5.486163067e-01,2.601403661e+01,1.204352152e-08,2.232925e-16,1.527204e-17,7.406341e-18,6.992440e-03
5.910000,3.496871381e-05,4.599609761e-06,6.515554985e-05,2.299794863e-06,3.520162764e-05,5.494260277e-01,2.596404788e+01,1.207817200e-08,2.149974e-17,1.719893e-17,2.811120e-18,6.977710e-03
5.920000,3.501475424e-05,4.576961460e-06,6.510607366e-05,2.288481184e-06,3.526957416e-05,5.502128917e-01,2.591499148e+01,1.211284048e-08,1.936360e-17,1.518718e-17,1.377125e-17,6.960039e-03
5.930000,3.506039968e-05,4.553615419e-06,6.505907362e-05,2.276884167e-06,3.533702104e-05,5.509774550e-01,2.586687692e+01,1.214745559e-08,2.226029e-16,1.849038e-17,8.500401e-18,7.014989e-03
5.940000,3.510555466e-05,4.529756931e-06,6.501447418e-05,2.265012368e-06,3.540385736e-05,5.517202652e-01,2.581971356e+01,1.218194811e-08,4.441484e-16,2.850685e-17,1.131138e-17,6.972319e-03
5.950000,3.515012803e-05,4.505673550e-06,6.497220557e-05,2.252875133e-06,3.546997607e-05,5.524418589e-01,2.577351069e+01,1.221625094e-08,2.298673e-16,1.860210e-17,2.654909e-17,6.960539e-03
5.960000,3.519403298e-05,4.481064350e-06,6.493220353e-05,2.240482572e-06,3.553527391e-05,5.531427612e-01,2.572827744e+01,1.225029916e-08,2.286482e-16,3.003214e-17,1.021125e-18,6.982849e-03
5.970000,3.523718698e-05,4.455820956e-06,6.489440911e-05,2.227845542e-06,3.559965144e-05,5.538234835e-01,2.568402285e+01,1.228403000e-08,2.242323e-16,5.516497e-17,3.540315e-17,6.948610e-03
5.980000,3.527951178e-05,4.430032772e-06,6.485876834e-05,2.214975618e-06,3.566301306e-05,5.544845221e-01,2.564075581e+01,1.231738286e-08,1.244771e-16,3.414926e-17,1.401333e-17,6.934330e-03
5.990000,3.532093336e-05,4.403589381e-06,6.482523199e-05,2.201885060e-06,3.572526697e-05,5.551263575e-01,2.559848508e+01,1.235029933e-08,4.508077e-16,4.237719e-17,8.949059e-18,6.859190e-03
6.000000,3.536138193e-05,4.377189152e-06,6.479375518e-05,2.188586783e-06,3.578632519e-05,5.557494523e-01,2.555721928e+01,1.238272322e-08,6.324466e-17,1.610026e-17,1.057990e-17,6.867239e-03
6.010000,3.540079187e-05,4.350220407e-06,6.476429708e-05,2.175094315e-06,3.584610360e-05,5.563542505e-01,2.551696691e+01,1.241460052e-08,1.195426e-16,4.682104e-17,1.474103e-17,6.860870e-03
6.020000,3.543910173e-05,4.322877971e-06,6.473682055e-05,2.161421761e-06,3.590452189e-05,5.569411761e-01,2.547773628e+01,1.244587946e-08,4.232673e-17,1.312321e-17,9.998032e-18,6.872100e-03
6.030000,3.547625416e-05,4.295154707e-06,6.471129172e-05,2.147583749e-06,3.596150358e-05,5.575106322e-01,2.543953557e+01,1.247651049e-08,1.337539e-16,1.592571e-17,7.605112e-18,6.864270e-03
6.040000,3.551219595e-05,4.266939117e-06,6.468767969e-05,2.133595390e-06,3.601697607e-05,5.580629998e-01,2.540237282e+01,1.250644631e-08,4.458437e-16,4.739958e-17,1.244076e-17,6.846329e-03
6.050000,3.554687793e-05,4.239059540e-06,6.466595606e-05,2.119472219e-06,3.607087060e-05,5.585986369e-01,2.536625587e+01,1.253564188e-08,3.335356e-16,2.183998e-17,7.529842e-18,6.881280e-03
6.060000,3.558025499e-05,4.210678997e-06,6.464609461e-05,2.105230142e-06,3.612312229e-05,5.591178778e-01,2.533119241e+01,1.256405444e-08,4.575614e-16,3.528466e-17,1.559297e-17,6.892679e-03
6.070000,3.561228602e-05,4.181893481e-06,6.462807088e-05,2.090885372e-06,3.617367014e-05,5.596210322e-01,2.529718998e+01,1.259164348e-08,3.449452e-16,3.044095e-17,6.153509e-18,6.930450e-03
6.080000,3.564293387e-05,4.152801509e-06,6.461186179e-05,2.076454374e-06,3.622245706e-05,5.601083846e-01,2.526425591e+01,1.261837081e-08,2.839354e-16,4.488826e-17,5.869338e-18,6.929470e-03
6.090000,3.567216537e-05,4.123611990e-06,6.459744528e-05,2.061953790e-06,3.626942986e-05,5.605801936e-01,2.523239736e+01,1.264420054e-08,6.756383e-16,2.951537e-17,4.195663e-17,6.897090e-03
6.100000,3.569995124e-05,4.094756673e-06,6.458479992e-05,2.047400375e-06,3.631453930e-05,5.610366915e-01,2.520162132e+01,1.266909909e-08,1.171816e-16,2.848080e-17,7.172665e-18,6.959349e-03
6.110000,3.572626607e-05,4.065478104e-06,6.457390457e-05,2.032810928e-06,3.635774007e-05,5.614780839e-01,2.517193458e+01,1.269303524e-08,2.224012e-16,1.454337e-17,1.619844e-17,6.903029e-03
6.120000,3.575108830e-05,4.036427248e-06,6.456473801e-05,2.018202212e-06,3.639899083e-05,5.619045493e-01,2.514334374e+01,1.271598009e-08,9.446270e-17,5.041975e-17,2.359678e-17,6.922699e-03
6.130000,3.577440018e-05,4.007719868e-06,6.455727868e-05,2.003590886e-06,3.643825422e-05,5.623162389e-01,2.511585520e+01,1.273790709e-08,9.998216e-16,3.277599e-17,7.633068e-18,6.916100e-03
6.140000,3.579618773e-05,3.978023995e-06,6.455150428e-05,1.988993425e-06,3.647549688e-05,5.627132764e-01,2.508947517e+01,1.275879209e-08,1.117571e-16,4.330516e-17,2.339685e-17,6.885699e-03
6.150000,3.581644066e-05,3.948779601e-06,6.454739156e-05,1.974426040e-06,3.651068944e-05,5.630957583e-01,2.506420965e+01,1.277861329e-08,2.360180e-16,4.722007e-17,8.443573e-18,6.920669e-03
6.160000,3.583515239e-05,3.919770208e-06,6.454491605e-05,1.959904607e-06,3.654380658e-05,5.634637533e-01,2.504006442e+01,1.279735130e-08,9.450678e-17,5.235162e-17,9.742016e-18,6.910189e-03
6.170000,3.585231998e-05,3.891115203e-06,6.454405175e-05,1.945444583e-06,3.657482701e-05,5.638173030e-01,2.501704508e+01,1.281498911e-08,4.496021e-16,2.597441e-17,8.061691e-18,6.881560e-03
6.180000,3.586794404e-05,3.862362585e-06,6.454477101e-05,1.931060934e-06,3.660373348e-05,5.641564218e-01,2.499515699e+01,1.283151214e-08,4.440894e-16,3.953988e-17,2.789276e-17,6.965359e-03
6.190000,3.588202877e-05,3.833857674e-06,6.454704427e-05,1.916768059e-06,3.663051283e-05,5.644810972e-01,2.497440530e+01,1.284690822e-08,5.600899e-16,2.965547e-17,8.383558e-18,6.913479e-03
6.200000,3.589458181e-05,3.805255941e-06,6.455083994e-05,1.902579715e-06,3.665515593e-05,5.647912902e-01,2.495479495e+01,1.286116759e-08,2.424216e-16,6.085973e-17,2.641676e-17,6.898419e-03
6.210000,3.590561425e-05,3.777143094e-06,6.455612423e-05,1.888508951e-06,3.667765775e-05,5.650869360e-01,2.493633064e+01,1.287428294e-08,2.280261e-16,1.408522e-17,1.743856e-17,6.915389e-03
6.220000,3.591514053e-05,3.749174799e-06,6.456286111e-05,1.874568037e-06,3.669801732e-05,5.653679439e-01,2.491901687e+01,1.288624936e-08,3.130398e-17,2.701022e-17,2.486731e-17,6.926220e-03
6.230000,3.592317841e-05,3.721712302e-06,6.457101214e-05,1.860768408e-06,3.671623776e-05,5.656341984e-01,2.490285789e+01,1.289706440e-08,3.337266e-16,4.603964e-17,2.909603e-17,6.908620e-03
6.240000,3.592974888e-05,3.694406282e-06,6.458053650e-05,1.847120601e-06,3.673232624e-05,5.658855597e-01,2.488785773e+01,1.290672801e-08,3.351188e-16,1.745782e-17,1.366997e-17,6.922259e-03
6.250000,3.593487610e-05,3.667502418e-06,6.459139093e-05,1.833634208e-06,3.674629401e-05,5.661218643e-01,2.487402019e+01,1.291524260e-08,4.464766e-16,2.237301e-17,1.511298e-17,6.966420e-03
6.260000,3.593858732e-05,3.640765680e-06,6.460352977e-05,1.820317833e-06,3.675815637e-05,5.663429258e-01,2.486134882e+01,1.292261296e-08,2.667851e-16,2.135571e-17,1.445144e-17,6.947730e-03
6.270000,3.594091280e-05,3.614199776e-06,6.461690496e-05,1.807179052e-06,3.676793263e-05,5.665485357e-01,2.484984695e+01,1.292884633e-08,2.327330e-16,3.021867e-17,1.254973e-17,6.978169e-03
6.280000,3.594188573e-05,3.588674837e-06,6.463146611e-05,1.794224385e-06,3.677564612e-05,5.667384643e-01,2.483951768e+01,1.293395232e-08,3.378408e-16,1.824857e-17,4.222756e-18,6.960190e-03
6.290000,3.594154213e-05,3.563216315e-06,6.464716062e-05,1.781459277e-06,3.678132416e-05,5.669124615e-01,2.483036384e+01,1.293794292e-08,5.597535e-16,3.680426e-17,1.667157e-17,6.953130e-03
6.300000,3.593992079e-05,3.537700116e-06,6.466393373e-05,1.768888083e-06,3.678499801e-05,5.670702578e-01,2.482238804e+01,1.294083251e-08,2.254875e-16,1.978575e-17,2.304506e-17,6.936970e-03
6.310000,3.593706313e-05,3.513009983e-06,6.468172872e-05,1.756514072e-06,3.678670282e-05,5.672115654e-01,2.481559266e+01,1.294263778e-08,1.598404e-18,3.417963e-17,9.915995e-18,6.911580e-03
6.320000,3.593301313e-05,3.488654309e-06,6.470048700e-05,1.744339430e-06,3.678647763e-05,5.673360789e-01,2.480997980e+01,1.294337776e-08,5.765588e-17,2.237827e-17,4.748467e-18,6.920109e-03
6.330000,3.592781721e-05,3.464768321e-06,6.472014834e-05,1.732365279e-06,3.678436527e-05,5.674434762e-01,2.480555136e+01,1.294307374e-08,4.896708e-17,4.268194e-17,2.694060e-17,6.936759e-03
6.340000,3.592152412e-05,3.441490844e-06,6.474065102e-05,1.720591706e-06,3.678041233e-05,5.675334204e-01,2.480230895e+01,1.294174928e-08,5.568090e-16,2.981446e-17,2.424101e-17,6.956790e-03
6.350000,3.591418482e-05,3.418184768e-06,6.476193204e-05,1.709017803e-06,3.677466905e-05,5.676055596e-01,2.480025397e+01,1.293943013e-08,2.260515e-16,1.891661e-17,9.138791e-18,6.943789e-03
6.360000,3.590585235e-05,3.395372717e-06,6.478392737e-05,1.697641713e-06,3.676718933e-05,5.676595291e-01,2.479938755e+01,1.293614421e-08,2.268170e-16,2.030142e-17,2.233243e-17,6.937980e-03
6.370000,3.589658174e-05,3.372801387e-06,6.480657213e-05,1.686460692e-06,3.675803054e-05,5.676949517e-01,2.479971060e+01,1.293192157e-08,2.303321e-16,6.936234e-17,1.330232e-17,6.938449e-03
6.380000,3.588642982e-05,3.351005783e-06,6.482980086e-05,1.675471173e-06,3.674725353e-05,5.677114392e-01,2.480122374e+01,1.292679430e-08,1.144711e-16,2.027588e-17,9.646495e-18,6.915049e-03
6.390000,3.587545514e-05,3.329067485e-06,6.485354779e-05,1.664668851e-06,3.673492244e-05,5.677085932e-01,2.480392738e+01,1.292079652e-08,4.441601e-16,5.141942e-17,8.818614e-18,6.912850e-03
6.400000,3.586371779e-05,3.308192027e-06,6.487774702e-05,1.654048762e-06,3.672110467e-05,5.676860064e-01,2.480782167e+01,1.291396428e-08,1.221723e-16,4.108761e-17,2.046654e-17,6.932179e-03
6.410000,3.585127928e-05,3.286778684e-06,6.490233283e-05,1.643605386e-06,3.670587073e-05,5.676432635e-01,2.481290650e+01,1.290633548e-08,6.706364e-16,8.340313e-19,4.627076e-18,6.917600e-03
6.420000,3.583820237e-05,3.266720636e-06,6.492723993e-05,1.633332744e-06,3.668929411e-05,5.675799423e-01,2.481918154e+01,1.289794986e-08,1.286027e-16,2.522995e-17,1.151315e-17,6.954219e-03
6.430000,3.582455093e-05,3.246538665e-06,6.495240368e-05,1.623224509e-06,3.667145113e-05,5.674956149e-01,2.482664620e+01,1.288884886e-08,1.347571e-16,2.124347e-17,2.919171e-17,6.920239e-03
6.440000,3.581038976e-05,3.226780999e-06,6.497776038e-05,1.613274125e-06,3.665242088e-05,5.673898485e-01,2.483529963e+01,1.287907555e-08,3.425858e-16,3.814164e-17,1.113737e-17,6.922019e-03
6.450000,3.579578445e-05,3.206624637e-06,6.500324747e-05,1.603474923e-06,3.663228496e-05,5.672622064e-01,2.484514074e+01,1.286867456e-08,4.449082e-16,3.140012e-17,1.040679e-17,6.932739e-03
6.460000,3.578080123e-05,3.187873504e-06,6.502880381e-05,1.593820250e-06,3.661112739e-05,5.671122491e-01,2.485616821e+01,1.285769196e-08,3.351848e-16,3.095651e-17,2.160741e-17,6.940290e-03
6.470000,3.576550675e-05,3.169151554e-06,6.505436986e-05,1.584303594e-06,3.658903444e-05,5.669395353e-01,2.486838047e+01,1.284617519e-08,8.881786e-16,2.767290e-17,1.606425e-17,6.949579e-03
6.480000,3.574996795e-05,3.149895415e-06,6.507988794e-05,1.574918715e-06,3.656609440e-05,5.667436227e-01,2.488177570e+01,1.283417294e-08,1.248531e-16,6.341092e-17,7.394142e-18,6.932199e-03
6.490000,3.573425186e-05,3.131655490e-06,6.510530243e-05,1.565659781e-06,3.654239747e-05,5.665240691e-01,2.489635184e+01,1.282173503e-08,4.456916e-16,4.096588e-17,2.758992e-17,6.937140e-03
6.500000,3.571842548e-05,3.113023408e-06,6.513055993e-05,1.556521491e-06,3.651803550e-05,5.662804328e-01,2.491210658e+01,1.280891233e-08,1.660042e-17,1.027271e-17,4.539469e-18,6.942229e-03
6.510000,3.570255551e-05,3.094853159e-06,6.515560946e-05,1.547499215e-06,3.649310184e-05,5.660122742e-01,2.492903739e+01,1.279575661e-08,2.302993e-16,3.572564e-17,2.455141e-17,6.946919e-03
6.520000,3.568670825e-05,3.077585851e-06,6.518040264e-05,1.538589117e-06,3.646769109e-05,5.657191559e-01,2.494714148e+01,1.278232045e-08,6.661430e-16,3.743402e-17,1.405775e-17,6.910090e-03
6.530000,3.567094939e-05,3.059785731e-06,6.520489380e-05,1.529788285e-06,3.644189891e-05,5.654006440e-01,2.496641585e+01,1.276865707e-08,3.437368e-16,3.449377e-17,6.925404e-18,6.892429e-03
6.540000,3.565534384e-05,3.042611324e-06,6.522904015e-05,1.521094848e-06,3.641582176e-05,5.650563086e-01,2.498685724e+01,1.275482027e-08,6.683388e-16,1.822373e-17,1.129699e-17,6.908179e-03
6.550000,3.563995553e-05,3.025192628e-06,6.525280185e-05,1.512508101e-06,3.638955675e-05,5.646857245e-01,2.500846217e+01,1.274086424e-08,2.220448e-16,1.835427e-17,1.742260e-17,6.908169e-03
6.560000,3.562484729e-05,3.008706442e-06,6.527614214e-05,1.504028610e-06,3.636320129e-05,5.642884721e-01,2.503122691e+01,1.272684345e-08,9.996104e-16,6.616190e-18,7.449002e-18,6.873240e-03
6.570000,3.561008058e-05,2.991238773e-06,6.529902740e-05,1.495658317e-06,3.633685296e-05,5.638641376e-01,2.505514753e+01,1.271281251e-08,4.723628e-17,2.377438e-17,1.105572e-17,6.908729e-03
6.580000,3.559571541e-05,2.974713700e-06,6.532142721e-05,1.487400642e-06,3.631060919e-05,5.634123144e-01,2.508021984e+01,1.269882603e-08,3.137025e-16,3.332999e-17,4.547435e-18,6.945110e-03
6.590000,3.558181012e-05,2.958546658e-06,6.534331439e-05,1.479260564e-06,3.628456703e-05,5.629326028e-01,2.510643945e+01,1.268493850e-08,1.461433e-17,1.399145e-17,1.306656e-17,6.943719e-03
6.600000,3.556842123e-05,2.942894455e-06,6.536466503e-05,1.471244701e-06,3.625882291e-05,5.624246112e-01,2.513380174e+01,1.267120411e-08,5.551348e-16,2.407930e-17,2.118615e-17,6.920539e-03
6.610000,3.555560325e-05,2.927006839e-06,6.538545848e-05,1.463361377e-06,3.623347237e-05,5.618879564e-01,2.516230185e+01,1.265767666e-08,3.412531e-16,4.748048e-17,6.218487e-18,6.925159e-03
6.620000,3.554340856e-05,2.912100196e-06,6.540567734e-05,1.455620675e-06,3.620860982e-05,5.613222640e-01,2.519193472e+01,1.264440937e-08,1.222995e-15,2.979623e-17,1.007065e-17,6.904339e-03
6.630000,3.553188724e-05,2.896503643e-06,6.542530746e-05,1.448034478e-06,3.618432824e-05,5.607271691e-01,2.522269507e+01,1.263145474e-08,6.666450e-16,5.193847e-17,1.030369e-17,6.946770e-03
6.640000,3.552108691e-05,2.880822652e-06,6.544433783e-05,1.440616498e-06,3.616071899e-05,5.601023163e-01,2.525457740e+01,1.261886447e-08,6.670205e-16,2.502286e-17,3.175914e-18,6.932300e-03
6.650000,3.551105262e-05,2.867225044e-06,6.546276057e-05,1.433382280e-06,3.613787148e-05,5.594473607e-01,2.528757601e+01,1.260668923e-08,6.683481e-16,3.177741e-17,1.054144e-17,6.931230e-03
6.660000,3.550182666e-05,2.852784405e-06,6.548057086e-05,1.426349206e-06,3.611587296e-05,5.587619677e-01,2.532168498e+01,1.259497859e-08,1.295048e-16,2.647304e-17,3.703085e-18,6.908690e-03
6.670000,3.549344851e-05,2.839208928e-06,6.549776678e-05,1.419536460e-06,3.609480827e-05,5.580458139e-01,2.535689818e+01,1.258378087e-08,2.435360e-16,3.924299e-17,2.030543e-17,6.932849e-03
6.680000,3.548595466e-05,2.826353960e-06,6.551434927e-05,1.412964993e-06,3.607475955e-05,5.572985870e-01,2.539320929e+01,1.257314296e-08,5.560825e-16,3.832998e-17,2.567283e-17,6.926559e-03
6.690000,3.547937853e-05,2.813440256e-06,6.553032201e-05,1.406657458e-06,3.605580606e-05,5.565199860e-01,2.543061178e+01,1.256311024e-08,2.222120e-16,5.900356e-17,1.416322e-17,6.926429e-03
6.700000,3.547375036e-05,2.801101241e-06,6.554569122e-05,1.400638124e-06,3.603802388e-05,5.557097221e-01,2.546909893e+01,1.255372644e-08,2.255369e-16,4.765660e-17,4.420483e-18,6.904469e-03
6.710000,3.546909711e-05,2.789822125e-06,6.556046563e-05,1.394932772e-06,3.602148573e-05,5.548675182e-01,2.550866382e+01,1.254503350e-08,9.088399e-18,1.997417e-17,2.087804e-17,6.952000e-03
6.720000,3.546544239e-05,2.779296263e-06,6.557465622e-05,1.389568565e-06,3.600626070e-05,5.539931098e-01,2.554929933e+01,1.253707145e-08,2.335645e-16,1.269095e-17,8.031714e-18,6.881010e-03
6.730000,3.546280640e-05,2.768890774e-06,6.558827615e-05,1.384573897e-06,3.599241409e-05,5.530862445e-01,2.559099817e+01,1.252987832e-08,4.461264e-16,7.019436e-17,7.901852e-18,6.973970e-03
6.740000,3.546120585e-05,2.759894586e-06,6.560134053e-05,1.379978218e-06,3.598000717e-05,5.521466830e-01,2.563375285e+01,1.252348999e-08,4.315585e-17,1.220478e-17,1.509916e-17,6.866670e-03
6.750000,3.546065389e-05,2.751998798e-06,6.561386630e-05,1.375811836e-06,3.596909701e-05,5.511741987e-01,2.567755571e+01,1.251794011e-08,5.594864e-16,2.806382e-17,2.754190e-18,6.867690e-03
6.760000,3.546116013e-05,2.744242121e-06,6.562587199e-05,1.372105700e-06,3.595973628e-05,5.501685778e-01,2.572239891e+01,1.251326000e-08,1.188394e-16,2.314889e-17,6.015235e-18,6.943610e-03
6.770000,3.546273055e-05,2.737437000e-06,6.563737763e-05,1.368891156e-06,3.595197311e-05,5.491296200e-01,2.576827441e+01,1.250947854e-08,4.495909e-16,4.312516e-18,2.086782e-17,6.901019e-03
6.780000,3.546536753e-05,2.732728335e-06,6.564840448e-05,1.366199687e-06,3.594585090e-05,5.480571382e-01,2.581517404e+01,1.250662209e-08,4.598638e-16,1.463724e-17,5.300349e-18,6.928950e-03
6.790000,3.546906979e-05,2.728174327e-06,6.565897486e-05,1.364062640e-06,3.594140823e-05,5.469509585e-01,2.586308943e+01,1.250471443e-08,1.351218e-16,8.744872e-18,9.178045e-18,6.923929e-03
6.800000,3.547383246e-05,2.725731550e-06,6.566911202e-05,1.362510930e-06,3.593867868e-05,5.458109208e-01,2.591201206e+01,1.250377663e-08,1.000625e-15,3.418920e-17,5.723276e-18,6.934449e-03
6.810000,3.547964704e-05,2.723449648e-06,6.567883987e-05,1.361574740e-06,3.593769079e-05,5.446368785e-01,2.596193325e+01,1.250382704e-08,4.449578e-16,4.054558e-17,1.785763e-17,6.931350e-03
6.820000,3.548650145e-05,2.722471104e-06,6.568818286e-05,1.361283216e-06,3.593846790e-05,5.434286986e-01,2.601284415e+01,1.250488122e-08,8.616918e-17,1.101089e-17,9.163951e-18,6.964519e-03
6.830000,3.549438008e-05,2.723123505e-06,6.569716573e-05,1.361664150e-06,3.594102811e-05,5.421862622e-01,2.606473577e+01,1.250695184e-08,2.240155e-16,3.933495e-17,1.949365e-17,6.998909e-03
6.840000,3.550326380e-05,2.725568620e-06,6.570581338e-05,1.362743674e-06,3.594538424e-05,5.409094638e-01,2.611759896e+01,1.251004871e-08,1.393605e-16,4.946408e-17,1.766135e-17,6.955319e-03
6.850000,3.551313007e-05,2.729150825e-06,6.571415067e-05,1.364545965e-06,3.595154375e-05,5.395982124e-01,2.617142444e+01,1.251417867e-08,1.439796e-16,4.189101e-17,1.271010e-17,6.959009e-03
6.860000,3.552395295e-05,2.734352928e-06,6.572220222e-05,1.367092949e-06,3.595950872e-05,5.382524304e-01,2.622620277e+01,1.251934562e-08,2.233961e-16,4.904219e-17,8.518968e-18,6.953720e-03
6.870000,3.553570323e-05,2.740841673e-06,6.572999225e-05,1.370404042e-06,3.596927589e-05,5.368720546e-01,2.628192438e+01,1.252555046e-08,1.426855e-16,2.588470e-17,1.218957e-17,6.940449e-03
6.880000,3.554834848e-05,2.748769510e-06,6.573754443e-05,1.374495898e-06,3.598083661e-05,5.354570358e-01,2.633857956e+01,1.253279111e-08,2.220544e-16,3.818545e-17,9.471098e-18,6.965569e-03
6.890000,3.556185317e-05,2.758768000e-06,6.574488168e-05,1.379382199e-06,3.599417691e-05,5.340073390e-01,2.639615849e+01,1.254106247e-08,1.163196e-16,3.632622e-17,6.124198e-18,6.950519e-03
6.900000,3.557617874e-05,2.770173559e-06,6.575202604e-05,1.385073464e-06,3.600927753e-05,5.325229433e-01,2.645465119e+01,1.255035644e-08,1.240689e-16,3.438342e-17,5.185007e-18,6.909959e-03
6.910000,3.559128377e-05,2.783128455e-06,6.575899850e-05,1.391576909e-06,3.602611397e-05,5.310038421e-01,2.651404759e+01,1.256066194e-08,8.352225e-17,5.201621e-17,3.129324e-17,6.913179e-03
6.920000,3.560712402e-05,2.798246049e-06,6.576581884e-05,1.398896333e-06,3.604465661e-05,5.294500430e-01,2.657433748e+01,1.257196491e-08,5.571773e-16,4.518565e-17,1.553848e-17,6.931259e-03
6.930000,3.562365264e-05,2.814387171e-06,6.577250554e-05,1.407032048e-06,3.606487074e-05,5.278615679e-01,2.663551055e+01,1.258424837e-08,4.511526e-16,3.140445e-17,6.149656e-18,6.943730e-03
6.940000,3.564082022e-05,2.831847975e-06,6.577907560e-05,1.415980854e-06,3.608671673e-05,5.262384533e-01,2.669755636e+01,1.259749240e-08,2.220616e-16,3.307231e-17,4.586866e-18,6.938690e-03
6.950000,3.565857499e-05,2.851850240e-06,6.578554441e-05,1.425736047e-06,3.611015012e-05,5.245807498e-01,2.676046438e+01,1.261167425e-08,5.573068e-16,1.020071e-17,3.500421e-17,6.944550e-03
6.960000,3.567686293e-05,2.872486296e-06,6.579192569e-05,1.436287467e-06,3.613512175e-05,5.228885225e-01,2.682422398e+01,1.262676831e-08,2.377980e-16,1.791864e-17,1.621676e-17,6.931739e-03
6.970000,3.569562793e-05,2.895583582e-06,6.579823131e-05,1.447621591e-06,3.616157794e-05,5.211618510e-01,2.688882442e+01,1.264274624e-08,4.467208e-16,2.831655e-17,4.398620e-18,6.915279e-03
6.980000,3.571481190e-05,2.919563031e-06,6.580447124e-05,1.459721643e-06,3.618946063e-05,5.194008293e-01,2.695425488e+01,1.265957700e-08,2.606817e-16,3.666874e-17,8.265022e-18,6.899039e-03
6.990000,3.573435500e-05,2.945307900e-06,6.581065342e-05,1.472567753e-06,3.621870756e-05,5.176055661e-01,2.702050442e+01,1.267722691e-08,3.349726e-16,6.093259e-17,2.839243e-17,6.906149e-03
7.000000,3.575419571e-05,2.972025300e-06,6.581678369e-05,1.486137120e-06,3.624925243e-05,5.157761845e-01,2.708756205e+01,1.269565975e-08,2.231694e-16,3.829952e-17,3.092521e-18,6.937690e-03
7.010000,3.577427105e-05,3.001021355e-06,6.582286573e-05,1.500404215e-06,3.628102516e-05,5.139128224e-01,2.715541668e+01,1.271483682e-08,3.457091e-16,6.606377e-17,1.189167e-17,8.412524e-03
7.020000,3.579451671e-05,3.030326167e-06,6.582890094e-05,1.515340991e-06,3.631395199e-05,5.120156320e-01,2.722405714e+01,1.273471704e-08,6.786625e-16,1.919608e-17,9.120966e-18,7.148418e-03
7.030000,3.581486719e-05,3.062107049e-06,6.583488843e-05,1.530917103e-06,3.634795580e-05,5.100847804e-01,2.729347220e+01,1.275525705e-08,4.454728e-16,1.377043e-17,8.876780e-18,6.961139e-03
7.040000,3.583525601e-05,3.094279135e-06,6.584082493e-05,1.547100141e-06,3.638295622e-05,5.081204494e-01,2.736365053e+01,1.277641129e-08,1.439089e-16,3.638097e-17,5.372487e-18,6.981829e-03
7.050000,3.585561582e-05,3.128108318e-06,6.584670476e-05,1.563855866e-06,3.641886992e-05,5.061228355e-01,2.743458077e+01,1.279813212e-08,6.681652e-16,3.287447e-17,6.457086e-18,6.969829e-03
7.060000,3.587587857e-05,3.162418221e-06,6.585251978e-05,1.581148440e-06,3.645561082e-05,5.040921499e-01,2.750625147e+01,1.282036991e-08,2.263043e-16,7.979557e-18,3.281827e-17,6.916609e-03
7.070000,3.589597569e-05,3.197748919e-06,6.585825937e-05,1.598940661e-06,3.649309030e-05,5.020286185e-01,2.757865113e+01,1.284307317e-08,2.321135e-16,2.186173e-17,1.564029e-17,6.948489e-03
7.080000,3.591583821e-05,3.234478877e-06,6.586391041e-05,1.617194184e-06,3.653121743e-05,4.999324823e-01,2.765176821e+01,1.286618866e-08,1.496954e-16,1.580551e-17,2.683885e-18,6.979349e-03
7.090000,3.593539694e-05,3.271746676e-06,6.586945723e-05,1.635869742e-06,3.656989924e-05,4.978039969e-01,2.772559110e+01,1.288966150e-08,7.911478e-17,4.184565e-17,8.284969e-18,6.975529e-03
7.100000,3.595458258e-05,3.309399960e-06,6.587488164e-05,1.654927346e-06,3.660904090e-05,4.956434329e-01,2.780010814e+01,1.291343530e-08,6.670648e-16,3.973798e-17,1.520383e-17,7.019539e-03
7.110000,3.597332590e-05,3.348752115e-06,6.588016293e-05,1.674326488e-06,3.664854598e-05,4.934510756e-01,2.787530764e+01,1.293745227e-08,1.171625e-16,6.550761e-17,1.659198e-17,6.973569e-03
7.120000,3.599155790e-05,3.388171494e-06,6.588527782e-05,1.694026315e-06,3.668831669e-05,4.912272256e-01,2.795117787e+01,1.296165337e-08,1.168101e-16,4.959461e-17,2.550907e-17,6.968309e-03
7.130000,3.600920987e-05,3.428173982e-06,6.589020054e-05,1.713985804e-06,3.672825407e-05,4.889721980e-01,2.802770706e+01,1.298597842e-08,3.334538e-16,4.136182e-17,1.937810e-17,6.947850e-03
7.140000,3.602621361e-05,3.468611375e-06,6.589490281e-05,1.734163915e-06,3.676825828e-05,4.866863233e-01,2.810488341e+01,1.301036624e-08,5.569860e-16,1.806815e-17,1.357791e-17,6.879030e-03
7.150000,3.604250150e-05,3.509089000e-06,6.589935388e-05,1.754519737e-06,3.680822874e-05,4.843699467e-01,2.818269508e+01,1.303475476e-08,1.116524e-16,3.572814e-18,4.401285e-18,6.897859e-03
7.160000,3.605800667e-05,3.549730587e-06,6.590352053e-05,1.775012614e-06,3.684806442e-05,4.820234286e-01,2.826113022e+01,1.305908118e-08,4.443887e-16,2.293934e-17,3.809561e-18,6.890689e-03
7.170000,3.607266308e-05,3.591272592e-06,6.590736715e-05,1.795602264e-06,3.688766402e-05,4.796471442e-01,2.834017695e+01,1.308328208e-08,1.381421e-16,1.548705e-17,7.417454e-18,6.864800e-03
7.180000,3.608640564e-05,3.632584036e-06,6.591085576e-05,1.816248884e-06,3.692692619e-05,4.772414841e-01,2.841982338e+01,1.310729355e-08,2.228393e-16,7.944324e-17,1.814947e-17,6.887369e-03
7.190000,3.609917037e-05,3.673551811e-06,6.591394608e-05,1.836913244e-06,3.696574970e-05,4.748068537e-01,2.850005759e+01,1.313105135e-08,4.577386e-16,2.337908e-17,9.709788e-18,6.898069e-03
7.200000,3.611089442e-05,3.715024154e-06,6.591659554e-05,1.857556769e-06,3.700403370e-05,4.723436736e-01,2.858086766e+01,1.315449100e-08,2.262902e-16,7.251725e-18,5.900577e-18,6.900360e-03
7.210000,3.612151625e-05,3.756156839e-06,6.591875938e-05,1.878141613e-06,3.704167787e-05,4.698523796e-01,2.866224165e+01,1.317754794e-08,2.501377e-16,1.070936e-17,7.931882e-18,6.930249e-03
7.220000,3.613097567e-05,3.797194815e-06,6.592039071e-05,1.898630720e-06,3.707858258e-05,4.673334226e-01,2.874416764e+01,1.320015763e-08,1.296140e-17,3.013639e-17,1.272920e-17,6.875210e-03
7.230000,3.613921394e-05,3.837909706e-06,6.592144057e-05,1.918987882e-06,3.711464912e-05,4.647872685e-01,2.882663369e+01,1.322225571e-08,2.330142e-16,4.888785e-17,9.545313e-18,6.927000e-03
7.240000,3.614617387e-05,3.878655189e-06,6.592185800e-05,1.939177786e-06,3.714977983e-05,4.622143987e-01,2.890962785e+01,1.324377810e-08,6.662415e-16,3.312034e-17,9.157933e-18,6.897719e-03
7.250000,3.615179988e-05,3.918410436e-06,6.592159014e-05,1.959166052e-06,3.718387830e-05,4.596153095e-01,2.899313819e+01,1.326466112e-08,1.201722e-16,5.938977e-18,1.927169e-17,6.886209e-03
7.260000,3.615603806e-05,3.957990774e-06,6.592058228e-05,1.978919268e-06,3.721684946e-05,4.569905127e-01,2.907715279e+01,1.328484162e-08,3.344924e-16,5.143550e-17,7.154358e-18,6.900979e-03
7.270000,3.615883628e-05,3.996734777e-06,6.591877800e-05,1.998405021e-06,3.724859978e-05,4.543405352e-01,2.916165972e+01,1.330425711e-08,5.674293e-17,4.898688e-17,1.207521e-17,6.895100e-03
7.280000,3.616014418e-05,4.035216843e-06,6.591611920e-05,2.017591913e-06,3.727903741e-05,4.516659193e-01,2.924664709e+01,1.332284584e-08,1.342048e-16,1.185393e-17,8.165553e-18,6.888209e-03
7.290000,3.615991329e-05,4.073226348e-06,6.591254623e-05,2.036449587e-06,3.730807226e-05,4.489672227e-01,2.933210301e+01,1.334054694e-08,6.718139e-16,2.232494e-17,8.676396e-19,6.912100e-03
7.300000,3.615809704e-05,4.109912065e-06,6.590799801e-05,2.054948737e-06,3.733561618e-05,4.462450182e-01,2.941801560e+01,1.335730050e-08,7.357768e-17,1.830941e-18,1.165740e-17,6.916039e-03
7.310000,3.615465083e-05,4.145951876e-06,6.590241208e-05,2.073061116e-06,3.736158301e-05,4.434998945e-01,2.950437302e+01,1.337304770e-08,4.477460e-16,5.685380e-17,4.769229e-18,6.917439e-03
7.320000,3.614953203e-05,4.181787286e-06,6.589572475e-05,2.090759549e-06,3.738588875e-05,4.407324554e-01,2.959116344e+01,1.338773090e-08,5.612444e-16,4.454815e-17,1.147212e-17,6.919820e-03
7.330000,3.614270005e-05,4.216159733e-06,6.588787115e-05,2.108017931e-06,3.740845163e-05,4.379433205e-01,2.967837505e+01,1.340129373e-08,2.545996e-16,5.108059e-17,1.118851e-17,6.926669e-03
7.340000,3.613411636e-05,4.249731755e-06,6.587878544e-05,2.124811235e-06,3.742919217e-05,4.351331249e-01,2.976599608e+01,1.341368118e-08,2.711805e-16,7.805013e-17,7.440499e-18,6.937929e-03
7.350000,3.612374450e-05,4.282211071e-06,6.586840080e-05,2.141115504e-06,3.744803333e-05,4.323025195e-01,2.985401480e+01,1.342483972e-08,1.610188e-17,3.156766e-17,1.281320e-17,6.934119e-03
7.360000,3.611155012e-05,4.313828259e-06,6.585664965e-05,2.156907854e-06,3.746490051e-05,4.294521711e-01,2.994241949e+01,1.343471732e-08,3.996556e-17,1.690758e-17,7.011399e-18,6.950980e-03
7.370000,3.609750095e-05,4.344193258e-06,6.584346369e-05,2.172166465e-06,3.747972167e-05,4.265827622e-01,3.003119847e+01,1.344326360e-08,2.331820e-16,3.105865e-17,1.366577e-17,6.915759e-03
7.380000,3.608156688e-05,4.373839844e-06,6.582877406e-05,2.186870577e-06,3.749242736e-05,4.236949916e-01,3.012034010e+01,1.345042985e-08,2.224992e-16,5.525329e-17,2.058301e-17,6.949539e-03
7.390000,3.606371991e-05,4.402177295e-06,6.581251146e-05,2.201000484e-06,3.750295081e-05,4.207895741e-01,3.020983280e+01,1.345616911e-08,3.674216e-16,3.874009e-17,1.242161e-17,6.899219e-03
7.400000,3.604393416e-05,4.428929938e-06,6.579460623e-05,2.214537518e-06,3.751122792e-05,4.178672409e-01,3.029966499e+01,1.346043628e-08,4.565247e-16,1.802872e-17,2.090138e-17,6.945010e-03
7.410000,3.602218588e-05,4.455023565e-06,6.577498852e-05,2.227464050e-06,3.751719736e-05,4.149287397e-01,3.038982517e+01,1.346318811e-08,2.221779e-16,2.287408e-17,2.310660e-17,6.954800e-03
7.420000,3.599845344e-05,4.479676686e-06,6.575358836e-05,2.239763467e-06,3.752080057e-05,4.119748350e-01,3.048030186e+01,1.346438332e-08,3.346271e-16,2.460088e-17,2.338912e-17,6.914969e-03
7.430000,3.597271734e-05,4.502814338e-06,6.573033583e-05,2.251420168e-06,3.752198177e-05,4.090063079e-01,3.057108363e+01,1.346398259e-08,1.017160e-17,5.108462e-17,9.338510e-18,6.908689e-03
7.440000,3.594496015e-05,4.524852366e-06,6.570516114e-05,2.262419551e-06,3.752068802e-05,4.060239570e-01,3.066215912e+01,1.346194868e-08,5.629376e-17,3.924879e-17,4.683010e-18,6.924899e-03
7.450000,3.591516653e-05,4.545611373e-06,6.567799478e-05,2.272747994e-06,3.751686924e-05,4.030285980e-01,3.075351699e+01,1.345824639e-08,3.379368e-16,7.069890e-17,1.541920e-17,6.915169e-03
7.460000,3.588332320e-05,4.564622388e-06,6.564876762e-05,2.282392847e-06,3.751047817e-05,4.000210644e-01,3.084514598e+01,1.345284266e-08,4.442917e-16,4.559241e-17,2.143095e-17,6.877599e-03
7.470000,3.584941892e-05,4.583070090e-06,6.561741103e-05,2.291342416e-06,3.750147041e-05,3.970022075e-01,3.093703486e+01,1.344570658e-08,9.021518e-16,9.975802e-17,1.482366e-17,6.917179e-03
7.480000,3.581344447e-05,4.599030429e-06,6.558385701e-05,2.299585945e-06,3.748980444e-05,3.939728972e-01,3.102917246e+01,1.343680941e-08,4.467563e-16,2.784044e-17,7.875329e-18,6.857269e-03
7.490000,3.577539261e-05,4.614165677e-06,6.554803828e-05,2.307113605e-06,3.747544157e-05,3.909340215e-01,3.112154767e+01,1.342612461e-08,4.348124e-17,5.963614e-17,5.472029e-18,6.904269e-03
7.500000,3.573525805e-05,4.627812251e-06,6.550988844e-05,2.313916478e-06,3.745834595e-05,3.878864880e-01,3.121414944e+01,1.341362787e-08,1.195687e-16,3.853255e-17,6.708365e-18,6.871040e-03
7.510000,3.569303744e-05,4.640174700e-06,6.546934204e-05,2.319986539e-06,3.743848458e-05,3.848312233e-01,3.130696678e+01,1.339929710e-08,4.442585e-16,3.316649e-17,2.199782e-17,6.890239e-03
7.520000,3.564872931e-05,4.650403890e-06,6.542633468e-05,2.325316641e-06,3.741582726e-05,3.817691741e-01,3.139998874e+01,1.338311245e-08,4.672182e-16,4.623236e-17,1.497259e-17,6.874360e-03
7.530000,3.560233404e-05,4.659657675e-06,6.538080319e-05,2.329900498e-06,3.739034660e-05,3.787013074e-01,3.149320445e+01,1.336505635e-08,2.428405e-16,2.586414e-17,2.120089e-17,6.921370e-03
7.540000,3.555385385e-05,4.667466152e-06,6.533268565e-05,2.333732672e-06,3.736201794e-05,3.756286110e-01,3.158660311e+01,1.334511345e-08,1.241889e-16,8.117057e-17,1.147504e-17,6.905629e-03
7.550000,3.550329271e-05,4.673646529e-06,6.528192155e-05,2.336808555e-06,3.733081941e-05,3.725520942e-01,3.168017395e+01,1.332327066e-08,7.758822e-19,2.267221e-17,1.152721e-17,6.931039e-03
7.560000,3.545065634e-05,4.678300185e-06,6.522845187e-05,2.339124349e-06,3.729673182e-05,3.694727883e-01,3.177390630e+01,1.329951713e-08,1.264613e-16,1.152203e-16,2.340199e-17,6.908649e-03
7.570000,3.539595215e-05,4.681431673e-06,6.517221916e-05,2.340677056e-06,3.725973867e-05,3.663917472e-01,3.186778954e+01,1.327384424e-08,1.495104e-16,4.773349e-17,1.976831e-17,6.903669e-03
7.580000,3.533918919e-05,4.683044046e-06,6.511316768e-05,2.341464456e-06,3.721982611e-05,3.633100481e-01,3.196181311e+01,1.324624559e-08,2.348879e-16,2.504622e-17,7.825248e-18,6.909629e-03
7.590000,3.528037815e-05,4.682949216e-06,6.505124345e-05,2.341485096e-06,3.717698286e-05,3.602287922e-01,3.205596651e+01,1.321671699e-08,8.417782e-17,5.354309e-17,1.146421e-17,6.896540e-03
7.600000,3.521953124e-05,4.681431673e-06,6.498639434e-05,2.340738270e-06,3.713120025e-05,3.571491053e-01,3.215023934e+01,1.318525643e-08,2.221703e-16,2.189007e-17,1.474889e-17,6.878230e-03
7.610000,3.515666221e-05,4.678679871e-06,6.491857020e-05,2.339224001e-06,3.708247210e-05,3.540721387e-01,3.224462123e+01,1.315186402e-08,5.602579e-16,2.849803e-17,5.691964e-18,6.932679e-03
7.620000,3.509178628e-05,4.673836565e-06,6.484772286e-05,2.336943032e-06,3.703079471e-05,3.509990702e-01,3.233910191e+01,1.311654206e-08,2.244674e-16,4.894033e-17,4.403451e-17,6.898440e-03
7.630000,3.502492007e-05,4.667466152e-06,6.477380628e-05,2.333896805e-06,3.697616683e-05,3.479311044e-01,3.243367116e+01,1.307929489e-08,6.677654e-16,3.922202e-17,8.790134e-18,6.908579e-03
7.640000,3.495608159e-05,4.660134176e-06,6.469677659e-05,2.330087448e-06,3.691858956e-05,3.448694741e-01,3.252831883e+01,1.304012895e-08,1.131012e-16,5.791461e-17,1.459506e-17,6.894899e-03
7.650000,3.488529017e-05,4.650976823e-06,6.461659216e-05,2.325517755e-06,3.685806637e-05,3.418154410e-01,3.262303486e+01,1.299905271e-08,5.919278e-17,2.988287e-17,2.366287e-17,6.901599e-03
7.660000,3.481256642e-05,4.640270405e-06,6.453321366e-05,2.320191178e-06,3.679460299e-05,3.387702965e-01,3.271780923e+01,1.295607660e-08,2.466724e-16,4.714736e-17,3.126533e-17,6.881790e-03
7.670000,3.473793218e-05,4.628196079e-06,6.444660416e-05,2.314111808e-06,3.672820738e-05,3.357353631e-01,3.281263202e+01,1.291121304e-08,1.130005e-16,9.439169e-17,7.277659e-18,6.891829e-03
7.680000,3.466141046e-05,4.614454403e-06,6.435672911e-05,2.307284359e-06,3.665888969e-05,3.327119948e-01,3.290749337e+01,1.286447633e-08,2.246866e-16,3.533038e-17,7.720810e-18,6.878349e-03
7.690000,3.458302541e-05,4.599609761e-06,6.426355648e-05,2.299714160e-06,3.658666221e-05,3.297015787e-01,3.300238349e+01,1.281588264e-08,4.447674e-16,4.411775e-18,2.879326e-17,6.901420e-03
7.700000,3.450280227e-05,4.582779387e-06,6.416705674e-05,2.291407135e-06,3.651153927e-05,3.267055355e-01,3.309729267e+01,1.276544996e-08,1.531171e-16,2.883338e-17,1.126467e-17,6.906049e-03
7.710000,3.442076729e-05,4.565108809e-06,6.406720294e-05,2.282369793e-06,3.643353725e-05,3.237253211e-01,3.319221126e+01,1.271319803e-08,8.903938e-16,5.341227e-17,1.195634e-17,6.916299e-03
7.720000,3.433694774e-05,4.545122866e-06,6.396397075e-05,2.272609214e-06,3.635267448e-05,3.207624271e-01,3.328712971e+01,1.265914833e-08,2.270942e-16,5.062625e-17,2.971048e-17,6.898209e-03
7.730000,3.425137180e-05,4.524165302e-06,6.385733849e-05,2.262133037e-06,3.626897121e-05,3.178183821e-01,3.338203850e+01,1.260332399e-08,2.400288e-16,1.290432e-17,1.697990e-17,6.902149e-03
7.740000,3.416406857e-05,4.502222551e-06,6.374728715e-05,2.250949448e-06,3.618244953e-05,3.148947529e-01,3.347692823e+01,1.254574973e-08,6.802087e-16,3.608395e-17,1.159444e-17,6.895719e-03
7.750000,3.407506798e-05,4.477991088e-06,6.363380044e-05,2.239067168e-06,3.609313336e-05,3.119931452e-01,3.357178954e+01,1.248645186e-08,2.221117e-16,5.387018e-17,1.790676e-17,6.860020e-03
7.760000,3.398440078e-05,4.453129189e-06,6.351686481e-05,2.226495444e-06,3.600104833e-05,3.091152047e-01,3.366661315e+01,1.242545816e-08,3.423752e-16,2.832485e-17,1.934712e-18,6.879469e-03
7.770000,3.389209845e-05,4.426623126e-06,6.339646945e-05,2.213244036e-06,3.590622179e-05,3.062626181e-01,3.376138988e+01,1.236279787e-08,3.334229e-16,4.640383e-17,1.196149e-17,6.923840e-03
7.780000,3.379819320e-05,4.398746057e-06,6.327260635e-05,2.199323210e-06,3.580868271e-05,3.034371141e-01,3.385611060e+01,1.229850160e-08,2.359844e-16,1.689088e-17,4.199418e-18,6.950369e-03
7.790000,3.370271791e-05,4.369166828e-06,6.314527026e-05,2.184743725e-06,3.570846165e-05,3.006404637e-01,3.395076624e+01,1.223260129e-08,6.709014e-16,8.305779e-17,6.110918e-18,6.939339e-03
7.800000,3.360570607e-05,4.339078951e-06,6.301445876e-05,2.169516831e-06,3.560559070e-05,2.978744815e-01,3.404534784e+01,1.216513014e-08,3.634843e-17,2.001176e-17,5.261591e-18,6.968539e-03
7.810000,3.350719177e-05,4.307131604e-06,6.288017221e-05,2.153654255e-06,3.550010342e-05,2.951410260e-01,3.413984649e+01,1.209612258e-08,4.516945e-16,7.707687e-17,1.125162e-17,6.950429e-03
7.820000,3.340720964e-05,4.274426075e-06,6.274241377e-05,2.137168199e-06,3.539203480e-05,2.924420002e-01,3.423425336e+01,1.202561417e-08,1.607258e-16,4.397933e-17,5.819524e-18,6.904529e-03
7.830000,3.330579479e-05,4.239897548e-06,6.260118945e-05,2.120071329e-06,3.528142120e-05,2.897793519e-01,3.432855969e+01,1.195364153e-08,4.508168e-16,8.193900e-17,1.674734e-17,6.880909e-03
7.840000,3.320298283e-05,4.204979902e-06,6.245650802e-05,2.102376776e-06,3.516830029e-05,2.871550739e-01,3.442275680e+01,1.188024236e-08,4.498492e-16,2.431764e-17,5.420075e-18,6.883839e-03
7.850000,3.309880977e-05,4.168065485e-06,6.230838107e-05,2.084098127e-06,3.505271101e-05,2.845712040e-01,3.451683608e+01,1.180545529e-08,2.308514e-16,5.875341e-18,5.558596e-18,6.901300e-03
7.860000,3.299331200e-05,4.130283635e-06,6.215682297e-05,2.065249423e-06,3.493469354e-05,2.820298246e-01,3.461078900e+01,1.172931987e-08,4.441210e-16,2.841963e-17,7.158971e-19,6.881289e-03
7.870000,3.288652628e-05,4.091284700e-06,6.200185087e-05,2.045845159e-06,3.481428920e-05,2.795330625e-01,3.470460708e+01,1.165187648e-08,8.916347e-16,3.621528e-17,1.474508e-17,6.917839e-03
7.880000,3.277848968e-05,4.051910424e-06,6.184348468e-05,2.025900280e-06,3.469154045e-05,2.770830879e-01,3.479828194e+01,1.157316631e-08,2.292085e-16,2.363004e-17,2.842423e-17,6.973209e-03
7.890000,3.266923954e-05,4.010821305e-06,6.168174704e-05,2.005430183e-06,3.456649081e-05,2.746821135e-01,3.489180527e+01,1.149323126e-08,2.338108e-16,5.243118e-17,1.675761e-17,6.887130e-03
7.900000,3.255881346e-05,3.969083097e-06,6.151666334e-05,1.984450718e-06,3.443918484e-05,2.723323929e-01,3.498516881e+01,1.141211391e-08,4.470072e-16,1.054826e-17,3.388659e-17,6.893310e-03
7.910000,3.244724925e-05,3.925883355e-06,6.134826163e-05,1.962978191e-06,3.430966807e-05,2.700362192e-01,3.507836440e+01,1.132985745e-08,2.617678e-16,5.659438e-17,1.323747e-17,6.875729e-03
7.920000,3.233458491e-05,3.882202932e-06,6.117657267e-05,1.941029366e-06,3.417798696e-05,2.677959224e-01,3.517138393e+01,1.124650562e-08,3.444457e-16,1.594818e-17,2.953098e-17,6.871620e-03
7.930000,3.222085859e-05,3.836983905e-06,6.100162984e-05,1.918621477e-06,3.404418889e-05,2.656138671e-01,3.526421938e+01,1.116210267e-08,4.480221e-16,1.888937e-17,2.239152e-17,6.908059e-03
7.940000,3.210610856e-05,3.791225576e-06,6.082346916e-05,1.895772228e-06,3.390832207e-05,2.634924496e-01,3.535686277e+01,1.107669327e-08,6.793203e-16,2.067715e-17,3.001293e-17,6.896679e-03
7.950000,3.199037321e-05,3.745145338e-06,6.064212922e-05,1.872499808e-06,3.377043553e-05,2.614340941e-01,3.544930623e+01,1.099032249e-08,3.431657e-16,5.074824e-17,9.980157e-18,6.876159e-03
7.960000,3.187369098e-05,3.697650415e-06,6.045765115e-05,1.848822897e-06,3.363057904e-05,2.594412487e-01,3.554154194e+01,1.090303574e-08,5.775321e-17,6.469336e-17,1.032041e-17,6.910100e-03
7.970000,3.175610038e-05,3.649172378e-06,6.027007863e-05,1.824760686e-06,3.348880315e-05,2.575163813e-01,3.563356216e+01,1.081487869e-08,6.663712e-16,4.539111e-17,2.018025e-17,6.902989e-03
7.980000,3.163763991e-05,3.601151636e-06,6.007945780e-05,1.800332886e-06,3.334515905e-05,2.556619741e-01,3.572535919e+01,1.072589727e-08,9.073303e-16,3.736994e-17,1.835574e-17,6.935669e-03
7.990000,3.151834811e-05,3.551481626e-06,5.988583724e-05,1.775559751e-06,3.319969861e-05,2.538805181e-01,3.581692544e+01,1.063613755e-08,6.686457e-16,4.902556e-17,1.706019e-17,6.927959e-03
