t,pos_err,ori_err_geodesic,e_xi_norm,e_z_O_norm,e_z_T_norm,qddot_ref_norm,tau_norm,V,c0,c1,c2,runtime
0.000000,2.479960296e-01,3.031045291e+00,0.000000000e+00,9.984727990e-01,1.531713306e+00,4.000000000e+01,4.382935168e+01,2.674474864e+01,4.475452e-16,0.000000e+00,0.000000e+00,7.155881e-03
0.010000,2.479141871e-01,3.031043704e+00,1.671515043e-02,9.984727551e-01,1.531621403e+00,4.000000000e+01,4.377696449e+01,2.674263543e+01,4.460365e-16,4.220977e-18,1.550303e-17,6.824443e-03
0.020000,2.476833590e-01,3.031039944e+00,3.348440623e-02,9.984726513e-01,1.531362135e+00,4.000000000e+01,4.363605193e+01,2.673670160e+01,6.684428e-16,4.273288e-17,6.014006e-17,6.875743e-03
0.030000,2.473030071e-01,3.031036048e+00,5.039485646e-02,9.984725436e-01,1.530934702e+00,4.000000000e+01,4.342102445e+01,2.672693768e+01,6.753223e-16,8.565197e-17,7.530412e-18,6.882792e-03
0.040000,2.467721938e-01,3.031035393e+00,6.759914662e-02,9.984725255e-01,1.530337731e+00,4.000000000e+01,4.315537555e+01,2.671333246e+01,4.807407e-17,1.379121e-16,9.980023e-17,6.912023e-03
0.050000,2.460895157e-01,3.031042738e+00,8.535873107e-02,9.984727284e-01,1.529569199e+00,4.000000000e+01,4.287011519e+01,2.669588084e+01,2.375495e-16,5.895708e-17,3.118833e-16,6.896113e-03
0.060000,2.452530084e-01,3.031064295e+00,1.040977516e-01,9.984733239e-01,1.528626331e+00,4.000000000e+01,4.260096091e+01,2.667459767e+01,2.573946e-16,9.399977e-17,6.887479e-16,6.914243e-03
0.070000,2.442600223e-01,3.031107806e+00,1.244635287e-01,9.984745253e-01,1.527505468e+00,4.000000000e+01,4.238427134e+01,2.664954025e+01,2.292987e-16,1.717026e-16,3.223719e-16,6.891333e-03
0.080000,2.431070629e-01,3.031182641e+00,1.473810270e-01,9.984765906e-01,1.526201905e+00,4.000000000e+01,4.225229045e+01,2.662084264e+01,4.520411e-16,2.656238e-16,4.093790e-16,6.900812e-03
0.090000,2.417895881e-01,3.031299898e+00,1.740797546e-01,9.984798238e-01,1.524709678e+00,4.000000000e+01,4.222882996e+01,2.658876437e+01,2.775558e-17,1.333934e-16,4.508834e-16,6.875942e-03
0.100000,2.403017531e-01,3.031472497e+00,2.060696863e-01,9.984845768e-01,1.523021302e+00,4.000000000e+01,4.232663499e+01,2.655375504e+01,1.387779e-17,1.697638e-16,2.599598e-16,6.900213e-03
0.110000,2.386360878e-01,3.031715252e+00,2.450553065e-01,9.984912491e-01,1.521127409e+00,4.000000000e+01,4.254713510e+01,2.651653300e+01,4.767177e-16,2.754881e-16,1.324553e-15,6.921983e-03
0.120000,2.367830854e-01,3.032044899e+00,2.928005850e-01,9.985002862e-01,1.519016273e+00,4.000000000e+01,4.288234107e+01,2.647817217e+01,2.237726e-16,1.212625e-15,3.449203e-15,6.964642e-03
0.130000,2.347244496e-01,3.032062558e+00,3.698065673e-01,9.985007695e-01,1.516640369e+00,3.883904980e+01,4.323355749e+01,2.644599281e+01,2.636780e-16,2.242025e-16,1.863516e-16,6.947372e-03
0.140000,2.324204291e-01,3.030133889e+00,5.850233501e-01,9.984475199e-01,1.513851779e+00,3.919866393e+01,4.336920769e+01,2.648028343e+01,2.375495e-16,2.238268e-16,2.541492e-15,6.914532e-03
0.150000,2.298539015e-01,3.026317804e+00,8.447649503e-01,9.983394234e-01,1.510630314e+00,3.955621216e+01,4.354529237e+01,2.658629830e+01,1.777224e-16,5.596466e-16,1.213969e-15,6.916072e-03
0.160000,2.270054011e-01,3.021059602e+00,9.868020459e-01,9.981845225e-01,1.506976845e+00,3.993988923e+01,4.372716596e+01,2.662570156e+01,4.449557e-16,4.380306e-16,1.167055e-15,6.921373e-03
0.170000,2.238530204e-01,3.015076627e+00,1.126355638e+00,9.979998790e-01,1.502909486e+00,4.032400387e+01,4.389776039e+01,2.667226396e+01,3.379462e-16,2.914335e-16,3.376612e-15,6.890272e-03
0.180000,2.203719943e-01,3.008415315e+00,1.261979879e+00,9.977837936e-01,1.498395567e+00,4.625935927e+01,4.414660584e+01,2.672239081e+01,3.333559e-16,5.715223e-16,4.475452e-16,6.922653e-03
0.190000,2.164252653e-01,3.001088525e+00,1.281663660e+00,9.975333385e-01,1.493345141e+00,4.549786641e+01,8.711793399e+01,2.662255063e+01,1.415262e-16,5.266250e-16,2.517050e-15,6.860492e-03
0.200000,2.118167521e-01,2.993004677e+00,1.326549164e+00,9.972414708e-01,1.487626985e+00,4.471974648e+01,9.522993845e+01,2.654006313e+01,1.301852e-16,2.081668e-16,2.371437e-15,6.883793e-03
0.210000,2.066787780e-01,2.983917894e+00,1.436375968e+00,9.968939431e-01,1.481471284e+00,4.000000000e+01,4.404779942e+01,2.654002555e+01,5.614933e-16,3.416481e-16,8.082546e-16,6.855092e-03
0.220000,2.013207579e-01,2.973511998e+00,1.539550961e+00,9.964706896e-01,1.475290508e+00,4.792527765e+01,8.401043400e+01,2.654059592e+01,5.606351e-16,6.938894e-17,2.220446e-15,6.820823e-03
0.230000,1.959664996e-01,2.962394129e+00,1.674867288e+00,9.959886707e-01,1.469082491e+00,5.393667229e+01,1.480277801e+02,2.660416460e+01,2.305551e-16,5.887847e-16,2.098439e-15,6.890692e-03
0.240000,1.906228006e-01,2.950731164e+00,1.818508666e+00,9.954499412e-01,1.462813013e+00,4.000000000e+01,4.542959982e+01,2.669942685e+01,4.585974e-16,7.540123e-16,2.401780e-15,6.900132e-03
0.250000,1.852808332e-01,2.938539684e+00,1.946316863e+00,9.948506119e-01,1.456475233e+00,4.172700308e+01,8.436003237e+01,2.678245742e+01,3.447171e-16,3.723801e-16,5.357905e-15,6.880513e-03
0.260000,1.799530242e-01,2.925650749e+00,2.180910071e+00,9.941767971e-01,1.450088174e+00,4.000000000e+01,4.760541788e+01,2.710733010e+01,5.551115e-17,7.447602e-16,3.140185e-15,6.857972e-03
0.270000,1.746375429e-01,2.912114991e+00,2.358550658e+00,9.934247187e-01,1.443642571e+00,3.318654415e+01,8.871542867e+01,2.734935295e+01,2.622131e-16,2.020636e-16,3.972055e-15,6.870552e-03
0.280000,1.693390417e-01,2.898006222e+00,2.610187582e+00,9.925923699e-01,1.437128712e+00,3.971244290e+01,1.112841058e+02,2.781116800e+01,4.807407e-17,2.371437e-16,2.746540e-15,6.896902e-03
0.290000,1.640462052e-01,2.883341944e+00,2.838873136e+00,9.916748983e-01,1.430510425e+00,4.000000000e+01,5.131122675e+01,2.826783379e+01,8.777084e-17,5.978734e-16,2.886580e-15,6.944342e-03
0.300000,1.586953436e-01,2.868001420e+00,3.076311789e+00,9.906580613e-01,1.423740344e+00,4.000000000e+01,5.213559113e+01,2.879936680e+01,4.460365e-16,3.356589e-16,4.440892e-16,6.847573e-03
0.310000,1.532398380e-01,2.851929465e+00,3.349972833e+00,9.895302252e-01,1.416719620e+00,5.117228067e+01,5.485812414e+01,2.950127539e+01,4.451721e-16,2.636780e-16,8.881784e-16,6.834902e-03
0.320000,1.476108945e-01,2.833982445e+00,3.442543759e+00,9.881952936e-01,1.409267832e+00,5.108211618e+01,9.740148034e+01,2.962607985e+01,6.206335e-17,4.710277e-16,5.617334e-15,6.861353e-03
0.330000,1.418020897e-01,2.814337525e+00,3.578427870e+00,9.866428520e-01,1.401357094e+00,4.476886245e+01,6.768776291e+01,2.990069958e+01,7.776516e-16,8.989551e-16,3.662053e-15,6.921452e-03
0.340000,1.357765934e-01,2.793055529e+00,3.700605679e+00,9.848536247e-01,1.392938539e+00,4.492018293e+01,6.437693440e+01,3.012895669e+01,6.359601e-17,2.237726e-16,1.776357e-15,6.852552e-03
0.350000,1.294786641e-01,2.770046758e+00,3.823260540e+00,9.827937760e-01,1.383981310e+00,5.051015968e+01,5.402093051e+01,3.035896356e+01,2.254874e-16,0.000000e+00,3.794300e-15,6.877932e-03
0.360000,1.228924303e-01,2.745394708e+00,3.935007557e+00,9.804424825e-01,1.374439664e+00,5.036264389e+01,5.430912922e+01,3.054495705e+01,2.498002e-16,2.001483e-16,1.831027e-15,6.870863e-03
0.370000,1.160241174e-01,2.719226794e+00,3.955417056e+00,9.777836370e-01,1.364301203e+00,4.219102133e+01,5.521734331e+01,3.036169095e+01,8.886120e-17,2.482534e-16,3.580362e-15,6.881622e-03
0.380000,1.088750983e-01,2.691543926e+00,4.054593507e+00,9.747886711e-01,1.353534135e+00,4.251945572e+01,5.279465666e+01,3.047800513e+01,3.925231e-17,3.140185e-16,2.701289e-15,6.816832e-03
0.390000,1.014510895e-01,2.662431238e+00,4.150415014e+00,9.714375563e-01,1.342126448e+00,4.691134919e+01,5.516682558e+01,3.057292702e+01,6.206335e-17,6.131407e-16,2.746540e-15,6.802782e-03
0.400000,9.372830829e-02,2.631956941e+00,4.202080292e+00,9.677092245e-01,1.330024095e+00,4.622262265e+01,4.892613294e+01,3.047214127e+01,1.118863e-16,1.665335e-16,1.790181e-15,6.857542e-03
0.410000,8.572687974e-02,2.600155475e+00,4.266074502e+00,9.635789772e-01,1.317233414e+00,4.653496093e+01,5.727217409e+01,3.040840233e+01,2.451306e-16,1.570092e-16,9.155134e-16,6.849233e-03
0.420000,7.741229939e-02,2.567126072e+00,4.328364701e+00,9.590313536e-01,1.303696631e+00,4.396998904e+01,4.842765622e+01,3.032229884e+01,4.518280e-16,5.398085e-16,2.685271e-15,6.869633e-03
0.430000,6.882493685e-02,2.532797949e+00,4.398892772e+00,9.540277503e-01,1.289416464e+00,4.702281739e+01,4.900471813e+01,3.025723894e+01,2.288783e-16,2.775558e-17,1.336886e-15,6.857252e-03
0.440000,5.996144830e-02,2.497255680e+00,4.481133786e+00,9.485510533e-01,1.274356295e+00,4.555169452e+01,6.174616825e+01,3.023014453e+01,2.292987e-16,1.000742e-16,0.000000e+00,6.884442e-03
0.450000,5.085975819e-02,2.460626835e+00,4.507533190e+00,9.425935116e-01,1.258507948e+00,4.791333563e+01,6.476045102e+01,2.993752601e+01,2.255941e-16,2.288783e-16,1.776357e-15,6.829952e-03
0.460000,4.167269453e-02,2.424520501e+00,4.385057398e+00,9.364115233e-01,1.242148688e+00,4.000000000e+01,6.067748964e+01,2.897276342e+01,6.748944e-16,3.236829e-16,4.528839e-15,6.818382e-03
0.470000,3.258513493e-02,2.389527449e+00,4.256967595e+00,9.301289120e-01,1.225421173e+00,4.244368490e+01,6.425028580e+01,2.799526131e+01,4.565455e-16,2.775558e-16,3.559646e-15,6.866303e-03
0.480000,2.394828501e-02,2.355750900e+00,4.082440034e+00,9.237946325e-01,1.208359155e+00,4.683969364e+01,5.920228537e+01,2.684138528e+01,2.288783e-16,2.989367e-16,2.220446e-15,6.868632e-03
0.490000,1.720372483e-02,2.322685328e+00,4.077127047e+00,9.173384610e-01,1.191247780e+00,4.861836580e+01,5.998461189e+01,2.639613149e+01,6.798700e-17,1.665335e-16,2.360367e-15,6.861833e-03
0.500000,1.503350944e-02,2.289769945e+00,4.055021464e+00,9.106625843e-01,1.174386864e+00,3.913289393e+01,6.276607352e+01,2.588952633e+01,3.445075e-16,2.830524e-16,2.673771e-15,6.831242e-03
0.510000,1.828415986e-02,2.257115073e+00,4.044597546e+00,9.037958075e-01,1.157794129e+00,3.791995238e+01,6.272801850e+01,2.543805751e+01,2.407706e-16,1.110223e-16,9.485750e-16,6.840013e-03
0.520000,2.435560427e-02,2.224797914e+00,4.046695818e+00,8.967628311e-01,1.141482289e+00,4.059322284e+01,6.271666107e+01,2.504519665e+01,7.781777e-16,2.558938e-16,6.252833e-15,6.876122e-03
0.530000,3.124897189e-02,2.192920174e+00,4.060493704e+00,8.895960889e-01,1.125462825e+00,3.990442035e+01,6.234401771e+01,2.470818674e+01,2.289835e-16,1.241267e-16,1.110223e-15,6.835093e-03
0.540000,3.821116687e-02,2.161580943e+00,4.055030395e+00,8.823301028e-01,1.109746358e+00,3.927967182e+01,6.176412635e+01,2.430198288e+01,1.271920e-16,4.189995e-16,6.661338e-16,6.862722e-03
0.550000,4.494859600e-02,2.130944295e+00,4.067259733e+00,8.750175881e-01,1.094341128e+00,3.874664153e+01,6.108833814e+01,2.397720713e+01,1.146493e-16,6.093992e-16,1.421779e-15,6.836792e-03
0.560000,5.137253883e-02,2.100972257e+00,4.095534701e+00,8.676650067e-01,1.079213509e+00,3.199369793e+01,6.008983645e+01,2.372705714e+01,4.526797e-16,4.736780e-16,3.559646e-15,6.831532e-03
0.570000,5.745676289e-02,2.071603162e+00,4.166791598e+00,8.602713080e-01,1.064305149e+00,3.796132841e+01,5.950631931e+01,2.366357349e+01,5.551115e-17,2.857611e-16,1.897150e-15,6.848343e-03
0.580000,6.341848270e-02,2.043319449e+00,4.041394682e+00,8.529754911e-01,1.049353860e+00,3.628309193e+01,6.040583952e+01,2.279612119e+01,6.873359e-16,5.082000e-16,2.701289e-15,6.840523e-03
0.590000,6.940539332e-02,2.016451394e+00,3.921845159e+00,8.458868300e-01,1.034209659e+00,3.522075919e+01,5.894755250e+01,2.197134790e+01,2.391655e-16,1.279469e-16,1.790181e-15,6.839073e-03
0.600000,7.543792277e-02,1.990986946e+00,3.771761644e+00,8.390275615e-01,1.018867680e+00,2.486012309e+01,5.651231216e+01,2.104956173e+01,4.526797e-16,8.387742e-16,1.831027e-15,6.880002e-03
0.610000,8.151889849e-02,1.966828723e+00,3.630111224e+00,8.323944023e-01,1.003329878e+00,2.313152858e+01,5.495383563e+01,2.018526403e+01,4.451721e-16,3.002225e-16,1.790181e-15,6.890131e-03
0.620000,8.767269372e-02,1.943926131e+00,3.520111825e+00,8.259938434e-01,9.876025825e-01,2.142396925e+01,5.328977936e+01,1.945659115e+01,4.578093e-16,2.172217e-16,2.808667e-15,6.861572e-03
0.630000,9.392845428e-02,1.922229248e+00,3.415713297e+00,8.198303184e-01,9.717016607e-01,1.985993711e+01,5.158496164e+01,1.876415561e+01,4.450098e-16,3.091509e-16,2.318214e-15,6.848453e-03
0.640000,1.003085535e-01,1.901662040e+00,3.288202508e+00,8.138986142e-01,9.556295439e-01,1.834662386e+01,4.990782832e+01,1.801140810e+01,2.323235e-16,2.847484e-16,4.965068e-16,6.844972e-03
0.650000,1.068544153e-01,1.882184426e+00,3.188799275e+00,8.082017927e-01,9.393817925e-01,3.004440471e+01,4.902561303e+01,1.736924673e+01,2.224779e-16,1.144392e-16,6.280370e-16,6.871462e-03
0.660000,1.136009056e-01,1.863749660e+00,3.070223471e+00,8.027393685e-01,9.229747885e-01,2.950337361e+01,4.733090637e+01,1.668331971e+01,2.306595e-16,2.368390e-16,9.930137e-16,6.861113e-03
0.670000,1.205730183e-01,1.846298225e+00,2.960155275e+00,7.975054676e-01,9.064236665e-01,1.489449440e+01,4.476248592e+01,1.604221030e+01,8.891537e-16,2.347972e-16,1.776357e-15,6.859332e-03
0.680000,1.278018309e-01,1.829787594e+00,2.873712477e+00,7.924978208e-01,8.897040667e-01,2.714814768e+01,7.782969301e+01,1.548612068e+01,4.665600e-16,2.040790e-16,3.140185e-15,6.873712e-03
0.690000,1.353000936e-01,1.813813585e+00,2.835384445e+00,7.876015228e-01,8.728529398e-01,2.713762924e+01,7.710668553e+01,1.507720978e+01,2.237726e-16,9.813078e-17,1.404333e-15,6.874582e-03
0.700000,1.430566638e-01,1.798217545e+00,2.781587843e+00,7.827726027e-01,8.559018437e-01,1.456973369e+01,4.296970010e+01,1.463102277e+01,2.254874e-16,4.545902e-16,1.790181e-15,6.850282e-03
0.710000,1.510641144e-01,1.783027581e+00,2.733088175e+00,7.780236546e-01,8.388834824e-01,1.489366282e+01,4.287755875e+01,1.420725592e+01,1.154862e-16,1.927964e-16,9.930137e-16,6.876182e-03
0.720000,1.593189469e-01,1.768144665e+00,2.591159328e+00,7.733271721e-01,8.219901229e-01,2.877521319e+01,4.399439304e+01,1.354667475e+01,8.925317e-16,2.852793e-16,2.220446e-16,6.874042e-03
0.730000,1.678581762e-01,1.753447106e+00,2.446856880e+00,7.686471538e-01,8.055211505e-01,2.862742555e+01,4.444762455e+01,1.291101646e+01,2.242025e-16,1.475229e-16,2.589463e-15,6.868683e-03
0.740000,1.766408986e-01,1.738828712e+00,2.307806747e+00,7.639511671e-01,7.894982927e-01,3.665566508e+01,7.692885013e+01,1.231841751e+01,2.518159e-16,2.113802e-16,1.734224e-15,6.878952e-03
0.750000,1.856259594e-01,1.724193001e+00,2.213943164e+00,7.592087321e-01,7.739323188e-01,2.830105290e+01,4.504093925e+01,1.185372523e+01,1.003072e-15,5.715223e-16,1.776357e-15,6.863522e-03
0.760000,1.947852730e-01,1.709500178e+00,2.145249849e+00,7.544068962e-01,7.588284884e-01,2.818177475e+01,4.571274449e+01,1.146065198e+01,2.375495e-16,1.241267e-16,2.401780e-15,6.852802e-03
0.770000,2.040877112e-01,1.694680937e+00,2.101548740e+00,7.495225043e-01,7.441874288e-01,2.808041072e+01,4.647574183e+01,1.113304486e+01,2.775558e-17,3.855928e-16,6.684428e-16,6.904682e-03
0.780000,2.135096027e-01,1.679687471e+00,2.071602851e+00,7.445388103e-01,7.300058991e-01,3.641682809e+01,7.921156827e+01,1.084374241e+01,4.475452e-16,1.755417e-16,2.371437e-15,6.914812e-03
0.790000,2.230155757e-01,1.664426230e+00,2.077678171e+00,7.394231403e-01,7.162774490e-01,2.789864500e+01,4.788927039e+01,1.063677301e+01,2.254874e-16,2.482534e-16,1.555303e-15,6.906753e-03
0.800000,2.325973542e-01,1.648891052e+00,2.105509470e+00,7.341714270e-01,7.029929763e-01,2.787487090e+01,4.891973997e+01,1.048223954e+01,1.241267e-16,1.665335e-16,1.110570e-15,6.902322e-03
0.810000,2.422241700e-01,1.632997494e+00,2.149077273e+00,7.287527241e-01,6.901412590e-01,2.783182775e+01,4.967982889e+01,1.036827048e+01,4.669211e-16,2.482534e-16,1.118863e-15,6.904692e-03
0.820000,2.518886810e-01,1.616731309e+00,2.216071403e+00,7.231593291e-01,6.777093435e-01,2.786754202e+01,5.082639143e+01,1.031348119e+01,6.672893e-16,1.570092e-16,1.042960e-15,6.910372e-03
0.830000,2.615746316e-01,1.600049464e+00,2.298202481e+00,7.173733216e-01,6.656829516e-01,2.788383013e+01,5.171695498e+01,1.030293352e+01,2.395678e-16,2.482534e-16,9.930137e-16,6.944442e-03
0.840000,2.712393876e-01,1.582934821e+00,2.352629530e+00,7.113853374e-01,6.540238269e-01,2.793258964e+01,5.243952103e+01,1.023796297e+01,4.967007e-16,6.866350e-16,1.336886e-15,6.929602e-03
0.850000,2.807458737e-01,1.565932142e+00,2.307605200e+00,7.053849426e-01,6.425022854e-01,1.495536235e+01,5.138905310e+01,9.945537712e+00,6.684428e-16,2.482534e-16,9.036561e-16,6.908272e-03
0.860000,2.900178065e-01,1.549247183e+00,2.266461419e+00,6.994471116e-01,6.310230727e-01,1.450276423e+01,5.100944553e+01,9.667754723e+00,4.528924e-16,4.475452e-16,6.758924e-16,6.892732e-03
0.870000,2.990425387e-01,1.532868709e+00,2.209379407e+00,6.935710040e-01,6.195863346e-01,1.382689024e+01,5.023840024e+01,9.360102392e+00,2.375495e-16,1.110223e-16,2.051849e-15,6.893662e-03
0.880000,3.078260628e-01,1.516808690e+00,2.156570988e+00,6.877639803e-01,6.081969461e-01,1.320938622e+01,4.955078103e+01,9.068781757e+00,2.775558e-17,1.570092e-16,2.531698e-15,6.891752e-03
0.890000,3.163588432e-01,1.501058978e+00,2.107852091e+00,6.820260857e-01,5.968569131e-01,1.264759911e+01,4.894384730e+01,8.792702269e+00,8.777084e-17,2.288783e-16,7.021667e-16,6.897662e-03
0.900000,3.246472517e-01,1.485646158e+00,2.045584018e+00,6.763699769e-01,5.855693118e-01,1.200930140e+01,4.819809559e+01,8.495149104e+00,8.441529e-17,3.376612e-16,6.890150e-16,6.869412e-03
0.910000,3.326846441e-01,1.470562370e+00,2.005109704e+00,6.707957208e-01,5.743375070e-01,1.156269792e+01,4.774600915e+01,8.248876231e+00,3.379462e-16,4.475452e-16,1.118863e-15,6.912522e-03
0.920000,3.404819428e-01,1.455875284e+00,1.952335783e+00,6.653314016e-01,5.631614119e-01,1.105934256e+01,4.715935842e+01,7.984340703e+00,4.449557e-16,2.220446e-16,7.776516e-16,6.907922e-03
0.930000,3.480561640e-01,1.441533861e+00,1.899074243e+00,6.599610609e-01,5.520574461e-01,2.677522829e+01,8.294320445e+01,7.725769695e+00,2.775558e-17,5.578802e-16,8.882055e-16,6.915342e-03
0.940000,3.553622455e-01,1.427605892e+00,1.855037132e+00,6.547130597e-01,5.410114905e-01,1.022163214e+01,4.611004345e+01,7.491322368e+00,4.475990e-16,2.001483e-16,1.334073e-15,6.892272e-03
0.950000,3.624618572e-01,1.414055609e+00,1.809170554e+00,6.495768956e-01,5.300471039e-01,9.897377174e+00,4.566741620e+01,7.259749652e+00,2.309724e-16,3.510833e-16,4.467376e-16,6.928642e-03
0.960000,3.693448441e-01,1.400902185e+00,1.758844671e+00,6.445626364e-01,5.191660886e-01,9.593256551e+00,4.517224602e+01,7.026722646e+00,1.113341e-15,6.206335e-16,2.420670e-16,6.892732e-03
0.970000,3.760111219e-01,1.388226397e+00,1.707282117e+00,6.397040766e-01,5.083659053e-01,9.359527880e+00,4.469846857e+01,6.798663708e+00,2.288783e-16,2.020636e-16,1.791055e-15,6.922352e-03
0.980000,3.824800595e-01,1.376022037e+00,1.652911744e+00,6.350019303e-01,4.976555660e-01,2.656340680e+01,8.318088312e+01,6.573166727e+00,8.920730e-16,3.510833e-16,2.237726e-16,6.937882e-03
0.990000,3.887468634e-01,1.364238725e+00,1.608697942e+00,6.304395691e-01,4.870432594e-01,9.134365739e+00,4.396267255e+01,6.371276029e+00,2.254874e-16,2.355139e-16,4.471685e-16,6.932942e-03
1.000000,3.948452295e-01,1.352902720e+00,1.567837506e+00,6.260297451e-01,4.765364036e-01,9.096973960e+00,4.369091443e+01,6.181058709e+00,1.942890e-16,2.020636e-16,8.950904e-16,6.957412e-03
1.010000,4.007932963e-01,1.342010879e+00,1.522691200e+00,6.217737583e-01,4.661417214e-01,9.141996127e+00,4.348300530e+01,5.990419934e+00,8.907767e-16,3.103168e-16,9.164595e-16,6.957972e-03
1.020000,4.066218905e-01,1.331585463e+00,1.480335796e+00,6.176827525e-01,4.558652249e-01,9.223486630e+00,4.332477141e+01,5.810457722e+00,2.237726e-16,3.885781e-16,3.787899e-16,6.938062e-03
1.030000,4.123299554e-01,1.321591050e+00,1.440486482e+00,6.137451166e-01,4.457123081e-01,9.327593932e+00,4.320279980e+01,5.640240891e+00,2.254874e-16,2.355139e-16,8.459761e-16,6.918032e-03
1.040000,4.179165414e-01,1.311995020e+00,1.402889793e+00,6.099500133e-01,4.356877997e-01,9.442579533e+00,4.310528858e+01,5.478952906e+00,6.714612e-16,1.144392e-16,9.063162e-16,6.897892e-03
1.050000,4.233807819e-01,1.302767324e+00,1.367320695e+00,6.062873371e-01,4.257960023e-01,9.558762362e+00,4.302206025e+01,5.325875507e+00,2.305551e-16,3.618884e-16,1.003072e-15,6.910022e-03
1.060000,4.287218804e-01,1.293880284e+00,1.333579834e+00,6.027476730e-01,4.160407289e-01,9.668358293e+00,4.294453083e+01,5.180374750e+00,3.611559e-16,1.000742e-16,1.734723e-16,6.906422e-03
1.070000,4.339391047e-01,1.285308394e+00,1.301490965e+00,5.993222556e-01,4.064253355e-01,9.765273565e+00,4.286564223e+01,5.041889121e+00,1.250927e-16,8.777084e-17,1.192198e-15,6.907992e-03
1.080000,4.390317866e-01,1.277028153e+00,1.270898555e+00,5.960029295e-01,3.969527511e-01,9.844889064e+00,4.277976634e+01,4.909919398e+00,6.764977e-16,1.494683e-16,5.924125e-16,6.904032e-03
1.090000,4.439993248e-01,1.269017897e+00,1.241665574e+00,5.927821112e-01,3.876255058e-01,9.903855125e+00,4.268258872e+01,4.784020011e+00,4.535298e-16,1.942890e-16,3.365900e-16,6.925232e-03
1.100000,4.488411898e-01,1.261257657e+00,1.213671460e+00,5.896527523e-01,3.784457564e-01,9.939905046e+00,4.257097910e+01,4.663791677e+00,5.763878e-17,2.288783e-16,6.206335e-16,6.896272e-03
1.110000,4.535569293e-01,1.253729023e+00,1.186810271e+00,5.866083050e-01,3.694153105e-01,9.951689159e+00,4.244285499e+01,4.548875110e+00,2.242025e-16,1.241267e-16,7.756988e-16,6.895702e-03
1.120000,4.581461749e-01,1.246415015e+00,1.160988999e+00,5.836426886e-01,3.605356488e-01,9.938628233e+00,4.229704360e+01,4.438945664e+00,4.458746e-16,7.850462e-17,7.999013e-16,6.914952e-03
1.130000,4.626086468e-01,1.239299977e+00,1.136126049e+00,5.807502581e-01,3.518079464e-01,9.900783944e+00,4.213314599e+01,4.333708748e+00,1.121013e-16,4.577567e-16,1.285850e-15,6.916752e-03
1.140000,4.669441601e-01,1.232369464e+00,1.112149873e+00,5.779257749e-01,3.432330929e-01,9.838744066e+00,4.195140699e+01,4.232895929e+00,1.177569e-16,8.326673e-17,1.439549e-15,6.904052e-03
1.150000,4.711526282e-01,1.225610153e+00,1.088997739e+00,5.751643785e-01,3.348117105e-01,9.753520422e+00,4.175259310e+01,4.136261588e+00,1.394700e-16,2.259140e-16,4.355503e-16,6.929832e-03
1.160000,4.752340666e-01,1.219009747e+00,1.066614640e+00,5.724615606e-01,3.265441723e-01,9.646458113e+00,4.153788013e+01,4.043580074e+00,2.305551e-16,1.144392e-16,3.538836e-16,6.914833e-03
1.170000,4.791885953e-01,1.212556904e+00,1.044952317e+00,5.698131404e-01,3.184306191e-01,9.519154932e+00,4.130875181e+01,3.954643266e+00,4.462523e-16,4.220764e-16,8.917491e-16,6.946852e-03
1.180000,4.830164402e-01,1.206241150e+00,1.023968395e+00,5.672152419e-01,3.104709751e-01,9.373390214e+00,4.106690983e+01,3.869258493e+00,4.163336e-17,1.415262e-16,9.794415e-16,6.944382e-03
1.190000,4.867179332e-01,1.200052824e+00,1.003625616e+00,5.646642718e-01,3.026649633e-01,9.211062560e+00,4.081419556e+01,3.787246747e+00,1.595946e-16,1.526557e-16,4.282484e-16,6.932222e-03
1.200000,4.902935127e-01,1.193983001e+00,9.838911663e-01,5.621569002e-01,2.950121195e-01,9.034135967e+00,4.055252325e+01,3.708441162e+00,2.309724e-16,2.020636e-16,5.302695e-16,6.958312e-03
1.210000,4.937437216e-01,1.188023447e+00,9.647360811e-01,5.596900414e-01,2.875118065e-01,8.844593940e+00,4.028382423e+01,3.632685704e+00,3.334281e-16,1.986997e-16,1.241267e-16,6.923162e-03
1.220000,4.970692057e-01,1.182166558e+00,9.461347219e-01,5.572608367e-01,2.801632266e-01,8.644401117e+00,4.001000135e+01,3.559834045e+00,4.488343e-16,2.940651e-16,6.961063e-16,6.910462e-03
1.230000,5.002707111e-01,1.176405310e+00,9.280643196e-01,5.548666381e-01,2.729654339e-01,8.435471911e+00,3.973289287e+01,3.489748604e+00,4.484587e-16,4.791355e-16,6.955873e-16,6.935382e-03
1.240000,5.033490815e-01,1.170733222e+00,9.105045744e-01,5.525049931e-01,2.659173464e-01,8.219645616e+00,3.945424484e+01,3.422299710e+00,2.860979e-17,3.944808e-16,3.164623e-16,6.902222e-03
1.250000,5.063052540e-01,1.165144305e+00,8.934373068e-01,5.501736310e-01,2.590177565e-01,7.998667364e+00,3.917569093e+01,3.357364890e+00,2.486410e-16,6.206335e-17,4.997931e-16,6.912592e-03
1.260000,5.091402556e-01,1.159633030e+00,8.768461531e-01,5.478704494e-01,2.522653418e-01,7.774174305e+00,3.889873863e+01,3.294828244e+00,2.860979e-17,2.470870e-16,8.378553e-16,6.891652e-03
1.270000,5.118551991e-01,1.154194292e+00,8.607163008e-01,5.455935023e-01,2.456586749e-01,7.547686345e+00,3.862476101e+01,3.234579909e+00,1.576214e-16,3.749572e-16,5.649129e-16,6.899872e-03
1.280000,5.144512784e-01,1.148823374e+00,8.450342595e-01,5.433409889e-01,2.391962327e-01,7.320600794e+00,3.835499291e+01,3.176515594e+00,3.925231e-17,2.371437e-16,4.718958e-16,6.906542e-03
1.290000,5.169297638e-01,1.143515922e+00,8.297876611e-01,5.411112431e-01,2.328764056e-01,7.094190287e+00,3.809053082e+01,3.120536163e+00,4.581772e-16,7.899375e-16,6.651211e-16,6.800913e-03
1.300000,5.192919976e-01,1.138267913e+00,8.149650885e-01,5.389027235e-01,2.266975053e-01,6.869603368e+00,3.783233562e+01,3.066547282e+00,4.445227e-16,1.494683e-16,3.855928e-16,6.819353e-03
1.310000,5.215393890e-01,1.133075633e+00,8.005559267e-01,5.367140047e-01,2.206577730e-01,6.647867194e+00,3.758123747e+01,3.014459101e+00,2.309724e-16,2.792851e-16,4.847303e-16,6.856972e-03
1.320000,5.236734095e-01,1.127935653e+00,7.865502348e-01,5.345437688e-01,2.147553868e-01,6.429891843e+00,3.733794237e+01,2.964185972e+00,4.460365e-16,2.237726e-16,2.830524e-16,6.865672e-03
1.330000,5.256955879e-01,1.122844804e+00,7.729386361e-01,5.323907976e-01,2.089884689e-01,6.216475775e+00,3.710303971e+01,2.915646200e+00,5.554583e-16,1.694000e-16,2.567391e-16,6.939262e-03
1.340000,5.276075057e-01,1.117800163e+00,7.597122239e-01,5.302539653e-01,2.033550914e-01,6.008312075e+00,3.687701059e+01,2.868761819e+00,4.451721e-16,4.449557e-16,1.914179e-16,6.844602e-03
1.350000,5.294107921e-01,1.112799029e+00,7.468624807e-01,5.281322319e-01,1.978532836e-01,5.805995135e+00,3.666023634e+01,2.823458392e+00,2.246316e-16,3.043636e-16,5.167030e-16,6.860532e-03
1.360000,5.311071199e-01,1.107838910e+00,7.343812100e-01,5.260246370e-01,1.924810368e-01,5.610027508e+00,3.645300720e+01,2.779664827e+00,1.962616e-17,3.944808e-16,8.684713e-16,6.897752e-03
1.370000,5.326982007e-01,1.102917503e+00,7.222604772e-01,5.239302939e-01,1.872363102e-01,5.420826729e+00,3.625553081e+01,2.737313208e+00,3.413484e-16,2.363302e-16,5.034884e-16,6.857082e-03
1.380000,5.341857805e-01,1.098032685e+00,7.104925614e-01,5.218483843e-01,1.821170360e-01,5.238731916e+00,3.606794032e+01,2.696338648e+00,4.479753e-16,2.237726e-16,5.566706e-16,6.882652e-03
1.390000,5.355716358e-01,1.093182496e+00,6.990699132e-01,5.197781532e-01,1.771211241e-01,5.064010050e+00,3.589030222e+01,2.656679141e+00,2.259140e-16,1.249001e-16,2.501854e-16,6.884182e-03
1.400000,5.368575693e-01,1.088365126e+00,6.879851207e-01,5.177189047e-01,1.722464664e-01,4.896861850e+00,3.572262352e+01,2.618275439e+00,2.246316e-16,5.216645e-16,3.356589e-16,6.930112e-03
1.410000,5.380454063e-01,1.083578906e+00,6.772308810e-01,5.156699970e-01,1.674909412e-01,4.737427190e+00,3.556485846e+01,2.581070922e+00,2.237726e-16,1.443890e-16,6.722137e-16,6.916672e-03
1.420000,5.391369905e-01,1.078822296e+00,6.667999764e-01,5.136308391e-01,1.628524169e-01,4.585790055e+00,3.541691471e+01,2.545011493e+00,2.379545e-16,1.867065e-16,9.750072e-16,6.909052e-03
1.430000,5.401341811e-01,1.074093876e+00,6.566852565e-01,5.116008866e-01,1.583287559e-01,4.441983057e+00,3.527865889e+01,2.510045460e+00,2.254874e-16,4.220764e-16,2.026585e-16,6.897522e-03
1.440000,5.410388488e-01,1.069392336e+00,6.468796224e-01,5.095796388e-01,1.539178175e-01,4.305991535e+00,3.514992168e+01,2.476123446e+00,5.676338e-16,1.332918e-16,2.155529e-16,6.889422e-03
1.450000,5.418528733e-01,1.064716469e+00,6.373760159e-01,5.075666348e-01,1.496174615e-01,4.177757294e+00,3.503050232e+01,2.443198281e+00,4.503337e-16,1.227616e-16,1.177569e-16,6.892032e-03
1.460000,5.425781395e-01,1.060065160e+00,6.281674107e-01,5.055614513e-01,1.454255507e-01,4.057182070e+00,3.492017272e+01,2.411224923e+00,4.602742e-17,2.669446e-16,5.151632e-16,6.924632e-03
1.470000,5.432165354e-01,1.055437385e+00,6.192468065e-01,5.035636994e-01,1.413399539e-01,3.944130762e+00,3.481868106e+01,2.380160359e+00,2.334605e-16,5.028664e-16,4.803900e-16,6.915682e-03
1.480000,5.437699486e-01,1.050832199e+00,6.106072256e-01,5.015730221e-01,1.373585484e-01,3.838434531e+00,3.472575503e+01,2.349963530e+00,1.912921e-16,2.371437e-16,5.185169e-16,6.860863e-03
1.490000,5.442402647e-01,1.046248730e+00,6.022417107e-01,4.995890920e-01,1.334792218e-01,3.739893819e+00,3.464110476e+01,2.320595247e+00,2.566453e-16,2.680246e-16,2.087443e-16,6.891971e-03
1.500000,5.446293640e-01,1.041686177e+00,5.941433249e-01,4.976116095e-01,1.296998749e-01,3.648281366e+00,3.456442543e+01,2.292018117e+00,4.466837e-16,9.739202e-17,2.177752e-16,6.833272e-03
1.510000,5.449391202e-01,1.037143802e+00,5.863051529e-01,4.956402999e-01,1.260184231e-01,3.563345246e+00,3.449539955e+01,2.264196465e+00,2.246316e-16,2.618456e-16,8.159620e-16,6.826372e-03
1.520000,5.451713974e-01,1.032620926e+00,5.787203033e-01,4.936749123e-01,1.224327983e-01,3.484811981e+00,3.443369916e+01,2.237096268e+00,1.387779e-17,2.745032e-16,5.117875e-16,6.854222e-03
1.530000,5.453280490e-01,1.028116925e+00,5.713819122e-01,4.917152176e-01,1.189409507e-01,3.412389726e+00,3.437898772e+01,2.210685085e+00,2.391655e-16,3.568643e-16,3.310369e-16,6.872243e-03
1.540000,5.454109154e-01,1.023631224e+00,5.642831474e-01,4.897610068e-01,1.155408501e-01,3.345771521e+00,3.433092194e+01,2.184931990e+00,6.697381e-16,2.726553e-16,1.201611e-15,6.852952e-03
1.550000,5.454218224e-01,1.019163296e+00,5.574172127e-01,4.878120896e-01,1.122304873e-01,3.284638595e+00,3.428915343e+01,2.159807511e+00,5.721958e-17,3.281884e-16,8.205810e-16,6.883982e-03
1.560000,5.453625801e-01,1.014712655e+00,5.507773540e-01,4.858682930e-01,1.090078756e-01,3.228663662e+00,3.425333023e+01,2.135283567e+00,1.056901e-16,2.086289e-16,1.618414e-16,6.868692e-03
1.570000,5.452349808e-01,1.010278857e+00,5.443568647e-01,4.839294599e-01,1.058710514e-01,3.177514189e+00,3.422309838e+01,2.111333411e+00,4.520411e-16,2.797158e-16,1.000742e-15,6.854412e-03
1.580000,5.450407984e-01,1.005861493e+00,5.381490917e-01,4.819954481e-01,1.028180760e-01,3.130855551e+00,3.419810324e+01,2.087931572e+00,4.163336e-17,3.796152e-16,4.096299e-16,6.910692e-03
1.590000,5.447817868e-01,1.001460189e+00,5.321474419e-01,4.800661291e-01,9.984703546e-02,3.088354035e+00,3.417799092e+01,2.065053800e+00,4.912423e-16,1.676859e-16,4.577567e-16,6.892182e-03
1.600000,5.444596789e-01,9.970746017e-01,5.263453881e-01,4.781413869e-01,9.695604240e-02,3.049679636e+00,3.416240953e+01,2.042677014e+00,5.570164e-16,2.359224e-16,5.544606e-16,6.872002e-03
1.610000,5.440761859e-01,9.927044166e-01,5.207364758e-01,4.762211176e-01,9.414323610e-02,3.014508596e+00,3.415101044e+01,2.020779253e+00,4.451721e-16,1.118863e-16,1.778578e-16,6.866272e-03
1.620000,5.436329960e-01,9.883493462e-01,5.153143292e-01,4.743052277e-01,9.140678331e-02,2.982525656e+00,3.414344950e+01,1.999339622e+00,2.346947e-16,1.110223e-16,1.885350e-16,6.899682e-03
1.630000,5.431317741e-01,9.840091278e-01,5.100726576e-01,4.723936340e-01,8.874487882e-02,2.953425995e+00,3.413938814e+01,1.978338250e+00,2.451306e-16,2.659507e-16,2.694579e-16,6.873982e-03
1.640000,5.425741606e-01,9.796835213e-01,5.050052609e-01,4.704862625e-01,8.615574586e-02,2.926916846e+00,3.413849450e+01,1.957756243e+00,3.399350e-17,5.051591e-17,3.326510e-16,6.886832e-03
1.650000,5.419617713e-01,9.753723078e-01,5.001060359e-01,4.685830477e-01,8.363763655e-02,2.902718794e+00,3.414044443e+01,1.937575638e+00,2.543841e-16,4.388542e-17,4.036653e-16,6.906952e-03
1.660000,5.412961964e-01,9.710752878e-01,4.953689815e-01,4.666839321e-01,8.118883215e-02,2.880566754e+00,3.414492244e+01,1.917779366e+00,5.721958e-17,5.887847e-17,2.860979e-16,6.908622e-03
1.670000,5.405790003e-01,9.667922797e-01,4.907882039e-01,4.647888655e-01,7.880764341e-02,2.860210663e+00,3.415162259e+01,1.898351204e+00,4.548020e-16,1.056901e-16,7.497940e-16,6.881272e-03
1.680000,5.398117214e-01,9.625231187e-01,4.863579212e-01,4.628978045e-01,7.649241069e-02,2.841415906e+00,3.416024929e+01,1.879275744e+00,4.479753e-16,1.118863e-16,4.280235e-16,6.884122e-03
1.690000,5.389958712e-01,9.582676551e-01,4.820724683e-01,4.610107118e-01,7.424150416e-02,2.823963498e+00,3.417051801e+01,1.860538351e+00,3.402182e-16,1.734723e-16,3.237014e-16,6.889502e-03
1.700000,5.381329347e-01,9.540257534e-01,4.779263006e-01,4.591275561e-01,7.205332387e-02,2.807650060e+00,3.418215592e+01,1.842125128e+00,1.557778e-16,8.886120e-17,1.682950e-16,6.872541e-03
1.710000,5.372243695e-01,9.497972911e-01,4.739139975e-01,4.572483110e-01,6.992629981e-02,2.792287626e+00,3.419490243e+01,1.824022881e+00,2.359224e-16,1.755417e-16,6.468076e-16,6.882212e-03
1.720000,5.362716063e-01,9.455821578e-01,4.700302662e-01,4.553729556e-01,6.785889190e-02,2.777703295e+00,3.420850962e+01,1.806219089e+00,3.472221e-16,2.659507e-16,4.518280e-16,6.859662e-03
1.730000,5.352760483e-01,9.413802542e-01,4.662699440e-01,4.535014729e-01,6.584958995e-02,2.763738776e+00,3.422274258e+01,1.788701866e+00,7.921288e-16,9.639819e-17,3.804546e-16,6.897932e-03
1.740000,5.342390716e-01,9.371914911e-01,4.626280006e-01,4.516338505e-01,6.389691359e-02,2.750249836e+00,3.423737972e+01,1.771459937e+00,4.906539e-16,2.408706e-16,2.918463e-16,6.896512e-03
1.750000,5.331620245e-01,9.330157888e-01,4.590995408e-01,4.497700797e-01,6.199941218e-02,2.737105686e+00,3.425221286e+01,1.754482608e+00,3.513575e-16,1.279469e-16,7.011460e-16,6.900372e-03
1.760000,5.320462283e-01,9.288530764e-01,4.556798049e-01,4.479101552e-01,6.015566460e-02,2.724188320e+00,3.426704738e+01,1.737759731e+00,6.680105e-16,8.441529e-17,2.154412e-16,6.905712e-03
1.770000,5.308929767e-01,9.247032908e-01,4.523641710e-01,4.460540752e-01,5.836427913e-02,2.711391822e+00,3.428170219e+01,1.721281688e+00,4.615277e-16,1.927964e-16,2.979687e-16,6.884682e-03
1.780000,5.297035363e-01,9.205663763e-01,4.491481548e-01,4.442018406e-01,5.662389324e-02,2.698621658e+00,3.429600960e+01,1.705039356e+00,9.126690e-17,1.010318e-16,3.989110e-16,6.892423e-03
1.790000,5.284791468e-01,9.164422840e-01,4.460274103e-01,4.423534552e-01,5.493317332e-02,2.685793973e+00,3.430981524e+01,1.689024088e+00,6.784521e-16,1.241267e-16,1.674345e-16,6.899522e-03
1.800000,5.272210205e-01,9.123309711e-01,4.429977300e-01,4.405089253e-01,5.329081447e-02,2.672834880e+00,3.432297778e+01,1.673227688e+00,1.954010e-16,1.887583e-16,2.709725e-16,6.864982e-03
1.810000,5.259303433e-01,9.082324006e-01,4.400550442e-01,4.386682595e-01,5.169554021e-02,2.659679778e+00,3.433536866e+01,1.657642387e+00,4.554368e-16,6.938894e-17,9.570896e-17,6.872062e-03
1.820000,5.246082745e-01,9.041465408e-01,4.371954200e-01,4.368314683e-01,5.014610216e-02,2.646272675e+00,3.434687174e+01,1.642260823e+00,2.298230e-16,4.654752e-17,3.103168e-17,6.889692e-03
1.830000,5.232559468e-01,9.000733645e-01,4.344150612e-01,4.349985643e-01,4.864127976e-02,2.632565544e+00,3.435738293e+01,1.627076023e+00,7.794142e-16,2.276126e-16,5.120227e-16,6.965122e-03
1.840000,5.218744672e-01,8.960128492e-01,4.317103060e-01,4.331695618e-01,4.717987995e-02,2.618517706e+00,3.436680975e+01,1.612081377e+00,2.289835e-16,3.469447e-17,1.400836e-16,6.879153e-03
1.850000,5.204649165e-01,8.919649761e-01,4.290776258e-01,4.313444766e-01,4.576073676e-02,2.604095229e+00,3.437507086e+01,1.597270625e+00,4.445227e-16,1.387779e-17,3.146742e-16,6.884502e-03
1.860000,5.190283503e-01,8.879297303e-01,4.265136237e-01,4.295233261e-01,4.438271104e-02,2.589270374e+00,3.438209558e+01,1.582637837e+00,4.495311e-16,9.813078e-17,3.736709e-16,6.896372e-03
1.870000,5.175657988e-01,8.839071000e-01,4.240150316e-01,4.277061288e-01,4.304469004e-02,2.574021056e+00,3.438782340e+01,1.568177397e+00,4.441434e-16,3.258326e-16,7.216533e-16,6.855971e-03
1.880000,5.160782671e-01,8.798970766e-01,4.215787088e-01,4.258929044e-01,4.174558702e-02,2.558330345e+00,3.439220341e+01,1.553883984e+00,3.379462e-16,1.716588e-16,1.360183e-16,6.866642e-03
1.890000,5.145667362e-01,8.758996540e-01,4.192016390e-01,4.240836738e-01,4.048434092e-02,2.542185992e+00,3.439519380e+01,1.539752561e+00,2.633125e-16,6.938894e-17,1.736891e-16,6.891642e-03
1.900000,5.130321623e-01,8.719148288e-01,4.168809279e-01,4.222784585e-01,3.925991590e-02,2.525579985e+00,3.439676132e+01,1.525778354e+00,6.804717e-16,4.096299e-16,4.170414e-16,6.858322e-03
1.910000,5.114754782e-01,8.679425997e-01,4.146138001e-01,4.204772812e-01,3.807130099e-02,2.508508133e+00,3.439688073e+01,1.511956845e+00,4.458206e-16,6.938894e-17,2.883244e-16,6.845142e-03
1.920000,5.098975927e-01,8.639829675e-01,4.123975970e-01,4.186801651e-01,3.691750965e-02,2.490969683e+00,3.439553426e+01,1.498283754e+00,4.613190e-16,9.437916e-17,2.502876e-16,6.864212e-03
1.930000,5.082993919e-01,8.600359346e-01,4.102297728e-01,4.168871340e-01,3.579757937e-02,2.472966953e+00,3.439271112e+01,1.484755027e+00,1.699675e-16,2.680246e-16,4.336809e-17,6.873242e-03
1.940000,5.066817386e-01,8.561015051e-01,4.081078924e-01,4.150982124e-01,3.471057125e-02,2.454504999e+00,3.438840693e+01,1.471366824e+00,4.451721e-16,2.392661e-16,4.878121e-16,6.876622e-03
1.950000,5.050454735e-01,8.521796846e-01,4.060296276e-01,4.133134252e-01,3.365556961e-02,2.435591307e+00,3.438262325e+01,1.458115508e+00,2.562698e-16,1.944129e-16,3.953495e-16,6.884502e-03
1.960000,5.033914152e-01,8.482704799e-01,4.039927541e-01,4.115327978e-01,3.263168151e-02,2.416235499e+00,3.437536710e+01,1.444997635e+00,2.292987e-16,1.551584e-17,5.295881e-17,6.890692e-03
1.970000,5.017203607e-01,8.443738987e-01,4.019951486e-01,4.097563556e-01,3.163803638e-02,2.396449069e+00,3.436665046e+01,1.432009940e+00,4.465220e-16,5.019560e-16,1.898076e-16,6.901802e-03
1.980000,5.000330855e-01,8.404899499e-01,4.000347851e-01,4.079841247e-01,3.067378559e-02,2.376245138e+00,3.435648985e+01,1.419149332e+00,5.772226e-16,2.063081e-16,1.739660e-16,6.871042e-03
1.990000,4.983303445e-01,8.366186431e-01,3.981097321e-01,4.062161312e-01,2.973810201e-02,2.355638227e+00,3.434490586e+01,1.406412879e+00,3.486751e-16,1.279469e-16,4.049753e-17,6.914832e-03
2.000000,4.966128720e-01,8.327599885e-01,3.962181491e-01,4.044524013e-01,2.883017959e-02,2.334644050e+00,3.433192278e+01,1.393797804e+00,3.458327e-16,5.721958e-17,3.259250e-17,6.902322e-03
2.010000,4.948813822e-01,8.289139971e-01,3.943582832e-01,4.026929615e-01,2.794923295e-02,2.313279322e+00,3.431756820e+01,1.381301474e+00,2.483504e-16,2.917638e-16,1.448884e-16,6.898922e-03
2.020000,4.931365696e-01,8.250806800e-01,3.925284666e-01,4.009378380e-01,2.709449697e-02,2.291561588e+00,3.430187261e+01,1.368921392e+00,4.482440e-16,1.179612e-16,4.482205e-16,6.872332e-03
2.030000,4.913791095e-01,8.212600490e-01,3.907271127e-01,3.991870574e-01,2.626522635e-02,2.269509058e+00,3.428486909e+01,1.356655190e+00,2.792851e-16,5.887847e-17,2.860979e-17,6.890852e-03
2.040000,4.896096581e-01,8.174521161e-01,3.889527136e-01,3.974406461e-01,2.546069520e-02,2.247140471e+00,3.426659296e+01,1.344500620e+00,2.633125e-16,3.081369e-16,1.734723e-18,6.897042e-03
2.050000,4.878288534e-01,8.136568933e-01,3.872038365e-01,3.956986305e-01,2.468019664e-02,2.224474957e+00,3.424708149e+01,1.332455552e+00,2.032516e-16,8.831770e-17,1.665335e-16,6.893562e-03
2.060000,4.860373150e-01,8.098743929e-01,3.854791210e-01,3.939610367e-01,2.392304241e-02,2.201531920e+00,3.422637360e+01,1.320517959e+00,7.957977e-16,1.551584e-17,1.573539e-16,6.878282e-03
2.070000,4.842356449e-01,8.061046271e-01,3.837772763e-01,3.922278909e-01,2.318856241e-02,2.178330933e+00,3.420450961e+01,1.308685921e+00,8.831770e-17,3.469447e-17,1.127570e-17,6.880302e-03
2.080000,4.824244277e-01,8.023476082e-01,3.820970780e-01,3.904992190e-01,2.247610436e-02,2.154891639e+00,3.418153098e+01,1.296957611e+00,3.348690e-16,2.637693e-16,1.601968e-16,6.862522e-03
2.090000,4.806042310e-01,7.986033484e-01,3.804373656e-01,3.887750468e-01,2.178503335e-02,2.131233665e+00,3.415748009e+01,1.285331292e+00,2.263399e-16,2.571139e-16,1.007970e-16,6.875942e-03
2.100000,4.787756060e-01,7.948718596e-01,3.787970393e-01,3.870553997e-01,2.111473151e-02,2.107376544e+00,3.413240003e+01,1.273805313e+00,6.778841e-16,1.988208e-16,9.022230e-17,6.885992e-03
2.110000,4.769390875e-01,7.911531536e-01,3.771750580e-01,3.853403032e-01,2.046459756e-02,2.083339651e+00,3.410633440e+01,1.262378105e+00,2.242025e-16,6.546139e-17,1.872939e-16,6.833262e-03
2.120000,4.750951944e-01,7.874472420e-01,3.755704363e-01,3.836297822e-01,1.983404647e-02,2.059142134e+00,3.407932714e+01,1.251048170e+00,2.303462e-16,1.129570e-16,2.694579e-16,7.198591e-03
2.130000,4.732444304e-01,7.837541359e-01,3.739822420e-01,3.819238615e-01,1.922250908e-02,2.034802869e+00,3.405142238e+01,1.239814085e+00,5.559782e-16,1.211826e-16,8.182674e-17,6.896912e-03
2.140000,4.713872838e-01,7.800738464e-01,3.724095937e-01,3.802225655e-01,1.862943170e-02,2.010340407e+00,3.402266426e+01,1.228674493e+00,1.551584e-17,1.423742e-16,1.794265e-16,6.880492e-03
2.150000,4.695242284e-01,7.764063839e-01,3.708516588e-01,3.785259183e-01,1.805427579e-02,1.985772936e+00,3.399309683e+01,1.217628098e+00,3.357306e-16,7.505561e-17,2.428613e-17,6.855472e-03
2.160000,4.676557234e-01,7.727517587e-01,3.693076508e-01,3.768339437e-01,1.749651756e-02,1.961118248e+00,3.396276392e+01,1.206673664e+00,7.505561e-17,3.736709e-17,5.637851e-17,6.956212e-03
2.170000,4.657822140e-01,7.691099803e-01,3.677768272e-01,3.751466651e-01,1.695564763e-02,1.936393704e+00,3.393170900e+01,1.195810012e+00,4.801394e-16,2.395678e-16,2.795059e-16,6.871132e-03
2.180000,4.639041319e-01,7.654810581e-01,3.662584876e-01,3.734641057e-01,1.643117067e-02,1.911616213e+00,3.389997514e+01,1.185036013e+00,1.389512e-16,1.668223e-16,1.025836e-16,6.854432e-03
2.190000,4.620218950e-01,7.618650007e-01,3.647519716e-01,3.717862881e-01,1.592260509e-02,1.886802211e+00,3.386760489e+01,1.174350588e+00,1.221718e-16,1.050045e-16,5.766488e-17,6.829712e-03
2.200000,4.601359086e-01,7.582618166e-01,3.632566568e-01,3.701132347e-01,1.542948267e-02,1.861967643e+00,3.383464020e+01,1.163752703e+00,2.222613e-16,2.087443e-16,4.164240e-17,6.858222e-03
2.210000,4.582465650e-01,7.546715132e-01,3.617719569e-01,3.684449673e-01,1.495134825e-02,1.837127948e+00,3.380112234e+01,1.153241368e+00,1.121013e-16,8.582938e-17,3.180983e-17,6.841512e-03
2.220000,4.563542443e-01,7.510940980e-01,3.602973200e-01,3.667815075e-01,1.448775936e-02,1.812298053e+00,3.376709190e+01,1.142815635e+00,1.695420e-16,3.469447e-17,1.125065e-16,6.828302e-03
2.230000,4.544593145e-01,7.475295774e-01,3.588322269e-01,3.651228764e-01,1.403828598e-02,1.787492363e+00,3.373258865e+01,1.132474590e+00,1.340123e-16,1.129570e-16,6.836219e-17,6.850072e-03
2.240000,4.525621316e-01,7.439779574e-01,3.573761892e-01,3.634690947e-01,1.360251016e-02,1.762724757e+00,3.369765159e+01,1.122217359e+00,1.387779e-17,6.834018e-17,1.479125e-16,6.864041e-03
2.250000,4.506630406e-01,7.404392436e-01,3.559287482e-01,3.618201827e-01,1.318002572e-02,1.738008586e+00,3.366231882e+01,1.112043098e+00,1.312900e-16,1.296292e-16,9.770051e-17,6.896112e-03
2.260000,4.487623749e-01,7.369134408e-01,3.544894730e-01,3.601761601e-01,1.277043800e-02,1.713356673e+00,3.362662759e+01,1.101950997e+00,1.577740e-16,5.051591e-17,9.744704e-17,6.791703e-03
2.270000,4.468604574e-01,7.334005532e-01,3.530579590e-01,3.585370465e-01,1.237336350e-02,1.688781316e+00,3.359061420e+01,1.091940272e+00,3.416304e-16,1.154862e-16,9.123804e-17,6.808673e-03
2.280000,4.449576001e-01,7.299005844e-01,3.516338270e-01,3.569028608e-01,1.198842962e-02,1.664294288e+00,3.355431403e+01,1.082010170e+00,2.777292e-16,1.148591e-16,1.025433e-16,6.850881e-03
2.290000,4.430541050e-01,7.264135374e-01,3.502167213e-01,3.552736215e-01,1.161527440e-02,1.639906845e+00,3.351776152e+01,1.072159962e+00,4.470070e-16,5.419449e-17,1.520334e-16,6.834842e-03
2.300000,4.411502639e-01,7.229394146e-01,3.488063089e-01,3.536493467e-01,1.125354619e-02,1.615629732e+00,3.348099013e+01,1.062388942e+00,7.007939e-17,1.227616e-16,6.987647e-17,6.866342e-03
2.310000,4.392463591e-01,7.194782177e-01,3.474022780e-01,3.520300541e-01,1.090290342e-02,1.591473189e+00,3.344403233e+01,1.052696430e+00,2.261270e-16,5.594315e-17,1.659927e-17,6.870192e-03
2.320000,4.373426630e-01,7.160299477e-01,3.460043370e-01,3.504157608e-01,1.056301433e-02,1.567446963e+00,3.340691965e+01,1.043081762e+00,1.370322e-16,3.103168e-17,1.387779e-17,6.894742e-03
2.330000,4.354394393e-01,7.125946052e-01,3.446122135e-01,3.488064836e-01,1.023355667e-02,1.543560310e+00,3.336968259e+01,1.033544298e+00,2.943923e-17,9.813078e-18,2.038300e-17,6.932431e-03
2.340000,4.335369423e-01,7.091721898e-01,3.432256530e-01,3.472022388e-01,9.914217526e-03,1.519822015e+00,3.333235071e+01,1.024083415e+00,4.460905e-16,6.938894e-17,2.097868e-17,6.908441e-03
2.350000,4.316354179e-01,7.057627009e-01,3.418444180e-01,3.456030423e-01,9.604692981e-03,1.496240393e+00,3.329495256e+01,1.014698507e+00,4.527329e-16,1.213811e-16,1.598301e-16,6.855792e-03
2.360000,4.297351034e-01,7.023661369e-01,3.404682874e-01,3.440089094e-01,9.304687933e-03,1.472823308e+00,3.325751574e+01,1.005388983e+00,4.546432e-16,7.757919e-17,9.784767e-17,6.863682e-03
2.370000,4.278362280e-01,6.989824956e-01,3.390970550e-01,3.424198552e-01,9.013915836e-03,1.449578178e+00,3.322006688e+01,9.961542695e-01,2.225860e-16,2.194271e-17,1.878319e-16,6.863061e-03
2.380000,4.259390126e-01,6.956117743e-01,3.377305293e-01,3.408358940e-01,8.732098472e-03,1.426511993e+00,3.318263163e+01,9.869938047e-01,2.515289e-16,1.551584e-17,1.179740e-17,6.892122e-03
2.390000,4.240436707e-01,6.922539696e-01,3.363685320e-01,3.392570400e-01,8.458965720e-03,1.403631323e+00,3.314523472e+01,9.779070409e-01,6.877911e-16,3.469447e-17,2.501854e-17,6.881322e-03
2.400000,4.221504081e-01,6.889090774e-01,3.350108980e-01,3.376833067e-01,8.194255341e-03,1.380942332e+00,3.310789994e+01,9.688934427e-01,2.619375e-16,5.419449e-17,4.137961e-17,6.854542e-03
2.410000,4.202594231e-01,6.855770931e-01,3.336574740e-01,3.361147074e-01,7.937712760e-03,1.358450791e+00,3.307065016e+01,9.599524856e-01,4.713343e-16,9.047211e-17,7.827429e-17,6.859582e-03
2.420000,4.183709073e-01,6.822580113e-01,3.323081181e-01,3.345512547e-01,7.689090853e-03,1.336162089e+00,3.303350733e+01,9.510836560e-01,8.804469e-17,3.469447e-17,3.259250e-17,6.846332e-03
2.430000,4.164850451e-01,6.789518261e-01,3.309626993e-01,3.329929610e-01,7.448149743e-03,1.314081249e+00,3.299649254e+01,9.422864500e-01,4.452802e-16,6.206335e-17,6.426823e-17,6.862592e-03
2.440000,4.146020141e-01,6.756585310e-01,3.296210965e-01,3.314398379e-01,7.214656601e-03,1.292212935e+00,3.295962598e+01,9.335603732e-01,1.389512e-16,1.179612e-16,2.872788e-17,6.874332e-03
2.450000,4.127219857e-01,6.723781186e-01,3.282831982e-01,3.298918971e-01,6.988385447e-03,1.270561472e+00,3.292292699e+01,9.249049393e-01,2.860979e-17,1.296292e-16,2.907926e-17,6.873812e-03
2.460000,4.108451248e-01,6.691105813e-01,3.269489020e-01,3.283491493e-01,6.769116961e-03,1.249130852e+00,3.288641408e+01,9.163196705e-01,2.427621e-16,2.221530e-16,1.404617e-17,6.889201e-03
2.470000,4.089715901e-01,6.658559106e-01,3.256181137e-01,3.268116051e-01,6.556638297e-03,1.227924751e+00,3.285010492e+01,9.078040960e-01,7.505561e-17,1.181651e-16,1.004578e-16,6.900461e-03
2.480000,4.071015346e-01,6.626140975e-01,3.242907471e-01,3.252792747e-01,6.350742901e-03,1.206946537e+00,3.281401639e+01,8.993577522e-01,2.305551e-16,7.850462e-17,2.126363e-17,6.909462e-03
2.490000,4.052351052e-01,6.593851324e-01,3.229667234e-01,3.237521677e-01,6.151230333e-03,1.186199286e+00,3.277816460e+01,8.909801820e-01,3.179801e-17,5.594315e-17,1.347738e-16,6.895212e-03
2.500000,4.033724435e-01,6.561690051e-01,3.216459710e-01,3.222302933e-01,5.957906096e-03,1.165685794e+00,3.274256485e+01,8.826709339e-01,5.561947e-16,1.363276e-16,1.932193e-17,6.950132e-03
2.510000,4.015136856e-01,6.529657047e-01,3.203284246e-01,3.207136604e-01,5.770581469e-03,1.145408584e+00,3.270723175e+01,8.744295625e-01,2.428613e-16,1.056901e-16,4.860322e-17,6.882542e-03
2.520000,3.996589622e-01,6.497752200e-01,3.190140252e-01,3.192022774e-01,5.589073339e-03,1.125369921e+00,3.267217913e+01,8.662556272e-01,8.257284e-16,1.256687e-16,2.272173e-17,6.872502e-03
2.530000,3.978083991e-01,6.465975390e-01,3.177027197e-01,3.176961522e-01,5.413204047e-03,1.105571825e+00,3.263742016e+01,8.581486925e-01,1.396425e-16,8.694409e-17,3.469447e-17,6.887262e-03
2.540000,3.959621169e-01,6.434326491e-01,3.163944601e-01,3.161952926e-01,5.242801227e-03,1.086016078e+00,3.260296728e+01,8.501083272e-01,4.554368e-16,3.538156e-17,7.131908e-17,6.885062e-03
2.550000,3.941202317e-01,6.402805373e-01,3.150892039e-01,3.146997055e-01,5.077697660e-03,1.066704237e+00,3.256883228e+01,8.421341044e-01,2.292199e-16,9.664761e-17,2.280951e-17,6.852482e-03
2.560000,3.922828548e-01,6.371411899e-01,3.137869130e-01,3.132093978e-01,4.917731123e-03,1.047637642e+00,3.253502629e+01,8.342256012e-01,2.641341e-16,4.163336e-17,4.858000e-17,6.866612e-03
2.570000,3.904500929e-01,6.340145929e-01,3.124875539e-01,3.117243760e-01,4.762744246e-03,1.028817430e+00,3.250155983e+01,8.263823981e-01,2.241220e-16,6.283436e-17,4.553081e-17,6.842012e-03
2.580000,3.886220485e-01,6.309007313e-01,3.111910974e-01,3.102446458e-01,4.612584375e-03,1.010244544e+00,3.246844278e+01,8.186040792e-01,1.178080e-16,6.582813e-17,1.408128e-17,6.831782e-03
2.590000,3.867988199e-01,6.277995901e-01,3.098975178e-01,3.087702130e-01,4.467103432e-03,9.919197371e-01,3.243568443e+01,8.108902316e-01,7.832349e-16,8.777084e-17,1.474515e-17,6.863252e-03
2.600000,3.849805011e-01,6.247111534e-01,3.086067935e-01,3.073010828e-01,4.326157786e-03,9.738435902e-01,3.240329350e+01,8.032404455e-01,4.904699e-16,1.154862e-16,1.441622e-17,6.839372e-03
2.610000,3.831671823e-01,6.216354049e-01,3.073189061e-01,3.058372599e-01,4.189608124e-03,9.560165151e-01,3.237127814e+01,7.956543137e-01,3.434052e-16,2.775558e-17,1.629625e-17,6.877291e-03
2.620000,3.813589498e-01,6.185723279e-01,3.060338402e-01,3.043787487e-01,4.057319322e-03,9.384387654e-01,3.233964598e+01,7.881314318e-01,3.198672e-17,6.582813e-17,1.441622e-17,6.887132e-03
2.630000,3.795558863e-01,6.155219049e-01,3.047515835e-01,3.029255534e-01,3.929160328e-03,9.211104443e-01,3.230840410e+01,7.806713975e-01,4.463063e-16,1.962616e-17,2.359479e-17,6.866992e-03
2.640000,3.777580706e-01,6.124841183e-01,3.034721266e-01,3.014776776e-01,3.805004041e-03,9.040315131e-01,3.227755909e+01,7.732738109e-01,5.580959e-16,2.860979e-17,2.956753e-17,6.870571e-03
2.650000,3.759655784e-01,6.094589496e-01,3.021954623e-01,3.000351246e-01,3.684727195e-03,8.872017990e-01,3.224711705e+01,7.659382744e-01,4.587024e-16,6.938894e-18,2.787728e-17,6.883772e-03
2.660000,3.741784817e-01,6.064463802e-01,3.009215861e-01,2.985978974e-01,3.568210251e-03,8.706210024e-01,3.221708359e+01,7.586643920e-01,3.348690e-16,5.419449e-17,2.537033e-17,6.885642e-03
2.670000,3.723968494e-01,6.034463907e-01,2.996504954e-01,2.971659985e-01,3.455337280e-03,8.542887046e-01,3.218746387e+01,7.514517699e-01,1.311065e-16,5.551115e-17,1.561251e-17,6.880741e-03
2.680000,3.706207473e-01,6.004589615e-01,2.983821900e-01,2.957394302e-01,3.345995865e-03,8.382043742e-01,3.215826262e+01,7.443000159e-01,3.434752e-16,4.906539e-17,7.208110e-18,6.906552e-03
2.690000,3.688502379e-01,5.974840724e-01,2.971166711e-01,2.943181944e-01,3.240076995e-03,8.223673744e-01,3.212948414e+01,7.372087394e-01,3.414190e-16,1.031541e-16,2.204639e-17,6.927502e-03
2.700000,3.670853809e-01,5.945217026e-01,2.958539421e-01,2.929022926e-01,3.137474962e-03,8.067769693e-01,3.210113230e+01,7.301775516e-01,4.443737e-16,1.250927e-17,2.792110e-17,6.948992e-03
2.710000,3.653262332e-01,5.915718312e-01,2.945940077e-01,2.914917260e-01,3.038087267e-03,7.914323299e-01,3.207321060e+01,7.232060649e-01,4.503337e-16,4.220764e-17,8.458118e-17,6.902261e-03
2.720000,3.635728488e-01,5.886344365e-01,2.933368743e-01,2.900864954e-01,2.941814525e-03,7.763325399e-01,3.204572214e+01,7.162938935e-01,2.240145e-16,5.887847e-17,1.105886e-17,6.897282e-03
2.730000,3.618252791e-01,5.857094967e-01,2.920825494e-01,2.886866013e-01,2.848560372e-03,7.614766021e-01,3.201866967e+01,7.094406525e-01,1.394700e-16,5.204170e-17,3.476910e-17,6.927501e-03
2.740000,3.600835727e-01,5.827969894e-01,2.908310420e-01,2.872920440e-01,2.758231374e-03,7.468634429e-01,3.199205555e+01,7.026459587e-01,1.125834e-16,3.925231e-17,2.219439e-17,6.919812e-03
2.750000,3.583477761e-01,5.798968918e-01,2.895823621e-01,2.859028233e-01,2.670736943e-03,7.324919180e-01,3.196588185e+01,6.959094299e-01,1.179612e-16,2.943923e-17,1.503292e-17,6.911642e-03
2.760000,3.566179331e-01,5.770091806e-01,2.883365207e-01,2.845189387e-01,2.585989252e-03,7.183608173e-01,3.194015028e+01,6.892306852e-01,4.697098e-16,2.709725e-17,1.389852e-17,6.956232e-03
2.770000,3.548940850e-01,5.741338323e-01,2.870935298e-01,2.831403895e-01,2.503903150e-03,7.044688691e-01,3.191486224e+01,6.826093448e-01,2.278505e-16,1.118863e-16,1.060747e-17,7.016391e-03
2.780000,3.531762712e-01,5.712708228e-01,2.858534023e-01,2.817671744e-01,2.424396086e-03,6.908147452e-01,3.189001883e+01,6.760450301e-01,2.306073e-16,6.331147e-17,1.387948e-17,6.939041e-03
2.790000,3.514645287e-01,5.684201277e-01,2.846161518e-01,2.803992922e-01,2.347388030e-03,6.773970646e-01,3.186562087e+01,6.695373635e-01,5.567679e-16,1.250927e-17,5.421011e-19,6.929911e-03
2.800000,3.497588924e-01,5.655817224e-01,2.833817927e-01,2.790367412e-01,2.272801397e-03,6.642143977e-01,3.184166889e+01,6.630859685e-01,6.690638e-16,6.206335e-17,8.940560e-18,6.933942e-03
2.810000,3.480593953e-01,5.627555816e-01,2.821503398e-01,2.776795192e-01,2.200560975e-03,6.512652699e-01,3.181816316e+01,6.566904698e-01,2.238802e-16,2.709725e-17,1.696491e-17,6.986261e-03
2.820000,3.463660680e-01,5.599416797e-01,2.809218087e-01,2.763276239e-01,2.130593853e-03,6.385481654e-01,3.179510369e+01,6.503504928e-01,2.260206e-16,3.486751e-17,1.232943e-17,6.923101e-03
2.830000,3.446789398e-01,5.571399910e-01,2.796962154e-01,2.749810529e-01,2.062829354e-03,6.260615301e-01,3.177249024e+01,6.440656641e-01,2.664481e-16,8.391473e-17,1.398579e-17,6.909522e-03
2.840000,3.429980376e-01,5.543504892e-01,2.784735761e-01,2.736398031e-01,1.997198964e-03,6.138037748e-01,3.175032236e+01,6.378356115e-01,3.380353e-16,3.538156e-17,9.717652e-17,6.902872e-03
2.850000,3.413233869e-01,5.515731477e-01,2.772539078e-01,2.723038714e-01,1.933636273e-03,6.017732784e-01,3.172859935e+01,6.316599633e-01,2.243099e-16,5.003708e-17,7.144629e-17,6.919052e-03
2.860000,3.396550112e-01,5.488079397e-01,2.760372276e-01,2.709732543e-01,1.872076905e-03,5.899683903e-01,3.170732031e+01,6.255383492e-01,4.587155e-16,2.194271e-17,2.084490e-17,6.930601e-03
2.870000,3.379929326e-01,5.460548377e-01,2.748235526e-01,2.696479481e-01,1.812458465e-03,5.783874326e-01,3.168648414e+01,6.194703998e-01,2.257541e-16,6.397344e-17,5.025660e-17,6.976971e-03
2.880000,3.363371713e-01,5.433138143e-01,2.736129006e-01,2.683279487e-01,1.754720469e-03,5.670287030e-01,3.166608952e+01,6.134557466e-01,4.469127e-16,2.221530e-17,1.887508e-17,6.943761e-03
2.890000,3.346877463e-01,5.405848416e-01,2.724052893e-01,2.670132519e-01,1.698804296e-03,5.558904762e-01,3.164613498e+01,6.074940220e-01,7.783092e-16,3.198672e-17,2.773656e-17,6.955441e-03
2.900000,3.330446747e-01,5.378678913e-01,2.712007366e-01,2.657038532e-01,1.644653128e-03,5.449710064e-01,3.162661884e+01,6.015848595e-01,5.045988e-16,1.463761e-16,6.416718e-17,6.924632e-03
2.910000,3.314079724e-01,5.351629349e-01,2.699992604e-01,2.643997476e-01,1.592211892e-03,5.342685282e-01,3.160753928e+01,5.957278936e-01,4.849413e-16,5.938737e-17,3.505110e-17,6.962742e-03
2.920000,3.297776539e-01,5.324699436e-01,2.688008789e-01,2.631009301e-01,1.541427213e-03,5.237812588e-01,3.158889430e+01,5.899227598e-01,1.909142e-16,4.718958e-17,1.153593e-17,6.938202e-03
2.930000,3.281537322e-01,5.297888883e-01,2.676056099e-01,2.618073955e-01,1.492247360e-03,5.135073990e-01,3.157068175e+01,5.841690944e-01,2.277448e-16,2.327376e-17,1.651061e-17,6.900722e-03
2.940000,3.265362193e-01,5.271197395e-01,2.664134718e-01,2.605191381e-01,1.444622197e-03,5.034451341e-01,3.155289935e+01,5.784665351e-01,3.413484e-16,8.099505e-17,2.779134e-17,6.858302e-03
2.950000,3.249251255e-01,5.244624676e-01,2.652244823e-01,2.592361522e-01,1.398503134e-03,4.935926350e-01,3.153554467e+01,5.728147202e-01,8.939130e-16,3.955778e-17,3.470277e-17,6.884032e-03
2.960000,3.233204603e-01,5.218170426e-01,2.640386597e-01,2.579584316e-01,1.353843078e-03,4.839480591e-01,3.151861515e+01,5.672132893e-01,5.697609e-16,7.505561e-17,7.671502e-17,6.884672e-03
2.970000,3.217222317e-01,5.191834343e-01,2.628560216e-01,2.566859700e-01,1.310596392e-03,4.745095505e-01,3.150210812e+01,5.616618829e-01,5.620183e-16,1.360183e-16,9.474370e-18,6.887942e-03
2.980000,3.201304469e-01,5.165616121e-01,2.616765860e-01,2.554187610e-01,1.268718848e-03,4.652752404e-01,3.148602077e+01,5.561601427e-01,4.546961e-16,9.047211e-17,3.544678e-17,6.899841e-03
2.990000,3.185451117e-01,5.139515453e-01,2.605003704e-01,2.541567977e-01,1.228167586e-03,4.562432477e-01,3.147035019e+01,5.507077113e-01,2.423651e-16,9.126690e-17,1.387821e-17,6.901191e-03
3.000000,3.169662311e-01,5.113532029e-01,2.593273923e-01,2.529000733e-01,1.188901069e-03,4.474116786e-01,3.145509340e+01,5.453042325e-01,3.400058e-16,7.244418e-17,1.132991e-17,6.856482e-03
3.010000,3.153938088e-01,5.087665537e-01,2.581576692e-01,2.516485803e-01,1.150879045e-03,4.387786266e-01,3.144024727e+01,5.399493512e-01,6.714075e-16,3.141718e-17,4.203549e-17,6.810502e-03
3.020000,3.138278478e-01,5.061915661e-01,2.569912181e-01,2.504023116e-01,1.114062510e-03,4.303421722e-01,3.142580861e+01,5.346427132e-01,4.462658e-16,6.700615e-17,4.172869e-17,6.829192e-03
3.030000,3.122683500e-01,5.036282083e-01,2.558280559e-01,2.491612593e-01,1.078413665e-03,4.221003823e-01,3.141177414e+01,5.293839658e-01,4.452262e-16,1.551584e-17,1.081393e-17,6.823682e-03
3.040000,3.107153165e-01,5.010764485e-01,2.546681995e-01,2.479254156e-01,1.043895883e-03,4.140513099e-01,3.139814049e+01,5.241727572e-01,4.520411e-16,1.204353e-16,2.864967e-17,6.813522e-03
3.050000,3.091687474e-01,4.985362545e-01,2.535116652e-01,2.466947725e-01,1.010473672e-03,4.061929931e-01,3.138490423e+01,5.190087367e-01,3.354437e-16,6.912824e-17,2.785329e-17,6.849182e-03
3.060000,3.076286420e-01,4.960075938e-01,2.523584694e-01,2.454693216e-01,9.781126412e-04,3.985234542e-01,3.137206185e+01,5.138915551e-01,7.481466e-17,4.819910e-17,1.436394e-17,6.874502e-03
3.070000,3.060949988e-01,4.934904339e-01,2.512086281e-01,2.442490546e-01,9.467794648e-04,3.910406986e-01,3.135960979e+01,5.088208640e-01,1.315190e-16,3.141718e-17,7.050024e-18,6.856522e-03
3.080000,3.045678155e-01,4.909847418e-01,2.500621569e-01,2.430339628e-01,9.164418526e-04,3.837427139e-01,3.134754440e+01,5.037963165e-01,6.684878e-16,3.103168e-17,1.840471e-17,6.811301e-03
3.090000,3.030470890e-01,4.884904846e-01,2.489190714e-01,2.418240372e-01,8.870685163e-04,3.766274687e-01,3.133586200e+01,4.988175668e-01,4.906539e-17,3.878960e-17,5.552174e-17,6.856272e-03
3.100000,3.015328156e-01,4.860076291e-01,2.477793867e-01,2.406192688e-01,8.586291397e-04,3.696929105e-01,3.132455885e+01,4.938842703e-01,4.449693e-16,5.419449e-17,2.450658e-17,6.908871e-03
3.110000,3.000249908e-01,4.835361418e-01,2.466431178e-01,2.394196484e-01,8.310943485e-04,3.629369655e-01,3.131363117e+01,4.889960839e-01,7.826276e-16,4.388542e-17,5.222209e-18,6.881552e-03
3.120000,2.985236094e-01,4.810759892e-01,2.455102791e-01,2.382251666e-01,8.044356815e-04,3.563575358e-01,3.130307512e+01,4.841526655e-01,4.484185e-16,1.250927e-17,1.806498e-17,6.857912e-03
3.130000,2.970286656e-01,4.786271375e-01,2.443808850e-01,2.370358137e-01,7.786255626e-04,3.499524988e-01,3.129288685e+01,4.793536744e-01,1.186733e-16,2.984531e-17,3.582894e-17,6.862322e-03
3.140000,2.955401530e-01,4.761895526e-01,2.432549495e-01,2.358515800e-01,7.536372738e-04,3.437197052e-01,3.128306244e+01,4.745987714e-01,3.166334e-16,5.594315e-17,2.440035e-17,6.848611e-03
3.150000,2.940580644e-01,4.737632006e-01,2.421324863e-01,2.346724555e-01,7.294449287e-04,3.376569773e-01,3.127359796e+01,4.698876183e-01,1.701091e-16,2.221530e-17,3.571670e-17,6.865862e-03
3.160000,2.925823922e-01,4.713480471e-01,2.410135086e-01,2.334984301e-01,7.060234469e-04,3.317621076e-01,3.126448946e+01,4.652198784e-01,1.247554e-16,7.376145e-17,1.465729e-17,6.933002e-03
3.170000,2.911131283e-01,4.689440576e-01,2.398980295e-01,2.323294935e-01,6.833485294e-04,3.260328572e-01,3.125573294e+01,4.605952165e-01,4.493302e-16,5.887847e-17,3.123180e-17,6.863372e-03
3.180000,2.896502638e-01,4.665511976e-01,2.387860617e-01,2.311656353e-01,6.613966344e-04,3.204669539e-01,3.124732439e+01,4.560132986e-01,4.587024e-16,6.481462e-17,3.928644e-18,6.867622e-03
3.190000,2.881937896e-01,4.641694323e-01,2.376776176e-01,2.300068447e-01,6.401449539e-04,3.150620914e-01,3.123925979e+01,4.514737922e-01,2.326600e-16,1.013292e-16,3.843142e-17,6.877042e-03
3.200000,2.867436958e-01,4.617987268e-01,2.365727091e-01,2.288531111e-01,6.195713917e-04,3.098159273e-01,3.123153509e+01,4.469763660e-01,1.231424e-15,7.640664e-17,7.050024e-18,6.897762e-03
3.210000,2.852999722e-01,4.594390460e-01,2.354713481e-01,2.277044235e-01,5.996545405e-04,3.047260820e-01,3.122414624e+01,4.425206905e-01,9.012352e-16,6.206335e-17,3.859409e-17,6.888331e-03
3.220000,2.838626081e-01,4.570903547e-01,2.343735459e-01,2.265607709e-01,5.803736618e-04,2.997901379e-01,3.121708917e+01,4.381064373e-01,4.906539e-17,3.752781e-17,2.158087e-17,6.904691e-03
3.230000,2.824315923e-01,4.547526178e-01,2.332793134e-01,2.254221419e-01,5.617086642e-04,2.950056380e-01,3.121035981e+01,4.337332797e-01,5.558591e-16,5.721958e-17,1.554009e-17,6.884181e-03
3.240000,2.810069133e-01,4.524257996e-01,2.321886614e-01,2.242885253e-01,5.436400843e-04,2.903700852e-01,3.120395407e+01,4.294008923e-01,3.414586e-16,2.525796e-17,1.171051e-17,6.846031e-03
3.250000,2.795885589e-01,4.501098647e-01,2.311016003e-01,2.231599095e-01,5.261490667e-04,2.858809422e-01,3.119786789e+01,4.251089512e-01,6.667772e-16,6.628369e-17,1.066028e-17,6.886982e-03
3.260000,2.781765169e-01,4.478047773e-01,2.300181400e-01,2.220362829e-01,5.092173456e-04,2.815356306e-01,3.119209716e+01,4.208571341e-01,1.111307e-16,1.216287e-16,3.282517e-17,6.888702e-03
3.270000,2.767707743e-01,4.455105017e-01,2.289382903e-01,2.209176336e-01,4.928272267e-04,2.773315311e-01,3.118663782e+01,4.166451202e-01,2.928550e-17,9.469747e-17,2.899679e-17,6.904222e-03
3.280000,2.753713181e-01,4.432270019e-01,2.278620605e-01,2.198039498e-01,4.769615688e-04,2.732659838e-01,3.118148579e+01,4.124725901e-01,5.628235e-16,1.198341e-16,4.230495e-17,6.933502e-03
3.290000,2.739781348e-01,4.409542420e-01,2.267894595e-01,2.186952194e-01,4.616037678e-04,2.693362886e-01,3.117663699e+01,4.083392260e-01,2.255741e-16,3.955778e-17,1.867428e-17,6.979041e-03
3.300000,2.725912104e-01,4.386921858e-01,2.257204962e-01,2.175914302e-01,4.467377392e-04,2.655397059e-01,3.117208736e+01,4.042447118e-01,4.563345e-16,4.906539e-18,2.209275e-17,6.930862e-03
3.310000,2.712105309e-01,4.364407971e-01,2.246551787e-01,2.164925699e-01,4.323479024e-04,2.618734579e-01,3.116783286e+01,4.001887327e-01,4.192149e-17,5.430543e-17,2.091180e-17,6.950121e-03
3.320000,2.698360817e-01,4.342000396e-01,2.235935152e-01,2.153986261e-01,4.184191649e-04,2.583347299e-01,3.116386942e+01,3.961709757e-01,8.378912e-17,1.043721e-16,4.807063e-17,6.914321e-03
3.330000,2.684678480e-01,4.319698769e-01,2.225355132e-01,2.143095863e-01,4.049369077e-04,2.549206723e-01,3.116019303e+01,3.921911292e-01,6.679046e-16,7.757919e-17,3.126322e-17,6.878481e-03
3.340000,2.671058148e-01,4.297502725e-01,2.214811802e-01,2.132254377e-01,3.918869699e-04,2.516284022e-01,3.115679967e+01,3.882488834e-01,6.719003e-16,6.938894e-18,1.390320e-17,6.924562e-03
3.350000,2.657499667e-01,4.275411898e-01,2.204305231e-01,2.121461676e-01,3.792556350e-04,2.484550064e-01,3.115368533e+01,3.843439299e-01,2.240414e-16,6.059129e-17,3.864386e-17,6.907071e-03
3.360000,2.644002881e-01,4.253425922e-01,2.193835487e-01,2.110717631e-01,3.670296170e-04,2.453975438e-01,3.115084604e+01,3.804759620e-01,2.290426e-16,2.453269e-17,1.022867e-17,6.916632e-03
3.370000,2.630567630e-01,4.231544430e-01,2.183402633e-01,2.100022113e-01,3.551960471e-04,2.424530481e-01,3.114827782e+01,3.766446746e-01,2.242562e-16,3.878960e-17,1.041060e-17,6.933302e-03
3.380000,2.617193755e-01,4.209767054e-01,2.173006729e-01,2.089374990e-01,3.437424605e-04,2.396185317e-01,3.114597674e+01,3.728497644e-01,4.504005e-16,6.254634e-17,2.975873e-17,6.959522e-03
3.390000,2.603881090e-01,4.188093425e-01,2.162647832e-01,2.078776130e-01,3.326567841e-04,2.368909888e-01,3.114393886e+01,3.690909295e-01,4.921145e-16,5.157704e-17,1.393129e-17,6.888052e-03
3.400000,2.590629470e-01,4.166523174e-01,2.152325998e-01,2.068225401e-01,3.219273246e-04,2.342673993e-01,3.114216029e+01,3.653678697e-01,2.344124e-16,3.291406e-17,1.466166e-17,6.967052e-03
3.410000,2.577438728e-01,4.145055932e-01,2.142041276e-01,2.057722667e-01,3.115427558e-04,2.317447329e-01,3.114063714e+01,3.616802866e-01,5.805495e-17,7.757919e-18,1.066914e-17,6.970041e-03
3.420000,2.564308693e-01,4.123691327e-01,2.131793715e-01,2.047267795e-01,3.014921084e-04,2.293199530e-01,3.113936556e+01,3.580278834e-01,4.661083e-16,7.664259e-17,3.123902e-17,6.958721e-03
3.430000,2.551239193e-01,4.102428989e-01,2.121583360e-01,2.036860648e-01,2.917647578e-04,2.269900211e-01,3.113834171e+01,3.544103648e-01,1.111963e-15,5.908255e-17,8.206055e-18,6.963251e-03
3.440000,2.538230054e-01,4.081268547e-01,2.111410251e-01,2.026501090e-01,2.823504141e-04,2.247519013e-01,3.113756180e+01,3.508274375e-01,2.695528e-16,1.053479e-16,2.086164e-17,6.957421e-03
3.450000,2.525281100e-01,4.060209629e-01,2.101274429e-01,2.016188983e-01,2.732391114e-04,2.226025646e-01,3.113702203e+01,3.472788096e-01,2.516306e-16,9.007208e-17,6.277611e-17,6.958922e-03
3.460000,2.512392155e-01,4.039251862e-01,2.091175927e-01,2.005924188e-01,2.644211979e-04,2.205389936e-01,3.113671867e+01,3.437641911e-01,1.243205e-16,7.152448e-17,1.906185e-17,6.973491e-03
3.470000,2.499563038e-01,4.018394874e-01,2.081114781e-01,1.995706567e-01,2.558873256e-04,2.185581869e-01,3.113664798e+01,3.402832935e-01,2.220582e-16,3.486751e-17,9.872530e-18,6.988121e-03
3.480000,2.486793568e-01,3.997638291e-01,2.071091018e-01,1.985535978e-01,2.476284416e-04,2.166571637e-01,3.113680628e+01,3.368358303e-01,1.210459e-16,6.283436e-17,3.175674e-17,6.952591e-03
3.490000,2.474083565e-01,3.976981741e-01,2.061104666e-01,1.975412282e-01,2.396357784e-04,2.148329681e-01,3.113718989e+01,3.334215163e-01,6.743524e-16,5.938737e-17,1.027336e-17,6.962112e-03
3.500000,2.461432843e-01,3.956424850e-01,2.051155750e-01,1.965335336e-01,2.319008451e-04,2.130826735e-01,3.113779518e+01,3.300400683e-01,6.230532e-17,5.605063e-17,9.043994e-18,6.970552e-03
3.510000,2.448841218e-01,3.935967244e-01,2.041244289e-01,1.955304997e-01,2.244154188e-04,2.114033867e-01,3.113861855e+01,3.266912048e-01,3.856903e-16,3.486751e-17,2.081671e-17,7.214150e-03
3.520000,2.436308504e-01,3.915608549e-01,2.031370304e-01,1.945321124e-01,2.171715363e-04,2.097922520e-01,3.113965642e+01,3.233746459e-01,3.345813e-16,4.192149e-17,1.135003e-17,7.014361e-03
3.530000,2.423834512e-01,3.895348389e-01,2.021533809e-01,1.935383571e-01,2.101614858e-04,2.082464554e-01,3.114090525e+01,3.200901135e-01,2.289112e-16,2.797158e-17,1.809169e-17,6.974092e-03
3.540000,2.411419054e-01,3.875186392e-01,2.011734817e-01,1.925492195e-01,2.033777993e-04,2.067632276e-01,3.114236153e+01,3.168373313e-01,3.365632e-16,9.027232e-17,3.124980e-17,6.973712e-03
3.550000,2.399061940e-01,3.855122182e-01,2.001973339e-01,1.915646851e-01,1.968132449e-04,2.053398479e-01,3.114402178e+01,3.136160246e-01,3.368938e-16,5.908255e-17,2.819890e-17,6.958951e-03
3.560000,2.386762979e-01,3.835155384e-01,1.992249382e-01,1.905847391e-01,1.904608193e-04,2.039736471e-01,3.114588255e+01,3.104259205e-01,5.553310e-16,3.878960e-17,1.737504e-17,6.942891e-03
3.570000,2.374521979e-01,3.815285623e-01,1.982562952e-01,1.896093671e-01,1.843137409e-04,2.026620110e-01,3.114794044e+01,3.072667477e-01,3.222106e-17,5.204170e-17,1.757754e-17,6.985941e-03
3.580000,2.362338746e-01,3.795512525e-01,1.972914050e-01,1.886385543e-01,1.783654424e-04,2.014023822e-01,3.115019206e+01,3.041382370e-01,3.533049e-16,2.775558e-17,1.160973e-17,6.945781e-03
3.590000,2.350213088e-01,3.775835714e-01,1.963302677e-01,1.876722859e-01,1.726095646e-04,2.001922632e-01,3.115263407e+01,3.010401204e-01,1.113606e-16,2.797158e-17,1.832053e-17,6.985201e-03
3.600000,2.338144808e-01,3.756254816e-01,1.953728830e-01,1.867105471e-01,1.670399499e-04,1.990292183e-01,3.115526315e+01,2.979721322e-01,1.309802e-16,1.250927e-17,4.614556e-18,6.944452e-03
3.610000,2.326133711e-01,3.736769455e-01,1.944192503e-01,1.857533232e-01,1.616506355e-04,1.979108754e-01,3.115807603e+01,2.949340080e-01,3.334146e-16,1.043144e-16,1.501189e-17,6.987171e-03
3.620000,2.314179601e-01,3.717379257e-01,1.934693689e-01,1.848005990e-01,1.564358476e-04,1.968349274e-01,3.116106947e+01,2.919254854e-01,6.670548e-16,1.868354e-17,3.475398e-18,7.012782e-03
3.630000,2.302282281e-01,3.698083846e-01,1.925232379e-01,1.838523598e-01,1.513899957e-04,1.957991341e-01,3.116424025e+01,2.889463036e-01,2.348613e-16,1.044442e-16,2.084596e-17,6.984111e-03
3.640000,2.290441552e-01,3.678882848e-01,1.915808559e-01,1.829085905e-01,1.465076663e-04,1.948013225e-01,3.116758519e+01,2.859962037e-01,2.255141e-16,7.632783e-17,1.457234e-17,6.994021e-03
3.650000,2.278657216e-01,3.659775888e-01,1.906422216e-01,1.819692760e-01,1.417836179e-04,1.938393881e-01,3.117110117e+01,2.830749283e-01,2.633696e-16,2.797158e-17,1.040877e-17,7.015651e-03
3.660000,2.266929074e-01,3.640762592e-01,1.897073331e-01,1.810344012e-01,1.372127753e-04,1.929112951e-01,3.117478506e+01,2.801822220e-01,4.199321e-17,6.111054e-17,2.082072e-17,6.989422e-03
3.670000,2.255256927e-01,3.621842586e-01,1.887761886e-01,1.801039509e-01,1.327902243e-04,1.920150770e-01,3.117863381e+01,2.773178309e-01,1.181651e-16,2.797158e-17,9.837065e-18,7.000681e-03
3.680000,2.243640573e-01,3.603015494e-01,1.878487859e-01,1.791779101e-01,1.285112072e-04,1.911488365e-01,3.118264436e+01,2.744815031e-01,5.739523e-16,1.250927e-17,1.478610e-17,6.958271e-03
3.690000,2.232079812e-01,3.584280943e-01,1.869251227e-01,1.782562635e-01,1.243711171e-04,1.903107452e-01,3.118681373e+01,2.716729882e-01,2.340270e-16,1.734723e-18,6.689240e-18,6.982412e-03
3.700000,2.220574444e-01,3.565638560e-01,1.860051963e-01,1.773389957e-01,1.203654936e-04,1.894990437e-01,3.119113894e+01,2.688920377e-01,4.458881e-16,1.551584e-17,3.485951e-18,6.974442e-03
3.710000,2.209124265e-01,3.547087971e-01,1.850890040e-01,1.764260916e-01,1.164900183e-04,1.887120406e-01,3.119561706e+01,2.661384048e-01,2.515828e-16,4.500262e-17,1.739957e-17,7.004311e-03
3.720000,2.197729075e-01,3.528628803e-01,1.841765427e-01,1.755175358e-01,1.127405100e-04,1.879481122e-01,3.120024519e+01,2.634118442e-01,2.225117e-16,5.250226e-17,1.802763e-17,6.994602e-03
3.730000,2.186388670e-01,3.510260683e-01,1.832678092e-01,1.746133130e-01,1.091129208e-04,1.872057015e-01,3.120502047e+01,2.607121128e-01,4.906539e-17,5.204170e-17,2.086321e-17,6.975611e-03
3.740000,2.175102849e-01,3.491983238e-01,1.823628001e-01,1.737134077e-01,1.056033314e-04,1.864833171e-01,3.120994006e+01,2.580389687e-01,1.153819e-16,3.259250e-17,1.744959e-17,6.949971e-03
3.750000,2.163871407e-01,3.473796096e-01,1.814615119e-01,1.728178045e-01,1.022079473e-04,1.857795323e-01,3.121500118e+01,2.553921722e-01,6.731979e-16,3.832129e-17,3.122506e-17,6.899192e-03
3.760000,2.152694141e-01,3.455698885e-01,1.805639405e-01,1.719264881e-01,9.892309521e-05,1.850929838e-01,3.122020106e+01,2.527714851e-01,3.489943e-16,1.734723e-17,3.145701e-17,6.932112e-03
3.770000,2.141570848e-01,3.437691235e-01,1.796700822e-01,1.710394429e-01,9.574521855e-05,1.844223705e-01,3.122553698e+01,2.501766707e-01,7.802785e-16,2.327376e-17,1.389636e-17,6.958922e-03
3.780000,2.130501325e-01,3.419772773e-01,1.787799325e-01,1.701566534e-01,9.267087428e-05,1.837664519e-01,3.123100624e+01,2.476074945e-01,1.243810e-16,1.262898e-17,1.410821e-17,6.917751e-03
3.790000,2.119485366e-01,3.401943129e-01,1.778934873e-01,1.692781042e-01,8.969672913e-05,1.831240469e-01,3.123660618e+01,2.450637233e-01,2.288849e-16,4.046036e-17,6.828780e-18,6.934102e-03
3.800000,2.108522768e-01,3.384201934e-01,1.770107418e-01,1.684037797e-01,8.681955617e-05,1.824940318e-01,3.124233418e+01,2.425451258e-01,3.388888e-16,2.255141e-17,9.538055e-18,6.961312e-03
3.810000,2.097613326e-01,3.366548816e-01,1.761316914e-01,1.675336643e-01,8.403623144e-05,1.818753395e-01,3.124818765e+01,2.400514724e-01,2.276787e-16,5.766488e-17,4.202977e-18,6.975131e-03
3.820000,2.086756836e-01,3.348983408e-01,1.752563312e-01,1.666677426e-01,8.134373072e-05,1.812669571e-01,3.125416403e+01,2.375825351e-01,3.481612e-16,1.599336e-17,1.565969e-17,6.993702e-03
3.830000,2.075953094e-01,3.331505340e-01,1.743846560e-01,1.658059988e-01,7.873912633e-05,1.806679248e-01,3.126026080e+01,2.351380877e-01,4.515149e-16,3.816392e-17,1.941950e-17,6.968621e-03
3.840000,2.065201894e-01,3.314114243e-01,1.735166605e-01,1.649484175e-01,7.621958415e-05,1.800773339e-01,3.126647546e+01,2.327179056e-01,3.462023e-16,2.943923e-17,2.775868e-17,6.956951e-03
3.850000,2.054503031e-01,3.296809751e-01,1.726523394e-01,1.640949829e-01,7.378236059e-05,1.794943253e-01,3.127280556e+01,2.303217660e-01,7.771968e-16,8.673617e-18,1.019170e-17,6.928441e-03
3.860000,2.043856302e-01,3.279591496e-01,1.717916870e-01,1.632456795e-01,7.142479977e-05,1.789180878e-01,3.127924866e+01,2.279494477e-01,4.478174e-16,4.819910e-17,3.726945e-20,6.959021e-03
3.870000,2.033261501e-01,3.262459112e-01,1.709346976e-01,1.624004917e-01,6.914433073e-05,1.783478565e-01,3.128580238e+01,2.256007312e-01,6.943229e-17,2.030442e-17,7.419944e-18,6.981791e-03
3.880000,2.022718423e-01,3.245412232e-01,1.700813652e-01,1.615594037e-01,6.693846472e-05,1.777829108e-01,3.129246436e+01,2.232753986e-01,1.186987e-16,1.482148e-17,6.994365e-18,6.923611e-03
3.890000,2.012226864e-01,3.228450490e-01,1.692316839e-01,1.607224000e-01,6.480479263e-05,1.772225731e-01,3.129923225e+01,2.209732338e-01,4.466972e-16,1.939480e-17,1.873494e-17,6.999271e-03
3.900000,2.001786619e-01,3.211573524e-01,1.683856473e-01,1.598894648e-01,6.274098244e-05,1.766662072e-01,3.130610378e+01,2.186940223e-01,3.418110e-16,3.273070e-17,6.939638e-18,6.958301e-03
3.910000,1.991397483e-01,3.194780967e-01,1.675432491e-01,1.590605826e-01,6.074477679e-05,1.761132161e-01,3.131307666e+01,2.164375512e-01,4.526905e-16,9.252762e-17,2.337659e-17,6.946511e-03
3.920000,1.981059251e-01,3.178072456e-01,1.667044828e-01,1.582357376e-01,5.881399057e-05,1.755630412e-01,3.132014867e+01,2.142036092e-01,4.446039e-16,2.578852e-17,1.915013e-17,6.950591e-03
3.930000,1.970771720e-01,3.161447630e-01,1.658693417e-01,1.574149142e-01,5.694650868e-05,1.750151602e-01,3.132731761e+01,2.119919869e-01,4.554401e-16,4.718958e-17,4.297493e-18,6.957141e-03
3.940000,1.960534684e-01,3.144906124e-01,1.650378190e-01,1.565980967e-01,5.514028379e-05,1.744690856e-01,3.133458128e+01,2.098024763e-01,4.554665e-16,1.387779e-17,1.019348e-17,6.978861e-03
3.950000,1.950347939e-01,3.128447579e-01,1.642099079e-01,1.557852694e-01,5.339333414e-05,1.739243636e-01,3.134193757e+01,2.076348711e-01,3.376712e-16,2.525796e-17,4.028881e-18,6.970661e-03
3.960000,1.940211281e-01,3.112071632e-01,1.633856011e-01,1.549764167e-01,5.170374151e-05,1.733805720e-01,3.134938435e+01,2.054889667e-01,7.837054e-16,2.823925e-17,1.415083e-17,6.987211e-03
3.970000,1.930124507e-01,3.095777925e-01,1.625648916e-01,1.541715229e-01,5.006964917e-05,1.728373193e-01,3.135691953e+01,2.033645598e-01,3.353999e-16,3.851711e-17,1.565723e-17,6.967921e-03
3.980000,1.920087412e-01,3.079566097e-01,1.617477719e-01,1.533705723e-01,4.848925994e-05,1.722942433e-01,3.136454108e+01,2.012614492e-01,3.377369e-16,3.368224e-17,1.042294e-17,6.924991e-03
3.990000,1.910099792e-01,3.063435789e-01,1.609342347e-01,1.525735492e-01,4.696083424e-05,1.717510092e-01,3.137224695e+01,1.991794349e-01,1.146657e-16,2.984531e-17,7.174753e-18,6.978352e-03
4.000000,1.900161444e-01,3.047386645e-01,1.601242723e-01,1.517804380e-01,4.548268834e-05,1.712073090e-01,3.138003517e+01,1.971183188e-01,3.411511e-16,4.459960e-17,1.910197e-17,6.944982e-03
4.010000,1.890272166e-01,3.031418306e-01,1.593178771e-01,1.509912231e-01,4.405319248e-05,1.706628598e-01,3.138790376e+01,1.950779041e-01,1.010616e-16,3.832129e-17,6.666149e-19,6.991141e-03
4.020000,1.880431753e-01,3.015530417e-01,1.585150412e-01,1.502058887e-01,4.267076923e-05,1.701174025e-01,3.139585079e+01,1.930579958e-01,1.249001e-16,3.622209e-17,1.388117e-17,7.001591e-03
4.030000,1.870640003e-01,2.999722622e-01,1.577157567e-01,1.494244193e-01,4.133389176e-05,1.695707012e-01,3.140387434e+01,1.910584003e-01,6.283436e-17,1.636535e-17,1.948816e-17,6.998011e-03
4.040000,1.860896713e-01,2.983994566e-01,1.569200155e-01,1.486467992e-01,4.004108224e-05,1.690225411e-01,3.141197254e+01,1.890789258e-01,4.181367e-17,9.813078e-18,4.330942e-18,7.015282e-03
4.050000,1.851201682e-01,2.968345895e-01,1.561278096e-01,1.478730128e-01,3.879091031e-05,1.684727284e-01,3.142014354e+01,1.871193818e-01,4.595020e-16,4.967492e-17,7.291255e-18,6.991521e-03
4.060000,1.841554706e-01,2.952776256e-01,1.553391305e-01,1.471030445e-01,3.758199147e-05,1.679210886e-01,3.142838550e+01,1.851795796e-01,2.513808e-16,2.088884e-17,1.918331e-17,6.965021e-03
4.070000,1.831955585e-01,2.937285297e-01,1.545539701e-01,1.463368786e-01,3.641298571e-05,1.673674655e-01,3.143669663e+01,1.832593318e-01,4.696177e-16,3.538156e-17,2.151161e-17,6.956341e-03
4.080000,1.822404116e-01,2.921872666e-01,1.537723197e-01,1.455744997e-01,3.528259602e-05,1.668117206e-01,3.144507517e+01,1.813584528e-01,4.480534e-16,1.962616e-17,1.276339e-17,6.961301e-03
4.090000,1.812900099e-01,2.906538012e-01,1.529941708e-01,1.448158921e-01,3.418956702e-05,1.662537317e-01,3.145351935e+01,1.794767582e-01,5.592681e-16,6.938894e-18,8.675071e-18,6.952291e-03
4.100000,1.803443332e-01,2.891280986e-01,1.522195148e-01,1.440610402e-01,3.313268365e-05,1.656933924e-01,3.146202747e+01,1.776140656e-01,1.333285e-16,4.350664e-17,3.899428e-18,6.953872e-03
4.110000,1.794033616e-01,2.876101239e-01,1.514483428e-01,1.433099286e-01,3.211076983e-05,1.651306108e-01,3.147059784e+01,1.757701936e-01,3.937717e-16,5.284504e-17,6.976761e-18,6.967341e-03
4.120000,1.784670749e-01,2.860998424e-01,1.506806460e-01,1.425625417e-01,3.112268726e-05,1.645653091e-01,3.147922877e+01,1.739449626e-01,3.568527e-16,4.163336e-17,1.742417e-17,6.922832e-03
4.130000,1.775354533e-01,2.845972192e-01,1.499164155e-01,1.418188640e-01,3.016733414e-05,1.639974223e-01,3.148791864e+01,1.721381945e-01,2.222410e-16,1.551584e-17,6.036525e-18,6.923071e-03
4.140000,1.766084766e-01,2.831022197e-01,1.491556422e-01,1.410788800e-01,2.924364406e-05,1.634268979e-01,3.149666583e+01,1.703497126e-01,2.817978e-16,4.367922e-17,1.041268e-17,6.924191e-03
4.150000,1.756861252e-01,2.816148095e-01,1.483983171e-01,1.403425742e-01,2.835058481e-05,1.628536949e-01,3.150546875e+01,1.685793417e-01,1.243689e-16,2.964297e-17,4.276595e-18,7.059911e-03
4.160000,1.747683789e-01,2.801349541e-01,1.476444308e-01,1.396099312e-01,2.748715730e-05,1.622777833e-01,3.151432582e+01,1.668269081e-01,4.484193e-16,3.559355e-17,3.532429e-18,6.964712e-03
4.170000,1.738552180e-01,2.786626191e-01,1.468939740e-01,1.388809355e-01,2.665239448e-05,1.616991430e-01,3.152323551e+01,1.650922395e-01,2.356288e-16,1.769078e-17,5.281776e-18,6.952041e-03
4.180000,1.729466227e-01,2.771977704e-01,1.461469375e-01,1.381555718e-01,2.584536033e-05,1.611177636e-01,3.153219629e+01,1.633751652e-01,4.454973e-16,2.949030e-17,2.267593e-17,7.010631e-03
4.190000,1.720425733e-01,2.757403736e-01,1.454033118e-01,1.374338247e-01,2.506514880e-05,1.605336438e-01,3.154120667e+01,1.616755158e-01,1.416033e-16,2.602085e-17,7.397350e-18,6.980901e-03
4.200000,1.711430499e-01,2.742903949e-01,1.446630873e-01,1.367156787e-01,2.431088291e-05,1.599467902e-01,3.155026518e+01,1.599931235e-01,4.493302e-16,1.868354e-17,1.736407e-17,6.965521e-03
4.210000,1.702480329e-01,2.728478001e-01,1.439262544e-01,1.360011186e-01,2.358171376e-05,1.593572176e-01,3.155937038e+01,1.583278218e-01,2.547771e-16,6.992894e-17,2.258245e-17,6.971332e-03
4.220000,1.693575027e-01,2.714125555e-01,1.431928035e-01,1.352901289e-01,2.287681963e-05,1.587649477e-01,3.156852082e+01,1.566794456e-01,5.555186e-16,1.844036e-17,7.037754e-18,6.949082e-03
4.230000,1.684714396e-01,2.699846273e-01,1.424627248e-01,1.345826946e-01,2.219540513e-05,1.581700092e-01,3.157771512e+01,1.550478313e-01,6.264250e-17,2.327376e-17,2.299694e-19,6.931681e-03
4.240000,1.675898240e-01,2.685639817e-01,1.417360086e-01,1.338788002e-01,2.153670030e-05,1.575724370e-01,3.158695189e+01,1.534328168e-01,4.624169e-16,4.367922e-17,4.114965e-18,6.972831e-03
4.250000,1.667126366e-01,2.671505853e-01,1.410126448e-01,1.331784305e-01,2.089995982e-05,1.569722714e-01,3.159622976e+01,1.518342412e-01,9.130992e-16,3.421409e-17,1.044346e-17,6.943951e-03
4.260000,1.658398577e-01,2.657444044e-01,1.402926237e-01,1.324815703e-01,2.028446217e-05,1.563695586e-01,3.160554741e+01,1.502519451e-01,5.757512e-16,1.471962e-17,1.046040e-17,6.946091e-03
4.270000,1.649714680e-01,2.643454059e-01,1.395759351e-01,1.317882044e-01,1.968950893e-05,1.557643494e-01,3.161490352e+01,1.486857705e-01,1.119703e-16,4.686965e-17,1.567355e-17,6.958831e-03
4.280000,1.641074480e-01,2.629535563e-01,1.388625691e-01,1.310983177e-01,1.911442393e-05,1.551566992e-01,3.162429678e+01,1.471355606e-01,3.521841e-16,4.094094e-17,5.017266e-18,6.939452e-03
4.290000,1.632477784e-01,2.615688225e-01,1.381525155e-01,1.304118950e-01,1.855855262e-05,1.545466674e-01,3.163372594e+01,1.456011603e-01,4.456923e-16,2.194271e-17,4.501759e-18,6.937041e-03
4.300000,1.623924400e-01,2.601911715e-01,1.374457641e-01,1.297289212e-01,1.802126131e-05,1.539343175e-01,3.164318972e+01,1.440824156e-01,6.714752e-16,2.907926e-17,7.627889e-18,6.929982e-03
4.310000,1.615414134e-01,2.588205702e-01,1.367423048e-01,1.290493813e-01,1.750193653e-05,1.533197161e-01,3.165268691e+01,1.425791739e-01,2.242193e-16,3.932890e-17,7.011783e-18,6.930401e-03
4.320000,1.606946795e-01,2.574569857e-01,1.360421271e-01,1.283732602e-01,1.699998433e-05,1.527029332e-01,3.166221628e+01,1.410912839e-01,1.188381e-16,4.065512e-17,7.597824e-18,6.936231e-03
4.330000,1.598522192e-01,2.561003854e-01,1.353452208e-01,1.277005428e-01,1.651482968e-05,1.520840414e-01,3.167177665e+01,1.396185957e-01,3.747093e-16,1.398579e-17,5.650845e-18,6.921762e-03
4.340000,1.590140132e-01,2.547507366e-01,1.346515756e-01,1.270312143e-01,1.604591586e-05,1.514631161e-01,3.168136684e+01,1.381609608e-01,3.340559e-16,4.597017e-17,5.268646e-18,6.937372e-03
4.350000,1.581800426e-01,2.534080066e-01,1.339611809e-01,1.263652597e-01,1.559270383e-05,1.508402346e-01,3.169098569e+01,1.367182318e-01,6.714708e-16,3.080050e-17,3.597538e-18,6.947261e-03
4.360000,1.573502883e-01,2.520721631e-01,1.332740262e-01,1.257026640e-01,1.515467170e-05,1.502154764e-01,3.170063207e+01,1.352902627e-01,9.016458e-16,3.259250e-17,8.902944e-18,6.921751e-03
4.370000,1.565247314e-01,2.507431737e-01,1.325901012e-01,1.250434124e-01,1.473131414e-05,1.495889228e-01,3.171030487e+01,1.338769090e-01,4.445980e-16,2.002460e-17,1.041113e-17,6.970911e-03
4.380000,1.557033529e-01,2.494210061e-01,1.319093951e-01,1.243874900e-01,1.432214188e-05,1.489606566e-01,3.172000298e+01,1.324780272e-01,1.153069e-16,4.337676e-17,2.081669e-17,6.995341e-03
4.390000,1.548861341e-01,2.481056282e-01,1.312318975e-01,1.237348820e-01,1.392668115e-05,1.483307617e-01,3.172972532e+01,1.310934751e-01,6.275049e-17,2.088884e-17,4.184596e-18,7.036521e-03
4.400000,1.540730561e-01,2.467970080e-01,1.305575976e-01,1.230855736e-01,1.354447321e-05,1.476993233e-01,3.173947084e+01,1.297231120e-01,2.272571e-16,2.405268e-17,1.230590e-17,7.006781e-03
4.410000,1.532641002e-01,2.454951136e-01,1.298864847e-01,1.224395501e-01,1.317507387e-05,1.470664275e-01,3.174923848e+01,1.283667983e-01,1.251799e-16,2.430161e-17,5.213529e-18,6.966741e-03
4.420000,1.524592476e-01,2.441999131e-01,1.292185482e-01,1.217967968e-01,1.281805298e-05,1.464321610e-01,3.175902723e+01,1.270243956e-01,8.942647e-16,2.276721e-17,5.757384e-18,6.998471e-03
4.430000,1.516584797e-01,2.429113748e-01,1.285537772e-01,1.211572990e-01,1.247299406e-05,1.457966110e-01,3.176883606e+01,1.256957668e-01,1.577764e-16,5.553825e-18,1.288867e-18,6.942611e-03
4.440000,1.508617779e-01,2.416294671e-01,1.278921611e-01,1.205210420e-01,1.213949377e-05,1.451598653e-01,3.177866400e+01,1.243807761e-01,2.597585e-16,2.367437e-17,4.399066e-18,6.960941e-03
4.450000,1.500691237e-01,2.403541586e-01,1.272336889e-01,1.198880113e-01,1.181716156e-05,1.445220118e-01,3.178851006e+01,1.230792889e-01,2.294053e-16,2.539164e-17,1.081532e-17,6.953541e-03
4.460000,1.492804985e-01,2.390854178e-01,1.265783498e-01,1.192581922e-01,1.150561925e-05,1.438831384e-01,3.179837329e+01,1.217911717e-01,4.456999e-16,3.251161e-17,2.013902e-18,6.966391e-03
4.470000,1.484958840e-01,2.378232135e-01,1.259261330e-01,1.186315704e-01,1.120450062e-05,1.432433331e-01,3.180825273e+01,1.205162924e-01,1.147838e-16,3.034527e-17,1.224598e-18,6.943601e-03
4.480000,1.477152616e-01,2.365675144e-01,1.252770274e-01,1.180081312e-01,1.091345103e-05,1.426026836e-01,3.181814748e+01,1.192545199e-01,4.467721e-16,4.670886e-17,5.601108e-18,7.054481e-03
4.490000,1.469386132e-01,2.353182896e-01,1.246310223e-01,1.173878602e-01,1.063212709e-05,1.419612775e-01,3.182805660e+01,1.180057245e-01,2.372357e-16,2.990826e-17,3.747692e-18,6.946392e-03
4.500000,1.461659205e-01,2.340755081e-01,1.239881065e-01,1.167707430e-01,1.036019629e-05,1.413192017e-01,3.183797922e+01,1.167697775e-01,3.342630e-16,4.754693e-17,1.049650e-17,7.008351e-03
4.510000,1.453971651e-01,2.328391391e-01,1.233482692e-01,1.161567653e-01,1.009733666e-05,1.406765429e-01,3.184791444e+01,1.155465516e-01,2.348101e-16,5.818439e-18,2.279048e-18,6.985271e-03
4.520000,1.446323290e-01,2.316091518e-01,1.227114993e-01,1.155459127e-01,9.843236428e-06,1.400333870e-01,3.185786141e+01,1.143359203e-01,7.642633e-17,1.956857e-17,1.804310e-18,6.935832e-03
4.530000,1.438713940e-01,2.303855156e-01,1.220777858e-01,1.149381708e-01,9.597593751e-06,1.393898194e-01,3.186781927e+01,1.131377586e-01,5.562062e-16,2.024876e-17,2.986117e-18,7.008331e-03
4.540000,1.431143421e-01,2.291682000e-01,1.214471176e-01,1.143335256e-01,9.360116365e-06,1.387459245e-01,3.187778720e+01,1.119519424e-01,6.670418e-16,2.002460e-17,7.010058e-18,6.991991e-03
4.550000,1.423611553e-01,2.279571746e-01,1.208194837e-01,1.137319626e-01,9.130521319e-06,1.381017860e-01,3.188776436e+01,1.107783491e-01,4.494918e-16,2.776912e-17,2.191322e-17,6.952381e-03
4.560000,1.416118156e-01,2.267524091e-01,1.201948729e-01,1.131334679e-01,8.908534683e-06,1.374574867e-01,3.189774996e+01,1.096168568e-01,1.112186e-16,1.829702e-17,1.985882e-18,6.915052e-03
4.570000,1.408663052e-01,2.255538733e-01,1.195732742e-01,1.125380271e-01,8.693891280e-06,1.368131084e-01,3.190774319e+01,1.084673450e-01,2.247693e-16,2.883244e-17,1.853505e-18,7.009951e-03
4.580000,1.401246062e-01,2.243615372e-01,1.189546765e-01,1.119456263e-01,8.486334427e-06,1.361687318e-01,3.191774330e+01,1.073296942e-01,8.342131e-17,2.367437e-17,6.086285e-18,6.975931e-03
4.590000,1.393867009e-01,2.231753709e-01,1.183390685e-01,1.113562514e-01,8.285615673e-06,1.355244366e-01,3.192774950e+01,1.062037860e-01,4.487304e-16,2.722190e-17,7.020523e-18,6.998221e-03
4.600000,1.386525715e-01,2.219953444e-01,1.177264392e-01,1.107698884e-01,8.091494564e-06,1.348803013e-01,3.193776105e+01,1.050895032e-01,6.872074e-16,1.717289e-17,9.507945e-20,6.958161e-03
4.610000,1.379222004e-01,2.208214281e-01,1.171167774e-01,1.101865233e-01,7.903738403e-06,1.342364033e-01,3.194777721e+01,1.039867296e-01,4.503546e-16,3.128520e-17,1.312781e-17,6.982281e-03
4.620000,1.371955699e-01,2.196535923e-01,1.165100719e-01,1.096061422e-01,7.722122025e-06,1.335928187e-01,3.195779726e+01,1.028953501e-01,5.594942e-16,7.359808e-18,1.128009e-17,6.981861e-03
4.630000,1.364726627e-01,2.184918076e-01,1.159063115e-01,1.090287312e-01,7.546427575e-06,1.329496223e-01,3.196782049e+01,1.018152507e-01,4.761360e-16,2.348293e-17,5.590756e-18,6.977821e-03
4.640000,1.357534610e-01,2.173360445e-01,1.153054851e-01,1.084542764e-01,7.376444299e-06,1.323068877e-01,3.197784619e+01,1.007463185e-01,1.804321e-16,1.127570e-17,2.742269e-19,6.989101e-03
4.650000,1.350379477e-01,2.161862737e-01,1.147075814e-01,1.078827641e-01,7.211968338e-06,1.316646872e-01,3.198787368e+01,9.968844143e-02,8.893023e-16,1.357636e-17,8.966882e-18,6.988112e-03
4.660000,1.343261051e-01,2.150424661e-01,1.141125892e-01,1.073141806e-01,7.052802526e-06,1.310230916e-01,3.199790230e+01,9.864150876e-02,4.450267e-16,3.314185e-17,5.382894e-19,6.998021e-03
4.670000,1.336179162e-01,2.139045927e-01,1.135204974e-01,1.067485121e-01,6.898756206e-06,1.303821705e-01,3.200793136e+01,9.760541065e-02,3.957680e-17,4.164240e-17,3.280512e-18,6.956211e-03
4.680000,1.329133636e-01,2.127726244e-01,1.129312946e-01,1.061857449e-01,6.749645035e-06,1.297419919e-01,3.201796024e+01,9.658003832e-02,2.255445e-16,2.281672e-17,5.299862e-18,6.950741e-03
4.690000,1.322124301e-01,2.116465325e-01,1.123449698e-01,1.056258654e-01,6.605290813e-06,1.291026227e-01,3.202798828e+01,9.556528399e-02,2.247609e-16,1.916065e-17,1.010586e-17,6.966731e-03
4.700000,1.315150986e-01,2.105262882e-01,1.117615116e-01,1.050688601e-01,6.465521301e-06,1.284641281e-01,3.203801487e+01,9.456104092e-02,8.903856e-16,2.860979e-17,1.051962e-17,6.982131e-03
4.710000,1.308213520e-01,2.094118630e-01,1.111809088e-01,1.045147154e-01,6.330170054e-06,1.278265720e-01,3.204803939e+01,9.356720338e-02,8.888288e-16,3.576224e-18,1.739328e-17,6.966341e-03
4.720000,1.301311733e-01,2.083032283e-01,1.106031502e-01,1.039634178e-01,6.199076259e-06,1.271900169e-01,3.205806123e+01,9.258366661e-02,3.792911e-17,1.474515e-17,2.897013e-18,6.970361e-03
4.730000,1.294445456e-01,2.072003557e-01,1.100282246e-01,1.034149539e-01,6.072084574e-06,1.265545236e-01,3.206807980e+01,9.161032687e-02,2.326588e-16,2.068980e-17,3.744418e-18,6.957291e-03
4.740000,1.287614519e-01,2.061032170e-01,1.094561207e-01,1.028693102e-01,5.949044968e-06,1.259201519e-01,3.207809453e+01,9.064708138e-02,3.376659e-16,3.492141e-17,1.648450e-17,6.943711e-03
4.750000,1.280818755e-01,2.050117840e-01,1.088868273e-01,1.023264735e-01,5.829812575e-06,1.252869597e-01,3.208810484e+01,8.969382836e-02,2.242092e-16,1.977889e-17,1.497461e-17,6.986431e-03
4.760000,1.274057995e-01,2.039260286e-01,1.083203332e-01,1.017864305e-01,5.714247544e-06,1.246550037e-01,3.209811017e+01,8.875046696e-02,5.562116e-17,2.793120e-17,4.148344e-19,6.958151e-03
4.770000,1.267332073e-01,2.028459230e-01,1.077566271e-01,1.012491677e-01,5.602214898e-06,1.240243390e-01,3.210810998e+01,8.781689733e-02,4.518332e-16,2.883244e-17,5.291918e-18,7.000211e-03
4.780000,1.260640821e-01,2.017714393e-01,1.071956979e-01,1.007146721e-01,5.493584388e-06,1.233950195e-01,3.211810371e+01,8.689302053e-02,3.491064e-17,1.563659e-17,2.445048e-18,6.971161e-03
4.790000,1.253984075e-01,2.007025498e-01,1.066375344e-01,1.001829305e-01,5.388230364e-06,1.227670975e-01,3.212809086e+01,8.597873859e-02,4.506092e-16,1.788112e-17,3.703293e-18,6.989861e-03
4.800000,1.247361668e-01,1.996392270e-01,1.060821252e-01,9.965392968e-02,5.286031633e-06,1.221406237e-01,3.213807089e+01,8.507395448e-02,2.221615e-16,3.283397e-17,2.610542e-18,6.985461e-03
4.810000,1.240773436e-01,1.985814432e-01,1.055294592e-01,9.912765663e-02,5.186871335e-06,1.215156476e-01,3.214804330e+01,8.417857207e-02,4.548171e-16,1.110765e-17,3.919443e-18,7.022371e-03
4.820000,1.234219214e-01,1.975291712e-01,1.049795253e-01,9.860409828e-02,5.090636815e-06,1.208922172e-01,3.215800758e+01,8.329249616e-02,6.674432e-16,9.697399e-18,1.307483e-17,6.985631e-03
4.830000,1.227698840e-01,1.964823836e-01,1.044323122e-01,9.808324166e-02,4.997219491e-06,1.202703793e-01,3.216796325e+01,8.241563248e-02,6.733242e-16,3.496447e-17,1.922827e-18,6.931521e-03
4.840000,1.221212150e-01,1.954410534e-01,1.038878087e-01,9.756507383e-02,4.906514741e-06,1.196501789e-01,3.217790984e+01,8.154788764e-02,3.433378e-16,3.619092e-17,1.056847e-17,6.939861e-03
4.850000,1.214758982e-01,1.944051535e-01,1.033460038e-01,9.704958187e-02,4.818421778e-06,1.190316598e-01,3.218784686e+01,8.068916916e-02,8.900224e-16,1.262898e-17,1.301161e-17,6.924731e-03
4.860000,1.208339175e-01,1.933746570e-01,1.028068861e-01,9.653675294e-02,4.732843536e-06,1.184148647e-01,3.219777385e+01,7.983938545e-02,7.779350e-16,1.779677e-17,1.046944e-17,6.935241e-03
4.870000,1.201952566e-01,1.923495370e-01,1.022704446e-01,9.602657425e-02,4.649686552e-06,1.177998345e-01,3.220769037e+01,7.899844578e-02,2.293052e-16,4.336809e-18,1.571881e-18,6.941041e-03
4.880000,1.195598996e-01,1.913297669e-01,1.017366681e-01,9.551903302e-02,4.568860858e-06,1.171866090e-01,3.221759597e+01,7.816626033e-02,4.613296e-16,2.841189e-17,4.419566e-18,6.957831e-03
4.890000,1.189278305e-01,1.903153200e-01,1.012055455e-01,9.501411655e-02,4.490279867e-06,1.165752268e-01,3.222749021e+01,7.734274013e-02,8.882061e-16,1.620365e-17,7.884367e-18,6.922861e-03
4.900000,1.182990334e-01,1.893061699e-01,1.006770657e-01,9.451181217e-02,4.413860269e-06,1.159657248e-01,3.223737266e+01,7.652779705e-02,4.569725e-16,1.357636e-17,8.674713e-18,6.955621e-03
4.910000,1.176734923e-01,1.883022902e-01,1.001512176e-01,9.401210726e-02,4.339521926e-06,1.153581389e-01,3.224724292e+01,7.572134383e-02,2.237915e-16,4.336809e-18,3.455338e-18,6.938662e-03
4.920000,1.170511915e-01,1.873036547e-01,9.962799000e-02,9.351498925e-02,4.267187766e-06,1.147525038e-01,3.225710056e+01,7.492329406e-02,2.220658e-16,1.551584e-17,1.477589e-17,6.932041e-03
4.930000,1.164321152e-01,1.863102372e-01,9.910737196e-02,9.302044563e-02,4.196783683e-06,1.141488527e-01,3.226694519e+01,7.413356217e-02,2.348181e-16,3.955778e-17,6.105586e-18,6.933831e-03
4.940000,1.158162477e-01,1.853220117e-01,9.858935236e-02,9.252846390e-02,4.128238442e-06,1.135472177e-01,3.227677641e+01,7.335206339e-02,1.243757e-16,1.728206e-17,1.977031e-18,6.913241e-03
4.950000,1.152035735e-01,1.843389522e-01,9.807392017e-02,9.203903164e-02,4.061483578e-06,1.129476297e-01,3.228659384e+01,7.257871381e-02,4.494943e-16,2.261803e-17,7.240814e-18,6.928361e-03
4.960000,1.145940769e-01,1.833610329e-01,9.756106436e-02,9.155213647e-02,3.996453306e-06,1.123501184e-01,3.229639710e+01,7.181343030e-02,2.220755e-16,2.574472e-17,5.247014e-18,6.904691e-03
4.970000,1.139877425e-01,1.823882282e-01,9.705077390e-02,9.106776604e-02,3.933084425e-06,1.117547122e-01,3.230618581e+01,7.105613058e-02,1.138476e-16,2.950305e-17,5.531176e-18,6.931371e-03
4.980000,1.133845547e-01,1.814205124e-01,9.654303780e-02,9.058590808e-02,3.871316231e-06,1.111614384e-01,3.231595962e+01,7.030673313e-02,1.972466e-16,2.168404e-18,8.902658e-19,6.932421e-03
4.990000,1.127844983e-01,1.804578601e-01,9.603784510e-02,9.010655033e-02,3.811090431e-06,1.105703234e-01,3.232571817e+01,6.956515726e-02,3.417014e-16,6.952433e-18,2.701328e-18,6.922211e-03
5.000000,1.121875579e-01,1.795002458e-01,9.553518481e-02,8.962968060e-02,3.752351051e-06,1.099813920e-01,3.233546112e+01,6.883132304e-02,2.311031e-16,8.673617e-18,5.204373e-18,6.928981e-03
5.010000,1.115937182e-01,1.785476443e-01,9.503504601e-02,8.915528675e-02,3.695044358e-06,1.093946685e-01,3.234518811e+01,6.810515133e-02,3.379643e-16,9.024314e-18,2.094402e-18,6.879721e-03
5.020000,1.110029641e-01,1.776000305e-01,9.453741777e-02,8.868335666e-02,3.639118778e-06,1.088101756e-01,3.235489882e+01,6.738656378e-02,7.866258e-18,5.818439e-18,7.080701e-18,6.889221e-03
5.030000,1.104152804e-01,1.766573792e-01,9.404228919e-02,8.821387830e-02,3.584524816e-06,1.082279352e-01,3.236459292e+01,6.667548278e-02,4.871339e-17,1.700228e-17,2.170948e-18,6.868191e-03
5.040000,1.098306520e-01,1.757196657e-01,9.354964937e-02,8.774683965e-02,3.531214981e-06,1.076479682e-01,3.237427010e+01,6.597183149e-02,1.163316e-16,1.321126e-17,3.544379e-18,6.836141e-03
5.050000,1.092490639e-01,1.747868649e-01,9.305948747e-02,8.728222875e-02,3.479143705e-06,1.070702944e-01,3.238393003e+01,6.527553384e-02,2.402107e-16,2.696156e-17,5.556536e-19,6.940981e-03
5.060000,1.086705011e-01,1.738589523e-01,9.257179263e-02,8.682003369e-02,3.428267278e-06,1.064949327e-01,3.239357241e+01,6.458651449e-02,6.781826e-16,9.341772e-18,2.617679e-18,6.937022e-03
5.070000,1.080949488e-01,1.729359032e-01,9.208655403e-02,8.636024261e-02,3.378543772e-06,1.059219008e-01,3.240319695e+01,6.390469883e-02,3.690688e-16,1.422579e-17,6.110121e-18,6.922431e-03
5.080000,1.075223921e-01,1.720176930e-01,9.160376088e-02,8.590284368e-02,3.329932975e-06,1.053512157e-01,3.241280334e+01,6.323001302e-02,2.294053e-16,1.769609e-17,6.996003e-18,6.949091e-03
5.090000,1.069528163e-01,1.711042975e-01,9.112340240e-02,8.544782515e-02,3.282396324e-06,1.047828935e-01,3.242239130e+01,6.256238390e-02,4.449726e-16,1.788112e-17,1.747092e-18,6.993791e-03
5.100000,1.063862066e-01,1.701956923e-01,9.064546783e-02,8.499517528e-02,3.235896837e-06,1.042169493e-01,3.243196056e+01,6.190173907e-02,5.599940e-16,2.409955e-17,6.072053e-18,6.974151e-03
5.110000,1.058225484e-01,1.692918532e-01,9.016994645e-02,8.454488240e-02,3.190399056e-06,1.036533971e-01,3.244151083e+01,6.124800682e-02,2.359547e-16,1.728206e-17,7.891384e-18,6.938821e-03
5.120000,1.052618270e-01,1.683927561e-01,8.969682754e-02,8.409693488e-02,3.145868981e-06,1.030922504e-01,3.245104186e+01,6.060111616e-02,2.307920e-16,6.254634e-18,3.537643e-18,7.036341e-03
5.130000,1.047040280e-01,1.674983772e-01,8.922610041e-02,8.365132114e-02,3.102274017e-06,1.025335218e-01,3.246055336e+01,5.996099680e-02,2.270107e-16,1.226635e-17,8.674802e-18,6.886171e-03
5.140000,1.041491368e-01,1.666086924e-01,8.875775442e-02,8.320802964e-02,3.059582911e-06,1.019772228e-01,3.247004510e+01,5.932757913e-02,5.571206e-16,2.067616e-17,2.364631e-18,6.964262e-03
5.150000,1.035971391e-01,1.657236782e-01,8.829177892e-02,8.276704890e-02,3.017765702e-06,1.014233644e-01,3.247951681e+01,5.870079426e-02,4.452384e-16,1.179740e-17,4.338217e-18,6.945951e-03
5.160000,1.030480205e-01,1.648433107e-01,8.782816330e-02,8.232836748e-02,2.976793666e-06,1.008719567e-01,3.248896826e+01,5.808057394e-02,6.674349e-16,1.048934e-17,4.236208e-18,6.953051e-03
5.170000,1.025017667e-01,1.639675666e-01,8.736689697e-02,8.189197398e-02,2.936639266e-06,1.003230090e-01,3.249839920e+01,5.746685064e-02,5.561955e-16,2.208368e-17,2.932789e-18,6.912191e-03
5.180000,1.019583635e-01,1.630964222e-01,8.690796938e-02,8.145785706e-02,2.897276099e-06,9.977652995e-02,3.250780941e+01,5.685955746e-02,2.254995e-16,5.898698e-18,3.473473e-18,6.944461e-03
5.190000,1.014177967e-01,1.622298544e-01,8.645136999e-02,8.102600543e-02,2.858678855e-06,9.923252743e-02,3.251719864e+01,5.625862819e-02,2.551507e-16,4.336809e-18,7.152140e-18,6.876861e-03
5.200000,1.008800521e-01,1.613678399e-01,8.599708829e-02,8.059640781e-02,2.820823266e-06,9.869100863e-02,3.252656668e+01,5.566399728e-02,1.328147e-16,1.063182e-17,6.104205e-18,6.916911e-03
5.210000,1.003451158e-01,1.605103556e-01,8.554511380e-02,8.016905302e-02,2.783686062e-06,9.815198004e-02,3.253591331e+01,5.507559981e-02,1.149721e-16,1.636535e-17,3.913033e-18,6.938781e-03
5.220000,9.981297370e-02,1.596573784e-01,8.509543607e-02,7.974392989e-02,2.747244932e-06,9.761544751e-02,3.254523832e+01,5.449337152e-02,2.388055e-16,2.135631e-17,3.080774e-18,6.917861e-03
5.230000,9.928361191e-02,1.588088854e-01,8.464804466e-02,7.932102732e-02,2.711478478e-06,9.708141623e-02,3.255454150e+01,5.391724879e-02,2.233861e-16,3.932890e-17,1.927084e-18,6.910851e-03
5.240000,9.875701654e-02,1.579648539e-01,8.420292918e-02,7.890033423e-02,2.676366182e-06,9.654989077e-02,3.256382264e+01,5.334716863e-02,6.673760e-16,1.943839e-17,2.215012e-18,6.931051e-03
5.250000,9.823317376e-02,1.571252611e-01,8.376007925e-02,7.848183960e-02,2.641888363e-06,9.602087508e-02,3.257308156e+01,5.278306868e-02,2.309728e-16,3.623247e-17,3.907845e-18,6.910951e-03
5.260000,9.771206983e-02,1.562900845e-01,8.331948453e-02,7.806553248e-02,2.608026141e-06,9.549437255e-02,3.258231805e+01,5.222488720e-02,8.333249e-17,9.813078e-18,1.917471e-18,6.908441e-03
5.270000,9.719369104e-02,1.554593015e-01,8.288113470e-02,7.765140193e-02,2.574761407e-06,9.497038595e-02,3.259153193e+01,5.167256307e-02,2.412926e-16,2.767754e-17,3.604026e-18,6.931981e-03
5.280000,9.667802376e-02,1.546328897e-01,8.244501947e-02,7.723943706e-02,2.542076782e-06,9.444891753e-02,3.260072302e+01,5.112603577e-02,5.645941e-16,2.521324e-17,1.131281e-18,6.943121e-03
5.290000,9.616505439e-02,1.538108269e-01,8.201112858e-02,7.682962706e-02,2.509955592e-06,9.392996899e-02,3.260989113e+01,5.058524541e-02,4.462762e-16,5.898698e-18,4.741151e-19,6.934451e-03
5.300000,9.565476943e-02,1.529930908e-01,8.157945180e-02,7.642196114e-02,2.478381834e-06,9.341354151e-02,3.261903610e+01,5.005013268e-02,2.225228e-16,2.208368e-17,7.398384e-18,6.967431e-03
5.310000,9.514715540e-02,1.521796594e-01,8.114997893e-02,7.601642855e-02,2.447340145e-06,9.289963575e-02,3.262815775e+01,4.952063886e-02,7.799519e-16,2.019761e-17,1.991784e-18,6.952261e-03
5.320000,9.464219889e-02,1.513705107e-01,8.072269980e-02,7.561301860e-02,2.416815776e-06,9.238825191e-02,3.263725592e+01,4.899670584e-02,2.226052e-16,4.906539e-18,1.824373e-18,6.934091e-03
5.330000,9.413988657e-02,1.505656228e-01,8.029760426e-02,7.521172065e-02,2.386794564e-06,9.187938968e-02,3.264633044e+01,4.847827606e-02,5.209634e-17,1.221256e-17,8.995528e-19,6.917741e-03
5.340000,9.364020514e-02,1.497649740e-01,7.987468220e-02,7.481252409e-02,2.357262908e-06,9.137304831e-02,3.265538116e+01,4.796529256e-02,1.479031e-16,1.844036e-17,2.429223e-18,6.913451e-03
5.350000,9.314314137e-02,1.489685425e-01,7.945392354e-02,7.441541837e-02,2.328207740e-06,9.086922660e-02,3.266440794e+01,4.745769896e-02,5.641608e-16,3.273070e-17,4.533274e-18,6.996101e-03
5.360000,9.264868209e-02,1.481763067e-01,7.903531822e-02,7.402039298e-02,2.299616503e-06,9.036792294e-02,3.267341061e+01,4.695543942e-02,3.543773e-16,2.762312e-17,4.359537e-18,6.952091e-03
5.370000,9.215681418e-02,1.473882453e-01,7.861885623e-02,7.362743746e-02,2.271477132e-06,8.986913527e-02,3.268238904e+01,4.645845869e-02,1.439723e-16,1.221256e-17,3.069935e-18,6.929141e-03
5.380000,9.166752459e-02,1.466043368e-01,7.820452756e-02,7.323654138e-02,2.243778026e-06,8.937286117e-02,3.269134308e+01,4.596670206e-02,6.902920e-16,8.940560e-18,3.497068e-18,6.961651e-03
5.390000,9.118080032e-02,1.458245599e-01,7.779232227e-02,7.284769438e-02,2.216508032e-06,8.887909780e-02,3.270027260e+01,4.548011536e-02,4.865399e-17,8.770653e-18,1.744401e-18,6.949481e-03
5.400000,9.069662842e-02,1.450488934e-01,7.738223041e-02,7.246088614e-02,2.189656422e-06,8.838784196e-02,3.270917747e+01,4.499864499e-02,2.383892e-16,1.398579e-17,1.325575e-18,6.935301e-03
5.410000,9.021499601e-02,1.442773163e-01,7.697424210e-02,7.207610636e-02,2.163212877e-06,8.789909010e-02,3.271805756e+01,4.452223787e-02,2.234539e-16,7.152448e-18,7.383459e-18,6.930512e-03
5.420000,8.973589026e-02,1.435098077e-01,7.656834746e-02,7.169334481e-02,2.137167466e-06,8.741283831e-02,3.272691274e+01,4.405084147e-02,2.400760e-16,7.757919e-18,5.397912e-19,6.904791e-03
5.430000,8.925929841e-02,1.427463465e-01,7.616453666e-02,7.131259131e-02,2.111510628e-06,8.692908235e-02,3.273574289e+01,4.358440379e-02,2.429961e-16,1.599336e-17,2.180018e-18,6.949421e-03
5.440000,8.878520775e-02,1.419869120e-01,7.576279990e-02,7.093383570e-02,2.086233160e-06,8.644781767e-02,3.274454790e+01,4.312287334e-02,3.333663e-16,8.684453e-18,9.827576e-19,6.925011e-03
5.450000,8.831360560e-02,1.412314836e-01,7.536312739e-02,7.055706789e-02,2.061326198e-06,8.596903939e-02,3.275332765e+01,4.266619915e-02,2.566454e-16,2.539164e-17,4.428133e-19,6.891761e-03
5.460000,8.784447938e-02,1.404800406e-01,7.496550941e-02,7.018227783e-02,2.036781203e-06,8.549274234e-02,3.276208203e+01,4.221433080e-02,4.478221e-16,2.041527e-17,1.976244e-18,6.938571e-03
5.470000,8.737781654e-02,1.397325626e-01,7.456993623e-02,6.980945549e-02,2.012589941e-06,8.501892109e-02,3.277081094e+01,4.176721834e-02,1.180046e-16,2.405268e-17,4.886116e-18,6.975381e-03
5.480000,8.691360460e-02,1.389890291e-01,7.417639820e-02,6.943859093e-02,1.988744481e-06,8.454756989e-02,3.277951426e+01,4.132481234e-02,5.698420e-16,2.019761e-17,1.826781e-18,6.908391e-03
5.490000,8.645183113e-02,1.382494199e-01,7.378488565e-02,6.906967421e-02,1.965237170e-06,8.407868277e-02,3.278819191e+01,4.088706387e-02,1.112899e-16,1.167721e-17,3.048093e-18,6.939131e-03
5.500000,8.599248374e-02,1.375137148e-01,7.339538899e-02,6.870269546e-02,1.942060626e-06,8.361225347e-02,3.279684378e+01,4.045392450e-02,2.235981e-17,1.349298e-17,2.169262e-18,6.954871e-03
5.510000,8.553555013e-02,1.367818936e-01,7.300789863e-02,6.833764484e-02,1.919207729e-06,8.314827552e-02,3.280546978e+01,4.002534628e-02,2.675099e-16,1.735265e-17,1.301045e-18,6.936302e-03
5.520000,8.508101804e-02,1.360539363e-01,7.262240502e-02,6.797451258e-02,1.896671602e-06,8.268674220e-02,3.281406982e+01,3.960128177e-02,4.445270e-16,1.495413e-17,4.422653e-19,6.923271e-03
5.530000,8.462887525e-02,1.353298231e-01,7.223889865e-02,6.761328893e-02,1.874445606e-06,8.222764658e-02,3.282264382e+01,3.918168398e-02,4.444313e-16,1.662192e-17,1.461516e-18,6.922442e-03
5.540000,8.417910961e-02,1.346095340e-01,7.185737005e-02,6.725396418e-02,1.852523328e-06,8.177098149e-02,3.283119168e+01,3.876650643e-02,5.582696e-16,2.742839e-18,9.118839e-19,6.964571e-03
5.550000,8.373170903e-02,1.338930494e-01,7.147780975e-02,6.689652869e-02,1.830898570e-06,8.131673959e-02,3.283971333e+01,3.835570307e-02,4.442131e-16,1.590492e-17,2.969848e-18,6.924281e-03
5.560000,8.328666148e-02,1.331803497e-01,7.110020836e-02,6.654097284e-02,1.809565343e-06,8.086491333e-02,3.284820869e+01,3.794922837e-02,1.218404e-16,7.806256e-18,4.772466e-19,6.916601e-03
5.570000,8.284395496e-02,1.324714153e-01,7.072455648e-02,6.618728706e-02,1.788517853e-06,8.041549497e-02,3.285667769e+01,3.754703722e-02,4.479909e-16,1.599336e-17,3.946526e-18,6.903252e-03
5.580000,8.240357754e-02,1.317662267e-01,7.035084478e-02,6.583546183e-02,1.767750495e-06,7.996847662e-02,3.286512024e+01,3.714908498e-02,2.301731e-16,9.471733e-18,2.526976e-18,6.902291e-03
5.590000,8.196551736e-02,1.310647647e-01,6.997906393e-02,6.548548768e-02,1.747257848e-06,7.952385017e-02,3.287353630e+01,3.675532749e-02,1.112423e-16,1.514782e-17,6.397658e-19,6.889761e-03
5.600000,8.152976258e-02,1.303670099e-01,6.960920465e-02,6.513735516e-02,1.727034660e-06,7.908160741e-02,3.288192577e+01,3.636572100e-02,4.595659e-16,6.133174e-18,1.794147e-18,6.888291e-03
5.610000,8.109630145e-02,1.296729432e-01,6.924125769e-02,6.479105488e-02,1.707075849e-06,7.864173994e-02,3.289028861e+01,3.598022224e-02,1.387840e-16,4.690976e-18,1.323288e-18,6.910641e-03
5.620000,8.066512225e-02,1.289825455e-01,6.887521385e-02,6.444657749e-02,1.687376487e-06,7.820423923e-02,3.289862476e+01,3.559878836e-02,3.342238e-16,1.167721e-17,3.507523e-18,6.914022e-03
5.630000,8.023621332e-02,1.282957978e-01,6.851106394e-02,6.410391368e-02,1.667931801e-06,7.776909659e-02,3.290693414e+01,3.522137695e-02,1.296577e-16,1.932193e-17,1.329640e-18,6.895371e-03
5.640000,7.980956306e-02,1.276126813e-01,6.814879881e-02,6.376305419e-02,1.648737163e-06,7.733630324e-02,3.291521672e+01,3.484794605e-02,7.081260e-17,2.689608e-17,3.957683e-18,6.893151e-03
5.650000,7.938515993e-02,1.269331771e-01,6.778840935e-02,6.342398980e-02,1.629788084e-06,7.690585024e-02,3.292347243e+01,3.447845410e-02,6.691723e-16,1.576238e-17,2.660779e-18,6.934621e-03
5.660000,7.896299241e-02,1.262572665e-01,6.742988648e-02,6.308671132e-02,1.611080209e-06,7.647772855e-02,3.293170122e+01,3.411285998e-02,3.376621e-16,7.155734e-18,9.962442e-19,6.945351e-03
5.670000,7.854304908e-02,1.255849310e-01,6.707322116e-02,6.275120963e-02,1.592609310e-06,7.605192903e-02,3.293990305e+01,3.375112300e-02,3.388852e-16,1.192622e-17,2.362119e-18,6.926821e-03
5.680000,7.812531855e-02,1.249161520e-01,6.671840437e-02,6.241747563e-02,1.574371284e-06,7.562844241e-02,3.294807787e+01,3.339320287e-02,2.504202e-17,5.818439e-18,5.695055e-18,6.916661e-03
5.690000,7.770978947e-02,1.242509110e-01,6.636542713e-02,6.208550027e-02,1.556362142e-06,7.520725934e-02,3.295622563e+01,3.303905973e-02,4.718980e-16,1.563659e-18,3.102111e-18,6.917361e-03
5.700000,7.729645056e-02,1.235891897e-01,6.601428051e-02,6.175527453e-02,1.538578012e-06,7.478837039e-02,3.296434630e+01,3.268865409e-02,5.589637e-16,1.226635e-17,5.219311e-18,6.962051e-03
5.710000,7.688529060e-02,1.229309699e-01,6.566495558e-02,6.142678945e-02,1.521015126e-06,7.437176602e-02,3.297243984e+01,3.234194692e-02,1.123746e-16,2.253889e-17,2.371304e-18,7.001511e-03
5.720000,7.647629840e-02,1.222762334e-01,6.531744348e-02,6.110003611e-02,1.503669823e-06,7.395743661e-02,3.298050621e+01,3.199889954e-02,4.447531e-16,1.371419e-17,1.311585e-18,6.962651e-03
5.730000,7.606946284e-02,1.216249621e-01,6.497173537e-02,6.077500563e-02,1.486538540e-06,7.354537250e-02,3.298854538e+01,3.165947369e-02,6.667523e-16,1.595951e-17,2.282855e-18,6.990500e-03
5.740000,7.566477286e-02,1.209771380e-01,6.462782243e-02,6.045168915e-02,1.469617812e-06,7.313556392e-02,3.299655731e+01,3.132363150e-02,5.598777e-16,9.697399e-18,1.742229e-18,6.935791e-03
5.750000,7.526221742e-02,1.203327432e-01,6.428569589e-02,6.013007788e-02,1.452904264e-06,7.272800106e-02,3.300454198e+01,3.099133549e-02,3.346871e-16,5.704181e-18,1.392785e-18,6.956581e-03
5.760000,7.486178556e-02,1.196917599e-01,6.394534701e-02,5.981016306e-02,1.436394609e-06,7.232267403e-02,3.301249936e+01,3.066254856e-02,5.908255e-17,1.167721e-17,1.097647e-18,6.937861e-03
5.770000,7.446346636e-02,1.190541704e-01,6.360676709e-02,5.949193598e-02,1.420085646e-06,7.191957290e-02,3.302042942e+01,3.033723400e-02,2.293024e-16,1.808116e-17,3.471839e-18,6.973561e-03
5.780000,7.406724895e-02,1.184199570e-01,6.326994745e-02,5.917538795e-02,1.403974255e-06,7.151868769e-02,3.302833214e+01,3.001535546e-02,4.480314e-16,1.882894e-17,2.196151e-18,6.935541e-03
5.790000,7.367312254e-02,1.177891021e-01,6.293487946e-02,5.886051035e-02,1.388057395e-06,7.112000838e-02,3.303620749e+01,2.969687697e-02,3.348708e-16,1.138361e-17,9.383103e-19,6.973271e-03
5.800000,7.328107634e-02,1.171615884e-01,6.260155452e-02,5.854729457e-02,1.372332101e-06,7.072352487e-02,3.304405547e+01,2.938176294e-02,8.890454e-16,5.280410e-18,4.416035e-19,7.022351e-03
5.810000,7.289109965e-02,1.165373984e-01,6.226996405e-02,5.823573207e-02,1.356795479e-06,7.032922708e-02,3.305187605e+01,2.906997814e-02,6.726926e-16,1.377577e-17,1.776032e-18,6.975921e-03
5.820000,7.250318181e-02,1.159165148e-01,6.194009952e-02,5.792581432e-02,1.341444704e-06,6.993710484e-02,3.305966922e+01,2.876148770e-02,1.118884e-16,3.878960e-18,6.454890e-19,6.962821e-03
5.830000,7.211731222e-02,1.152989203e-01,6.161195243e-02,5.761753286e-02,1.326277023e-06,6.954714799e-02,3.306743496e+01,2.845625710e-02,6.955814e-18,1.748223e-18,4.827716e-18,6.926962e-03
5.840000,7.173348030e-02,1.146845980e-01,6.128551432e-02,5.731087926e-02,1.311289743e-06,6.915934631e-02,3.307517327e+01,2.815425220e-02,3.402907e-16,1.208095e-17,5.141967e-19,6.998951e-03
5.850000,7.135167555e-02,1.140735307e-01,6.096077675e-02,5.700584512e-02,1.296480236e-06,6.877368960e-02,3.308288412e+01,2.785543918e-02,5.739224e-16,1.837907e-17,1.089786e-18,6.946291e-03
5.860000,7.097188752e-02,1.134657015e-01,6.063773132e-02,5.670242208e-02,1.281845933e-06,6.839016759e-02,3.309056753e+01,2.755978460e-02,4.533325e-16,9.263427e-18,1.772049e-18,6.978401e-03
5.870000,7.059410580e-02,1.128610934e-01,6.031636966e-02,5.640060185e-02,1.267384323e-06,6.800877002e-02,3.309822347e+01,2.726725535e-02,3.342234e-16,7.833314e-18,6.574781e-19,6.984851e-03
5.880000,7.021832002e-02,1.122596898e-01,5.999668346e-02,5.610037614e-02,1.253092952e-06,6.762948663e-02,3.310585194e+01,2.697781865e-02,6.754739e-16,1.022834e-17,1.762849e-18,6.925591e-03
5.890000,6.984451988e-02,1.116614739e-01,5.967866441e-02,5.580173672e-02,1.238969420e-06,6.725230711e-02,3.311345295e+01,2.669144207e-02,4.542305e-16,1.241873e-17,1.958771e-18,6.917201e-03
5.900000,6.947269512e-02,1.110664290e-01,5.936230425e-02,5.550467540e-02,1.225011377e-06,6.687722118e-02,3.312102649e+01,2.640809352e-02,4.513264e-17,1.734723e-18,4.378527e-19,6.907981e-03
5.910000,6.910283554e-02,1.104745386e-01,5.904759475e-02,5.520918402e-02,1.211216525e-06,6.650421852e-02,3.312857256e+01,2.612774123e-02,2.818926e-17,7.489632e-18,1.032918e-18,6.914531e-03
5.920000,6.873493096e-02,1.098857864e-01,5.873452773e-02,5.491525447e-02,1.197582616e-06,6.613328884e-02,3.313609116e+01,2.585035377e-02,9.772006e-17,5.918592e-18,1.591716e-18,6.940791e-03
5.930000,6.836897127e-02,1.093001557e-01,5.842309501e-02,5.462287867e-02,1.184107444e-06,6.576442183e-02,3.314358231e+01,2.557590002e-02,1.409118e-16,8.632864e-18,8.716541e-19,6.958511e-03
5.940000,6.800494643e-02,1.087176305e-01,5.811328847e-02,5.433204858e-02,1.170788855e-06,6.539760718e-02,3.315104600e+01,2.530434919e-02,2.301732e-16,1.467483e-17,1.325987e-18,6.942411e-03
5.950000,6.764284640e-02,1.081381945e-01,5.780510003e-02,5.404275622e-02,1.157624733e-06,6.503283460e-02,3.315848224e+01,2.503567080e-02,1.118985e-16,9.745765e-18,1.743728e-18,6.917381e-03
5.960000,6.728266122e-02,1.075618315e-01,5.749852161e-02,5.375499361e-02,1.144613007e-06,6.467009379e-02,3.316589104e+01,2.476983471e-02,6.404690e-17,2.909220e-18,1.592051e-18,6.913181e-03
5.970000,6.692438099e-02,1.069885254e-01,5.719354521e-02,5.346875283e-02,1.131751649e-06,6.430937447e-02,3.317327241e+01,2.450681105e-02,7.871299e-16,7.102972e-18,1.305579e-18,6.965521e-03
5.980000,6.656799582e-02,1.064182604e-01,5.689016282e-02,5.318402601e-02,1.119038666e-06,6.395066636e-02,3.318062636e+01,2.424657031e-02,7.155373e-17,1.289426e-17,7.667472e-19,6.953021e-03
5.990000,6.621349589e-02,1.058510204e-01,5.658836650e-02,5.290080530e-02,1.106472107e-06,6.359395920e-02,3.318795290e+01,2.398908323e-02,4.577708e-16,4.074062e-18,7.702176e-19,6.956321e-03
6.000000,6.586087144e-02,1.052867897e-01,5.628814831e-02,5.261908289e-02,1.094050056e-06,6.323924275e-02,3.319525206e+01,2.373432090e-02,1.153461e-16,6.992894e-18,1.954430e-18,6.986311e-03
6.010000,6.551011274e-02,1.047255526e-01,5.598950037e-02,5.233885101e-02,1.081770637e-06,6.288650676e-02,3.320252384e+01,2.348225469e-02,4.594899e-16,5.854692e-18,8.673443e-19,6.960991e-03
6.020000,6.516121010e-02,1.041672934e-01,5.569241483e-02,5.206010194e-02,1.069632003e-06,6.253574103e-02,3.320976827e+01,2.323285626e-02,2.221656e-16,6.377469e-18,1.758432e-18,6.925081e-03
6.030000,6.481415389e-02,1.036119964e-01,5.539688385e-02,5.178282797e-02,1.057632347e-06,6.218693537e-02,3.321698536e+01,2.298609756e-02,4.166328e-17,7.059813e-18,1.526592e-18,6.953351e-03
6.040000,6.446893454e-02,1.030596463e-01,5.510289966e-02,5.150702146e-02,1.045769890e-06,6.184007958e-02,3.322417513e+01,2.274195086e-02,1.115345e-16,1.280644e-17,1.319279e-18,6.921501e-03
6.050000,6.412554249e-02,1.025102275e-01,5.481045449e-02,5.123267478e-02,1.034042887e-06,6.149516353e-02,3.323133760e+01,2.250038869e-02,7.288363e-17,8.101827e-18,8.721559e-19,6.922811e-03
6.060000,6.378396827e-02,1.019637248e-01,5.451954063e-02,5.095978036e-02,1.022449624e-06,6.115217708e-02,3.323847280e+01,2.226138388e-02,7.777226e-16,1.721800e-17,4.359346e-19,6.968500e-03
6.070000,6.344420243e-02,1.014201228e-01,5.423015039e-02,5.068833064e-02,1.010988418e-06,6.081111014e-02,3.324558074e+01,2.202490952e-02,5.552975e-16,1.900789e-17,1.135592e-18,6.963381e-03
6.080000,6.310623556e-02,1.008794064e-01,5.394227611e-02,5.041831813e-02,9.996576127e-07,6.047195260e-02,3.325266147e+01,2.179093901e-02,5.204758e-17,1.016147e-17,1.324800e-18,6.988061e-03
6.090000,6.277005831e-02,1.003415605e-01,5.365591017e-02,5.014973534e-02,9.884555818e-07,6.013469444e-02,3.325971499e+01,2.155944600e-02,1.152786e-16,1.549765e-17,1.525091e-18,6.969891e-03
6.100000,6.243566138e-02,9.980656991e-02,5.337104498e-02,4.988257486e-02,9.773807271e-07,5.979932562e-02,3.326674134e+01,2.133040443e-02,3.373980e-16,1.226635e-18,1.188259e-18,6.977641e-03
6.110000,6.210303551e-02,9.927441978e-02,5.308767299e-02,4.961682927e-02,9.664314753e-07,5.946583615e-02,3.327374055e+01,2.110378850e-02,8.926129e-16,3.252607e-18,8.808348e-19,6.953561e-03
6.120000,6.177217148e-02,9.874509520e-02,5.280578667e-02,4.935249123e-02,9.556062813e-07,5.913421606e-02,3.328071264e+01,2.087957268e-02,4.508166e-16,1.346508e-17,5.855947e-19,6.925061e-03
6.130000,6.144306012e-02,9.821858136e-02,5.252537854e-02,4.908955340e-02,9.449036240e-07,5.880445542e-02,3.328765765e+01,2.065773172e-02,2.242358e-16,6.013169e-18,2.687105e-19,6.932191e-03
6.140000,6.111569231e-02,9.769486350e-02,5.224644114e-02,4.882800849e-02,9.343220077e-07,5.847654432e-02,3.329457561e+01,2.043824062e-02,1.444625e-15,1.222219e-17,8.744104e-19,6.925391e-03
6.150000,6.079005896e-02,9.717392696e-02,5.196896704e-02,4.856784925e-02,9.238599595e-07,5.815047291e-02,3.330146655e+01,2.022107462e-02,7.846870e-16,5.364336e-18,6.197138e-19,6.945041e-03
6.160000,6.046615105e-02,9.665575716e-02,5.169294886e-02,4.830906847e-02,9.135160318e-07,5.782623134e-02,3.330833051e+01,2.000620926e-02,2.504859e-17,7.833314e-18,6.732452e-19,6.917591e-03
6.170000,6.014395957e-02,9.614033957e-02,5.141837923e-02,4.805165897e-02,9.032887979e-07,5.750380981e-02,3.331516752e+01,1.979362031e-02,8.897040e-16,1.144334e-17,1.517887e-18,6.923981e-03
6.180000,5.982347559e-02,9.562765974e-02,5.114525084e-02,4.779561359e-02,8.931768550e-07,5.718319856e-02,3.332197762e+01,1.958328378e-02,2.230231e-16,4.165369e-18,6.900178e-19,6.924891e-03
6.190000,5.950469021e-02,9.511770331e-02,5.087355639e-02,4.754092523e-02,8.831788215e-07,5.686438785e-02,3.332876085e+01,1.937517595e-02,8.969785e-16,1.769609e-17,1.540599e-18,6.942211e-03
6.200000,5.918759455e-02,9.461045597e-02,5.060328861e-02,4.728758681e-02,8.732933365e-07,5.654736799e-02,3.333551724e+01,1.916927334e-02,2.221534e-16,5.434006e-18,7.288967e-19,6.909991e-03
6.210000,5.887217982e-02,9.410590350e-02,5.033444029e-02,4.703559129e-02,8.635190592e-07,5.623212932e-02,3.334224683e+01,1.896555273e-02,2.399994e-16,1.684112e-17,1.188595e-18,6.929081e-03
6.220000,5.855843724e-02,9.360403174e-02,5.006700423e-02,4.678493166e-02,8.538546701e-07,5.591866223e-02,3.334894966e+01,1.876399111e-02,8.886186e-17,6.523258e-18,4.356966e-19,6.924602e-03
6.230000,5.824635808e-02,9.310482661e-02,4.980097326e-02,4.653560096e-02,8.442988688e-07,5.560695712e-02,3.335562577e+01,1.856456573e-02,1.000958e-15,5.485677e-18,6.746260e-19,6.922841e-03
6.240000,5.793593367e-02,9.260827410e-02,4.953634025e-02,4.628759225e-02,8.348503743e-07,5.529700446e-02,3.336227521e+01,1.836725408e-02,6.690551e-16,8.848046e-18,2.209204e-18,6.927001e-03
6.250000,5.762715536e-02,9.211436026e-02,4.927309811e-02,4.604089862e-02,8.255079237e-07,5.498879474e-02,3.336889802e+01,1.817203387e-02,4.472392e-16,1.474515e-17,7.213116e-19,6.953420e-03
6.260000,5.732001455e-02,9.162307123e-02,4.901123977e-02,4.579551321e-02,8.162702735e-07,5.468231848e-02,3.337549425e+01,1.797888306e-02,2.230194e-16,1.009881e-17,4.352964e-19,6.919191e-03
6.270000,5.701450269e-02,9.113439321e-02,4.875075820e-02,4.555142919e-02,8.071361966e-07,5.437756627e-02,3.338206392e+01,1.778777982e-02,3.332329e-16,3.529907e-18,2.314188e-19,6.992281e-03
6.280000,5.671061126e-02,9.064831246e-02,4.849164638e-02,4.530863975e-02,7.981044859e-07,5.407452872e-02,3.338860710e+01,1.759870258e-02,8.328719e-17,6.605630e-18,1.043581e-18,6.949172e-03
6.290000,5.640833181e-02,9.016481534e-02,4.823389736e-02,4.506713813e-02,7.891739483e-07,5.377319647e-02,3.339512383e+01,1.741162995e-02,8.947762e-16,8.741117e-18,1.520442e-18,6.965350e-03
6.300000,5.610765590e-02,8.968388824e-02,4.797750419e-02,4.482691760e-02,7.803434090e-07,5.347356022e-02,3.340161415e+01,1.722654079e-02,7.777773e-16,4.570398e-18,2.170778e-18,6.942921e-03
6.310000,5.580857515e-02,8.920551765e-02,4.772245997e-02,4.458797146e-02,7.716117089e-07,5.317561070e-02,3.340807812e+01,1.704341419e-02,6.686686e-16,1.872659e-17,2.612055e-18,6.917401e-03
6.320000,5.551108121e-02,8.872969011e-02,4.746875782e-02,4.435029305e-02,7.629777062e-07,5.287933869e-02,3.341451578e+01,1.686222944e-02,7.786743e-16,9.890040e-18,2.279608e-19,6.983321e-03
6.330000,5.521516578e-02,8.825639225e-02,4.721639089e-02,4.411387573e-02,7.544402739e-07,5.258473500e-02,3.342092717e+01,1.668296605e-02,5.667985e-16,1.334053e-17,4.428641e-19,6.950541e-03
6.340000,5.492082061e-02,8.778561075e-02,4.696535238e-02,4.387871291e-02,7.459982997e-07,5.229179048e-02,3.342731236e+01,1.650560374e-02,4.498159e-16,3.786955e-18,1.048151e-18,6.928881e-03
6.350000,5.462803747e-02,8.731733236e-02,4.671563551e-02,4.364479802e-02,7.376506881e-07,5.200049604e-02,3.343367139e+01,1.633012246e-02,3.441804e-16,8.125732e-18,1.071100e-19,6.920711e-03
6.360000,5.433680820e-02,8.685154390e-02,4.646723351e-02,4.341212453e-02,7.293963568e-07,5.171084260e-02,3.344000431e+01,1.615650235e-02,2.471207e-16,6.605630e-18,7.447381e-19,6.937501e-03
6.370000,5.404712464e-02,8.638823226e-02,4.622013968e-02,4.318068594e-02,7.212342375e-07,5.142282116e-02,3.344631118e+01,1.598472377e-02,8.613562e-17,6.887884e-18,1.746870e-18,6.939001e-03
6.380000,5.375897871e-02,8.592738440e-02,4.597434733e-02,4.295047579e-02,7.131632783e-07,5.113642273e-02,3.345259205e+01,1.581476727e-02,2.406335e-16,7.309324e-18,5.836396e-19,6.960781e-03
6.390000,5.347236236e-02,8.546898733e-02,4.572984980e-02,4.272148763e-02,7.051824389e-07,5.085163837e-02,3.345884697e+01,1.564661363e-02,1.241760e-16,6.149443e-18,1.952728e-18,6.937171e-03
6.400000,5.318726756e-02,8.501302815e-02,4.548664045e-02,4.249371508e-02,6.972906927e-07,5.056845919e-02,3.346507599e+01,1.548024380e-02,2.259151e-16,9.381952e-18,4.690467e-19,6.945671e-03
6.410000,5.290368635e-02,8.455949400e-02,4.524471271e-02,4.226715174e-02,6.894870290e-07,5.028687634e-02,3.347127918e+01,1.531563895e-02,3.570740e-16,9.154288e-18,1.301597e-18,6.918751e-03
6.420000,5.262161080e-02,8.410837212e-02,4.500406000e-02,4.204179130e-02,6.817704475e-07,5.000688100e-02,3.347745658e+01,1.515278044e-02,2.343476e-16,6.505213e-18,1.571081e-18,6.928091e-03
6.430000,5.234103300e-02,8.365964978e-02,4.476467580e-02,4.181762745e-02,6.741399613e-07,4.972846441e-02,3.348360825e+01,1.499164982e-02,4.479914e-16,4.987330e-18,1.533382e-18,6.939341e-03
6.440000,5.206194510e-02,8.321331434e-02,4.452655359e-02,4.159465390e-02,6.665945966e-07,4.945161784e-02,3.348973426e+01,1.483222885e-02,7.797648e-16,1.578362e-17,1.087967e-18,6.979151e-03
6.450000,5.178433929e-02,8.276935321e-02,4.428968690e-02,4.137286442e-02,6.591333918e-07,4.917633261e-02,3.349583465e+01,1.467449947e-02,5.576341e-16,4.370559e-18,1.741718e-18,6.982931e-03
6.460000,5.150820781e-02,8.232775387e-02,4.405406929e-02,4.115225280e-02,6.517553970e-07,4.890260006e-02,3.350190948e+01,1.451844379e-02,3.465695e-16,2.622335e-18,6.139189e-19,6.984291e-03
6.470000,5.123354290e-02,8.188850386e-02,4.381969436e-02,4.093281285e-02,6.444596750e-07,4.863041160e-02,3.350795882e+01,1.436404415e-02,1.029792e-16,5.364336e-18,1.096444e-19,6.982960e-03
6.480000,5.096033687e-02,8.145159080e-02,4.358655571e-02,4.071453843e-02,6.372453003e-07,4.835975868e-02,3.351398272e+01,1.421128304e-02,1.437319e-16,1.241873e-17,1.426473e-18,6.969181e-03
6.490000,5.068858207e-02,8.101700236e-02,4.335464699e-02,4.049742343e-02,6.301113585e-07,4.809063276e-02,3.351998124e+01,1.406014314e-02,3.263935e-17,9.205509e-18,5.623243e-19,6.947170e-03
6.500000,5.041827088e-02,8.058472626e-02,4.312396189e-02,4.028146175e-02,6.230569451e-07,4.782302538e-02,3.352595444e+01,1.391060733e-02,2.322787e-16,1.817454e-18,2.200810e-19,6.974881e-03
6.510000,5.014939571e-02,8.015475032e-02,4.289449410e-02,4.006664734e-02,6.160811691e-07,4.755692810e-02,3.353190239e+01,1.376265865e-02,4.473340e-16,1.140476e-17,7.704724e-19,7.002531e-03
6.520000,4.988194904e-02,7.972706239e-02,4.266623738e-02,3.985297417e-02,6.091831490e-07,4.729233252e-02,3.353782513e+01,1.361628031e-02,1.241275e-16,6.777781e-18,5.433880e-19,6.965350e-03
6.530000,4.961592334e-02,7.930165039e-02,4.243918547e-02,3.964043626e-02,6.023620149e-07,4.702923031e-02,3.354372274e+01,1.347145573e-02,6.715362e-16,1.078332e-17,9.191693e-19,6.968621e-03
6.540000,4.935131116e-02,7.887850232e-02,4.221333219e-02,3.942902763e-02,5.956169074e-07,4.676761314e-02,3.354959528e+01,1.332816847e-02,2.238017e-16,6.111093e-18,2.979490e-19,6.958601e-03
6.550000,4.908810507e-02,7.845760621e-02,4.198867136e-02,3.921874235e-02,5.889469766e-07,4.650747275e-02,3.355544281e+01,1.318640228e-02,3.457362e-16,1.626303e-18,7.815252e-19,6.958660e-03
6.560000,4.882629768e-02,7.803895018e-02,4.176519683e-02,3.900957452e-02,5.823513834e-07,4.624880092e-02,3.356126539e+01,1.304614107e-02,3.411412e-16,4.336809e-18,1.097024e-18,6.986971e-03
6.570000,4.856588164e-02,7.762252240e-02,4.154290248e-02,3.880151827e-02,5.758292992e-07,4.599158946e-02,3.356706308e+01,1.290736894e-02,7.791363e-16,7.914676e-18,1.330896e-18,6.944051e-03
6.580000,4.830684962e-02,7.720831109e-02,4.132178224e-02,3.859456776e-02,5.693799039e-07,4.573583021e-02,3.357283596e+01,1.277007013e-02,4.445791e-16,1.005038e-17,7.940231e-19,6.941231e-03
6.590000,4.804919437e-02,7.679630456e-02,4.110183003e-02,3.838871716e-02,5.630023880e-07,4.548151509e-02,3.357858407e+01,1.263422906e-02,2.646408e-16,1.060747e-17,2.077664e-18,6.996951e-03
6.600000,4.779290862e-02,7.638649116e-02,4.088303985e-02,3.818396069e-02,5.566959525e-07,4.522863603e-02,3.358430750e+01,1.249983031e-02,2.270083e-16,4.755682e-18,7.727500e-19,6.985581e-03
6.610000,4.753798519e-02,7.597885929e-02,4.066540567e-02,3.798029260e-02,5.504598065e-07,4.497718500e-02,3.359000630e+01,1.236685862e-02,2.225456e-16,3.496447e-18,2.495935e-19,6.989921e-03
6.620000,4.728441690e-02,7.557339743e-02,4.044892155e-02,3.777770717e-02,5.442931688e-07,4.472715403e-02,3.359568053e+01,1.223529890e-02,2.303546e-16,1.545663e-17,7.967473e-19,6.971291e-03
6.630000,4.703219662e-02,7.517009412e-02,4.023358152e-02,3.757619869e-02,5.381952673e-07,4.447853518e-02,3.360133027e+01,1.210513621e-02,1.483862e-17,6.523258e-18,7.589463e-19,7.012171e-03
6.640000,4.678131725e-02,7.476893794e-02,4.001937969e-02,3.737576150e-02,5.321653392e-07,4.423132054e-02,3.360695559e+01,1.197635576e-02,3.565276e-16,5.898698e-18,1.740931e-18,6.960581e-03
6.650000,4.653177175e-02,7.436991754e-02,3.980631016e-02,3.717638996e-02,5.262026314e-07,4.398550225e-02,3.361255653e+01,1.184894293e-02,5.659389e-16,6.209365e-18,4.656108e-19,6.974491e-03
6.660000,4.628355308e-02,7.397302164e-02,3.959436707e-02,3.697807846e-02,5.203063964e-07,4.374107250e-02,3.361813319e+01,1.172288325e-02,4.458818e-16,3.471141e-18,3.550722e-19,6.972880e-03
6.670000,4.603665427e-02,7.357823900e-02,3.938354461e-02,3.678082142e-02,5.144758989e-07,4.349802351e-02,3.362368561e+01,1.159816239e-02,1.705741e-16,6.857954e-18,1.922975e-19,6.994760e-03
6.680000,4.579106836e-02,7.318555844e-02,3.917383696e-02,3.658461329e-02,5.087104103e-07,4.325634753e-02,3.362921387e+01,1.147476619e-02,2.521618e-16,5.169041e-18,7.687309e-19,6.942741e-03
6.690000,4.554678843e-02,7.279496886e-02,3.896523836e-02,3.638944854e-02,5.030092107e-07,4.301603688e-02,3.363471804e+01,1.135268062e-02,1.112049e-15,8.741117e-18,1.212713e-19,6.973801e-03
6.700000,4.530380760e-02,7.240645918e-02,3.875774307e-02,3.619532167e-02,4.973715890e-07,4.277708387e-02,3.364019819e+01,1.123189181e-02,4.452321e-16,5.294860e-18,1.647964e-18,6.959551e-03
6.710000,4.506211904e-02,7.202001842e-02,3.855134535e-02,3.600222723e-02,4.917968405e-07,4.253948091e-02,3.364565437e+01,1.111238604e-02,7.807137e-17,6.694016e-18,6.545409e-19,6.989851e-03
6.720000,4.482171594e-02,7.163563562e-02,3.834603954e-02,3.581015976e-02,4.862842710e-07,4.230322039e-02,3.365108667e+01,1.099414971e-02,5.776005e-16,9.472354e-18,4.086972e-19,6.977231e-03
6.730000,4.458259150e-02,7.125329990e-02,3.814181996e-02,3.561911386e-02,4.808331923e-07,4.206829479e-02,3.365649515e+01,1.087716939e-02,2.671335e-16,3.878960e-18,5.421090e-19,6.984811e-03
6.740000,4.434473901e-02,7.087300042e-02,3.793868098e-02,3.542908414e-02,4.754429254e-07,4.183469660e-02,3.366187988e+01,1.076143178e-02,4.455820e-16,3.604055e-18,1.857415e-18,7.004321e-03
6.750000,4.410815175e-02,7.049472642e-02,3.773661700e-02,3.524006525e-02,4.701127969e-07,4.160241835e-02,3.366724093e+01,1.064692372e-02,6.671300e-16,6.436181e-18,1.090144e-18,6.999061e-03
6.760000,4.387282305e-02,7.011846717e-02,3.753562243e-02,3.505205185e-02,4.648421434e-07,4.137145262e-02,3.367257838e+01,1.053363219e-02,6.661917e-16,2.105140e-18,1.345235e-19,6.991840e-03
6.770000,4.363874628e-02,6.974421200e-02,3.733569173e-02,3.486503865e-02,4.596303078e-07,4.114179201e-02,3.367789228e+01,1.042154430e-02,5.725257e-17,1.041342e-17,1.460205e-19,6.993531e-03
6.780000,4.340591483e-02,6.937195032e-02,3.713681936e-02,3.467902036e-02,4.544766403e-07,4.091342919e-02,3.368318271e+01,1.031064730e-02,2.321227e-16,4.358439e-18,6.655605e-19,6.928791e-03
6.790000,4.317432213e-02,6.900167156e-02,3.693899984e-02,3.449399175e-02,4.493804988e-07,4.068635684e-02,3.368844974e+01,1.020092859e-02,2.482800e-16,4.470280e-18,6.674734e-19,6.987931e-03
6.800000,4.294396165e-02,6.863336523e-02,3.674222769e-02,3.430994759e-02,4.443412479e-07,4.046056768e-02,3.369369345e+01,1.009237568e-02,2.330537e-16,5.205300e-18,3.293942e-19,6.954021e-03
6.810000,4.271482689e-02,6.826702088e-02,3.654649747e-02,3.412688269e-02,4.393582598e-07,4.023605448e-02,3.369891389e+01,9.984976216e-03,2.376572e-16,3.223565e-18,6.559106e-19,6.967300e-03
6.820000,4.248691138e-02,6.790262813e-02,3.635180376e-02,3.394479187e-02,4.344309137e-07,4.001281005e-02,3.370411116e+01,9.878717983e-03,4.178365e-17,2.710505e-18,3.718449e-19,6.941751e-03
6.830000,4.226020869e-02,6.754017664e-02,3.615814117e-02,3.376367001e-02,4.295585951e-07,3.979082722e-02,3.370928530e+01,9.773588888e-03,7.788967e-16,2.474737e-18,4.287543e-19,6.959151e-03
6.840000,4.203471240e-02,6.717965612e-02,3.596550433e-02,3.358351198e-02,4.247406972e-07,3.957009888e-02,3.371443641e+01,9.669576969e-03,2.245370e-16,3.302815e-18,2.171815e-19,6.938131e-03
6.850000,4.181041617e-02,6.682105636e-02,3.577388791e-02,3.340431270e-02,4.199766190e-07,3.935061793e-02,3.371956454e+01,9.566670386e-03,2.330501e-16,4.271261e-18,4.336832e-19,6.954701e-03
6.860000,4.158731364e-02,6.646436717e-02,3.558328659e-02,3.322606711e-02,4.152657669e-07,3.913237733e-02,3.372466978e+01,9.464857426e-03,2.274278e-16,1.578622e-18,1.087977e-18,6.997901e-03
6.870000,4.136539852e-02,6.610957843e-02,3.539369510e-02,3.304877016e-02,4.106075540e-07,3.891537007e-02,3.372975219e+01,9.364126501e-03,2.225947e-16,4.848700e-19,3.269145e-19,6.941301e-03
6.880000,4.114466453e-02,6.575668007e-02,3.520510816e-02,3.287241686e-02,4.060013992e-07,3.869958917e-02,3.373481184e+01,9.264466142e-03,2.262407e-16,1.999170e-18,1.663682e-19,6.965710e-03
6.890000,4.092510544e-02,6.540566209e-02,3.501752055e-02,3.269700221e-02,4.014467283e-07,3.848502770e-02,3.373984882e+01,9.165865002e-03,1.110226e-16,5.597046e-18,2.783522e-19,6.940521e-03
6.900000,4.070671504e-02,6.505651450e-02,3.483092706e-02,3.252252126e-02,3.969429728e-07,3.827167876e-02,3.374486318e+01,9.068311856e-03,2.381658e-16,2.744981e-18,8.977226e-20,6.929451e-03
6.910000,4.048948716e-02,6.470922740e-02,3.464532251e-02,3.234896908e-02,3.924895723e-07,3.805953547e-02,3.374985501e+01,8.971795592e-03,2.293107e-16,1.105674e-17,6.634805e-19,6.930971e-03
6.920000,4.027341566e-02,6.436379093e-02,3.446070174e-02,3.217634076e-02,3.880859691e-07,3.784859102e-02,3.375482438e+01,8.876305221e-03,2.288788e-16,4.316432e-18,1.913067e-19,6.995920e-03
6.930000,4.005849442e-02,6.402019528e-02,3.427705962e-02,3.200463142e-02,3.837316153e-07,3.763883861e-02,3.375977135e+01,8.781829866e-03,4.681344e-16,4.142731e-18,9.802745e-19,6.965741e-03
6.940000,3.984471736e-02,6.367843069e-02,3.409439104e-02,3.183383619e-02,3.794259670e-07,3.743027149e-02,3.376469601e+01,8.688358766e-03,2.231874e-16,2.235140e-18,4.872756e-19,6.965881e-03
6.950000,3.963207844e-02,6.333848745e-02,3.391269093e-02,3.166395026e-02,3.751684859e-07,3.722288293e-02,3.376959842e+01,8.595881273e-03,1.206454e-16,5.141679e-18,1.829163e-19,6.929821e-03
6.960000,3.942057165e-02,6.300035591e-02,3.373195422e-02,3.149496881e-02,3.709586415e-07,3.701666624e-02,3.377447867e+01,8.504386853e-03,2.359502e-16,3.345691e-18,4.915158e-19,6.932191e-03
6.970000,3.921019099e-02,6.266402646e-02,3.355217590e-02,3.132688707e-02,3.667959076e-07,3.681161478e-02,3.377933682e+01,8.413865081e-03,2.607440e-16,1.422951e-18,1.302749e-19,6.936141e-03
6.980000,3.900093051e-02,6.232948954e-02,3.337335095e-02,3.115970027e-02,3.626797642e-07,3.660772194e-02,3.378417295e+01,8.324305643e-03,2.234504e-16,1.110990e-17,2.119237e-20,6.968981e-03
6.990000,3.879278429e-02,6.199673564e-02,3.319547440e-02,3.099340368e-02,3.586096966e-07,3.640498113e-02,3.378898712e+01,8.235698334e-03,2.441527e-16,2.171113e-18,4.425530e-19,6.979231e-03
7.000000,3.858574644e-02,6.166575532e-02,3.301854129e-02,3.082799260e-02,3.545851965e-07,3.620338581e-02,3.379377943e+01,8.148033055e-03,7.796307e-16,4.433645e-18,4.503638e-19,7.006350e-03
7.010000,3.837981109e-02,6.133653916e-02,3.284254669e-02,3.066346234e-02,3.506057607e-07,3.600292947e-02,3.379854993e+01,8.061299817e-03,2.273560e-16,7.492967e-18,1.101159e-19,6.966831e-03
7.020000,3.817497242e-02,6.100907780e-02,3.266748569e-02,3.049980824e-02,3.466708907e-07,3.580360564e-02,3.380329870e+01,7.975488733e-03,3.424947e-16,9.087270e-19,3.343233e-19,6.955151e-03
7.030000,3.797122461e-02,6.068336194e-02,3.249335341e-02,3.033702567e-02,3.427800953e-07,3.560540787e-02,3.380802583e+01,7.890590022e-03,8.946487e-16,5.596258e-18,1.353112e-19,6.987650e-03
7.040000,3.776856191e-02,6.035938232e-02,3.232014501e-02,3.017511002e-02,3.389328861e-07,3.540832976e-02,3.381273137e+01,7.806594006e-03,4.555465e-16,8.673617e-19,4.336895e-19,6.997651e-03
7.050000,3.756697856e-02,6.003712972e-02,3.214785563e-02,3.001405670e-02,3.351287830e-07,3.521236493e-02,3.381741541e+01,7.723491109e-03,4.542262e-16,1.309373e-17,8.676794e-20,6.999091e-03
7.060000,3.736646886e-02,5.971659497e-02,3.197648048e-02,2.985386115e-02,3.313673085e-07,3.501750706e-02,3.382207802e+01,7.641271857e-03,6.948856e-17,6.118782e-18,3.703858e-19,6.999560e-03
7.070000,3.716702712e-02,5.939776897e-02,3.180601477e-02,2.969451882e-02,3.276479919e-07,3.482374983e-02,3.382671927e+01,7.559926875e-03,2.242157e-16,2.086209e-18,4.702224e-19,6.989171e-03
7.080000,3.696864770e-02,5.908064264e-02,3.163645375e-02,2.953602521e-02,3.239703671e-07,3.463108697e-02,3.383133924e+01,7.479446886e-03,1.144517e-16,5.724752e-18,1.301043e-18,6.976571e-03
7.090000,3.677132496e-02,5.876520697e-02,3.146779266e-02,2.937837582e-02,3.203339724e-07,3.443951226e-02,3.383593801e+01,7.399822714e-03,4.508154e-16,6.942281e-19,3.261218e-19,6.966900e-03
7.100000,3.657505332e-02,5.845145298e-02,3.130002681e-02,2.922156618e-02,3.167383521e-07,3.424901948e-02,3.384051564e+01,7.321045278e-03,1.582424e-16,2.436441e-18,4.109381e-19,6.972101e-03
7.110000,3.637982720e-02,5.813937174e-02,3.113315150e-02,2.906559184e-02,3.131830549e-07,3.405960247e-02,3.384507222e+01,7.243105593e-03,5.601452e-16,8.673617e-18,6.505278e-19,6.980520e-03
7.120000,3.618564108e-02,5.782895438e-02,3.096716207e-02,2.891044838e-02,3.096676347e-07,3.387125509e-02,3.384960781e+01,7.165994769e-03,2.297496e-16,2.776912e-18,2.792562e-21,7.065960e-03
7.130000,3.599248944e-02,5.752019206e-02,3.080205387e-02,2.875613141e-02,3.061916504e-07,3.368397123e-02,3.385412249e+01,7.089704010e-03,4.482221e-16,4.336809e-19,1.627591e-18,6.990260e-03
7.140000,3.580036682e-02,5.721307599e-02,3.063782229e-02,2.860263654e-02,3.027546653e-07,3.349774484e-02,3.385861634e+01,7.014224613e-03,2.259149e-16,2.248903e-18,3.823805e-19,7.008671e-03
7.150000,3.560926774e-02,5.690759744e-02,3.047446273e-02,2.844995942e-02,2.993562468e-07,3.331256986e-02,3.386308943e+01,6.939547968e-03,4.494800e-16,5.944603e-18,4.419045e-19,6.997871e-03
7.160000,3.541918681e-02,5.660374770e-02,3.031197062e-02,2.829809572e-02,2.959959680e-07,3.312844030e-02,3.386754184e+01,6.865665553e-03,4.477611e-16,6.087001e-18,1.000281e-19,7.005371e-03
7.170000,3.523011861e-02,5.630151813e-02,3.015034140e-02,2.814704113e-02,2.926734065e-07,3.294535018e-02,3.387197363e+01,6.792568939e-03,1.256837e-16,7.728316e-18,7.074496e-19,7.000591e-03
7.180000,3.504205779e-02,5.600090013e-02,2.998957056e-02,2.799679136e-02,2.893881445e-07,3.276329356e-02,3.387638489e+01,6.720249786e-03,2.613913e-16,2.212012e-18,2.692508e-19,6.981561e-03
7.190000,3.485499901e-02,5.570188513e-02,2.982965359e-02,2.784734216e-02,2.861397690e-07,3.258226454e-02,3.388077568e+01,6.648699840e-03,5.552850e-16,7.107109e-18,2.135987e-19,6.926121e-03
7.200000,3.466893695e-02,5.540446463e-02,2.967058601e-02,2.769868927e-02,2.829278695e-07,3.240225724e-02,3.388514609e+01,6.577910936e-03,3.337188e-16,2.171113e-18,2.741948e-19,6.942491e-03
7.210000,3.448386635e-02,5.510863014e-02,2.951236336e-02,2.755082848e-02,2.797520428e-07,3.222326582e-02,3.388949619e+01,6.507874995e-03,6.765778e-17,4.353379e-18,2.764764e-19,6.929800e-03
7.220000,3.429978193e-02,5.481437326e-02,2.935498120e-02,2.740375559e-02,2.766118876e-07,3.204528446e-02,3.389382605e+01,6.438584024e-03,1.864815e-16,5.638894e-18,5.972608e-19,6.971181e-03
7.230000,3.411667848e-02,5.452168559e-02,2.919843513e-02,2.725746642e-02,2.735070088e-07,3.186830738e-02,3.389813575e+01,6.370030113e-03,4.480298e-16,8.727827e-18,8.135034e-19,6.947821e-03
7.240000,3.393455080e-02,5.423055880e-02,2.904272074e-02,2.711195682e-02,2.704370150e-07,3.169232884e-02,3.390242536e+01,6.302205437e-03,2.207708e-16,1.788934e-18,1.720644e-19,6.958341e-03
7.250000,3.375339370e-02,5.394098460e-02,2.888783368e-02,2.696722266e-02,2.674015178e-07,3.151734312e-02,3.390669496e+01,6.235102253e-03,8.448910e-17,6.095685e-18,5.430628e-19,6.954451e-03
7.260000,3.357320206e-02,5.365295473e-02,2.873376960e-02,2.682325983e-02,2.644001350e-07,3.134334453e-02,3.391094462e+01,6.168712900e-03,2.240183e-16,7.112895e-18,1.638148e-19,6.923611e-03
7.270000,3.339397074e-02,5.336646100e-02,2.858052417e-02,2.668006423e-02,2.614324875e-07,3.117032742e-02,3.391517441e+01,6.103029799e-03,2.307764e-16,3.142784e-18,4.417354e-19,6.941171e-03
7.280000,3.321569465e-02,5.308149524e-02,2.842809309e-02,2.653763180e-02,2.584982007e-07,3.099828617e-02,3.391938441e+01,6.038045449e-03,7.865263e-16,7.273049e-18,2.204010e-19,6.933151e-03
7.290000,3.303836874e-02,5.279804933e-02,2.827647208e-02,2.639595849e-02,2.555969026e-07,3.082721517e-02,3.392357469e+01,5.973752432e-03,7.796635e-16,5.244670e-18,1.240935e-19,6.952791e-03
7.300000,3.286198795e-02,5.251611518e-02,2.812565688e-02,2.625504027e-02,2.527282268e-07,3.065710888e-02,3.392774534e+01,5.910143405e-03,2.225867e-16,7.006329e-18,1.127104e-19,6.935960e-03
7.310000,3.268654729e-02,5.223568478e-02,2.797564325e-02,2.611487315e-02,2.498918116e-07,3.048796175e-02,3.393189641e+01,5.847211104e-03,4.492140e-16,4.137407e-18,4.430480e-19,6.958811e-03
7.320000,3.251204175e-02,5.195675012e-02,2.782642698e-02,2.597545313e-02,2.470872970e-07,3.031976830e-02,3.393602799e+01,5.784948342e-03,4.494278e-16,6.410789e-18,2.300697e-19,6.961201e-03
7.330000,3.233846638e-02,5.167930325e-02,2.767800388e-02,2.583677625e-02,2.443143278e-07,3.015252304e-02,3.394014015e+01,5.723348007e-03,3.608936e-16,4.735867e-18,7.205555e-20,6.962241e-03
7.340000,3.216581625e-02,5.140333627e-02,2.753036977e-02,2.569883858e-02,2.415725538e-07,2.998622054e-02,3.394423297e+01,5.662403065e-03,6.834018e-16,5.293750e-18,2.754444e-19,6.949311e-03
7.350000,3.199408645e-02,5.112884131e-02,2.738352050e-02,2.556163619e-02,2.388616274e-07,2.982085538e-02,3.394830652e+01,5.602106554e-03,3.443161e-16,4.388341e-18,2.198392e-19,6.967211e-03
7.360000,3.182327209e-02,5.085581054e-02,2.723745193e-02,2.542516517e-02,2.361812038e-07,2.965642219e-02,3.395236086e+01,5.542451586e-03,7.790209e-16,4.445229e-18,4.384691e-19,6.973480e-03
7.370000,3.165336832e-02,5.058423618e-02,2.709215997e-02,2.528942165e-02,2.335309443e-07,2.949291562e-02,3.395639609e+01,5.483431347e-03,1.058201e-16,5.006150e-18,2.767179e-19,6.949641e-03
7.380000,3.148437030e-02,5.031411049e-02,2.694764052e-02,2.515440177e-02,2.309105122e-07,2.933033034e-02,3.396041226e+01,5.425039093e-03,5.626742e-16,5.202194e-18,3.429380e-19,6.921751e-03
7.390000,3.131627323e-02,5.004542575e-02,2.680388952e-02,2.502010169e-02,2.283195756e-07,2.916866106e-02,3.396440946e+01,5.367268154e-03,2.308748e-16,1.534251e-18,1.367956e-19,6.998081e-03
7.400000,3.114907232e-02,4.977817432e-02,2.666090291e-02,2.488651758e-02,2.257578047e-07,2.900790253e-02,3.396838776e+01,5.310111930e-03,4.860475e-17,3.370195e-18,1.234272e-19,6.947241e-03
7.410000,3.098276282e-02,4.951234856e-02,2.651867668e-02,2.475364565e-02,2.232248750e-07,2.884804951e-02,3.397234722e+01,5.253563889e-03,6.687152e-16,2.045669e-18,4.880554e-19,6.941721e-03
7.420000,3.081734000e-02,4.924794090e-02,2.637720681e-02,2.462148211e-02,2.207204643e-07,2.868909679e-02,3.397628794e+01,5.197617570e-03,8.901890e-16,4.074062e-18,9.222695e-19,6.946791e-03
7.430000,3.065279915e-02,4.898494380e-02,2.623648932e-02,2.449002321e-02,2.182442542e-07,2.853103920e-02,3.398020996e+01,5.142266581e-03,2.423233e-16,9.622103e-18,2.313576e-19,6.943611e-03
7.440000,3.048913559e-02,4.872334974e-02,2.609652026e-02,2.435926520e-02,2.157959298e-07,2.837387161e-02,3.398411339e+01,5.087504595e-03,2.303543e-16,2.264530e-18,4.342283e-19,6.924791e-03
7.450000,3.032634465e-02,4.846315128e-02,2.595729566e-02,2.422920437e-02,2.133751798e-07,2.821758888e-02,3.398799827e+01,5.033325355e-03,1.148736e-16,5.002627e-18,5.966611e-19,8.624776e-03
7.460000,3.016442171e-02,4.820434098e-02,2.581881162e-02,2.409983701e-02,2.109816957e-07,2.806218593e-02,3.399186469e+01,4.979722668e-03,2.244792e-16,2.622335e-18,9.711148e-20,7.027341e-03
7.470000,3.000336216e-02,4.794691147e-02,2.568106422e-02,2.397115944e-02,2.086151731e-07,2.790765771e-02,3.399571272e+01,4.926690409e-03,3.346943e-16,1.305552e-18,1.005180e-19,6.904742e-03
7.480000,2.984316142e-02,4.769085540e-02,2.554404959e-02,2.384316799e-02,2.062753107e-07,2.775399918e-02,3.399954244e+01,4.874222515e-03,1.066571e-16,3.906514e-18,1.766644e-19,6.887540e-03
7.490000,2.968381491e-02,4.743616545e-02,2.540776385e-02,2.371585903e-02,2.039618105e-07,2.760120533e-02,3.400335391e+01,4.822312989e-03,6.418878e-17,1.764953e-18,4.642596e-19,6.904271e-03
7.500000,2.952531811e-02,4.718283438e-02,2.527220316e-02,2.358922893e-02,2.016743776e-07,2.744927121e-02,3.400714721e+01,4.770955898e-03,2.262401e-16,8.451389e-18,9.247356e-19,6.909020e-03
7.510000,2.936766650e-02,4.693085493e-02,2.513736371e-02,2.346327408e-02,1.994127199e-07,2.729819185e-02,3.401092241e+01,4.720145371e-03,1.088899e-16,9.634312e-18,1.535082e-20,6.899151e-03
7.520000,2.921085559e-02,4.668021993e-02,2.500324168e-02,2.333799089e-02,1.971765489e-07,2.714796234e-02,3.401467958e+01,4.669875599e-03,4.503337e-16,4.050914e-18,5.445163e-19,6.896310e-03
7.530000,2.905488092e-02,4.643092222e-02,2.486983329e-02,2.321337581e-02,1.949655801e-07,2.699857779e-02,3.401841881e+01,4.620140835e-03,2.298301e-16,3.129196e-18,8.772740e-20,6.935960e-03
7.540000,2.889973804e-02,4.618295468e-02,2.473713478e-02,2.308942527e-02,1.927795311e-07,2.685003333e-02,3.402214014e+01,4.570935392e-03,2.295351e-16,3.654662e-18,2.710566e-19,6.915750e-03
7.550000,2.874542253e-02,4.593631023e-02,2.460514239e-02,2.296613575e-02,1.906181231e-07,2.670232414e-02,3.402584367e+01,4.522253646e-03,2.309986e-16,1.010172e-17,3.381557e-19,6.887611e-03
7.560000,2.859193001e-02,4.569098185e-02,2.447385240e-02,2.284350374e-02,1.884810785e-07,2.655544539e-02,3.402952946e+01,4.474090029e-03,7.772826e-16,5.898698e-18,2.185234e-19,6.846141e-03
7.570000,2.843925609e-02,4.544696251e-02,2.434326111e-02,2.272152574e-02,1.863681260e-07,2.640939232e-02,3.403319759e+01,4.426439035e-03,4.632764e-16,6.394266e-18,2.238781e-19,6.887680e-03
7.580000,2.828739642e-02,4.520424526e-02,2.421336482e-02,2.260019827e-02,1.842789949e-07,2.626416016e-02,3.403684812e+01,4.379295214e-03,5.559382e-16,7.952643e-18,2.158131e-19,6.853971e-03
7.590000,2.813634669e-02,4.496282316e-02,2.408415987e-02,2.247951789e-02,1.822134175e-07,2.611974419e-02,3.404048112e+01,4.332653176e-03,6.719631e-16,3.026192e-18,4.394648e-19,6.874300e-03
7.600000,2.798610258e-02,4.472268933e-02,2.395564260e-02,2.235948115e-02,1.801711300e-07,2.597613971e-02,3.404409668e+01,4.286507586e-03,4.482586e-16,1.642709e-18,1.862135e-19,6.886211e-03
7.610000,2.783665982e-02,4.448383690e-02,2.382780938e-02,2.224008464e-02,1.781518713e-07,2.583334204e-02,3.404769486e+01,4.240853168e-03,8.500216e-17,5.495913e-18,7.615303e-19,6.901811e-03
7.620000,2.768801413e-02,4.424625905e-02,2.370065660e-02,2.212132494e-02,1.761553827e-07,2.569134655e-02,3.405127572e+01,4.195684698e-03,3.331445e-16,4.367280e-18,4.884470e-19,6.857031e-03
7.630000,2.754016130e-02,4.400994901e-02,2.357418066e-02,2.200319868e-02,1.741814088e-07,2.555014860e-02,3.405483935e+01,4.150997013e-03,4.445538e-16,3.031043e-18,7.033682e-20,6.849861e-03
7.640000,2.739309710e-02,4.377490001e-02,2.344837799e-02,2.188570248e-02,1.722296969e-07,2.540974361e-02,3.405838581e+01,4.106784999e-03,3.424930e-16,3.714975e-18,3.471346e-20,6.874731e-03
7.650000,2.724681734e-02,4.354110535e-02,2.332324504e-02,2.176883300e-02,1.702999965e-07,2.527012701e-02,3.406191518e+01,4.063043601e-03,2.081968e-17,2.185279e-18,2.196235e-19,6.910831e-03
7.660000,2.710131785e-02,4.330855836e-02,2.319877825e-02,2.165258691e-02,1.683920607e-07,2.513129425e-02,3.406542752e+01,4.019767815e-03,4.655918e-16,1.839952e-18,9.654672e-20,6.888571e-03
7.670000,2.695659448e-02,4.307725238e-02,2.307497411e-02,2.153696089e-02,1.665056444e-07,2.499324083e-02,3.406892290e+01,3.976952690e-03,2.436544e-16,7.263548e-18,3.794729e-19,6.969661e-03
7.680000,2.681264311e-02,4.284718081e-02,2.295182912e-02,2.142195164e-02,1.646405068e-07,2.485596224e-02,3.407240140e+01,3.934593328e-03,5.615606e-16,1.599198e-18,6.083363e-19,6.964151e-03
7.690000,2.666945963e-02,4.261833708e-02,2.282933979e-02,2.130755590e-02,1.627964077e-07,2.471945403e-02,3.407586309e+01,3.892684884e-03,2.339756e-16,1.709339e-18,2.710508e-19,6.946331e-03
7.700000,2.652703996e-02,4.239071465e-02,2.270750266e-02,2.119377038e-02,1.609731112e-07,2.458371177e-02,3.407930803e+01,3.851222563e-03,3.440285e-16,6.521512e-18,1.125789e-19,6.929061e-03
7.710000,2.638538004e-02,4.216430702e-02,2.258631428e-02,2.108059186e-02,1.591703827e-07,2.444873102e-02,3.408273629e+01,3.810201621e-03,4.442088e-18,5.519856e-18,1.117224e-19,6.963090e-03
7.720000,2.624447582e-02,4.193910772e-02,2.246577121e-02,2.096801710e-02,1.573879907e-07,2.431450742e-02,3.408614795e+01,3.769617366e-03,3.366636e-16,3.035766e-18,2.167544e-20,6.958530e-03
7.730000,2.610432329e-02,4.171511031e-02,2.234587004e-02,2.085604288e-02,1.556257068e-07,2.418103659e-02,3.408954308e+01,3.729465153e-03,6.723312e-16,3.549934e-18,3.983178e-19,6.966060e-03
7.740000,2.596491845e-02,4.149230840e-02,2.222660739e-02,2.074466603e-02,1.538833052e-07,2.404831421e-02,3.409292174e+01,3.689740388e-03,3.334759e-16,5.939966e-18,2.734383e-19,6.945930e-03
7.750000,2.582625733e-02,4.127069561e-02,2.210797986e-02,2.063388336e-02,1.521605605e-07,2.391633595e-02,3.409628400e+01,3.650438526e-03,1.570116e-16,1.029992e-18,5.794244e-20,6.979091e-03
7.760000,2.568833596e-02,4.105026563e-02,2.198998411e-02,2.052369170e-02,1.504572527e-07,2.378509754e-02,3.409962993e+01,3.611555069e-03,2.084033e-17,4.388341e-18,1.994239e-19,6.966071e-03
7.770000,2.555115042e-02,4.083101213e-02,2.187261678e-02,2.041408792e-02,1.487731620e-07,2.365459470e-02,3.410295961e+01,3.573085568e-03,4.469301e-16,2.135631e-18,3.533680e-19,6.968321e-03
7.780000,2.541469678e-02,4.061292887e-02,2.175587455e-02,2.030506889e-02,1.471080722e-07,2.352482320e-02,3.410627309e+01,3.535025621e-03,4.458021e-16,4.706065e-18,1.626649e-19,7.048750e-03
7.790000,2.527897116e-02,4.039600960e-02,2.163975412e-02,2.019663150e-02,1.454617690e-07,2.339577884e-02,3.410957046e+01,3.497370872e-03,2.765195e-16,1.988115e-18,2.736704e-19,6.991621e-03
7.800000,2.514396968e-02,4.018024814e-02,2.152425219e-02,2.008877266e-02,1.438340406e-07,2.326745741e-02,3.411285176e+01,3.460117011e-03,2.369990e-16,1.693578e-18,1.954780e-19,6.966791e-03
7.810000,2.500968849e-02,3.996563830e-02,2.140936549e-02,1.998148928e-02,1.422246781e-07,2.313985476e-02,3.411611709e+01,3.423259775e-03,2.323784e-16,2.613495e-18,1.405907e-19,6.950780e-03
7.820000,2.487612376e-02,3.975217396e-02,2.129509076e-02,1.987477830e-02,1.406334743e-07,2.301296674e-02,3.411936650e+01,3.386794946e-03,8.922367e-16,0.000000e+00,1.647651e-19,6.942961e-03
7.830000,2.474327168e-02,3.953984901e-02,2.118142476e-02,1.976863669e-02,1.390602237e-07,2.288678924e-02,3.412260006e+01,3.350718349e-03,4.444633e-16,3.927521e-18,5.178646e-19,6.938141e-03
7.840000,2.461112845e-02,3.932865739e-02,2.106836427e-02,1.966306140e-02,1.375047243e-07,2.276131817e-02,3.412581783e+01,3.315025856e-03,1.146558e-16,3.765554e-18,3.261184e-19,6.963470e-03
7.850000,2.447969030e-02,3.911859306e-02,2.095590608e-02,1.955804943e-02,1.359667758e-07,2.263654945e-02,3.412901990e+01,3.279713380e-03,1.111898e-16,9.266322e-18,3.290781e-20,6.949560e-03
7.860000,2.434895348e-02,3.890965000e-02,2.084404701e-02,1.945359778e-02,1.344461800e-07,2.251247905e-02,3.413220631e+01,3.244776881e-03,2.339657e-16,3.457568e-18,1.167228e-19,6.940941e-03
7.870000,2.421891426e-02,3.870182226e-02,2.073278387e-02,1.934970347e-02,1.329427407e-07,2.238910294e-02,3.413537715e+01,3.210212358e-03,2.358240e-16,3.730664e-18,1.897985e-19,6.935921e-03
7.880000,2.408956892e-02,3.849510388e-02,2.062211352e-02,1.924636353e-02,1.314562650e-07,2.226641712e-02,3.413853248e+01,3.176015855e-03,4.572442e-16,1.431188e-18,8.186815e-20,6.949900e-03
7.890000,2.396091378e-02,3.828948896e-02,2.051203280e-02,1.914357501e-02,1.299865607e-07,2.214441762e-02,3.414167236e+01,3.142183457e-03,5.605506e-16,4.358439e-18,1.380637e-19,6.938560e-03
7.900000,2.383294516e-02,3.808497161e-02,2.040253861e-02,1.904133497e-02,1.285334385e-07,2.202310049e-02,3.414479686e+01,3.108711292e-03,5.205670e-18,2.971312e-18,1.635130e-19,6.930691e-03
7.910000,2.370565940e-02,3.788154599e-02,2.029362783e-02,1.893964051e-02,1.270967113e-07,2.190246180e-02,3.414790606e+01,3.075595526e-03,1.352469e-16,1.809554e-18,1.678753e-19,6.933891e-03
7.920000,2.357905287e-02,3.767920629e-02,2.018529736e-02,1.883848870e-02,1.256761934e-07,2.178249764e-02,3.415100000e+01,3.042832368e-03,6.681641e-16,3.892573e-18,1.198293e-19,6.969400e-03
7.930000,2.345312196e-02,3.747794670e-02,2.007754414e-02,1.873787668e-02,1.242717018e-07,2.166320413e-02,3.415407877e+01,3.010418068e-03,2.252898e-16,4.887410e-18,1.360978e-19,6.921920e-03
7.940000,2.332786307e-02,3.727776149e-02,1.997036511e-02,1.863780155e-02,1.228830561e-07,2.154457742e-02,3.415714242e+01,2.978348914e-03,4.467381e-16,3.980754e-18,1.140310e-19,6.933530e-03
7.950000,2.320327262e-02,3.707864492e-02,1.986375721e-02,1.853826047e-02,1.215100759e-07,2.142661365e-02,3.416019103e+01,2.946621234e-03,2.243186e-16,3.589757e-18,2.713445e-19,6.961030e-03
7.960000,2.307934705e-02,3.688059131e-02,1.975771743e-02,1.843925058e-02,1.201525843e-07,2.130930903e-02,3.416322465e+01,2.915231396e-03,2.268598e-16,4.091337e-18,2.727730e-19,6.940551e-03
7.970000,2.295608282e-02,3.668359497e-02,1.965224275e-02,1.834076907e-02,1.188104070e-07,2.119265975e-02,3.416624336e+01,2.884175805e-03,2.293000e-16,2.691465e-18,8.395924e-20,6.992551e-03
7.980000,2.283347642e-02,3.648765029e-02,1.954733018e-02,1.824281312e-02,1.174833706e-07,2.107666204e-02,3.416924721e+01,2.853450904e-03,5.574285e-16,3.271637e-18,2.179230e-19,6.990090e-03
7.990000,2.271152434e-02,3.629275165e-02,1.944297673e-02,1.814537994e-02,1.161713031e-07,2.096131217e-02,3.417223628e+01,2.823053177e-03,2.866474e-16,4.860882e-18,7.073650e-20,7.030301e-03
8.000000,2.259022309e-02,3.609889349e-02,1.933917945e-02,1.804846673e-02,1.148740360e-07,2.084660639e-02,3.417521063e+01,2.792979141e-03,2.437768e-16,2.531095e-18,2.442652e-19,7.003750e-03
8.010000,2.246956922e-02,3.590607025e-02,1.923593537e-02,1.795207073e-02,1.135914010e-07,2.073254101e-02,3.417817032e+01,2.763225352e-03,2.243530e-16,4.817385e-18,2.168431e-19,6.990070e-03
8.020000,2.234955926e-02,3.571427642e-02,1.913324157e-02,1.785618919e-02,1.123232327e-07,2.061911235e-02,3.418111542e+01,2.733788404e-03,6.685602e-16,2.726855e-18,2.187450e-19,7.015321e-03
8.030000,2.223018981e-02,3.552350651e-02,1.903109514e-02,1.776081936e-02,1.110693678e-07,2.050631673e-02,3.418404599e+01,2.704664925e-03,1.121018e-16,7.594254e-19,4.844805e-20,6.969461e-03
8.040000,2.211145744e-02,3.533375507e-02,1.892949315e-02,1.766595852e-02,1.098296439e-07,2.039415054e-02,3.418696209e+01,2.675851580e-03,4.450948e-16,7.155940e-19,1.448153e-19,7.003451e-03
8.050000,2.199335876e-02,3.514501667e-02,1.882843274e-02,1.757160397e-02,1.086039014e-07,2.028261013e-02,3.418986380e+01,2.647345068e-03,9.143891e-17,3.916000e-18,8.257999e-20,6.980011e-03
8.060000,2.187589039e-02,3.495728590e-02,1.872791102e-02,1.747775300e-02,1.073919818e-07,2.017169193e-02,3.419275117e+01,2.619142125e-03,1.910242e-17,6.133174e-19,8.435724e-20,7.022361e-03
8.070000,2.175904899e-02,3.477055740e-02,1.862792514e-02,1.738440293e-02,1.061937280e-07,2.006139234e-02,3.419562427e+01,2.591239520e-03,6.015104e-17,2.252331e-18,1.046057e-19,6.989601e-03
8.080000,2.164283121e-02,3.458482582e-02,1.852847225e-02,1.729155110e-02,1.050089863e-07,1.995170783e-02,3.419848316e+01,2.563634058e-03,1.003289e-15,2.870578e-18,4.103622e-19,6.943091e-03
8.090000,2.152723372e-02,3.440008585e-02,1.842954953e-02,1.719919485e-02,1.038376026e-07,1.984263485e-02,3.420132790e+01,2.536322577e-03,4.470821e-16,1.520060e-18,3.328920e-19,6.968310e-03
8.100000,2.141225324e-02,3.421633220e-02,1.833115415e-02,1.710733155e-02,1.026794264e-07,1.973416989e-02,3.420415856e+01,2.509301948e-03,3.763764e-16,1.745069e-18,6.824682e-20,6.962340e-03
8.110000,2.129788646e-02,3.403355961e-02,1.823328334e-02,1.701595856e-02,1.015343075e-07,1.962630946e-02,3.420697520e+01,2.482569076e-03,3.342216e-16,2.604343e-18,6.105302e-20,7.024721e-03
8.120000,2.118413012e-02,3.385176286e-02,1.813593429e-02,1.692507327e-02,1.004020978e-07,1.951905008e-02,3.420977788e+01,2.456120899e-03,2.241104e-16,6.834398e-18,5.156943e-19,6.945030e-03
8.130000,2.107098097e-02,3.367093675e-02,1.803910424e-02,1.683467310e-02,9.928265156e-08,1.941238832e-02,3.421256666e+01,2.429954387e-03,2.309992e-16,3.059391e-18,1.558166e-19,6.964001e-03
8.140000,2.095843578e-02,3.349107609e-02,1.794279043e-02,1.674475544e-02,9.817582378e-08,1.930632073e-02,3.421534161e+01,2.404066543e-03,4.472841e-16,2.185279e-18,8.484974e-20,6.948891e-03
8.150000,2.084649132e-02,3.331217573e-02,1.784699013e-02,1.665531774e-02,9.708147159e-08,1.920084390e-02,3.421810279e+01,2.378454401e-03,5.790943e-17,5.141179e-18,5.514521e-20,6.991660e-03
8.160000,2.073514440e-02,3.313423057e-02,1.775170061e-02,1.656635744e-02,9.599945341e-08,1.909595445e-02,3.422085026e+01,2.353115027e-03,1.010679e-15,2.756865e-18,1.898442e-19,6.972651e-03
8.170000,2.062439183e-02,3.295723551e-02,1.765691916e-02,1.647787198e-02,9.492962954e-08,1.899164900e-02,3.422358409e+01,2.328045518e-03,4.476668e-16,2.494990e-18,2.727984e-19,6.982451e-03
8.180000,2.051423045e-02,3.278118547e-02,1.756264307e-02,1.638985885e-02,9.387186105e-08,1.888792421e-02,3.422630432e+01,2.303243002e-03,3.368450e-16,2.993360e-18,3.568653e-19,6.978841e-03
8.190000,2.040465711e-02,3.260607543e-02,1.746886967e-02,1.630231553e-02,9.282601217e-08,1.878477674e-02,3.422901103e+01,2.278704637e-03,3.344477e-16,3.176268e-18,1.356768e-19,6.947990e-03
8.200000,2.029566867e-02,3.243190037e-02,1.737559629e-02,1.621523951e-02,9.179194737e-08,1.868220328e-02,3.423170428e+01,2.254427612e-03,3.383211e-16,1.245948e-18,1.084497e-19,6.985181e-03
8.210000,2.018726202e-02,3.225865530e-02,1.728282026e-02,1.612862831e-02,9.076953282e-08,1.858020055e-02,3.423438412e+01,2.230409146e-03,8.615244e-17,3.737354e-18,9.076232e-20,6.984811e-03
8.220000,2.007943405e-02,3.208633527e-02,1.719053896e-02,1.604247944e-02,8.975863664e-08,1.847876526e-02,3.423705062e+01,2.206646487e-03,4.440970e-16,2.819056e-18,2.595775e-20,6.972210e-03
8.230000,1.997218169e-02,3.191493534e-02,1.709874974e-02,1.595679044e-02,8.875912814e-08,1.837789417e-02,3.423970384e+01,2.183136911e-03,4.549645e-16,3.035887e-18,1.169379e-19,6.966940e-03
8.240000,1.986550187e-02,3.174445061e-02,1.700745001e-02,1.587155887e-02,8.777087825e-08,1.827758404e-02,3.424234383e+01,2.159877725e-03,2.221064e-16,4.246766e-18,1.084204e-19,6.961010e-03
8.250000,1.975939154e-02,3.157487619e-02,1.691663715e-02,1.578678228e-02,8.679375931e-08,1.817783166e-02,3.424497066e+01,2.136866265e-03,8.892231e-16,2.520041e-18,6.009121e-20,6.966940e-03
8.260000,1.965384765e-02,3.140620723e-02,1.682630858e-02,1.570245826e-02,8.582764471e-08,1.807863384e-02,3.424758439e+01,2.114099893e-03,2.595740e-16,3.555440e-18,2.898524e-20,6.969851e-03
8.270000,1.954886720e-02,3.123843890e-02,1.673646173e-02,1.561858438e-02,8.487240932e-08,1.797998739e-02,3.425018508e+01,2.091576001e-03,4.443062e-16,2.345488e-18,7.617784e-20,6.961770e-03
8.280000,1.944444718e-02,3.107156641e-02,1.664709404e-02,1.553515826e-02,8.392793054e-08,1.788188916e-02,3.425277278e+01,2.069292007e-03,6.706815e-16,2.061588e-18,4.112659e-20,7.047541e-03
8.290000,1.934058460e-02,3.090558496e-02,1.655820296e-02,1.545217750e-02,8.299408543e-08,1.778433601e-02,3.425534756e+01,2.047245358e-03,2.251553e-16,3.826352e-18,6.384442e-20,7.110250e-03
8.300000,1.923727649e-02,3.074048982e-02,1.646978596e-02,1.536963973e-02,8.207075372e-08,1.768732482e-02,3.425790947e+01,2.025433528e-03,1.233623e-16,3.387156e-18,1.755112e-20,7.096020e-03
8.310000,1.913451990e-02,3.057627625e-02,1.638184052e-02,1.528754259e-02,8.115781608e-08,1.759085249e-02,3.426045857e+01,2.003854017e-03,6.676951e-16,1.684934e-18,1.037497e-19,6.923270e-03
8.320000,1.903231189e-02,3.041293955e-02,1.629436414e-02,1.520588373e-02,8.025515468e-08,1.749491594e-02,3.426299493e+01,1.982504352e-03,3.331081e-16,2.335797e-18,8.577919e-20,6.808150e-03
8.330000,1.893064954e-02,3.025047504e-02,1.620735432e-02,1.512466082e-02,7.936265297e-08,1.739951210e-02,3.426551860e+01,1.961382086e-03,1.323062e-16,1.200298e-18,3.893737e-20,6.846571e-03
8.340000,1.882952993e-02,3.008887807e-02,1.612080858e-02,1.504387153e-02,7.848019514e-08,1.730463792e-02,3.426802963e+01,1.940484799e-03,4.529760e-16,2.089068e-18,1.716611e-19,6.824461e-03
8.350000,1.872895017e-02,2.992814402e-02,1.603472446e-02,1.496351355e-02,7.760766807e-08,1.721029037e-02,3.427052809e+01,1.919810096e-03,8.911618e-16,1.684934e-18,1.364101e-19,6.858511e-03
8.360000,1.862890739e-02,2.976826829e-02,1.594909949e-02,1.488358458e-02,7.674495853e-08,1.711646645e-02,3.427301404e+01,1.899355608e-03,7.900978e-16,3.395199e-18,1.100882e-19,6.871880e-03
8.370000,1.852939872e-02,2.960924628e-02,1.586393125e-02,1.480408234e-02,7.589195484e-08,1.702316316e-02,3.427548753e+01,1.879118989e-03,2.779582e-16,1.768748e-18,3.324773e-20,6.884721e-03
8.380000,1.843042132e-02,2.945107346e-02,1.577921731e-02,1.472500455e-02,7.504854694e-08,1.693037753e-02,3.427794861e+01,1.859097921e-03,3.378439e-16,2.863531e-18,4.980288e-20,7.070830e-03
8.390000,1.833197235e-02,2.929374528e-02,1.569495524e-02,1.464634895e-02,7.421462632e-08,1.683810659e-02,3.428039736e+01,1.839290110e-03,9.575002e-18,2.563721e-18,1.909305e-19,6.835241e-03
8.400000,1.823404900e-02,2.913725725e-02,1.561114265e-02,1.456811328e-02,7.339008429e-08,1.674634741e-02,3.428283381e+01,1.819693284e-03,3.390320e-16,1.506466e-18,1.347026e-19,6.877610e-03
8.410000,1.813664846e-02,2.898160489e-02,1.552777714e-02,1.449029531e-02,7.257481560e-08,1.665509706e-02,3.428525804e+01,1.800305197e-03,6.973580e-17,2.828422e-18,9.517366e-20,6.853740e-03
8.420000,1.803976795e-02,2.882678373e-02,1.544485634e-02,1.441289282e-02,7.176871460e-08,1.656435264e-02,3.428767009e+01,1.781123628e-03,2.321189e-16,4.166273e-18,1.311002e-19,6.925491e-03
8.430000,1.794340470e-02,2.867278934e-02,1.536237788e-02,1.433590358e-02,7.097167739e-08,1.647411127e-02,3.429007003e+01,1.762146378e-03,4.465897e-16,1.423015e-18,8.238704e-20,6.885261e-03
8.440000,1.784755594e-02,2.851961731e-02,1.528033942e-02,1.425932539e-02,7.018359999e-08,1.638437006e-02,3.429245790e+01,1.743371272e-03,3.365905e-16,3.413327e-18,7.028107e-20,6.935610e-03
8.450000,1.775221894e-02,2.836726326e-02,1.519873861e-02,1.418315607e-02,6.940438185e-08,1.629512617e-02,3.429483377e+01,1.724796156e-03,2.257560e-16,1.519395e-18,1.479654e-19,6.821091e-03
8.460000,1.765739096e-02,2.821572282e-02,1.511757312e-02,1.410739343e-02,6.863392167e-08,1.620637675e-02,3.429719769e+01,1.706418903e-03,2.227910e-16,1.630815e-18,9.847875e-20,6.852441e-03
8.470000,1.756306930e-02,2.806499165e-02,1.503684064e-02,1.403203530e-02,6.787212057e-08,1.611811899e-02,3.429954971e+01,1.688237406e-03,4.497487e-16,2.926373e-18,9.644366e-20,6.836381e-03
8.480000,1.746925124e-02,2.791506543e-02,1.495653887e-02,1.395707953e-02,6.711887980e-08,1.603035009e-02,3.430188990e+01,1.670249580e-03,3.342956e-16,4.855438e-18,8.870050e-20,6.877170e-03
8.490000,1.737593412e-02,2.776593986e-02,1.487666551e-02,1.388252398e-02,6.637410284e-08,1.594306726e-02,3.430421830e+01,1.652453364e-03,1.246381e-16,2.870578e-18,6.841667e-20,6.852770e-03
8.500000,1.728311525e-02,2.761761069e-02,1.479721829e-02,1.380836650e-02,6.563769240e-08,1.585626772e-02,3.430653498e+01,1.634846717e-03,2.486427e-16,4.236113e-18,9.752543e-20,6.843680e-03
8.510000,1.719079198e-02,2.747007365e-02,1.471819493e-02,1.373460497e-02,6.490955474e-08,1.576994872e-02,3.430883998e+01,1.617427621e-03,5.785537e-17,8.381775e-19,8.313043e-20,6.864161e-03
8.520000,1.709896167e-02,2.732332452e-02,1.463959319e-02,1.366123729e-02,6.418959560e-08,1.568410753e-02,3.431113336e+01,1.600194080e-03,2.354375e-16,2.614619e-18,9.557835e-20,6.867130e-03
8.530000,1.700762169e-02,2.717735910e-02,1.456141082e-02,1.358826136e-02,6.347772193e-08,1.559874142e-02,3.431341518e+01,1.583144117e-03,4.442121e-16,3.249104e-18,9.539767e-20,6.870331e-03
8.540000,1.691676942e-02,2.703217321e-02,1.448364560e-02,1.351567508e-02,6.277384246e-08,1.551384769e-02,3.431568548e+01,1.566275778e-03,2.259143e-16,2.436479e-18,5.761679e-20,6.917200e-03
8.550000,1.682640226e-02,2.688776268e-02,1.440629529e-02,1.344347638e-02,6.207786554e-08,1.542942365e-02,3.431794433e+01,1.549587128e-03,5.685476e-16,2.252534e-18,1.635758e-19,6.837911e-03
8.560000,1.673651763e-02,2.674412339e-02,1.432935769e-02,1.337166318e-02,6.138970235e-08,1.534546662e-02,3.432019178e+01,1.533076256e-03,8.904000e-16,1.630815e-18,1.084308e-19,6.851411e-03
8.570000,1.664711295e-02,2.660125121e-02,1.425283061e-02,1.330023344e-02,6.070926379e-08,1.526197395e-02,3.432242788e+01,1.516741268e-03,1.187769e-16,3.860734e-18,4.941976e-20,6.827460e-03
8.580000,1.655818566e-02,2.645914205e-02,1.417671187e-02,1.322918512e-02,6.003646162e-08,1.517894300e-02,3.432465268e+01,1.500580290e-03,5.651074e-16,4.370559e-19,9.669948e-21,6.819831e-03
8.590000,1.646973322e-02,2.631779184e-02,1.410099928e-02,1.315851616e-02,5.937121049e-08,1.509637113e-02,3.432686623e+01,1.484591471e-03,2.222141e-16,5.172451e-18,9.938474e-20,6.867180e-03
8.600000,1.638175310e-02,2.617719653e-02,1.402569069e-02,1.308822456e-02,5.871342388e-08,1.501425574e-02,3.432906860e+01,1.468772977e-03,8.919128e-16,2.057129e-18,3.879968e-20,6.879041e-03
8.610000,1.629424277e-02,2.603735209e-02,1.395078395e-02,1.301830830e-02,5.806301673e-08,1.493259424e-02,3.433125983e+01,1.453122995e-03,4.443949e-16,4.488731e-19,4.066498e-20,6.873691e-03
8.620000,1.620719973e-02,2.589825452e-02,1.387627692e-02,1.294876538e-02,5.741990594e-08,1.485138404e-02,3.433343997e+01,1.437639729e-03,5.579234e-16,1.843343e-18,9.647629e-20,6.961180e-03
8.630000,1.612062148e-02,2.575989983e-02,1.380216747e-02,1.287959380e-02,5.678400885e-08,1.477062257e-02,3.433560909e+01,1.422321406e-03,3.555975e-16,4.970287e-19,1.405048e-20,6.868500e-03
8.640000,1.603450556e-02,2.562228406e-02,1.372845348e-02,1.281079159e-02,5.615524295e-08,1.469030730e-02,3.433776722e+01,1.407166267e-03,1.985049e-16,7.155940e-19,1.259366e-19,6.840471e-03
8.650000,1.594884949e-02,2.548540326e-02,1.365513286e-02,1.274235678e-02,5.553352827e-08,1.461043568e-02,3.433991442e+01,1.392172577e-03,4.635456e-16,9.622294e-19,1.238685e-19,6.849621e-03
8.660000,1.586365082e-02,2.534925351e-02,1.358220350e-02,1.267428740e-02,5.491878376e-08,1.453100519e-02,3.434205074e+01,1.377338615e-03,4.688258e-16,3.781544e-18,1.098186e-19,6.851751e-03
8.670000,1.577890711e-02,2.521383091e-02,1.350966333e-02,1.260658151e-02,5.431093090e-08,1.445201334e-02,3.434417624e+01,1.362662681e-03,4.441200e-16,4.402715e-18,4.511060e-20,6.831071e-03
8.680000,1.569461593e-02,2.507913158e-02,1.343751027e-02,1.253923717e-02,5.370989144e-08,1.437345762e-02,3.434629096e+01,1.348143092e-03,2.286223e-16,6.815453e-19,2.372067e-20,6.905871e-03
8.690000,1.561077487e-02,2.494515166e-02,1.336574225e-02,1.247225245e-02,5.311558759e-08,1.429533557e-02,3.434839497e+01,1.333778182e-03,3.371082e-16,1.618208e-18,6.778691e-20,6.873220e-03
8.700000,1.552738153e-02,2.481188731e-02,1.329435725e-02,1.240562543e-02,5.252794405e-08,1.421764473e-02,3.435048829e+01,1.319566306e-03,5.553310e-16,3.051727e-18,9.952975e-20,6.864711e-03
8.710000,1.544443352e-02,2.467933471e-02,1.322335320e-02,1.233935420e-02,5.194688444e-08,1.414038265e-02,3.435257100e+01,1.305505832e-03,4.528926e-16,1.814420e-18,1.755722e-20,6.995161e-03
8.720000,1.536192846e-02,2.454749007e-02,1.315272808e-02,1.227343687e-02,5.137233422e-08,1.406354690e-02,3.435464314e+01,1.291595150e-03,5.553562e-16,1.594367e-18,1.388037e-19,7.028210e-03
8.730000,1.527986400e-02,2.441634960e-02,1.308247989e-02,1.220787155e-02,5.080421961e-08,1.398713506e-02,3.435670475e+01,1.277832663e-03,4.464625e-16,2.344391e-18,1.640899e-19,7.044950e-03
8.740000,1.519823778e-02,2.428590955e-02,1.301260660e-02,1.214265636e-02,5.024246783e-08,1.391114472e-02,3.435875589e+01,1.264216793e-03,3.356593e-16,6.640738e-19,4.808661e-20,7.118120e-03
8.750000,1.511704746e-02,2.415616618e-02,1.294310622e-02,1.207778943e-02,4.968700691e-08,1.383557351e-02,3.436079662e+01,1.250745980e-03,5.568712e-16,8.381775e-19,2.536013e-20,7.140380e-03
8.760000,1.503629072e-02,2.402711577e-02,1.287397678e-02,1.201326891e-02,4.913776431e-08,1.376041905e-02,3.436282697e+01,1.237418678e-03,2.289380e-16,1.140025e-18,1.105455e-19,7.161759e-03
8.770000,1.495596524e-02,2.389875462e-02,1.280521628e-02,1.194909294e-02,4.859467107e-08,1.368567897e-02,3.436484700e+01,1.224233359e-03,3.384012e-16,9.335517e-19,2.712648e-20,7.234099e-03
8.780000,1.487606873e-02,2.377107905e-02,1.273682277e-02,1.188525969e-02,4.805765574e-08,1.361135093e-02,3.436685676e+01,1.211188510e-03,1.303702e-16,2.263272e-18,5.121195e-20,6.963311e-03
8.790000,1.479659889e-02,2.364408541e-02,1.266879429e-02,1.182176733e-02,4.752665107e-08,1.353743259e-02,3.436885629e+01,1.198282637e-03,2.270370e-16,6.133174e-19,3.693525e-20,6.969341e-03
8.800000,1.471755346e-02,2.351777005e-02,1.260112890e-02,1.175861404e-02,4.700158779e-08,1.346392165e-02,3.437084565e+01,1.185514258e-03,4.541808e-16,1.736628e-18,1.091931e-19,7.112199e-03
8.810000,1.463893015e-02,2.339212936e-02,1.253382467e-02,1.169579802e-02,4.648240002e-08,1.339081579e-02,3.437282488e+01,1.172881910e-03,2.307704e-16,3.523657e-18,8.294100e-20,7.123100e-03
8.820000,1.456072674e-02,2.326715974e-02,1.246687967e-02,1.163331745e-02,4.596902032e-08,1.331811272e-02,3.437479404e+01,1.160384144e-03,2.247138e-16,2.651866e-18,5.561295e-20,7.067900e-03
8.830000,1.448294096e-02,2.314285759e-02,1.240029198e-02,1.157117056e-02,4.546138252e-08,1.324581016e-02,3.437675316e+01,1.148019527e-03,2.288853e-16,1.307310e-18,1.475149e-20,7.123550e-03
8.840000,1.440557060e-02,2.301921936e-02,1.233405971e-02,1.150935557e-02,4.495942168e-08,1.317390585e-02,3.437870231e+01,1.135786639e-03,4.854779e-16,3.151655e-18,9.546536e-20,7.147040e-03
8.850000,1.432861343e-02,2.289624151e-02,1.226818096e-02,1.144787069e-02,4.446307433e-08,1.310239754e-02,3.438064152e+01,1.123684080e-03,2.578871e-16,1.100679e-18,8.724614e-20,7.074351e-03
8.860000,1.425206726e-02,2.277392051e-02,1.220265385e-02,1.138671418e-02,4.397227532e-08,1.303128299e-02,3.438257085e+01,1.111710459e-03,1.607315e-16,2.423289e-18,2.829853e-20,6.969270e-03
8.870000,1.417592989e-02,2.265225286e-02,1.213747650e-02,1.132588428e-02,4.348696337e-08,1.296055997e-02,3.438449034e+01,1.099864405e-03,4.447530e-16,3.543850e-18,1.165391e-19,7.192309e-03
8.880000,1.410019914e-02,2.253123506e-02,1.207264706e-02,1.126537924e-02,4.300707485e-08,1.289022627e-02,3.438640004e+01,1.088144558e-03,2.221825e-16,7.743938e-19,4.125592e-20,6.848601e-03
8.890000,1.402487284e-02,2.241086365e-02,1.200816366e-02,1.120519733e-02,4.253254920e-08,1.282027970e-02,3.438830000e+01,1.076549575e-03,4.690335e-16,1.582704e-18,6.072302e-20,6.831101e-03
8.900000,1.394994883e-02,2.229113518e-02,1.194402447e-02,1.114533684e-02,4.206332590e-08,1.275071807e-02,3.439019026e+01,1.065078126e-03,3.400061e-16,1.942992e-18,2.616698e-20,6.875250e-03
8.910000,1.387542497e-02,2.217204622e-02,1.188022764e-02,1.108579603e-02,4.159934425e-08,1.268153920e-02,3.439207087e+01,1.053728894e-03,7.789431e-17,4.523911e-18,6.860472e-20,6.902981e-03
8.920000,1.380129911e-02,2.205359335e-02,1.181677137e-02,1.102657322e-02,4.114054574e-08,1.261274094e-02,3.439394188e+01,1.042500578e-03,8.226783e-17,1.584328e-18,3.654391e-20,6.869741e-03
8.930000,1.372756914e-02,2.193577317e-02,1.175365382e-02,1.096766669e-02,4.068687150e-08,1.254432114e-02,3.439580333e+01,1.031391890e-03,1.389758e-16,1.647190e-18,1.901389e-19,6.904061e-03
8.940000,1.365423295e-02,2.181858232e-02,1.169087321e-02,1.090907477e-02,4.023826294e-08,1.247627766e-02,3.439765527e+01,1.020401557e-03,4.482206e-16,1.276026e-18,6.793982e-20,6.861781e-03
8.950000,1.358128842e-02,2.170201742e-02,1.162842772e-02,1.085079577e-02,3.979466287e-08,1.240860838e-02,3.439949775e+01,1.009528317e-03,2.239411e-16,2.396470e-18,6.783701e-20,6.908891e-03
8.960000,1.350873348e-02,2.158607515e-02,1.156631559e-02,1.079282803e-02,3.935601500e-08,1.234131119e-02,3.440133081e+01,9.987709228e-04,2.257076e-16,1.218221e-18,9.515702e-20,6.919530e-03
8.970000,1.343656604e-02,2.147075217e-02,1.150453502e-02,1.073516988e-02,3.892226306e-08,1.227438399e-02,3.440315449e+01,9.881281415e-04,2.367898e-16,2.248015e-18,2.218033e-20,6.889331e-03
8.980000,1.336478403e-02,2.135604517e-02,1.144308425e-02,1.067781967e-02,3.849335159e-08,1.220782471e-02,3.440496885e+01,9.775987519e-04,2.257848e-16,1.467746e-18,1.086302e-19,6.866101e-03
8.990000,1.329338541e-02,2.124195088e-02,1.138196153e-02,1.062077576e-02,3.806922620e-08,1.214163125e-02,3.440677393e+01,9.671815461e-04,4.482157e-16,3.024924e-18,1.494903e-19,6.915471e-03
9.000000,1.322236811e-02,2.112846602e-02,1.132116511e-02,1.056403651e-02,3.764983250e-08,1.207580158e-02,3.440856976e+01,9.568753294e-04,4.461117e-16,2.130647e-18,4.138209e-20,6.906370e-03
9.010000,1.315173011e-02,2.101558734e-02,1.126069325e-02,1.050760030e-02,3.723511680e-08,1.201033363e-02,3.441035641e+01,9.466789194e-04,5.578917e-16,1.520845e-18,9.489458e-20,6.910161e-03
9.020000,1.308146939e-02,2.090331160e-02,1.120054421e-02,1.045146552e-02,3.682502635e-08,1.194522537e-02,3.441213391e+01,9.365911467e-04,3.332437e-16,8.296981e-19,1.403833e-20,6.926360e-03
9.030000,1.301158392e-02,2.079163558e-02,1.114071629e-02,1.039563054e-02,3.641950947e-08,1.188047477e-02,3.441390230e+01,9.266108541e-04,2.354125e-16,2.135631e-18,5.498669e-20,6.931560e-03
9.040000,1.294207172e-02,2.068055608e-02,1.108120776e-02,1.034009377e-02,3.601851356e-08,1.181607983e-02,3.441566164e+01,9.167368966e-04,2.259878e-16,3.314833e-19,2.736421e-20,6.925890e-03
9.050000,1.287293077e-02,2.057006991e-02,1.102201692e-02,1.028485363e-02,3.562198721e-08,1.175203854e-02,3.441741196e+01,9.069681418e-04,2.554326e-16,1.341700e-18,2.037853e-20,6.925111e-03
9.060000,1.280415911e-02,2.046017392e-02,1.096314209e-02,1.022990852e-02,3.522988066e-08,1.168834891e-02,3.441915331e+01,8.973034690e-04,3.408506e-16,1.951752e-18,1.390884e-20,6.941510e-03
9.070000,1.273575476e-02,2.035086494e-02,1.090458157e-02,1.017525688e-02,3.484214408e-08,1.162500897e-02,3.442088573e+01,8.877417695e-04,2.809750e-16,2.030936e-18,3.827831e-20,6.924130e-03
9.080000,1.266771577e-02,2.024213984e-02,1.084633369e-02,1.012089713e-02,3.445872772e-08,1.156201674e-02,3.442260926e+01,8.782819465e-04,1.125509e-16,9.006315e-19,2.722050e-20,6.940360e-03
9.090000,1.260004017e-02,2.013399551e-02,1.078839679e-02,1.006682772e-02,3.407958308e-08,1.149937028e-02,3.442432396e+01,8.689229148e-04,3.362841e-16,3.114871e-19,1.893806e-20,6.946190e-03
9.100000,1.253272604e-02,2.002642884e-02,1.073076921e-02,1.001304709e-02,3.370466184e-08,1.143706764e-02,3.442602986e+01,8.596636009e-04,6.523396e-17,7.179323e-19,6.884855e-20,7.013101e-03
9.110000,1.246577144e-02,1.991943676e-02,1.067344929e-02,9.959553721e-03,3.333391561e-08,1.137510688e-02,3.442772701e+01,8.505029424e-04,2.528719e-16,2.601600e-18,3.400926e-20,6.968791e-03
9.120000,1.239917446e-02,1.981301619e-02,1.061643540e-02,9.906346061e-03,3.296729816e-08,1.131348610e-02,3.442941544e+01,8.414398886e-04,4.972852e-16,1.257467e-18,1.438888e-20,6.950271e-03
9.130000,1.233293318e-02,1.970716408e-02,1.055972591e-02,9.853422590e-03,3.260476236e-08,1.125220338e-02,3.443109520e+01,8.324733996e-04,4.622025e-16,2.852091e-18,3.018236e-20,6.955771e-03
9.140000,1.226704571e-02,1.960187740e-02,1.050331920e-02,9.800781792e-03,3.224626212e-08,1.119125681e-02,3.443276634e+01,8.236024470e-04,2.503814e-16,7.531109e-19,3.420984e-20,6.953070e-03
9.150000,1.220151015e-02,1.949715313e-02,1.044721364e-02,9.748422158e-03,3.189175226e-08,1.113064452e-02,3.443442890e+01,8.148260130e-04,7.776663e-16,2.226588e-18,1.519282e-20,6.911871e-03
9.160000,1.213632464e-02,1.939298827e-02,1.039140764e-02,9.696342187e-03,3.154118708e-08,1.107036463e-02,3.443608291e+01,8.061430908e-04,4.451590e-16,1.891148e-18,1.196689e-20,6.908970e-03
9.170000,1.207148730e-02,1.928937982e-02,1.033589959e-02,9.644540386e-03,3.119452281e-08,1.101041528e-02,3.443772842e+01,7.975526843e-04,4.498868e-16,1.815444e-18,6.933987e-21,6.895370e-03
9.180000,1.200699627e-02,1.918632482e-02,1.028068792e-02,9.593015271e-03,3.085171523e-08,1.095079460e-02,3.443936547e+01,7.890538080e-04,4.454030e-16,1.872408e-18,4.797862e-20,6.931130e-03
9.190000,1.194284970e-02,1.908382032e-02,1.022577103e-02,9.541765364e-03,3.051272060e-08,1.089150076e-02,3.444099411e+01,7.806454867e-04,1.748614e-17,2.018656e-18,1.030328e-20,6.919180e-03
9.200000,1.187904576e-02,1.898186337e-02,1.017114736e-02,9.490789197e-03,3.017749569e-08,1.083253192e-02,3.444261436e+01,7.723267560e-04,2.901000e-16,3.738533e-18,4.168085e-20,6.893160e-03
9.210000,1.181558262e-02,1.888045105e-02,1.011681534e-02,9.440085309e-03,2.984599832e-08,1.077388626e-02,3.444422629e+01,7.640966614e-04,9.936507e-17,2.527401e-18,1.226464e-19,6.930170e-03
9.220000,1.175245846e-02,1.877958045e-02,1.006277342e-02,9.389652245e-03,2.951818643e-08,1.071556197e-02,3.444582992e+01,7.559542588e-04,6.112529e-17,2.837143e-19,6.116260e-20,6.947690e-03
9.230000,1.168967146e-02,1.867924868e-02,1.000902005e-02,9.339488561e-03,2.919401860e-08,1.065755726e-02,3.444742530e+01,7.478986139e-04,6.719263e-16,1.254048e-18,2.050086e-20,6.931501e-03
9.240000,1.162721984e-02,1.857945287e-02,9.955553698e-03,9.289592818e-03,2.887345284e-08,1.059987032e-02,3.444901246e+01,7.399288026e-04,1.220767e-16,7.179323e-19,2.712250e-20,6.939810e-03
9.250000,1.156510179e-02,1.848019014e-02,9.902372825e-03,9.239963587e-03,2.855645037e-08,1.054249938e-02,3.445059146e+01,7.320439105e-04,3.665859e-17,1.091820e-18,1.028612e-19,6.909741e-03
9.260000,1.150331554e-02,1.838145767e-02,9.849475913e-03,9.190599444e-03,2.824296963e-08,1.048544267e-02,3.445216232e+01,7.242430330e-04,2.224847e-16,6.345131e-19,4.549988e-20,6.930691e-03
9.270000,1.144185931e-02,1.828325260e-02,9.796861446e-03,9.141498974e-03,2.793297178e-08,1.042869843e-02,3.445372509e+01,7.165252751e-04,1.995692e-16,9.269621e-19,4.743731e-20,6.915120e-03
9.280000,1.138073135e-02,1.818557213e-02,9.744527919e-03,9.092660770e-03,2.762641648e-08,1.037226491e-02,3.445527980e+01,7.088897513e-04,2.242771e-16,4.470280e-19,2.717309e-20,6.928341e-03
9.290000,1.131992990e-02,1.808841346e-02,9.692473833e-03,9.044083432e-03,2.732326631e-08,1.031614038e-02,3.445682651e+01,7.013355855e-04,4.444493e-16,4.082129e-18,6.994267e-21,6.953140e-03
9.300000,1.125945323e-02,1.799177380e-02,9.640697699e-03,8.995765567e-03,2.702348218e-08,1.026032310e-02,3.445836524e+01,6.938619112e-04,2.482780e-16,3.098531e-18,8.232704e-21,6.925540e-03
9.310000,1.119929958e-02,1.789565038e-02,9.589198033e-03,8.947705791e-03,2.672702528e-08,1.020481135e-02,3.445989604e+01,6.864678708e-04,1.144806e-16,7.100541e-19,5.539509e-20,6.943071e-03
9.320000,1.113946725e-02,1.780004044e-02,9.537973362e-03,8.899902724e-03,2.643385932e-08,1.014960343e-02,3.446141895e+01,6.791526159e-04,2.292005e-16,1.983120e-18,7.511918e-20,6.934311e-03
9.330000,1.107995451e-02,1.770494124e-02,9.487022218e-03,8.852354998e-03,2.614394744e-08,1.009469764e-02,3.446293400e+01,6.719153073e-04,2.290891e-16,1.093501e-18,1.018637e-20,6.935981e-03
9.340000,1.102075967e-02,1.761035005e-02,9.436343143e-03,8.805061248e-03,2.585725239e-08,1.004009229e-02,3.446444124e+01,6.647551146e-04,2.860981e-16,2.032879e-20,9.585272e-20,6.938680e-03
9.350000,1.096188101e-02,1.751626417e-02,9.385934686e-03,8.758020118e-03,2.557373822e-08,9.985785705e-03,3.446594070e+01,6.576712161e-04,2.342592e-16,3.936916e-18,8.365898e-21,6.929000e-03
9.360000,1.090331686e-02,1.742268088e-02,9.335795403e-03,8.711230261e-03,2.529336895e-08,9.931776207e-03,3.446743242e+01,6.506627993e-04,2.437041e-16,1.418054e-18,5.117977e-20,6.941680e-03
9.370000,1.084506553e-02,1.732959752e-02,9.285923860e-03,8.664690335e-03,2.501610950e-08,9.878062139e-03,3.446891644e+01,6.437290598e-04,1.211826e-16,2.080313e-18,6.797093e-20,6.963540e-03
9.380000,1.078712536e-02,1.723701140e-02,9.236318627e-03,8.618399005e-03,2.474192370e-08,9.824641853e-03,3.447039279e+01,6.368692022e-04,2.324049e-16,1.412652e-18,1.477233e-20,6.937610e-03
9.390000,1.072949469e-02,1.714491988e-02,9.186978284e-03,8.572354945e-03,2.447077898e-08,9.771513708e-03,3.447186153e+01,6.300824394e-04,6.687389e-16,1.072471e-18,2.429598e-20,6.925091e-03
9.400000,1.067217185e-02,1.705332031e-02,9.137901419e-03,8.526556833e-03,2.420263958e-08,9.718676072e-03,3.447332267e+01,6.233679926e-04,4.754037e-16,2.486621e-18,2.752771e-20,6.887260e-03
9.410000,1.061515522e-02,1.696221006e-02,9.089086625e-03,8.481003358e-03,2.393747258e-08,9.666127325e-03,3.447477627e+01,6.167250915e-04,1.193514e-16,1.097085e-18,2.763630e-20,6.877470e-03
9.420000,1.055844314e-02,1.687158653e-02,9.040532506e-03,8.435693212e-03,2.367524397e-08,9.613865854e-03,3.447622236e+01,6.101529738e-04,2.280420e-16,1.919872e-18,6.792198e-21,6.878120e-03
9.430000,1.050203401e-02,1.678144711e-02,8.992237670e-03,8.390625097e-03,2.341592093e-08,9.561890056e-03,3.447766097e+01,6.036508854e-04,4.646243e-16,1.317892e-18,3.394311e-20,6.912061e-03
9.440000,1.044592619e-02,1.669178922e-02,8.944200735e-03,8.345797721e-03,2.315947068e-08,9.510198338e-03,3.447909215e+01,5.972180802e-04,8.196570e-17,2.574980e-19,1.008707e-20,6.894101e-03
9.450000,1.039011809e-02,1.660261028e-02,8.896420324e-03,8.301209798e-03,2.290586138e-08,9.458789116e-03,3.448051592e+01,5.908538202e-04,4.448071e-16,2.401371e-18,6.179984e-20,6.897980e-03
9.460000,1.033460809e-02,1.651390775e-02,8.848895070e-03,8.256860050e-03,2.265506102e-08,9.407660813e-03,3.448193233e+01,5.845573751e-04,1.177571e-16,3.066587e-19,7.477712e-20,6.863920e-03
9.470000,1.027939462e-02,1.642567906e-02,8.801623610e-03,8.212747206e-03,2.240703726e-08,9.356811865e-03,3.448334142e+01,5.783280224e-04,3.331223e-16,2.744989e-18,2.213644e-20,6.906030e-03
9.480000,1.022447608e-02,1.633792171e-02,8.754604592e-03,8.168869999e-03,2.216176102e-08,9.306240714e-03,3.448474322e+01,5.721650473e-04,8.906522e-16,2.331074e-18,1.807633e-20,6.926110e-03
9.490000,1.016985090e-02,1.625063316e-02,8.707836668e-03,8.125227173e-03,2.191919885e-08,9.255945812e-03,3.448613776e+01,5.660677426e-04,8.900722e-16,2.347093e-18,2.710919e-20,6.955400e-03
9.500000,1.011551752e-02,1.616381091e-02,8.661318499e-03,8.081817476e-03,2.167932154e-08,9.205925620e-03,3.448752509e+01,5.600354088e-04,1.139328e-16,3.930233e-19,1.448222e-20,6.918290e-03
9.510000,1.006147437e-02,1.607745248e-02,8.615048753e-03,8.038639662e-03,2.144209890e-08,9.156178608e-03,3.448890523e+01,5.540673535e-04,6.672015e-16,1.384283e-18,2.812988e-20,6.896551e-03
9.520000,1.000771991e-02,1.599155539e-02,8.569026103e-03,7.995692495e-03,2.120750076e-08,9.106703254e-03,3.449027823e+01,5.481628920e-04,8.889612e-16,1.517944e-18,7.938434e-21,6.884000e-03
9.530000,9.954252599e-03,1.590611716e-02,8.523249233e-03,7.952974742e-03,2.097549831e-08,9.057498045e-03,3.449164412e+01,5.423213468e-04,4.449769e-16,2.168471e-18,6.833514e-21,6.915291e-03
9.540000,9.901070900e-03,1.582113536e-02,8.477716829e-03,7.910485179e-03,2.074606210e-08,9.008561479e-03,3.449300293e+01,5.365420475e-04,6.213904e-17,5.451524e-19,1.618222e-20,6.877331e-03
9.550000,9.848173288e-03,1.573660755e-02,8.432427590e-03,7.868222587e-03,2.051916284e-08,8.959892059e-03,3.449435471e+01,5.308243310e-04,4.440968e-16,1.183424e-18,2.045554e-20,6.912220e-03
9.560000,9.795558246e-03,1.565253130e-02,8.387380215e-03,7.826185754e-03,2.029477344e-08,8.911488299e-03,3.449569948e+01,5.251675411e-04,4.450033e-16,5.421011e-19,2.059999e-20,6.894921e-03
9.570000,9.743224267e-03,1.556890419e-02,8.342573417e-03,7.784373475e-03,2.007286460e-08,8.863348720e-03,3.449703728e+01,5.195710288e-04,6.664590e-16,3.090637e-19,2.099794e-20,6.906351e-03
9.580000,9.691169849e-03,1.548572383e-02,8.298005910e-03,7.742784551e-03,1.985340860e-08,8.815471854e-03,3.449836815e+01,5.140341519e-04,3.366616e-16,3.266869e-19,4.092563e-20,6.883131e-03
9.590000,9.639393499e-03,1.540298784e-02,8.253676418e-03,7.701417789e-03,1.963637848e-08,8.767856240e-03,3.449969211e+01,5.085562749e-04,2.269308e-16,9.279276e-19,9.499445e-20,6.923980e-03
9.600000,9.587893734e-03,1.532069384e-02,8.209583671e-03,7.660272003e-03,1.942174627e-08,8.720500423e-03,3.450100922e+01,5.031367693e-04,6.779025e-16,8.257038e-19,3.592471e-20,6.940250e-03
9.610000,9.536669075e-03,1.523883948e-02,8.165726406e-03,7.619346013e-03,1.920948638e-08,8.673402961e-03,3.450231949e+01,4.977750132e-04,6.839570e-16,5.594831e-19,6.242988e-20,6.942801e-03
9.620000,9.485718054e-03,1.515742239e-02,8.122103366e-03,7.578638645e-03,1.899957076e-08,8.626562417e-03,3.450362297e+01,4.924703913e-04,2.274011e-16,2.416745e-18,2.039063e-20,6.964860e-03
9.630000,9.435039209e-03,1.507644025e-02,8.078713302e-03,7.538148732e-03,1.879197441e-08,8.579977363e-03,3.450491968e+01,4.872222948e-04,1.110301e-16,9.791642e-19,4.235992e-21,6.913890e-03
9.640000,9.384631088e-03,1.499589074e-02,8.035554970e-03,7.497875113e-03,1.858667032e-08,8.533646381e-03,3.450620967e+01,4.820301216e-04,1.304342e-16,3.553554e-18,3.408632e-20,6.905580e-03
9.650000,9.334492245e-03,1.491577154e-02,7.992627134e-03,7.457816633e-03,1.838363363e-08,8.487568057e-03,3.450749296e+01,4.768932757e-04,2.306595e-16,1.338312e-18,1.539666e-20,6.921710e-03
9.660000,9.284621242e-03,1.483608035e-02,7.949928564e-03,7.417972143e-03,1.818283818e-08,8.441740989e-03,3.450876959e+01,4.718111678e-04,4.622705e-16,3.213550e-19,7.328894e-21,6.944510e-03
9.670000,9.235016648e-03,1.475681490e-02,7.907458036e-03,7.378340501e-03,1.798425974e-08,8.396163782e-03,3.451003960e+01,4.667832147e-04,6.455938e-17,6.852072e-19,4.780478e-20,6.980620e-03
9.680000,9.185677041e-03,1.467797290e-02,7.865214334e-03,7.338920569e-03,1.778787270e-08,8.350835049e-03,3.451130301e+01,4.618088392e-04,1.114699e-16,2.072454e-18,2.716763e-20,6.974690e-03
9.690000,9.136601006e-03,1.459955209e-02,7.823196246e-03,7.299711217e-03,1.759365307e-08,8.305753409e-03,3.451255986e+01,4.568874706e-04,1.286774e-16,1.416486e-18,4.760411e-20,6.983211e-03
9.700000,9.087787135e-03,1.452155024e-02,7.781402570e-03,7.260711322e-03,1.740157614e-08,8.260917493e-03,3.451381018e+01,4.520185442e-04,4.525011e-16,1.518189e-18,1.670195e-20,6.964791e-03
9.710000,9.039234029e-03,1.444396509e-02,7.739832108e-03,7.221919763e-03,1.721161812e-08,8.216325935e-03,3.451505400e+01,4.472015011e-04,6.664189e-16,2.541110e-18,1.025351e-20,6.958990e-03
9.720000,8.990940295e-03,1.436679442e-02,7.698483667e-03,7.183335430e-03,1.702375588e-08,8.171977381e-03,3.451629137e+01,4.424357885e-04,8.617982e-17,3.137169e-18,4.073933e-20,6.949790e-03
9.730000,8.942904549e-03,1.429003602e-02,7.657356065e-03,7.144957214e-03,1.683796564e-08,8.127870483e-03,3.451752230e+01,4.377208597e-04,2.249815e-16,1.647430e-18,5.456158e-20,6.954460e-03
9.740000,8.895125411e-03,1.421368768e-02,7.616448121e-03,7.106784016e-03,1.665422371e-08,8.084003900e-03,3.451874683e+01,4.330561734e-04,2.220654e-16,1.840080e-18,2.817264e-20,6.954590e-03
9.750000,8.847601512e-03,1.413774722e-02,7.575758664e-03,7.068814741e-03,1.647250792e-08,8.040376299e-03,3.451996500e+01,4.284411944e-04,4.449916e-16,1.659396e-18,1.697748e-20,6.968050e-03
9.760000,8.800331489e-03,1.406221246e-02,7.535286527e-03,7.031048299e-03,1.629279542e-08,7.996986357e-03,3.452117684e+01,4.238753930e-04,4.442113e-16,1.301060e-18,3.736278e-20,7.008970e-03
9.770000,8.753313986e-03,1.398708123e-02,7.495030552e-03,6.993483608e-03,1.611506310e-08,7.953832755e-03,3.452238237e+01,4.193582453e-04,2.647319e-16,3.309926e-18,2.116500e-20,6.913630e-03
9.780000,8.706547655e-03,1.391235138e-02,7.454989583e-03,6.956119591e-03,1.593929015e-08,7.910914183e-03,3.452358164e+01,4.148892329e-04,1.192749e-16,1.077666e-18,2.380236e-20,6.942090e-03
9.790000,8.660031155e-03,1.383802076e-02,7.415162474e-03,6.918955174e-03,1.576545348e-08,7.868229340e-03,3.452477467e+01,4.104678429e-04,1.521776e-16,3.361088e-19,2.253133e-20,6.920810e-03
9.800000,8.613763150e-03,1.376408724e-02,7.375548084e-03,6.881989293e-03,1.559353168e-08,7.825776930e-03,3.452596149e+01,4.060935679e-04,6.836936e-16,1.653408e-18,2.464060e-20,6.920190e-03
9.810000,8.567742315e-03,1.369054869e-02,7.336145276e-03,6.845220888e-03,1.542350465e-08,7.783555666e-03,3.452714213e+01,4.017659058e-04,1.156890e-16,1.070698e-18,1.089125e-20,6.901920e-03
9.820000,8.521967328e-03,1.361740302e-02,7.296952922e-03,6.808648904e-03,1.525534933e-08,7.741564268e-03,3.452831663e+01,3.974843601e-04,4.451031e-16,2.616164e-18,4.069032e-20,6.941990e-03
9.830000,8.476436878e-03,1.354464812e-02,7.257969899e-03,6.772272291e-03,1.508904613e-08,7.699801462e-03,3.452948502e+01,3.932484394e-04,1.215553e-16,7.885035e-19,2.949888e-20,6.904571e-03
9.840000,8.431149658e-03,1.347228190e-02,7.219195089e-03,6.736090006e-03,1.492457471e-08,7.658265985e-03,3.453064732e+01,3.890576575e-04,2.573537e-16,1.432743e-18,1.709345e-20,6.920520e-03
9.850000,8.386104370e-03,1.340030229e-02,7.180627380e-03,6.700101013e-03,1.476191314e-08,7.616956576e-03,3.453180358e+01,3.849115334e-04,1.513199e-16,1.157928e-18,6.218704e-21,6.956340e-03
9.860000,8.341299721e-03,1.332870722e-02,7.142265668e-03,6.664304278e-03,1.460104259e-08,7.575871985e-03,3.453295381e+01,3.808095915e-04,1.491865e-16,1.143006e-18,3.392525e-20,6.961940e-03
9.870000,8.296734426e-03,1.325749464e-02,7.104108853e-03,6.628698774e-03,1.444194165e-08,7.535010968e-03,3.453409805e+01,3.767513608e-04,6.690998e-16,3.462034e-19,1.093105e-20,6.939790e-03
9.880000,8.252407207e-03,1.318666250e-02,7.066155842e-03,6.593283481e-03,1.428459266e-08,7.494372288e-03,3.453523634e+01,3.727363757e-04,3.427660e-16,2.262909e-18,2.404655e-20,6.932501e-03
9.890000,8.208316792e-03,1.311620878e-02,7.028405545e-03,6.558057382e-03,1.412897439e-08,7.453954715e-03,3.453636869e+01,3.687641753e-04,2.323300e-16,1.019259e-18,1.391275e-20,6.899870e-03
9.900000,8.164461917e-03,1.304613146e-02,6.990856883e-03,6.523019468e-03,1.397506744e-08,7.413757026e-03,3.453749514e+01,3.648343038e-04,1.420385e-16,1.297725e-18,1.441354e-20,6.932921e-03
9.910000,8.120841324e-03,1.297642851e-02,6.953508777e-03,6.488168733e-03,1.382285442e-08,7.373778006e-03,3.453861572e+01,3.609463102e-04,1.132041e-16,7.592137e-19,3.794209e-20,6.948321e-03
9.920000,8.077453761e-03,1.290709795e-02,6.916360158e-03,6.453504177e-03,1.367231476e-08,7.334016445e-03,3.453973047e+01,3.570997482e-04,2.293778e-16,6.472662e-19,3.405495e-20,6.942280e-03
9.930000,8.034297985e-03,1.283813778e-02,6.879409961e-03,6.419024807e-03,1.352343081e-08,7.294471142e-03,3.454083940e+01,3.532941765e-04,3.542161e-16,9.115082e-19,2.312534e-20,6.915810e-03
9.940000,7.991372757e-03,1.276954602e-02,6.842657126e-03,6.384729632e-03,1.337618347e-08,7.255140900e-03,3.454194255e+01,3.495291581e-04,2.038314e-17,7.867764e-19,3.082121e-20,6.892800e-03
9.950000,7.948676846e-03,1.270132072e-02,6.806100600e-03,6.350617671e-03,1.323055506e-08,7.216024532e-03,3.454303995e+01,3.458042611e-04,2.359260e-16,1.675752e-18,1.846707e-21,6.870361e-03
9.960000,7.906209027e-03,1.263345990e-02,6.769739336e-03,6.316687943e-03,1.308652756e-08,7.177120856e-03,3.454413162e+01,3.421190579e-04,1.029790e-16,7.653354e-19,4.746294e-20,6.933030e-03
9.970000,7.863968081e-03,1.256596163e-02,6.733572290e-03,6.282939476e-03,1.294408264e-08,7.138428697e-03,3.454521760e+01,3.384731255e-04,3.428439e-16,7.264205e-19,4.743389e-20,6.882931e-03
9.980000,7.821952799e-03,1.249882396e-02,6.697598427e-03,6.249371301e-03,1.280320313e-08,7.099946886e-03,3.454629792e+01,3.348660456e-04,2.274557e-16,2.224112e-18,4.411805e-20,6.915180e-03
9.990000,7.780161973e-03,1.243204497e-02,6.661816715e-03,6.215982457e-03,1.266387135e-08,7.061674263e-03,3.454737260e+01,3.312974042e-04,2.408273e-16,8.134410e-19,1.699553e-20,6.898780e-03
