t,pos_err,ori_err_geodesic,e_xi_norm,e_z_O_norm,e_z_T_norm,qddot_ref_norm,tau_norm,V,c0,c1,c2,runtime
0.000000,4.971004415e-16,7.884953353e-08,0.000000000e+00,3.300040363e-18,5.242539844e-16,1.775974742e-03,3.902507981e+01,2.198825043e-30,7.790215e-16,0.000000e+00,0.000000e+00,7.666139e-03
0.010000,2.849024441e-07,3.291774099e-07,1.085771494e-04,1.595774497e-07,4.386883956e-07,1.955030842e-01,3.920167240e+01,5.896241987e-09,6.665226e-16,2.072048e-19,5.293956e-23,6.885020e-03
0.020000,5.235884604e-07,5.908080221e-07,1.001021646e-04,2.935272419e-07,8.064151975e-07,1.953679622e-01,3.920119284e+01,5.016113392e-09,1.414803e-16,2.790032e-19,8.731016e-22,7.037770e-03
0.030000,7.191534657e-07,8.101628553e-07,9.222804768e-05,4.037781598e-07,1.108098595e-06,1.952129919e-01,3.920042755e+01,4.264133744e-09,5.584895e-16,3.143166e-19,5.989427e-22,6.989619e-03
0.040000,8.745427769e-07,9.870824314e-07,8.491748100e-05,4.921206861e-07,1.348382904e-06,1.950380177e-01,3.919937692e+01,3.621971844e-09,5.552144e-16,4.983204e-19,2.576150e-21,6.944499e-03
0.050000,9.925574336e-07,1.121454699e-06,7.813538971e-05,5.602169851e-07,1.531652534e-06,1.948428924e-01,3.919804136e+01,3.073847983e-09,5.749210e-17,5.663377e-19,1.948176e-20,6.937660e-03
0.060000,1.075859914e-06,1.220804402e-06,7.184879968e-05,6.096101668e-07,1.662045283e-06,1.946274773e-01,3.919642126e+01,2.606197160e-09,1.288924e-16,7.136744e-19,7.187313e-21,6.959310e-03
0.070000,1.126979766e-06,1.285306135e-06,6.602670530e-05,6.417328765e-07,1.743464982e-06,1.943916421e-01,3.919451704e+01,2.207374836e-09,3.392088e-16,1.867648e-18,1.071421e-20,6.974710e-03
0.080000,1.148319194e-06,1.317046868e-06,6.063994621e-05,6.579152692e-07,1.779593525e-06,1.941352657e-01,3.919232915e+01,1.867399983e-09,1.347502e-16,2.286012e-18,1.016440e-20,6.932001e-03
0.090000,1.142158703e-06,1.320414419e-06,5.566109256e-05,6.593924054e-07,1.773902321e-06,1.938582357e-01,3.918985802e+01,1.577730835e-09,5.003843e-16,6.865462e-19,1.437463e-20,6.973659e-03
0.100000,1.110662925e-06,1.295972759e-06,5.106433815e-05,6.473111150e-07,1.729663175e-06,1.935604487e-01,3.918710413e+01,1.331069286e-09,1.214436e-16,3.285670e-18,3.030437e-20,6.939520e-03
0.110000,1.055886952e-06,1.246720592e-06,4.682540119e-05,6.227363634e-07,1.649958651e-06,1.932418106e-01,3.918406797e+01,1.121190412e-09,4.510984e-17,3.017104e-18,2.466597e-20,7.059190e-03
0.120000,9.797838247e-07,1.175209531e-06,4.292143222e-05,5.866571645e-07,1.537691926e-06,1.929022364e-01,3.918075004e+01,9.427939767e-10,3.353813e-16,1.358501e-18,3.388132e-20,6.891300e-03
0.130000,8.842146871e-07,1.081130335e-06,3.933092894e-05,5.399920662e-07,1.395596175e-06,1.925416502e-01,3.917715089e+01,7.913752265e-10,2.221535e-16,1.918736e-18,4.791542e-20,6.933510e-03
0.140000,7.709656096e-07,9.693775158e-07,3.603365777e-05,4.835942492e-07,1.226243514e-06,1.921599853e-01,3.917327108e+01,6.631125386e-10,1.575783e-16,1.722451e-18,4.933194e-20,6.987599e-03
0.150000,6.417830265e-07,8.387116956e-07,3.301058201e-05,4.182562803e-07,1.032053577e-06,1.917571842e-01,3.916911119e+01,5.547698455e-10,2.235736e-16,2.815829e-18,3.388132e-20,6.943170e-03
0.160000,4.984718380e-07,6.919018487e-07,3.024379642e-05,3.447145761e-07,8.153018732e-07,1.913331985e-01,3.916467185e+01,4.636119733e-10,2.307966e-16,3.415775e-18,1.111390e-19,7.018299e-03
0.170000,3.432758616e-07,5.306152646e-07,2.771646831e-05,2.636537496e-07,5.781286321e-07,1.908879889e-01,3.915995369e+01,3.873312759e-10,2.383914e-16,1.265548e-18,9.091312e-20,6.905380e-03
0.180000,1.814418745e-07,3.613339559e-07,2.541278491e-05,1.757115927e-07,3.225533279e-07,1.904215249e-01,3.915495741e+01,3.239841401e-10,6.731824e-16,1.168999e-18,1.212175e-19,6.927971e-03
0.190000,7.558004971e-08,1.685873940e-07,2.331790706e-05,8.149272730e-08,5.073075350e-08,1.899337851e-01,3.914968371e+01,2.719361123e-10,2.528891e-16,3.630965e-18,2.319819e-19,6.954539e-03
0.200000,2.170069167e-07,5.960464478e-08,2.141792884e-05,1.875290531e-08,2.366162265e-07,1.894247570e-01,3.914413333e+01,2.298145493e-10,5.598736e-17,1.432743e-18,1.117570e-19,6.942410e-03
0.210000,4.083173344e-07,2.648888355e-07,1.969984261e-05,1.238034734e-07,5.365763749e-07,1.888944367e-01,3.913830705e+01,1.964678315e-10,1.111005e-15,1.311168e-18,2.172635e-19,6.919690e-03
0.220000,6.107244357e-07,4.721575832e-07,1.815150858e-05,2.337779876e-07,8.481189160e-07,1.883428290e-01,3.913220567e+01,1.709302946e-10,5.582436e-16,3.436281e-18,2.331665e-19,6.918850e-03
0.230000,8.203279814e-07,6.995615121e-07,1.676162744e-05,3.480835545e-07,1.169763054e-06,1.877699472e-01,3.912583005e+01,1.523921394e-10,3.612276e-16,3.310397e-18,8.571371e-20,6.952310e-03
0.240000,1.035531306e-06,9.329602624e-07,1.551971390e-05,4.663038961e-07,1.500141552e-06,1.871758128e-01,3.911918106e+01,1.401736718e-10,4.632832e-16,1.533293e-18,2.710505e-19,6.960730e-03
0.250000,1.255222897e-06,1.177851727e-06,1.441606818e-05,5.880566037e-07,1.837978107e-06,1.865604559e-01,3.911225960e+01,1.337033036e-10,1.301103e-16,1.531436e-18,3.030437e-19,6.932110e-03
0.260000,1.478475835e-06,1.428336736e-06,1.344174208e-05,7.129869167e-07,2.182080424e-06,1.859239145e-01,3.910506664e+01,1.324988177e-10,1.011060e-15,1.198230e-18,3.852352e-19,6.896540e-03
0.270000,1.704466664e-06,1.682709958e-06,1.258849570e-05,8.407651214e-07,2.531335149e-06,1.852662345e-01,3.909760316e+01,1.361514610e-10,1.555403e-16,2.534033e-18,2.185279e-19,6.891910e-03
0.280000,1.932445867e-06,1.942416517e-06,1.184874122e-05,9.710845903e-07,2.884703370e-06,1.845874700e-01,3.908987017e+01,1.443124848e-10,6.665840e-16,1.130073e-18,2.185279e-19,6.937560e-03
0.290000,2.161724385e-06,2.208993490e-06,1.121547171e-05,1.103660066e-06,3.241216432e-06,1.838876824e-01,3.908186874e+01,1.566817988e-10,1.221692e-15,2.827253e-18,5.819702e-19,6.884010e-03
0.300000,2.391666128e-06,2.477360063e-06,1.068217481e-05,1.238226108e-06,3.599971999e-06,1.831669409e-01,3.907359996e+01,1.729984477e-10,2.256078e-16,6.921136e-18,1.626303e-19,6.874000e-03
0.310000,2.621683091e-06,2.749900192e-06,1.024273529e-05,1.374535658e-06,3.960130330e-06,1.824253220e-01,3.906506496e+01,1.930326571e-10,3.444383e-16,8.657382e-18,1.626303e-19,6.848770e-03
0.320000,2.851231720e-06,3.025339421e-06,9.891333356e-06,1.512358715e-06,4.320910752e-06,1.816629094e-01,3.905626490e+01,2.165792267e-10,1.174024e-16,7.926549e-18,4.207836e-19,6.869279e-03
0.330000,3.079809955e-06,3.304162395e-06,9.622349439e-06,1.651481113e-06,4.681588313e-06,1.808797940e-01,3.904720099e+01,2.434520764e-10,1.111072e-15,3.125232e-18,4.848700e-19,6.883790e-03
0.340000,3.306954687e-06,3.583969351e-06,9.430286448e-06,1.791703383e-06,5.041490611e-06,1.800760735e-01,3.903787447e+01,2.734797800e-10,4.449578e-16,7.624871e-18,6.550232e-19,6.897570e-03
0.350000,3.532239471e-06,3.865810405e-06,9.309718990e-06,1.932839698e-06,5.399994792e-06,1.792518526e-01,3.902828662e+01,3.065019382e-10,4.462090e-16,1.363427e-18,2.168404e-19,6.881890e-03
0.360000,3.755272433e-06,4.149806186e-06,9.255274212e-06,2.074716900e-06,5.756524697e-06,1.784072424e-01,3.901843875e+01,3.423662648e-10,8.290165e-17,2.610014e-18,2.919304e-19,6.950609e-03
0.370000,3.975694325e-06,4.434942063e-06,9.261642956e-06,2.217173593e-06,6.110548166e-06,1.775423605e-01,3.900833220e+01,3.809262761e-10,6.671623e-16,3.666128e-18,2.424350e-19,6.910830e-03
0.380000,4.193176692e-06,4.720635185e-06,9.323614349e-06,2.360059300e-06,6.461574471e-06,1.766573309e-01,3.899796838e+01,4.220394886e-10,2.222225e-16,4.369550e-18,1.714274e-19,6.911700e-03
0.390000,4.407420155e-06,5.006878858e-06,9.436123627e-06,2.503233689e-06,6.809151895e-06,1.757522838e-01,3.898734870e+01,4.655660420e-10,2.336926e-16,1.045139e-17,4.470280e-19,6.932919e-03
0.400000,4.618152775e-06,5.293415984e-06,9.594302518e-06,2.646565843e-06,7.152865437e-06,1.748273553e-01,3.897647461e+01,5.113676782e-10,8.680999e-17,5.396306e-18,6.505213e-19,6.915770e-03
0.410000,4.825128503e-06,5.580042192e-06,9.793523519e-06,2.789933596e-06,7.492334626e-06,1.738826873e-01,3.896534762e+01,5.593070124e-10,4.450845e-16,1.397160e-18,1.212175e-19,6.967500e-03
0.420000,5.028125714e-06,5.866971506e-06,1.002943266e-05,2.933222908e-06,7.827211468e-06,1.729184276e-01,3.895396926e+01,6.092470477e-10,4.774053e-16,4.520047e-18,6.942281e-19,6.962410e-03
0.430000,5.226945805e-06,6.153151199e-06,1.029796880e-05,3.076327288e-06,8.157178486e-06,1.719347293e-01,3.894234108e+01,6.610508842e-10,7.918387e-16,2.089903e-18,3.428548e-19,6.989870e-03
0.440000,5.421411864e-06,6.438888138e-06,1.059536999e-05,3.219147259e-06,8.481946879e-06,1.709317513e-01,3.893046470e+01,7.145815881e-10,1.009036e-15,9.063561e-18,3.471141e-19,6.962990e-03
0.450000,5.611367403e-06,6.723248048e-06,1.091816932e-05,3.361589860e-06,8.801254764e-06,1.699096573e-01,3.891834175e+01,7.697021851e-10,4.460550e-16,7.046689e-18,7.293224e-19,6.933199e-03
0.460000,5.796675161e-06,7.007285905e-06,1.126318284e-05,3.503568189e-06,9.114865527e-06,1.688686164e-01,3.890597389e+01,8.262757529e-10,2.292109e-16,5.315425e-18,7.666467e-19,6.922290e-03
0.470000,5.977215952e-06,7.290369319e-06,1.162749263e-05,3.645000972e-06,9.422566254e-06,1.678088028e-01,3.889336284e+01,8.841655876e-10,3.608312e-16,3.450017e-18,4.370559e-19,6.928379e-03
0.480000,6.152887576e-06,7.571842918e-06,1.200842718e-05,3.785812171e-06,9.724166248e-06,1.667303952e-01,3.888051034e+01,9.432354256e-10,1.185999e-16,1.198043e-17,8.257038e-19,6.951020e-03
0.490000,6.323603789e-06,7.852332281e-06,1.240354093e-05,3.925930609e-06,1.001949563e-05,1.656335772e-01,3.886741815e+01,1.003349704e-09,5.557284e-16,1.282802e-17,6.594944e-19,6.932610e-03
0.500000,6.489293314e-06,8.130901590e-06,1.281059422e-05,4.065289639e-06,1.030840400e-05,1.645185372e-01,3.885408809e+01,1.064373845e-09,3.332467e-16,9.697399e-19,2.016733e-18,6.915980e-03
0.510000,6.649898906e-06,8.407952970e-06,1.322753435e-05,4.203826821e-06,1.059075922e-05,1.633854676e-01,3.884052199e+01,1.126174559e-09,5.557242e-16,2.953829e-18,7.589415e-19,6.952210e-03
0.520000,6.805376468e-06,8.683171428e-06,1.365247822e-05,4.341483628e-06,1.086644619e-05,1.622345655e-01,3.882672174e+01,1.188620143e-09,1.249402e-16,8.088940e-18,1.167721e-18,6.912000e-03
0.530000,6.955694205e-06,8.956626767e-06,1.408369655e-05,4.478205179e-06,1.113536574e-05,1.610660321e-01,3.881268922e+01,1.251580789e-09,2.334187e-16,1.734935e-18,2.424350e-19,6.916240e-03
0.540000,7.100831825e-06,9.228186987e-06,1.451959996e-05,4.613939984e-06,1.139743360e-05,1.598800726e-01,3.879842639e+01,1.314928871e-09,2.265944e-16,1.116732e-17,2.424350e-19,6.933989e-03
0.550000,7.240779780e-06,9.497640584e-06,1.495872643e-05,4.748639708e-06,1.165257938e-05,1.586768964e-01,3.878393522e+01,1.378539230e-09,4.497497e-16,7.833314e-18,1.167721e-18,6.918459e-03
0.560000,7.375538548e-06,9.764798125e-06,1.539973036e-05,4.882258957e-06,1.190074561e-05,1.574567166e-01,3.876921769e+01,1.442289436e-09,6.687231e-16,3.579920e-18,1.323437e-18,6.937960e-03
0.570000,7.505117950e-06,1.002966598e-05,1.584137281e-05,5.014755076e-06,1.214188689e-05,1.562197500e-01,3.875427585e+01,1.506060031e-09,1.486814e-16,2.359386e-18,4.336809e-19,6.947560e-03
0.580000,7.629536507e-06,1.029242092e-05,1.628251287e-05,5.146087962e-06,1.237596903e-05,1.549662173e-01,3.873911176e+01,1.569734760e-09,4.482240e-16,1.127570e-17,6.942281e-19,6.931819e-03
0.590000,7.748820825e-06,1.055258953e-05,1.672210001e-05,5.276219891e-06,1.260296828e-05,1.536963426e-01,3.872372751e+01,1.633200762e-09,1.657332e-16,3.767603e-18,1.084202e-18,6.937750e-03
0.600000,7.863005022e-06,1.081035855e-05,1.715916722e-05,5.405115355e-06,1.282287055e-05,1.524103536e-01,3.870812523e+01,1.696348760e-09,2.412850e-16,5.610746e-18,2.168404e-19,6.969249e-03
0.610000,7.972130178e-06,1.106561474e-05,1.759282486e-05,5.532740918e-06,1.303567074e-05,1.511084813e-01,3.869230706e+01,1.759073212e-09,1.298859e-16,1.834353e-17,4.848700e-19,6.959159e-03
0.620000,8.076243819e-06,1.131833194e-05,1.802225513e-05,5.659065075e-06,1.324137204e-05,1.497909601e-01,3.867627518e+01,1.821272448e-09,2.266008e-16,8.491153e-18,5.421011e-19,6.921700e-03
0.630000,8.175399430e-06,1.156833105e-05,1.844670706e-05,5.784058124e-06,1.343998537e-05,1.484580276e-01,3.866003182e+01,1.882848782e-09,2.463308e-16,4.945020e-18,1.474674e-18,6.946800e-03
0.640000,8.269655994e-06,1.181555909e-05,1.886549188e-05,5.907692047e-06,1.363152873e-05,1.471099245e-01,3.864357919e+01,1.943708599e-09,2.694809e-16,3.916657e-18,8.940560e-19,6.960709e-03
0.650000,8.359077558e-06,1.206000237e-05,1.927797890e-05,6.029940401e-06,1.381602669e-05,1.457468947e-01,3.862691958e+01,2.003762432e-09,2.397178e-16,5.204806e-18,4.848700e-19,6.968430e-03
0.660000,8.443732821e-06,1.230175468e-05,1.968359161e-05,6.150778217e-06,1.399350983e-05,1.443691853e-01,3.861005527e+01,2.062925011e-09,3.538652e-16,1.084964e-17,1.999170e-18,6.969799e-03
0.670000,8.523694750e-06,1.254065295e-05,2.008180413e-05,6.270181902e-06,1.416401432e-05,1.429770461e-01,3.859298858e+01,2.121115290e-09,7.780315e-16,1.335883e-17,1.301043e-18,6.930090e-03
0.680000,8.599040217e-06,1.277640542e-05,2.047213791e-05,6.388129154e-06,1.432758138e-05,1.415707301e-01,3.857572185e+01,2.178256473e-09,7.287455e-17,8.537705e-18,3.909147e-19,6.850230e-03
0.690000,8.669849656e-06,1.300938793e-05,2.085415869e-05,6.504598880e-06,1.448425689e-05,1.401504931e-01,3.855825747e+01,2.234276002e-09,3.413282e-16,1.142599e-17,1.788112e-18,6.884939e-03
0.700000,8.736206739e-06,1.323924357e-05,2.122747363e-05,6.619571122e-06,1.463409102e-05,1.387165940e-01,3.854059782e+01,2.289105552e-09,2.591168e-16,1.237511e-17,1.954573e-18,6.844380e-03
0.710000,8.798198078e-06,1.346629735e-05,2.159172863e-05,6.733026984e-06,1.477713777e-05,1.372692943e-01,3.852274533e+01,2.342680996e-09,7.850523e-16,6.540411e-18,1.693578e-18,6.854179e-03
0.720000,8.855912937e-06,1.369007235e-05,2.194660587e-05,6.844948569e-06,1.491345468e-05,1.358088587e-01,3.850470245e+01,2.394942365e-09,3.333642e-16,2.373624e-17,1.651408e-18,6.869360e-03
0.730000,8.909442968e-06,1.391088643e-05,2.229182146e-05,6.955318921e-06,1.504310247e-05,1.343355546e-01,3.848647164e+01,2.445833799e-09,5.628070e-16,1.020893e-17,8.673617e-19,6.857490e-03
0.740000,8.958881960e-06,1.412840694e-05,2.262712321e-05,7.064121966e-06,1.516614475e-05,1.328496524e-01,3.846805539e+01,2.495303478e-09,2.445058e-16,3.903504e-18,0.000000e+00,6.902950e-03
0.750000,9.004325604e-06,1.434284564e-05,2.295228867e-05,7.171342462e-06,1.528264768e-05,1.313514252e-01,3.844945623e+01,2.543303561e-09,3.484624e-16,1.415208e-17,4.336809e-19,6.907380e-03
0.760000,9.045871275e-06,1.455409466e-05,2.326712308e-05,7.276965952e-06,1.539267975e-05,1.298411494e-01,3.843067670e+01,2.589790095e-09,2.466930e-16,6.187141e-18,1.788112e-18,6.901090e-03
0.770000,9.083617828e-06,1.476205026e-05,2.357145763e-05,7.380978718e-06,1.549631149e-05,1.283191042e-01,3.841171935e+01,2.634722940e-09,2.544027e-16,3.976229e-18,6.133174e-19,6.902620e-03
0.780000,9.117665402e-06,1.496684974e-05,2.386514771e-05,7.483367742e-06,1.559361524e-05,1.267855720e-01,3.839258677e+01,2.678065670e-09,4.520545e-16,5.573435e-18,1.264386e-18,6.883330e-03
0.790000,9.148115244e-06,1.516838670e-05,2.414807133e-05,7.584120666e-06,1.568466494e-05,1.252408381e-01,3.837328157e+01,2.719785479e-09,2.293480e-16,1.434021e-17,6.133174e-19,6.926340e-03
0.800000,9.175069539e-06,1.536667392e-05,2.442012756e-05,7.683225760e-06,1.576953591e-05,1.236851914e-01,3.835380636e+01,2.759853081e-09,7.778942e-16,6.428471e-18,1.651408e-18,6.942120e-03
0.810000,9.198631259e-06,1.556146464e-05,2.468123512e-05,7.780671885e-06,1.584830464e-05,1.221189240e-01,3.833416379e+01,2.798242603e-09,3.406720e-16,9.497798e-18,2.424350e-18,6.879639e-03
0.820000,9.218904010e-06,1.575297313e-05,2.493133104e-05,7.876448467e-06,1.592104866e-05,1.205423314e-01,3.831435653e+01,2.834931480e-09,2.254944e-16,1.076944e-17,3.066587e-19,6.881989e-03
0.830000,9.235991902e-06,1.594123411e-05,2.517036941e-05,7.970545465e-06,1.598784630e-05,1.189557129e-01,3.829438725e+01,2.869900344e-09,3.343715e-16,4.790162e-18,2.263881e-18,6.937430e-03
0.840000,9.249999419e-06,1.612594824e-05,2.539832012e-05,8.062953350e-06,1.604877662e-05,1.173593716e-01,3.827425867e+01,2.903132915e-09,6.686740e-16,2.162712e-17,3.743246e-18,6.903819e-03
0.850000,9.261031306e-06,1.630742669e-05,2.561516781e-05,8.153663079e-06,1.610391919e-05,1.157536146e-01,3.825397350e+01,2.934615889e-09,7.632835e-17,1.572093e-17,2.057129e-18,6.919969e-03
0.860000,9.269192453e-06,1.648539916e-05,2.582091076e-05,8.242666069e-06,1.615335398e-05,1.141387533e-01,3.823353447e+01,2.964338827e-09,2.233689e-16,5.724752e-18,7.818293e-19,6.928569e-03
0.870000,9.274587797e-06,1.666000469e-05,2.601555993e-05,8.329954183e-06,1.619716128e-05,1.125151035e-01,3.821294435e+01,2.992294040e-09,2.221656e-16,6.198055e-18,2.852091e-18,6.954330e-03
0.880000,9.277322230e-06,1.683124250e-05,2.619913798e-05,8.415519707e-06,1.623542150e-05,1.108829860e-01,3.819220590e+01,3.018476481e-09,5.590230e-16,5.835587e-18,1.371419e-18,6.904930e-03
0.890000,9.277500504e-06,1.699879640e-05,2.637167843e-05,8.499355333e-06,1.626821515e-05,1.092427266e-01,3.817132190e+01,3.042883633e-09,1.697436e-16,1.101496e-17,2.637978e-18,6.893080e-03
0.900000,9.275227156e-06,1.716295538e-05,2.653322479e-05,8.581454144e-06,1.629562269e-05,1.075946566e-01,3.815029517e+01,3.065515401e-09,2.419271e-16,5.888975e-18,1.563659e-18,6.886510e-03
0.910000,9.270606425e-06,1.732376470e-05,2.668382983e-05,8.661809599e-06,1.631772446e-05,1.059391132e-01,3.812912851e+01,3.086374003e-09,3.377818e-16,8.577026e-18,3.998340e-18,6.890389e-03
0.920000,9.263742188e-06,1.748093574e-05,2.682355480e-05,8.740415517e-06,1.633460059e-05,1.042764400e-01,3.810782476e+01,3.105463864e-09,2.389129e-16,7.953613e-18,8.940560e-19,6.843510e-03
0.930000,9.254737887e-06,1.763464132e-05,2.695246876e-05,8.817266066e-06,1.634633093e-05,1.026069877e-01,3.808638676e+01,3.122791513e-09,2.388839e-16,6.946513e-18,2.168404e-18,6.854580e-03
0.940000,9.243696472e-06,1.778482148e-05,2.707064793e-05,8.892355751e-06,1.635299499e-05,1.009311140e-01,3.806481737e+01,3.138365477e-09,1.279597e-16,2.160428e-18,1.578622e-18,6.949370e-03
0.950000,9.230720338e-06,1.793146573e-05,2.717817510e-05,8.965679403e-06,1.635467186e-05,9.924918520e-02,3.804311946e+01,3.152196190e-09,6.418545e-17,8.608704e-18,1.301043e-18,6.902249e-03
0.960000,9.215911276e-06,1.807456186e-05,2.727513902e-05,9.037232170e-06,1.635144015e-05,9.756157605e-02,3.802129592e+01,3.164295886e-09,6.277815e-17,1.181933e-17,3.998340e-18,6.875090e-03
0.970000,9.199370415e-06,1.821416910e-05,2.736163393e-05,9.107009502e-06,1.634337797e-05,9.586867108e-02,3.799934963e+01,3.174678511e-09,3.425027e-16,1.239413e-17,2.168404e-18,6.907939e-03
0.980000,9.181198181e-06,1.835007668e-05,2.743775900e-05,9.175007154e-06,1.633056287e-05,9.417086530e-02,3.797728351e+01,3.183359628e-09,2.247519e-16,5.527371e-18,3.157244e-18,6.929960e-03
0.990000,9.161494240e-06,1.848253441e-05,2.750361788e-05,9.241221164e-06,1.631307176e-05,9.246856524e-02,3.795510047e+01,3.190356328e-09,2.289328e-16,2.838172e-17,2.453269e-18,6.927960e-03
1.000000,9.140357467e-06,1.861149664e-05,2.755931830e-05,9.305647857e-06,1.629098093e-05,9.076219001e-02,4.170793470e+01,3.195687147e-09,8.887201e-16,7.013927e-18,2.045669e-18,6.976699e-03
1.010000,4.091278134e-05,1.430456960e-04,2.955371300e-02,7.152284584e-05,6.139255383e-05,1.971247124e-01,4.140570777e+01,4.367820524e-04,2.555187e-16,6.071547e-18,8.940560e-19,6.991019e-03
1.020000,1.722319733e-04,5.553394935e-04,5.659081006e-02,2.776697427e-04,2.289756425e-04,3.256374224e-01,4.112708048e+01,1.602296134e-03,4.454430e-16,1.206980e-17,9.199761e-19,6.988919e-03
1.030000,3.801673000e-04,1.206454738e-03,8.127204105e-02,6.032273317e-04,4.948071704e-04,4.461615291e-01,4.086924196e+01,3.307442067e-03,5.590251e-16,1.913241e-17,1.371419e-18,6.946799e-03
1.040000,6.583491680e-04,2.075033809e-03,1.037441364e-01,1.037516718e-03,8.488514478e-04,5.563133437e-01,4.062969489e+01,5.395798832e-03,4.487092e-16,1.931828e-17,1.301043e-18,6.942930e-03
1.050000,1.000966188e-03,3.141406573e-03,1.241447098e-01,1.570702640e-03,1.282550902e-03,6.562925580e-01,4.040622265e+01,7.738850829e-03,3.508843e-16,4.716279e-18,1.734723e-18,6.928020e-03
1.060000,1.402605511e-03,4.387157353e-03,1.426029194e-01,2.193576917e-03,1.787975997e-03,7.467641248e-01,4.019685989e+01,1.023186542e-02,6.778866e-16,5.275955e-18,1.734723e-18,6.932700e-03
1.070000,1.858210234e-03,5.795014407e-03,1.592400813e-01,2.897503149e-03,2.357722081e-03,8.284806550e-01,3.999986614e+01,1.279033677e-02,1.501578e-16,8.974843e-18,3.878960e-18,6.941319e-03
1.080000,2.363047852e-03,7.348771109e-03,1.741702370e-01,3.674377286e-03,2.984871003e-03,9.021852367e-01,3.981370218e+01,1.534691976e-02,5.216439e-17,3.523657e-18,7.757919e-18,6.980459e-03
1.090000,2.912682755e-03,9.033217052e-03,1.875006798e-01,4.516593170e-03,3.662964799e-03,9.685825306e-01,3.963700892e+01,1.784878786e-02,1.167432e-16,1.615861e-17,1.734723e-18,6.957890e-03
1.100000,3.502951522e-03,1.083407534e-02,1.993324407e-01,5.417011175e-03,4.385983035e-03,1.028330829e+00,3.946858849e+01,2.025535781e-02,3.372514e-16,1.563659e-17,6.254634e-18,6.899510e-03
1.110000,4.129940575e-03,1.273794487e-02,2.097607390e-01,6.368929375e-03,5.148321851e-03,1.082041437e+00,3.930738735e+01,2.253633165e-02,2.242347e-16,2.773715e-17,1.163688e-17,6.904950e-03
1.120000,4.789965943e-03,1.473224709e-02,2.188753993e-01,7.366056930e-03,5.944774114e-03,1.130280714e+00,3.915248114e+01,2.467001328e-02,6.697962e-16,1.960818e-17,8.673617e-18,6.876769e-03
1.130000,5.479554931e-03,1.680517675e-02,2.267612366e-01,8.402489499e-03,6.770510416e-03,1.173573004e+00,3.900306114e+01,2.664186235e-02,2.582502e-16,2.511701e-17,3.469447e-18,6.870439e-03
1.140000,6.195429531e-03,1.894565634e-02,2.334984138e-01,9.472686497e-03,7.621060827e-03,1.212403708e+00,3.885842220e+01,2.844325349e-02,4.565256e-16,7.890877e-18,8.673617e-18,6.854869e-03
1.150000,6.934491416e-03,2.114329393e-02,2.391627714e-01,1.057145005e-02,8.492297301e-03,1.247222219e+00,3.871795180e+01,3.007041296e-02,4.476148e-16,1.907487e-17,9.813078e-18,6.833320e-03
1.160000,7.693808373e-03,2.338834410e-02,2.438261332e-01,1.169390552e-02,9.380416691e-03,1.278444568e+00,3.858112037e+01,3.152350877e-02,1.671736e-16,1.387948e-17,1.734723e-18,6.883209e-03
1.170000,8.470602067e-03,2.567167178e-02,2.475565894e-01,1.283548342e-02,1.028192433e-02,1.306455771e+00,3.844747247e+01,3.280587330e-02,2.239438e-16,2.032294e-17,8.673617e-18,6.895699e-03
1.180000,9.262236986e-03,2.798471862e-02,2.504187575e-01,1.399190273e-02,1.119361814e-02,1.331611864e+00,3.831661902e+01,3.392334049e-02,1.972873e-16,8.542522e-18,4.906539e-18,6.924359e-03
1.190000,1.006621049e-02,3.031947192e-02,2.524740248e-01,1.515915530e-02,1.211257320e-02,1.354241645e+00,3.818823013e+01,3.488368194e-02,8.914533e-16,2.668107e-17,2.023018e-17,6.874839e-03
1.200000,1.088014387e-02,3.266843564e-02,2.537807715e-01,1.633349148e-02,1.303612676e-02,1.374648171e+00,3.806202883e+01,3.569612834e-02,6.670370e-16,4.872883e-18,1.868354e-17,7.030209e-03
1.210000,1.170177423e-02,3.502460356e-02,2.543945781e-01,1.751140668e-02,1.396186376e-02,1.393110025e+00,3.793778523e+01,3.637096472e-02,2.474971e-16,1.301043e-17,1.868354e-17,6.933959e-03
1.220000,1.252894732e-02,3.738143427e-02,2.543684165e-01,1.868962891e-02,1.488760262e-02,1.409882399e+00,3.781531146e+01,3.691918917e-02,2.306599e-16,2.702166e-17,3.469447e-18,6.871630e-03
1.230000,1.335961098e-02,3.973282780e-02,2.537528262e-01,1.986510713e-02,1.581138149e-02,1.425198028e+00,3.769445690e+01,3.735222653e-02,3.360292e-16,1.334053e-17,4.906539e-18,6.916170e-03
1.240000,1.419180930e-02,4.207310399e-02,2.525960778e-01,2.103500046e-02,1.673144484e-02,1.439268007e+00,3.757510405e+01,3.768168919e-02,1.044847e-16,3.227938e-17,6.938894e-18,6.946440e-03
1.250000,1.502367743e-02,4.439698213e-02,2.509443233e-01,2.219666797e-02,1.764623035e-02,1.452282529e+00,3.745716465e+01,3.791917881e-02,2.226038e-16,2.059984e-17,0.000000e+00,6.914489e-03
1.260000,1.585343687e-02,4.669956198e-02,2.488417342e-01,2.334765928e-02,1.855435617e-02,1.464411566e+00,3.734057629e+01,3.807612296e-02,6.685558e-16,7.102972e-18,2.023018e-17,6.967549e-03
1.270000,1.667939125e-02,4.897630604e-02,2.463306291e-01,2.448570563e-02,1.945460849e-02,1.475805525e+00,3.722529929e+01,3.816364200e-02,7.777241e-16,3.127317e-18,2.501854e-17,6.905540e-03
1.280000,1.749992261e-02,5.122302282e-02,2.434515903e-01,2.560871152e-02,2.034592934e-02,1.486595914e+00,3.711131385e+01,3.819244197e-02,2.600408e-16,2.828002e-17,1.387779e-17,6.923329e-03
1.290000,1.831348803e-02,5.343585115e-02,2.402435696e-01,2.671474693e-02,2.122740483e-02,1.496896014e+00,3.699861753e+01,3.817272974e-02,6.737026e-16,2.863608e-17,2.501854e-17,6.928840e-03
1.300000,1.911861658e-02,5.561124543e-02,2.367439859e-01,2.780203985e-02,2.209825355e-02,1.506801597e+00,3.688722296e+01,3.811414727e-02,8.913063e-16,1.493683e-17,2.023018e-17,6.918860e-03
1.310000,1.991390666e-02,5.774596166e-02,2.329888110e-01,2.886896934e-02,2.295781536e-02,1.516391694e+00,3.677715572e+01,3.802572244e-02,5.599907e-16,2.276825e-17,9.813078e-18,6.905790e-03
1.320000,2.069802358e-02,5.983704421e-02,2.290126478e-01,2.991405887e-02,2.380554045e-02,1.525729415e+00,3.666845249e+01,3.791583382e-02,2.237762e-16,2.411515e-17,4.906539e-18,6.938039e-03
1.330000,2.146969735e-02,6.188181335e-02,2.248487978e-01,3.093597008e-02,2.464097873e-02,1.534862829e+00,3.656115931e+01,3.779218755e-02,9.197716e-17,1.629625e-17,6.938894e-18,6.893940e-03
1.340000,2.222772080e-02,6.387785326e-02,2.205293191e-01,3.193349678e-02,2.546376954e-02,1.543825906e+00,3.645533008e+01,3.766180450e-02,4.488906e-16,1.113513e-17,1.250927e-17,6.864840e-03
1.350000,2.297094772e-02,6.582300073e-02,2.160850746e-01,3.290555925e-02,2.627363169e-02,1.552639513e+00,3.635102516e+01,3.753101614e-02,2.348258e-16,2.632357e-17,3.469447e-18,6.949319e-03
1.360000,2.369829138e-02,6.771533429e-02,2.115457689e-01,3.385119878e-02,2.707035383e-02,1.561312455e+00,3.624831008e+01,3.740546790e-02,1.272519e-16,1.334053e-17,0.000000e+00,6.945919e-03
1.370000,2.440872300e-02,6.955316379e-02,2.069399750e-01,3.476957246e-02,2.785378524e-02,1.569842553e+00,3.614725447e+01,3.729012880e-02,4.467524e-16,4.385326e-18,1.163688e-17,6.954009e-03
1.380000,2.510127052e-02,7.133502041e-02,2.022951479e-01,3.565994816e-02,2.862382691e-02,1.578217750e+00,3.604793099e+01,3.718930640e-02,1.138379e-16,3.814728e-17,3.469447e-18,6.964940e-03
1.390000,2.577501733e-02,7.305964702e-02,1.976376265e-01,3.652169965e-02,2.938042311e-02,1.586417227e+00,3.595041447e+01,3.710666616e-02,1.280279e-16,1.888505e-17,1.163688e-17,6.928410e-03
1.400000,2.642910123e-02,7.472598888e-02,1.929926207e-01,3.735430196e-02,3.012355332e-02,1.594412521e+00,3.585478102e+01,3.704525454e-02,7.795225e-16,2.110048e-17,8.673617e-18,6.938030e-03
1.410000,2.706271340e-02,7.633318459e-02,1.883841854e-01,3.815732683e-02,3.085322455e-02,1.602168629e+00,3.576110736e+01,3.700752510e-02,6.684742e-16,1.287236e-17,5.204170e-18,6.956379e-03
1.420000,2.767509746e-02,7.788055740e-02,1.838351776e-01,3.893043829e-02,3.156946425e-02,1.609645086e+00,3.566947014e+01,3.699536706e-02,3.342559e-16,1.066714e-17,3.878960e-18,6.936530e-03
1.430000,2.826554862e-02,7.936760661e-02,1.793671997e-01,3.967338842e-02,3.227231348e-02,1.616797014e+00,3.557994531e+01,3.701013589e-02,4.475715e-16,2.722190e-17,8.673617e-18,6.957720e-03
1.440000,2.883341281e-02,8.079399930e-02,1.750005251e-01,4.038601312e-02,3.296182076e-02,1.623576122e+00,3.549260767e+01,3.705268536e-02,5.739451e-16,2.273828e-17,7.152448e-18,6.993209e-03
1.450000,2.937808599e-02,8.215956219e-02,1.707540105e-01,4.106822805e-02,3.363803621e-02,1.629931655e+00,3.540753036e+01,3.712340074e-02,4.451817e-16,2.001638e-17,5.485677e-18,6.938639e-03
1.460000,2.989901336e-02,8.346427366e-02,1.666449932e-01,4.172002464e-02,3.430100639e-02,1.635811290e+00,3.532478445e+01,3.722223284e-02,1.422649e-16,6.223320e-17,1.163688e-17,6.939450e-03
1.470000,3.039568867e-02,8.470825595e-02,1.626891770e-01,4.234146613e-02,3.495076946e-02,1.641161972e+00,3.524443858e+01,3.734873247e-02,4.558952e-16,1.993517e-17,1.163688e-17,6.958539e-03
1.480000,3.086765359e-02,8.589176746e-02,1.589005106e-01,4.293268375e-02,3.558735097e-02,1.645930683e+00,3.516655866e+01,3.750208519e-02,2.482887e-16,2.348393e-17,7.757919e-18,6.855859e-03
1.490000,3.131449706e-02,8.701519519e-02,1.552910621e-01,4.349387289e-02,3.621076014e-02,1.650065150e+00,3.509120756e+01,3.768114601e-02,2.220840e-16,1.067815e-17,8.845389e-18,6.851349e-03
1.500000,3.173585467e-02,8.807904726e-02,1.518708963e-01,4.402528939e-02,3.682098658e-02,1.653514493e+00,3.501844489e+01,3.788447384e-02,1.399199e-16,4.045164e-17,5.818439e-18,6.920250e-03
1.510000,3.213140808e-02,8.908394559e-02,1.486479613e-01,4.452724580e-02,3.741799763e-02,1.656229807e+00,3.494832677e+01,3.811036552e-02,2.438245e-16,2.825257e-17,8.673617e-19,6.897690e-03
1.520000,3.250088443e-02,9.003061858e-02,1.456279923e-01,4.500010783e-02,3.800173611e-02,1.658164686e+00,3.488090568e+01,3.835688929e-02,6.662089e-16,5.062191e-18,6.254634e-18,6.883609e-03
1.530000,3.284405585e-02,9.091989398e-02,1.428144418e-01,4.544429063e-02,3.857211859e-02,1.659275692e+00,3.481623028e+01,3.862191746e-02,4.540614e-16,1.632508e-17,6.254634e-18,6.923739e-03
1.540000,3.316073884e-02,9.175269173e-02,1.402084414e-01,4.586025537e-02,3.912903408e-02,1.659522768e+00,3.475434526e+01,3.890315817e-02,4.533542e-16,1.912626e-17,1.788112e-18,6.943809e-03
1.550000,3.345079386e-02,9.253001702e-02,1.378088053e-01,4.624850561e-02,3.967234332e-02,1.658869603e+00,3.469529131e+01,3.919818618e-02,2.088546e-17,1.283761e-17,8.940560e-18,6.928770e-03
1.560000,3.371412475e-02,9.325295327e-02,1.356120781e-01,4.660958392e-02,4.020187830e-02,1.657283953e+00,3.463910494e+01,3.950447252e-02,5.701896e-16,1.246597e-17,1.063182e-17,6.992499e-03
1.570000,3.395067831e-02,9.392265532e-02,1.336126304e-01,4.694406841e-02,4.071744235e-02,1.654737913e+00,3.458581847e+01,3.981941287e-02,3.504037e-17,6.071532e-18,6.254634e-18,6.964489e-03
1.580000,3.416044386e-02,9.454034268e-02,1.318028029e-01,4.725256935e-02,4.121881055e-02,1.651208157e+00,3.453545997e+01,4.014035466e-02,4.498241e-16,2.990905e-17,1.734723e-18,6.922800e-03
1.590000,3.434345278e-02,9.510729279e-02,1.301730945e-01,4.753572585e-02,4.170573050e-02,1.646676141e+00,3.448805320e+01,4.046462278e-02,2.242630e-16,2.345989e-17,1.217400e-17,6.942340e-03
1.600000,3.449977813e-02,9.562483449e-02,1.287123896e-01,4.779420258e-02,4.217792347e-02,1.641128275e+00,3.444361761e+01,4.078954385e-02,2.582556e-16,1.076586e-17,4.670886e-18,6.910929e-03
1.610000,3.462953430e-02,9.609434151e-02,1.274082163e-01,4.802868649e-02,4.263508577e-02,1.634556062e+00,3.440216828e+01,4.111246891e-02,4.497547e-16,1.748223e-17,3.127317e-18,6.947879e-03
1.620000,3.473287667e-02,9.651722612e-02,1.262470249e-01,4.823988371e-02,4.307689047e-02,1.626956220e+00,3.436371601e+01,4.143079463e-02,3.339633e-16,3.634908e-18,6.992894e-18,6.915629e-03
1.630000,3.481000126e-02,9.689493285e-02,1.252144777e-01,4.842851635e-02,4.350298931e-02,1.618330776e+00,3.432826721e+01,4.174198292e-02,2.240725e-16,8.848046e-18,3.878960e-18,6.955759e-03
1.640000,3.486114456e-02,9.722893242e-02,1.242957379e-01,4.859531951e-02,4.391301489e-02,1.608687137e+00,3.429582403e+01,4.204357887e-02,8.914853e-16,5.558056e-18,8.940560e-18,6.940149e-03
1.650000,3.488658321e-02,9.752071572e-02,1.234757490e-01,4.874103827e-02,4.430658293e-02,1.598038152e+00,3.426638428e+01,4.233322712e-02,6.696741e-16,1.381156e-17,6.992894e-18,6.954029e-03
1.660000,3.488663392e-02,9.777178800e-02,1.227394971e-01,4.886642483e-02,4.468329481e-02,1.586402146e+00,3.423994155e+01,4.260868656e-02,5.595996e-17,1.487374e-17,5.898698e-18,6.910719e-03
1.670000,3.486165328e-02,9.798366327e-02,1.220722488e-01,4.897223563e-02,4.504274014e-02,1.573802952e+00,3.421648520e+01,4.286784337e-02,1.887689e-16,1.046466e-17,3.469447e-18,6.890229e-03
1.680000,3.481203772e-02,9.815785878e-02,1.214597612e-01,4.905922869e-02,4.538449949e-02,1.560269918e+00,3.419600041e+01,4.310872250e-02,4.619742e-16,9.078858e-18,9.341772e-18,6.953609e-03
1.690000,3.473822351e-02,9.829588978e-02,1.208884619e-01,4.912816097e-02,4.570814710e-02,1.545837907e+00,3.417846824e+01,4.332949741e-02,2.460527e-16,4.336809e-18,3.878960e-18,6.910418e-03
1.700000,3.464068682e-02,9.839926446e-02,1.203455980e-01,4.917978583e-02,4.601325377e-02,1.530547284e+00,3.416386569e+01,4.352849833e-02,7.846183e-16,1.813731e-17,8.716878e-18,6.925829e-03
1.710000,3.451994383e-02,9.846947916e-02,1.198193548e-01,4.921485067e-02,4.629938963e-02,1.514443889e+00,3.415216573e+01,4.370421895e-02,4.786479e-18,2.208368e-17,7.152448e-18,7.169009e-03
1.720000,3.437655097e-02,9.850801375e-02,1.192989474e-01,4.923409461e-02,4.656612702e-02,1.497578994e+00,3.414333741e+01,4.385532148e-02,4.191490e-17,2.289901e-17,6.938894e-18,6.895439e-03
1.730000,3.421110520e-02,9.851632736e-02,1.187746857e-01,4.923824637e-02,4.681304324e-02,1.480009254e+00,3.413734590e+01,4.398064037e-02,1.104823e-17,1.503292e-17,2.453269e-18,6.926019e-03
1.740000,3.402424437e-02,9.849585430e-02,1.182380184e-01,4.922802225e-02,4.703972340e-02,1.461796626e+00,3.413415257e+01,4.407918452e-02,8.921037e-16,1.841102e-17,5.818439e-18,6.933429e-03
1.750000,3.381664773e-02,9.844800033e-02,1.176815565e-01,4.920412426e-02,4.724576306e-02,1.443008286e+00,3.413371508e+01,4.415013814e-02,4.493363e-16,2.393731e-17,8.673617e-19,6.948699e-03
1.760000,3.358903651e-02,9.837413921e-02,1.170990816e-01,4.916723840e-02,4.743077091e-02,1.423716505e+00,3.413598745e+01,4.419286034e-02,4.553578e-16,2.445615e-17,3.469447e-18,6.901279e-03
1.770000,3.334217456e-02,9.827560958e-02,1.164855403e-01,4.911803311e-02,4.759437131e-02,1.403998511e+00,3.414092013e+01,4.420688340e-02,4.514622e-16,1.409723e-17,4.906539e-18,6.909429e-03
1.780000,3.307686917e-02,9.815371213e-02,1.158370287e-01,4.905715786e-02,4.773620672e-02,1.383936307e+00,3.414846013e+01,4.419190996e-02,4.650857e-16,1.151553e-17,6.254634e-18,6.919859e-03
1.790000,3.279397199e-02,9.800970714e-02,1.151507676e-01,4.898524193e-02,4.785594010e-02,1.363616456e+00,3.415855109e+01,4.414780907e-02,2.412732e-16,1.396055e-17,8.182674e-18,6.928978e-03
1.800000,3.249438005e-02,9.784481236e-02,1.144250716e-01,4.890289335e-02,4.795325707e-02,1.343129804e+00,3.417113339e+01,4.407461125e-02,4.484609e-16,5.494309e-18,4.336809e-18,6.925709e-03
1.810000,3.217903687e-02,9.766020125e-02,1.136593133e-01,4.881069803e-02,4.802786807e-02,1.322571160e+00,3.418614422e+01,4.397250258e-02,9.373760e-17,1.798109e-17,2.602085e-18,6.884299e-03
1.820000,3.184893376e-02,9.745700153e-02,1.128538828e-01,4.870921902e-02,4.807951029e-02,1.302038895e+00,3.420351773e+01,4.384181805e-02,1.387837e-16,1.521214e-17,5.818439e-18,6.921909e-03
1.830000,3.150511119e-02,9.723629414e-02,1.120101444e-01,4.859899602e-02,4.810794950e-02,1.281634461e+00,3.422318512e+01,4.368303398e-02,2.656154e-16,1.077869e-17,6.254634e-18,6.910609e-03
1.840000,3.114866023e-02,9.699911255e-02,1.111303906e-01,4.848054501e-02,4.811298177e-02,1.261461826e+00,3.424507475e+01,4.349675994e-02,4.577703e-16,2.528424e-17,1.939480e-18,6.940159e-03
1.850000,3.078072414e-02,9.674644240e-02,1.102177934e-01,4.835435810e-02,4.809443501e-02,1.241626793e+00,3.426911225e+01,4.328373000e-02,6.709140e-16,1.119409e-17,8.673617e-18,6.925348e-03
1.860000,3.040249999e-02,9.647922149e-02,1.092763524e-01,4.822090351e-02,4.805217032e-02,1.222236213e+00,3.429522069e+01,4.304479346e-02,3.378449e-16,1.241873e-17,3.127317e-18,6.978019e-03
1.870000,3.001524031e-02,9.619834016e-02,1.083108407e-01,4.808062574e-02,4.798608335e-02,1.203397073e+00,3.432332062e+01,4.278090524e-02,2.333300e-16,1.685167e-17,1.734723e-18,6.942079e-03
1.880000,2.962025477e-02,9.590464194e-02,1.073267468e-01,4.793394596e-02,4.789610530e-02,1.185215452e+00,3.435333030e+01,4.249311591e-02,2.727567e-16,1.748223e-18,8.182674e-18,6.932679e-03
1.890000,2.921891179e-02,9.559892459e-02,1.063302125e-01,4.778126243e-02,4.778220395e-02,1.167795356e+00,3.438516575e+01,4.218256148e-02,1.136744e-16,3.127317e-18,2.453269e-18,6.934739e-03
1.900000,2.881264000e-02,9.528194136e-02,1.053279655e-01,4.762295124e-02,4.764438449e-02,1.151237425e+00,3.441874095e+01,4.185045303e-02,1.113035e-16,8.684453e-18,6.938894e-18,6.862469e-03
1.910000,2.840292954e-02,9.495440263e-02,1.043272470e-01,4.745936705e-02,4.748269014e-02,1.135637542e+00,3.445396793e+01,4.149806631e-02,3.352502e-16,1.595951e-17,2.602085e-18,6.894869e-03
1.920000,2.799133298e-02,9.461697775e-02,1.033357318e-01,4.729084405e-02,4.729720274e-02,1.121085356e+00,3.449075695e+01,4.112673128e-02,4.519519e-16,1.818909e-17,5.275955e-18,6.942360e-03
1.930000,2.757946591e-02,9.427029718e-02,1.023614415e-01,4.711769699e-02,4.708804313e-02,1.107662762e+00,3.452901665e+01,4.073782176e-02,2.227253e-16,1.746912e-17,8.673617e-19,6.937519e-03
1.940000,2.716900681e-02,9.391495478e-02,1.014126497e-01,4.694022238e-02,4.685537143e-02,1.095442385e+00,3.456865419e+01,4.033274524e-02,1.570275e-16,1.301223e-17,3.878960e-18,6.907339e-03
1.950000,2.676169619e-02,9.355151044e-02,1.004977790e-01,4.675869975e-02,4.659938715e-02,1.084486109e+00,3.460957539e+01,3.991293287e-02,8.905950e-16,3.963437e-17,6.254634e-18,6.902890e-03
1.960000,2.635933483e-02,9.318049268e-02,9.962528861e-02,4.657339298e-02,4.632032926e-02,1.074843737e+00,3.465168494e+01,3.947982975e-02,6.793443e-16,6.377469e-18,7.757919e-18,6.912149e-03
1.970000,2.596378066e-02,9.280240162e-02,9.880355606e-02,4.638455175e-02,4.601847601e-02,1.066551818e+00,3.469488650e+01,3.903488555e-02,1.111197e-16,8.420559e-18,3.127317e-18,6.950369e-03
1.980000,2.557694424e-02,9.241771188e-02,9.804075046e-02,4.619241305e-02,4.569414476e-02,1.059632721e+00,3.473908292e+01,3.857954548e-02,6.676754e-16,2.558717e-17,7.573911e-18,6.927310e-03
1.990000,2.520078253e-02,9.202687567e-02,9.734470184e-02,4.599720266e-02,4.534769161e-02,1.054094004e+00,3.478417637e+01,3.811524179e-02,2.381968e-16,1.762954e-17,4.336809e-19,6.923859e-03
2.000000,2.483729059e-02,9.163032592e-02,9.672276781e-02,4.579913675e-02,4.497951099e-02,1.049928116e+00,3.483006853e+01,3.764338559e-02,2.186097e-16,1.216048e-17,2.453269e-18,6.908869e-03
2.010000,2.448849098e-02,9.122847945e-02,9.618170099e-02,4.559842342e-02,4.459003504e-02,1.047112462e+00,3.487666075e+01,3.716535935e-02,2.315361e-16,2.153172e-17,6.952433e-18,6.925439e-03
2.020000,2.415642075e-02,9.082174006e-02,9.572752106e-02,4.539526432e-02,4.417973306e-02,1.045609828e+00,3.492385423e+01,3.668250983e-02,6.664639e-16,1.865962e-17,3.878960e-18,6.920689e-03
2.030000,2.384311565e-02,9.041050172e-02,9.536539558e-02,4.518985617e-02,4.374911067e-02,1.045369153e+00,3.497155019e+01,3.619614162e-02,6.671655e-16,2.533324e-17,6.774312e-18,6.917279e-03
2.040000,2.355059164e-02,8.999515159e-02,9.509953396e-02,4.498239229e-02,4.329870907e-02,1.046326610e+00,3.501965005e+01,3.570751127e-02,2.238021e-16,7.809267e-18,8.673617e-19,6.955298e-03
2.050000,2.328082382e-02,8.957607299e-02,9.493309888e-02,4.477306410e-02,4.282910408e-02,1.048406939e+00,3.506805558e+01,3.521782203e-02,5.590203e-16,5.724752e-18,2.742839e-18,6.887119e-03
2.060000,2.303572272e-02,8.915364828e-02,9.486813898e-02,4.456206256e-02,4.234090515e-02,1.051524986e+00,3.511666910e+01,3.472821924e-02,6.674435e-16,3.496447e-18,7.996680e-18,6.912259e-03
2.070000,2.281710874e-02,8.872826156e-02,9.490554573e-02,4.434957947e-02,4.183475434e-02,1.055587347e+00,3.516539368e+01,3.423978627e-02,1.110281e-15,1.009881e-17,1.388456e-17,6.933739e-03
2.080000,2.262668503e-02,8.830030119e-02,9.504503651e-02,4.413580882e-02,4.131132515e-02,1.060494090e+00,3.521413323e+01,3.375354113e-02,4.906791e-17,3.165573e-17,3.496447e-18,6.920709e-03
2.090000,2.246600988e-02,8.787016222e-02,9.528516442e-02,4.392094789e-02,4.077132137e-02,1.066140449e+00,3.526279274e+01,3.327043375e-02,2.224791e-16,1.348078e-17,2.909220e-18,6.953039e-03
2.100000,2.233646941e-02,8.743824844e-02,9.562335428e-02,4.370519837e-02,4.021547579e-02,1.072418473e+00,3.531127845e+01,3.279134380e-02,8.123382e-17,1.649271e-17,1.226635e-18,6.938479e-03
2.110000,2.223925200e-02,8.700497438e-02,9.605596268e-02,4.348876732e-02,3.964454894e-02,1.079218562e+00,3.535949795e+01,3.231707913e-02,5.572773e-16,7.152448e-18,3.576224e-18,6.977519e-03
2.120000,2.217532530e-02,8.657076688e-02,9.657835900e-02,4.327186795e-02,3.905932775e-02,1.086430867e+00,3.540736042e+01,3.184837483e-02,2.303052e-16,1.599336e-17,1.301043e-18,6.986809e-03
2.130000,2.214541735e-02,8.613606657e-02,9.718502360e-02,4.305472036e-02,3.846062409e-02,1.093946540e+00,3.545477675e+01,3.138589281e-02,2.223799e-16,1.985955e-17,3.705371e-18,6.988729e-03
2.140000,2.215000259e-02,8.570132890e-02,9.786965848e-02,4.283755207e-02,3.784927344e-02,1.101658810e+00,3.550165970e+01,3.093022196e-02,1.354947e-16,9.202316e-18,9.697399e-19,6.964429e-03
2.150000,2.218929374e-02,8.526702499e-02,9.862530605e-02,4.262059844e-02,3.722613335e-02,1.109463901e+00,3.554792404e+01,3.048187882e-02,5.724061e-17,1.786534e-17,3.634908e-18,6.947539e-03
2.160000,2.226323995e-02,8.483364214e-02,9.944447140e-02,4.240410292e-02,3.659208197e-02,1.117261790e+00,3.559348672e+01,3.004130870e-02,2.603889e-17,8.456777e-18,1.748223e-18,6.970789e-03
2.170000,2.237153138e-02,8.440168400e-02,1.003192440e-01,4.218831712e-02,3.594801653e-02,1.124956808e+00,3.563826701e+01,2.960888731e-02,2.610237e-16,6.619851e-18,1.226635e-18,6.991989e-03
2.180000,2.251360992e-02,8.397167042e-02,1.012414156e-01,4.197350078e-02,3.529485178e-02,1.132458122e+00,3.568218661e+01,2.918492275e-02,4.540174e-16,8.148124e-18,2.710505e-18,6.940999e-03
2.190000,2.268868551e-02,8.354413702e-02,1.022025911e-01,4.175992152e-02,3.463351843e-02,1.139680084e+00,3.572516978e+01,2.876965797e-02,3.869554e-17,2.010077e-17,1.990331e-18,6.975659e-03
2.200000,2.289575703e-02,8.311963441e-02,1.031942916e-01,4.154785443e-02,3.396496157e-02,1.146542486e+00,3.576714351e+01,2.836327348e-02,4.475578e-16,1.368845e-17,3.529907e-18,6.929789e-03
2.210000,2.313363677e-02,8.269872704e-02,1.042080458e-01,4.133758154e-02,3.329013901e-02,1.152970726e+00,3.580803757e+01,2.796589044e-02,4.536770e-16,5.854692e-18,1.084202e-18,6.941739e-03
2.220000,2.340097722e-02,8.228199178e-02,1.052354730e-01,4.112939112e-02,3.261001972e-02,1.158895900e+00,3.584778467e+01,2.757757399e-02,1.271936e-16,2.453269e-17,5.275955e-18,6.961299e-03
2.230000,2.369629894e-02,8.187001619e-02,1.062683530e-01,4.092357676e-02,3.192558215e-02,1.164254844e+00,3.588632052e+01,2.719833687e-02,2.328046e-16,2.667137e-17,1.084202e-19,6.947459e-03
2.240000,2.401801854e-02,8.146339642e-02,1.072986874e-01,4.072043635e-02,3.123781257e-02,1.168990118e+00,3.592358396e+01,2.682814312e-02,1.404186e-17,1.918149e-17,8.673617e-19,6.964269e-03
2.250000,2.436447562e-02,8.106273490e-02,1.083187494e-01,4.052027093e-02,3.054770340e-02,1.173049961e+00,3.595951702e+01,2.646691205e-02,2.506739e-16,1.162273e-17,4.445229e-18,6.967589e-03
2.260000,2.473395810e-02,8.066863767e-02,1.093211257e-01,4.032338336e-02,2.985625153e-02,1.176388215e+00,3.599406502e+01,2.611452227e-02,4.503111e-16,1.447643e-17,1.939480e-18,7.009179e-03
2.270000,2.512472516e-02,8.028171151e-02,1.102987493e-01,4.013007688e-02,2.916445657e-02,1.178964234e+00,3.602717660e+01,2.577081583e-02,3.601659e-16,7.155734e-18,1.563659e-18,6.936109e-03
2.280000,2.553502776e-02,7.990256081e-02,1.112449252e-01,3.994065352e-02,2.847331913e-02,1.180742775e+00,3.605880383e+01,2.543560234e-02,7.804411e-16,1.860410e-17,1.084202e-18,6.996569e-03
2.290000,2.596312621e-02,7.953178421e-02,1.121533500e-01,3.975541246e-02,2.778383901e-02,1.181693878e+00,3.608890222e+01,2.510866320e-02,1.148808e-16,5.386205e-18,5.244670e-18,6.971508e-03
2.300000,2.640730508e-02,7.916997107e-02,1.130181255e-01,3.957464826e-02,2.709701340e-02,1.181792747e+00,3.611743080e+01,2.478975571e-02,4.451765e-16,1.411963e-17,1.022834e-18,6.993558e-03
2.310000,2.686588536e-02,7.881769778e-02,1.138337683e-01,3.939864898e-02,2.641383500e-02,1.181019625e+00,3.614435212e+01,2.447861717e-02,2.359470e-16,1.734723e-18,8.741117e-19,6.990319e-03
2.320000,2.733723414e-02,7.847552394e-02,1.145952148e-01,3.922769432e-02,2.573529011e-02,1.179359674e+00,3.616963230e+01,2.417496890e-02,2.318321e-16,1.708504e-17,1.226635e-18,6.964449e-03
2.330000,2.781977200e-02,7.814398849e-02,1.152978238e-01,3.906205365e-02,2.506235656e-02,1.176802855e+00,3.619324103e+01,2.387852010e-02,6.718918e-16,1.162273e-17,2.045669e-18,6.968640e-03
2.340000,2.831197850e-02,7.782360574e-02,1.159373759e-01,3.890198403e-02,2.439600171e-02,1.173343814e+00,3.621515162e+01,2.358897165e-02,2.342847e-16,1.044442e-17,2.611105e-18,6.990339e-03
2.350000,2.881239580e-02,7.751486140e-02,1.165100707e-01,3.874772826e-02,2.373718016e-02,1.168981774e+00,3.623534092e+01,2.330601963e-02,3.443877e-16,7.564593e-18,1.735570e-18,6.991108e-03
2.360000,2.931963099e-02,7.721820872e-02,1.170125232e-01,3.859951288e-02,2.308683152e-02,1.163720437e+00,3.625378942e+01,2.302935877e-02,2.985042e-16,4.336809e-19,1.084202e-19,6.971359e-03
2.370000,2.983235712e-02,7.693406457e-02,1.174417578e-01,3.845754629e-02,2.244587786e-02,1.157567891e+00,3.627048113e+01,2.275868563e-02,4.442197e-16,1.416119e-17,1.226635e-18,7.001898e-03
2.380000,3.034931328e-02,7.666280579e-02,1.177952017e-01,3.832201689e-02,2.181522115e-02,1.150536526e+00,3.628540363e+01,2.249370159e-02,4.309906e-17,1.200482e-17,1.915850e-18,6.944929e-03
2.390000,3.086930393e-02,7.640476563e-02,1.180706781e-01,3.819309126e-02,2.119574045e-02,1.142642964e+00,3.629854802e+01,2.223411558e-02,4.477334e-16,5.553825e-18,9.263427e-19,6.961318e-03
2.400000,3.139119763e-02,7.616023036e-02,1.182663980e-01,3.807091255e-02,2.058828884e-02,1.133907989e+00,3.630990884e+01,2.197964660e-02,8.962095e-16,1.949153e-17,1.817454e-18,6.983478e-03
2.410000,3.191392531e-02,7.592943622e-02,1.183809517e-01,3.795559889e-02,1.999369026e-02,1.124356500e+00,3.631948409e+01,2.173002596e-02,4.482211e-16,9.967587e-18,4.878910e-19,6.988309e-03
2.420000,3.243647821e-02,7.571256663e-02,1.184133009e-01,3.784724200e-02,1.941273598e-02,1.114017459e+00,3.632727513e+01,2.148499928e-02,6.683023e-16,7.961322e-18,3.529907e-18,6.985069e-03
2.430000,3.295790564e-02,7.550974965e-02,1.183627695e-01,3.774590597e-02,1.884618086e-02,1.102923863e+00,3.633328664e+01,2.124432821e-02,4.453066e-16,2.601453e-17,2.305045e-18,6.956419e-03
2.440000,3.347731252e-02,7.532105593e-02,1.182290351e-01,3.765162618e-02,1.829473939e-02,1.091112717e+00,3.633752655e+01,2.100779191e-02,2.284694e-16,2.392724e-17,1.939480e-18,6.942139e-03
2.450000,3.399385698e-02,7.514649695e-02,1.180121201e-01,3.756440843e-02,1.775908145e-02,1.078625016e+00,3.634000596e+01,2.077518829e-02,1.804300e-16,9.341772e-18,1.964322e-18,6.972839e-03
2.460000,3.450674774e-02,7.498602368e-02,1.177123834e-01,3.748422831e-02,1.723982779e-02,1.065505740e+00,3.634073906e+01,2.054633487e-02,7.771953e-16,4.610091e-18,3.471141e-18,6.958499e-03
2.470000,3.501524172e-02,7.483952571e-02,1.173305113e-01,3.741103070e-02,1.673754537e-02,1.051803848e+00,3.633974308e+01,2.032106958e-02,5.598504e-16,1.582935e-17,2.602085e-18,6.891348e-03
2.480000,3.551864153e-02,7.470683077e-02,1.168675096e-01,3.734472959e-02,1.625274257e-02,1.037572287e+00,3.633703815e+01,2.009925115e-02,2.533896e-16,4.210280e-18,2.611105e-18,6.920678e-03
2.490000,3.601629310e-02,7.458770474e-02,1.163246949e-01,3.728520806e-02,1.578586423e-02,1.022867994e+00,3.633264723e+01,1.988075932e-02,5.599120e-17,3.980661e-18,3.476217e-18,6.974278e-03
2.500000,3.650758341e-02,7.448185210e-02,1.157036869e-01,3.723231849e-02,1.533728684e-02,1.007751899e+00,3.632659604e+01,1.966549485e-02,2.242583e-16,4.470280e-18,0.000000e+00,6.936209e-03
2.510000,3.699193824e-02,7.438891676e-02,1.150064004e-01,3.718588300e-02,1.490731385e-02,9.922889257e-01,3.631891291e+01,1.945337927e-02,3.382828e-16,7.023086e-18,2.168404e-19,6.957529e-03
2.520000,3.746882010e-02,7.430848339e-02,1.142350374e-01,3.714569410e-02,1.449617127e-02,9.765479785e-01,3.630962869e+01,1.924435445e-02,2.268599e-16,1.232943e-17,5.114171e-19,6.938689e-03
2.530000,3.793772619e-02,7.424007918e-02,1.133920800e-01,3.711151558e-02,1.410400379e-02,9.606019073e-01,3.629877666e+01,1.903838200e-02,4.544525e-16,4.210280e-18,1.738108e-18,6.941929e-03
2.540000,3.839818653e-02,7.418317588e-02,1.124802833e-01,3.708308351e-02,1.373087164e-02,9.445274499e-01,3.628639240e+01,1.883544241e-02,4.480906e-16,5.963112e-18,3.079139e-18,6.945529e-03
2.550000,3.884976212e-02,7.413719229e-02,1.115026677e-01,3.706010752e-02,1.337674828e-02,9.284051318e-01,3.627251368e+01,1.863553416e-02,5.644792e-16,8.673617e-18,2.211347e-18,6.866479e-03
2.560000,3.929204326e-02,7.410149709e-02,1.104625128e-01,3.704227218e-02,1.304151928e-02,9.123191153e-01,3.625718034e+01,1.843867260e-02,3.486985e-18,9.442523e-18,5.963112e-19,6.858079e-03
2.570000,3.972464794e-02,7.407541193e-02,1.093633502e-01,3.702923854e-02,1.272498248e-02,8.963569810e-01,3.624043417e+01,1.824488868e-02,9.578796e-17,8.673617e-19,1.325933e-18,6.876899e-03
2.580000,4.014722031e-02,7.405821474e-02,1.082089571e-01,3.702064585e-02,1.242684968e-02,8.806094241e-01,3.622231881e+01,1.805422770e-02,2.916585e-17,7.855043e-18,1.409463e-18,6.922878e-03
2.590000,4.055942925e-02,7.404914340e-02,1.070033496e-01,3.701611328e-02,1.214674987e-02,8.651698475e-01,3.620287960e+01,1.786674781e-02,2.277996e-16,4.091337e-18,5.262850e-19,6.915909e-03
2.600000,4.096096705e-02,7.404739943e-02,1.057507761e-01,3.701524190e-02,1.188423427e-02,8.501338308e-01,3.618216347e+01,1.768251857e-02,1.174631e-16,3.471141e-18,5.014435e-19,6.899579e-03
2.610000,4.135154810e-02,7.405215194e-02,1.044557106e-01,3.701761652e-02,1.163878301e-02,8.355984561e-01,3.616021882e+01,1.750161936e-02,6.760355e-16,7.040639e-18,8.741117e-19,6.899009e-03
2.620000,4.173090776e-02,7.406254162e-02,1.031228456e-01,3.702280780e-02,1.140981345e-02,8.216614724e-01,3.613709541e+01,1.732413777e-02,2.441556e-16,3.511543e-18,9.362040e-19,6.890628e-03
2.630000,4.209880116e-02,7.407768486e-02,1.017570847e-01,3.703037423e-02,1.119669003e-02,8.084202860e-01,3.611284421e+01,1.715016801e-02,6.661603e-16,5.553825e-18,2.176689e-18,6.937188e-03
2.640000,4.245500220e-02,7.409667780e-02,1.003635344e-01,3.703986418e-02,1.099873537e-02,7.959707702e-01,3.608751730e+01,1.697980926e-02,2.243347e-16,7.126929e-18,4.733694e-19,6.904709e-03
2.650000,4.279930256e-02,7.411860048e-02,9.894749512e-02,3.705081800e-02,1.081524243e-02,7.844058983e-01,3.606116772e+01,1.681316406e-02,4.619213e-16,3.619108e-18,2.734388e-18,6.903459e-03
2.660000,4.313151074e-02,7.414252090e-02,9.751445138e-02,3.706276999e-02,1.064548727e-02,7.738142180e-01,3.603384940e+01,1.665033667e-02,6.662175e-16,1.201766e-17,5.762614e-19,6.949489e-03
2.670000,4.345145118e-02,7.416749900e-02,9.607006002e-02,3.707525046e-02,1.048874227e-02,7.642782005e-01,3.600561700e+01,1.649143151e-02,1.058345e-16,5.421011e-18,8.045226e-19,6.985488e-03
2.680000,4.375896345e-02,7.419259059e-02,9.462013699e-02,3.708778763e-02,1.034428918e-02,7.558725157e-01,3.597652580e+01,1.633655164e-02,1.260822e-16,6.613633e-18,1.068159e-18,6.931449e-03
2.690000,4.405390146e-02,7.421685112e-02,9.317064185e-02,3.709990955e-02,1.021143189e-02,7.486623031e-01,3.594663160e+01,1.618579729e-02,4.619580e-16,4.830483e-18,2.196848e-18,6.990068e-03
2.700000,4.433613276e-02,7.423933934e-02,9.172765953e-02,3.711114591e-02,1.008950843e-02,7.427015204e-01,3.591599059e+01,1.603926441e-02,7.862372e-17,3.503584e-18,1.626303e-18,6.978319e-03
2.710000,4.460553779e-02,7.425912079e-02,9.029737901e-02,3.712102982e-02,9.977902030e-03,7.380314622e-01,3.588465925e+01,1.589704340e-02,2.252733e-16,7.014922e-18,2.449073e-18,6.928699e-03
2.720000,4.486200927e-02,7.427527116e-02,8.888606835e-02,3.712909944e-02,9.876050829e-03,7.346795423e-01,3.585269423e+01,1.575921781e-02,4.506152e-16,1.077626e-17,1.492748e-18,6.911779e-03
2.730000,4.510545162e-02,7.428687939e-02,8.750004553e-02,3.713489955e-02,9.783456238e-03,7.326584235e-01,3.582015227e+01,1.562586323e-02,3.343062e-16,4.964370e-18,1.100679e-18,6.873899e-03
2.740000,4.533578032e-02,7.429305069e-02,8.614564477e-02,3.713798307e-02,9.699689658e-03,7.319655587e-01,3.578709006e+01,1.549704619e-02,1.267613e-16,1.217452e-17,2.248903e-18,6.871499e-03
2.750000,4.555292142e-02,7.429290924e-02,8.482917780e-02,3.713791240e-02,9.624397529e-03,7.325831843e-01,3.575356418e+01,1.537282322e-02,4.618534e-16,4.419454e-18,1.431188e-18,6.927838e-03
2.760000,4.575681101e-02,7.428560084e-02,8.355688986e-02,3.713426072e-02,9.557304621e-03,7.344787686e-01,3.571963095e+01,1.525324005e-02,7.779926e-16,7.541686e-18,1.735570e-18,6.919809e-03
2.770000,4.594739476e-02,7.427029521e-02,8.233491039e-02,3.712661318e-02,9.498215562e-03,7.376058894e-01,3.568534639e+01,1.513833077e-02,3.642543e-16,3.710151e-18,1.834353e-18,6.895168e-03
2.780000,4.612462748e-02,7.424618819e-02,8.116919847e-02,3.711456798e-02,9.447014596e-03,7.419054820e-01,3.565076613e+01,1.502811732e-02,1.623032e-17,1.031340e-17,4.336809e-19,6.936979e-03
2.790000,4.628847267e-02,7.421250375e-02,8.006548344e-02,3.709773736e-02,9.403663614e-03,7.473073771e-01,3.561594525e+01,1.492260887e-02,1.155379e-16,1.263084e-17,2.185279e-18,6.952979e-03
2.800000,4.643890215e-02,7.416849572e-02,7.902920149e-02,3.707574848e-02,9.368198507e-03,7.537320356e-01,3.558093829e+01,1.482180149e-02,1.363553e-16,1.199554e-17,1.514249e-18,6.911209e-03
2.810000,4.657589572e-02,7.411344940e-02,7.806542946e-02,3.704824423e-02,9.340723908e-03,7.610923813e-01,3.554579912e+01,1.472567783e-02,3.382876e-16,1.285524e-17,3.471141e-19,6.924459e-03
2.820000,4.669944075e-02,7.404668303e-02,7.717881723e-02,3.701488394e-02,9.321406444e-03,7.692956438e-01,3.551058087e+01,1.463420692e-02,3.613260e-16,7.281095e-18,5.421011e-19,6.938029e-03
2.830000,4.680953195e-02,7.396754894e-02,7.637352081e-02,3.697534398e-02,9.310466603e-03,7.782451313e-01,3.547533586e+01,1.454734415e-02,3.451323e-16,1.304287e-17,2.821010e-18,6.902498e-03
2.840000,4.690617099e-02,7.387543469e-02,7.565313835e-02,3.692931831e-02,9.308169376e-03,7.878418749e-01,3.544011553e+01,1.446503122e-02,2.234209e-16,5.415015e-18,1.212175e-18,6.909158e-03
2.850000,4.698936626e-02,7.376976396e-02,7.502065147e-02,3.687651894e-02,9.314813872e-03,7.979861028e-01,3.540497038e+01,1.438719632e-02,3.331135e-16,7.069514e-18,3.940594e-18,6.907809e-03
2.860000,4.705913264e-02,7.364999730e-02,7.447837464e-02,3.681667627e-02,9.330722112e-03,8.085785202e-01,3.536994993e+01,1.431375436e-02,4.475302e-16,1.874903e-17,1.999170e-18,6.921319e-03
2.870000,4.711549121e-02,7.351563276e-02,7.402791501e-02,3.674953946e-02,9.356227273e-03,8.195213882e-01,3.533510261e+01,1.424460722e-02,1.284381e-16,1.567659e-17,1.388456e-18,6.949218e-03
2.880000,4.715846907e-02,7.336620635e-02,7.367014480e-02,3.667487663e-02,9.391661676e-03,8.307194045e-01,3.530047575e+01,1.417964419e-02,4.441063e-16,1.041882e-17,1.804472e-18,6.952329e-03
2.890000,4.718809913e-02,7.320129242e-02,7.340518808e-02,3.659247501e-02,9.437344816e-03,8.420804010e-01,3.526611553e+01,1.411874245e-02,2.320312e-16,1.062906e-17,6.857097e-19,6.928749e-03
2.900000,4.720441991e-02,7.302050387e-02,7.323242287e-02,3.650214112e-02,9.493571788e-03,8.535158746e-01,3.523206690e+01,1.406176757e-02,6.944523e-17,1.030338e-17,4.848700e-19,6.941859e-03
2.910000,4.720747539e-02,7.282349230e-02,7.315049897e-02,3.640370081e-02,9.560602422e-03,8.649413750e-01,3.519837358e+01,1.400857416e-02,4.570835e-16,7.823190e-18,3.317021e-18,6.906808e-03
2.920000,4.719731486e-02,7.260994800e-02,7.315737087e-02,3.629699922e-02,9.638651446e-03,8.762767698e-01,3.516507799e+01,1.395900649e-02,5.722361e-17,5.681726e-18,4.848700e-19,6.872348e-03
2.930000,4.717399276e-02,7.237959992e-02,7.325034456e-02,3.618190084e-02,9.727879955e-03,8.874464098e-01,3.513222125e+01,1.391289926e-02,4.445871e-16,1.712936e-17,4.336809e-19,6.879898e-03
2.940000,4.713756856e-02,7.213221546e-02,7.342613621e-02,3.605828932e-02,9.828388414e-03,8.983792133e-01,3.509984310e+01,1.387007832e-02,1.491378e-16,8.690542e-18,2.909220e-18,6.898559e-03
2.950000,4.708810668e-02,7.186760028e-02,7.368094036e-02,3.592606746e-02,9.940211338e-03,9.090086874e-01,3.506798192e+01,1.383036148e-02,1.469360e-16,1.588800e-17,1.084202e-18,6.945829e-03
2.960000,4.702567634e-02,7.158559798e-02,7.401050468e-02,3.578515697e-02,1.006331376e-02,9.192729010e-01,3.503667467e+01,1.379355935e-02,6.662007e-16,6.072500e-18,1.999170e-18,6.877198e-03
2.970000,4.695035152e-02,7.128608969e-02,7.441020865e-02,3.563549835e-02,1.019758950e-02,9.291144223e-01,3.500595690e+01,1.375947617e-02,2.327997e-16,2.026605e-17,4.848700e-19,6.911548e-03
2.980000,4.686221084e-02,7.096899369e-02,7.487514316e-02,3.547705060e-02,1.034286106e-02,9.384802310e-01,3.497586270e+01,1.372791069e-02,2.818837e-17,1.228562e-17,3.529907e-18,6.909338e-03
2.990000,4.676133755e-02,7.063426489e-02,7.540018867e-02,3.530979106e-02,1.049888126e-02,9.473216131e-01,3.494642471e+01,1.369865705e-02,1.475035e-16,4.337147e-18,1.651408e-18,6.933818e-03
3.000000,4.664781940e-02,7.028189432e-02,7.598008974e-02,3.513371509e-02,1.066533609e-02,9.414191656e-01,3.505690780e+01,1.367150566e-02,6.688172e-16,1.301043e-17,3.035766e-18,6.925919e-03
3.010000,4.652137593e-02,6.991194355e-02,7.660960330e-02,3.494885331e-02,1.084149322e-02,9.468212320e-01,3.502853057e+01,1.364619824e-02,7.782509e-16,4.021152e-18,4.848700e-19,6.924529e-03
3.020000,4.638226634e-02,6.952443983e-02,7.728331243e-02,3.475521916e-02,1.102729347e-02,9.516466034e-01,3.500069000e+01,1.362256687e-02,4.654885e-16,2.349719e-17,1.734723e-18,6.877979e-03
3.030000,4.623059284e-02,6.911947901e-02,7.799594635e-02,3.455286036e-02,1.122225176e-02,9.558610464e-01,3.497341188e+01,1.360039657e-02,2.273091e-16,1.592931e-17,1.084202e-18,6.909928e-03
3.040000,4.606646224e-02,6.869719056e-02,7.874233078e-02,3.434184145e-02,1.142583687e-02,9.594339720e-01,3.494672058e+01,1.357947191e-02,4.447724e-16,1.272913e-17,1.226635e-18,6.892229e-03
3.050000,4.588998600e-02,6.825773688e-02,7.951742833e-02,3.412224339e-02,1.163747785e-02,9.623383479e-01,3.492063912e+01,1.355957778e-02,2.303179e-16,6.667237e-18,3.127317e-18,6.918019e-03
3.060000,4.570128023e-02,6.780131260e-02,8.031637152e-02,3.389416326e-02,1.185657037e-02,9.645506103e-01,3.489518912e+01,1.354050028e-02,2.229280e-16,1.568050e-17,2.637978e-18,6.911068e-03
3.070000,4.550046570e-02,6.732814385e-02,8.113448878e-02,3.365771388e-02,1.208248308e-02,9.660505763e-01,3.487039083e+01,1.352202744e-02,1.332751e-16,1.284494e-17,2.211347e-18,6.927849e-03
3.080000,4.528766783e-02,6.683848759e-02,8.196732402e-02,3.341302345e-02,1.231456357e-02,9.668213575e-01,3.484626311e+01,1.350395000e-02,4.507634e-16,9.605482e-18,1.301043e-18,6.965678e-03
3.090000,4.506301675e-02,6.633263081e-02,8.281065054e-02,3.316023522e-02,1.255214413e-02,9.668492776e-01,3.482282343e+01,1.348606210e-02,2.238162e-16,1.849933e-17,8.673617e-19,6.849559e-03
3.100000,4.482664724e-02,6.581088982e-02,8.366047987e-02,3.289950707e-02,1.279454700e-02,9.661237916e-01,3.480008791e+01,1.346816193e-02,5.551512e-16,5.060013e-18,1.788112e-18,6.905548e-03
3.110000,4.457869881e-02,6.527360955e-02,8.451306633e-02,3.263101117e-02,1.304108922e-02,9.646374098e-01,3.477807128e+01,1.345005238e-02,8.996181e-16,1.251080e-17,3.066587e-18,6.904708e-03
3.120000,4.431931570e-02,6.472116275e-02,8.536490789e-02,3.235493363e-02,1.329108706e-02,9.623856244e-01,3.475678694e+01,1.343154155e-02,6.603256e-17,1.574745e-17,1.788112e-18,6.974598e-03
3.130000,4.404864686e-02,6.415394934e-02,8.621274406e-02,3.207147412e-02,1.354385991e-02,9.593668409e-01,3.473624693e+01,1.341244337e-02,3.565039e-16,3.589757e-18,1.788112e-18,6.954769e-03
3.140000,4.376684600e-02,6.357239563e-02,8.705355126e-02,3.178084549e-02,1.379873383e-02,9.555823129e-01,3.471646196e+01,1.339257796e-02,1.220774e-16,5.754448e-18,1.563659e-18,6.949308e-03
3.150000,4.347407159e-02,6.297695363e-02,8.788453623e-02,3.148327347e-02,1.405504460e-02,9.510360806e-01,3.469744144e+01,1.337177215e-02,2.452298e-16,1.067210e-17,1.788112e-18,6.923639e-03
3.160000,4.317048685e-02,6.236810036e-02,8.870312787e-02,3.117899630e-02,1.431214043e-02,9.457349143e-01,3.467919346e+01,1.334985984e-02,6.935126e-16,1.170587e-17,6.209365e-18,6.928238e-03
3.170000,4.285625979e-02,6.174633718e-02,8.950696796e-02,3.086826435e-02,1.456938432e-02,9.396882612e-01,3.466172483e+01,1.332668228e-02,1.263029e-16,1.940517e-17,2.168404e-18,6.919508e-03
3.180000,4.253156319e-02,6.111218908e-02,9.029390096e-02,3.055133985e-02,1.482615606e-02,9.329081958e-01,3.464504112e+01,1.330208844e-02,2.479302e-16,1.471333e-17,1.839952e-18,6.956399e-03
3.190000,4.219657459e-02,6.046620408e-02,9.106196324e-02,3.022849654e-02,1.508185401e-02,9.254093755e-01,3.462914661e+01,1.327593516e-02,4.458152e-16,1.358025e-17,2.742839e-18,6.965478e-03
3.200000,4.185147629e-02,5.980895257e-02,9.180937193e-02,2.990001933e-02,1.533589655e-02,9.172089996e-01,3.461404440e+01,1.324808742e-02,4.516828e-16,2.341099e-18,3.730664e-18,6.910319e-03
3.210000,4.149645539e-02,5.914102669e-02,9.253451359e-02,2.956620405e-02,1.558772336e-02,9.083267724e-01,3.459973636e+01,1.321841843e-02,4.518414e-16,1.638975e-17,1.839952e-18,6.904039e-03
3.220000,4.113170367e-02,5.846303976e-02,9.323593285e-02,2.922735709e-02,1.583679648e-02,8.987848707e-01,3.458622319e+01,1.318680979e-02,4.487079e-16,8.848046e-18,2.453269e-18,6.897649e-03
3.230000,4.075741769e-02,5.777562567e-02,9.391232101e-02,2.888379516e-02,1.608260121e-02,8.886079156e-01,3.457350442e+01,1.315315150e-02,2.232952e-16,7.373372e-18,3.066587e-18,6.857698e-03
3.240000,4.037379866e-02,5.707943838e-02,9.456250498e-02,2.853584501e-02,1.632464684e-02,8.778229488e-01,3.456157846e+01,1.311734203e-02,8.777091e-17,4.336809e-18,9.697399e-19,6.959538e-03
3.250000,3.998105247e-02,5.637515134e-02,9.518543636e-02,2.818384313e-02,1.656246725e-02,8.664594128e-01,3.455044259e+01,1.307928833e-02,2.353612e-16,1.125536e-17,2.637978e-18,6.928898e-03
3.260000,3.957938964e-02,5.566345695e-02,9.578018079e-02,2.782813552e-02,1.679562142e-02,8.545491357e-01,3.454009303e+01,1.303890572e-02,1.319912e-16,1.012032e-17,2.637978e-18,6.907229e-03
3.270000,3.916902525e-02,5.494506613e-02,9.634590782e-02,2.746907743e-02,1.702369379e-02,8.421263206e-01,3.453052493e+01,1.299611790e-02,1.112526e-16,4.179807e-18,1.226635e-18,6.863669e-03
3.280000,3.875017892e-02,5.422070776e-02,9.688188097e-02,2.710703311e-02,1.724629454e-02,8.292275379e-01,3.452173240e+01,1.295085679e-02,2.691650e-17,5.468776e-18,5.485677e-18,6.922269e-03
3.290000,3.832307471e-02,5.349112822e-02,9.738744838e-02,2.674237559e-02,1.746305984e-02,8.158917223e-01,3.451370855e+01,1.290306244e-02,4.442799e-16,1.668404e-17,9.697399e-19,6.929999e-03
3.300000,3.788794111e-02,5.275709093e-02,9.786203381e-02,2.637548642e-02,1.767365194e-02,8.021601726e-01,3.450644551e+01,1.285268288e-02,6.708983e-16,1.731884e-17,2.453269e-18,6.911678e-03
3.310000,3.744501088e-02,5.201937587e-02,9.830512817e-02,2.600675542e-02,1.787775925e-02,7.880765524e-01,3.449993446e+01,1.279967394e-02,2.225337e-16,1.115464e-17,1.748223e-18,6.909468e-03
3.320000,3.699452106e-02,5.127877908e-02,9.871628148e-02,2.563658051e-02,1.807509634e-02,7.736868932e-01,3.449416566e+01,1.274399906e-02,4.673859e-16,3.927521e-18,2.045669e-18,6.871109e-03
3.330000,3.653671281e-02,5.053611223e-02,9.909509537e-02,2.526536736e-02,1.826540388e-02,7.590395944e-01,3.448912848e+01,1.268562910e-02,1.156815e-16,9.847158e-18,1.226635e-18,7.808687e-03
3.340000,3.607183134e-02,4.979220203e-02,9.944121602e-02,2.489352926e-02,1.844844850e-02,7.441854212e-01,3.448481142e+01,1.262454213e-02,6.168106e-17,1.966154e-17,1.563659e-18,6.926298e-03
3.350000,3.560012577e-02,4.904788979e-02,9.975432767e-02,2.452148675e-02,1.862402264e-02,7.291774941e-01,3.448120213e+01,1.256072320e-02,2.480056e-16,1.269258e-17,3.476217e-18,6.885589e-03
3.360000,3.512184907e-02,4.830403078e-02,1.000341466e-01,2.414966740e-02,1.879194433e-02,7.140712675e-01,3.447828749e+01,1.249416410e-02,1.411900e-16,6.980275e-18,2.742839e-18,7.301188e-03
3.370000,3.463725788e-02,4.756149366e-02,1.002804155e-01,2.377850546e-02,1.895205690e-02,6.989244910e-01,3.447605359e+01,1.242486313e-02,7.611061e-17,1.624287e-17,3.469447e-18,7.747967e-03
3.380000,3.414661240e-02,4.682115976e-02,1.004928989e-01,2.340844156e-02,1.910422868e-02,6.837971463e-01,3.447448576e+01,1.235282488e-02,9.463427e-17,1.054313e-17,2.611105e-18,7.014109e-03
3.390000,3.365017624e-02,4.608392235e-02,1.006713779e-01,2.303992227e-02,1.924835258e-02,6.687513520e-01,3.447356865e+01,1.227805993e-02,3.928587e-17,3.903128e-18,2.105140e-18,6.872749e-03
3.400000,3.314821630e-02,4.535068575e-02,1.008156470e-01,2.267339976e-02,1.938434573e-02,6.538512252e-01,3.447328622e+01,1.220058467e-02,2.544329e-16,8.023096e-18,8.741117e-19,6.885799e-03
3.410000,3.264100256e-02,4.462236440e-02,1.009255101e-01,2.230933120e-02,1.951214896e-02,6.391626879e-01,3.447362178e+01,1.212042102e-02,6.675198e-16,2.782854e-17,4.358439e-18,6.873579e-03
3.420000,3.212880795e-02,4.389988172e-02,1.010007777e-01,2.194817832e-02,1.963172630e-02,6.247532052e-01,3.447455802e+01,1.203759622e-02,4.485128e-16,8.840736e-18,2.611105e-18,6.889078e-03
3.430000,3.161190819e-02,4.318416886e-02,1.010412640e-01,2.159040670e-02,1.974306445e-02,6.106914405e-01,3.447607707e+01,1.195214256e-02,1.271580e-16,8.898553e-18,9.467388e-19,6.877418e-03
3.440000,3.109058156e-02,4.247616325e-02,1.010467856e-01,2.123648506e-02,1.984617209e-02,5.970468103e-01,3.447816050e+01,1.186409719e-02,2.444977e-16,9.442523e-18,3.831700e-18,6.903118e-03
3.450000,3.056510876e-02,4.177680694e-02,1.010171589e-01,2.088688448e-02,1.994107929e-02,5.838889271e-01,3.448078936e+01,1.177350189e-02,1.114421e-16,6.315419e-18,9.010138e-19,6.887608e-03
3.460000,3.003577271e-02,4.108704473e-02,1.009522000e-01,2.054207738e-02,2.002783678e-02,5.712869137e-01,3.448394425e+01,1.168040285e-02,2.437774e-16,9.381952e-18,8.878716e-19,6.826988e-03
3.470000,2.950285834e-02,4.040782199e-02,1.008517229e-01,2.020253649e-02,2.010651516e-02,5.593085830e-01,3.448760531e+01,1.158485046e-02,4.615310e-16,2.126204e-17,1.977183e-18,6.871739e-03
3.480000,2.896665238e-02,3.974008225e-02,1.007155400e-01,1.986873364e-02,2.017720414e-02,5.480194788e-01,3.449175226e+01,1.148689914e-02,3.356599e-16,8.513749e-18,8.741117e-19,6.876678e-03
3.490000,2.842744315e-02,3.908476440e-02,1.005434618e-01,1.954113834e-02,2.024001167e-02,5.374817872e-01,3.449636448e+01,1.138660714e-02,2.478667e-16,2.210184e-17,1.117570e-18,6.838618e-03
3.500000,2.788552040e-02,3.844279966e-02,1.003352975e-01,1.922021625e-02,2.029506305e-02,5.277531357e-01,3.450142098e+01,1.128403634e-02,4.488218e-16,7.378999e-18,2.622335e-18,6.822408e-03
3.510000,2.734117499e-02,3.781510804e-02,1.000908557e-01,1.890642748e-02,2.034249997e-02,5.188853154e-01,3.450690051e+01,1.117925213e-02,6.662446e-16,1.628599e-17,2.045669e-18,6.834778e-03
3.520000,2.679469879e-02,3.720259459e-02,9.980994543e-02,1.860022462e-02,2.038247954e-02,5.109229744e-01,3.451278151e+01,1.107232323e-02,1.300126e-16,9.046472e-18,8.741117e-19,6.874258e-03
3.530000,2.624638435e-02,3.660614515e-02,9.949237805e-02,1.830205066e-02,2.041517325e-02,5.039023457e-01,3.451904225e+01,1.096332150e-02,3.331393e-16,1.036480e-17,1.084202e-18,6.894468e-03
3.540000,2.569652473e-02,3.602662170e-02,9.913796857e-02,1.801233671e-02,2.044076588e-02,4.978500838e-01,3.452566076e+01,1.085232187e-02,3.398110e-16,5.339077e-18,1.084202e-18,6.925039e-03
3.550000,2.514541330e-02,3.546485744e-02,9.874653790e-02,1.773149944e-02,2.045945442e-02,4.927822867e-01,3.453261495e+01,1.073940215e-02,2.223308e-16,5.806368e-18,1.738108e-18,6.898869e-03
3.560000,2.459334345e-02,3.492165143e-02,9.831791506e-02,1.745993849e-02,2.047144690e-02,4.887037812e-01,3.453988260e+01,1.062464293e-02,4.459319e-16,2.602425e-17,2.682168e-18,6.915928e-03
3.570000,2.404060840e-02,3.439776290e-02,9.785193976e-02,1.719803355e-02,2.047696118e-02,4.856077317e-01,3.454744143e+01,1.050812744e-02,2.522520e-16,1.568772e-17,9.697399e-19,6.888478e-03
3.580000,2.348750100e-02,3.389390530e-02,9.734846508e-02,1.694614147e-02,2.047622376e-02,4.834756155e-01,3.455526911e+01,1.038994143e-02,2.296409e-16,5.724752e-18,1.734723e-18,6.904688e-03
3.590000,2.293431346e-02,3.341074021e-02,9.680736035e-02,1.670459312e-02,2.046946851e-02,4.822775778e-01,3.456334330e+01,1.027017309e-02,2.595044e-16,8.967473e-18,2.611105e-18,6.906009e-03
3.600000,2.238133720e-02,3.294887100e-02,9.622851430e-02,1.647369030e-02,2.045693541e-02,4.819731510e-01,3.457164172e+01,1.014891291e-02,5.030709e-17,1.393864e-17,5.222209e-18,6.949828e-03
3.610000,2.182886258e-02,3.250883658e-02,9.561183819e-02,1.625370255e-02,2.043886920e-02,4.825122939e-01,3.458014213e+01,1.002625357e-02,5.628163e-16,7.373372e-18,1.563659e-18,6.890638e-03
3.620000,2.127717874e-02,3.209110519e-02,9.495726920e-02,1.604486409e-02,2.041551814e-02,4.838366820e-01,3.458882242e+01,9.902289842e-03,2.394447e-16,7.643625e-18,3.469447e-18,6.927298e-03
3.630000,2.072657341e-02,3.169606841e-02,9.426477386e-02,1.584737081e-02,2.038713260e-02,4.858811690e-01,3.459766064e+01,9.777118495e-03,3.565949e-16,9.951653e-18,1.084202e-18,6.940638e-03
3.640000,2.017733270e-02,3.132403559e-02,9.353435156e-02,1.566137749e-02,2.035396380e-02,4.885753315e-01,3.460663500e+01,9.650838159e-03,1.399936e-17,8.287988e-18,3.705371e-18,6.883768e-03
3.650000,1.962974097e-02,3.097522875e-02,9.276603822e-02,1.548699522e-02,2.031626239e-02,4.918450158e-01,3.461572393e+01,9.523549232e-03,4.644664e-16,5.214325e-18,1.939480e-18,6.927728e-03
3.660000,1.908408065e-02,3.064977812e-02,9.195990989e-02,1.532428922e-02,2.027427718e-02,4.956138165e-01,3.462490612e+01,9.395353757e-03,2.550118e-16,9.883649e-18,6.106282e-18,6.939298e-03
3.670000,1.854063214e-02,3.034771857e-02,9.111608653e-02,1.517327701e-02,2.022825380e-02,4.998044323e-01,3.463416056e+01,9.266355308e-03,4.727822e-16,2.059173e-17,1.939480e-18,6.938079e-03
3.680000,1.799967367e-02,3.006898691e-02,9.023473570e-02,1.503392707e-02,2.017843339e-02,5.043398635e-01,3.464346654e+01,9.136658860e-03,5.579476e-16,6.132275e-18,2.818926e-18,6.887549e-03
3.690000,1.746148121e-02,2.981342024e-02,8.931607642e-02,1.490615805e-02,2.012505131e-02,5.091444309e-01,3.465280372e+01,9.006370660e-03,3.382488e-16,8.790901e-18,2.611105e-18,6.961108e-03
3.700000,1.692632847e-02,2.958075547e-02,8.836038296e-02,1.478983850e-02,2.006833596e-02,5.141446109e-01,3.466215215e+01,8.875598086e-03,2.369979e-16,1.344807e-17,3.252607e-18,6.915998e-03
3.710000,1.639448680e-02,2.937063003e-02,8.736798871e-02,1.468478719e-02,2.000850750e-02,5.192696954e-01,3.467149231e+01,8.744449503e-03,2.238802e-16,7.337414e-18,1.734723e-18,6.893478e-03
3.720000,1.586622527e-02,2.918258375e-02,8.633929000e-02,1.459077412e-02,1.994577678e-02,5.244522874e-01,3.468080512e+01,8.613034104e-03,1.215330e-16,8.567298e-18,8.673617e-19,7.038308e-03
3.730000,1.534181069e-02,2.901606200e-02,8.527475012e-02,1.450752205e-02,1.988034418e-02,5.296286551e-01,3.469007197e+01,8.481461751e-03,7.775089e-16,1.448496e-17,3.252607e-18,6.900738e-03
3.740000,1.482150775e-02,2.887041992e-02,8.417490317e-02,1.443470864e-02,1.981239865e-02,5.347389618e-01,3.469927479e+01,8.349842793e-03,7.263088e-17,1.378409e-17,3.157244e-18,6.905098e-03
3.750000,1.430557920e-02,2.874492780e-02,8.304035813e-02,1.437196909e-02,1.974211674e-02,5.397273967e-01,3.470839603e+01,8.218287891e-03,2.249062e-16,5.606898e-18,6.133174e-19,6.929338e-03
3.760000,1.379428610e-02,2.863877735e-02,8.187180295e-02,1.431889933e-02,1.966966171e-02,5.445422229e-01,3.471741872e+01,8.086907818e-03,5.565415e-16,4.457793e-18,3.066587e-18,6.945798e-03
3.770000,1.328788817e-02,2.855108877e-02,8.067000869e-02,1.427505952e-02,1.959518279e-02,5.491357638e-01,3.472632647e+01,7.955813255e-03,7.790748e-16,1.066328e-17,1.454610e-18,6.901978e-03
3.780000,1.278664425e-02,2.848091853e-02,7.943583386e-02,1.423997796e-02,1.951881449e-02,5.534643410e-01,3.473510350e+01,7.825114583e-03,4.530021e-16,7.639888e-18,2.045669e-18,6.926538e-03
3.790000,1.229081284e-02,2.842726758e-02,7.817022883e-02,1.421315520e-02,1.944067601e-02,5.574881785e-01,3.474373467e+01,7.694921654e-03,5.630775e-16,1.289882e-17,2.637978e-18,6.914868e-03
3.800000,1.180065288e-02,2.838908991e-02,7.687424050e-02,1.419406829e-02,1.936087077e-02,5.611712825e-01,3.475220552e+01,7.565343561e-03,2.231009e-16,2.616173e-18,2.917290e-18,6.924468e-03
3.810000,1.131642466e-02,2.836530119e-02,7.554901715e-02,1.418217513e-02,1.927948608e-02,5.644813071e-01,3.476050224e+01,7.436488397e-03,1.868442e-17,3.099183e-18,4.385326e-18,6.923358e-03
3.820000,1.083839093e-02,2.835478743e-02,7.419581359e-02,1.417691878e-02,1.919659286e-02,5.673894102e-01,3.476861173e+01,7.308463005e-03,1.691157e-16,6.620410e-18,1.852685e-18,6.858058e-03
3.830000,1.036681833e-02,2.835641344e-02,7.281599669e-02,1.417773171e-02,1.911224550e-02,5.698701069e-01,3.477652160e+01,7.181372721e-03,4.551534e-16,6.939294e-18,9.697399e-19,6.857828e-03
3.840000,9.901979199e-03,2.836903095e-02,7.141105123e-02,1.418403983e-02,1.902648190e-02,5.719011225e-01,3.478422019e+01,7.055321114e-03,1.114317e-16,2.708684e-18,1.788112e-18,6.900738e-03
3.850000,9.444153669e-03,2.839148639e-02,6.998258635e-02,1.419526642e-02,1.893932353e-02,5.734632493e-01,3.479169658e+01,6.930409712e-03,2.753583e-16,1.187763e-17,9.697399e-19,6.885068e-03
3.860000,8.993632439e-03,2.842262808e-02,6.853234244e-02,1.421083569e-02,1.885077568e-02,5.745402072e-01,3.479894058e+01,6.806737737e-03,6.699200e-16,9.541488e-18,2.045669e-18,6.851169e-03
3.870000,8.550720102e-03,2.846131293e-02,6.706219878e-02,1.423017616e-02,1.876082775e-02,5.751185116e-01,3.480594281e+01,6.684401824e-03,9.540994e-17,1.345853e-17,2.602085e-18,6.877988e-03
3.880000,8.115739350e-03,2.850641245e-02,6.557418189e-02,1.425272363e-02,1.866945378e-02,5.751873477e-01,3.481269462e+01,6.563495748e-03,2.348998e-16,9.098828e-18,1.084202e-18,6.851848e-03
3.890000,7.689036200e-03,2.855681821e-02,6.407047476e-02,1.427792395e-02,1.857661291e-02,5.747384517e-01,3.481918815e+01,6.444110143e-03,6.500603e-17,9.104616e-18,2.424350e-18,6.861808e-03
3.900000,7.270986575e-03,2.861144663e-02,6.255342699e-02,1.430523536e-02,1.848225009e-02,5.737660006e-01,3.482541631e+01,6.326332231e-03,2.226554e-16,5.922454e-18,2.146611e-18,6.896488e-03
3.910000,6.862004566e-03,2.866924307e-02,6.102556608e-02,1.433413062e-02,1.838629681e-02,5.722665087e-01,3.483137281e+01,6.210245547e-03,4.625121e-16,1.564132e-17,8.940560e-19,6.859558e-03
3.920000,6.462552883e-03,2.872918546e-02,5.948960986e-02,1.436409874e-02,1.828867193e-02,5.702387318e-01,3.483705214e+01,6.095929669e-03,1.489465e-16,1.168734e-17,2.168404e-19,6.867158e-03
3.930000,6.073156082e-03,2.879028725e-02,5.794848011e-02,1.439464647e-02,1.818928261e-02,5.676835790e-01,3.484244957e+01,5.983459963e-03,3.796152e-16,5.483538e-18,6.857097e-19,6.841239e-03
3.940000,5.694417348e-03,2.885159981e-02,5.640531758e-02,1.442529956e-02,1.808802523e-02,5.646040313e-01,3.484756114e+01,5.872907320e-03,1.323203e-16,8.592986e-18,6.505213e-19,6.903328e-03
3.950000,5.327039780e-03,2.891221443e-02,5.486349829e-02,1.445560372e-02,1.798478651e-02,5.610050668e-01,3.485238369e+01,5.764337920e-03,1.201634e-16,1.213462e-17,1.167721e-18,6.864748e-03
3.960000,4.971853305e-03,2.897126380e-02,5.332665098e-02,1.448512531e-02,1.787944455e-02,5.568935936e-01,3.485691482e+01,5.657812995e-03,2.314817e-16,4.987330e-18,3.317021e-18,6.879988e-03
3.970000,4.629848467e-03,2.902792311e-02,5.179867576e-02,1.451345198e-02,1.777186997e-02,5.522783884e-01,3.486115288e+01,5.553388611e-03,2.227010e-16,1.475711e-17,9.199761e-19,6.874158e-03
3.980000,4.302218196e-03,2.908141076e-02,5.028376326e-02,1.454019299e-02,1.766192706e-02,5.471700418e-01,3.486509700e+01,5.451115462e-03,2.292988e-16,7.724940e-18,7.893111e-19,6.878558e-03
3.990000,3.990408113e-03,2.913098884e-02,4.878641405e-02,1.456497940e-02,1.754947501e-02,5.415809103e-01,3.486874703e+01,5.351038683e-03,2.305553e-16,1.278853e-17,6.594944e-19,6.917028e-03
4.000000,3.696174203e-03,2.917596324e-02,4.731145716e-02,1.458746421e-02,1.743436905e-02,5.355250749e-01,3.487210356e+01,5.253197679e-03,2.272952e-16,7.505029e-18,8.467890e-19,6.960808e-03
4.010000,3.421643143e-03,2.921568359e-02,4.586406659e-02,1.460732228e-02,1.731646167e-02,5.290183055e-01,3.487516789e+01,5.157625972e-03,5.570550e-16,6.197300e-18,1.105674e-18,6.930568e-03
4.020000,3.169363599e-03,2.924954301e-02,4.444977389e-02,1.462425017e-02,1.719560383e-02,5.220780327e-01,3.487794204e+01,5.064351074e-03,3.399184e-16,3.379447e-18,2.062835e-18,6.932418e-03
4.030000,2.942325205e-03,2.927697761e-02,4.307447434e-02,1.463796601e-02,1.707164614e-02,5.147233262e-01,3.488042869e+01,4.973394377e-03,1.322494e-16,7.398240e-18,4.848700e-19,6.904268e-03
4.040000,2.743905860e-03,2.929746599e-02,4.174442372e-02,1.464820910e-02,1.694443998e-02,5.069748800e-01,3.488263119e+01,4.884771066e-03,5.603345e-16,6.261268e-18,7.818293e-19,6.889568e-03
4.050000,2.577692980e-03,2.931052851e-02,4.046622141e-02,1.465473966e-02,1.681383869e-02,4.988550050e-01,3.488455355e+01,4.798490065e-03,2.227213e-16,1.227859e-17,1.371419e-18,6.897398e-03
4.060000,2.447126676e-03,2.931572652e-02,3.924677523e-02,1.465733838e-02,1.667969860e-02,4.903876290e-01,3.488620039e+01,4.714553994e-03,6.664590e-16,1.317930e-17,6.857097e-19,6.919818e-03
4.070000,2.354958696e-03,2.931266153e-02,3.809324259e-02,1.465580605e-02,1.654188015e-02,4.815983050e-01,3.488757694e+01,4.632959166e-03,9.995896e-16,6.207057e-18,4.878910e-19,6.921768e-03
4.080000,2.302624099e-03,2.930097430e-02,3.701294236e-02,1.464996307e-02,1.640024889e-02,4.725142264e-01,3.488868899e+01,4.553695603e-03,1.222350e-15,8.935957e-18,3.471141e-19,6.890058e-03
4.090000,2.289739929e-03,2.928034394e-02,3.601323261e-02,1.463964899e-02,1.625467640e-02,4.631642511e-01,3.488954292e+01,4.476747082e-03,4.477712e-17,4.048827e-18,3.428548e-19,6.907158e-03
4.100000,2.313967902e-03,2.925048690e-02,3.510135061e-02,1.462472207e-02,1.610504127e-02,4.535789328e-01,3.489014562e+01,4.402091207e-03,5.938878e-17,4.495273e-18,3.297472e-19,6.906608e-03
4.110000,2.371332784e-03,2.921115604e-02,3.428421509e-02,1.460505874e-02,1.595122988e-02,4.437905604e-01,3.489050446e+01,4.329699508e-03,2.367137e-16,3.525012e-18,6.705420e-19,6.916978e-03
4.120000,2.456861370e-03,2.916213961e-02,3.356819481e-02,1.458055314e-02,1.579313730e-02,4.338332034e-01,3.489062733e+01,4.259537575e-03,3.389433e-16,4.021152e-18,4.997925e-19,6.933458e-03
4.130000,2.565281292e-03,2.910326027e-02,3.295885379e-02,1.455111659e-02,1.563066792e-02,4.237427633e-01,3.489052253e+01,4.191565210e-03,2.237881e-16,7.291260e-18,2.424350e-19,6.926088e-03
4.140000,2.691567829e-03,2.903437410e-02,3.246068965e-02,1.451667714e-02,1.546373622e-02,4.135570280e-01,3.489019881e+01,4.125736612e-03,1.173603e-16,6.805474e-18,2.299940e-19,6.906568e-03
4.150000,2.831262056e-03,2.895536962e-02,3.207688729e-02,1.447717905e-02,1.529226737e-02,4.033157256e-01,3.488966528e+01,4.062000587e-03,5.551793e-16,5.340796e-18,5.963112e-19,6.906808e-03
4.160000,2.980590428e-03,2.886616681e-02,3.180911338e-02,1.443258231e-02,1.511619777e-02,3.930605747e-01,3.488893144e+01,4.000300784e-03,3.355526e-16,1.117570e-18,8.172073e-19,6.894938e-03
4.170000,3.136455818e-03,2.876671615e-02,3.165737594e-02,1.438286214e-02,1.493547558e-02,3.828353228e-01,3.488800709e+01,3.940575958e-03,1.845752e-16,7.415697e-18,2.972301e-19,6.875638e-03
4.180000,3.296364080e-03,2.865699768e-02,3.161996805e-02,1.432800856e-02,1.475006115e-02,3.726857656e-01,3.488690235e+01,3.882760254e-03,2.556175e-16,2.897199e-18,5.463198e-19,6.855218e-03
4.190000,3.458328853e-03,2.853702002e-02,3.169350486e-02,1.426802586e-02,1.455992743e-02,3.626597351e-01,3.488562760e+01,3.826783515e-03,1.275818e-16,1.852685e-18,5.556536e-19,6.910309e-03
4.200000,3.620777675e-03,2.840681949e-02,3.187305102e-02,1.420293219e-02,1.436506032e-02,3.528070429e-01,3.488419348e+01,3.772571616e-03,1.335739e-16,4.851805e-18,1.735570e-19,6.893418e-03
4.210000,3.782469429e-03,2.826645915e-02,3.215232406e-02,1.413275906e-02,1.416545890e-02,3.431793596e-01,3.488261079e+01,3.720046807e-03,2.362427e-16,1.084202e-19,2.185279e-19,6.890088e-03
4.220000,3.942425897e-03,2.811602794e-02,3.252395110e-02,1.405755093e-02,1.396113572e-02,3.338300104e-01,3.488089055e+01,3.669128087e-03,2.300474e-16,6.750900e-18,1.092640e-19,6.958847e-03
4.230000,4.099876840e-03,2.795563975e-02,3.297975200e-02,1.397736472e-02,1.375211697e-02,3.248136608e-01,3.487904391e+01,3.619731585e-03,2.288784e-16,1.002887e-18,1.714274e-19,6.889228e-03
4.240000,4.254216685e-03,2.778543257e-02,3.351102333e-02,1.389226939e-02,1.353844262e-02,3.161858686e-01,3.487708213e+01,3.571770962e-03,2.223308e-16,2.633657e-18,5.421011e-20,6.896258e-03
4.250000,4.404970671e-03,2.760556759e-02,3.410880205e-02,1.380234552e-02,1.332016654e-02,3.080024733e-01,3.487501654e+01,3.525157817e-03,6.708162e-16,4.353379e-18,2.168404e-19,6.890558e-03
4.260000,4.551768467e-03,2.741622833e-02,3.476409458e-02,1.370768485e-02,1.309735655e-02,3.003188043e-01,3.487285855e+01,3.479802116e-03,4.442552e-16,1.084202e-19,9.772866e-20,6.890938e-03
4.270000,4.694323600e-03,2.721761982e-02,3.546806360e-02,1.360838986e-02,1.287009447e-02,2.931886922e-01,3.487061958e+01,3.435612617e-03,4.458013e-16,2.779028e-18,2.168404e-19,6.878328e-03
4.280000,4.832417368e-03,2.700996770e-02,3.621217112e-02,1.350457334e-02,1.263847613e-02,2.866632867e-01,3.486831103e+01,3.392497307e-03,1.994556e-16,3.809008e-18,1.818262e-19,6.903658e-03
4.290000,4.965886205e-03,2.679351739e-02,3.698828042e-02,1.339635797e-02,1.240261132e-02,2.807897026e-01,3.486594428e+01,3.350363840e-03,2.305552e-16,3.496447e-18,1.355253e-19,6.891818e-03
4.300000,5.094611701e-03,2.656853323e-02,3.778872220e-02,1.328387590e-02,1.216262381e-02,2.756095454e-01,3.486353063e+01,3.309119979e-03,2.270037e-16,1.748223e-18,8.131516e-20,6.933008e-03
4.310000,5.218512661e-03,2.633529765e-02,3.860633138e-02,1.316726831e-02,1.191865127e-02,2.711573932e-01,3.486108130e+01,3.268674034e-03,3.380631e-16,1.388456e-18,2.829851e-19,6.914078e-03
4.320000,5.337538761e-03,2.609411028e-02,3.943446118e-02,1.304668499e-02,1.167084520e-02,2.674593415e-01,3.485860738e+01,3.228935298e-03,2.256008e-16,3.127317e-18,2.881307e-19,6.887317e-03
4.330000,5.451665427e-03,2.584528713e-02,4.026698033e-02,1.292228390e-02,1.141937089e-02,2.645317347e-01,3.485611982e+01,3.189814474e-03,3.372431e-16,1.897354e-18,1.355253e-19,6.887508e-03
4.340000,5.560889676e-03,2.558915971e-02,4.109825861e-02,1.279423077e-02,1.116440739e-02,2.623802083e-01,3.485362937e+01,3.151224098e-03,2.455982e-16,3.144186e-18,3.523657e-19,6.826878e-03
4.350000,5.665226723e-03,2.532607414e-02,4.192314482e-02,1.266269865e-02,1.090614743e-02,2.609991532e-01,3.485114663e+01,3.113078946e-03,2.326617e-16,3.127317e-18,4.370559e-19,6.832518e-03
4.360000,5.764707175e-03,2.505639033e-02,4.273694031e-02,1.252786744e-02,1.064479743e-02,2.603716723e-01,3.484868192e+01,3.075296433e-03,2.298230e-16,6.108447e-18,2.710505e-20,6.845228e-03
4.370000,5.859374711e-03,2.478048102e-02,4.353537044e-02,1.238992349e-02,1.038057754e-02,2.604700503e-01,3.484624535e+01,3.037796993e-03,2.233690e-16,5.650608e-18,2.881307e-19,6.840858e-03
4.380000,5.949284135e-03,2.449873092e-02,4.431455558e-02,1.224905913e-02,1.011372165e-02,2.612567020e-01,3.484384676e+01,3.000504441e-03,6.737520e-16,6.705420e-18,4.543635e-19,6.890078e-03
4.390000,6.034499738e-03,2.421153580e-02,4.507098288e-02,1.210547222e-02,9.844477592e-03,2.626855107e-01,3.484149569e+01,2.963346322e-03,4.475990e-16,3.415237e-18,2.185279e-19,6.882828e-03
4.400000,6.115093914e-03,2.391930150e-02,4.580147932e-02,1.195936565e-02,9.573107264e-03,2.647034351e-01,3.483920136e+01,2.926254229e-03,4.663149e-16,6.447130e-18,3.263881e-19,6.919847e-03
4.410000,6.191145967e-03,2.362244304e-02,4.650318673e-02,1.181094690e-02,9.299886983e-03,2.672522484e-01,3.483697268e+01,2.889164105e-03,4.521510e-16,4.207836e-18,1.735570e-19,6.881188e-03
4.420000,6.262741093e-03,2.332138359e-02,4.717353868e-02,1.166042754e-02,9.025107870e-03,2.702702787e-01,3.483481821e+01,2.852016516e-03,2.670351e-16,2.531095e-18,5.421011e-20,6.878548e-03
4.430000,6.329969498e-03,2.301655349e-02,4.781023957e-02,1.150802272e-02,8.749076406e-03,2.736940415e-01,3.483274614e+01,2.814756903e-03,2.309790e-16,2.656295e-18,1.954573e-19,6.814868e-03
4.440000,6.392925624e-03,2.270838924e-02,4.841124565e-02,1.135395066e-02,8.472115157e-03,2.774596876e-01,3.483076428e+01,2.777335799e-03,2.387625e-16,4.457442e-18,1.117570e-19,6.836468e-03
4.450000,6.451707475e-03,2.239733238e-02,4.897474807e-02,1.119843212e-02,8.194563705e-03,2.815042215e-01,3.482888004e+01,2.739709024e-03,7.801710e-16,4.336809e-18,5.587850e-19,6.869268e-03
4.460000,6.506416023e-03,2.208382848e-02,4.949915759e-02,1.104168986e-02,7.916779830e-03,2.857664739e-01,3.482710044e+01,2.701837844e-03,5.637340e-17,7.869433e-18,1.084202e-19,6.891998e-03
4.470000,6.557154677e-03,2.176832595e-02,4.998309111e-02,1.088394808e-02,7.639140993e-03,2.901878370e-01,3.482543207e+01,2.663689106e-03,2.452289e-16,6.805474e-18,4.412383e-19,6.878438e-03
4.480000,6.604028816e-03,2.145127494e-02,5.042535952e-02,1.072543183e-02,7.362046180e-03,2.947127854e-01,3.482388109e+01,2.625235336e-03,1.415504e-16,3.209403e-18,3.909147e-19,6.907318e-03
4.490000,6.647145367e-03,2.113312608e-02,5.082495694e-02,1.056636641e-02,7.085918176e-03,2.992892124e-01,3.482245322e+01,2.586454808e-03,3.455237e-16,1.760160e-18,3.686686e-19,6.878298e-03
4.500000,6.686612425e-03,2.081432928e-02,5.118105120e-02,1.040697678e-02,6.811206357e-03,3.038686168e-01,3.482115375e+01,2.547331582e-03,7.779302e-16,3.225501e-18,7.666467e-19,6.857688e-03
4.510000,6.722538913e-03,2.049533246e-02,5.149297523e-02,1.024748687e-02,6.538390090e-03,3.084061730e-01,3.481998747e+01,2.507855506e-03,2.835639e-16,3.854735e-18,1.626303e-19,6.910478e-03
4.520000,6.755034273e-03,2.017658019e-02,5.176021954e-02,1.008811898e-02,6.267982850e-03,3.128607132e-01,3.481895877e+01,2.468022191e-03,1.491864e-16,4.353126e-18,2.710505e-20,6.851588e-03
4.530000,6.784208185e-03,1.985851236e-02,5.198242534e-02,9.929093024e-03,6.000537184e-03,3.171946480e-01,3.481807152e+01,2.427832950e-03,6.723307e-16,4.025078e-18,4.543635e-19,6.885878e-03
4.540000,6.810170314e-03,1.954156274e-02,5.215937849e-02,9.770625902e-03,5.736650631e-03,3.213738444e-01,3.481732915e+01,2.387294710e-03,6.676140e-16,2.640205e-18,5.114171e-19,6.898228e-03
4.550000,6.833030073e-03,1.922615755e-02,5.229100402e-02,9.612930716e-03,5.476972740e-03,3.253674791e-01,3.481673462e+01,2.346419890e-03,3.415083e-16,4.389429e-18,1.212175e-19,6.784188e-03
4.560000,6.852896416e-03,1.891271397e-02,5.237736123e-02,9.456216048e-03,5.222213266e-03,3.291478773e-01,3.481629040e+01,2.305226251e-03,6.685891e-16,3.422114e-18,3.428548e-19,6.829508e-03
4.570000,6.869877637e-03,1.860163857e-02,5.241863917e-02,9.300685189e-03,4.973151607e-03,3.326903474e-01,3.481599852e+01,2.263736721e-03,9.997732e-16,3.306817e-18,9.772866e-19,6.865608e-03
4.580000,6.884081197e-03,1.829332578e-02,5.241515269e-02,9.146535352e-03,4.730647391e-03,3.359730172e-01,3.481586049e+01,2.221979185e-03,6.765534e-17,8.778858e-19,1.212175e-19,6.876128e-03
4.590000,6.895613559e-03,1.798815627e-02,5.236733868e-02,8.993956877e-03,4.495651948e-03,3.389766752e-01,3.481587740e+01,2.179986254e-03,4.455650e-16,3.263881e-18,4.848700e-19,6.897788e-03
4.600000,6.904580040e-03,1.768649536e-02,5.227575282e-02,8.843132418e-03,4.269220056e-03,3.416846217e-01,3.481604985e+01,2.137795013e-03,1.476864e-16,3.496447e-18,3.909147e-19,6.872558e-03
4.610000,6.911084669e-03,1.738869133e-02,5.214106642e-02,8.694236127e-03,4.052520817e-03,3.440825285e-01,3.481637799e+01,2.095446738e-03,5.590179e-16,8.741117e-19,6.594944e-19,6.867358e-03
4.620000,6.915230069e-03,1.709507383e-02,5.196406367e-02,8.547432836e-03,3.846845759e-03,3.461583101e-01,3.481686150e+01,2.052986599e-03,4.450650e-16,4.875370e-18,1.533293e-19,6.908668e-03
4.630000,6.917117334e-03,1.680595225e-02,5.174563897e-02,8.402877238e-03,3.653611168e-03,3.479020056e-01,3.481749962e+01,2.010463340e-03,5.563923e-16,5.101802e-18,1.084202e-19,6.898908e-03
4.640000,6.916845932e-03,1.652161409e-02,5.148679462e-02,8.260713092e-03,3.474350412e-03,3.493056714e-01,3.481829116e+01,1.967928943e-03,3.337103e-16,1.734723e-18,5.528368e-19,6.887787e-03
4.650000,6.914513601e-03,1.624232342e-02,5.118863850e-02,8.121072439e-03,3.310690680e-03,3.503632840e-01,3.481923447e+01,1.925438278e-03,4.472815e-16,1.788112e-18,4.370559e-19,6.921338e-03
4.660000,6.910216265e-03,1.596831934e-02,5.085238204e-02,7.984074845e-03,3.164307829e-03,3.510706526e-01,3.482032751e+01,1.883048741e-03,2.220599e-16,6.367842e-18,3.909147e-19,6.885968e-03
4.670000,6.904047952e-03,1.569981463e-02,5.047933828e-02,7.849826696e-03,3.036853740e-03,3.514253404e-01,3.482156780e+01,1.840819875e-03,5.588276e-16,2.335443e-18,5.114171e-19,6.884377e-03
4.680000,6.896100722e-03,1.543699434e-02,5.007092001e-02,7.718420533e-03,2.929853916e-03,3.514265951e-01,3.482295246e+01,1.798812991e-03,1.344414e-16,7.019790e-18,2.710505e-19,6.927728e-03
4.690000,6.886464600e-03,1.518001465e-02,4.962863806e-02,7.589934452e-03,2.844579951e-03,3.510752859e-01,3.482447823e+01,1.757090778e-03,4.682027e-16,5.229239e-18,5.114171e-19,6.903318e-03
4.700000,6.875227513e-03,1.492900180e-02,4.915409963e-02,7.464431581e-03,2.781911302e-03,3.503738489e-01,3.482614147e+01,1.715716910e-03,2.291975e-16,1.355253e-19,2.235140e-19,6.852787e-03
4.710000,6.862475237e-03,1.468405120e-02,4.864900670e-02,7.341959638e-03,2.742210596e-03,3.493262385e-01,3.482793816e+01,1.674755649e-03,6.787204e-16,1.745069e-18,4.631714e-19,6.869967e-03
4.720000,6.848291344e-03,1.444522678e-02,4.811515447e-02,7.222550595e-03,2.725241159e-03,3.479378848e-01,3.482986393e+01,1.634271456e-03,2.222361e-16,6.203742e-18,1.355253e-19,6.884638e-03
4.730000,6.832757160e-03,1.421256049e-02,4.755442974e-02,7.106220437e-03,2.730150036e-03,3.462156567e-01,3.483191409e+01,1.594328599e-03,4.250087e-17,1.781732e-18,2.710505e-19,6.889448e-03
4.740000,6.815951721e-03,1.398605210e-02,4.696880936e-02,6.992969055e-03,2.755524161e-03,3.441678309e-01,3.483408359e+01,1.554990763e-03,6.663485e-16,4.701692e-18,4.543635e-19,6.913188e-03
4.750000,6.797951734e-03,1.376566920e-02,4.636035847e-02,6.882780254e-03,2.799507699e-03,3.418040650e-01,3.483636712e+01,1.516320678e-03,2.379138e-16,1.052570e-18,3.428548e-19,6.902578e-03
4.760000,6.778831544e-03,1.355134750e-02,4.573122873e-02,6.775621903e-03,2.859953850e-03,3.391353755e-01,3.483875902e+01,1.478379746e-03,3.426145e-17,2.341099e-18,2.710505e-19,6.912697e-03
4.770000,6.758663106e-03,1.334299141e-02,4.508365621e-02,6.671446217e-03,2.934580476e-03,3.361741200e-01,3.484125339e+01,1.441227686e-03,2.872789e-16,2.798129e-18,2.185279e-19,6.882668e-03
4.780000,6.737515950e-03,1.314047492e-02,4.441995915e-02,6.570190188e-03,3.021105190e-03,3.329339835e-01,3.484384406e+01,1.404922191e-03,5.680319e-16,5.976465e-18,2.557086e-19,6.938538e-03
4.790000,6.715457161e-03,1.294364266e-02,4.374253517e-02,6.471776150e-03,3.117346857e-03,3.294299681e-01,3.484652462e+01,1.369518595e-03,4.491479e-16,1.084202e-18,2.235140e-19,6.913638e-03
4.800000,6.692551353e-03,1.275231138e-02,4.305385814e-02,6.376112486e-03,3.221291183e-03,3.256783852e-01,3.484928840e+01,1.335069569e-03,3.344265e-16,1.207621e-18,1.117570e-19,6.918108e-03
4.810000,6.668860647e-03,1.256627162e-02,4.235647430e-02,6.283094468e-03,3.331125082e-03,3.216968512e-01,3.485212856e+01,1.301624821e-03,2.220600e-16,3.589757e-18,2.557086e-19,6.952768e-03
4.820000,6.644444654e-03,1.238528959e-02,4.165299766e-02,6.192605216e-03,3.445247549e-03,3.175042845e-01,3.485503804e+01,1.269230827e-03,7.773807e-16,4.123177e-18,6.644886e-19,6.932028e-03
4.830000,6.619360454e-03,1.220910939e-02,4.094610441e-02,6.104516778e-03,3.562264864e-03,3.131209031e-01,3.485800961e+01,1.237930582e-03,2.237795e-16,1.927511e-18,2.185279e-19,6.905078e-03
4.840000,6.593662582e-03,1.203745529e-02,4.023852615e-02,6.018691306e-03,3.680976626e-03,3.085682221e-01,3.486103588e+01,1.207763365e-03,1.461042e-16,3.333040e-18,1.355253e-19,6.918358e-03
4.850000,6.567403012e-03,1.187003432e-02,3.953304172e-02,5.934982316e-03,3.800357335e-03,3.038690500e-01,3.486410932e+01,1.178764542e-03,1.116847e-16,6.584464e-18,8.131516e-20,6.931477e-03
4.860000,6.540631145e-03,1.170653889e-02,3.883246739e-02,5.853236021e-03,3.919536662e-03,2.990474803e-01,3.486722227e+01,1.150965378e-03,1.734733e-17,1.206175e-18,2.424350e-19,6.942208e-03
4.870000,6.513393795e-03,1.154664958e-02,3.813964516e-02,5.773292718e-03,4.037780236e-03,2.941288775e-01,3.487036697e+01,1.124392891e-03,2.434064e-16,2.247637e-18,1.533293e-19,6.925658e-03
4.880000,6.485735182e-03,1.139003798e-02,3.745742888e-02,5.694988203e-03,4.154471973e-03,2.891398539e-01,3.487353557e+01,1.099069713e-03,4.441657e-16,5.306018e-18,1.278543e-19,6.940428e-03
4.890000,6.457696918e-03,1.123636953e-02,3.678866807e-02,5.618155210e-03,4.269098348e-03,2.841082329e-01,3.487672013e+01,1.075013998e-03,2.541271e-16,3.520319e-18,1.440653e-19,6.919827e-03
4.900000,6.429318006e-03,1.108530645e-02,3.613618898e-02,5.542624848e-03,4.381234706e-03,2.790629954e-01,3.487991268e+01,1.052239339e-03,2.456174e-16,2.415241e-18,2.206192e-19,6.885057e-03
4.910000,6.400634827e-03,1.093651055e-02,3.550277311e-02,5.468228025e-03,4.490533515e-03,2.740342033e-01,3.488310520e+01,1.030754721e-03,7.112402e-17,3.936957e-18,1.157928e-19,6.920058e-03
4.920000,6.371681141e-03,1.078964602e-02,3.489113279e-02,5.394796842e-03,4.596714368e-03,2.690528945e-01,3.488628964e+01,1.010564501e-03,1.162692e-16,8.974393e-19,1.117570e-19,6.906198e-03
4.930000,6.342488082e-03,1.064438213e-02,3.430388408e-02,5.322165939e-03,4.699555517e-03,2.641509418e-01,3.488945798e+01,9.916684101e-04,2.319947e-16,2.012539e-18,1.135909e-19,6.949708e-03
4.940000,6.313084160e-03,1.050039584e-02,3.374351714e-02,5.250173801e-03,4.798886713e-03,2.593608703e-01,3.489260216e+01,9.740615836e-04,1.677605e-16,1.838804e-18,1.355253e-20,6.908398e-03
4.950000,6.283495260e-03,1.035737428e-02,3.321236456e-02,5.178663991e-03,4.894583148e-03,2.547156247e-01,3.489571420e+01,9.577346192e-04,8.891398e-18,5.046201e-18,1.135909e-19,6.957087e-03
4.960000,6.253744649e-03,1.021501706e-02,3.271256806e-02,5.107486322e-03,4.986560313e-03,2.502482814e-01,3.489878614e+01,9.426736570e-04,4.492634e-16,3.122733e-18,2.271818e-19,6.955658e-03
4.970000,6.223852983e-03,1.007303849e-02,3.224604468e-02,5.036497951e-03,5.074769616e-03,2.459916994e-01,3.490181009e+01,9.288604847e-04,2.297596e-16,1.618208e-18,3.800149e-19,6.915717e-03
4.980000,6.193838315e-03,9.931169621e-03,3.181445317e-02,4.965564404e-03,5.159194617e-03,2.419781090e-01,3.490477822e+01,9.162726669e-04,3.394019e-16,2.589925e-18,5.431588e-20,6.977407e-03
4.990000,6.163716109e-03,9.789160134e-03,3.141916217e-02,4.894560524e-03,5.239847779e-03,2.382386388e-01,3.490768282e+01,9.048836954e-04,6.947309e-16,1.305552e-18,2.177913e-19,6.896768e-03
5.000000,6.133499258e-03,9.646780092e-03,3.106122113e-02,4.823371343e-03,5.316767619e-03,2.348027879e-01,3.491051626e+01,8.946631614e-04,5.576686e-16,2.852807e-18,2.219679e-19,6.897258e-03
5.010000,6.103198103e-03,9.503821543e-03,3.074133575e-02,4.751892888e-03,5.390016203e-03,2.316978554e-01,3.491327104e+01,8.855769473e-04,6.721380e-16,1.404306e-18,3.309287e-19,6.891328e-03
5.020000,6.072820456e-03,9.360100004e-03,3.045984889e-02,4.680032918e-03,5.459676894e-03,2.289483464e-01,3.491593982e+01,8.775874366e-04,4.494995e-16,2.589065e-18,6.776264e-21,6.916187e-03
5.030000,6.042371630e-03,9.215455811e-03,3.021672850e-02,4.607711601e-03,5.525852320e-03,2.265753800e-01,3.491851538e+01,8.706537410e-04,4.445239e-17,1.802028e-18,5.463198e-20,6.837517e-03
5.040000,6.011854471e-03,9.069755374e-03,3.001156303e-02,4.534862143e-03,5.588662498e-03,2.245961291e-01,3.492099067e+01,8.647319432e-04,3.583226e-16,1.838804e-18,1.355253e-20,6.859558e-03
5.050000,5.981269391e-03,8.922892332e-03,2.984356527e-02,4.461431366e-03,5.648243088e-03,2.230233263e-01,3.492335882e+01,8.597753524e-04,5.661165e-17,1.735200e-18,1.243957e-19,6.900808e-03
5.060000,5.950614414e-03,8.774788650e-03,2.971158429e-02,4.387380249e-03,5.704743740e-03,2.218648691e-01,3.492561315e+01,8.557347733e-04,1.112079e-15,2.602085e-18,3.797127e-19,6.855538e-03
5.070000,5.919885221e-03,8.625395640e-03,2.961412546e-02,4.312684451e-03,5.758326511e-03,2.211235540e-01,3.492774718e+01,8.525587844e-04,4.477360e-16,4.411072e-18,1.135909e-19,6.891057e-03
5.080000,5.889075197e-03,8.474694970e-03,2.954937747e-02,4.237334804e-03,5.809164322e-03,2.207969622e-01,3.492975465e+01,8.501940254e-04,8.070228e-17,2.144088e-18,1.638960e-19,6.853588e-03
5.090000,5.858175490e-03,8.322699634e-03,2.951524545e-02,4.161337806e-03,5.857439455e-03,2.208775068e-01,3.493162951e+01,8.485854913e-04,1.181214e-16,2.891115e-18,1.103096e-19,6.868158e-03
5.100000,5.827175071e-03,8.169454940e-03,2.950938854e-02,4.084716111e-03,5.903342061e-03,2.213526422e-01,3.493336595e+01,8.476768316e-04,4.449436e-16,2.800788e-18,2.219679e-19,6.888387e-03
5.110000,5.796060796e-03,8.015039510e-03,2.952926063e-02,4.007509028e-03,5.947068676e-03,2.222052219e-01,3.493495842e+01,8.474106523e-04,1.114822e-15,4.780225e-18,3.804376e-19,6.867728e-03
5.120000,5.764817481e-03,7.859566324e-03,2.957215245e-02,3.929773047e-03,5.988820734e-03,2.234139792e-01,3.493640160e+01,8.477288202e-04,1.110835e-16,3.701529e-18,1.676355e-19,6.917287e-03
5.130000,5.733427971e-03,7.703183807e-03,2.963523370e-02,3.851582380e-03,6.028803084e-03,2.249541016e-01,3.493769045e+01,8.485727659e-04,5.579328e-16,2.032879e-20,1.212175e-19,6.896967e-03
5.140000,5.701873223e-03,7.546076991e-03,2.971559387e-02,3.773029544e-03,6.067222493e-03,2.267978618e-01,3.493882020e+01,8.498837852e-04,1.112581e-16,1.746752e-18,9.486769e-20,6.889707e-03
5.150000,5.670132386e-03,7.388468745e-03,2.981028067e-02,3.694225970e-03,6.104286152e-03,2.289152697e-01,3.493978637e+01,8.516033363e-04,3.615354e-16,7.846507e-19,2.235140e-19,6.887178e-03
5.160000,5.638182892e-03,7.230621072e-03,2.991633534e-02,3.615302660e-03,6.140200174e-03,2.312747161e-01,3.494058475e+01,8.536733321e-04,2.278237e-16,2.686748e-18,1.882777e-19,6.900908e-03
5.170000,5.606000544e-03,7.072836483e-03,3.003082419e-02,3.536410870e-03,6.175168104e-03,2.338435785e-01,3.494121145e+01,8.560364245e-04,6.783556e-16,1.880288e-18,3.854735e-19,6.979158e-03
5.180000,5.573559613e-03,6.915459409e-03,3.015086621e-02,3.457722814e-03,6.209389442e-03,2.365887726e-01,3.494166286e+01,8.586362809e-04,4.441194e-16,3.331774e-18,2.713891e-19,6.869478e-03
5.190000,5.540832934e-03,6.758877625e-03,3.027365654e-02,3.379432380e-03,6.243058184e-03,2.394772366e-01,3.494193571e+01,8.614178498e-04,2.376752e-16,2.558985e-18,1.278543e-19,6.886408e-03
5.200000,5.507792011e-03,6.603523637e-03,3.039648610e-02,3.301755819e-03,6.276361405e-03,2.424763423e-01,3.494202701e+01,8.643276155e-04,2.670850e-16,9.298034e-19,5.421011e-20,6.888297e-03
5.210000,5.474407116e-03,6.449875933e-03,3.051675735e-02,3.224932377e-03,6.309477884e-03,2.455542324e-01,3.494193411e+01,8.673138395e-04,8.686469e-17,2.511081e-18,4.065758e-20,6.913747e-03
5.220000,5.440647397e-03,6.298460017e-03,3.063199667e-02,3.149224803e-03,6.342576793e-03,2.486800893e-01,3.494165469e+01,8.703267880e-04,6.769072e-16,1.145163e-18,1.355253e-19,6.877817e-03
5.230000,5.406480986e-03,6.149849031e-03,3.073986375e-02,3.074919670e-03,6.375816466e-03,2.518243393e-01,3.494118675e+01,8.733189444e-04,4.449924e-16,5.189426e-18,2.557086e-19,6.957937e-03
5.240000,5.371875107e-03,6.004663816e-03,3.083815819e-02,3.002327398e-03,6.409343247e-03,2.549588020e-01,3.494052862e+01,8.762452055e-04,4.492755e-16,9.611854e-19,4.065758e-20,6.898488e-03
5.250000,5.336796188e-03,5.863572126e-03,3.092482387e-02,2.931781863e-03,6.443290458e-03,2.580567915e-01,3.493967898e+01,8.790630604e-04,2.454997e-16,3.520967e-18,1.882777e-19,6.923397e-03
5.260000,5.301209967e-03,5.727286719e-03,3.099795147e-02,2.863639445e-03,6.477777470e-03,2.610931795e-01,3.493863684e+01,8.817327522e-04,2.226276e-16,2.881307e-19,1.084202e-19,6.902577e-03
5.270000,5.265081610e-03,5.596561965e-03,3.105577924e-02,2.798277330e-03,6.512908918e-03,2.640444255e-01,3.493740153e+01,8.842174208e-04,5.585946e-16,7.991467e-19,2.103918e-19,6.882978e-03
5.280000,5.228375813e-03,5.472188596e-03,3.109669270e-02,2.736090884e-03,6.548774042e-03,2.668885832e-01,3.493597276e+01,8.864832266e-04,2.305683e-16,1.355528e-18,1.278543e-19,6.885107e-03
5.290000,5.191056918e-03,5.354986199e-03,3.111922317e-02,2.677489900e-03,6.585446192e-03,2.696052880e-01,3.493435054e+01,8.884994552e-04,3.332549e-16,3.765747e-18,5.421011e-20,6.926197e-03
5.300000,5.153089020e-03,5.245793078e-03,3.112204567e-02,2.622893532e-03,6.622982475e-03,2.721757299e-01,3.493253526e+01,8.902386022e-04,2.243519e-16,3.289313e-18,1.278543e-19,6.860218e-03
5.310000,5.114436071e-03,5.145453235e-03,3.110397612e-02,2.572723779e-03,6.661423567e-03,2.745826168e-01,3.493052763e+01,8.916764377e-04,6.744948e-16,1.879412e-18,3.473785e-19,6.908307e-03
5.320000,5.075061991e-03,5.054800331e-03,3.106396821e-02,2.527397475e-03,6.700793679e-03,2.768101315e-01,3.492832871e+01,8.927920517e-04,5.753476e-17,3.418907e-18,1.631940e-19,6.942017e-03
5.330000,5.034930766e-03,4.974638795e-03,3.100111001e-02,2.487316833e-03,6.741100686e-03,2.788438841e-01,3.492593988e+01,8.935678789e-04,3.642966e-17,2.320383e-18,8.677852e-20,6.970148e-03
5.340000,4.994006552e-03,4.905722536e-03,3.091462040e-02,2.452858808e-03,6.782336399e-03,2.806708621e-01,3.492336287e+01,8.939897042e-04,6.661667e-16,1.221853e-18,4.946208e-19,6.961227e-03
5.350000,4.952253771e-03,4.848732117e-03,3.080384538e-02,2.424363684e-03,6.824476989e-03,2.822793802e-01,3.492059975e+01,8.940466486e-04,6.661991e-16,1.111307e-18,2.764184e-19,6.933237e-03
5.360000,4.909637207e-03,4.804251650e-03,3.066825450e-02,2.402123515e-03,6.867483534e-03,2.836590301e-01,3.491765292e+01,8.937311367e-04,5.552195e-16,3.814429e-18,2.713891e-19,6.892727e-03
5.370000,4.866122097e-03,4.772746958e-03,3.050743726e-02,2.386371214e-03,6.911302702e-03,2.848006318e-01,3.491452509e+01,8.930388449e-04,4.593213e-16,2.430441e-18,6.060874e-20,6.940087e-03
5.380000,4.821674219e-03,4.754546755e-03,3.032109967e-02,2.377271138e-03,6.955867532e-03,2.856961857e-01,3.491121930e+01,8.919686322e-04,4.452372e-16,1.522508e-18,2.315857e-19,6.902387e-03
5.390000,4.776259978e-03,4.749828508e-03,3.010906099e-02,2.374912021e-03,7.001098312e-03,2.863388276e-01,3.490773892e+01,8.905224543e-04,2.239237e-16,1.339045e-18,1.212175e-19,6.903417e-03
5.400000,4.729846484e-03,4.758610358e-03,2.987125055e-02,2.379302934e-03,7.046903544e-03,2.867227852e-01,3.490408763e+01,8.887052607e-04,1.135557e-16,3.942937e-18,1.761829e-19,6.919257e-03
5.410000,4.682401630e-03,4.780749915e-03,2.960770492e-02,2.390372681e-03,7.093180959e-03,2.868433370e-01,3.490026939e+01,8.865248768e-04,5.160814e-17,3.009426e-18,6.060874e-20,6.954058e-03
5.420000,4.633894165e-03,4.815950068e-03,2.931856527e-02,2.407972707e-03,7.139818594e-03,2.866967739e-01,3.489628849e+01,8.839918714e-04,7.777702e-16,1.548788e-18,8.677852e-20,6.902897e-03
5.430000,4.584293761e-03,4.863771208e-03,2.900407492e-02,2.431883207e-03,7.186695891e-03,2.862803623e-01,3.489214950e+01,8.811194112e-04,2.437028e-16,3.340533e-19,8.677852e-20,6.927127e-03
5.440000,4.533571080e-03,4.923648691e-03,2.866457736e-02,2.461821859e-03,7.233684827e-03,2.855923098e-01,3.488785728e+01,8.779231020e-04,2.456190e-16,2.273618e-18,1.355253e-20,6.897128e-03
5.450000,4.481697831e-03,4.994913907e-03,2.830051441e-02,2.497454357e-03,7.280651038e-03,2.846317333e-01,3.488341696e+01,8.744208203e-04,3.453831e-16,2.389017e-18,2.793925e-19,6.887157e-03
5.460000,4.428646825e-03,5.076817220e-03,2.791242485e-02,2.538405884e-03,7.327454941e-03,2.833986287e-01,3.487883395e+01,8.706325333e-04,2.307338e-16,3.411485e-18,1.648736e-19,6.946448e-03
5.470000,4.374392034e-03,5.168551119e-03,2.750094342e-02,2.584272683e-03,7.373952846e-03,2.818938430e-01,3.487411391e+01,8.665801115e-04,5.554247e-16,4.207488e-18,1.626303e-19,6.901437e-03
5.480000,4.318908629e-03,5.269272182e-03,2.706680023e-02,2.634633043e-03,7.419998028e-03,2.801190479e-01,3.486926275e+01,8.622871334e-04,5.852606e-17,3.920795e-18,8.677852e-20,6.928267e-03
5.490000,4.262173032e-03,5.378120851e-03,2.661082065e-02,2.689057184e-03,7.465441777e-03,2.780767162e-01,3.486428665e+01,8.577786837e-04,6.331741e-17,9.437270e-19,1.157928e-19,6.891227e-03
5.500000,4.204162951e-03,5.494238401e-03,2.613392581e-02,2.747115745e-03,7.510134396e-03,2.757700990e-01,3.485919197e+01,8.530811476e-04,6.708507e-17,3.248545e-18,1.631940e-19,6.894927e-03
5.510000,4.144857418e-03,5.616780854e-03,2.563713357e-02,2.808386735e-03,7.553926158e-03,2.732032059e-01,3.485398534e+01,8.482220004e-04,4.467446e-16,3.960993e-18,1.676355e-19,6.924187e-03
5.520000,4.084236823e-03,5.744929862e-03,2.512156031e-02,2.872460981e-03,7.596668212e-03,2.703807862e-01,3.484867357e+01,8.432295963e-04,3.450793e-16,6.376982e-19,8.677852e-20,6.884547e-03
5.530000,4.022282942e-03,5.877900801e-03,2.458842342e-02,2.938946170e-03,7.638213431e-03,2.673083134e-01,3.484326368e+01,8.381329551e-04,2.538201e-16,1.918081e-18,9.486769e-20,6.887398e-03
5.540000,3.958978963e-03,6.014948405e-03,2.403904462e-02,3.007469668e-03,7.678417208e-03,2.639919705e-01,3.483776288e+01,8.329615501e-04,1.211238e-16,3.184456e-18,1.212175e-19,6.907628e-03
5.550000,3.894309512e-03,6.155370356e-03,2.347485433e-02,3.077680319e-03,7.717138192e-03,2.604386387e-01,3.483217854e+01,8.277450971e-04,2.324404e-16,3.134447e-18,1.157928e-19,6.905507e-03
5.560000,3.828260669e-03,6.298509222e-03,2.289739711e-02,3.149249405e-03,7.754238964e-03,2.566558879e-01,3.482651821e+01,8.225133470e-04,5.581001e-16,1.057531e-18,1.626303e-19,6.896737e-03
5.570000,3.760819993e-03,6.443753105e-03,2.230833824e-02,3.221870978e-03,7.789586667e-03,2.526519706e-01,3.482078959e+01,8.172958818e-04,3.365277e-16,2.296006e-18,1.355253e-19,6.920047e-03
5.580000,3.691976536e-03,6.590535345e-03,2.170947178e-02,3.295261709e-03,7.823053561e-03,2.484358186e-01,3.481500050e+01,8.121219164e-04,2.263890e-16,3.476217e-18,5.587850e-20,6.914847e-03
5.590000,3.621720853e-03,6.738333527e-03,2.110272996e-02,3.369160389e-03,7.854517541e-03,2.440170427e-01,3.480915890e+01,8.070201060e-04,2.223092e-16,1.178232e-18,1.092640e-19,6.914567e-03
5.600000,3.550045025e-03,6.886668032e-03,2.049019419e-02,3.443327212e-03,7.883862590e-03,2.394059371e-01,3.480327286e+01,8.020183619e-04,3.396970e-16,2.420103e-18,8.131516e-20,6.901697e-03
5.610000,3.476942666e-03,7.035100292e-03,1.987410763e-02,3.517542892e-03,7.910979186e-03,2.346134876e-01,3.479735054e+01,7.971436744e-04,4.623828e-16,1.890180e-18,3.833234e-20,6.811228e-03
5.620000,3.402408935e-03,7.183230883e-03,1.925688929e-02,3.591607720e-03,7.935764657e-03,2.296513848e-01,3.479140021e+01,7.924219463e-04,3.414523e-16,4.290333e-18,1.714274e-19,6.869908e-03
5.630000,3.326440555e-03,7.330697552e-03,1.864114950e-02,3.665340569e-03,7.958123488e-03,2.245320434e-01,3.478543017e+01,7.878778349e-04,1.110242e-16,2.548364e-18,3.030437e-20,6.817997e-03
5.640000,3.249035820e-03,7.477173244e-03,1.802970622e-02,3.738577913e-03,7.977967588e-03,2.192686275e-01,3.477944881e+01,7.835346064e-04,2.265808e-16,2.155621e-18,8.243680e-20,6.852708e-03
5.650000,3.170194617e-03,7.622364180e-03,1.742560162e-02,3.811172863e-03,7.995216505e-03,2.138750830e-01,3.477346455e+01,7.794140004e-04,4.444364e-16,6.889498e-19,4.886433e-20,6.884718e-03
5.660000,3.089918443e-03,7.766008006e-03,1.683211756e-02,3.882994245e-03,8.009797613e-03,2.083661789e-01,3.476748585e+01,7.755361077e-04,8.890590e-16,2.022896e-18,5.421011e-20,6.875058e-03
5.670000,3.008210427e-03,7.907872046e-03,1.625278821e-02,3.953925721e-03,8.021646248e-03,2.027575574e-01,3.476152116e+01,7.719192593e-04,2.220718e-16,2.480430e-18,1.103096e-19,6.903107e-03
5.680000,2.925075360e-03,8.047751646e-03,1.569140713e-02,4.023864964e-03,8.030705815e-03,1.970657941e-01,3.475557895e+01,7.685799300e-04,5.637388e-17,8.944925e-19,4.545656e-20,6.880227e-03
5.690000,2.840519730e-03,8.185468628e-03,1.515202516e-02,4.092722888e-03,8.036927861e-03,1.913084705e-01,3.474966769e+01,7.655326539e-04,4.473612e-16,2.186962e-18,1.334769e-19,6.874107e-03
5.700000,2.754551772e-03,8.320869845e-03,1.463893427e-02,4.160422920e-03,8.040272112e-03,1.855042571e-01,3.474379579e+01,7.627899544e-04,3.368124e-16,3.847129e-18,1.515219e-20,6.901157e-03
5.710000,2.667181519e-03,8.453825819e-03,1.415663173e-02,4.226900323e-03,8.040706484e-03,1.796730109e-01,3.473797165e+01,7.603622876e-04,2.362229e-16,1.419530e-18,6.984813e-20,6.881418e-03
5.720000,2.578420887e-03,8.584229484e-03,1.370975796e-02,4.292101564e-03,8.038207057e-03,1.738358845e-01,3.473220358e+01,7.582579997e-04,1.452861e-17,1.096839e-18,5.515479e-20,6.874828e-03
5.730000,2.488283764e-03,8.711994984e-03,1.330300204e-02,4.355983716e-03,8.032758034e-03,1.680154473e-01,3.472649987e+01,7.564832978e-04,1.285674e-16,2.042137e-18,5.463198e-20,6.895367e-03
5.740000,2.396786141e-03,8.837056555e-03,1.294097039e-02,4.418513900e-03,8.024351664e-03,1.622358167e-01,3.472086868e+01,7.550422350e-04,2.236717e-16,3.433488e-18,6.578562e-20,6.879858e-03
5.750000,2.303946277e-03,8.959367456e-03,1.262801808e-02,4.479668745e-03,8.012988143e-03,1.565227929e-01,3.471531809e+01,7.539367087e-04,6.677785e-16,1.238037e-18,2.169463e-20,6.888947e-03
5.760000,2.209784915e-03,9.078898949e-03,1.236804873e-02,4.539433884e-03,7.998675496e-03,1.509039912e-01,3.470985609e+01,7.531664722e-04,6.670955e-16,2.772778e-18,1.220198e-19,6.879517e-03
5.770000,2.114325567e-03,9.195639324e-03,1.216429694e-02,4.597803462e-03,7.981429432e-03,1.454089585e-01,3.470449051e+01,7.527291597e-04,5.637852e-17,8.415672e-19,8.314848e-20,6.864217e-03
5.780000,2.017594899e-03,9.309592947e-03,1.201911546e-02,4.654779664e-03,7.961273178e-03,1.400692552e-01,3.469922909e+01,7.526203230e-04,1.400569e-16,1.299789e-18,3.182861e-20,6.887707e-03
5.790000,1.919623247e-03,9.420779341e-03,1.193379540e-02,4.710372252e-03,7.938237297e-03,1.349184770e-01,3.469407937e+01,7.528334815e-04,2.226082e-16,1.076125e-18,1.536659e-19,6.870758e-03
5.800000,1.820445321e-03,9.529232275e-03,1.190844748e-02,4.764598110e-03,7.912359483e-03,1.299921807e-01,3.468904877e+01,7.533601826e-04,2.298889e-16,3.270095e-18,4.079851e-20,6.903928e-03
5.810000,1.720101186e-03,9.634998870e-03,1.194196584e-02,4.817480801e-03,7.883684337e-03,1.253276688e-01,3.468414453e+01,7.541900740e-04,6.769340e-16,2.237778e-18,1.440653e-19,6.880657e-03
5.820000,1.618637637e-03,9.738138708e-03,1.203208243e-02,4.869050115e-03,7.852263130e-03,1.209635812e-01,3.467937368e+01,7.553109860e-04,6.720190e-16,5.164651e-18,1.382092e-19,6.912548e-03
5.830000,1.516110183e-03,9.838722940e-03,1.217550395e-02,4.919341628e-03,7.818153543e-03,1.169392372e-01,3.467474307e+01,7.567090233e-04,1.205463e-16,1.642070e-18,4.285685e-20,6.887757e-03
5.840000,1.412585948e-03,9.936833395e-03,1.236811002e-02,4.968396257e-03,7.781419393e-03,1.132936797e-01,3.467025936e+01,7.583686658e-04,4.526949e-16,1.063173e-18,5.463198e-20,6.875388e-03
5.850000,1.308148038e-03,1.003256168e-02,1.260518314e-02,5.016259803e-03,7.742130343e-03,1.100643954e-01,3.466592897e+01,7.602728783e-04,4.458012e-16,4.490585e-18,7.298259e-20,6.921868e-03
5.860000,1.202902294e-03,1.012600827e-02,1.288164132e-02,5.062982505e-03,7.700361599e-03,1.072857290e-01,3.466175808e+01,7.624032263e-04,5.575863e-16,3.365397e-18,4.545656e-20,6.898207e-03
5.870000,1.096988065e-03,1.021728159e-02,1.319224983e-02,5.108618574e-03,7.656193583e-03,1.049870707e-01,3.465775267e+01,7.647399991e-04,2.468894e-16,2.175911e-18,7.298259e-20,6.941957e-03
5.880000,9.905960618e-04,1.030649707e-02,1.353179734e-02,5.153225728e-03,7.609711605e-03,1.031909742e-01,3.465391843e+01,7.672623385e-04,3.341880e-16,3.690772e-18,3.833234e-20,6.920927e-03
5.890000,8.839992157e-04,1.039377624e-02,1.389523043e-02,5.196864725e-03,7.561005506e-03,1.019114274e-01,3.465026083e+01,7.699483723e-04,1.377884e-16,1.686408e-18,3.030437e-20,6.910497e-03
5.900000,7.776087393e-04,1.047924571e-02,1.427774746e-02,5.239598879e-03,7.510169303e-03,1.011525304e-01,3.464678504e+01,7.727753511e-04,6.505238e-17,3.499809e-18,1.285706e-19,6.909867e-03
5.910000,6.720819206e-04,1.056303627e-02,1.467485686e-02,5.281493579e-03,7.457300802e-03,1.009078134e-01,3.464349597e+01,7.757197895e-04,1.110765e-16,1.084287e-18,1.631940e-19,6.903297e-03
5.920000,5.685430805e-04,1.064528188e-02,1.508240702e-02,5.322615805e-03,7.402501221e-03,1.011603331e-01,3.464039826e+01,7.787576074e-04,3.350532e-16,4.222893e-18,1.219727e-19,6.917247e-03
5.930000,4.690673107e-04,1.072611868e-02,1.549659491e-02,5.363033633e-03,7.345874776e-03,1.018835560e-01,3.463749625e+01,7.818642748e-04,5.756644e-16,4.343760e-19,1.940427e-19,6.905777e-03
5.940000,3.777900789e-04,1.080568406e-02,1.591396017e-02,5.402815742e-03,7.287528279e-03,1.030428951e-01,3.463479397e+01,7.850149550e-04,9.402897e-17,1.215220e-18,7.666467e-20,6.930087e-03
5.950000,3.033158387e-04,1.088411558e-02,1.633136965e-02,5.442030929e-03,7.227570705e-03,1.045976651e-01,3.463229518e+01,7.881846487e-04,2.246724e-16,2.167420e-18,8.571371e-20,6.915247e-03
5.960000,2.616800637e-04,1.096155010e-02,1.674599678e-02,5.480747610e-03,7.166112764e-03,1.065031872e-01,3.463000330e+01,7.913483361e-04,8.894126e-16,2.510647e-18,6.776264e-20,6.926577e-03
5.970000,2.697208080e-04,1.103812272e-02,1.715529833e-02,5.519033340e-03,7.103266453e-03,1.087127967e-01,3.462792147e+01,7.944811168e-04,4.448010e-16,3.152485e-18,9.866389e-20,6.916987e-03
5.980000,3.246266810e-04,1.111396587e-02,1.755699069e-02,5.556954334e-03,7.039144609e-03,1.111795811e-01,3.462605247e+01,7.975583475e-04,1.125376e-16,4.690428e-18,8.677852e-20,6.897447e-03
5.990000,4.085397863e-04,1.118920837e-02,1.794902692e-02,5.594575001e-03,6.973860444e-03,1.138577562e-01,3.462439880e+01,8.005557751e-04,4.446110e-16,2.556969e-18,2.710505e-20,6.892997e-03
6.000000,5.077483853e-04,1.126397451e-02,1.832957512e-02,5.631957483e-03,6.907527083e-03,1.167036606e-01,3.462296262e+01,8.034496661e-04,6.693163e-16,5.482268e-18,4.065758e-20,6.906007e-03
6.010000,6.152620312e-04,1.133838318e-02,1.869699879e-02,5.669161223e-03,6.840257094e-03,1.196764028e-01,3.462174576e+01,8.062169305e-04,2.307155e-16,2.063601e-18,1.084202e-19,6.904797e-03
6.020000,7.276917106e-04,1.141254701e-02,1.904983901e-02,5.706242540e-03,6.772162011e-03,1.227382189e-01,3.462074972e+01,8.088352409e-04,1.304226e-16,1.564701e-18,1.212175e-19,6.903177e-03
6.030000,8.432932813e-04,1.148657161e-02,1.938679865e-02,5.743254230e-03,6.703351865e-03,1.258546081e-01,3.461997567e+01,8.112831438e-04,1.344499e-17,1.503058e-18,1.973278e-19,6.903557e-03
6.040000,9.610931586e-04,1.156055477e-02,1.970672841e-02,5.780245196e-03,6.633934705e-03,1.289943125e-01,3.461942446e+01,8.135401658e-04,1.590515e-17,2.388763e-18,4.412383e-19,6.902257e-03
6.050000,1.080503036e-03,1.163458582e-02,2.000861459e-02,5.817260099e-03,6.564016131e-03,1.321291924e-01,3.461909657e+01,8.155869115e-04,4.440896e-16,3.270521e-18,2.185279e-19,6.908127e-03
6.060000,1.201140533e-03,1.170874497e-02,2.029156837e-02,5.854339043e-03,6.493698824e-03,1.352340407e-01,3.461899220e+01,8.174051538e-04,4.440970e-16,1.736418e-18,2.993851e-19,6.901857e-03
6.070000,1.322740023e-03,1.178310275e-02,2.055481650e-02,5.891517293e-03,6.423082087e-03,1.382863665e-01,3.461911118e+01,8.189779167e-04,4.449830e-16,3.482896e-18,1.459652e-19,6.905768e-03
6.080000,1.445105472e-03,1.185771951e-02,2.079769318e-02,5.928825020e-03,6.352261402e-03,1.412661693e-01,3.461945301e+01,8.202895491e-04,1.175916e-16,2.726855e-18,1.117570e-19,6.944237e-03
6.090000,1.568084089e-03,1.193264499e-02,2.101963299e-02,5.966287099e-03,6.281327990e-03,1.441557166e-01,3.462001688e+01,8.213257900e-04,2.526646e-16,2.132371e-18,1.212175e-19,6.928777e-03
6.100000,1.691550902e-03,1.200791799e-02,2.122016479e-02,6.003922923e-03,6.210368395e-03,1.469393348e-01,3.462080163e+01,8.220738254e-04,8.901347e-16,4.753220e-18,1.533293e-19,6.950057e-03
6.110000,1.815399336e-03,1.208356607e-02,2.139890638e-02,6.041746276e-03,6.139464085e-03,1.496032156e-01,3.462180580e+01,8.225223357e-04,7.879923e-16,3.627905e-18,4.146276e-19,6.923227e-03
6.120000,1.939535274e-03,1.215960537e-02,2.155555987e-02,6.079765231e-03,6.068691075e-03,1.521352419e-01,3.462302759e+01,8.226615337e-04,3.351486e-16,1.565068e-18,1.355253e-19,6.988287e-03
6.130000,2.063873178e-03,1.223604052e-02,2.168990765e-02,6.117982095e-03,5.998119581e-03,1.545248321e-01,3.462446489e+01,8.224831942e-04,2.753887e-17,2.502674e-18,6.060874e-20,6.948197e-03
6.140000,2.188333502e-03,1.231286456e-02,2.180180890e-02,6.156393391e-03,5.927813698e-03,1.567628015e-01,3.462611528e+01,8.219806742e-04,2.228265e-16,2.391023e-18,8.131516e-20,6.902507e-03
6.150000,2.312840915e-03,1.239005900e-02,2.189119657e-02,6.194989877e-03,5.857831117e-03,1.588412418e-01,3.462797601e+01,8.211489234e-04,2.386870e-16,4.400399e-19,7.666467e-20,6.918427e-03
6.160000,2.437323075e-03,1.246759396e-02,2.195807473e-02,6.233756605e-03,5.788222872e-03,1.607534138e-01,3.463004406e+01,8.199844865e-04,7.791362e-16,4.726930e-19,1.648736e-19,6.900198e-03
6.170000,2.561709746e-03,1.254542830e-02,2.200251632e-02,6.272673017e-03,5.719033135e-03,1.624936551e-01,3.463231609e+01,8.184854964e-04,1.153070e-16,3.629393e-18,1.355253e-19,6.927487e-03
6.180000,2.685932177e-03,1.262350995e-02,2.202466115e-02,6.311713068e-03,5.650299044e-03,1.640572984e-01,3.463478847e+01,8.166516586e-04,6.201672e-17,9.096361e-19,8.571371e-20,6.944157e-03
6.190000,2.809922649e-03,1.270177617e-02,2.202471430e-02,6.350845393e-03,5.582050586e-03,1.654406003e-01,3.463745730e+01,8.144842277e-04,3.380023e-16,6.639688e-18,2.981556e-19,6.897577e-03
6.200000,2.933614139e-03,1.278015396e-02,2.200294467e-02,6.390033491e-03,5.514310521e-03,1.666406793e-01,3.464031840e+01,8.119859754e-04,4.537277e-16,1.511369e-18,4.370559e-19,6.887617e-03
6.210000,3.056940085e-03,1.285856048e-02,2.195968383e-02,6.429235946e-03,5.447094353e-03,1.676554612e-01,3.464336730e+01,8.091611509e-04,7.814974e-16,4.883445e-18,5.421011e-20,6.869467e-03
6.220000,3.179834209e-03,1.293690355e-02,2.189532507e-02,6.468406669e-03,5.380410363e-03,1.684836311e-01,3.464659929e+01,8.060154341e-04,2.222144e-16,1.713042e-18,6.060874e-20,6.852927e-03
6.230000,3.302230395e-03,1.301508218e-02,2.181032269e-02,6.507495161e-03,5.314259677e-03,1.691245916e-01,3.465000940e+01,8.025558816e-04,2.296073e-16,2.095195e-18,9.772866e-20,6.866238e-03
6.240000,3.424062598e-03,1.309298711e-02,2.170519149e-02,6.546446797e-03,5.248636399e-03,1.695784255e-01,3.465359242e+01,7.987908665e-04,2.302566e-16,4.054562e-18,3.534067e-19,6.883717e-03
6.250000,3.545264791e-03,1.317050143e-02,2.158050640e-02,6.585203121e-03,5.183527787e-03,1.698458626e-01,3.465734291e+01,7.947300120e-04,4.580734e-16,2.708474e-18,1.714274e-19,6.866477e-03
6.260000,3.665770926e-03,1.324750120e-02,2.143690242e-02,6.623702163e-03,5.118914482e-03,1.699282509e-01,3.466125517e+01,7.903841192e-04,4.450817e-16,3.759002e-18,1.117570e-19,6.859507e-03
6.270000,3.785514920e-03,1.332385607e-02,2.127507464e-02,6.661878757e-03,5.054770780e-03,1.698275308e-01,3.466532333e+01,7.857650903e-04,2.305814e-16,2.022329e-18,1.212175e-19,6.916837e-03
6.280000,3.904430652e-03,1.339942999e-02,2.109577852e-02,6.699664876e-03,4.991064960e-03,1.695462115e-01,3.466954129e+01,7.808858467e-04,3.727688e-16,1.719890e-18,1.212175e-19,6.900207e-03
6.290000,4.022451971e-03,1.347408185e-02,2.089983031e-02,6.736989960e-03,4.927759643e-03,1.690873510e-01,3.467390276e+01,7.757602440e-04,2.905666e-17,4.389953e-18,1.117570e-19,6.903357e-03
6.300000,4.139512718e-03,1.354766612e-02,2.068810772e-02,6.773781258e-03,4.864812196e-03,1.684545374e-01,3.467840125e+01,7.704029824e-04,3.413485e-16,4.347516e-19,2.185279e-19,6.935587e-03
6.310000,4.255546752e-03,1.362003360e-02,2.046155071e-02,6.809964165e-03,4.802175171e-03,1.676518729e-01,3.468303013e+01,7.648295151e-04,2.541010e-16,5.297708e-18,3.833234e-20,6.893357e-03
6.320000,4.370487985e-03,1.369103204e-02,2.022116246e-02,6.845462557e-03,4.739796773e-03,1.666839591e-01,3.468778256e+01,7.590559543e-04,1.119974e-16,3.905952e-18,1.149970e-19,6.903447e-03
6.330000,4.484270421e-03,1.376050681e-02,1.996801053e-02,6.880199124e-03,4.677621359e-03,1.655558843e-01,3.469265158e+01,7.530989747e-04,4.512191e-16,1.114448e-18,1.533293e-19,6.874197e-03
6.340000,4.596828204e-03,1.382830156e-02,1.970322806e-02,6.914095693e-03,4.615589951e-03,1.642732123e-01,3.469763010e+01,7.469757169e-04,1.325747e-16,4.033830e-18,1.084202e-19,6.923787e-03
6.350000,4.708095663e-03,1.389425887e-02,1.942801520e-02,6.947073555e-03,4.553640770e-03,1.628419725e-01,3.470271086e+01,7.407036892e-04,5.598068e-16,1.882777e-18,1.897354e-19,6.843927e-03
6.360000,4.818007372e-03,1.395822085e-02,1.914364040e-02,6.979053766e-03,4.491709783e-03,1.612686517e-01,3.470788651e+01,7.343006699e-04,6.661429e-16,3.167019e-18,1.882777e-19,6.874747e-03
6.370000,4.926498200e-03,1.402002974e-02,1.885144181e-02,7.009957460e-03,4.429731255e-03,1.595601868e-01,3.471314959e+01,7.277846099e-04,1.157466e-16,2.674153e-18,6.060874e-20,6.841637e-03
6.380000,5.033503375e-03,1.407952855e-02,1.855282849e-02,7.039706128e-03,4.367638298e-03,1.577239586e-01,3.471849255e+01,7.211735358e-04,2.220654e-16,1.535583e-18,1.676355e-19,6.857586e-03
6.390000,5.138958542e-03,1.413656153e-02,1.824928132e-02,7.068221907e-03,4.305363424e-03,1.557677874e-01,3.472390775e+01,7.144854554e-04,1.112390e-16,1.096520e-18,1.648736e-19,6.862077e-03
6.400000,5.242799833e-03,1.419097477e-02,1.794235356e-02,7.095427845e-03,4.242839086e-03,1.536999289e-01,3.472938747e+01,7.077382643e-04,3.360490e-16,3.557538e-18,8.677852e-20,6.852446e-03
6.410000,5.344963927e-03,1.424261669e-02,1.763367076e-02,7.121248154e-03,4.179998215e-03,1.515290712e-01,3.473492396e+01,7.009496551e-04,4.474918e-16,1.305552e-18,2.710505e-20,6.871367e-03
6.420000,5.445388122e-03,1.429133853e-02,1.732492974e-02,7.145608454e-03,4.116774728e-03,1.492643322e-01,3.474050940e+01,6.941370300e-04,7.869725e-16,2.127965e-18,1.818262e-19,6.903777e-03
6.430000,5.544010402e-03,1.433699479e-02,1.701789644e-02,7.168436001e-03,4.053104033e-03,1.469152581e-01,3.474613593e+01,6.873174157e-04,6.917993e-16,2.436557e-18,1.496926e-19,6.862108e-03
6.440000,5.640769507e-03,1.437944369e-02,1.671440221e-02,7.189659906e-03,3.988923508e-03,1.444918209e-01,3.475179570e+01,6.805073832e-04,1.204311e-16,2.365491e-18,1.382092e-19,6.871167e-03
6.450000,5.735605007e-03,1.441854756e-02,1.641633814e-02,7.209211332e-03,3.924172953e-03,1.420044166e-01,3.475748081e+01,6.737229702e-04,6.738191e-16,2.404352e-18,1.092640e-19,6.868406e-03
6.460000,5.828457371e-03,1.445417321e-02,1.612564701e-02,7.227023690e-03,3.858795024e-03,1.394638615e-01,3.476318339e+01,6.669796093e-04,4.678604e-16,2.734944e-18,4.065758e-20,6.930246e-03
6.470000,5.919268041e-03,1.448619228e-02,1.584431234e-02,7.243032807e-03,3.792735639e-03,1.368813872e-01,3.476889557e+01,6.602920597e-04,2.381964e-16,1.736790e-18,5.421011e-20,6.903016e-03
6.480000,6.007979504e-03,1.451448160e-02,1.557434418e-02,7.257177095e-03,3.725944359e-03,1.342686331e-01,3.477460950e+01,6.536743443e-04,6.114959e-17,2.029491e-18,3.030437e-20,6.917677e-03
6.490000,6.094535367e-03,1.453892344e-02,1.531776113e-02,7.269397696e-03,3.658374744e-03,1.316376348e-01,3.478031739e+01,6.471396921e-04,9.992251e-16,3.187380e-18,7.902413e-20,6.927056e-03
6.500000,6.178880429e-03,1.455940584e-02,1.507656844e-02,7.279638624e-03,3.589984680e-03,1.290008069e-01,3.478601146e+01,6.407004860e-04,1.132074e-16,1.033752e-18,5.587850e-20,6.958947e-03
6.510000,6.260960754e-03,1.457582280e-02,1.485273195e-02,7.287846886e-03,3.520736684e-03,1.263709196e-01,3.479168402e+01,6.343682155e-04,2.596988e-16,1.303176e-18,1.355253e-20,6.906707e-03
6.520000,6.340723742e-03,1.458807455e-02,1.464814822e-02,7.293972596e-03,3.450598187e-03,1.237610658e-01,3.479732743e+01,6.281534358e-04,2.244783e-16,1.123818e-18,4.886433e-20,6.929087e-03
6.530000,6.418118204e-03,1.459606772e-02,1.446461124e-02,7.297969076e-03,3.379541797e-03,1.211846164e-01,3.480293414e+01,6.220657324e-04,2.260607e-16,1.784079e-18,1.032130e-19,6.948597e-03
6.540000,6.493094434e-03,1.459971556e-02,1.430377677e-02,7.299792947e-03,3.307545537e-03,1.186551626e-01,3.480849668e+01,6.161136914e-04,2.797380e-17,2.520062e-18,9.583084e-21,6.948367e-03
6.550000,6.565604275e-03,1.459893806e-02,1.416712554e-02,7.299404206e-03,3.234593080e-03,1.161864412e-01,3.481400770e+01,6.103048762e-04,5.577523e-16,3.731901e-18,1.355253e-20,6.947537e-03
6.560000,6.635601192e-03,1.459366209e-02,1.405592713e-02,7.296766294e-03,3.160673956e-03,1.137922407e-01,3.481945994e+01,6.046458093e-04,2.328705e-16,2.025015e-18,7.726129e-20,6.899116e-03
6.570000,6.703040343e-03,1.458382155e-02,1.397120652e-02,7.291846156e-03,3.085783770e-03,1.114862856e-01,3.482484627e+01,5.991419605e-04,5.757833e-16,4.091000e-18,2.032879e-20,6.925317e-03
6.580000,6.767878640e-03,1.456935744e-02,1.391371545e-02,7.284614289e-03,3.009924405e-03,1.092820978e-01,3.483015970e+01,5.937977409e-04,3.475583e-16,2.518957e-18,2.032879e-20,6.909376e-03
6.590000,6.830074820e-03,1.455021791e-02,1.388391059e-02,7.275044779e-03,2.933104238e-03,1.071928332e-01,3.483539337e+01,5.886165027e-04,3.511782e-16,1.960722e-18,2.142843e-20,6.938117e-03
6.600000,6.889589506e-03,1.452635838e-02,1.388194020e-02,7.263115332e-03,2.855338363e-03,1.052310951e-01,3.484054056e+01,5.836005439e-04,6.725979e-16,2.358772e-18,1.151965e-19,6.947757e-03
6.610000,6.946385271e-03,1.449774156e-02,1.390764046e-02,7.248807295e-03,2.776648841e-03,1.034087260e-01,3.484559472e+01,5.787511195e-04,3.356495e-16,2.701089e-18,4.886433e-20,6.914047e-03
6.620000,7.000426700e-03,1.446433743e-02,1.396054167e-02,7.232105668e-03,2.697064976e-03,1.017365837e-01,3.485054947e+01,5.740684569e-04,6.165414e-17,1.858701e-18,9.583084e-21,6.902977e-03
6.630000,7.051680445e-03,1.442612331e-02,1.403988418e-02,7.212999110e-03,2.616623645e-03,1.002243075e-01,3.485539860e+01,5.695517776e-04,5.552692e-16,5.082198e-20,3.649130e-20,6.948777e-03
6.640000,7.100115284e-03,1.438308385e-02,1.414464267e-02,7.191479936e-03,2.535369681e-03,9.888008605e-02,3.486013607e+01,5.651993227e-04,4.451933e-16,2.592257e-18,2.142843e-20,6.935197e-03
6.650000,7.145702175e-03,1.433521095e-02,1.427355715e-02,7.167544104e-03,2.453356348e-03,9.771043789e-02,3.486475605e+01,5.610083837e-04,4.452781e-16,1.751792e-18,8.809143e-20,6.940466e-03
6.660000,7.188414306e-03,1.428250380e-02,1.442516872e-02,7.141191203e-03,2.370645915e-03,9.672001821e-02,3.486925290e+01,5.569753372e-04,2.482113e-16,8.696236e-19,4.285685e-20,6.926257e-03
6.670000,7.228227147e-03,1.422496879e-02,1.459785768e-02,7.112424428e-03,2.287310371e-03,9.591146518e-02,3.487362118e+01,5.530956842e-04,5.576791e-16,6.902669e-19,4.545656e-20,6.936306e-03
6.680000,7.265118495e-03,1.416261946e-02,1.478988211e-02,7.081250546e-03,2.203432328e-03,9.528529820e-02,3.487785565e+01,5.493640930e-04,4.894045e-16,8.470329e-21,2.710505e-20,6.913748e-03
6.690000,7.299068518e-03,1.409547642e-02,1.499941513e-02,7.047679865e-03,2.119106137e-03,9.483987708e-02,3.488195131e+01,5.457744455e-04,7.382961e-17,2.007439e-18,1.694066e-20,6.928887e-03
6.700000,7.330059798e-03,1.402356730e-02,1.522457924e-02,7.011726193e-03,2.034439314e-03,9.457142739e-02,3.488590337e+01,5.423198868e-04,3.351343e-16,2.202286e-19,3.388132e-20,6.911867e-03
6.710000,7.358077365e-03,1.394692661e-02,1.546347717e-02,6.973406787e-03,1.949554341e-03,9.447413217e-02,3.488970726e+01,5.389928779e-04,6.770919e-16,1.181891e-18,4.545656e-20,6.911447e-03
6.720000,7.383108738e-03,1.386559568e-02,1.571421830e-02,6.932742306e-03,1.864590942e-03,9.454028498e-02,3.489335866e+01,5.357852504e-04,1.120708e-16,1.106343e-18,2.731599e-20,6.937637e-03
6.730000,7.405143951e-03,1.377962252e-02,1.597494077e-02,6.889756750e-03,1.779709005e-03,9.476049509e-02,3.489685346e+01,5.326882640e-04,3.100216e-16,1.806215e-18,7.298259e-20,6.924727e-03
6.740000,7.424175589e-03,1.368906169e-02,1.624382930e-02,6.844477403e-03,1.695092281e-03,9.512393186e-02,3.490018783e+01,5.296926654e-04,3.040147e-17,1.984029e-18,1.916617e-20,6.928747e-03
6.750000,7.440198807e-03,1.359397421e-02,1.651912896e-02,6.796934768e-03,1.610953136e-03,9.561859395e-02,3.490335815e+01,5.267887488e-04,9.587653e-17,8.854132e-19,2.731599e-20,6.971267e-03
6.760000,7.453211356e-03,1.349442738e-02,1.679915540e-02,6.747162494e-03,1.527538592e-03,9.623158844e-02,3.490636107e+01,5.239664182e-04,5.850468e-17,1.632680e-18,1.916617e-20,6.968637e-03
6.770000,7.463213603e-03,1.339049466e-02,1.708230204e-02,6.695197308e-03,1.445138041e-03,9.694940638e-02,3.490919348e+01,5.212152491e-04,4.685874e-16,6.784729e-19,6.776264e-21,6.928517e-03
6.780000,7.470208543e-03,1.328225551e-02,1.736704462e-02,6.641078936e-03,1.364092998e-03,9.775818352e-02,3.491185252e+01,5.185245525e-04,8.891506e-16,4.975827e-19,1.032130e-19,6.933067e-03
6.790000,7.474201816e-03,1.316979522e-02,1.765194371e-02,6.584850024e-03,1.284809329e-03,9.864393756e-02,3.491433561e+01,5.158834372e-04,6.684821e-16,2.063560e-18,6.910460e-20,6.943596e-03
6.800000,7.475201711e-03,1.305320479e-02,1.793564555e-02,6.526556060e-03,1.207772270e-03,9.959277670e-02,3.491664040e+01,5.132808735e-04,4.558933e-16,6.133174e-19,2.443217e-20,6.931937e-03
6.810000,7.473219176e-03,1.293258069e-02,1.821688157e-02,6.466245284e-03,1.133564273e-03,1.005910766e-01,3.491876481e+01,5.107057553e-04,8.031392e-17,1.458283e-18,6.910460e-20,6.862406e-03
6.820000,7.468267815e-03,1.280802475e-02,1.849446700e-02,6.403968604e-03,1.062884987e-03,1.016256251e-01,3.492070704e+01,5.081469618e-04,2.250837e-16,8.957561e-19,1.355253e-20,6.861437e-03
6.830000,7.460363889e-03,1.267964395e-02,1.876729876e-02,6.339779508e-03,9.965711896e-04,1.026837374e-01,3.492246552e+01,5.055934182e-04,2.240174e-16,1.608026e-18,6.776264e-21,6.869307e-03
6.840000,7.449526310e-03,1.254755025e-02,1.903435292e-02,6.273733969e-03,9.356118223e-04,1.037533417e-01,3.492403896e+01,5.030341547e-04,5.573620e-16,2.007462e-18,2.032879e-20,6.881607e-03
6.850000,7.435776631e-03,1.241186039e-02,1.929468177e-02,6.205890359e-03,8.811491608e-04,1.048230419e-01,3.492542634e+01,5.004583642e-04,5.580444e-16,1.839934e-18,1.092640e-19,6.879757e-03
6.860000,7.419139035e-03,1.227269572e-02,1.954741082e-02,6.136309349e-03,8.344521526e-04,1.058821580e-01,3.492662688e+01,4.978554574e-04,3.330670e-16,1.618029e-18,2.032879e-20,6.871837e-03
6.870000,7.399640319e-03,1.213018200e-02,1.979173567e-02,6.065053817e-03,7.968448400e-04,1.069207503e-01,3.492764007e+01,4.952151165e-04,6.611025e-17,2.047984e-18,2.710505e-20,6.899497e-03
6.880000,7.377309869e-03,1.198444922e-02,2.002691891e-02,5.992188752e-03,7.695775469e-04,1.079296284e-01,3.492846567e+01,4.925273457e-04,4.720937e-16,1.016310e-18,5.587850e-20,6.914846e-03
6.890000,7.352179646e-03,1.183563139e-02,2.025228706e-02,5.917781156e-03,7.536481187e-04,1.089003505e-01,3.492910368e+01,4.897825201e-04,1.121189e-16,1.726573e-18,2.793925e-20,6.899228e-03
6.900000,7.324284149e-03,1.168386636e-02,2.046722761e-02,5.841899950e-03,7.496138360e-04,1.098252131e-01,3.492955437e+01,4.869714305e-04,2.544366e-17,6.982039e-19,2.710505e-20,6.895467e-03
6.910000,7.293660393e-03,1.152929560e-02,2.067118618e-02,5.764615873e-03,7.574618958e-04,1.106972361e-01,3.492981826e+01,4.840853265e-04,5.692660e-16,1.796177e-18,1.086318e-19,6.869966e-03
6.920000,7.260347870e-03,1.137206405e-02,2.086366379e-02,5.686001388e-03,7.765973597e-04,1.115101419e-01,3.492989613e+01,4.811159552e-04,2.251484e-16,2.452611e-18,6.392714e-20,6.891737e-03
6.930000,7.224388515e-03,1.121231990e-02,2.104421431e-02,5.606130584e-03,8.059558889e-04,1.122583334e-01,3.492978898e+01,4.780555981e-04,2.448815e-16,2.264670e-18,1.355253e-19,6.891477e-03
6.940000,7.185826663e-03,1.105021438e-02,2.121244201e-02,5.525079078e-03,8.441907601e-04,1.129368690e-01,3.492949808e+01,4.748971030e-04,2.292057e-16,2.429294e-18,1.396963e-19,6.913237e-03
6.950000,7.144709006e-03,1.088590160e-02,2.136799924e-02,5.442923925e-03,8.898631203e-04,1.135414378e-01,3.492902495e+01,4.716339136e-04,5.585522e-16,6.148411e-19,5.587850e-20,6.916377e-03
6.960000,7.101084548e-03,1.071953835e-02,2.151058426e-02,5.359743514e-03,9.415859877e-04,1.140683341e-01,3.492837131e+01,4.682600954e-04,6.251571e-17,3.181428e-18,8.159702e-20,6.868937e-03
6.970000,7.055004552e-03,1.055128391e-02,2.163993918e-02,5.275617485e-03,9.981078590e-04,1.145144321e-01,3.492753916e+01,4.647703571e-04,1.372484e-16,1.722991e-18,2.710505e-20,6.874407e-03
6.980000,7.006522489e-03,1.038129987e-02,2.175584803e-02,5.190626627e-03,1.058345983e-03,1.148771622e-01,3.492653069e+01,4.611600698e-04,2.299800e-16,2.347820e-18,2.710505e-20,6.921727e-03
6.990000,6.955693980e-03,1.020974993e-02,2.185813490e-02,5.104852795e-03,1.121387203e-03,1.151544872e-01,3.492534833e+01,4.574252811e-04,3.430011e-16,2.196034e-18,8.571371e-20,6.885327e-03
7.000000,6.902576739e-03,1.003679976e-02,2.194666221e-02,5.018378817e-03,1.186472091e-03,1.153448801e-01,3.492399474e+01,4.535627269e-04,3.377818e-16,1.061221e-18,5.421011e-20,6.844976e-03
7.010000,6.847230509e-03,9.862616791e-03,2.202132907e-02,4.931288409e-03,1.252972871e-03,1.154473030e-01,3.492247277e+01,4.495698380e-04,3.378526e-16,1.242662e-18,2.710505e-20,6.874836e-03
7.020000,6.789716998e-03,9.687370056e-03,2.208206967e-02,4.843666088e-03,1.320370928e-03,1.154611867e-01,3.492078549e+01,4.454447450e-04,1.108936e-16,7.161593e-20,6.060874e-20,6.907426e-03
7.030000,6.730099813e-03,9.511230036e-03,2.212885184e-02,4.755597093e-03,1.388236584e-03,1.153864123e-01,3.491893617e+01,4.411862780e-04,6.871975e-16,1.780500e-18,2.252534e-19,6.906467e-03
7.040000,6.668444390e-03,9.334368490e-03,2.216167553e-02,4.667167301e-03,1.456212026e-03,1.152232932e-01,3.491692829e+01,4.367939637e-04,2.323024e-16,2.312157e-18,6.776264e-20,6.896617e-03
7.050000,6.604817918e-03,9.156958297e-03,2.218057150e-02,4.578463153e-03,1.523997387e-03,1.149725581e-01,3.491476550e+01,4.322680190e-04,3.394849e-16,1.527544e-18,3.030437e-20,6.914367e-03
7.060000,6.539289272e-03,8.979173316e-03,2.218559998e-02,4.489571576e-03,1.591339639e-03,1.146353358e-01,3.491245164e+01,4.276093414e-04,4.605515e-16,1.546723e-18,5.789642e-20,6.907567e-03
7.070000,6.471928928e-03,8.801188233e-03,2.217684936e-02,4.400579913e-03,1.658023806e-03,1.142131397e-01,3.490999072e+01,4.228194958e-04,9.992180e-16,3.253102e-18,7.298259e-20,6.891607e-03
7.080000,6.402808890e-03,8.623178426e-03,2.215443499e-02,4.311575854e-03,1.723866057e-03,1.137078540e-01,3.490738693e+01,4.179006992e-04,2.237807e-16,1.522253e-18,8.159702e-20,6.908587e-03
7.090000,6.332002607e-03,8.445319830e-03,2.211849798e-02,4.222647366e-03,1.788708285e-03,1.131217207e-01,3.490464462e+01,4.128558013e-04,3.612515e-16,5.823524e-19,3.030437e-20,6.884486e-03
7.100000,6.259584890e-03,8.267788810e-03,2.206920400e-02,4.133882631e-03,1.852413842e-03,1.124573265e-01,3.490176828e+01,4.076882637e-04,8.899567e-16,2.297484e-18,1.212175e-19,6.864627e-03
7.110000,6.185631829e-03,8.090762034e-03,2.200674217e-02,4.045369983e-03,1.914864181e-03,1.117175905e-01,3.489876257e+01,4.024021356e-04,1.189851e-16,2.534798e-19,6.060874e-20,6.836247e-03
7.120000,6.110220704e-03,7.914416359e-03,2.193132397e-02,3.957197851e-03,1.975956197e-03,1.109057530e-01,3.489563228e+01,3.970020273e-04,6.559424e-17,1.764405e-18,5.917118e-20,6.822457e-03
7.130000,6.033429900e-03,7.738928708e-03,2.184318210e-02,3.869454698e-03,2.035600114e-03,1.100253633e-01,3.489238232e+01,3.914930820e-04,3.796389e-18,3.520414e-18,0.000000e+00,6.803846e-03
7.140000,5.955338817e-03,7.564475962e-03,2.174256949e-02,3.782228963e-03,2.093717794e-03,1.090802691e-01,3.488901774e+01,3.858809450e-04,4.625138e-16,2.273211e-18,8.306107e-20,6.849457e-03
7.150000,5.876027779e-03,7.391234846e-03,2.162975819e-02,3.695609011e-03,2.150241386e-03,1.080746043e-01,3.488554370e+01,3.801717314e-04,2.457357e-16,2.295342e-18,7.613879e-20,6.858197e-03
7.160000,5.795577942e-03,7.219381819e-03,2.150503839e-02,3.609683070e-03,2.205112218e-03,1.070127781e-01,3.488196546e+01,3.743719922e-04,3.437571e-16,3.041199e-18,1.405564e-19,6.873397e-03
7.170000,5.714071201e-03,7.049092959e-03,2.136871741e-02,3.524539182e-03,2.258279910e-03,1.058994631e-01,3.487828838e+01,3.684886786e-04,1.334694e-15,4.576394e-18,1.405564e-19,6.864066e-03
7.180000,5.631590097e-03,6.880543846e-03,2.122111868e-02,3.440265136e-03,2.309701639e-03,1.047395824e-01,3.487451793e+01,3.625291059e-04,3.442810e-16,3.295665e-18,1.908213e-19,6.863816e-03
7.190000,5.548217718e-03,6.713909435e-03,2.106258078e-02,3.356948412e-03,2.359341527e-03,1.035382964e-01,3.487065964e+01,3.565009153e-04,4.633452e-16,1.568846e-18,1.904902e-19,6.876367e-03
7.200000,5.464037610e-03,6.549363926e-03,2.089345651e-02,3.274676110e-03,2.407170138e-03,1.023009889e-01,3.486671913e+01,3.504120360e-04,2.228677e-16,1.502764e-18,5.463198e-20,6.859697e-03
7.210000,5.379133671e-03,6.387080612e-03,2.071411185e-02,3.193534877e-03,2.453164045e-03,1.010332507e-01,3.486270207e+01,3.442706456e-04,4.600504e-16,4.993358e-18,1.694066e-20,6.904146e-03
7.220000,5.293590060e-03,6.227231711e-03,2.052492513e-02,3.113610824e-03,2.497305469e-03,9.974086231e-02,3.485861421e+01,3.380851315e-04,2.221819e-16,1.158464e-18,1.097357e-19,6.955326e-03
7.230000,5.207491096e-03,6.069988178e-03,2.032628600e-02,3.034989430e-03,2.539581962e-03,9.842977446e-02,3.485446132e+01,3.318640503e-04,1.004108e-15,4.018975e-18,3.388132e-21,7.261165e-03
7.240000,5.120921158e-03,5.915519483e-03,2.011859460e-02,2.957755429e-03,2.579986128e-03,9.710608582e-02,3.485024923e+01,3.256160891e-04,3.425052e-16,1.435674e-18,3.388132e-20,6.858167e-03
7.250000,5.033964582e-03,5.763993354e-03,1.990226058e-02,2.881992687e-03,2.618515379e-03,9.577601806e-02,3.484598379e+01,3.193500253e-04,2.336198e-16,2.168500e-18,1.635103e-19,6.854036e-03
7.260000,4.946705568e-03,5.615575480e-03,1.967770226e-02,2.807784050e-03,2.655171712e-03,9.444588755e-02,3.484167090e+01,3.130746879e-04,3.508672e-16,8.714764e-19,8.194798e-20,6.864297e-03
7.270000,4.859228068e-03,5.470429155e-03,1.944534571e-02,2.735211167e-03,2.689961507e-03,9.312207329e-02,3.483731644e+01,3.067989192e-04,2.228309e-16,1.672356e-18,5.463198e-20,6.876986e-03
7.280000,4.771615689e-03,5.328714874e-03,1.920562387e-02,2.664354284e-03,2.722895337e-03,9.181098084e-02,3.483292631e+01,3.005315363e-04,3.331035e-16,2.229555e-18,1.897354e-19,6.924127e-03
7.290000,4.683951590e-03,5.190589848e-03,1.895897572e-02,2.595292011e-03,2.753987789e-03,9.051900179e-02,3.482850641e+01,2.942812950e-04,2.354570e-16,8.131022e-19,5.789642e-20,6.871467e-03
7.300000,4.596318372e-03,5.056207456e-03,1.870584535e-02,2.528101035e-03,2.783257292e-03,8.925246864e-02,3.482406265e+01,2.880568531e-04,3.529750e-16,4.346643e-19,1.630621e-19,6.842827e-03
7.310000,4.508797979e-03,4.925716594e-03,1.844668120e-02,2.462855807e-03,2.810725950e-03,8.801760504e-02,3.481960087e+01,2.818667364e-04,2.687230e-16,9.884874e-19,1.627714e-19,6.869266e-03
7.320000,4.421471583e-03,4.799260950e-03,1.818193514e-02,2.399628172e-03,2.836419379e-03,8.682047149e-02,3.481512694e+01,2.757193047e-04,4.487815e-16,2.053513e-18,1.902188e-19,6.894797e-03
7.330000,4.334419482e-03,4.676978171e-03,1.791206166e-02,2.338486954e-03,2.860366543e-03,8.566690673e-02,3.481064666e+01,2.696227204e-04,5.711977e-16,1.822391e-18,1.904902e-19,6.885546e-03
7.340000,4.247720988e-03,4.558998924e-03,1.763751706e-02,2.279497488e-03,2.882599592e-03,8.456246570e-02,3.480616581e+01,2.635849177e-04,1.241388e-16,2.344079e-18,5.421011e-20,6.952617e-03
7.350000,4.161454313e-03,4.445445870e-03,1.735875861e-02,2.222721104e-03,2.903153695e-03,8.351235468e-02,3.480169009e+01,2.576135741e-04,1.110231e-15,2.024743e-18,2.235140e-19,6.849177e-03
7.360000,4.075696457e-03,4.336432518e-03,1.707624372e-02,2.168214560e-03,2.922066874e-03,8.252136517e-02,3.479722519e+01,2.517160834e-04,2.262666e-16,5.088746e-19,6.776264e-21,6.858636e-03
7.370000,3.990523094e-03,4.232062013e-03,1.679042917e-02,2.116029427e-03,2.939379835e-03,8.159380779e-02,3.479277669e+01,2.458995307e-04,4.476387e-16,9.554235e-19,1.626656e-19,6.911136e-03
7.380000,3.906008448e-03,4.132425833e-03,1.650177026e-02,2.066211446e-03,2.955135789e-03,8.073344828e-02,3.478835012e+01,2.401706690e-04,6.754116e-16,7.119342e-19,3.030437e-20,6.887717e-03
7.390000,3.822225178e-03,4.037602439e-03,1.621072002e-02,2.018799848e-03,2.969380279e-03,7.994344750e-02,3.478395092e+01,2.345358983e-04,3.356054e-16,1.112524e-18,1.414925e-19,6.903426e-03
7.400000,3.739244250e-03,3.947655906e-03,1.591772843e-02,1.973826671e-03,2.982160990e-03,7.922630783e-02,3.477958447e+01,2.290012463e-04,1.163820e-16,1.732974e-18,5.463198e-20,6.949216e-03
7.410000,3.657134811e-03,3.862634559e-03,1.562324159e-02,1.931316079e-03,2.993527564e-03,7.858382798e-02,3.477525603e+01,2.235723515e-04,6.043987e-17,1.105388e-18,1.092640e-19,6.885696e-03
7.420000,3.575964061e-03,3.782569681e-03,1.532770094e-02,1.891283713e-03,3.003531406e-03,7.801706835e-02,3.477097077e+01,2.182544480e-04,5.056856e-17,2.767414e-19,5.587850e-20,6.892196e-03
7.430000,3.495797112e-03,3.707474307e-03,1.503154244e-02,1.853736092e-03,3.012225481e-03,7.752632877e-02,3.476673376e+01,2.130523529e-04,2.230695e-16,1.662704e-18,6.776264e-20,6.858537e-03
7.440000,3.416696858e-03,3.637342197e-03,1.473519580e-02,1.818670096e-03,3.019664112e-03,7.711113984e-02,3.476254994e+01,2.079704558e-04,2.222269e-16,3.610304e-18,1.767033e-19,6.909597e-03
7.450000,3.338723828e-03,3.572147009e-03,1.443908362e-02,1.786072555e-03,3.025902770e-03,7.677026861e-02,3.475842416e+01,2.030127098e-04,2.432088e-16,1.834989e-18,1.356946e-19,6.865777e-03
7.460000,3.261936039e-03,3.511841747e-03,1.414362061e-02,1.755919971e-03,3.030997858e-03,7.650173889e-02,3.475436112e+01,1.981826257e-04,6.730089e-16,1.231858e-18,6.810061e-20,6.871237e-03
7.470000,3.186388851e-03,3.456358514e-03,1.384921279e-02,1.728178396e-03,3.035006490e-03,7.630286540e-02,3.475036542e+01,1.934832672e-04,2.310751e-16,4.684092e-19,4.065758e-20,6.871276e-03
7.480000,3.112134809e-03,3.405608613e-03,1.355625660e-02,1.702803483e-03,3.037986271e-03,7.617030075e-02,3.474644150e+01,1.889172488e-04,2.280688e-16,5.203970e-19,1.916617e-20,6.848926e-03
7.490000,3.039223486e-03,3.359483028e-03,1.326513813e-02,1.679740724e-03,3.039995067e-03,7.610009350e-02,3.474259367e+01,1.844867360e-04,2.327711e-16,2.760873e-18,5.421011e-20,6.881806e-03
7.500000,2.967701323e-03,3.317853282e-03,1.297623222e-02,1.658925880e-03,3.041090776e-03,7.608775509e-02,3.473882609e+01,1.801934467e-04,2.336607e-16,1.115703e-18,1.515219e-20,6.846627e-03
7.510000,2.897611467e-03,3.280572659e-03,1.268990163e-02,1.640285594e-03,3.041331097e-03,7.612833331e-02,3.473514280e+01,1.760386551e-04,2.334066e-16,2.957045e-18,1.916617e-20,6.843407e-03
7.520000,2.828993604e-03,3.247477789e-03,1.240649619e-02,1.623738181e-03,3.040773295e-03,7.621648978e-02,3.473154766e+01,1.720231971e-04,2.325893e-16,2.146601e-18,6.810061e-20,6.862936e-03
7.530000,2.761883796e-03,3.218390526e-03,1.212635187e-02,1.609194568e-03,3.039473967e-03,7.634657899e-02,3.472804438e+01,1.681474780e-04,1.226520e-16,1.107194e-18,0.000000e+00,6.883897e-03
7.540000,2.696314314e-03,3.193120076e-03,1.184978996e-02,1.596559360e-03,3.037488812e-03,7.651272668e-02,3.472463650e+01,1.644114816e-04,4.614661e-16,1.540197e-18,2.710505e-20,6.864286e-03
7.550000,2.632313477e-03,3.171465318e-03,1.157711614e-02,1.585731994e-03,3.034872403e-03,7.670890559e-02,3.472132742e+01,1.608147807e-04,7.794239e-16,1.330998e-18,4.065758e-20,6.861877e-03
7.560000,2.569905496e-03,3.153217218e-03,1.130861958e-02,1.576607956e-03,3.031677953e-03,7.692900696e-02,3.471812036e+01,1.573565493e-04,5.859440e-17,1.363144e-18,1.916617e-20,6.861786e-03
7.570000,2.509110320e-03,3.138161307e-03,1.104457211e-02,1.569080009e-03,3.027957101e-03,7.716690669e-02,3.471501837e+01,1.540355768e-04,2.257459e-16,1.659133e-18,2.032879e-20,6.844267e-03
7.580000,2.449943497e-03,3.126080099e-03,1.078522725e-02,1.563039413e-03,3.023759696e-03,7.741652516e-02,3.471202433e+01,1.508502826e-04,2.221189e-16,2.162987e-18,2.443217e-20,6.891977e-03
7.590000,2.392416041e-03,3.116755438e-03,1.053081940e-02,1.558377088e-03,3.019133584e-03,7.767188040e-02,3.470914094e+01,1.477987326e-04,2.450299e-17,1.275410e-18,2.032879e-20,6.911617e-03
7.600000,2.336534322e-03,3.109970680e-03,1.028156299e-02,1.554984713e-03,3.014124421e-03,7.792713441e-02,3.470637074e+01,1.448786566e-04,6.673018e-16,2.479241e-18,7.484628e-20,6.926287e-03
7.610000,2.282299966e-03,3.105512682e-03,1.003765165e-02,1.552755716e-03,3.008775476e-03,7.817663267e-02,3.470371607e+01,1.420874667e-04,8.905888e-16,7.989008e-19,1.355253e-20,6.926166e-03
7.620000,2.229709782e-03,3.103173576e-03,9.799257432e-03,1.551586165e-03,3.003127466e-03,7.841493724e-02,3.470117909e+01,1.394222768e-04,4.495111e-16,9.610373e-19,2.142843e-20,6.912557e-03
7.630000,2.178755712e-03,3.102752293e-03,9.566530135e-03,1.551375524e-03,2.997218395e-03,7.863685377e-02,3.469876181e+01,1.368799224e-04,4.446463e-16,2.030640e-18,1.515219e-20,6.915897e-03
7.640000,2.129424813e-03,3.104055827e-03,9.339596642e-03,1.552027290e-03,2.991083408e-03,7.883745307e-02,3.469646602e+01,1.344569820e-04,2.221695e-16,1.632554e-18,1.355253e-20,6.935946e-03
7.650000,2.081699266e-03,3.106900259e-03,9.118560385e-03,1.553449505e-03,2.984754668e-03,7.901208773e-02,3.469429335e+01,1.321497981e-04,1.242498e-16,6.941435e-19,1.515219e-20,6.968386e-03
7.660000,2.035556420e-03,3.111111535e-03,8.903500903e-03,1.555555140e-03,2.978261247e-03,7.915640442e-02,3.469224523e+01,1.299544990e-04,4.679628e-16,8.179093e-19,1.916617e-20,6.919937e-03
7.670000,1.990968881e-03,3.116526010e-03,8.694473536e-03,1.558262374e-03,2.971629041e-03,7.926635249e-02,3.469032293e+01,1.278670213e-04,4.539369e-16,1.924193e-18,3.068084e-20,6.895867e-03
7.680000,1.947904627e-03,3.122990787e-03,8.491509253e-03,1.561494759e-03,2.964880698e-03,7.933818930e-02,3.468852751e+01,1.258831322e-04,5.334276e-17,5.065406e-19,2.793925e-20,6.942676e-03
7.690000,1.906327172e-03,3.130363877e-03,8.294614652e-03,1.565181299e-03,2.958035576e-03,7.936848296e-02,3.468685986e+01,1.239984518e-04,6.772478e-16,8.794088e-19,3.488295e-20,6.899826e-03
7.700000,1.866195772e-03,3.138514180e-03,8.103772133e-03,1.569256446e-03,2.951109717e-03,7.935411282e-02,3.468532069e+01,1.222084762e-04,2.358381e-16,7.665648e-19,2.032879e-20,6.924707e-03
7.710000,1.827465659e-03,3.147321342e-03,7.918940271e-03,1.573660021e-03,2.944115846e-03,7.929226817e-02,3.468391052e+01,1.205085993e-04,5.574653e-16,1.847231e-18,3.537313e-20,6.985867e-03
7.720000,1.790088329e-03,3.156675479e-03,7.740054393e-03,1.578337084e-03,2.937063389e-03,7.918044552e-02,3.468262970e+01,1.188941354e-04,2.303864e-16,1.655691e-18,1.694066e-20,6.931497e-03
7.730000,1.754011853e-03,3.166476821e-03,7.567027383e-03,1.583237749e-03,2.929958517e-03,7.901644474e-02,3.468147839e+01,1.173603412e-04,2.489837e-16,5.456643e-19,1.824565e-20,6.976676e-03
7.740000,1.719181226e-03,3.176635263e-03,7.399750693e-03,1.588316964e-03,2.922804208e-03,7.879836440e-02,3.468045658e+01,1.159024369e-04,6.669959e-17,3.497662e-19,3.388132e-21,6.991106e-03
7.750000,1.685538748e-03,3.187069873e-03,7.238095601e-03,1.593534262e-03,2.915600333e-03,7.852459644e-02,3.467956407e+01,1.145156279e-04,3.381721e-16,4.109707e-19,1.916617e-20,6.929056e-03
7.760000,1.653024423e-03,3.197708340e-03,7.081914674e-03,1.598853489e-03,2.908343758e-03,7.819382050e-02,3.467880051e+01,1.131951249e-04,2.226081e-16,5.532338e-19,3.388132e-21,6.904097e-03
7.770000,1.621576377e-03,3.208486410e-03,6.931043454e-03,1.604242517e-03,2.901028468e-03,7.780499788e-02,3.467816535e+01,1.119361635e-04,4.453757e-16,2.720496e-19,1.071421e-20,6.933727e-03
7.780000,1.591131289e-03,3.219347286e-03,6.785302337e-03,1.609672948e-03,2.893645708e-03,7.735736552e-02,3.467765790e+01,1.107340238e-04,5.615428e-16,4.181978e-19,1.396963e-20,6.964576e-03
7.790000,1.561624833e-03,3.230241035e-03,6.644498645e-03,1.615119815e-03,2.886184139e-03,7.685042989e-02,3.467727728e+01,1.095840483e-04,1.011489e-15,6.384949e-19,1.515219e-20,6.959156e-03
7.800000,1.532992115e-03,3.241123983e-03,6.508428842e-03,1.620561282e-03,2.878630008e-03,7.628396106e-02,3.467702247e+01,1.084816597e-04,4.965068e-16,2.172216e-18,9.583084e-21,6.957716e-03
7.810000,1.505168101e-03,3.251958129e-03,6.376880891e-03,1.625978348e-03,2.870967329e-03,7.565798691e-02,3.467689226e+01,1.074223769e-04,6.563436e-17,6.548262e-19,7.576093e-21,6.964566e-03
7.820000,1.478088044e-03,3.262710561e-03,6.249636715e-03,1.631354557e-03,2.863178080e-03,7.497278768e-02,3.467688531e+01,1.064018308e-04,2.293740e-16,7.756613e-19,1.233299e-20,6.921266e-03
7.830000,1.451687885e-03,3.273352893e-03,6.126474717e-03,1.636675715e-03,2.855242402e-03,7.422889081e-02,3.467700011e+01,1.054157788e-04,2.367945e-16,1.110336e-18,3.788046e-21,6.926237e-03
7.840000,1.425904639e-03,3.283860724e-03,6.007172353e-03,1.641929624e-03,2.847138809e-03,7.342706628e-02,3.467723501e+01,1.044601181e-04,5.774288e-16,7.061065e-19,3.788046e-21,6.904926e-03
7.850000,1.400676750e-03,3.294213122e-03,5.891508697e-03,1.647105816e-03,2.838844403e-03,7.256832241e-02,3.467758822e+01,1.035308983e-04,6.354905e-17,3.360963e-19,1.694066e-21,6.929067e-03
7.860000,1.375944424e-03,3.304392135e-03,5.779266987e-03,1.652195315e-03,2.830335086e-03,7.165390220e-02,3.467805779e+01,1.026243319e-04,4.480385e-16,2.811856e-19,6.984813e-21,6.917546e-03
7.870000,1.351649931e-03,3.314382319e-03,5.670237113e-03,1.657190401e-03,2.821585783e-03,7.068528038e-02,3.467864165e+01,1.017368053e-04,2.238405e-16,6.522771e-19,6.984813e-21,6.911786e-03
7.880000,1.327737867e-03,3.324170312e-03,5.564218024e-03,1.662084391e-03,2.812570654e-03,6.966416111e-02,3.467933759e+01,1.008648868e-04,4.635564e-16,5.068912e-19,4.791542e-21,6.886716e-03
7.890000,1.304155399e-03,3.333744428e-03,5.461020024e-03,1.666871442e-03,2.803263311e-03,6.859247652e-02,3.468014326e+01,1.000053346e-04,1.308632e-16,5.635539e-19,3.788046e-21,6.916316e-03
7.900000,1.280852460e-03,3.343094281e-03,5.360466949e-03,1.671546361e-03,2.793637027e-03,6.747238614e-02,3.468105621e+01,9.915510355e-05,5.598357e-16,8.664220e-19,7.576093e-21,6.897216e-03
7.910000,1.257781928e-03,3.352210444e-03,5.262398191e-03,1.676104437e-03,2.783664942e-03,6.630627730e-02,3.468207386e+01,9.831135011e-05,2.618941e-16,3.510315e-19,5.082198e-21,6.895696e-03
7.920000,1.234899764e-03,3.361084140e-03,5.166670571e-03,1.680541279e-03,2.773320264e-03,6.509676668e-02,3.468319352e+01,9.747143662e-05,1.470965e-16,3.181353e-19,1.233299e-20,6.911286e-03
7.930000,1.212165124e-03,3.369706959e-03,5.073160047e-03,1.684852682e-03,2.762576456e-03,6.384670301e-02,3.468441237e+01,9.663293433e-05,1.485685e-16,4.686305e-19,1.768657e-20,6.885996e-03
7.940000,1.189540449e-03,3.378070609e-03,4.981763237e-03,1.689034501e-03,2.751407421e-03,6.255917112e-02,3.468572752e+01,9.579362523e-05,2.330728e-16,4.617629e-19,3.788046e-21,6.906977e-03
7.950000,1.166991528e-03,3.386166696e-03,4.892398768e-03,1.693082539e-03,2.739787675e-03,6.123749748e-02,3.468713596e+01,9.495150276e-05,2.027458e-17,7.395156e-19,2.395771e-21,6.884177e-03
7.960000,1.144487535e-03,3.393986535e-03,4.805008435e-03,1.696992453e-03,2.727692510e-03,5.988525725e-02,3.468863459e+01,9.410477154e-05,1.241421e-16,2.811602e-19,5.357107e-21,6.881056e-03
7.970000,1.122001060e-03,3.401520986e-03,4.719558163e-03,1.700759673e-03,2.715098147e-03,5.850628299e-02,3.469022023e+01,9.325184592e-05,1.350918e-16,6.525487e-19,8.470329e-22,6.879846e-03
7.980000,1.099508113e-03,3.408760322e-03,4.636038768e-03,1.704379336e-03,2.701981877e-03,5.710467514e-02,3.469188961e+01,9.239134761e-05,1.451747e-16,3.914951e-19,4.791542e-21,6.970516e-03
7.990000,1.076988124e-03,3.415694122e-03,4.554466506e-03,1.707846230e-03,2.688322194e-03,5.568481425e-02,3.469363938e+01,9.152210231e-05,2.237747e-16,8.024743e-20,3.492406e-21,6.918636e-03
