t,pos_err,ori_err_geodesic,e_xi_norm,e_z_O_norm,e_z_T_norm,qddot_ref_norm,tau_norm,V,c0,c1,c2,runtime
0.000000,5.478446418e-05,1.693217524e-04,2.165216016e-03,8.466086917e-05,1.251023427e-04,1.066697586e-02,3.903808340e+01,2.526624670e-06,3.505391e-16,4.040978e-20,5.989427e-22,7.064143e-03
0.010000,4.277474170e-05,9.420644215e-05,3.035462292e-03,4.710320546e-05,8.908757809e-05,2.009255048e-01,3.920622484e+01,4.688258132e-06,3.615049e-16,4.496014e-19,1.746203e-21,6.934154e-03
0.020000,8.735500149e-05,1.699827808e-04,5.356513104e-03,8.499138241e-05,1.224326076e-04,2.057149119e-01,3.922974662e+01,1.452382254e-05,2.231949e-16,3.160965e-19,3.054021e-21,6.949654e-03
0.030000,2.133645392e-05,8.575798866e-05,3.749795305e-03,4.287899233e-05,5.952211079e-05,2.046586323e-01,3.922910774e+01,7.073534333e-06,4.443638e-16,2.227165e-19,5.423657e-21,6.923314e-03
0.040000,6.451717146e-05,1.189132718e-04,2.761401755e-03,5.945663148e-05,6.576807314e-05,1.858803270e-01,3.920158638e+01,3.875554071e-06,4.471409e-16,1.282241e-18,1.197885e-20,6.953574e-03
0.050000,8.877758744e-05,2.155496764e-04,2.262339433e-03,1.077748362e-04,1.048640410e-04,2.062350618e-01,3.921125428e+01,2.739984914e-06,5.152916e-17,9.247902e-19,5.760447e-21,6.952714e-03
0.060000,1.196028470e-05,6.972217495e-05,1.490589249e-03,3.486107020e-05,4.215897874e-05,2.009448216e-01,3.920265567e+01,1.134869545e-06,5.621211e-16,6.154474e-19,1.136414e-20,6.959504e-03
0.070000,7.863262136e-05,1.305437350e-04,1.682451198e-03,6.527186239e-05,4.124018756e-05,1.931414541e-01,3.921210543e+01,1.463010370e-06,2.288834e-16,3.633406e-19,2.899774e-20,6.920784e-03
0.080000,5.043818958e-05,8.076099446e-05,2.158486206e-03,4.038049529e-05,6.965645334e-05,1.991643458e-01,3.921576900e+01,2.381392197e-06,6.685892e-16,9.077411e-19,4.719122e-20,6.951284e-03
0.090000,6.635556192e-05,2.056186327e-04,3.651367498e-03,1.028093104e-04,7.519929819e-05,1.927274382e-01,3.916733379e+01,6.796039814e-06,3.513686e-16,1.424628e-18,4.338926e-20,6.958404e-03
0.100000,1.236418857e-05,8.724014342e-05,1.907201290e-03,4.362006498e-05,4.126384785e-05,2.118779675e-01,3.921608790e+01,1.847551701e-06,1.436384e-16,6.911789e-19,3.123703e-20,6.940624e-03
0.110000,1.005082663e-04,2.816273755e-04,1.204458511e-03,1.408136843e-04,7.869238549e-05,1.828077211e-01,3.916213933e+01,9.335280339e-07,9.021601e-17,1.926474e-19,4.933194e-20,6.967864e-03
0.120000,1.083140954e-04,2.159500547e-04,3.818736861e-03,1.079750231e-04,1.291307855e-04,2.038845747e-01,3.915428811e+01,7.518042532e-06,1.241401e-16,1.582170e-18,9.162062e-20,6.982814e-03
0.130000,4.327207984e-05,1.333455719e-04,3.791096059e-03,6.667277265e-05,5.169745135e-05,1.875088202e-01,3.921905697e+01,7.243147744e-06,5.552910e-16,2.763455e-18,8.571371e-20,6.983055e-03
0.140000,4.110859708e-05,1.029350083e-04,4.087936207e-03,5.146749352e-05,5.783425081e-05,2.013594238e-01,3.912713491e+01,8.403560844e-06,1.288964e-16,4.879380e-19,2.443217e-20,6.982954e-03
0.150000,5.289265775e-05,1.084591026e-04,6.895024612e-04,5.422954281e-05,7.557652130e-05,1.802567423e-01,3.915236102e+01,3.069280531e-07,1.157946e-16,2.451022e-18,1.355253e-20,6.988423e-03
0.160000,3.144306044e-05,8.033581818e-05,3.008717565e-03,4.016789846e-05,2.593461894e-05,1.866167108e-01,3.914555583e+01,4.544479210e-06,2.221139e-16,3.576333e-18,4.886433e-20,6.993964e-03
0.170000,6.114328384e-05,1.141036781e-04,2.761534109e-03,5.705182778e-05,1.009633642e-04,2.014989209e-01,3.915071081e+01,3.920623414e-06,3.342957e-16,2.819447e-18,5.587850e-20,6.960194e-03
0.180000,2.914107429e-05,2.556471809e-04,2.679317913e-03,1.278235876e-04,1.906695860e-04,1.972750629e-01,3.919028547e+01,4.010922323e-06,2.437996e-16,1.337862e-18,1.355253e-20,6.973604e-03
0.190000,1.908864485e-05,8.155203906e-05,3.765062701e-03,4.077601623e-05,6.171869300e-05,1.892429350e-01,3.917926654e+01,7.131623617e-06,2.469505e-16,4.341571e-19,0.000000e+00,7.012174e-03
0.200000,2.447093468e-05,7.722541417e-05,2.289553518e-03,3.861269613e-05,6.288128169e-05,1.930698649e-01,3.911519083e+01,2.664587624e-06,2.861723e-16,2.260999e-18,1.334769e-19,6.991664e-03
0.210000,5.056446243e-05,1.199736528e-04,1.257313782e-03,5.998681430e-05,4.445624115e-05,1.841155239e-01,3.915743785e+01,8.350171756e-07,4.503752e-16,8.172354e-19,1.212175e-19,6.960574e-03
0.220000,6.069312798e-05,7.676336624e-05,1.191674502e-03,3.838167394e-05,7.730393130e-05,1.810010941e-01,3.915857520e+01,7.696364643e-07,2.445771e-16,3.402737e-18,3.172565e-19,7.004173e-03
0.230000,7.419106319e-05,1.538760776e-04,3.918275980e-03,7.693803223e-05,2.970028349e-05,1.952612895e-01,3.915379240e+01,7.730855870e-06,2.016138e-16,2.563542e-18,1.212175e-19,7.004433e-03
0.240000,7.543117576e-05,1.483475372e-04,3.336476018e-03,7.417376437e-05,4.231978352e-05,1.824320547e-01,3.909670626e+01,5.624377802e-06,5.377745e-17,3.950486e-18,1.355253e-19,6.962944e-03
0.250000,8.192809202e-05,1.416864436e-04,3.203077192e-03,7.084321358e-05,3.263034053e-05,1.849822677e-01,3.910490041e+01,5.178519748e-06,2.231883e-16,6.238554e-18,6.060874e-20,6.967824e-03
0.260000,7.469441636e-05,7.585874852e-05,1.840994333e-03,3.792935855e-05,5.983840054e-05,1.866528324e-01,3.908624211e+01,1.734784231e-06,5.848968e-16,2.197725e-18,1.212175e-19,6.936364e-03
0.270000,8.431785271e-05,7.161026153e-05,1.067454546e-03,3.580512009e-05,5.826161348e-05,1.910654690e-01,3.910200031e+01,6.071409820e-07,3.295991e-17,7.243949e-19,8.571371e-20,6.920084e-03
0.280000,8.203276634e-05,1.970265096e-04,2.458563561e-03,9.851325083e-05,1.477250856e-04,1.718575348e-01,3.910990210e+01,3.274487884e-06,7.804059e-17,2.423781e-18,1.533293e-19,6.935234e-03
0.290000,4.370537630e-05,7.772466248e-05,2.073559562e-03,3.886232946e-05,2.038475757e-05,1.832666272e-01,3.909182856e+01,2.165231181e-06,6.711116e-16,1.299418e-18,1.735570e-19,6.943904e-03
0.300000,6.762414893e-05,1.527041249e-04,2.240157870e-03,7.635206236e-05,7.543940927e-05,1.790972817e-01,3.911262411e+01,2.601319578e-06,6.675537e-16,9.419621e-18,4.233945e-19,6.950484e-03
0.310000,8.671774720e-05,1.614076365e-04,1.119829593e-03,8.070381397e-05,5.023661479e-05,1.779774902e-01,3.907064676e+01,6.993037434e-07,2.235728e-16,4.639024e-18,1.117570e-19,6.922545e-03
0.320000,4.126983377e-05,8.938795127e-05,4.730974639e-03,4.469396284e-05,5.237361896e-05,1.860985505e-01,3.897116604e+01,1.122898489e-05,3.656682e-16,1.571217e-18,1.954573e-19,6.948264e-03
0.330000,1.486213397e-05,1.267441231e-04,5.859313173e-03,6.337205391e-05,8.240271954e-05,1.905159037e-01,3.896949725e+01,1.725222523e-05,1.773415e-16,6.016483e-18,2.498963e-19,6.934984e-03
0.340000,5.604636137e-05,5.899881393e-05,4.239471621e-03,2.949939905e-05,6.890831110e-05,1.718397327e-01,3.901276640e+01,9.031508371e-06,2.675284e-16,1.113336e-17,3.252607e-19,6.988674e-03
0.350000,4.468373261e-05,1.024410778e-04,2.847220655e-03,5.122052899e-05,5.216832247e-05,1.823102019e-01,3.909450082e+01,4.096093342e-06,2.514377e-16,2.168785e-18,1.212175e-19,6.949013e-03
0.360000,5.691340127e-05,1.433294664e-04,2.499480872e-03,7.166472650e-05,7.416554889e-05,1.790678802e-01,3.899513409e+01,3.208793208e-06,2.368012e-16,4.137407e-19,3.428548e-19,6.935093e-03
0.370000,8.121969695e-05,1.711868383e-04,2.590312650e-03,8.559341547e-05,5.657263503e-05,1.654934513e-01,3.899584400e+01,3.439073379e-06,8.165719e-17,4.428090e-18,7.130227e-19,6.923644e-03
0.380000,4.342868300e-05,1.479019842e-04,1.962104671e-03,7.395097882e-05,7.220769562e-05,1.777058131e-01,3.899621747e+01,2.010388958e-06,7.796648e-16,4.438944e-18,4.370559e-19,6.930144e-03
0.390000,4.563634432e-05,1.070768122e-04,7.740022789e-04,5.353840606e-05,3.838048753e-05,1.753570900e-01,3.900198698e+01,3.342551458e-07,9.114631e-16,3.668707e-18,4.848700e-19,6.833565e-03
0.400000,5.573644482e-05,1.136042873e-04,1.330048373e-03,5.680213716e-05,4.945065470e-05,1.765681230e-01,3.898030493e+01,9.298891376e-07,2.393250e-16,4.075347e-18,3.252607e-19,6.852954e-03
0.410000,7.730239042e-05,1.186833440e-04,1.969526567e-03,5.934166811e-05,8.132019444e-05,1.852829365e-01,3.902645405e+01,2.020592710e-06,4.540074e-16,5.487836e-18,1.212175e-19,6.848144e-03
0.420000,1.364132897e-05,2.553610390e-05,1.367346619e-03,1.276801717e-05,1.430560278e-05,1.732110286e-01,3.895372646e+01,9.377597688e-07,2.582903e-16,1.020479e-17,6.133174e-19,7.023594e-03
0.430000,1.723175369e-05,9.708401907e-05,2.549619728e-03,4.854200222e-05,6.750772860e-05,1.811283072e-01,3.897154959e+01,3.305589334e-06,3.478252e-18,3.093422e-18,4.370559e-19,6.794154e-03
0.440000,4.902304853e-05,1.696695343e-04,2.668266296e-03,8.483476048e-05,9.015136089e-05,1.688577218e-01,3.886751891e+01,3.682416150e-06,5.573921e-16,4.336809e-18,8.467890e-19,6.794544e-03
0.450000,5.394881569e-05,1.261199636e-04,2.526621793e-03,6.305997605e-05,8.598454523e-05,1.671294772e-01,3.892048169e+01,3.282868064e-06,1.113635e-16,9.111583e-18,7.666467e-19,6.848884e-03
0.460000,6.595719174e-05,1.820172613e-04,1.021878814e-03,9.100862559e-05,9.400162947e-05,1.643621652e-01,3.891782614e+01,6.590691652e-07,2.495201e-16,6.284867e-18,6.857097e-19,6.806444e-03
0.470000,5.939236261e-05,1.107931147e-04,4.830491280e-03,5.539654794e-05,4.883144467e-05,1.639997896e-01,3.897175190e+01,1.171044930e-05,1.144613e-16,3.327746e-18,1.341084e-18,6.807374e-03
0.480000,3.302285785e-05,1.224215815e-04,1.713825051e-03,6.121078095e-05,5.805347019e-05,1.634187867e-01,3.886018996e+01,1.525533874e-06,5.626769e-16,6.763947e-18,6.942281e-19,6.833984e-03
0.490000,5.653399481e-05,9.548335742e-05,6.286778376e-03,4.774166321e-05,8.625748696e-05,1.761727111e-01,3.880455233e+01,1.983954814e-05,4.441888e-16,1.008731e-18,5.421011e-19,6.854834e-03
0.500000,4.979630772e-05,1.896986367e-04,3.261065149e-03,9.484931260e-05,1.055941033e-04,1.679008469e-01,3.888314387e+01,5.478445007e-06,4.170383e-18,3.770843e-18,7.273049e-19,6.792455e-03
0.510000,8.894311975e-05,2.366454325e-04,3.741574258e-03,1.183227093e-04,6.922288002e-05,1.727596956e-01,3.881132938e+01,7.150025530e-06,7.777188e-16,2.664718e-18,8.131516e-19,6.793775e-03
0.520000,4.293928270e-05,7.488785187e-05,3.234560825e-03,3.744391071e-05,2.027421227e-05,1.582425827e-01,3.886523885e+01,5.245696588e-06,3.352471e-16,6.091103e-18,4.470280e-19,6.787114e-03
0.530000,5.109589967e-05,1.744845908e-04,3.688809068e-03,8.724228638e-05,1.199253106e-04,1.531167999e-01,3.881151311e+01,6.979602543e-06,6.717570e-16,1.820887e-18,8.741117e-19,6.835454e-03
0.540000,6.561727942e-05,1.200823109e-04,2.051380685e-03,6.004114317e-05,1.587058336e-05,1.590813634e-01,3.878529573e+01,2.134935871e-06,2.760966e-16,2.734388e-18,3.909147e-19,6.860004e-03
0.550000,2.052312160e-05,9.271717078e-05,3.238887692e-03,4.635856573e-05,5.454182742e-05,1.622175093e-01,3.880017209e+01,5.286188162e-06,6.673701e-16,2.788661e-18,1.084202e-18,6.899834e-03
0.560000,1.336471462e-05,1.467970317e-04,1.418102522e-03,7.339850649e-05,8.476623731e-05,1.638565482e-01,3.875534161e+01,1.106088628e-06,2.789418e-16,1.049844e-17,9.817868e-19,6.814925e-03
0.570000,6.010491981e-05,7.970724586e-05,2.851982140e-03,3.985361534e-05,4.637945314e-05,1.464370349e-01,3.873807924e+01,4.096815978e-06,7.121759e-17,6.648423e-18,1.084202e-18,6.886884e-03
0.580000,3.396932189e-05,1.562003915e-04,5.242754398e-03,7.810018976e-05,7.978771578e-05,1.514872180e-01,3.869069202e+01,1.384296259e-05,2.250333e-16,2.776912e-18,3.252607e-19,6.876044e-03
0.590000,3.476969460e-05,1.090728275e-04,2.017242983e-03,5.453640839e-05,1.037920513e-04,1.360627865e-01,3.866298185e+01,2.144610703e-06,3.067543e-16,1.140063e-17,1.474674e-18,6.865134e-03
0.600000,8.621606116e-05,1.428070973e-04,3.608231602e-03,7.140354419e-05,6.404916850e-05,1.517736629e-01,3.866025269e+01,6.583273744e-06,2.221147e-16,8.254235e-18,1.951564e-18,6.890445e-03
0.610000,2.207608131e-05,9.735777411e-05,2.994207601e-03,4.867887692e-05,5.741497026e-05,1.656325753e-01,3.868230972e+01,4.527968473e-06,3.333570e-16,1.361483e-17,5.421011e-19,6.923294e-03
0.620000,5.251226133e-05,1.036928456e-04,2.260464364e-03,5.184641014e-05,2.353375972e-05,1.449211696e-01,3.864635466e+01,2.580784675e-06,5.641628e-16,9.502090e-18,1.855855e-18,6.911064e-03
0.630000,5.872912803e-05,1.105654714e-04,1.221453377e-03,5.528273324e-05,8.362746973e-05,1.492548618e-01,3.866890522e+01,8.263720506e-07,2.316445e-16,1.398579e-17,4.848700e-19,6.876783e-03
0.640000,6.642153116e-05,1.940294774e-04,2.903525494e-03,9.701472975e-05,9.168996809e-05,1.495767046e-01,3.862415605e+01,4.357781410e-06,4.506014e-16,5.675257e-18,2.818926e-18,6.901153e-03
0.650000,6.558133554e-05,2.225097953e-04,2.601999476e-03,1.112548934e-04,1.256375696e-04,1.471856708e-01,3.865186105e+01,3.610500238e-06,1.419624e-16,9.026634e-18,7.589415e-19,6.892214e-03
0.660000,4.888903868e-05,1.019600824e-04,3.083605132e-03,5.098003762e-05,2.881707640e-05,1.442275668e-01,3.862329241e+01,4.781745411e-06,2.295383e-16,1.601413e-17,1.693578e-18,6.866424e-03
0.670000,4.783956341e-05,1.960273531e-04,1.476222300e-03,9.801366860e-05,1.452780035e-04,1.536701541e-01,3.858128511e+01,1.335315159e-06,4.469424e-16,1.277152e-17,1.167721e-18,6.875994e-03
0.680000,4.734246219e-05,8.152900147e-05,2.153941446e-03,4.076449327e-05,3.331698471e-05,1.241747463e-01,3.855285939e+01,2.341905999e-06,2.377625e-16,1.246797e-17,1.474674e-18,6.883113e-03
0.690000,5.430434105e-05,7.143745359e-05,3.253954857e-03,3.571871056e-05,6.507341027e-05,1.391787043e-01,3.859574398e+01,5.338194105e-06,4.487191e-16,6.679953e-18,6.505213e-19,6.878224e-03
0.700000,3.276699751e-05,1.202466946e-04,2.756954733e-03,6.012333858e-05,6.736948748e-05,1.469279851e-01,3.857857324e+01,3.865627409e-06,8.337668e-17,1.096067e-17,1.533293e-18,6.882364e-03
0.710000,1.608500016e-05,1.790192290e-04,1.581376223e-03,8.950960716e-05,1.088535136e-04,1.539756526e-01,3.852705731e+01,1.409263837e-06,4.465764e-16,1.010582e-17,1.788112e-18,6.865314e-03
0.720000,7.196376411e-05,1.567811808e-04,4.174144685e-03,7.839058412e-05,3.854974061e-05,1.356609247e-01,3.844303901e+01,8.772791257e-06,4.045339e-18,8.623711e-18,7.893111e-19,6.930864e-03
0.730000,2.729388029e-05,1.108701229e-04,2.899010723e-03,5.543504895e-05,5.047162487e-05,1.246607298e-01,3.843173324e+01,4.247095023e-06,4.512089e-16,3.035887e-18,1.939480e-18,6.830544e-03
0.740000,4.650279401e-05,1.999215624e-04,1.086554508e-03,9.996077648e-05,1.167908055e-04,1.251128634e-01,3.842657503e+01,7.793583420e-07,2.412711e-16,2.975266e-18,1.999170e-18,6.853834e-03
0.750000,3.130109301e-05,7.423684330e-05,1.306745980e-03,3.711841125e-05,4.060188199e-05,1.449167006e-01,3.846264686e+01,8.780028429e-07,4.557450e-16,4.345271e-18,1.084202e-18,6.841674e-03
0.760000,8.893508800e-06,3.703509074e-05,2.593409665e-03,1.851752894e-05,2.646786161e-05,1.224559147e-01,3.840814934e+01,3.371234418e-06,2.393749e-16,4.785558e-18,1.226635e-18,6.861694e-03
0.770000,4.651564389e-05,9.729109989e-05,4.340486603e-03,4.864553240e-05,4.742687610e-05,1.391266486e-01,3.842880721e+01,9.456837547e-06,6.674439e-16,6.345131e-18,1.563659e-18,6.859534e-03
0.780000,6.436346879e-05,2.077772158e-04,3.203492134e-03,1.038886046e-04,7.222635544e-05,1.318974450e-01,3.834204791e+01,5.259256835e-06,2.326562e-16,1.263096e-17,3.252607e-18,6.876784e-03
0.790000,3.502543202e-05,1.274590803e-04,2.812548595e-03,6.372953417e-05,2.560187494e-05,1.307659291e-01,3.830544793e+01,3.992950075e-06,7.060984e-17,1.694836e-17,2.611105e-18,6.886654e-03
0.800000,8.125437908e-05,1.641802097e-04,1.534703943e-03,8.209009498e-05,3.612437272e-05,1.164919926e-01,3.832656865e+01,1.242008128e-06,7.777195e-16,2.184775e-18,2.646875e-18,6.901394e-03
0.810000,2.061947834e-05,6.840967794e-05,4.966172945e-03,3.420481883e-05,4.998042942e-05,1.271730914e-01,3.830597273e+01,1.236078096e-05,4.603919e-16,8.526683e-18,1.999170e-18,6.890814e-03
0.820000,3.184596481e-05,2.157393289e-04,2.526490402e-03,1.078696590e-04,1.325094478e-04,1.197376441e-01,3.827599776e+01,3.425133813e-06,3.388032e-16,7.772726e-18,4.848700e-19,6.879744e-03
0.830000,4.399296128e-05,7.149435520e-05,2.528604138e-03,3.574716828e-05,7.882857642e-05,1.255396978e-01,3.828233575e+01,3.256853879e-06,2.310240e-16,1.504230e-17,2.385245e-18,6.853244e-03
0.840000,3.257824504e-05,1.483185775e-04,1.688742870e-03,7.415928195e-05,9.699430311e-05,1.132379153e-01,3.826624305e+01,1.545186192e-06,1.124355e-16,4.553730e-18,3.711710e-18,6.860954e-03
0.850000,2.803485924e-05,7.089356129e-05,2.683453701e-03,3.544676592e-05,4.566730628e-05,1.328191886e-01,3.823563862e+01,3.627197690e-06,4.572606e-16,8.679714e-18,2.611105e-18,6.937704e-03
0.860000,3.164709435e-05,2.541329956e-04,1.180383607e-03,1.270664977e-04,1.439991517e-04,1.203720620e-01,3.826150135e+01,9.917059345e-07,6.700862e-16,1.089731e-17,8.940560e-19,6.906814e-03
0.870000,9.309419114e-06,1.646203057e-04,3.233087600e-03,8.231014859e-05,1.071159465e-04,1.238342051e-01,3.818042806e+01,5.372418007e-06,2.301807e-16,9.692587e-18,1.533293e-18,6.920264e-03
0.880000,5.338732919e-05,1.779358609e-04,3.804259681e-03,8.896792625e-05,8.730292142e-05,1.103940744e-01,3.820584769e+01,7.360492596e-06,2.371476e-16,5.029065e-18,1.371419e-18,6.872044e-03
0.890000,2.537917514e-05,1.269663721e-04,2.096277484e-03,6.348318085e-05,4.757160773e-05,1.028441104e-01,3.817898250e+01,2.247535021e-06,2.224874e-16,1.079343e-17,1.167721e-18,6.918994e-03
0.900000,3.930448038e-05,1.563903979e-04,3.439207298e-03,7.819519458e-05,7.652296120e-05,1.058436469e-01,3.819494382e+01,6.009835436e-06,1.211852e-16,2.575408e-18,1.839952e-18,6.911854e-03
0.910000,8.114866947e-05,2.582244526e-04,2.757830186e-03,1.291122224e-04,1.315205775e-04,9.482491557e-02,3.813232785e+01,4.074554693e-06,9.206338e-17,6.943181e-18,9.697399e-19,6.921893e-03
0.920000,6.243864657e-05,1.850695906e-04,1.283400217e-03,9.253478942e-05,7.568675887e-05,1.164970806e-01,3.812883295e+01,9.378874402e-07,1.113709e-16,4.342988e-18,1.852685e-18,6.917713e-03
0.930000,3.018367821e-05,8.913445168e-05,1.096018523e-03,4.456721143e-05,2.179490471e-05,1.138801193e-01,3.812141134e+01,6.203183345e-07,2.297447e-16,1.483417e-17,2.909220e-18,6.881704e-03
0.940000,7.205746818e-05,1.532152959e-04,1.197847934e-03,7.660764132e-05,9.103343799e-05,1.051206195e-01,3.805496421e+01,8.306663772e-07,4.500418e-16,5.208686e-18,1.852685e-18,6.881234e-03
0.950000,6.774099490e-05,1.076057660e-04,3.333685348e-03,5.380286959e-05,8.582474895e-05,1.009408104e-01,3.803433728e+01,5.638814089e-06,7.771990e-16,1.556434e-17,1.578622e-18,6.925595e-03
0.960000,3.238951587e-05,1.119291516e-04,1.884530420e-03,5.596456599e-05,6.766965046e-05,9.223392333e-02,3.803250254e+01,1.837417166e-06,3.353902e-16,1.558246e-17,6.133174e-19,6.900415e-03
0.970000,6.966541155e-05,1.169627938e-04,2.705413749e-03,5.848139164e-05,4.433824652e-05,1.002294928e-01,3.798922654e+01,3.702719402e-06,4.696073e-16,2.311146e-17,2.538052e-18,6.906504e-03
0.980000,4.681615063e-05,3.587276219e-05,2.161697154e-03,1.793635172e-05,4.150425961e-05,9.551806230e-02,3.795703961e+01,2.352821823e-06,3.393612e-16,8.318073e-18,8.673617e-19,6.942514e-03
0.990000,2.385439572e-05,6.560055766e-05,2.635335377e-03,3.280025952e-05,6.549519534e-05,1.008238912e-01,3.795898147e+01,3.515420095e-06,2.230246e-16,3.642984e-18,1.301043e-18,6.935513e-03
1.000000,4.439959082e-05,9.109018289e-05,2.094110187e-03,4.554508566e-05,5.015325579e-05,9.024967326e-02,3.792001438e+01,2.229366369e-06,2.406837e-16,1.311885e-17,1.999170e-18,6.960414e-03
1.010000,8.943104053e-05,3.025460905e-04,1.620497469e-03,1.512730421e-04,1.205151034e-04,9.154761529e-02,3.792815178e+01,1.612265411e-06,1.576672e-16,1.367686e-17,8.673617e-19,6.962004e-03
1.020000,1.034188603e-04,2.279719531e-04,1.678356136e-03,1.139859682e-04,1.109229644e-04,9.033807145e-02,3.789478101e+01,1.610813299e-06,1.112283e-15,1.743376e-17,4.944723e-18,6.934484e-03
1.030000,9.753817297e-05,2.706476624e-04,2.810712310e-03,1.353238257e-04,9.363095383e-05,7.935910888e-02,3.788557800e+01,4.166686192e-06,7.804501e-16,8.186669e-18,2.682168e-18,6.883344e-03
1.040000,1.314138350e-04,2.353926413e-04,3.502742968e-03,1.176963162e-04,2.198309549e-05,8.991579812e-02,3.786356534e+01,6.249289584e-06,8.176275e-17,4.337147e-18,1.578622e-18,6.887064e-03
1.050000,1.053267660e-04,2.701487091e-04,2.556914475e-03,1.350743495e-04,1.312615916e-04,7.780387285e-02,3.779844854e+01,3.552703298e-06,2.452290e-16,1.784890e-17,0.000000e+00,6.957613e-03
1.060000,9.687802279e-05,1.744660637e-04,7.992882968e-04,8.723302305e-05,7.929011257e-05,8.177644347e-02,3.780856129e+01,4.306030688e-07,6.672293e-16,6.842993e-18,2.335443e-18,6.922884e-03
1.070000,4.651180873e-05,1.642118132e-04,1.917159159e-03,8.210589930e-05,7.235651432e-05,8.819425468e-02,3.783923415e+01,1.933564372e-06,6.661700e-16,1.743108e-17,2.682168e-18,6.916135e-03
1.080000,8.246479371e-05,1.823163400e-04,2.881234358e-03,9.115816325e-05,9.520526865e-05,7.085831545e-02,3.779090833e+01,4.289746544e-06,3.331113e-16,2.584874e-17,3.608944e-18,6.872923e-03
1.090000,2.942860738e-05,1.603065232e-04,1.054488568e-03,8.015325681e-05,1.059959721e-04,8.260274207e-02,3.772086179e+01,6.972505956e-07,6.059460e-17,1.513407e-17,1.748223e-18,6.908483e-03
1.100000,6.484964513e-05,2.013264827e-04,3.912302613e-03,1.006632391e-04,9.103963722e-05,8.221613821e-02,3.769979565e+01,7.800426292e-06,2.246071e-16,1.036339e-17,3.366269e-18,6.927313e-03
1.110000,8.169645618e-05,1.154856913e-04,4.672953594e-03,5.774283282e-05,2.663521700e-05,8.125481158e-02,3.765249054e+01,1.095059700e-05,3.357626e-16,2.409200e-17,3.309926e-18,6.905614e-03
1.120000,4.926221005e-05,4.366874208e-05,3.140755331e-03,2.183434400e-05,3.922309344e-05,7.006943498e-02,3.763296399e+01,4.948293542e-06,4.494116e-16,8.245819e-18,1.788112e-18,6.886814e-03
1.130000,3.653871940e-05,4.519019807e-05,3.478666349e-03,2.259507327e-05,2.802838268e-05,7.271176251e-02,3.761199265e+01,6.060928804e-06,4.477425e-16,7.486934e-18,4.848700e-19,6.926264e-03
1.140000,8.155430304e-05,1.776429669e-04,2.841607284e-03,8.882147597e-05,7.478822018e-05,7.385919426e-02,3.759681181e+01,4.145226239e-06,4.490296e-16,3.954088e-18,2.345488e-18,6.917574e-03
1.150000,6.455264377e-05,1.947550781e-04,2.180895666e-03,9.737753463e-05,1.431792972e-04,5.356051509e-02,3.756751150e+01,2.618014516e-06,2.289444e-16,5.315909e-18,2.742839e-18,6.887164e-03
1.160000,7.807455031e-05,2.327373266e-04,4.541586756e-03,1.163686607e-04,9.287732427e-05,7.509525029e-02,3.754928554e+01,1.049034803e-05,2.224344e-16,8.644473e-18,1.748223e-18,6.938614e-03
1.170000,1.108891277e-04,2.064114637e-04,2.591240839e-03,1.032057304e-04,8.629465972e-05,6.235222405e-02,3.751467233e+01,3.502050071e-06,4.493208e-16,1.662192e-17,2.602085e-18,6.918224e-03
1.180000,8.055759627e-05,2.020812965e-04,7.062973512e-04,1.010406410e-04,1.099882004e-04,5.191805574e-02,3.750034166e+01,4.278808970e-07,4.559282e-16,3.903128e-18,4.848700e-19,6.891024e-03
1.190000,4.464879503e-05,8.940969901e-05,2.819322006e-03,4.470483697e-05,6.495906639e-05,6.799137211e-02,3.752365660e+01,4.024033907e-06,1.613795e-16,1.468294e-17,1.226635e-18,6.937194e-03
1.200000,5.348177673e-05,1.066737943e-04,3.592285042e-03,5.333688206e-05,4.045364813e-05,6.332324847e-02,3.749845655e+01,6.488106475e-06,5.711657e-16,1.418452e-17,4.465018e-18,6.893134e-03
1.210000,3.527030790e-05,6.816907160e-05,1.806434977e-03,3.408452297e-05,2.513072353e-05,5.466414593e-02,3.743804879e+01,1.645950126e-06,2.675291e-16,2.703041e-18,1.788112e-18,6.889004e-03
1.220000,1.490203921e-04,3.367261410e-04,1.756347066e-03,1.683630645e-04,1.247768990e-04,5.626645762e-02,3.739279371e+01,1.893700676e-06,9.996893e-16,6.037617e-18,5.553825e-18,6.913844e-03
1.230000,1.117767952e-04,2.848563426e-04,3.252381358e-03,1.424281713e-04,6.207902424e-05,6.181852220e-02,3.739458069e+01,5.482108961e-06,9.057883e-16,2.509561e-17,1.084202e-18,6.909344e-03
1.240000,3.667216399e-05,1.638557026e-04,2.680894384e-03,8.192784522e-05,7.702405909e-05,5.945751364e-02,3.740889140e+01,3.694756369e-06,2.297451e-16,1.518851e-18,1.734723e-18,6.936634e-03
1.250000,2.821800922e-05,1.180194845e-04,2.062933108e-03,5.900973646e-05,9.659970625e-05,4.877484571e-02,3.732225180e+01,2.230355722e-06,2.467957e-16,1.436806e-17,8.940560e-19,6.918324e-03
1.260000,1.937997942e-05,1.544225877e-04,2.272166000e-03,7.721128951e-05,9.027730760e-05,4.438440042e-02,3.727546284e+01,2.694261771e-06,5.996529e-17,2.862376e-18,2.637978e-18,6.901684e-03
1.270000,8.990286697e-05,1.722831892e-04,1.020787849e-03,8.614159007e-05,3.911204542e-05,5.529771988e-02,3.730004545e+01,5.926049215e-07,2.452327e-16,1.266662e-17,2.637978e-18,6.917674e-03
1.280000,7.894080594e-05,1.714854454e-04,2.509324869e-03,8.574271935e-05,6.931489131e-05,4.326532473e-02,3.725792842e+01,3.245606594e-06,4.642668e-16,2.302228e-17,1.388456e-18,6.942604e-03
1.290000,7.656303246e-05,2.680172878e-04,2.792013453e-03,1.340086417e-04,1.357054999e-04,3.469603368e-02,3.726450702e+01,4.188663950e-06,4.468326e-16,8.148890e-18,1.226635e-18,6.929153e-03
1.300000,9.983650174e-05,1.548955143e-04,1.877116807e-03,7.744775115e-05,5.254380503e-05,4.318810222e-02,3.725392749e+01,1.831855798e-06,1.561306e-17,3.576224e-18,1.371419e-18,6.893034e-03
1.310000,6.082836545e-05,2.229750790e-04,5.589773748e-03,1.114875353e-04,8.969175572e-05,5.401028308e-02,3.717784492e+01,1.578657793e-05,2.324962e-16,1.258332e-17,2.909220e-18,6.878774e-03
1.320000,9.446461558e-05,1.632568609e-04,4.183850839e-03,8.162842490e-05,6.215045148e-05,4.711682620e-02,3.714412813e+01,8.836510948e-06,2.249099e-16,4.476931e-18,8.673617e-19,6.886144e-03
1.330000,7.425102361e-05,2.671850423e-04,2.513678193e-03,1.335925163e-04,1.348542788e-04,4.275353661e-02,3.715680346e+01,3.447550125e-06,3.479323e-16,9.107661e-18,4.422694e-18,6.920074e-03
1.340000,6.718754466e-05,3.297685890e-05,2.138329247e-03,1.648839075e-05,7.885360328e-05,3.840990630e-02,3.715060423e+01,2.338144047e-06,4.627613e-16,2.249153e-17,2.528772e-18,6.929614e-03
1.350000,6.106968164e-05,1.439221015e-04,2.212151308e-03,7.196104122e-05,5.097310254e-05,3.199024793e-02,3.710810525e+01,2.509019894e-06,2.230431e-16,1.815844e-17,2.776912e-18,6.919284e-03
1.360000,9.189040095e-05,2.300787332e-04,2.787147780e-03,1.150393646e-04,5.998828554e-05,3.282365235e-02,3.703422245e+01,4.018757572e-06,2.371531e-16,1.201977e-17,2.168404e-18,6.908963e-03
1.370000,5.571449031e-05,2.170692471e-04,4.808596086e-04,1.085346184e-04,1.122157926e-04,3.227583893e-02,3.705378158e+01,3.105901615e-07,1.431115e-16,9.631452e-18,4.770490e-18,6.922924e-03
1.380000,1.142883301e-04,1.967376178e-04,3.586900716e-03,9.836880069e-05,6.341545566e-05,3.434644743e-02,3.703440479e+01,6.542511900e-06,7.775662e-16,1.604200e-17,3.157244e-18,6.964333e-03
1.390000,9.794407323e-05,1.265898364e-04,3.372800993e-03,6.329491270e-05,5.822804207e-05,2.780565407e-02,3.699827386e+01,5.747067275e-06,1.050082e-16,1.326213e-17,2.637978e-18,6.858974e-03
1.400000,4.561406716e-05,4.664938398e-05,2.557256131e-03,2.332467831e-05,2.318268165e-05,3.579093373e-02,3.701940522e+01,3.278431280e-06,1.177503e-16,1.763762e-17,9.697399e-19,8.472739e-03
1.410000,6.559859308e-05,2.237848789e-04,4.143297761e-03,1.118924340e-04,1.025637090e-04,3.966597205e-02,3.696863757e+01,8.767772019e-06,2.437838e-16,1.090162e-17,1.371419e-18,6.955924e-03
1.420000,3.049299114e-05,8.763908397e-05,4.786972808e-03,4.381953384e-05,5.777964662e-05,4.009050486e-02,3.696762111e+01,1.149962344e-05,1.188323e-16,1.828000e-17,2.742839e-18,6.961194e-03
1.430000,9.341734533e-05,3.415108841e-04,2.262936022e-03,1.707554376e-04,1.493969268e-04,2.744560578e-02,3.691409214e+01,2.972254609e-06,2.291562e-16,1.002026e-17,1.734723e-18,7.126533e-03
1.440000,9.320906122e-05,1.841685410e-04,4.006663360e-03,9.208426934e-05,4.353520634e-05,2.879382535e-02,3.689376156e+01,8.109674256e-06,6.698306e-16,1.539453e-17,8.673617e-19,7.168163e-03
1.450000,4.103793038e-05,1.545945599e-04,3.655291840e-03,7.729727001e-05,1.047723649e-04,4.125133441e-02,3.686157009e+01,6.816196148e-06,5.585387e-16,1.581747e-17,5.240186e-18,7.132403e-03
1.460000,3.565782003e-05,5.037019221e-05,2.286799262e-03,2.518507538e-05,4.587587312e-05,3.770631785e-02,3.685031494e+01,2.636636503e-06,2.250633e-16,1.525771e-17,4.848700e-18,6.912564e-03
1.470000,9.450866798e-05,1.286889542e-04,2.728144827e-03,6.434447092e-05,4.430887498e-05,2.278356766e-02,3.683123034e+01,3.770214996e-06,8.538149e-17,1.566400e-17,4.336809e-19,6.962284e-03
1.480000,9.739669852e-05,2.369915494e-04,2.069936186e-03,1.184957724e-04,9.803541962e-05,3.486560766e-02,3.680787985e+01,2.331535439e-06,2.381888e-16,1.481992e-17,4.527761e-18,6.883994e-03
1.490000,1.173598140e-04,2.836925931e-04,3.582115827e-03,1.418462931e-04,1.393361014e-04,4.593156230e-02,3.676736070e+01,6.732056258e-06,4.463880e-16,8.715698e-18,1.939480e-18,6.899413e-03
1.500000,8.613365709e-05,2.174568008e-04,3.542022710e-03,1.087283932e-04,7.716731097e-05,3.738475959e-02,3.676044659e+01,6.415175699e-06,6.689565e-16,7.417530e-18,2.776912e-18,6.900984e-03
1.510000,4.884999831e-05,5.872756905e-05,1.854830614e-03,2.936376177e-05,1.918677850e-05,3.018555189e-02,3.670657899e+01,1.730041207e-06,3.719956e-16,3.180983e-17,1.734723e-18,7.177013e-03
1.520000,5.877681060e-05,1.726702067e-04,4.233201759e-03,8.633510114e-05,6.994221582e-05,4.777388020e-02,3.668167279e+01,9.058763874e-06,4.499897e-16,3.214550e-18,9.697399e-19,7.073174e-03
1.530000,1.020465732e-04,2.516403684e-04,3.085549512e-03,1.258201814e-04,8.767482870e-05,3.041266105e-02,3.663452965e+01,4.948448643e-06,1.164439e-16,5.963174e-18,1.371419e-18,7.127103e-03
1.540000,1.052226725e-04,2.363543935e-04,1.544330906e-03,1.181771915e-04,7.299499359e-05,3.202381581e-02,3.666204029e+01,1.346831916e-06,4.500277e-16,9.709248e-18,3.730664e-18,7.304373e-03
1.550000,5.448613247e-05,1.595264870e-04,2.935225226e-03,7.976323540e-05,8.609513537e-05,3.962258679e-02,3.666102467e+01,4.417969933e-06,6.676610e-16,6.527762e-18,2.168404e-18,7.162423e-03
1.560000,6.917804200e-05,1.457438540e-04,1.488020310e-03,7.287192055e-05,4.200795803e-05,3.035856466e-02,3.660743242e+01,1.163702104e-06,2.691579e-17,3.292232e-18,2.637978e-18,7.554572e-03
1.570000,5.016924846e-05,1.247207075e-04,1.258823995e-03,6.236035060e-05,8.448273633e-05,2.910490559e-02,3.657503153e+01,8.805280940e-07,2.389153e-16,5.262850e-18,9.697399e-19,7.029033e-03
1.580000,9.529047897e-05,1.607992390e-04,1.604287869e-03,8.039961483e-05,4.461893186e-05,3.521162950e-02,3.653742970e+01,1.354509360e-06,6.592022e-17,4.872883e-18,1.939480e-18,7.259633e-03
1.590000,7.630936820e-05,2.316972331e-04,3.563322118e-03,1.158486154e-04,1.213537646e-04,3.746095590e-02,3.654916369e+01,6.573813360e-06,4.443639e-16,4.465018e-18,6.087001e-18,7.109613e-03
1.600000,9.184082508e-05,2.058474152e-04,2.175213702e-03,1.029237031e-04,4.716660608e-05,3.852734951e-02,3.649769978e+01,2.468321144e-06,1.447087e-16,1.296710e-17,3.066587e-18,6.936694e-03
1.610000,1.172435300e-04,2.187601408e-04,1.047533940e-03,1.093800667e-04,6.063264452e-05,4.379400776e-02,3.645205229e+01,6.737862099e-07,2.240540e-16,8.667019e-18,8.673617e-19,6.913733e-03
1.620000,1.365913744e-04,3.174849926e-04,2.221813239e-03,1.587424902e-04,1.589363713e-04,6.018343914e-02,3.642919211e+01,2.871906620e-06,6.662611e-16,1.022834e-17,5.519856e-18,6.905953e-03
1.630000,1.326137700e-04,1.587653798e-04,1.666547253e-03,7.938268541e-05,6.309895631e-05,5.028601596e-02,3.642598343e+01,1.470954585e-06,2.081700e-16,1.051279e-17,2.211347e-18,7.000514e-03
1.640000,7.908864753e-05,1.324434957e-04,1.764764071e-03,6.622173805e-05,4.592950479e-05,4.800684567e-02,3.641272642e+01,1.609154818e-06,4.796789e-16,2.114194e-18,0.000000e+00,6.937653e-03
1.650000,4.771571966e-05,1.564983854e-04,3.170975859e-03,7.824918811e-05,6.486954720e-05,3.890306047e-02,3.636051913e+01,5.110191897e-06,3.579645e-17,1.991572e-17,2.611105e-18,6.914354e-03
1.660000,6.890403555e-05,1.057659187e-04,3.955825801e-03,5.288295275e-05,1.720997730e-05,5.364276971e-02,3.636158698e+01,7.849021205e-06,2.383868e-16,1.266662e-17,2.211347e-18,6.912233e-03
1.670000,8.440716797e-05,1.749274928e-04,4.925624072e-03,8.746374089e-05,6.567662431e-05,3.917708682e-02,3.630991988e+01,1.222659285e-05,1.326695e-16,2.553774e-17,1.748223e-18,6.916243e-03
1.680000,3.768997457e-05,8.682975035e-05,2.158266787e-03,4.341486235e-05,4.187897557e-05,5.329475586e-02,3.631011979e+01,2.358167352e-06,2.452292e-16,2.734388e-18,3.998340e-18,6.923464e-03
1.690000,4.979143792e-05,1.909526615e-04,1.982708603e-03,9.547632734e-05,8.817938625e-05,4.204692439e-02,3.632192474e+01,2.100697369e-06,8.803983e-17,5.462660e-18,5.057545e-18,6.950054e-03
1.700000,1.067462126e-04,2.170218214e-04,2.137140899e-03,1.085109097e-04,2.744920456e-05,4.729729057e-02,3.626664417e+01,2.383910223e-06,6.667489e-16,2.200524e-17,2.776912e-18,6.946564e-03
1.710000,9.739020670e-05,1.108397411e-04,3.355633678e-03,5.541986126e-05,3.321573763e-05,6.043919881e-02,3.622918408e+01,5.663535860e-06,3.396922e-16,1.675279e-17,3.035766e-18,6.979723e-03
1.720000,5.148104913e-05,6.429026863e-05,2.664187978e-03,3.214511435e-05,6.116117327e-05,5.426555030e-02,3.623651883e+01,3.587140771e-06,2.610817e-17,1.223997e-17,3.157244e-18,6.985194e-03
1.730000,7.792480123e-05,1.389813914e-04,1.442480569e-03,6.949069130e-05,3.318084856e-05,4.792937572e-02,3.622443723e+01,1.087814495e-06,2.390721e-16,6.595000e-18,9.697399e-19,7.002893e-03
1.740000,8.087136932e-05,1.579229929e-04,3.142652860e-03,7.896148976e-05,6.307904233e-05,4.380427368e-02,3.617466903e+01,5.019844559e-06,1.459449e-16,2.139260e-17,6.133174e-19,7.014223e-03
1.750000,7.482091602e-05,1.834742843e-04,3.096118635e-03,9.173713341e-05,6.138012822e-05,7.112295426e-02,3.616010044e+01,4.890441074e-06,7.913473e-16,1.768709e-17,2.528772e-18,7.010613e-03
1.760000,7.857463797e-05,1.438247296e-04,3.708215621e-03,7.191235589e-05,8.845610246e-05,4.869336397e-02,3.617612140e+01,6.979398498e-06,2.333685e-16,1.601723e-17,1.226635e-18,6.971364e-03
1.770000,1.042393029e-04,1.936532138e-04,3.950041543e-03,9.682660271e-05,1.044297848e-04,6.808440954e-02,3.607634763e+01,7.963661863e-06,2.379190e-16,1.802028e-18,1.167721e-18,6.957843e-03
1.780000,8.571359814e-05,7.853146632e-05,3.831487041e-03,3.926571531e-05,7.452356880e-05,8.123747972e-02,3.609852737e+01,7.396910942e-06,6.671429e-16,6.269710e-18,4.512157e-18,6.945943e-03
1.790000,1.187249894e-04,2.205925729e-04,1.114791856e-03,1.102962808e-04,3.261910534e-05,7.779862335e-02,3.606563135e+01,7.272146459e-07,2.369956e-16,9.673277e-18,5.838607e-18,6.943964e-03
1.800000,7.699700729e-05,1.244393250e-04,5.106927138e-03,6.221965811e-05,8.914131024e-05,6.707511573e-02,3.601599910e+01,1.313489207e-05,1.242811e-16,1.419446e-17,2.637978e-18,6.988994e-03
1.810000,3.798766571e-05,1.795710119e-04,1.351960535e-03,8.978549833e-05,1.335288749e-04,6.256774926e-02,3.602747741e+01,1.121029814e-06,3.330708e-16,2.100609e-17,2.637978e-18,6.940574e-03
1.820000,8.688405065e-05,1.719874829e-04,3.541956804e-03,8.599373605e-05,1.082404398e-04,7.273897439e-02,3.598618502e+01,6.425616325e-06,3.091993e-16,1.530226e-17,1.788112e-18,6.977104e-03
1.830000,4.726028377e-05,8.967476218e-05,1.982375839e-03,4.483736543e-05,2.830783206e-05,5.308989204e-02,3.602613389e+01,1.987400765e-06,6.662152e-16,2.087154e-17,2.345488e-18,6.931594e-03
1.840000,1.118905227e-04,2.738912215e-04,2.662780498e-03,1.369456069e-04,1.108741422e-04,8.445790779e-02,3.590327879e+01,3.793577388e-06,5.820051e-17,3.348571e-18,2.168404e-19,6.985314e-03
1.850000,6.249960713e-05,6.944771183e-05,2.845873534e-03,3.472383512e-05,5.973786036e-05,7.728733727e-02,3.592653255e+01,4.087692939e-06,6.663611e-16,4.184552e-17,7.112895e-18,6.965003e-03
1.860000,7.912520688e-05,1.880795005e-04,3.296299980e-03,9.403974051e-05,5.475783877e-05,7.532309843e-02,3.595185698e+01,5.527531928e-06,3.331685e-16,6.687207e-18,1.301043e-18,6.942644e-03
1.870000,1.141708082e-04,1.349075294e-04,4.348714664e-03,6.745374798e-05,8.015347576e-05,8.727944948e-02,3.591918901e+01,9.543456315e-06,1.448610e-15,7.537947e-18,3.066587e-18,6.936604e-03
1.880000,5.909377782e-05,1.499945853e-04,2.608150175e-03,7.499728640e-05,5.159771484e-05,8.162442392e-02,3.587351463e+01,3.467519005e-06,1.110368e-16,4.050914e-18,1.388456e-18,6.928553e-03
1.890000,1.397720928e-04,3.001402115e-04,4.037067377e-03,1.500701027e-04,9.098191574e-05,8.098553164e-02,3.578855221e+01,8.395346460e-06,2.904300e-17,1.175450e-17,1.084202e-18,6.936814e-03
1.900000,7.876565078e-05,1.501223414e-04,9.173673935e-04,7.506116755e-05,1.322007699e-05,8.791032302e-02,3.582585154e+01,4.672530618e-07,2.564668e-16,2.700518e-17,3.127317e-18,7.215483e-03
1.910000,5.276499401e-05,9.459963192e-05,1.633820743e-03,4.729980618e-05,4.829264846e-05,9.199301547e-02,3.578592884e+01,1.371240723e-06,6.586273e-17,9.536088e-18,1.578622e-18,6.911563e-03
1.920000,1.014639743e-04,1.689325343e-04,1.199719417e-03,8.446626126e-05,4.084785898e-05,9.547639349e-02,3.578363940e+01,7.900881147e-07,4.448042e-16,1.230540e-17,1.517883e-18,6.939053e-03
1.930000,6.459690583e-05,1.693174406e-04,2.741180721e-03,8.465871134e-05,7.136851970e-05,9.306762475e-02,3.572660630e+01,3.855120376e-06,5.556308e-16,1.445414e-17,1.852685e-18,6.943843e-03
1.940000,4.037855073e-05,6.254477295e-05,5.837004658e-03,3.127237670e-05,6.127057891e-05,8.891744843e-02,3.585435797e+01,1.707316805e-05,3.896961e-17,1.280714e-17,1.939480e-18,6.947203e-03
1.950000,5.470898748e-05,1.434291407e-04,3.268901059e-03,7.171455992e-05,4.975876203e-05,9.772918365e-02,3.569489340e+01,5.403808368e-06,3.343717e-16,8.289816e-18,2.045669e-18,6.914654e-03
1.960000,7.667281144e-05,3.595998161e-05,3.875738482e-03,1.797999227e-05,7.408563855e-05,9.252870493e-02,3.575355600e+01,7.557170087e-06,4.545903e-16,8.266653e-18,2.335443e-18,6.947484e-03
1.970000,6.791717680e-05,1.353719180e-04,2.244550985e-03,6.768596138e-05,9.386170245e-05,9.727596858e-02,3.571642521e+01,2.626135831e-06,8.969742e-16,5.769303e-18,1.939480e-18,6.904123e-03
1.980000,6.966593649e-05,9.529774326e-05,7.162328333e-03,4.764886250e-05,1.304802115e-05,1.226419745e-01,3.577299054e+01,2.566899889e-05,5.628450e-16,1.743865e-17,2.637978e-18,7.053673e-03
1.990000,6.106174146e-05,9.365014091e-05,4.188170943e-03,4.682505865e-05,5.380797979e-05,1.042916421e-01,3.562751660e+01,8.811091003e-06,2.221679e-16,7.021046e-18,1.788112e-18,6.946323e-03
2.000000,6.116334502e-05,9.184825793e-05,1.071549114e-03,4.592413224e-05,2.254257423e-05,9.236311083e-02,3.563746705e+01,5.950463005e-07,1.115760e-15,1.084256e-17,1.788112e-18,7.215943e-03
2.010000,6.799778943e-05,1.522158219e-04,2.392148100e-03,7.610790411e-05,3.043168837e-05,1.003492068e-01,3.561195956e+01,2.914934273e-06,3.431785e-16,8.867289e-18,1.578622e-18,6.904933e-03
2.020000,1.060831576e-04,1.935952830e-04,3.709165282e-03,9.679763295e-05,5.724510608e-05,9.746434810e-02,3.559632991e+01,6.980127815e-06,7.778366e-16,1.210842e-17,2.818926e-18,6.901504e-03
2.030000,3.201583709e-05,1.306471645e-04,3.959126483e-03,6.532357844e-05,8.920956887e-05,9.619212612e-02,3.561724249e+01,7.935145391e-06,2.498245e-16,1.440460e-17,2.345488e-18,6.935074e-03
2.040000,7.681894135e-05,5.084595001e-05,3.350993914e-03,2.542295593e-05,8.991651114e-05,1.057401475e-01,3.556445919e+01,5.684430551e-06,1.113075e-16,1.945354e-17,3.496447e-18,6.984433e-03
2.050000,4.267515729e-05,3.417841764e-05,4.751781700e-03,1.708918577e-05,3.224438912e-05,1.074157999e-01,3.555150698e+01,1.130036859e-05,1.301189e-16,1.714150e-17,2.045669e-18,6.907524e-03
2.060000,1.375168233e-04,2.921602168e-04,3.751372143e-03,1.460801052e-04,6.818622318e-05,1.168345569e-01,3.552798022e+01,7.244306543e-06,5.552130e-17,1.901993e-17,2.345488e-18,6.941884e-03
2.070000,6.799086426e-05,5.793840515e-05,1.340401393e-03,2.896918626e-05,4.261531381e-05,1.056188698e-01,3.549656299e+01,9.195801765e-07,3.253581e-17,7.436881e-18,1.999170e-18,6.943053e-03
2.080000,3.356820539e-05,1.067301015e-04,1.888795528e-03,5.336504776e-05,6.739164670e-05,1.159232824e-01,3.547999963e+01,1.842889973e-06,4.442867e-16,7.610951e-18,8.673617e-19,6.919923e-03
2.090000,9.509285795e-05,6.693945932e-05,1.303308075e-03,3.346971564e-05,5.533873385e-05,9.780859265e-02,3.545998044e+01,8.827667478e-07,1.241517e-16,1.399588e-17,2.424350e-18,6.963363e-03
2.100000,6.978096287e-05,1.504301324e-04,1.026836528e-03,7.521506358e-05,5.084710760e-05,1.032568666e-01,3.544200729e+01,5.931385009e-07,2.264801e-16,5.846906e-18,2.646875e-18,6.927153e-03
2.110000,7.196011450e-05,1.315992607e-04,1.022669537e-03,6.579962363e-05,3.143804778e-05,1.074202441e-01,3.542897074e+01,5.654700216e-07,1.194313e-16,9.241601e-18,1.388456e-18,6.946634e-03
2.120000,7.783601797e-05,7.200693784e-05,2.066494228e-03,3.600346469e-05,4.584257812e-05,9.720230288e-02,3.544860442e+01,2.162381528e-06,2.297939e-16,1.565396e-17,1.788112e-18,6.950384e-03
2.130000,6.264582011e-05,8.482117400e-05,1.869075447e-03,4.241057817e-05,6.162826442e-05,1.175760659e-01,3.539378766e+01,1.791495114e-06,6.696187e-16,1.265155e-17,1.563659e-18,6.956113e-03
2.140000,6.100038358e-05,1.748620455e-04,3.742091826e-03,8.743101902e-05,8.813095665e-05,1.051112372e-01,3.542130265e+01,7.124915606e-06,2.323778e-16,2.718659e-18,4.336809e-19,6.944154e-03
2.150000,6.451219094e-05,5.690224150e-05,3.035422271e-03,2.845110250e-05,4.002718735e-05,1.257637224e-01,3.538232404e+01,4.626187308e-06,1.463889e-16,1.067425e-17,8.673617e-19,6.988013e-03
2.160000,4.907577803e-05,1.613384912e-04,2.704438272e-03,8.066923886e-05,6.741453116e-05,1.324985431e-01,3.531560507e+01,3.745411144e-06,1.110481e-16,1.672310e-18,4.848700e-19,6.958003e-03
2.170000,8.294404265e-05,2.904147245e-05,1.658845770e-03,1.452074913e-05,8.586924580e-05,1.218572727e-01,3.531181124e+01,1.436559681e-06,8.893504e-16,7.990893e-18,1.693578e-18,6.934483e-03
2.180000,9.475963310e-05,2.020312624e-04,2.757795322e-03,1.010156285e-04,1.091183050e-04,1.117716776e-01,3.533866576e+01,3.979605211e-06,4.449751e-16,1.889847e-17,1.084202e-18,6.955364e-03
2.190000,2.559713627e-05,6.833957154e-05,2.333515779e-03,3.416977329e-05,3.505333310e-05,1.251028325e-01,3.530729732e+01,2.741818422e-06,3.574589e-16,7.665512e-18,6.857097e-19,6.932423e-03
2.200000,3.763130263e-05,1.004086682e-04,6.327459151e-03,5.020432967e-05,2.397291486e-05,1.390085637e-01,3.532577478e+01,2.004313106e-05,2.479966e-16,1.152266e-17,7.818293e-19,6.913864e-03
2.210000,3.572975077e-05,9.429880071e-05,3.921864688e-03,4.714937800e-05,8.152981534e-05,1.298383898e-01,3.525081546e+01,7.761472712e-06,1.110940e-15,1.299824e-17,1.454610e-18,6.954493e-03
2.220000,1.185687896e-04,1.673579472e-04,1.911276983e-03,8.367896397e-05,3.842796354e-05,1.232818782e-01,3.527756189e+01,1.894320871e-06,8.916599e-16,6.717219e-18,1.167721e-18,6.942183e-03
2.230000,9.630644366e-05,2.076643147e-04,1.453583619e-03,1.038321523e-04,1.873184315e-04,1.135847229e-01,3.523683294e+01,1.423407154e-06,2.497254e-16,1.008716e-17,1.651408e-18,6.942583e-03
2.240000,8.148526990e-05,7.884655409e-05,3.895019465e-03,3.942326509e-05,9.923148795e-05,1.345293002e-01,3.518139533e+01,7.676796974e-06,1.386482e-16,5.573230e-18,8.940560e-19,6.932504e-03
2.250000,2.537927129e-05,4.991780465e-05,2.929845083e-03,2.495888289e-05,4.203829933e-05,1.336348779e-01,3.517257850e+01,4.311117419e-06,2.515605e-17,9.727715e-19,0.000000e+00,6.929594e-03
2.260000,6.045646579e-05,1.057574872e-04,1.599761562e-03,5.287873415e-05,2.543688554e-05,1.224267421e-01,3.518918651e+01,1.307164093e-06,2.350819e-16,6.533422e-18,1.852685e-18,6.891373e-03
2.270000,9.719248143e-05,9.631297269e-05,2.522947447e-03,4.815648171e-05,5.919971264e-05,1.311053793e-01,3.516977736e+01,3.229221131e-06,2.330327e-16,1.165480e-17,1.651408e-18,6.998174e-03
2.280000,9.446703794e-05,1.164116060e-04,1.322589001e-03,5.820579606e-05,3.337192947e-05,1.467493555e-01,3.516520050e+01,9.106336356e-07,2.254116e-16,6.459894e-18,1.301043e-18,6.979364e-03
2.290000,5.336832017e-05,1.470056278e-04,1.682347758e-03,7.350280999e-05,8.326266138e-05,1.349486650e-01,3.514613747e+01,1.513829660e-06,4.444454e-16,7.814536e-18,2.818926e-18,6.836463e-03
2.300000,2.663042473e-05,6.194919370e-05,2.704632457e-03,3.097458191e-05,3.024269834e-05,1.378446511e-01,3.512142530e+01,3.672510727e-06,4.441570e-16,1.378110e-17,7.818293e-19,6.897173e-03
2.310000,6.871576751e-05,1.063822817e-04,4.108022162e-03,5.319112479e-05,4.604524484e-05,1.214517944e-01,3.510963033e+01,8.477518723e-06,6.686437e-16,7.089495e-18,1.301043e-18,6.908093e-03
2.320000,7.831862963e-05,1.199760403e-04,1.773262319e-03,5.998801656e-05,6.959573155e-05,1.458618184e-01,3.509055891e+01,1.639766650e-06,4.582914e-16,2.019827e-18,3.909147e-19,6.887684e-03
2.330000,3.041014857e-05,9.221216126e-05,2.465152297e-03,4.610606913e-05,4.948528493e-05,1.461255273e-01,3.509510831e+01,3.075084429e-06,2.711894e-16,1.515093e-17,7.893111e-19,6.884054e-03
2.340000,3.443927870e-05,5.311498789e-05,1.079126047e-03,2.655748070e-05,2.913804541e-05,1.511343310e-01,3.505425284e+01,5.946911165e-07,2.289940e-16,5.995007e-18,9.199761e-19,6.916913e-03
2.350000,4.012584524e-05,1.225263580e-04,2.388661210e-03,6.126317283e-05,5.226584077e-05,1.470550077e-01,3.502554366e+01,2.904730343e-06,2.558739e-17,9.679338e-18,6.594944e-19,6.915564e-03
2.360000,4.113798957e-05,1.151886941e-04,3.945555224e-03,5.759433597e-05,9.094535549e-05,1.524691315e-01,3.503144563e+01,7.876408334e-06,6.799719e-16,5.691716e-18,8.741117e-19,6.935294e-03
2.370000,5.877972546e-05,1.596030842e-04,3.561025913e-03,7.980153255e-05,4.670851139e-05,1.389502962e-01,3.502067209e+01,6.408852534e-06,6.688951e-16,1.049096e-17,6.942281e-19,6.963523e-03
2.380000,4.190272244e-05,1.009776526e-04,1.503146787e-03,5.048881997e-05,9.765093430e-05,1.326071466e-01,3.503734228e+01,1.226403739e-06,2.224791e-16,1.063446e-17,1.578622e-18,6.886154e-03
2.390000,1.428181090e-05,1.583305449e-04,3.156368116e-03,7.916526921e-05,9.224942677e-05,1.489220489e-01,3.505801817e+01,5.099546616e-06,2.415896e-16,1.139283e-17,1.409463e-18,6.888173e-03
2.400000,1.094759932e-04,1.377324671e-04,1.162657834e-03,6.886622605e-05,4.951292179e-05,1.492310974e-01,3.500019786e+01,7.334393121e-07,2.307775e-16,8.409620e-18,1.172744e-18,6.890394e-03
2.410000,2.874180863e-05,1.715615878e-04,2.365369327e-03,8.578078691e-05,4.557230065e-05,1.552094033e-01,3.499278628e+01,2.872967450e-06,4.528372e-16,1.313687e-17,1.409463e-18,6.879713e-03
2.420000,6.503340762e-05,2.579798546e-04,1.387459946e-03,1.289899246e-04,1.954281865e-04,1.476753570e-01,3.496508509e+01,1.401167164e-06,3.459308e-16,7.776332e-18,1.212175e-18,6.880614e-03
2.430000,6.303492783e-05,1.270703823e-04,5.979687797e-03,6.353517695e-05,1.206619516e-04,1.493251592e-01,3.497153955e+01,1.802710127e-05,6.684471e-16,8.926704e-18,1.748223e-18,6.921944e-03
2.440000,4.648765532e-05,1.275349046e-04,1.781568283e-03,6.376744214e-05,4.322614760e-05,1.490796251e-01,3.496690684e+01,1.634471065e-06,3.376549e-16,9.023750e-18,5.838607e-19,6.897943e-03
2.450000,5.102693382e-05,1.229620780e-04,2.574804451e-03,6.148103129e-05,6.156008095e-05,1.516838409e-01,3.494904840e+01,3.375365466e-06,2.361233e-16,1.319268e-18,4.848700e-19,6.938454e-03
2.460000,5.844162673e-05,2.832868061e-04,1.942405557e-03,1.416433980e-04,1.493408798e-04,1.601076032e-01,3.487844953e+01,2.225394079e-06,4.474028e-16,2.242452e-18,5.838607e-19,6.974754e-03
2.470000,5.953513334e-05,1.498115348e-04,3.487477914e-03,7.490576244e-05,1.358671549e-04,1.631359881e-01,3.488197704e+01,6.273817156e-06,2.439493e-16,4.454725e-18,8.467890e-19,6.957693e-03
2.480000,5.401959042e-05,9.969304487e-05,1.277819985e-03,4.984651551e-05,6.573834853e-05,1.439200071e-01,3.487808668e+01,8.708616021e-07,2.391026e-16,4.458344e-18,3.909147e-19,6.915483e-03
2.490000,5.854765357e-05,9.820225201e-05,1.071030829e-03,4.910111625e-05,5.027103148e-05,1.565615683e-01,3.492649629e+01,6.130582885e-07,1.390834e-16,8.126885e-18,4.848700e-19,6.988244e-03
2.500000,9.336514724e-05,1.790568570e-04,2.685363604e-03,8.952842027e-05,1.029812434e-04,1.550538380e-01,3.490351663e+01,3.754552638e-06,3.426957e-16,1.695749e-18,7.893111e-19,6.891833e-03
2.510000,9.533581910e-05,2.611854861e-04,2.146407899e-03,1.305927404e-04,1.668151345e-04,1.587630559e-01,3.484607610e+01,2.662587457e-06,5.469965e-17,4.577035e-18,3.297472e-19,6.872204e-03
2.520000,7.408160980e-05,1.063601255e-04,4.074785933e-03,5.318006213e-05,8.248845683e-05,1.533336081e-01,3.488190695e+01,8.378999914e-06,6.672682e-16,7.281827e-18,6.594944e-19,6.892523e-03
2.530000,7.623232181e-05,9.718391106e-05,3.651948729e-03,4.859194777e-05,4.741268112e-05,1.594537695e-01,3.485996938e+01,6.705237879e-06,2.117447e-16,1.326159e-17,2.168404e-19,6.934054e-03
2.540000,4.517425369e-05,3.156341720e-05,2.140634631e-03,1.578168268e-05,3.524691487e-05,1.575628187e-01,3.484434253e+01,2.303089565e-06,1.241589e-16,6.015863e-18,5.528368e-19,6.913643e-03
2.550000,2.039771001e-05,1.288134497e-04,1.722915006e-03,6.440672075e-05,5.872395253e-05,1.677261698e-01,3.484077263e+01,1.544991885e-06,2.352862e-16,3.574323e-18,2.168404e-19,6.901314e-03
2.560000,8.468187232e-05,7.428407458e-05,6.325596811e-03,3.714201858e-05,7.511787628e-05,1.762250100e-01,3.490181380e+01,2.006276530e-05,5.658098e-16,6.651188e-18,5.421011e-19,6.901333e-03
2.570000,7.536840307e-05,1.638452543e-04,2.715984098e-03,8.192262676e-05,4.138841831e-05,1.629013565e-01,3.484358843e+01,3.755679354e-06,6.688218e-16,1.061890e-17,4.336809e-19,6.905333e-03
2.580000,5.317956611e-05,1.019587888e-04,1.774540028e-03,5.097939323e-05,5.439449750e-05,1.762832196e-01,3.479112025e+01,1.618957435e-06,4.496973e-16,2.920106e-18,6.617187e-19,6.915314e-03
2.590000,3.272585149e-05,7.437300171e-05,2.108688875e-03,3.718647766e-05,4.363187395e-05,1.669245955e-01,3.475774332e+01,2.249576983e-06,4.463682e-16,8.124788e-18,3.428548e-19,6.917903e-03
2.600000,3.184116411e-05,1.347355085e-04,2.935375217e-03,6.736775242e-05,8.173190728e-05,1.651647548e-01,3.476123389e+01,4.397961982e-06,6.739910e-16,1.892654e-18,4.599880e-19,6.885073e-03
2.610000,7.155166308e-05,1.547836341e-04,1.861179855e-03,7.739181126e-05,8.899410705e-05,1.700407046e-01,3.476601701e+01,1.843270775e-06,1.551475e-16,5.779140e-18,4.336809e-19,6.916354e-03
2.620000,7.453742022e-05,2.066178613e-04,1.456485126e-03,1.033089251e-04,1.548893963e-04,1.591245014e-01,3.478856202e+01,1.337982134e-06,3.378866e-16,1.202473e-17,1.954573e-19,6.902313e-03
2.630000,6.597961283e-05,1.872030646e-04,4.131657897e-03,9.360152740e-05,6.766023093e-05,1.703785191e-01,3.471349598e+01,8.642011712e-06,1.257166e-16,7.771698e-18,6.180903e-19,6.909873e-03
2.640000,5.235140187e-05,7.619011369e-05,4.607238082e-03,3.809505146e-05,8.546855777e-05,1.601946067e-01,3.473223941e+01,1.068337023e-05,4.528805e-16,4.060442e-18,6.060874e-20,6.905893e-03
2.650000,6.623905437e-05,1.625452077e-04,1.952048758e-03,8.127260006e-05,1.061312009e-04,1.525865933e-01,3.474292088e+01,2.048199715e-06,4.449914e-16,3.031043e-18,2.710505e-19,6.943723e-03
2.660000,6.675208790e-05,1.881363373e-04,2.977948701e-03,9.406816355e-05,1.373241948e-04,1.681129547e-01,3.471963634e+01,4.655743263e-06,2.849460e-16,6.128625e-18,7.589415e-19,6.917284e-03
2.670000,8.653900156e-05,2.492601841e-04,1.674456630e-03,1.246300875e-04,1.087480540e-04,1.720785565e-01,3.473578687e+01,1.620772887e-06,7.437634e-17,4.351720e-18,6.060874e-19,6.982193e-03
2.680000,4.420167399e-05,1.302964556e-04,2.354610640e-03,6.514822005e-05,1.007933382e-04,1.681213881e-01,3.472480202e+01,2.887324335e-06,2.665195e-16,1.526652e-18,1.533293e-19,6.988193e-03
2.690000,8.618841597e-05,1.971336921e-04,5.613304043e-03,9.856684066e-05,8.778630171e-05,1.839672126e-01,3.475371170e+01,1.589396600e-05,4.444177e-16,6.176984e-18,3.066587e-19,6.969863e-03
2.700000,7.373511001e-05,1.243424429e-04,7.100156600e-03,6.217121582e-05,5.571944020e-05,1.910691092e-01,3.475757469e+01,2.526187120e-05,4.528924e-16,6.872303e-18,6.505213e-19,7.125523e-03
2.710000,5.888465230e-05,1.929304228e-04,2.906293504e-03,9.646520437e-05,1.316081445e-04,1.636684583e-01,3.467837861e+01,4.436280880e-06,5.595737e-16,1.411258e-18,2.764184e-19,6.996753e-03
2.720000,4.213412938e-05,9.679110248e-05,2.623644283e-03,4.839554487e-05,3.998639480e-05,1.856289020e-01,3.468871317e+01,3.473282986e-06,3.027403e-17,1.637295e-18,1.533293e-19,7.005934e-03
2.730000,4.217108860e-05,8.538210891e-05,2.585051547e-03,4.269105137e-05,7.450873580e-05,1.744144673e-01,3.472446733e+01,3.400238370e-06,8.887092e-16,3.849884e-18,3.833234e-19,6.964063e-03
2.740000,2.972886373e-05,1.004945668e-04,2.629122111e-03,5.024726733e-05,4.494237207e-05,1.762877121e-01,3.468572727e+01,3.492498376e-06,5.574090e-16,3.369031e-18,1.212175e-19,6.931024e-03
2.750000,8.667823910e-05,2.279609953e-04,2.192960012e-03,1.139804948e-04,1.194803015e-04,1.917791475e-01,3.461898069e+01,2.622673571e-06,2.447892e-16,2.508606e-18,3.198511e-19,6.931934e-03
2.760000,6.621924411e-05,1.660102784e-04,5.324395209e-03,8.300513629e-05,6.094099221e-05,1.775972681e-01,3.461510311e+01,1.425942143e-05,2.289786e-16,1.009328e-18,1.092640e-19,6.916883e-03
2.770000,1.961676581e-05,9.406349949e-05,4.277385923e-03,4.703174330e-05,6.412949688e-05,1.799112482e-01,3.461183564e+01,9.198611785e-06,4.441240e-16,3.000661e-18,1.058486e-19,6.932413e-03
2.780000,2.476134118e-05,7.496044801e-05,2.303203440e-03,3.748021425e-05,3.257956121e-05,1.747171022e-01,3.470748924e+01,2.672102597e-06,2.401971e-16,3.286341e-18,1.212175e-19,7.099843e-03
2.790000,5.855267617e-05,1.241009678e-04,2.291738686e-03,6.205047694e-05,1.018800831e-04,1.748277197e-01,3.466121957e+01,2.739871607e-06,1.952924e-17,1.541584e-18,2.710505e-20,6.884484e-03
2.800000,4.237617251e-05,1.733854551e-04,3.069714650e-03,8.669271938e-05,9.497213981e-05,1.602106450e-01,3.464445794e+01,4.843856697e-06,6.669055e-16,2.014315e-18,2.710505e-20,6.887143e-03
2.810000,4.472802054e-05,1.525701246e-04,3.289703513e-03,7.628505468e-05,9.923865340e-05,1.716098260e-01,3.471148323e+01,5.536416362e-06,4.440919e-16,2.858045e-18,1.362012e-19,6.921803e-03
2.820000,5.198459343e-05,2.478976042e-04,1.872408746e-03,1.239487975e-04,1.531195871e-04,1.905122877e-01,3.462435232e+01,2.063428554e-06,5.709745e-16,2.844202e-18,1.626303e-19,6.932523e-03
2.830000,5.676320853e-05,1.738248218e-04,2.986271983e-03,8.691240369e-05,1.219645204e-04,1.605885829e-01,3.462421784e+01,4.638343059e-06,2.225273e-16,1.902345e-18,7.329650e-20,6.914103e-03
2.840000,8.616695152e-05,2.576989069e-04,4.508144867e-03,1.288494503e-04,1.460963905e-04,1.684593723e-01,3.464755081e+01,1.046525576e-05,5.253241e-17,1.803022e-18,1.355253e-20,6.926823e-03
2.850000,9.428481585e-05,2.704849489e-04,6.798763800e-03,1.352424713e-04,9.411741328e-05,1.883116613e-01,3.454132778e+01,2.332878351e-05,1.190716e-16,1.266046e-18,1.515219e-20,6.933573e-03
2.860000,3.584058633e-05,1.554454140e-04,3.150061465e-03,7.772269866e-05,8.541420144e-05,1.696844029e-01,3.461850813e+01,5.068134847e-06,2.635330e-16,2.059989e-18,1.916617e-20,6.941393e-03
2.870000,5.492790422e-05,7.443034404e-05,1.076798362e-03,3.721515756e-05,5.535978066e-05,1.772454145e-01,3.461726398e+01,6.153447428e-07,3.500285e-16,8.786361e-19,4.545656e-20,6.892653e-03
2.880000,1.154722289e-04,3.117183911e-04,1.969319672e-03,1.558591940e-04,1.625025646e-04,1.858822520e-01,3.461942396e+01,2.344703359e-06,4.701062e-16,2.847076e-18,7.074627e-20,6.889444e-03
2.890000,6.506648169e-05,2.608917807e-04,1.560165090e-03,1.304458870e-04,1.515306975e-04,1.836140330e-01,3.461912424e+01,1.536879008e-06,6.177041e-17,2.871947e-18,3.388132e-21,6.913543e-03
2.900000,2.124694717e-05,2.975654066e-05,1.816285573e-03,1.487823127e-05,1.929788863e-05,1.762691175e-01,3.462086569e+01,1.654196804e-06,3.393420e-16,1.629004e-18,3.806940e-20,6.930783e-03
2.910000,6.194941397e-05,2.419551758e-04,3.453030887e-03,1.209775792e-04,1.072668630e-04,1.775187824e-01,3.464233360e+01,6.170845189e-06,1.003491e-15,5.438728e-19,3.951207e-20,6.947083e-03
2.920000,1.332995657e-04,1.795033512e-04,2.517256334e-03,8.975167172e-05,5.732486357e-05,1.722555707e-01,3.464530591e+01,3.259021745e-06,6.506411e-17,1.926565e-18,9.583084e-21,6.895174e-03
2.930000,6.642873916e-05,1.183115152e-04,1.995702796e-03,5.915574504e-05,1.129402881e-04,1.860916177e-01,3.465358129e+01,2.121454113e-06,4.649701e-16,1.845462e-18,2.731599e-20,6.879833e-03
2.940000,2.273745174e-05,1.682844654e-04,4.097279964e-03,8.414222345e-05,8.543389662e-05,1.730358417e-01,3.460106211e+01,8.508882466e-06,3.353678e-16,4.861444e-19,1.259205e-20,6.821923e-03
2.950000,6.574847649e-05,1.517593866e-04,4.196253255e-03,7.587968745e-05,4.356704700e-05,1.702364411e-01,3.457019133e+01,8.865517205e-06,2.243795e-16,4.150470e-19,7.809258e-21,6.870864e-03
2.960000,5.353844911e-05,1.836014201e-04,3.144312144e-03,9.180070777e-05,1.147421773e-04,1.794244594e-01,3.463713358e+01,5.116094528e-06,2.435449e-16,7.377897e-19,3.788046e-21,6.844573e-03
2.970000,7.924201027e-05,2.148917696e-04,1.866757268e-03,1.074458807e-04,8.994521125e-05,1.793470018e-01,3.458584002e+01,1.899469415e-06,2.559056e-17,4.279795e-19,1.908763e-21,6.906383e-03
2.980000,6.348605343e-05,1.776940025e-04,3.097714560e-03,8.884699621e-05,7.830725461e-05,1.827739100e-01,3.458265562e+01,4.910124267e-06,3.628102e-16,3.131733e-19,2.117582e-21,6.897333e-03
2.990000,7.414026783e-05,1.967595775e-04,3.914984477e-03,9.837978296e-05,1.104623861e-04,1.852425933e-01,3.466760182e+01,7.838595891e-06,2.226192e-16,6.422126e-20,1.694066e-21,6.892714e-03
3.000000,3.134593922e-05,1.493385603e-04,2.208062977e-03,7.466927538e-05,9.309153191e-05,1.738152331e-02,3.471439189e+01,2.551703326e-06,1.505008e-17,3.296401e-19,4.735058e-22,6.899133e-03
3.010000,4.748716471e-05,1.754721693e-04,2.841199535e-03,8.773607957e-05,8.427987094e-05,2.268100434e-02,3.473180004e+01,4.154613128e-06,2.220569e-16,4.544270e-19,8.536247e-22,6.894364e-03
3.020000,3.472841506e-05,1.061848173e-04,4.328896089e-03,5.309240496e-05,8.385845238e-06,2.609908211e-02,3.473739050e+01,9.392783681e-06,2.262784e-16,4.596892e-20,2.678553e-21,6.900934e-03
3.030000,9.481580595e-05,1.929825748e-04,2.914148525e-03,9.649128295e-05,6.829570204e-05,1.996737372e-02,3.469194014e+01,4.357929778e-06,1.143433e-16,5.692884e-19,1.746203e-21,6.863054e-03
3.040000,1.736269220e-05,9.170973135e-05,2.292305790e-03,4.585485949e-05,4.654059451e-05,1.853395814e-02,3.475175775e+01,2.661482478e-06,2.417199e-16,2.563391e-19,1.541623e-21,6.903334e-03
3.050000,9.225328506e-05,2.772152518e-04,3.398131011e-03,1.386076238e-04,1.457363613e-04,2.470344331e-02,3.475112609e+01,6.097256468e-06,2.640918e-16,5.392248e-19,8.470329e-22,6.920664e-03
3.060000,1.030880485e-04,1.795966285e-04,2.836142777e-03,8.979831182e-05,6.880118157e-05,2.187395974e-02,3.473745889e+01,4.124231641e-06,2.277373e-16,2.182071e-19,3.388132e-21,6.942073e-03
3.070000,4.009216065e-05,1.675168394e-04,2.710096213e-03,8.375841339e-05,9.881765332e-05,2.137981463e-02,3.472576621e+01,3.806553945e-06,3.522469e-16,5.499445e-19,4.235165e-22,6.933873e-03
3.080000,4.673181295e-05,1.520201976e-04,3.571442729e-03,7.601009424e-05,7.690887110e-05,1.984784771e-02,3.472811791e+01,6.471141655e-06,1.235245e-16,1.958434e-19,2.576150e-21,6.914454e-03
3.090000,6.138157256e-05,2.329430868e-04,3.425747885e-03,1.164715404e-04,6.085553985e-05,2.367245973e-02,3.470896282e+01,6.006026416e-06,7.106608e-18,2.188846e-19,8.470329e-22,6.965004e-03
3.100000,7.854522434e-05,1.979739879e-04,2.088900716e-03,9.898699000e-05,1.016313177e-04,2.337571693e-02,3.477657551e+01,2.342771891e-06,1.790611e-16,2.863020e-19,8.617936e-22,6.941353e-03
3.110000,3.424255464e-05,8.002313147e-05,3.570189991e-03,4.001155780e-05,2.494719435e-05,1.970829291e-02,3.471935418e+01,6.390914585e-06,1.816632e-16,3.418876e-19,1.707249e-21,6.964833e-03
3.120000,9.700620716e-05,1.887899241e-04,1.026499170e-03,9.439495724e-05,8.079484203e-05,1.711853353e-02,3.476955256e+01,6.503559888e-07,2.550594e-16,1.546285e-19,4.268124e-22,6.972774e-03
3.130000,8.913698151e-05,1.250716731e-04,2.497099904e-03,6.253582716e-05,4.793233283e-05,1.694940398e-02,3.473272774e+01,3.167419871e-06,4.472152e-16,8.348035e-20,2.144307e-21,6.925503e-03
3.140000,7.742840882e-05,1.988853670e-04,1.537940558e-03,9.944267978e-05,8.847746499e-05,1.493471271e-02,3.473120948e+01,1.324367448e-06,1.205514e-16,1.612323e-19,2.994714e-22,6.848223e-03
3.150000,4.370638354e-05,1.711091043e-04,2.749708901e-03,8.555455175e-05,9.859508889e-05,1.809143136e-02,3.476130197e+01,3.916774103e-06,6.767084e-16,5.325227e-19,2.619305e-21,6.898364e-03
3.160000,6.289268458e-05,9.172674574e-05,3.792880057e-03,4.586336087e-05,4.510163523e-05,2.420509263e-02,3.470966504e+01,7.226070406e-06,4.441425e-16,4.248186e-19,1.058791e-21,6.895243e-03
3.170000,6.957938000e-05,1.640312190e-04,2.410634236e-03,8.201560380e-05,8.031231600e-05,1.578330017e-02,3.472737877e+01,3.010991728e-06,2.274977e-16,1.811237e-19,1.918283e-21,6.917503e-03
3.180000,7.152300499e-05,1.001173037e-04,1.392214052e-03,5.005864332e-05,6.896630413e-05,1.005772516e-02,3.475876539e+01,1.027227734e-06,2.304563e-16,6.993352e-20,6.358259e-22,6.939193e-03
3.190000,2.677807427e-05,7.801879733e-05,3.977406643e-03,3.900938434e-05,3.519472735e-05,2.902088720e-02,3.474649885e+01,7.931965008e-06,5.571215e-16,6.903018e-19,3.414499e-21,6.891903e-03
3.200000,7.414203892e-05,2.351366258e-04,3.234910005e-03,1.175683096e-04,6.540021499e-05,1.756106347e-02,3.475728438e+01,5.377117334e-06,2.283519e-16,1.442769e-19,1.527010e-21,6.936494e-03
3.210000,9.891344994e-05,2.297686386e-04,3.311181631e-03,1.148843165e-04,7.305119812e-05,2.260529550e-02,3.474170807e+01,5.630240965e-06,1.515881e-16,1.416417e-19,2.576150e-21,6.913653e-03
3.220000,9.568960684e-05,1.757525453e-04,2.943599314e-03,8.787626439e-05,5.688701082e-05,1.668350298e-02,3.474468194e+01,4.420055418e-06,7.843945e-16,1.591610e-19,1.527010e-21,6.895013e-03
3.230000,7.211584993e-05,8.447548057e-05,2.062390482e-03,4.223773210e-05,3.755259301e-05,1.347397804e-02,3.476364052e+01,2.152281035e-06,1.342833e-16,1.839050e-19,2.497154e-22,6.898524e-03
3.240000,6.173243966e-05,1.620322669e-04,1.307180958e-03,8.101612760e-05,1.347783056e-04,1.203183594e-02,3.475261921e+01,1.052191465e-06,3.337966e-16,1.529006e-19,3.817526e-22,6.926114e-03
3.250000,7.017715893e-05,1.807519158e-04,2.125099513e-03,9.037595206e-05,6.321397450e-05,2.062192940e-02,3.479311380e+01,2.355334525e-06,3.331551e-16,8.260618e-20,7.635052e-22,6.910094e-03
3.260000,4.892499940e-05,7.115600771e-05,3.971827786e-03,3.557798878e-05,2.632476508e-05,2.590044066e-02,3.471285687e+01,7.903378274e-06,4.445083e-16,2.584417e-19,4.235165e-22,6.947153e-03
3.270000,5.497484461e-05,1.769861595e-04,3.216674951e-03,8.849308030e-05,8.994113895e-05,1.856190577e-02,3.472683277e+01,5.300862341e-06,6.663313e-16,6.304766e-19,1.746203e-21,6.937484e-03
3.280000,7.839855318e-05,1.311198178e-04,3.446212038e-03,6.555990665e-05,7.502794335e-05,1.693471414e-02,3.471968417e+01,6.017607053e-06,4.517866e-16,2.500529e-19,1.752811e-21,6.899493e-03
3.290000,9.404217667e-05,1.469886161e-04,1.549102748e-03,7.349430060e-05,8.537389102e-05,1.040007838e-02,3.473453028e+01,1.301380570e-06,4.615808e-16,1.056476e-19,1.105410e-21,6.954893e-03
3.300000,9.093106102e-05,1.955995645e-04,2.719775339e-03,9.779977947e-05,7.745242148e-05,2.380397770e-02,3.472958133e+01,3.823098342e-06,2.330982e-16,5.371171e-19,1.653885e-21,6.974313e-03
3.310000,1.034591074e-04,1.511718390e-04,1.325835763e-03,7.558591087e-05,7.403321239e-05,1.087125014e-02,3.473745973e+01,9.684734069e-07,6.664937e-16,2.047330e-19,1.183765e-22,6.961983e-03
3.320000,3.742377887e-05,4.192281155e-05,1.296400080e-03,2.096137930e-05,1.473828702e-05,1.199091067e-02,3.474744121e+01,8.455793564e-07,4.474623e-16,6.889794e-20,3.179130e-22,6.947204e-03
3.330000,7.447689722e-05,1.419209560e-04,3.945868070e-03,7.096047478e-05,5.094574178e-05,2.721707071e-02,3.476069190e+01,7.845984275e-06,2.266205e-16,5.433694e-19,1.270549e-21,6.930303e-03
3.340000,5.508292018e-05,1.855722677e-04,4.362014105e-03,9.278612793e-05,9.486274138e-05,1.993153382e-02,3.472482729e+01,9.654449167e-06,4.514516e-16,1.627351e-19,5.115452e-21,6.985593e-03
3.350000,8.654495384e-05,1.440906167e-04,3.499069497e-03,7.204529798e-05,4.635450419e-05,1.823960877e-02,3.477762190e+01,6.180457791e-06,8.937796e-16,2.207834e-19,3.746386e-21,6.922063e-03
3.360000,4.229097992e-05,1.528020813e-04,4.956358130e-03,7.640103839e-05,9.125827235e-05,3.009617273e-02,3.472939704e+01,1.239606448e-05,4.474872e-16,9.376264e-19,2.711829e-21,6.930313e-03
3.370000,9.369101054e-05,1.941865654e-04,4.570527251e-03,9.709328003e-05,7.261448343e-05,2.301734522e-02,3.480008719e+01,1.056245942e-05,2.487570e-16,3.252652e-19,6.779571e-21,6.962993e-03
3.380000,5.133250036e-05,1.082910803e-04,4.146104749e-03,5.414552620e-05,9.574714575e-05,2.422571702e-02,3.470067534e+01,8.691886324e-06,8.908716e-16,4.393322e-20,3.788046e-21,6.966693e-03
3.390000,8.182209914e-05,2.472924667e-04,2.630555011e-03,1.236462291e-04,1.754061993e-04,2.464427322e-02,3.470316715e+01,3.828355630e-06,2.311371e-16,1.662929e-19,9.470116e-22,6.930063e-03
3.400000,6.428323975e-05,1.495648753e-04,4.140191426e-03,7.478243655e-05,5.980130280e-05,1.940304305e-02,3.472595074e+01,8.643941389e-06,4.734248e-16,6.610969e-20,3.746386e-21,6.974523e-03
3.410000,6.869746590e-05,2.059326094e-04,1.951254663e-03,1.029663016e-04,1.262161177e-04,1.966191968e-02,3.472006357e+01,2.115957921e-06,2.749036e-17,2.129444e-19,1.527010e-21,6.949673e-03
3.420000,5.653774563e-05,1.242013672e-04,1.905099304e-03,6.210067517e-05,5.155480077e-05,1.390873790e-02,3.473995359e+01,1.866816811e-06,3.546832e-16,1.826207e-19,4.365508e-22,6.945674e-03
3.430000,8.383538954e-05,1.483804359e-04,2.711069161e-03,7.419021098e-05,3.051087939e-05,1.583815984e-02,3.475280615e+01,3.726428807e-06,4.634698e-16,1.553125e-19,4.365508e-22,6.935513e-03
3.440000,1.026981806e-04,2.085950961e-04,2.327433507e-03,1.042975446e-04,4.771558651e-05,1.642786766e-02,3.475141483e+01,2.813711404e-06,1.500033e-16,3.418550e-19,6.440375e-22,6.946443e-03
3.450000,9.252620908e-05,2.026570918e-04,3.816234706e-03,1.013285426e-04,9.205243860e-05,1.792588992e-02,3.471127702e+01,7.431752667e-06,3.317516e-17,2.371439e-19,1.849099e-21,6.938424e-03
3.460000,1.561364249e-05,1.236305441e-04,1.695330067e-03,6.181527112e-05,6.082217643e-05,1.805086607e-02,3.472508822e+01,1.497235738e-06,6.667824e-16,2.578525e-19,6.882143e-22,6.940183e-03
3.470000,6.081545868e-05,1.772036817e-04,3.238288009e-03,8.860183452e-05,6.822590363e-05,1.945938761e-02,3.471472016e+01,5.343295086e-06,4.446337e-16,3.254149e-19,2.619305e-21,6.897223e-03
3.480000,7.445989515e-05,2.891786774e-05,1.219873355e-03,1.445889211e-05,8.227679064e-05,2.107143180e-02,3.473025352e+01,7.998737396e-07,5.677193e-16,6.674703e-20,2.813776e-22,6.944394e-03
3.490000,6.455484936e-05,2.217240532e-04,3.797055601e-04,1.108620217e-04,9.474394920e-05,1.693749369e-02,3.476077396e+01,2.422225863e-07,4.448081e-16,8.894156e-20,8.837201e-22,6.967983e-03
3.500000,3.364420488e-05,8.509185163e-05,2.811445820e-03,4.254592235e-05,2.362439278e-05,1.513256435e-02,3.472514366e+01,3.971059940e-06,4.451455e-16,4.465481e-19,3.447174e-21,6.927873e-03
3.510000,9.029198046e-05,1.690245224e-04,4.941886537e-03,8.451225579e-05,2.554642523e-05,2.625780953e-02,3.471124488e+01,1.227348080e-05,2.343920e-16,1.998830e-19,5.152300e-21,6.938913e-03
3.520000,4.873517448e-05,1.060268165e-04,2.678852166e-03,5.301339494e-05,4.065754981e-05,1.585874544e-02,3.473409972e+01,3.623832115e-06,7.774998e-16,2.606976e-19,1.376429e-21,6.940093e-03
3.530000,4.892723193e-05,1.199684409e-04,1.867687377e-03,5.998420736e-05,2.885593048e-05,2.276951814e-02,3.472524177e+01,1.779574228e-06,8.966923e-16,1.744100e-19,4.735058e-22,6.969413e-03
3.540000,5.294189568e-05,1.103988286e-04,2.015937703e-03,5.519940851e-05,1.844388459e-05,1.856888334e-02,3.475536116e+01,2.059099624e-06,3.149099e-17,1.420066e-19,1.140353e-21,7.002682e-03
3.550000,1.027369286e-04,2.388358508e-04,1.604210262e-03,1.194179199e-04,1.280147009e-04,1.679558384e-02,3.470995469e+01,1.531932509e-06,6.709996e-16,1.739190e-19,2.117582e-22,6.983602e-03
3.560000,2.301823905e-05,1.339806286e-04,2.394549016e-03,6.699031282e-05,5.614186637e-05,1.625456949e-02,3.475487628e+01,2.928049384e-06,4.651008e-16,1.084492e-19,1.288075e-21,6.983793e-03
3.570000,1.079837006e-04,1.697825229e-04,3.185485856e-03,8.489125713e-05,1.011844895e-04,2.476219494e-02,3.480014378e+01,5.213218680e-06,6.386628e-17,1.112892e-19,1.707249e-21,6.951023e-03
3.580000,4.376937211e-05,7.809534671e-05,2.668797286e-03,3.904766982e-05,3.161489905e-05,1.765205952e-02,3.474664487e+01,3.581433256e-06,4.513211e-16,3.335645e-19,1.297829e-21,6.915093e-03
3.590000,3.206782633e-05,1.145829264e-04,4.121108488e-03,5.729145937e-05,7.060589884e-05,2.030680756e-02,3.475034341e+01,8.557907617e-06,2.252211e-16,6.518452e-19,1.707249e-21,6.909633e-03
3.600000,1.124144366e-04,1.217605202e-04,3.483623306e-03,6.088024886e-05,4.198914018e-05,3.562335571e-02,3.478853888e+01,6.111571611e-06,6.694180e-16,4.893571e-19,3.054021e-21,6.935303e-03
3.610000,7.926436833e-05,2.494420933e-04,6.960064685e-03,1.247210429e-04,1.084393273e-04,3.178441987e-02,3.470922590e+01,2.443976562e-05,1.869773e-16,2.646968e-19,3.887364e-21,6.952503e-03
3.620000,3.064466767e-05,5.631512953e-05,2.002200946e-03,2.815755575e-05,6.032497973e-05,1.478443656e-02,3.475317934e+01,2.039859923e-06,2.404502e-16,4.494816e-19,1.323489e-21,6.961793e-03
3.630000,9.317607643e-05,2.119985685e-04,5.596592734e-03,1.059992780e-04,7.127381882e-05,3.396232689e-02,3.474201458e+01,1.579145155e-05,6.687882e-16,1.685846e-19,1.071421e-20,7.009093e-03
3.640000,7.045495938e-05,6.624993927e-05,3.365391951e-03,3.312494975e-05,4.318528664e-05,1.837156933e-02,3.478795295e+01,5.686629343e-06,6.900213e-16,2.644649e-19,2.996585e-21,6.995193e-03
3.650000,7.398629024e-05,8.878215382e-05,3.260206191e-03,4.439106701e-05,7.714240079e-05,1.859455314e-02,3.475010740e+01,5.377844340e-06,2.299717e-16,8.254035e-20,1.894023e-21,6.990393e-03
3.660000,1.932629222e-05,5.814461357e-05,1.888648541e-03,2.907229847e-05,2.511544517e-05,1.783525781e-02,3.476301523e+01,1.795304529e-06,2.426888e-16,1.404126e-19,5.918823e-22,7.014523e-03
3.670000,3.939385690e-05,1.414288261e-04,2.555459177e-03,7.071440620e-05,5.077439012e-05,2.327294072e-02,3.473700392e+01,3.325814331e-06,3.389318e-16,2.302937e-19,1.746203e-21,6.979703e-03
3.680000,2.372181661e-05,5.744384305e-05,2.180129352e-03,2.872190441e-05,9.319831679e-06,1.922132154e-02,3.475344409e+01,2.383776451e-06,3.386273e-16,1.218581e-19,1.723587e-21,6.948173e-03
3.690000,4.299726917e-05,1.086801050e-04,7.229771876e-04,5.434004163e-05,2.342719811e-05,1.143041791e-02,3.476525620e+01,2.893613968e-07,5.551861e-16,2.441551e-19,7.945344e-22,6.959483e-03
3.700000,6.082430408e-05,9.780314916e-05,3.468340706e-03,4.890155979e-05,4.270455521e-06,1.894629745e-02,3.475153125e+01,6.033970420e-06,7.771583e-16,1.959104e-19,1.774857e-21,6.933493e-03
3.710000,3.017538037e-05,9.372682090e-05,1.889218011e-03,4.686340822e-05,3.483648291e-05,1.623861403e-02,3.475461443e+01,1.811850424e-06,4.678038e-16,3.101734e-19,1.701494e-21,6.959983e-03
3.720000,6.170106866e-05,1.227576652e-04,3.901805281e-03,6.137882675e-05,7.318817909e-05,1.919990846e-02,3.479485936e+01,7.685033183e-06,1.791001e-17,5.564117e-19,1.197885e-21,6.928263e-03
3.730000,2.066541038e-05,1.278554226e-04,2.276712712e-03,6.392770724e-05,8.260667407e-05,1.349729818e-02,3.472324726e+01,2.678995301e-06,2.221844e-16,1.233989e-19,8.470329e-22,6.957413e-03
3.740000,6.673299967e-05,3.471150578e-05,2.740305177e-03,1.735572574e-05,6.582734209e-05,2.719237194e-02,3.481445223e+01,3.791711914e-06,3.409089e-16,2.116255e-19,1.140353e-21,6.988233e-03
3.750000,5.569703488e-05,1.591066168e-04,2.085926722e-03,7.955330171e-05,4.426425824e-05,1.834260446e-02,3.472026645e+01,2.241849564e-06,4.519283e-16,7.496364e-20,1.105410e-21,6.976783e-03
3.760000,5.301628277e-05,1.389431031e-04,2.190253431e-03,6.947154525e-05,1.034251292e-04,2.218365036e-02,3.473482858e+01,2.522789470e-06,2.240719e-16,8.967048e-20,7.635052e-22,6.950683e-03
3.770000,6.294493310e-05,1.038487486e-04,3.665928607e-03,5.192437238e-05,1.422800731e-05,1.653835212e-02,3.478786997e+01,6.742704887e-06,4.639873e-16,2.334070e-19,2.543304e-21,6.960273e-03
3.780000,4.994539521e-05,9.393804059e-05,1.927341566e-03,4.696900946e-05,3.984455122e-05,1.090930980e-02,3.473023438e+01,1.887672164e-06,4.478404e-16,3.555058e-19,2.331746e-21,6.968593e-03
3.790000,2.366638398e-05,1.042760987e-04,1.385334162e-03,5.213803306e-05,5.783173699e-05,1.728603658e-02,3.474238335e+01,1.008078444e-06,1.006353e-15,1.075608e-19,3.348192e-22,6.950433e-03
3.800000,2.316421486e-05,1.018947112e-04,1.286759434e-03,5.094734711e-05,4.428539557e-05,2.242150139e-02,3.470524789e+01,8.643295474e-07,1.113508e-16,4.946749e-20,6.548262e-22,6.994402e-03
3.810000,3.626642764e-05,1.299680100e-04,3.168486237e-03,6.498400003e-05,4.470321450e-05,1.550442482e-02,3.471551447e+01,5.069422899e-06,2.795378e-17,1.778331e-19,8.470329e-22,6.978452e-03
3.820000,4.677037996e-05,7.814745747e-05,1.772890740e-03,3.907372508e-05,7.089196657e-05,1.792671481e-02,3.474453203e+01,1.623990203e-06,4.505078e-16,3.467942e-19,2.367529e-22,6.983783e-03
3.830000,7.453887566e-05,1.266793944e-04,2.572259187e-03,6.333968742e-05,2.921427682e-05,1.555719472e-02,3.471529116e+01,3.347181782e-06,5.578802e-16,1.922057e-19,1.197885e-21,6.980583e-03
3.840000,6.498603339e-05,1.729360540e-04,2.255105701e-03,8.646802159e-05,8.444799359e-05,2.863892799e-02,3.473072578e+01,2.659616320e-06,3.806840e-16,1.856193e-20,2.159519e-21,6.949233e-03
3.850000,7.148023499e-05,2.084024199e-04,1.835471477e-03,1.042012088e-04,4.739638417e-05,1.584772913e-02,3.476352032e+01,1.789312245e-06,4.646005e-16,3.029347e-19,8.536247e-22,6.992824e-03
3.860000,4.161750088e-05,4.370386358e-05,1.339543067e-03,2.185192046e-05,3.499778297e-05,1.397809467e-02,3.476568852e+01,9.108066235e-07,2.221587e-16,1.217473e-19,4.622748e-22,6.998393e-03
3.870000,7.753794828e-05,2.071283598e-04,3.863603914e-03,1.035641760e-04,9.482652558e-05,2.044919498e-02,3.478172276e+01,7.621458469e-06,1.113320e-16,4.261351e-19,1.707249e-21,6.935673e-03
3.880000,4.891215975e-05,1.213559936e-04,2.349797534e-03,6.067799450e-05,4.362825013e-05,2.143552223e-02,3.475690786e+01,2.805456172e-06,4.576554e-16,3.154661e-19,6.352747e-22,6.919243e-03
3.890000,4.544026018e-05,8.370209193e-05,3.706264362e-03,4.185103251e-05,4.517515699e-05,2.382727312e-02,3.474812552e+01,6.898536189e-06,4.511195e-16,1.205698e-19,2.117582e-21,6.927903e-03
3.900000,3.799451005e-05,1.237535041e-04,1.934954765e-03,6.187674986e-05,6.219360308e-05,1.579796019e-02,3.474082817e+01,1.933599182e-06,4.441517e-16,1.439172e-19,2.367529e-22,6.899703e-03
3.910000,5.485842188e-05,1.878665693e-04,5.331067981e-03,9.393327773e-05,7.381202110e-05,3.202917183e-02,3.475591368e+01,1.432431631e-05,6.734922e-16,3.432530e-19,8.470991e-21,6.904203e-03
3.920000,7.634598667e-05,1.570850164e-04,1.933620391e-03,7.854249979e-05,7.786360900e-05,1.663812465e-02,3.476871160e+01,1.967297236e-06,6.668318e-16,2.796548e-19,2.128144e-21,6.903093e-03
3.930000,5.836453692e-05,4.822066415e-05,3.219132688e-03,2.411030628e-05,7.984041710e-05,1.923199702e-02,3.472323958e+01,5.237054023e-06,6.669998e-16,9.157306e-20,2.543304e-21,6.938953e-03
3.940000,7.779775160e-05,1.996432820e-04,2.142523715e-03,9.982163634e-05,5.685429825e-05,2.028385666e-02,3.476208919e+01,2.400778097e-06,2.306947e-16,2.822331e-19,2.560874e-21,6.930023e-03
3.950000,4.279132290e-05,8.858680550e-05,2.035063578e-03,4.429339365e-05,1.798234826e-05,2.074445546e-02,3.480606046e+01,2.089024039e-06,2.381198e-16,2.425593e-19,1.707249e-21,6.923023e-03
3.960000,7.231103357e-05,1.163528850e-04,2.479256138e-03,5.817643649e-05,2.903707395e-05,2.217327083e-02,3.470658297e+01,3.107176695e-06,1.350319e-16,4.142425e-19,8.798962e-22,6.924723e-03
3.970000,9.710728117e-05,2.811657838e-04,1.410937158e-03,1.405828899e-04,1.193326570e-04,1.516087477e-02,3.471787827e+01,1.267402487e-06,2.220936e-16,1.787331e-19,2.117582e-22,6.956583e-03
3.980000,9.911356595e-05,1.870431054e-04,1.959941318e-03,9.352154553e-05,8.316961221e-05,1.217561663e-02,3.474175361e+01,2.045992696e-06,6.696509e-16,2.009852e-19,2.646978e-22,6.966433e-03
3.990000,7.517764489e-05,1.539808419e-04,2.787204330e-03,7.699042185e-05,1.013088646e-04,2.337536338e-02,3.474970665e+01,4.013782076e-06,8.901135e-16,3.915133e-19,3.698199e-21,6.939343e-03
4.000000,2.802460897e-05,8.106982192e-05,1.511222630e-03,4.053490386e-05,6.374142681e-05,1.301700754e-02,3.475827244e+01,1.187545303e-06,2.226468e-16,4.675535e-19,7.416264e-22,6.972853e-03
4.010000,5.435147708e-05,5.255284440e-05,2.394416862e-03,2.627641201e-05,4.463206858e-05,1.220343839e-02,3.474708487e+01,2.888075825e-06,1.177191e-16,2.286636e-19,8.470329e-22,6.983953e-03
4.020000,8.255377356e-05,7.113392340e-05,2.125979892e-03,3.556696051e-05,4.793901592e-05,2.608605113e-02,3.468919208e+01,2.288400514e-06,6.733473e-16,1.204657e-19,1.997723e-21,6.960623e-03
4.030000,1.010560288e-04,1.631927716e-04,5.734317925e-03,8.159638094e-05,2.721732728e-05,2.781030788e-02,3.478118885e+01,1.650039105e-05,1.155997e-16,4.109222e-19,3.788046e-21,6.935652e-03
4.040000,3.452958216e-05,6.768789120e-05,2.569860891e-03,3.384392692e-05,2.058030069e-05,2.135589944e-02,3.476077577e+01,3.314644180e-06,5.566312e-16,2.339950e-19,1.694273e-21,6.975463e-03
4.050000,9.309153802e-05,2.103757147e-04,1.539198246e-03,1.051878543e-04,8.720403763e-05,1.158690843e-02,3.476635979e+01,1.333917851e-06,1.374504e-16,1.060786e-19,4.859206e-22,6.956893e-03
4.060000,4.799599552e-05,6.158633156e-05,1.535641645e-03,3.079315668e-05,6.889196967e-05,1.075567789e-02,3.474682204e+01,1.224652206e-06,2.299195e-16,1.460285e-19,4.268124e-22,6.974063e-03
4.070000,6.102456003e-05,7.628064371e-05,1.552084319e-03,3.814030853e-05,5.189531400e-05,1.376268218e-02,3.472802129e+01,1.237665321e-06,3.344633e-16,3.674005e-20,2.182754e-22,6.942453e-03
4.080000,4.335634304e-05,8.710782953e-05,3.676820307e-03,4.355390935e-05,2.878768609e-05,2.082351943e-02,3.475835358e+01,6.781309177e-06,2.439467e-16,3.932100e-19,1.376429e-21,6.935423e-03
4.090000,5.954983500e-05,1.527952194e-04,2.390973116e-03,7.639760330e-05,7.175294734e-05,1.540326568e-02,3.473968886e+01,2.946256856e-06,3.359807e-16,1.304237e-19,4.365508e-22,6.934243e-03
4.100000,4.932928425e-05,7.072969545e-05,3.146518182e-03,3.536483820e-05,8.291809625e-05,1.403729475e-02,3.476776390e+01,5.015296994e-06,1.044459e-16,2.244713e-19,8.470329e-22,6.945123e-03
4.110000,3.864960776e-05,4.240405509e-05,1.889356914e-03,2.120200653e-05,3.973962612e-05,1.655295529e-02,3.475062615e+01,1.801064878e-06,2.399611e-16,2.501159e-19,4.235165e-22,6.953473e-03
4.120000,4.373708999e-05,1.052590772e-04,1.862092596e-03,5.262953372e-05,6.776753923e-05,1.386689345e-02,3.478386475e+01,1.792592875e-06,6.522902e-17,1.666857e-19,4.365508e-22,6.946683e-03
4.130000,5.802793971e-05,1.792985390e-04,2.538817857e-03,8.964926368e-05,5.796781672e-05,1.796234939e-02,3.471786669e+01,3.313976122e-06,3.500017e-16,2.497187e-19,7.635052e-22,6.960503e-03
4.140000,4.503045040e-05,7.410933987e-05,1.427218092e-03,3.705466016e-05,2.635185596e-05,1.912422223e-02,3.475455242e+01,1.035015487e-06,8.889797e-17,2.771163e-19,3.817526e-22,6.939743e-03
4.150000,5.423303695e-05,1.436319024e-04,1.150276452e-03,7.181594808e-05,7.707085155e-05,1.212291239e-02,3.474046710e+01,7.503475301e-07,2.252516e-16,1.333084e-20,1.248577e-22,6.964393e-03
4.160000,4.746993773e-05,4.969753287e-05,5.173074946e-03,2.484876062e-05,2.972132567e-05,2.571528327e-02,3.472915954e+01,1.339235874e-05,4.483812e-16,2.672108e-19,1.746203e-21,6.935942e-03
4.170000,4.138580639e-05,4.444012953e-05,5.260508379e-03,2.222003192e-05,4.644032032e-05,2.374655104e-02,3.469018581e+01,1.385767767e-05,7.791685e-16,3.910197e-19,7.099430e-21,6.956503e-03
4.180000,6.313161870e-05,1.772709175e-04,2.748553700e-03,8.863545438e-05,8.094793849e-05,2.660434905e-02,3.480024650e+01,3.892544222e-06,1.423593e-16,3.407462e-19,1.270549e-21,6.954443e-03
4.190000,7.450012786e-05,1.358203528e-04,4.325688245e-03,6.791016676e-05,4.747025153e-05,2.510247514e-02,3.473883980e+01,9.410711122e-06,5.599806e-16,2.924553e-19,3.394743e-21,6.997043e-03
4.200000,5.180315327e-05,1.477073242e-04,1.566172954e-03,7.385365517e-05,3.034328807e-05,1.967670666e-02,3.473302037e+01,1.277449481e-06,4.633330e-16,3.641930e-19,1.064072e-21,6.961303e-03
4.210000,3.304254739e-05,9.174834568e-05,4.277378710e-03,4.587416271e-05,4.739597844e-05,2.315263057e-02,3.472234150e+01,9.182790854e-06,2.288785e-16,1.378794e-19,1.870947e-21,6.967723e-03
4.220000,5.053026326e-05,5.597601319e-05,2.341291630e-03,2.798800186e-05,6.007133014e-05,1.902401619e-02,3.473868192e+01,2.775958393e-06,4.774179e-16,2.440002e-19,5.293956e-22,6.939183e-03
4.230000,4.279386843e-05,5.518640170e-05,2.247266312e-03,2.759318112e-05,3.872035889e-05,1.547707706e-02,3.475427036e+01,2.543188136e-06,4.523463e-16,2.581801e-19,1.042788e-21,6.941803e-03
4.240000,9.451554743e-05,1.777460802e-04,2.810871883e-03,8.887303590e-05,2.915616011e-05,2.509541377e-02,3.473269599e+01,4.020488357e-06,1.110578e-16,7.115804e-19,5.627552e-22,6.965363e-03
4.250000,4.846691503e-05,4.430981992e-05,2.823007046e-03,2.215490036e-05,7.079924940e-05,1.677659327e-02,3.472464528e+01,4.028711376e-06,2.324950e-16,3.096692e-19,4.735058e-22,6.952334e-03
4.260000,6.378132918e-05,6.335636597e-05,4.872652897e-03,3.167817042e-05,4.582451499e-05,3.117182816e-02,3.471112947e+01,1.189620027e-05,1.418575e-16,2.095128e-19,1.997723e-21,6.914933e-03
4.270000,7.568743127e-05,1.563931410e-04,2.973192848e-03,7.819656408e-05,3.697362174e-05,1.854641219e-02,3.474575473e+01,4.479791867e-06,3.352432e-16,1.330553e-19,1.694066e-21,6.951223e-03
4.280000,4.627431616e-05,6.706449657e-06,3.699764817e-03,3.353119538e-06,4.684493734e-05,1.643480588e-02,3.471121305e+01,6.861775383e-06,1.305469e-16,2.490198e-19,1.701494e-21,6.925753e-03
4.290000,4.447046731e-05,2.026180845e-04,2.140440218e-03,1.013090436e-04,1.174318147e-04,2.736697828e-02,3.476219185e+01,2.483172190e-06,8.958281e-16,1.424804e-19,1.323489e-21,6.926233e-03
4.300000,3.209708697e-05,6.558147140e-05,2.871448233e-03,3.279072917e-05,3.976996372e-05,1.924971794e-02,3.476306306e+01,4.143862533e-06,2.324201e-16,3.508194e-19,2.560874e-21,6.944323e-03
4.310000,9.366870508e-05,1.258565024e-04,2.321126263e-03,6.292823880e-05,5.107125416e-05,1.670948940e-02,3.473245415e+01,2.746359455e-06,8.885752e-16,5.496196e-20,1.527010e-21,6.915183e-03
4.320000,2.294822745e-05,9.966036973e-05,2.397629784e-03,4.983017216e-05,4.574098806e-05,1.855040436e-02,3.476260455e+01,2.910916563e-06,5.602961e-16,1.138208e-19,2.576150e-21,6.937313e-03
4.330000,4.316825853e-05,4.090809245e-05,3.470454355e-03,2.045403323e-05,4.985142410e-05,2.184933810e-02,3.479811873e+01,6.045254972e-06,2.221904e-16,5.241013e-19,9.988616e-22,6.942893e-03
4.340000,5.445669790e-05,6.926377744e-05,1.662045329e-03,3.463187282e-05,1.639949369e-05,1.749476255e-02,3.474135073e+01,1.392943818e-06,4.465433e-16,1.783332e-19,1.497357e-22,6.954282e-03
4.350000,5.909719284e-05,1.143181698e-04,2.431360059e-03,5.715907207e-05,2.836644326e-05,1.767189406e-02,3.475066990e+01,2.988330386e-06,7.873483e-16,7.176950e-20,2.117748e-21,7.008723e-03
4.360000,1.029308198e-04,2.303826777e-04,2.119007560e-04,1.151913340e-04,5.074258238e-05,5.759977970e-03,3.474754310e+01,1.492017900e-07,3.547928e-16,6.600016e-20,2.652143e-23,6.979583e-03
4.370000,9.396966703e-05,1.176050998e-04,3.109921817e-03,5.880254644e-05,6.116801137e-05,2.591830369e-02,3.475032948e+01,4.893400975e-06,2.381287e-16,3.126039e-19,1.746203e-21,6.951122e-03
4.380000,4.266076815e-05,9.531248642e-05,2.659489934e-03,4.765623288e-05,9.307708065e-05,2.302138182e-02,3.472811892e+01,3.623919031e-06,3.448655e-16,1.170879e-19,6.374767e-22,6.968473e-03
4.390000,1.491644682e-04,3.123218296e-04,3.358728710e-03,1.561609127e-04,6.823771759e-05,1.697896757e-02,3.477334206e+01,5.872870208e-06,2.224191e-16,4.434846e-19,1.694066e-21,6.951633e-03
4.400000,6.036080121e-05,1.036043951e-04,1.547212915e-03,5.180218686e-05,5.387184292e-05,1.266045156e-02,3.477540249e+01,1.241619039e-06,4.543681e-16,1.243332e-19,5.701765e-22,6.961343e-03
4.410000,3.891760292e-05,1.213093603e-04,2.984659881e-03,6.065467135e-05,7.193704688e-05,1.628047792e-02,3.476652884e+01,4.524928726e-06,4.465220e-16,2.695467e-19,8.536247e-22,6.963153e-03
4.420000,5.700118270e-05,1.117310291e-04,3.790122920e-03,5.586550853e-05,3.420690496e-05,2.369215426e-02,3.475739021e+01,7.216844412e-06,1.002243e-16,1.400527e-19,1.197885e-21,6.922853e-03
4.430000,6.121361827e-05,7.588961122e-05,3.159547081e-03,3.794479293e-05,7.092190536e-05,2.175779002e-02,3.472109094e+01,5.043126669e-06,2.303589e-16,8.600051e-19,2.576150e-21,6.925033e-03
4.440000,3.074887951e-05,1.307563845e-04,5.582795435e-03,6.537818627e-05,7.674468175e-05,2.994921812e-02,3.482433092e+01,1.566511486e-05,1.260874e-16,5.959369e-19,0.000000e+00,6.960733e-03
4.450000,3.184339438e-05,1.395077016e-04,2.601537966e-03,6.975384664e-05,7.873533027e-05,2.350314238e-02,3.473094223e+01,3.472518705e-06,3.952256e-17,1.706048e-19,2.117582e-21,6.940163e-03
4.460000,4.735056869e-05,1.624711920e-04,4.755231309e-03,8.123559322e-05,9.797210268e-05,2.630867191e-02,3.480113532e+01,1.143569443e-05,2.288308e-16,1.925097e-19,4.235165e-22,6.917013e-03
4.470000,8.460637096e-05,8.495339534e-05,3.014579293e-03,4.247669553e-05,8.759826629e-05,1.779282362e-02,3.473648607e+01,4.619665964e-06,4.455621e-16,4.013767e-19,1.746203e-21,6.898583e-03
4.480000,6.066817658e-05,1.805186424e-04,2.992857743e-03,9.025931927e-05,7.658431333e-05,1.535712225e-02,3.477098340e+01,4.590693949e-06,2.294561e-16,3.057260e-20,4.268124e-22,6.945753e-03
4.490000,8.734658221e-05,1.666647418e-04,2.174207181e-03,8.333236636e-05,1.165990548e-04,1.850279284e-02,3.476903609e+01,2.527905416e-06,1.180086e-16,3.111739e-19,9.470116e-22,6.982363e-03
4.500000,7.125627011e-05,1.302922667e-04,4.154071136e-03,6.514612932e-05,8.907710851e-05,1.763664597e-02,3.479424887e+01,8.725583497e-06,8.931793e-17,1.288743e-19,2.280706e-21,6.903043e-03
4.510000,4.494840241e-05,1.307415995e-04,1.723809401e-03,6.537079368e-05,8.003477900e-05,1.194504560e-02,3.474847925e+01,1.571190677e-06,1.184961e-16,1.477085e-19,2.182754e-22,6.910963e-03
4.520000,4.423725843e-05,2.070262810e-04,2.121125668e-03,1.035131310e-04,1.180254589e-04,1.125638966e-02,3.473543393e+01,2.446746869e-06,1.333737e-15,2.020993e-19,2.196194e-21,6.978713e-03
4.530000,9.867090214e-05,1.886044912e-04,4.276924225e-03,9.430224091e-05,1.228631240e-04,2.364494901e-02,3.474089562e+01,9.337946491e-06,2.444092e-16,8.801744e-19,5.391524e-21,6.945333e-03
4.540000,5.838003218e-05,1.877865618e-04,2.991880957e-03,9.389327353e-05,4.697250229e-05,2.386393551e-02,3.472864436e+01,4.563854733e-06,7.772973e-16,6.642413e-19,2.469504e-21,6.963003e-03
4.550000,6.798714583e-05,4.495826279e-05,5.676649931e-04,2.247911836e-05,6.729966245e-05,1.581280399e-02,3.474791454e+01,2.013982148e-07,6.696774e-17,4.086047e-20,2.230629e-22,6.922953e-03
4.560000,6.774594231e-05,9.514327828e-05,2.153809087e-03,4.757163434e-05,8.354007042e-05,2.140267368e-02,3.477706976e+01,2.393382822e-06,2.220498e-16,1.240007e-19,2.280706e-21,6.947923e-03
4.570000,7.918396527e-05,1.108467204e-04,2.518749662e-03,5.542334974e-05,9.508074387e-05,1.449082821e-02,3.475796623e+01,3.268946694e-06,4.475744e-16,4.907335e-19,1.420517e-21,7.015962e-03
4.580000,7.192352267e-05,1.817527929e-04,1.914268252e-03,9.087639453e-05,8.175519461e-05,1.721630732e-02,3.472468590e+01,1.951750918e-06,2.297644e-16,1.697454e-19,1.058791e-21,6.961553e-03
4.590000,8.851849073e-05,1.171250380e-04,2.811196207e-03,5.856250962e-05,6.290952533e-05,1.678703217e-02,3.475899852e+01,4.010509465e-06,4.686267e-16,2.828063e-19,2.619305e-21,6.963793e-03
4.600000,1.070558171e-04,1.625684863e-04,1.338846654e-03,8.128423671e-05,9.544733674e-05,1.143365855e-02,3.473983771e+01,1.021993751e-06,4.520443e-16,8.541619e-20,5.308824e-22,6.968173e-03
4.610000,3.085866262e-05,7.096374162e-05,4.204409264e-03,3.548186498e-05,2.492120541e-05,2.395038068e-02,3.480336920e+01,8.853568864e-06,2.653654e-16,3.885264e-19,3.468248e-21,6.940502e-03
4.620000,5.569523973e-05,1.431876112e-04,2.815929944e-03,7.159379776e-05,5.320186643e-05,1.687211911e-02,3.474326099e+01,4.028379610e-06,4.535364e-16,9.635722e-20,1.339277e-21,6.990343e-03
4.630000,5.185050037e-05,1.907414244e-04,4.575118581e-03,9.537070696e-05,9.864381130e-05,2.734220108e-02,3.474634008e+01,1.061646440e-05,3.489336e-16,2.431014e-19,5.083300e-21,6.924053e-03
4.640000,2.747482004e-05,1.132122917e-04,1.974701849e-03,5.660613811e-05,5.894244288e-05,2.658235905e-02,3.469299516e+01,2.003151427e-06,2.324054e-16,1.626349e-19,9.046316e-22,6.964033e-03
4.650000,5.978046596e-05,9.408596011e-05,2.336680291e-03,4.704296653e-05,8.317254790e-05,2.389625330e-02,3.477352102e+01,2.803083100e-06,7.017984e-16,3.699011e-19,1.234752e-21,6.939913e-03
4.660000,7.800297390e-05,2.010831046e-04,3.174798891e-03,1.005415485e-04,9.163010981e-05,2.292213937e-02,3.475607924e+01,5.187711439e-06,1.626878e-16,3.496410e-19,1.058791e-22,6.948793e-03
4.670000,4.148209918e-05,5.485096993e-05,4.366141569e-03,2.742546602e-05,3.557323460e-05,2.547577805e-02,3.480143683e+01,9.547736991e-06,3.601901e-16,2.752239e-19,6.936497e-21,6.955553e-03
4.680000,4.737520460e-05,4.773841827e-05,4.394860328e-03,2.386919738e-05,4.597980090e-05,2.266193091e-02,3.472859043e+01,9.678869697e-06,4.389494e-17,3.269274e-19,1.759792e-21,6.963263e-03
4.690000,6.796605268e-05,1.791832880e-04,1.974958335e-03,8.959164263e-05,5.987018128e-05,2.213516764e-02,3.476059851e+01,2.043119021e-06,4.611912e-16,3.954475e-20,9.046316e-22,6.909003e-03
4.700000,6.190493346e-05,6.968041095e-05,2.864864084e-03,3.484019361e-05,8.927568843e-05,1.822563284e-02,3.474692571e+01,4.177195011e-06,2.386141e-16,1.267070e-19,1.389600e-21,6.908713e-03
4.710000,5.694858840e-05,1.627683543e-04,2.830852233e-03,8.138417138e-05,8.900172421e-05,3.103258063e-02,3.481521738e+01,4.123219704e-06,2.259304e-16,4.864294e-19,1.746203e-21,6.904193e-03
4.720000,5.282261376e-05,1.613324465e-04,4.292007259e-03,8.066621693e-05,7.468446354e-05,2.480444531e-02,3.480231302e+01,9.307341617e-06,3.332037e-16,1.634543e-19,7.099430e-21,6.984062e-03
4.730000,7.440852171e-05,1.654954600e-04,2.430634741e-03,8.274772668e-05,3.343790996e-05,1.860088608e-02,3.472355744e+01,3.017714863e-06,2.252570e-16,4.730150e-20,1.527010e-21,6.955553e-03
4.740000,7.228525364e-05,1.796860142e-04,2.098853289e-03,8.984300348e-05,1.228319624e-04,2.158848552e-02,3.477003296e+01,2.387868214e-06,3.488752e-17,1.392603e-19,8.984141e-22,6.917983e-03
4.750000,9.246153650e-05,1.981266305e-04,4.142269395e-03,9.906331568e-05,3.594467533e-05,2.357943159e-02,3.473550835e+01,8.668042351e-06,8.935014e-16,5.650673e-19,2.662286e-21,6.909073e-03
4.760000,6.175148561e-05,1.407800766e-04,3.578146288e-03,7.039003103e-05,6.278845841e-05,2.533969897e-02,3.470975597e+01,6.472742603e-06,3.405875e-16,1.703078e-19,3.307769e-21,6.942453e-03
4.770000,9.575191837e-05,1.779008541e-04,3.143615928e-03,8.895042610e-05,2.989084139e-05,1.629505658e-02,3.472607819e+01,5.011605677e-06,4.551173e-16,3.219007e-19,9.142617e-22,6.955813e-03
4.780000,8.950244565e-05,1.507660050e-04,1.736569959e-03,7.538299718e-05,3.687288894e-05,2.049244890e-02,3.473475369e+01,1.564175261e-06,1.245333e-16,2.091770e-19,2.850883e-22,6.955733e-03
4.790000,6.292669220e-05,2.251629184e-04,1.951531678e-03,1.125814551e-04,8.477955255e-05,1.320374466e-02,3.472447653e+01,2.063135198e-06,2.514996e-16,3.100387e-19,1.420517e-21,6.944073e-03
4.800000,4.994631718e-05,7.276271037e-05,1.555988619e-03,3.638134415e-05,3.420394248e-05,2.298344145e-02,3.475019955e+01,1.230498387e-06,1.636907e-16,3.276457e-19,1.121769e-21,6.997313e-03
4.810000,4.250302770e-05,8.743118144e-05,5.239343512e-03,4.371557880e-05,2.996578640e-05,2.633238060e-02,3.474439978e+01,1.374783222e-05,3.525512e-16,2.638115e-19,5.191317e-21,6.971392e-03
4.820000,2.452288465e-05,1.291450243e-04,2.498075375e-03,6.457251089e-05,6.166311234e-05,1.579801138e-02,3.472776780e+01,3.183965879e-06,4.462463e-16,9.564884e-20,4.235165e-22,6.972233e-03
4.830000,3.471061240e-05,1.525560507e-04,2.125053895e-03,7.627801656e-05,8.370174713e-05,2.123137739e-02,3.475900753e+01,2.360521574e-06,7.816624e-16,1.395970e-19,1.339277e-21,6.983723e-03
4.840000,8.161817636e-05,2.831516190e-04,4.320108003e-03,1.415758066e-04,1.306486252e-04,2.962983731e-02,3.472561026e+01,9.628568756e-06,3.630044e-17,2.317955e-19,5.152300e-21,6.941423e-03
4.850000,5.267450958e-05,9.076473302e-05,3.719073439e-03,4.538235096e-05,1.040814378e-04,2.030283363e-02,3.475198859e+01,7.018893649e-06,6.674313e-16,2.246336e-19,2.576150e-21,7.043663e-03
4.860000,5.506533645e-05,1.867235203e-04,1.264689484e-03,9.336175514e-05,1.147210191e-04,7.064781230e-03,3.475222455e+01,9.747383818e-07,3.344444e-16,1.393958e-19,3.244573e-22,6.991383e-03
4.870000,4.228773131e-05,1.274328243e-04,3.942941596e-03,6.371640558e-05,4.367424109e-05,2.630495361e-02,3.477921761e+01,7.821131972e-06,1.573594e-16,6.729602e-19,1.482308e-21,7.006132e-03
4.880000,8.528135266e-05,1.300993819e-04,3.204073164e-03,6.504968675e-05,1.203721280e-04,2.018274644e-02,3.476892018e+01,5.282809707e-06,7.235987e-17,5.077861e-19,8.470329e-22,6.978653e-03
4.890000,3.494216182e-05,1.403739877e-04,3.433457939e-03,7.018698599e-05,7.863432343e-05,1.956593784e-02,3.475032525e+01,5.983193269e-06,3.377330e-16,1.089912e-19,2.541650e-21,6.973403e-03
4.900000,1.268224739e-04,3.046527785e-04,2.200244168e-03,1.523263863e-04,4.470796945e-05,2.591884669e-02,3.471652495e+01,2.622154243e-06,1.119306e-16,3.370965e-19,8.617936e-22,6.972513e-03
4.910000,8.998843592e-05,2.110240811e-04,9.000172195e-04,1.055120358e-04,8.123100435e-05,1.867258307e-02,3.473310471e+01,5.468656238e-07,3.384396e-16,2.637447e-19,2.117582e-22,6.985922e-03
4.920000,4.274840167e-05,1.207983567e-04,5.250390686e-03,6.039917146e-05,2.778362704e-05,2.769765962e-02,3.467286387e+01,1.381866110e-05,1.306631e-16,7.450978e-19,4.235165e-22,6.966933e-03
4.930000,9.329289277e-05,2.491332749e-04,2.224724039e-03,1.245666339e-04,6.487884273e-05,1.156838539e-02,3.477127423e+01,2.632507409e-06,4.568726e-17,2.515444e-19,9.470116e-22,6.946753e-03
4.940000,1.231170565e-05,1.413660903e-04,3.887456190e-03,7.068303738e-05,7.703342823e-05,2.190063763e-02,3.473848914e+01,7.643599742e-06,3.361500e-16,2.013415e-19,3.414499e-21,6.979843e-03
4.950000,4.075531322e-05,9.291937818e-05,1.410748911e-03,4.645967745e-05,3.097524558e-05,1.832063933e-02,3.471578910e+01,1.020049985e-06,4.703538e-16,3.858567e-19,1.064072e-21,7.008313e-03
4.960000,5.034531363e-05,1.541977258e-04,3.107817251e-03,7.709885787e-05,4.841016283e-05,1.579947127e-02,3.471703597e+01,4.895566255e-06,1.157835e-16,5.727153e-20,9.470116e-22,7.021162e-03
4.970000,6.679147906e-05,1.227646108e-04,1.538220537e-03,6.138229347e-05,1.568624177e-05,1.661931559e-02,3.477389138e+01,1.215171963e-06,7.896073e-16,3.502365e-19,1.183765e-22,6.967113e-03
4.980000,7.665372798e-05,1.221861018e-04,2.600233020e-03,6.109304628e-05,1.047627849e-04,1.863868037e-02,3.470826557e+01,3.498266689e-06,2.288603e-16,5.332824e-19,7.635052e-22,6.952413e-03
4.990000,8.918769242e-05,7.773799122e-05,1.252760423e-03,3.886898095e-05,9.637947224e-05,1.396962966e-02,3.476311108e+01,8.711027410e-07,5.561974e-16,8.411035e-20,4.268124e-22,7.009523e-03
5.000000,8.173598972e-05,1.119055340e-04,2.199957693e-03,5.595276080e-05,3.986182457e-05,2.300903066e-02,3.470822920e+01,2.457664337e-06,1.324861e-16,2.226395e-19,2.117582e-22,6.953733e-03
5.010000,5.294009630e-05,5.772362117e-05,2.012614976e-03,2.886180788e-05,2.946703955e-05,1.506916583e-02,3.471738979e+01,2.038920003e-06,4.499881e-16,3.026427e-19,1.723587e-21,7.048993e-03
5.020000,6.788090413e-05,1.169853524e-04,2.612342601e-03,5.849266769e-05,2.805996971e-05,1.444593149e-02,3.475571888e+01,3.445836965e-06,3.385847e-16,3.527879e-20,4.243428e-22,6.965623e-03
5.030000,4.358547790e-05,8.869410981e-05,2.572877100e-03,4.434704018e-05,6.343085389e-05,1.437673175e-02,3.475553281e+01,3.357769352e-06,6.678271e-16,5.932875e-20,2.117582e-22,6.982873e-03
5.040000,4.341193135e-05,7.922956796e-05,1.038357809e-03,3.961477146e-05,7.634368317e-05,1.640253416e-02,3.476694536e+01,5.982749747e-07,3.354325e-16,1.825100e-19,4.554033e-22,6.947513e-03
5.050000,5.765698739e-05,1.330100085e-04,9.890493591e-04,6.650499713e-05,4.747389932e-05,7.231257474e-03,3.475021212e+01,5.425228035e-07,3.538852e-16,6.224621e-20,0.000000e+00,6.976703e-03
5.060000,8.660574232e-05,1.892465917e-04,8.919355888e-04,9.462329034e-05,7.888777875e-05,2.406641321e-02,3.476339763e+01,5.191893370e-07,4.478079e-16,3.026922e-19,2.098815e-21,6.978903e-03
5.070000,3.848542527e-05,1.266085612e-04,1.604419203e-03,6.330427379e-05,6.868704588e-05,1.104341508e-02,3.475381145e+01,1.356883220e-06,2.225747e-16,8.778073e-20,2.367529e-22,6.942402e-03
5.080000,6.731318395e-05,1.858675757e-04,1.442852292e-03,9.293378605e-05,5.016868817e-05,1.362601990e-02,3.473615455e+01,1.130140055e-06,2.270897e-16,1.151123e-19,2.182754e-22,6.898823e-03
5.090000,3.252503184e-05,6.254088894e-05,2.051413872e-03,3.127042815e-05,3.673772358e-05,1.421267104e-02,3.473862968e+01,2.122769437e-06,3.683681e-16,1.527273e-19,6.374767e-22,6.972033e-03
5.100000,3.204345252e-05,1.595001501e-04,2.229691841e-03,7.975006846e-05,9.527759847e-05,3.726022986e-02,3.475633875e+01,2.609266006e-06,3.541671e-16,6.553626e-19,1.339277e-21,6.916873e-03
5.110000,3.968551251e-05,5.229126391e-05,3.481565940e-03,2.614561123e-05,1.488245876e-05,1.843215554e-02,3.477636882e+01,6.067891341e-06,4.448263e-16,1.680679e-19,2.576150e-21,6.927883e-03
5.120000,6.442378766e-05,5.816072682e-05,3.521367225e-03,2.908035447e-05,5.160276478e-05,2.181930408e-02,3.473180188e+01,6.228081667e-06,5.680224e-17,1.089142e-19,1.809263e-21,6.990832e-03
5.130000,4.970259944e-05,1.248082834e-04,4.476249456e-03,6.240413520e-05,1.097803348e-04,2.299748464e-02,3.472861983e+01,1.014597258e-05,1.283078e-16,1.341373e-19,3.394743e-21,6.975243e-03
5.140000,5.595069071e-05,1.005106596e-04,1.443354451e-03,5.025532005e-05,2.097468921e-05,1.778507323e-02,3.471008325e+01,1.065360314e-06,3.401827e-16,4.618149e-21,3.441071e-22,6.985183e-03
5.150000,3.874099511e-05,9.318235958e-05,4.791106447e-03,4.659117829e-05,3.629418180e-05,2.963555324e-02,3.473584884e+01,1.150525454e-05,4.486869e-16,2.001451e-19,5.427790e-21,6.959912e-03
5.160000,8.619318189e-05,8.792034644e-05,2.471974055e-03,4.396015895e-05,8.682183882e-05,1.995986814e-02,3.472339503e+01,3.131092082e-06,6.665126e-16,1.232162e-19,2.141273e-21,6.979093e-03
5.170000,4.968327094e-05,1.534256902e-04,3.765656930e-03,7.671283702e-05,1.111820246e-04,2.089691731e-02,3.474981550e+01,7.236056472e-06,5.613813e-16,2.358615e-19,4.235496e-21,6.985053e-03
5.180000,6.159170163e-05,2.200301184e-04,1.687759643e-03,1.100150535e-04,1.031114707e-04,1.906712554e-02,3.477410311e+01,1.606148605e-06,6.701333e-16,2.176847e-19,4.308968e-22,7.027202e-03
5.190000,5.287745300e-05,9.472212359e-05,6.606917250e-03,4.736105528e-05,2.700357624e-05,3.070434170e-02,3.471387269e+01,2.184945587e-05,2.436626e-17,4.337010e-19,3.549715e-21,6.979892e-03
5.200000,5.579976922e-05,9.776359215e-05,1.920226990e-03,4.888178936e-05,9.078361398e-05,1.457832080e-02,3.471979046e+01,1.928684597e-06,7.108407e-17,5.640545e-20,2.367529e-22,6.963613e-03
5.210000,4.432242821e-05,1.440742318e-04,2.195008994e-03,7.203711327e-05,7.046571736e-05,1.461434162e-02,3.474172663e+01,2.490270347e-06,2.238786e-16,2.926931e-19,7.708116e-22,7.013142e-03
5.220000,3.828712461e-05,1.054226436e-04,3.373011418e-03,5.271130881e-05,3.486083603e-05,2.135129895e-02,3.475663198e+01,5.720553094e-06,6.710261e-16,2.630652e-19,2.752857e-21,6.968473e-03
5.230000,7.085258755e-05,1.415948357e-04,4.097035594e-03,7.079740737e-05,3.046941640e-05,1.779889148e-02,3.470357102e+01,8.440375596e-06,7.817665e-16,1.027018e-19,2.713895e-21,6.972132e-03
5.240000,7.118863015e-05,7.568574817e-05,2.223487800e-03,3.784286817e-05,4.133642735e-05,1.471564850e-02,3.477303479e+01,2.497075262e-06,2.238570e-16,1.874127e-19,1.058791e-22,6.987753e-03
5.250000,5.072229049e-05,1.192412371e-04,2.732458476e-03,5.962061036e-05,1.112836298e-04,2.566701060e-02,3.477628848e+01,3.860673970e-06,3.690091e-16,8.073481e-19,4.235165e-22,6.984673e-03
5.260000,4.934439965e-05,1.128109550e-04,5.429179438e-03,5.640547367e-05,3.141334400e-05,2.634589457e-02,3.479275874e+01,1.477134169e-05,2.230706e-16,7.554796e-19,6.789486e-21,6.960513e-03
5.270000,6.926135555e-05,1.413109541e-04,2.543120114e-03,7.065546981e-05,5.361482201e-05,1.235045309e-02,3.473398875e+01,3.296663914e-06,3.388053e-16,1.753660e-19,5.338956e-22,6.983493e-03
5.280000,4.467808026e-05,1.542039206e-04,6.775954388e-03,7.710195698e-05,1.283629152e-04,3.137212266e-02,3.469205997e+01,2.313615293e-05,2.428881e-16,2.765336e-19,3.414499e-21,6.969743e-03
5.290000,3.904200514e-05,1.313167872e-04,1.401971099e-03,6.565838899e-05,7.203369400e-05,1.003897492e-02,3.476299265e+01,1.058760499e-06,8.977702e-17,3.647856e-20,2.125387e-22,6.986093e-03
5.300000,4.496422138e-05,4.698750815e-05,1.042383908e-03,2.349374481e-05,3.320794613e-05,1.583435245e-02,3.473621466e+01,5.565198953e-07,2.242148e-16,1.132317e-19,5.726289e-22,6.968083e-03
5.310000,6.610783980e-05,1.911868156e-04,1.597974267e-03,9.559340424e-05,6.103374490e-05,1.709845778e-02,3.478146437e+01,1.379666615e-06,1.644938e-17,3.644944e-19,1.058791e-22,6.977212e-03
5.320000,4.249179899e-05,1.868955699e-04,3.019980263e-03,9.344777467e-05,1.071463393e-04,2.045973321e-02,3.479384803e+01,4.721842991e-06,1.224530e-15,3.389017e-19,3.054021e-21,6.978063e-03
5.330000,7.348311604e-05,1.710647205e-04,4.751491562e-03,8.553235341e-05,8.551559394e-05,2.340106851e-02,3.475633778e+01,1.140536563e-05,4.450109e-16,2.108650e-19,8.731016e-21,7.006202e-03
5.340000,1.910305730e-05,9.911109909e-05,3.528732237e-03,4.955554174e-05,6.494813030e-05,2.045661690e-02,3.473479911e+01,6.279367692e-06,1.198061e-16,3.714966e-19,2.678553e-21,6.954183e-03
5.350000,5.675796808e-05,1.955407705e-04,2.126756078e-03,9.777037882e-05,8.025729587e-05,1.459616168e-02,3.472233260e+01,2.389547952e-06,6.665251e-16,8.438744e-20,7.635052e-22,6.957812e-03
5.360000,8.050537939e-05,1.863867026e-04,4.627886140e-03,9.319334793e-05,1.356403963e-04,2.277381041e-02,3.475896777e+01,1.092533160e-05,1.274480e-16,2.246064e-19,1.164670e-21,6.965882e-03
5.370000,3.897877547e-05,1.698081306e-05,4.565529498e-03,8.490352474e-06,3.664036871e-05,2.310369387e-02,3.476763090e+01,1.043334662e-05,2.316428e-16,2.831140e-19,1.894023e-21,6.946642e-03
5.380000,2.646240466e-05,6.358483152e-05,4.674083551e-03,3.179239928e-05,6.156162960e-05,2.197008278e-02,3.482180162e+01,1.096193325e-05,4.472736e-16,4.337418e-19,3.657047e-21,6.927883e-03
5.390000,3.611286229e-05,1.092740383e-04,2.771397700e-03,5.463700905e-05,6.603693923e-05,2.027163809e-02,3.471730134e+01,3.899091247e-06,4.770111e-16,3.097789e-19,4.235165e-22,6.944923e-03
5.400000,6.070108354e-05,2.035268501e-04,1.729617027e-03,1.017634246e-04,9.810087579e-05,1.338267282e-02,3.472290162e+01,1.655624142e-06,6.677347e-16,1.536619e-19,2.497154e-22,6.933243e-03
5.410000,6.128459167e-05,1.547917592e-04,4.755879398e-03,7.739587903e-05,8.928051808e-05,3.168837380e-02,3.477699983e+01,1.142088349e-05,6.661372e-16,3.775491e-19,3.788046e-21,6.937253e-03
5.420000,4.710219017e-05,4.866487465e-05,2.748187748e-03,2.433243366e-05,3.939485485e-05,1.745636438e-02,3.479996244e+01,3.793420125e-06,4.459491e-16,3.593802e-19,9.046316e-22,6.940882e-03
5.430000,2.372804831e-05,5.747628795e-05,4.202518061e-03,2.873813260e-05,3.438373152e-05,2.756747587e-02,3.478663696e+01,8.846643995e-06,7.900803e-17,2.516528e-19,3.618526e-21,6.958823e-03
5.440000,3.983140411e-05,7.169201851e-05,6.323779404e-03,3.584600418e-05,3.426288744e-05,2.910167644e-02,3.468281186e+01,2.001476403e-05,2.749416e-16,1.084203e-19,1.694066e-21,6.944022e-03
5.450000,5.686379954e-05,2.009127339e-04,3.842390371e-03,1.004563625e-04,1.507005685e-04,2.595750946e-02,3.480099560e+01,7.644399019e-06,2.263685e-16,5.539756e-20,3.593656e-21,6.939133e-03
5.460000,3.936993585e-05,7.423010720e-05,1.264314144e-03,3.711504216e-05,1.533228003e-05,1.845640695e-02,3.476943489e+01,8.121459691e-07,3.067332e-16,2.787029e-19,6.617445e-22,6.950163e-03
5.470000,4.410268607e-05,2.048031923e-04,2.936969501e-03,1.024015921e-04,8.222064514e-05,1.772596927e-02,3.479622851e+01,4.450865490e-06,1.140388e-16,6.806158e-19,8.080873e-22,6.932252e-03
5.480000,4.379214572e-05,1.107459553e-04,3.136019788e-03,5.537296833e-05,5.306826362e-05,1.866260108e-02,3.475561753e+01,4.964369306e-06,3.425372e-16,7.393340e-20,2.632645e-21,6.957373e-03
5.490000,5.624358629e-05,8.941340921e-05,1.896516801e-03,4.470670150e-05,2.935001878e-05,1.354484935e-02,3.476358339e+01,1.821268891e-06,4.446898e-16,1.970401e-19,1.140353e-21,6.953653e-03
5.500000,6.067629706e-05,5.989654413e-05,3.866694818e-03,2.994826711e-05,5.394889480e-05,2.463345657e-02,3.473749102e+01,7.506123464e-06,4.715570e-16,2.934261e-19,1.707249e-21,6.973172e-03
5.510000,3.622950207e-05,1.882107480e-04,2.879993781e-03,9.410537178e-05,1.328331324e-04,1.639591623e-02,3.476275252e+01,4.359185786e-06,2.462822e-16,4.509140e-19,1.058791e-22,7.004473e-03
5.520000,7.741269328e-05,2.104455814e-04,3.928986462e-03,1.052227862e-04,9.635824924e-05,2.275371542e-02,3.477728633e+01,7.881321284e-06,3.387048e-16,3.374624e-19,2.576150e-21,6.970333e-03
5.530000,5.613364127e-05,1.249766812e-04,3.171677874e-03,6.248833642e-05,8.636967202e-05,1.882050702e-02,3.475053918e+01,5.120686366e-06,6.240939e-18,3.134101e-19,0.000000e+00,6.951953e-03
5.540000,4.637472466e-05,9.784087916e-05,2.973060378e-03,4.892043459e-05,4.870655441e-05,2.129157042e-02,3.476098815e+01,4.457668305e-06,2.362474e-16,2.802954e-19,1.894023e-21,6.936003e-03
5.550000,5.487256994e-05,1.321903334e-04,1.541179614e-03,6.609515826e-05,4.753093433e-05,1.767840183e-02,3.474088444e+01,1.240639379e-06,4.505174e-16,4.602372e-20,9.587762e-22,6.953763e-03
5.560000,6.436907183e-05,2.415320684e-04,9.474490731e-04,1.207660316e-04,8.657442448e-05,9.205784186e-03,3.476743332e+01,6.254663959e-07,1.476309e-17,6.556243e-20,2.497154e-22,6.945912e-03
5.570000,5.482647625e-05,9.166206071e-05,2.424930837e-03,4.583101931e-05,3.034469871e-05,1.501764262e-02,3.477811946e+01,2.964315047e-06,3.361020e-16,5.424246e-20,3.176374e-22,6.938153e-03
5.580000,2.994098660e-05,1.222188118e-04,1.013731234e-03,6.110939367e-05,9.071916274e-05,1.532040361e-02,3.473381514e+01,6.095401037e-07,7.805909e-16,9.499239e-20,5.022288e-22,6.926383e-03
5.590000,3.591851849e-05,9.809573285e-05,2.686506885e-03,4.904786303e-05,4.915897414e-05,2.575624269e-02,3.477025769e+01,3.647238001e-06,4.544723e-16,1.412285e-19,7.635052e-22,6.947963e-03
5.600000,3.406213212e-05,1.093437461e-04,3.491868668e-03,5.467187097e-05,5.121369990e-05,2.729420827e-02,3.469695764e+01,6.141468251e-06,4.567706e-16,1.870244e-19,3.054021e-21,6.942512e-03
5.610000,4.670749438e-05,1.398902347e-04,1.768041052e-03,6.994511463e-05,4.275515983e-05,1.846342472e-02,3.473907004e+01,1.616747162e-06,2.648579e-16,1.376855e-19,5.701765e-22,6.972222e-03
5.620000,5.685463335e-05,1.286599014e-04,2.325820627e-03,6.432994309e-05,7.404877964e-05,2.791583807e-02,3.479162441e+01,2.781693302e-06,3.427574e-16,4.474688e-19,4.571232e-21,6.949573e-03
5.630000,6.124919372e-05,8.623333269e-05,2.136849708e-03,4.311665512e-05,1.033328338e-04,1.463762646e-02,3.475002071e+01,2.383357102e-06,3.436631e-16,2.173483e-19,2.338684e-22,6.969882e-03
5.640000,8.914482269e-05,1.978853628e-04,2.592209570e-03,9.894267907e-05,9.264582643e-05,2.873354575e-02,3.482911072e+01,3.506758452e-06,2.227567e-16,6.505856e-19,2.280706e-21,6.913243e-03
5.650000,4.999678312e-05,1.168722572e-04,1.781173544e-03,5.843612236e-05,4.985989456e-05,1.431637540e-02,3.475592560e+01,1.633495912e-06,1.583183e-16,7.573201e-20,3.854058e-22,6.950963e-03
5.660000,5.317579529e-05,6.415563737e-05,2.021472474e-03,3.207779775e-05,6.753000620e-05,2.965530037e-02,3.474825497e+01,2.087889776e-06,7.772724e-16,2.798207e-19,1.079759e-21,6.945343e-03
5.670000,6.174098086e-05,1.452227937e-04,2.364452230e-03,7.261139176e-05,6.378334867e-05,1.724457824e-02,3.476277348e+01,2.870043012e-06,6.305494e-17,2.313000e-19,1.588187e-22,6.938453e-03
5.680000,3.923713535e-05,9.470024060e-05,6.732378031e-04,4.735011818e-05,6.884289367e-05,6.146539349e-03,3.475494631e+01,2.824755913e-07,4.480077e-16,6.129076e-20,1.303485e-22,6.945323e-03
5.690000,4.146870371e-05,1.011935213e-04,2.198785813e-03,5.059674800e-05,5.175693973e-05,2.190191157e-02,3.478368091e+01,2.459240018e-06,5.590194e-16,4.355392e-19,1.482308e-21,6.966373e-03
5.700000,3.010797172e-05,9.503274170e-05,1.488973823e-03,4.751635934e-05,8.416862088e-05,1.493333093e-02,3.477275413e+01,1.183258812e-06,4.451596e-16,3.760596e-19,4.735058e-22,6.964173e-03
5.710000,2.520508903e-05,8.271611896e-05,4.550801017e-03,4.135805080e-05,9.667802159e-06,2.268254305e-02,3.472033731e+01,1.036932659e-05,1.380670e-16,1.629525e-19,8.470329e-22,6.970683e-03
5.720000,7.428472837e-05,2.330791317e-04,3.797868485e-03,1.165395630e-04,1.267908068e-04,2.686494868e-02,3.473478208e+01,7.449161544e-06,5.508595e-17,3.319240e-19,5.293956e-22,6.985932e-03
5.730000,4.129001065e-05,1.154918860e-04,5.185527494e-03,5.774593297e-05,5.064367997e-05,2.570280770e-02,3.478043736e+01,1.349204270e-05,5.628895e-16,5.358642e-19,3.433427e-21,6.994323e-03
5.740000,4.073496098e-05,1.108498133e-04,2.505904751e-03,5.542489992e-05,1.039883643e-04,1.509556472e-02,3.474745585e+01,3.250863307e-06,7.437709e-17,8.530326e-20,6.696383e-22,6.981702e-03
5.750000,1.128492042e-05,5.552810903e-05,3.146699279e-03,2.776404482e-05,3.036498914e-05,1.767499906e-02,3.473663118e+01,4.964401176e-06,2.220495e-16,2.074816e-19,9.988616e-22,6.964803e-03
5.760000,8.858564954e-05,1.501316564e-04,1.521797923e-03,7.506582379e-05,8.191409629e-05,2.349338972e-02,3.473410783e+01,1.256692835e-06,5.669073e-17,1.446045e-19,1.164670e-21,6.946942e-03
5.770000,7.118150321e-05,1.954766359e-04,1.725088550e-03,9.773831723e-05,8.392218595e-05,1.914340177e-02,3.474013264e+01,1.620730947e-06,6.706994e-16,9.402066e-20,9.470116e-22,6.971033e-03
5.780000,1.101471655e-04,1.807893035e-04,2.774684305e-03,9.039464525e-05,7.775107922e-05,1.451039503e-02,3.474153402e+01,3.963167873e-06,5.556412e-16,6.641929e-20,9.000698e-22,7.032262e-03
5.790000,3.989412820e-05,7.992527816e-05,5.163837525e-03,3.996262257e-05,2.695741038e-05,2.529975866e-02,3.480142314e+01,1.335119870e-05,6.727351e-16,1.774911e-19,5.121748e-21,7.189412e-03
5.800000,7.841727864e-05,2.078728993e-04,3.477904930e-03,1.039364463e-04,5.458914117e-05,2.043272760e-02,3.475098097e+01,6.158173424e-06,1.252914e-16,3.241628e-19,1.125510e-21,7.037032e-03
5.810000,5.758375102e-05,1.501848969e-04,1.629318313e-03,7.509244250e-05,7.378947490e-05,1.997509388e-02,3.474399156e+01,1.416009175e-06,2.264093e-16,2.753683e-19,4.235165e-22,7.068943e-03
5.820000,5.676537379e-05,2.083657477e-04,2.902820473e-03,1.041828708e-04,1.125511661e-04,1.945453110e-02,3.473580269e+01,4.401358033e-06,1.244224e-16,3.813686e-19,1.125510e-21,7.135902e-03
5.830000,3.654104603e-05,1.369129038e-04,2.889408108e-03,6.845644678e-05,7.795950260e-05,2.216998779e-02,3.474503147e+01,4.260451361e-06,1.185095e-16,2.065474e-19,1.311273e-21,7.093742e-03
5.840000,7.539881966e-05,1.663601514e-04,2.561576033e-03,8.318007150e-05,4.969225300e-05,2.098684330e-02,3.476471826e+01,3.355941841e-06,1.366854e-16,3.045997e-19,9.470116e-22,7.185892e-03
5.850000,8.510192504e-05,1.750742775e-04,1.927643986e-03,8.753713329e-05,9.051748846e-05,1.010105095e-02,3.476330548e+01,1.984754992e-06,2.233326e-16,1.586336e-19,4.308968e-22,7.062692e-03
5.860000,4.728488522e-05,1.538184705e-04,1.159631049e-03,7.690922941e-05,8.901912791e-05,1.376646571e-02,3.478098105e+01,7.830875625e-07,2.937760e-16,3.199097e-19,1.303485e-22,7.062453e-03
5.870000,1.830248288e-05,5.426227926e-05,2.520006249e-03,2.713111285e-05,1.316746528e-05,1.844367709e-02,3.476734381e+01,3.182491583e-06,7.844063e-16,8.112528e-19,7.411538e-22,7.117192e-03
5.880000,3.535481425e-05,1.136695504e-04,3.828774130e-03,5.683477251e-05,6.029735527e-05,2.200262719e-02,3.476286379e+01,7.384683368e-06,4.442484e-16,2.350618e-19,1.274953e-21,7.093983e-03
5.890000,8.372070624e-05,2.301065143e-04,2.313692533e-03,1.150532552e-04,1.447177433e-04,1.297745673e-02,3.474182254e+01,2.950030382e-06,2.383286e-16,2.292843e-19,1.694893e-21,7.100932e-03
5.900000,6.475081198e-05,2.000052707e-04,2.673335765e-03,1.000026304e-04,1.067083630e-04,1.349045194e-02,3.473748229e+01,3.744459663e-06,3.348755e-16,3.862360e-19,5.293956e-22,7.075513e-03
5.910000,2.250698843e-05,1.186423006e-04,3.642997074e-03,5.932114122e-05,6.186181644e-05,2.409395051e-02,3.477321187e+01,6.694480899e-06,3.356668e-16,3.070614e-19,8.470329e-22,7.143972e-03
5.920000,2.312084831e-05,6.562321159e-05,7.425703731e-04,3.281159704e-05,5.860194404e-05,1.373060602e-02,3.476510452e+01,3.117916894e-07,7.308291e-17,1.881414e-19,1.509010e-22,7.088962e-03
5.930000,3.935011657e-05,1.128364100e-04,1.548462358e-03,5.641819484e-05,8.267953713e-05,2.756585395e-02,3.475321437e+01,1.279019186e-06,4.513201e-16,2.912487e-19,1.389600e-21,7.109382e-03
5.940000,1.227165784e-05,6.860357382e-05,2.390336608e-03,3.430178083e-05,5.312703213e-05,1.200956126e-02,3.473267423e+01,2.888847299e-06,2.235866e-16,1.769149e-19,4.235165e-22,7.110702e-03
5.950000,4.210904474e-05,1.305026037e-04,2.504654255e-03,6.525129881e-05,4.940506288e-05,1.680841546e-02,3.474130209e+01,3.190235208e-06,2.406878e-16,4.049005e-19,8.731016e-22,7.186292e-03
5.960000,1.863591077e-05,3.326107413e-05,7.376047363e-04,1.663050828e-05,7.300518878e-06,1.456769676e-02,3.477381942e+01,2.746693445e-07,3.346306e-16,1.353692e-19,1.323489e-22,7.080192e-03
5.970000,6.445480166e-05,2.158926518e-04,1.974251741e-03,1.079463211e-04,5.275767993e-05,1.296366693e-02,3.475608627e+01,2.064321217e-06,3.341220e-16,5.482589e-20,1.645603e-21,6.912993e-03
5.980000,6.321110794e-05,1.620678105e-04,3.790353217e-03,8.103389784e-05,8.309781489e-05,2.306536386e-02,3.477436715e+01,7.291162670e-06,5.641531e-16,3.526291e-19,2.619305e-21,6.866132e-03
5.990000,5.543775446e-05,1.200679610e-04,2.930676733e-03,6.003397498e-05,2.640520770e-05,2.259048347e-02,3.472688202e+01,4.328843561e-06,2.955245e-17,5.047775e-19,9.470116e-22,6.856203e-03
6.000000,3.719765603e-05,1.536997967e-04,1.500940201e-03,7.684989532e-05,1.263771339e-04,1.448841828e-02,3.476331734e+01,1.301427434e-06,2.225187e-16,3.554885e-20,5.293956e-23,6.916012e-03
6.010000,2.667574157e-05,5.003977664e-05,4.630948100e-03,2.501986498e-05,3.734991144e-05,2.276893598e-02,3.471348595e+01,1.073900823e-05,5.559321e-16,8.135888e-20,3.618526e-21,6.912123e-03
6.020000,2.825534184e-05,6.559545996e-05,1.408453658e-03,3.279771117e-05,5.255848387e-05,2.475992283e-02,3.477927451e+01,1.022575526e-06,5.582307e-16,9.784416e-20,1.736547e-21,6.909722e-03
6.030000,4.261630381e-05,1.237653456e-04,2.670403349e-03,6.188266147e-05,9.041733089e-05,1.538864658e-02,3.477246737e+01,3.661565084e-06,7.849699e-16,4.038535e-20,1.125510e-21,6.899982e-03
6.040000,4.695615174e-05,1.354568763e-04,2.011202292e-03,6.772843636e-05,1.218239352e-04,1.656599078e-02,3.473343420e+01,2.177893028e-06,4.441464e-16,2.179748e-19,4.764560e-22,6.909653e-03
6.050000,1.764142841e-05,1.225149804e-04,4.813565764e-03,6.125748864e-05,7.336144351e-05,2.369654883e-02,3.476247784e+01,1.165828273e-05,4.488982e-16,2.466513e-19,3.414499e-21,6.858043e-03
6.060000,6.215833017e-05,1.296704493e-04,2.812278360e-03,6.483521486e-05,6.701731664e-05,2.266272384e-02,3.470557174e+01,4.024014194e-06,5.656862e-16,2.821375e-19,1.746203e-21,6.906492e-03
6.070000,3.108006224e-05,8.325635478e-05,2.469534762e-03,4.162816543e-05,4.055209357e-05,1.868408503e-02,3.476636520e+01,3.076319981e-06,3.491502e-16,3.042718e-19,9.245497e-22,6.900003e-03
6.080000,4.456736483e-05,7.241703106e-05,1.722045475e-03,3.620850876e-05,3.199020832e-05,1.492739667e-02,3.472361829e+01,1.501395745e-06,2.492184e-16,1.135852e-19,5.989427e-22,6.928802e-03
6.090000,5.419731109e-05,1.255921916e-04,1.517808736e-03,6.279609352e-05,8.172810039e-05,1.994853843e-02,3.473347177e+01,1.236854334e-06,4.453499e-16,1.453947e-19,1.042788e-21,6.862952e-03
6.100000,6.456803847e-05,2.000870198e-04,3.519549861e-03,1.000435034e-04,1.000798133e-04,1.890187099e-02,3.471415468e+01,6.353812985e-06,6.672563e-16,3.984222e-19,3.618526e-21,6.903123e-03
6.110000,2.696093945e-05,7.400880991e-05,2.144693654e-03,3.700440044e-05,3.512637779e-05,1.960935894e-02,3.475527821e+01,2.320680939e-06,4.924796e-16,1.323257e-19,4.235165e-22,6.934323e-03
6.120000,3.319772993e-05,9.796386939e-05,1.716861668e-03,4.898192808e-05,2.948156358e-05,1.566810148e-02,3.472618999e+01,1.499954128e-06,5.562287e-17,9.508954e-20,2.117582e-22,6.911862e-03
6.130000,8.777372261e-06,2.760243735e-05,1.715083394e-03,1.380118638e-05,1.959482716e-05,1.921993916e-02,3.474449418e+01,1.475350964e-06,2.349361e-16,2.060903e-19,2.994714e-22,6.877713e-03
6.140000,4.118115678e-05,5.787637096e-05,2.597079604e-03,2.893819186e-05,5.938539304e-05,1.518540197e-02,3.477674344e+01,3.407323584e-06,1.110326e-15,4.205447e-19,2.210821e-21,6.882393e-03
6.150000,7.587545025e-06,8.556865412e-05,8.357825399e-04,4.278431198e-05,4.976498635e-05,1.401721152e-02,3.473051008e+01,3.837226367e-07,6.664442e-16,1.592963e-19,4.478402e-22,6.847953e-03
6.160000,4.081869760e-05,2.068167223e-04,4.896258126e-03,1.034083570e-04,1.248868496e-04,2.751985136e-02,3.482167828e+01,1.219699192e-05,1.186733e-16,2.229419e-19,3.618526e-21,6.838682e-03
6.170000,1.023865020e-04,3.020005501e-04,1.175267352e-03,1.510002724e-04,9.763297734e-05,1.748285152e-02,3.471330233e+01,9.492929188e-07,1.290948e-17,1.121583e-19,8.470329e-22,6.919153e-03
6.180000,3.731552996e-05,7.494062856e-05,3.488242633e-03,3.747031168e-05,4.028084057e-05,2.536804649e-02,3.478111769e+01,6.108130898e-06,4.777586e-16,3.297255e-19,2.117582e-21,6.945782e-03
6.190000,5.385665605e-05,1.183643310e-04,1.033990790e-03,5.918215369e-05,9.965947312e-05,1.414342614e-02,3.477356614e+01,6.420447797e-07,6.750772e-16,1.506022e-19,4.134712e-22,6.866233e-03
6.200000,7.185113958e-05,1.662379981e-04,2.954030237e-03,8.311899699e-05,6.390644627e-05,2.332558913e-02,3.478644558e+01,4.451089734e-06,2.450161e-16,3.737172e-19,2.584839e-21,6.794163e-03
6.210000,7.490893786e-05,1.892269448e-04,5.545529621e-03,9.461346985e-05,1.031607741e-04,2.898336919e-02,3.468269527e+01,1.553320022e-05,2.674487e-16,3.992801e-21,4.171154e-21,6.863003e-03
6.220000,5.484530615e-05,1.099930200e-04,3.282608038e-03,5.499650240e-05,5.032850219e-05,1.896679345e-02,3.478396647e+01,5.432218353e-06,2.220457e-16,5.584541e-19,2.619305e-21,6.938602e-03
6.230000,8.290993568e-05,2.083095165e-04,4.129087377e-03,1.041547552e-04,1.515464578e-04,1.981318843e-02,3.478338365e+01,8.795197617e-06,1.838163e-16,1.306894e-19,1.561717e-21,6.883332e-03
6.240000,3.281864767e-05,5.685923848e-05,5.857399255e-03,2.842960129e-05,2.564829468e-05,2.739081303e-02,3.472443182e+01,1.716629164e-05,4.441452e-16,8.549219e-19,3.457322e-21,6.825293e-03
6.250000,3.822425538e-05,1.018474605e-04,3.241241213e-03,5.092371708e-05,3.253324995e-05,1.932163721e-02,3.473960125e+01,5.282035400e-06,6.667982e-16,4.556363e-19,2.395771e-21,6.908812e-03
6.260000,4.701530359e-05,1.770435125e-04,8.609707869e-04,8.852175309e-05,8.789223680e-05,1.157505659e-02,3.472665637e+01,4.951245164e-07,2.419472e-16,2.252216e-19,6.738106e-22,6.873533e-03
6.270000,3.589059207e-05,4.919226077e-05,4.058534675e-03,2.459610893e-05,2.808832361e-05,2.151116140e-02,3.473774459e+01,8.247003234e-06,3.341432e-16,1.248237e-19,1.809263e-21,6.937323e-03
6.280000,2.217057530e-05,2.561854159e-05,5.727818258e-04,1.280925438e-05,8.129197510e-06,9.737316033e-03,3.475159603e+01,1.658807968e-07,2.338291e-16,6.456249e-20,1.101362e-22,6.867003e-03
6.290000,7.890590262e-05,2.038607948e-04,1.309153858e-03,1.019303940e-04,8.912890217e-05,2.497092633e-02,3.478248243e+01,1.003612044e-06,2.900252e-17,3.526238e-19,6.374767e-22,6.895303e-03
6.300000,2.786383434e-05,6.334165858e-05,2.135662546e-03,3.167082105e-05,5.141534114e-05,1.124556172e-02,3.473942523e+01,2.309699881e-06,2.429359e-17,1.092142e-19,2.646978e-23,6.871943e-03
6.310000,2.663701720e-05,1.027214333e-04,1.758253673e-03,5.136071115e-05,3.414844805e-05,1.752823003e-02,3.477106654e+01,1.576160302e-06,4.105509e-17,3.258493e-19,3.187384e-22,6.890473e-03
6.320000,8.261900240e-05,1.012404763e-04,1.857677316e-03,5.062022805e-05,4.651399612e-05,1.809163142e-02,3.479796043e+01,1.763290181e-06,3.384227e-16,3.298682e-19,1.701494e-21,6.854163e-03
6.330000,3.950777199e-05,1.169357229e-04,4.251365411e-03,5.846785715e-05,7.560539062e-05,2.868194758e-02,3.482781445e+01,9.110131251e-06,2.647995e-16,6.038683e-19,8.470329e-22,6.883772e-03
6.340000,2.451138129e-05,9.249436793e-05,3.197706841e-03,4.624717610e-05,6.708712969e-05,2.141496678e-02,3.472561616e+01,5.165780396e-06,1.824712e-17,6.345977e-19,8.470329e-22,6.845502e-03
6.350000,9.477907342e-05,1.584454309e-04,3.169623146e-03,7.922270798e-05,6.266013269e-05,2.051308762e-02,3.474283700e+01,5.104875680e-06,5.845239e-16,1.478867e-19,1.714621e-21,6.823762e-03
6.360000,1.348879865e-05,1.411936787e-04,3.480304850e-03,7.059683191e-05,8.042209672e-05,2.424948857e-02,3.477810688e+01,6.147873933e-06,4.453310e-16,2.311014e-19,2.678553e-21,6.828213e-03
6.370000,6.062816236e-05,1.673684283e-04,6.225507748e-03,8.368420738e-05,8.461702027e-05,2.947035507e-02,3.476639168e+01,1.949177805e-05,4.459454e-16,2.677269e-19,3.492406e-21,6.928922e-03
6.380000,4.155003734e-05,1.628057775e-04,2.401407012e-03,8.140288260e-05,8.347565022e-05,1.293812141e-02,3.473907473e+01,2.992134725e-06,3.430779e-16,1.728358e-19,1.274953e-21,6.841713e-03
6.390000,4.100620347e-05,1.145666241e-04,2.965191542e-03,5.728330118e-05,8.827738211e-05,1.890157018e-02,3.473006042e+01,4.484774624e-06,5.562594e-16,3.900998e-19,1.274953e-21,6.870073e-03
6.400000,2.038853923e-05,2.089030794e-04,2.544452506e-03,1.044515369e-04,1.371126667e-04,1.878985791e-02,3.473255905e+01,3.474799334e-06,7.422707e-18,1.273863e-19,0.000000e+00,6.832033e-03
6.410000,6.254054823e-05,1.960071919e-04,3.793308763e-03,9.800359034e-05,9.832327813e-05,2.142798843e-02,3.476071664e+01,7.348773050e-06,3.406120e-16,1.888823e-19,1.774857e-21,6.834113e-03
6.420000,4.143204228e-05,2.082875336e-05,4.216103831e-03,1.041436558e-05,3.901406837e-05,2.217885678e-02,3.480305294e+01,8.900810209e-06,4.488488e-16,3.500865e-19,2.619305e-21,6.866712e-03
6.430000,2.307437954e-05,5.541314510e-05,1.809280429e-03,2.770654600e-05,5.124210698e-05,1.219419563e-02,3.475938630e+01,1.663895085e-06,7.787462e-16,1.636297e-19,9.046316e-22,6.842413e-03
6.440000,1.082782819e-04,1.900169597e-04,1.538724703e-03,9.500847645e-05,8.580247157e-05,1.570849060e-02,3.471802057e+01,1.314946254e-06,9.054851e-17,1.837003e-19,8.063513e-22,6.851632e-03
6.450000,3.003276454e-05,8.200721357e-05,2.102090347e-03,4.100359537e-05,3.757948629e-05,1.828722282e-02,3.470636402e+01,2.234140015e-06,3.581237e-16,2.597654e-19,9.470116e-22,6.870392e-03
6.460000,6.010338507e-05,1.693487830e-04,7.523708958e-04,8.467438674e-05,4.143388416e-05,1.192050555e-02,3.477166799e+01,3.541231307e-07,1.826547e-16,1.969164e-19,1.908763e-22,6.910352e-03
6.470000,3.576851650e-05,8.764626397e-05,3.942502093e-03,4.382312488e-05,5.953193570e-05,2.223119162e-02,3.475450913e+01,7.815377517e-06,5.933689e-17,3.111390e-19,8.731016e-22,6.853073e-03
6.480000,3.741987848e-05,1.697247703e-04,1.949909565e-03,8.486237889e-05,6.682833152e-05,1.656068411e-02,3.471350860e+01,1.994414849e-06,3.342970e-16,2.228926e-19,4.235165e-22,6.834203e-03
6.490000,3.377469713e-05,7.906691492e-05,4.544538192e-03,3.953344794e-05,3.316533334e-05,2.567346839e-02,3.482153921e+01,1.034771635e-05,1.406505e-16,2.709023e-19,0.000000e+00,6.858252e-03
6.500000,9.013072534e-05,1.937069411e-04,2.405533146e-03,9.685346795e-05,1.610593416e-05,3.121489510e-02,3.476226230e+01,2.970414820e-06,2.241005e-16,3.564094e-19,1.821613e-21,6.867303e-03
6.510000,1.356642426e-05,4.605399078e-05,3.048044213e-03,2.302697463e-05,1.739679705e-05,1.939883661e-02,3.474304520e+01,4.651949883e-06,2.253912e-16,2.388490e-19,3.176374e-22,6.913432e-03
6.520000,4.013903029e-05,3.487850983e-05,2.506961292e-03,1.743924431e-05,2.990029776e-05,1.982543339e-02,3.471868128e+01,3.152012700e-06,2.308536e-16,4.149647e-20,2.367529e-21,6.895932e-03
6.530000,3.927965180e-05,1.032978588e-04,7.788043241e-04,5.164892091e-05,2.494187835e-05,7.447062810e-03,3.473114685e+01,3.295857542e-07,2.363795e-16,5.437196e-20,1.142827e-22,6.925043e-03
6.540000,4.421744897e-05,1.469906706e-04,2.977074881e-03,7.349532855e-05,8.387164733e-05,2.171625076e-02,3.478749440e+01,4.530975556e-06,3.422814e-16,4.579557e-19,1.339277e-21,6.906722e-03
6.550000,2.902671013e-05,2.216667371e-04,2.095833681e-03,1.108333633e-04,1.241078137e-04,1.177240237e-02,3.474070453e+01,2.417753679e-06,5.551139e-16,2.425924e-19,2.880109e-22,6.867393e-03
6.560000,5.006766985e-05,2.507523132e-04,2.739347637e-03,1.253761533e-04,8.364628318e-05,1.817770337e-02,3.474437956e+01,3.933739781e-06,1.153294e-16,4.356421e-19,6.352747e-22,6.806863e-03
6.570000,6.527378997e-05,1.794143744e-04,4.391886529e-03,8.970718230e-05,4.688989295e-05,2.518976110e-02,3.470547173e+01,9.726301968e-06,2.303335e-16,2.857535e-19,2.251021e-21,6.841092e-03
6.580000,5.200792058e-05,1.189495326e-04,2.726789379e-03,5.947475923e-05,6.247418357e-05,2.348930211e-02,3.471785024e+01,3.777212324e-06,1.360864e-16,5.432835e-19,2.123530e-21,6.810153e-03
6.590000,9.737284436e-05,7.409370417e-05,2.117658649e-03,3.704683594e-05,6.860782580e-05,1.357532679e-02,3.474463127e+01,2.290875092e-06,4.494211e-16,1.575465e-19,5.293956e-22,6.816253e-03
6.600000,2.822215925e-05,2.101922326e-04,1.903137871e-03,1.050961145e-04,1.134314871e-04,1.005865026e-02,3.478152410e+01,2.002262043e-06,4.524606e-16,9.487127e-20,2.117582e-22,6.791023e-03
6.610000,8.173080224e-05,2.175297092e-04,9.660319564e-04,1.087648506e-04,7.977730505e-05,9.368652725e-03,3.474896596e+01,6.121625595e-07,2.226414e-16,7.523344e-20,3.708132e-22,6.818493e-03
6.620000,5.447053590e-05,9.860424328e-05,2.609862846e-03,4.930211469e-05,3.483032467e-05,2.998126302e-02,3.482652665e+01,3.434842837e-06,5.746695e-17,2.410479e-19,2.128144e-21,6.810983e-03
6.630000,1.291882082e-05,9.944131136e-05,2.378180532e-03,4.972064847e-05,6.953487707e-05,2.068693616e-02,3.474994781e+01,2.886329257e-06,9.529440e-17,5.605596e-19,1.297829e-21,6.833223e-03
6.640000,6.770437000e-05,1.282530816e-04,4.543128035e-03,6.412653842e-05,1.663964522e-05,2.656127917e-02,3.467613131e+01,1.035511890e-05,4.493027e-16,2.359781e-20,1.694066e-21,6.828823e-03
6.650000,4.796268964e-05,1.061292921e-04,3.285512511e-03,5.306463632e-05,5.740834588e-05,1.893324620e-02,3.481006224e+01,5.446188822e-06,3.446010e-16,4.899852e-19,9.046316e-22,6.811583e-03
6.660000,2.508303872e-05,1.183965365e-04,3.125375406e-03,5.919825548e-05,8.449250791e-05,2.847991671e-02,3.475149477e+01,4.969133052e-06,7.771583e-16,3.253310e-19,4.282545e-21,6.836603e-03
6.670000,7.439871619e-05,1.026857690e-04,2.529438548e-03,5.134287766e-05,1.193664903e-04,1.587489252e-02,3.476513687e+01,3.334105286e-06,3.653747e-17,5.149263e-20,5.989427e-22,6.824533e-03
6.680000,3.957381781e-05,2.186079352e-04,2.337557333e-03,1.093039631e-04,9.516110662e-05,2.027528228e-02,3.472670082e+01,2.900111083e-06,3.565595e-16,4.552163e-19,4.268124e-22,6.810863e-03
6.690000,3.068171758e-05,1.505991472e-04,1.369141933e-03,7.529956337e-05,6.908669834e-05,1.665737058e-02,3.472228141e+01,1.020818785e-06,8.897474e-16,1.093904e-19,5.293956e-22,6.862653e-03
6.700000,4.672696257e-05,1.725792380e-04,5.213752089e-03,8.628961284e-05,8.080961688e-05,2.959653734e-02,3.469456673e+01,1.370341415e-05,3.420777e-16,4.953878e-19,6.842937e-21,6.864652e-03
6.710000,4.015795058e-05,1.929139205e-04,2.873168803e-03,9.645695647e-05,1.246648206e-04,2.523431355e-02,3.476698124e+01,4.326311579e-06,1.241368e-16,3.877981e-19,1.746203e-21,6.876722e-03
6.720000,4.429316770e-05,1.149668420e-04,3.857996382e-03,5.748341573e-05,5.223680967e-05,1.813026621e-02,3.477772381e+01,7.490332262e-06,2.747508e-16,2.326227e-19,8.470329e-22,6.850993e-03
6.730000,7.459169683e-05,1.365722795e-04,1.562775208e-03,6.828613010e-05,8.938236480e-05,1.277446665e-02,3.474821782e+01,1.322350797e-06,6.663704e-16,1.481633e-19,6.402186e-22,6.908822e-03
6.740000,7.172523997e-05,2.443615433e-04,5.239737719e-03,1.221807654e-04,7.505280020e-05,2.435765189e-02,3.468137082e+01,1.389191418e-05,6.668578e-16,3.195641e-19,5.099814e-21,6.842563e-03
6.750000,3.161155588e-05,1.891995596e-04,1.795001227e-03,9.459977651e-05,1.248035918e-04,1.923442298e-02,3.471322330e+01,1.807215137e-06,3.535830e-17,6.126748e-20,7.940934e-22,6.865823e-03
6.760000,3.842376584e-05,1.060657494e-04,4.398278609e-03,5.303286717e-05,7.609531818e-05,2.321059464e-02,3.477323555e+01,9.741251222e-06,1.202640e-16,6.175433e-19,2.543304e-21,6.844442e-03
6.770000,4.462260877e-05,1.393845347e-04,3.739950901e-03,6.969225794e-05,7.981308387e-05,1.604614065e-02,3.477186905e+01,7.083433486e-06,6.723657e-16,3.852602e-19,3.519585e-21,6.879542e-03
6.780000,5.380497879e-05,8.429053069e-05,3.845600244e-03,4.214525976e-05,3.265654029e-05,2.321204454e-02,3.479706740e+01,7.417061998e-06,2.239971e-16,6.253871e-19,2.541099e-21,6.990573e-03
6.790000,2.893575537e-05,1.481269114e-04,2.717833904e-03,7.406344516e-05,9.236682085e-05,1.655119138e-02,3.474893504e+01,3.805446754e-06,8.951977e-16,1.978115e-19,2.141273e-21,6.876702e-03
6.800000,5.359341904e-05,1.771328027e-04,1.615676479e-03,8.856639728e-05,8.014356952e-05,1.522204490e-02,3.476066867e+01,1.419341229e-06,1.409751e-16,8.787491e-20,5.398797e-22,6.875182e-03
6.810000,4.381133020e-05,1.039430753e-04,2.165471905e-03,5.197152990e-05,7.250919019e-05,1.821283420e-02,3.473459044e+01,2.408303267e-06,2.220463e-16,2.924704e-20,8.536247e-22,6.874042e-03
6.820000,5.599541397e-05,9.252182704e-05,3.100699849e-03,4.626090902e-05,1.286022395e-05,1.939788058e-02,3.475891961e+01,4.825613434e-06,2.220480e-16,1.898467e-19,8.536247e-22,6.888183e-03
6.830000,9.973789277e-05,1.277218886e-04,5.341252533e-03,6.386093751e-05,8.232115618e-05,2.738532334e-02,3.472280449e+01,1.435132925e-05,2.341420e-16,6.156700e-19,3.492406e-21,6.857643e-03
6.840000,2.309014265e-05,1.047738654e-04,2.857064621e-03,5.238692709e-05,4.865828130e-05,2.105971479e-02,3.475391816e+01,4.122305272e-06,7.152021e-17,5.725932e-20,6.352747e-22,6.887502e-03
6.850000,8.935349298e-05,2.757689332e-04,3.567262157e-03,1.378844623e-04,1.453672852e-04,2.128456343e-02,3.475842042e+01,6.683829828e-06,3.366657e-16,2.276626e-19,1.809263e-21,6.889372e-03
6.860000,4.297155433e-05,7.022053912e-05,2.406683005e-03,3.511026242e-05,6.977141228e-05,1.422333878e-02,3.475483559e+01,2.944867787e-06,2.888057e-16,1.082519e-19,4.235165e-22,6.903772e-03
6.870000,4.973036059e-05,1.025327625e-04,2.070033649e-03,5.126638024e-05,5.439658242e-05,1.096448712e-02,3.476551766e+01,2.187217493e-06,6.661595e-16,1.087527e-19,5.989427e-22,6.900052e-03
6.880000,8.179908524e-05,2.373163836e-04,2.606218698e-03,1.186581870e-04,9.615392840e-05,2.072506465e-02,3.472651856e+01,3.582790698e-06,4.510197e-16,1.964455e-19,9.988616e-22,6.909263e-03
6.890000,6.410475711e-05,1.599370946e-04,3.077311035e-03,7.996854419e-05,9.852425634e-05,1.608380492e-02,3.476387627e+01,4.863737580e-06,2.222906e-16,9.670695e-20,1.058791e-22,6.902123e-03
6.900000,9.882179232e-05,1.818268339e-04,3.132404806e-03,9.091341586e-05,3.459089008e-05,1.580514216e-02,3.474405380e+01,4.981674165e-06,4.454255e-16,3.451125e-19,1.707249e-21,6.897833e-03
6.910000,2.928548580e-05,1.447684798e-04,2.951732501e-03,7.238423190e-05,8.781122426e-05,1.820727785e-02,3.478030217e+01,4.459964683e-06,5.579261e-16,2.680064e-19,1.707249e-21,6.891793e-03
6.920000,6.286615999e-05,1.327561871e-04,4.841516167e-03,6.637808727e-05,1.156839875e-05,2.358155046e-02,3.471644394e+01,1.175645842e-05,2.373274e-16,2.810326e-19,3.414499e-21,6.875593e-03
6.930000,8.393266692e-05,1.807599890e-04,4.239182194e-03,9.037999139e-05,3.039453948e-05,2.088700336e-02,3.476768887e+01,9.058071805e-06,2.480892e-16,1.352409e-19,9.470116e-22,6.896613e-03
6.940000,4.807208281e-05,1.259032645e-04,2.684918123e-03,6.295162424e-05,5.688531013e-05,2.445295760e-02,3.480258471e+01,3.661983427e-06,3.377846e-16,8.893149e-19,3.268562e-21,6.914203e-03
6.950000,3.122169970e-05,1.105565182e-04,2.610274206e-03,5.527825791e-05,9.219688709e-05,1.972175261e-02,3.475935904e+01,3.499213330e-06,6.661882e-16,3.255640e-19,8.573104e-22,6.909952e-03
6.960000,7.017749685e-05,2.168098451e-04,1.366555322e-03,1.084049168e-04,1.144195912e-04,1.277643534e-02,3.472124603e+01,1.132484475e-06,5.584033e-16,1.391450e-19,2.497154e-22,6.920792e-03
6.970000,5.707951148e-05,1.113132580e-04,1.401824768e-03,5.565662867e-05,2.601653174e-05,1.094414157e-02,3.478064369e+01,1.012752502e-06,6.700472e-16,1.262992e-19,5.627552e-22,6.895032e-03
6.980000,2.545117978e-05,1.266230256e-04,3.140389167e-03,6.331150414e-05,7.574823611e-05,1.741166779e-02,3.472682044e+01,5.008991195e-06,4.490972e-16,1.190263e-19,8.536247e-22,6.900993e-03
6.990000,6.412636821e-05,4.164084104e-05,1.657567564e-03,2.082041216e-05,7.201534065e-05,2.385332191e-02,3.469302716e+01,1.418722706e-06,2.256733e-16,1.129796e-19,1.701494e-21,6.879812e-03
7.000000,3.820046113e-05,9.352137815e-05,3.593972896e-03,4.676067830e-05,2.351310097e-05,2.500372932e-02,3.476108146e+01,6.480236004e-06,3.422583e-16,2.228425e-19,6.352747e-22,6.858932e-03
7.010000,2.753510821e-05,2.104009114e-04,3.198450545e-03,1.052004512e-04,9.891266216e-05,2.615779041e-02,3.482669875e+01,5.281849741e-06,3.383057e-16,4.902921e-19,2.560874e-21,6.875003e-03
7.020000,6.484186957e-05,2.293258442e-04,3.366185884e-03,1.146629190e-04,8.791653341e-05,1.745545621e-02,3.475712102e+01,5.832618918e-06,8.516832e-17,4.846674e-19,8.536247e-22,6.843683e-03
7.030000,2.696618345e-05,1.185429023e-04,3.707661394e-03,5.927144622e-05,5.445006081e-05,1.907426881e-02,3.476459330e+01,6.925199813e-06,2.341801e-16,2.810480e-19,1.800140e-21,6.883813e-03
7.040000,7.058223371e-05,2.364926616e-04,5.619572346e-03,1.182463283e-04,1.275054865e-04,2.962342687e-02,3.479157879e+01,1.603171542e-05,7.234678e-17,2.034659e-19,7.237053e-21,6.830283e-03
7.050000,1.159300470e-04,3.115485894e-04,2.145059974e-03,1.557742904e-04,1.272467078e-04,1.846287613e-02,3.477194358e+01,2.624299981e-06,4.577838e-16,1.369455e-19,4.365508e-22,6.842533e-03
7.060000,2.643022520e-05,1.069866141e-04,2.077931575e-03,5.349329932e-05,8.010941636e-05,1.650611664e-02,3.472706868e+01,2.233132229e-06,1.151286e-16,1.567178e-19,2.367529e-22,6.893452e-03
7.070000,6.427587401e-05,6.426355153e-05,1.906455707e-03,3.213176136e-05,9.048198050e-05,1.497661442e-02,3.475804486e+01,1.891042192e-06,2.220456e-16,2.911544e-19,3.389786e-22,6.850072e-03
7.080000,1.137445209e-04,2.492586305e-04,1.312503300e-03,1.246293114e-04,4.223484863e-05,1.708892911e-02,3.473272469e+01,9.998624383e-07,1.375695e-16,3.081691e-19,1.058791e-22,6.915412e-03
7.090000,5.380516249e-05,2.670710276e-04,2.996498900e-03,1.335355091e-04,1.234618057e-04,1.902703596e-02,3.477271638e+01,4.754099226e-06,4.467561e-16,2.183036e-19,2.752857e-21,6.883082e-03
7.100000,5.738938124e-05,1.324981022e-04,2.902315111e-03,6.624904193e-05,5.741245195e-05,1.497503155e-02,3.475331953e+01,4.273197503e-06,5.664453e-16,6.723250e-20,9.470116e-22,6.870882e-03
7.110000,3.840482089e-05,4.850046647e-05,1.865255263e-03,2.425021654e-05,6.607442496e-05,1.713471170e-02,3.474844910e+01,1.779219819e-06,1.147767e-16,5.518284e-20,4.268124e-22,6.872972e-03
7.120000,7.278600393e-05,2.120141028e-04,4.814027810e-03,1.060070481e-04,9.419396772e-05,2.651126532e-02,3.468562786e+01,1.174831186e-05,3.521624e-17,4.462332e-19,1.694066e-21,6.848992e-03
7.130000,5.367262985e-05,1.443897300e-04,2.394189254e-03,7.219485660e-05,7.266929099e-05,2.450255416e-02,3.478707324e+01,2.950014476e-06,5.562605e-16,3.607649e-19,6.296025e-21,6.901822e-03
7.140000,5.692935098e-05,9.740266177e-05,3.502779572e-03,4.870132133e-05,5.192959342e-05,1.988446784e-02,3.473268305e+01,6.175280375e-06,2.450190e-16,5.663956e-19,1.197885e-21,6.882942e-03
7.150000,7.689880205e-05,1.301712837e-04,1.743451887e-03,6.508564274e-05,2.736987938e-05,1.725935350e-02,3.476159491e+01,1.559694250e-06,8.909427e-16,2.194563e-19,6.696383e-22,6.918712e-03
7.160000,3.140886711e-05,1.912548222e-04,5.014564985e-03,9.562740482e-05,1.275907876e-04,2.618635007e-02,3.473140430e+01,1.277632307e-05,5.604647e-16,1.304828e-19,3.414499e-21,6.878693e-03
7.170000,7.176531668e-05,1.396603891e-04,3.146834994e-03,6.983019348e-05,8.200164988e-05,2.269730016e-02,3.469576648e+01,5.044089451e-06,6.662246e-16,1.542257e-19,5.191317e-21,6.846093e-03
7.180000,4.230859825e-05,1.201520573e-04,1.588707376e-03,6.007602247e-05,5.372287463e-05,1.269825274e-02,3.473908831e+01,1.313957769e-06,1.585422e-16,2.962800e-19,7.486784e-22,6.817622e-03
7.190000,7.300577852e-05,2.278533280e-04,4.742399721e-03,1.139266609e-04,1.020541225e-04,3.117610745e-02,3.475348570e+01,1.143233218e-05,3.287335e-17,2.511651e-20,2.251021e-21,6.856292e-03
7.200000,2.077800516e-05,8.761683085e-05,4.490283880e-03,4.380840429e-05,2.732637078e-05,3.217296230e-02,3.476477069e+01,1.010265192e-05,3.740124e-16,1.295788e-19,3.394743e-21,6.859093e-03
7.210000,4.376847102e-05,1.511008459e-04,3.111397189e-03,7.555041558e-05,6.181134549e-05,2.289263586e-02,3.475889476e+01,4.916624297e-06,4.560408e-16,3.023690e-19,1.697371e-21,6.872753e-03
7.220000,3.334822018e-05,1.154389717e-04,3.490728245e-03,5.771947534e-05,4.978074996e-05,2.215858769e-02,3.471274064e+01,6.139069128e-06,5.552322e-16,3.351558e-19,3.492406e-21,6.904272e-03
7.230000,4.075016549e-05,1.002655810e-04,4.112808304e-03,5.013278656e-05,3.198925262e-05,2.270775934e-02,3.472079746e+01,8.485888940e-06,2.224347e-16,4.366779e-19,2.117582e-22,6.884413e-03
7.240000,4.468461253e-05,2.248013635e-04,4.524448711e-03,1.124006799e-04,1.097700715e-04,2.468659504e-02,3.469085184e+01,1.043278512e-05,2.220703e-16,1.442559e-19,4.235165e-22,6.897613e-03
7.250000,3.993599585e-05,1.579269185e-04,4.915720275e-03,7.896345305e-05,9.145188460e-05,2.959427631e-02,3.477362078e+01,1.219894230e-05,3.462925e-16,3.378307e-19,7.099430e-21,6.872733e-03
7.260000,9.274850823e-05,1.840947664e-04,4.123070522e-03,9.204738309e-05,6.114925869e-05,2.565902108e-02,3.479943960e+01,8.597550886e-06,6.661706e-16,2.044066e-19,3.492406e-21,6.870353e-03
7.270000,3.894320670e-05,5.964306994e-05,2.627257637e-03,2.982151985e-05,4.108457441e-05,2.046308292e-02,3.472997820e+01,3.471859467e-06,2.232619e-16,9.348992e-20,5.293956e-22,6.851823e-03
7.280000,7.344362653e-05,1.908731147e-04,5.024541143e-03,9.543655356e-05,1.263400849e-04,2.464340448e-02,3.476602098e+01,1.282356647e-05,3.248303e-17,4.372146e-19,3.836566e-21,6.875833e-03
7.290000,6.702432029e-05,1.451135519e-04,2.850982923e-03,7.255677034e-05,7.292729227e-05,1.905132151e-02,3.478906984e+01,4.148714814e-06,1.148699e-16,1.100608e-19,7.411538e-22,6.862642e-03
7.300000,4.205974510e-05,4.281722590e-05,4.015569780e-03,2.140858849e-05,3.880624599e-05,2.312597770e-02,3.474236057e+01,8.078114349e-06,3.520198e-16,2.938741e-19,3.429241e-21,6.900982e-03
7.310000,8.357569848e-05,1.257976115e-04,1.389877867e-03,6.289880251e-05,6.681578454e-05,9.739447887e-03,3.475598495e+01,1.033245110e-06,2.432426e-16,7.919678e-20,0.000000e+00,6.866252e-03
7.320000,6.437908410e-05,1.091331789e-04,2.663108199e-03,5.456657908e-05,1.739555128e-05,1.396682707e-02,3.475638493e+01,3.572313575e-06,4.441430e-16,2.039432e-19,1.303485e-21,6.892652e-03
7.330000,2.858940454e-05,8.033392208e-05,3.623935805e-03,4.016695633e-05,4.139055378e-05,2.614934571e-02,3.478167171e+01,6.593067857e-06,2.271627e-16,3.173572e-19,1.339277e-21,6.849382e-03
7.340000,7.120098757e-05,6.598764513e-05,2.639784599e-03,3.299381543e-05,5.273483905e-05,1.731372427e-02,3.474224770e+01,3.515187805e-06,2.499658e-16,2.331037e-19,2.576150e-21,6.907812e-03
7.350000,2.646665858e-05,1.322332000e-04,2.116342717e-03,6.611659622e-05,5.763178218e-05,1.645645841e-02,3.475576041e+01,2.300995860e-06,2.305307e-16,1.449381e-19,8.536247e-22,6.896492e-03
7.360000,6.151371606e-05,1.902628205e-04,3.056278628e-03,9.513140355e-05,7.104118829e-05,1.648079714e-02,3.475457358e+01,4.783194202e-06,5.560468e-16,3.255487e-19,2.543304e-21,6.869902e-03
7.370000,4.472854802e-05,1.075076059e-04,3.467142818e-03,5.375379773e-05,4.819074440e-05,1.569240184e-02,3.472183022e+01,6.052234211e-06,9.129302e-17,1.233079e-19,9.046316e-22,6.857862e-03
7.380000,6.822809864e-05,9.548658513e-05,1.588455687e-03,4.774327829e-05,3.921605355e-05,1.982933049e-02,3.474305389e+01,1.292134291e-06,6.899363e-16,7.504059e-20,1.497357e-22,6.851532e-03
7.390000,7.116575019e-05,1.562018727e-04,3.429826584e-03,7.810093144e-05,1.058047660e-04,2.913231664e-02,3.470438365e+01,6.020210429e-06,1.431505e-16,3.968194e-19,8.617936e-22,6.865732e-03
7.400000,5.086105107e-05,6.111748639e-05,2.188498233e-03,3.055873057e-05,4.347789369e-05,2.382235082e-02,3.472748861e+01,2.417355564e-06,1.180354e-16,2.269452e-19,1.444969e-21,6.885002e-03
7.410000,1.099731057e-04,1.724635575e-04,1.621821721e-03,8.623177577e-05,7.613959281e-05,1.311379064e-02,3.478452174e+01,1.421018102e-06,2.224275e-16,2.393019e-19,3.817526e-22,6.872142e-03
7.420000,7.493635473e-05,2.634396649e-04,3.339090798e-03,1.317198287e-04,1.479204496e-04,2.397516865e-02,3.477571605e+01,5.888608262e-06,3.002438e-16,4.053317e-19,1.809263e-21,6.841893e-03
7.430000,5.284880304e-05,1.265736174e-04,4.487871067e-03,6.328680420e-05,5.042460727e-05,2.358413860e-02,3.474227133e+01,1.012287624e-05,8.896387e-17,5.443773e-20,1.376429e-21,6.896883e-03
7.440000,4.931173533e-05,1.675375505e-04,1.090711306e-03,8.376877378e-05,6.981570639e-05,8.910788041e-03,3.473252979e+01,6.899570991e-07,4.492575e-16,1.663983e-19,1.588187e-22,6.897732e-03
7.450000,4.313614087e-05,1.647078888e-04,2.405606016e-03,8.235393895e-05,8.182374494e-05,2.012236509e-02,3.473265745e+01,3.001288524e-06,2.612172e-16,1.719265e-19,5.293956e-22,6.887193e-03
7.460000,7.109375077e-05,1.202724405e-04,2.634969665e-03,6.013621502e-05,5.625717534e-05,2.332627795e-02,3.476722367e+01,3.525782442e-06,5.671140e-17,3.575634e-19,1.274953e-21,6.923462e-03
7.470000,1.111996907e-05,1.158388784e-04,1.516759263e-03,5.791943026e-05,6.450583385e-05,1.614744102e-02,3.476745454e+01,1.210404635e-06,3.330808e-16,3.933793e-19,1.064072e-21,6.848943e-03
7.480000,2.499710079e-05,1.270429379e-04,1.244244330e-03,6.352146297e-05,9.121609015e-05,1.334494961e-02,3.474940110e+01,8.729147878e-07,1.195154e-16,2.123865e-19,1.497357e-22,6.849152e-03
7.490000,3.262140854e-05,8.880834548e-05,1.763312976e-03,4.440416175e-05,5.676467659e-05,1.871241276e-02,3.476707504e+01,1.596187991e-06,2.252350e-16,3.386140e-19,5.701765e-22,6.855522e-03
7.500000,8.190621367e-05,1.123150528e-04,3.090380379e-03,5.615752312e-05,3.377355955e-05,1.944841158e-02,3.474106607e+01,4.809580010e-06,2.436570e-16,4.420188e-19,9.470116e-22,6.835773e-03
7.510000,3.917367924e-05,6.646763129e-05,1.991721960e-03,3.323380234e-05,2.698654488e-05,1.997916225e-02,3.474577320e+01,1.998140257e-06,2.301410e-16,2.671501e-19,2.367529e-22,6.801512e-03
7.520000,6.113171552e-05,3.149966643e-04,3.486136728e-03,1.574983262e-04,1.535276031e-04,1.950598116e-02,3.471251681e+01,6.463586225e-06,1.112074e-15,4.337524e-19,2.941839e-21,6.789973e-03
7.530000,4.803824044e-05,3.155605787e-05,4.241571743e-03,1.577800318e-05,4.812018428e-05,1.922081618e-02,3.469846258e+01,9.015981406e-06,2.011494e-16,1.856696e-19,1.809263e-21,6.848753e-03
7.540000,4.915941537e-05,2.086174489e-04,1.933060739e-03,1.043087226e-04,1.144774936e-04,1.653519964e-02,3.474275829e+01,2.060245159e-06,2.290571e-16,1.468279e-19,8.470329e-22,6.861273e-03
7.550000,2.785204686e-05,1.632328018e-04,3.482787274e-03,8.161639693e-05,8.241580189e-05,2.798330781e-02,3.475150861e+01,6.172532405e-06,1.203536e-16,3.328271e-19,3.054021e-21,6.850882e-03
7.560000,6.729275301e-05,2.231790745e-04,1.513197107e-03,1.115895339e-04,1.149841806e-04,2.443152638e-02,3.474769079e+01,1.350271430e-06,4.631171e-17,2.496736e-19,6.988222e-22,6.881393e-03
7.570000,5.618059511e-05,7.652771585e-05,1.251415956e-03,3.826384865e-05,6.726787318e-05,1.864762392e-02,3.473648783e+01,8.309336588e-07,9.670176e-17,1.804082e-19,2.334749e-21,6.878422e-03
7.580000,4.517298294e-05,1.736554807e-04,1.619179255e-03,8.682773644e-05,7.435298924e-05,1.524840780e-02,3.476427939e+01,1.415410113e-06,3.840447e-17,1.106366e-19,5.102303e-22,6.896922e-03
7.590000,5.752078385e-05,2.345929368e-04,1.928556752e-03,1.172964638e-04,1.267171506e-04,1.752535550e-02,3.475252388e+01,2.098191147e-06,3.345005e-16,2.582381e-19,8.984141e-22,6.908582e-03
7.600000,3.888121125e-05,1.064768956e-04,2.940570322e-03,5.323843862e-05,7.307940710e-05,1.938897316e-02,3.473404210e+01,4.388876357e-06,3.345702e-16,2.247393e-19,1.809263e-21,6.919922e-03
7.610000,3.615793878e-05,8.453141776e-05,1.974034084e-03,4.226569887e-05,1.104323192e-05,1.472633384e-02,3.476174735e+01,1.963672021e-06,2.424277e-16,3.244644e-20,4.764560e-22,6.922712e-03
7.620000,5.217643257e-05,9.334079760e-05,1.886163055e-03,4.667039196e-05,2.182922589e-05,2.514438205e-02,3.474356657e+01,1.800042660e-06,2.090714e-16,8.132047e-20,7.635052e-22,6.938512e-03
7.630000,6.286034791e-05,1.543645315e-04,1.920836861e-03,7.718226423e-05,7.539391766e-05,1.836208342e-02,3.473748239e+01,1.937937882e-06,4.529036e-16,1.816635e-19,2.261579e-22,6.904123e-03
7.640000,3.850711735e-05,7.347756390e-05,1.441316681e-03,3.673877243e-05,2.975886021e-05,1.062086071e-02,3.475338275e+01,1.056579505e-06,3.114719e-17,1.061342e-19,1.058791e-22,6.928322e-03
7.650000,2.179135561e-05,1.163194646e-04,1.411881462e-03,5.815972391e-05,6.871150548e-05,2.177720897e-02,3.470420890e+01,1.061535227e-06,2.246331e-16,2.556889e-19,3.389786e-22,6.901343e-03
7.660000,4.617298458e-05,6.569175518e-05,1.468473942e-03,3.284586564e-05,4.544123389e-05,1.101259371e-02,3.473811655e+01,1.103357913e-06,1.222807e-16,6.926460e-20,6.374767e-22,6.867242e-03
7.670000,5.185952737e-05,1.007748995e-04,3.257509405e-03,5.038744422e-05,5.368227094e-05,2.547557958e-02,3.476669528e+01,5.349049209e-06,2.256107e-16,1.798963e-19,8.731016e-22,6.883123e-03
7.680000,8.854021476e-05,2.047384411e-04,1.106366169e-03,1.023692136e-04,4.546670993e-05,1.580836916e-02,3.475005846e+01,7.123964704e-07,6.922881e-16,2.452095e-19,1.775647e-22,6.851063e-03
7.690000,7.159943746e-05,9.862067160e-05,1.681311536e-03,4.931032084e-05,2.956607828e-05,1.504881857e-02,3.472871376e+01,1.439849526e-06,8.906370e-16,2.072111e-19,9.718411e-22,6.907852e-03
7.700000,1.029541276e-04,2.761853383e-04,3.649801419e-03,1.380926630e-04,4.693778918e-05,1.738284466e-02,3.469685097e+01,6.830707114e-06,8.979262e-16,2.206703e-19,3.391852e-21,6.868012e-03
7.710000,5.816007797e-05,1.311112283e-04,4.843620498e-03,6.555561525e-05,4.352809901e-05,2.368702852e-02,3.475289794e+01,1.177986764e-05,8.909755e-16,5.099165e-19,5.109696e-21,6.829263e-03
7.720000,5.185585103e-05,1.425580004e-04,3.061539326e-03,7.127899024e-05,8.191766682e-05,1.736528503e-02,3.475463078e+01,4.780841111e-06,7.827741e-16,1.109797e-19,5.121748e-21,6.866242e-03
7.730000,2.675394505e-05,6.282342284e-05,3.716141173e-03,3.141170382e-05,5.628739099e-05,1.840437200e-02,3.478392173e+01,6.938092334e-06,2.258642e-16,4.627447e-19,1.707249e-21,6.874043e-03
7.740000,8.061711075e-05,6.050986360e-05,4.198113677e-03,3.025491680e-05,4.800155091e-05,2.022261577e-02,3.470691156e+01,8.837835294e-06,2.685648e-16,4.906315e-19,3.388132e-21,6.872293e-03
7.750000,7.871248962e-05,1.454890622e-04,2.831018835e-03,7.274452616e-05,9.689163664e-05,2.545741246e-02,3.478155895e+01,4.124771866e-06,1.114243e-16,3.174719e-21,8.536247e-22,6.859063e-03
7.760000,3.461616671e-05,1.311377332e-04,2.517486491e-03,6.556886093e-05,5.535212145e-05,1.532870069e-02,3.477583333e+01,3.227774180e-06,1.110454e-16,2.814195e-20,4.523158e-22,6.869532e-03
7.770000,1.019478384e-05,9.953652220e-05,2.169234133e-03,4.976825549e-05,2.168417213e-05,1.605931788e-02,3.476358153e+01,2.376365023e-06,5.996993e-17,2.142587e-19,6.696383e-22,6.893512e-03
7.780000,6.466110910e-05,1.087144768e-04,1.822197004e-03,5.435723213e-05,4.192793300e-05,1.728981904e-02,3.476000616e+01,1.697902243e-06,1.787240e-16,1.345235e-19,3.176374e-22,6.947703e-03
7.790000,5.152717831e-05,7.940453956e-05,5.174829581e-03,3.970226291e-05,4.051121348e-05,3.127955394e-02,3.467498488e+01,1.341517002e-05,5.671144e-17,3.959239e-19,1.894023e-21,6.929202e-03
7.800000,2.583693057e-05,1.023887792e-04,4.597967793e-03,5.119438845e-05,5.156797541e-05,2.508104670e-02,3.477257495e+01,1.061289488e-05,4.441003e-16,1.894785e-19,6.166493e-21,6.947272e-03
7.810000,5.770047711e-05,6.346857099e-05,2.406554756e-03,3.173426299e-05,3.090256047e-05,2.246161794e-02,3.478436822e+01,2.911449149e-06,7.771563e-16,2.848307e-19,2.159519e-21,6.948333e-03
7.820000,5.698889415e-05,9.042346795e-05,3.675084956e-03,4.521172212e-05,3.302666033e-05,2.491768129e-02,3.477276944e+01,6.778203597e-06,3.436430e-16,8.135192e-19,8.470329e-22,6.879573e-03
7.830000,9.735179778e-05,2.099706842e-04,1.447931160e-03,1.049853377e-04,1.790677138e-05,1.889762830e-02,3.478925715e+01,1.138992911e-06,2.344108e-16,2.806230e-19,3.817526e-22,6.871862e-03
7.840000,1.744209125e-05,1.081799878e-04,4.553425850e-03,5.408999140e-05,2.683302127e-05,2.164198773e-02,3.469313143e+01,1.039600939e-05,4.444839e-16,2.445117e-19,6.352747e-22,6.879773e-03
7.850000,9.183266051e-06,1.007185083e-04,9.345004359e-04,5.035924934e-05,7.077461631e-06,1.487427906e-02,3.473108766e+01,4.573346880e-07,2.248477e-16,8.741462e-20,2.660180e-22,6.896192e-03
7.860000,9.686153625e-05,1.021434808e-04,1.997945070e-03,5.107173607e-05,5.040666070e-05,1.399271666e-02,3.477046667e+01,2.037085481e-06,2.450647e-16,2.190357e-19,4.764560e-22,6.914352e-03
7.870000,5.745825609e-05,8.034697826e-05,1.877876702e-03,4.017348103e-05,6.406898508e-05,2.807916306e-02,3.481056797e+01,1.808960401e-06,6.941921e-18,3.838496e-19,1.997723e-21,6.889163e-03
7.880000,5.057185646e-05,1.080362139e-04,1.399552432e-03,5.401809834e-05,7.902414231e-05,1.951491846e-02,3.475943064e+01,1.052675665e-06,3.407660e-16,1.773866e-19,2.699398e-22,6.873482e-03
7.890000,5.138382367e-05,1.267409661e-04,2.583932995e-03,6.337047941e-05,5.320230816e-05,1.811453466e-02,3.478749457e+01,3.393125287e-06,2.362172e-16,5.326408e-19,1.420517e-21,6.929512e-03
7.900000,1.207007929e-04,1.407893726e-04,2.054718912e-03,7.039468182e-05,8.962891262e-05,1.386985401e-02,3.475395764e+01,2.214844930e-06,4.033006e-17,7.682520e-20,8.670621e-22,6.879313e-03
7.910000,8.255695145e-05,1.776232891e-04,1.028481597e-03,8.881163872e-05,7.466940494e-05,1.579816530e-02,3.472862652e+01,6.365914149e-07,3.336967e-16,1.982476e-19,4.276324e-22,6.892452e-03
7.920000,7.367833289e-05,2.014703453e-04,2.539068618e-03,1.007351679e-04,1.043387957e-04,2.071712721e-02,3.475265984e+01,3.391707990e-06,2.541427e-16,4.475991e-19,4.365508e-22,6.927162e-03
7.930000,4.185081177e-05,8.744225869e-05,9.826830313e-04,4.372112009e-05,1.873844018e-05,1.091660325e-02,3.477133090e+01,5.009342939e-07,1.319004e-16,2.100432e-19,8.731016e-22,6.865342e-03
7.940000,2.712159745e-05,8.676617452e-05,2.776907729e-03,4.338307781e-05,3.231268908e-05,1.768123752e-02,3.472667236e+01,3.879017879e-06,2.293519e-16,2.529291e-19,8.470329e-22,6.904362e-03
7.950000,3.105866027e-05,1.211107091e-04,1.757497412e-03,6.055535132e-05,6.236420274e-05,2.687362825e-02,3.469845498e+01,1.604848531e-06,2.421632e-16,2.767463e-19,8.731016e-22,6.863633e-03
7.960000,1.096165537e-04,2.267893037e-04,3.143935056e-03,1.133946475e-04,6.611982850e-05,2.418683931e-02,3.476542987e+01,5.080005240e-06,3.330727e-16,1.989445e-19,1.058791e-21,6.896712e-03
7.970000,8.084798901e-05,3.057903362e-04,2.896914783e-03,1.528951641e-04,1.379486202e-04,2.375528860e-02,3.475485973e+01,4.535311653e-06,3.330978e-16,1.816727e-19,4.235165e-22,6.903852e-03
7.980000,4.022682783e-05,2.194801639e-04,2.135608077e-03,1.097400777e-04,7.724774896e-05,1.104899302e-02,3.474504626e+01,2.424491723e-06,3.342969e-16,1.808828e-19,2.117582e-22,6.903583e-03
7.990000,7.116009946e-05,1.158483166e-04,1.351843565e-03,5.792415382e-05,5.626835841e-05,9.002448679e-03,3.476257126e+01,9.659111983e-07,2.307680e-16,6.986023e-20,6.548262e-22,6.889362e-03
