t,pos_err,ori_err_geodesic,e_xi_norm,e_z_O_norm,e_z_T_norm,qddot_ref_norm,tau_norm,V,c0,c1,c2,runtime
0.000000,3.503401067e-02,1.981226373e-01,0.000000000e+00,9.889938096e-02,2.939837890e-02,2.187239915e+00,0.000000000e+00,8.516281788e-02,4.467555e-16,0.000000e+00,0.000000e+00,1.751964e-03
0.010000,3.504169461e-02,1.980803592e-01,8.847030278e-03,9.887834550e-02,2.937312301e-02,2.065649598e+00,0.000000000e+00,8.515679549e-02,2.779177e-16,2.933864e-18,3.601633e-20,1.646531e-03
0.020000,3.506258329e-02,1.979654054e-01,1.700525853e-02,9.882115011e-02,2.930448163e-02,1.948762806e+00,0.000000000e+00,8.513956823e-02,4.445811e-16,9.757820e-19,2.168404e-19,1.646502e-03
0.030000,3.509563741e-02,1.977834284e-01,2.452226357e-02,9.873060659e-02,2.919590922e-02,1.836545037e+00,0.000000000e+00,8.510174105e-02,3.521801e-16,1.077732e-17,4.338926e-19,1.654312e-03
0.040000,3.513988214e-02,1.975396699e-01,3.144240251e-02,9.860932206e-02,2.905065530e-02,1.728989513e+00,0.000000000e+00,8.503622410e-02,6.674422e-16,7.155734e-18,3.946555e-19,1.651342e-03
0.050000,3.519439992e-02,1.972389902e-01,3.780703329e-02,9.845971384e-02,2.887177526e-02,1.626120182e+00,0.000000000e+00,8.493784313e-02,2.101899e-17,2.246890e-17,1.323715e-18,1.647772e-03
0.060000,3.525832429e-02,1.968858964e-01,4.365472124e-02,9.828402323e-02,2.866214063e-02,1.527995296e+00,0.000000000e+00,8.480300757e-02,2.225184e-16,1.845183e-17,1.510119e-18,1.646691e-03
0.070000,3.533083454e-02,1.964845674e-01,4.902143100e-02,9.808432828e-02,2.842444888e-02,1.434711487e+00,0.000000000e+00,8.462942833e-02,5.648099e-16,2.151096e-17,1.302171e-18,1.652263e-03
0.080000,3.541115124e-02,1.960388779e-01,5.394070473e-02,9.786255562e-02,2.816123264e-02,1.346408166e+00,0.000000000e+00,8.441587835e-02,1.006212e-15,1.042865e-17,7.373372e-19,1.655542e-03
0.090000,3.549853237e-02,1.955524204e-01,5.844382768e-02,9.762049150e-02,2.787486855e-02,1.263271895e+00,0.000000000e+00,8.416198975e-02,1.110359e-16,3.469447e-18,6.857097e-19,1.664073e-03
0.100000,3.559227021e-02,1.950285256e-01,6.255998199e-02,9.735979190e-02,2.756758563e-02,1.185540072e+00,0.000000000e+00,8.386808252e-02,2.238062e-16,1.393864e-17,5.244670e-18,1.661724e-03
0.110000,3.569168861e-02,1.944702814e-01,6.631638962e-02,9.708199204e-02,2.724147324e-02,1.113502876e+00,0.000000000e+00,8.353502010e-02,1.130111e-16,1.453963e-17,2.171113e-18,1.617328e-03
0.120000,3.579614087e-02,1.938805503e-01,6.973844522e-02,9.678851511e-02,2.689848862e-02,1.047501821e+00,0.000000000e+00,8.316408814e-02,2.230520e-16,2.478060e-17,1.693578e-18,1.630180e-03
0.130000,3.590500791e-02,1.932619859e-01,7.284983960e-02,9.648068039e-02,2.654046407e-02,9.879226769e-01,0.000000000e+00,8.275689294e-02,2.618643e-16,4.165369e-17,2.528772e-18,1.640971e-03
0.140000,3.601769682e-02,1.926170480e-01,7.567267458e-02,9.615971080e-02,2.616911380e-02,9.351800353e-01,0.000000000e+00,8.231527682e-02,1.005576e-15,2.168404e-18,1.990331e-18,1.642641e-03
0.150000,3.613363964e-02,1.919480165e-01,7.822756971e-02,9.582673985e-02,2.578604033e-02,8.896909395e-01,0.000000000e+00,8.184124790e-02,2.221344e-16,1.214306e-17,2.377841e-18,1.644561e-03
0.160000,3.625229240e-02,1.912570046e-01,8.053376169e-02,9.548281817e-02,2.539274071e-02,8.518363056e-01,0.000000000e+00,8.133692215e-02,2.547918e-16,4.416737e-17,1.144334e-17,1.625129e-03
0.170000,3.637313431e-02,1.905459706e-01,8.260919667e-02,9.512891945e-02,2.499061230e-02,8.219119339e-01,0.000000000e+00,8.080447585e-02,1.226304e-15,1.551584e-17,9.109879e-18,1.630489e-03
0.180000,3.649566708e-02,1.898167293e-01,8.447061637e-02,9.476594610e-02,2.458095832e-02,8.000754765e-01,0.000000000e+00,8.024610693e-02,2.487473e-16,2.394688e-17,5.421011e-18,1.630060e-03
0.190000,3.661941435e-02,1.890709627e-01,8.613363802e-02,9.439473432e-02,2.416499311e-02,7.863002704e-01,0.000000000e+00,7.966400387e-02,5.553066e-16,1.387779e-17,1.608278e-17,1.628709e-03
0.200000,3.674392117e-02,1.883102288e-01,8.761282900e-02,9.401605896e-02,2.374384710e-02,7.803486572e-01,0.000000000e+00,7.906032084e-02,1.122220e-16,7.573911e-18,9.107944e-18,1.631720e-03
0.210000,3.686875362e-02,1.875359714e-01,8.892177621e-02,9.363063795e-02,2.331857154e-02,7.817739499e-01,0.000000000e+00,7.843715828e-02,1.690849e-16,1.084202e-17,9.263427e-19,1.632020e-03
0.220000,3.699349834e-02,1.867495280e-01,9.007315076e-02,9.323913642e-02,2.289014302e-02,7.899520259e-01,0.000000000e+00,7.779654791e-02,6.819080e-16,1.411963e-17,1.171390e-17,1.633240e-03
0.230000,3.711776214e-02,1.859521373e-01,9.107876824e-02,9.284217051e-02,2.245946766e-02,8.041344645e-01,0.000000000e+00,7.714044152e-02,5.661560e-16,1.110765e-17,1.259962e-17,1.656272e-03
0.240000,3.724117165e-02,1.851449469e-01,9.194964492e-02,9.244031095e-02,2.202738521e-02,8.235098616e-01,0.000000000e+00,7.647070290e-02,1.274874e-16,3.283397e-17,9.215718e-18,1.649532e-03
0.250000,3.736337293e-02,1.843290194e-01,9.269605012e-02,9.203408631e-02,2.159467283e-02,8.472604475e-01,0.000000000e+00,7.578910236e-02,2.491488e-16,1.708504e-17,1.306497e-17,1.638730e-03
0.260000,3.748403104e-02,1.835053387e-01,9.332755508e-02,9.162398610e-02,2.116204873e-02,8.746057889e-01,0.000000000e+00,7.509731335e-02,2.174035e-17,2.501854e-17,7.423421e-18,1.640331e-03
0.270000,3.760282966e-02,1.826748159e-01,9.385307855e-02,9.121046353e-02,2.073017564e-02,9.048309502e-01,0.000000000e+00,7.439691090e-02,2.225391e-16,2.194271e-17,3.927147e-18,1.641980e-03
0.280000,3.771947068e-02,1.818382943e-01,9.428092937e-02,9.079393824e-02,2.029966401e-02,9.373006197e-01,0.000000000e+00,7.368937146e-02,2.666118e-16,1.868354e-17,2.315857e-18,1.651062e-03
0.290000,3.783367373e-02,1.809965545e-01,9.461884615e-02,9.037479862e-02,1.987107514e-02,9.714626583e-01,0.000000000e+00,7.297607384e-02,4.441572e-16,2.112164e-17,2.081922e-17,1.646322e-03
0.300000,3.794517577e-02,1.801503188e-01,9.487403439e-02,8.995340416e-02,1.944492410e-02,1.006844788e+00,0.000000000e+00,7.225830114e-02,7.776740e-16,1.110765e-17,1.518079e-17,1.794418e-03
0.310000,3.805373060e-02,1.793002555e-01,9.505320118e-02,8.953008750e-02,1.902168246e-02,1.043047502e+00,0.000000000e+00,7.153724329e-02,4.443365e-16,1.398579e-17,2.436333e-17,1.639730e-03
0.320000,3.815910837e-02,1.784469829e-01,9.516258752e-02,8.910515638e-02,1.860178099e-02,1.079735382e+00,0.000000000e+00,7.081400023e-02,4.630063e-16,1.761086e-17,5.149960e-19,1.758843e-03
0.330000,3.826109511e-02,1.775910728e-01,9.520799865e-02,8.867889547e-02,1.818561207e-02,1.116628199e+00,0.000000000e+00,7.008958541e-02,3.349210e-16,5.063677e-17,4.771721e-18,1.643701e-03
0.340000,3.835949219e-02,1.767330538e-01,9.519483236e-02,8.825156801e-02,1.777353208e-02,1.153492556e+00,0.000000000e+00,6.936492964e-02,2.506664e-16,4.168979e-17,2.303338e-17,1.645792e-03
0.350000,3.845411586e-02,1.758734146e-01,9.512810545e-02,8.782341735e-02,1.736586361e-02,1.190134447e+00,0.000000000e+00,6.864088506e-02,1.130777e-16,4.770490e-18,2.045669e-18,1.655012e-03
0.360000,3.854479668e-02,1.750126070e-01,9.501247853e-02,8.739466847e-02,1.696289759e-02,1.226392814e+00,0.000000000e+00,6.791822931e-02,7.648660e-17,1.734723e-18,3.122578e-17,1.644571e-03
0.370000,3.863137904e-02,1.741510481e-01,9.485227920e-02,8.696552920e-02,1.656489524e-02,1.262134116e+00,0.000000000e+00,6.719766962e-02,4.454669e-16,7.152448e-18,1.301449e-17,1.766895e-03
0.380000,3.871372060e-02,1.732891234e-01,9.465152376e-02,8.653619157e-02,1.617209000e-02,1.297247783e+00,0.000000000e+00,6.647984705e-02,1.163171e-16,5.615958e-17,2.138381e-17,1.632000e-03
0.390000,3.879169180e-02,1.724271887e-01,9.441393757e-02,8.610683287e-02,1.578468928e-02,1.331642461e+00,0.000000000e+00,6.576534047e-02,2.498258e-16,6.254634e-17,6.002408e-18,1.702948e-03
0.400000,3.886517533e-02,1.715655724e-01,9.414297405e-02,8.567761678e-02,1.540287615e-02,1.365242926e+00,0.000000000e+00,6.505467067e-02,5.578911e-16,5.778381e-17,1.016147e-17,1.650002e-03
0.410000,3.893406561e-02,1.707045774e-01,9.384183253e-02,8.524869433e-02,1.502681095e-02,1.397987550e+00,0.000000000e+00,6.434830422e-02,1.671557e-16,8.673617e-18,1.983705e-17,1.700878e-03
0.420000,3.899826832e-02,1.698444830e-01,9.351347501e-02,8.482020480e-02,1.465663276e-02,1.429826235e+00,0.000000000e+00,6.364665722e-02,4.484891e-16,3.142915e-17,1.609885e-17,1.704498e-03
0.430000,3.905769984e-02,1.689855469e-01,9.316064177e-02,8.439227663e-02,1.429246086e-02,1.460718716e+00,0.000000000e+00,6.295009892e-02,4.454663e-16,4.866703e-17,9.055522e-18,1.618248e-03
0.440000,3.911228684e-02,1.681280063e-01,9.278586609e-02,8.396502813e-02,1.393439603e-02,1.490633190e+00,0.000000000e+00,6.225895521e-02,4.460913e-16,2.359479e-17,1.272726e-17,1.639720e-03
0.450000,3.916196575e-02,1.672720794e-01,9.239148802e-02,8.353856830e-02,1.358252186e-02,1.519545190e+00,0.000000000e+00,6.157351188e-02,2.105028e-17,2.272173e-17,2.381694e-17,1.621429e-03
0.460000,3.920668233e-02,1.664179674e-01,9.197966727e-02,8.311299744e-02,1.323690592e-02,1.547436669e+00,0.000000000e+00,6.089401776e-02,2.530809e-16,8.420559e-18,2.164606e-17,1.687256e-03
0.470000,3.924639119e-02,1.655658550e-01,9.155239533e-02,8.268840780e-02,1.289760087e-02,1.574295268e+00,0.000000000e+00,6.022068768e-02,2.230267e-16,1.436394e-17,7.818293e-18,1.665074e-03
0.480000,3.928105541e-02,1.647159120e-01,9.111150682e-02,8.226488418e-02,1.256464557e-02,1.600113711e+00,0.000000000e+00,5.955370524e-02,4.585982e-16,4.324866e-17,1.538192e-17,1.632220e-03
0.490000,3.931064606e-02,1.638682943e-01,9.065869016e-02,8.184250447e-02,1.223806603e-02,1.624889338e+00,0.000000000e+00,5.889322544e-02,3.331448e-16,7.638818e-17,1.412628e-17,1.726361e-03
0.500000,3.933514187e-02,1.630231450e-01,9.019549749e-02,8.142134015e-02,1.191787642e-02,1.648623723e+00,0.000000000e+00,5.823937716e-02,3.337802e-16,6.304950e-17,2.642252e-17,1.624079e-03
0.510000,3.935452877e-02,1.621805951e-01,8.972335411e-02,8.100145672e-02,1.160407988e-02,1.671322386e+00,0.000000000e+00,5.759226543e-02,8.884448e-16,7.653577e-17,2.006682e-17,1.655382e-03
0.520000,3.936879957e-02,1.613407647e-01,8.924356719e-02,8.058291422e-02,1.129666944e-02,1.692994579e+00,0.000000000e+00,5.695197358e-02,6.705016e-16,3.071796e-17,1.839952e-17,1.634129e-03
0.530000,3.937795358e-02,1.605037634e-01,8.875733406e-02,8.016576754e-02,1.099562874e-02,1.713653129e+00,0.000000000e+00,5.631856526e-02,1.110235e-15,9.189533e-17,5.188607e-17,1.671024e-03
0.540000,3.938199629e-02,1.596696915e-01,8.826574986e-02,7.975006684e-02,1.070093282e-02,1.733314347e+00,0.000000000e+00,5.569208629e-02,3.356771e-16,1.431147e-17,7.152448e-18,1.632990e-03
0.550000,3.938093903e-02,1.588386404e-01,8.776981486e-02,7.933585789e-02,1.041254880e-02,1.751997979e+00,0.000000000e+00,5.507256636e-02,3.371947e-16,5.809543e-17,1.636535e-17,1.638480e-03
0.560000,3.937479869e-02,1.580106932e-01,8.727044113e-02,7.892318241e-02,1.013043656e-02,1.769727212e+00,0.000000000e+00,5.446002069e-02,5.574149e-17,3.495640e-17,6.634042e-18,1.658173e-03
0.570000,3.936359740e-02,1.571859258e-01,8.676845899e-02,7.851207832e-02,9.854549292e-03,1.786528720e+00,0.000000000e+00,5.385445141e-02,8.899153e-16,3.308007e-17,1.917046e-17,1.660902e-03
0.580000,3.934736228e-02,1.563644066e-01,8.626462288e-02,7.810258006e-02,9.584834176e-03,1.802432750e+00,0.000000000e+00,5.325584905e-02,1.115857e-15,5.739394e-17,4.906539e-18,1.643921e-03
0.590000,3.932612513e-02,1.555461978e-01,8.575961696e-02,7.769471881e-02,9.321232851e-03,1.817473253e+00,0.000000000e+00,5.266419366e-02,5.750067e-16,2.684971e-17,9.148508e-18,1.640521e-03
0.600000,3.929992226e-02,1.547313555e-01,8.525406034e-02,7.728852278e-02,9.063681958e-03,1.831688056e+00,0.000000000e+00,5.207945608e-02,3.340413e-16,1.301043e-18,5.863519e-17,1.642340e-03
0.610000,3.926879419e-02,1.539199302e-01,8.474851192e-02,7.688401737e-02,8.812113615e-03,1.845119067e+00,0.000000000e+00,5.150159892e-02,3.352866e-16,6.712429e-17,2.781311e-17,1.638300e-03
0.620000,3.923278545e-02,1.531119673e-01,8.424347494e-02,7.648122541e-02,8.566455863e-03,1.857812534e+00,0.000000000e+00,5.093057759e-02,4.879054e-17,2.154482e-17,6.254634e-18,1.638140e-03
0.630000,3.919194438e-02,1.523075073e-01,8.373940132e-02,7.608016736e-02,8.326633092e-03,1.869819336e+00,0.000000000e+00,5.036634114e-02,3.337603e-16,5.130694e-17,1.087666e-17,1.682046e-03
0.640000,3.914632294e-02,1.515065863e-01,8.323669553e-02,7.568086145e-02,8.092566436e-03,1.881195319e+00,0.000000000e+00,4.980883311e-02,3.352940e-16,1.734723e-17,3.582529e-17,1.647712e-03
0.650000,3.909597647e-02,1.507092364e-01,8.273571841e-02,7.528332387e-02,7.864174136e-03,1.892001682e+00,0.000000000e+00,4.925799225e-02,2.243535e-16,7.728772e-17,5.850032e-17,1.685996e-03
0.660000,3.904096361e-02,1.499154858e-01,8.223679057e-02,7.488756892e-02,7.641371894e-03,1.902305407e+00,0.000000000e+00,4.871375320e-02,8.895331e-16,5.960273e-17,3.479191e-17,1.714898e-03
0.670000,3.898134603e-02,1.491253592e-01,8.174019568e-02,7.449360913e-02,7.424073189e-03,1.912179733e+00,0.000000000e+00,4.817604710e-02,4.442283e-16,2.782410e-17,3.140820e-17,1.787417e-03
0.680000,3.891718835e-02,1.483388781e-01,8.124618344e-02,7.410145542e-02,7.212189583e-03,1.921704685e+00,0.000000000e+00,4.764480215e-02,4.600224e-16,9.476994e-17,4.660607e-17,1.705138e-03
0.690000,3.884855797e-02,1.475560608e-01,8.075497244e-02,7.371111720e-02,7.005630999e-03,1.930967647e+00,0.000000000e+00,4.711994410e-02,1.154164e-16,9.364394e-18,1.327517e-17,1.806550e-03
0.700000,3.877552491e-02,1.467769230e-01,8.026675273e-02,7.332260250e-02,6.804305985e-03,1.940063984e+00,0.000000000e+00,4.660139673e-02,1.746421e-16,4.885074e-17,1.167721e-17,1.716319e-03
0.710000,3.869816171e-02,1.460014778e-01,7.978168829e-02,7.293591805e-02,6.608121956e-03,1.949097715e+00,0.000000000e+00,4.608908223e-02,3.332392e-16,6.790707e-17,6.245607e-17,1.813900e-03
0.720000,3.861654327e-02,1.452297359e-01,7.929991931e-02,7.255106939e-02,6.416985425e-03,1.958182225e+00,0.000000000e+00,4.558292158e-02,4.467850e-16,4.913865e-17,1.301043e-17,1.705237e-03
0.730000,3.853074677e-02,1.444617058e-01,7.882156422e-02,7.216806098e-02,6.230802211e-03,1.967441014e+00,0.000000000e+00,4.508283487e-02,2.248480e-16,5.573474e-17,4.525268e-17,1.854165e-03
0.740000,3.844085150e-02,1.436973939e-01,7.834672174e-02,7.178689625e-02,6.049477634e-03,1.977008484e+00,0.000000000e+00,4.458874162e-02,8.901363e-16,7.458082e-17,1.467483e-17,1.654712e-03
0.750000,3.834693883e-02,1.429368048e-01,7.787547259e-02,7.140757767e-02,5.872916702e-03,1.987030736e+00,0.000000000e+00,4.410056101e-02,4.584056e-16,7.958960e-17,2.172304e-17,1.803849e-03
0.760000,3.824909201e-02,1.421799413e-01,7.740788128e-02,7.103010688e-02,5.701024274e-03,1.997666384e+00,0.000000000e+00,4.361821213e-02,4.616060e-16,6.967330e-17,4.669476e-17,1.646410e-03
0.770000,3.814739615e-02,1.414268047e-01,7.694399755e-02,7.065448469e-02,5.533705219e-03,2.009087351e+00,0.000000000e+00,4.314161418e-02,2.260488e-16,6.530030e-17,4.678128e-17,1.781396e-03
0.780000,3.804193809e-02,1.406773947e-01,7.648385791e-02,7.028071119e-02,5.370864558e-03,2.021479634e+00,0.000000000e+00,4.267068667e-02,2.221911e-16,4.616003e-17,3.387156e-18,1.655862e-03
0.790000,3.793280626e-02,1.399317097e-01,7.602748688e-02,6.990878577e-02,5.212407597e-03,2.035044012e+00,0.000000000e+00,4.220534955e-02,3.348898e-16,5.796782e-17,2.497339e-17,1.740572e-03
0.800000,3.782009068e-02,1.391897469e-01,7.557489829e-02,6.953870721e-02,5.058240052e-03,2.049996661e+00,0.000000000e+00,4.174552337e-02,4.457474e-16,6.992894e-17,5.019470e-17,1.699577e-03
0.810000,3.770388278e-02,1.384515022e-01,7.512609638e-02,6.917047368e-02,4.908268157e-03,2.066569648e+00,0.000000000e+00,4.129112938e-02,3.330963e-16,5.057963e-17,2.525796e-17,1.726170e-03
0.820000,3.758427537e-02,1.377169705e-01,7.468107683e-02,6.880408285e-02,4.762398769e-03,2.085011259e+00,0.000000000e+00,4.084208969e-02,5.661677e-16,5.618637e-17,1.736891e-17,1.715339e-03
0.830000,3.746136250e-02,1.369861458e-01,7.423982777e-02,6.843953187e-02,4.620539462e-03,2.105586130e+00,0.000000000e+00,4.039832727e-02,2.221083e-16,8.264124e-17,4.635519e-17,1.781577e-03
0.840000,3.733523942e-02,1.362590211e-01,7.380233062e-02,6.807681745e-02,4.482598613e-03,2.128575124e+00,0.000000000e+00,3.995976612e-02,2.231073e-16,2.272173e-17,7.059813e-17,1.784927e-03
0.850000,3.720600245e-02,1.355355886e-01,7.336856092e-02,6.771593588e-02,4.348485480e-03,2.154274927e+00,0.000000000e+00,3.952633125e-02,3.332982e-16,6.748756e-17,1.241873e-17,1.829662e-03
0.860000,3.707374892e-02,1.348158396e-01,7.293848911e-02,6.735688308e-02,4.218110273e-03,2.182997317e+00,0.000000000e+00,3.909794881e-02,1.130945e-16,3.869311e-17,7.918329e-17,1.682005e-03
0.870000,3.693857705e-02,1.340997650e-01,7.251208116e-02,6.699965458e-02,4.091384218e-03,2.215068071e+00,0.000000000e+00,3.867454607e-02,5.575534e-16,5.900541e-17,2.126363e-17,1.795448e-03
0.880000,3.680058590e-02,1.333873548e-01,7.208929927e-02,6.664424564e-02,3.968219613e-03,2.250825483e+00,0.000000000e+00,3.825605149e-02,1.002675e-15,4.153513e-17,1.153827e-16,1.705018e-03
0.890000,3.665987523e-02,1.326785986e-01,7.167010239e-02,6.629065118e-02,3.848529885e-03,2.290618470e+00,0.000000000e+00,3.784239472e-02,1.111108e-16,4.257202e-17,1.140812e-16,1.735111e-03
0.900000,3.651654545e-02,1.319734852e-01,7.125444682e-02,6.593886588e-02,3.732229629e-03,2.334804253e+00,0.000000000e+00,3.743350666e-02,1.180421e-16,4.983947e-17,3.109223e-17,1.679815e-03
0.910000,3.637069752e-02,1.312720031e-01,7.084228664e-02,6.558888414e-02,3.619234655e-03,2.383745591e+00,0.000000000e+00,3.702931945e-02,1.533293e-17,2.050834e-17,1.001502e-16,1.726180e-03
0.920000,3.622243281e-02,1.305741405e-01,7.043357421e-02,6.524070016e-02,3.509462021e-03,2.437807571e+00,0.000000000e+00,3.662976644e-02,1.165402e-16,6.681158e-17,8.717417e-17,1.693787e-03
0.930000,3.607185306e-02,1.298798848e-01,7.002826058e-02,6.489430793e-02,3.402830062e-03,2.497353918e+00,0.000000000e+00,3.623478227e-02,5.551915e-16,1.572093e-17,1.048037e-17,1.725830e-03
0.940000,3.591906025e-02,1.291892233e-01,6.962629584e-02,6.454970124e-02,3.299258425e-03,2.562742801e+00,0.000000000e+00,3.584430282e-02,3.536372e-16,9.685130e-17,1.642615e-16,1.627338e-03
0.950000,3.576415651e-02,1.285021429e-01,6.922762955e-02,6.420687371e-02,3.198668083e-03,2.634322069e+00,0.000000000e+00,3.545826522e-02,1.153355e-16,9.835692e-17,8.559349e-17,1.646291e-03
0.960000,3.560724402e-02,1.278186303e-01,6.883221101e-02,6.386581881e-02,3.100981360e-03,2.712423829e+00,0.000000000e+00,3.507660782e-02,1.242146e-16,5.884172e-17,1.067172e-16,1.641800e-03
0.970000,3.544842488e-02,1.271386716e-01,6.843998963e-02,6.352652987e-02,3.006121947e-03,2.797358213e+00,0.000000000e+00,3.469927023e-02,8.882411e-16,5.625923e-17,1.169821e-16,1.707788e-03
0.980000,3.528780104e-02,1.264622530e-01,6.805091519e-02,6.318900009e-02,2.914014912e-03,2.889406145e+00,0.000000000e+00,3.432619325e-02,1.110905e-16,6.259303e-17,1.948791e-16,1.666783e-03
0.990000,3.512547418e-02,1.257893604e-01,6.766493812e-02,6.285322254e-02,2.824586710e-03,2.988810833e+00,0.000000000e+00,3.395731892e-02,1.174627e-16,1.029992e-17,5.182622e-17,1.767295e-03
1.000000,3.496154558e-02,1.251199792e-01,6.728200981e-02,6.251919020e-02,2.737765193e-03,3.095767660e+00,0.000000000e+00,3.359259044e-02,4.465610e-16,9.541595e-17,3.860734e-17,1.712119e-03
1.010000,3.479611604e-02,1.244540950e-01,6.690208284e-02,6.218689596e-02,2.653479613e-03,3.210412034e+00,0.000000000e+00,3.323195220e-02,4.441064e-16,2.672069e-17,2.781842e-16,1.651752e-03
1.020000,3.462928573e-02,1.237916930e-01,6.652511125e-02,6.185633259e-02,2.571660622e-03,3.332804723e+00,0.000000000e+00,3.287534977e-02,1.124700e-16,6.860696e-17,1.037105e-16,1.637120e-03
1.030000,3.446115412e-02,1.231327584e-01,6.615105078e-02,6.152749283e-02,2.492240275e-03,3.462914087e+00,0.000000000e+00,3.252272984e-02,1.116863e-16,2.460566e-17,1.405554e-16,1.648151e-03
1.040000,3.429181984e-02,1.224772760e-01,6.577985915e-02,6.120036930e-02,2.415152028e-03,3.600594558e+00,0.000000000e+00,3.217404023e-02,6.765639e-17,1.349567e-16,6.521384e-17,1.712579e-03
1.050000,3.412138055e-02,1.218252309e-01,6.541149624e-02,6.087495461e-02,2.340330730e-03,3.745560667e+00,0.000000000e+00,3.182922989e-02,2.260024e-16,7.200964e-17,1.374303e-16,1.654952e-03
1.060000,3.394993285e-02,1.211766077e-01,6.504592442e-02,6.055124127e-02,2.267712625e-03,3.897355882e+00,0.000000000e+00,3.148824886e-02,6.756443e-16,2.827591e-17,1.827850e-16,1.711009e-03
1.070000,3.377757213e-02,1.205313910e-01,6.468310874e-02,6.022922174e-02,2.197235338e-03,4.055315532e+00,0.000000000e+00,3.115104823e-02,4.440996e-16,7.690747e-17,3.214906e-16,1.650511e-03
1.080000,3.360439251e-02,1.198895654e-01,6.432301718e-02,5.990888845e-02,2.128837871e-03,4.218523181e+00,0.000000000e+00,3.081758020e-02,4.596502e-16,1.161755e-16,2.282039e-16,1.632489e-03
1.090000,3.343048665e-02,1.192511154e-01,6.396562089e-02,5.959023378e-02,2.062460596e-03,4.385760015e+00,0.000000000e+00,3.048779797e-02,3.665067e-16,1.387800e-16,6.698931e-17,1.666724e-03
1.100000,3.325594566e-02,1.186160253e-01,6.361089442e-02,5.927325005e-02,1.998045241e-03,4.555447192e+00,0.000000000e+00,3.016165580e-02,1.246546e-16,8.951289e-17,1.098506e-16,1.631449e-03
1.110000,3.308085901e-02,1.179842795e-01,6.325881591e-02,5.895792956e-02,1.935534883e-03,4.725581737e+00,0.000000000e+00,2.983910893e-02,5.668844e-16,6.186036e-17,2.468391e-16,1.646121e-03
1.120000,3.290531438e-02,1.173558622e-01,6.290936729e-02,5.864426456e-02,1.874873937e-03,4.893667685e+00,0.000000000e+00,2.952011359e-02,2.304263e-16,9.898950e-17,3.327463e-16,1.633159e-03
1.130000,3.272939756e-02,1.167307574e-01,6.256253438e-02,5.833224724e-02,1.816008149e-03,5.056645815e+00,0.000000000e+00,2.920462699e-02,4.440924e-16,1.044317e-16,2.050559e-16,1.624178e-03
1.140000,3.255319232e-02,1.161089494e-01,6.221830702e-02,5.802186979e-02,1.758884587e-03,5.210828035e+00,0.000000000e+00,2.889260726e-02,7.772646e-16,5.523861e-17,4.575333e-17,1.669303e-03
1.150000,3.237678036e-02,1.154904219e-01,6.187667903e-02,5.771312433e-02,1.703451637e-03,5.351846536e+00,0.000000000e+00,2.858401344e-02,2.227400e-16,7.748405e-17,4.926622e-17,1.644751e-03
1.160000,3.220024111e-02,1.148751591e-01,6.153764818e-02,5.740600293e-02,1.649658997e-03,5.474634212e+00,0.000000000e+00,2.827880545e-02,2.260809e-16,6.319943e-17,4.984548e-17,1.636140e-03
1.170000,3.202365175e-02,1.142631446e-01,6.120121593e-02,5.710049764e-02,1.597457690e-03,5.573462657e+00,0.000000000e+00,2.797694403e-02,6.661396e-16,1.465887e-16,2.366230e-16,1.653051e-03
1.180000,3.184708702e-02,1.136543622e-01,6.086738710e-02,5.679660045e-02,1.546800066e-03,5.642079628e+00,0.000000000e+00,2.767839071e-02,1.139086e-16,3.854862e-17,5.076104e-17,1.651782e-03
1.190000,3.167061924e-02,1.130487956e-01,6.053616927e-02,5.649430330e-02,1.497639832e-03,5.674012815e+00,0.000000000e+00,2.738310774e-02,4.441197e-16,5.147809e-17,3.509333e-16,1.696056e-03
1.200000,3.149431817e-02,1.124464283e-01,6.020757201e-02,5.619359811e-02,1.449932086e-03,5.663147697e+00,0.000000000e+00,2.709105803e-02,2.291776e-16,9.714618e-17,2.529702e-16,1.643220e-03
1.210000,3.131825104e-02,1.118472438e-01,5.988160576e-02,5.589447671e-02,1.403633374e-03,5.604755129e+00,0.000000000e+00,2.680220506e-02,4.454466e-16,6.268489e-17,1.763414e-16,1.670604e-03
1.220000,3.114248251e-02,1.112512254e-01,5.955828029e-02,5.559693093e-02,1.358701772e-03,5.497255078e+00,0.000000000e+00,2.651651277e-02,4.481812e-16,1.325356e-16,3.817811e-16,1.649792e-03
1.230000,3.096707468e-02,1.106583565e-01,5.923760272e-02,5.530095256e-02,1.315096992e-03,5.345168331e+00,0.000000000e+00,2.623394546e-02,2.388666e-16,2.575112e-16,2.243669e-16,1.643561e-03
1.240000,3.079208715e-02,1.100686205e-01,5.891957486e-02,5.500653337e-02,1.272780533e-03,5.163879560e+00,0.000000000e+00,2.595446762e-02,6.662342e-16,5.183785e-17,4.363056e-16,1.671454e-03
1.250000,3.061757714e-02,1.094820006e-01,5.860418980e-02,5.471366514e-02,1.231715859e-03,4.986686386e+00,0.000000000e+00,2.567804375e-02,1.591999e-16,2.241731e-16,7.767611e-17,1.643491e-03
1.260000,3.044359960e-02,1.088984803e-01,5.829142751e-02,5.442233968e-02,1.191868625e-03,4.872972944e+00,0.000000000e+00,2.540463812e-02,4.684727e-18,1.670829e-16,1.050797e-16,1.679575e-03
1.270000,3.027020737e-02,1.083180430e-01,5.798124942e-02,5.413254887e-02,1.153206925e-03,4.911043406e+00,0.000000000e+00,2.513421451e-02,2.635810e-17,1.959566e-16,6.248806e-17,1.648821e-03
1.280000,3.009745145e-02,1.077406726e-01,5.767359193e-02,5.384428468e-02,1.115701575e-03,5.202284063e+00,0.000000000e+00,2.486673587e-02,2.295336e-16,1.042493e-16,7.479581e-17,1.640551e-03
1.290000,2.992538118e-02,1.071663530e-01,5.736835914e-02,5.355753925e-02,1.079326378e-03,5.822990933e+00,0.000000000e+00,2.460216397e-02,9.993242e-16,1.865590e-16,4.927501e-16,1.664393e-03
1.300000,2.975404448e-02,1.065950688e-01,5.706541527e-02,5.327230492e-02,1.044058355e-03,6.793432694e+00,0.000000000e+00,2.434045904e-02,1.337672e-15,2.301152e-16,1.244485e-16,1.642850e-03
1.310000,2.958348804e-02,1.060268049e-01,5.676457799e-02,5.298857426e-02,1.009877890e-03,8.083173421e+00,0.000000000e+00,2.408157950e-02,4.535948e-16,5.887002e-17,1.759811e-16,1.697767e-03
1.320000,2.941375745e-02,1.054615468e-01,5.646561400e-02,5.270634017e-02,9.767687176e-04,9.635572832e+00,0.000000000e+00,2.382548175e-02,7.777238e-16,1.082009e-16,3.555735e-16,1.658662e-03
1.330000,2.924489718e-02,1.048992808e-01,5.616823886e-02,5.242559585e-02,9.447177070e-04,1.138443408e+01,0.000000000e+00,2.357212026e-02,4.460789e-16,8.038195e-17,2.159770e-16,1.651352e-03
1.340000,2.907695040e-02,1.043399938e-01,5.587212296e-02,5.214633487e-02,9.137143725e-04,1.325913652e+01,0.000000000e+00,2.332144797e-02,5.552994e-16,1.702810e-16,1.106800e-16,1.652071e-03
1.350000,2.890995873e-02,1.037836734e-01,5.557690521e-02,5.186855112e-02,8.837500776e-04,1.518496513e+01,0.000000000e+00,2.307341707e-02,1.112558e-16,9.098114e-17,2.546006e-17,1.650761e-03
1.360000,2.874396165e-02,1.032303079e-01,5.528221498e-02,5.159223882e-02,8.548169294e-04,1.708329953e+01,0.000000000e+00,2.282798019e-02,2.223953e-16,7.184540e-17,9.838231e-17,1.690186e-03
1.370000,2.857899589e-02,1.026798860e-01,5.498770144e-02,5.131739245e-02,8.269064016e-04,1.887331082e+01,0.000000000e+00,2.258509199e-02,4.586647e-16,3.620655e-17,2.699032e-17,1.652861e-03
1.380000,2.841509473e-02,1.021323969e-01,5.469306751e-02,5.104400664e-02,8.000077810e-04,2.047533982e+01,0.000000000e+00,2.234471083e-02,5.558303e-16,9.081567e-17,2.710440e-17,1.665503e-03
1.390000,2.825228722e-02,1.015878297e-01,5.439810441e-02,5.077207612e-02,7.741065741e-04,2.181551081e+01,0.000000000e+00,2.210680052e-02,7.850718e-16,9.056653e-17,3.556993e-17,1.658332e-03
1.400000,2.809059755e-02,1.010461737e-01,5.410272151e-02,5.050159555e-02,7.491830463e-04,2.283083289e+01,0.000000000e+00,2.187133167e-02,2.235564e-16,2.783598e-17,4.233945e-18,1.666813e-03
1.410000,2.793004460e-02,1.005074177e-01,5.380696647e-02,5.023255942e-02,7.252110709e-04,2.347391471e+01,0.000000000e+00,2.163828248e-02,7.793590e-16,2.123641e-17,2.278476e-17,1.686635e-03
1.420000,2.777064163e-02,9.997154966e-02,5.351103164e-02,4.996496188e-02,7.021574486e-04,2.371647179e+01,0.000000000e+00,2.140763878e-02,1.144624e-16,4.290812e-17,2.125147e-17,1.675514e-03
1.430000,2.761239627e-02,9.943855699e-02,5.321524467e-02,4.969879663e-02,6.799818093e-04,2.355104792e+01,0.000000000e+00,2.117939323e-02,4.577828e-16,3.960375e-17,7.973126e-18,1.707938e-03
1.440000,2.745531066e-02,9.890842577e-02,5.292004375e-02,4.943405683e-02,6.586371445e-04,2.299074423e+01,0.000000000e+00,2.095354374e-02,3.357704e-16,2.359734e-17,3.092543e-17,1.652641e-03
1.450000,2.729938182e-02,9.838114081e-02,5.262594019e-02,4.917073497e-02,6.380709475e-04,2.206714363e+01,0.000000000e+00,2.073009129e-02,4.441198e-16,9.054276e-17,3.303456e-17,1.650491e-03
1.460000,2.714460204e-02,9.785668554e-02,5.233347300e-02,4.890882284e-02,6.182268668e-04,2.082691581e+01,0.000000000e+00,2.050903745e-02,2.050351e-16,9.775975e-17,1.816548e-17,1.662933e-03
1.470000,2.699095947e-02,9.733504198e-02,5.204316121e-02,4.864831154e-02,5.990467229e-04,1.932771953e+01,0.000000000e+00,2.029038190e-02,4.514198e-16,6.269436e-17,9.705759e-17,1.654972e-03
1.480000,2.683843861e-02,9.681619086e-02,5.175545988e-02,4.838919151e-02,5.804727003e-04,1.763398606e+01,0.000000000e+00,2.007412024e-02,1.007232e-15,7.633758e-17,1.567407e-16,1.697007e-03
1.490000,2.668702088e-02,9.630011176e-02,5.147072510e-02,4.813145263e-02,5.624495104e-04,1.581303448e+01,0.000000000e+00,1.986024243e-02,4.475010e-16,1.803488e-16,3.950069e-17,1.653451e-03
1.500000,2.653668523e-02,9.578678347e-02,5.118919176e-02,4.787508437e-02,5.449263339e-04,1.393181876e+01,0.000000000e+00,1.964873187e-02,1.180051e-16,1.244039e-16,3.166167e-17,1.686376e-03
1.510000,2.638740862e-02,9.527618425e-02,5.091096611e-02,4.762007595e-02,5.278583787e-04,1.205450738e+01,0.000000000e+00,1.943956538e-02,2.650447e-16,1.379464e-16,1.687041e-17,1.661782e-03
1.520000,2.623916666e-02,9.476829222e-02,5.063603265e-02,4.736641650e-02,5.112079477e-04,1.024107748e+01,0.000000000e+00,1.923271387e-02,1.204589e-16,7.710042e-17,2.553618e-16,1.655832e-03
1.530000,2.609193404e-02,9.426308574e-02,5.036427289e-02,4.711409528e-02,4.949449710e-04,8.547151498e+00,0.000000000e+00,1.902814355e-02,1.134928e-16,3.295986e-16,1.045747e-16,1.665333e-03
1.540000,2.594568509e-02,9.376054370e-02,5.009549202e-02,4.686310181e-02,4.790470219e-04,7.025318481e+00,0.000000000e+00,1.882581754e-02,6.693912e-16,2.157089e-16,3.817494e-16,1.650581e-03
1.550000,2.580039412e-02,9.326064578e-02,4.982944867e-02,4.661342600e-02,4.634988960e-04,5.727780553e+00,0.000000000e+00,1.862569749e-02,8.673617e-18,4.455636e-16,5.101975e-17,1.692086e-03
1.560000,2.565603581e-02,9.276337264e-02,4.956588320e-02,4.636505826e-02,4.482918657e-04,4.708096700e+00,0.000000000e+00,1.842774513e-02,2.222023e-16,2.488076e-16,1.262376e-16,1.659992e-03
1.570000,2.551258541e-02,9.226870605e-02,4.930454140e-02,4.611798954e-02,4.334227433e-04,4.014082881e+00,0.000000000e+00,1.823192342e-02,2.228631e-16,1.472594e-16,6.431357e-17,1.659172e-03
1.580000,2.537001894e-02,9.177662890e-02,4.904519138e-02,4.587221135e-02,4.188928753e-04,3.660653170e+00,0.000000000e+00,1.803819737e-02,4.585006e-16,3.656092e-16,2.760154e-16,1.657742e-03
1.590000,2.522831327e-02,9.128712516e-02,4.878763353e-02,4.562771576e-02,4.047071717e-04,3.597748695e+00,0.000000000e+00,1.784653446e-02,2.267201e-17,3.582543e-16,6.401027e-16,1.654972e-03
1.600000,2.508744609e-02,9.080017986e-02,4.853170427e-02,4.538449533e-02,3.908732392e-04,3.723357571e+00,0.000000000e+00,1.765690475e-02,4.460378e-16,2.364172e-16,2.610233e-16,1.683505e-03
1.610000,2.494739590e-02,9.031577891e-02,4.827727512e-02,4.514254310e-02,3.774006569e-04,3.935841769e+00,0.000000000e+00,1.746928068e-02,8.989666e-16,1.473856e-16,1.508638e-16,1.666963e-03
1.620000,2.480814197e-02,8.983390906e-02,4.802424874e-02,4.490185248e-02,3.643004027e-04,4.165473256e+00,0.000000000e+00,1.728363680e-02,2.321307e-16,1.842157e-16,3.827378e-16,1.706187e-03
1.630000,2.466966418e-02,8.935455771e-02,4.777255357e-02,4.466241725e-02,3.515844185e-04,4.373978145e+00,0.000000000e+00,1.709994945e-02,2.257119e-16,1.083279e-16,2.504532e-16,1.659972e-03
1.640000,2.453194303e-02,8.887771280e-02,4.752213808e-02,4.442423145e-02,3.392652877e-04,4.543888984e+00,0.000000000e+00,1.691819633e-02,5.788594e-16,1.237219e-16,5.000718e-16,1.659732e-03
1.650000,2.439495948e-02,8.840336274e-02,4.727296561e-02,4.418728932e-02,3.273559963e-04,4.669577700e+00,0.000000000e+00,1.673835623e-02,2.269449e-16,8.139463e-17,2.482891e-16,1.649621e-03
1.660000,2.425869493e-02,8.793149626e-02,4.702500995e-02,4.395158529e-02,3.158697437e-04,4.751669129e+00,0.000000000e+00,1.656040877e-02,2.223957e-16,1.355461e-16,7.365122e-16,1.642510e-03
1.670000,2.412313121e-02,8.746210232e-02,4.677825195e-02,4.371711392e-02,3.048197782e-04,4.793857130e+00,0.000000000e+00,1.638433414e-02,4.443678e-16,3.200509e-17,2.750125e-16,1.681555e-03
1.680000,2.398825048e-02,8.699517010e-02,4.653267703e-02,4.348386982e-02,2.942192324e-04,4.801138878e+00,0.000000000e+00,1.621011301e-02,1.585353e-16,3.377687e-16,2.827719e-16,1.643310e-03
1.690000,2.385403534e-02,8.653068888e-02,4.628827354e-02,4.325184771e-02,2.840809422e-04,4.778850384e+00,0.000000000e+00,1.603772639e-02,3.536180e-16,2.237668e-16,3.960304e-16,1.642600e-03
1.700000,2.372046873e-02,8.606864800e-02,4.604503159e-02,4.302104231e-02,2.744172374e-04,4.732154124e+00,0.000000000e+00,1.586715556e-02,4.443132e-16,3.256670e-17,7.584953e-17,1.648191e-03
1.710000,2.358753408e-02,8.560903688e-02,4.580294250e-02,4.279144837e-02,2.652396970e-04,4.665783930e+00,0.000000000e+00,1.569838202e-02,1.130211e-16,9.686684e-17,6.141792e-17,1.650621e-03
1.720000,2.345521524e-02,8.515184493e-02,4.556199838e-02,4.256306067e-02,2.565588671e-04,4.583936765e+00,0.000000000e+00,1.553138750e-02,7.871336e-16,1.126708e-16,1.470178e-16,1.802018e-03
1.730000,2.332349665e-02,8.469706156e-02,4.532219198e-02,4.233587395e-02,2.483839436e-04,4.490247571e+00,0.000000000e+00,1.536615389e-02,1.575736e-16,7.118365e-17,4.828419e-16,1.656791e-03
1.740000,2.319236328e-02,8.424467616e-02,4.508351666e-02,4.210988297e-02,2.407224264e-04,4.387809645e+00,0.000000000e+00,1.520266326e-02,1.992839e-17,1.611392e-16,2.149697e-16,1.787207e-03
1.750000,2.306180078e-02,8.379467810e-02,4.484596632e-02,4.188508245e-02,2.335797550e-04,4.279218236e+00,0.000000000e+00,1.504089788e-02,2.285570e-16,4.332283e-17,3.797185e-17,1.656092e-03
1.760000,2.293179551e-02,8.334705672e-02,4.460953546e-02,4.166146712e-02,2.269589419e-04,4.166624156e+00,0.000000000e+00,1.488084015e-02,4.580693e-16,9.556398e-17,8.642336e-17,1.702948e-03
1.770000,2.280233455e-02,8.290180133e-02,4.437421911e-02,4.143903168e-02,2.208602210e-04,4.051789697e+00,0.000000000e+00,1.472247267e-02,1.126738e-16,1.293278e-16,5.936361e-17,1.669054e-03
1.780000,2.267340584e-02,8.245890120e-02,4.414001288e-02,4.121777082e-02,2.152807332e-04,3.936142535e+00,0.000000000e+00,1.456577819e-02,7.774814e-16,9.381357e-17,7.601672e-17,1.669393e-03
1.790000,2.254499814e-02,8.201834558e-02,4.390691285e-02,4.099767921e-02,2.102142722e-04,3.820825349e+00,0.000000000e+00,1.441073963e-02,1.119086e-16,1.056759e-16,1.556938e-16,1.663622e-03
1.800000,2.241710114e-02,8.158012370e-02,4.367491560e-02,4.077875151e-02,2.056511124e-04,3.706740183e+00,0.000000000e+00,1.425734006e-02,5.561575e-16,1.154652e-16,3.433756e-17,1.670473e-03
1.810000,2.228970544e-02,8.114422473e-02,4.344401810e-02,4.056098235e-02,2.015779376e-04,3.594587286e+00,0.000000000e+00,1.410556273e-02,1.443749e-16,8.917396e-17,8.785283e-17,1.664103e-03
1.820000,2.216280259e-02,8.071063785e-02,4.321421767e-02,4.034436636e-02,1.979778852e-04,3.484898628e+00,0.000000000e+00,1.395539104e-02,3.340064e-16,2.422798e-17,4.533316e-16,1.648861e-03
1.830000,2.203638514e-02,8.027935222e-02,4.298551190e-02,4.012889818e-02,1.948307105e-04,3.378066501e+00,0.000000000e+00,1.380680854e-02,1.579670e-16,5.420848e-17,2.226152e-16,1.664793e-03
1.840000,2.191044659e-02,7.985035697e-02,4.275789859e-02,3.991457241e-02,1.921130689e-04,3.274367725e+00,0.000000000e+00,1.365979893e-02,3.420190e-16,8.695173e-17,2.019558e-17,1.667363e-03
1.850000,2.178498145e-02,7.942364123e-02,4.253137569e-02,3.970138366e-02,1.897989028e-04,3.173984007e+00,0.000000000e+00,1.351434606e-02,8.883749e-16,4.199895e-17,2.143131e-17,1.657652e-03
1.860000,2.165998518e-02,7.899919413e-02,4.230594126e-02,3.948932653e-02,1.878599131e-04,3.077018977e+00,0.000000000e+00,1.337043394e-02,2.487440e-16,7.301898e-17,6.361967e-17,1.655922e-03
1.870000,2.153545420e-02,7.857700478e-02,4.208159338e-02,3.927839564e-02,1.862660895e-04,2.983512409e+00,0.000000000e+00,1.322804672e-02,5.661192e-16,1.571601e-16,1.680353e-16,1.652161e-03
1.880000,2.141138589e-02,7.815706229e-02,4.185833015e-02,3.906858556e-02,1.849862690e-04,2.893452059e+00,0.000000000e+00,1.308716868e-02,2.231076e-16,8.186466e-17,1.275494e-17,1.649691e-03
1.890000,2.128777851e-02,7.773935578e-02,4.163614965e-02,3.885989091e-02,1.839886956e-04,2.806783511e+00,0.000000000e+00,1.294778427e-02,6.736917e-16,6.319113e-17,1.942024e-16,1.644430e-03
1.900000,2.116463120e-02,7.732387438e-02,4.141504986e-02,3.865230628e-02,1.832415523e-04,2.723418384e+00,0.000000000e+00,1.280987805e-02,4.446278e-16,1.364611e-16,9.985549e-17,1.646550e-03
1.910000,2.104194394e-02,7.691060721e-02,4.119502874e-02,3.844582629e-02,1.827134470e-04,2.643241158e+00,0.000000000e+00,1.267343474e-02,1.601183e-16,2.289901e-17,1.237443e-16,1.646820e-03
1.920000,2.091971746e-02,7.649954339e-02,4.097608411e-02,3.824044552e-02,1.823738344e-04,2.566114903e+00,0.000000000e+00,1.253843921e-02,4.443869e-16,1.093491e-16,4.922147e-17,1.642600e-03
1.930000,2.079795326e-02,7.609067208e-02,4.075821371e-02,3.803615860e-02,1.821933676e-04,2.491886075e+00,0.000000000e+00,1.240487644e-02,8.927474e-16,1.884090e-16,7.155077e-17,1.651531e-03
1.940000,2.067665347e-02,7.568398243e-02,4.054141519e-02,3.783296014e-02,1.821441742e-04,2.420388581e+00,0.000000000e+00,1.227273157e-02,1.467002e-17,1.449977e-16,5.463615e-17,1.650990e-03
1.950000,2.055582087e-02,7.527946360e-02,4.032568607e-02,3.763084475e-02,1.822000600e-04,2.351447237e+00,0.000000000e+00,1.214198987e-02,1.594450e-16,4.074192e-17,1.901739e-16,1.645190e-03
1.960000,2.043545876e-02,7.487710477e-02,4.011102379e-02,3.742980707e-02,1.823366456e-04,2.284880736e+00,0.000000000e+00,1.201263675e-02,4.442740e-16,8.699707e-17,5.014409e-17,1.655551e-03
1.970000,2.031557094e-02,7.447689514e-02,3.989742570e-02,3.722984173e-02,1.825314424e-04,2.220504223e+00,0.000000000e+00,1.188465775e-02,4.578325e-16,7.406879e-17,1.077103e-16,1.651591e-03
1.980000,2.019616163e-02,7.407882391e-02,3.968488905e-02,3.703094336e-02,1.827638792e-04,2.158131559e+00,0.000000000e+00,1.175803856e-02,1.367741e-16,1.009248e-16,6.283221e-17,1.652721e-03
1.990000,2.007723538e-02,7.368288030e-02,3.947341102e-02,3.683310662e-02,1.830152860e-04,2.097577331e+00,0.000000000e+00,1.163276499e-02,4.485506e-16,1.279000e-16,3.126885e-17,1.662532e-03
2.000000,1.995879703e-02,7.328905356e-02,3.926298873e-02,3.663632616e-02,1.832688462e-04,2.038658658e+00,0.000000000e+00,1.150882300e-02,7.771992e-16,1.674160e-16,6.377063e-17,1.652211e-03
2.010000,1.984084940e-02,7.289733293e-02,3.905358529e-02,3.644059663e-02,1.835094491e-04,1.973355690e+00,0.000000000e+00,1.138619733e-02,2.299413e-16,2.298509e-17,1.463534e-16,1.653501e-03
2.020000,1.972339836e-02,7.250770760e-02,3.884525765e-02,3.624591266e-02,1.837227924e-04,1.912482813e+00,0.000000000e+00,1.126487653e-02,1.139120e-16,4.331724e-17,2.644053e-17,1.650590e-03
2.030000,1.960644763e-02,7.212016675e-02,3.863800537e-02,3.605226888e-02,1.838968279e-04,1.855684227e+00,0.000000000e+00,1.114484701e-02,4.584399e-16,1.845183e-17,5.921223e-17,1.653811e-03
2.040000,1.949000093e-02,7.173469959e-02,3.843182734e-02,3.585965993e-02,1.840215797e-04,1.802643207e+00,0.000000000e+00,1.102609527e-02,7.656893e-17,3.836299e-17,6.193224e-17,1.664332e-03
2.050000,1.937406203e-02,7.135129532e-02,3.822672189e-02,3.566808043e-02,1.840889207e-04,1.753076910e+00,0.000000000e+00,1.090860794e-02,6.753737e-16,3.572014e-17,6.290055e-17,1.653721e-03
2.060000,1.925863474e-02,7.096994318e-02,3.802268686e-02,3.547752505e-02,1.840923641e-04,1.706731931e+00,0.000000000e+00,1.079237175e-02,3.377047e-16,3.229394e-17,5.508942e-17,1.640380e-03
2.070000,1.914372294e-02,7.059063244e-02,3.781971961e-02,3.528798843e-02,1.840268700e-04,1.663380498e+00,0.000000000e+00,1.067737354e-02,2.293037e-16,6.620996e-17,9.772078e-17,1.655001e-03
2.080000,1.902933057e-02,7.021335237e-02,3.761781713e-02,3.509946526e-02,1.838886689e-04,1.622817197e+00,0.000000000e+00,1.056360029e-02,2.569386e-16,7.819857e-17,1.701445e-16,1.637559e-03
2.090000,1.891546163e-02,6.983809230e-02,3.741697608e-02,3.491195022e-02,1.836751018e-04,1.584856160e+00,0.000000000e+00,1.045103909e-02,2.258212e-16,5.206022e-17,1.214355e-17,1.635379e-03
2.100000,1.880212020e-02,6.946484156e-02,3.721719281e-02,3.472543801e-02,1.833844751e-04,1.549328631e+00,0.000000000e+00,1.033967712e-02,2.507621e-16,1.056314e-16,2.326669e-17,1.639700e-03
2.110000,1.868931043e-02,6.909358956e-02,3.701846341e-02,3.453992337e-02,1.830159314e-04,1.516080869e+00,0.000000000e+00,1.022950172e-02,4.447604e-16,1.728240e-17,1.090266e-16,1.634879e-03
2.120000,1.857703655e-02,6.872432571e-02,3.682078378e-02,3.435540102e-02,1.825693331e-04,1.484972331e+00,0.000000000e+00,1.012050035e-02,2.230951e-16,2.492840e-17,1.381381e-16,1.639870e-03
2.130000,1.846530288e-02,6.835703947e-02,3.662414962e-02,3.417186573e-02,1.820451598e-04,1.455874101e+00,0.000000000e+00,1.001266055e-02,1.257435e-16,1.288698e-16,3.907477e-17,1.640159e-03
2.140000,1.835411382e-02,6.799172034e-02,3.642855647e-02,3.398931228e-02,1.814444162e-04,1.428667523e+00,0.000000000e+00,9.905970032e-03,2.494419e-16,8.432723e-17,6.578106e-17,1.639250e-03
2.150000,1.824347383e-02,6.762835787e-02,3.623399973e-02,3.380773546e-02,1.807685512e-04,1.403243019e+00,0.000000000e+00,9.800416600e-03,4.443073e-16,1.085589e-16,1.289233e-16,1.633408e-03
2.160000,1.813338747e-02,6.726694165e-02,3.604047470e-02,3.362713009e-02,1.800193863e-04,1.379499063e+00,0.000000000e+00,9.695988191e-03,5.661631e-16,3.583858e-17,4.074076e-17,1.637759e-03
2.170000,1.802385937e-02,6.690746130e-02,3.584797660e-02,3.344749103e-02,1.791990527e-04,1.357341289e+00,0.000000000e+00,9.592672861e-03,2.483989e-16,6.604242e-17,9.349476e-17,1.643060e-03
2.180000,1.791489424e-02,6.654990650e-02,3.565650054e-02,3.326881313e-02,1.783099354e-04,1.336681712e+00,0.000000000e+00,9.490458786e-03,4.442273e-16,2.778119e-17,1.906994e-17,1.645840e-03
2.190000,1.780649685e-02,6.619426698e-02,3.546604160e-02,3.309109127e-02,1.773546249e-04,1.317438065e+00,0.000000000e+00,9.389334265e-03,1.099062e-17,8.596185e-17,1.659396e-17,1.633959e-03
2.200000,1.769867208e-02,6.584053250e-02,3.527659480e-02,3.291432038e-02,1.763358741e-04,1.299533208e+00,0.000000000e+00,9.289287714e-03,2.555705e-16,1.708814e-17,8.182674e-18,1.641839e-03
2.210000,1.759142482e-02,6.548869287e-02,3.508815511e-02,3.273849538e-02,1.752565614e-04,1.282894623e+00,0.000000000e+00,9.190307670e-03,8.975336e-16,2.942086e-17,4.434798e-17,1.638769e-03
2.220000,1.748476007e-02,6.513873797e-02,3.490071748e-02,3.256361122e-02,1.741196578e-04,1.267453978e+00,0.000000000e+00,9.092382789e-03,6.757060e-16,1.762987e-17,3.482720e-17,1.641210e-03
2.230000,1.737868286e-02,6.479065771e-02,3.471427685e-02,3.238966290e-02,1.729281986e-04,1.253146745e+00,0.000000000e+00,8.995501844e-03,6.754026e-16,3.577867e-18,1.063036e-16,1.645961e-03
2.240000,1.727319829e-02,6.444444204e-02,3.452882812e-02,3.221664541e-02,1.716852590e-04,1.239911866e+00,0.000000000e+00,8.899653723e-03,6.664810e-16,3.688073e-17,2.742839e-18,1.641090e-03
2.250000,1.716831152e-02,6.410008098e-02,3.434436621e-02,3.204455378e-02,1.703939324e-04,1.227691471e+00,0.000000000e+00,8.804827431e-03,7.809344e-16,2.119969e-17,1.097258e-16,1.642579e-03
2.260000,1.706402771e-02,6.375756458e-02,3.416088602e-02,3.187338306e-02,1.690573122e-04,1.216430627e+00,0.000000000e+00,8.711012090e-03,2.222623e-16,4.869263e-17,3.776527e-17,1.654101e-03
2.270000,1.696035211e-02,6.341688295e-02,3.397838245e-02,3.170312833e-02,1.676784760e-04,1.206077123e+00,0.000000000e+00,8.618196932e-03,4.456809e-16,7.984801e-17,3.413980e-17,1.640260e-03
2.280000,1.685728998e-02,6.307802625e-02,3.379685041e-02,3.153378469e-02,1.662604717e-04,1.196581276e+00,0.000000000e+00,8.526371305e-03,1.778092e-17,5.004459e-17,2.235140e-17,1.644040e-03
2.290000,1.675484659e-02,6.274098468e-02,3.361628482e-02,3.136534727e-02,1.648063063e-04,1.187895774e+00,0.000000000e+00,8.435524667e-03,1.601018e-16,7.270083e-17,2.087195e-17,1.646270e-03
2.300000,1.665302725e-02,6.240574851e-02,3.343668061e-02,3.119781122e-02,1.633189360e-04,1.179975526e+00,0.000000000e+00,8.345646587e-03,2.243720e-16,4.284945e-17,3.357615e-17,1.643890e-03
2.310000,1.655183727e-02,6.207230804e-02,3.325803272e-02,3.103117170e-02,1.618012576e-04,1.172777534e+00,0.000000000e+00,8.256726745e-03,6.668958e-16,7.326905e-17,3.055527e-17,1.643010e-03
2.320000,1.645128199e-02,6.174065362e-02,3.308033610e-02,3.086542393e-02,1.602561022e-04,1.166260783e+00,0.000000000e+00,8.168754928e-03,1.699675e-17,3.563464e-17,1.241873e-17,1.641600e-03
2.330000,1.635136671e-02,6.141077567e-02,3.290358573e-02,3.070056311e-02,1.586862291e-04,1.160386138e+00,0.000000000e+00,8.081721031e-03,1.356584e-16,7.018666e-17,1.958328e-17,1.646340e-03
2.340000,1.625209676e-02,6.108266462e-02,3.272777659e-02,3.053658451e-02,1.570943211e-04,1.155116253e+00,0.000000000e+00,7.995615058e-03,6.969320e-18,7.098072e-17,6.912416e-17,1.640800e-03
2.350000,1.615347742e-02,6.075631100e-02,3.255290371e-02,3.037348339e-02,1.554829813e-04,1.150415486e+00,0.000000000e+00,7.910427115e-03,1.137005e-16,1.778125e-17,1.251237e-16,1.650521e-03
2.360000,1.605551397e-02,6.043170534e-02,3.237896210e-02,3.021125505e-02,1.538547298e-04,1.146249829e+00,0.000000000e+00,7.826147416e-03,2.327380e-16,9.694592e-17,6.165746e-17,1.648921e-03
2.370000,1.595821164e-02,6.010883827e-02,3.220594683e-02,3.004989480e-02,1.522120016e-04,1.142586834e+00,0.000000000e+00,7.742766275e-03,5.675597e-16,9.688334e-17,4.453630e-17,1.647140e-03
2.380000,1.586157563e-02,5.978770041e-02,3.203385296e-02,2.988939800e-02,1.505571450e-04,1.139395546e+00,0.000000000e+00,7.660274112e-03,3.337479e-16,3.676389e-17,2.853821e-17,1.647940e-03
2.390000,1.576561109e-02,5.946828249e-02,3.186267560e-02,2.972976002e-02,1.488924210e-04,1.136646449e+00,0.000000000e+00,7.578661446e-03,3.345274e-16,7.813270e-17,1.975153e-17,1.648240e-03
2.400000,1.567032312e-02,5.915057524e-02,3.169240986e-02,2.957097624e-02,1.472200023e-04,1.134311399e+00,0.000000000e+00,7.497918896e-03,6.838514e-16,7.113763e-17,2.792468e-17,1.644790e-03
2.410000,1.557571673e-02,5.883456947e-02,3.152305088e-02,2.941304208e-02,1.455419731e-04,1.132363578e+00,0.000000000e+00,7.418037184e-03,4.480459e-16,3.921636e-17,4.210070e-17,1.644240e-03
2.420000,1.548179689e-02,5.852025602e-02,3.135459385e-02,2.925595299e-02,1.438603299e-04,1.130777434e+00,0.000000000e+00,7.339007125e-03,5.661595e-16,4.402715e-18,8.673617e-18,1.640410e-03
2.430000,1.538856847e-02,5.820762578e-02,3.118703394e-02,2.909970442e-02,1.421769814e-04,1.129528634e+00,0.000000000e+00,7.260819637e-03,2.498578e-16,2.874608e-17,1.422951e-17,1.643800e-03
2.440000,1.529603625e-02,5.789666970e-02,3.102036638e-02,2.894429187e-02,1.404937498e-04,1.128594016e+00,0.000000000e+00,7.183465729e-03,2.375748e-16,8.404266e-17,1.318465e-17,1.648411e-03
2.450000,1.520420491e-02,5.758737877e-02,3.085458640e-02,2.878971085e-02,1.388123713e-04,1.127951538e+00,0.000000000e+00,7.106936510e-03,2.226743e-16,5.679895e-17,9.111331e-18,1.641750e-03
2.460000,1.511307903e-02,5.727974402e-02,3.068968929e-02,2.863595690e-02,1.371344977e-04,1.127580237e+00,0.000000000e+00,7.031223181e-03,3.343272e-16,2.348393e-17,6.641444e-17,1.646830e-03
2.470000,1.502266308e-02,5.697375654e-02,3.052567033e-02,2.848302556e-02,1.354616975e-04,1.127460181e+00,0.000000000e+00,6.956317036e-03,3.331009e-16,5.714157e-17,1.404209e-17,1.657291e-03
2.480000,1.493296138e-02,5.666940746e-02,3.036252485e-02,2.833091244e-02,1.337954574e-04,1.127572426e+00,0.000000000e+00,6.882209463e-03,2.280618e-16,2.642252e-17,1.311851e-17,1.650541e-03
2.490000,1.484397816e-02,5.636668796e-02,3.020024818e-02,2.817961312e-02,1.321371843e-04,1.127898978e+00,0.000000000e+00,6.808891941e-03,2.247057e-16,6.557765e-17,4.586191e-17,1.647280e-03
2.500000,1.475571746e-02,5.606558926e-02,3.003883571e-02,2.802912324e-02,1.304882060e-04,1.128422749e+00,0.000000000e+00,6.736356038e-03,1.311130e-16,6.598375e-17,2.326018e-17,1.637699e-03
2.510000,1.466818320e-02,5.576610263e-02,2.987828283e-02,2.787943844e-02,1.288497742e-04,1.129127517e+00,0.000000000e+00,6.664593414e-03,6.764144e-16,7.410742e-18,2.603530e-17,1.641289e-03
2.520000,1.458137915e-02,5.546821940e-02,2.971858497e-02,2.773055441e-02,1.272230650e-04,1.129997893e+00,0.000000000e+00,6.593595816e-03,1.016083e-15,2.086434e-17,1.253602e-17,1.636839e-03
2.530000,1.449530889e-02,5.517193092e-02,2.955973759e-02,2.758246684e-02,1.256091819e-04,1.131019280e+00,0.000000000e+00,6.523355080e-03,3.708438e-16,2.064686e-17,1.953859e-17,1.642639e-03
2.540000,1.440997584e-02,5.487722860e-02,2.940173616e-02,2.743517144e-02,1.240091568e-04,1.132177837e+00,0.000000000e+00,6.453863128e-03,2.232762e-16,6.297722e-17,6.991423e-18,1.644520e-03
2.550000,1.432538324e-02,5.458410390e-02,2.924457619e-02,2.728866397e-02,1.224239523e-04,1.133460448e+00,0.000000000e+00,6.385111968e-03,2.578983e-16,4.165369e-17,2.265360e-17,1.637209e-03
2.560000,1.424153415e-02,5.429254831e-02,2.908825323e-02,2.714294017e-02,1.208544636e-04,1.134854689e+00,0.000000000e+00,6.317093693e-03,8.886679e-16,3.171231e-17,1.043555e-17,1.642680e-03
2.570000,1.415843141e-02,5.400255337e-02,2.893276282e-02,2.699799584e-02,1.193015203e-04,1.136348793e+00,0.000000000e+00,6.249800480e-03,2.243069e-16,4.931011e-17,6.141792e-18,1.648540e-03
2.580000,1.407607766e-02,5.371411068e-02,2.877810057e-02,2.685382678e-02,1.177658881e-04,1.137931620e+00,0.000000000e+00,6.183224589e-03,6.776323e-16,2.429000e-17,1.728342e-17,1.643720e-03
2.590000,1.399447536e-02,5.342721186e-02,2.862426208e-02,2.671042883e-02,1.162482711e-04,1.139592632e+00,0.000000000e+00,6.117358365e-03,3.511586e-16,2.085082e-17,5.472805e-18,1.640429e-03
2.600000,1.391362671e-02,5.314184858e-02,2.847124302e-02,2.656779783e-02,1.147493136e-04,1.141321861e+00,0.000000000e+00,6.052194230e-03,5.558165e-16,1.235990e-17,2.400596e-18,1.640189e-03
2.610000,1.383353372e-02,5.285801258e-02,2.831903904e-02,2.642592966e-02,1.132696014e-04,1.143109881e+00,0.000000000e+00,5.987724691e-03,3.544595e-16,3.601445e-17,3.014126e-17,1.649180e-03
2.620000,1.375419814e-02,5.257569561e-02,2.816764586e-02,2.628482020e-02,1.118096647e-04,1.144947786e+00,0.000000000e+00,5.923942332e-03,2.485986e-16,2.531095e-17,1.804350e-17,1.645689e-03
2.630000,1.367562151e-02,5.229488947e-02,2.801705920e-02,2.614446539e-02,1.103699791e-04,1.146827163e+00,0.000000000e+00,5.860839818e-03,4.446479e-16,2.891793e-17,1.342759e-17,1.648711e-03
2.640000,1.359780510e-02,5.201558602e-02,2.786727482e-02,2.600486114e-02,1.089509675e-04,1.148740069e+00,0.000000000e+00,5.798409889e-03,1.571583e-16,1.414001e-17,1.705621e-17,1.641510e-03
2.650000,1.352074994e-02,5.173777714e-02,2.771828851e-02,2.586600343e-02,1.075530026e-04,1.150679008e+00,0.000000000e+00,5.736645367e-03,5.680075e-16,3.484610e-17,4.736177e-18,1.643189e-03
2.660000,1.344445682e-02,5.146145478e-02,2.757009608e-02,2.572788822e-02,1.061764079e-04,1.152636908e+00,0.000000000e+00,5.675539146e-03,2.224238e-16,9.480472e-17,1.426251e-17,1.653051e-03
2.670000,1.336892626e-02,5.118661089e-02,2.742269337e-02,2.559051153e-02,1.048214600e-04,1.154607105e+00,0.000000000e+00,5.615084198e-03,3.335525e-16,3.648079e-17,1.304652e-17,1.644469e-03
2.680000,1.329415850e-02,5.091323751e-02,2.727607625e-02,2.545386936e-02,1.034883899e-04,1.156583317e+00,0.000000000e+00,5.555273570e-03,5.661582e-16,3.946987e-17,8.932668e-18,1.653881e-03
2.690000,1.322015353e-02,5.064132668e-02,2.713024062e-02,2.531795776e-02,1.021773853e-04,1.158559630e+00,0.000000000e+00,5.496100383e-03,1.115572e-16,1.305552e-17,1.016378e-17,1.661402e-03
2.700000,1.314691106e-02,5.037087052e-02,2.698518241e-02,2.518277280e-02,1.008885921e-04,1.160530478e+00,0.000000000e+00,5.437557830e-03,2.223159e-16,2.475806e-17,2.744558e-17,1.650551e-03
2.710000,1.307443053e-02,5.010186116e-02,2.684089757e-02,2.504831055e-02,9.962211607e-05,1.162490626e+00,0.000000000e+00,5.379639179e-03,5.553175e-16,1.289426e-17,2.841706e-17,1.650050e-03
2.720000,1.300271108e-02,4.983429079e-02,2.669738207e-02,2.491456712e-02,9.837802453e-05,1.164435153e+00,0.000000000e+00,5.322337767e-03,6.796975e-16,5.040234e-17,1.361365e-17,1.656891e-03
2.730000,1.293175158e-02,4.956815163e-02,2.655463193e-02,2.478153862e-02,9.715634828e-05,1.166359440e+00,0.000000000e+00,5.265647004e-03,6.663376e-16,1.321838e-17,3.308260e-17,1.665082e-03
2.740000,1.286155062e-02,4.930343594e-02,2.641264317e-02,2.464922121e-02,9.595708313e-05,1.168259147e+00,0.000000000e+00,5.209560371e-03,4.518980e-16,5.378736e-17,1.784427e-17,1.651791e-03
2.750000,1.279210648e-02,4.904013603e-02,2.627141187e-02,2.451761104e-02,9.478019167e-05,1.170130209e+00,0.000000000e+00,5.154071415e-03,7.796656e-16,1.478376e-17,1.609529e-17,1.655102e-03
2.760000,1.272341717e-02,4.877824424e-02,2.613093410e-02,2.438670430e-02,9.362560491e-05,1.171968812e+00,0.000000000e+00,5.099173757e-03,4.597134e-16,2.123819e-17,1.161982e-17,1.646360e-03
2.770000,1.265548040e-02,4.851775296e-02,2.599120598e-02,2.425649719e-02,9.249322401e-05,1.173771387e+00,0.000000000e+00,5.044861080e-03,9.511364e-18,3.379808e-17,2.024942e-17,1.650131e-03
2.780000,1.258829358e-02,4.825865462e-02,2.585222365e-02,2.412698593e-02,9.138292188e-05,1.175534596e+00,0.000000000e+00,4.991127141e-03,2.223984e-16,2.105140e-18,5.043580e-18,1.639289e-03
2.790000,1.252185383e-02,4.800094167e-02,2.571398328e-02,2.399816676e-02,9.029454495e-05,1.177255319e+00,0.000000000e+00,4.937965757e-03,1.585565e-16,2.093184e-17,3.794708e-18,1.642449e-03
2.800000,1.245615797e-02,4.774460662e-02,2.557648105e-02,2.387003596e-02,8.922791472e-05,1.178930639e+00,0.000000000e+00,4.885370817e-03,2.230490e-16,1.542008e-17,6.724020e-18,1.648910e-03
2.810000,1.239120253e-02,4.748964202e-02,2.543971317e-02,2.374258978e-02,8.818282948e-05,1.180557840e+00,0.000000000e+00,4.833336270e-03,1.215119e-16,1.288149e-17,1.083389e-17,1.646810e-03
2.820000,1.232698375e-02,4.723604044e-02,2.530367590e-02,2.361582455e-02,8.715906593e-05,1.182134387e+00,0.000000000e+00,4.781856134e-03,1.164665e-16,2.130009e-17,2.436755e-17,1.645320e-03
2.830000,1.226349757e-02,4.698379451e-02,2.516836549e-02,2.348973657e-02,8.615638081e-05,1.183657920e+00,0.000000000e+00,4.730924488e-03,1.608716e-16,2.433352e-17,1.748223e-18,1.646580e-03
2.840000,1.220073964e-02,4.673289689e-02,2.503377823e-02,2.336432219e-02,8.517451254e-05,1.185126247e+00,0.000000000e+00,4.680535475e-03,5.572764e-16,6.987008e-18,1.015235e-17,1.647720e-03
2.850000,1.213870530e-02,4.648334027e-02,2.489991042e-02,2.323957776e-02,8.421318281e-05,1.186537330e+00,0.000000000e+00,4.630683301e-03,8.951984e-16,5.514583e-17,2.654065e-17,1.642380e-03
2.860000,1.207738964e-02,4.623511740e-02,2.476675840e-02,2.311549967e-02,8.327209818e-05,1.187889276e+00,0.000000000e+00,4.581362234e-03,1.350441e-16,1.593777e-17,1.458202e-17,1.641099e-03
2.870000,1.201678743e-02,4.598822104e-02,2.463431853e-02,2.299208430e-02,8.235095167e-05,1.189180335e+00,0.000000000e+00,4.532566601e-03,2.259611e-16,4.488348e-17,5.421011e-18,1.636378e-03
2.880000,1.195689317e-02,4.574264402e-02,2.450258718e-02,2.286932807e-02,8.144942430e-05,1.190408882e+00,0.000000000e+00,4.484290793e-03,2.693214e-16,1.747820e-17,6.594944e-18,1.645910e-03
2.890000,1.189770109e-02,4.549837917e-02,2.437156074e-02,2.274722742e-02,8.056718666e-05,1.191573420e+00,0.000000000e+00,4.436529258e-03,1.113074e-16,2.772358e-17,1.534414e-17,1.644860e-03
2.900000,1.183920511e-02,4.525541940e-02,2.424123563e-02,2.262577880e-02,7.970390042e-05,1.192672563e+00,0.000000000e+00,4.389276505e-03,3.529216e-16,2.810657e-17,1.701679e-17,1.640879e-03
2.910000,1.178139893e-02,4.501375763e-02,2.411160830e-02,2.250497868e-02,7.885921980e-05,1.193705036e+00,0.000000000e+00,4.342527101e-03,4.454728e-16,4.616003e-17,1.909704e-18,1.647090e-03
2.920000,1.172427592e-02,4.477338682e-02,2.398267518e-02,2.238482355e-02,7.803279307e-05,1.194669665e+00,0.000000000e+00,4.296275672e-03,2.519354e-16,5.898698e-18,2.271507e-17,1.644610e-03
2.930000,1.166782924e-02,4.453429997e-02,2.385443277e-02,2.226530993e-02,7.722426394e-05,1.195565370e+00,0.000000000e+00,4.250516899e-03,2.088884e-17,3.354112e-17,1.651408e-18,1.638629e-03
2.940000,1.161205177e-02,4.429649013e-02,2.372687754e-02,2.214643433e-02,7.643327298e-05,1.196391162e+00,0.000000000e+00,4.205245522e-03,2.492213e-16,2.398318e-17,1.303931e-17,1.653470e-03
2.950000,1.155693613e-02,4.405995037e-02,2.360000601e-02,2.202819330e-02,7.565945900e-05,1.197146135e+00,0.000000000e+00,4.160456337e-03,5.579665e-16,1.748896e-17,1.360846e-17,1.649750e-03
2.960000,1.150247472e-02,4.382467381e-02,2.347381471e-02,2.191058341e-02,7.490246031e-05,1.197829464e+00,0.000000000e+00,4.116144194e-03,1.112601e-16,2.217399e-17,5.249151e-18,1.645530e-03
2.970000,1.144865967e-02,4.359065359e-02,2.334830017e-02,2.179360124e-02,7.416191605e-05,1.198440394e+00,0.000000000e+00,4.072304001e-03,4.288181e-17,1.846871e-17,3.734207e-18,1.652851e-03
2.980000,1.139548289e-02,4.335788291e-02,2.322345895e-02,2.167724340e-02,7.343746738e-05,1.198978243e+00,0.000000000e+00,4.028930718e-03,2.499661e-16,2.587430e-17,5.581272e-18,1.636879e-03
2.990000,1.134293608e-02,4.312635499e-02,2.309928763e-02,2.156150649e-02,7.272875868e-05,1.199442391e+00,0.000000000e+00,3.986019358e-03,2.232715e-16,2.910835e-17,6.523483e-18,1.645219e-03
3.000000,1.129101068e-02,4.289606309e-02,2.297578279e-02,2.144638717e-02,7.203543866e-05,1.199832282e+00,0.000000000e+00,3.943564991e-03,5.555154e-16,3.668707e-18,3.636525e-18,1.649540e-03
3.010000,1.123969797e-02,4.266700051e-02,2.285294102e-02,2.133188208e-02,7.135716144e-05,1.200147418e+00,0.000000000e+00,3.901562737e-03,4.603395e-16,1.828159e-17,5.701347e-18,1.638619e-03
3.020000,1.118898899e-02,4.243916059e-02,2.273075895e-02,2.121798790e-02,7.069358755e-05,1.200387354e+00,0.000000000e+00,3.860007767e-03,4.579678e-16,1.483139e-17,2.524702e-18,1.640519e-03
3.030000,1.113887459e-02,4.221253669e-02,2.260923319e-02,2.110470133e-02,7.004438488e-05,1.200551697e+00,0.000000000e+00,3.818895308e-03,4.586105e-16,1.228215e-17,4.955409e-18,1.641570e-03
3.040000,1.108934544e-02,4.198712222e-02,2.248836039e-02,2.099201906e-02,6.940922958e-05,1.200640108e+00,0.000000000e+00,3.778220633e-03,4.446208e-16,1.257675e-17,4.083428e-18,1.643569e-03
3.050000,1.104039202e-02,4.176291064e-02,2.236813718e-02,2.087993784e-02,6.878780688e-05,1.200652291e+00,0.000000000e+00,3.737979069e-03,2.307117e-16,1.894471e-17,1.646141e-17,1.641359e-03
3.060000,1.099200466e-02,4.153989541e-02,2.224856022e-02,2.076845441e-02,6.817981184e-05,1.200587998e+00,0.000000000e+00,3.698165992e-03,4.467679e-16,7.059813e-18,1.940427e-18,1.634129e-03
3.070000,1.094417351e-02,4.131807005e-02,2.212962619e-02,2.065756553e-02,6.758495005e-05,1.200447027e+00,0.000000000e+00,3.658776828e-03,9.052303e-17,1.311168e-17,1.310046e-18,1.636908e-03
3.080000,1.089688857e-02,4.109742813e-02,2.201133176e-02,2.054726798e-02,6.700293826e-05,1.200229220e+00,0.000000000e+00,3.619807049e-03,1.389945e-16,1.613532e-17,1.563969e-17,1.640159e-03
3.090000,1.085013970e-02,4.087796322e-02,2.189367361e-02,2.043755857e-02,6.643350490e-05,1.199934459e+00,0.000000000e+00,3.581252181e-03,6.813667e-16,1.951564e-17,1.843343e-18,1.630398e-03
3.100000,1.080391662e-02,4.065966894e-02,2.177664844e-02,2.032843411e-02,6.587639058e-05,1.199562673e+00,0.000000000e+00,3.543107792e-03,2.327133e-16,1.928905e-17,6.072016e-18,1.644389e-03
3.110000,1.075820895e-02,4.044253897e-02,2.166025294e-02,2.021989144e-02,6.533134851e-05,1.199113833e+00,0.000000000e+00,3.505369502e-03,2.348649e-16,1.813731e-17,1.303931e-17,1.648260e-03
3.120000,1.071300615e-02,4.022656699e-02,2.154448384e-02,2.011192741e-02,6.479814479e-05,1.198587953e+00,0.000000000e+00,3.468032974e-03,6.758974e-16,1.920477e-17,2.715380e-18,1.646570e-03
3.130000,1.066829762e-02,4.001174674e-02,2.142933783e-02,2.000453889e-02,6.427655875e-05,1.197985091e+00,0.000000000e+00,3.431093921e-03,6.679164e-16,1.711014e-17,5.456470e-18,1.634149e-03
3.140000,1.062407264e-02,3.979807198e-02,2.131481166e-02,1.989772278e-02,6.376638304e-05,1.197305352e+00,0.000000000e+00,3.394548101e-03,3.367732e-16,2.768455e-17,5.108781e-18,1.634328e-03
3.150000,1.058032040e-02,3.958553652e-02,2.120090204e-02,1.979147597e-02,6.326742384e-05,1.196548885e+00,0.000000000e+00,3.358391314e-03,2.348169e-16,3.394436e-17,5.641238e-18,1.638579e-03
3.160000,1.053703002e-02,3.937413419e-02,2.108760571e-02,1.968579540e-02,6.277950084e-05,1.195715890e+00,0.000000000e+00,3.322619411e-03,6.697382e-16,1.504230e-17,5.171670e-18,1.634168e-03
3.170000,1.049419057e-02,3.916385886e-02,2.097491941e-02,1.958067800e-02,6.230244725e-05,1.194806616e+00,0.000000000e+00,3.287228282e-03,8.882107e-16,1.046466e-17,1.011000e-17,1.653800e-03
3.180000,1.045179104e-02,3.895470444e-02,2.086283989e-02,1.947612073e-02,6.183610968e-05,1.193821363e+00,0.000000000e+00,3.252213864e-03,6.312701e-17,1.163688e-17,4.693481e-18,1.633938e-03
3.190000,1.040982037e-02,3.874666487e-02,2.075136390e-02,1.937212057e-02,6.138034798e-05,1.192760490e+00,0.000000000e+00,3.217572136e-03,5.665062e-16,3.336402e-17,6.000694e-18,1.642209e-03
3.200000,1.036826749e-02,3.853973414e-02,2.064048819e-02,1.926867452e-02,6.093503501e-05,1.191624410e+00,0.000000000e+00,3.183299123e-03,6.868503e-16,1.334274e-17,5.519390e-18,1.640739e-03
3.210000,1.032712128e-02,3.833390625e-02,2.053020953e-02,1.916577958e-02,6.050005633e-05,1.190413597e+00,0.000000000e+00,3.149390888e-03,3.366752e-16,9.556367e-18,1.504487e-17,1.642139e-03
3.220000,1.028637061e-02,3.812917524e-02,2.042052467e-02,1.906343278e-02,6.007530982e-05,1.189128591e+00,0.000000000e+00,3.115843541e-03,2.273055e-16,1.237511e-17,7.854341e-18,1.638579e-03
3.230000,1.024600432e-02,3.792553521e-02,2.031143040e-02,1.896163117e-02,5.966070529e-05,1.187769998e+00,0.000000000e+00,3.082653229e-03,5.552025e-16,1.414001e-17,5.691351e-18,1.651340e-03
3.240000,1.020601129e-02,3.772298026e-02,2.020292348e-02,1.886037180e-02,5.925616391e-05,1.186338495e+00,0.000000000e+00,3.049816145e-03,2.326539e-16,1.541894e-17,7.088943e-18,1.631218e-03
3.250000,1.016638038e-02,3.752150454e-02,2.009500070e-02,1.875965177e-02,5.886161775e-05,1.184834836e+00,0.000000000e+00,3.017328519e-03,2.308555e-16,4.985680e-17,1.417594e-17,1.634248e-03
3.260000,1.012710048e-02,3.732110224e-02,1.998765883e-02,1.865946815e-02,5.847700910e-05,1.183259852e+00,0.000000000e+00,2.985186624e-03,4.653024e-16,3.940594e-17,7.867006e-18,1.639619e-03
3.270000,1.008816049e-02,3.712176757e-02,1.988089467e-02,1.855981808e-02,5.810228983e-05,1.181614460e+00,0.000000000e+00,2.953386771e-03,3.469978e-16,1.484090e-17,3.924247e-18,1.641329e-03
3.280000,1.004954938e-02,3.692349479e-02,1.977470501e-02,1.846069868e-02,5.773742070e-05,1.179899663e+00,0.000000000e+00,2.921925313e-03,3.557843e-16,3.657877e-17,3.115343e-17,1.631168e-03
3.290000,1.001125614e-02,3.672627818e-02,1.966908664e-02,1.836210708e-02,5.738237056e-05,1.178116559e+00,0.000000000e+00,2.890798639e-03,1.112930e-16,1.929788e-17,9.152723e-18,1.632068e-03
3.300000,9.973269820e-03,3.653011205e-02,1.956403636e-02,1.826404047e-02,5.703711560e-05,1.176266344e+00,0.000000000e+00,2.860003180e-03,2.326357e-16,3.324384e-17,9.164074e-18,1.632838e-03
3.310000,9.935579529e-03,3.633499077e-02,1.945955099e-02,1.816649601e-02,5.670163847e-05,1.174350316e+00,0.000000000e+00,2.829535402e-03,1.391034e-16,3.591329e-17,1.635729e-17,1.637808e-03
3.320000,9.898174452e-03,3.614090871e-02,1.935562734e-02,1.806947091e-02,5.637592740e-05,1.172369884e+00,0.000000000e+00,2.799391813e-03,1.667885e-16,1.320815e-17,6.345131e-19,1.638519e-03
3.330000,9.861043850e-03,3.594786028e-02,1.925226221e-02,1.797296237e-02,5.605997534e-05,1.170326570e+00,0.000000000e+00,2.769568954e-03,4.580853e-16,1.414001e-17,1.639910e-17,1.639389e-03
3.340000,9.824177069e-03,3.575583995e-02,1.914945243e-02,1.787696763e-02,5.575377899e-05,1.168222018e+00,0.000000000e+00,2.740063406e-03,6.813578e-16,6.830474e-18,1.822274e-17,1.628997e-03
3.350000,9.787563547e-03,3.556484219e-02,1.904719483e-02,1.778148393e-02,5.545733786e-05,1.166057997e+00,0.000000000e+00,2.710871787e-03,6.278794e-17,8.609002e-18,1.247127e-17,1.624247e-03
3.360000,9.751192825e-03,3.537486152e-02,1.894548625e-02,1.768650854e-02,5.517065332e-05,1.163836410e+00,0.000000000e+00,2.681990749e-03,7.774368e-16,3.476217e-18,2.981556e-18,1.624687e-03
3.370000,9.715054550e-03,3.518589249e-02,1.884432351e-02,1.759203872e-02,5.489372759e-05,1.161559300e+00,0.000000000e+00,2.653416982e-03,3.332749e-16,6.774598e-17,4.525899e-17,1.621207e-03
3.380000,9.679138484e-03,3.499792967e-02,1.874370348e-02,1.749807178e-02,5.462656282e-05,1.159228857e+00,0.000000000e+00,2.625147210e-03,5.663376e-16,1.636535e-17,1.175060e-17,1.642979e-03
3.390000,9.643434509e-03,3.481096767e-02,1.864362299e-02,1.740460502e-02,5.436916003e-05,1.156847424e+00,0.000000000e+00,2.597178193e-03,2.492228e-16,2.463311e-17,9.136977e-18,1.634708e-03
3.400000,9.607932635e-03,3.462500115e-02,1.854407890e-02,1.731163576e-02,5.412151823e-05,1.154417506e+00,0.000000000e+00,2.569506726e-03,2.248475e-16,2.752272e-17,1.363435e-17,1.636399e-03
3.410000,9.572623003e-03,3.444002477e-02,1.844506809e-02,1.721916136e-02,5.388363338e-05,1.151941777e+00,0.000000000e+00,2.542129639e-03,1.211833e-16,2.726871e-17,1.062643e-17,1.765503e-03
3.420000,9.537495897e-03,3.425603323e-02,1.834658743e-02,1.712717916e-02,5.365549753e-05,1.149423092e+00,0.000000000e+00,2.515043793e-03,1.144687e-16,3.219934e-17,2.547219e-17,1.642199e-03
3.430000,9.502541741e-03,3.407302128e-02,1.824863379e-02,1.703568653e-02,5.343709786e-05,1.146864489e+00,0.000000000e+00,2.488246087e-03,1.388219e-16,2.039251e-17,2.248369e-17,1.635479e-03
3.440000,9.467751111e-03,3.389098368e-02,1.815120407e-02,1.694468087e-02,5.322841579e-05,1.144269205e+00,0.000000000e+00,2.461733449e-03,2.308555e-16,2.099688e-17,1.428393e-17,1.633038e-03
3.450000,9.433114739e-03,3.370991523e-02,1.805429516e-02,1.685415957e-02,5.302942621e-05,1.141640683e+00,0.000000000e+00,2.435502843e-03,1.777309e-16,7.242154e-17,1.569146e-17,1.648310e-03
3.460000,9.398623514e-03,3.352981076e-02,1.795790396e-02,1.676412006e-02,5.284009660e-05,1.138982582e+00,0.000000000e+00,2.409551265e-03,3.578876e-16,1.330038e-17,2.557063e-17,1.632188e-03
3.470000,9.364268490e-03,3.335066512e-02,1.786202740e-02,1.667455976e-02,5.266038632e-05,1.136298789e+00,0.000000000e+00,2.383875742e-03,2.220582e-16,8.993161e-17,1.896628e-17,1.629048e-03
3.480000,9.330040890e-03,3.317247320e-02,1.776666239e-02,1.658547612e-02,5.249024591e-05,1.133593432e+00,0.000000000e+00,2.358473333e-03,1.145049e-16,1.383027e-17,8.644473e-18,1.633448e-03
3.490000,9.295932110e-03,3.299522992e-02,1.767180588e-02,1.649686661e-02,5.232961646e-05,1.130870890e+00,0.000000000e+00,2.333341131e-03,2.561421e-16,3.491064e-17,4.294320e-17,1.633858e-03
3.500000,9.261933720e-03,3.281893022e-02,1.757745479e-02,1.640872869e-02,5.217842900e-05,1.128135812e+00,0.000000000e+00,2.308476257e-03,4.454477e-16,9.149150e-18,2.288078e-17,1.638518e-03
3.510000,9.228037470e-03,3.264356909e-02,1.748360608e-02,1.632105986e-02,5.203660402e-05,1.125393123e+00,0.000000000e+00,2.283875864e-03,3.479191e-17,2.586157e-17,1.719751e-17,1.631148e-03
3.520000,9.194235296e-03,3.246914152e-02,1.739025671e-02,1.623385763e-02,5.190405104e-05,1.122648048e+00,0.000000000e+00,2.259537136e-03,1.243334e-16,5.101284e-17,3.678731e-17,1.630118e-03
3.530000,9.160519316e-03,3.229564254e-02,1.729740366e-02,1.614711952e-02,5.178066819e-05,1.119906126e+00,0.000000000e+00,2.235457286e-03,5.681961e-16,5.541323e-17,3.442615e-17,1.631758e-03
3.540000,9.126881839e-03,3.212306723e-02,1.720504391e-02,1.606084305e-02,5.166634199e-05,1.117173226e+00,0.000000000e+00,2.211633559e-03,1.144991e-16,4.601158e-17,3.916030e-17,1.651750e-03
3.550000,9.093315364e-03,3.195141066e-02,1.711317444e-02,1.597502578e-02,5.156094708e-05,1.114455570e+00,0.000000000e+00,2.188063227e-03,1.130635e-16,7.532358e-17,2.775220e-17,1.638679e-03
3.560000,9.059812583e-03,3.178066797e-02,1.702179226e-02,1.588966527e-02,5.146434609e-05,1.111759752e+00,0.000000000e+00,2.164743593e-03,6.958382e-17,4.921287e-17,2.182049e-17,1.631728e-03
3.570000,9.026366386e-03,3.161083428e-02,1.693089439e-02,1.580475908e-02,5.137638960e-05,1.109092763e+00,0.000000000e+00,2.141671986e-03,6.941197e-17,2.050834e-17,2.533058e-17,1.629427e-03
3.580000,8.992969859e-03,3.144190477e-02,1.684047784e-02,1.572030482e-02,5.129691613e-05,1.106462015e+00,0.000000000e+00,2.118845768e-03,4.582429e-16,2.432119e-17,2.659801e-17,1.636179e-03
3.590000,8.959616285e-03,3.127387464e-02,1.675053964e-02,1.563630009e-02,5.122575228e-05,1.103875368e+00,0.000000000e+00,2.096262325e-03,4.582989e-16,4.794528e-17,2.085286e-17,1.627978e-03
3.600000,8.926299151e-03,3.110673912e-02,1.666107685e-02,1.555274249e-02,5.116271283e-05,1.101341157e+00,0.000000000e+00,2.073919074e-03,6.670842e-16,2.863300e-17,1.441143e-17,1.634448e-03
3.610000,8.893012142e-03,3.094049346e-02,1.657208652e-02,1.546962966e-02,5.110760104e-05,1.098868229e+00,0.000000000e+00,2.051813456e-03,3.331643e-16,3.169006e-17,1.485656e-17,1.627058e-03
3.620000,8.859749149e-03,3.077513294e-02,1.648356570e-02,1.538695924e-02,5.106020894e-05,1.096465974e+00,0.000000000e+00,2.029942944e-03,2.238033e-16,5.896874e-17,8.474724e-17,1.632298e-03
3.630000,8.826504262e-03,3.061065287e-02,1.639551148e-02,1.530472889e-02,5.102031772e-05,1.094144363e+00,0.000000000e+00,2.008305033e-03,3.517120e-16,2.913600e-17,2.352050e-17,1.633338e-03
3.640000,8.793271779e-03,3.044704856e-02,1.630792092e-02,1.522293626e-02,5.098769816e-05,1.091913988e+00,0.000000000e+00,1.986897248e-03,4.495085e-16,1.546766e-17,1.699055e-17,1.636168e-03
3.650000,8.760046199e-03,3.028431539e-02,1.622079113e-02,1.514157906e-02,5.096211115e-05,1.089786109e+00,0.000000000e+00,1.965717140e-03,3.402535e-16,3.929317e-17,4.233393e-17,1.635308e-03
3.660000,8.726822227e-03,3.012244872e-02,1.613411921e-02,1.506065495e-02,5.094330827e-05,1.087772701e+00,0.000000000e+00,1.944762284e-03,6.661502e-16,2.092931e-17,2.887318e-17,1.630197e-03
3.670000,8.693594771e-03,2.996144398e-02,1.604790226e-02,1.498016166e-02,5.093103235e-05,1.085886503e+00,0.000000000e+00,1.924030282e-03,5.572340e-16,3.351430e-17,3.302763e-17,1.632788e-03
3.680000,8.660358944e-03,2.980129658e-02,1.596213739e-02,1.490009690e-02,5.092501818e-05,1.084141081e+00,0.000000000e+00,1.903518763e-03,2.452384e-16,8.023096e-17,4.415626e-17,1.639448e-03
3.690000,8.627110062e-03,2.964200199e-02,1.587682174e-02,1.482045840e-02,5.092499321e-05,1.082550887e+00,0.000000000e+00,1.883225378e-03,2.230288e-16,4.762314e-17,7.263548e-18,1.639229e-03
3.700000,8.593843645e-03,2.948355568e-02,1.579195242e-02,1.474124390e-02,5.093067827e-05,1.081131325e+00,0.000000000e+00,1.863147805e-03,6.661961e-16,1.281424e-17,4.209918e-17,1.636178e-03
3.710000,8.560555414e-03,2.932595316e-02,1.570752657e-02,1.466245115e-02,5.094178835e-05,1.079898825e+00,0.000000000e+00,1.843283747e-03,1.186987e-16,8.756515e-17,3.811769e-17,1.637128e-03
3.720000,8.527241293e-03,2.916918996e-02,1.562354133e-02,1.458407793e-02,5.095803343e-05,1.078870927e+00,0.000000000e+00,1.823630929e-03,2.238348e-16,1.157205e-16,3.193184e-17,1.639899e-03
3.730000,8.493897406e-03,2.901326162e-02,1.553999384e-02,1.450612201e-02,5.097911927e-05,1.078066361e+00,0.000000000e+00,1.804187102e-03,1.166344e-16,4.091337e-17,2.811547e-17,1.645209e-03
3.740000,8.460520075e-03,2.885816373e-02,1.545688125e-02,1.442858118e-02,5.100474828e-05,1.077505145e+00,0.000000000e+00,1.784950041e-03,4.475841e-16,5.370392e-17,4.842465e-17,1.656421e-03
3.750000,8.427105822e-03,2.870389188e-02,1.537420070e-02,1.435145325e-02,5.103462039e-05,1.077208687e+00,0.000000000e+00,1.765917542e-03,2.223091e-16,4.162899e-17,6.220950e-18,1.650980e-03
3.760000,8.393651365e-03,2.855044169e-02,1.529194934e-02,1.427473601e-02,5.106843389e-05,1.077199898e+00,0.000000000e+00,1.747087427e-03,1.572014e-16,6.613109e-17,1.346314e-17,1.648549e-03
3.770000,8.360153617e-03,2.839780881e-02,1.521012430e-02,1.419842731e-02,5.110588633e-05,1.077503308e+00,0.000000000e+00,1.728457539e-03,2.237793e-16,5.149595e-17,1.543837e-17,1.647849e-03
3.780000,8.326609683e-03,2.824598890e-02,1.512872274e-02,1.412252496e-02,5.114667542e-05,1.078145202e+00,0.000000000e+00,1.710025744e-03,1.186393e-16,7.589609e-17,7.756219e-17,1.642269e-03
3.790000,8.293016862e-03,2.809497765e-02,1.504774178e-02,1.404702683e-02,5.119049989e-05,1.079153763e+00,0.000000000e+00,1.691789932e-03,4.450329e-16,2.426506e-17,2.309809e-17,1.639048e-03
3.800000,8.259372640e-03,2.794477078e-02,1.496717857e-02,1.397193076e-02,5.123706037e-05,1.080559223e+00,0.000000000e+00,1.673748013e-03,1.186298e-16,6.177517e-17,4.208300e-17,1.643609e-03
3.810000,8.225674693e-03,2.779536401e-02,1.488703021e-02,1.389723463e-02,5.128606031e-05,1.082394036e+00,0.000000000e+00,1.655897919e-03,2.224812e-16,6.482767e-17,2.730939e-17,1.637979e-03
3.820000,8.191920880e-03,2.764675310e-02,1.480729382e-02,1.382293631e-02,5.133720680e-05,1.084693060e+00,0.000000000e+00,1.638237605e-03,2.518069e-16,5.443699e-17,4.563190e-17,1.640349e-03
3.830000,8.158109244e-03,2.749893382e-02,1.472796649e-02,1.374903370e-02,5.139021150e-05,1.087493755e+00,0.000000000e+00,1.620765047e-03,6.663354e-16,1.754131e-17,9.641061e-17,1.640579e-03
3.840000,8.124238011e-03,2.735190198e-02,1.464904532e-02,1.367552469e-02,5.144479142e-05,1.090836400e+00,0.000000000e+00,1.603478241e-03,2.289872e-16,1.867379e-17,2.536854e-17,1.638958e-03
3.850000,8.090305581e-03,2.720565339e-02,1.457052735e-02,1.360240719e-02,5.150066984e-05,1.094764332e+00,0.000000000e+00,1.586375204e-03,1.692678e-16,4.178232e-17,4.067435e-17,1.641859e-03
3.860000,8.056310535e-03,2.706018389e-02,1.449240964e-02,1.352967914e-02,5.155757712e-05,1.099324198e+00,0.000000000e+00,1.569453975e-03,5.662379e-16,4.751528e-17,9.849630e-18,1.645329e-03
3.870000,8.022251622e-03,2.691548934e-02,1.441468920e-02,1.345733845e-02,5.161525150e-05,1.104566237e+00,0.000000000e+00,1.552712611e-03,3.555138e-16,1.163334e-16,2.940263e-17,1.650869e-03
3.880000,7.988127766e-03,2.677156563e-02,1.433736302e-02,1.338538307e-02,5.167343998e-05,1.110544584e+00,0.000000000e+00,1.536149191e-03,2.238083e-16,6.895739e-17,3.380638e-17,1.647599e-03
3.890000,7.953938056e-03,2.662840865e-02,1.426042806e-02,1.331381096e-02,5.173189908e-05,1.117317605e+00,0.000000000e+00,1.519761812e-03,1.211927e-16,5.892566e-17,1.481582e-16,1.648219e-03
3.900000,7.919681748e-03,2.648601432e-02,1.418388123e-02,1.324262008e-02,5.179039564e-05,1.124948257e+00,0.000000000e+00,1.503548594e-03,7.679581e-17,1.904774e-17,4.442948e-17,1.647539e-03
3.910000,7.885358260e-03,2.634437860e-02,1.410771941e-02,1.317180840e-02,5.184870761e-05,1.133504493e+00,0.000000000e+00,1.487507671e-03,5.573569e-16,7.529025e-17,4.864943e-17,1.639509e-03
3.920000,7.850967167e-03,2.620349745e-02,1.403193943e-02,1.310137390e-02,5.190662487e-05,1.143059693e+00,0.000000000e+00,1.471637200e-03,2.306820e-16,9.076372e-17,6.300416e-17,1.641679e-03
3.930000,7.816508204e-03,2.606336684e-02,1.395653808e-02,1.303131457e-02,5.196394994e-05,1.153693152e+00,0.000000000e+00,1.455935356e-03,5.553393e-16,1.450230e-16,3.614193e-17,1.638078e-03
3.940000,7.781981257e-03,2.592398279e-02,1.388151208e-02,1.296162843e-02,5.202049877e-05,1.165490608e+00,0.000000000e+00,1.440400331e-03,1.241366e-16,1.123635e-16,1.379193e-17,1.640728e-03
3.950000,7.747386363e-03,2.578534131e-02,1.380685809e-02,1.289231349e-02,5.207610150e-05,1.178544834e+00,0.000000000e+00,1.425030337e-03,1.164463e-16,9.370543e-17,8.651967e-17,1.645750e-03
3.960000,7.712723707e-03,2.564743845e-02,1.373257269e-02,1.282336776e-02,5.213060319e-05,1.192956288e+00,0.000000000e+00,1.409823602e-03,2.498186e-16,2.553774e-17,2.978741e-17,1.647019e-03
3.970000,7.677993616e-03,2.551027028e-02,1.365865240e-02,1.275478928e-02,5.218386461e-05,1.208833843e+00,0.000000000e+00,1.394778374e-03,2.578677e-16,4.675225e-17,1.711884e-16,1.655290e-03
3.980000,7.643196560e-03,2.537383288e-02,1.358509363e-02,1.268657610e-02,5.223576288e-05,1.226295602e+00,0.000000000e+00,1.379892918e-03,2.507654e-16,1.139021e-16,1.090167e-16,1.641889e-03
3.990000,7.608333147e-03,2.523812235e-02,1.351189272e-02,1.261872627e-02,5.228619230e-05,1.245469810e+00,0.000000000e+00,1.365165514e-03,5.619306e-17,5.495964e-17,2.603509e-17,1.647749e-03
4.000000,7.573404120e-03,2.510313482e-02,1.343904587e-02,1.255123785e-02,5.233506496e-05,1.266495882e+00,0.000000000e+00,1.350594460e-03,1.625927e-16,4.201126e-17,4.413895e-17,1.642979e-03
4.010000,7.538410352e-03,2.496886644e-02,1.336654920e-02,1.248410891e-02,5.238231151e-05,1.289525565e+00,0.000000000e+00,1.336178073e-03,1.110810e-15,7.996680e-18,5.071490e-17,1.635788e-03
4.020000,7.503352847e-03,2.483531336e-02,1.329439868e-02,1.241733755e-02,5.242788178e-05,1.314724260e+00,0.000000000e+00,1.321914683e-03,1.115243e-16,1.603717e-16,1.138631e-16,1.640108e-03
4.030000,7.468232732e-03,2.470247179e-02,1.322259015e-02,1.235092186e-02,5.247174547e-05,1.342272519e+00,0.000000000e+00,1.307802638e-03,5.590616e-17,1.104024e-17,2.586157e-17,1.643759e-03
4.040000,7.433051260e-03,2.457033792e-02,1.315111927e-02,1.228485994e-02,5.251389271e-05,1.372367764e+00,0.000000000e+00,1.293840300e-03,8.914792e-16,1.414998e-17,3.916095e-17,1.644989e-03
4.050000,7.397809800e-03,2.443890798e-02,1.307998157e-02,1.221914990e-02,5.255433464e-05,1.405226248e+00,0.000000000e+00,1.280026049e-03,2.518836e-16,1.287820e-16,2.804668e-17,1.650489e-03
4.060000,7.362509839e-03,2.430817823e-02,1.300917236e-02,1.215378988e-02,5.259310390e-05,1.441085318e+00,0.000000000e+00,1.266358278e-03,2.348313e-16,7.927498e-17,4.428618e-17,1.649740e-03
4.070000,7.327152980e-03,2.417814493e-02,1.293868677e-02,1.208877801e-02,5.263025503e-05,1.480206017e+00,0.000000000e+00,1.252835397e-03,5.732488e-16,3.536311e-17,1.153458e-16,1.646859e-03
4.080000,7.291740935e-03,2.404880439e-02,1.286851970e-02,1.202411244e-02,5.266586476e-05,1.522876099e+00,0.000000000e+00,1.239455828e-03,2.223701e-16,4.718273e-17,1.493844e-16,1.646740e-03
4.090000,7.256275524e-03,2.392015292e-02,1.279866580e-02,1.195979133e-02,5.270003217e-05,1.569413513e+00,0.000000000e+00,1.226218010e-03,2.485218e-16,5.507331e-17,9.054981e-17,1.644319e-03
4.100000,7.220758675e-03,2.379218686e-02,1.272911949e-02,1.189581285e-02,5.273287866e-05,1.620170467e+00,0.000000000e+00,1.213120394e-03,3.535912e-16,8.451389e-17,6.470691e-17,1.651560e-03
4.110000,7.185192419e-03,2.366490258e-02,1.265987488e-02,1.183217519e-02,5.276454763e-05,1.675538153e+00,0.000000000e+00,1.200161446e-03,7.771890e-16,6.857311e-17,1.184245e-16,1.643059e-03
4.120000,7.149578889e-03,2.353829647e-02,1.259092579e-02,1.176887654e-02,5.279520400e-05,1.735952271e+00,0.000000000e+00,1.187339645e-03,5.551962e-17,1.208299e-16,1.760907e-17,1.641819e-03
4.130000,7.113920321e-03,2.341236495e-02,1.252226571e-02,1.170591512e-02,5.282503320e-05,1.801899502e+00,0.000000000e+00,1.174653484e-03,2.492213e-16,1.347147e-16,4.447093e-17,1.645359e-03
4.140000,7.078219047e-03,2.328710448e-02,1.245388780e-02,1.164328915e-02,5.285423979e-05,1.873925110e+00,0.000000000e+00,1.162101467e-03,8.964585e-16,4.730108e-17,6.238380e-17,1.643019e-03
4.150000,7.042477499e-03,2.316251153e-02,1.238578485e-02,1.158099688e-02,5.288304544e-05,1.952641905e+00,0.000000000e+00,1.149682115e-03,2.492047e-16,5.290398e-17,3.311634e-17,1.644258e-03
4.160000,7.006698207e-03,2.303858260e-02,1.231794927e-02,1.151903655e-02,5.291168622e-05,2.038740829e+00,0.000000000e+00,1.137393958e-03,1.244876e-16,7.025396e-17,9.827798e-17,1.649249e-03
4.170000,6.970883802e-03,2.291531426e-02,1.225037312e-02,1.145740644e-02,5.294040891e-05,2.133003521e+00,0.000000000e+00,1.125235541e-03,6.782465e-16,7.633478e-17,3.511779e-17,1.659151e-03
4.180000,6.935037012e-03,2.279270308e-02,1.218304803e-02,1.139610485e-02,5.296946622e-05,2.236317267e+00,0.000000000e+00,1.113205422e-03,2.348245e-16,8.002751e-17,1.854113e-17,1.651890e-03
4.190000,6.899160669e-03,2.267074568e-02,1.211596534e-02,1.133513009e-02,5.299911056e-05,2.349692861e+00,0.000000000e+00,1.101302173e-03,5.665688e-16,4.244994e-17,1.444224e-16,1.644269e-03
4.200000,6.863257712e-03,2.254943874e-02,1.204911601e-02,1.127448050e-02,5.302958604e-05,2.474286042e+00,0.000000000e+00,1.089524379e-03,2.560998e-16,2.171249e-17,1.193078e-16,1.640899e-03
4.210000,6.827331190e-03,2.242877897e-02,1.198249079e-02,1.121415443e-02,5.306111828e-05,2.611423317e+00,0.000000000e+00,1.077870643e-03,4.446278e-16,1.294424e-16,7.224310e-17,1.643419e-03
4.220000,6.791384270e-03,2.230876316e-02,1.191608032e-02,1.115415028e-02,5.309390154e-05,2.762633233e+00,0.000000000e+00,1.066339584e-03,4.630625e-16,6.691506e-17,3.019061e-17,1.639729e-03
4.230000,6.755420246e-03,2.218938814e-02,1.184987528e-02,1.109446646e-02,5.312808237e-05,2.929684419e+00,0.000000000e+00,1.054929841e-03,2.261553e-16,1.750374e-17,1.977316e-16,1.646829e-03
4.240000,6.719442555e-03,2.207065082e-02,1.178386670e-02,1.103510144e-02,5.316373923e-05,3.114632122e+00,0.000000000e+00,1.043640078e-03,5.562395e-16,4.255991e-17,9.936197e-17,1.650610e-03
4.250000,6.683454787e-03,2.195254820e-02,1.171804639e-02,1.097605370e-02,5.320085675e-05,3.319875448e+00,0.000000000e+00,1.032468987e-03,3.348803e-16,2.950828e-17,9.839632e-17,1.647420e-03
4.260000,6.647460710e-03,2.183507736e-02,1.165240752e-02,1.091732180e-02,5.323929366e-05,3.548228193e+00,0.000000000e+00,1.021415298e-03,6.670402e-16,6.304673e-17,2.461957e-17,1.631107e-03
4.270000,6.611464293e-03,2.171823550e-02,1.158694550e-02,1.085890434e-02,5.327874264e-05,3.803007049e+00,0.000000000e+00,1.010477789e-03,3.486751e-17,4.410934e-17,8.410676e-17,1.634958e-03
4.280000,6.575469746e-03,2.160201996e-02,1.152165930e-02,1.080079997e-02,5.331868031e-05,4.088142192e+00,0.000000000e+00,9.996552993e-04,5.558158e-16,8.092071e-17,2.736570e-16,1.634487e-03
4.290000,6.539481554e-03,2.148642820e-02,1.145655325e-02,1.074300744e-02,5.335830472e-05,4.408316916e+00,0.000000000e+00,9.889467542e-04,3.512850e-16,1.898322e-17,2.973373e-16,1.638319e-03
4.300000,6.503504545e-03,2.137145789e-02,1.139163973e-02,1.068552559e-02,5.339645769e-05,4.769145318e+00,0.000000000e+00,9.783511937e-04,2.247538e-16,8.107397e-17,3.225909e-16,1.646470e-03
4.310000,6.467543951e-03,2.125710691e-02,1.132694302e-02,1.062835334e-02,5.343152795e-05,5.177400218e+00,0.000000000e+00,9.678678169e-04,3.514367e-16,1.026257e-16,1.601162e-16,1.638547e-03
4.320000,6.431605507e-03,2.114337340e-02,1.126250499e-02,1.057148979e-02,5.346133095e-05,5.641308105e+00,0.000000000e+00,9.574960448e-04,6.674625e-16,1.829377e-16,2.184461e-16,1.634007e-03
4.330000,6.395695572e-03,2.103025585e-02,1.119839332e-02,1.051493415e-02,5.348295966e-05,6.170934361e+00,0.000000000e+00,9.472356118e-04,2.230807e-16,5.481947e-17,2.149083e-16,1.633977e-03
4.340000,6.359821282e-03,2.091775311e-02,1.113471376e-02,1.045868588e-02,5.349260022e-05,6.778691490e+00,0.000000000e+00,9.370866990e-04,8.673617e-18,9.972403e-17,7.501658e-17,1.633987e-03
4.350000,6.323990764e-03,2.080586455e-02,1.107162831e-02,1.040274464e-02,5.348530534e-05,7.480016867e+00,0.000000000e+00,9.270501305e-04,2.227250e-16,1.486911e-16,5.311874e-17,1.632667e-03
4.360000,6.288213407e-03,2.069459016e-02,1.100938267e-02,1.034711044e-02,5.345471840e-05,8.294287129e+00,0.000000000e+00,9.171276680e-04,7.850558e-16,7.211762e-17,3.545218e-16,1.638858e-03
4.370000,6.252500233e-03,2.058393071e-02,1.094834788e-02,1.029178366e-02,5.339274276e-05,9.246067486e+00,0.000000000e+00,9.073224544e-04,5.551930e-16,5.628464e-17,2.556618e-16,1.635057e-03
4.380000,6.216864394e-03,2.047388800e-02,1.088908467e-02,1.023676520e-02,5.328915638e-05,1.036684211e+01,0.000000000e+00,8.976396949e-04,9.965228e-18,3.792325e-17,1.517246e-16,1.645139e-03
4.390000,6.181321852e-03,2.036446511e-02,1.083244386e-02,1.018205661e-02,5.313118534e-05,1.169744688e+01,0.000000000e+00,8.880877183e-04,5.552904e-16,3.414811e-17,2.594893e-16,1.651079e-03
4.400000,6.145892324e-03,2.025566688e-02,1.077972576e-02,1.012766030e-02,5.290308124e-05,1.329154588e+01,0.000000000e+00,8.786796586e-04,4.170558e-17,5.895030e-17,4.639338e-16,1.636808e-03
4.410000,6.110600609e-03,2.014750038e-02,1.073293724e-02,1.007357981e-02,5.258581586e-05,1.522068920e+01,0.000000000e+00,8.694361747e-04,7.850582e-16,9.801261e-17,2.142173e-16,1.644428e-03
4.420000,6.075478474e-03,2.003997581e-02,1.069521381e-02,1.001982024e-02,5.215715517e-05,1.758181835e+01,0.000000000e+00,8.603899433e-04,6.756948e-16,7.810593e-17,1.230646e-16,1.640468e-03
4.430000,6.040567401e-03,1.993310757e-02,1.067152544e-02,9.966388786e-03,5.159269809e-05,2.050865055e+01,0.000000000e+00,8.515932655e-04,4.629894e-16,9.694902e-17,3.698365e-16,1.651719e-03
4.440000,6.005922659e-03,1.982691594e-02,1.066987945e-02,9.913295596e-03,5.086917552e-05,2.418937295e+01,0.000000000e+00,8.431313017e-04,6.662964e-16,2.545880e-16,5.354428e-16,1.643428e-03
4.450000,5.971619461e-03,1.972142963e-02,1.070340858e-02,9.860555017e-03,4.997288891e-05,2.889490576e+01,0.000000000e+00,8.351458178e-04,2.225658e-16,1.648019e-16,6.216057e-16,1.644808e-03
4.460000,5.937762544e-03,1.961668956e-02,1.079405513e-02,9.808187515e-03,4.891972305e-05,3.502545587e+01,0.000000000e+00,8.278792969e-04,2.220823e-16,2.764907e-16,3.149309e-16,1.644848e-03
4.470000,5.910699433e-03,1.956607697e-02,4.488018948e-02,9.782882432e-03,4.713347907e-05,4.000000000e+01,0.000000000e+00,1.772771786e-03,2.326665e-16,1.510511e-16,1.554208e-15,1.692644e-03
4.480000,6.100212194e-03,2.134676318e-02,3.069744200e-01,1.067317894e-02,1.346030604e-04,3.693759505e+01,0.000000000e+00,4.802812620e-02,6.770940e-16,4.041868e-16,3.203162e-15,1.658450e-03
4.490000,6.640515936e-03,2.587373018e-02,5.592425213e-01,1.293650424e-02,5.081991438e-04,3.683296525e+01,0.000000000e+00,1.577169901e-01,4.603299e-16,2.506660e-16,3.103168e-16,1.654980e-03
4.500000,7.572864718e-03,3.314311147e-02,8.607945341e-01,1.657079727e-02,1.206163759e-03,4.000000000e+01,0.000000000e+00,3.726919842e-01,2.226236e-16,4.569276e-16,1.501946e-15,1.642279e-03
4.510000,8.928449352e-03,4.306777529e-02,1.106381192e+00,2.153222344e-02,2.294966547e-03,3.688651577e+01,0.000000000e+00,6.157908994e-01,1.072867e-17,1.273812e-16,1.241267e-16,1.652980e-03
4.520000,1.073534834e-02,5.563624226e-02,1.407002748e+00,2.781453344e-02,3.848384927e-03,4.000000000e+01,0.000000000e+00,9.961360331e-01,3.540536e-16,4.859703e-16,2.432535e-15,1.643119e-03
4.530000,1.300609064e-02,7.080044316e-02,1.656717219e+00,3.539282826e-02,5.939339906e-03,3.713006793e+01,0.000000000e+00,1.382659397e+00,2.495003e-16,2.306595e-16,1.159107e-15,1.652699e-03
4.540000,1.575520136e-02,8.863434793e-02,1.910861951e+00,4.430266881e-02,8.644687133e-03,3.727432924e+01,0.000000000e+00,1.841996354e+00,2.220811e-16,2.250131e-16,6.804363e-16,1.659280e-03
4.550000,1.897853773e-02,1.083433556e-01,2.021513041e+00,5.414518660e-02,1.205098899e-02,4.405676103e+01,0.000000000e+00,2.067872909e+00,2.220742e-16,6.829207e-16,7.021667e-16,1.645259e-03
4.560000,2.268020687e-02,1.275670836e-01,1.982776891e+00,6.374030172e-02,1.632129761e-02,4.466336660e+01,0.000000000e+00,2.000335787e+00,2.390326e-16,3.157197e-16,3.110606e-15,1.656520e-03
4.570000,2.688458230e-02,1.461192636e-01,1.924734566e+00,7.299465397e-02,2.150233844e-02,4.286748890e+01,0.000000000e+00,1.898626136e+00,8.882937e-16,4.163336e-17,3.350157e-15,1.651920e-03
4.580000,3.160600842e-02,1.642285448e-01,1.973033150e+00,8.202202413e-02,2.760612014e-02,4.109448030e+01,0.000000000e+00,2.006347589e+00,2.515215e-16,7.510692e-16,7.216450e-16,1.645919e-03
4.590000,3.683810508e-02,1.817937732e-01,1.983037594e+00,9.077176961e-02,3.463360445e-02,3.831094381e+01,0.000000000e+00,2.041731055e+00,1.111789e-16,5.635476e-16,1.032940e-15,1.659000e-03
4.600000,4.258945925e-02,1.990323405e-01,2.009706082e+00,9.935199236e-02,4.259364031e-02,3.750489181e+01,0.000000000e+00,2.112939561e+00,1.625580e-16,2.733607e-16,1.387779e-16,1.652820e-03
4.610000,4.874998059e-02,2.158305723e-01,1.960775112e+00,1.077059497e-01,5.131349025e-02,3.736400031e+01,0.000000000e+00,2.036188687e+00,8.935038e-16,3.248707e-16,3.240753e-15,1.656870e-03
4.620000,5.457260884e-02,2.314984585e-01,1.797582603e+00,1.154909365e-01,5.953789172e-02,3.360990533e+01,0.000000000e+00,1.750714942e+00,1.476962e-16,4.335560e-16,6.674336e-16,1.650789e-03
4.630000,5.993144646e-02,2.459809263e-01,1.646063080e+00,1.226806252e-01,6.705940949e-02,3.047364102e+01,0.000000000e+00,1.511141833e+00,4.449895e-16,5.613218e-16,6.753223e-16,1.650500e-03
4.640000,6.485504813e-02,2.593252399e-01,1.505383619e+00,1.292996021e-01,7.392619153e-02,2.783383850e+01,0.000000000e+00,1.310557671e+00,3.514260e-16,7.772800e-16,1.570092e-15,1.645879e-03
4.650000,6.937289802e-02,2.715880538e-01,1.374773898e+00,1.353770708e-01,8.018309481e-02,2.559043505e+01,0.000000000e+00,1.143051876e+00,1.388456e-17,1.777224e-16,4.440892e-16,1.648979e-03
4.660000,7.351398112e-02,2.828300167e-01,1.253521811e+00,1.409441384e-01,8.587190816e-02,2.366372587e+01,0.000000000e+00,1.003572343e+00,2.694638e-16,3.642754e-16,3.146343e-15,1.640129e-03
4.670000,7.730613993e-02,2.931126864e-01,1.140969029e+00,1.460322649e-01,9.103157442e-02,2.199137324e+01,0.000000000e+00,8.878025225e-01,1.391163e-17,2.118352e-16,1.171749e-15,1.647719e-03
4.680000,8.077579412e-02,3.024967438e-01,1.036506866e+00,1.506723697e-01,9.569839581e-02,2.052504397e+01,0.000000000e+00,7.920560089e-01,5.978848e-16,6.335328e-16,6.138078e-16,1.651170e-03
4.690000,8.394783780e-02,3.110409629e-01,9.395725109e-01,1.548943200e-01,9.990622174e-02,1.922735403e+01,0.000000000e+00,7.131862797e-01,4.710396e-16,4.375907e-16,3.330850e-15,1.644189e-03
4.700000,8.684562682e-02,3.188016338e-01,8.496456992e-01,1.587266481e-01,1.036866214e-01,1.806933153e+01,0.000000000e+00,6.485094213e-01,1.119140e-16,5.914364e-16,4.355503e-16,1.664241e-03
4.710000,8.949101220e-02,3.258322618e-01,7.662457861e-01,1.621964091e-01,1.070690430e-01,1.702840603e+01,0.000000000e+00,5.957379430e-01,5.552865e-16,2.420670e-16,5.162836e-16,1.644719e-03
4.720000,9.190439689e-02,3.321834377e-01,6.889292509e-01,1.653291244e-01,1.100809619e-01,1.608685589e+01,0.000000000e+00,5.529240568e-01,2.844219e-16,2.154412e-16,1.286692e-15,1.642958e-03
4.730000,9.410480332e-02,3.379028162e-01,6.172876414e-01,1.681487800e-01,1.127480182e-01,1.523062679e+01,0.000000000e+00,5.184110388e-01,2.423857e-16,6.938894e-18,4.518280e-16,1.640929e-03
4.740000,9.610994522e-02,3.430351604e-01,5.509460153e-01,1.706778576e-01,1.150941451e-01,1.444844022e+01,0.000000000e+00,4.907915023e-01,2.288837e-16,1.403304e-16,1.233660e-15,1.643118e-03
4.750000,9.793629972e-02,3.476224283e-01,4.895619817e-01,1.729373859e-01,1.171416881e-01,1.373112366e+01,0.000000000e+00,4.688715832e-01,2.618607e-16,3.960036e-16,8.438106e-16,1.645829e-03
4.760000,9.959917784e-02,3.517038843e-01,4.328255273e-01,1.749470043e-01,1.189115169e-01,1.307110872e+01,0.000000000e+00,4.516401940e-01,4.652804e-16,2.118352e-16,5.332123e-16,1.631167e-03
4.770000,1.011127923e-01,3.553162240e-01,3.804599473e-01,1.767250329e-01,1.204231286e-01,1.246205587e+01,0.000000000e+00,4.382426229e-01,4.012658e-16,5.858436e-16,1.317642e-15,1.637128e-03
4.780000,1.024903221e-01,3.584937067e-01,3.322244307e-01,1.782885441e-01,1.216947445e-01,1.189857443e+01,0.000000000e+00,4.279578626e-01,2.371802e-16,1.570092e-16,1.132635e-15,1.634298e-03
4.790000,1.037439738e-01,3.612682892e-01,2.879192504e-01,1.796534365e-01,1.227433994e-01,1.137601428e+01,0.000000000e+00,4.201791422e-01,5.558686e-17,1.954010e-16,6.773868e-16,1.633977e-03
4.800000,1.048850397e-01,3.636697589e-01,2.473952168e-01,1.808345056e-01,1.235850252e-01,1.089031154e+01,0.000000000e+00,4.143972116e-01,4.652729e-16,1.932952e-16,6.750816e-16,1.659720e-03
4.810000,1.059239525e-01,3.657258644e-01,2.105702834e-01,1.818455137e-01,1.242345275e-01,1.043787477e+01,0.000000000e+00,4.101859914e-01,5.563701e-17,1.498303e-16,4.309461e-16,1.651419e-03
4.820000,1.068703377e-01,3.674624404e-01,1.774581872e-01,1.826992561e-01,1.247058575e-01,1.001550142e+01,0.000000000e+00,4.071902568e-01,4.440998e-16,4.510281e-17,3.917144e-16,1.662051e-03
4.830000,1.077330627e-01,3.689035289e-01,1.482164480e-01,1.834076253e-01,1.250120778e-01,9.620316569e+00,0.000000000e+00,4.051150707e-01,4.449628e-16,1.574017e-16,3.582109e-16,1.637478e-03
4.840000,1.085312493e-01,3.701078800e-01,1.341871511e-01,1.839995528e-01,1.251877756e-01,4.000000000e+01,0.000000000e+00,4.052256125e-01,4.518329e-16,2.484473e-16,4.953820e-16,1.640018e-03
4.850000,1.093249948e-01,3.712700363e-01,1.323010793e-01,1.845706788e-01,1.253509715e-01,4.000000000e+01,0.000000000e+00,4.069853999e-01,3.342216e-16,1.010467e-16,5.133089e-16,1.643649e-03
4.860000,1.101227993e-01,3.724142109e-01,1.303662215e-01,1.851329069e-01,1.255146759e-01,4.000000000e+01,0.000000000e+00,4.087226925e-01,1.570286e-16,9.020562e-17,6.938054e-16,1.634988e-03
4.870000,1.109245453e-01,3.735390211e-01,1.282580795e-01,1.856855607e-01,1.256758069e-01,4.000000000e+01,0.000000000e+00,4.104133546e-01,2.288974e-16,2.367437e-16,2.775896e-16,1.635187e-03
4.880000,1.117290768e-01,3.746425207e-01,1.258661238e-01,1.862276868e-01,1.258306139e-01,4.000000000e+01,0.000000000e+00,4.120338985e-01,1.241279e-16,1.665696e-16,8.371726e-17,1.634268e-03
4.890000,1.125343059e-01,3.757222813e-01,1.231002344e-01,1.867580956e-01,1.259747744e-01,1.719545588e+01,0.000000000e+00,4.135626744e-01,3.682237e-16,6.628369e-17,6.869330e-16,1.631257e-03
4.900000,1.133052942e-01,3.766545506e-01,1.014460635e-01,1.872160088e-01,1.260315006e-01,1.662971861e+01,0.000000000e+00,4.126158367e-01,4.449713e-16,1.084202e-16,5.596493e-16,1.646069e-03
4.910000,1.140197188e-01,3.773529245e-01,8.576906706e-02,1.875590103e-01,1.259482746e-01,1.608666874e+01,0.000000000e+00,4.120089681e-01,5.828697e-16,4.291478e-16,1.756541e-16,1.624126e-03
4.920000,1.146840842e-01,3.778355467e-01,7.728686922e-02,1.877960334e-01,1.257357840e-01,1.556396773e+01,0.000000000e+00,4.116013305e-01,1.144507e-16,8.329496e-17,3.932168e-16,1.634068e-03
4.930000,1.153043406e-01,3.781192814e-01,7.632780150e-02,1.879353748e-01,1.254040264e-01,1.505968371e+01,0.000000000e+00,4.112799662e-01,4.440935e-16,2.123771e-16,3.185407e-16,1.630667e-03
4.940000,1.158859085e-01,3.782197962e-01,8.154093865e-02,1.879847364e-01,1.249623618e-01,1.457221226e+01,0.000000000e+00,4.109552862e-01,2.543902e-16,1.495704e-16,1.196140e-16,1.632777e-03
4.950000,1.164337061e-01,3.781516398e-01,9.066489516e-02,1.879512657e-01,1.244195602e-01,1.410021439e+01,0.000000000e+00,4.105573035e-01,2.803286e-17,2.748705e-16,1.576001e-16,1.632317e-03
4.960000,1.169521780e-01,3.779283167e-01,1.017564105e-01,1.878415930e-01,1.237838445e-01,1.364256768e+01,0.000000000e+00,4.100324172e-01,7.894577e-16,2.655034e-16,2.876407e-16,1.638578e-03
4.970000,1.174453237e-01,3.775623572e-01,1.135692452e-01,1.876618672e-01,1.230629282e-01,1.319832715e+01,0.000000000e+00,4.093406724e-01,2.543900e-16,3.373803e-16,1.631570e-16,1.635367e-03
4.980000,1.179167269e-01,3.770653830e-01,1.253955361e-01,1.874177890e-01,1.222640507e-01,1.276669390e+01,0.000000000e+00,4.084534261e-01,2.483003e-16,2.107528e-16,1.042541e-16,1.629066e-03
4.990000,1.183695850e-01,3.764481698e-01,1.368517980e-01,1.871146419e-01,1.213940084e-01,1.234698959e+01,0.000000000e+00,4.073513632e-01,1.144466e-16,6.651596e-17,1.432751e-16,1.636887e-03
5.000000,1.188067368e-01,3.757207055e-01,1.477370324e-01,1.867573216e-01,1.204591835e-01,1.193863563e+01,0.000000000e+00,4.060228119e-01,2.237811e-16,4.347205e-17,1.808060e-16,1.656510e-03
5.010000,1.192306912e-01,3.748922451e-01,1.579523525e-01,1.863503633e-01,1.194655707e-01,1.154113607e+01,0.000000000e+00,4.044623167e-01,4.611248e-16,1.996138e-16,1.307107e-16,1.644158e-03
5.020000,1.196436533e-01,3.739713616e-01,1.674568489e-01,1.858979673e-01,1.184188007e-01,1.115406350e+01,0.000000000e+00,4.026694308e-01,1.777358e-16,2.195985e-16,1.516434e-16,1.652189e-03
5.030000,1.200475509e-01,3.729659946e-01,1.762430800e-01,1.854040225e-01,1.173241629e-01,1.077704729e+01,0.000000000e+00,4.006476978e-01,5.558972e-17,9.233228e-17,1.146233e-16,1.642498e-03
5.040000,1.204440585e-01,3.718834947e-01,1.843231116e-01,1.848721294e-01,1.161866258e-01,1.040976390e+01,0.000000000e+00,3.984037947e-01,4.154304e-16,5.419449e-17,1.779677e-17,1.641057e-03
5.050000,1.208346215e-01,3.707306653e-01,1.917203408e-01,1.843056200e-01,1.150108561e-01,1.005192877e+01,0.000000000e+00,3.959468130e-01,1.665372e-16,1.480218e-16,1.197401e-16,1.635277e-03
5.060000,1.212204777e-01,3.695138023e-01,1.984645789e-01,1.837075774e-01,1.138012365e-01,9.703289584e+00,0.000000000e+00,3.932876580e-01,3.775353e-16,2.561054e-16,2.639098e-16,1.633617e-03
5.070000,1.216026787e-01,3.682387301e-01,2.045890303e-01,1.830808543e-01,1.125618822e-01,9.363620608e+00,0.000000000e+00,3.904385479e-01,1.388386e-16,2.309724e-16,1.714066e-16,1.624026e-03
5.080000,1.219821092e-01,3.669108357e-01,2.101284046e-01,1.824280889e-01,1.112966564e-01,9.032718080e+00,0.000000000e+00,3.874126000e-01,1.110471e-16,1.569421e-16,1.806529e-16,1.634557e-03
5.090000,1.223595052e-01,3.655351002e-01,2.151177243e-01,1.817517211e-01,1.100091851e-01,8.710396323e+00,0.000000000e+00,3.842234889e-01,2.618603e-16,1.805446e-16,1.765897e-16,1.632267e-03
5.100000,1.227354711e-01,3.641161288e-01,2.195915701e-01,1.810540065e-01,1.087028703e-01,8.396484580e+00,0.000000000e+00,3.808851672e-01,1.570096e-16,2.392724e-16,1.162394e-16,1.654430e-03
5.110000,1.231104956e-01,3.626581776e-01,2.235836071e-01,1.803370305e-01,1.073809035e-01,8.090824424e+00,0.000000000e+00,3.774116389e-01,3.330733e-16,1.031541e-16,1.578694e-16,1.632617e-03
5.120000,1.234849655e-01,3.611651793e-01,2.271262928e-01,1.796027201e-01,1.060462777e-01,7.793267668e+00,0.000000000e+00,3.738167773e-01,2.288979e-16,1.459231e-16,4.485663e-17,1.650289e-03
5.130000,1.238591796e-01,3.596407670e-01,2.302507068e-01,1.788528560e-01,1.047017989e-01,7.503674709e+00,0.000000000e+00,3.701141801e-01,5.551201e-16,4.718958e-17,3.938730e-16,1.638118e-03
5.140000,1.242333608e-01,3.580882961e-01,2.329864609e-01,1.780890829e-01,1.033500970e-01,7.221913241e+00,0.000000000e+00,3.663170574e-01,2.225039e-16,1.072867e-16,5.985150e-17,1.638158e-03
5.150000,1.246076668e-01,3.565108650e-01,2.353616622e-01,1.773129201e-01,1.019936368e-01,6.947857292e+00,0.000000000e+00,3.624381447e-01,5.087714e-16,7.473417e-17,4.912860e-17,1.633247e-03
5.160000,1.249822003e-01,3.549113336e-01,2.374029135e-01,1.765257705e-01,1.006347273e-01,6.681386538e+00,0.000000000e+00,3.584896396e-01,7.894575e-16,1.780269e-16,1.574877e-16,1.634117e-03
5.170000,1.253570182e-01,3.532923414e-01,2.391353368e-01,1.757289290e-01,9.927553178e-02,6.422385867e+00,0.000000000e+00,3.544831561e-01,1.388399e-16,5.101975e-17,7.700767e-17,1.633208e-03
5.180000,1.257321395e-01,3.516563236e-01,2.405826129e-01,1.749235907e-01,9.791807640e-02,6.170745153e+00,0.000000000e+00,3.504296949e-01,1.777431e-16,1.367244e-16,1.419431e-16,1.636118e-03
5.190000,1.261075528e-01,3.500055262e-01,2.417670308e-01,1.741108585e-01,9.656425922e-02,5.926359222e+00,0.000000000e+00,3.463396262e-01,2.618575e-16,1.214926e-16,7.526113e-17,1.637228e-03
5.200000,1.264832227e-01,3.483420204e-01,2.427095434e-01,1.732917496e-01,9.521585832e-02,5.689127993e+00,0.000000000e+00,3.422226825e-01,3.608428e-16,1.077206e-16,4.206704e-17,1.653309e-03
5.210000,1.268590954e-01,3.466677153e-01,2.434298259e-01,1.724672021e-01,9.387453985e-02,5.458956761e+00,0.000000000e+00,3.380879604e-01,6.713226e-16,1.057470e-16,6.981184e-17,1.634477e-03
5.220000,1.272351039e-01,3.449843703e-01,2.439463361e-01,1.716380809e-01,9.254186556e-02,5.235756625e+00,0.000000000e+00,3.339439289e-01,2.220880e-16,1.632577e-16,1.256687e-16,1.642498e-03
5.230000,1.276111721e-01,3.432936059e-01,2.442763742e-01,1.708051828e-01,9.121930013e-02,5.019445043e+00,0.000000000e+00,3.297984431e-01,1.594780e-16,1.301043e-16,1.156457e-16,1.640658e-03
5.240000,1.279872192e-01,3.415969145e-01,2.444361416e-01,1.699692423e-01,8.990821811e-02,4.809946501e+00,0.000000000e+00,3.256587619e-01,4.475482e-16,1.520631e-16,1.199353e-16,1.653480e-03
5.250000,1.283631622e-01,3.398956697e-01,2.444407987e-01,1.691309357e-01,8.860991065e-02,4.607193290e+00,0.000000000e+00,3.215315694e-01,4.744938e-16,2.622360e-16,1.991653e-16,1.642449e-03
5.260000,1.287389192e-01,3.381911356e-01,2.443045198e-01,1.682908854e-01,8.732559183e-02,4.411126382e+00,0.000000000e+00,3.174229979e-01,3.402281e-16,6.530030e-17,1.151804e-16,1.642709e-03
5.270000,1.291144115e-01,3.364844744e-01,2.440405468e-01,1.674496644e-01,8.605640480e-02,4.221696396e+00,0.000000000e+00,3.133386535e-01,2.517211e-16,1.346508e-16,7.298734e-17,1.637487e-03
5.280000,1.294895654e-01,3.347767549e-01,2.436612393e-01,1.666077996e-01,8.480342761e-02,4.038864648e+00,0.000000000e+00,3.092836416e-01,6.788781e-16,4.819910e-17,1.214500e-16,1.635958e-03
5.290000,1.298643138e-01,3.330689587e-01,2.431781238e-01,1.657657756e-01,8.356767873e-02,3.862604257e+00,0.000000000e+00,3.052625942e-01,6.822761e-16,1.476147e-16,2.117500e-16,1.656110e-03
5.300000,1.302385975e-01,3.313619873e-01,2.426019391e-01,1.649240375e-01,8.235012238e-02,3.692901302e+00,0.000000000e+00,3.012796968e-01,1.570284e-16,1.466329e-16,1.226635e-16,1.661641e-03
5.310000,1.306123655e-01,3.296566680e-01,2.419426801e-01,1.640829941e-01,8.115167349e-02,3.529755989e+00,0.000000000e+00,2.973387147e-01,5.635546e-16,2.636837e-16,2.400195e-16,1.637138e-03
5.320000,1.309855764e-01,3.279537596e-01,2.412096393e-01,1.632430207e-01,7.997320249e-02,3.373183794e+00,0.000000000e+00,2.934430203e-01,1.185727e-16,7.416830e-17,6.904248e-17,1.636487e-03
5.330000,1.313581979e-01,3.262539573e-01,2.404114455e-01,1.624044613e-01,7.881553973e-02,3.223216519e+00,0.000000000e+00,2.895956184e-01,2.118380e-16,8.004203e-17,9.411674e-17,1.637998e-03
5.340000,1.317302074e-01,3.245578976e-01,2.395561014e-01,1.615676314e-01,7.767947969e-02,3.079903187e+00,0.000000000e+00,2.857991715e-01,6.546237e-16,6.546139e-17,1.390223e-16,1.641628e-03
5.350000,1.321015916e-01,3.228661630e-01,2.386510181e-01,1.607328197e-01,7.656578485e-02,2.943310666e+00,0.000000000e+00,2.820560241e-01,4.652873e-16,2.082897e-16,3.373538e-16,1.635267e-03
5.360000,1.324723465e-01,3.211792858e-01,2.377030485e-01,1.599002904e-01,7.547518934e-02,2.813523881e+00,0.000000000e+00,2.783682263e-01,3.522055e-16,2.571197e-16,3.019926e-16,1.636187e-03
5.370000,1.328424767e-01,3.194977518e-01,2.367185187e-01,1.590702850e-01,7.440840222e-02,2.690645455e+00,0.000000000e+00,2.747375557e-01,5.689969e-16,2.081957e-16,1.943839e-16,1.648878e-03
5.380000,1.332119950e-01,3.178220040e-01,2.357032577e-01,1.582430238e-01,7.336611049e-02,2.574794545e+00,0.000000000e+00,2.711655389e-01,2.989496e-16,1.323970e-16,1.317369e-16,1.636027e-03
5.390000,1.335809216e-01,3.161524459e-01,2.346626256e-01,1.574187078e-01,7.234898180e-02,2.466104658e+00,0.000000000e+00,2.676534717e-01,2.259233e-16,1.311180e-16,4.091337e-17,1.661200e-03
5.400000,1.339492833e-01,3.144894442e-01,2.336015402e-01,1.565975198e-01,7.135766676e-02,2.364720156e+00,0.000000000e+00,2.642024383e-01,2.289015e-16,1.585731e-16,1.915299e-16,1.648328e-03
5.410000,1.343171130e-01,3.128333316e-01,2.325245025e-01,1.557796260e-01,7.039280103e-02,2.270791222e+00,0.000000000e+00,2.608133287e-01,1.387948e-16,6.938894e-17,3.086455e-17,1.638348e-03
5.420000,1.346844481e-01,3.111844095e-01,2.314356207e-01,1.549651773e-01,6.945500696e-02,2.184467073e+00,0.000000000e+00,2.574868566e-01,6.754733e-16,8.092071e-17,1.806634e-16,1.644548e-03
5.430000,1.350513301e-01,3.095429503e-01,2.303386331e-01,1.541543101e-01,6.854489494e-02,2.105887330e+00,0.000000000e+00,2.542235744e-01,2.543923e-16,1.140309e-16,2.402216e-16,1.640188e-03
5.440000,1.354178033e-01,3.079091993e-01,2.292369301e-01,1.533471475e-01,6.766306433e-02,2.035171651e+00,0.000000000e+00,2.510238884e-01,3.608277e-16,7.351626e-17,8.182674e-17,1.660701e-03
5.450000,1.357839138e-01,3.062833770e-01,2.281335747e-01,1.525438006e-01,6.681010410e-02,1.972407963e+00,0.000000000e+00,2.478880728e-01,4.745024e-16,1.398579e-16,1.408255e-16,1.639157e-03
5.460000,1.361497084e-01,3.046656807e-01,2.270313224e-01,1.517443688e-01,6.598659298e-02,1.917639983e+00,0.000000000e+00,2.448162820e-01,1.309804e-16,1.624353e-16,3.086885e-16,1.639768e-03
5.470000,1.365152338e-01,3.030562864e-01,2.259326404e-01,1.509489412e-01,6.519309937e-02,1.870854974e+00,0.000000000e+00,2.418085634e-01,2.237845e-16,1.555071e-16,9.963057e-17,1.637788e-03
5.480000,1.368805350e-01,3.014553500e-01,2.248397253e-01,1.501575968e-01,6.443018072e-02,1.831972977e+00,0.000000000e+00,2.388648677e-01,3.521831e-16,2.054897e-16,9.194137e-17,1.633237e-03
5.490000,1.372456548e-01,2.998630092e-01,2.237545203e-01,1.493704058e-01,6.369838265e-02,1.800838794e+00,0.000000000e+00,2.359850594e-01,4.189680e-17,8.542522e-17,3.334834e-17,1.638167e-03
5.500000,1.376106322e-01,2.982793842e-01,2.226787322e-01,1.485874297e-01,6.299823764e-02,1.777217880e+00,0.000000000e+00,2.331689266e-01,2.288931e-16,2.669446e-16,1.183718e-17,1.651829e-03
5.510000,1.379755021e-01,2.967045797e-01,2.216138468e-01,1.478087222e-01,6.233026336e-02,1.760796886e+00,0.000000000e+00,2.304161892e-01,4.973017e-16,1.102062e-16,8.930457e-17,1.639257e-03
5.520000,1.383402935e-01,2.951386850e-01,2.205611440e-01,1.470343295e-01,6.169496073e-02,1.751189023e+00,0.000000000e+00,2.277265071e-01,2.694858e-16,1.986997e-16,2.093848e-16,1.638367e-03
5.530000,1.387050294e-01,2.935817760e-01,2.195217127e-01,1.462642913e-01,6.109281155e-02,1.747943781e+00,0.000000000e+00,2.250994874e-01,1.388328e-16,1.246227e-16,9.807806e-17,1.631457e-03
5.540000,1.390697251e-01,2.920339154e-01,2.184964641e-01,1.454986405e-01,6.052427595e-02,1.750559955e+00,0.000000000e+00,2.225346912e-01,6.804370e-16,7.152448e-17,1.971889e-16,1.637618e-03
5.550000,1.394343880e-01,2.904951540e-01,2.174861453e-01,1.447374042e-01,5.998978955e-02,1.758500602e+00,0.000000000e+00,2.200316399e-01,3.333615e-16,1.272393e-16,4.928149e-17,1.641778e-03
5.560000,1.397990166e-01,2.889655313e-01,2.164913522e-01,1.439806040e-01,5.948976041e-02,1.771208450e+00,0.000000000e+00,2.175898201e-01,2.844196e-16,6.059129e-17,2.360244e-16,1.631607e-03
5.570000,1.401635998e-01,2.874450762e-01,2.155125413e-01,1.432282561e-01,5.902456584e-02,1.788120461e+00,0.000000000e+00,2.152086894e-01,1.576530e-16,8.342920e-17,1.466457e-16,1.647028e-03
5.580000,1.405281161e-01,2.859338077e-01,2.145500413e-01,1.424803718e-01,5.859454910e-02,1.808680579e+00,0.000000000e+00,2.128876804e-01,7.802540e-16,1.338775e-16,3.945304e-17,1.637967e-03
5.590000,1.408930096e-01,2.844310349e-01,2.139636695e-01,1.417366112e-01,5.819658799e-02,4.000000000e+01,0.000000000e+00,2.106991044e-01,7.776532e-16,7.796612e-17,1.775578e-16,1.635867e-03
5.600000,1.412602836e-01,2.829340289e-01,2.139177974e-01,1.409956252e-01,5.781748400e-02,4.000000000e+01,0.000000000e+00,2.086614342e-01,1.671298e-16,9.813078e-17,1.609237e-16,1.646649e-03
5.610000,1.416309625e-01,2.814415670e-01,2.144215105e-01,1.402568097e-01,5.745220949e-02,4.000000000e+01,0.000000000e+00,2.067701244e-01,4.577592e-16,1.414518e-16,6.653021e-16,1.638698e-03
5.620000,1.420061924e-01,2.799519994e-01,2.157003383e-01,1.395193491e-01,5.709500969e-02,4.000000000e+01,0.000000000e+00,2.050672293e-01,4.002968e-16,5.279747e-16,8.867883e-16,1.631236e-03
5.630000,1.424061616e-01,2.774062415e-01,4.518852502e-01,1.382588071e-01,5.674644044e-02,4.000000000e+01,0.000000000e+00,2.807853896e-01,2.544314e-16,2.789401e-16,2.539194e-16,1.633507e-03
5.640000,1.428582508e-01,2.720637317e-01,7.241083936e-01,1.356127164e-01,5.641161846e-02,3.439903565e+01,0.000000000e+00,4.347511193e-01,5.662922e-16,1.241267e-16,2.328943e-16,1.629046e-03
5.650000,1.433555000e-01,2.639833369e-01,1.057061326e+00,1.316087468e-01,5.608181868e-02,4.000000000e+01,0.000000000e+00,7.224175847e-01,2.694838e-16,2.914335e-16,1.065331e-15,1.649679e-03
5.660000,1.438918489e-01,2.532611030e-01,1.333269048e+00,1.262923963e-01,5.574741672e-02,3.507837175e+01,0.000000000e+00,1.041263528e+00,3.376756e-16,4.841339e-16,4.512015e-16,1.639677e-03
5.670000,1.444620017e-01,2.400441143e-01,1.662141223e+00,1.197341058e-01,5.539791680e-02,3.555916454e+01,0.000000000e+00,1.520598205e+00,6.923701e-16,2.860979e-16,4.813193e-16,1.641148e-03
5.680000,1.450612941e-01,2.245540617e-01,1.985552832e+00,1.120412830e-01,5.502200959e-02,4.000000000e+01,0.000000000e+00,2.095855389e+00,3.376707e-16,2.326341e-16,1.793594e-15,1.643258e-03
5.690000,1.456843220e-01,2.072120760e-01,2.247272540e+00,1.034207826e-01,5.460671761e-02,4.000000000e+01,0.000000000e+00,2.634538950e+00,5.558159e-16,4.965068e-16,9.701572e-16,1.645158e-03
5.700000,1.463274406e-01,1.885198104e-01,2.501429721e+00,9.412038507e-02,5.413933507e-02,3.797594369e+01,0.000000000e+00,3.222893040e+00,3.581877e-16,4.577567e-16,8.951173e-16,1.652329e-03
5.710000,1.469866520e-01,1.693016037e-01,2.797449652e+00,8.454974020e-02,5.360631818e-02,4.000000000e+01,0.000000000e+00,3.993040644e+00,1.169092e-16,2.927728e-16,9.626387e-16,1.639967e-03
5.720000,1.476587149e-01,1.508985987e-01,2.920545843e+00,7.537773601e-02,5.301092342e-02,4.000000000e+01,0.000000000e+00,4.332729699e+00,2.192733e-16,2.950458e-16,1.108145e-15,1.643218e-03
5.730000,1.483383453e-01,1.361867536e-01,2.817494322e+00,6.804076749e-02,5.255020366e-02,3.748374961e+01,0.000000000e+00,4.028265687e+00,2.567652e-16,6.713178e-16,1.339476e-15,1.643778e-03
5.740000,1.490208619e-01,1.266424773e-01,2.690218941e+00,6.327893189e-02,5.228712783e-02,4.284651969e+01,0.000000000e+00,3.672544311e+00,2.220553e-16,7.386582e-16,2.220717e-15,1.641668e-03
5.750000,1.497026225e-01,1.226801889e-01,2.560790516e+00,6.130163525e-02,5.220371552e-02,3.904905788e+01,0.000000000e+00,3.330688981e+00,8.882875e-16,6.713178e-16,3.112370e-15,1.648108e-03
5.760000,1.503789328e-01,1.239249901e-01,2.364428414e+00,6.192285336e-02,5.229710295e-02,4.483396412e+01,0.000000000e+00,2.847816277e+00,2.225134e-16,9.485750e-16,2.224779e-15,1.643808e-03
5.770000,1.510459764e-01,1.292083178e-01,2.216674219e+00,6.455922858e-02,5.254208986e-02,3.483204303e+01,0.000000000e+00,2.512250819e+00,5.689900e-16,3.608225e-16,2.931073e-15,1.641478e-03
5.780000,1.517002608e-01,1.370198221e-01,1.971761485e+00,6.845633053e-02,5.292908413e-02,3.545470089e+01,0.000000000e+00,2.003823735e+00,2.618700e-16,8.326673e-17,1.569126e-15,1.642398e-03
5.790000,1.523396978e-01,1.459709210e-01,1.783030967e+00,7.292068032e-02,5.344261282e-02,3.637605821e+01,0.000000000e+00,1.654988023e+00,3.787911e-16,2.220446e-16,5.028664e-16,1.634567e-03
5.800000,1.529637826e-01,1.550494276e-01,1.512044825e+00,7.744708216e-02,5.406082825e-02,4.000000000e+01,0.000000000e+00,1.214504765e+00,5.236919e-16,2.989367e-16,7.606560e-16,1.636627e-03
5.810000,1.535736064e-01,1.635302668e-01,1.302750921e+00,8.167405654e-02,5.475897888e-02,3.888362292e+01,0.000000000e+00,9.259335599e-01,2.220721e-16,9.091805e-16,1.842260e-15,1.637547e-03
5.820000,1.541987535e-01,1.717816584e-01,1.314643087e+00,8.578526202e-02,5.550186289e-02,3.720013982e+01,0.000000000e+00,9.476597668e-01,6.938948e-16,6.753223e-16,1.598839e-15,1.635927e-03
5.830000,1.549043884e-01,1.811774325e-01,1.449432117e+00,9.046486715e-02,5.625854564e-02,4.206068360e+01,0.000000000e+00,1.141218059e+00,2.543933e-16,2.775558e-16,4.767682e-16,1.634906e-03
5.840000,1.557011925e-01,1.920677859e-01,1.519436640e+00,9.588634879e-02,5.698370569e-02,3.503460225e+01,0.000000000e+00,1.253874528e+00,5.722070e-16,1.144392e-16,2.297445e-15,1.638187e-03
5.850000,1.566001665e-01,2.047420777e-01,1.703947373e+00,1.021923273e-01,5.762917864e-02,4.000000000e+01,0.000000000e+00,1.561833478e+00,1.111070e-16,6.866350e-16,1.170022e-15,1.635917e-03
5.860000,1.576078700e-01,2.194214489e-01,1.879360596e+00,1.094907690e-01,5.814428812e-02,3.493628056e+01,0.000000000e+00,1.888950019e+00,7.114323e-16,3.140185e-16,1.364335e-15,1.644208e-03
5.870000,1.587340791e-01,2.365638621e-01,2.145678737e+00,1.180063177e-01,5.846469900e-02,4.000000000e+01,0.000000000e+00,2.440717518e+00,2.001652e-16,2.288783e-16,2.243270e-15,1.647979e-03
5.880000,1.599772611e-01,2.563371275e-01,2.350423691e+00,1.278179439e-01,5.854042509e-02,3.616992172e+01,0.000000000e+00,2.920361029e+00,2.775558e-17,2.288783e-16,1.682134e-15,1.643868e-03
5.890000,1.613368692e-01,2.788587251e-01,2.615562763e+00,1.389780376e-01,5.831992953e-02,4.000000000e+01,0.000000000e+00,3.602313157e+00,3.152547e-16,6.753223e-16,4.900412e-15,1.642998e-03
5.900000,1.627876975e-01,3.029047592e-01,2.593982071e+00,1.508740453e-01,5.793937495e-02,3.887100052e+01,0.000000000e+00,3.573331083e+00,8.328931e-17,6.866350e-16,1.236604e-15,1.635296e-03
5.910000,1.642825210e-01,3.266214556e-01,2.494511397e+00,1.625857683e-01,5.760824606e-02,4.240183991e+01,0.000000000e+00,3.349316292e+00,2.482686e-16,4.475452e-16,1.585959e-15,1.638247e-03
5.920000,1.657603226e-01,3.497341103e-01,2.408686057e+00,1.739772217e-01,5.733583944e-02,4.773790735e+01,0.000000000e+00,3.169328039e+00,6.753223e-16,6.753223e-16,7.216450e-16,1.640628e-03
5.930000,1.671365882e-01,3.719590391e-01,2.280603059e+00,1.849092504e-01,5.711669899e-02,3.726660189e+01,0.000000000e+00,2.900205142e+00,2.220734e-16,2.482534e-16,8.473409e-16,1.642758e-03
5.940000,1.683509731e-01,3.932083889e-01,2.152653201e+00,1.953400762e-01,5.686404435e-02,3.484514444e+01,0.000000000e+00,2.648088021e+00,2.482898e-16,7.021667e-16,1.387779e-15,1.646438e-03
5.950000,1.693862877e-01,4.129001511e-01,1.972108799e+00,2.049866578e-01,5.654893128e-02,3.491005499e+01,0.000000000e+00,2.306345049e+00,1.665425e-16,4.002966e-16,1.807312e-15,1.643838e-03
5.960000,1.702509423e-01,4.309813460e-01,1.804854693e+00,2.138267785e-01,5.617681606e-02,3.463085454e+01,0.000000000e+00,2.019772039e+00,2.775612e-16,6.497414e-16,6.866350e-16,1.643748e-03
5.970000,1.709575486e-01,4.475535401e-01,1.649934959e+00,2.219137982e-01,5.575262676e-02,3.357059471e+01,0.000000000e+00,1.779975398e+00,5.087711e-16,2.220446e-16,1.950212e-15,1.640787e-03
5.980000,1.715178568e-01,4.627157978e-01,1.506462122e+00,2.292994535e-01,5.528085049e-02,3.195969070e+01,0.000000000e+00,1.579787758e+00,1.922963e-16,2.288783e-16,2.371437e-16,1.647468e-03
5.990000,1.719427772e-01,4.765632811e-01,1.373612643e+00,2.360331685e-01,5.476561938e-02,3.007599704e+01,0.000000000e+00,1.413093285e+00,2.220717e-16,3.510833e-16,3.554448e-16,1.647869e-03
6.000000,1.722424159e-01,4.891865144e-01,1.250622685e+00,2.421617084e-01,5.421077232e-02,2.811929313e+01,0.000000000e+00,1.274677357e+00,1.110765e-16,2.220446e-16,1.144392e-15,1.639988e-03
6.010000,1.724261198e-01,5.006710476e-01,1.136784184e+00,2.477290385e-01,5.361989817e-02,2.621055082e+01,0.000000000e+00,1.160097301e+00,5.564651e-17,4.475452e-16,4.475452e-16,1.641748e-03
6.020000,1.725025258e-01,5.110973628e-01,1.031441216e+00,2.527763095e-01,5.299636582e-02,2.441411111e+01,0.000000000e+00,1.065571310e+00,1.241388e-16,4.002966e-16,2.237726e-16,1.642648e-03
6.030000,1.724796114e-01,5.205409279e-01,9.339866582e-01,2.573419161e-01,5.234334549e-02,2.275821585e+01,0.000000000e+00,9.878830397e-01,3.723801e-16,2.482534e-16,6.667118e-16,1.655239e-03
6.040000,1.723647445e-01,5.290723398e-01,8.438591751e-01,2.614616011e-01,5.166382443e-02,2.124971394e+01,0.000000000e+00,9.242997103e-01,4.577731e-16,1.665335e-16,8.441529e-16,1.651829e-03
6.050000,1.721647318e-01,5.367575212e-01,7.605405234e-01,2.651685835e-01,5.096061889e-02,1.988364504e+01,0.000000000e+00,8.725018425e-01,3.682520e-16,3.376612e-16,1.065702e-15,1.652489e-03
6.060000,1.718858632e-01,5.436579449e-01,6.835532261e-01,2.684937000e-01,5.023638373e-02,1.864916848e+01,0.000000000e+00,8.305229958e-01,3.682234e-16,1.241267e-16,5.089573e-16,1.650388e-03
6.070000,1.715339544e-01,5.498308736e-01,6.124586587e-01,2.714655502e-01,4.949362063e-02,1.753308389e+01,0.000000000e+00,7.966981119e-01,6.955657e-16,1.110223e-16,1.309228e-16,1.642418e-03
6.080000,1.711143853e-01,5.553296033e-01,5.468556344e-01,2.741106420e-01,4.873468528e-02,1.652182887e+01,0.000000000e+00,7.696192515e-01,6.753223e-16,5.551115e-17,3.140185e-16,1.662950e-03
6.090000,1.706321356e-01,5.602037044e-01,4.863796188e-01,2.764535327e-01,4.796179391e-02,1.560254063e+01,0.000000000e+00,7.480976824e-01,5.561947e-17,2.001483e-16,4.416975e-16,1.663440e-03
6.100000,1.700918178e-01,5.644992569e-01,4.307027870e-01,2.785169651e-01,4.717702952e-02,1.476355727e+01,0.000000000e+00,7.311314212e-01,8.688887e-16,2.288783e-16,2.297183e-16,1.659910e-03
6.110000,1.694977066e-01,5.682590773e-01,3.795352561e-01,2.803219965e-01,4.638234765e-02,1.399459422e+01,0.000000000e+00,7.178774565e-01,1.665515e-16,2.775558e-17,5.003708e-17,1.650409e-03
6.120000,1.688537665e-01,5.715229344e-01,3.326280250e-01,2.818881206e-01,4.557958205e-02,1.328674087e+01,0.000000000e+00,7.076279882e-01,1.570188e-16,1.000742e-16,5.551115e-17,1.649559e-03
6.130000,1.681636761e-01,5.743277554e-01,2.897784612e-01,2.832333819e-01,4.477045007e-02,1.263236493e+01,0.000000000e+00,6.997901128e-01,2.775558e-16,3.140185e-16,2.137585e-16,1.652289e-03
6.140000,1.674308514e-01,5.767078194e-01,2.508396317e-01,2.843744825e-01,4.395655794e-02,1.202497613e+01,0.000000000e+00,6.938684625e-01,4.742907e-16,8.777084e-17,4.300995e-16,1.650568e-03
6.150000,1.666584656e-01,5.786949404e-01,2.157353718e-01,2.853268816e-01,4.313940588e-02,1.145907874e+01,0.000000000e+00,6.894503770e-01,2.775666e-16,1.625835e-16,4.510281e-17,1.645128e-03
6.160000,1.658494689e-01,5.803186391e-01,1.844834007e-01,2.861048885e-01,4.232039303e-02,1.093002866e+01,0.000000000e+00,6.861932455e-01,4.475587e-16,3.043636e-16,2.154412e-16,1.648498e-03
6.170000,1.650066049e-01,5.816063033e-01,1.572277061e-01,2.867217480e-01,4.150082228e-02,1.043390297e+01,0.000000000e+00,6.838137078e-01,1.011464e-15,6.938894e-17,3.584797e-16,1.642248e-03
6.180000,1.641324271e-01,5.825833388e-01,1.342745182e-01,2.871897205e-01,4.068190490e-02,9.967384875e+00,0.000000000e+00,6.820784468e-01,2.288915e-16,1.415262e-16,1.941825e-16,1.641407e-03
6.190000,1.632293128e-01,5.832733095e-01,1.161036426e-01,2.875201558e-01,3.986476507e-02,9.527664579e+00,0.000000000e+00,6.807963439e-01,2.288849e-16,1.666780e-16,3.488919e-16,1.645538e-03
6.200000,1.622994765e-01,5.836980688e-01,1.032813824e-01,2.877235612e-01,3.905044422e-02,9.112355133e+00,0.000000000e+00,6.798118008e-01,2.483019e-16,9.194034e-17,1.823741e-16,1.647958e-03
6.210000,1.613449823e-01,5.838778817e-01,9.618222700e-02,2.878096646e-01,3.823990523e-02,8.719421676e+00,0.000000000e+00,6.789990576e-01,1.570476e-16,1.346759e-16,2.433085e-16,1.646918e-03
6.220000,1.603677546e-01,5.838315384e-01,9.459248588e-02,2.877874734e-01,3.743403652e-02,8.347122351e+00,0.000000000e+00,6.782573645e-01,1.665335e-16,1.501845e-16,2.218717e-16,1.650029e-03
6.230000,1.593695891e-01,5.835764608e-01,9.757004674e-02,2.876653278e-01,3.663365589e-02,7.993959140e+00,0.000000000e+00,6.775068816e-01,3.723963e-16,1.015221e-16,2.032756e-16,1.651618e-03
6.240000,1.583521615e-01,5.831288004e-01,1.037789828e-01,2.874509515e-01,3.583951433e-02,7.658637041e+00,0.000000000e+00,6.766852009e-01,8.025248e-16,3.898924e-16,6.183413e-17,1.647598e-03
6.250000,1.573170366e-01,5.825035303e-01,1.119574264e-01,2.871514971e-01,3.505229958e-02,7.340030191e+00,0.000000000e+00,6.757444004e-01,1.665786e-16,2.544787e-16,1.754474e-16,1.646388e-03
6.260000,1.562656765e-01,5.817145305e-01,1.211520367e-01,2.867735891e-01,3.427263963e-02,7.037153711e+00,0.000000000e+00,6.746485499e-01,2.001633e-16,1.153298e-16,4.863611e-16,1.646368e-03
6.270000,1.551994477e-01,5.807746667e-01,1.307246322e-01,2.863233635e-01,3.350110602e-02,6.749140292e+00,0.000000000e+00,6.733716053e-01,2.220582e-16,3.950449e-16,1.157595e-16,1.648458e-03
6.280000,1.541196285e-01,5.796958640e-01,1.402743295e-01,2.858065036e-01,3.273821700e-02,6.475220650e+00,0.000000000e+00,6.718956305e-01,1.110359e-16,5.003708e-17,5.727425e-16,1.643957e-03
6.290000,1.530274145e-01,5.784891752e-01,1.495588034e-01,2.852282743e-01,3.198444061e-02,6.214707179e+00,0.000000000e+00,6.702093009e-01,4.003004e-16,3.552416e-16,5.721958e-17,1.655079e-03
6.300000,1.519239256e-01,5.771648438e-01,1.584368843e-01,2.845935527e-01,3.124019753e-02,5.966980211e+00,0.000000000e+00,6.683066447e-01,1.241752e-16,2.917638e-16,2.536496e-16,1.647478e-03
6.310000,1.508102104e-01,5.757323635e-01,1.668310320e-01,2.839068574e-01,3.050586392e-02,5.731476447e+00,0.000000000e+00,6.661859879e-01,2.775558e-16,1.332918e-16,1.369113e-16,1.647638e-03
6.320000,1.496872521e-01,5.742005321e-01,1.747036852e-01,2.831723745e-01,2.978177403e-02,5.507679163e+00,0.000000000e+00,6.638490707e-01,3.554660e-16,3.818284e-16,4.089976e-16,1.651719e-03
6.330000,1.485559727e-01,5.725775026e-01,1.820424504e-01,2.823939827e-01,2.906822273e-02,5.295109908e+00,0.000000000e+00,6.613003110e-01,4.965190e-16,2.087443e-16,3.705046e-16,1.650798e-03
6.340000,1.474172375e-01,5.708708299e-01,1.888507650e-01,2.815752757e-01,2.836546794e-02,5.093321449e+00,0.000000000e+00,6.585461908e-01,1.241388e-16,1.366804e-16,1.492266e-16,1.659969e-03
6.350000,1.462718592e-01,5.690875147e-01,1.951419392e-01,2.807195835e-01,2.767373291e-02,4.901891773e+00,0.000000000e+00,6.555947485e-01,4.249187e-18,2.897767e-16,4.133886e-16,1.658279e-03
6.360000,1.451206013e-01,5.672340435e-01,2.009353065e-01,2.798299917e-01,2.699320842e-02,4.720419009e+00,0.000000000e+00,6.524551590e-01,2.719922e-16,1.678295e-16,5.912736e-16,1.648548e-03
6.370000,1.439641823e-01,5.653164267e-01,2.062537063e-01,2.789093596e-01,2.632405483e-02,4.548517138e+00,0.000000000e+00,6.491373893e-01,6.955614e-16,2.860979e-17,6.059228e-16,1.651699e-03
6.380000,1.428032781e-01,5.633402326e-01,2.111218238e-01,2.779603367e-01,2.566640409e-02,4.385812423e+00,0.000000000e+00,6.456519171e-01,3.878960e-18,2.498965e-16,2.249797e-16,1.647358e-03
6.390000,1.416385256e-01,5.613106205e-01,2.155650891e-01,2.769853786e-01,2.502036160e-02,4.231940470e+00,0.000000000e+00,6.420095016e-01,1.115767e-15,1.932952e-16,5.158754e-16,1.653278e-03
6.400000,1.404705252e-01,5.592323698e-01,2.196089474e-01,2.759867606e-01,2.438600801e-02,4.086543896e+00,0.000000000e+00,6.382210004e-01,3.885935e-16,6.269628e-16,1.665696e-16,1.655969e-03
6.410000,1.392998433e-01,5.571099085e-01,2.232783779e-01,2.749665915e-01,2.376340087e-02,3.949270525e+00,0.000000000e+00,6.342972221e-01,3.510833e-16,8.092071e-17,9.677207e-17,1.655489e-03
6.420000,1.381270150e-01,5.549473383e-01,2.265975827e-01,2.739268252e-01,2.315257630e-02,3.819772116e+00,0.000000000e+00,6.302488112e-01,2.289112e-16,1.118863e-16,5.869829e-16,1.652968e-03
6.430000,1.369525461e-01,5.527484585e-01,2.295897915e-01,2.728692730e-01,2.255355046e-02,3.697703561e+00,0.000000000e+00,6.260861585e-01,4.965250e-16,1.671107e-16,5.690316e-17,1.652039e-03
6.440000,1.357769153e-01,5.505167886e-01,2.322771462e-01,2.717956131e-01,2.196632100e-02,3.582722538e+00,0.000000000e+00,6.218193326e-01,1.111307e-16,1.861901e-16,1.511501e-16,1.648509e-03
6.450000,1.346005759e-01,5.482555880e-01,2.346806420e-01,2.707074008e-01,2.139086845e-02,3.474489576e+00,0.000000000e+00,6.174580305e-01,2.989770e-16,1.415262e-16,1.417387e-16,1.655249e-03
6.460000,1.334239576e-01,5.459678759e-01,2.368201058e-01,2.696060775e-01,2.082715749e-02,3.372668491e+00,0.000000000e+00,6.130115413e-01,2.482777e-16,1.671107e-16,3.862478e-16,1.653348e-03
6.470000,1.322474686e-01,5.436564479e-01,2.387142018e-01,2.684929790e-01,2.027513818e-02,3.276927154e+00,0.000000000e+00,6.084887229e-01,1.110494e-16,1.000742e-16,1.800439e-16,1.649208e-03
6.480000,1.310714965e-01,5.413238931e-01,2.403804553e-01,2.673693430e-01,1.973474708e-02,3.186938525e+00,0.000000000e+00,6.038979884e-01,1.570476e-16,2.224779e-16,4.115062e-16,1.646558e-03
6.490000,1.298964100e-01,5.389726090e-01,2.418352883e-01,2.662363168e-01,1.920590842e-02,3.102381919e+00,0.000000000e+00,5.992472996e-01,4.475486e-16,1.688306e-16,4.018722e-16,1.646738e-03
6.500000,1.287225603e-01,5.366048153e-01,2.430940628e-01,2.650949630e-01,1.868853505e-02,3.022944411e+00,0.000000000e+00,5.945441679e-01,3.510887e-16,4.227603e-16,2.646349e-16,1.660599e-03
6.510000,1.275502820e-01,5.342225671e-01,2.441711297e-01,2.639462668e-01,1.818252944e-02,2.948322340e+00,0.000000000e+00,5.897956594e-01,2.544136e-16,2.326341e-16,4.049158e-16,1.661730e-03
6.520000,1.263798946e-01,5.318277668e-01,2.450798791e-01,2.627911407e-01,1.768778460e-02,2.878222840e+00,0.000000000e+00,5.850084042e-01,5.795638e-16,1.804112e-16,1.222211e-16,1.654649e-03
6.530000,1.252117033e-01,5.294221755e-01,2.458327929e-01,2.616304302e-01,1.720418494e-02,2.812365325e+00,0.000000000e+00,5.801886087e-01,9.992067e-16,2.326341e-16,2.360244e-16,1.655769e-03
6.540000,1.240460000e-01,5.270074230e-01,2.464414958e-01,2.604649187e-01,1.673160708e-02,2.750482884e+00,0.000000000e+00,5.753420698e-01,6.753251e-16,2.501854e-16,1.622129e-16,1.653358e-03
6.550000,1.228830641e-01,5.245850179e-01,2.469168069e-01,2.592953321e-01,1.626992061e-02,2.692323529e+00,0.000000000e+00,5.704741911e-01,1.665786e-16,3.081369e-16,1.072334e-15,1.654069e-03
6.560000,1.217231635e-01,5.221563557e-01,2.472687891e-01,2.581223425e-01,1.581898881e-02,2.637651243e+00,0.000000000e+00,5.655900000e-01,2.719549e-16,3.865904e-16,7.015235e-16,1.641998e-03
6.570000,1.205665553e-01,5.197227279e-01,2.475067963e-01,2.569465729e-01,1.537866933e-02,2.586246802e+00,0.000000000e+00,5.606941656e-01,8.951040e-16,1.962616e-16,1.960775e-16,1.641377e-03
6.580000,1.194134862e-01,5.172853290e-01,2.476395198e-01,2.557686000e-01,1.494881482e-02,2.537908346e+00,0.000000000e+00,5.557910165e-01,2.289112e-16,2.857611e-16,2.187953e-16,1.642157e-03
6.590000,1.182641937e-01,5.148452638e-01,2.476750309e-01,2.545889581e-01,1.452927351e-02,2.492451672e+00,0.000000000e+00,5.508845593e-01,2.482599e-16,3.925231e-17,3.477244e-16,1.645358e-03
6.600000,1.171189062e-01,5.124035540e-01,2.476208231e-01,2.534081417e-01,1.411988980e-02,2.449710248e+00,0.000000000e+00,5.459784965e-01,2.220450e-16,4.172578e-16,1.168704e-15,1.646408e-03
6.610000,1.159778437e-01,5.099611442e-01,2.474838503e-01,2.522266089e-01,1.372050472e-02,2.409534959e+00,0.000000000e+00,5.410762441e-01,2.544136e-16,1.755417e-16,2.346177e-16,1.637277e-03
6.620000,1.148412184e-01,5.075189077e-01,2.472705640e-01,2.510447839e-01,1.333095650e-02,2.371793571e+00,0.000000000e+00,5.361809491e-01,2.989581e-16,6.206335e-17,3.486751e-17,1.647339e-03
6.630000,1.137092350e-01,5.050776512e-01,2.469869476e-01,2.498630590e-01,1.295108094e-02,2.336369951e+00,0.000000000e+00,5.312955060e-01,2.544110e-16,1.804112e-16,3.244629e-16,1.647268e-03
6.640000,1.125820913e-01,5.026381205e-01,2.466385491e-01,2.486817975e-01,1.258071190e-02,2.303163048e+00,0.000000000e+00,5.264225727e-01,2.482852e-16,2.532459e-16,4.049158e-16,1.646828e-03
6.650000,1.114599783e-01,5.002010040e-01,2.462305114e-01,2.475013356e-01,1.221968165e-02,2.272085676e+00,0.000000000e+00,5.215645865e-01,4.611103e-16,4.163336e-17,7.010429e-16,1.648868e-03
6.660000,1.103430809e-01,4.977669377e-01,2.457676009e-01,2.463219844e-01,1.186782127e-02,2.243063118e+00,0.000000000e+00,5.167237781e-01,2.288853e-16,1.279469e-16,3.467017e-16,1.644738e-03
6.670000,1.092315780e-01,4.953365084e-01,2.452542337e-01,2.451440313e-01,1.152496099e-02,2.216031582e+00,0.000000000e+00,5.119021859e-01,5.236956e-16,8.441529e-17,7.987267e-17,1.647688e-03
6.680000,1.081256429e-01,4.929102579e-01,2.446945012e-01,2.439677424e-01,1.119093045e-02,2.190936562e+00,0.000000000e+00,5.071016695e-01,2.483023e-16,2.779025e-16,3.106463e-16,1.646108e-03
6.690000,1.070254434e-01,4.904886855e-01,2.440921927e-01,2.427933636e-01,1.086555910e-02,2.167731123e+00,0.000000000e+00,5.023239215e-01,2.002103e-16,1.551584e-16,2.338984e-16,1.645957e-03
6.700000,1.059311423e-01,4.880722521e-01,2.434508173e-01,2.416211221e-01,1.054867638e-02,2.146374159e+00,0.000000000e+00,4.975704801e-01,5.795664e-16,3.775166e-16,6.608090e-16,1.650729e-03
6.710000,1.048428975e-01,4.856613818e-01,2.427736238e-01,2.404512280e-01,1.024011201e-02,2.126828664e+00,0.000000000e+00,4.928427397e-01,2.220755e-16,2.288783e-16,1.990931e-16,1.648719e-03
6.720000,1.037608622e-01,4.832564658e-01,2.420636201e-01,2.392838751e-01,9.939696218e-03,2.109060046e+00,0.000000000e+00,4.881419616e-01,2.989571e-16,2.989367e-16,5.017401e-16,1.657128e-03
6.730000,1.026851851e-01,4.808578639e-01,2.413235899e-01,2.381192424e-01,9.647259964e-03,2.093034537e+00,0.000000000e+00,4.834692834e-01,5.565327e-17,6.938894e-17,1.374707e-16,1.650828e-03
6.740000,1.016160105e-01,4.784659071e-01,2.405561096e-01,2.369574952e-01,9.362635119e-03,2.078717714e+00,0.000000000e+00,4.788257288e-01,8.950947e-16,1.118863e-16,2.197012e-16,1.668711e-03
6.750000,1.005534785e-01,4.760808998e-01,2.397635629e-01,2.357987859e-01,9.085654655e-03,2.066073187e+00,0.000000000e+00,4.742122153e-01,4.982614e-18,1.000742e-16,4.333477e-16,1.674491e-03
6.760000,9.949772547e-02,4.737031217e-01,2.389481554e-01,2.346432548e-01,8.816152811e-03,2.055061450e+00,0.000000000e+00,4.696295632e-01,8.899148e-16,2.618456e-16,3.069039e-16,1.661730e-03
6.770000,9.844888349e-02,4.713328293e-01,2.381119270e-01,2.334910316e-01,8.553965238e-03,2.045638947e+00,0.000000000e+00,4.650785020e-01,2.543992e-16,2.167780e-16,3.018070e-16,1.652019e-03
6.780000,9.740708106e-02,4.689702580e-01,2.372567648e-01,2.323422352e-01,8.298929139e-03,2.037757347e+00,0.000000000e+00,4.605596782e-01,1.241297e-16,1.867065e-16,4.307287e-16,1.656209e-03
6.790000,9.637244297e-02,4.666156234e-01,2.363844136e-01,2.311969755e-01,8.050883394e-03,2.031363033e+00,0.000000000e+00,4.560736612e-01,5.795664e-16,1.521818e-16,1.913550e-16,1.639777e-03
6.800000,9.534509038e-02,4.642691227e-01,2.354964869e-01,2.300553532e-01,7.809668671e-03,2.026396829e+00,0.000000000e+00,4.516209495e-01,1.336887e-15,2.775558e-16,1.750266e-16,1.788344e-03
6.810000,9.432514097e-02,4.619309362e-01,2.345944765e-01,2.289174610e-01,7.575127524e-03,2.022793925e+00,0.000000000e+00,4.472019763e-01,2.989619e-16,1.475229e-16,5.321390e-17,1.643007e-03
6.820000,9.331270898e-02,4.596012286e-01,2.336797612e-01,2.277833838e-01,7.347104489e-03,2.020484009e+00,0.000000000e+00,4.428171146e-01,4.710277e-16,1.387779e-16,5.272447e-16,1.659249e-03
6.830000,9.230790528e-02,4.572801496e-01,2.327536156e-01,2.266531997e-01,7.125446158e-03,2.019391580e+00,0.000000000e+00,4.384666820e-01,1.110223e-16,3.976416e-16,2.413511e-16,1.644407e-03
6.840000,9.131083742e-02,4.549678357e-01,2.318172175e-01,2.255269799e-01,6.910001255e-03,2.019436415e+00,0.000000000e+00,4.341509453e-01,3.576224e-18,2.618456e-16,8.756488e-17,1.643427e-03
6.850000,9.032160970e-02,4.526644107e-01,2.308716553e-01,2.244047897e-01,6.700620695e-03,2.020534165e+00,0.000000000e+00,4.298701242e-01,2.289178e-16,1.389512e-16,8.047322e-17,1.653248e-03
6.860000,8.934032322e-02,4.503699867e-01,2.299179344e-01,2.232866887e-01,6.497157643e-03,2.022597049e+00,0.000000000e+00,4.256243957e-01,1.221248e-15,2.830524e-16,5.875286e-16,1.641607e-03
6.870000,8.836707588e-02,4.480846650e-01,2.289569840e-01,2.221727313e-01,6.299467555e-03,2.025534628e+00,0.000000000e+00,4.214138970e-01,4.965099e-16,1.570092e-16,8.089840e-16,1.768192e-03
6.880000,8.740196245e-02,4.458085370e-01,2.279896619e-01,2.210629670e-01,6.107408224e-03,2.029254604e+00,0.000000000e+00,4.172387294e-01,9.992071e-16,3.895681e-16,5.796080e-16,1.649718e-03
6.890000,8.644507460e-02,4.435416847e-01,2.270167605e-01,2.199574405e-01,5.920839807e-03,2.033663656e+00,0.000000000e+00,4.130989606e-01,2.220734e-16,1.778578e-16,5.529933e-16,1.779543e-03
6.900000,8.549650090e-02,4.412841813e-01,2.260390116e-01,2.188561927e-01,5.739624860e-03,2.038668246e+00,0.000000000e+00,4.089946283e-01,1.110494e-16,5.551115e-17,9.559885e-17,1.658249e-03
6.910000,8.455632685e-02,4.390360923e-01,2.250570908e-01,2.177592602e-01,5.563628353e-03,2.044175416e+00,0.000000000e+00,4.049257420e-01,3.330895e-16,4.200754e-16,3.564804e-16,1.671460e-03
6.920000,8.362463489e-02,4.367974755e-01,2.240716218e-01,2.166666762e-01,5.392717691e-03,2.050093528e+00,0.000000000e+00,4.008922858e-01,1.110900e-16,2.501854e-16,2.020934e-16,1.645928e-03
6.930000,8.270150445e-02,4.345683820e-01,2.230831801e-01,2.155784705e-01,5.226762724e-03,2.056332950e+00,0.000000000e+00,3.968942205e-01,3.376656e-16,2.363302e-16,9.570896e-17,1.655209e-03
6.940000,8.178701191e-02,4.323488564e-01,2.220922973e-01,2.144946695e-01,5.065635754e-03,2.062806675e+00,0.000000000e+00,3.929314857e-01,2.482534e-16,2.063081e-16,8.919920e-17,1.663470e-03
6.950000,8.088123060e-02,4.301389374e-01,2.210994635e-01,2.134152971e-01,4.909211539e-03,2.069430866e+00,0.000000000e+00,3.890040015e-01,2.482837e-16,9.126690e-17,3.868278e-16,1.648697e-03
6.960000,7.998423088e-02,4.279386582e-01,2.201051313e-01,2.123403740e-01,4.757367294e-03,2.076125323e+00,0.000000000e+00,3.851116703e-01,4.871115e-16,2.544787e-16,1.954010e-16,1.768882e-03
6.970000,7.909608005e-02,4.257480468e-01,2.191097178e-01,2.112699188e-01,4.609982684e-03,2.082813876e+00,0.000000000e+00,3.812543783e-01,4.965129e-16,2.217191e-16,5.254036e-16,1.653229e-03
6.980000,7.821684241e-02,4.235671265e-01,2.181136081e-01,2.102039474e-01,4.466939817e-03,2.089424700e+00,0.000000000e+00,3.774319974e-01,5.769018e-16,2.918463e-16,1.110528e-16,1.781963e-03
6.990000,7.734657922e-02,4.213959163e-01,2.171171573e-01,2.091424737e-01,4.328123236e-03,2.095890555e+00,0.000000000e+00,3.736443856e-01,4.718480e-16,1.489844e-16,1.523399e-16,1.647758e-03
7.000000,7.648534872e-02,4.192344311e-01,2.161206929e-01,2.080855095e-01,4.193419905e-03,2.102148965e+00,0.000000000e+00,3.698913894e-01,7.870064e-16,9.739202e-17,2.843796e-16,1.737438e-03
7.010000,7.563320612e-02,4.170826817e-01,2.151245166e-01,2.070330649e-01,4.062719192e-03,2.108142324e+00,0.000000000e+00,3.661728439e-01,2.543900e-16,1.250927e-16,3.044674e-16,1.660979e-03
7.020000,7.479020357e-02,4.149406758e-01,2.141289069e-01,2.059851478e-01,3.935912853e-03,2.113817955e+00,0.000000000e+00,3.624885745e-01,0.000000e+00,9.714451e-17,7.589415e-17,1.648058e-03
7.030000,7.395639019e-02,4.128084177e-01,2.131341203e-01,2.049417648e-01,3.812895011e-03,2.119128107e+00,0.000000000e+00,3.588383978e-01,4.475587e-16,1.443890e-16,3.114544e-16,1.655969e-03
7.040000,7.313181202e-02,4.106859084e-01,2.121403934e-01,2.039029210e-01,3.693562136e-03,2.124029918e+00,0.000000000e+00,3.552221221e-01,4.871146e-16,7.757919e-17,7.004181e-17,1.647208e-03
7.050000,7.231651204e-02,4.085731466e-01,2.111479440e-01,2.028686199e-01,3.577813019e-03,2.128485325e+00,0.000000000e+00,3.516395486e-01,7.870102e-16,1.144392e-16,2.949611e-16,1.765141e-03
7.060000,7.151053014e-02,4.064701278e-01,2.101569729e-01,2.018388637e-01,3.465548749e-03,2.132460953e+00,0.000000000e+00,3.480904720e-01,4.577567e-16,1.279469e-16,1.738108e-16,1.646947e-03
7.070000,7.071390313e-02,4.043768456e-01,2.091676652e-01,2.008136534e-01,3.356672686e-03,2.135927967e+00,0.000000000e+00,3.445746812e-01,1.005357e-15,1.118863e-16,3.551155e-17,1.791164e-03
7.080000,6.992666469e-02,4.022932910e-01,2.081801912e-01,1.997929889e-01,3.251090432e-03,2.138861906e+00,0.000000000e+00,3.410919599e-01,2.719978e-16,2.217191e-16,2.499823e-16,1.659309e-03
7.090000,6.914884541e-02,4.002194530e-01,2.071947078e-01,1.987768689e-01,3.148709806e-03,2.141242493e+00,0.000000000e+00,3.376420872e-01,3.376701e-16,3.770700e-16,9.271038e-17,1.770552e-03
7.100000,6.838047274e-02,3.981553188e-01,2.062113596e-01,1.977652912e-01,3.049440810e-03,2.143053436e+00,0.000000000e+00,3.342248384e-01,4.475519e-16,5.594315e-17,3.419518e-16,1.651619e-03
7.110000,6.762157097e-02,3.961008736e-01,2.052302796e-01,1.967582527e-01,2.953195599e-03,2.144282211e+00,0.000000000e+00,3.308399848e-01,4.871146e-16,1.494683e-16,6.806889e-16,1.643477e-03
7.120000,6.687216127e-02,3.940561010e-01,2.042515903e-01,1.957557493e-01,2.859888452e-03,2.144919845e+00,0.000000000e+00,3.274872950e-01,1.570284e-16,1.083890e-16,5.343962e-17,1.646517e-03
7.130000,6.613226162e-02,3.920209832e-01,2.032754043e-01,1.947577763e-01,2.769435739e-03,2.144960689e+00,0.000000000e+00,3.241665346e-01,2.775774e-16,3.513575e-16,9.482846e-17,1.652799e-03
7.140000,6.540188684e-02,3.899955007e-01,2.023018253e-01,1.937643279e-01,2.681755886e-03,2.144402190e+00,0.000000000e+00,3.208774670e-01,3.511219e-16,5.419449e-17,1.358522e-16,1.650928e-03
7.150000,6.468104857e-02,3.879796328e-01,2.013309487e-01,1.927753980e-01,2.596769345e-03,2.143244667e+00,0.000000000e+00,3.176198537e-01,8.899115e-16,1.927964e-16,3.584293e-16,1.651029e-03
7.160000,6.396975525e-02,3.859733576e-01,2.003628622e-01,1.917909795e-01,2.514398558e-03,2.141491080e+00,0.000000000e+00,3.143934545e-01,2.001483e-16,5.419449e-17,1.515477e-16,1.641437e-03
7.170000,6.326801213e-02,3.839766520e-01,1.993976464e-01,1.908110649e-01,2.434567924e-03,2.139146813e+00,0.000000000e+00,3.111980277e-01,2.482595e-16,1.250927e-16,3.719688e-16,1.640997e-03
7.180000,6.257582124e-02,3.819894919e-01,1.984353754e-01,1.898356461e-01,2.357203765e-03,2.136219459e+00,0.000000000e+00,3.080333306e-01,3.554617e-16,2.392661e-16,3.613267e-16,1.635446e-03
7.190000,6.189318142e-02,3.800118520e-01,1.974761172e-01,1.888647143e-01,2.282234290e-03,2.132718604e+00,0.000000000e+00,3.048991198e-01,2.543841e-16,1.924214e-16,2.783623e-16,1.631896e-03
7.200000,6.122008828e-02,3.780437064e-01,1.965199343e-01,1.878982605e-01,2.209589565e-03,2.128655631e+00,0.000000000e+00,3.017951509e-01,1.110765e-16,1.193812e-16,6.172911e-17,1.643717e-03
7.210000,6.055653422e-02,3.760850280e-01,1.955668840e-01,1.869362749e-01,2.139201471e-03,2.124043520e+00,0.000000000e+00,2.987211794e-01,4.475587e-16,4.388542e-17,7.664259e-17,1.640817e-03
7.220000,5.990250844e-02,3.741357893e-01,1.946170188e-01,1.859787474e-01,2.071003675e-03,2.118896667e+00,0.000000000e+00,2.956769604e-01,2.220717e-16,1.235435e-16,2.578852e-17,1.643167e-03
7.230000,5.925799691e-02,3.721959618e-01,1.936703870e-01,1.850256677e-01,2.004931595e-03,2.113230704e+00,0.000000000e+00,2.926622490e-01,1.570476e-16,1.059176e-16,8.204710e-17,1.648098e-03
7.240000,5.862298241e-02,3.702655164e-01,1.927270327e-01,1.840770248e-01,1.940922363e-03,2.107062331e+00,0.000000000e+00,2.896768003e-01,2.989619e-16,2.167780e-16,2.227212e-16,1.651128e-03
7.250000,5.799744449e-02,3.683444234e-01,1.917869961e-01,1.831328075e-01,1.878914790e-03,2.100409163e+00,0.000000000e+00,2.867203698e-01,4.475519e-16,1.241267e-16,9.739202e-17,1.644517e-03
7.260000,5.738135954e-02,3.664326524e-01,1.908503142e-01,1.821930042e-01,1.818849335e-03,2.093289578e+00,0.000000000e+00,2.837927132e-01,1.570188e-16,1.463761e-16,1.256687e-16,1.645077e-03
7.270000,5.677470076e-02,3.645301727e-01,1.899170206e-01,1.812576032e-01,1.760668068e-03,2.085722581e+00,0.000000000e+00,2.808935867e-01,2.482837e-16,4.388542e-17,2.566687e-16,1.658739e-03
7.280000,5.617743818e-02,3.626369530e-01,1.889871460e-01,1.803265922e-01,1.704314639e-03,2.077727677e+00,0.000000000e+00,2.780227471e-01,2.288866e-16,2.775558e-17,3.198672e-17,1.652138e-03
7.290000,5.558953868e-02,3.607529614e-01,1.880607183e-01,1.793999589e-01,1.649734238e-03,2.069324752e+00,0.000000000e+00,2.751799519e-01,2.719757e-16,1.494683e-16,1.464686e-16,1.642827e-03
7.300000,5.501096603e-02,3.588781659e-01,1.871377629e-01,1.784776906e-01,1.596873571e-03,2.060533965e+00,0.000000000e+00,2.723649595e-01,2.544092e-16,2.860979e-17,1.788449e-16,1.639807e-03
7.310000,5.444168088e-02,3.570125338e-01,1.862183026e-01,1.775597744e-01,1.545680817e-03,2.051375647e+00,0.000000000e+00,2.695775289e-01,4.449760e-16,7.850462e-17,9.341772e-17,1.640187e-03
7.320000,5.388164080e-02,3.551560322e-01,1.853023583e-01,1.766461971e-01,1.496105602e-03,2.041870215e+00,0.000000000e+00,2.668174203e-01,4.652844e-16,8.886120e-17,7.416830e-17,1.648108e-03
7.330000,5.333080032e-02,3.533086280e-01,1.843899487e-01,1.757369455e-01,1.448098963e-03,2.032038088e+00,0.000000000e+00,2.640843946e-01,2.237861e-16,1.129570e-16,9.080412e-17,1.644947e-03
7.340000,5.278911098e-02,3.514702875e-01,1.834810906e-01,1.748320061e-01,1.401613319e-03,2.021899614e+00,0.000000000e+00,2.613782142e-01,2.289194e-16,1.944129e-16,2.810252e-16,1.649698e-03
7.350000,5.225652129e-02,3.496409770e-01,1.825757990e-01,1.739313651e-01,1.356602434e-03,2.011475009e+00,0.000000000e+00,2.586986422e-01,4.449625e-16,2.636780e-16,4.192149e-17,1.682261e-03
7.360000,5.173297689e-02,3.478206625e-01,1.816740872e-01,1.730350087e-01,1.313021391e-03,2.000784298e+00,0.000000000e+00,2.560454431e-01,2.618513e-16,1.110223e-16,9.220182e-17,1.656039e-03
7.370000,5.121842047e-02,3.460093096e-01,1.807759672e-01,1.721429229e-01,1.270826558e-03,1.989847264e+00,0.000000000e+00,2.534183825e-01,1.241873e-16,3.736709e-17,1.807112e-16,1.646897e-03
7.380000,5.071279192e-02,3.442068840e-01,1.798814492e-01,1.712550937e-01,1.229975558e-03,1.978683411e+00,0.000000000e+00,2.508172275e-01,2.482629e-16,9.437916e-17,1.774852e-16,1.649928e-03
7.390000,5.021602832e-02,3.424133510e-01,1.789905424e-01,1.703715066e-01,1.190427239e-03,1.967311925e+00,0.000000000e+00,2.482417462e-01,2.237793e-16,2.268711e-16,1.964838e-16,1.637136e-03
7.400000,4.972806402e-02,3.406286758e-01,1.781032545e-01,1.694921473e-01,1.152141644e-03,1.955751644e+00,0.000000000e+00,2.456917081e-01,7.771643e-16,3.736709e-17,7.473417e-17,1.642997e-03
7.410000,4.924883071e-02,3.388528234e-01,1.772195921e-01,1.686170014e-01,1.115079983e-03,1.944021040e+00,0.000000000e+00,2.431668844e-01,8.950922e-16,1.387779e-17,2.166738e-16,1.637897e-03
7.420000,4.877825746e-02,3.370857588e-01,1.763395608e-01,1.677460541e-01,1.079204603e-03,1.932138193e+00,0.000000000e+00,2.406670471e-01,1.942979e-16,1.279469e-16,2.412825e-16,1.643787e-03
7.430000,4.831627078e-02,3.353274468e-01,1.754631651e-01,1.668792908e-01,1.044478958e-03,1.920120788e+00,0.000000000e+00,2.381919702e-01,2.802532e-17,1.040834e-16,1.031832e-16,1.645367e-03
7.440000,4.786279475e-02,3.335778520e-01,1.745904084e-01,1.660166967e-01,1.010867584e-03,1.907986100e+00,0.000000000e+00,2.357414288e-01,5.828842e-16,1.423742e-16,3.609726e-17,1.644307e-03
7.450000,4.741775102e-02,3.318369392e-01,1.737212934e-01,1.651582569e-01,9.783360716e-04,1.895750993e+00,0.000000000e+00,2.333151995e-01,2.254900e-16,1.570092e-16,3.469447e-17,1.650937e-03
7.460000,4.698105896e-02,3.301046729e-01,1.728558218e-01,1.643039564e-01,9.468510368e-04,1.883431921e+00,0.000000000e+00,2.309130605e-01,1.570859e-16,1.551584e-16,1.091774e-16,1.648667e-03
7.470000,4.655263567e-02,3.283810176e-01,1.719939946e-01,1.634537803e-01,9.163800961e-04,1.871044932e+00,0.000000000e+00,2.285347915e-01,3.608569e-16,1.309228e-16,1.249242e-16,1.648368e-03
7.480000,4.613239613e-02,3.266659377e-01,1.711358120e-01,1.626077134e-01,8.868918399e-04,1.858605676e+00,0.000000000e+00,2.261801734e-01,1.144926e-16,4.654752e-17,4.459960e-17,1.648448e-03
7.490000,4.572025326e-02,3.249593977e-01,1.702812735e-01,1.617657406e-01,8.583558078e-04,1.846129417e+00,0.000000000e+00,2.238489890e-01,5.024900e-18,7.376145e-17,2.453269e-17,1.643407e-03
7.500000,4.531611802e-02,3.232613618e-01,1.694303779e-01,1.609278468e-01,8.307424625e-04,1.833631045e+00,0.000000000e+00,2.215410225e-01,4.577641e-16,8.441529e-17,8.862383e-17,1.644228e-03
7.510000,4.491989951e-02,3.215717946e-01,1.685831235e-01,1.600940166e-01,8.040231662e-04,1.821125096e+00,0.000000000e+00,2.192560595e-01,2.221005e-16,1.394700e-16,9.090348e-17,1.639137e-03
7.520000,4.453150504e-02,3.198906602e-01,1.677395077e-01,1.592642348e-01,7.781701562e-04,1.808625766e+00,0.000000000e+00,2.169938875e-01,2.618915e-16,1.394700e-16,1.144392e-16,1.644107e-03
7.530000,4.415084029e-02,3.182179232e-01,1.668995278e-01,1.584384860e-01,7.531565213e-04,1.796146940e+00,0.000000000e+00,2.147542950e-01,2.371755e-16,1.783984e-16,1.295363e-16,1.640806e-03
7.540000,4.377780936e-02,3.165535477e-01,1.660631802e-01,1.576167550e-01,7.289561786e-04,1.783702208e+00,0.000000000e+00,2.125370727e-01,4.652715e-16,1.986997e-16,8.582938e-17,1.643287e-03
7.550000,4.341231489e-02,3.148974982e-01,1.652304609e-01,1.567990264e-01,7.055438514e-04,1.771304895e+00,0.000000000e+00,2.103420123e-01,7.771688e-16,8.441529e-17,2.088884e-17,1.628995e-03
7.560000,4.305425822e-02,3.132497391e-01,1.644013655e-01,1.559852846e-01,6.828950463e-04,1.758968090e+00,0.000000000e+00,2.081689074e-01,1.241509e-16,5.003708e-17,2.194271e-17,1.637696e-03
7.570000,4.270353941e-02,3.116102347e-01,1.635758892e-01,1.551755144e-01,6.609860320e-04,1.746704670e+00,0.000000000e+00,2.060175531e-01,2.618743e-16,5.721958e-17,1.498303e-16,1.636556e-03
7.580000,4.236005743e-02,3.099789494e-01,1.627540265e-01,1.543697002e-01,6.397938183e-04,1.734527335e+00,0.000000000e+00,2.038877460e-01,8.955311e-16,8.886120e-17,1.027009e-16,1.642557e-03
7.590000,4.202371024e-02,3.083558479e-01,1.619357719e-01,1.535678266e-01,6.192961345e-04,1.722448641e+00,0.000000000e+00,2.017792842e-01,2.371755e-16,1.831921e-16,7.351626e-17,1.638506e-03
7.600000,4.169439490e-02,3.067408945e-01,1.611211193e-01,1.527698781e-01,5.994714099e-04,1.710481031e+00,0.000000000e+00,1.996919677e-01,2.371691e-16,1.241267e-16,6.628369e-17,1.645307e-03
7.610000,4.137200771e-02,3.051340538e-01,1.603100621e-01,1.519758393e-01,5.802987535e-04,1.698636875e+00,0.000000000e+00,1.976255977e-01,2.238213e-16,1.123694e-16,8.673617e-18,1.642797e-03
7.620000,4.105644431e-02,3.035352904e-01,1.595025938e-01,1.511856945e-01,5.617579347e-04,1.686928503e+00,0.000000000e+00,1.955799772e-01,3.376890e-16,5.594315e-17,5.148944e-17,1.639967e-03
7.630000,4.074759979e-02,3.019445690e-01,1.586987073e-01,1.503994285e-01,5.438293642e-04,1.675368250e+00,0.000000000e+00,1.935549105e-01,1.618995e-16,8.441529e-17,6.700615e-17,1.639617e-03
7.640000,4.044536883e-02,3.003618543e-01,1.578983951e-01,1.496170255e-01,5.264940755e-04,1.663968492e+00,0.000000000e+00,1.915502038e-01,1.388456e-16,1.001343e-16,9.826868e-17,1.643947e-03
7.650000,4.014964578e-02,2.987871110e-01,1.571016498e-01,1.488384703e-01,5.097337064e-04,1.652741691e+00,0.000000000e+00,1.895656646e-01,1.342643e-15,1.306006e-16,6.437203e-17,1.640537e-03
7.660000,3.986032480e-02,2.972203041e-01,1.563084633e-01,1.480637471e-01,4.935304818e-04,1.641700440e+00,0.000000000e+00,1.876011021e-01,4.441070e-16,5.204170e-17,3.832129e-17,1.633536e-03
7.670000,3.957729999e-02,2.956613984e-01,1.555188276e-01,1.472928406e-01,4.778671958e-04,1.630857512e+00,0.000000000e+00,1.856563270e-01,2.498499e-16,4.388542e-17,3.122502e-17,1.641777e-03
7.680000,3.930046545e-02,2.941103589e-01,1.547327343e-01,1.465257353e-01,4.627271951e-04,1.620225906e+00,0.000000000e+00,1.837311514e-01,2.238079e-16,9.106885e-17,1.115091e-16,1.638937e-03
7.690000,3.902971543e-02,2.925671507e-01,1.539501748e-01,1.457624157e-01,4.480943620e-04,1.609818902e+00,0.000000000e+00,1.818253892e-01,1.388212e-16,3.925231e-17,9.220182e-17,1.637906e-03
7.700000,3.876494443e-02,2.910317389e-01,1.531711404e-01,1.450028663e-01,4.339530984e-04,1.599650114e+00,0.000000000e+00,1.799388556e-01,2.220446e-16,8.391473e-17,5.204170e-17,1.646617e-03
7.710000,3.850604731e-02,2.895040888e-01,1.523956222e-01,1.442470717e-01,4.202883100e-04,1.589733549e+00,0.000000000e+00,1.780713676e-01,1.388321e-16,1.040834e-16,1.153298e-16,1.654408e-03
7.720000,3.825291938e-02,2.879841655e-01,1.516236108e-01,1.434950164e-01,4.070853904e-04,1.580083670e+00,0.000000000e+00,1.762227433e-01,2.618757e-16,4.718958e-17,1.354862e-17,1.642377e-03
7.730000,3.800545651e-02,2.864719346e-01,1.508550972e-01,1.427466850e-01,3.943302065e-04,1.570715458e+00,0.000000000e+00,1.743928028e-01,2.482837e-16,7.416830e-17,3.198672e-17,1.644927e-03
7.740000,3.776355521e-02,2.849673614e-01,1.500900717e-01,1.420020621e-01,3.820090831e-04,1.561644483e+00,0.000000000e+00,1.725813674e-01,5.688756e-16,3.688073e-17,8.241306e-17,1.641806e-03
7.750000,3.752711277e-02,2.834704116e-01,1.493285248e-01,1.412611323e-01,3.701087886e-04,1.552886977e+00,0.000000000e+00,1.707882599e-01,2.289375e-16,7.505561e-17,4.049753e-17,1.644716e-03
7.760000,3.729602728e-02,2.819810508e-01,1.485704468e-01,1.405238801e-01,3.586165208e-04,1.544459915e+00,0.000000000e+00,1.690133047e-01,2.775774e-16,8.777084e-17,1.430490e-17,1.649188e-03
7.770000,3.707019779e-02,2.804992446e-01,1.478158277e-01,1.397902903e-01,3.475198931e-04,1.536381096e+00,0.000000000e+00,1.672563277e-01,4.475654e-16,6.138078e-17,2.797158e-17,1.649148e-03
7.780000,3.684952434e-02,2.790249591e-01,1.470646577e-01,1.390603475e-01,3.368069204e-04,1.528669234e+00,0.000000000e+00,1.655171563e-01,2.618801e-16,8.892890e-17,5.553825e-17,1.657928e-03
7.790000,3.663390805e-02,2.775581599e-01,1.463169265e-01,1.383340364e-01,3.264660064e-04,1.521344057e+00,0.000000000e+00,1.637956191e-01,5.579017e-16,7.285839e-17,4.291469e-17,1.658529e-03
7.800000,3.642325121e-02,2.760988133e-01,1.455726241e-01,1.376113416e-01,3.164859303e-04,1.514426407e+00,0.000000000e+00,1.620915465e-01,3.511176e-16,5.928594e-17,4.336809e-17,1.652948e-03
7.810000,3.621745734e-02,2.746468852e-01,1.448317402e-01,1.368922480e-01,3.068558336e-04,1.507938359e+00,0.000000000e+00,1.604047703e-01,3.878960e-18,1.241267e-16,6.774312e-17,1.660169e-03
7.820000,3.601643124e-02,2.732023419e-01,1.440942643e-01,1.361767402e-01,2.975652083e-04,1.501903332e+00,0.000000000e+00,1.587351235e-01,2.498303e-16,2.797158e-17,7.294095e-17,1.652348e-03
7.830000,3.582007908e-02,2.717651497e-01,1.433601861e-01,1.354648031e-01,2.886038841e-04,1.496346231e+00,0.000000000e+00,1.570824408e-01,6.713223e-16,3.273070e-17,3.538156e-17,1.648327e-03
7.840000,3.562830843e-02,2.703352750e-01,1.426294951e-01,1.347564213e-01,2.799620165e-04,1.491293579e+00,0.000000000e+00,1.554465582e-01,1.145049e-16,4.177767e-17,8.612688e-17,1.649958e-03
7.850000,3.544102832e-02,2.689126842e-01,1.419021806e-01,1.340515798e-01,2.716300751e-04,1.486773677e+00,0.000000000e+00,1.538273131e-01,2.498363e-16,1.706742e-16,4.906539e-17,1.646877e-03
7.860000,3.525814930e-02,2.674973441e-01,1.411782320e-01,1.333502634e-01,2.635988320e-04,1.482816764e+00,0.000000000e+00,1.522245445e-01,5.558104e-16,5.051591e-17,9.509386e-17,1.643697e-03
7.870000,3.507958344e-02,2.660892213e-01,1.404576388e-01,1.326524570e-01,2.558593503e-04,1.479455205e+00,0.000000000e+00,1.506380927e-01,1.144655e-16,1.734723e-17,8.285007e-17,1.647838e-03
7.880000,3.490524442e-02,2.646882825e-01,1.397403901e-01,1.319581455e-01,2.484029734e-04,1.476723682e+00,0.000000000e+00,1.490677992e-01,5.561947e-17,7.376145e-17,5.321390e-17,1.651008e-03
7.890000,3.473504751e-02,2.632944948e-01,1.390264752e-01,1.312673138e-01,2.412213137e-04,1.474659409e+00,0.000000000e+00,1.475135072e-01,6.758947e-16,7.609091e-17,9.257639e-17,1.653748e-03
7.900000,3.456890965e-02,2.619078251e-01,1.383158832e-01,1.305799468e-01,2.343062425e-04,1.473302368e+00,0.000000000e+00,1.459750610e-01,2.802532e-17,1.306006e-16,9.672542e-17,1.652648e-03
7.910000,3.440674940e-02,2.605282404e-01,1.376086035e-01,1.298960296e-01,2.276498789e-04,1.472695561e+00,0.000000000e+00,1.444523066e-01,3.433219e-16,4.177767e-17,4.772855e-17,1.652278e-03
7.920000,3.424848705e-02,2.591557081e-01,1.369046250e-01,1.292155472e-01,2.212445804e-04,1.472885292e+00,0.000000000e+00,1.429450909e-01,1.388321e-16,8.673617e-17,4.192149e-17,1.653018e-03
7.930000,3.409404454e-02,2.577901954e-01,1.362039370e-01,1.285384847e-01,2.150829326e-04,1.473921470e+00,0.000000000e+00,1.414532627e-01,3.555337e-16,5.386030e-17,3.198672e-17,1.647277e-03
7.940000,3.394334553e-02,2.564316697e-01,1.355065286e-01,1.278648271e-01,2.091577396e-04,1.475857945e+00,0.000000000e+00,1.399766716e-01,2.797158e-17,1.551584e-17,5.307233e-17,1.644517e-03
7.950000,3.379631537e-02,2.550800986e-01,1.348123889e-01,1.271945595e-01,2.034620148e-04,1.478752878e+00,0.000000000e+00,1.385151689e-01,7.771639e-16,8.694409e-17,8.086491e-17,1.642166e-03
7.960000,3.365288113e-02,2.537354496e-01,1.341215070e-01,1.265276670e-01,1.979889718e-04,1.482669146e+00,0.000000000e+00,1.370686071e-01,3.433350e-16,2.797158e-17,7.246495e-17,1.647998e-03
7.970000,3.351297155e-02,2.523976905e-01,1.334338720e-01,1.258641350e-01,1.927320155e-04,1.487674790e+00,0.000000000e+00,1.356368401e-01,4.475620e-16,8.777084e-17,2.984531e-17,1.650678e-03
7.980000,3.337651708e-02,2.510667892e-01,1.327494729e-01,1.252039485e-01,1.876847337e-04,1.493843514e+00,0.000000000e+00,1.342197229e-01,2.238129e-16,5.928594e-17,4.906539e-18,1.654218e-03
7.990000,3.324344983e-02,2.497427135e-01,1.320682991e-01,1.245470928e-01,1.828408891e-04,1.501255230e+00,0.000000000e+00,1.328171119e-01,6.661428e-16,4.291469e-17,9.356256e-17,1.662019e-03
8.000000,3.311370358e-02,2.484254315e-01,1.313903395e-01,1.238935532e-01,1.781944118e-04,1.509996675e+00,0.000000000e+00,1.314288649e-01,5.722090e-16,9.720645e-17,6.992894e-17,1.653597e-03
8.010000,3.298721373e-02,2.471149113e-01,1.307155834e-01,1.232433150e-01,1.737393913e-04,1.520162090e+00,0.000000000e+00,1.300548409e-01,3.330759e-16,8.441529e-17,1.112389e-16,1.658378e-03
8.020000,3.286391731e-02,2.458111211e-01,1.300440199e-01,1.225963635e-01,1.694700702e-04,1.531853988e+00,0.000000000e+00,1.286949001e-01,4.586138e-16,4.177767e-17,1.001343e-16,1.647657e-03
8.030000,3.274375291e-02,2.445140293e-01,1.293756384e-01,1.219526841e-01,1.653808375e-04,1.545184006e+00,0.000000000e+00,1.273489040e-01,2.238062e-16,3.273070e-17,5.647850e-17,1.647778e-03
8.040000,3.262666071e-02,2.432236044e-01,1.287104280e-01,1.213122623e-01,1.614662222e-04,1.560273874e+00,0.000000000e+00,1.260167155e-01,5.668008e-16,4.220764e-17,2.453269e-17,1.647047e-03
8.050000,3.251258239e-02,2.419398149e-01,1.280483781e-01,1.206750833e-01,1.577208884e-04,1.577256509e+00,0.000000000e+00,1.246981984e-01,1.110900e-16,6.834018e-17,1.110765e-17,1.655368e-03
8.060000,3.240146112e-02,2.406626294e-01,1.273894781e-01,1.200411328e-01,1.541396295e-04,1.596277251e+00,0.000000000e+00,1.233932182e-01,5.204170e-18,1.387779e-17,1.551584e-17,1.649697e-03
8.070000,3.229324153e-02,2.393920167e-01,1.267337174e-01,1.194103962e-01,1.507173641e-04,1.617495276e+00,0.000000000e+00,1.221016411e-01,6.776022e-16,6.206335e-17,8.086491e-17,1.659769e-03
8.080000,3.218786965e-02,2.381279457e-01,1.260810856e-01,1.187828591e-01,1.474491314e-04,1.641085214e+00,0.000000000e+00,1.208233350e-01,2.786378e-17,4.177767e-17,7.063542e-17,1.647828e-03
8.090000,3.208529288e-02,2.368703853e-01,1.254315724e-01,1.181585071e-01,1.443300878e-04,1.667239005e+00,0.000000000e+00,1.195581687e-01,2.289112e-16,7.219451e-17,3.659403e-17,1.662368e-03
8.100000,3.198545995e-02,2.356193045e-01,1.247851674e-01,1.175373257e-01,1.413555040e-04,1.696168040e+00,0.000000000e+00,1.183060123e-01,2.544077e-16,5.647850e-17,1.179740e-17,1.653778e-03
8.110000,3.188832087e-02,2.343746726e-01,1.241418606e-01,1.169193006e-01,1.385207617e-04,1.728105643e+00,0.000000000e+00,1.170667371e-01,7.855406e-16,1.482148e-16,1.280204e-16,1.650807e-03
8.120000,3.179382687e-02,2.331364587e-01,1.235016419e-01,1.163044175e-01,1.358213517e-04,1.763309958e+00,0.000000000e+00,1.158402156e-01,5.551115e-16,3.103168e-17,1.061057e-16,1.661489e-03
8.130000,3.170193039e-02,2.319046323e-01,1.228645016e-01,1.156926621e-01,1.332528721e-04,1.802067324e+00,0.000000000e+00,1.146263215e-01,8.968118e-16,7.244418e-17,1.844036e-16,1.658648e-03
8.140000,3.161258499e-02,2.306791629e-01,1.222304300e-01,1.150840202e-01,1.308110262e-04,1.844696239e+00,0.000000000e+00,1.134249295e-01,1.387887e-16,7.376145e-17,6.601073e-17,1.654167e-03
8.150000,3.152574532e-02,2.294600199e-01,1.215994176e-01,1.144784775e-01,1.284916217e-04,1.891552026e+00,0.000000000e+00,1.122359157e-01,1.144523e-16,1.010318e-16,3.045663e-17,1.647197e-03
8.160000,3.144136709e-02,2.282471730e-01,1.209714555e-01,1.138760198e-01,1.262905693e-04,1.943032370e+00,0.000000000e+00,1.110591572e-01,5.721985e-16,2.428613e-17,2.567347e-16,1.647327e-03
8.170000,3.135940698e-02,2.270405920e-01,1.203465345e-01,1.132766331e-01,1.242038813e-04,1.999583901e+00,0.000000000e+00,1.098945324e-01,2.237995e-16,1.210335e-16,6.594231e-17,1.650087e-03
8.180000,3.127982264e-02,2.258402467e-01,1.197246464e-01,1.126803031e-01,1.222276709e-04,2.061710072e+00,0.000000000e+00,1.087419206e-01,2.498062e-16,8.355535e-17,1.416458e-16,1.645386e-03
8.190000,3.120257259e-02,2.246461071e-01,1.191057829e-01,1.120870158e-01,1.203581500e-04,2.129980619e+00,0.000000000e+00,1.076012025e-01,6.661524e-16,4.718958e-17,3.157244e-17,1.648787e-03
8.200000,3.112761623e-02,2.234581432e-01,1.184899364e-01,1.114967571e-01,1.185916278e-04,2.205043001e+00,0.000000000e+00,1.064722598e-01,4.475620e-16,9.739202e-17,9.088693e-17,1.668660e-03
8.210000,3.105491374e-02,2.222763251e-01,1.178770998e-01,1.109095131e-01,1.169245078e-04,2.287636291e+00,0.000000000e+00,1.053549755e-01,4.475763e-16,4.060884e-17,7.913458e-17,1.667009e-03
8.220000,3.098442610e-02,2.211006230e-01,1.172672667e-01,1.103252697e-01,1.153532839e-04,2.378608143e+00,0.000000000e+00,1.042492334e-01,6.661683e-16,1.110765e-16,8.301336e-17,1.665869e-03
8.230000,3.091611497e-02,2.199310073e-01,1.166604313e-01,1.097440129e-01,1.138745361e-04,2.478935656e+00,0.000000000e+00,1.031549188e-01,6.713626e-16,5.561947e-17,8.441974e-17,1.658549e-03
8.240000,3.084994274e-02,2.187674482e-01,1.160565888e-01,1.091657289e-01,1.124849228e-04,2.589751166e+00,0.000000000e+00,1.020719180e-01,1.570979e-16,5.551115e-17,3.473131e-16,1.655688e-03
8.250000,3.078587244e-02,2.176099163e-01,1.154557357e-01,1.085904036e-01,1.111811725e-04,2.712374365e+00,0.000000000e+00,1.010001184e-01,6.753602e-16,5.647850e-17,8.184972e-17,1.652448e-03
8.260000,3.072386773e-02,2.164583821e-01,1.148578693e-01,1.080180233e-01,1.099600712e-04,2.848352555e+00,0.000000000e+00,9.993940862e-02,4.440926e-16,1.110765e-16,1.743483e-16,1.652637e-03
8.270000,3.066389287e-02,2.153128161e-01,1.142629889e-01,1.074485740e-01,1.088184472e-04,2.999511485e+00,0.000000000e+00,9.888967846e-02,5.558293e-16,1.015665e-16,3.209238e-17,1.652598e-03
8.280000,3.060591271e-02,2.141731890e-01,1.136710954e-01,1.068820419e-01,1.077531500e-04,3.168020010e+00,0.000000000e+00,9.785081887e-02,6.684681e-16,1.031541e-16,2.823925e-17,1.649027e-03
8.290000,3.054989271e-02,2.130394716e-01,1.130821920e-01,1.063184131e-01,1.067610239e-04,3.356473015e+00,0.000000000e+00,9.682272204e-02,1.146625e-16,2.501854e-17,1.867791e-16,1.656038e-03
8.300000,3.049579890e-02,2.119116344e-01,1.124962847e-01,1.057576739e-01,1.058388731e-04,3.567998605e+00,0.000000000e+00,9.580528140e-02,5.579240e-16,9.934984e-17,3.817377e-16,1.651738e-03
8.310000,3.044359795e-02,2.107896484e-01,1.119133828e-01,1.051998104e-01,1.049834172e-04,3.806397872e+00,0.000000000e+00,9.479839166e-02,2.238415e-16,3.469447e-18,1.312585e-16,1.654848e-03
8.320000,3.039325715e-02,2.096734843e-01,1.113334999e-01,1.046448087e-01,1.041912325e-04,4.076328747e+00,0.000000000e+00,9.380194891e-02,2.238398e-16,5.204170e-17,1.995479e-16,1.650988e-03
8.330000,3.034474454e-02,2.085631129e-01,1.107566547e-01,1.040926551e-01,1.034586767e-04,4.383550093e+00,0.000000000e+00,9.281585066e-02,2.238331e-16,6.397344e-17,1.508811e-16,1.655738e-03
8.340000,3.029802894e-02,2.074585050e-01,1.101828723e-01,1.035433356e-01,1.027817896e-04,4.735248907e+00,0.000000000e+00,9.183999597e-02,2.288886e-16,9.106885e-17,4.087658e-17,1.648587e-03
8.350000,3.025308015e-02,2.063596312e-01,1.096121862e-01,1.029968364e-01,1.021561633e-04,5.140483357e+00,0.000000000e+00,9.087428557e-02,4.449864e-16,1.470325e-16,9.389967e-17,1.653267e-03
8.360000,3.020986905e-02,2.052664622e-01,1.090446404e-01,1.024531434e-01,1.015767700e-04,5.610789054e+00,0.000000000e+00,8.991862208e-02,4.475600e-16,6.938894e-18,6.305738e-16,1.764171e-03
8.370000,3.016836792e-02,2.041789684e-01,1.084802925e-01,1.019122427e-01,1.010377330e-04,6.161018045e+00,0.000000000e+00,8.897291026e-02,2.238537e-16,1.429227e-16,3.971911e-17,1.647207e-03
8.380000,3.012855076e-02,2.030971202e-01,1.079192181e-01,1.013741201e-01,1.005320167e-04,6.810513867e+00,0.000000000e+00,8.803705742e-02,2.544211e-16,2.501854e-17,3.024158e-16,1.649077e-03
8.390000,3.009039376e-02,2.020208875e-01,1.073615167e-01,1.008387613e-01,1.000510064e-04,7.584778770e+00,0.000000000e+00,8.711097389e-02,6.753312e-16,1.366804e-16,3.262987e-16,1.659688e-03
8.400000,3.005387596e-02,2.009502401e-01,1.068073202e-01,1.003061518e-01,9.958392770e-05,8.517873067e+00,0.000000000e+00,8.619457386e-02,5.076104e-18,5.721958e-17,4.175471e-16,1.662769e-03
8.410000,3.001898017e-02,1.998851471e-01,1.062568055e-01,9.977627695e-02,9.911703688e-05,9.655923036e+00,0.000000000e+00,8.528777649e-02,4.449963e-16,5.815853e-17,4.231090e-16,1.666569e-03
8.420000,2.998569420e-02,1.988255772e-01,1.057102134e-01,9.924912167e-02,9.863247300e-05,1.106234120e+01,0.000000000e+00,8.439050766e-02,2.498965e-16,1.682950e-16,2.468067e-16,1.703763e-03
8.430000,2.995401272e-02,1.977714979e-01,1.051678783e-01,9.872467046e-02,9.810660680e-05,1.282575279e+01,0.000000000e+00,8.350270278e-02,2.237861e-16,2.444976e-16,5.056540e-16,1.655088e-03
8.440000,2.992393981e-02,1.967228758e-01,1.046302758e-01,9.820290725e-02,9.750762386e-05,1.507231159e+01,0.000000000e+00,8.262431131e-02,1.387996e-16,4.579801e-17,9.136988e-17,1.645227e-03
8.450000,2.989549287e-02,1.956796759e-01,1.040981037e-01,9.768381513e-02,9.679192310e-05,1.798534969e+01,0.000000000e+00,8.175530446e-02,5.576131e-17,1.430490e-17,4.098098e-16,1.634125e-03
8.460000,2.986870837e-02,1.946418608e-01,1.035724245e-01,9.716737615e-02,9.589864664e-05,2.183770260e+01,0.000000000e+00,8.089568904e-02,4.450151e-16,8.500145e-17,7.291123e-16,1.638686e-03
8.470000,2.984365086e-02,1.936093904e-01,1.030549318e-01,9.665357081e-02,9.474121003e-05,2.704680554e+01,0.000000000e+00,8.004553330e-02,2.289194e-16,1.050188e-16,4.143085e-16,1.635915e-03
8.480000,2.982042730e-02,1.925822200e-01,1.025484759e-01,9.614237746e-02,9.319394895e-05,3.427255978e+01,0.000000000e+00,7.920501839e-02,1.571487e-16,8.121767e-17,7.055272e-16,1.636486e-03
8.490000,2.979962798e-02,1.915602715e-01,1.021142779e-01,9.563375772e-02,9.036508546e-05,4.000000000e+01,0.000000000e+00,7.838025312e-02,7.776579e-16,2.532043e-16,3.302098e-16,1.641057e-03
8.500000,2.986026341e-02,1.921192463e-01,1.880697975e-01,9.591196038e-02,7.772847424e-05,3.312219880e+01,0.000000000e+00,9.127800585e-02,2.498544e-16,2.389892e-16,2.575641e-16,1.630146e-03
8.510000,3.011002445e-02,1.959206728e-01,5.198255587e-01,9.780373661e-02,4.020457510e-04,3.267680725e+01,0.000000000e+00,2.116351660e-01,1.112288e-16,2.830524e-16,1.675840e-15,1.636025e-03
8.520000,3.060885743e-02,2.027658507e-01,8.472061584e-01,1.012093372e-01,1.018933717e-03,3.243382367e+01,0.000000000e+00,4.408340827e-01,1.242842e-16,2.482534e-16,1.498865e-15,1.640656e-03
8.530000,3.145175823e-02,2.126845639e-01,1.173142245e+00,1.061419634e-01,1.947870529e-03,4.000000000e+01,0.000000000e+00,7.782906483e-01,4.441333e-16,1.942890e-16,6.753223e-16,1.637515e-03
8.540000,3.275303262e-02,2.256839006e-01,1.500429625e+00,1.126026275e-01,3.225901570e-03,4.000000000e+01,0.000000000e+00,1.227162595e+00,5.668221e-16,8.326673e-17,1.786950e-15,1.646077e-03
8.550000,3.463239541e-02,2.417378929e-01,1.772614184e+00,1.205748595e-01,4.890609578e-03,3.251484800e+01,0.000000000e+00,1.687578241e+00,6.667389e-16,2.220446e-16,5.164700e-16,1.636095e-03
8.560000,3.721091844e-02,2.610147478e-01,2.108391895e+00,1.301372185e-01,6.985984062e-03,3.266225504e+01,0.000000000e+00,2.358534188e+00,3.433219e-16,3.140185e-16,8.989551e-16,1.641676e-03
8.570000,4.057486317e-02,2.834572807e-01,2.449966855e+00,1.412546326e-01,9.550410334e-03,4.358225797e+01,0.000000000e+00,3.161521448e+00,2.483140e-16,6.684428e-16,5.311767e-16,1.648727e-03
8.580000,4.477788073e-02,3.080394800e-01,2.590493929e+00,1.534115171e-01,1.262794651e-02,4.000000000e+01,0.000000000e+00,3.544885866e+00,5.558158e-16,2.288783e-16,2.302877e-15,1.643126e-03
8.590000,4.981381829e-02,3.341810927e-01,2.725275698e+00,1.663141239e-01,1.626121743e-02,3.337484994e+01,0.000000000e+00,3.936962335e+00,2.288915e-16,2.482534e-16,1.777996e-15,1.640727e-03
8.600000,5.566088682e-02,3.619909949e-01,2.928276731e+00,1.800088984e-01,2.049590895e-02,3.369626493e+01,0.000000000e+00,4.549988594e+00,4.611429e-16,6.661338e-16,9.347697e-16,1.647037e-03
8.610000,6.186041080e-02,3.899659260e-01,2.767234138e+00,1.937498208e-01,2.491594986e-02,3.696755131e+01,0.000000000e+00,4.134070768e+00,3.510833e-16,1.110223e-16,9.586729e-16,1.646747e-03
8.620000,6.781227083e-02,4.156877941e-01,2.538443181e+00,2.063506816e-01,2.897451351e-02,3.288328894e+01,0.000000000e+00,3.569207900e+00,2.482534e-16,8.950904e-16,2.684843e-15,1.641936e-03
8.630000,7.347896904e-02,4.393036795e-01,2.326339774e+00,2.178898412e-01,3.269201650e-02,2.944080423e+01,0.000000000e+00,3.094286379e+00,2.483080e-16,4.577567e-16,1.358788e-15,1.645617e-03
8.640000,7.884801108e-02,4.609575033e-01,2.129729841e+00,2.284436418e-01,3.608972990e-02,2.653406581e+01,0.000000000e+00,2.695786326e+00,5.561947e-17,2.220446e-16,9.809152e-16,1.641076e-03
8.650000,8.392000498e-02,4.807860897e-01,1.947502592e+00,2.380843874e-01,3.918822386e-02,2.406902563e+01,0.000000000e+00,2.362142312e+00,4.475998e-16,2.220446e-16,7.243421e-16,1.632304e-03
8.660000,8.870270374e-02,4.989184853e-01,1.778625336e+00,2.468799766e-01,4.200714219e-02,2.196631728e+01,0.000000000e+00,2.083468626e+00,4.577969e-16,1.665335e-16,6.674336e-16,1.627754e-03
8.670000,9.320769269e-02,5.154757991e-01,1.622138397e+00,2.548938248e-01,4.456512483e-02,2.016073144e+01,0.000000000e+00,1.851321787e+00,5.578997e-16,4.710277e-16,1.111003e-15,1.631714e-03
8.680000,9.744848538e-02,5.305713206e-01,1.477150242e+00,2.621849461e-01,4.687979086e-02,1.859942818e+01,0.000000000e+00,1.658495704e+00,4.475958e-16,1.241267e-16,2.221530e-16,1.631945e-03
8.690000,1.014394019e-01,5.443107904e-01,1.342832883e+00,2.688081227e-01,4.896775033e-02,1.723985235e+01,0.000000000e+00,1.498845255e+00,1.110359e-16,2.989367e-16,7.947987e-16,1.627025e-03
8.700000,1.051948983e-01,5.567927490e-01,1.218417555e+00,2.748141209e-01,5.084463146e-02,1.604777604e+01,0.000000000e+00,1.367134490e+00,1.110765e-16,2.288783e-16,1.040834e-16,1.646007e-03
8.710000,1.088670581e-01,5.685896503e-01,1.202966566e+00,2.804806522e-01,5.264981007e-02,4.000000000e+01,0.000000000e+00,1.375095470e+00,4.476259e-16,1.570092e-16,5.594315e-16,1.630905e-03
8.720000,1.126316207e-01,5.803044807e-01,1.196241434e+00,2.860981051e-01,5.453223937e-02,4.000000000e+01,0.000000000e+00,1.394103911e+00,6.684677e-16,2.220446e-16,1.387779e-17,1.633255e-03
8.730000,1.164883491e-01,5.919989417e-01,1.229345559e+00,2.916960006e-01,5.647503689e-02,4.156901189e+01,0.000000000e+00,1.461853145e+00,1.570862e-16,1.665335e-16,9.714451e-17,1.630325e-03
8.740000,1.204026339e-01,6.048444911e-01,1.270350768e+00,2.978333970e-01,5.842915290e-02,4.000000000e+01,0.000000000e+00,1.543845123e+00,8.951172e-16,1.665335e-16,4.632459e-16,1.622824e-03
8.750000,1.242344521e-01,6.168504611e-01,1.197863760e+00,3.035585530e-01,6.036506547e-02,3.492628550e+01,0.000000000e+00,1.483772683e+00,8.899182e-16,2.482534e-16,1.118863e-16,1.631945e-03
8.760000,1.279383326e-01,6.274706945e-01,1.024957699e+00,3.086137965e-01,6.226312971e-02,4.242758397e+01,0.000000000e+00,1.318222524e+00,4.577969e-16,2.482534e-16,2.409955e-16,1.636596e-03
8.770000,1.314981712e-01,6.368071080e-01,9.414937871e-01,3.130507573e-01,6.410312788e-02,3.457051931e+01,0.000000000e+00,1.260085177e+00,6.866538e-16,1.241267e-16,5.594315e-16,1.630875e-03
8.780000,1.348918497e-01,6.447085349e-01,7.636184538e-01,3.168004409e-01,6.586851655e-02,3.432391415e+01,0.000000000e+00,1.129166018e+00,2.220734e-16,2.558938e-16,3.873525e-16,1.654267e-03
8.790000,1.380972999e-01,6.508913954e-01,5.905215458e-01,3.197311199e-01,6.754700191e-02,4.353837618e+01,0.000000000e+00,1.028682540e+00,4.577717e-16,0.000000e+00,7.505561e-16,1.630015e-03
8.800000,1.411090950e-01,6.555348148e-01,4.724230420e-01,3.219300954e-01,6.912481218e-02,3.837800703e+01,0.000000000e+00,9.789295732e-01,3.705371e-18,1.118863e-16,3.466844e-16,1.636686e-03
8.810000,1.439092165e-01,6.584588395e-01,3.577866881e-01,3.233139307e-01,7.059290888e-02,3.358263593e+01,0.000000000e+00,9.401277096e-01,2.221953e-16,8.694409e-17,5.627353e-16,1.637296e-03
8.820000,1.464869901e-01,6.594369154e-01,2.981802304e-01,3.237766646e-01,7.194826049e-02,4.465102639e+01,0.000000000e+00,9.245187707e-01,4.871647e-16,2.797158e-16,4.355503e-16,1.642056e-03
8.830000,1.488419316e-01,6.586253169e-01,3.377927777e-01,3.233926977e-01,7.318580036e-02,3.891128799e+01,0.000000000e+00,9.365639668e-01,3.511358e-16,1.144392e-16,8.791215e-16,1.647497e-03
8.840000,1.509630984e-01,6.558461625e-01,4.716056020e-01,3.220774778e-01,7.430642149e-02,3.279122484e+01,0.000000000e+00,9.852486899e-01,2.001802e-16,5.551115e-17,1.208452e-15,1.655378e-03
8.850000,1.528529861e-01,6.510344351e-01,6.745728028e-01,3.197988847e-01,7.531574459e-02,3.252367841e+01,0.000000000e+00,1.091074537e+00,5.627166e-17,3.103168e-16,4.964614e-16,1.650957e-03
8.860000,1.545020336e-01,6.441125904e-01,8.893341462e-01,3.165178024e-01,7.621844430e-02,4.577491516e+01,0.000000000e+00,1.243399776e+00,3.682939e-16,3.140185e-16,1.191920e-16,1.643726e-03
8.870000,1.559174497e-01,6.352357634e-01,1.107082313e+00,3.123044792e-01,7.702208145e-02,4.596111627e+01,0.000000000e+00,1.440547534e+00,1.113606e-16,5.795534e-16,8.972835e-16,1.645726e-03
8.880000,1.570964371e-01,6.242842608e-01,1.265726665e+00,3.070979577e-01,7.773966377e-02,3.937845549e+01,0.000000000e+00,1.603852883e+00,2.989480e-16,2.288783e-16,3.344475e-16,1.644856e-03
8.890000,1.580392753e-01,6.112633957e-01,1.482730818e+00,3.008956583e-01,7.838510536e-02,3.194825071e+01,0.000000000e+00,1.872704715e+00,4.611135e-16,1.241267e-16,3.303498e-16,1.643697e-03
8.900000,1.587464497e-01,5.961420764e-01,1.699764292e+00,2.936768504e-01,7.897604906e-02,3.192531520e+01,0.000000000e+00,2.184465795e+00,4.578388e-16,0.000000e+00,1.114059e-15,1.643986e-03
8.910000,1.592130220e-01,5.788889143e-01,1.917664594e+00,2.854198355e-01,7.953159621e-02,4.000000000e+01,0.000000000e+00,2.541036806e+00,4.577641e-16,0.000000e+00,8.881788e-16,1.642596e-03
8.920000,1.594427328e-01,5.595465620e-01,2.171531458e+00,2.761377519e-01,8.007501589e-02,4.631298386e+01,0.000000000e+00,3.019086967e+00,5.589102e-17,4.965068e-16,1.908196e-17,1.639396e-03
8.930000,1.594396295e-01,5.382450808e-01,2.335977357e+00,2.658856641e-01,8.063127431e-02,3.221334766e+01,0.000000000e+00,3.345967816e+00,4.476066e-16,1.110223e-16,1.339657e-15,1.637495e-03
8.940000,1.591928768e-01,5.148107359e-01,2.564854603e+00,2.545722630e-01,8.123245776e-02,3.240095079e+01,0.000000000e+00,3.860485561e+00,1.111633e-15,6.753223e-16,1.868999e-15,1.643837e-03
8.950000,1.587747038e-01,4.904395017e-01,2.527359986e+00,2.427695074e-01,8.186238507e-02,1.993694841e+01,0.000000000e+00,3.718882120e+00,4.579144e-16,2.220446e-16,4.494775e-16,1.640086e-03
8.960000,1.583435225e-01,4.678125866e-01,2.348690790e+00,2.317792010e-01,8.237171998e-02,1.912853191e+01,0.000000000e+00,3.242227800e+00,1.112465e-16,3.140185e-16,4.780414e-16,1.647117e-03
8.970000,1.579083753e-01,4.469031778e-01,2.183059208e+00,2.215967133e-01,8.275502735e-02,1.836678836e+01,0.000000000e+00,2.830501736e+00,4.476042e-16,2.220446e-16,8.931047e-16,1.644927e-03
8.980000,1.574715762e-01,4.275818442e-01,2.029514625e+00,2.121660321e-01,8.301991680e-02,1.764752208e+01,0.000000000e+00,2.474718660e+00,2.775967e-16,0.000000e+00,1.352995e-15,1.640896e-03
8.990000,1.570347217e-01,4.097280760e-01,1.887177278e+00,2.034340429e-01,8.317407680e-02,1.696720414e+01,0.000000000e+00,2.167145735e+00,4.441792e-16,2.775558e-16,6.883509e-16,1.644497e-03
9.000000,1.566097350e-01,3.928726868e-01,1.848288100e+00,1.951754559e-01,8.328923813e-02,4.000000000e+01,0.000000000e+00,2.068328896e+00,2.545834e-16,2.288783e-16,3.053113e-16,1.638716e-03
9.010000,1.562086179e-01,3.763890233e-01,1.826323460e+00,1.870855909e-01,8.346149735e-02,4.000000000e+01,0.000000000e+00,2.003463410e+00,3.512365e-16,5.551115e-17,8.942563e-16,1.639716e-03
9.020000,1.558211475e-01,3.603492124e-01,1.795263169e+00,1.792013559e-01,8.366062860e-02,4.000000000e+01,0.000000000e+00,1.924382737e+00,4.578076e-16,1.665335e-16,2.817738e-16,1.636326e-03
9.030000,1.554404843e-01,3.448437765e-01,1.753863657e+00,1.715688267e-01,8.385699239e-02,4.000000000e+01,0.000000000e+00,1.829761723e+00,1.114165e-16,4.577567e-16,8.891537e-16,1.642436e-03
9.040000,1.550637075e-01,3.299723560e-01,1.700506786e+00,1.642386967e-01,8.402317480e-02,4.000000000e+01,0.000000000e+00,1.718135612e+00,4.440908e-16,4.475452e-16,1.115091e-15,1.642456e-03
9.050000,1.546921346e-01,3.158452969e-01,1.633035707e+00,1.572670462e-01,8.413338771e-02,4.000000000e+01,0.000000000e+00,1.587893616e+00,4.450494e-16,2.288783e-16,1.114465e-15,1.645906e-03
9.060000,1.543319011e-01,3.025857230e-01,1.548548198e+00,1.507163513e-01,8.416244354e-02,4.000000000e+01,0.000000000e+00,1.437390645e+00,1.246819e-16,5.551115e-17,2.326341e-16,1.655228e-03
9.070000,1.539947439e-01,2.903298251e-01,1.444935019e+00,1.446556097e-01,8.408448549e-02,3.587489400e+01,0.000000000e+00,1.267882174e+00,3.609454e-16,3.608225e-16,4.518280e-16,1.639456e-03
9.080000,1.536899691e-01,2.791295956e-01,1.342346407e+00,1.391121573e-01,8.388688671e-02,2.723767437e+01,0.000000000e+00,1.112060554e+00,4.444964e-16,4.002966e-16,1.619901e-16,1.640697e-03
9.090000,1.534171421e-01,2.689074382e-01,1.247331734e+00,1.340489805e-01,8.357748251e-02,2.104858199e+01,0.000000000e+00,9.775528256e-01,5.559168e-16,1.777224e-16,1.226929e-15,1.642177e-03
9.100000,1.531748188e-01,2.595812297e-01,1.159348057e+00,1.294265215e-01,8.316513788e-02,1.655154556e+01,0.000000000e+00,8.613852754e-01,3.526412e-16,3.376612e-16,1.185719e-15,1.644936e-03
9.110000,1.529613954e-01,2.510741439e-01,1.077892484e+00,1.252075969e-01,8.265821024e-02,1.336169942e+01,0.000000000e+00,7.610006795e-01,1.005771e-15,7.791361e-16,2.420670e-16,1.649257e-03
9.120000,1.527751541e-01,2.433144612e-01,1.002498871e+00,1.213573550e-01,8.206457911e-02,1.130508227e+01,0.000000000e+00,6.741996153e-01,1.243391e-16,5.214799e-16,7.386582e-16,1.645847e-03
9.130000,1.526142978e-01,2.362353916e-01,9.327349133e-01,1.178432285e-01,8.139167080e-02,1.030009326e+01,0.000000000e+00,5.990902539e-01,1.783332e-16,2.860979e-16,1.778578e-16,1.645687e-03
9.140000,1.524769797e-01,2.297749045e-01,8.681995086e-01,1.146348833e-01,8.064648097e-02,1.022894786e+01,0.000000000e+00,5.340452843e-01,2.503005e-16,1.887583e-16,6.989450e-16,1.647537e-03
9.150000,1.523613267e-01,2.238755569e-01,8.085203418e-01,1.117041602e-01,7.983559606e-02,1.087322953e+01,0.000000000e+00,4.776649060e-01,2.625710e-16,4.518280e-16,2.139206e-15,1.656757e-03
9.160000,1.522654597e-01,2.184843178e-01,7.533516496e-01,1.090250086e-01,7.896521401e-02,1.196994381e+01,0.000000000e+00,4.287450142e-01,1.588316e-16,4.163336e-17,3.184529e-16,1.649806e-03
9.170000,1.521875102e-01,2.135523844e-01,7.023721505e-01,1.065734125e-01,7.804116426e-02,1.328545412e+01,0.000000000e+00,3.862498434e-01,4.653249e-16,2.694579e-16,3.043636e-16,1.641366e-03
9.180000,1.521256341e-01,2.090349877e-01,6.552831301e-01,1.043273079e-01,7.706892672e-02,1.463316119e+01,0.000000000e+00,3.492884433e-01,9.155797e-16,2.482534e-16,8.417610e-16,1.647776e-03
9.190000,1.520780232e-01,2.048911890e-01,6.118066830e-01,1.022664924e-01,7.605364946e-02,1.586246356e+01,0.000000000e+00,3.170944532e-01,5.901671e-16,3.376612e-16,1.059409e-15,1.650667e-03
9.200000,1.520429138e-01,2.010836665e-01,5.716841142e-01,1.003725283e-01,7.500016484e-02,1.685100808e+01,0.000000000e+00,2.890087165e-01,1.928296e-16,3.043636e-16,1.517462e-16,1.649547e-03
9.210000,1.520185942e-01,1.975784948e-01,5.346745010e-01,9.862863990e-02,7.391300390e-02,1.750706818e+01,0.000000000e+00,2.644643370e-01,1.389514e-16,3.821435e-16,7.994196e-16,1.652526e-03
9.220000,1.520034091e-01,1.943449198e-01,5.005534094e-01,9.701960716e-02,7.279640905e-02,1.777727548e+01,0.000000000e+00,2.429738286e-01,3.775185e-16,3.365900e-16,1.859637e-16,1.644026e-03
9.230000,1.519957634e-01,1.913551316e-01,4.691117425e-01,9.553165741e-02,7.165434551e-02,1.765286044e+01,0.000000000e+00,2.241180559e-01,1.890254e-16,3.582109e-16,7.473417e-17,1.647986e-03
9.240000,1.519941236e-01,1.885840391e-01,4.401546892e-01,9.415235683e-02,7.049051204e-02,1.716941929e+01,0.000000000e+00,2.075367039e-01,2.550353e-16,2.860979e-16,1.060454e-15,1.648147e-03
9.250000,1.519970198e-01,1.860090497e-01,4.135007378e-01,9.287050377e-02,6.930835166e-02,1.639879172e+01,0.000000000e+00,1.929200547e-01,2.260805e-16,3.510833e-16,6.389813e-16,1.648147e-03
9.260000,1.520030465e-01,1.836098570e-01,3.889807288e-01,9.167602527e-02,6.811106291e-02,1.543508226e+01,0.000000000e+00,1.800018877e-01,3.433791e-16,1.756788e-16,8.280284e-16,1.652427e-03
9.270000,1.520108633e-01,1.813682379e-01,3.664369366e-01,9.055987826e-02,6.690161184e-02,1.437860194e+01,0.000000000e+00,1.685533520e-01,7.856914e-16,3.376790e-16,3.793615e-16,1.648807e-03
9.280000,1.520191958e-01,1.792678626e-01,3.457221830e-01,8.951395607e-02,6.568274483e-02,1.332117986e+01,0.000000000e+00,1.583776843e-01,2.483276e-16,5.101975e-16,3.456412e-16,1.648826e-03
9.290000,1.520268368e-01,1.772941158e-01,3.266989928e-01,8.853100099e-02,6.445700173e-02,1.233489213e+01,0.000000000e+00,1.493056616e-01,2.294087e-16,4.458746e-16,6.664590e-17,1.652227e-03
9.300000,1.520326468e-01,1.754339318e-01,3.092388045e-01,8.760452287e-02,6.322672925e-02,1.146515415e+01,0.000000000e+00,1.411916928e-01,2.812664e-17,2.514332e-16,1.347289e-16,1.651286e-03
9.310000,1.520355543e-01,1.736756415e-01,2.932212394e-01,8.672872404e-02,6.199409424e-02,1.072886969e+01,0.000000000e+00,1.339104620e-01,4.518431e-16,1.388212e-16,2.383841e-16,1.640216e-03
9.320000,1.520345564e-01,1.720088334e-01,2.785334369e-01,8.589843024e-02,6.076109648e-02,1.011819124e+01,0.000000000e+00,1.273540470e-01,2.778605e-17,1.241267e-16,6.751886e-16,1.649396e-03
9.330000,1.520287180e-01,1.704242248e-01,2.650694558e-01,8.510902752e-02,5.952958116e-02,9.609346409e+00,0.000000000e+00,1.214294490e-01,2.482694e-16,5.721958e-17,2.871478e-16,1.647277e-03
9.340000,1.520171715e-01,1.689135463e-01,2.527297482e-01,8.435640466e-02,5.830125063e-02,9.174136942e+00,0.000000000e+00,1.160564735e-01,4.518397e-16,4.454424e-16,6.147582e-16,1.657877e-03
9.350000,1.519991153e-01,1.674694354e-01,2.414207123e-01,8.363690095e-02,5.707767555e-02,8.790665513e+00,0.000000000e+00,1.111659181e-01,1.186593e-16,2.107029e-16,9.583527e-16,1.649907e-03
9.360000,1.519738121e-01,1.660853416e-01,2.310543321e-01,8.294725880e-02,5.586030525e-02,8.450455836e+00,0.000000000e+00,1.066980237e-01,3.043664e-16,3.152475e-16,2.916193e-16,1.643637e-03
9.370000,1.519405869e-01,1.647554392e-01,2.215479087e-01,8.228458081e-02,5.465047720e-02,8.160581762e+00,0.000000000e+00,1.026011531e-01,4.582174e-16,1.619901e-16,2.613394e-16,1.645686e-03
9.380000,1.518988240e-01,1.634745494e-01,2.128238793e-01,8.164629091e-02,5.344942536e-02,7.940593421e+00,0.000000000e+00,9.883066493e-02,2.006552e-16,4.034118e-16,8.233196e-16,1.643985e-03
9.390000,1.518479645e-01,1.622380689e-01,2.048097111e-01,8.103009914e-02,5.225828752e-02,7.814922355e+00,0.000000000e+00,9.534795352e-02,3.337169e-16,5.956774e-16,1.812383e-15,1.646886e-03
9.400000,1.517875029e-01,1.610419057e-01,1.974378481e-01,8.043396981e-02,5.107811147e-02,7.802822151e+00,0.000000000e+00,9.211962771e-02,4.825637e-16,4.974756e-16,3.806443e-16,1.646576e-03
9.410000,1.517169840e-01,1.598824219e-01,1.906456815e-01,7.985609278e-02,4.990986008e-02,7.909656862e+00,0.000000000e+00,8.911680543e-02,2.607422e-16,2.593107e-16,1.018495e-15,1.640316e-03
9.420000,1.516359995e-01,1.587563804e-01,1.843755133e-01,7.929485750e-02,4.875441550e-02,8.123567928e+00,0.000000000e+00,8.631450461e-02,4.428406e-16,1.531379e-16,2.312914e-16,1.647637e-03
9.430000,1.515441852e-01,1.576608994e-01,1.785744903e-01,7.874882982e-02,4.761258266e-02,8.418698857e+00,0.000000000e+00,8.369111409e-02,1.601970e-16,3.956729e-16,2.178857e-16,1.644776e-03
9.440000,1.514412185e-01,1.565934095e-01,1.731944896e-01,7.821673124e-02,4.648509222e-02,8.762307111e+00,0.000000000e+00,8.122793237e-02,4.495344e-16,2.317593e-16,5.040767e-16,1.647417e-03
9.450000,1.513268156e-01,1.555516176e-01,1.681919518e-01,7.769742054e-02,4.537260327e-02,9.121817371e+00,0.000000000e+00,7.890876462e-02,5.558254e-16,2.665441e-16,5.697609e-16,1.647836e-03
9.460000,1.512007291e-01,1.545334737e-01,1.635276619e-01,7.718987750e-02,4.427570600e-02,9.469470966e+00,0.000000000e+00,7.671957075e-02,2.482543e-16,1.565582e-16,2.691730e-16,1.641275e-03
9.470000,1.510627470e-01,1.535371425e-01,1.591664888e-01,7.669318864e-02,4.319492425e-02,9.784314133e+00,0.000000000e+00,7.464815889e-02,4.965148e-16,6.384631e-16,8.687090e-16,1.641346e-03
9.480000,1.509126897e-01,1.525609778e-01,1.550770936e-01,7.620653469e-02,4.213071837e-02,1.005230974e+01,0.000000000e+00,7.268391936e-02,4.679583e-16,7.540208e-16,1.259109e-16,1.656347e-03
9.490000,1.507504096e-01,1.516035008e-01,1.512316229e-01,7.572917964e-02,4.108348802e-02,1.026545820e+01,0.000000000e+00,7.081759498e-02,3.472374e-16,2.734171e-16,1.012161e-15,1.652517e-03
9.500000,1.505757890e-01,1.506633810e-01,1.476053954e-01,7.526046121e-02,4.005357530e-02,1.042055299e+01,0.000000000e+00,6.904108370e-02,3.524714e-16,2.516485e-16,6.156216e-16,1.648456e-03
9.510000,1.503887386e-01,1.497394191e-01,1.441765949e-01,7.479978247e-02,3.904126781e-02,1.051792279e+01,0.000000000e+00,6.734726966e-02,2.518282e-16,1.255759e-16,1.221841e-16,1.637206e-03
9.520000,1.501891967e-01,1.488305326e-01,1.409259757e-01,7.434660457e-02,3.804680192e-02,1.056032490e+01,0.000000000e+00,6.572987929e-02,4.081742e-16,1.846177e-16,3.088831e-16,1.658538e-03
9.530000,1.499771275e-01,1.479357426e-01,1.378365853e-01,7.390044032e-02,3.707036599e-02,1.055204689e+01,0.000000000e+00,6.418335904e-02,2.918315e-16,2.593296e-16,4.020743e-16,1.652597e-03
9.540000,1.497525199e-01,1.470541630e-01,1.348935077e-01,7.346084865e-02,3.611210359e-02,1.049821791e+01,0.000000000e+00,6.270277169e-02,2.989417e-16,2.262401e-16,7.943821e-17,1.648786e-03
9.550000,1.495153861e-01,1.461849903e-01,1.320836290e-01,7.302742961e-02,3.517211665e-02,1.040430613e+01,0.000000000e+00,6.128370865e-02,3.927744e-16,4.165651e-16,1.653092e-16,1.647196e-03
9.560000,1.492657605e-01,1.453274951e-01,1.293954247e-01,7.259982009e-02,3.425046855e-02,1.027576954e+01,0.000000000e+00,5.992221574e-02,2.371692e-16,1.079195e-16,5.629231e-16,1.642746e-03
9.570000,1.490036983e-01,1.444810140e-01,1.268187681e-01,7.217768993e-02,3.334718704e-02,1.011782709e+01,0.000000000e+00,5.861473043e-02,2.832238e-17,1.923554e-16,1.974310e-16,1.642816e-03
9.580000,1.487292742e-01,1.436449433e-01,1.243447599e-01,7.176073859e-02,3.246226707e-02,9.935320435e+00,0.000000000e+00,5.735802874e-02,1.119544e-16,1.961561e-16,1.495489e-16,1.647717e-03
9.590000,1.484425811e-01,1.428187324e-01,1.219655753e-01,7.134869208e-02,3.159567353e-02,9.732641351e+00,0.000000000e+00,5.614918036e-02,6.939029e-17,2.708978e-16,1.697909e-16,1.641136e-03
9.600000,1.481437293e-01,1.420018790e-01,1.196743295e-01,7.094130034e-02,3.074734368e-02,9.513705011e+00,0.000000000e+00,5.498551046e-02,4.596523e-16,1.163688e-16,2.578852e-16,1.655087e-03
9.610000,1.478328447e-01,1.411939238e-01,1.174649580e-01,7.053833480e-02,2.991718964e-02,9.281953920e+00,0.000000000e+00,5.386456747e-02,6.685919e-16,1.757323e-16,5.233182e-17,1.649746e-03
9.620000,1.475100679e-01,1.403944467e-01,1.153321115e-01,7.013958631e-02,2.910510056e-02,9.040381151e+00,0.000000000e+00,5.278409554e-02,3.105061e-17,2.872225e-16,1.373420e-16,1.646647e-03
9.630000,1.471755533e-01,1.396030624e-01,1.132710633e-01,6.974486322e-02,2.831094474e-02,8.791564759e+00,0.000000000e+00,5.174201119e-02,9.003629e-16,1.088746e-16,4.745864e-16,1.658928e-03
9.640000,1.468294676e-01,1.388194178e-01,1.112776276e-01,6.935398969e-02,2.753457158e-02,8.537707657e+00,0.000000000e+00,5.073638334e-02,4.546019e-16,1.386070e-16,4.880596e-17,1.652957e-03
9.650000,1.464719891e-01,1.380431881e-01,1.093480885e-01,6.896680416e-02,2.677581344e-02,8.280679127e+00,0.000000000e+00,4.976541632e-02,3.935405e-16,1.820969e-16,2.619465e-16,1.654427e-03
9.660000,1.461033064e-01,1.372740747e-01,1.074791373e-01,6.858315804e-02,2.603448727e-02,8.022055485e+00,0.000000000e+00,4.882743522e-02,8.979037e-16,3.265015e-17,3.989873e-16,1.649616e-03
9.670000,1.457236178e-01,1.365118026e-01,1.056678180e-01,6.820291442e-02,2.531039625e-02,7.763158416e+00,0.000000000e+00,4.792087343e-02,3.072616e-16,2.319382e-17,9.699338e-17,1.648837e-03
9.680000,1.453331300e-01,1.357561179e-01,1.039114797e-01,6.782594704e-02,2.460333123e-02,7.505090169e+00,0.000000000e+00,4.704426181e-02,2.861190e-16,7.979286e-17,1.301686e-16,1.651077e-03
9.690000,1.449320577e-01,1.350067863e-01,1.022077348e-01,6.745213930e-02,2.391307211e-02,7.248765264e+00,0.000000000e+00,4.619621944e-02,1.804916e-16,1.580367e-16,2.162846e-16,1.654587e-03
9.700000,1.445206221e-01,1.342635911e-01,1.005544230e-01,6.708138334e-02,2.323938909e-02,6.994938663e+00,0.000000000e+00,4.537544557e-02,4.460564e-16,2.102249e-16,1.102684e-16,1.649727e-03
9.710000,1.440990509e-01,1.335263314e-01,9.894958012e-02,6.671357929e-02,2.258204386e-02,6.744230568e+00,0.000000000e+00,4.458071264e-02,1.526655e-16,1.775493e-16,8.921607e-17,1.649987e-03
9.720000,1.436675769e-01,1.327948211e-01,9.739141059e-02,6.634863453e-02,2.194079066e-02,6.497148083e+00,0.000000000e+00,4.381086021e-02,3.521842e-16,1.665494e-16,1.306006e-16,1.656157e-03
9.730000,1.432264378e-01,1.320688873e-01,9.587826397e-02,6.598646304e-02,2.131537732e-02,6.254104053e+00,0.000000000e+00,4.306478967e-02,3.359647e-16,4.910371e-17,9.319700e-17,1.653197e-03
9.740000,1.427758753e-01,1.313483691e-01,9.440861462e-02,6.562698487e-02,2.070554619e-02,6.015433418e+00,0.000000000e+00,4.234145955e-02,2.259956e-16,1.843878e-16,1.302206e-16,1.645276e-03
9.750000,1.423161343e-01,1.306331169e-01,9.298104410e-02,6.527012554e-02,2.011103498e-02,5.781407390e+00,0.000000000e+00,4.163988141e-02,6.979393e-16,1.149183e-16,3.640854e-17,1.646486e-03
9.760000,1.418474627e-01,1.299229911e-01,9.159422606e-02,6.491581563e-02,1.953157759e-02,5.552245777e+00,0.000000000e+00,4.095911626e-02,4.745294e-16,4.523242e-17,2.257179e-16,1.645866e-03
9.770000,1.413701107e-01,1.292178612e-01,9.024691326e-02,6.456399031e-02,1.896690483e-02,5.328127732e+00,0.000000000e+00,4.029827126e-02,4.443293e-16,3.088587e-17,1.449669e-16,1.646176e-03
9.780000,1.408843302e-01,1.285176054e-01,8.893792647e-02,6.421458899e-02,1.841674509e-02,5.109201177e+00,0.000000000e+00,3.965649690e-02,4.496960e-16,4.177992e-17,7.296286e-17,1.642036e-03
9.790000,1.403903744e-01,1.278221096e-01,8.766614494e-02,6.386755494e-02,1.788082503e-02,4.895591151e+00,0.000000000e+00,3.903298431e-02,3.140883e-16,1.249485e-16,1.100730e-16,1.648726e-03
9.800000,1.398884974e-01,1.271312669e-01,8.643049834e-02,6.352283498e-02,1.735887010e-02,4.687407263e+00,0.000000000e+00,3.842696300e-02,1.110799e-16,1.548285e-16,2.465505e-17,1.644926e-03
9.810000,1.393789537e-01,1.264449767e-01,8.522995990e-02,6.318037920e-02,1.685060508e-02,4.484750450e+00,0.000000000e+00,3.783769869e-02,2.517502e-16,6.275086e-17,8.995612e-17,1.644515e-03
9.820000,1.388619976e-01,1.257631448e-01,8.406354057e-02,6.284014069e-02,1.635575464e-02,4.287719179e+00,0.000000000e+00,3.726449136e-02,4.679529e-16,4.841907e-17,1.055654e-16,1.643246e-03
9.830000,1.383378835e-01,1.250856824e-01,8.293028418e-02,6.250207532e-02,1.587404370e-02,4.096415221e+00,0.000000000e+00,3.670667348e-02,3.053958e-16,9.781042e-17,1.018218e-16,1.648546e-03
9.840000,1.378068648e-01,1.244125056e-01,8.182926328e-02,6.216614151e-02,1.540519793e-02,3.910949125e+00,0.000000000e+00,3.616360835e-02,4.654899e-16,5.031866e-17,1.572445e-16,1.649666e-03
9.850000,1.372691940e-01,1.237435357e-01,8.075957578e-02,6.183230002e-02,1.494894408e-02,3.731445444e+00,0.000000000e+00,3.563468858e-02,6.674342e-16,1.140441e-16,1.387453e-16,1.643646e-03
9.860000,1.367251224e-01,1.230786980e-01,7.972034205e-02,6.150051381e-02,1.450501036e-02,3.558047776e+00,0.000000000e+00,3.511933467e-02,3.555213e-16,3.447040e-16,2.395901e-16,1.714684e-03
9.870000,1.361748997e-01,1.224179220e-01,7.871070265e-02,6.117074787e-02,1.407312674e-02,3.390923632e+00,0.000000000e+00,3.461699368e-02,6.697450e-16,1.796602e-16,1.162273e-16,1.650057e-03
9.880000,1.356187739e-01,1.217611409e-01,7.772981637e-02,6.084296903e-02,1.365302528e-02,3.230269073e+00,0.000000000e+00,3.412713801e-02,8.909981e-16,2.084269e-16,6.708610e-17,1.648916e-03
9.890000,1.350569909e-01,1.211082916e-01,7.677685870e-02,6.051714589e-02,1.324444034e-02,3.076313001e+00,0.000000000e+00,3.364926418e-02,1.717382e-16,1.240559e-16,1.096655e-16,1.652996e-03
9.900000,1.344897944e-01,1.204593140e-01,7.585102061e-02,6.019324865e-02,1.284710886e-02,2.929320904e+00,0.000000000e+00,3.318289178e-02,9.723063e-17,1.893835e-16,1.258422e-16,1.659887e-03
9.910000,1.339174257e-01,1.198141512e-01,7.495150758e-02,5.987124904e-02,1.246077060e-02,2.789597697e+00,0.000000000e+00,3.272756237e-02,5.678512e-16,1.198051e-16,1.671940e-16,1.658798e-03
9.920000,1.333401235e-01,1.191727490e-01,7.407753886e-02,5.955112018e-02,1.208516828e-02,2.657489174e+00,0.000000000e+00,3.228283854e-02,2.288886e-16,1.931950e-16,1.657092e-16,1.655807e-03
9.930000,1.327581238e-01,1.185350560e-01,7.322834686e-02,5.923283650e-02,1.172004779e-02,2.533381377e+00,0.000000000e+00,3.184830292e-02,2.425203e-16,8.074104e-17,3.075553e-16,1.657017e-03
9.940000,1.321716598e-01,1.179010230e-01,7.240317683e-02,5.891637369e-02,1.136515839e-02,2.417697017e+00,0.000000000e+00,3.142355732e-02,2.951478e-16,1.207054e-16,9.355553e-17,1.646516e-03
9.950000,1.315809615e-01,1.172706035e-01,7.160128651e-02,5.860170855e-02,1.102025276e-02,2.310887903e+00,0.000000000e+00,3.100822184e-02,5.733943e-17,8.920085e-17,2.377347e-17,1.653387e-03
9.960000,1.309862559e-01,1.166437529e-01,7.082194603e-02,5.828881901e-02,1.068508720e-02,2.213422295e+00,0.000000000e+00,3.060193410e-02,6.697583e-16,1.320592e-16,2.006307e-16,1.647146e-03
9.970000,1.303877666e-01,1.160204287e-01,7.006443778e-02,5.797768399e-02,1.035942173e-02,2.125766282e+00,0.000000000e+00,3.020434840e-02,2.372742e-16,1.306935e-16,3.066857e-16,1.646275e-03
9.980000,1.297857142e-01,1.154005904e-01,6.932805644e-02,5.766828339e-02,1.004302017e-02,2.048358760e+00,0.000000000e+00,2.981513501e-02,2.239142e-16,1.094269e-16,6.750706e-17,1.651536e-03
9.990000,1.291803154e-01,1.147841993e-01,6.861210901e-02,5.736059799e-02,9.735650207e-03,1.981580576e+00,0.000000000e+00,2.943397944e-02,2.372329e-16,1.616112e-16,1.088686e-16,1.643706e-03
