t,pos_err,ori_err_geodesic,e_xi_norm,e_z_O_norm,e_z_T_norm,qddot_ref_norm,tau_norm,V,c0,c1,c2,runtime
0.000000,4.971004415e-16,7.884953353e-08,0.000000000e+00,3.300040363e-18,5.242539844e-16,1.775974742e-03,3.902507981e+01,2.198825043e-30,7.790215e-16,0.000000e+00,0.000000e+00,7.105456e-03
0.010000,3.476583956e-07,3.264680848e-07,1.239302421e-04,1.595774288e-07,5.306298913e-07,2.270350574e-01,3.934704888e+01,7.681808720e-09,2.297651e-16,1.296880e-19,2.182754e-22,6.961206e-03
0.020000,6.388896622e-07,5.915592087e-07,1.142487308e-04,2.935270705e-07,9.754250464e-07,2.268790819e-01,3.934641228e+01,6.534687147e-09,4.447562e-16,9.012446e-20,1.515958e-21,6.948986e-03
0.030000,8.774478120e-07,8.090658164e-07,1.052491769e-04,4.037775930e-07,1.340333632e-06,2.267013910e-01,3.934543806e+01,5.554370866e-09,7.376328e-17,7.050246e-19,2.711829e-21,6.978006e-03
0.040000,1.066909684e-06,9.866324280e-07,9.689012361e-05,4.921193849e-07,1.630972612e-06,2.265017739e-01,3.934412644e+01,4.717066052e-09,2.935940e-16,2.264796e-19,9.470116e-22,6.998976e-03
0.050000,1.210681108e-06,1.120662432e-06,8.913252703e-05,5.602145377e-07,1.852644640e-06,2.262800327e-01,3.934247766e+01,4.002272747e-09,2.423666e-16,8.927261e-19,3.054021e-21,6.953336e-03
0.060000,1.312003011e-06,1.220076650e-06,8.193960951e-05,6.096061052e-07,2.010354133e-06,2.260359818e-01,3.934049197e+01,3.392354950e-09,2.310013e-16,5.432962e-19,9.122824e-21,6.964076e-03
0.070000,1.373957478e-06,1.284614924e-06,7.527672250e-05,6.417266950e-07,2.108822562e-06,2.257694485e-01,3.933816965e+01,2.872164042e-09,4.497514e-16,9.265472e-19,1.702515e-20,6.993506e-03
0.080000,1.399473768e-06,1.318731719e-06,6.911121850e-05,6.579064397e-07,2.152503008e-06,2.254802725e-01,3.933551101e+01,2.428709142e-09,1.112049e-15,7.203267e-19,3.788046e-20,6.991736e-03
0.090000,1.391334338e-06,1.320078051e-06,6.341233131e-05,6.593803929e-07,2.145593997e-06,2.251683063e-01,3.933251640e+01,2.050868730e-09,2.785386e-17,7.867764e-19,1.355253e-20,6.983276e-03
0.100000,1.352180920e-06,1.295287240e-06,5.815106442e-05,6.472953916e-07,2.092052678e-06,2.248334146e-01,3.932918620e+01,1.729138552e-09,2.228820e-16,1.412006e-18,5.789642e-20,6.978256e-03
0.110000,1.284520842e-06,1.245294953e-06,5.330008676e-05,6.227164236e-07,1.995607341e-06,2.244754744e-01,3.932552080e+01,1.455411420e-09,8.892383e-16,1.087775e-18,4.079851e-20,6.991876e-03
0.120000,1.190733905e-06,1.175209531e-06,4.883363587e-05,5.866325392e-07,1.859769349e-06,2.240943752e-01,3.932152065e+01,1.222785034e-09,3.366019e-16,8.612255e-19,5.587850e-20,6.997906e-03
0.130000,1.073080658e-06,1.081951550e-06,4.472742784e-05,5.399623393e-07,1.687844494e-06,2.236900185e-01,3.931718624e+01,1.025394428e-09,2.289965e-16,6.219783e-19,2.443217e-20,6.948066e-03
0.140000,9.337142338e-07,9.684608465e-07,4.095857422e-05,4.835590791e-07,1.482943831e-06,2.232623176e-01,3.931251809e+01,8.582660155e-10,2.221792e-16,3.178934e-18,8.571371e-20,7.014275e-03
0.150000,7.747023645e-07,8.392410183e-07,3.750550543e-05,4.182154354e-07,1.247994103e-06,2.228111978e-01,3.930751674e+01,7.171906164e-10,1.180032e-16,2.145766e-18,8.677852e-20,7.025316e-03
0.160000,5.980844003e-07,6.938246922e-07,3.434790084e-05,3.446680016e-07,9.857479983e-07,2.223365962e-01,3.930218281e+01,5.986131073e-10,5.624061e-16,2.086044e-18,4.886433e-20,6.996716e-03
0.170000,4.060917253e-07,5.314515382e-07,3.146662537e-05,2.636017420e-07,6.987953995e-07,2.218384611e-01,3.929651693e+01,4.995366631e-10,2.294219e-16,1.581935e-18,6.910460e-20,6.972586e-03
0.180000,2.027578607e-07,3.551356580e-07,2.884367258e-05,1.756554365e-07,3.895843581e-07,2.213167524e-01,3.929051978e+01,4.174397703e-10,1.214398e-17,3.299484e-18,8.677852e-20,6.967916e-03
0.190000,6.466146907e-08,1.763129170e-07,2.646211414e-05,8.143918591e-08,6.085160641e-08,2.207714410e-01,3.928419209e+01,3.502044245e-10,4.536716e-16,1.734935e-18,9.583084e-20,6.983606e-03
0.200000,2.651540217e-07,7.300048300e-08,2.430605535e-05,1.890806961e-08,2.870293361e-07,2.202025088e-01,3.927753463e+01,2.960541102e-10,2.292011e-16,4.866551e-18,8.677852e-20,6.971586e-03
0.210000,5.038052955e-07,2.528810911e-07,2.236059608e-05,1.239008693e-07,6.499413000e-07,2.196099485e-01,3.927054821e+01,2.535003294e-10,4.445768e-16,1.436887e-18,1.654297e-19,6.982466e-03
0.220000,7.530599346e-07,4.749708608e-07,2.061179615e-05,2.338767355e-07,1.026884724e-06,2.189937633e-01,3.926323368e+01,2.212965949e-10,7.792330e-16,3.241095e-18,2.672976e-19,6.967226e-03
0.230000,1.010208466e-06,6.989264130e-07,1.904664356e-05,3.481869059e-07,1.416057293e-06,2.183539669e-01,3.925559195e+01,1.983989345e-10,6.835857e-17,1.039521e-17,3.833234e-20,6.975556e-03
0.240000,1.273755229e-06,9.343871717e-07,1.765302302e-05,4.664125103e-07,1.815803269e-06,2.176905831e-01,3.924762396e+01,1.839320680e-10,9.714658e-17,5.797964e-18,2.116972e-19,7.008646e-03
0.250000,1.542491441e-06,1.178605553e-06,1.641968194e-05,5.881704736e-07,2.224578207e-06,2.170036456e-01,3.923933071e+01,1.771605191e-10,4.531617e-16,4.272637e-18,2.557086e-19,6.950736e-03
0.260000,1.815342322e-06,1.427403690e-06,1.533619012e-05,7.131057366e-07,2.640939608e-06,2.162931980e-01,3.923071322e+01,1.774640182e-10,1.346389e-16,4.690976e-18,3.090452e-19,6.962766e-03
0.270000,2.091324404e-06,1.682709958e-06,1.439288943e-05,8.408883990e-07,3.063540568e-06,2.155592933e-01,3.922177259e+01,1.843166260e-10,1.273112e-16,1.909704e-18,5.427783e-19,6.977086e-03
0.280000,2.369528789e-06,1.943330811e-06,1.358083034e-05,9.712116875e-07,3.491124265e-06,2.148019939e-01,3.921250995e+01,1.972690826e-10,2.222296e-16,9.572959e-18,1.954573e-19,6.897046e-03
0.290000,2.649112543e-06,2.208792444e-06,1.289169397e-05,1.103790221e-06,3.922518870e-06,2.140213714e-01,3.920292645e+01,2.159339439e-10,2.312134e-16,1.143644e-18,3.636525e-19,6.896176e-03
0.300000,2.929293170e-06,2.477001519e-06,1.231770108e-05,1.238358444e-06,4.356632775e-06,2.132175062e-01,3.919302334e+01,2.399731262e-10,4.546017e-16,5.827035e-18,2.498963e-19,6.900337e-03
0.310000,3.209344467e-06,2.749254145e-06,1.185151280e-05,1.374669187e-06,4.792450076e-06,2.123904874e-01,3.918280186e+01,2.690875226e-10,8.893285e-16,9.346106e-18,8.314671e-19,6.927396e-03
0.320000,3.488593078e-06,3.025926524e-06,1.148613143e-05,1.512492348e-06,5.229026308e-06,2.115404128e-01,3.917226333e+01,3.030084015e-10,6.690751e-16,1.626529e-18,5.561492e-19,6.918196e-03
0.330000,3.766415459e-06,3.304431190e-06,1.121481181e-05,1.651613656e-06,5.665484393e-06,2.106673882e-01,3.916140912e+01,3.414903306e-10,8.882898e-16,4.152672e-18,4.631714e-19,6.937506e-03
0.340000,4.042235109e-06,3.584093258e-06,1.103099304e-05,1.791833542e-06,6.101010812e-06,2.097715277e-01,3.915024062e+01,3.843054067e-10,2.225970e-16,2.812664e-18,2.168404e-19,6.938986e-03
0.350000,4.315519994e-06,3.866614454e-06,1.092825797e-05,1.932966083e-06,6.534851960e-06,2.088529531e-01,3.913875928e+01,4.312385954e-10,5.565435e-16,6.744966e-18,3.160965e-19,6.917796e-03
0.360000,4.585780132e-06,4.150341224e-06,1.090032225e-05,2.074838028e-06,6.966310708e-06,2.079117940e-01,3.912696659e+01,4.820840144e-10,4.482054e-16,6.654884e-18,5.421011e-20,6.914197e-03
0.370000,4.852565306e-06,4.434641651e-06,1.094104949e-05,2.217287884e-06,7.394743130e-06,2.069481873e-01,3.911486410e+01,5.366420142e-10,4.512014e-16,4.877874e-18,6.060874e-19,6.909016e-03
0.380000,5.115462896e-06,4.720823329e-06,1.104448461e-05,2.360165088e-06,7.819555409e-06,2.059622774e-01,3.910245339e+01,5.947169285e-10,1.277705e-16,1.253802e-17,7.589415e-19,6.909337e-03
0.390000,5.374095815e-06,5.006967553e-06,1.120489553e-05,2.503329217e-06,8.240200904e-06,2.049542156e-01,3.908973608e+01,6.561153867e-10,9.890768e-17,2.884142e-18,2.235140e-19,6.906236e-03
0.400000,5.628120546e-06,5.293667662e-06,1.141681396e-05,2.646649272e-06,8.656177369e-06,2.039241601e-01,3.907671385e+01,7.206450926e-10,2.244703e-16,4.681020e-19,1.084202e-19,6.919336e-03
0.410000,5.877225274e-06,5.580360524e-06,1.167506867e-05,2.790003003e-06,9.067024318e-06,2.028722758e-01,3.906338842e+01,7.881139882e-10,2.269399e-16,6.268773e-18,3.909147e-19,6.937826e-03
0.420000,6.121128101e-06,5.866895813e-06,1.197480729e-05,2.933276292e-06,9.472320538e-06,2.017987341e-01,3.904976155e+01,8.583297343e-10,2.220622e-16,5.884248e-18,4.470280e-19,6.937886e-03
0.430000,6.359575351e-06,6.152862501e-06,1.231150614e-05,3.076362572e-06,9.871681719e-06,2.007037127e-01,3.903583504e+01,9.310994447e-10,2.348108e-16,2.046432e-18,4.997925e-19,6.930736e-03
0.440000,6.592339951e-06,6.438681225e-06,1.268096917e-05,3.219162293e-06,1.026475822e-05,1.995873953e-01,3.902161074e+01,1.006229627e-09,4.453660e-16,1.206175e-17,1.116254e-18,6.971076e-03
0.450000,6.819219889e-06,6.723380152e-06,1.307931828e-05,3.361582426e-06,1.065123296e-05,1.984499718e-01,3.900709055e+01,1.083526284e-09,1.544259e-16,1.018115e-17,1.212175e-18,6.925786e-03
0.460000,7.040036752e-06,7.007349280e-06,1.350297774e-05,3.503536002e-06,1.103081941e-05,1.972916377e-01,3.899227639e+01,1.162795135e-09,2.298402e-16,3.718434e-18,5.421011e-19,6.932746e-03
0.470000,7.254634324e-06,7.290125657e-06,1.394865504e-05,3.644941686e-06,1.140325969e-05,1.961125940e-01,3.897717025e+01,1.243841939e-09,1.787166e-16,1.179867e-17,1.035683e-18,6.944356e-03
0.480000,7.462877262e-06,7.571784267e-06,1.441332012e-05,3.785723380e-06,1.176832278e-05,1.949130475e-01,3.896177415e+01,1.326472879e-09,4.517541e-16,8.797459e-18,6.942281e-19,6.904966e-03
0.490000,7.664649830e-06,7.851823269e-06,1.489418441e-05,3.925809856e-06,1.212580285e-05,1.936932098e-01,3.894609014e+01,1.410494987e-09,2.438035e-16,1.859217e-18,6.505213e-19,6.922487e-03
0.500000,7.859854699e-06,8.130573879e-06,1.538868068e-05,4.065134415e-06,1.247551762e-05,1.924532981e-01,3.893012033e+01,1.495716608e-09,2.391669e-16,3.855021e-18,4.848700e-19,6.934937e-03
0.510000,8.048411806e-06,8.407530417e-06,1.589444408e-05,4.203634570e-06,1.281730686e-05,1.911935342e-01,3.891386686e+01,1.581947867e-09,4.458828e-16,4.607859e-19,3.428548e-19,6.929136e-03
0.520000,8.230257271e-06,8.682813415e-06,1.640929486e-05,4.341251754e-06,1.315103098e-05,1.899141448e-01,3.889733192e+01,1.669001139e-09,5.581023e-16,2.552053e-18,4.848700e-19,6.931536e-03
0.530000,8.405342367e-06,8.955982175e-06,1.693122265e-05,4.477931048e-06,1.347656962e-05,1.886153616e-01,3.888051772e+01,1.756691511e-09,2.365676e-16,3.604055e-18,1.172744e-18,6.930766e-03
0.540000,8.573632545e-06,9.227609491e-06,1.745837243e-05,4.613620927e-06,1.379382044e-05,1.872974204e-01,3.886342654e+01,1.844837228e-09,4.508498e-16,1.359607e-17,3.909147e-19,6.937256e-03
0.550000,8.735106510e-06,9.496939190e-06,1.798903187e-05,4.748273029e-06,1.410269788e-05,1.859605616e-01,3.884606067e+01,1.933260108e-09,6.704948e-16,1.034863e-17,4.848700e-19,6.943597e-03
0.560000,8.889755339e-06,9.763888511e-06,1.852162013e-05,4.881841936e-06,1.440313202e-05,1.846050300e-01,3.882842246e+01,2.021785947e-09,1.558907e-16,1.332910e-17,6.505213e-19,6.931806e-03
0.570000,9.037581657e-06,1.002878039e-05,1.905467777e-05,5.014284972e-06,1.469506749e-05,1.832310744e-01,3.881051429e+01,2.110244872e-09,3.378870e-16,1.929035e-17,8.741117e-19,6.947026e-03
0.580000,9.178598847e-06,1.029134218e-05,1.958685770e-05,5.145562019e-06,1.497846252e-05,1.818389478e-01,3.879233857e+01,2.198471681e-09,1.381819e-16,2.245797e-17,1.517883e-18,6.961656e-03
0.590000,9.312830308e-06,1.055141113e-05,2.011691708e-05,5.275635343e-06,1.525328790e-05,1.804289072e-01,3.877389777e+01,2.286306136e-09,7.155045e-17,8.651949e-18,1.212175e-18,6.968155e-03
0.600000,9.440308750e-06,1.080916716e-05,2.064370994e-05,5.404469431e-06,1.551952613e-05,1.790012133e-01,3.875519438e+01,2.373593230e-09,3.385431e-16,1.834484e-17,4.336809e-19,6.969236e-03
0.610000,9.561075529e-06,1.106433043e-05,2.116618052e-05,5.532030847e-06,1.577717058e-05,1.775561306e-01,3.873623092e+01,2.460183414e-09,9.077295e-16,3.085813e-18,1.264386e-18,6.952366e-03
0.620000,9.675180025e-06,1.131684087e-05,2.168335717e-05,5.658288088e-06,1.602622465e-05,1.760939275e-01,3.871700997e+01,2.545932794e-09,5.875594e-16,4.469047e-18,9.263427e-19,6.950586e-03
0.630000,9.782679046e-06,1.156664184e-05,2.219434677e-05,5.783211462e-06,1.626670103e-05,1.746148759e-01,3.869753412e+01,2.630703293e-09,4.586162e-16,6.226911e-18,9.697399e-19,6.962666e-03
0.640000,9.883636269e-06,1.181371728e-05,2.269832956e-05,5.906772965e-06,1.649862103e-05,1.731192512e-01,3.867780602e+01,2.714362783e-09,3.031799e-16,1.964322e-18,1.089610e-18,6.946886e-03
0.650000,9.978121720e-06,1.205808740e-05,2.319455442e-05,6.028946173e-06,1.672201383e-05,1.716073323e-01,3.865782833e+01,2.796785185e-09,3.339710e-16,7.925112e-18,1.552341e-18,6.950566e-03
0.660000,1.006621128e-05,1.229948019e-05,2.368233449e-05,6.149706140e-06,1.693691595e-05,1.700794018e-01,3.863760376e+01,2.877850542e-09,1.544063e-16,6.075403e-18,5.421011e-19,6.915716e-03
0.670000,1.014798620e-05,1.253810303e-05,2.416104299e-05,6.269029303e-06,1.714337058e-05,1.685357454e-01,3.861713506e+01,2.957445065e-09,4.481253e-16,1.947343e-17,4.848700e-19,6.920486e-03
0.680000,1.022353270e-05,1.277400685e-05,2.463010950e-05,6.386893394e-06,1.734142707e-05,1.669766525e-01,3.859642499e+01,3.035461148e-09,5.601118e-16,1.939995e-17,1.748223e-18,6.915226e-03
0.690000,1.029294154e-05,1.300662261e-05,2.508901633e-05,6.503277360e-06,1.753114041e-05,1.654024156e-01,3.857547637e+01,3.111797374e-09,2.222466e-16,4.645968e-18,3.909147e-19,6.927726e-03
0.700000,1.035630762e-05,1.323645917e-05,2.553729520e-05,6.618161284e-06,1.771257070e-05,1.638133308e-01,3.855429203e+01,3.186358479e-09,7.152697e-17,9.739469e-18,2.105140e-18,6.903976e-03
0.710000,1.041372965e-05,1.346316409e-05,2.597452414e-05,6.731526322e-06,1.788578273e-05,1.622096975e-01,3.853287484e+01,3.259055316e-09,1.257425e-16,1.180838e-17,1.105674e-18,6.909927e-03
0.720000,1.046530980e-05,1.368686054e-05,2.640032448e-05,6.843354632e-06,1.805084555e-05,1.605918186e-01,3.851122771e+01,3.329804787e-09,2.256396e-16,1.751792e-18,1.226635e-18,6.934546e-03
0.730000,1.051115338e-05,1.390747016e-05,2.681435815e-05,6.953629315e-06,1.820783204e-05,1.589600003e-01,3.848935356e+01,3.398529767e-09,2.985110e-16,5.207064e-18,1.264386e-18,6.929776e-03
0.740000,1.055136856e-05,1.412485463e-05,2.721632508e-05,7.062334364e-06,1.835681856e-05,1.573145525e-01,3.846725537e+01,3.465159010e-09,5.556474e-16,2.484954e-17,6.857097e-19,6.892436e-03
0.750000,1.058606610e-05,1.433906773e-05,2.760596073e-05,7.169454606e-06,1.849788458e-05,1.556557886e-01,3.844493612e+01,3.529627039e-09,1.304555e-16,1.100612e-17,2.893012e-18,6.910186e-03
0.760000,1.061535907e-05,1.455003586e-05,2.798303377e-05,7.274975660e-06,1.863111235e-05,1.539840256e-01,3.842239883e+01,3.591874034e-09,2.365657e-16,9.916487e-18,3.366269e-18,6.949096e-03
0.770000,1.063936266e-05,1.475792829e-05,2.834734397e-05,7.378883888e-06,1.875658660e-05,1.522995843e-01,3.839964655e+01,3.651845701e-09,1.168993e-16,1.007375e-17,1.999170e-18,7.029856e-03
0.780000,1.065819391e-05,1.496239835e-05,2.869872012e-05,7.481166358e-06,1.887439425e-05,1.506027893e-01,3.837668237e+01,3.709493135e-09,1.253747e-16,1.628454e-17,1.788112e-18,6.903076e-03
0.790000,1.067197157e-05,1.516376018e-05,2.903701809e-05,7.581810803e-06,1.898462413e-05,1.488939695e-01,3.835350939e+01,3.764772678e-09,2.109425e-16,7.638481e-18,4.848700e-19,6.971256e-03
0.800000,1.068081586e-05,1.536176022e-05,2.936211906e-05,7.680805588e-06,1.908736675e-05,1.471734578e-01,3.833013073e+01,3.817645769e-09,3.252650e-16,1.248673e-17,2.168404e-19,6.949656e-03
0.810000,1.068484834e-05,1.555632699e-05,2.967392776e-05,7.778139676e-06,1.918271403e-05,1.454415913e-01,3.830654956e+01,3.868078789e-09,2.221536e-16,1.855841e-17,1.371419e-18,6.937696e-03
0.820000,1.068419173e-05,1.574767236e-05,2.997237088e-05,7.873802600e-06,1.927075913e-05,1.436987121e-01,3.828276907e+01,3.916042906e-09,2.311700e-16,4.087834e-18,2.852091e-18,6.932296e-03
0.830000,1.067896981e-05,1.593568942e-05,3.025739557e-05,7.967784432e-06,1.935159620e-05,1.419451669e-01,3.825879246e+01,3.961513907e-09,2.235663e-16,2.640205e-18,1.105674e-18,6.964916e-03
0.840000,1.066930723e-05,1.612035690e-05,3.052896797e-05,8.060075760e-06,1.942532023e-05,1.401813074e-01,3.823462296e+01,4.004472042e-09,6.724567e-16,1.643508e-17,1.533293e-18,6.936406e-03
0.850000,1.065532946e-05,1.630143447e-05,3.078707187e-05,8.150667661e-06,1.949202687e-05,1.384074910e-01,3.821026383e+01,4.044901855e-09,1.249013e-16,1.493193e-17,1.318989e-18,6.929376e-03
0.860000,1.063716266e-05,1.647922913e-05,3.103170748e-05,8.239551684e-06,1.955181222e-05,1.366240806e-01,3.818571835e+01,4.082792020e-09,4.475604e-16,1.011509e-17,3.066587e-19,6.933106e-03
0.870000,1.061493358e-05,1.665355268e-05,3.126289016e-05,8.326719822e-06,1.960477277e-05,1.348314454e-01,3.816098984e+01,4.118135179e-09,2.372482e-16,1.122149e-17,6.857097e-19,6.908516e-03
0.880000,1.058876949e-05,1.682448664e-05,3.148064938e-05,8.412164501e-06,1.965100518e-05,1.330299610e-01,3.813608160e+01,4.150927772e-09,4.451215e-16,3.523657e-19,4.358439e-18,6.897426e-03
0.890000,1.055879814e-05,1.699189806e-05,3.168502758e-05,8.495878557e-06,1.969060619e-05,1.312200102e-01,3.811099700e+01,4.181169882e-09,2.607401e-16,1.607275e-17,4.527761e-18,6.937956e-03
0.900000,1.052514764e-05,1.715586420e-05,3.187607922e-05,8.577855222e-06,1.972367250e-05,1.294019831e-01,3.808573939e+01,4.208865069e-09,5.556519e-16,5.640196e-18,1.084202e-18,6.924906e-03
0.910000,1.048794649e-05,1.731635469e-05,3.205386984e-05,8.658088109e-06,1.975030066e-05,1.275762781e-01,3.806031217e+01,4.234020212e-09,6.756212e-16,2.192134e-17,1.788112e-18,6.910187e-03
0.920000,1.044732346e-05,1.747321116e-05,3.221847517e-05,8.736571198e-06,1.977058697e-05,1.257433022e-01,3.803471874e+01,4.256645355e-09,2.438144e-16,6.345131e-18,1.084202e-18,6.908806e-03
0.930000,1.040340762e-05,1.762668177e-05,3.236998030e-05,8.813298821e-06,1.978462740e-05,1.239034718e-01,3.800896253e+01,4.276753552e-09,2.277143e-16,2.310655e-17,2.135631e-18,6.945686e-03
0.940000,1.035632830e-05,1.777662940e-05,3.250847889e-05,8.888265656e-06,1.979251749e-05,1.220572135e-01,3.798304698e+01,4.294360718e-09,1.457399e-16,7.298511e-18,2.335443e-18,6.926066e-03
0.950000,1.030621508e-05,1.792301857e-05,3.263407249e-05,8.961466710e-06,1.979435227e-05,1.202049649e-01,3.795697557e+01,4.309485484e-09,5.030716e-17,2.354855e-17,1.788112e-18,6.919036e-03
0.960000,1.025319775e-05,1.806593578e-05,3.274686980e-05,9.032897309e-06,1.979022625e-05,1.183471755e-01,3.793075176e+01,4.322149050e-09,1.296469e-16,1.493299e-17,3.157244e-18,6.918497e-03
0.970000,1.019740637e-05,1.820521888e-05,3.284698606e-05,9.102553097e-06,1.978023326e-05,1.164843078e-01,3.790437906e+01,4.332375051e-09,1.668890e-16,4.304501e-18,2.168404e-18,6.921156e-03
0.980000,1.013897124e-05,1.834099908e-05,3.293454243e-05,9.170430015e-06,1.976446648e-05,1.146168382e-01,3.787786097e+01,4.340189418e-09,5.603035e-16,1.771734e-17,4.635519e-18,6.933466e-03
0.990000,1.007802292e-05,1.847323343e-05,3.300966546e-05,9.236524304e-06,1.974301836e-05,1.127452587e-01,3.785120102e+01,4.345620249e-09,5.587110e-16,8.549099e-18,1.226635e-18,6.983126e-03
1.000000,1.001469226e-05,1.860175880e-05,3.307248651e-05,9.300832490e-06,1.971598057e-05,1.108700776e-01,3.892840538e+01,4.348697681e-09,1.027020e-16,1.729891e-17,7.818293e-19,6.992356e-03
1.010000,2.171323417e-05,6.387564510e-05,1.058889917e-02,3.193781327e-05,4.866280135e-05,7.577109726e-02,3.879624764e+01,5.608949756e-05,1.111308e-16,5.022853e-18,3.496447e-18,6.960436e-03
1.020000,5.784652605e-05,1.993112212e-04,2.040745403e-02,9.965560630e-05,1.326353643e-04,1.545362926e-01,3.866663344e+01,2.084522770e-04,1.700057e-16,1.480254e-17,1.301043e-18,6.943486e-03
1.030000,1.159455052e-04,4.154975164e-04,2.949379021e-02,2.077487548e-04,2.668830737e-04,2.493059376e-01,3.853969115e+01,4.358569196e-04,2.517974e-16,1.052640e-17,2.335443e-18,6.961666e-03
1.040000,1.937107833e-04,7.058236745e-04,3.789788739e-02,3.529118284e-04,4.471865911e-04,3.415556074e-01,3.841552388e+01,7.207211151e-04,1.209412e-16,8.501141e-18,3.878960e-18,6.974516e-03
1.050000,2.892660214e-04,1.064658312e-03,4.566637489e-02,5.323291299e-04,6.698968248e-04,4.290407512e-01,3.829421232e+01,1.048565986e-03,2.242648e-16,7.468414e-18,8.673617e-19,6.951327e-03
1.060000,4.008911510e-04,1.486850832e-03,5.284275541e-02,7.434253465e-04,9.316394538e-04,5.114365505e-01,3.817581725e+01,1.407543466e-03,2.755997e-16,9.241194e-18,4.670886e-18,6.940616e-03
1.070000,5.269718351e-04,1.967640439e-03,5.946761780e-02,9.838200608e-04,1.229254456e-03,5.888343291e-01,3.806038186e+01,1.788030531e-03,2.220655e-16,9.040582e-18,5.485677e-18,6.940326e-03
1.080000,6.659855974e-04,2.502616078e-03,6.557883525e-02,1.251307712e-03,1.559774261e-03,6.614449436e-01,3.794793379e+01,2.182281150e-03,1.119972e-16,1.610031e-17,3.679904e-18,6.937426e-03
1.090000,8.164958088e-04,3.087687729e-03,7.121174966e-02,1.543843251e-03,1.920410526e-03,7.295147966e-01,3.783848698e+01,2.584128073e-03,5.594361e-16,1.472600e-17,6.938894e-18,6.960786e-03
1.100000,9.771478423e-04,3.719062006e-03,7.639934285e-02,1.859529931e-03,2.308543603e-03,7.932965656e-01,3.773204339e+01,2.988727595e-03,9.128569e-16,1.502940e-17,8.845389e-18,6.966396e-03
1.110000,1.146665958e-03,4.393220199e-03,8.117239577e-02,2.196608333e-03,2.721713199e-03,8.530377202e-01,3.762859445e+01,3.392341405e-03,2.359581e-16,1.263084e-17,1.939480e-18,6.943766e-03
1.120000,1.323850484e-03,5.106898175e-03,8.555963642e-02,2.553446313e-03,3.157609733e-03,9.089758066e-01,3.752812244e+01,3.792150390e-03,6.679617e-16,1.055191e-17,8.673617e-19,6.990126e-03
1.130000,1.507575146e-03,5.857067822e-03,8.958787742e-02,2.928529725e-03,3.614066233e-03,9.613366021e-01,3.743060170e+01,4.186095979e-03,3.530508e-16,1.281791e-17,5.275955e-18,6.959126e-03
1.140000,1.696784481e-03,6.640919885e-03,9.328214397e-02,3.320453841e-03,4.089050659e-03,1.010333581e+00,3.733599973e+01,4.572745184e-03,6.669065e-16,2.101927e-17,9.697399e-18,6.940066e-03
1.150000,1.890491329e-03,7.455848067e-03,9.666579279e-02,3.727915399e-03,4.580658639e-03,1.056168008e+00,3.724427814e+01,4.951176042e-03,2.396964e-16,2.984531e-17,2.453269e-18,6.940286e-03
1.160000,2.087774380e-03,8.299434280e-03,9.976062287e-02,4.149705230e-03,5.087106564e-03,1.099029333e+00,3.715539356e+01,5.320880592e-03,6.710668e-16,1.557029e-17,9.341772e-18,6.986996e-03
1.170000,2.287775786e-03,9.169434968e-03,1.025869785e-01,4.584701423e-03,5.606725032e-03,1.139095730e+00,3.706929837e+01,5.681682906e-03,1.023836e-16,3.529907e-17,5.485677e-18,7.000785e-03
1.180000,2.489698825e-03,1.006376843e-02,1.051638454e-01,5.031862979e-03,6.137952616e-03,1.176534694e+00,3.698594147e+01,6.033670047e-03,3.445150e-16,2.163873e-17,8.673617e-18,6.955516e-03
1.190000,2.692805638e-03,1.098050303e-02,1.075089395e-01,5.490223932e-03,6.679329945e-03,1.211503651e+00,3.690526884e+01,6.377134099e-03,5.567371e-16,1.848239e-17,1.354862e-17,6.933896e-03
1.200000,2.896415017e-03,1.191784630e-02,1.096387910e-01,5.958887882e-03,7.229494078e-03,1.244150553e+00,3.682722413e+01,6.712523681e-03,6.683007e-16,9.341772e-18,8.673617e-18,6.960696e-03
1.210000,3.099900267e-03,1.287413478e-02,1.115688211e-01,6.437022937e-03,7.787173157e-03,1.274614465e+00,3.675174914e+01,7.040403564e-03,2.361429e-16,1.767782e-17,3.878960e-18,6.951006e-03
1.220000,3.302687122e-03,1.384782466e-02,1.133134150e-01,6.923857009e-03,8.351181328e-03,1.303026106e+00,3.667878427e+01,7.361421208e-03,4.586341e-16,2.582701e-17,1.734723e-18,6.940746e-03
1.230000,3.504251742e-03,1.483748301e-02,1.148859886e-01,7.418673452e-03,8.920413921e-03,1.329508372e+00,3.660826892e+01,7.676279191e-03,2.226061e-16,3.512966e-17,3.878960e-18,6.961116e-03
1.240000,3.704118757e-03,1.584177969e-02,1.162990522e-01,7.920807018e-03,9.493842862e-03,1.354176820e+00,3.654014180e+01,7.985712655e-03,2.390254e-16,3.946987e-17,1.734723e-18,6.920136e-03
1.250000,3.901859398e-03,1.685947988e-02,1.175642683e-01,8.429640101e-03,1.007051233e-02,1.377140124e+00,3.647434126e+01,8.290471000e-03,1.407588e-16,2.417771e-17,7.757919e-18,6.942015e-03
1.260000,4.097089673e-03,1.788943706e-02,1.186925073e-01,8.944599254e-03,1.064953461e-02,1.398500503e+00,3.641080558e+01,8.591303188e-03,8.591296e-17,2.726768e-17,8.673617e-18,6.913415e-03
1.270000,4.289468626e-03,1.893058657e-02,1.196938977e-01,9.465151952e-03,1.123008619e-02,1.418354115e+00,3.634947314e+01,8.888946075e-03,2.276273e-16,1.613969e-17,6.254634e-18,6.920786e-03
1.280000,4.478696647e-03,1.998193963e-02,1.205778747e-01,9.990803599e-03,1.181140403e-02,1.436791432e+00,3.629028271e+01,9.184115311e-03,2.221689e-16,4.231099e-17,1.561251e-17,6.932256e-03
1.290000,4.664513851e-03,2.104257770e-02,1.213532243e-01,1.052109474e-02,1.239278204e-02,1.453897587e+00,3.623317356e+01,9.477498375e-03,5.687939e-17,1.442331e-17,7.359808e-18,6.884917e-03
1.300000,4.846698516e-03,2.211164741e-02,1.220281253e-01,1.105559848e-02,1.297356771e-02,1.469752693e+00,3.617808565e+01,9.769749411e-03,4.451308e-16,3.010866e-17,3.878960e-18,6.916066e-03
1.310000,5.025065575e-03,2.318835569e-02,1.226101881e-01,1.159391809e-02,1.355315894e-02,1.484432154e+00,3.612495977e+01,1.006148554e-02,5.793644e-16,1.538117e-17,2.359479e-17,6.905997e-03
1.320000,5.199465175e-03,2.427196535e-02,1.231064916e-01,1.213568477e-02,1.413100103e-02,1.498006940e+00,3.607373763e+01,1.035328441e-02,2.299013e-16,1.124576e-17,5.485677e-18,6.878486e-03
1.330000,5.369781272e-03,2.536179096e-02,1.235236169e-01,1.268055563e-02,1.470658384e-02,1.510543858e+00,3.602436197e+01,1.064568276e-02,4.512086e-16,6.776264e-19,1.250927e-17,6.933746e-03
1.340000,5.535930290e-03,2.645719503e-02,1.238676798e-01,1.322821169e-02,1.527943905e-02,1.522105795e+00,3.597677665e+01,1.093917578e-02,6.714674e-16,2.478920e-17,1.551584e-17,6.967126e-03
1.350000,5.697859818e-03,2.755758442e-02,1.241443600e-01,1.377835622e-02,1.584913759e-02,1.532751954e+00,3.593092673e+01,1.123421716e-02,2.775579e-16,7.337414e-18,3.469447e-18,6.869927e-03
1.360000,5.855547352e-03,2.866240708e-02,1.243589300e-01,1.433071298e-02,1.641528724e-02,1.542538070e+00,3.588675848e+01,1.153121966e-02,2.249447e-16,2.102912e-17,3.878960e-18,6.859876e-03
1.370000,6.008999069e-03,2.977114898e-02,1.245162809e-01,1.488502477e-02,1.697753032e-02,1.551516613e+00,3.584421946e+01,1.183055608e-02,6.794704e-16,2.625029e-17,1.250927e-17,6.885296e-03
1.380000,6.158248637e-03,3.088333127e-02,1.246209468e-01,1.544105198e-02,1.753554146e-02,1.559736984e+00,3.580325856e+01,1.213256059e-02,4.620493e-16,2.492840e-17,1.011509e-17,6.867536e-03
1.390000,6.303356056e-03,3.199850767e-02,1.246771285e-01,1.599857127e-02,1.808902561e-02,1.567245687e+00,3.576382602e+01,1.243753023e-02,5.421294e-17,2.560789e-17,1.734723e-18,6.925316e-03
1.400000,6.444406508e-03,3.311626201e-02,1.246887149e-01,1.655737439e-02,1.863771602e-02,1.574086506e+00,3.572587342e+01,1.274572665e-02,2.362614e-16,1.062518e-17,1.734723e-17,6.882276e-03
1.410000,6.581509235e-03,3.423620594e-02,1.246593029e-01,1.711726697e-02,1.918137243e-02,1.580300658e+00,3.568935372e+01,1.305737791e-02,2.432191e-17,1.741250e-17,2.453269e-18,6.947925e-03
1.420000,6.714796422e-03,3.535797690e-02,1.245922171e-01,1.767806755e-02,1.971977928e-02,1.585926944e+00,3.565422127e+01,1.337268041e-02,2.368474e-16,2.675696e-17,9.341772e-18,6.914207e-03
1.430000,6.844422078e-03,3.648123611e-02,1.244905271e-01,1.823960657e-02,2.025274412e-02,1.591001892e+00,3.562043180e+01,1.369180081e-02,3.351355e-16,4.807064e-17,2.453269e-18,6.939596e-03
1.440000,6.970560923e-03,3.760566679e-02,1.243570649e-01,1.880172547e-02,2.078009596e-02,1.595559883e+00,3.558794240e+01,1.401487794e-02,6.745223e-16,2.494537e-17,1.262898e-17,6.897826e-03
1.450000,7.093407256e-03,3.873097247e-02,1.241944399e-01,1.936427584e-02,2.130168386e-02,1.599633281e+00,3.555671151e+01,1.434202476e-02,2.239894e-16,6.992894e-18,2.625113e-17,6.920507e-03
1.460000,7.213173813e-03,3.985687547e-02,1.240050541e-01,1.992711869e-02,2.181737549e-02,1.603252546e+00,3.552669895e+01,1.467333018e-02,6.684441e-16,3.705371e-18,1.354862e-17,6.868806e-03
1.470000,7.330090597e-03,4.098311541e-02,1.237911161e-01,2.049012365e-02,2.232705583e-02,1.606446348e+00,3.549786586e+01,1.500886093e-02,3.543767e-16,2.922845e-17,3.469447e-18,6.874186e-03
1.480000,7.444403683e-03,4.210944792e-02,1.235546538e-01,2.105316840e-02,2.283062592e-02,1.609241664e+00,3.547017467e+01,1.534866327e-02,2.335292e-16,9.745765e-18,8.673617e-18,6.859337e-03
1.490000,7.556373981e-03,4.323564337e-02,1.232975265e-01,2.161613795e-02,2.332800169e-02,1.611663885e+00,3.544358913e+01,1.569276469e-02,4.498931e-17,3.664603e-17,3.878960e-18,6.880096e-03
1.500000,7.666275972e-03,4.436148573e-02,1.230214371e-01,2.217892414e-02,2.381911282e-02,1.613736899e+00,3.541807423e+01,1.604117548e-02,2.483513e-16,3.337934e-17,3.878960e-18,6.875027e-03
1.510000,7.774396383e-03,4.548677152e-02,1.227279418e-01,2.274142510e-02,2.430390173e-02,1.615483184e+00,3.539359622e+01,1.639389029e-02,4.477101e-16,3.048826e-17,7.757919e-18,6.895417e-03
1.520000,7.881032826e-03,4.661130880e-02,1.224184612e-01,2.330354470e-02,2.478232256e-02,1.616923885e+00,3.537012255e+01,1.675088948e-02,1.144426e-16,1.430490e-17,3.469447e-18,6.880567e-03
1.530000,7.986492388e-03,4.773491630e-02,1.220942891e-01,2.386519217e-02,2.525434027e-02,1.618078895e+00,3.534762185e+01,1.711214052e-02,7.915111e-16,3.529907e-18,1.097135e-17,6.899646e-03
1.540000,8.091090158e-03,4.885742249e-02,1.217566018e-01,2.442628163e-02,2.571992973e-02,1.618966924e+00,3.532606391e+01,1.747759920e-02,7.796925e-16,1.447643e-17,5.204170e-18,6.906736e-03
1.550000,8.195147721e-03,4.997866490e-02,1.214064662e-01,2.498673170e-02,2.617907495e-02,1.619605571e+00,3.530541963e+01,1.784721082e-02,4.883918e-16,2.463311e-17,1.011509e-17,6.894846e-03
1.560000,8.298991590e-03,5.109848930e-02,1.210448477e-01,2.554646514e-02,2.663176823e-02,1.620011385e+00,3.528566102e+01,1.822091126e-02,2.324337e-16,2.630213e-17,1.734723e-18,6.901136e-03
1.570000,8.402951610e-03,5.221674910e-02,1.206726178e-01,2.610540854e-02,2.707800948e-02,1.620199925e+00,3.526676112e+01,1.859862796e-02,6.669014e-16,1.144950e-17,7.152448e-18,6.874706e-03
1.580000,8.507359311e-03,5.333330468e-02,1.202905605e-01,2.666349196e-02,2.751780554e-02,1.620185824e+00,3.524869403e+01,1.898028087e-02,5.633156e-16,2.629498e-17,2.453269e-18,6.897287e-03
1.590000,8.612546247e-03,5.444802282e-02,1.198993792e-01,2.722064870e-02,2.795116949e-02,1.619982833e+00,3.523143482e+01,1.936578330e-02,2.390213e-16,1.436394e-17,7.359808e-18,6.911106e-03
1.600000,8.718842308e-03,5.556077619e-02,1.194997027e-01,2.777681498e-02,2.837812009e-02,1.619603881e+00,3.521495953e+01,1.975504268e-02,8.957510e-16,2.171113e-17,1.398579e-17,6.901277e-03
1.610000,8.826574034e-03,5.667144283e-02,1.190920906e-01,2.833192971e-02,2.879868119e-02,1.619061115e+00,3.519924513e+01,2.014796126e-02,4.467410e-16,1.717426e-17,1.551584e-17,6.929727e-03
1.620000,8.936062936e-03,5.777990573e-02,1.186770390e-01,2.888593430e-02,2.921288120e-02,1.618365951e+00,3.518426950e+01,2.054443682e-02,4.555458e-16,2.895287e-17,8.673617e-18,6.916546e-03
1.630000,9.047623839e-03,5.888605235e-02,1.182549852e-01,2.943877237e-02,2.962075262e-02,1.617529115e+00,3.517001137e+01,2.094436319e-02,4.652682e-16,2.971980e-17,5.485677e-18,6.899136e-03
1.640000,9.161563274e-03,5.998977429e-02,1.178263124e-01,2.999038965e-02,3.002233151e-02,1.616560681e+00,3.515645031e+01,2.134763083e-02,4.573393e-16,1.949153e-17,6.254634e-18,6.904736e-03
1.650000,9.278177916e-03,6.109096690e-02,1.173913543e-01,3.054073371e-02,3.041765713e-02,1.615470109e+00,3.514356670e+01,2.175412728e-02,4.480063e-16,6.505213e-19,6.938894e-18,6.870046e-03
1.660000,9.397753110e-03,6.218952893e-02,1.169503991e-01,3.108975387e-02,3.080677148e-02,1.614266283e+00,3.513134171e+01,2.216373764e-02,1.116867e-16,4.906539e-18,6.254634e-18,6.913656e-03
1.670000,9.520561481e-03,6.328536227e-02,1.165036932e-01,3.163740098e-02,3.118971894e-02,1.612957545e+00,3.511975721e+01,2.257634493e-02,2.320386e-16,1.821460e-17,4.906539e-18,6.939606e-03
1.680000,9.646861658e-03,6.437837165e-02,1.160514448e-01,3.218362734e-02,3.156654594e-02,1.611551721e+00,3.510879584e+01,2.299183046e-02,2.235642e-16,9.511364e-18,6.254634e-18,6.917106e-03
1.690000,9.776897117e-03,6.546846435e-02,1.155938277e-01,3.272838654e-02,3.193730056e-02,1.610056158e+00,3.509844088e+01,2.341007412e-02,6.676951e-16,1.420594e-17,1.387779e-17,6.898546e-03
1.700000,9.910895161e-03,6.655555000e-02,1.151309836e-01,3.327163331e-02,3.230203232e-02,1.608477747e+00,3.508867631e+01,2.383095470e-02,6.693875e-16,8.940560e-18,1.011509e-17,6.913526e-03
1.710000,1.004906605e-02,6.763954034e-02,1.146630260e-01,3.381332349e-02,3.266079182e-02,1.606822951e+00,3.507948670e+01,2.425435011e-02,4.478174e-16,2.732189e-17,6.254634e-18,6.934876e-03
1.720000,1.019160230e-02,6.872034903e-02,1.141900422e-01,3.435341385e-02,3.301363050e-02,1.605097832e+00,3.507085726e+01,2.468013760e-02,1.245143e-16,1.111611e-17,6.254634e-18,6.944416e-03
1.730000,1.033867808e-02,6.979789146e-02,1.137120962e-01,3.489186204e-02,3.336060043e-02,1.603308070e+00,3.506277376e+01,2.510819399e-02,2.259140e-16,2.142664e-17,9.341772e-18,6.947406e-03
1.740000,1.049044887e-02,7.087208456e-02,1.132292311e-01,3.542862649e-02,3.370175404e-02,1.601458991e+00,3.505522253e+01,2.553839579e-02,3.336131e-16,1.736891e-17,1.734723e-18,6.966266e-03
1.750000,1.064705123e-02,7.194284668e-02,1.127414715e-01,3.596366634e-02,3.403714392e-02,1.599555582e+00,3.504819042e+01,2.597061940e-02,1.466330e-16,1.262898e-17,1.734723e-18,6.926347e-03
1.760000,1.080860267e-02,7.301009743e-02,1.122488250e-01,3.649694137e-02,3.436682267e-02,1.597602516e+00,3.504166480e+01,2.640474119e-02,1.288844e-16,1.055191e-17,8.845389e-18,6.932776e-03
1.770000,1.097520180e-02,7.407375756e-02,1.117512850e-01,3.702841192e-02,3.469084268e-02,1.595604167e+00,3.503563350e+01,2.684063769e-02,2.317269e-16,9.107298e-18,1.734723e-18,6.902046e-03
1.780000,1.114692851e-02,7.513374882e-02,1.112488317e-01,3.755803886e-02,3.500925599e-02,1.593564631e+00,3.503008483e+01,2.727818559e-02,1.684115e-16,3.804546e-17,4.906539e-18,6.913086e-03
1.790000,1.132384436e-02,7.618999388e-02,1.107414347e-01,3.808578352e-02,3.532211417e-02,1.591487739e+00,3.502500751e+01,2.771726193e-02,2.460131e-16,1.420594e-17,7.152448e-18,6.918487e-03
1.800000,1.150599303e-02,7.724241623e-02,1.102290538e-01,3.861160762e-02,3.562946812e-02,1.589377074e+00,3.502039072e+01,2.815774409e-02,6.324136e-17,1.361095e-17,7.757919e-18,6.921826e-03
1.810000,1.169340091e-02,7.829094009e-02,1.097116410e-01,3.913547327e-02,3.593136804e-02,1.587235987e+00,3.501622398e+01,2.859950990e-02,2.284638e-16,1.215081e-17,7.152448e-18,6.898976e-03
1.820000,1.188607783e-02,7.933549031e-02,1.091891415e-01,3.965734291e-02,3.622786327e-02,1.585067613e+00,3.501249722e+01,2.904243770e-02,1.868451e-17,3.198672e-17,3.878960e-18,6.905196e-03
1.830000,1.208401771e-02,8.037599235e-02,1.086614955e-01,4.017717927e-02,3.651900218e-02,1.582874878e+00,3.500920073e+01,2.948640634e-02,1.158121e-16,2.775896e-17,1.734723e-18,6.955526e-03
1.840000,1.228719949e-02,8.141237216e-02,1.081286392e-01,4.069494536e-02,3.680483215e-02,1.580660518e+00,3.500632511e+01,2.993129528e-02,4.451856e-16,3.705371e-18,8.845389e-18,6.932507e-03
1.850000,1.249558793e-02,8.244455620e-02,1.075905057e-01,4.121060442e-02,3.708539943e-02,1.578427086e+00,3.500386130e+01,3.037698459e-02,5.620077e-16,7.059813e-18,5.485677e-18,6.930546e-03
1.860000,1.270913451e-02,8.347247131e-02,1.070470264e-01,4.172411989e-02,3.736074911e-02,1.576176969e+00,3.500180054e+01,3.082335497e-02,1.138595e-16,3.496447e-18,5.204170e-18,6.884526e-03
1.870000,1.292777839e-02,8.449604472e-02,1.064981322e-01,4.223545543e-02,3.763092508e-02,1.573912391e+00,3.500013435e+01,3.127028782e-02,1.439301e-16,1.072867e-17,5.485677e-18,6.906016e-03
1.880000,1.315144728e-02,8.551520402e-02,1.059437536e-01,4.274457487e-02,3.789596992e-02,1.571635431e+00,3.499885454e+01,3.171766521e-02,6.705285e-16,2.602085e-17,3.469447e-18,6.891346e-03
1.890000,1.338005841e-02,8.652987711e-02,1.053838227e-01,4.325144220e-02,3.815592495e-02,1.569348029e+00,3.499795314e+01,3.216536993e-02,2.452290e-16,1.048934e-17,7.152448e-18,6.905796e-03
1.900000,1.361351942e-02,8.753999217e-02,1.048182730e-01,4.375602157e-02,3.841083011e-02,1.567051993e+00,3.499742245e+01,3.261328553e-02,2.298234e-16,1.301043e-17,3.878960e-18,6.904586e-03
1.910000,1.385172925e-02,8.854547766e-02,1.042470410e-01,4.425827726e-02,3.866072401e-02,1.564749011e+00,3.499725499e+01,3.306129627e-02,6.687669e-16,4.770490e-18,8.673617e-18,6.973466e-03
1.920000,1.409457903e-02,8.954626230e-02,1.036700663e-01,4.475817370e-02,3.890564386e-02,1.562440660e+00,3.499744350e+01,3.350928722e-02,1.029790e-16,4.129088e-17,3.878960e-18,6.955666e-03
1.930000,1.434195285e-02,9.054227506e-02,1.030872930e-01,4.525567543e-02,3.914562548e-02,1.560128409e+00,3.499798089e+01,3.395714421e-02,3.406604e-16,5.222209e-18,5.485677e-18,6.961116e-03
1.940000,1.459372860e-02,9.153344514e-02,1.024986693e-01,4.575074714e-02,3.938070330e-02,1.557813631e+00,3.499886029e+01,3.440475385e-02,1.206370e-16,6.938894e-18,3.469447e-18,6.959856e-03
1.950000,1.484977874e-02,9.251970201e-02,1.019041493e-01,4.624335362e-02,3.961091035e-02,1.555497610e+00,3.500007499e+01,3.485200361e-02,2.439741e-16,2.135631e-17,4.906539e-18,6.915516e-03
1.960000,1.510997093e-02,9.350097535e-02,1.013036928e-01,4.673345983e-02,3.983627826e-02,1.553181543e+00,3.500161846e+01,3.529878175e-02,2.381822e-16,1.041737e-17,5.485677e-18,6.914457e-03
1.970000,1.537416877e-02,9.447719510e-02,1.006972659e-01,4.722103080e-02,4.005683730e-02,1.550866552e+00,3.500348430e+01,3.574497740e-02,1.467483e-16,3.086455e-17,2.453269e-18,6.919446e-03
1.980000,1.564223239e-02,9.544829145e-02,1.000848420e-01,4.770603175e-02,4.027261634e-02,1.548553687e+00,3.500566629e+01,3.619048054e-02,1.147028e-16,6.992894e-18,3.576224e-18,6.918846e-03
1.990000,1.591401900e-02,9.641419487e-02,9.946640162e-02,4.818842800e-02,4.048364292e-02,1.546243932e+00,3.500815830e+01,3.663518202e-02,2.242294e-16,7.757919e-18,9.055522e-18,6.904836e-03
2.000000,1.618938345e-02,9.737483609e-02,9.884193345e-02,4.866818502e-02,4.068994326e-02,1.543938211e+00,3.501095436e+01,3.707897363e-02,5.641564e-16,5.553825e-18,1.939480e-18,6.934496e-03
2.010000,1.646817872e-02,9.833014614e-02,9.821143444e-02,4.914526846e-02,4.089154226e-02,1.541637395e+00,3.501404860e+01,3.752174805e-02,2.233703e-16,6.952433e-18,6.992894e-18,6.904876e-03
2.020000,1.675025633e-02,9.928005637e-02,9.757491037e-02,4.961964410e-02,4.108846356e-02,1.539342302e+00,3.501743526e+01,3.796339891e-02,1.914181e-16,3.443601e-17,3.576224e-18,6.911986e-03
2.030000,1.703546676e-02,1.002244985e-01,9.693237620e-02,5.009127791e-02,4.128072955e-02,1.537053708e+00,3.502110868e+01,3.840382082e-02,3.122526e-17,7.372575e-18,4.670886e-18,6.905846e-03
2.040000,1.732365984e-02,1.011634045e-01,9.628385645e-02,5.056013604e-02,4.146836143e-02,1.534772345e+00,3.502506329e+01,3.884290935e-02,8.905944e-16,6.992894e-18,1.675154e-17,6.968906e-03
2.050000,1.761468505e-02,1.020967068e-01,9.562938561e-02,5.102618483e-02,4.165137922e-02,1.532498911e+00,3.502929361e+01,3.928056113e-02,1.329763e-16,7.372575e-18,4.906539e-18,6.906856e-03
2.060000,1.790839182e-02,1.030243382e-01,9.496900843e-02,5.148939086e-02,4.182980181e-02,1.530234070e+00,3.503379423e+01,3.971667380e-02,6.688839e-16,7.372575e-18,1.321126e-17,6.887736e-03
2.070000,1.820462981e-02,1.039462321e-01,9.430278033e-02,5.194972089e-02,4.200364701e-02,1.527978460e+00,3.503855982e+01,4.015114609e-02,2.530852e-16,1.383027e-17,1.734723e-18,6.915646e-03
2.080000,1.850324913e-02,1.048623222e-01,9.363076766e-02,5.240714195e-02,4.217293161e-02,1.525732690e+00,3.504358510e+01,4.058387783e-02,4.489551e-16,1.215081e-17,7.410742e-18,6.922826e-03
2.090000,1.880410057e-02,1.057725426e-01,9.295304808e-02,5.286162132e-02,4.233767136e-02,1.523497350e+00,3.504886488e+01,4.101476997e-02,2.582353e-16,1.599336e-17,4.906539e-18,6.883517e-03
2.100000,1.910703577e-02,1.066768282e-01,9.226971081e-02,5.331312654e-02,4.249788111e-02,1.521273011e+00,3.505439399e+01,4.144372465e-02,6.661720e-16,3.878960e-18,3.469447e-18,6.939495e-03
2.110000,1.941190739e-02,1.075751144e-01,9.158085697e-02,5.376162546e-02,4.265357477e-02,1.519060228e+00,3.506016732e+01,4.187064518e-02,3.330877e-16,1.179740e-17,4.906539e-18,6.981056e-03
2.120000,1.971856922e-02,1.084673369e-01,9.088659984e-02,5.420708621e-02,4.280476542e-02,1.516859545e+00,3.506617982e+01,4.229543612e-02,3.371088e-16,1.989740e-17,3.878960e-18,6.908866e-03
2.130000,2.002687638e-02,1.093534325e-01,9.018706515e-02,5.464947726e-02,4.295146535e-02,1.514671494e+00,3.507242646e+01,4.271800329e-02,4.586503e-16,1.993517e-17,5.485677e-18,6.903856e-03
2.140000,2.033668533e-02,1.102333384e-01,8.948239137e-02,5.508876744e-02,4.309368609e-02,1.512496601e+00,3.507890226e+01,4.313825381e-02,1.963900e-16,2.024876e-17,1.939480e-18,6.912956e-03
2.150000,2.064785404e-02,1.111069925e-01,8.877272996e-02,5.552492590e-02,4.323143849e-02,1.510335387e+00,3.508560225e+01,4.355609615e-02,1.052696e-17,1.896827e-17,7.410742e-18,6.919996e-03
2.160000,2.096024202e-02,1.119743337e-01,8.805824564e-02,5.595792221e-02,4.336473273e-02,1.508188368e+00,3.509252152e+01,4.397144014e-02,6.939081e-17,1.072867e-17,7.410742e-18,6.943166e-03
2.170000,2.127371039e-02,1.128353014e-01,8.733911664e-02,5.638772634e-02,4.349357844e-02,1.506056061e+00,3.509965516e+01,4.438419702e-02,4.484077e-16,1.453963e-17,2.453269e-18,6.905957e-03
2.180000,2.158812197e-02,1.136898359e-01,8.661553495e-02,5.681430865e-02,4.361798470e-02,1.503938984e+00,3.510699828e+01,4.479427950e-02,1.129656e-16,9.511364e-18,2.453269e-18,6.901326e-03
2.190000,2.190334128e-02,1.145378786e-01,8.588770659e-02,5.723763999e-02,4.373796011e-02,1.501837656e+00,3.511454604e+01,4.520160176e-02,5.566707e-16,2.602085e-18,6.992894e-18,6.915797e-03
2.200000,2.221923457e-02,1.153793716e-01,8.515585182e-02,5.765769163e-02,4.385351285e-02,1.499752602e+00,3.512229357e+01,4.560607950e-02,1.374277e-16,1.227401e-17,1.734723e-18,6.943576e-03
2.210000,2.253566991e-02,1.162142580e-01,8.442020541e-02,5.807443535e-02,4.396465075e-02,1.497684350e+00,3.513023605e+01,4.600763000e-02,6.208762e-17,1.788112e-17,1.226635e-18,6.912536e-03
2.220000,2.285251714e-02,1.170424820e-01,8.368101684e-02,5.848784344e-02,4.407138129e-02,1.495633437e+00,3.513836866e+01,4.640617213e-02,1.115098e-16,1.204977e-17,1.939480e-18,6.915066e-03
2.230000,2.316964791e-02,1.178639888e-01,8.293855053e-02,5.889788871e-02,4.417371173e-02,1.493600406e+00,3.514668659e+01,4.680162640e-02,4.490087e-16,7.757919e-18,4.670886e-18,6.883916e-03
2.240000,2.348693571e-02,1.186787245e-01,8.219308609e-02,5.930454450e-02,4.427164908e-02,1.491585810e+00,3.515518503e+01,4.719391499e-02,3.533394e-16,7.757919e-18,6.314489e-18,6.921056e-03
2.250000,2.380425583e-02,1.194866367e-01,8.144491850e-02,5.970778476e-02,4.436520025e-02,1.489590209e+00,3.516385919e+01,4.758296181e-02,2.270069e-16,1.951564e-17,1.939480e-18,6.895636e-03
2.260000,2.412148542e-02,1.202876739e-01,8.069435832e-02,6.010758400e-02,4.445437200e-02,1.487614177e+00,3.517270427e+01,4.796869249e-02,6.938970e-17,8.182674e-18,8.673617e-19,6.920447e-03
2.270000,2.443850341e-02,1.210817860e-01,7.994173192e-02,6.050391736e-02,4.453917109e-02,1.485658295e+00,3.518171548e+01,4.835103446e-02,6.676601e-16,1.287236e-17,9.381952e-18,6.908446e-03
2.280000,2.475519058e-02,1.218689239e-01,7.918738161e-02,6.089676060e-02,4.461960425e-02,1.483723156e+00,3.519088804e+01,4.872991699e-02,2.655914e-16,1.599336e-17,2.742839e-18,6.951126e-03
2.290000,2.507142951e-02,1.226490402e-01,7.843166586e-02,6.128609016e-02,4.469567830e-02,1.481809364e+00,3.520021717e+01,4.910527115e-02,2.486467e-16,4.770490e-18,3.469447e-18,6.906936e-03
2.300000,2.538710457e-02,1.234220884e-01,7.767495945e-02,6.167188313e-02,4.476740015e-02,1.479917536e+00,3.520969807e+01,4.947702994e-02,6.216463e-17,1.748223e-17,3.469447e-18,6.906166e-03
2.310000,2.570210193e-02,1.241880239e-01,7.691765361e-02,6.205411733e-02,4.483477687e-02,1.478048298e+00,3.521932596e+01,4.984512827e-02,1.854158e-16,1.056082e-17,5.818439e-18,6.934296e-03
2.320000,2.601630951e-02,1.249468030e-01,7.616015614e-02,6.243277127e-02,4.489781574e-02,1.476202287e+00,3.522909606e+01,5.020950298e-02,4.484063e-16,2.642252e-17,4.670886e-18,6.917987e-03
2.330000,2.632961701e-02,1.256983840e-01,7.540289154e-02,6.280782421e-02,4.495652431e-02,1.474380153e+00,3.523900359e+01,5.057009291e-02,4.449577e-16,1.561251e-17,4.336809e-18,6.903666e-03
2.340000,2.664191586e-02,1.264427262e-01,7.464630108e-02,6.317925619e-02,4.501091042e-02,1.472582554e+00,3.524904375e+01,5.092683888e-02,1.241281e-16,2.483746e-17,2.168404e-18,6.924406e-03
2.350000,2.695309923e-02,1.271797910e-01,7.389084284e-02,6.354704800e-02,4.506098226e-02,1.470810161e+00,3.525921177e+01,5.127968378e-02,4.518816e-16,7.757919e-18,5.222209e-18,6.928197e-03
2.360000,2.726306199e-02,1.279095409e-01,7.313699176e-02,6.391118126e-02,4.510674843e-02,1.469063650e+00,3.526950284e+01,5.162857253e-02,8.925327e-16,6.071532e-18,4.670886e-18,6.917597e-03
2.370000,2.757170070e-02,1.286319404e-01,7.238523960e-02,6.427163839e-02,4.514821796e-02,1.467343709e+00,3.527991220e+01,5.197345214e-02,4.531591e-16,1.668967e-17,4.336809e-18,6.916146e-03
2.380000,2.787891361e-02,1.293469555e-01,7.163609491e-02,6.462840265e-02,4.518540036e-02,1.465651032e+00,3.529043504e+01,5.231427173e-02,1.000244e-15,7.269816e-18,2.453269e-18,6.932266e-03
2.390000,2.818460062e-02,1.300545540e-01,7.089008292e-02,6.498145819e-02,4.521830569e-02,1.463986321e+00,3.530106658e+01,5.265098255e-02,1.273862e-16,1.390487e-17,3.576224e-18,6.888505e-03
2.400000,2.848866327e-02,1.307547053e-01,7.014774536e-02,6.533078999e-02,4.524694455e-02,1.462350283e+00,3.531180203e+01,5.298353798e-02,4.469025e-16,0.000000e+00,2.168404e-18,6.894946e-03
2.410000,2.879100476e-02,1.314473809e-01,6.940964028e-02,6.567638396e-02,4.527132815e-02,1.460743630e+00,3.532263661e+01,5.331189359e-02,4.479378e-16,2.602085e-18,1.301043e-18,6.930046e-03
2.420000,2.909152985e-02,1.321325538e-01,6.867634175e-02,6.601822691e-02,4.529146837e-02,1.459167076e+00,3.533356553e+01,5.363600710e-02,8.807806e-17,7.757919e-18,2.602085e-18,6.864696e-03
2.430000,2.939014495e-02,1.328101991e-01,6.794843950e-02,6.635630659e-02,4.530737775e-02,1.457621339e+00,3.534458402e+01,5.395583844e-02,9.466099e-17,8.940560e-18,2.742839e-18,6.890107e-03
2.440000,2.968675800e-02,1.334802937e-01,6.722653848e-02,6.669061167e-02,4.531906956e-02,1.456107137e+00,3.535568728e+01,5.427134975e-02,4.751566e-16,1.056082e-17,2.453269e-18,6.903626e-03
2.450000,2.998127855e-02,1.341428162e-01,6.651125833e-02,6.702113182e-02,4.532655780e-02,1.454625186e+00,3.536687055e+01,5.458250536e-02,2.280764e-16,1.613969e-17,2.602085e-18,6.927666e-03
2.460000,3.027361767e-02,1.347977477e-01,6.580323275e-02,6.734785765e-02,4.532985729e-02,1.453176201e+00,3.537812907e+01,5.488927185e-02,5.646328e-16,6.938894e-18,8.673617e-19,6.918276e-03
2.470000,3.056368800e-02,1.354450707e-01,6.510310875e-02,6.767078078e-02,4.532898365e-02,1.451760893e+00,3.538945807e+01,5.519161803e-02,4.450100e-16,1.398579e-17,2.742839e-18,6.938256e-03
2.480000,3.085140367e-02,1.360847702e-01,6.441154577e-02,6.798989385e-02,4.532395335e-02,1.450379966e+00,3.540085279e+01,5.548951492e-02,1.545764e-16,1.436394e-17,4.336809e-19,6.929596e-03
2.490000,3.113668036e-02,1.367168328e-01,6.372921471e-02,6.830519049e-02,4.531478374e-02,1.449034118e+00,3.541230850e+01,5.578293579e-02,2.423807e-16,5.222209e-18,1.939480e-18,6.917186e-03
2.500000,3.141943522e-02,1.373412476e-01,6.305679676e-02,6.861666537e-02,4.530149309e-02,1.447724038e+00,3.542382045e+01,5.607185616e-02,2.439537e-16,1.868354e-17,1.226635e-18,6.924266e-03
2.510000,3.169958692e-02,1.379580055e-01,6.239498212e-02,6.892431423e-02,4.528410058e-02,1.446450402e+00,3.543538394e+01,5.635625376e-02,3.376668e-16,1.514782e-17,4.336809e-19,6.907776e-03
2.520000,3.197705559e-02,1.385670996e-01,6.174446856e-02,6.922813383e-02,4.526262636e-02,1.445213875e+00,3.544699424e+01,5.663610857e-02,2.452526e-16,1.431147e-17,1.371419e-18,6.944886e-03
2.530000,3.225176285e-02,1.391685251e-01,6.110595979e-02,6.952812202e-02,4.523709157e-02,1.444015106e+00,3.545864666e+01,5.691140280e-02,4.620120e-16,3.705371e-18,2.742839e-18,6.937956e-03
2.540000,3.252363177e-02,1.397622795e-01,6.048016363e-02,6.982427771e-02,4.520751833e-02,1.442854729e+00,3.547033652e+01,5.718212086e-02,4.480293e-16,3.035766e-18,1.388456e-18,6.906056e-03
2.550000,3.279258686e-02,1.403483624e-01,5.986779009e-02,7.011660089e-02,4.517392982e-02,1.441733357e+00,3.548205917e+01,5.744824939e-02,5.559853e-16,3.469447e-18,3.608944e-18,6.928886e-03
2.560000,3.305855412e-02,1.409267754e-01,5.926954913e-02,7.040509267e-02,4.513635024e-02,1.440651583e+00,3.549380996e+01,5.770977722e-02,2.060807e-16,9.511364e-18,4.848700e-19,6.933846e-03
2.570000,3.332146095e-02,1.414975226e-01,5.868614834e-02,7.068975522e-02,4.509480485e-02,1.439609979e+00,3.550558426e+01,5.796669535e-02,2.309786e-16,1.287236e-17,2.909220e-18,6.936656e-03
2.580000,3.358123620e-02,1.420606101e-01,5.811829035e-02,7.097059186e-02,4.504932001e-02,1.438609090e+00,3.551737748e+01,5.821899697e-02,2.840079e-16,1.411963e-17,7.818293e-19,6.929686e-03
2.590000,3.383781014e-02,1.426160464e-01,5.756667011e-02,7.124760697e-02,4.499992316e-02,1.437649435e+00,3.552918505e+01,5.846667742e-02,2.238877e-16,6.992894e-18,1.788112e-18,6.928806e-03
2.600000,3.409111448e-02,1.431638421e-01,5.703197192e-02,7.152080609e-02,4.494664286e-02,1.436731507e+00,3.554100241e+01,5.870973418e-02,2.475889e-16,7.410742e-18,9.697399e-19,6.890886e-03
2.610000,3.434108234e-02,1.437040102e-01,5.651486636e-02,7.179019586e-02,4.488950877e-02,1.435855765e+00,3.555282504e+01,5.894816681e-02,7.804335e-17,1.214306e-17,1.084202e-18,6.914846e-03
2.620000,3.458764823e-02,1.442365657e-01,5.601600701e-02,7.205578403e-02,4.482855171e-02,1.435022636e+00,3.556464845e+01,5.918197701e-02,2.412701e-16,1.551584e-17,8.940560e-19,6.903636e-03
2.630000,3.483074812e-02,1.447615262e-01,5.553602702e-02,7.231757950e-02,4.476380362e-02,1.434232515e+00,3.557646817e+01,5.941116851e-02,1.012736e-16,1.684112e-17,6.133174e-19,6.925096e-03
2.640000,3.507031934e-02,1.452789113e-01,5.507553563e-02,7.257559227e-02,4.469529761e-02,1.433485759e+00,3.558827978e+01,5.963574709e-02,3.180983e-17,2.405268e-17,8.673617e-19,6.932786e-03
2.650000,3.530630065e-02,1.457887429e-01,5.463511447e-02,7.282983347e-02,4.462306794e-02,1.432782688e+00,3.560007889e+01,5.985572055e-02,3.433183e-16,8.148124e-18,6.133174e-19,6.908596e-03
2.660000,3.553863222e-02,1.462910452e-01,5.421531396e-02,7.308031536e-02,4.454715002e-02,1.432123580e+00,3.561186113e+01,6.007109868e-02,3.510941e-16,8.940560e-18,4.470280e-19,6.907346e-03
2.670000,3.576725561e-02,1.467858446e-01,5.381664957e-02,7.332705131e-02,4.446758044e-02,1.431508675e+00,3.562362219e+01,6.028189320e-02,4.502317e-16,8.542522e-18,8.741117e-19,6.934776e-03
2.680000,3.599211378e-02,1.472731699e-01,5.343959813e-02,7.357005581e-02,4.438439697e-02,1.430938167e+00,3.563535778e+01,6.048811778e-02,1.241638e-16,1.144950e-17,1.738108e-18,6.944016e-03
2.690000,3.621315111e-02,1.477530519e-01,5.308459421e-02,7.380934447e-02,4.429763852e-02,1.430412206e+00,3.564706368e+01,6.068978795e-02,6.667486e-16,3.705371e-18,7.818293e-19,6.962046e-03
2.700000,3.643031335e-02,1.482255238e-01,5.275202664e-02,7.404493400e-02,4.420734522e-02,1.429930898e+00,3.565873568e+01,6.088692113e-02,4.867585e-17,6.254634e-18,9.263427e-19,6.950446e-03
2.710000,3.664354769e-02,1.486906210e-01,5.244223514e-02,7.427684219e-02,4.411355832e-02,1.429494300e+00,3.567036964e+01,6.107953652e-02,4.475572e-16,3.705371e-18,1.626303e-18,6.928566e-03
2.720000,3.685280270e-02,1.491483809e-01,5.215550716e-02,7.450508797e-02,4.401632027e-02,1.429102418e+00,3.568196147e+01,6.126765513e-02,4.862257e-17,9.341772e-18,8.673617e-19,6.933436e-03
2.730000,3.705802835e-02,1.495988434e-01,5.189207505e-02,7.472969131e-02,4.391567468e-02,1.428755211e+00,3.569350712e+01,6.145129969e-02,1.129578e-16,1.127570e-17,1.341084e-18,6.913856e-03
2.740000,3.725917603e-02,1.500420502e-01,5.165211347e-02,7.495067327e-02,4.381166632e-02,1.428452586e+00,3.570500257e+01,6.163049465e-02,1.417097e-16,1.557029e-17,4.848700e-19,6.907817e-03
2.750000,3.745619853e-02,1.504780456e-01,5.143573718e-02,7.516805599e-02,4.370434109e-02,1.428194397e+00,3.571644391e+01,6.180526610e-02,4.506552e-16,1.383027e-17,1.218221e-18,6.900286e-03
2.760000,3.764905005e-02,1.509068756e-01,5.124299923e-02,7.538186264e-02,4.359374607e-02,1.427980445e+00,3.572782723e+01,6.197564178e-02,3.510903e-16,1.012438e-17,8.824766e-19,6.936286e-03
2.770000,3.783768619e-02,1.513285884e-01,5.107388957e-02,7.559211744e-02,4.347992945e-02,1.427810478e+00,3.573914871e+01,6.214165097e-02,1.888908e-16,8.148124e-18,1.318989e-18,6.927956e-03
2.780000,3.802206400e-02,1.517432344e-01,5.092833414e-02,7.579884563e-02,4.336294056e-02,1.427684189e+00,3.575040457e+01,6.230332451e-02,5.640661e-16,1.257675e-17,4.370559e-19,6.898246e-03
2.790000,3.820214189e-02,1.521508659e-01,5.080619444e-02,7.600207347e-02,4.324282985e-02,1.427601213e+00,3.576159111e+01,6.246069473e-02,5.568934e-16,1.138361e-17,6.705420e-19,6.904746e-03
2.800000,3.837787975e-02,1.525515373e-01,5.070726755e-02,7.620182821e-02,4.311964885e-02,1.427561134e+00,3.577270467e+01,6.261379540e-02,4.532152e-16,1.684112e-17,3.066587e-19,6.929086e-03
2.810000,3.854923886e-02,1.529453049e-01,5.063128672e-02,7.639813807e-02,4.299345020e-02,1.427563476e+00,3.578374169e+01,6.276266168e-02,4.497463e-16,1.323970e-17,1.341084e-18,6.893947e-03
2.820000,3.871618192e-02,1.533322270e-01,5.057792237e-02,7.659103225e-02,4.286428761e-02,1.427607709e+00,3.579469864e+01,6.290733010e-02,4.858206e-17,9.341772e-18,4.470280e-19,6.897966e-03
2.830000,3.887867308e-02,1.537123636e-01,5.054678365e-02,7.678054087e-02,4.273221583e-02,1.427693244e+00,3.580557209e+01,6.304783848e-02,4.501842e-17,7.757919e-18,9.087270e-19,6.920566e-03
2.840000,3.903667792e-02,1.540857768e-01,5.053742034e-02,7.696669499e-02,4.259729067e-02,1.427819438e+00,3.581635864e+01,6.318422591e-02,3.510866e-16,7.573911e-18,2.185279e-19,6.883736e-03
2.850000,3.919016344e-02,1.544525305e-01,5.054932532e-02,7.714952656e-02,4.245956895e-02,1.427985591e+00,3.582705502e+01,6.331653270e-02,6.866389e-16,1.301043e-18,5.114171e-19,6.908946e-03
2.860000,3.933909810e-02,1.548126901e-01,5.058193725e-02,7.732906841e-02,4.231910851e-02,1.428190946e+00,3.583765797e+01,6.344480032e-02,2.237908e-16,9.220182e-18,9.637553e-19,6.911646e-03
2.870000,3.948345180e-02,1.551663231e-01,5.063464372e-02,7.750535422e-02,4.217596814e-02,1.428434691e+00,3.584816436e+01,6.356907134e-02,4.540657e-16,1.404617e-17,6.705420e-19,6.920866e-03
2.880000,3.962319589e-02,1.555134983e-01,5.070678462e-02,7.767841851e-02,4.203020761e-02,1.428715959e+00,3.585857111e+01,6.368938944e-02,2.274028e-16,4.906539e-18,1.311168e-18,6.943676e-03
2.890000,3.975830317e-02,1.558542865e-01,5.079765574e-02,7.784829661e-02,4.188188762e-02,1.429033829e+00,3.586887523e+01,6.380579928e-02,2.330490e-16,8.182674e-18,6.594944e-19,6.908216e-03
2.900000,3.988874789e-02,1.561887597e-01,5.090651262e-02,7.801502462e-02,4.173106979e-02,1.429387325e+00,3.587907380e+01,6.391834653e-02,6.697804e-16,7.152448e-18,6.510857e-19,6.872366e-03
2.910000,4.001450576e-02,1.565169918e-01,5.103257443e-02,7.817863939e-02,4.157781662e-02,1.429775418e+00,3.588916399e+01,6.402707776e-02,5.009202e-17,3.496447e-18,1.541894e-18,6.910496e-03
2.920000,4.013555398e-02,1.568390578e-01,5.117502802e-02,7.833917853e-02,4.142219146e-02,1.430197029e+00,3.589914306e+01,6.413204045e-02,3.388736e-16,9.813078e-18,4.848700e-19,6.888676e-03
2.930000,4.025187119e-02,1.571550344e-01,5.133303191e-02,7.849668031e-02,4.126425852e-02,1.430651027e+00,3.590900835e+01,6.423328289e-02,2.224796e-16,9.813078e-18,6.133174e-19,6.894376e-03
2.940000,4.036343752e-02,1.574649995e-01,5.150572034e-02,7.865118369e-02,4.110408278e-02,1.431136230e+00,3.591875728e+01,6.433085415e-02,4.460961e-16,8.148124e-18,8.940560e-19,6.884666e-03
2.950000,4.047023455e-02,1.577690323e-01,5.169220721e-02,7.880272827e-02,4.094173004e-02,1.431651411e+00,3.592838738e+01,6.442480407e-02,4.476572e-16,3.496447e-18,3.909147e-19,6.879136e-03
2.960000,4.057224536e-02,1.580672133e-01,5.189158994e-02,7.895135425e-02,4.077726681e-02,1.432195294e+00,3.593789626e+01,6.451518316e-02,7.140111e-18,7.961322e-18,4.370559e-19,6.866807e-03
2.970000,4.066945452e-02,1.583596241e-01,5.210295319e-02,7.909710242e-02,4.061076032e-02,1.432766558e+00,3.594728161e+01,6.460204259e-02,1.554347e-17,3.496447e-18,4.336809e-19,6.851536e-03
2.980000,4.076184806e-02,1.586463474e-01,5.232537239e-02,7.924001411e-02,4.044227851e-02,1.433363839e+00,3.595654124e+01,6.468543412e-02,6.688062e-16,3.705371e-18,6.857097e-19,6.844436e-03
2.990000,4.084941352e-02,1.589274671e-01,5.255791721e-02,7.938013117e-02,4.027188994e-02,1.433985731e+00,3.596567302e+01,6.476541008e-02,3.356724e-16,9.745765e-18,6.594944e-19,6.841206e-03
3.000000,4.093213992e-02,1.592030677e-01,5.279965463e-02,7.951749592e-02,4.009966380e-02,1.268258611e+00,3.619109460e+01,6.484202332e-02,4.863852e-17,1.227401e-17,2.424350e-19,6.832386e-03
3.010000,4.101023442e-02,1.594734844e-01,5.304867821e-02,7.965227538e-02,3.992605858e-02,1.286987735e+00,3.616897369e+01,6.491568215e-02,1.594649e-16,7.152448e-18,3.252607e-19,6.828986e-03
3.020000,4.108419668e-02,1.597385533e-01,5.330514888e-02,7.978438802e-02,3.975075459e-02,1.305775627e+00,3.614686384e+01,6.498608795e-02,2.289917e-16,6.254634e-18,2.424350e-19,6.831086e-03
3.030000,4.115408564e-02,1.599983617e-01,5.356819039e-02,7.991387744e-02,3.957382026e-02,1.324530838e+00,3.612486906e+01,6.505329597e-02,6.697812e-16,1.734723e-18,1.089610e-18,6.835847e-03
3.040000,4.121996233e-02,1.602529979e-01,5.383693541e-02,8.004078768e-02,3.939532491e-02,1.343168474e+00,3.610309098e+01,6.511736234e-02,1.619955e-16,8.673617e-19,4.631714e-19,6.839656e-03
3.050000,4.128188969e-02,1.605025508e-01,5.411052716e-02,8.016516320e-02,3.921533876e-02,1.361609961e+00,3.608162882e+01,6.517834406e-02,1.193940e-16,4.336809e-19,0.000000e+00,6.854096e-03
3.060000,4.133993246e-02,1.607471105e-01,5.438812091e-02,8.028704891e-02,3.903393284e-02,1.379782790e+00,3.606057933e+01,6.523629894e-02,2.608367e-16,4.336809e-18,8.824766e-19,6.855086e-03
3.070000,4.139415708e-02,1.609867677e-01,5.466888532e-02,8.040649009e-02,3.885117894e-02,1.397620224e+00,3.604003672e+01,6.529128554e-02,6.690553e-16,3.576224e-18,1.052570e-18,6.837197e-03
3.080000,4.144463148e-02,1.612216139e-01,5.495200368e-02,8.052353243e-02,3.866714958e-02,1.415061000e+00,3.602009263e+01,6.534336320e-02,3.357341e-16,7.372575e-18,4.631714e-19,6.826016e-03
3.090000,4.149142503e-02,1.614517413e-01,5.523667498e-02,8.063822197e-02,3.848191793e-02,1.432049028e+00,3.600083610e+01,6.539259193e-02,3.593564e-16,6.254634e-18,0.000000e+00,6.905176e-03
3.100000,4.153460842e-02,1.616772430e-01,5.552211490e-02,8.075060513e-02,3.829555778e-02,1.448533093e+00,3.598235344e+01,6.543903242e-02,9.715323e-17,1.684112e-17,2.168404e-19,6.896016e-03
3.110000,4.157425350e-02,1.618982126e-01,5.580755665e-02,8.086072862e-02,3.810814348e-02,1.464466561e+00,3.596472830e+01,6.548274596e-02,2.288800e-16,9.511364e-18,6.505213e-19,6.792516e-03
3.120000,4.161043325e-02,1.621147443e-01,5.609225173e-02,8.096863948e-02,3.791974989e-02,1.479807104e+00,3.594804152e+01,6.552379443e-02,5.594331e-16,6.436181e-18,4.336809e-19,6.833427e-03
3.130000,4.164322163e-02,1.623269329e-01,5.637547054e-02,8.107438498e-02,3.773045230e-02,1.494516427e+00,3.593237113e+01,6.556224028e-02,8.932915e-16,6.805474e-18,1.804472e-18,6.831856e-03
3.140000,4.167269351e-02,1.625348737e-01,5.665650300e-02,8.117801265e-02,3.754032642e-02,1.508560025e+00,3.591779233e+01,6.559814644e-02,5.585780e-16,6.505213e-19,4.470280e-19,6.830946e-03
3.150000,4.169892459e-02,1.627386623e-01,5.693465892e-02,8.127957024e-02,3.734944828e-02,1.521906939e+00,3.590437739e+01,6.563157630e-02,5.638685e-17,1.951564e-18,8.940560e-19,6.827556e-03
3.160000,4.172199131e-02,1.629383947e-01,5.720926847e-02,8.137910564e-02,3.715789422e-02,1.534529535e+00,3.589219564e+01,6.566259370e-02,2.372636e-16,1.346508e-17,4.336809e-19,6.872106e-03
3.170000,4.174197079e-02,1.631341674e-01,5.747968244e-02,8.147666689e-02,3.696574079e-02,1.546403305e+00,3.588131345e+01,6.569126286e-02,5.579247e-16,4.770490e-18,1.301043e-18,6.857566e-03
3.180000,4.175894076e-02,1.633260767e-01,5.774527254e-02,8.157230214e-02,3.677306473e-02,1.557506666e+00,3.587179415e+01,6.571764838e-02,1.477045e-16,5.854692e-18,6.594944e-19,6.871876e-03
3.190000,4.177297947e-02,1.635142193e-01,5.800543153e-02,8.166605958e-02,3.657994292e-02,1.567820788e+00,3.586369804e+01,6.574181513e-02,3.411437e-16,7.372575e-18,7.273049e-19,6.949847e-03
3.200000,4.178416570e-02,1.636986919e-01,5.825957343e-02,8.175798744e-02,3.638645228e-02,1.577329427e+00,3.585708232e+01,6.576382831e-02,2.326427e-16,4.119968e-18,4.848700e-19,6.895566e-03
3.210000,4.179257862e-02,1.638795911e-01,5.850713358e-02,8.184813394e-02,3.619266976e-02,1.586018776e+00,3.585200106e+01,6.578375333e-02,2.424683e-16,7.208110e-18,8.940560e-19,6.884366e-03
3.220000,4.179829780e-02,1.640570137e-01,5.874756872e-02,8.193654724e-02,3.599867226e-02,1.593877325e+00,3.584850523e+01,6.580165584e-02,6.690584e-16,7.857287e-18,1.131940e-18,6.864546e-03
3.230000,4.180140317e-02,1.642310558e-01,5.898035702e-02,8.202327539e-02,3.580453661e-02,1.600895728e+00,3.584664261e+01,6.581760164e-02,4.520424e-16,6.254634e-18,2.424350e-19,6.900916e-03
3.240000,4.180197494e-02,1.644018137e-01,5.920499805e-02,8.210836634e-02,3.561033947e-02,1.607066690e+00,3.584645778e+01,6.583165670e-02,1.325825e-16,9.364394e-18,3.252607e-19,6.879206e-03
3.250000,4.180009357e-02,1.645693831e-01,5.942101281e-02,8.219186783e-02,3.541615729e-02,1.612384858e+00,3.584799215e+01,6.584388706e-02,1.973248e-17,4.091337e-18,4.848700e-19,6.927906e-03
3.260000,4.179583977e-02,1.647338593e-01,5.962794362e-02,8.227382741e-02,3.522206629e-02,1.616846718e+00,3.585128389e+01,6.585435888e-02,4.595423e-16,1.346508e-17,2.263881e-18,6.887837e-03
3.270000,4.178929444e-02,1.648953372e-01,5.982535410e-02,8.235429237e-02,3.502814234e-02,1.620450507e+00,3.585636794e+01,6.586313832e-02,1.171767e-16,1.163688e-17,1.318989e-18,6.878167e-03
3.280000,4.178053864e-02,1.650539110e-01,6.001282908e-02,8.243330970e-02,3.483446099e-02,1.623196132e+00,3.586327602e+01,6.587029159e-02,1.247961e-15,1.967521e-17,1.999170e-18,6.898257e-03
3.290000,4.176965357e-02,1.652096743e-01,6.018997452e-02,8.251092605e-02,3.464109732e-02,1.625085091e+00,3.587203662e+01,6.587588485e-02,1.118890e-16,6.075403e-18,2.179219e-18,6.901676e-03
3.300000,4.175672053e-02,1.653627200e-01,6.035641737e-02,8.258718771e-02,3.444812600e-02,1.626120405e+00,3.588267496e+01,6.587998422e-02,5.931448e-17,7.663400e-18,7.818293e-19,6.911156e-03
3.310000,4.174182092e-02,1.655131400e-01,6.051180554e-02,8.266214054e-02,3.425562111e-02,1.626306561e+00,3.589521306e+01,6.588265575e-02,2.239045e-16,1.046466e-17,1.388456e-18,6.903766e-03
3.320000,4.172503620e-02,1.656610254e-01,6.065580771e-02,8.273582996e-02,3.406365621e-02,1.625649451e+00,3.590966971e+01,6.588396537e-02,5.582760e-16,5.898698e-18,3.634908e-18,6.868336e-03
3.330000,4.170644786e-02,1.658064664e-01,6.078811328e-02,8.280830091e-02,3.387230419e-02,1.624156329e+00,3.592606050e+01,6.588397888e-02,2.242331e-16,1.097992e-17,1.963574e-18,6.875796e-03
3.340000,4.168613741e-02,1.659495520e-01,6.090843222e-02,8.287959778e-02,3.368163728e-02,1.621835760e+00,3.594439780e+01,6.588276190e-02,1.362062e-16,2.112164e-17,4.336809e-19,6.892776e-03
3.350000,4.166418635e-02,1.660903702e-01,6.101649495e-02,8.294976444e-02,3.349172697e-02,1.618697590e+00,3.596469084e+01,6.588037989e-02,2.238945e-16,1.144950e-17,9.697399e-19,6.883426e-03
3.360000,4.164067613e-02,1.662290077e-01,6.111205226e-02,8.301884412e-02,3.330264400e-02,1.614752909e+00,3.598694570e+01,6.587689807e-02,2.199087e-17,2.030442e-17,2.611105e-18,6.858926e-03
3.370000,4.161568815e-02,1.663655501e-01,6.119487515e-02,8.308687945e-02,3.311445823e-02,1.610014024e+00,3.601116533e+01,6.587238141e-02,7.832362e-16,7.573911e-18,4.119968e-18,6.905086e-03
3.380000,4.158930374e-02,1.665000816e-01,6.126475475e-02,8.315391240e-02,3.292723867e-02,1.604494440e+00,3.603734962e+01,6.586689464e-02,2.272984e-16,2.283423e-17,6.505213e-19,6.879936e-03
3.390000,4.156160410e-02,1.666326849e-01,6.132150221e-02,8.321998425e-02,3.274105342e-02,1.598208841e+00,3.606549540e+01,6.586050219e-02,4.167174e-17,3.529907e-18,1.788112e-18,6.875926e-03
3.400000,4.153267028e-02,1.667634414e-01,6.136494856e-02,8.328513556e-02,3.255596959e-02,1.591173074e+00,3.609559649e+01,6.585326815e-02,2.583396e-16,1.592412e-17,4.635519e-18,6.856427e-03
3.410000,4.150258316e-02,1.668924311e-01,6.139494465e-02,8.334940614e-02,3.237205327e-02,1.583404151e+00,3.612764377e+01,6.584525631e-02,6.975154e-17,1.000525e-17,4.336809e-18,6.865196e-03
3.420000,4.147142343e-02,1.670197322e-01,6.141136100e-02,8.341283504e-02,3.218936950e-02,1.574920238e+00,3.616162519e+01,6.583653009e-02,6.670762e-16,1.262898e-17,2.057129e-18,6.876876e-03
3.430000,4.143927151e-02,1.671454214e-01,6.141408777e-02,8.347546050e-02,3.200798221e-02,1.565740661e+00,3.619752584e+01,6.582715253e-02,7.806798e-16,1.811624e-17,6.982801e-18,6.900146e-03
3.440000,4.140620756e-02,1.672695739e-01,6.140303459e-02,8.353731994e-02,3.182795421e-02,1.555885912e+00,3.623532802e+01,6.581718627e-02,3.383109e-16,2.737691e-17,1.734723e-18,6.903136e-03
3.450000,4.137231140e-02,1.673922632e-01,6.137813053e-02,8.359844998e-02,3.164934711e-02,1.545377663e+00,3.627501125e+01,6.580669354e-02,1.163405e-16,1.354862e-17,2.742839e-18,6.899567e-03
3.460000,4.133766250e-02,1.675135608e-01,6.133932399e-02,8.365888632e-02,3.147222129e-02,1.534238780e+00,3.631655238e+01,6.579573612e-02,2.229197e-16,1.379794e-17,3.469447e-18,6.879746e-03
3.470000,4.130233990e-02,1.676335367e-01,6.128658264e-02,8.371866384e-02,3.129663590e-02,1.522493346e+00,3.635992562e+01,6.578437536e-02,2.327481e-16,1.127570e-17,5.117618e-18,6.902436e-03
3.480000,4.126642220e-02,1.677522591e-01,6.121989331e-02,8.377781650e-02,3.112264879e-02,1.510166686e+00,3.640510262e+01,6.577267211e-02,4.450107e-16,1.077241e-17,9.697399e-19,6.884036e-03
3.490000,4.122998747e-02,1.678697943e-01,6.113926194e-02,8.383637737e-02,3.095031649e-02,1.497285398e+00,3.645205252e+01,6.576068677e-02,6.287064e-17,6.075403e-18,4.848700e-18,6.935666e-03
3.500000,4.119311323e-02,1.679862069e-01,6.104471353e-02,8.389437860e-02,3.077969420e-02,1.483877386e+00,3.650074205e+01,6.574847920e-02,4.503356e-16,4.242155e-17,4.775415e-18,6.841596e-03
3.510000,4.115587635e-02,1.681015594e-01,6.093629203e-02,8.395185140e-02,3.061083572e-02,1.469971904e+00,3.655113554e+01,6.573610878e-02,1.396055e-17,3.384100e-17,2.776912e-18,6.891046e-03
3.520000,4.111835302e-02,1.682159128e-01,6.081406032e-02,8.400882609e-02,3.044379346e-02,1.455599592e+00,3.660319508e+01,6.572363434e-02,1.279588e-16,2.068980e-17,1.044442e-17,6.901876e-03
3.530000,4.108061869e-02,1.683293258e-01,6.067810014e-02,8.406533202e-02,3.027861842e-02,1.440792529e+00,3.665688049e+01,6.571111417e-02,4.484621e-16,2.872788e-17,4.336809e-19,6.865457e-03
3.540000,4.104274798e-02,1.684418556e-01,6.052851202e-02,8.412139761e-02,3.011536015e-02,1.425584279e+00,3.671214949e+01,6.569860600e-02,2.372711e-16,2.794551e-17,3.556448e-18,6.916316e-03
3.550000,4.100481463e-02,1.685535572e-01,6.036541525e-02,8.417705033e-02,2.995406675e-02,1.410009944e+00,3.676895769e+01,6.568616702e-02,6.984542e-16,2.711113e-17,1.034490e-17,6.902266e-03
3.560000,4.096689141e-02,1.686644840e-01,6.018894785e-02,8.423231673e-02,2.979478485e-02,1.394106220e+00,3.682725874e+01,6.567385382e-02,2.237857e-16,3.496447e-18,8.730352e-18,6.867616e-03
3.570000,4.092905007e-02,1.687746872e-01,5.999926646e-02,8.428722241e-02,2.963755962e-02,1.377911452e+00,3.688700434e+01,6.566172240e-02,4.486797e-16,5.250405e-17,5.553825e-18,6.840036e-03
3.580000,4.089136123e-02,1.688842165e-01,5.979654638e-02,8.434179204e-02,2.948243471e-02,1.361465687e+00,3.694814436e+01,6.564982820e-02,2.226067e-16,4.987330e-18,5.997510e-18,6.846466e-03
3.590000,4.085389435e-02,1.689931194e-01,5.958098144e-02,8.439604935e-02,2.932945231e-02,1.344810730e+00,3.701062688e+01,6.563822603e-02,2.247421e-16,4.528228e-17,1.040834e-17,6.860026e-03
3.600000,4.081671759e-02,1.691014418e-01,5.935278406e-02,8.445001718e-02,2.917865312e-02,1.327990190e+00,3.707439831e+01,6.562697009e-02,1.000788e-16,1.514782e-17,4.470280e-18,6.854646e-03
3.610000,4.077989778e-02,1.692092276e-01,5.911218512e-02,8.450371745e-02,2.903007634e-02,1.311049530e+00,3.713940341e+01,6.561611398e-02,8.920749e-16,1.951564e-18,2.211347e-18,6.882046e-03
3.620000,4.074350031e-02,1.693165191e-01,5.885943398e-02,8.455717118e-02,2.888375972e-02,1.294036095e+00,3.720558542e+01,6.560571067e-02,2.293028e-16,3.453146e-17,3.387156e-18,6.866176e-03
3.630000,4.070758905e-02,1.694233566e-01,5.859479842e-02,8.461039852e-02,2.873973951e-02,1.276999145e+00,3.727288607e+01,6.559581251e-02,2.168933e-16,2.515349e-17,5.704181e-18,6.883126e-03
3.640000,4.067222628e-02,1.695297789e-01,5.831856460e-02,8.466341874e-02,2.859805054e-02,1.259989858e+00,3.734124571e+01,6.558647123e-02,6.661366e-16,3.705371e-18,7.006329e-18,6.872817e-03
3.650000,4.063747258e-02,1.696358230e-01,5.803103702e-02,8.471625030e-02,2.845872616e-02,1.243061327e+00,3.741060337e+01,6.557773790e-02,4.526818e-16,7.806256e-18,3.980661e-18,6.868046e-03
3.660000,4.060338677e-02,1.697415242e-01,5.773253850e-02,8.476891079e-02,2.832179835e-02,1.226268520e+00,3.748089678e+01,6.556966298e-02,3.356645e-16,1.821460e-17,4.872883e-18,6.858586e-03
3.670000,4.057002582e-02,1.698469163e-01,5.742341008e-02,8.482141703e-02,2.818729765e-02,1.209668228e+00,3.755206252e+01,6.556229630e-02,1.316570e-16,2.223328e-17,3.127317e-18,6.869286e-03
3.680000,4.053744475e-02,1.699520313e-01,5.710401102e-02,8.487378504e-02,2.805525328e-02,1.193318963e+00,3.762403601e+01,6.555568702e-02,2.059619e-16,2.818926e-18,8.344836e-18,6.858086e-03
3.690000,4.050569659e-02,1.700569000e-01,5.677471873e-02,8.492603008e-02,2.792569309e-02,1.177280823e+00,3.769675166e+01,6.554988370e-02,2.243405e-16,3.029564e-17,1.199502e-17,6.842356e-03
3.700000,4.047483224e-02,1.701615516e-01,5.643592867e-02,8.497816669e-02,2.779864365e-02,1.161615314e+00,3.777014284e+01,6.554493425e-02,7.791675e-16,2.348393e-17,1.097135e-17,6.855426e-03
3.710000,4.044490045e-02,1.702660137e-01,5.608805431e-02,8.503020870e-02,2.767413026e-02,1.146385111e+00,3.784414202e+01,6.554088594e-02,5.587479e-16,5.222209e-17,6.637585e-18,6.863596e-03
3.720000,4.041594771e-02,1.703703128e-01,5.573152705e-02,8.508216927e-02,2.755217697e-02,1.131653769e+00,3.791868083e+01,6.553778542e-02,2.423811e-16,1.506222e-17,4.470280e-18,6.868926e-03
3.730000,4.038801819e-02,1.704744740e-01,5.536679608e-02,8.513406089e-02,2.743280669e-02,1.117485359e+00,3.799369005e+01,6.553567870e-02,6.687732e-16,3.909928e-17,1.125065e-17,6.843286e-03
3.740000,4.036115366e-02,1.705785211e-01,5.499432828e-02,8.518589545e-02,2.731604117e-02,1.103944052e+00,3.806909977e+01,6.553461118e-02,6.742187e-16,1.179740e-17,7.857287e-18,6.853636e-03
3.750000,4.033539345e-02,1.706824768e-01,5.461460811e-02,8.523768426e-02,2.720190107e-02,1.091093613e+00,3.814483939e+01,6.553462762e-02,4.561255e-16,1.684112e-17,1.215081e-17,6.850876e-03
3.760000,4.031077436e-02,1.707863627e-01,5.422813740e-02,8.528943806e-02,2.709040601e-02,1.078996848e+00,3.822083767e+01,6.553577218e-02,3.337182e-16,2.754130e-17,5.204170e-18,6.894997e-03
3.770000,4.028733060e-02,1.708901993e-01,5.383543521e-02,8.534116709e-02,2.698157464e-02,1.067714962e+00,3.829702285e+01,6.553808840e-02,9.543049e-17,2.538052e-17,6.133174e-18,6.881817e-03
3.780000,4.026509377e-02,1.709940063e-01,5.343703758e-02,8.539288108e-02,2.687542465e-02,1.057306871e+00,3.837332264e+01,6.554161921e-02,9.438315e-17,1.683134e-17,1.217400e-17,6.863186e-03
3.790000,4.024409279e-02,1.710978021e-01,5.303349731e-02,8.544458934e-02,2.677197288e-02,1.047828463e+00,3.844966430e+01,6.554640696e-02,4.493177e-16,1.269026e-17,9.697399e-18,6.867796e-03
3.800000,4.022435385e-02,1.712016048e-01,5.262538364e-02,8.549630074e-02,2.667123534e-02,1.039331818e+00,3.852597474e+01,6.555249338e-02,2.371473e-16,2.672069e-17,5.421011e-18,6.875106e-03
3.810000,4.020590037e-02,1.713054312e-01,5.221328195e-02,8.554802378e-02,2.657322727e-02,1.031864418e+00,3.860218050e+01,6.555991965e-02,3.695961e-16,2.041642e-17,1.980858e-17,6.907426e-03
3.820000,4.018875301e-02,1.714092979e-01,5.179779333e-02,8.559976661e-02,2.647796322e-02,1.025468365e+00,3.867820786e+01,6.556872634e-02,6.674349e-16,2.668107e-17,2.110382e-17,6.896455e-03
3.830000,4.017292957e-02,1.715132205e-01,5.137953419e-02,8.565153708e-02,2.638545709e-02,1.020179632e+00,3.875398287e+01,6.557895347e-02,8.965181e-16,2.420176e-17,8.845389e-18,6.905746e-03
3.840000,4.015844506e-02,1.716172143e-01,5.095913572e-02,8.570334277e-02,2.629572219e-02,1.016027366e+00,3.882943144e+01,6.559064050e-02,6.691700e-16,5.618637e-17,1.039252e-17,6.894076e-03
3.850000,4.014531161e-02,1.717212940e-01,5.053724334e-02,8.575519102e-02,2.620877131e-02,1.013033295e+00,3.890447932e+01,6.560382633e-02,4.518815e-16,3.556778e-17,4.594766e-18,6.860506e-03
3.860000,4.013353849e-02,1.718254739e-01,5.011451602e-02,8.580708897e-02,2.612461679e-02,1.011211234e+00,3.897905225e+01,6.561854932e-02,4.704270e-16,5.465110e-17,6.942281e-18,6.890386e-03
3.870000,4.012313213e-02,1.719297681e-01,4.969162557e-02,8.585904361e-02,2.604327054e-02,1.010566731e+00,3.905307596e+01,6.563484731e-02,2.093381e-17,2.317760e-17,8.434508e-18,6.878366e-03
3.880000,4.011409608e-02,1.720341903e-01,4.926925578e-02,8.591106180e-02,2.596474412e-02,1.011096869e+00,3.912647622e+01,6.565275760e-02,4.516719e-16,8.456777e-17,1.318454e-17,6.925666e-03
3.890000,4.010643108e-02,1.721387541e-01,4.884810152e-02,8.596315030e-02,2.588904880e-02,1.012790222e+00,3.919917894e+01,6.567231697e-02,2.220480e-16,4.347205e-17,4.336809e-18,6.867666e-03
3.900000,4.010013503e-02,1.722434730e-01,4.842886766e-02,8.601531583e-02,2.581619560e-02,1.015626977e+00,3.927111018e+01,6.569356172e-02,1.415375e-16,3.837586e-17,7.638818e-18,6.890545e-03
3.910000,4.009520304e-02,1.723483605e-01,4.801226794e-02,8.606756509e-02,2.574619536e-02,1.019579218e+00,3.934219624e+01,6.571652763e-02,4.451782e-16,2.004455e-17,6.377469e-18,6.904396e-03
3.920000,4.009162745e-02,1.724534300e-01,4.759902363e-02,8.611990479e-02,2.567905877e-02,1.024611349e+00,3.941236373e+01,6.574125001e-02,1.481850e-16,4.459960e-17,2.538052e-18,6.870756e-03
3.930000,4.008939788e-02,1.725586952e-01,4.718986214e-02,8.617234170e-02,2.561479642e-02,1.030680648e+00,3.948153959e+01,6.576776370e-02,4.445176e-17,2.702166e-17,1.226635e-18,6.895936e-03
3.940000,4.008850128e-02,1.726641697e-01,4.678551543e-02,8.622488265e-02,2.555341883e-02,1.037737921e+00,3.954965120e+01,6.579610305e-02,1.112770e-16,2.255557e-17,3.679904e-18,6.877546e-03
3.950000,4.008892196e-02,1.727698675e-01,4.638671829e-02,8.627753462e-02,2.549493653e-02,1.045728237e+00,3.961662640e+01,6.582630197e-02,2.777251e-17,2.602085e-17,6.087001e-18,6.903316e-03
3.960000,4.009064166e-02,1.728758029e-01,4.599420646e-02,8.633030472e-02,2.543936004e-02,1.054591709e+00,3.968239358e+01,6.585839393e-02,4.171460e-17,5.662193e-17,1.067815e-17,6.927007e-03
3.970000,4.009363962e-02,1.729819906e-01,4.560871460e-02,8.638320022e-02,2.538669996e-02,1.064264305e+00,3.974688177e+01,6.589241194e-02,2.221775e-16,2.038300e-17,1.388456e-18,6.938986e-03
3.980000,4.009789263e-02,1.730884456e-01,4.523097406e-02,8.643622862e-02,2.533696693e-02,1.074678657e+00,3.981002066e+01,6.592838860e-02,4.467429e-16,2.622335e-17,3.998340e-18,6.931206e-03
3.990000,4.010337514e-02,1.731951834e-01,4.486171058e-02,8.648939765e-02,2.529017172e-02,1.085764849e+00,3.987174071e+01,6.596635607e-02,2.864356e-16,2.653617e-17,8.716878e-18,6.950276e-03
4.000000,4.011005930e-02,1.733022200e-01,4.450164171e-02,8.654271530e-02,2.524632519e-02,1.097451173e+00,3.993197320e+01,6.600634611e-02,4.586033e-16,6.619851e-18,1.788112e-18,6.949775e-03
4.010000,4.011791505e-02,1.734095721e-01,4.415147418e-02,8.659618984e-02,2.520543833e-02,1.109664834e+00,3.999065030e+01,6.604839006e-02,1.129720e-16,6.122470e-17,1.726164e-17,6.882706e-03
4.020000,4.012691024e-02,1.735172569e-01,4.381190107e-02,8.664982987e-02,2.516752229e-02,1.122332600e+00,4.004770517e+01,6.609251889e-02,4.476035e-16,5.336214e-17,5.169041e-18,6.853426e-03
4.030000,4.013701069e-02,1.736252924e-01,4.348359890e-02,8.670364431e-02,2.513258833e-02,1.135381387e+00,4.010307203e+01,6.613876314e-02,2.371561e-16,2.430161e-17,2.356687e-17,6.864876e-03
4.040000,4.014818033e-02,1.737336972e-01,4.316722454e-02,8.675764245e-02,2.510064784e-02,1.148738784e+00,4.015668622e+01,6.618715299e-02,1.113343e-15,3.679904e-17,1.918793e-17,6.937056e-03
4.050000,4.016038122e-02,1.738424907e-01,4.286341210e-02,8.681183394e-02,2.507171235e-02,1.162333517e+00,4.020848428e+01,6.623771823e-02,6.684805e-16,2.682168e-17,1.495413e-17,6.883566e-03
4.060000,4.017357377e-02,1.739516930e-01,4.257276969e-02,8.686622886e-02,2.504579349e-02,1.176095844e+00,4.025840406e+01,6.629048826e-02,2.533458e-16,3.161486e-17,3.157244e-18,6.884296e-03
4.070000,4.018771673e-02,1.740613253e-01,4.229587621e-02,8.692083767e-02,2.502290299e-02,1.189957909e+00,4.030638474e+01,6.634549214e-02,1.249340e-16,2.793120e-17,3.794708e-18,6.863326e-03
4.080000,4.020276738e-02,1.741714094e-01,4.203327809e-02,8.697567129e-02,2.500305263e-02,1.203854029e+00,4.035236700e+01,6.640275852e-02,1.186173e-16,2.175332e-17,5.057545e-18,6.882536e-03
4.090000,4.021868162e-02,1.742819682e-01,4.178548606e-02,8.703074105e-02,2.498625423e-02,1.217720953e+00,4.039629300e+01,6.646231573e-02,5.556914e-17,1.912626e-17,4.610091e-18,6.903006e-03
4.100000,4.023541406e-02,1.743930253e-01,4.155297205e-02,8.708605878e-02,2.497251961e-02,1.231498063e+00,4.043810655e+01,6.652419169e-02,6.745076e-16,5.980552e-17,1.304652e-17,6.885006e-03
4.110000,4.025291820e-02,1.745046054e-01,4.133616613e-02,8.714163674e-02,2.496186054e-02,1.245127558e+00,4.047775310e+01,6.658841400e-02,3.330771e-16,2.432095e-17,1.926862e-17,6.883247e-03
4.120000,4.027114645e-02,1.746167342e-01,4.113545366e-02,8.719748770e-02,2.495428870e-02,1.258554592e+00,4.051517992e+01,6.665500986e-02,3.903721e-16,5.042647e-17,1.093916e-17,6.862156e-03
4.130000,4.029005034e-02,1.747294381e-01,4.095117265e-02,8.725362490e-02,2.494981562e-02,1.271727403e+00,4.055033608e+01,6.672400613e-02,7.803780e-16,4.470911e-17,2.250993e-17,6.853006e-03
4.140000,4.030958060e-02,1.748427449e-01,4.078361132e-02,8.731006207e-02,2.494845266e-02,1.284597406e+00,4.058317258e+01,6.679542931e-02,5.551151e-16,2.166777e-17,2.297383e-18,6.912816e-03
4.150000,4.032968725e-02,1.749566830e-01,4.063300602e-02,8.736681345e-02,2.495021087e-02,1.297119278e+00,4.061364244e+01,6.686930551e-02,1.110536e-16,3.947270e-17,1.669671e-17,6.919566e-03
4.160000,4.035031978e-02,1.750712822e-01,4.049953937e-02,8.742389377e-02,2.495510102e-02,1.309251027e+00,4.064170071e+01,6.694566049e-02,4.443686e-16,2.214853e-17,4.336809e-18,6.889646e-03
4.170000,4.037142724e-02,1.751865729e-01,4.038333893e-02,8.748131826e-02,2.496313346e-02,1.320954043e+00,4.066730458e+01,6.702451964e-02,2.676679e-16,2.927346e-17,4.775415e-18,6.908066e-03
4.180000,4.039295833e-02,1.753025867e-01,4.028447608e-02,8.753910265e-02,2.497431809e-02,1.332193146e+00,4.069041346e+01,6.710590797e-02,2.326528e-16,2.132656e-17,9.241194e-18,6.917866e-03
4.190000,4.041486157e-02,1.754193564e-01,4.020296543e-02,8.759726319e-02,2.498866426e-02,1.342936617e+00,4.071098898e+01,6.718985009e-02,2.326471e-16,2.276721e-17,7.890877e-18,6.953966e-03
4.200000,4.043708538e-02,1.755369154e-01,4.013876465e-02,8.765581658e-02,2.500618069e-02,1.353156227e+00,4.072899513e+01,6.727637023e-02,1.112930e-16,3.576224e-17,1.345110e-17,6.893656e-03
4.210000,4.045957821e-02,1.756552983e-01,4.009177467e-02,8.771478005e-02,2.502687541e-02,1.362827258e+00,4.074439823e+01,6.736549225e-02,5.647854e-16,2.432095e-17,9.503946e-18,6.894396e-03
4.220000,4.048228864e-02,1.757745407e-01,4.006184044e-02,8.777417128e-02,2.505075566e-02,1.371928514e+00,4.075716706e+01,6.745723956e-02,1.249008e-16,2.483841e-17,1.120092e-17,6.885245e-03
4.230000,4.050516551e-02,1.758946790e-01,4.004875196e-02,8.783400845e-02,2.507782782e-02,1.380442327e+00,4.076727283e+01,6.755163518e-02,1.119294e-16,2.776320e-17,4.466334e-18,6.890636e-03
4.240000,4.052815802e-02,1.760157507e-01,4.005224588e-02,8.789431019e-02,2.510809731e-02,1.388354558e+00,4.077468928e+01,6.764870171e-02,5.582753e-16,8.697978e-18,1.379666e-17,6.929176e-03
4.250000,4.055121585e-02,1.761377941e-01,4.007200739e-02,8.795509557e-02,2.514156850e-02,1.395654589e+00,4.077939268e+01,6.774846131e-02,1.457277e-16,3.823838e-17,4.755682e-18,6.951666e-03
4.260000,4.057428924e-02,1.762608485e-01,4.010767250e-02,8.801638410e-02,2.517824465e-02,1.402335308e+00,4.078136186e+01,6.785093569e-02,3.333610e-16,2.071252e-17,6.901524e-18,6.897566e-03
4.270000,4.059732912e-02,1.763849537e-01,4.015883065e-02,8.807819573e-02,2.521812779e-02,1.408393090e+00,4.078057824e+01,6.795614610e-02,1.428913e-16,9.967587e-18,1.268702e-17,6.875006e-03
4.280000,4.062028721e-02,1.765101507e-01,4.022502759e-02,8.814055080e-02,2.526121867e-02,1.413827769e+00,4.077702587e+01,6.806411333e-02,2.220514e-16,1.561402e-17,1.701058e-17,6.883336e-03
4.290000,4.064311609e-02,1.766364812e-01,4.030576848e-02,8.820347002e-02,2.530751664e-02,1.418642594e+00,4.077069139e+01,6.817485766e-02,4.494782e-16,4.081269e-17,8.351172e-18,6.924846e-03
4.300000,4.066576933e-02,1.767639875e-01,4.040052123e-02,8.826697450e-02,2.535701959e-02,1.422844191e+00,4.076156409e+01,6.828839890e-02,3.500592e-16,3.235576e-17,1.363726e-17,6.913656e-03
4.310000,4.068820158e-02,1.768927127e-01,4.050871997e-02,8.833108568e-02,2.540972387e-02,1.426442503e+00,4.074963585e+01,6.840475632e-02,5.559784e-16,1.571457e-17,1.137741e-17,6.870716e-03
4.320000,4.071036864e-02,1.770227004e-01,4.062976853e-02,8.839582533e-02,2.546562420e-02,1.429450724e+00,4.073490122e+01,6.852394866e-02,5.578824e-16,2.092931e-17,2.103799e-17,6.885106e-03
4.330000,4.073222756e-02,1.771539951e-01,4.076304414e-02,8.846121552e-02,2.552471360e-02,1.431885223e+00,4.071735731e+01,6.864599413e-02,3.740042e-17,3.659660e-17,7.893111e-19,6.864006e-03
4.340000,4.075373673e-02,1.772866417e-01,4.090790097e-02,8.852727859e-02,2.558698335e-02,1.433765457e+00,4.069700386e+01,6.877091035e-02,1.039173e-16,3.146802e-17,5.391658e-18,7.120366e-03
4.350000,4.077485597e-02,1.774206855e-01,4.106367373e-02,8.859403715e-02,2.565242284e-02,1.435113867e+00,4.067384316e+01,6.889871437e-02,2.263670e-16,8.330737e-18,1.629913e-18,6.974006e-03
4.360000,4.079554658e-02,1.775561724e-01,4.122968121e-02,8.866151401e-02,2.572101962e-02,1.435955769e+00,4.064788004e+01,6.902942265e-02,2.263612e-16,5.358899e-17,1.846330e-18,6.890256e-03
4.370000,4.081577145e-02,1.776931487e-01,4.140522967e-02,8.872973222e-02,2.579275923e-02,1.436319224e+00,4.061912186e+01,6.916305099e-02,4.640801e-16,3.319855e-17,2.338763e-17,6.900446e-03
4.380000,4.083549513e-02,1.778316609e-01,4.158961613e-02,8.879871495e-02,2.586762524e-02,1.436234896e+00,4.058757844e+01,6.929961459e-02,4.167457e-17,1.346508e-17,9.414472e-18,6.881686e-03
4.390000,4.085468387e-02,1.779717560e-01,4.178213153e-02,8.886848556e-02,2.594559912e-02,1.435735895e+00,4.055326206e+01,6.943912797e-02,2.641342e-16,4.008910e-17,8.306406e-18,6.907176e-03
4.400000,4.087330573e-02,1.781134810e-01,4.198206368e-02,8.893906747e-02,2.602666028e-02,1.434857608e+00,4.051618738e+01,6.958160498e-02,2.423656e-16,3.115568e-17,7.603777e-18,6.874506e-03
4.410000,4.089133062e-02,1.782568833e-01,4.218870008e-02,8.901048423e-02,2.611078594e-02,1.433637505e+00,4.047637139e+01,6.972705877e-02,6.684500e-16,6.087001e-17,9.314836e-18,6.884657e-03
4.420000,4.090873038e-02,1.784020101e-01,4.240133051e-02,8.908275940e-02,2.619795119e-02,1.432114936e+00,4.043383342e+01,6.987550176e-02,1.006239e-15,9.113904e-17,1.793953e-17,6.886576e-03
4.430000,4.092547883e-02,1.785489090e-01,4.261924944e-02,8.915591657e-02,2.628812890e-02,1.430330908e+00,4.038859501e+01,7.002694565e-02,3.109601e-17,4.355849e-17,4.029091e-18,6.868136e-03
4.440000,4.094155182e-02,1.786976272e-01,4.284175825e-02,8.922997932e-02,2.638128970e-02,1.428327845e+00,4.034067991e+01,7.018140137e-02,6.787735e-16,3.998340e-17,1.062352e-17,6.924926e-03
4.450000,4.095692731e-02,1.788482121e-01,4.306816725e-02,8.930497117e-02,2.647740202e-02,1.426149330e+00,4.029011400e+01,7.033887906e-02,1.119031e-16,1.966923e-17,6.928722e-18,6.893246e-03
4.460000,4.097158541e-02,1.790007107e-01,4.329779751e-02,8.938091556e-02,2.657643203e-02,1.423839830e+00,4.023692525e+01,7.049938807e-02,2.289909e-16,1.436394e-17,2.135631e-18,6.923346e-03
4.470000,4.098550842e-02,1.791551700e-01,4.352998246e-02,8.945783581e-02,2.667834364e-02,1.421444409e+00,4.018114364e+01,7.066293694e-02,3.363200e-16,1.882894e-17,7.178696e-18,6.910466e-03
4.480000,4.099868089e-02,1.793116364e-01,4.376406939e-02,8.953575509e-02,2.678309856e-02,1.419008416e+00,4.012280112e+01,7.082953335e-02,1.534460e-16,2.509735e-17,1.399419e-17,6.888766e-03
4.490000,4.101108966e-02,1.794701563e-01,4.399942072e-02,8.961469639e-02,2.689065623e-02,1.416577172e+00,4.006193155e+01,7.099918412e-02,7.810200e-16,2.693015e-17,1.287236e-17,6.884776e-03
4.500000,4.102272391e-02,1.796307752e-01,4.423541512e-02,8.969468246e-02,2.700097390e-02,1.414195630e+00,3.999857063e+01,7.117189520e-02,1.118939e-16,2.832238e-17,9.375058e-18,6.868077e-03
4.510000,4.103357518e-02,1.797935386e-01,4.447144847e-02,8.977573582e-02,2.711400660e-02,1.411908040e+00,3.993275586e+01,7.134767163e-02,4.545998e-16,3.900477e-17,6.103394e-18,6.884096e-03
4.520000,4.104363743e-02,1.799584910e-01,4.470693471e-02,8.985787868e-02,2.722970723e-02,1.409757593e+00,3.986452647e+01,7.152651754e-02,9.994195e-16,3.431290e-17,2.675937e-17,6.963716e-03
4.530000,4.105290706e-02,1.801256765e-01,4.494130652e-02,8.994113292e-02,2.734802654e-02,1.407786070e+00,3.979392336e+01,7.170843609e-02,8.882064e-16,1.788112e-17,8.067659e-18,6.886216e-03
4.540000,4.106138295e-02,1.802951382e-01,4.517401589e-02,9.002552009e-02,2.746891319e-02,1.406033488e+00,3.972098909e+01,7.189342953e-02,2.482780e-16,2.445975e-17,1.126945e-17,6.893976e-03
4.550000,4.106906648e-02,1.804669189e-01,4.540453461e-02,9.011106132e-02,2.759231379e-02,1.404537747e+00,3.964576775e+01,7.208149910e-02,2.456304e-16,1.224494e-16,1.464315e-17,6.912016e-03
4.560000,4.107596156e-02,1.806410600e-01,4.563235463e-02,9.019777731e-02,2.771817294e-02,1.403334287e+00,3.956830500e+01,7.227264504e-02,2.655891e-16,1.965010e-17,5.006150e-18,6.920466e-03
4.570000,4.108207466e-02,1.808176023e-01,4.585698829e-02,9.028568832e-02,2.784643331e-02,1.402455757e+00,3.948864793e+01,7.246686660e-02,4.454446e-16,2.993655e-17,1.594367e-17,6.911186e-03
4.580000,4.108741482e-02,1.809965856e-01,4.607796860e-02,9.037481410e-02,2.797703568e-02,1.401931705e+00,3.940684510e+01,7.266416198e-02,3.348699e-16,1.728206e-17,3.229467e-17,6.946026e-03
4.590000,4.109199367e-02,1.811780485e-01,4.629484926e-02,9.046517387e-02,2.810991898e-02,1.401788282e+00,3.932294645e+01,7.286452837e-02,2.323333e-16,2.737691e-17,2.220710e-17,6.889387e-03
4.600000,4.109582545e-02,1.813620285e-01,4.650720480e-02,9.055678631e-02,2.824502041e-02,1.402047980e+00,3.923700326e+01,7.306796185e-02,4.561235e-16,3.887677e-17,8.641030e-18,6.898056e-03
4.610000,4.109892701e-02,1.815485621e-01,4.671463053e-02,9.064966949e-02,2.838227544e-02,1.402729398e+00,3.914906812e+01,7.327445745e-02,2.514347e-16,5.609256e-17,2.028617e-17,6.909116e-03
4.620000,4.110131785e-02,1.817376843e-01,4.691674249e-02,9.074384085e-02,2.852161796e-02,1.403847046e+00,3.905919490e+01,7.348400912e-02,1.600584e-16,5.695107e-17,9.590747e-18,6.948476e-03
4.630000,4.110302008e-02,1.819294289e-01,4.711317735e-02,9.083931722e-02,2.866298029e-02,1.405411182e+00,3.896743870e+01,7.369660968e-02,1.489927e-16,2.422798e-17,2.074909e-17,6.900037e-03
4.640000,4.110405845e-02,1.821238285e-01,4.730359229e-02,9.093611470e-02,2.880629328e-02,1.407427699e+00,3.887385583e+01,7.391225084e-02,1.127854e-16,1.020284e-16,2.722190e-17,6.869956e-03
4.650000,4.110446035e-02,1.823209140e-01,4.748766480e-02,9.103424872e-02,2.895148641e-02,1.409898043e+00,3.877850380e+01,7.413092319e-02,6.733236e-16,6.276847e-17,1.409463e-17,6.926176e-03
4.660000,4.110425580e-02,1.825207149e-01,4.766509249e-02,9.113373394e-02,2.909848784e-02,1.412819183e+00,3.868144123e+01,7.435261617e-02,1.113087e-15,7.736556e-17,1.990331e-17,6.920275e-03
4.670000,4.110347743e-02,1.827232594e-01,4.783559284e-02,9.123458428e-02,2.924722452e-02,1.416183627e+00,3.858272789e+01,7.457731805e-02,3.417081e-16,6.481462e-17,2.611105e-18,6.914106e-03
4.680000,4.110216048e-02,1.829285738e-01,4.799890296e-02,9.133681286e-02,2.939762226e-02,1.419979470e+00,3.848242465e+01,7.480501596e-02,2.001492e-16,1.211709e-16,3.916657e-18,6.901786e-03
4.690000,4.110034280e-02,1.831366829e-01,4.815477931e-02,9.144043198e-02,2.954960584e-02,1.424190491e+00,3.838059345e+01,7.503569584e-02,6.685882e-16,2.485260e-17,2.657247e-17,6.862846e-03
4.700000,4.109806479e-02,1.833476099e-01,4.830299741e-02,9.154545314e-02,2.970309904e-02,1.428796285e+00,3.827729728e+01,7.526934244e-02,2.313942e-16,2.875733e-17,1.613386e-17,6.943756e-03
4.710000,4.109536942e-02,1.835613762e-01,4.844335150e-02,9.165188693e-02,2.985802482e-02,1.433772434e+00,3.817260018e+01,7.550593934e-02,9.025382e-17,4.350016e-17,2.315324e-17,6.873336e-03
4.720000,4.109230218e-02,1.837780013e-01,4.857565427e-02,9.175974308e-02,3.001430533e-02,1.439090698e+00,3.806656718e+01,7.574546889e-02,2.306628e-16,4.771278e-17,2.251071e-17,6.886516e-03
4.730000,4.108891102e-02,1.839975032e-01,4.869973647e-02,9.186903044e-02,3.017186201e-02,1.444719244e+00,3.795926432e+01,7.598791226e-02,5.579255e-16,2.250131e-17,6.992894e-18,6.851496e-03
4.740000,4.108524638e-02,1.842198977e-01,4.881544659e-02,9.197975691e-02,3.033061573e-02,1.450622889e+00,3.785075859e+01,7.623324937e-02,4.508173e-16,7.410742e-17,5.126626e-17,6.857016e-03
4.750000,4.108136111e-02,1.844451991e-01,4.892265052e-02,9.209192948e-02,3.049048683e-02,1.456763365e+00,3.774111795e+01,7.648145897e-02,7.601796e-17,2.067616e-17,7.589415e-19,6.864747e-03
4.760000,4.107731040e-02,1.846734195e-01,4.902123113e-02,9.220555417e-02,3.065139522e-02,1.463099594e+00,3.763041126e+01,7.673251853e-02,7.776521e-16,1.214655e-16,1.206586e-17,6.880126e-03
4.770000,4.107315179e-02,1.849045692e-01,4.911108798e-02,9.232063603e-02,3.081326046e-02,1.469587971e+00,3.751870831e+01,7.698640434e-02,9.993213e-16,6.774312e-18,2.235140e-18,6.879846e-03
4.780000,4.106894506e-02,1.851386564e-01,4.919213683e-02,9.243717915e-02,3.097600188e-02,1.476182657e+00,3.740607974e+01,7.724309141e-02,5.578812e-16,3.778752e-17,1.025417e-17,6.873627e-03
4.790000,4.106475219e-02,1.853756874e-01,4.926430936e-02,9.255518660e-02,3.113953862e-02,1.482835863e+00,3.729259704e+01,7.750255355e-02,2.792872e-16,1.868354e-17,1.188921e-17,6.872846e-03
4.800000,4.106063731e-02,1.856156666e-01,4.932755271e-02,9.267466049e-02,3.130378974e-02,1.489498143e+00,3.717833254e+01,7.776476332e-02,6.661708e-16,8.820369e-17,2.927346e-17,6.899746e-03
4.810000,4.105666663e-02,1.858585962e-01,4.938182908e-02,9.279560187e-02,3.146867429e-02,1.496118678e+00,3.706335931e+01,7.802969202e-02,2.396714e-16,4.981104e-17,1.663358e-17,6.868566e-03
4.820000,4.105290831e-02,1.861044764e-01,4.942711534e-02,9.291801079e-02,3.163411142e-02,1.502645549e+00,3.694775120e+01,7.829730974e-02,1.449013e-16,4.848700e-17,7.112895e-18,7.013036e-03
4.830000,4.104943247e-02,1.863533053e-01,4.946340261e-02,9.304188628e-02,3.180002042e-02,1.509026011e+00,3.683158275e+01,7.856758531e-02,5.671266e-16,3.716774e-17,1.732689e-17,6.896236e-03
4.840000,4.104631103e-02,1.866050790e-01,4.949069583e-02,9.316722633e-02,3.196632080e-02,1.515206753e+00,3.671492915e+01,7.884048631e-02,3.351585e-16,9.345898e-17,3.998340e-18,6.888466e-03
4.850000,4.104361766e-02,1.868597916e-01,4.950901333e-02,9.329402790e-02,3.213293241e-02,1.521134147e+00,3.659786621e+01,7.911597910e-02,3.405033e-16,4.091337e-17,9.120196e-18,6.899416e-03
4.860000,4.104142765e-02,1.871174348e-01,4.951838638e-02,9.342228691e-02,3.229977547e-02,1.526754497e+00,3.648047028e+01,7.939402878e-02,4.567568e-16,4.755682e-17,3.382989e-17,6.899446e-03
4.870000,4.103981787e-02,1.873779986e-01,4.951885877e-02,9.355199822e-02,3.246677065e-02,1.532014267e+00,3.636281822e+01,7.967459922e-02,8.003527e-17,5.919069e-17,7.564593e-18,6.879986e-03
4.880000,4.103886659e-02,1.876414706e-01,4.951048635e-02,9.368315569e-02,3.263383913e-02,1.536860308e+00,3.624498728e+01,7.995765306e-02,4.165594e-17,3.723852e-17,2.619734e-17,6.912886e-03
4.890000,4.103865341e-02,1.879078366e-01,4.949333652e-02,9.381575210e-02,3.280090272e-02,1.541240082e+00,3.612705510e+01,8.024315168e-02,4.484603e-16,5.642020e-17,4.099202e-17,6.901166e-03
4.900000,4.103925917e-02,1.881770800e-01,4.946748783e-02,9.394977924e-02,3.296788384e-02,1.545101869e+00,3.600909956e+01,8.053105525e-02,2.220467e-16,3.006194e-17,1.233515e-17,6.885736e-03
4.910000,4.104076575e-02,1.884491825e-01,4.943302947e-02,9.408522784e-02,3.313470565e-02,1.548394980e+00,3.589119875e+01,8.082132273e-02,2.314938e-16,3.859760e-17,2.388889e-17,6.831217e-03
4.920000,4.104325602e-02,1.887241234e-01,4.939006076e-02,9.422208760e-02,3.330129208e-02,1.551069964e+00,3.577343084e+01,8.111391181e-02,5.676777e-16,4.527761e-17,1.855348e-17,6.887746e-03
4.930000,4.104681369e-02,1.890018801e-01,4.933869070e-02,9.436034721e-02,3.346756788e-02,1.553078816e+00,3.565587399e+01,8.140877900e-02,4.496928e-16,1.303931e-17,7.996680e-18,6.877406e-03
4.940000,4.105152314e-02,1.892824280e-01,4.927903740e-02,9.449999436e-02,3.363345871e-02,1.554375185e+00,3.553860626e+01,8.170587960e-02,5.594342e-16,9.383655e-17,1.492266e-17,6.870986e-03
4.950000,4.105746932e-02,1.895657405e-01,4.921122764e-02,9.464101573e-02,3.379889114e-02,1.554914589e+00,3.542170545e+01,8.200516766e-02,2.917644e-16,2.381694e-17,8.716878e-18,6.908136e-03
4.960000,4.106473760e-02,1.898517889e-01,4.913539629e-02,9.478339698e-02,3.396379276e-02,1.554654634e+00,3.530524903e+01,8.230659608e-02,3.365922e-16,1.592264e-17,1.649271e-17,6.899026e-03
4.970000,4.107341359e-02,1.901405426e-01,4.905168579e-02,9.492712283e-02,3.412809217e-02,1.553555248e+00,3.518931397e+01,8.261011653e-02,6.667123e-16,5.747049e-17,1.411963e-17,6.885876e-03
4.980000,4.108358305e-02,1.904319690e-01,4.896024561e-02,9.507217700e-02,3.429171906e-02,1.551578924e+00,3.507397662e+01,8.291567951e-02,2.310816e-16,3.801826e-17,6.026175e-17,6.887176e-03
4.990000,4.109533166e-02,1.907260335e-01,4.886123172e-02,9.521854226e-02,3.445460423e-02,1.548690980e+00,3.495931254e+01,8.322323432e-02,8.441640e-17,7.674191e-17,5.981810e-18,6.887406e-03
5.000000,4.110874492e-02,1.910226999e-01,4.875480599e-02,9.536620042e-02,3.461667965e-02,1.544859840e+00,3.484539639e+01,8.353272910e-02,3.928165e-17,1.044442e-17,4.327746e-17,6.910906e-03
5.010000,4.112388715e-02,1.913219298e-01,4.863987846e-02,9.551513238e-02,3.477787805e-02,1.550427245e+00,3.474990636e+01,8.384404941e-02,6.764984e-16,3.580692e-17,1.706852e-17,6.883666e-03
5.020000,4.114073413e-02,1.916236830e-01,4.851800190e-02,9.566531809e-02,3.493813574e-02,1.555993477e+00,3.465455592e+01,8.415720956e-02,1.279535e-16,1.604619e-17,7.721468e-18,6.870236e-03
5.030000,4.115923938e-02,1.919279175e-01,4.838934067e-02,9.581673656e-02,3.509738972e-02,1.561558145e+00,3.455934893e+01,8.447215431e-02,5.790551e-16,3.346938e-17,3.260566e-17,6.859516e-03
5.040000,4.117935502e-02,1.922345895e-01,4.825405968e-02,9.596936595e-02,3.525557815e-02,1.567120785e+00,3.446428937e+01,8.478882707e-02,2.443452e-16,5.248255e-17,1.411963e-17,6.850526e-03
5.050000,4.120103185e-02,1.925436534e-01,4.811232482e-02,9.612318347e-02,3.541264032e-02,1.572680871e+00,3.436938141e+01,8.510716986e-02,3.104455e-17,5.638518e-17,1.168577e-17,6.890446e-03
5.060000,4.122421941e-02,1.928550617e-01,4.796430333e-02,9.627816548e-02,3.556851673e-02,1.578237816e+00,3.427462934e+01,8.542712344e-02,5.594483e-17,7.445683e-17,3.892573e-18,6.890586e-03
5.070000,4.124886609e-02,1.931687653e-01,4.781016405e-02,9.643428743e-02,3.572314907e-02,1.583790980e+00,3.418003761e+01,8.574862727e-02,4.460384e-16,4.977326e-17,2.445615e-17,6.854886e-03
5.080000,4.127491919e-02,1.934847133e-01,4.765007772e-02,9.659152394e-02,3.587648024e-02,1.589339669e+00,3.408561074e+01,8.607161961e-02,8.918854e-16,6.375699e-17,1.831885e-17,6.890436e-03
5.090000,4.130232501e-02,1.938028529e-01,4.748421719e-02,9.674984875e-02,3.602845440e-02,1.594883145e+00,3.399135342e+01,8.639603752e-02,4.469020e-16,5.508430e-17,1.048934e-17,6.861236e-03
5.100000,4.133102892e-02,1.941231300e-01,4.731275756e-02,9.690923477e-02,3.617901691e-02,1.600420622e+00,3.389727040e+01,8.672181690e-02,3.368093e-16,4.720751e-17,1.023524e-17,6.884056e-03
5.110000,4.136097544e-02,1.944454883e-01,4.713587635e-02,9.706965406e-02,3.632811443e-02,1.605951278e+00,3.380336653e+01,8.704889252e-02,1.000453e-15,5.834579e-18,4.297286e-17,6.867366e-03
5.120000,4.139210830e-02,1.947698705e-01,4.695375357e-02,9.723107791e-02,3.647569483e-02,1.611474247e+00,3.370964677e+01,8.737719809e-02,6.737543e-16,2.689171e-17,1.022834e-17,6.858886e-03
5.130000,4.142437053e-02,1.950962171e-01,4.676657179e-02,9.739347679e-02,3.662170729e-02,1.616988632e+00,3.361611614e+01,8.770666625e-02,1.521843e-16,3.913715e-17,8.066930e-18,6.891666e-03
5.140000,4.145770452e-02,1.954244674e-01,4.657451621e-02,9.755682040e-02,3.676610225e-02,1.622493497e+00,3.352277974e+01,8.803722863e-02,4.494809e-16,2.140908e-17,2.243251e-17,6.863276e-03
5.150000,4.149205206e-02,1.957545592e-01,4.637777460e-02,9.772107768e-02,3.690883140e-02,1.627987878e+00,3.342964273e+01,8.836881586e-02,6.670386e-16,2.595210e-17,3.252607e-19,6.897946e-03
5.160000,4.152735447e-02,1.960864286e-01,4.617653733e-02,9.788621685e-02,3.704984774e-02,1.633470777e+00,3.333671037e+01,8.870135764e-02,5.594337e-16,2.298509e-17,6.594944e-18,6.908196e-03
5.170000,4.156355260e-02,1.964200104e-01,4.597099731e-02,9.805220539e-02,3.718910554e-02,1.638941168e+00,3.324398793e+01,8.903478272e-02,2.247443e-16,3.591181e-17,1.632508e-17,6.910815e-03
5.180000,4.160058692e-02,1.967552380e-01,4.576134991e-02,9.821901009e-02,3.732656032e-02,1.644397996e+00,3.315148078e+01,8.936901896e-02,5.551557e-16,2.024876e-17,1.754164e-17,6.911786e-03
5.190000,4.163839758e-02,1.970920432e-01,4.554779287e-02,9.838659708e-02,3.746216890e-02,1.649840181e+00,3.305919431e+01,8.970399338e-02,9.714839e-17,9.341772e-18,2.335544e-17,6.908566e-03
5.200000,4.167692449e-02,1.974303569e-01,4.533052620e-02,9.855493181e-02,3.759588937e-02,1.655266613e+00,3.296713399e+01,9.003963216e-02,4.164974e-17,2.047047e-17,1.167369e-17,6.890816e-03
5.210000,4.171610732e-02,1.977701084e-01,4.510975203e-02,9.872397913e-02,3.772768106e-02,1.660676161e+00,3.287530531e+01,9.037586065e-02,2.498003e-16,3.422509e-17,1.120092e-17,6.926605e-03
5.220000,4.175588563e-02,1.981112260e-01,4.488567446e-02,9.889370326e-02,3.785750458e-02,1.666067666e+00,3.278371382e+01,9.071260347e-02,2.371517e-16,7.958960e-17,1.893354e-17,6.944346e-03
5.230000,4.179619887e-02,1.984536366e-01,4.465849939e-02,9.906406785e-02,3.798532180e-02,1.671439947e+00,3.269236511e+01,9.104978447e-02,4.458756e-16,2.784015e-17,1.680338e-17,6.923616e-03
5.240000,4.183698646e-02,1.987972660e-01,4.442843435e-02,9.923503597e-02,3.811109581e-02,1.676791799e+00,3.260126481e+01,9.138732680e-02,1.152835e-16,2.521324e-17,1.412129e-17,6.911176e-03
5.250000,4.187818784e-02,1.991420392e-01,4.419568828e-02,9.940657018e-02,3.823479096e-02,1.682121994e+00,3.251041859e+01,9.172515291e-02,4.451736e-16,4.342226e-17,1.162121e-17,6.913476e-03
5.260000,4.191974250e-02,1.994878798e-01,4.396047131e-02,9.957863252e-02,3.835637280e-02,1.687429283e+00,3.241983216e+01,9.206318463e-02,6.670008e-16,2.168404e-17,1.399293e-17,6.896486e-03
5.270000,4.196159007e-02,1.998347107e-01,4.372299456e-02,9.975118452e-02,3.847580814e-02,1.692712393e+00,3.232951125e+01,9.240134313e-02,4.441450e-16,3.420585e-17,5.704181e-18,6.921226e-03
5.280000,4.200367034e-02,2.001824536e-01,4.348346986e-02,9.992418728e-02,3.859306496e-02,1.697970031e+00,3.223946165e+01,9.273954901e-02,4.533739e-16,2.717003e-17,2.475022e-17,6.918176e-03
5.290000,4.204592330e-02,2.005310296e-01,4.324210951e-02,1.000976014e-01,3.870811245e-02,1.703200884e+00,3.214968918e+01,9.307772229e-02,4.443088e-16,2.195985e-17,1.304652e-17,6.921406e-03
5.300000,4.208828921e-02,2.008803587e-01,4.299912600e-02,1.002713872e-01,3.882092098e-02,1.708403616e+00,3.206019967e+01,9.341578246e-02,2.294062e-16,4.112429e-17,1.396055e-17,6.900006e-03
5.310000,4.213070862e-02,2.012303603e-01,4.275473177e-02,1.004455045e-01,3.893146210e-02,1.713576872e+00,3.197099902e+01,9.375364851e-02,3.608244e-16,1.377577e-17,1.894471e-17,6.914716e-03
5.320000,4.217312244e-02,2.015809530e-01,4.250913889e-02,1.006199128e-01,3.903970853e-02,1.718719277e+00,3.188209314e+01,9.409123894e-02,1.301917e-16,3.614932e-17,5.818439e-18,6.924465e-03
5.330000,4.221547196e-02,2.019320546e-01,4.226255875e-02,1.007945711e-01,3.914563410e-02,1.723829437e+00,3.179348798e+01,9.442847183e-02,3.435990e-16,3.640854e-17,4.742068e-18,6.936796e-03
5.340000,4.225769888e-02,2.022835826e-01,4.201520180e-02,1.009694384e-01,3.924921382e-02,1.728905940e+00,3.170518952e+01,9.476526481e-02,4.577571e-16,4.630648e-17,7.855043e-18,6.907495e-03
5.350000,4.229974539e-02,2.026354534e-01,4.176727718e-02,1.011444732e-01,3.935042379e-02,1.733947354e+00,3.161720379e+01,9.510153516e-02,1.729230e-16,8.036213e-17,1.368845e-17,6.887136e-03
5.360000,4.234155416e-02,2.029875834e-01,4.151899245e-02,1.013196337e-01,3.944924122e-02,1.738952228e+00,3.152953684e+01,9.543719977e-02,2.085279e-17,8.845389e-18,6.837354e-18,6.911686e-03
5.370000,4.238306840e-02,2.033398881e-01,4.127055325e-02,1.014948780e-01,3.954564442e-02,1.743919097e+00,3.144219476e+01,9.577217525e-02,4.605383e-16,3.898547e-17,1.591821e-17,6.907506e-03
5.380000,4.242423190e-02,2.036922828e-01,4.102216295e-02,1.016701639e-01,3.963961278e-02,1.748846477e+00,3.135518367e+01,9.610637789e-02,2.306613e-16,1.989740e-17,1.399419e-17,6.873836e-03
5.390000,4.246498904e-02,2.040446822e-01,4.077402234e-02,1.018454490e-01,3.973112675e-02,1.753732867e+00,3.126850973e+01,9.643972371e-02,4.463101e-16,5.627834e-17,2.030442e-17,6.897816e-03
5.400000,4.250528484e-02,2.043970009e-01,4.052632925e-02,1.020206907e-01,3.982016784e-02,1.758576752e+00,3.118217913e+01,9.677212853e-02,4.475476e-16,4.886758e-17,5.339077e-18,6.891876e-03
5.410000,4.254506499e-02,2.047491531e-01,4.027927829e-02,1.021958465e-01,3.990671857e-02,1.763376601e+00,3.109619812e+01,9.710350797e-02,4.463091e-16,5.898698e-18,8.760595e-18,6.868227e-03
5.420000,4.258427587e-02,2.051010525e-01,4.003306043e-02,1.023708734e-01,3.999076250e-02,1.768130869e+00,3.101057296e+01,9.743377746e-02,6.666058e-16,2.990826e-17,6.992894e-18,6.891666e-03
5.430000,4.262286458e-02,2.054526130e-01,3.978786268e-02,1.025457286e-01,4.007228421e-02,1.772837998e+00,3.092530996e+01,9.776285232e-02,1.347345e-16,5.627333e-17,9.199761e-18,6.914626e-03
5.440000,4.266077895e-02,2.058037481e-01,3.954386778e-02,1.027203690e-01,4.015126925e-02,1.777496415e+00,3.084041547e+01,9.809064778e-02,2.359289e-16,1.856235e-17,2.220498e-17,6.875256e-03
5.450000,4.269796763e-02,2.061543711e-01,3.930125385e-02,1.028947516e-01,4.022770415e-02,1.782104538e+00,3.075589588e+01,9.841707899e-02,4.456596e-16,1.125065e-17,6.103394e-18,6.904006e-03
5.460000,4.273438001e-02,2.065043955e-01,3.906019403e-02,1.030688333e-01,4.030157641e-02,1.786660772e+00,3.067175764e+01,9.874206107e-02,2.294041e-16,6.082210e-17,9.634770e-18,6.877686e-03
5.470000,4.276996633e-02,2.068537346e-01,3.882085619e-02,1.032425710e-01,4.037287448e-02,1.791163514e+00,3.058800720e+01,9.906550914e-02,5.586148e-16,1.807466e-17,8.501141e-18,6.890206e-03
5.480000,4.280467766e-02,2.072023016e-01,3.858340258e-02,1.034159216e-01,4.044158775e-02,1.795611148e+00,3.050465109e+01,9.938733839e-02,5.595366e-17,2.506735e-17,2.281879e-17,6.903956e-03
5.490000,4.283846594e-02,2.075500099e-01,3.834798956e-02,1.035888421e-01,4.050770653e-02,1.800002055e+00,3.042169588e+01,9.970746403e-02,8.327153e-17,7.391047e-17,1.663040e-17,6.920206e-03
5.500000,4.287128397e-02,2.078967730e-01,3.811476726e-02,1.037612893e-01,4.057122202e-02,1.804334604e+00,3.033914817e+01,1.000258014e-01,6.939571e-17,1.199502e-17,1.605388e-17,6.905526e-03
5.510000,4.290308545e-02,2.082425045e-01,3.788387930e-02,1.039332204e-01,4.063212636e-02,1.808607161e+00,3.025701461e+01,1.003422661e-01,8.888288e-16,4.465228e-17,1.035001e-17,6.900536e-03
5.520000,4.293382502e-02,2.085871180e-01,3.765546251e-02,1.041045924e-01,4.069041252e-02,1.812818086e+00,3.017530192e+01,1.006567736e-01,4.467410e-16,3.670949e-17,1.163738e-17,6.919876e-03
5.530000,4.296345820e-02,2.089305276e-01,3.742964669e-02,1.042753627e-01,4.074607437e-02,1.816965737e+00,3.009401684e+01,1.009692399e-01,2.482592e-16,4.669476e-17,1.018285e-17,6.907426e-03
5.540000,4.299194148e-02,2.092726473e-01,3.720655434e-02,1.044454885e-01,4.079910664e-02,1.821048468e+00,3.001316618e+01,1.012795812e-01,6.662791e-16,2.562757e-17,9.671302e-18,6.904496e-03
5.550000,4.301923231e-02,2.096133917e-01,3.698630044e-02,1.046149273e-01,4.084950490e-02,1.825064631e+00,2.993275679e+01,1.015877138e-01,1.152939e-16,5.081474e-17,1.474674e-18,6.924835e-03
5.560000,4.304528910e-02,2.099526755e-01,3.676899224e-02,1.047836369e-01,4.089726553e-02,1.829012581e+00,2.985279556e+01,1.018935545e-01,2.371501e-16,1.284311e-17,7.997415e-18,6.900526e-03
5.570000,4.307007122e-02,2.102904139e-01,3.655472906e-02,1.049515749e-01,4.094238576e-02,1.832890672e+00,2.977328947e+01,1.021970204e-01,7.813905e-16,3.793654e-17,1.638437e-17,6.882346e-03
5.580000,4.309353906e-02,2.106265222e-01,3.634360215e-02,1.051186995e-01,4.098486363e-02,1.836697262e+00,2.969424551e+01,1.024980290e-01,2.863936e-17,2.906956e-17,1.467363e-17,6.912196e-03
5.590000,4.311565398e-02,2.109609163e-01,3.613569453e-02,1.052849688e-01,4.102469795e-02,1.840430713e+00,2.961567076e+01,1.027964982e-01,5.580974e-16,2.672333e-17,8.696626e-18,6.894776e-03
5.600000,4.313637838e-02,2.112935127e-01,3.593108085e-02,1.054503413e-01,4.106188834e-02,1.844089393e+00,2.953757233e+01,1.030923465e-01,5.596078e-16,5.057545e-18,1.129081e-17,6.938066e-03
5.610000,4.315567562e-02,2.116242281e-01,3.572982735e-02,1.056147756e-01,4.109643521e-02,1.847671676e+00,2.945995740e+01,1.033854927e-01,2.237743e-16,1.404617e-17,9.875171e-18,6.899016e-03
5.620000,4.317351014e-02,2.119529797e-01,3.553199176e-02,1.057782306e-01,4.112833969e-02,1.851175946e+00,2.938283319e+01,1.036758564e-01,4.859161e-17,1.962616e-17,2.009551e-17,6.857336e-03
5.630000,4.318984737e-02,2.122796855e-01,3.533762324e-02,1.059406656e-01,4.115760372e-02,1.854600596e+00,2.930620701e+01,1.039633576e-01,1.110224e-15,2.289901e-17,6.788179e-18,6.837446e-03
5.640000,4.320465377e-02,2.126042637e-01,3.514676243e-02,1.061020401e-01,4.118422996e-02,1.857944032e+00,2.923008620e+01,1.042479171e-01,1.005735e-15,1.852685e-17,1.052975e-17,6.881146e-03
5.650000,4.321789685e-02,2.129266334e-01,3.495944142e-02,1.062623137e-01,4.120822180e-02,1.861204673e+00,2.915447816e+01,1.045294560e-01,4.503876e-16,5.280410e-17,1.151758e-17,6.864436e-03
5.660000,4.322954515e-02,2.132467140e-01,3.477568383e-02,1.064214465e-01,4.122958339e-02,1.864380950e+00,2.907939035e+01,1.048078966e-01,2.306669e-16,4.932727e-17,7.653471e-18,6.895526e-03
5.670000,4.323956825e-02,2.135644258e-01,3.459550486e-02,1.065793989e-01,4.124831957e-02,1.867471313e+00,2.900483031e+01,1.050831616e-01,5.721967e-16,4.733284e-17,7.012408e-18,6.923696e-03
5.680000,4.324793677e-02,2.138796896e-01,3.441891145e-02,1.067361317e-01,4.126443591e-02,1.870474230e+00,2.893080561e+01,1.053551745e-01,3.492276e-16,4.375881e-17,8.197207e-18,6.876666e-03
5.690000,4.325462238e-02,2.141924270e-01,3.424590235e-02,1.068916058e-01,4.127793867e-02,1.873388186e+00,2.885732390e+01,1.056238598e-01,2.364340e-16,3.392704e-17,7.241515e-18,6.881856e-03
5.700000,4.325959779e-02,2.145025602e-01,3.407646836e-02,1.070457827e-01,4.128883484e-02,1.876211691e+00,2.878439288e+01,1.058891426e-01,2.708867e-16,3.309926e-17,7.923582e-18,6.923496e-03
5.710000,4.326283675e-02,2.148100122e-01,3.391059249e-02,1.071986241e-01,4.129713206e-02,1.878943273e+00,2.871202031e+01,1.061509492e-01,4.613223e-16,5.244670e-17,1.295338e-17,6.914386e-03
5.720000,4.326431406e-02,2.151147067e-01,3.374825019e-02,1.073500922e-01,4.130283867e-02,1.881581487e+00,2.864021402e+01,1.064092065e-01,8.886412e-16,2.465505e-17,1.446506e-18,6.918316e-03
5.730000,4.326400556e-02,2.154165682e-01,3.358940962e-02,1.075001496e-01,4.130596369e-02,1.884124913e+00,2.856898189e+01,1.066638426e-01,4.456613e-16,1.645703e-17,3.223565e-18,6.872756e-03
5.740000,4.326188812e-02,2.157155220e-01,3.343403192e-02,1.076487590e-01,4.130651681e-02,1.886572159e+00,2.849833186e+01,1.069147865e-01,2.272988e-16,2.126806e-17,1.447735e-17,6.884926e-03
5.750000,4.325793967e-02,2.160114941e-01,3.328207152e-02,1.077958840e-01,4.130450837e-02,1.888921860e+00,2.842827193e+01,1.071619682e-01,2.263465e-16,1.138361e-17,2.651866e-18,6.879146e-03
5.760000,4.325213914e-02,2.163044115e-01,3.313347648e-02,1.079414881e-01,4.129994937e-02,1.891172684e+00,2.835881015e+01,1.074053190e-01,2.268727e-16,3.435946e-17,6.946513e-18,6.914976e-03
5.770000,4.324446652e-02,2.165942020e-01,3.298818884e-02,1.080855356e-01,4.129285147e-02,1.893323328e+00,2.828995466e+01,1.076447711e-01,1.203994e-16,3.679904e-17,1.239564e-17,6.904706e-03
5.780000,4.323490283e-02,2.168807942e-01,3.284614500e-02,1.082279911e-01,4.128322697e-02,1.895372525e+00,2.822171361e+01,1.078802578e-01,8.918850e-16,2.729435e-17,1.098862e-17,6.881246e-03
5.790000,4.322343007e-02,2.171641176e-01,3.270727610e-02,1.083688197e-01,4.127108882e-02,1.897319042e+00,2.815409525e+01,1.081117137e-01,4.450126e-16,6.023170e-17,1.811007e-17,6.896726e-03
5.800000,4.321003132e-02,2.174441028e-01,3.257150845e-02,1.085079867e-01,4.125645059e-02,1.899161682e+00,2.808710785e+01,1.083390748e-01,6.662785e-16,5.508259e-17,1.004527e-17,6.888246e-03
5.810000,4.319469061e-02,2.177206810e-01,3.243876395e-02,1.086454583e-01,4.123932649e-02,1.900899287e+00,2.802075975e+01,1.085622779e-01,8.887209e-16,5.682378e-17,2.073662e-17,6.841266e-03
5.820000,4.317739303e-02,2.179937846e-01,3.230896053e-02,1.087812007e-01,4.121973134e-02,1.902530736e+00,2.795505936e+01,1.087812616e-01,1.127504e-16,1.063182e-17,1.252476e-17,6.874906e-03
5.830000,4.315812464e-02,2.182633468e-01,3.218201261e-02,1.089151810e-01,4.119768060e-02,1.904054951e+00,2.789001510e+01,1.089959653e-01,3.345864e-16,3.609986e-17,7.321576e-18,6.837326e-03
5.840000,4.313687250e-02,2.185293018e-01,3.205783156e-02,1.090473665e-01,4.117319034e-02,1.905470895e+00,2.782563548e+01,1.092063302e-01,2.323243e-16,6.689940e-17,9.487389e-18,6.863666e-03
5.850000,4.311362468e-02,2.187915848e-01,3.193632615e-02,1.091777250e-01,4.114627724e-02,1.906777574e+00,2.776192903e+01,1.094122986e-01,3.368785e-16,1.721664e-17,7.054816e-18,6.856446e-03
5.860000,4.308837019e-02,2.190501322e-01,3.181740306e-02,1.093062250e-01,4.111695857e-02,1.907974040e+00,2.769890435e+01,1.096138144e-01,4.454426e-16,4.007033e-17,1.839952e-17,6.869126e-03
5.870000,4.306109905e-02,2.193048810e-01,3.170096730e-02,1.094328353e-01,4.108525224e-02,1.909059389e+00,2.763657007e+01,1.098108229e-01,4.561269e-16,3.788693e-17,8.506843e-18,6.842366e-03
5.880000,4.303180224e-02,2.195557696e-01,3.158692274e-02,1.095575254e-01,4.105117673e-02,1.910032765e+00,2.757493486e+01,1.100032707e-01,4.506017e-16,2.508704e-17,1.072771e-17,6.917296e-03
5.890000,4.300047170e-02,2.198027373e-01,3.147517258e-02,1.096802651e-01,4.101475111e-02,1.910893359e+00,2.751400743e+01,1.101911061e-01,2.514381e-16,2.556235e-17,1.649565e-17,6.899906e-03
5.900000,4.296710031e-02,2.200457244e-01,3.136561977e-02,1.098010249e-01,4.097599506e-02,1.911640414e+00,2.745379655e+01,1.103742789e-01,4.449600e-16,1.232753e-17,1.649271e-17,6.913776e-03
5.910000,4.293168191e-02,2.202846725e-01,3.125816754e-02,1.099197757e-01,4.093492884e-02,1.912273220e+00,2.739431099e+01,1.105527404e-01,1.146559e-16,3.159924e-17,1.079108e-17,6.956565e-03
5.920000,4.289421126e-02,2.205195239e-01,3.115271981e-02,1.100364891e-01,4.089157329e-02,1.912791120e+00,2.733555957e+01,1.107264436e-01,4.443087e-16,2.519925e-17,2.557086e-18,6.865136e-03
5.930000,4.285468407e-02,2.207502224e-01,3.104918167e-02,1.101511372e-01,4.084594981e-02,1.913193510e+00,2.727755115e+01,1.108953430e-01,3.353775e-16,4.293714e-17,6.519653e-18,6.908726e-03
5.940000,4.281309694e-02,2.209767128e-01,3.094745979e-02,1.102636925e-01,4.079808041e-02,1.913479837e+00,2.722029461e+01,1.110593947e-01,3.345116e-16,4.344608e-17,6.651074e-18,6.936656e-03
5.950000,4.276944742e-02,2.211989408e-01,3.084746288e-02,1.103741283e-01,4.074798763e-02,1.913649603e+00,2.716379883e+01,1.112185566e-01,2.330545e-16,4.371581e-17,3.160965e-18,6.907826e-03
5.960000,4.272373392e-02,2.214168535e-01,3.074910207e-02,1.104824183e-01,4.069569461e-02,1.913702366e+00,2.710807275e+01,1.113727882e-01,2.310868e-16,3.993633e-17,2.127365e-17,6.918186e-03
5.970000,4.267595578e-02,2.216303991e-01,3.065229134e-02,1.105885369e-01,4.064122501e-02,1.913637737e+00,2.705312529e+01,1.115220507e-01,1.185798e-16,3.279456e-17,4.886433e-18,6.895576e-03
5.980000,4.262611319e-02,2.218395270e-01,3.055694785e-02,1.106924588e-01,4.058460309e-02,1.913455385e+00,2.699896541e+01,1.116663071e-01,3.986091e-17,1.441622e-17,5.481658e-18,6.875546e-03
5.990000,4.257420725e-02,2.220441877e-01,3.046299236e-02,1.107941597e-01,4.052585364e-02,1.913155035e+00,2.694560206e+01,1.118055221e-01,7.635863e-17,2.357186e-17,1.275494e-17,6.865357e-03
6.000000,4.252023989e-02,2.222443328e-01,3.037034954e-02,1.108936156e-01,4.046500197e-02,1.912736469e+00,2.689304421e+01,1.119396620e-01,1.250987e-16,9.055522e-18,1.041074e-17,6.861257e-03
6.010000,4.246421393e-02,2.224399153e-01,3.027894829e-02,1.109908032e-01,4.040207398e-02,1.912199528e+00,2.684130083e+01,1.120686952e-01,2.243103e-16,3.909147e-17,3.763603e-18,6.862096e-03
6.020000,4.240613303e-02,2.226308894e-01,3.018872207e-02,1.110856998e-01,4.033709608e-02,1.911544109e+00,2.679038087e+01,1.121925916e-01,5.766814e-17,4.323833e-17,6.918535e-18,6.904507e-03
6.030000,4.234600166e-02,2.228172104e-01,3.009960915e-02,1.111782832e-01,4.027009520e-02,1.910770169e+00,2.674029330e+01,1.123113230e-01,6.704928e-16,5.240186e-17,2.985417e-17,6.912880e-03
6.040000,4.228382516e-02,2.229988350e-01,3.001155290e-02,1.112685320e-01,4.020109881e-02,1.909877723e+00,2.669104706e+01,1.124248632e-01,6.742164e-16,2.776912e-17,6.478278e-18,6.882355e-03
6.050000,4.221960967e-02,2.231757210e-01,2.992450201e-02,1.113564254e-01,4.013013490e-02,1.908866846e+00,2.664265107e+01,1.125331876e-01,4.469552e-16,9.898950e-18,4.574254e-18,6.893866e-03
6.060000,4.215336214e-02,2.233478276e-01,2.983841071e-02,1.114419431e-01,4.005723196e-02,1.907737671e+00,2.659511426e+01,1.126362735e-01,9.716000e-17,4.775661e-17,2.472956e-18,6.911889e-03
6.070000,4.208509032e-02,2.235151152e-01,2.975323894e-02,1.115250655e-01,3.998241901e-02,1.906490390e+00,2.654844549e+01,1.127341001e-01,6.710686e-16,4.490652e-17,5.922563e-18,6.916470e-03
6.080000,4.201480276e-02,2.236775455e-01,2.966895257e-02,1.116057736e-01,3.990572554e-02,1.905125255e+00,2.650265363e+01,1.128266484e-01,3.103471e-17,2.382903e-17,8.951729e-18,6.941424e-03
6.090000,4.194250879e-02,2.238350816e-01,2.958552348e-02,1.116840492e-01,3.982718155e-02,1.903642577e+00,2.645774750e+01,1.129139015e-01,5.558058e-16,2.723420e-17,1.536596e-17,6.963615e-03
6.100000,4.186821851e-02,2.239876877e-01,2.950292969e-02,1.117598746e-01,3.974681753e-02,1.902042726e+00,2.641373587e+01,1.129958440e-01,1.112423e-16,1.945320e-17,1.141918e-17,6.895234e-03
6.110000,4.179194278e-02,2.241353296e-01,2.942115551e-02,1.118332328e-01,3.966466445e-02,1.900326129e+00,2.637062749e+01,1.130724626e-01,1.391163e-17,1.512647e-17,8.633545e-18,6.888344e-03
6.120000,4.171369323e-02,2.242779743e-01,2.934019150e-02,1.119041074e-01,3.958075373e-02,1.898493274e+00,2.632843103e+01,1.131437460e-01,2.323271e-16,1.404617e-17,1.781856e-17,6.871221e-03
6.130000,4.163348222e-02,2.244155902e-01,2.926003463e-02,1.119724829e-01,3.949511727e-02,1.896544707e+00,2.628715512e+01,1.132096845e-01,2.247409e-16,4.078676e-17,1.691494e-17,6.921719e-03
6.140000,4.155132284e-02,2.245481469e-01,2.918068819e-02,1.120383442e-01,3.940778743e-02,1.894481030e+00,2.624680834e+01,1.132702706e-01,2.364356e-16,3.435741e-17,2.864428e-18,6.911038e-03
6.150000,4.146722894e-02,2.246756157e-01,2.910216184e-02,1.121016771e-01,3.931879699e-02,1.892302903e+00,2.620739918e+01,1.133254983e-01,3.103471e-17,1.405328e-17,1.659502e-17,6.959663e-03
6.160000,4.138121504e-02,2.247979689e-01,2.902447158e-02,1.121624679e-01,3.922817920e-02,1.890011045e+00,2.616893608e+01,1.133753640e-01,2.306628e-16,5.644894e-17,6.889804e-18,6.895723e-03
6.170000,4.129329640e-02,2.249151806e-01,2.894763962e-02,1.122207037e-01,3.913596772e-02,1.887606228e+00,2.613142739e+01,1.134198654e-01,6.679029e-16,1.259962e-17,4.132788e-18,6.899684e-03
6.180000,4.120348896e-02,2.250272259e-01,2.887169437e-02,1.122763723e-01,3.904219663e-02,1.885089282e+00,2.609488139e+01,1.134590026e-01,2.364352e-16,2.788745e-17,1.004995e-17,6.938180e-03
6.190000,4.111180937e-02,2.251340818e-01,2.879667027e-02,1.123294623e-01,3.894690041e-02,1.882461091e+00,2.605930625e+01,1.134927773e-01,6.664625e-16,1.190958e-17,1.063085e-17,6.910225e-03
6.200000,4.101827493e-02,2.252357262e-01,2.872260769e-02,1.123799627e-01,3.885011394e-02,1.879722593e+00,2.602471007e+01,1.135211930e-01,2.498062e-16,5.224530e-17,2.044411e-17,6.916986e-03
6.210000,4.092290364e-02,2.253321389e-01,2.864955272e-02,1.124278635e-01,3.875187251e-02,1.876874780e+00,2.599110084e+01,1.135442554e-01,4.506094e-16,4.887410e-17,4.962816e-18,6.879158e-03
6.220000,4.082571415e-02,2.254233009e-01,2.857755700e-02,1.124731554e-01,3.865221175e-02,1.873918696e+00,2.595848645e+01,1.135619717e-01,7.865534e-16,5.605294e-17,1.795664e-17,6.885310e-03
6.230000,4.072672573e-02,2.255091948e-01,2.850667750e-02,1.125158298e-01,3.855116768e-02,1.870855438e+00,2.592687466e+01,1.135743512e-01,2.222783e-16,4.350664e-17,9.427573e-18,6.899181e-03
6.240000,4.062595835e-02,2.255898046e-01,2.843697630e-02,1.125558786e-01,3.844877665e-02,1.867686150e+00,2.589627314e+01,1.135814047e-01,5.241083e-17,1.999307e-17,1.388668e-17,6.888220e-03
6.250000,4.052343257e-02,2.256651157e-01,2.836852026e-02,1.125932948e-01,3.834507537e-02,1.864412031e+00,2.586668943e+01,1.135831453e-01,3.619643e-16,2.092717e-17,1.207365e-17,6.909952e-03
6.260000,4.041916957e-02,2.257351153e-01,2.830138079e-02,1.126280720e-01,3.824010086e-02,1.861034323e+00,2.583813094e+01,1.135795874e-01,2.226080e-16,8.241463e-18,1.083185e-17,6.890390e-03
6.270000,4.031319118e-02,2.257997918e-01,2.823563348e-02,1.126602044e-01,3.813389047e-02,1.857554319e+00,2.581060494e+01,1.135707476e-01,4.508166e-16,1.663060e-17,4.345271e-18,6.921664e-03
6.280000,4.020551980e-02,2.258591352e-01,2.817135781e-02,1.126896872e-01,3.802648182e-02,1.853973357e+00,2.578411858e+01,1.135566440e-01,7.772806e-16,2.491450e-17,2.328512e-18,6.928034e-03
6.290000,4.009617843e-02,2.259131372e-01,2.810863673e-02,1.127165161e-01,3.791791285e-02,1.850292820e+00,2.575867885e+01,1.135372967e-01,4.540724e-16,9.055522e-18,2.494254e-18,6.904110e-03
6.300000,3.998519067e-02,2.259617907e-01,2.804755631e-02,1.127406878e-01,3.780822176e-02,1.846514134e+00,2.573429260e+01,1.135127273e-01,1.563659e-17,3.344988e-17,4.575539e-18,6.889569e-03
6.310000,3.987258069e-02,2.260050905e-01,2.798820535e-02,1.127621997e-01,3.769744699e-02,1.842638770e+00,2.571096652e+01,1.134829593e-01,1.000216e-15,6.365700e-17,4.499766e-18,6.862044e-03
6.320000,3.975837320e-02,2.260430328e-01,2.793067489e-02,1.127810498e-01,3.758562724e-02,1.838668237e+00,2.568870715e+01,1.134480178e-01,4.443712e-16,1.514782e-17,1.271109e-17,6.854923e-03
6.330000,3.964259349e-02,2.260756152e-01,2.787505782e-02,1.127972371e-01,3.747280144e-02,1.834604085e+00,2.566752086e+01,1.134079297e-01,2.224834e-16,1.285820e-17,5.489158e-18,6.893987e-03
6.340000,3.952526741e-02,2.261028372e-01,2.782144839e-02,1.128107612e-01,3.735900871e-02,1.830447903e+00,2.564741384e+01,1.133627234e-01,7.477066e-17,2.345513e-17,1.946233e-17,6.893597e-03
6.350000,3.940642130e-02,2.261246996e-01,2.776994173e-02,1.128216226e-01,3.724428838e-02,1.826201316e+00,2.562839212e+01,1.133124291e-01,3.103471e-17,1.924879e-17,8.720417e-18,6.884206e-03
6.360000,3.928608207e-02,2.261412049e-01,2.772063336e-02,1.128298225e-01,3.712867995e-02,1.821865984e+00,2.561046155e+01,1.132570786e-01,2.254911e-16,5.326733e-17,6.913649e-18,6.894187e-03
6.370000,3.916427711e-02,2.261523572e-01,2.767361870e-02,1.128353631e-01,3.701222309e-02,1.817443602e+00,2.559362779e+01,1.131967051e-01,2.274163e-16,4.537940e-17,2.707142e-17,6.866353e-03
6.380000,3.904103434e-02,2.261581621e-01,2.762899250e-02,1.128382470e-01,3.689495760e-02,1.812935898e+00,2.557789631e+01,1.131313437e-01,2.291038e-16,7.518713e-17,2.271992e-17,6.883695e-03
6.390000,3.891638217e-02,2.261586269e-01,2.758684839e-02,1.128384779e-01,3.677692341e-02,1.808344627e+00,2.556327240e+01,1.130610307e-01,3.343114e-16,6.615766e-17,2.819181e-17,6.917409e-03
6.400000,3.879034948e-02,2.261537606e-01,2.754727827e-02,1.128360603e-01,3.665816057e-02,1.803671578e+00,2.554976113e+01,1.129858042e-01,2.225983e-16,4.609390e-17,1.786015e-17,6.883543e-03
6.410000,3.866296562e-02,2.261435735e-01,2.751037183e-02,1.128309993e-01,3.653870920e-02,1.798918565e+00,2.553736739e+01,1.129057036e-01,6.668960e-16,1.348645e-17,2.392294e-17,6.881634e-03
6.420000,3.853426043e-02,2.261280778e-01,2.747621600e-02,1.128233009e-01,3.641860949e-02,1.794087427e+00,2.552609586e+01,1.128207699e-01,1.273959e-16,3.956967e-18,1.204514e-17,6.881494e-03
6.430000,3.840426417e-02,2.261072871e-01,2.744489438e-02,1.128129719e-01,3.629790172e-02,1.789180031e+00,2.551595101e+01,1.127310456e-01,7.776528e-16,6.597974e-17,1.962054e-17,6.887624e-03
6.440000,3.827300755e-02,2.260812169e-01,2.741648676e-02,1.128000200e-01,3.617662614e-02,1.784198264e+00,2.550693708e+01,1.126365743e-01,2.220480e-16,6.261584e-17,1.806368e-17,6.890315e-03
6.450000,3.814052172e-02,2.260498841e-01,2.739106856e-02,1.127844536e-01,3.605482307e-02,1.779144034e+00,2.549905811e+01,1.125374012e-01,3.424819e-16,1.280093e-17,1.317852e-17,6.913196e-03
6.460000,3.800683821e-02,2.260133072e-01,2.736871035e-02,1.127662818e-01,3.593253279e-02,1.774019269e+00,2.549231791e+01,1.124335730e-01,4.450667e-16,2.114834e-17,1.401685e-17,6.881541e-03
6.470000,3.787198901e-02,2.259715065e-01,2.734947731e-02,1.127455148e-01,3.580979557e-02,1.768825915e+00,2.548672010e+01,1.123251374e-01,3.542671e-17,1.812791e-17,5.241588e-18,6.906575e-03
6.480000,3.773600643e-02,2.259245038e-01,2.733342876e-02,1.127221632e-01,3.568665162e-02,1.763565934e+00,2.548226801e+01,1.122121437e-01,2.326394e-16,1.609301e-17,1.105674e-18,6.906645e-03
6.490000,3.759892323e-02,2.258723226e-01,2.732061771e-02,1.126962389e-01,3.556314108e-02,1.758241301e+00,2.547896480e+01,1.120946421e-01,2.468970e-16,5.054057e-17,3.688395e-17,6.905395e-03
6.500000,3.746077248e-02,2.258149878e-01,2.731109042e-02,1.126677541e-01,3.543930402e-02,1.752854006e+00,2.547681337e+01,1.119726845e-01,1.112702e-16,1.127570e-17,1.212029e-17,6.886142e-03
6.510000,3.732158763e-02,2.257525264e-01,2.730488595e-02,1.126367221e-01,3.531518039e-02,1.747406047e+00,2.547581639e+01,1.118463235e-01,1.040879e-16,5.329557e-17,1.095259e-17,6.956941e-03
6.520000,3.718140248e-02,2.256849664e-01,2.730203579e-02,1.126031571e-01,3.519081000e-02,1.741899433e+00,2.547597629e+01,1.117156133e-01,1.010476e-16,6.346872e-17,3.053204e-17,6.920195e-03
6.530000,3.704025111e-02,2.256123380e-01,2.730256350e-02,1.125670737e-01,3.506623253e-02,1.736336180e+00,2.547729526e+01,1.115806090e-01,5.551566e-16,5.297878e-17,1.883339e-17,6.879239e-03
6.540000,3.689816797e-02,2.255346726e-01,2.730648439e-02,1.125284878e-01,3.494148747e-02,1.730718311e+00,2.547977525e+01,1.114413669e-01,6.682307e-16,2.615153e-17,1.738548e-17,6.894872e-03
6.550000,3.675518777e-02,2.254520035e-01,2.731380521e-02,1.124874157e-01,3.481661412e-02,1.725047850e+00,2.548341797e+01,1.112979444e-01,4.475463e-16,6.130260e-17,4.425351e-18,6.893852e-03
6.560000,3.661134551e-02,2.253643653e-01,2.732452388e-02,1.124438746e-01,3.469165156e-02,1.719326827e+00,2.548822489e+01,1.111503997e-01,1.301043e-18,1.735943e-17,6.401615e-18,6.891951e-03
6.570000,3.646667647e-02,2.252717944e-01,2.733862932e-02,1.123978826e-01,3.456663864e-02,1.713557271e+00,2.549419722e+01,1.109987924e-01,2.694624e-16,2.947515e-17,1.353180e-17,6.897830e-03
6.580000,3.632121616e-02,2.251743289e-01,2.735610122e-02,1.123494584e-01,3.444161395e-02,1.707741209e+00,2.550133592e+01,1.108431828e-01,4.673979e-16,3.548307e-17,3.288995e-18,6.883227e-03
6.590000,3.617500035e-02,2.250720081e-01,2.737690992e-02,1.122986218e-01,3.431661579e-02,1.701880667e+00,2.550964173e+01,1.106836323e-01,6.247564e-17,1.451536e-17,1.366783e-17,6.868726e-03
6.600000,3.602806504e-02,2.249648733e-01,2.740101632e-02,1.122453931e-01,3.419168216e-02,1.695977666e+00,2.551911510e+01,1.105202031e-01,2.222770e-16,3.532902e-17,5.967053e-18,6.899120e-03
6.610000,3.588044639e-02,2.248529671e-01,2.742837182e-02,1.121897934e-01,3.406685074e-02,1.690034223e+00,2.552975625e+01,1.103529583e-01,4.661496e-16,3.895410e-17,2.297383e-18,6.883208e-03
6.620000,3.573218081e-02,2.247363337e-01,2.745891827e-02,1.121318447e-01,3.394215887e-02,1.684052345e+00,2.554156517e+01,1.101819620e-01,3.414333e-16,2.451448e-17,3.083788e-18,6.871476e-03
6.630000,3.558330483e-02,2.246150189e-01,2.749258806e-02,1.120715696e-01,3.381764350e-02,1.678034031e+00,2.555454155e+01,1.100072790e-01,1.561853e-17,2.409662e-17,1.381156e-17,6.912101e-03
6.640000,3.543385516e-02,2.244890700e-01,2.752930414e-02,1.120089917e-01,3.369334120e-02,1.671981270e+00,2.556868488e+01,1.098289750e-01,5.603429e-16,5.256715e-17,1.545140e-17,6.950546e-03
6.650000,3.528386866e-02,2.243585358e-01,2.756898013e-02,1.119441351e-01,3.356928814e-02,1.665896039e+00,2.558399435e+01,1.096471162e-01,3.388732e-16,1.412628e-17,6.303309e-18,6.886046e-03
6.660000,3.513338228e-02,2.242234667e-01,2.761152049e-02,1.118770248e-01,3.344552005e-02,1.659780300e+00,2.560046894e+01,1.094617699e-01,2.388684e-16,1.377065e-17,4.470280e-18,6.907349e-03
6.670000,3.498243309e-02,2.240839145e-01,2.765682068e-02,1.118076864e-01,3.332207221e-02,1.653636002e+00,2.561810735e+01,1.092730038e-01,8.361160e-17,2.932722e-17,1.691989e-17,6.897348e-03
6.680000,3.483105823e-02,2.239399325e-01,2.770476739e-02,1.117361465e-01,3.319897940e-02,1.647465077e+00,2.563690806e+01,1.090808864e-01,2.306893e-16,7.195575e-17,1.051844e-17,6.924402e-03
6.690000,3.467929493e-02,2.237915754e-01,2.775523879e-02,1.116624322e-01,3.307627594e-02,1.641269438e+00,2.565686925e+01,1.088854870e-01,4.475998e-16,1.811104e-17,2.759928e-18,6.892946e-03
6.700000,3.452718044e-02,2.236388995e-01,2.780810482e-02,1.115865713e-01,3.295399563e-02,1.635050982e+00,2.567798891e+01,1.086868751e-01,4.460922e-16,8.940560e-18,8.148124e-18,6.923370e-03
6.710000,3.437475204e-02,2.234819623e-01,2.786322750e-02,1.115085924e-01,3.283217171e-02,1.628811582e+00,2.570026475e+01,1.084851212e-01,2.371755e-16,3.609986e-17,3.328006e-17,6.835247e-03
6.720000,3.422204702e-02,2.233208231e-01,2.792046126e-02,1.114285249e-01,3.271083688e-02,1.622553092e+00,2.572369423e+01,1.082802962e-01,3.360901e-16,6.630922e-17,1.064190e-17,6.831536e-03
6.730000,3.406910266e-02,2.231555421e-01,2.797965333e-02,1.113463987e-01,3.259002328e-02,1.616277343e+00,2.574827457e+01,1.080724714e-01,4.586082e-16,2.391545e-17,1.503292e-17,6.907198e-03
6.740000,3.391595620e-02,2.229861812e-01,2.804064412e-02,1.112622444e-01,3.246976243e-02,1.609986141e+00,2.577400276e+01,1.078617189e-01,7.823750e-16,4.474485e-17,4.091337e-18,6.873453e-03
6.750000,3.376264482e-02,2.228128035e-01,2.810326762e-02,1.111760934e-01,3.235008526e-02,1.603681269e+00,2.580087553e+01,1.076481110e-01,5.722171e-16,1.441622e-17,3.457568e-18,6.918278e-03
6.760000,3.360920562e-02,2.226354737e-01,2.816735183e-02,1.110879777e-01,3.223102206e-02,1.597364483e+00,2.582888938e+01,1.074317205e-01,3.360201e-16,2.910835e-17,3.705371e-18,6.907916e-03
6.770000,3.345567562e-02,2.224542574e-01,2.823271921e-02,1.109979299e-01,3.211260247e-02,1.591037511e+00,2.585804058e+01,1.072126207e-01,2.221754e-16,1.030848e-17,2.249530e-17,6.917007e-03
6.780000,3.330209172e-02,2.222692217e-01,2.829918714e-02,1.109059833e-01,3.199485548e-02,1.584702055e+00,2.588832513e+01,1.069908853e-01,4.540241e-16,3.618313e-17,2.776320e-17,6.924118e-03
6.790000,3.314849065e-02,2.220804351e-01,2.836656835e-02,1.108121718e-01,3.187780938e-02,1.578359789e+00,2.591973884e+01,1.067665883e-01,3.342329e-16,2.676552e-17,1.057875e-17,6.941591e-03
6.800000,3.299490901e-02,2.218879670e-01,2.843467144e-02,1.107165299e-01,3.176149178e-02,1.572012356e+00,2.595227726e+01,1.065398042e-01,2.264533e-16,1.144950e-17,3.809008e-18,6.942861e-03
6.810000,3.284138319e-02,2.216918883e-01,2.850330129e-02,1.106190928e-01,3.164592958e-02,1.565661371e+00,2.598593572e+01,1.063106075e-01,4.445904e-16,2.792110e-17,2.388058e-17,6.916546e-03
6.820000,3.268794941e-02,2.214922710e-01,2.857225964e-02,1.105198961e-01,3.153114894e-02,1.559308417e+00,2.602070932e+01,1.060790734e-01,2.403754e-16,4.432252e-17,2.391059e-17,6.916006e-03
6.830000,3.253464362e-02,2.212891882e-01,2.864134546e-02,1.104189762e-01,3.141717530e-02,1.552955046e+00,2.605659296e+01,1.058452771e-01,1.110419e-15,7.304916e-17,1.334758e-17,6.920736e-03
6.840000,3.238150154e-02,2.210827143e-01,2.871035551e-02,1.103163700e-01,3.130403333e-02,1.546602781e+00,2.609358128e+01,1.056092941e-01,3.388821e-16,7.586317e-18,4.045469e-18,6.951671e-03
6.850000,3.222855863e-02,2.208729245e-01,2.877908481e-02,1.102121147e-01,3.119174696e-02,1.540253111e+00,2.613166873e+01,1.053712003e-01,1.552050e-16,2.367437e-17,1.289620e-17,6.917155e-03
6.860000,3.207585002e-02,2.206598955e-01,2.884732707e-02,1.101062484e-01,3.108033933e-02,1.533907495e+00,2.617084955e+01,1.051310716e-01,4.594996e-16,6.090090e-17,4.339982e-17,6.903914e-03
6.870000,3.192341056e-02,2.204437046e-01,2.891487523e-02,1.099988096e-01,3.096983279e-02,1.527567357e+00,2.621111776e+01,1.048889842e-01,3.376795e-16,1.398579e-17,3.822547e-17,6.925555e-03
6.880000,3.177127474e-02,2.202244305e-01,2.898152186e-02,1.098898372e-01,3.086024890e-02,1.521234092e+00,2.625246716e+01,1.046450145e-01,6.690660e-16,5.123495e-17,1.854493e-17,6.903382e-03
6.890000,3.161947669e-02,2.200021526e-01,2.904705968e-02,1.097793706e-01,3.075160845e-02,1.514909063e+00,2.629489136e+01,1.043992390e-01,3.330850e-16,9.148508e-18,7.636509e-18,6.850504e-03
6.900000,3.146805016e-02,2.197769516e-01,2.911128196e-02,1.096674500e-01,3.064393136e-02,1.508593599e+00,2.633838379e+01,1.041517343e-01,6.709011e-16,1.689130e-17,1.066053e-17,6.865697e-03
6.910000,3.131702850e-02,2.195489087e-01,2.917398300e-02,1.095541156e-01,3.053723679e-02,1.502288998e+00,2.638293764e+01,1.039025772e-01,2.326442e-16,3.933846e-17,1.224153e-17,6.850844e-03
6.920000,3.116644464e-02,2.193181064e-01,2.923495855e-02,1.094394083e-01,3.043154305e-02,1.495996528e+00,2.642854595e+01,1.036518446e-01,1.119510e-16,2.649716e-17,1.224381e-17,6.830531e-03
6.930000,3.101633103e-02,2.190846277e-01,2.929400623e-02,1.093233694e-01,3.032686763e-02,1.489717426e+00,2.647520154e+01,1.033996134e-01,2.306860e-16,4.252063e-17,1.881520e-17,6.868005e-03
6.940000,3.086671970e-02,2.188485569e-01,2.935092594e-02,1.092060407e-01,3.022322720e-02,1.483452896e+00,2.652289707e+01,1.031459607e-01,4.632461e-16,2.416190e-17,3.831642e-17,6.926883e-03
6.950000,3.071764216e-02,2.186099786e-01,2.940552031e-02,1.090874642e-01,3.012063759e-02,1.477204117e+00,2.657162500e+01,1.028909636e-01,2.723253e-16,3.711710e-17,2.214276e-17,6.864514e-03
6.960000,3.056912943e-02,2.183689784e-01,2.945759501e-02,1.089676825e-01,3.001911381e-02,1.470972234e+00,2.662137763e+01,1.026346991e-01,2.348053e-16,4.397105e-17,1.482872e-17,6.905280e-03
6.970000,3.042121198e-02,2.181256428e-01,2.950695922e-02,1.088467384e-01,2.991867002e-02,1.464758368e+00,2.667214708e+01,1.023772445e-01,3.433509e-16,2.445975e-17,6.284867e-18,6.872695e-03
6.980000,3.027391976e-02,2.178800588e-01,2.955342595e-02,1.087246751e-01,2.981931958e-02,1.458563610e+00,2.672392529e+01,1.021186769e-01,1.338417e-16,3.142915e-17,3.343845e-17,6.878386e-03
6.990000,3.012728215e-02,2.176323140e-01,2.959681242e-02,1.086015362e-01,2.972107500e-02,1.452389025e+00,2.677670407e+01,1.018590734e-01,5.578891e-16,1.788112e-17,1.701274e-17,6.858211e-03
7.000000,2.998132795e-02,2.173824968e-01,2.963694042e-02,1.084773656e-01,2.962394799e-02,1.446235656e+00,2.683047503e+01,1.015985112e-01,2.996732e-16,4.869021e-17,7.373372e-18,6.857781e-03
7.010000,2.983608534e-02,2.171306962e-01,2.967363664e-02,1.083522073e-01,2.952794942e-02,1.440104517e+00,2.688522967e+01,1.013370674e-01,4.449635e-16,7.996680e-18,4.466334e-18,6.863362e-03
7.020000,2.969158193e-02,2.168770016e-01,2.970673300e-02,1.082261060e-01,2.943308937e-02,1.433996603e+00,2.694095929e+01,1.010748192e-01,3.366174e-16,3.282537e-17,1.012438e-17,6.870123e-03
7.030000,2.954784465e-02,2.166215032e-01,2.973606701e-02,1.080991063e-01,2.933937712e-02,1.427912887e+00,2.699765509e+01,1.008118435e-01,8.431720e-18,4.663834e-17,1.611719e-17,6.882155e-03
7.040000,2.940489983e-02,2.163642915e-01,2.976148203e-02,1.079712531e-01,2.924682115e-02,1.421854321e+00,2.705530810e+01,1.005482173e-01,6.667131e-16,2.755154e-17,2.145248e-17,6.915230e-03
7.050000,2.926277313e-02,2.161054574e-01,2.978282762e-02,1.078425917e-01,2.915542915e-02,1.415821839e+00,2.711390922e+01,1.002840175e-01,2.021874e-16,1.563659e-17,9.049192e-18,6.884373e-03
7.060000,2.912148953e-02,2.158450924e-01,2.979995982e-02,1.077131676e-01,2.906520806e-02,1.409816359e+00,2.717344923e+01,1.000193211e-01,1.113420e-16,2.660695e-17,1.370830e-17,6.896586e-03
7.070000,2.898107334e-02,2.155832884e-01,2.981274147e-02,1.075830262e-01,2.897616407e-02,1.403838783e+00,2.723391878e+01,9.975420469e-02,4.477658e-16,4.722942e-17,8.151009e-18,6.891245e-03
7.080000,2.884154820e-02,2.153201375e-01,2.982104244e-02,1.074522135e-01,2.888830260e-02,1.397889998e+00,2.729530838e+01,9.948874497e-02,2.247509e-16,5.494584e-17,1.419974e-17,6.896116e-03
7.090000,2.870293701e-02,2.150557322e-01,2.982473996e-02,1.073207753e-01,2.880162837e-02,1.391970882e+00,2.735760843e+01,9.922301849e-02,2.342945e-16,2.776912e-17,1.249340e-17,6.876992e-03
7.100000,2.856526199e-02,2.147901654e-01,2.982371885e-02,1.071887579e-01,2.871614538e-02,1.386082301e+00,2.742080923e+01,9.895710170e-02,2.238016e-16,3.733688e-17,8.499066e-18,6.858249e-03
7.110000,2.842854466e-02,2.145235301e-01,2.981787183e-02,1.070562074e-01,2.863185696e-02,1.380225113e+00,2.748490096e+01,9.869107090e-02,3.417122e-16,1.939480e-18,2.377841e-18,6.881842e-03
7.120000,2.829280580e-02,2.142559196e-01,2.980709973e-02,1.069231701e-01,2.854876576e-02,1.374400171e+00,2.754987370e+01,9.842500231e-02,1.186242e-16,2.631196e-17,1.228466e-17,6.892053e-03
7.130000,2.815806548e-02,2.139874274e-01,2.979131181e-02,1.067896926e-01,2.846687376e-02,1.368608321e+00,2.761571743e+01,9.815897198e-02,2.237734e-16,1.949153e-17,1.312601e-17,6.870329e-03
7.140000,2.802434305e-02,2.137181469e-01,2.977042592e-02,1.066558214e-01,2.838618236e-02,1.362850409e+00,2.768242202e+01,9.789305582e-02,4.531623e-16,7.059813e-18,1.062643e-17,6.861538e-03
7.150000,2.789165713e-02,2.134481721e-01,2.974436884e-02,1.065216030e-01,2.830669232e-02,1.357127278e+00,2.774997728e+01,9.762732961e-02,3.480715e-16,2.867546e-17,6.210312e-18,6.800429e-03
7.160000,2.776002564e-02,2.131775968e-01,2.971307647e-02,1.063870841e-01,2.822840385e-02,1.351439773e+00,2.781837292e+01,9.736186897e-02,5.551633e-16,4.083284e-17,3.271345e-17,6.811821e-03
7.170000,2.762946574e-02,2.129065147e-01,2.967649407e-02,1.062523113e-01,2.815131659e-02,1.345788743e+00,2.788759855e+01,9.709674935e-02,6.690584e-16,1.684112e-17,8.204374e-18,6.838394e-03
7.180000,2.749999392e-02,2.126350198e-01,2.963457654e-02,1.061173313e-01,2.807542967e-02,1.340175042e+00,2.795764374e+01,9.683204604e-02,2.290217e-16,2.272173e-17,1.796638e-17,6.824351e-03
7.190000,2.737162593e-02,2.123632059e-01,2.958728858e-02,1.059821908e-01,2.800074172e-02,1.334599527e+00,2.802849796e+01,9.656783417e-02,4.535309e-16,3.198672e-17,2.324906e-17,6.838843e-03
7.200000,2.724437685e-02,2.120911670e-01,2.953460502e-02,1.058469363e-01,2.792725091e-02,1.329063069e+00,2.810015062e+01,9.630418867e-02,7.672598e-18,3.840954e-17,9.732640e-18,6.900332e-03
7.210000,2.711826104e-02,2.118189966e-01,2.947651095e-02,1.057116147e-01,2.785495496e-02,1.323566546e+00,2.817259108e+01,9.604118429e-02,3.331485e-16,3.536295e-17,3.954887e-17,6.917804e-03
7.220000,2.699329219e-02,2.115467886e-01,2.941300204e-02,1.055762723e-01,2.778385120e-02,1.318110849e+00,2.824580862e+01,9.577889560e-02,2.230225e-16,1.872879e-17,9.078858e-18,6.927596e-03
7.230000,2.686948335e-02,2.112746363e-01,2.934408471e-02,1.054409557e-01,2.771393659e-02,1.312696883e+00,2.831979247e+01,9.551739696e-02,6.668599e-16,1.196362e-17,9.302050e-18,6.872946e-03
7.240000,2.674684687e-02,2.110026331e-01,2.926977638e-02,1.053057112e-01,2.764520773e-02,1.307325566e+00,2.839453184e+01,9.525676254e-02,4.441521e-16,5.076104e-18,1.331231e-17,6.867956e-03
7.250000,2.662539452e-02,2.107308722e-01,2.919010568e-02,1.051705853e-01,2.757766095e-02,1.301997837e+00,2.847001584e+01,9.499706628e-02,4.561271e-16,3.279098e-17,2.044699e-17,6.877767e-03
7.260000,2.650513740e-02,2.104594463e-01,2.910511269e-02,1.050356240e-01,2.751129227e-02,1.296714650e+00,2.854623360e+01,9.473838194e-02,4.526868e-16,2.611105e-17,2.738228e-17,6.905202e-03
7.270000,2.638608607e-02,2.101884482e-01,2.901484918e-02,1.049008735e-01,2.744609750e-02,1.291476980e+00,2.862317415e+01,9.448078303e-02,2.242080e-16,1.715645e-17,2.576167e-17,6.856664e-03
7.280000,2.626825047e-02,2.099179702e-01,2.891937881e-02,1.047663797e-01,2.738207225e-02,1.286285821e+00,2.870082654e+01,9.422434283e-02,6.742230e-16,4.064587e-17,6.549335e-18,6.865055e-03
7.290000,2.615164003e-02,2.096481042e-01,2.881877733e-02,1.046321883e-01,2.731921196e-02,1.281142191e+00,2.877917976e+01,9.396913440e-02,1.112558e-16,4.241434e-17,4.631714e-18,6.849171e-03
7.300000,2.603626364e-02,2.093789421e-01,2.871313285e-02,1.044983450e-01,2.725751194e-02,1.276047130e+00,2.885822277e+01,9.371523057e-02,1.243545e-16,3.716774e-17,1.375912e-17,6.878175e-03
7.310000,2.592212970e-02,2.091105750e-01,2.860254604e-02,1.043648952e-01,2.719696742e-02,1.271001701e+00,2.893794454e+01,9.346270389e-02,5.585730e-16,4.803689e-17,2.046997e-17,6.852492e-03
7.320000,2.580924614e-02,2.088430938e-01,2.848713033e-02,1.042318840e-01,2.713757357e-02,1.266006992e+00,2.901833398e+01,9.321162668e-02,4.450160e-16,4.172362e-17,1.544027e-17,6.887897e-03
7.330000,2.569762048e-02,2.085765891e-01,2.836701212e-02,1.040993566e-01,2.707932555e-02,1.261064117e+00,2.909938002e+01,9.296207099e-02,3.368101e-16,2.363063e-17,1.621462e-17,6.876635e-03
7.340000,2.558725982e-02,2.083111509e-01,2.824233103e-02,1.039673576e-01,2.702221854e-02,1.256174213e+00,2.918107156e+01,9.271410859e-02,4.443087e-16,2.690220e-17,3.445209e-17,6.848291e-03
7.350000,2.547817092e-02,2.080468686e-01,2.811324005e-02,1.038359317e-01,2.696624780e-02,1.251338443e+00,2.926339750e+01,9.246781099e-02,3.356701e-16,5.222209e-18,2.076757e-17,6.831457e-03
7.360000,2.537036020e-02,2.077838314e-01,2.797990576e-02,1.037051231e-01,2.691140866e-02,1.246557998e+00,2.934634673e+01,9.222324940e-02,1.241759e-16,5.903797e-17,3.733314e-17,6.837677e-03
7.370000,2.526383379e-02,2.075221278e-01,2.784250850e-02,1.035749760e-01,2.685769661e-02,1.241834092e+00,2.942990815e+01,9.198049473e-02,2.656068e-16,3.958867e-17,7.322178e-18,6.821995e-03
7.380000,2.515859760e-02,2.072618456e-01,2.770124259e-02,1.034455340e-01,2.680510731e-02,1.237167965e+00,2.951407064e+01,9.173961760e-02,2.423733e-16,2.690220e-17,9.107460e-18,6.836848e-03
7.390000,2.505465731e-02,2.070030724e-01,2.755631643e-02,1.033168406e-01,2.675363662e-02,1.232560882e+00,2.959882310e+01,9.150068831e-02,1.243840e-16,2.925980e-17,3.916657e-18,6.849889e-03
7.400000,2.495201846e-02,2.067458949e-01,2.740795270e-02,1.031889392e-01,2.670328066e-02,1.228014131e+00,2.968415445e+01,9.126377683e-02,4.484105e-16,3.590919e-17,1.247268e-17,6.900887e-03
7.410000,2.485068647e-02,2.064903993e-01,2.725638845e-02,1.030618725e-01,2.665403585e-02,1.223529026e+00,2.977005360e+01,9.102895280e-02,6.836769e-17,3.210410e-17,2.607822e-17,6.907597e-03
7.420000,2.475066669e-02,2.062366711e-01,2.710187524e-02,1.029356831e-01,2.660589889e-02,1.219106900e+00,2.985650948e+01,9.079628551e-02,3.331474e-16,5.057545e-18,1.778620e-17,6.846418e-03
7.430000,2.465196446e-02,2.059847953e-01,2.694467919e-02,1.028104134e-01,2.655886688e-02,1.214749108e+00,2.994351104e+01,9.056584391e-02,5.579343e-16,3.632579e-17,1.708504e-17,6.859700e-03
7.440000,2.455458515e-02,2.057348561e-01,2.678508109e-02,1.026861051e-01,2.651293729e-02,1.210457027e+00,3.003104725e+01,9.033769655e-02,3.544340e-16,4.487078e-17,1.350691e-17,6.839807e-03
7.450000,2.445853419e-02,2.054869369e-01,2.662337632e-02,1.025628000e-01,2.646810801e-02,1.206232048e+00,3.011910710e+01,9.011191164e-02,1.600564e-16,2.730812e-17,9.102295e-18,6.838826e-03
7.460000,2.436381718e-02,2.052411206e-01,2.645987495e-02,1.024405393e-01,2.642437740e-02,1.202075580e+00,3.020767961e+01,8.988855695e-02,9.716387e-17,2.061695e-17,1.153861e-17,6.861039e-03
7.470000,2.427043988e-02,2.049974893e-01,2.629490156e-02,1.023193637e-01,2.638174430e-02,1.197989048e+00,3.029675380e+01,8.966769989e-02,7.633769e-17,5.438330e-17,1.752127e-17,6.848876e-03
7.480000,2.417840829e-02,2.047561242e-01,2.612879520e-02,1.021993138e-01,2.634020806e-02,1.193973885e+00,3.038631876e+01,8.944940742e-02,1.185917e-16,1.474515e-17,4.407265e-17,6.870609e-03
7.490000,2.408772870e-02,2.045171060e-01,2.596190918e-02,1.020804297e-01,2.629976861e-02,1.190031536e+00,3.047636359e+01,8.923374608e-02,9.063230e-16,2.677606e-17,6.119983e-18,6.840715e-03
7.500000,2.399840778e-02,2.042805143e-01,2.579461083e-02,1.019627512e-01,2.626042642e-02,1.186163454e+00,3.056687741e+01,8.902078195e-02,6.710691e-16,6.243348e-17,3.050758e-17,6.845836e-03
7.510000,2.391045256e-02,2.040464283e-01,2.562728117e-02,1.018463174e-01,2.622218257e-02,1.182371092e+00,3.065784939e+01,8.881058065e-02,2.482625e-16,1.032789e-16,4.539429e-18,6.871829e-03
7.520000,2.382387055e-02,2.038149259e-01,2.546031452e-02,1.017311675e-01,2.618503878e-02,1.178655908e+00,3.074926874e+01,8.860320734e-02,4.448560e-17,2.088884e-17,3.551221e-17,6.884571e-03
7.530000,2.373866978e-02,2.035860846e-01,2.529411802e-02,1.016173398e-01,2.614899741e-02,1.175019357e+00,3.084112471e+01,8.839872665e-02,9.024049e-16,5.640019e-17,8.935464e-18,6.853575e-03
7.540000,2.365485885e-02,2.033599808e-01,2.512911101e-02,1.015048724e-01,2.611406148e-02,1.171462889e+00,3.093340657e+01,8.819720273e-02,1.186030e-16,2.693015e-17,1.004571e-17,6.876908e-03
7.550000,2.357244698e-02,2.031366900e-01,2.496572434e-02,1.013938030e-01,2.608023472e-02,1.167987943e+00,3.102610365e+01,8.799869918e-02,2.656062e-16,1.862810e-17,6.939106e-18,6.864266e-03
7.560000,2.349144408e-02,2.029162870e-01,2.480439955e-02,1.012841689e-01,2.604752156e-02,1.164595950e+00,3.111920532e+01,8.780327906e-02,2.423850e-16,6.228116e-17,1.624748e-17,6.861006e-03
7.570000,2.341186081e-02,2.026988457e-01,2.464558791e-02,1.011760067e-01,2.601592714e-02,1.161288321e+00,3.121270100e+01,8.761100486e-02,2.348122e-16,1.561251e-17,1.030163e-17,6.887819e-03
7.580000,2.333370861e-02,2.024844389e-01,2.448974935e-02,1.010693528e-01,2.598545736e-02,1.158066450e+00,3.130658014e+01,8.742193850e-02,4.166949e-17,2.418135e-17,4.331724e-18,6.897210e-03
7.590000,2.325699979e-02,2.022731386e-01,2.433735120e-02,1.009642431e-01,2.595611885e-02,1.154931705e+00,3.140083225e+01,8.723614129e-02,2.221772e-16,5.139621e-17,2.949349e-17,6.932854e-03
7.600000,2.318174755e-02,2.020650160e-01,2.418886685e-02,1.008607130e-01,2.592791900e-02,1.151885430e+00,3.149544688e+01,8.705367390e-02,2.306762e-16,5.476928e-17,7.547675e-18,6.935804e-03
7.610000,2.310796607e-02,2.018601410e-01,2.404477418e-02,1.007587973e-01,2.590086597e-02,1.148928933e+00,3.159041363e+01,8.687459639e-02,1.333731e-15,3.417009e-17,1.594367e-18,6.873685e-03
7.620000,2.303567051e-02,2.016585829e-01,2.390555389e-02,1.006585307e-01,2.587496868e-02,1.146063489e+00,3.168572217e+01,8.669896813e-02,2.482716e-16,2.568987e-17,2.087195e-17,6.889869e-03
7.630000,2.296487713e-02,2.014604098e-01,2.377168764e-02,1.005599469e-01,2.585023682e-02,1.143290330e+00,3.178136220e+01,8.652684782e-02,6.245155e-17,3.979480e-17,1.103096e-17,6.921973e-03
7.640000,2.289560329e-02,2.012656889e-01,2.364365606e-02,1.004630795e-01,2.582668086e-02,1.140610648e+00,3.187732347e+01,8.635829346e-02,4.528958e-16,3.302815e-17,8.944668e-19,6.866694e-03
7.650000,2.282786749e-02,2.010744863e-01,2.352193656e-02,1.003679614e-01,2.580431203e-02,1.138025581e+00,3.197359579e+01,8.619336231e-02,2.230225e-16,1.116238e-16,1.146912e-17,6.831708e-03
7.660000,2.276168948e-02,2.008868673e-01,2.340700108e-02,1.002746252e-01,2.578314231e-02,1.135536218e+00,3.207016903e+01,8.603211088e-02,4.872883e-17,4.235888e-17,4.709810e-18,6.838930e-03
7.670000,2.269709023e-02,2.007028960e-01,2.329931363e-02,1.001831027e-01,2.576318445e-02,1.133143589e+00,3.216703310e+01,8.587459492e-02,1.212454e-16,3.227428e-17,1.477064e-17,6.879305e-03
7.680000,2.263409202e-02,2.005226354e-01,2.319932777e-02,1.000934254e-01,2.574445193e-02,1.130848663e+00,3.226417798e+01,8.572086939e-02,1.112846e-15,4.144376e-17,2.224968e-17,6.860292e-03
7.690000,2.257271845e-02,2.003461476e-01,2.310748397e-02,1.000056243e-01,2.572695895e-02,1.128652344e+00,3.236159370e+01,8.557098842e-02,9.716702e-17,3.810473e-17,1.123291e-17,6.867383e-03
7.700000,2.251299452e-02,2.001734936e-01,2.302420696e-02,9.991972971e-02,2.571072043e-02,1.126555465e+00,3.245927032e+01,8.542500530e-02,3.461982e-16,9.602384e-18,1.304753e-17,6.870384e-03
7.710000,2.245494659e-02,2.000047333e-01,2.294990298e-02,9.983577146e-02,2.569575198e-02,1.124558787e+00,3.255719800e+01,8.528297248e-02,9.442225e-17,2.409955e-17,2.550342e-17,6.847488e-03
7.720000,2.239860251e-02,1.998399253e-01,2.288495703e-02,9.975377885e-02,2.568206988e-02,1.122662992e+00,3.265536691e+01,8.514494150e-02,2.288994e-16,4.854950e-17,8.499066e-18,6.879573e-03
7.730000,2.234399156e-02,1.996791275e-01,2.282973027e-02,9.967378064e-02,2.566969104e-02,1.120868682e+00,3.275376732e+01,8.501096298e-02,2.348117e-16,5.034622e-17,7.182839e-18,6.867441e-03
7.740000,2.229114452e-02,1.995223964e-01,2.278455731e-02,9.959580503e-02,2.565863299e-02,1.119176375e+00,3.285238953e+01,8.488108664e-02,1.129747e-16,5.713571e-17,8.529138e-18,6.895845e-03
7.750000,2.224009369e-02,1.993697874e-01,2.274974380e-02,9.951987962e-02,2.564891386e-02,1.117586498e+00,3.295122389e+01,8.475536120e-02,4.476061e-16,5.475382e-17,2.039338e-17,6.882674e-03
7.760000,2.219087287e-02,1.992213548e-01,2.272556403e-02,9.944603148e-02,2.564055231e-02,1.116099391e+00,3.305026083e+01,8.463383444e-02,2.451406e-16,3.715066e-17,8.203165e-18,6.872642e-03
7.770000,2.214351744e-02,1.990771517e-01,2.271225883e-02,9.937428708e-02,2.563356753e-02,1.114715295e+00,3.314949080e+01,8.451655309e-02,1.249432e-16,3.996987e-17,1.301810e-17,6.918217e-03
7.780000,2.209806429e-02,1.989372300e-01,2.271003368e-02,9.930467231e-02,2.562797916e-02,1.113434357e+00,3.324890436e+01,8.440356288e-02,6.722152e-16,5.957077e-17,3.368382e-17,6.948221e-03
7.790000,2.205455190e-02,1.988016406e-01,2.271905702e-02,9.923721244e-02,2.562380732e-02,1.112256623e+00,3.334849207e+01,8.429490845e-02,3.342355e-16,2.828002e-17,2.020287e-17,6.939000e-03
7.800000,2.201302028e-02,1.986704328e-01,2.273945898e-02,9.917193219e-02,2.562107247e-02,1.111182038e+00,3.344824457e+01,8.419063340e-02,7.999056e-16,7.215282e-17,4.157496e-17,6.921747e-03
7.810000,2.197351098e-02,1.985436551e-01,2.277133037e-02,9.910885562e-02,2.561979545e-02,1.110210442e+00,3.354815257e+01,8.409078019e-02,4.514643e-16,5.751506e-17,1.318287e-17,6.964804e-03
7.820000,2.193606710e-02,1.984213545e-01,2.281472198e-02,9.904800621e-02,2.561999738e-02,1.109341570e+00,3.364820680e+01,8.399539016e-02,4.545956e-16,2.083474e-17,3.146831e-17,6.907326e-03
7.830000,2.190073326e-02,1.983035769e-01,2.286964434e-02,9.898940679e-02,2.562169963e-02,1.108575049e+00,3.374839808e+01,8.390450350e-02,1.309415e-16,3.433756e-17,1.854637e-17,6.892372e-03
7.840000,2.186755557e-02,1.981903667e-01,2.293606774e-02,9.893307958e-02,2.562492375e-02,1.107910397e+00,3.384871727e+01,8.381815923e-02,1.185917e-16,2.681204e-17,2.475356e-17,6.955090e-03
7.850000,2.183658162e-02,1.980817674e-01,2.301392268e-02,9.887904615e-02,2.562969144e-02,1.107347024e+00,3.394915527e+01,8.373639513e-02,1.095703e-16,2.261803e-17,2.305045e-18,6.931707e-03
7.860000,2.180786042e-02,1.979778208e-01,2.310310061e-02,9.882732743e-02,2.563602447e-02,1.106884230e+00,3.404970305e+01,8.365924780e-02,1.186361e-16,7.025764e-17,6.543275e-18,6.908124e-03
7.870000,2.178144238e-02,1.978785676e-01,2.320345507e-02,9.877794367e-02,2.564394463e-02,1.106521202e+00,3.415035163e+01,8.358675257e-02,2.439523e-16,2.432095e-17,1.100215e-17,6.918745e-03
7.880000,2.175737928e-02,1.977840472e-01,2.331480301e-02,9.873091448e-02,2.565347366e-02,1.106257020e+00,3.425109207e+01,8.351894350e-02,4.443068e-16,2.395081e-17,3.982220e-17,6.910114e-03
7.890000,2.173572419e-02,1.976942976e-01,2.343692653e-02,9.868625879e-02,2.566463321e-02,1.106090652e+00,3.435191552e+01,8.345585334e-02,7.771577e-16,2.345488e-17,7.573911e-18,6.897240e-03
7.900000,2.171653141e-02,1.976093552e-01,2.356957478e-02,9.864399486e-02,2.567744476e-02,1.106020957e+00,3.445281313e+01,8.339751355e-02,1.347806e-16,3.077072e-17,1.160327e-17,6.890450e-03
7.910000,2.169985644e-02,1.975292555e-01,2.371246604e-02,9.860414023e-02,2.569192955e-02,1.106046685e+00,3.455377613e+01,8.334395424e-02,1.111287e-15,2.660695e-17,1.109719e-17,6.908082e-03
7.920000,2.168575586e-02,1.974540321e-01,2.386529002e-02,9.856671178e-02,2.570810851e-02,1.106166480e+00,3.465479581e+01,8.329520415e-02,4.819910e-16,4.773052e-17,1.462116e-17,6.889089e-03
7.930000,2.167428732e-02,1.973837176e-01,2.402771025e-02,9.853172565e-02,2.572600225e-02,1.106378879e+00,3.475586348e+01,8.325129064e-02,3.333570e-16,6.562245e-17,2.653751e-17,6.892909e-03
7.940000,2.166550938e-02,1.973183428e-01,2.419936659e-02,9.849919729e-02,2.574563090e-02,1.106682316e+00,3.485697051e+01,8.321223968e-02,2.423671e-16,4.306344e-17,7.058419e-17,6.882658e-03
7.950000,2.165948149e-02,1.972579374e-01,2.437987772e-02,9.846914140e-02,2.576701411e-02,1.107075123e+00,3.495810834e+01,8.317807581e-02,2.314970e-16,2.955480e-17,9.977017e-18,6.904139e-03
7.960000,2.165626384e-02,1.972025294e-01,2.456884373e-02,9.844157198e-02,2.579017098e-02,1.107555530e+00,3.505926843e+01,8.314882214e-02,1.415528e-16,5.173769e-17,1.771767e-17,7.026607e-03
7.970000,2.165591729e-02,1.971521453e-01,2.476584862e-02,9.841650225e-02,2.581511995e-02,1.108121675e+00,3.516044229e+01,8.312450029e-02,7.776570e-16,5.120374e-17,9.393260e-18,6.900989e-03
7.980000,2.165850326e-02,1.971068101e-01,2.497046280e-02,9.839394471e-02,2.584187877e-02,1.108771597e+00,3.526162150e+01,8.310513044e-02,2.221674e-16,3.149864e-17,1.417706e-17,6.961518e-03
7.990000,2.166408362e-02,1.970665476e-01,2.518224548e-02,9.837391108e-02,2.587046444e-02,1.109503247e+00,3.536279766e+01,8.309073124e-02,3.433887e-16,4.041908e-17,1.822349e-17,6.957438e-03
