t,pos_err,ori_err_geodesic,e_xi_norm,e_z_O_norm,e_z_T_norm,qddot_ref_norm,tau_norm,V,c0,c1,c2,runtime
0.000000,4.971004415e-16,7.884953353e-08,0.000000000e+00,3.300040363e-18,5.242539844e-16,1.775974742e-03,3.902507981e+01,2.198825043e-30,7.790215e-16,0.000000e+00,0.000000e+00,7.158407e-03
0.010000,3.476583956e-07,3.264680848e-07,1.239302421e-04,1.595774288e-07,5.306298913e-07,2.270350574e-01,3.934704888e+01,7.681808720e-09,2.297651e-16,1.296880e-19,2.182754e-22,6.994628e-03
0.020000,6.388896622e-07,5.915592087e-07,1.142487308e-04,2.935270705e-07,9.754250464e-07,2.268790819e-01,3.934641228e+01,6.534687147e-09,4.447562e-16,9.012446e-20,1.515958e-21,7.025388e-03
0.030000,8.774478120e-07,8.090658164e-07,1.052491769e-04,4.037775930e-07,1.340333632e-06,2.267013910e-01,3.934543806e+01,5.554370866e-09,7.376328e-17,7.050246e-19,2.711829e-21,6.960928e-03
0.040000,1.066909684e-06,9.866324280e-07,9.689012361e-05,4.921193849e-07,1.630972612e-06,2.265017739e-01,3.934412644e+01,4.717066052e-09,2.935940e-16,2.264796e-19,9.470116e-22,6.992738e-03
0.050000,1.210681108e-06,1.120662432e-06,8.913252703e-05,5.602145377e-07,1.852644640e-06,2.262800327e-01,3.934247766e+01,4.002272747e-09,2.423666e-16,8.927261e-19,3.054021e-21,6.990308e-03
0.060000,1.312003011e-06,1.220076650e-06,8.193960951e-05,6.096061052e-07,2.010354133e-06,2.260359818e-01,3.934049197e+01,3.392354950e-09,2.310013e-16,5.432962e-19,9.122824e-21,7.013937e-03
0.070000,1.373957478e-06,1.284614924e-06,7.527672250e-05,6.417266950e-07,2.108822562e-06,2.257694485e-01,3.933816965e+01,2.872164042e-09,4.497514e-16,9.265472e-19,1.702515e-20,7.008758e-03
0.080000,1.399473768e-06,1.318731719e-06,6.911121850e-05,6.579064397e-07,2.152503008e-06,2.254802725e-01,3.933551101e+01,2.428709142e-09,1.112049e-15,7.203267e-19,3.788046e-20,6.984748e-03
0.090000,1.391334338e-06,1.320078051e-06,6.341233131e-05,6.593803929e-07,2.145593997e-06,2.251683063e-01,3.933251640e+01,2.050868730e-09,2.785386e-17,7.867764e-19,1.355253e-20,7.016987e-03
0.100000,1.352180920e-06,1.295287240e-06,5.815106442e-05,6.472953916e-07,2.092052678e-06,2.248334146e-01,3.932918620e+01,1.729138552e-09,2.228820e-16,1.412006e-18,5.789642e-20,6.991817e-03
0.110000,1.284520842e-06,1.245294953e-06,5.330008676e-05,6.227164236e-07,1.995607341e-06,2.244754744e-01,3.932552080e+01,1.455411420e-09,8.892383e-16,1.087775e-18,4.079851e-20,6.999918e-03
0.120000,1.190733905e-06,1.175209531e-06,4.883363587e-05,5.866325392e-07,1.859769349e-06,2.240943752e-01,3.932152065e+01,1.222785034e-09,3.366019e-16,8.612255e-19,5.587850e-20,6.985928e-03
0.130000,1.073080658e-06,1.081951550e-06,4.472742784e-05,5.399623393e-07,1.687844494e-06,2.236900185e-01,3.931718624e+01,1.025394428e-09,2.289965e-16,6.219783e-19,2.443217e-20,6.959628e-03
0.140000,9.337142338e-07,9.684608465e-07,4.095857422e-05,4.835590791e-07,1.482943831e-06,2.232623176e-01,3.931251809e+01,8.582660155e-10,2.221792e-16,3.178934e-18,8.571371e-20,7.004658e-03
0.150000,7.747023645e-07,8.392410183e-07,3.750550543e-05,4.182154354e-07,1.247994103e-06,2.228111978e-01,3.930751674e+01,7.171906164e-10,1.180032e-16,2.145766e-18,8.677852e-20,7.041838e-03
0.160000,5.980844003e-07,6.938246922e-07,3.434790084e-05,3.446680016e-07,9.857479983e-07,2.223365962e-01,3.930218281e+01,5.986131073e-10,5.624061e-16,2.086044e-18,4.886433e-20,7.003358e-03
0.170000,4.060917253e-07,5.314515382e-07,3.146662537e-05,2.636017420e-07,6.987953995e-07,2.218384611e-01,3.929651693e+01,4.995366631e-10,2.294219e-16,1.581935e-18,6.910460e-20,6.947118e-03
0.180000,2.027578607e-07,3.551356580e-07,2.884367258e-05,1.756554365e-07,3.895843581e-07,2.213167524e-01,3.929051978e+01,4.174397703e-10,1.214398e-17,3.299484e-18,8.677852e-20,6.956337e-03
0.190000,6.466146907e-08,1.763129170e-07,2.646211414e-05,8.143918591e-08,6.085160641e-08,2.207714410e-01,3.928419209e+01,3.502044245e-10,4.536716e-16,1.734935e-18,9.583084e-20,6.917899e-03
0.200000,2.651540217e-07,7.300048300e-08,2.430605535e-05,1.890806961e-08,2.870293361e-07,2.202025088e-01,3.927753463e+01,2.960541102e-10,2.292011e-16,4.866551e-18,8.677852e-20,6.926268e-03
0.210000,5.038052955e-07,2.528810911e-07,2.236059608e-05,1.239008693e-07,6.499413000e-07,2.196099485e-01,3.927054821e+01,2.535003294e-10,4.445768e-16,1.436887e-18,1.654297e-19,6.931168e-03
0.220000,7.530599346e-07,4.749708608e-07,2.061179615e-05,2.338767355e-07,1.026884724e-06,2.189937633e-01,3.926323368e+01,2.212965949e-10,7.792330e-16,3.241095e-18,2.672976e-19,6.956818e-03
0.230000,1.010208466e-06,6.989264130e-07,1.904664356e-05,3.481869059e-07,1.416057293e-06,2.183539669e-01,3.925559195e+01,1.983989345e-10,6.835857e-17,1.039521e-17,3.833234e-20,6.938208e-03
0.240000,1.273755229e-06,9.343871717e-07,1.765302302e-05,4.664125103e-07,1.815803269e-06,2.176905831e-01,3.924762396e+01,1.839320680e-10,9.714658e-17,5.797964e-18,2.116972e-19,6.954857e-03
0.250000,1.542491441e-06,1.178605553e-06,1.641968194e-05,5.881704736e-07,2.224578207e-06,2.170036456e-01,3.923933071e+01,1.771605191e-10,4.531617e-16,4.272637e-18,2.557086e-19,6.928908e-03
0.260000,1.815342322e-06,1.427403690e-06,1.533619012e-05,7.131057366e-07,2.640939608e-06,2.162931980e-01,3.923071322e+01,1.774640182e-10,1.346389e-16,4.690976e-18,3.090452e-19,6.966497e-03
0.270000,2.091324404e-06,1.682709958e-06,1.439288943e-05,8.408883990e-07,3.063540568e-06,2.155592933e-01,3.922177259e+01,1.843166260e-10,1.273112e-16,1.909704e-18,5.427783e-19,6.940198e-03
0.280000,2.369528789e-06,1.943330811e-06,1.358083034e-05,9.712116875e-07,3.491124265e-06,2.148019939e-01,3.921250995e+01,1.972690826e-10,2.222296e-16,9.572959e-18,1.954573e-19,6.951128e-03
0.290000,2.649112543e-06,2.208792444e-06,1.289169397e-05,1.103790221e-06,3.922518870e-06,2.140213714e-01,3.920292645e+01,2.159339439e-10,2.312134e-16,1.143644e-18,3.636525e-19,6.939738e-03
0.300000,2.929293170e-06,2.477001519e-06,1.231770108e-05,1.238358444e-06,4.356632775e-06,2.132175062e-01,3.919302334e+01,2.399731262e-10,4.546017e-16,5.827035e-18,2.498963e-19,6.960008e-03
0.310000,3.209344467e-06,2.749254145e-06,1.185151280e-05,1.374669187e-06,4.792450076e-06,2.123904874e-01,3.918280186e+01,2.690875226e-10,8.893285e-16,9.346106e-18,8.314671e-19,6.941378e-03
0.320000,3.488593078e-06,3.025926524e-06,1.148613143e-05,1.512492348e-06,5.229026308e-06,2.115404128e-01,3.917226333e+01,3.030084015e-10,6.690751e-16,1.626529e-18,5.561492e-19,6.901678e-03
0.330000,3.766415459e-06,3.304431190e-06,1.121481181e-05,1.651613656e-06,5.665484393e-06,2.106673882e-01,3.916140912e+01,3.414903306e-10,8.882898e-16,4.152672e-18,4.631714e-19,6.960858e-03
0.340000,4.042235109e-06,3.584093258e-06,1.103099304e-05,1.791833542e-06,6.101010812e-06,2.097715277e-01,3.915024062e+01,3.843054067e-10,2.225970e-16,2.812664e-18,2.168404e-19,6.944688e-03
0.350000,4.315519994e-06,3.866614454e-06,1.092825797e-05,1.932966083e-06,6.534851960e-06,2.088529531e-01,3.913875928e+01,4.312385954e-10,5.565435e-16,6.744966e-18,3.160965e-19,6.928479e-03
0.360000,4.585780132e-06,4.150341224e-06,1.090032225e-05,2.074838028e-06,6.966310708e-06,2.079117940e-01,3.912696659e+01,4.820840144e-10,4.482054e-16,6.654884e-18,5.421011e-20,6.921048e-03
0.370000,4.852565306e-06,4.434641651e-06,1.094104949e-05,2.217287884e-06,7.394743130e-06,2.069481873e-01,3.911486410e+01,5.366420142e-10,4.512014e-16,4.877874e-18,6.060874e-19,6.926208e-03
0.380000,5.115462896e-06,4.720823329e-06,1.104448461e-05,2.360165088e-06,7.819555409e-06,2.059622774e-01,3.910245339e+01,5.947169285e-10,1.277705e-16,1.253802e-17,7.589415e-19,6.901638e-03
0.390000,5.374095815e-06,5.006967553e-06,1.120489553e-05,2.503329217e-06,8.240200904e-06,2.049542156e-01,3.908973608e+01,6.561153867e-10,9.890768e-17,2.884142e-18,2.235140e-19,6.886418e-03
0.400000,5.628120546e-06,5.293667662e-06,1.141681396e-05,2.646649272e-06,8.656177369e-06,2.039241601e-01,3.907671385e+01,7.206450926e-10,2.244703e-16,4.681020e-19,1.084202e-19,6.923928e-03
0.410000,5.877225274e-06,5.580360524e-06,1.167506867e-05,2.790003003e-06,9.067024318e-06,2.028722758e-01,3.906338842e+01,7.881139882e-10,2.269399e-16,6.268773e-18,3.909147e-19,6.957648e-03
0.420000,6.121128101e-06,5.866895813e-06,1.197480729e-05,2.933276292e-06,9.472320538e-06,2.017987341e-01,3.904976155e+01,8.583297343e-10,2.220622e-16,5.884248e-18,4.470280e-19,6.962228e-03
0.430000,6.359575351e-06,6.152862501e-06,1.231150614e-05,3.076362572e-06,9.871681719e-06,2.007037127e-01,3.903583504e+01,9.310994447e-10,2.348108e-16,2.046432e-18,4.997925e-19,6.952448e-03
0.440000,6.592339951e-06,6.438681225e-06,1.268096917e-05,3.219162293e-06,1.026475822e-05,1.995873953e-01,3.902161074e+01,1.006229627e-09,4.453660e-16,1.206175e-17,1.116254e-18,6.942148e-03
0.450000,6.819219889e-06,6.723380152e-06,1.307931828e-05,3.361582426e-06,1.065123296e-05,1.984499718e-01,3.900709055e+01,1.083526284e-09,1.544259e-16,1.018115e-17,1.212175e-18,6.951847e-03
0.460000,7.040036752e-06,7.007349280e-06,1.350297774e-05,3.503536002e-06,1.103081941e-05,1.972916377e-01,3.899227639e+01,1.162795135e-09,2.298402e-16,3.718434e-18,5.421011e-19,6.920558e-03
0.470000,7.254634324e-06,7.290125657e-06,1.394865504e-05,3.644941686e-06,1.140325969e-05,1.961125940e-01,3.897717025e+01,1.243841939e-09,1.787166e-16,1.179867e-17,1.035683e-18,6.922788e-03
0.480000,7.462877262e-06,7.571784267e-06,1.441332012e-05,3.785723380e-06,1.176832278e-05,1.949130475e-01,3.896177415e+01,1.326472879e-09,4.517541e-16,8.797459e-18,6.942281e-19,6.973088e-03
0.490000,7.664649830e-06,7.851823269e-06,1.489418441e-05,3.925809856e-06,1.212580285e-05,1.936932098e-01,3.894609014e+01,1.410494987e-09,2.438035e-16,1.859217e-18,6.505213e-19,6.970478e-03
0.500000,7.859854699e-06,8.130573879e-06,1.538868068e-05,4.065134415e-06,1.247551762e-05,1.924532981e-01,3.893012033e+01,1.495716608e-09,2.391669e-16,3.855021e-18,4.848700e-19,6.972587e-03
0.510000,8.048411806e-06,8.407530417e-06,1.589444408e-05,4.203634570e-06,1.281730686e-05,1.911935342e-01,3.891386686e+01,1.581947867e-09,4.458828e-16,4.607859e-19,3.428548e-19,6.950337e-03
0.520000,8.230257271e-06,8.682813415e-06,1.640929486e-05,4.341251754e-06,1.315103098e-05,1.899141448e-01,3.889733192e+01,1.669001139e-09,5.581023e-16,2.552053e-18,4.848700e-19,6.977758e-03
0.530000,8.405342367e-06,8.955982175e-06,1.693122265e-05,4.477931048e-06,1.347656962e-05,1.886153616e-01,3.888051772e+01,1.756691511e-09,2.365676e-16,3.604055e-18,1.172744e-18,6.971227e-03
0.540000,8.573632545e-06,9.227609491e-06,1.745837243e-05,4.613620927e-06,1.379382044e-05,1.872974204e-01,3.886342654e+01,1.844837228e-09,4.508498e-16,1.359607e-17,3.909147e-19,6.964748e-03
0.550000,8.735106510e-06,9.496939190e-06,1.798903187e-05,4.748273029e-06,1.410269788e-05,1.859605616e-01,3.884606067e+01,1.933260108e-09,6.704948e-16,1.034863e-17,4.848700e-19,6.983867e-03
0.560000,8.889755339e-06,9.763888511e-06,1.852162013e-05,4.881841936e-06,1.440313202e-05,1.846050300e-01,3.882842246e+01,2.021785947e-09,1.558907e-16,1.332910e-17,6.505213e-19,6.981428e-03
0.570000,9.037581657e-06,1.002878039e-05,1.905467777e-05,5.014284972e-06,1.469506749e-05,1.832310744e-01,3.881051429e+01,2.110244872e-09,3.378870e-16,1.929035e-17,8.741117e-19,6.957898e-03
0.580000,9.178598847e-06,1.029134218e-05,1.958685770e-05,5.145562019e-06,1.497846252e-05,1.818389478e-01,3.879233857e+01,2.198471681e-09,1.381819e-16,2.245797e-17,1.517883e-18,6.976838e-03
0.590000,9.312830308e-06,1.055141113e-05,2.011691708e-05,5.275635343e-06,1.525328790e-05,1.804289072e-01,3.877389777e+01,2.286306136e-09,7.155045e-17,8.651949e-18,1.212175e-18,6.995728e-03
0.600000,9.440308750e-06,1.080916716e-05,2.064370994e-05,5.404469431e-06,1.551952613e-05,1.790012133e-01,3.875519438e+01,2.373593230e-09,3.385431e-16,1.834484e-17,4.336809e-19,6.976197e-03
0.610000,9.561075529e-06,1.106433043e-05,2.116618052e-05,5.532030847e-06,1.577717058e-05,1.775561306e-01,3.873623092e+01,2.460183414e-09,9.077295e-16,3.085813e-18,1.264386e-18,6.978807e-03
0.620000,9.675180025e-06,1.131684087e-05,2.168335717e-05,5.658288088e-06,1.602622465e-05,1.760939275e-01,3.871700997e+01,2.545932794e-09,5.875594e-16,4.469047e-18,9.263427e-19,6.934838e-03
0.630000,9.782679046e-06,1.156664184e-05,2.219434677e-05,5.783211462e-06,1.626670103e-05,1.746148759e-01,3.869753412e+01,2.630703293e-09,4.586162e-16,6.226911e-18,9.697399e-19,6.973968e-03
0.640000,9.883636269e-06,1.181371728e-05,2.269832956e-05,5.906772965e-06,1.649862103e-05,1.731192512e-01,3.867780602e+01,2.714362783e-09,3.031799e-16,1.964322e-18,1.089610e-18,6.976018e-03
0.650000,9.978121720e-06,1.205808740e-05,2.319455442e-05,6.028946173e-06,1.672201383e-05,1.716073323e-01,3.865782833e+01,2.796785185e-09,3.339710e-16,7.925112e-18,1.552341e-18,6.930188e-03
0.660000,1.006621128e-05,1.229948019e-05,2.368233449e-05,6.149706140e-06,1.693691595e-05,1.700794018e-01,3.863760376e+01,2.877850542e-09,1.544063e-16,6.075403e-18,5.421011e-19,6.974178e-03
0.670000,1.014798620e-05,1.253810303e-05,2.416104299e-05,6.269029303e-06,1.714337058e-05,1.685357454e-01,3.861713506e+01,2.957445065e-09,4.481253e-16,1.947343e-17,4.848700e-19,6.954948e-03
0.680000,1.022353270e-05,1.277400685e-05,2.463010950e-05,6.386893394e-06,1.734142707e-05,1.669766525e-01,3.859642499e+01,3.035461148e-09,5.601118e-16,1.939995e-17,1.748223e-18,6.992087e-03
0.690000,1.029294154e-05,1.300662261e-05,2.508901633e-05,6.503277360e-06,1.753114041e-05,1.654024156e-01,3.857547637e+01,3.111797374e-09,2.222466e-16,4.645968e-18,3.909147e-19,6.930997e-03
0.700000,1.035630762e-05,1.323645917e-05,2.553729520e-05,6.618161284e-06,1.771257070e-05,1.638133308e-01,3.855429203e+01,3.186358479e-09,7.152697e-17,9.739469e-18,2.105140e-18,6.952338e-03
0.710000,1.041372965e-05,1.346316409e-05,2.597452414e-05,6.731526322e-06,1.788578273e-05,1.622096975e-01,3.853287484e+01,3.259055316e-09,1.257425e-16,1.180838e-17,1.105674e-18,6.922298e-03
0.720000,1.046530980e-05,1.368686054e-05,2.640032448e-05,6.843354632e-06,1.805084555e-05,1.605918186e-01,3.851122771e+01,3.329804787e-09,2.256396e-16,1.751792e-18,1.226635e-18,6.944078e-03
0.730000,1.051115338e-05,1.390747016e-05,2.681435815e-05,6.953629315e-06,1.820783204e-05,1.589600003e-01,3.848935356e+01,3.398529767e-09,2.985110e-16,5.207064e-18,1.264386e-18,6.909187e-03
0.740000,1.055136856e-05,1.412485463e-05,2.721632508e-05,7.062334364e-06,1.835681856e-05,1.573145525e-01,3.846725537e+01,3.465159010e-09,5.556474e-16,2.484954e-17,6.857097e-19,6.910728e-03
0.750000,1.058606610e-05,1.433906773e-05,2.760596073e-05,7.169454606e-06,1.849788458e-05,1.556557886e-01,3.844493612e+01,3.529627039e-09,1.304555e-16,1.100612e-17,2.893012e-18,6.924008e-03
0.760000,1.061535907e-05,1.455003586e-05,2.798303377e-05,7.274975660e-06,1.863111235e-05,1.539840256e-01,3.842239883e+01,3.591874034e-09,2.365657e-16,9.916487e-18,3.366269e-18,6.924008e-03
0.770000,1.063936266e-05,1.475792829e-05,2.834734397e-05,7.378883888e-06,1.875658660e-05,1.522995843e-01,3.839964655e+01,3.651845701e-09,1.168993e-16,1.007375e-17,1.999170e-18,6.936918e-03
0.780000,1.065819391e-05,1.496239835e-05,2.869872012e-05,7.481166358e-06,1.887439425e-05,1.506027893e-01,3.837668237e+01,3.709493135e-09,1.253747e-16,1.628454e-17,1.788112e-18,6.920128e-03
0.790000,1.067197157e-05,1.516376018e-05,2.903701809e-05,7.581810803e-06,1.898462413e-05,1.488939695e-01,3.835350939e+01,3.764772678e-09,2.109425e-16,7.638481e-18,4.848700e-19,6.956108e-03
0.800000,1.068081586e-05,1.536176022e-05,2.936211906e-05,7.680805588e-06,1.908736675e-05,1.471734578e-01,3.833013073e+01,3.817645769e-09,3.252650e-16,1.248673e-17,2.168404e-19,6.945898e-03
0.810000,1.068484834e-05,1.555632699e-05,2.967392776e-05,7.778139676e-06,1.918271403e-05,1.454415913e-01,3.830654956e+01,3.868078789e-09,2.221536e-16,1.855841e-17,1.371419e-18,6.951987e-03
0.820000,1.068419173e-05,1.574767236e-05,2.997237088e-05,7.873802600e-06,1.927075913e-05,1.436987121e-01,3.828276907e+01,3.916042906e-09,2.311700e-16,4.087834e-18,2.852091e-18,6.939248e-03
0.830000,1.067896981e-05,1.593568942e-05,3.025739557e-05,7.967784432e-06,1.935159620e-05,1.419451669e-01,3.825879246e+01,3.961513907e-09,2.235663e-16,2.640205e-18,1.105674e-18,6.953998e-03
0.840000,1.066930723e-05,1.612035690e-05,3.052896797e-05,8.060075760e-06,1.942532023e-05,1.401813074e-01,3.823462296e+01,4.004472042e-09,6.724567e-16,1.643508e-17,1.533293e-18,6.929028e-03
0.850000,1.065532946e-05,1.630143447e-05,3.078707187e-05,8.150667661e-06,1.949202687e-05,1.384074910e-01,3.821026383e+01,4.044901855e-09,1.249013e-16,1.493193e-17,1.318989e-18,6.941578e-03
0.860000,1.063716266e-05,1.647922913e-05,3.103170748e-05,8.239551684e-06,1.955181222e-05,1.366240806e-01,3.818571835e+01,4.082792020e-09,4.475604e-16,1.011509e-17,3.066587e-19,6.946167e-03
0.870000,1.061493358e-05,1.665355268e-05,3.126289016e-05,8.326719822e-06,1.960477277e-05,1.348314454e-01,3.816098984e+01,4.118135179e-09,2.372482e-16,1.122149e-17,6.857097e-19,6.958098e-03
0.880000,1.058876949e-05,1.682448664e-05,3.148064938e-05,8.412164501e-06,1.965100518e-05,1.330299610e-01,3.813608160e+01,4.150927772e-09,4.451215e-16,3.523657e-19,4.358439e-18,6.923048e-03
0.890000,1.055879814e-05,1.699189806e-05,3.168502758e-05,8.495878557e-06,1.969060619e-05,1.312200102e-01,3.811099700e+01,4.181169882e-09,2.607401e-16,1.607275e-17,4.527761e-18,6.935427e-03
0.900000,1.052514764e-05,1.715586420e-05,3.187607922e-05,8.577855222e-06,1.972367250e-05,1.294019831e-01,3.808573939e+01,4.208865069e-09,5.556519e-16,5.640196e-18,1.084202e-18,6.927788e-03
0.910000,1.048794649e-05,1.731635469e-05,3.205386984e-05,8.658088109e-06,1.975030066e-05,1.275762781e-01,3.806031217e+01,4.234020212e-09,6.756212e-16,2.192134e-17,1.788112e-18,6.952748e-03
0.920000,1.044732346e-05,1.747321116e-05,3.221847517e-05,8.736571198e-06,1.977058697e-05,1.257433022e-01,3.803471874e+01,4.256645355e-09,2.438144e-16,6.345131e-18,1.084202e-18,6.933378e-03
0.930000,1.040340762e-05,1.762668177e-05,3.236998030e-05,8.813298821e-06,1.978462740e-05,1.239034718e-01,3.800896253e+01,4.276753552e-09,2.277143e-16,2.310655e-17,2.135631e-18,6.925928e-03
0.940000,1.035632830e-05,1.777662940e-05,3.250847889e-05,8.888265656e-06,1.979251749e-05,1.220572135e-01,3.798304698e+01,4.294360718e-09,1.457399e-16,7.298511e-18,2.335443e-18,6.926108e-03
0.950000,1.030621508e-05,1.792301857e-05,3.263407249e-05,8.961466710e-06,1.979435227e-05,1.202049649e-01,3.795697557e+01,4.309485484e-09,5.030716e-17,2.354855e-17,1.788112e-18,6.935908e-03
0.960000,1.025319775e-05,1.806593578e-05,3.274686980e-05,9.032897309e-06,1.979022625e-05,1.183471755e-01,3.793075176e+01,4.322149050e-09,1.296469e-16,1.493299e-17,3.157244e-18,6.954678e-03
0.970000,1.019740637e-05,1.820521888e-05,3.284698606e-05,9.102553097e-06,1.978023326e-05,1.164843078e-01,3.790437906e+01,4.332375051e-09,1.668890e-16,4.304501e-18,2.168404e-18,6.978377e-03
0.980000,1.013897124e-05,1.834099908e-05,3.293454243e-05,9.170430015e-06,1.976446648e-05,1.146168382e-01,3.787786097e+01,4.340189418e-09,5.603035e-16,1.771734e-17,4.635519e-18,6.992148e-03
0.990000,1.007802292e-05,1.847323343e-05,3.300966546e-05,9.236524304e-06,1.974301836e-05,1.127452587e-01,3.785120102e+01,4.345620249e-09,5.587110e-16,8.549099e-18,1.226635e-18,7.024517e-03
1.000000,1.001469226e-05,1.860175880e-05,3.307248651e-05,9.300832490e-06,1.971598057e-05,1.108700776e-01,3.782440276e+01,4.348697681e-09,1.027020e-16,1.729891e-17,7.818293e-19,7.013177e-03
1.010000,9.949110410e-06,1.872674643e-05,3.312314133e-05,9.363351384e-06,1.968344396e-05,1.089918216e-01,3.779746974e+01,4.349453769e-09,4.449573e-16,4.975827e-18,9.697399e-19,6.938738e-03
1.020000,9.881408879e-06,1.884826668e-05,3.316176952e-05,9.424078068e-06,1.964549855e-05,1.071110370e-01,3.777040553e+01,4.347922365e-09,3.497412e-16,1.698853e-17,4.336809e-19,6.957378e-03
1.030000,9.811719549e-06,1.896612866e-05,3.318851416e-05,9.483009898e-06,1.960223346e-05,1.052282919e-01,3.774321370e+01,4.344139002e-09,2.220646e-16,2.763441e-17,2.453269e-18,6.941407e-03
1.040000,9.740174725e-06,1.908042342e-05,3.320352140e-05,9.540144491e-06,1.955373692e-05,1.033441779e-01,3.771589786e+01,4.338140791e-09,3.424645e-16,1.622325e-17,2.179219e-18,6.945827e-03
1.050000,9.666907179e-06,1.919107586e-05,3.320694006e-05,9.595479726e-06,1.950009622e-05,1.014593125e-01,3.768846161e+01,4.329966305e-09,7.551135e-17,4.370559e-18,6.133174e-19,6.933628e-03
1.060000,9.592050200e-06,1.929807959e-05,3.319892129e-05,9.649013735e-06,1.944139774e-05,9.957434162e-02,3.766090855e+01,4.319655484e-09,2.274864e-16,1.044699e-17,2.646875e-18,6.950477e-03
1.070000,9.515737641e-06,1.940151788e-05,3.317961828e-05,9.700744904e-06,1.937772686e-05,9.768994192e-02,3.763324232e+01,4.307249534e-09,2.310019e-16,2.266222e-17,2.682168e-18,6.944467e-03
1.080000,9.438103977e-06,1.950147023e-05,3.314918594e-05,9.750671863e-06,1.930916801e-05,9.580682423e-02,3.760546654e+01,4.292790834e-09,2.226196e-16,1.313522e-17,2.168404e-18,6.918698e-03
1.090000,9.359284356e-06,1.959760476e-05,3.310778058e-05,9.798793488e-06,1.923580465e-05,9.392573665e-02,3.757758487e+01,4.276322844e-09,6.754788e-16,1.687598e-17,3.104683e-18,6.951008e-03
1.100000,9.279414653e-06,1.969033824e-05,3.305555974e-05,9.845108897e-06,1.915771924e-05,9.204746825e-02,3.754960094e+01,4.257890021e-09,5.592270e-16,1.849773e-17,4.091337e-18,6.948107e-03
1.110000,9.198631528e-06,1.977933684e-05,3.299268186e-05,9.889617444e-06,1.907499325e-05,9.017285310e-02,3.752151841e+01,4.237537734e-09,2.316230e-16,1.474674e-18,1.999170e-18,6.961828e-03
1.120000,9.117072474e-06,1.986471781e-05,3.291930614e-05,9.932318718e-06,1.898770717e-05,8.830277475e-02,3.749334095e+01,4.215312189e-09,7.465166e-17,2.097868e-17,3.469447e-18,6.936717e-03
1.130000,9.034875869e-06,1.994646083e-05,3.283559227e-05,9.973212545e-06,1.889594050e-05,8.643817120e-02,3.746507223e+01,4.191260346e-09,2.233720e-16,2.249720e-18,1.226635e-18,6.872938e-03
1.140000,8.952181020e-06,2.002463261e-05,3.274170028e-05,1.001229898e-05,1.879977174e-05,8.458004037e-02,3.743671591e+01,4.165429856e-09,2.267534e-16,5.717111e-18,2.611105e-18,6.966358e-03
1.150000,8.869128208e-06,2.009927483e-05,3.263779037e-05,1.004957830e-05,1.869927844e-05,8.272944613e-02,3.740827568e+01,4.137868985e-09,1.121254e-16,9.500273e-18,9.697399e-19,6.931208e-03
1.160000,8.785858714e-06,2.017018449e-05,3.252402276e-05,1.008505102e-05,1.859453714e-05,8.088752502e-02,3.737975522e+01,4.108626553e-09,1.144748e-16,1.705897e-17,0.000000e+00,6.966068e-03
1.170000,8.702514854e-06,2.023755443e-05,3.240055749e-05,1.011871788e-05,1.848562345e-05,7.905549359e-02,3.735115821e+01,4.077751869e-09,4.489595e-16,9.904292e-18,1.748223e-18,6.920237e-03
1.180000,8.619239986e-06,2.030120114e-05,3.226755437e-05,1.015057984e-05,1.837261200e-05,7.723465655e-02,3.732248833e+01,4.045294675e-09,4.472484e-16,5.963112e-19,3.927147e-18,6.949868e-03
1.190000,8.536178514e-06,2.036137763e-05,3.212517283e-05,1.018063808e-05,1.825557650e-05,7.542641571e-02,3.729374928e+01,4.011305084e-09,1.081520e-16,1.371419e-18,7.818293e-19,6.922278e-03
1.200000,8.453475881e-06,2.041789710e-05,3.197357177e-05,1.020889401e-05,1.813458971e-05,7.363227975e-02,3.726494474e+01,3.975833532e-09,3.418648e-17,2.305045e-17,4.770490e-18,6.923937e-03
1.210000,8.371278537e-06,2.047078984e-05,3.181290955e-05,1.023534925e-05,1.800972349e-05,7.185387495e-02,3.723607840e+01,3.938930723e-09,7.083934e-17,4.220104e-17,2.742839e-18,6.922158e-03
1.220000,8.289733893e-06,2.052012716e-05,3.164334383e-05,1.026000565e-05,1.788104881e-05,7.009295684e-02,3.720715395e+01,3.900647583e-09,1.334541e-16,2.174494e-18,9.697399e-19,6.928028e-03
1.230000,8.208990252e-06,2.056580511e-05,3.146503153e-05,1.028286527e-05,1.774863572e-05,6.835142282e-02,3.717817508e+01,3.861035211e-09,1.997130e-17,1.324617e-17,4.906539e-18,6.908747e-03
1.240000,8.129196718e-06,2.060793421e-05,3.127812878e-05,1.030393041e-05,1.761255346e-05,6.663132578e-02,3.714914546e+01,3.820144840e-09,2.221244e-16,1.017086e-17,6.071532e-18,6.900258e-03
1.250000,8.050503079e-06,2.064647165e-05,3.108279083e-05,1.032320356e-05,1.747287038e-05,6.493488848e-02,3.712006880e+01,3.778027792e-09,2.327064e-16,1.756943e-17,1.226635e-18,6.913278e-03
1.260000,7.973059655e-06,2.068145899e-05,3.087917200e-05,1.034068744e-05,1.732965404e-05,6.326451892e-02,3.709094875e+01,3.734735438e-09,2.350934e-16,6.516272e-18,1.939480e-18,6.940378e-03
1.270000,7.897017123e-06,2.071284990e-05,3.066742567e-05,1.035638500e-05,1.718297116e-05,6.162282612e-02,3.706178900e+01,3.690319165e-09,1.323480e-16,4.987330e-18,3.066587e-18,6.909168e-03
1.280000,7.822526302e-06,2.074070353e-05,3.044770424e-05,1.037029937e-05,1.703288773e-05,6.001263633e-02,3.703259322e+01,3.644830334e-09,2.703959e-16,1.388297e-17,2.776912e-18,6.941668e-03
1.290000,7.749737904e-06,2.076490580e-05,3.022015908e-05,1.038243394e-05,1.687946893e-05,5.843700904e-02,3.700336507e+01,3.598320254e-09,4.477640e-16,1.638960e-17,9.697399e-19,6.967637e-03
1.300000,7.678802241e-06,2.078566174e-05,2.998494054e-05,1.039279228e-05,1.672277924e-05,5.689925231e-02,3.697410821e+01,3.550840147e-09,2.271615e-16,2.175955e-17,2.637978e-18,6.914858e-03
1.310000,7.609868909e-06,2.080287494e-05,2.974219793e-05,1.040137821e-05,1.656288243e-05,5.540293658e-02,3.694482630e+01,3.502441114e-09,6.248677e-17,2.403179e-17,8.673617e-19,6.945717e-03
1.320000,7.543086405e-06,2.081642619e-05,2.949207950e-05,1.040819574e-05,1.639984157e-05,5.395190584e-02,3.691552298e+01,3.453174114e-09,6.700858e-16,1.207621e-17,3.066587e-18,6.973848e-03
1.330000,7.478601730e-06,2.082662115e-05,2.923473247e-05,1.041324911e-05,1.623371909e-05,5.255028498e-02,3.688620188e+01,3.403089931e-09,5.551960e-16,6.129579e-18,9.745765e-18,6.972478e-03
1.340000,7.416559926e-06,2.083312370e-05,2.897030301e-05,1.041654277e-05,1.606457679e-05,5.120248144e-02,3.685686663e+01,3.352239153e-09,2.224491e-16,1.550696e-17,1.788112e-18,6.952858e-03
1.350000,7.357103597e-06,2.083627830e-05,2.869893627e-05,1.041808138e-05,1.589247586e-05,4.991317938e-02,3.682752086e+01,3.300672142e-09,2.008291e-16,2.081696e-17,3.127317e-18,6.994197e-03
1.360000,7.300372367e-06,2.083585203e-05,2.842077640e-05,1.041786985e-05,1.571747695e-05,4.868732396e-02,3.679816817e+01,3.248439017e-09,5.691626e-16,7.613047e-18,4.091337e-18,6.993607e-03
1.370000,7.246502328e-06,2.083195126e-05,2.813596659e-05,1.041591325e-05,1.553964016e-05,4.753009340e-02,3.676881215e+01,3.195589630e-09,3.407662e-16,1.393115e-17,2.168404e-18,6.967367e-03
1.380000,7.195625436e-06,2.082457403e-05,2.784464906e-05,1.041221693e-05,1.535902508e-05,4.644685610e-02,3.673945641e+01,3.142173543e-09,6.661352e-16,2.201972e-17,3.576224e-18,6.971267e-03
1.390000,7.147868896e-06,2.081367397e-05,2.754696514e-05,1.040678642e-05,1.517569084e-05,4.544311076e-02,3.671010450e+01,3.088240012e-09,4.558308e-16,1.648221e-17,4.944723e-18,6.974557e-03
1.400000,7.103354526e-06,2.079933096e-05,2.724305530e-05,1.039962747e-05,1.498969614e-05,4.452440747e-02,3.668076000e+01,3.033837965e-09,3.529491e-16,1.428539e-17,7.573911e-18,6.958308e-03
1.410000,7.062198100e-06,2.078162333e-05,2.693305920e-05,1.039074607e-05,1.480109928e-05,4.369624936e-02,3.665142644e+01,2.979015990e-09,3.398145e-16,2.104197e-17,6.133174e-18,6.977758e-03
1.420000,7.024508706e-06,2.076034997e-05,2.661711578e-05,1.038014841e-05,1.460995823e-05,4.296397531e-02,3.662210738e+01,2.923822310e-09,2.350883e-16,4.370559e-18,1.734723e-18,6.967437e-03
1.430000,6.990388097e-06,2.073579972e-05,2.629536326e-05,1.036784091e-05,1.441633062e-05,4.233262663e-02,3.659280632e+01,2.868304774e-09,1.250901e-16,1.871672e-17,4.422694e-18,6.966708e-03
1.440000,6.959930069e-06,2.070783227e-05,2.596793927e-05,1.035383022e-05,1.422027383e-05,4.180680270e-02,3.656352678e+01,2.812510837e-09,7.944445e-16,8.436990e-18,5.434006e-18,6.983177e-03
1.450000,6.933219869e-06,2.067643374e-05,2.563498094e-05,1.033812318e-05,1.402184501e-05,4.139051302e-02,3.653427224e+01,2.756487551e-09,8.906264e-16,9.350929e-18,2.637978e-18,6.971078e-03
1.460000,6.910333633e-06,2.064156697e-05,2.529662493e-05,1.032072690e-05,1.382110116e-05,4.108703500e-02,3.650504617e+01,2.700281544e-09,2.224111e-16,1.588125e-17,2.602085e-18,6.933798e-03
1.470000,6.891337892e-06,2.060340833e-05,2.495300760e-05,1.030164868e-05,1.361809915e-05,4.089878807e-02,3.647585204e+01,2.643939015e-09,3.506678e-16,1.891725e-17,2.211347e-18,6.939458e-03
1.480000,6.876289130e-06,2.056185311e-05,2.460426508e-05,1.028089605e-05,1.341289581e-05,4.082723472e-02,3.644669329e+01,2.587505712e-09,2.268917e-16,2.673762e-17,5.222209e-18,6.964858e-03
1.490000,6.865233414e-06,2.051709711e-05,2.425053339e-05,1.025847679e-05,1.320554796e-05,4.087281730e-02,3.641757332e+01,2.531026929e-09,8.891372e-16,1.385747e-17,3.127317e-18,6.873818e-03
1.500000,6.858206112e-06,2.046885900e-05,2.389194861e-05,1.023439889e-05,1.299611250e-05,4.103493673e-02,3.638849556e+01,2.474547490e-09,2.348229e-16,3.193086e-17,3.927147e-18,6.812848e-03
1.510000,6.855231690e-06,2.041741860e-05,2.352864701e-05,1.020867056e-05,1.278464648e-05,4.131197534e-02,3.635946337e+01,2.418111738e-09,1.515973e-16,4.814639e-18,3.066587e-18,6.853338e-03
1.520000,6.856323611e-06,2.036270802e-05,2.316076519e-05,1.018130027e-05,1.257120718e-05,4.170136153e-02,3.633048013e+01,2.361763524e-09,5.631065e-16,2.010210e-17,4.271261e-18,6.854988e-03
1.530000,6.861484326e-06,2.030465710e-05,2.278844032e-05,1.015229670e-05,1.235585219e-05,4.219967018e-02,3.630154918e+01,2.305546199e-09,2.342872e-16,1.490396e-17,3.705371e-18,6.826138e-03
1.540000,6.870705360e-06,2.024341258e-05,2.241181029e-05,1.012166878e-05,1.213863950e-05,4.280274984e-02,3.627267384e+01,2.249502602e-09,2.820392e-16,2.219260e-17,3.066587e-18,6.848388e-03
1.550000,6.883967500e-06,2.017892339e-05,2.203101396e-05,1.008942566e-05,1.191962764e-05,4.350586611e-02,3.624385742e+01,2.193675054e-09,7.551582e-17,9.516461e-18,8.285461e-18,6.843998e-03
1.560000,6.901241070e-06,2.011122456e-05,2.164619142e-05,1.005557675e-05,1.169887576e-05,4.430385060e-02,3.621510318e+01,2.138105344e-09,1.144918e-16,9.697399e-18,2.637978e-18,6.839599e-03
1.570000,6.922486301e-06,2.004030572e-05,2.125748426e-05,1.002013169e-05,1.147644376e-05,4.519124599e-02,3.618641440e+01,2.082834722e-09,2.482582e-16,6.824932e-18,3.035766e-18,6.844178e-03
1.580000,6.947653771e-06,1.996639946e-05,2.086503586e-05,9.983100367e-06,1.125239248e-05,4.616243997e-02,3.615779430e+01,2.027903896e-09,1.016161e-15,2.242073e-17,4.690976e-18,6.832258e-03
1.590000,6.976684929e-06,1.988900359e-05,2.046899178e-05,9.944492918e-06,1.102678379e-05,4.721178278e-02,3.612924609e+01,1.973353013e-09,4.461752e-16,1.049862e-17,4.670886e-18,6.863598e-03
1.600000,7.009512666e-06,1.980872736e-05,2.006950013e-05,9.904319728e-06,1.079968083e-05,4.833368572e-02,3.610077297e+01,1.919221661e-09,1.169760e-16,1.107085e-17,2.742839e-18,6.842478e-03
1.610000,7.046061954e-06,1.972531047e-05,1.966671203e-05,9.862591436e-06,1.057114821e-05,4.952269993e-02,3.607237809e+01,1.865548856e-09,4.783332e-16,4.794535e-17,4.336809e-19,6.839028e-03
1.620000,7.086250507e-06,1.963875812e-05,1.926078209e-05,9.819318939e-06,1.034125221e-05,5.077357602e-02,3.604406461e+01,1.812373037e-09,6.663530e-16,1.071774e-17,4.670886e-18,6.830158e-03
1.630000,7.129989482e-06,1.954909683e-05,1.885186901e-05,9.774513393e-06,1.011006106e-05,5.208130661e-02,3.601583561e+01,1.759732057e-09,2.878330e-16,2.237932e-18,3.127317e-18,6.911508e-03
1.640000,7.177184189e-06,1.945646620e-05,1.844013620e-05,9.728186221e-06,9.877645259e-06,5.344115377e-02,3.598769421e+01,1.707663176e-09,2.234688e-16,2.050592e-17,9.361883e-18,6.838288e-03
1.650000,7.227734816e-06,1.936089243e-05,1.802575254e-05,9.680349113e-06,9.644077884e-06,5.484866426e-02,3.595964345e+01,1.656203055e-09,6.930449e-16,1.691877e-17,2.776912e-18,6.822008e-03
1.660000,7.281537137e-06,1.926210116e-05,1.760889320e-05,9.631014035e-06,9.409435018e-06,5.629967482e-02,3.593168638e+01,1.605387750e-09,2.221802e-16,2.146556e-17,5.786024e-18,6.830558e-03
1.670000,7.338483215e-06,1.916057571e-05,1.718974064e-05,9.580193231e-06,9.173796189e-06,5.779030989e-02,3.590382600e+01,1.555252703e-09,7.817910e-16,1.552400e-17,8.342018e-18,7.033707e-03
1.680000,7.398462089e-06,1.905582959e-05,1.676848568e-05,9.527899230e-06,8.937244901e-06,5.931697380e-02,3.587606529e+01,1.505832737e-09,3.239807e-16,2.561986e-17,1.788112e-18,6.823048e-03
1.690000,7.461360415e-06,1.894844220e-05,1.634532885e-05,9.474144848e-06,8.699869249e-06,6.087633904e-02,3.584840722e+01,1.457162052e-09,6.820830e-16,9.697105e-18,3.576224e-18,6.857147e-03
1.700000,7.527063091e-06,1.883801474e-05,1.592048182e-05,9.418943201e-06,8.461762635e-06,6.246533197e-02,3.582085469e+01,1.409274214e-09,4.332905e-17,5.486749e-18,2.335443e-18,6.863018e-03
1.710000,7.595453838e-06,1.872473062e-05,1.549416918e-05,9.362307707e-06,8.223024603e-06,6.408111704e-02,3.579341062e+01,1.362202153e-09,2.303482e-16,8.570728e-18,9.697399e-19,6.892498e-03
1.720000,7.666415737e-06,1.860868083e-05,1.506663041e-05,9.304252095e-06,7.983761829e-06,6.572108031e-02,3.576607787e+01,1.315978156e-09,4.461626e-16,2.246080e-17,3.705371e-18,6.921598e-03
1.730000,7.739831724e-06,1.848962117e-05,1.463812230e-05,9.244790409e-06,7.744089278e-06,6.738281297e-02,3.573885927e+01,1.270633860e-09,2.312620e-16,1.431635e-17,5.898698e-18,6.977388e-03
1.740000,7.815585045e-06,1.836800083e-05,1.420892167e-05,9.183937023e-06,7.504131587e-06,6.906409509e-02,3.571175765e+01,1.226200249e-09,3.371098e-16,1.335628e-17,9.697399e-19,6.920718e-03
1.750000,7.893559661e-06,1.824347650e-05,1.377932867e-05,9.121706647e-06,7.264024703e-06,7.076288007e-02,3.568477578e+01,1.182707646e-09,9.464048e-17,8.148225e-18,3.157244e-18,6.904468e-03
1.760000,7.973640610e-06,1.811638050e-05,1.334967059e-05,9.058114334e-06,7.023917840e-06,7.247727990e-02,3.565791642e+01,1.140185709e-09,4.747984e-16,1.956670e-17,1.788112e-18,6.873088e-03
1.770000,8.055714334e-06,1.798655956e-05,1.292030644e-05,8.993175495e-06,6.783975829e-06,7.420555133e-02,3.563118228e+01,1.098663428e-09,1.111623e-15,2.227983e-17,2.909220e-18,6.898647e-03
1.780000,8.139668948e-06,1.785387962e-05,1.249163235e-05,8.926905908e-06,6.544381946e-06,7.594608304e-02,3.560457606e+01,1.058169113e-09,2.378683e-16,4.451918e-18,1.563659e-18,6.866458e-03
1.790000,8.225394489e-06,1.771875266e-05,1.206408798e-05,8.859321731e-06,6.305341332e-06,7.769738381e-02,3.557810042e+01,1.018730396e-09,2.286749e-16,1.186849e-17,9.984083e-18,6.848238e-03
1.800000,8.312783116e-06,1.758102122e-05,1.163816422e-05,8.790439515e-06,6.067085142e-06,7.945807162e-02,3.555175798e+01,9.803742252e-10,6.688250e-16,1.188686e-17,3.043501e-18,6.900667e-03
1.810000,8.401729282e-06,1.744077638e-05,1.121441230e-05,8.720276220e-06,5.829875594e-06,8.122686373e-02,3.552555135e+01,9.431268559e-10,6.750522e-16,2.624128e-17,4.091337e-18,6.891418e-03
1.820000,8.492129866e-06,1.729787997e-05,1.079345473e-05,8.648849227e-06,5.594012133e-06,8.300256758e-02,3.549948310e+01,9.070138500e-10,6.718697e-16,9.497914e-18,2.611105e-18,6.993988e-03
1.830000,8.583884289e-06,1.715249875e-05,1.037599837e-05,8.576176359e-06,5.359838988e-06,8.478407261e-02,3.547355575e+01,8.720600703e-10,2.562666e-16,4.792922e-18,4.527761e-18,6.909978e-03
1.840000,8.676894594e-06,1.700472568e-05,9.962849973e-06,8.502275895e-06,5.127754416e-06,8.657034274e-02,3.544777181e+01,8.382896758e-10,4.474403e-16,1.246420e-17,3.786955e-18,6.892278e-03
1.850000,8.771065506e-06,1.685444515e-05,9.554934693e-06,8.427166594e-06,4.898222057e-06,8.836040960e-02,3.542213376e+01,8.057261174e-10,2.244170e-16,1.242158e-17,2.424350e-18,6.877728e-03
1.860000,8.866304469e-06,1.670198831e-05,9.153317948e-06,8.350867711e-06,4.671784826e-06,9.015336643e-02,3.539664403e+01,7.743921346e-10,7.776362e-16,1.563626e-17,4.635519e-18,6.885188e-03
1.870000,8.962521672e-06,1.654686561e-05,8.759231001e-06,8.273399025e-06,4.449081862e-06,9.194836251e-02,3.537130504e+01,7.443097506e-10,2.378729e-16,2.165124e-17,6.505213e-19,6.900867e-03
1.880000,9.059630046e-06,1.638967875e-05,8.374100481e-06,8.194780863e-06,4.230869041e-06,9.374459813e-02,3.534611916e+01,7.155002693e-10,2.277702e-16,1.086318e-17,8.673617e-19,6.872967e-03
1.890000,9.157545258e-06,1.623012150e-05,7.999581663e-06,8.115034121e-06,4.018043474e-06,9.554132010e-02,3.532108872e+01,6.879842705e-10,2.271281e-16,7.242086e-18,3.998340e-18,6.894527e-03
1.900000,9.256185689e-06,1.606848254e-05,7.637594703e-06,8.034180301e-06,3.811672142e-06,9.733781763e-02,3.529621606e+01,6.617816075e-10,3.346137e-16,1.950105e-17,2.045669e-18,6.856768e-03
1.910000,9.355472402e-06,1.590458671e-05,7.290361907e-06,7.952241540e-06,3.613024188e-06,9.913341862e-02,3.527150343e+01,6.369114026e-10,5.744390e-17,6.329959e-18,3.066587e-18,6.891818e-03
1.920000,9.455329095e-06,1.573853281e-05,6.960442306e-06,7.869240641e-06,3.423605195e-06,1.009274863e-01,3.524695310e+01,6.133920449e-10,3.753133e-17,8.031070e-18,7.818293e-19,6.872427e-03
1.930000,9.555682062e-06,1.557047995e-05,6.650757288e-06,7.785201114e-06,3.245189686e-06,1.027194163e-01,3.522256726e+01,5.912411861e-10,2.356575e-16,2.172822e-17,2.538052e-18,6.900848e-03
1.940000,9.656460130e-06,1.540039155e-05,6.364597573e-06,7.700147215e-06,3.079844761e-06,1.045086336e-01,3.519834811e+01,5.704757382e-10,1.329095e-16,1.024651e-17,1.788112e-18,6.896488e-03
1.950000,9.757594604e-06,1.522831603e-05,6.105598048e-06,7.614103990e-06,2.929933234e-06,1.062945906e-01,3.517429779e+01,5.511118704e-10,4.516690e-16,1.092311e-17,4.336809e-18,6.898038e-03
1.960000,9.859019205e-06,1.505415576e-05,5.877663835e-06,7.527097324e-06,2.798079423e-06,1.080767642e-01,3.515041841e+01,5.331650067e-10,8.963246e-16,2.049015e-17,7.818293e-19,6.897358e-03
1.970000,9.960670000e-06,1.487852404e-05,5.684831043e-06,7.439153987e-06,2.687077283e-06,1.098546544e-01,3.512671206e+01,5.166498230e-10,8.911899e-16,1.395340e-17,4.050914e-18,6.883848e-03
1.980000,1.006248534e-05,1.470073376e-05,5.531051965e-06,7.350301701e-06,2.599723456e-06,1.116277819e-01,3.510318078e+01,5.015802451e-10,4.487680e-16,5.924795e-18,6.505213e-19,6.954878e-03
1.990000,1.016440578e-05,1.452125613e-05,5.419910223e-06,7.260569190e-06,2.538572761e-06,1.133956869e-01,3.507982660e+01,4.879694464e-10,1.898913e-18,1.341262e-17,3.909147e-18,6.909637e-03
2.000000,1.026637403e-05,1.434005875e-05,5.354295805e-06,7.169986254e-06,2.505643159e-06,1.151579270e-01,3.505665149e+01,4.758298460e-10,4.647538e-16,1.501459e-17,6.436181e-18,6.894918e-03
2.010000,1.036833486e-05,1.415723244e-05,5.336096097e-06,7.078583839e-06,2.502132906e-06,1.169140764e-01,3.503365742e+01,4.651731068e-10,2.232322e-16,3.615681e-18,2.949349e-18,6.861258e-03
2.020000,1.047023505e-05,1.397296751e-05,5.365973023e-06,6.986394117e-06,2.528232548e-06,1.186637245e-01,3.501084628e+01,4.560101339e-10,4.468331e-16,1.453669e-17,2.637978e-18,6.838968e-03
2.030000,1.057202331e-05,1.378704524e-05,5.443285381e-06,6.893450573e-06,2.583096713e-06,1.204064743e-01,3.498821998e+01,4.483510733e-10,3.700173e-16,7.000087e-18,5.275955e-18,6.850518e-03
2.040000,1.067365021e-05,1.359972418e-05,5.566178212e-06,6.799788097e-06,2.664985820e-06,1.221419419e-01,3.496578036e+01,4.422053106e-10,1.154483e-16,5.782992e-18,3.469447e-18,6.855448e-03
2.050000,1.077506812e-05,1.341104507e-05,5.731813344e-06,6.705443090e-06,2.771526915e-06,1.238697554e-01,3.494352924e+01,4.375814699e-10,1.203639e-16,1.895647e-17,9.697399e-19,6.864298e-03
2.060000,1.087623114e-05,1.322111772e-05,5.936680077e-06,6.610453574e-06,2.900011986e-06,1.255895538e-01,3.492146842e+01,4.344874129e-10,1.270065e-16,4.926791e-18,6.133174e-19,6.869108e-03
2.070000,1.097709505e-05,1.302978530e-05,6.176916536e-06,6.514859316e-06,3.047662106e-06,1.273009865e-01,3.489959965e+01,4.329302386e-10,4.514551e-16,1.262590e-17,2.909220e-18,6.894128e-03
2.080000,1.107761722e-05,1.283750388e-05,6.448587926e-06,6.418701961e-06,3.211819197e-06,1.290037123e-01,3.487792465e+01,4.329162825e-10,9.107479e-17,1.455476e-17,4.848700e-18,6.884467e-03
2.090000,1.117775657e-05,1.264408968e-05,6.747894209e-06,6.322025181e-06,3.390060088e-06,1.306973991e-01,3.485644511e+01,4.344511164e-10,4.503644e-16,1.802297e-17,3.496447e-18,6.869068e-03
2.100000,1.127747350e-05,1.244988228e-05,7.071303428e-06,6.224874833e-06,3.580247012e-06,1.323817230e-01,3.483516270e+01,4.375395490e-10,2.271117e-16,2.104662e-17,7.818293e-19,6.915848e-03
2.110000,1.137672985e-05,1.225473526e-05,7.415621584e-06,6.127299134e-06,3.780534781e-06,1.340563677e-01,3.481407905e+01,4.421856250e-10,8.869101e-17,6.094962e-18,1.084202e-18,6.907398e-03
2.120000,1.147548881e-05,1.205886079e-05,7.778015613e-06,6.029348852e-06,3.989352745e-06,1.357210243e-01,3.479319574e+01,4.483926267e-10,3.363745e-16,1.804973e-17,1.167721e-18,6.884407e-03
2.130000,1.157371493e-05,1.186237259e-05,8.156005655e-06,5.931077518e-06,4.205374768e-06,1.373753907e-01,3.477251434e+01,4.561630738e-10,9.996344e-17,6.523483e-18,2.742839e-18,6.911508e-03
2.140000,1.167137399e-05,1.166542998e-05,8.547439664e-06,5.832541651e-06,4.427485541e-06,1.390191711e-01,3.475203640e+01,4.654987250e-10,1.443932e-15,1.039387e-17,6.982801e-18,6.893858e-03
2.150000,1.176843301e-05,1.146769976e-05,8.950459606e-06,5.733801008e-06,4.654747879e-06,1.406520756e-01,3.473176341e+01,4.764005782e-10,4.441228e-16,1.321749e-17,2.909220e-18,6.998658e-03
2.160000,1.186486016e-05,1.126988918e-05,9.363465252e-06,5.634918860e-06,4.886373239e-06,1.422738199e-01,3.471169684e+01,4.888688727e-10,6.699986e-16,1.601169e-17,2.776912e-18,6.862868e-03
2.170000,1.196062477e-05,1.107195384e-05,9.785079047e-06,5.535962283e-06,5.121696218e-06,1.438841252e-01,3.469183814e+01,5.029030904e-10,4.443718e-16,1.092637e-17,6.857097e-19,6.947048e-03
2.180000,1.205569723e-05,1.087421363e-05,1.021411389e-05,5.437002485e-06,5.360153078e-06,1.454827175e-01,3.467218872e+01,5.185019576e-10,3.356859e-16,1.105382e-17,1.963574e-18,6.917598e-03
2.190000,1.215004896e-05,1.067651302e-05,1.064954461e-05,5.338115155e-06,5.601263918e-06,1.470693277e-01,3.465274996e+01,5.356634472e-10,8.911837e-16,6.082145e-18,4.336809e-19,6.898418e-03
2.200000,1.224365242e-05,1.047881186e-05,1.109048315e-05,5.239380846e-06,5.844618030e-06,1.486436910e-01,3.463352321e+01,5.543847808e-10,2.297446e-16,2.864112e-17,4.558809e-18,6.890407e-03
2.210000,1.233648098e-05,1.028197399e-05,1.153615753e-05,5.140885388e-06,6.089861918e-06,1.502055471e-01,3.461450979e+01,5.746624313e-10,2.389161e-16,4.892444e-18,7.818293e-19,6.887438e-03
2.220000,1.242850898e-05,1.008569770e-05,1.198589384e-05,5.042720330e-06,6.336689529e-06,1.517546396e-01,3.459571100e+01,5.964921256e-10,4.488682e-16,1.064772e-17,1.578622e-18,6.914417e-03
2.230000,1.251971163e-05,9.890061325e-06,1.243910124e-05,4.944983424e-06,6.584834278e-06,1.532907161e-01,3.457712809e+01,6.198688481e-10,4.523003e-16,6.966157e-18,2.135631e-18,6.899458e-03
2.240000,1.261006499e-05,9.695790667e-06,1.289525933e-05,4.847779135e-06,6.834062537e-06,1.548135278e-01,3.455876231e+01,6.447868430e-10,2.288024e-16,1.022950e-17,1.852685e-18,6.919388e-03
2.250000,1.269954595e-05,9.502642356e-06,1.335390753e-05,4.751219187e-06,7.084168316e-06,1.563228295e-01,3.454061486e+01,6.712396191e-10,2.264081e-16,1.047115e-17,9.697399e-19,6.914368e-03
2.260000,1.278813220e-05,9.311067808e-06,1.381463622e-05,4.655423143e-06,7.334968882e-06,1.578183796e-01,3.452268691e+01,6.992199522e-10,1.516869e-16,1.783046e-17,1.167721e-18,6.910547e-03
2.270000,1.287580218e-05,9.121263560e-06,1.427707937e-05,4.560519009e-06,7.586301168e-06,1.592999396e-01,3.450497962e+01,7.287198901e-10,1.367818e-16,5.535607e-18,4.336809e-19,6.941557e-03
2.280000,1.296253507e-05,8.933441874e-06,1.474090823e-05,4.466643863e-06,7.838018801e-06,1.607672744e-01,3.448749411e+01,7.597307567e-10,4.460449e-16,1.088345e-18,2.168404e-18,6.903237e-03
2.290000,1.304831076e-05,8.747984282e-06,1.520582616e-05,4.373944498e-06,8.089989631e-06,1.622201518e-01,3.447023147e+01,7.922431562e-10,4.473859e-16,1.187833e-17,2.179219e-18,6.942878e-03
2.300000,1.313310982e-05,8.565562827e-06,1.567156415e-05,4.282578067e-06,8.342093690e-06,1.636583427e-01,3.445319277e+01,8.262469778e-10,1.335809e-15,1.359499e-17,1.626303e-18,7.029948e-03
2.310000,1.321691348e-05,8.385740170e-06,1.613787717e-05,4.192712721e-06,8.594221475e-06,1.650816209e-01,3.443637904e+01,8.617314016e-10,4.536390e-16,8.130630e-18,2.620093e-18,6.950387e-03
2.320000,1.329970360e-05,8.209282182e-06,1.660454095e-05,4.104528207e-06,8.846272507e-06,1.664897633e-01,3.441979132e+01,8.986849026e-10,6.175713e-17,1.466440e-17,2.424350e-19,6.992968e-03
2.330000,1.338146264e-05,8.036742055e-06,1.707134930e-05,4.018216414e-06,9.098154131e-06,1.678825492e-01,3.440343057e+01,9.370952574e-10,3.392450e-16,9.434204e-18,9.697399e-19,6.950878e-03
2.340000,1.346217369e-05,7.867982440e-06,1.753811187e-05,3.933981822e-06,9.349780488e-06,1.692597611e-01,3.438729776e+01,9.769495492e-10,4.806532e-16,7.585978e-18,1.341084e-18,6.927157e-03
2.350000,1.354182036e-05,7.704347071e-06,1.800465217e-05,3.852041827e-06,9.601071650e-06,1.706211838e-01,3.437139384e+01,1.018234174e-09,4.506618e-16,5.029065e-18,1.788112e-18,6.933567e-03
2.360000,1.362038684e-05,7.545404223e-06,1.847080587e-05,3.772626872e-06,9.851952886e-06,1.719666050e-01,3.435571971e+01,1.060934848e-09,6.648909e-17,1.166093e-17,1.751582e-18,6.924378e-03
2.370000,1.369785785e-05,7.392297711e-06,1.893641942e-05,3.695980355e-06,1.010235403e-05,1.732958150e-01,3.434027625e+01,1.105036612e-09,4.455987e-16,7.549673e-18,1.152523e-18,6.927458e-03
2.380000,1.377421861e-05,7.245029774e-06,1.940134876e-05,3.622358224e-06,1.035220895e-05,1.746086066e-01,3.432506433e+01,1.150523840e-09,1.256852e-16,1.189009e-17,2.719165e-18,6.929357e-03
2.390000,1.384945487e-05,7.104401105e-06,1.986545831e-05,3.552028199e-06,1.060145506e-05,1.759047755e-01,3.431008479e+01,1.197380246e-09,3.349029e-16,5.708898e-18,1.578622e-18,6.853058e-03
2.400000,1.392355281e-05,6.970622412e-06,2.032861996e-05,3.485268547e-06,1.085003295e-05,1.771841196e-01,3.429533844e+01,1.245588890e-09,4.441083e-16,5.502664e-18,1.167721e-18,6.880797e-03
2.410000,1.399649913e-05,6.845068616e-06,2.079071236e-05,3.422366333e-06,1.109788604e-05,1.784464395e-01,3.428082608e+01,1.295132187e-09,3.337792e-16,1.294395e-17,1.131940e-18,6.989967e-03
2.420000,1.406828094e-05,6.727210047e-06,2.125162012e-05,3.363615083e-06,1.134496025e-05,1.796915385e-01,3.426654846e+01,1.345991915e-09,4.485204e-16,1.597313e-17,6.942281e-19,6.844928e-03
2.430000,1.413888582e-05,6.618867014e-06,2.171123329e-05,3.309311802e-06,1.159120377e-05,1.809192222e-01,3.425250634e+01,1.398149221e-09,2.254867e-16,1.364386e-17,9.995850e-19,6.889868e-03
2.440000,1.420830174e-05,6.520037094e-06,2.216944677e-05,3.259753334e-06,1.183656683e-05,1.821292990e-01,3.423870043e+01,1.451584633e-09,1.000927e-15,2.149261e-17,1.893478e-18,6.882497e-03
2.450000,1.427651712e-05,6.430744545e-06,2.262615983e-05,3.215232064e-06,1.208100147e-05,1.833215797e-01,3.422513144e+01,1.506278065e-09,2.612088e-16,8.877196e-18,1.022834e-18,6.851838e-03
2.460000,1.434352075e-05,6.352300525e-06,2.308127576e-05,3.176031038e-06,1.232446142e-05,1.844958777e-01,3.421180004e+01,1.562208826e-09,2.257502e-16,3.733620e-18,6.321931e-19,6.866008e-03
2.470000,1.440930183e-05,6.285040590e-06,2.353470143e-05,3.142418604e-06,1.256690191e-05,1.856520090e-01,3.419870689e+01,1.619355632e-09,2.293119e-16,1.424491e-17,3.066587e-19,6.900498e-03
2.480000,1.447384993e-05,6.229540889e-06,2.398634701e-05,3.114642756e-06,1.280827953e-05,1.867897922e-01,3.418585264e+01,1.677696613e-09,2.553492e-16,1.531420e-17,9.697399e-19,6.892609e-03
2.490000,1.453715498e-05,6.186261532e-06,2.443612568e-05,3.092925425e-06,1.304855213e-05,1.879090485e-01,3.417323788e+01,1.737209321e-09,5.756904e-16,5.695001e-18,5.528368e-19,6.913418e-03
2.500000,1.459920728e-05,6.155315997e-06,2.488395338e-05,3.077456989e-06,1.328767872e-05,1.890096017e-01,3.416086323e+01,1.797870747e-09,8.792880e-17,6.921768e-18,2.168404e-19,6.897767e-03
2.510000,1.465999747e-05,6.136963232e-06,2.532974858e-05,3.068391315e-06,1.352561937e-05,1.900912783e-01,3.414872925e+01,1.859657319e-09,2.579587e-16,4.315669e-18,1.131940e-18,6.940498e-03
2.520000,1.471951655e-05,6.132112993e-06,2.577343205e-05,3.065841647e-06,1.376233512e-05,1.911539075e-01,3.413683650e+01,1.922544924e-09,4.447767e-16,5.380578e-18,7.818293e-19,6.862928e-03
2.530000,1.477775582e-05,6.140074053e-06,2.621492676e-05,3.069877592e-06,1.399778791e-05,1.921973211e-01,3.412518552e+01,1.986508911e-09,3.397266e-16,3.733421e-18,3.471141e-19,6.876568e-03
2.540000,1.483470694e-05,6.161157154e-06,2.665415764e-05,3.080523446e-06,1.423194052e-05,1.932213536e-01,3.411377682e+01,2.051524105e-09,4.486032e-16,3.644626e-18,1.560837e-18,6.886798e-03
2.550000,1.489036187e-05,6.195945112e-06,2.709105148e-05,3.097757940e-06,1.446475651e-05,1.942258425e-01,3.410261091e+01,2.117564817e-09,3.359916e-16,5.981226e-18,3.428548e-19,6.846478e-03
2.560000,1.494471287e-05,6.243355372e-06,2.752553679e-05,3.121515441e-06,1.469620019e-05,1.952106278e-01,3.409168826e+01,2.184604856e-09,3.335016e-16,6.613162e-18,6.527762e-19,6.925057e-03
2.570000,1.499775253e-05,6.303666736e-06,2.795754369e-05,3.151688504e-06,1.492623651e-05,1.961755524e-01,3.408100934e+01,2.252617538e-09,3.415823e-16,3.489494e-18,3.636525e-19,6.825188e-03
2.580000,1.504947371e-05,6.376443499e-06,2.838700382e-05,3.188131580e-06,1.515483110e-05,1.971204621e-01,3.407057459e+01,2.321575701e-09,2.220527e-16,1.113911e-17,0.000000e+00,6.861008e-03
2.590000,1.509986958e-05,6.461676834e-06,2.881385020e-05,3.230665618e-06,1.538195017e-05,1.980452055e-01,3.406038445e+01,2.391451713e-09,8.295326e-18,3.775596e-18,8.274814e-19,6.881968e-03
2.600000,1.514893360e-05,6.558339449e-06,2.923801722e-05,3.279083283e-06,1.560756052e-05,1.989496343e-01,3.405043932e+01,2.462217487e-09,2.333565e-16,8.044458e-18,7.818293e-19,6.919608e-03
2.610000,1.519665950e-05,6.666600329e-06,2.965944050e-05,3.333154449e-06,1.583162949e-05,1.998336029e-01,3.404073961e+01,2.533844493e-09,1.054929e-16,9.312926e-18,1.526571e-18,6.875958e-03
2.620000,1.524304130e-05,6.785511718e-06,3.007805687e-05,3.392631720e-06,1.605412492e-05,2.006969688e-01,3.403128568e+01,2.606303767e-09,1.932577e-16,6.900451e-18,1.518851e-18,6.893817e-03
2.630000,1.528807326e-05,6.914652608e-06,3.049380426e-05,3.457255710e-06,1.627501515e-05,2.015395925e-01,3.402207791e+01,2.679565930e-09,2.263763e-16,7.289271e-18,7.761706e-19,6.851298e-03
2.640000,1.533174997e-05,7.053587069e-06,3.090662169e-05,3.526759926e-06,1.649426900e-05,2.023613376e-01,3.401311663e+01,2.753601195e-09,2.221447e-16,4.626135e-18,4.370559e-19,6.868808e-03
2.650000,1.537406622e-05,7.201871644e-06,3.131644921e-05,3.600875092e-06,1.671185572e-05,2.031620707e-01,3.400440219e+01,2.828379380e-09,2.348470e-16,2.198162e-18,3.160965e-19,6.887838e-03
2.660000,1.541501710e-05,7.358880786e-06,3.172322784e-05,3.679332880e-06,1.692774502e-05,2.039416615e-01,3.399593491e+01,2.903869927e-09,6.413064e-17,4.308569e-18,5.838607e-19,6.861348e-03
2.670000,1.545459795e-05,7.524009311e-06,3.212689954e-05,3.761868998e-06,1.714190700e-05,2.046999831e-01,3.398771508e+01,2.980041909e-09,3.339613e-16,7.532453e-18,3.297472e-19,6.964007e-03
2.680000,1.549280436e-05,7.696734648e-06,3.252740716e-05,3.848225660e-06,1.735431220e-05,2.054369116e-01,3.397974299e+01,3.056864048e-09,1.168801e-16,6.683305e-18,1.533293e-19,6.977938e-03
2.690000,1.552963219e-05,7.876500658e-06,3.292469443e-05,3.938153492e-06,1.756493151e-05,2.061523263e-01,3.397201892e+01,3.134304725e-09,1.195333e-16,5.083582e-18,3.297472e-19,6.956577e-03
2.700000,1.556507753e-05,8.063001661e-06,3.331870592e-05,4.031412910e-06,1.777373622e-05,2.068461098e-01,3.396454314e+01,3.212331997e-09,2.225354e-16,1.464727e-18,3.160965e-19,7.022357e-03
2.710000,1.559913672e-05,8.255996394e-06,3.370938701e-05,4.127775053e-06,1.798069801e-05,2.075181482e-01,3.395731588e+01,3.290913610e-09,1.002310e-15,2.654049e-18,4.233945e-19,6.962788e-03
2.720000,1.563180637e-05,8.454147243e-06,3.409668386e-05,4.227022348e-06,1.818578890e-05,2.081683306e-01,3.395033739e+01,3.370017012e-09,2.222204e-16,1.436678e-18,1.212175e-19,6.900318e-03
2.730000,1.566308330e-05,8.658279929e-06,3.448054340e-05,4.328948751e-06,1.838898126e-05,2.087965498e-01,3.394360789e+01,3.449609369e-09,4.487893e-16,7.048987e-18,4.848700e-19,6.941878e-03
2.740000,1.569296461e-05,8.866829509e-06,3.486091330e-05,4.433359756e-06,1.859024782e-05,2.094027018e-01,3.393712758e+01,3.529657580e-09,2.473267e-16,2.387901e-18,1.818262e-19,6.935518e-03
2.750000,1.572144762e-05,9.080225266e-06,3.523774197e-05,4.540072207e-06,1.878956164e-05,2.099866862e-01,3.393089666e+01,3.610128288e-09,2.714467e-16,7.628579e-18,1.973278e-19,6.953158e-03
2.760000,1.574852989e-05,9.298038020e-06,3.561097851e-05,4.648913970e-06,1.898689613e-05,2.105484059e-01,3.392491533e+01,3.690987901e-09,3.331737e-16,6.762309e-18,3.172565e-19,6.962048e-03
2.770000,1.577420923e-05,9.519591405e-06,3.598057273e-05,4.759723498e-06,1.918222501e-05,2.110877675e-01,3.391918375e+01,3.772202600e-09,2.237774e-16,9.301163e-19,6.060874e-20,6.949588e-03
2.780000,1.579848369e-05,9.745040430e-06,3.634647512e-05,4.872349338e-06,1.937552234e-05,2.116046811e-01,3.391370208e+01,3.853738360e-09,7.863623e-16,1.502259e-18,2.014728e-19,6.944667e-03
2.790000,1.582135157e-05,9.973497578e-06,3.670863684e-05,4.986649584e-06,1.956676251e-05,2.120990602e-01,3.390847047e+01,3.935560962e-09,2.263495e-16,1.009759e-18,2.710505e-20,6.911007e-03
2.800000,1.584281138e-05,1.020502192e-05,3.706700971e-05,5.102491316e-06,1.975592020e-05,2.125708221e-01,3.390348907e+01,4.017636010e-09,2.221714e-16,2.793696e-18,1.843343e-19,6.869778e-03
2.810000,1.586286190e-05,1.043966463e-05,3.742154622e-05,5.219750031e-06,1.994297044e-05,2.130198877e-01,3.389875801e+01,4.099928942e-09,2.249252e-16,1.815008e-18,4.285685e-20,6.873927e-03
2.820000,1.588150214e-05,1.067672099e-05,3.777219947e-05,5.338309082e-06,2.012788854e-05,2.134461815e-01,3.389427739e+01,4.182405054e-09,2.375111e-16,4.904967e-18,1.362012e-19,6.915558e-03
2.830000,1.589873135e-05,1.091627786e-05,3.811892323e-05,5.458059131e-06,2.031065015e-05,2.138496318e-01,3.389004733e+01,4.265029507e-09,5.551236e-17,4.277298e-19,9.583084e-20,6.838578e-03
2.840000,1.591454901e-05,1.115797517e-05,3.846167189e-05,5.578897624e-06,2.049123122e-05,2.142301705e-01,3.388606793e+01,4.347767348e-09,1.178631e-16,3.905111e-18,1.212175e-19,6.869948e-03
2.850000,1.592895487e-05,1.140179367e-05,3.880040045e-05,5.700728290e-06,2.066960801e-05,2.145877333e-01,3.388233927e+01,4.430583523e-09,7.813494e-16,2.377145e-18,6.776264e-20,6.900097e-03
2.860000,1.594194889e-05,1.164718074e-05,3.913506454e-05,5.823460674e-06,2.084575708e-05,2.149222597e-01,3.387886143e+01,4.513442897e-09,6.693720e-16,1.757239e-18,1.533293e-19,6.912787e-03
2.870000,1.595353132e-05,1.189407662e-05,3.946562043e-05,5.947009689e-06,2.101965531e-05,2.152336930e-01,3.387563447e+01,4.596310265e-09,4.566531e-16,8.548416e-19,9.040663e-20,6.946998e-03
2.880000,1.596370260e-05,1.214264530e-05,3.979202497e-05,6.071295209e-06,2.119127987e-05,2.155219801e-01,3.387265846e+01,4.679150370e-09,2.368429e-16,1.524210e-18,2.443217e-20,6.968127e-03
2.890000,1.597246346e-05,1.239271445e-05,4.011423565e-05,6.196241680e-06,2.136060826e-05,2.157870721e-01,3.386993344e+01,4.761927920e-09,4.462585e-16,1.603374e-18,4.121840e-20,6.940397e-03
2.900000,1.597981487e-05,1.264366820e-05,4.043221053e-05,6.321777768e-06,2.152761827e-05,2.160289236e-01,3.386745945e+01,4.844607605e-09,7.262688e-17,1.843187e-18,4.545656e-20,6.948367e-03
2.910000,1.598575803e-05,1.289576485e-05,4.074590833e-05,6.447836029e-06,2.169228800e-05,2.162474934e-01,3.386523652e+01,4.927154108e-09,4.443845e-16,1.632835e-18,2.914581e-20,6.935308e-03
2.920000,1.599029443e-05,1.314876978e-05,4.105528833e-05,6.574352606e-06,2.185459586e-05,2.164427438e-01,3.386326467e+01,5.009532129e-09,6.718048e-16,2.720780e-18,1.894023e-20,6.979437e-03
2.930000,1.599342578e-05,1.340269783e-05,4.136031044e-05,6.701266950e-06,2.201452056e-05,2.166146414e-01,3.386154392e+01,5.091706395e-09,2.249773e-16,1.053759e-18,4.791542e-21,6.970288e-03
2.940000,1.599515406e-05,1.365723737e-05,4.166093517e-05,6.828521566e-06,2.217204114e-05,2.167631565e-01,3.386007426e+01,5.173641680e-09,4.555472e-16,3.095031e-19,1.561852e-20,6.920598e-03
2.950000,1.599548152e-05,1.391235485e-05,4.195712364e-05,6.956061775e-06,2.232713692e-05,2.168882633e-01,3.385885569e+01,5.255302819e-09,6.666769e-16,4.342720e-19,6.776264e-21,6.931348e-03
2.960000,1.599441066e-05,1.416783098e-05,4.224883757e-05,7.083835499e-06,2.247978754e-05,2.169899400e-01,3.385788819e+01,5.336654725e-09,4.883765e-16,4.425634e-19,9.317362e-21,6.938358e-03
2.970000,1.599194426e-05,1.442370827e-05,4.253603929e-05,7.211793064e-06,2.262997297e-05,2.170681689e-01,3.385717174e+01,5.417662407e-09,2.446610e-16,8.560045e-19,7.396397e-21,6.919628e-03
2.980000,1.598808534e-05,1.467993550e-05,4.281869174e-05,7.339887019e-06,2.277767348e-05,2.171229360e-01,3.385670632e+01,5.498290985e-09,4.478520e-16,4.176873e-19,7.635052e-21,6.915388e-03
2.990000,1.598283722e-05,1.493628654e-05,4.309675846e-05,7.468071969e-06,2.292286964e-05,2.171542313e-01,3.385649187e+01,5.578505705e-09,3.343253e-16,6.591005e-19,1.380495e-21,6.917387e-03
3.000000,1.597620349e-05,1.519255049e-05,4.337020362e-05,7.596304421e-06,2.306554235e-05,2.010598799e-03,3.412288313e+01,5.658271958e-09,4.625850e-16,1.489089e-19,2.407832e-22,6.903297e-03
3.010000,1.559407684e-05,1.512948586e-05,4.628061027e-05,7.564704930e-06,2.263456122e-05,3.863655507e-02,3.409339758e+01,5.627332423e-09,5.553020e-16,3.646128e-20,2.820084e-21,6.893967e-03
3.020000,1.521332479e-05,1.506530242e-05,4.889532982e-05,7.532624906e-06,2.220392427e-05,7.636566866e-02,3.406384935e+01,5.593414167e-09,3.642537e-16,1.366341e-19,1.846058e-21,6.941628e-03
3.030000,1.483613579e-05,1.500016345e-05,5.117805778e-05,7.500114541e-06,2.177615761e-05,1.131322578e-01,3.403451731e+01,5.553218867e-09,4.461532e-16,2.272370e-19,1.812599e-21,6.906708e-03
3.040000,1.446423148e-05,1.493441329e-05,5.311795506e-05,7.467220223e-06,2.135342012e-05,1.487877456e-01,3.400567338e+01,5.504582004e-09,2.239066e-16,1.958161e-19,8.507795e-22,6.916027e-03
3.050000,1.409889912e-05,1.486792434e-05,5.471925203e-05,7.433984810e-06,2.093752912e-05,1.832010010e-01,3.397758161e+01,5.446252318e-09,4.511767e-16,1.811548e-19,2.166500e-21,6.937808e-03
3.060000,1.374102873e-05,1.480092669e-05,5.599515294e-05,7.400447893e-06,2.052998833e-05,2.162506474e-01,3.395049726e+01,5.377704975e-09,2.450754e-16,7.262164e-19,3.181407e-21,6.914577e-03
3.070000,1.339115462e-05,1.473323255e-05,5.696418155e-05,7.366646044e-06,2.013201749e-05,2.478247143e-01,3.392466596e+01,5.298983806e-09,4.453462e-16,1.578924e-18,5.179102e-21,6.937917e-03
3.080000,1.304950091e-05,1.466522593e-05,5.764793741e-05,7.332613050e-06,1.974458345e-05,2.778211799e-01,3.390032286e+01,5.210568662e-09,6.586906e-17,9.719069e-20,4.788729e-21,6.920318e-03
3.090000,1.271603046e-05,1.459668951e-05,5.806968737e-05,7.298380135e-06,1.936843229e-05,3.061487056e-01,3.387769190e+01,5.113264470e-09,4.444791e-16,2.364263e-18,1.123993e-20,6.894017e-03
3.100000,1.239049654e-05,1.452798261e-05,5.825346423e-05,7.263976171e-06,1.900412194e-05,3.327274369e-01,3.385698501e+01,5.008109052e-09,2.237986e-16,2.232348e-18,4.891602e-21,6.877258e-03
3.110000,1.207249640e-05,1.445891851e-05,5.822348113e-05,7.229427871e-06,1.865205514e-05,3.574898514e-01,3.383840152e+01,4.896297184e-09,4.632038e-16,2.003506e-18,1.605071e-20,6.910208e-03
3.120000,1.176152622e-05,1.438949208e-05,5.800374766e-05,7.194759965e-06,1.831251203e-05,3.803816644e-01,3.382212745e+01,4.779118714e-09,2.570511e-16,1.410969e-18,3.669494e-20,6.895348e-03
3.130000,1.145703656e-05,1.432010119e-05,5.761781770e-05,7.159995366e-06,1.798568220e-05,4.013628072e-01,3.380833500e+01,4.657908841e-09,7.773277e-16,9.582290e-19,6.649091e-20,6.889188e-03
3.140000,1.115848781e-05,1.425040358e-05,5.708862544e-05,7.125155319e-06,1.767169563e-05,4.204085025e-01,3.379718200e+01,4.534008896e-09,6.692911e-16,6.656925e-18,6.302152e-20,6.918157e-03
3.150000,1.086540538e-05,1.418058261e-05,5.643838145e-05,7.090259534e-06,1.737065224e-05,4.375104608e-01,3.378881146e+01,4.408736165e-09,4.514189e-16,3.491744e-18,1.149633e-19,7.011038e-03
3.160000,1.057743430e-05,1.411069942e-05,5.568851039e-05,7.055326302e-06,1.708264956e-05,4.526782227e-01,3.378335121e+01,4.283361456e-09,3.488943e-16,1.785601e-18,9.468506e-20,6.891088e-03
3.170000,1.029439324e-05,1.404078469e-05,5.485961763e-05,7.020372600e-06,1.680780833e-05,4.659406736e-01,3.378091349e+01,4.159093243e-09,2.348979e-16,1.775731e-18,1.501008e-19,6.882348e-03
3.180000,1.001632816e-05,1.397093332e-05,5.397147538e-05,6.985414177e-06,1.654629559e-05,4.773477518e-01,3.378159477e+01,4.037067350e-09,7.920482e-16,3.289047e-18,2.413534e-19,6.903708e-03
3.190000,9.743565666e-06,1.390101846e-05,5.304302102e-05,6.950465633e-06,1.629834495e-05,4.869723674e-01,3.378547547e+01,3.918341205e-09,6.758018e-16,4.710160e-18,2.615188e-19,6.915278e-03
3.200000,9.476766127e-06,1.383107127e-05,5.209236139e-05,6.915540477e-06,1.606427382e-05,4.949125327e-01,3.379261982e+01,3.803891806e-09,7.317687e-17,6.544604e-18,1.371465e-19,6.941047e-03
3.210000,9.216976180e-06,1.376125262e-05,5.113677681e-05,6.880651181e-06,1.584449726e-05,5.012936856e-01,3.380307582e+01,3.694616604e-09,3.471007e-16,5.366553e-18,5.681278e-19,6.920998e-03
3.220000,8.965679628e-06,1.369166176e-05,5.019271930e-05,6.845809217e-06,1.563953811e-05,5.062711500e-01,3.381687518e+01,3.591336584e-09,3.493111e-16,1.797128e-18,1.935976e-19,6.913968e-03
3.230000,8.724844495e-06,1.362194359e-05,4.927579897e-05,6.811025087e-06,1.545003321e-05,5.100326245e-01,3.383403335e+01,3.494800893e-09,6.692258e-16,4.514561e-18,2.948355e-19,6.932027e-03
3.240000,8.496962386e-06,1.355262044e-05,4.840075334e-05,6.776308350e-06,1.527673530e-05,5.128005120e-01,3.385454964e+01,3.405692431e-09,1.745747e-16,9.593878e-18,1.969273e-19,6.919997e-03
3.250000,8.285074018e-06,1.348340198e-05,4.758139459e-05,6.741667635e-06,1.512051043e-05,5.148338002e-01,3.387840736e+01,3.324633900e-09,4.445855e-16,1.068936e-17,3.305936e-20,6.952957e-03
3.260000,8.092772171e-06,1.341425672e-05,4.683053172e-05,6.707110650e-06,1.498233061e-05,5.164290738e-01,3.390557400e+01,3.252193861e-09,2.286412e-16,1.635112e-18,4.288840e-19,6.970168e-03
3.270000,7.924170742e-06,1.334525235e-05,4.615986652e-05,6.672644196e-06,1.486326160e-05,5.179201018e-01,3.393600153e+01,3.188892447e-09,2.339498e-16,1.065906e-17,4.223274e-19,6.947487e-03
3.280000,7.783827129e-06,1.327665867e-05,4.557986547e-05,6.638274171e-06,1.476444583e-05,5.196753169e-01,3.396962667e+01,3.135206425e-09,7.775128e-16,1.540952e-17,7.163457e-19,6.949137e-03
3.290000,7.676606373e-06,1.320804499e-05,4.509961370e-05,6.604005574e-06,1.468708063e-05,5.220924582e-01,3.400637125e+01,3.091573394e-09,2.262383e-16,5.318799e-18,4.749301e-19,6.975788e-03
3.300000,7.607481058e-06,1.313954618e-05,4.472666089e-05,6.569842513e-06,1.463239230e-05,5.255897387e-01,3.404614261e+01,3.058394979e-09,8.908366e-16,4.389838e-18,6.077216e-19,6.938198e-03
3.310000,7.581272246e-06,1.307163970e-05,4.446687264e-05,6.535788220e-06,1.460160664e-05,5.305932175e-01,3.408883399e+01,3.036038934e-09,4.579006e-16,4.289953e-18,1.844967e-20,6.957967e-03
3.320000,7.602352592e-06,1.300365180e-05,4.432430303e-05,6.501845057e-06,1.459591693e-05,5.375206407e-01,3.413432505e+01,3.024840161e-09,2.738752e-16,8.433742e-18,5.501196e-19,6.933347e-03
3.330000,7.674349197e-06,1.293599319e-05,4.430110388e-05,6.468014542e-06,1.461645084e-05,5.467628084e-01,3.418248233e+01,3.025100680e-09,2.498623e-16,1.116140e-17,3.794878e-19,6.948728e-03
3.340000,7.799893802e-06,1.286863452e-05,4.439748443e-05,6.434297368e-06,1.466423756e-05,5.586643526e-01,3.423315979e+01,3.037088678e-09,2.728243e-16,1.870754e-18,1.971059e-18,6.928427e-03
3.350000,7.980464947e-06,1.280144180e-05,4.461172983e-05,6.400693439e-06,1.474017700e-05,5.735063742e-01,3.428619935e+01,3.061036776e-09,3.405097e-16,2.149845e-17,2.706382e-18,6.928528e-03
3.360000,8.216348957e-06,1.273441762e-05,4.494028127e-05,6.367201909e-06,1.484501262e-05,5.914933930e-01,3.434143147e+01,3.097139719e-09,1.119827e-16,1.147658e-17,7.502025e-19,6.945057e-03
3.370000,8.506719808e-06,1.266756469e-05,4.537787347e-05,6.333821222e-06,1.497930937e-05,6.127463996e-01,3.439867577e+01,3.145551703e-09,4.521968e-16,1.359041e-17,6.672206e-19,6.939967e-03
3.380000,8.849812303e-06,1.260113240e-05,4.591771988e-05,6.300549177e-06,1.514343803e-05,6.373026292e-01,3.445774161e+01,3.206383582e-09,1.442084e-16,6.006084e-18,8.905322e-19,6.920687e-03
3.390000,9.243148038e-06,1.253484404e-05,4.655173195e-05,6.267382979e-06,1.533756669e-05,6.651213922e-01,3.451842876e+01,3.279700204e-09,4.576511e-16,1.265652e-17,9.352510e-19,6.925688e-03
3.400000,9.683772510e-06,1.246855943e-05,4.727075708e-05,6.234319321e-06,1.556165957e-05,6.960943240e-01,3.458052801e+01,3.365518126e-09,4.521934e-16,1.456684e-17,1.867053e-19,6.920417e-03
3.410000,1.016847110e-05,1.240267250e-05,4.806482095e-05,6.201354451e-06,1.581548310e-05,7.300580044e-01,3.464382185e+01,3.463803929e-09,2.717643e-16,2.465345e-17,2.339980e-18,6.959497e-03
3.420000,1.069394552e-05,1.233693764e-05,4.892336173e-05,6.168484263e-06,1.609861843e-05,7.668070309e-01,3.470808514e+01,3.574473368e-09,2.242203e-16,1.182779e-17,9.997879e-19,6.957277e-03
3.430000,1.125694482e-05,1.227150206e-05,4.983544747e-05,6.135704382e-06,1.641047941e-05,8.061061213e-01,3.477308580e+01,3.697391535e-09,5.587601e-16,1.296908e-17,3.899255e-19,6.964958e-03
3.440000,1.185435398e-05,1.220604313e-05,5.078997112e-05,6.103010262e-06,1.675033480e-05,8.477004180e-01,3.483858549e+01,3.832374184e-09,2.296819e-16,1.356631e-17,4.788386e-18,6.994638e-03
3.450000,1.248324748e-05,1.214081653e-05,5.177582091e-05,6.070397281e-06,1.711733310e-05,8.913236958e-01,3.490434033e+01,3.979190342e-09,1.321961e-16,1.693628e-17,1.602252e-18,6.943718e-03
3.460000,1.314091645e-05,1.207575246e-05,5.278202628e-05,6.037860838e-06,1.751052903e-05,9.367045439e-01,3.497010158e+01,4.137566273e-09,2.308962e-16,1.456975e-17,1.461598e-18,6.934378e-03
3.470000,1.382487765e-05,1.201089054e-05,5.379788124e-05,6.005396460e-06,1.792891003e-05,9.835707980e-01,3.503561640e+01,4.307190824e-09,5.675103e-16,6.522053e-18,9.460174e-19,6.919488e-03
3.480000,1.453287048e-05,1.194593668e-05,5.481304811e-05,5.972999894e-06,1.837142205e-05,1.031652580e+00,3.510062854e+01,4.487722127e-09,4.579963e-16,5.278752e-18,9.993623e-19,6.925028e-03
3.490000,1.526284711e-05,1.188137526e-05,5.581764477e-05,5.940667204e-06,1.883699370e-05,1.080684297e+00,3.516487907e+01,4.678795603e-09,2.296784e-16,6.280146e-18,1.300333e-18,6.897447e-03
3.500000,1.601295900e-05,1.181683692e-05,5.680231897e-05,5.908394870e-06,1.932455816e-05,1.130405900e+00,3.522810716e+01,4.880033145e-09,3.406988e-16,1.469799e-17,4.422411e-18,6.939017e-03
3.510000,1.678154196e-05,1.175243540e-05,5.775831246e-05,5.876179864e-06,1.983307244e-05,1.180563661e+00,3.529005077e+01,5.091053348e-09,4.441114e-16,8.997169e-18,4.957540e-18,6.925537e-03
3.520000,1.756710109e-05,1.168813497e-05,5.867751776e-05,5.844019737e-06,2.036153390e-05,1.230910639e+00,3.535044743e+01,5.311482582e-09,5.559130e-16,1.256932e-17,4.791206e-18,6.921617e-03
3.530000,1.836829637e-05,1.162397551e-05,5.955252979e-05,5.811912693e-06,2.090899380e-05,1.281206980e+00,3.540903495e+01,5.540966709e-09,8.919790e-16,2.649434e-17,3.497483e-18,6.952288e-03
3.540000,1.918392907e-05,1.155969045e-05,6.037669407e-05,5.779857642e-06,2.147456797e-05,1.331220139e+00,3.546555223e+01,5.779183184e-09,2.599674e-16,3.426734e-17,4.404818e-18,6.951207e-03
3.550000,2.001292935e-05,1.149566400e-05,6.114415298e-05,5.747854266e-06,2.205744472e-05,1.380725084e+00,3.551973996e+01,6.025853291e-09,2.344921e-16,2.137214e-17,5.306191e-18,6.977497e-03
3.560000,2.085434459e-05,1.143170627e-05,6.184989121e-05,5.715903055e-06,2.265689003e-05,1.429504526e+00,3.557134137e+01,6.280754230e-09,6.662321e-16,2.108143e-17,3.362485e-18,6.980027e-03
3.570000,2.170732875e-05,1.136793561e-05,6.248978125e-05,5.684005349e-06,2.327225029e-05,1.477349192e+00,3.562010300e+01,6.543730784e-09,4.468876e-16,1.657002e-17,2.599847e-18,6.942298e-03
3.580000,2.257113218e-05,1.130431592e-05,6.306062964e-05,5.652163359e-06,2.390295264e-05,1.524058152e+00,3.566577541e+01,6.814706271e-09,1.295960e-17,1.583322e-17,4.889239e-18,6.945147e-03
3.590000,2.344509207e-05,1.124077073e-05,6.356022429e-05,5.620380193e-06,2.454850320e-05,1.569439215e+00,3.570811391e+01,7.093692520e-09,1.640945e-16,2.391618e-17,3.237283e-18,6.958367e-03
3.600000,2.432862307e-05,1.117738078e-05,6.398738338e-05,5.588659861e-06,2.520848329e-05,1.613309372e+00,3.574687927e+01,7.380798608e-09,3.487926e-16,5.041328e-18,5.222311e-18,6.957228e-03
3.610000,2.522120824e-05,1.111406881e-05,6.434200589e-05,5.557007293e-06,2.588254388e-05,1.655495309e+00,3.578183844e+01,7.676238122e-09,3.433302e-16,1.260876e-17,3.235658e-18,6.943717e-03
3.620000,2.612238997e-05,1.105083617e-05,6.462512355e-05,5.525428335e-06,2.657039839e-05,1.695833958e+00,3.581276519e+01,7.980334727e-09,2.236071e-16,2.350059e-17,1.149165e-17,6.955128e-03
3.630000,2.703176096e-05,1.098788630e-05,6.483895406e-05,5.493929766e-06,2.727181414e-05,1.734173106e+00,3.583944078e+01,8.293525869e-09,1.124689e-16,2.383151e-17,4.538241e-18,6.970727e-03
3.640000,2.794895522e-05,1.092510215e-05,6.498695470e-05,5.462519297e-06,2.798660255e-05,1.770372031e+00,3.586165459e+01,8.616364458e-09,4.446693e-16,1.784221e-17,9.717532e-18,6.951738e-03
3.650000,2.887363897e-05,1.086248659e-05,6.507387516e-05,5.431205595e-06,2.871460834e-05,1.804302181e+00,3.587920469e+01,8.949518426e-09,4.443293e-16,2.947471e-17,8.261375e-18,6.934368e-03
3.660000,2.980550157e-05,1.080000143e-05,6.510580775e-05,5.399998295e-06,2.945569797e-05,1.835847871e+00,3.589189843e+01,9.293768099e-09,8.859943e-17,2.126540e-17,2.301067e-18,6.946758e-03
3.670000,3.074424645e-05,1.073785575e-05,6.509023235e-05,5.368908043e-06,3.020974758e-05,1.864907011e+00,3.589955293e+01,9.650001352e-09,1.654062e-16,3.758382e-17,7.379557e-18,6.912398e-03
3.680000,3.168958221e-05,1.067584748e-05,6.503605253e-05,5.337946538e-06,3.097663055e-05,1.891391850e+00,3.590199558e+01,1.001920657e-08,2.254457e-16,4.320183e-17,1.776260e-18,6.925908e-03
3.690000,3.264121383e-05,1.061418822e-05,6.495361782e-05,5.307126594e-06,3.175620517e-05,1.915229728e+00,3.589906444e+01,1.040246351e-08,2.252771e-16,2.010801e-17,1.069046e-17,6.935518e-03
3.700000,3.359883424e-05,1.055301035e-05,6.485472630e-05,5.276462222e-06,3.254830234e-05,1.936363853e+00,3.589060866e+01,1.080093207e-08,4.455281e-16,4.838453e-17,4.482369e-18,6.922317e-03
3.710000,3.456211625e-05,1.049194135e-05,6.475259985e-05,5.245968731e-06,3.335271390e-05,1.954754077e+00,3.587648878e+01,1.121583929e-08,1.570689e-16,6.965102e-18,4.806310e-18,6.916577e-03
3.720000,3.553070505e-05,1.043145144e-05,6.466182339e-05,5.215662841e-06,3.416918159e-05,1.970377686e+00,3.585657700e+01,1.164846458e-08,6.662948e-16,3.658380e-17,7.864867e-18,6.922838e-03
3.730000,3.650421137e-05,1.037107973e-05,6.459823883e-05,5.185562823e-06,3.499738695e-05,1.983230205e+00,3.583075744e+01,1.210012347e-08,2.257421e-16,7.134815e-17,5.064615e-18,6.910277e-03
3.740000,3.748220533e-05,1.031125900e-05,6.457878401e-05,5.155688660e-06,3.583694245e-05,1.993326197e+00,3.579892624e+01,1.257215023e-08,6.735481e-16,3.339123e-17,5.313364e-18,6.945477e-03
3.750000,3.846421137e-05,1.025204222e-05,6.462126857e-05,5.126062211e-06,3.668738389e-05,2.000700081e+00,3.576099174e+01,1.306587938e-08,4.525038e-16,5.922004e-17,2.684245e-18,6.940728e-03
3.760000,3.944970398e-05,1.019348346e-05,6.474408098e-05,5.096707406e-06,3.754816442e-05,2.005406952e+00,3.571687445e+01,1.358262663e-08,4.528306e-16,5.373506e-17,1.373964e-17,6.951738e-03
3.770000,4.043810474e-05,1.013519981e-05,6.496582629e-05,5.067650434e-06,3.841865014e-05,2.007523402e+00,3.566650710e+01,1.412366937e-08,4.645189e-16,4.350375e-17,1.512878e-17,6.959387e-03
3.780000,4.142878045e-05,1.007776890e-05,6.530490007e-05,5.038919949e-06,3.929811756e-05,2.007148339e+00,3.560983454e+01,1.469022705e-08,4.504670e-16,3.849432e-17,1.504072e-17,6.909948e-03
3.790000,4.242104258e-05,1.002116108e-05,6.577901285e-05,5.010547266e-06,4.018575286e-05,2.004403794e+00,3.554681366e+01,1.528344180e-08,3.408025e-16,2.218939e-17,1.481463e-17,6.915997e-03
3.800000,4.341414802e-05,9.965122999e-06,6.640468716e-05,4.982566550e-06,4.108065311e-05,1.999435700e+00,3.547741317e+01,1.590435947e-08,1.318536e-16,3.063381e-17,2.899639e-17,6.941018e-03
3.810000,4.440730129e-05,9.910157261e-06,6.719675701e-05,4.955014991e-06,4.198182937e-05,1.992414622e+00,3.540161345e+01,1.655391145e-08,5.558983e-16,5.541340e-17,1.015857e-17,6.958728e-03
3.820000,4.539965801e-05,9.855876288e-06,6.816790384e-05,4.927932948e-06,4.288821174e-05,1.983536405e+00,3.531940624e+01,1.723289739e-08,3.681314e-17,2.988284e-17,1.310443e-17,6.938227e-03
3.830000,4.639032993e-05,9.802789795e-06,6.932826285e-05,4.901364060e-06,4.379865623e-05,1.973022703e+00,3.523079441e+01,1.794196927e-08,3.373133e-16,6.568701e-17,3.110168e-17,6.939368e-03
3.840000,4.737839115e-05,9.750826203e-06,7.068512856e-05,4.875355309e-06,4.471195349e-05,1.961121321e+00,3.513579156e+01,1.868161670e-08,5.618097e-16,4.075401e-17,9.548653e-18,6.943027e-03
3.850000,4.836288584e-05,9.699957778e-06,7.224277858e-05,4.849957023e-06,4.562683928e-05,1.948106301e+00,3.503442177e+01,1.945215389e-08,2.324974e-16,2.240040e-17,1.010544e-17,6.911698e-03
3.860000,4.934283717e-05,9.650569979e-06,7.400242167e-05,4.825222807e-06,4.654200648e-05,1.934277661e+00,3.492671914e+01,2.025370834e-08,6.672302e-16,2.586587e-17,1.023362e-17,6.933377e-03
3.870000,5.031725742e-05,9.602454416e-06,7.596226324e-05,4.801209395e-06,4.745611870e-05,1.919960665e+00,3.481272751e+01,2.108621123e-08,2.261821e-16,5.963371e-17,9.502242e-17,6.907888e-03
3.880000,5.128515933e-05,9.556002095e-06,7.811766972e-05,4.777976403e-06,4.836782524e-05,1.905504491e+00,3.469250000e+01,2.194938978e-08,2.695096e-16,3.620581e-17,4.268803e-17,6.908528e-03
3.890000,5.224556839e-05,9.511284075e-06,8.046140634e-05,4.755585974e-06,4.927577731e-05,1.891280159e+00,3.456609870e+01,2.284276157e-08,5.559783e-16,1.411678e-17,3.948550e-17,6.915278e-03
3.900000,5.319753612e-05,9.468278027e-06,8.298391935e-05,4.734102305e-06,5.017864530e-05,1.877677547e+00,3.443359428e+01,2.376563078e-08,3.330944e-16,6.263684e-17,1.529617e-17,6.885727e-03
3.910000,5.414015409e-05,9.427054488e-06,8.567363542e-05,4.713591047e-06,5.107513713e-05,1.865101370e+00,3.429506565e+01,2.471708649e-08,6.669416e-16,6.358688e-17,1.750160e-17,6.946817e-03
3.920000,5.507256864e-05,9.388157290e-06,8.851725509e-05,4.694118554e-06,5.196401730e-05,1.853965987e+00,3.415059969e+01,2.569600297e-08,4.509793e-16,4.371180e-17,1.767493e-17,6.952907e-03
3.930000,5.599399619e-05,9.351378019e-06,9.150002317e-05,4.675751001e-06,5.284412664e-05,1.844688989e+00,3.400029094e+01,2.670104206e-08,6.684197e-16,4.448788e-17,4.920918e-17,6.972927e-03
3.940000,5.690373878e-05,9.317075411e-06,9.460596546e-05,4.658553333e-06,5.371440252e-05,1.837683590e+00,3.384424141e+01,2.773065761e-08,2.361551e-16,3.751113e-17,1.742893e-17,6.956947e-03
3.950000,5.780119994e-05,9.285276914e-06,9.781808678e-05,4.642588071e-06,5.457389944e-05,1.833349952e+00,3.368256042e+01,2.878310205e-08,4.490564e-16,1.513778e-17,3.292923e-17,6.958347e-03
3.960000,5.868590056e-05,9.255960360e-06,1.011185300e-04,4.627913953e-06,5.542180971e-05,1.832065741e+00,3.351536449e+01,2.985643519e-08,5.579863e-16,1.566952e-17,7.051226e-18,6.921738e-03
3.970000,5.955749453e-05,9.229197517e-06,1.044886992e-04,4.614584427e-06,5.625748406e-05,1.834176318e+00,3.334277731e+01,3.094853535e-08,1.214272e-16,3.835424e-17,3.170535e-17,6.913918e-03
3.980000,6.041578411e-05,9.205348363e-06,1.079093517e-04,4.602646003e-06,5.708045209e-05,1.839985110e+00,3.316492982e+01,3.205711299e-08,2.287017e-16,1.315464e-17,3.689392e-17,6.978768e-03
3.990000,6.126073469e-05,9.184242185e-06,1.113606656e-04,4.592136472e-06,5.789044214e-05,1.849744800e+00,3.298196037e+01,3.317972699e-08,2.290357e-16,1.480678e-17,9.077175e-18,6.951647e-03
4.000000,6.209248873e-05,9.166043281e-06,1.148222891e-04,4.583083009e-06,5.868740052e-05,1.863649959e+00,3.279401490e+01,3.431380407e-08,6.682612e-16,7.849865e-17,5.119747e-17,6.946878e-03
4.010000,6.291137863e-05,9.150914586e-06,1.182733785e-04,4.575500196e-06,5.947150969e-05,1.881831680e+00,3.260124737e+01,3.545666136e-08,4.516668e-16,2.801136e-17,3.506699e-17,6.994037e-03
4.020000,6.371793838e-05,9.138774161e-06,1.216926307e-04,4.569387980e-06,6.024320522e-05,1.904354646e+00,3.240382015e+01,3.660553283e-08,1.153676e-16,5.792204e-17,2.502192e-17,6.952348e-03
4.030000,6.451291350e-05,9.129487997e-06,1.250583164e-04,4.564729604e-06,6.100319104e-05,1.931216786e+00,3.220190457e+01,3.775759984e-08,1.177815e-16,1.856435e-17,1.835587e-17,6.947077e-03
4.040000,6.529726917e-05,9.123016132e-06,1.283483187e-04,4.561489559e-06,6.175245278e-05,1.962351507e+00,3.199568164e+01,3.891002634e-08,2.433723e-16,8.159079e-17,9.081106e-17,6.984587e-03
4.050000,6.607219619e-05,9.119267164e-06,1.315401828e-04,4.559611589e-06,6.249226866e-05,1.997632188e+00,3.178534278e+01,4.005999944e-08,2.338814e-16,6.134593e-17,2.645516e-17,6.935578e-03
4.060000,6.683911434e-05,9.118000931e-06,1.346111809e-04,4.559016809e-06,6.322421756e-05,2.036878507e+00,3.157109071e+01,4.120477557e-08,2.247556e-16,2.392005e-17,3.726736e-17,6.944378e-03
4.070000,6.759967307e-05,9.119169768e-06,1.375383965e-04,4.559601982e-06,6.395018378e-05,2.079864028e+00,3.135314046e+01,4.234173306e-08,2.238136e-16,6.345003e-17,5.862047e-17,6.925088e-03
4.080000,6.835574887e-05,9.122431979e-06,1.402988331e-04,4.561238018e-06,6.467235795e-05,2.126324477e+00,3.113172040e+01,4.346843150e-08,2.515948e-16,6.883596e-17,4.083435e-17,6.943097e-03
4.090000,6.910943938e-05,9.127542054e-06,1.428695500e-04,4.563768752e-06,6.539323371e-05,2.175966173e+00,3.090707345e+01,4.458267816e-08,1.102625e-16,5.579187e-17,4.066291e-17,6.921727e-03
4.100000,6.986305358e-05,9.134059331e-06,1.452278309e-04,4.567010047e-06,6.611559937e-05,2.228474175e+00,3.067945826e+01,4.568260192e-08,1.417125e-16,4.461909e-17,4.435080e-17,6.929647e-03
4.110000,7.061909815e-05,9.141397858e-06,1.473513881e-04,4.570749306e-06,6.684252442e-05,2.283519818e+00,3.044915051e+01,4.676673435e-08,4.459909e-16,6.498161e-17,3.004365e-17,6.936527e-03
4.120000,7.138025951e-05,9.149604196e-06,1.492186076e-04,4.574745438e-06,6.757734009e-05,2.340767448e+00,3.021644418e+01,4.783409795e-08,5.593892e-16,5.368442e-17,2.832752e-17,6.953638e-03
4.130000,7.214938164e-05,9.157463724e-06,1.508088383e-04,4.578729333e-06,6.832361376e-05,2.399880243e+00,2.998165288e+01,4.888430053e-08,1.100675e-17,3.801770e-17,1.671124e-17,6.969208e-03
4.140000,7.292943945e-05,9.164977333e-06,1.521027303e-04,4.582404915e-06,6.908511692e-05,2.460525111e+00,2.974511107e+01,4.991763480e-08,7.773518e-16,1.236405e-17,5.148225e-17,6.939207e-03
4.150000,7.372350781e-05,9.170886940e-06,1.530826266e-04,4.585450815e-06,6.986578651e-05,2.522376708e+00,2.950717528e+01,5.093518115e-08,6.316685e-17,9.843735e-17,5.790957e-17,6.982607e-03
4.160000,7.453472650e-05,9.175098844e-06,1.537330125e-04,4.587522720e-06,7.066967966e-05,2.585120651e+00,2.926822519e+01,5.193891147e-08,2.274519e-16,4.399831e-17,2.744458e-17,6.944727e-03
4.170000,7.536626117e-05,9.176550776e-06,1.540410264e-04,4.588256437e-06,7.150092216e-05,2.648456026e+00,2.902866451e+01,5.293179064e-08,1.114175e-16,1.478346e-16,4.995355e-17,6.975407e-03
4.180000,7.622126100e-05,9.174614816e-06,1.539970371e-04,4.587271719e-06,7.236365101e-05,2.712097286e+00,2.878892177e+01,5.391787211e-08,3.344174e-16,4.458469e-17,2.595002e-17,6.955107e-03
4.190000,7.710281343e-05,9.168465431e-06,1.535952893e-04,4.584176877e-06,7.326195200e-05,2.775775628e+00,2.854945080e+01,5.490238276e-08,5.551865e-16,1.549867e-17,1.720341e-17,6.938607e-03
4.200000,7.801389683e-05,9.157269743e-06,1.528346206e-04,4.578574205e-06,7.419979313e-05,2.839239943e+00,2.831073086e+01,5.589179176e-08,5.561790e-16,4.179810e-17,4.941342e-17,6.948637e-03
4.210000,7.895733194e-05,9.140183277e-06,1.517192494e-04,4.570066235e-06,7.518095520e-05,2.902257394e+00,2.807326655e+01,5.689385756e-08,2.357640e-16,7.228251e-17,7.356407e-17,6.964898e-03
4.220000,7.993573295e-05,9.116490961e-06,1.502596305e-04,4.558262817e-06,7.620896122e-05,2.964613689e+00,2.783758723e+01,5.791764652e-08,2.328881e-16,7.231697e-17,1.115575e-16,6.985467e-03
4.230000,8.095145951e-05,9.085652353e-06,1.484733691e-04,4.542789019e-06,7.728700600e-05,3.026113086e+00,2.760424605e+01,5.897351650e-08,3.383731e-16,6.184622e-17,5.120341e-18,6.981547e-03
4.240000,8.200657055e-05,9.046563563e-06,1.463861747e-04,4.523293807e-06,7.841788799e-05,3.086578170e+00,2.737381853e+01,6.007305881e-08,3.299258e-17,7.527659e-17,7.531814e-17,7.004647e-03
4.250000,8.310278117e-05,8.999117085e-06,1.440328215e-04,4.499459470e-06,7.960394505e-05,3.145849415e+00,2.714690056e+01,6.122899246e-08,8.896126e-16,8.749699e-17,5.313503e-17,6.994477e-03
4.260000,8.424142360e-05,8.942087383e-06,1.414580614e-04,4.471011696e-06,8.084699596e-05,3.203784569e+00,2.692410601e+01,6.245500518e-08,3.412871e-16,1.088056e-16,3.918186e-17,6.985707e-03
4.270000,8.542341339e-05,8.875589939e-06,1.387173998e-04,4.437730204e-06,8.214828932e-05,3.260257865e+00,2.670606376e+01,6.376553760e-08,5.616508e-16,8.772188e-17,7.086106e-17,6.955677e-03
4.280000,8.664922152e-05,8.799157765e-06,1.358776030e-04,4.399459806e-06,8.350846128e-05,3.315159076e+00,2.649341415e+01,6.517550832e-08,1.111658e-15,7.051533e-17,1.773939e-17,6.935708e-03
4.290000,8.791885336e-05,8.712325518e-06,1.330167472e-04,4.356121681e-06,8.492750330e-05,3.368392426e+00,2.628680512e+01,6.669998042e-08,3.652189e-16,8.221807e-18,8.823863e-17,6.938248e-03
4.300000,8.923183492e-05,8.615397294e-06,1.302235540e-04,4.307724664e-06,8.640474068e-05,3.419875376e+00,2.608688774e+01,6.835377264e-08,2.324496e-16,1.328950e-16,1.195445e-16,6.950407e-03
4.310000,9.058720685e-05,8.508758764e-06,1.275957047e-04,4.254376232e-06,8.793882262e-05,3.469537300e+00,2.589431147e+01,7.015102186e-08,7.652723e-17,4.222784e-17,3.160348e-17,6.971177e-03
4.320000,9.198352631e-05,8.392727671e-06,1.252368123e-04,4.196292813e-06,8.952772360e-05,3.517318068e+00,2.570971911e+01,7.210470692e-08,5.627707e-16,7.204479e-17,3.939665e-17,6.890668e-03
4.330000,9.341887664e-05,8.267714277e-06,1.232518021e-04,4.133808955e-06,9.116875635e-05,3.563166556e+00,2.553374147e+01,7.422614745e-08,4.556820e-16,1.268601e-16,9.669619e-17,6.899327e-03
4.340000,9.489088478e-05,8.134833097e-06,1.217406731e-04,4.067384764e-06,9.285859555e-05,3.607039116e+00,2.536699210e+01,7.652449484e-08,2.430473e-16,4.371356e-17,6.915480e-17,6.911567e-03
4.350000,9.639674577e-05,7.995302709e-06,1.207909837e-04,3.997610889e-06,9.459331198e-05,3.648898021e+00,2.521006187e+01,7.900623538e-08,3.381583e-16,1.278409e-16,1.360493e-16,6.923378e-03
4.360000,9.793325417e-05,7.850352604e-06,1.204698895e-04,3.925210170e-06,9.636841584e-05,3.688709921e+00,2.506351379e+01,8.167472790e-08,2.516379e-16,2.486670e-17,7.629346e-17,6.921158e-03
4.370000,9.949684144e-05,7.702214044e-06,1.208169786e-04,3.851034936e-06,9.817890866e-05,3.726444340e+00,2.492787817e+01,8.452979977e-08,5.571575e-16,3.482794e-17,4.672348e-18,6.888798e-03
4.380000,1.010836188e-04,7.552051976e-06,1.218392801e-04,3.776058739e-06,1.000193424e-04,3.762072240e+00,2.480364803e+01,8.756742484e-08,2.239462e-16,7.238518e-17,6.834253e-17,6.910237e-03
4.390000,1.026894245e-04,7.402623328e-06,1.235094981e-04,3.701361280e-06,1.018838846e-04,3.795564687e+00,2.469127512e+01,9.077950625e-08,2.256635e-16,8.018017e-17,1.191644e-16,6.942357e-03
4.400000,1.043098752e-04,7.256115815e-06,1.257678044e-04,3.628105284e-06,1.037663892e-04,3.826891638e+00,2.459116654e+01,9.415378377e-08,4.464259e-16,4.063935e-17,3.590767e-17,6.958327e-03
4.410000,1.059404198e-04,7.114957288e-06,1.285266880e-04,3.557504331e-06,1.056604705e-04,3.856020890e+00,2.450368200e+01,9.767388163e-08,2.221784e-16,1.061166e-16,9.447755e-18,6.960257e-03
4.420000,1.075763958e-04,6.981762530e-06,1.316777555e-04,3.490781196e-06,1.075595805e-04,3.882917202e+00,2.442913187e+01,1.013195069e-07,7.921281e-16,6.967277e-17,1.675095e-17,6.896058e-03
4.430000,1.092130870e-04,6.858161298e-06,1.350992076e-04,3.429117185e-06,1.094570885e-04,3.907541610e+00,2.436777589e+01,1.050668024e-07,2.281662e-16,4.166319e-17,6.504652e-17,6.938317e-03
4.440000,1.108457805e-04,6.747182603e-06,1.386629307e-04,3.373594249e-06,1.113463607e-04,3.929850957e+00,2.431982275e+01,1.088888496e-07,3.522537e-17,3.520906e-17,1.148240e-16,6.881557e-03
4.450000,1.124698253e-04,6.650460192e-06,1.422405583e-04,3.325133319e-06,1.132208406e-04,3.949797633e+00,2.428543030e+01,1.127563103e-07,6.747392e-16,6.214845e-17,4.457403e-17,6.879358e-03
4.460000,1.140806877e-04,6.568623863e-06,1.457082607e-04,3.284433861e-06,1.150741281e-04,3.967329548e+00,2.426470645e+01,1.166381884e-07,8.899227e-16,8.458023e-17,8.452643e-17,6.896907e-03
4.470000,1.156740062e-04,6.503942927e-06,1.489503107e-04,3.251920906e-06,1.169000566e-04,3.982390317e+00,2.425771064e+01,1.205026832e-07,3.331181e-16,7.292067e-17,7.436982e-17,6.858698e-03
4.480000,1.172456430e-04,6.455694849e-06,1.518616218e-04,3.227706056e-06,1.186927672e-04,3.994919659e+00,2.426445579e+01,1.243181047e-07,8.887041e-16,6.253370e-17,8.454991e-17,6.889327e-03
4.490000,1.187917326e-04,6.423074622e-06,1.543494944e-04,3.211568038e-06,1.204467801e-04,4.004854000e+00,2.428491066e+01,1.280538113e-07,2.315274e-16,3.653006e-17,2.930078e-17,6.873198e-03
4.500000,1.203087260e-04,6.406113009e-06,1.563347886e-04,3.202956136e-06,1.221570602e-04,4.012127255e+00,2.431900247e+01,1.316811333e-07,5.572691e-16,6.696872e-17,1.259882e-16,6.880557e-03
4.510000,1.217934304e-04,6.402091028e-06,1.577526956e-04,3.201016809e-06,1.238190781e-04,4.016671773e+00,2.436661959e+01,1.351742413e-07,2.534780e-16,2.814760e-17,6.922482e-17,6.875367e-03
4.520000,1.232430438e-04,6.409370349e-06,1.585532342e-04,3.204640639e-06,1.254288646e-04,4.018419429e+00,2.442761447e+01,1.385109225e-07,3.497450e-16,2.827460e-17,5.173124e-17,6.899747e-03
4.530000,1.246551838e-04,6.425148477e-06,1.587015585e-04,3.212524340e-06,1.269830583e-04,4.017302811e+00,2.450180637e+01,1.416732316e-07,3.331860e-16,4.070333e-17,9.935331e-17,6.884418e-03
4.540000,1.260279101e-04,6.446401469e-06,1.581781377e-04,3.223241285e-06,1.284789447e-04,4.013256513e+00,2.458898409e+01,1.446479897e-07,2.224414e-16,1.154846e-16,5.770718e-17,6.904208e-03
4.550000,1.273597400e-04,6.470536494e-06,1.569788513e-04,3.235314137e-06,1.299144873e-04,4.006218459e+00,2.468890854e+01,1.474271101e-07,2.220792e-16,6.499092e-17,7.067173e-17,6.893118e-03
4.560000,1.286496579e-04,6.494786962e-06,1.551150309e-04,3.247284232e-06,1.312883495e-04,3.996131278e+00,2.480131508e+01,1.500077409e-07,6.781107e-16,9.279829e-17,2.372224e-17,6.923027e-03
4.570000,1.298971168e-04,6.515540187e-06,1.526134796e-04,3.257774030e-06,1.325999056e-04,3.982943656e+00,2.492591572e+01,1.523922216e-07,1.170129e-16,2.146953e-17,3.681804e-17,6.984937e-03
4.580000,1.311020329e-04,6.531197820e-06,1.495164935e-04,3.265540626e-06,1.338492432e-04,3.966611672e+00,2.506240111e+01,1.545878602e-07,4.449459e-16,7.629961e-17,1.690498e-17,6.985087e-03
4.590000,1.322647727e-04,6.539148403e-06,1.458819091e-04,3.269519712e-06,1.350371530e-04,3.947100078e+00,2.521044226e+01,1.566065452e-07,4.481261e-16,6.091564e-17,6.925364e-17,7.009168e-03
4.600000,1.333861334e-04,6.537925866e-06,1.417831869e-04,3.268860410e-06,1.361651093e-04,3.924383496e+00,2.536969221e+01,1.584642155e-07,6.663230e-16,4.870690e-17,7.489107e-17,6.947937e-03
4.610000,1.344673157e-04,6.525960100e-06,1.373095209e-04,3.262951902e-06,1.372352388e-04,3.898447529e+00,2.553978750e+01,1.601802133e-07,2.774025e-16,1.832944e-16,3.565527e-17,6.962598e-03
4.620000,1.355098903e-04,6.503055226e-06,1.325659158e-04,3.251443002e-06,1.382502792e-04,3.869289750e+00,2.572034952e+01,1.617765537e-07,5.586998e-16,1.419357e-16,5.528686e-17,6.923598e-03
4.630000,1.365157588e-04,6.468477191e-06,1.276730982e-04,3.234255717e-06,1.392135267e-04,3.836920566e+00,2.591098584e+01,1.632771415e-07,5.226743e-17,9.081878e-17,3.903116e-17,6.930377e-03
4.640000,1.374871086e-04,6.423282037e-06,1.227669946e-04,3.211593562e-06,1.401287746e-04,3.801363939e+00,2.611129144e+01,1.647069698e-07,3.353387e-16,3.851421e-17,5.617261e-17,6.988977e-03
4.650000,1.384263632e-04,6.367871367e-06,1.179973364e-04,3.183944984e-06,1.410002422e-04,3.762657970e+00,2.632084998e+01,1.660913322e-07,2.709989e-17,1.047402e-16,8.494865e-17,6.913358e-03
4.660000,1.393361288e-04,6.304159862e-06,1.135247359e-04,3.152081707e-06,1.418324967e-04,3.720855316e+00,2.653923499e+01,1.674550747e-07,9.178295e-17,1.264260e-16,7.258090e-17,6.930027e-03
4.670000,1.402191384e-04,6.234315331e-06,1.095154171e-04,3.117051187e-06,1.426303671e-04,3.676023468e+00,2.676601119e+01,1.688219143e-07,6.670751e-16,9.123157e-17,7.002226e-17,6.926128e-03
4.680000,1.410781932e-04,6.160220058e-06,1.061328512e-04,3.080161668e-06,1.433988542e-04,3.628244863e+00,2.700073568e+01,1.702138412e-07,4.470126e-16,9.644040e-17,6.704847e-17,6.921748e-03
4.690000,1.419161042e-04,6.085952387e-06,1.035260758e-04,3.042957654e-06,1.441430360e-04,3.577616857e+00,2.724295933e+01,1.716506196e-07,1.257744e-16,7.945651e-17,1.895947e-16,6.925177e-03
4.700000,1.427356341e-04,6.014386294e-06,1.018156539e-04,3.007183085e-06,1.448679724e-04,3.524251542e+00,2.749222800e+01,1.731493943e-07,6.824811e-17,8.745169e-17,1.279056e-16,6.895527e-03
4.710000,1.435394402e-04,5.949502043e-06,1.010798111e-04,2.974729422e-06,1.455786089e-04,3.468275432e+00,2.774808391e+01,1.747244071e-07,2.306312e-16,5.281472e-17,8.054688e-17,6.908898e-03
4.720000,1.443300207e-04,5.895363410e-06,1.013444473e-04,2.947566517e-06,1.462796834e-04,3.409829020e+00,2.801006695e+01,1.763868199e-07,6.670100e-16,5.205910e-17,9.069390e-17,6.925118e-03
4.730000,1.451096642e-04,5.855303167e-06,1.025803784e-04,2.927655971e-06,1.469756371e-04,3.349066207e+00,2.827771592e+01,1.781446395e-07,1.025734e-16,1.911939e-16,8.853130e-17,6.906428e-03
4.740000,1.458804048e-04,5.833952095e-06,1.047089786e-04,2.916849840e-06,1.476705310e-04,3.286153630e+00,2.855056987e+01,1.800027351e-07,7.804797e-16,4.457136e-17,6.744904e-17,6.903697e-03
4.750000,1.466439816e-04,5.833647601e-06,1.076144534e-04,2.916781651e-06,1.483679714e-04,3.221269877e+00,2.882816922e+01,1.819629356e-07,2.499887e-16,5.826179e-17,1.111177e-16,6.912088e-03
4.760000,1.474018058e-04,5.857502228e-06,1.111590403e-04,2.928760881e-06,1.490710439e-04,3.154604617e+00,2.911005698e+01,1.840241962e-07,1.446545e-16,5.824317e-17,1.677569e-17,6.954778e-03
4.770000,1.481549333e-04,5.907478859e-06,1.151974045e-04,2.953684569e-06,1.497822595e-04,3.086357637e+00,2.939577978e+01,1.861828171e-07,3.380211e-16,2.476551e-17,8.598866e-17,6.957077e-03
4.780000,1.489040458e-04,5.983961996e-06,1.195878841e-04,2.991979236e-06,1.505035124e-04,3.016737808e+00,2.968488886e+01,1.884327045e-07,3.549227e-17,1.326694e-16,3.206170e-17,6.949497e-03
4.790000,1.496494387e-04,6.087265697e-06,1.241998925e-04,3.043581902e-06,1.512360504e-04,2.945961960e+00,2.997694098e+01,1.907656573e-07,3.602063e-16,1.643433e-16,2.618802e-16,6.928697e-03
4.800000,1.503910160e-04,6.216052925e-06,1.289179231e-04,3.107961986e-06,1.519804590e-04,2.874253693e+00,3.027149923e+01,1.931716701e-07,4.463381e-16,6.062654e-17,4.136731e-17,6.929748e-03
4.810000,1.511282933e-04,6.368498988e-06,1.336430642e-04,3.184178292e-06,1.527366583e-04,2.801842104e+00,3.056813372e+01,1.956392406e-07,4.440949e-16,1.977019e-16,1.115828e-16,6.935108e-03
4.820000,1.518604072e-04,6.541932219e-06,1.382929348e-04,3.270959785e-06,1.535039131e-04,2.728960425e+00,3.086642223e+01,1.981556721e-07,7.603862e-17,8.748604e-17,1.150356e-16,6.896657e-03
4.830000,1.525861307e-04,6.733676299e-06,1.428007461e-04,3.366796869e-06,1.542808546e-04,2.655844579e+00,3.116595068e+01,2.007073659e-07,2.224207e-16,6.521852e-17,1.424855e-16,6.898108e-03
4.840000,1.533038956e-04,6.940166835e-06,1.471139643e-04,3.470031208e-06,1.550655130e-04,2.582731623e+00,3.146631364e+01,2.032800947e-07,3.425362e-16,1.147767e-16,2.258071e-17,6.906617e-03
4.850000,1.540118180e-04,7.157832922e-06,1.511928557e-04,3.578935577e-06,1.558553603e-04,2.509858072e+00,3.176711463e+01,2.058592567e-07,1.030922e-16,1.685646e-16,2.357380e-17,6.928687e-03
4.860000,1.547077303e-04,7.383521612e-06,1.550090679e-04,3.691779227e-06,1.566473608e-04,2.437458094e+00,3.206796642e+01,2.084301047e-07,2.254752e-16,1.875796e-17,5.552225e-17,6.910897e-03
4.870000,1.553892146e-04,7.613837224e-06,1.585443159e-04,3.806877614e-06,1.574380284e-04,2.365761548e+00,3.236849131e+01,2.109779510e-07,3.581616e-16,1.345892e-16,1.172123e-16,6.903547e-03
4.880000,1.560536403e-04,7.845429528e-06,1.617891967e-04,3.922627621e-06,1.582234887e-04,2.294991852e+00,3.266832122e+01,2.134883473e-07,6.689010e-16,1.036805e-16,1.504942e-16,6.919578e-03
4.890000,1.566982023e-04,8.075109599e-06,1.647421307e-04,4.037530565e-06,1.589995447e-04,2.225363675e+00,3.296709788e+01,2.159472398e-07,2.525934e-16,3.524777e-17,3.535792e-17,6.899908e-03
4.900000,1.573199612e-04,8.300575446e-06,1.674084184e-04,4.150205644e-06,1.597617439e-04,2.157080441e+00,3.326447290e+01,2.183411015e-07,6.665190e-16,3.119824e-17,6.814820e-17,6.867668e-03
4.910000,1.579158829e-04,8.518825866e-06,1.697993927e-04,4.259396310e-06,1.605054463e-04,2.090331650e+00,3.356010788e+01,2.206570429e-07,1.313251e-16,5.298635e-17,2.367790e-16,6.878668e-03
4.920000,1.584828787e-04,8.727909172e-06,1.719316508e-04,4.363971666e-06,1.612258909e-04,2.025290028e+00,3.385367440e+01,2.228829035e-07,1.926153e-17,9.480980e-17,1.765336e-16,6.862588e-03
4.930000,1.590178436e-04,8.925982129e-06,1.738263466e-04,4.462924515e-06,1.619182606e-04,1.962108556e+00,3.414485416e+01,2.250073260e-07,5.575509e-16,7.339984e-17,3.030346e-17,6.916877e-03
4.940000,1.595176939e-04,9.110789788e-06,1.755085293e-04,4.555367303e-06,1.625777441e-04,1.900917414e+00,3.443333896e+01,2.270198159e-07,2.260871e-16,7.215235e-17,9.476114e-17,6.890957e-03
4.950000,1.599794023e-04,9.281067163e-06,1.770065133e-04,4.640526800e-06,1.631995936e-04,1.841820947e+00,3.471883081e+01,2.289107875e-07,1.157516e-16,1.248184e-16,1.311309e-16,6.906757e-03
4.960000,1.604000316e-04,9.435530109e-06,1.783512688e-04,4.717738119e-06,1.637791790e-04,1.784894731e+00,3.500104202e+01,2.306715998e-07,2.240501e-16,6.436458e-17,1.922983e-16,6.907617e-03
4.970000,1.607767649e-04,9.572717497e-06,1.795758223e-04,4.786438479e-06,1.643120370e-04,1.730182896e+00,3.527969528e+01,2.322945820e-07,6.705926e-16,9.296589e-17,8.630098e-17,6.944617e-03
4.980000,1.611069344e-04,9.692309069e-06,1.807146625e-04,4.846160948e-06,1.647939152e-04,1.677695844e+00,3.555452380e+01,2.337730528e-07,8.430646e-17,1.044353e-16,1.314444e-16,6.908338e-03
4.990000,1.613880464e-04,9.792999603e-06,1.818031449e-04,4.896528342e-06,1.652208114e-04,1.627408533e+00,3.582527152e+01,2.351013317e-07,2.340732e-16,1.011504e-16,5.118263e-17,6.925067e-03
5.000000,1.616178042e-04,9.874467838e-06,1.828768967e-04,4.937247350e-06,1.655890077e-04,1.579259484e+00,3.609169327e+01,2.362747467e-07,2.560249e-16,1.102374e-16,2.058025e-16,6.922638e-03
5.010000,1.617939256e-04,9.936158644e-06,1.815364223e-04,4.968110762e-06,1.658948864e-04,1.555135805e+00,3.636345732e+01,2.368440999e-07,4.479626e-16,1.992856e-16,4.777139e-17,6.928937e-03
5.020000,1.619158828e-04,9.978127304e-06,1.803027171e-04,4.989010706e-06,1.661368324e-04,1.534220071e+00,3.663384469e+01,2.372652332e-07,5.608095e-16,6.379538e-17,1.036171e-16,6.947168e-03
5.030000,1.619831213e-04,9.999778367e-06,1.791733985e-04,4.999900630e-06,1.663132824e-04,1.516743420e+00,3.690275940e+01,2.375324086e-07,2.316529e-16,4.945998e-17,3.531377e-17,6.927527e-03
5.040000,1.619952424e-04,1.000177661e-05,1.781466117e-04,5.000782185e-06,1.664229159e-04,1.502925215e+00,3.717010764e+01,2.376408656e-07,1.016508e-15,1.258224e-16,8.912285e-17,6.942137e-03
5.050000,1.619519913e-04,9.983422145e-06,1.772208612e-04,4.991701877e-06,1.664646429e-04,1.492967303e+00,3.743579759e+01,2.375867721e-07,1.358142e-16,1.195820e-16,3.526667e-17,6.951247e-03
5.060000,1.618532473e-04,9.945673964e-06,1.763948676e-04,4.972748293e-06,1.664375929e-04,1.487048201e+00,3.769973919e+01,2.373671791e-07,8.916310e-16,1.578881e-16,1.138253e-16,6.911968e-03
5.070000,1.616990145e-04,9.887950678e-06,1.756674484e-04,4.944049837e-06,1.663411043e-04,1.485317577e+00,3.796184390e+01,2.369799790e-07,8.918223e-16,5.570672e-17,2.238224e-16,6.905158e-03
5.080000,1.614894133e-04,9.811619772e-06,1.750374200e-04,4.905772956e-06,1.661747140e-04,1.487891466e+00,3.822202449e+01,2.364238666e-07,3.356160e-16,6.571241e-17,2.667524e-17,6.916527e-03
5.090000,1.612246728e-04,9.716242710e-06,1.745035193e-04,4.858120830e-06,1.659381483e-04,1.494848599e+00,3.848019477e+01,2.356983022e-07,5.554377e-17,1.013826e-16,2.523992e-16,6.929017e-03
5.100000,1.609051236e-04,9.602778143e-06,1.740643429e-04,4.801332524e-06,1.656313135e-04,1.506228161e+00,3.873626936e+01,2.348034762e-07,5.551126e-16,9.519318e-17,1.005992e-16,6.943848e-03
5.110000,1.605311917e-04,9.471466883e-06,1.737183013e-04,4.735682604e-06,1.652542877e-04,1.522029144e+00,3.899016340e+01,2.337402745e-07,5.606010e-16,1.080067e-16,2.686683e-17,6.913577e-03
5.120000,1.601033923e-04,9.323174408e-06,1.734635862e-04,4.661481242e-06,1.648073124e-04,1.542211320e+00,3.924179232e+01,2.325102449e-07,1.004413e-15,8.740412e-17,5.719555e-17,6.915157e-03
5.130000,1.596223249e-04,9.158288098e-06,1.732981486e-04,4.579074858e-06,1.642907849e-04,1.566697672e+00,3.949107154e+01,2.311155637e-07,6.746820e-16,1.705145e-16,5.481771e-17,6.943247e-03
5.140000,1.590886682e-04,8.977625003e-06,1.732196861e-04,4.488847334e-06,1.637052513e-04,1.595378007e+00,3.973791615e+01,2.295590021e-07,2.234066e-16,1.193893e-16,4.795084e-17,7.033626e-03
5.150000,1.585031760e-04,8.782436469e-06,1.732256366e-04,4.391221911e-06,1.630513993e-04,1.628113381e+00,3.998224066e+01,2.278438937e-07,1.812922e-16,9.779211e-17,1.006938e-16,6.968188e-03
5.160000,1.578666730e-04,8.573284384e-06,1.733131778e-04,4.286663840e-06,1.623300524e-04,1.664740943e+00,4.022395867e+01,2.259741000e-07,2.471621e-16,1.349314e-16,7.852118e-17,6.939287e-03
5.170000,1.571800519e-04,8.351512625e-06,1.734792292e-04,4.175683949e-06,1.615421636e-04,1.705078810e+00,4.046298255e+01,2.239539771e-07,5.772483e-16,2.596562e-16,4.652364e-17,6.964877e-03
5.180000,1.564442699e-04,8.117892227e-06,1.737204572e-04,4.058843270e-06,1.606888099e-04,1.748930688e+00,4.069922312e+01,2.217883413e-07,7.777866e-16,1.834165e-16,2.153153e-17,6.909657e-03
5.190000,1.556603464e-04,7.873455466e-06,1.740332808e-04,3.936758942e-06,1.597711875e-04,1.796089983e+00,4.093258932e+01,2.194824348e-07,2.469302e-16,1.329619e-16,2.237608e-16,6.956427e-03
5.200000,1.548293609e-04,7.620308726e-06,1.744138772e-04,3.810111633e-06,1.587906070e-04,1.846343281e+00,4.116298789e+01,2.170418908e-07,3.435168e-16,5.461883e-17,1.211342e-16,6.952017e-03
5.210000,1.539524509e-04,7.359242862e-06,1.748581865e-04,3.679654744e-06,1.577484892e-04,1.899473132e+00,4.139032302e+01,2.144726983e-07,2.348912e-16,1.224259e-16,3.900000e-17,6.932658e-03
5.220000,1.530308110e-04,7.092514445e-06,1.753619156e-04,3.546225706e-06,1.566463616e-04,1.955260141e+00,4.161449600e+01,2.117811673e-07,2.225330e-16,1.637808e-17,9.907851e-17,6.966807e-03
5.230000,1.520656917e-04,6.821477522e-06,1.759205406e-04,3.410759631e-06,1.554858550e-04,2.013484420e+00,4.183540494e+01,2.089738935e-07,1.268149e-16,4.225108e-17,1.271072e-16,6.964497e-03
5.240000,1.510583990e-04,6.548717050e-06,1.765293072e-04,3.274305518e-06,1.542687009e-04,2.073926479e+00,4.205294442e+01,2.060577233e-07,4.486811e-16,1.090450e-16,5.401452e-17,6.989607e-03
5.250000,1.500102941e-04,6.275989833e-06,1.771832306e-04,3.138044966e-06,1.529967287e-04,2.136367658e+00,4.226700517e+01,2.030397192e-07,2.303536e-16,4.206668e-17,2.684168e-17,6.977347e-03
5.260000,1.489227938e-04,6.006628319e-06,1.778770933e-04,3.003312937e-06,1.516718647e-04,2.200590179e+00,4.247747380e+01,1.999271257e-07,4.156200e-17,6.979653e-17,4.980009e-17,6.959208e-03
5.270000,1.477973711e-04,5.743194405e-06,1.786054435e-04,2.871619246e-06,1.502961302e-04,2.266376934e+00,4.268423255e+01,1.967273358e-07,9.119180e-17,8.124750e-17,4.268027e-17,6.931847e-03
5.280000,1.466355562e-04,5.489293312e-06,1.793625925e-04,2.744668155e-06,1.488716406e-04,2.333511077e+00,4.288715902e+01,1.934478584e-07,2.242330e-16,1.462136e-16,3.270608e-17,6.954537e-03
5.290000,1.454389381e-04,5.248678886e-06,1.801426135e-04,2.624371338e-06,1.474006055e-04,2.401775496e+00,4.308612600e+01,1.900962872e-07,2.746483e-16,8.781640e-17,7.869999e-17,6.875138e-03
5.300000,1.442091662e-04,5.025823920e-06,1.809393412e-04,2.512846703e-06,1.458853285e-04,2.470952241e+00,4.328100128e+01,1.866802703e-07,3.629849e-16,1.979354e-16,7.797576e-17,6.879648e-03
5.310000,1.429479523e-04,4.824663721e-06,1.817463744e-04,2.412392417e-06,1.443282078e-04,2.540821942e+00,4.347164760e+01,1.832074819e-07,2.669132e-16,7.761171e-17,1.262631e-16,6.944907e-03
5.320000,1.416570733e-04,4.650881339e-06,1.825570801e-04,2.325423222e-06,1.427317375e-04,2.611163270e+00,4.365792255e+01,1.796855957e-07,1.357241e-16,4.869933e-17,6.704812e-17,6.953737e-03
5.330000,1.403383738e-04,4.508826438e-06,1.833646025e-04,2.254357307e-06,1.410985091e-04,2.681752486e+00,4.383967862e+01,1.761222598e-07,3.339515e-16,5.322118e-17,1.512574e-16,6.954058e-03
5.340000,1.389937690e-04,4.402984257e-06,1.841618758e-04,2.201449740e-06,1.394312130e-04,2.752363081e+00,4.401676330e+01,1.725250746e-07,2.869538e-16,8.611968e-17,1.044449e-16,6.937817e-03
5.350000,1.376252480e-04,4.337133933e-06,1.849416408e-04,2.168584985e-06,1.377326416e-04,2.822765556e+00,4.418901922e+01,1.689015718e-07,3.318438e-17,6.919090e-17,9.639312e-17,6.948517e-03
5.360000,1.362348772e-04,4.314137085e-06,1.856964683e-04,2.157063085e-06,1.360056912e-04,2.892727343e+00,4.435628448e+01,1.652591968e-07,9.231652e-17,1.183810e-16,6.048579e-18,6.898007e-03
5.370000,1.348248033e-04,4.334983161e-06,1.864187864e-04,2.167431349e-06,1.342533653e-04,2.962012883e+00,4.451839293e+01,1.616052927e-07,2.298799e-16,2.470489e-17,5.037038e-17,6.924307e-03
5.380000,1.333972575e-04,4.398847014e-06,1.871009146e-04,2.199411593e-06,1.324787777e-04,3.030383876e+00,4.467517471e+01,1.579470878e-07,6.208265e-17,8.848039e-17,3.312696e-17,6.924687e-03
5.390000,1.319545580e-04,4.503997681e-06,1.877351022e-04,2.251946724e-06,1.306851559e-04,3.097599704e+00,4.482645676e+01,1.542916842e-07,2.222252e-16,3.696391e-17,6.479725e-17,6.911787e-03
5.400000,1.304991139e-04,4.646869241e-06,1.883135733e-04,2.323351053e-06,1.288758437e-04,3.163418024e+00,4.497206351e+01,1.506460493e-07,4.722787e-16,5.783912e-17,1.149259e-16,6.912758e-03
5.410000,1.290334274e-04,4.823098692e-06,1.888285762e-04,2.411518116e-06,1.270543049e-04,3.227595541e+00,4.511181765e+01,1.470170101e-07,1.770217e-16,1.100679e-16,3.544493e-17,6.906427e-03
5.420000,1.275600970e-04,5.028385750e-06,1.892724368e-04,2.514132732e-06,1.252241258e-04,3.289888949e+00,4.524554105e+01,1.434112480e-07,3.336396e-16,4.354035e-17,1.026213e-17,6.896307e-03
5.430000,1.260818186e-04,5.258146634e-06,1.896376167e-04,2.628848227e-06,1.233890173e-04,3.350056030e+00,4.537305568e+01,1.398352963e-07,1.114464e-15,7.615189e-17,3.342093e-17,6.920987e-03
5.440000,1.246013870e-04,5.506740198e-06,1.899167732e-04,2.753411765e-06,1.215528166e-04,3.407856904e+00,4.549418472e+01,1.362955384e-07,2.361180e-16,5.955380e-18,2.767513e-17,6.915258e-03
5.450000,1.231216959e-04,5.771425757e-06,1.901028215e-04,2.885738813e-06,1.197194877e-04,3.463055415e+00,4.560875374e+01,1.327982071e-07,2.288578e-16,1.175450e-16,2.592802e-17,6.898907e-03
5.460000,1.216457369e-04,6.048109474e-06,1.901889982e-04,3.023947317e-06,1.178931205e-04,3.515420632e+00,4.571659192e+01,1.293493844e-07,6.754343e-16,4.619910e-17,8.940796e-17,6.914918e-03
5.470000,1.201765970e-04,6.332765603e-06,1.901689226e-04,3.166364474e-06,1.160779285e-04,3.564728439e+00,4.581753333e+01,1.259550004e-07,1.297251e-16,3.641684e-17,9.009011e-17,7.004707e-03
5.480000,1.187174546e-04,6.622958511e-06,1.900366582e-04,3.311517246e-06,1.142782447e-04,3.610763201e+00,4.591141829e+01,1.226208327e-07,2.365818e-16,7.158530e-17,1.043480e-16,6.916927e-03
5.490000,1.172715738e-04,6.916129611e-06,1.897867697e-04,3.458114769e-06,1.124985147e-04,3.653319470e+00,4.599809471e+01,1.193525040e-07,4.475632e-16,5.909823e-17,6.444227e-17,6.944997e-03
5.500000,1.158422963e-04,7.210006569e-06,1.894143763e-04,3.605027857e-06,1.107432873e-04,3.692203698e+00,4.607741949e+01,1.161554783e-07,2.344458e-16,9.527141e-17,1.201557e-17,6.874088e-03
5.510000,1.144330313e-04,7.502553389e-06,1.889151992e-04,3.751268654e-06,1.090172021e-04,3.727235936e+00,4.614925982e+01,1.130350552e-07,1.302915e-16,8.088818e-17,4.989114e-17,6.902998e-03
5.520000,1.130472426e-04,7.791925334e-06,1.882856026e-04,3.895971947e-06,1.073249731e-04,3.758251485e+00,4.621349448e+01,1.099963616e-07,7.676690e-17,4.930902e-17,1.838677e-17,6.900098e-03
5.530000,1.116884336e-04,8.076814259e-06,1.875226274e-04,4.038378781e-06,1.056713687e-04,3.785102456e+00,4.627001509e+01,1.070443412e-07,2.264550e-16,3.114084e-17,1.446656e-17,6.911587e-03
5.540000,1.103601285e-04,8.355606074e-06,1.866240165e-04,4.177822487e-06,1.040611870e-04,3.807659220e+00,4.631872723e+01,1.041837405e-07,2.441049e-16,3.801856e-17,2.901690e-17,6.934337e-03
5.550000,1.090658512e-04,8.627450625e-06,1.855882313e-04,4.313716959e-06,1.024992267e-04,3.825811717e+00,4.635955146e+01,1.014190929e-07,3.576533e-17,6.368800e-17,3.206595e-17,6.925547e-03
5.560000,1.078091013e-04,8.891087226e-06,1.844144598e-04,4.445546936e-06,1.009902528e-04,3.839470582e+00,4.639242422e+01,9.875469888e-08,5.756849e-17,3.836589e-17,4.138229e-17,6.893277e-03
5.570000,1.065933269e-04,9.145769014e-06,1.831026152e-04,4.572859975e-06,9.953895752e-05,3.848568090e+00,4.641729854e+01,9.619460476e-08,2.439489e-16,2.041286e-17,8.703109e-19,6.936217e-03
5.580000,1.054218946e-04,9.390616730e-06,1.816533269e-04,4.695259832e-06,9.814991652e-05,3.853058869e+00,4.643414460e+01,9.374257821e-08,4.457077e-16,7.280693e-17,2.330543e-17,6.962377e-03
5.590000,1.042980570e-04,9.624719883e-06,1.800679229e-04,4.812400996e-06,9.682754040e-05,3.852920387e+00,4.644295012e+01,9.140208270e-08,4.457179e-16,3.142973e-17,4.544205e-17,6.896587e-03
5.600000,1.032249183e-04,9.847852641e-06,1.783484063e-04,4.923984153e-06,9.557602235e-05,3.848153199e+00,4.644372055e+01,8.917625036e-08,6.828358e-16,7.388397e-17,9.731817e-17,6.844608e-03
5.610000,1.022053982e-04,1.005946479e-05,1.764974250e-04,5.029752380e-06,9.439928278e-05,3.838780937e+00,4.643647904e+01,8.706785451e-08,2.335621e-16,5.461762e-17,7.214107e-17,6.875157e-03
5.620000,1.012421949e-04,1.025910048e-05,1.745182388e-04,5.129487936e-06,9.330091190e-05,3.824850055e+00,4.642126623e+01,8.507928231e-08,6.699770e-16,3.205994e-17,9.757591e-17,6.864197e-03
5.630000,1.003377474e-04,1.044600096e-05,1.724146825e-04,5.223009502e-06,9.228411186e-05,3.806429326e+00,4.639813988e+01,8.321250841e-08,2.599166e-16,1.230477e-17,3.091004e-17,6.894177e-03
5.640000,9.949419911e-05,1.062025318e-05,1.701911288e-04,5.310169782e-06,9.135163996e-05,3.783609116e+00,4.636717428e+01,8.146907037e-08,4.679029e-16,4.143609e-17,4.120889e-17,6.899137e-03
5.650000,9.871336307e-05,1.078185254e-05,1.678524525e-04,5.390853369e-06,9.050575488e-05,3.756500430e+00,4.632845948e+01,7.985004663e-08,7.794736e-16,5.453603e-17,3.869710e-17,6.876287e-03
5.660000,9.799668927e-05,1.093001951e-05,1.654039969e-04,5.464974826e-06,8.974816785e-05,3.725233768e+00,4.628210041e+01,7.835603774e-08,3.531349e-16,3.805530e-17,2.455779e-17,6.867437e-03
5.670000,9.734523606e-05,1.106501274e-05,1.628515451e-04,5.532476913e-06,8.908000065e-05,3.689957813e+00,4.622821580e+01,7.698715141e-08,3.475552e-16,3.818764e-17,4.121443e-18,6.878698e-03
5.680000,9.675964603e-05,1.118667398e-05,1.602012976e-04,5.593328930e-06,8.850175250e-05,3.650837967e+00,4.616693708e+01,7.574299207e-08,1.776419e-16,9.037662e-17,2.897303e-17,6.832857e-03
5.690000,9.624012738e-05,1.129504087e-05,1.574598571e-04,5.647525143e-06,8.801327714e-05,3.608054781e+00,4.609840707e+01,7.462265524e-08,1.228791e-17,5.184418e-17,4.009104e-17,6.889617e-03
5.700000,9.578644150e-05,1.139021993e-05,1.546342232e-04,5.695083262e-06,8.761377159e-05,3.561802299e+00,4.602277871e+01,7.362472706e-08,3.439456e-16,5.109503e-17,2.362435e-17,6.852448e-03
5.710000,9.539789731e-05,1.147199745e-05,1.517317956e-04,5.736042961e-06,8.730177733e-05,3.512286355e+00,4.594021365e+01,7.274728901e-08,4.459913e-16,3.606912e-17,9.656214e-17,6.934447e-03
5.720000,9.507335282e-05,1.154088922e-05,1.487603899e-04,5.770464424e-06,8.707519395e-05,3.459722850e+00,4.585088092e+01,7.198792808e-08,2.568500e-16,1.006519e-16,1.962872e-17,6.947407e-03
5.730000,9.481122376e-05,1.159685682e-05,1.457282627e-04,5.798426906e-06,8.693130529e-05,3.404336043e+00,4.575495547e+01,7.134375202e-08,4.574952e-17,8.571011e-17,4.225518e-17,6.885357e-03
5.740000,9.460949944e-05,1.164008668e-05,1.426441491e-04,5.820027309e-06,8.686681698e-05,3.346356889e+00,4.565261691e+01,7.081140953e-08,2.001550e-16,3.416505e-17,5.188906e-17,6.915937e-03
5.750000,9.446576522e-05,1.167083450e-05,1.395173111e-04,5.835378770e-06,8.687790417e-05,3.286021441e+00,4.554404809e+01,7.038711508e-08,4.457726e-16,3.937490e-17,2.333261e-17,6.888558e-03
5.760000,9.437723111e-05,1.168923677e-05,1.363575957e-04,5.844609256e-06,8.696026771e-05,3.223569350e+00,4.542943391e+01,7.006667790e-08,1.313832e-16,6.987771e-17,5.817632e-17,6.881238e-03
5.770000,9.434076564e-05,1.169573148e-05,1.331755030e-04,5.847860173e-06,8.710919693e-05,3.159242488e+00,4.530896009e+01,6.984553457e-08,1.601297e-16,2.134434e-17,8.811755e-17,6.882498e-03
5.780000,9.435293420e-05,1.169056639e-05,1.299822618e-04,5.845284990e-06,8.731963677e-05,3.093283695e+00,4.518281210e+01,6.971878477e-08,5.140591e-17,6.667113e-17,8.218140e-17,6.864007e-03
5.790000,9.441004063e-05,1.167414448e-05,1.267899110e-04,5.837047887e-06,8.758625730e-05,3.025935687e+00,4.505117413e+01,6.968122954e-08,2.376526e-16,4.218774e-17,3.781160e-17,6.853247e-03
5.800000,9.450817123e-05,1.164660880e-05,1.236113834e-04,5.823322419e-06,8.790352360e-05,2.957440122e+00,4.491422820e+01,6.972741142e-08,2.423944e-16,1.077320e-16,1.339954e-17,6.881957e-03
5.810000,9.464323996e-05,1.160853059e-05,1.204605890e-04,5.804290221e-06,8.826576420e-05,2.888036837e+00,4.477215336e+01,6.985165607e-08,2.395090e-16,1.532351e-16,8.450633e-17,6.880158e-03
5.820000,9.481103393e-05,1.156030510e-05,1.173524917e-04,5.780139743e-06,8.866723661e-05,2.817963262e+00,4.462512495e+01,7.004811456e-08,1.182601e-16,7.077034e-17,3.498005e-17,6.857508e-03
5.830000,9.500725828e-05,1.150215218e-05,1.143031735e-04,5.751065026e-06,8.910218875e-05,2.747454014e+00,4.447331409e+01,7.031080604e-08,1.255387e-16,2.971795e-17,6.823494e-17,6.840037e-03
5.840000,9.522757957e-05,1.143458059e-05,1.113298773e-04,5.717264531e-06,8.956491534e-05,2.676740657e+00,4.431688714e+01,7.063366017e-08,3.395243e-16,1.163119e-16,6.067401e-17,6.885308e-03
5.850000,9.546766711e-05,1.135796965e-05,1.084510190e-04,5.678940017e-06,9.004980864e-05,2.606051649e+00,4.415600533e+01,7.101055893e-08,4.515793e-16,6.468489e-17,7.176743e-17,6.861458e-03
5.860000,9.572323165e-05,1.127272598e-05,1.056861545e-04,5.636295477e-06,9.055140339e-05,2.535612431e+00,4.399082447e+01,7.143537749e-08,7.782713e-16,1.367914e-16,1.602786e-16,6.898948e-03
5.870000,9.599006109e-05,1.117924798e-05,1.030558886e-04,5.589536143e-06,9.106441561e-05,2.465645683e+00,4.382149475e+01,7.190202372e-08,1.003044e-15,4.155048e-17,4.336979e-17,6.908257e-03
5.880000,9.626405286e-05,1.107772809e-05,1.005817088e-04,5.538867552e-06,9.158377560e-05,2.396371703e+00,4.364816063e+01,7.240447613e-08,6.775649e-17,7.251458e-17,3.352155e-17,6.942247e-03
5.890000,9.654124294e-05,1.096911713e-05,9.828572886e-05,5.484494688e-06,9.210465539e-05,2.328008898e+00,4.347096078e+01,7.293682006e-08,6.665198e-16,1.159332e-16,6.276559e-17,6.930777e-03
5.900000,9.681783142e-05,1.085324314e-05,9.619032930e-05,5.426621198e-06,9.262249082e-05,2.260774358e+00,4.329002810e+01,7.349328191e-08,4.667723e-17,1.266292e-16,1.727588e-17,6.901228e-03
5.910000,9.709020466e-05,1.073098823e-05,9.431768632e-05,5.365448689e-06,9.313299893e-05,2.194884481e+00,4.310548982e+01,7.406826121e-08,4.477972e-16,6.837525e-17,1.314480e-16,6.920118e-03
5.920000,9.735495413e-05,1.060238300e-05,9.268919335e-05,5.301176098e-06,9.363219103e-05,2.130555602e+00,4.291746758e+01,7.465636061e-08,2.265980e-16,4.044337e-17,1.901614e-16,6.902517e-03
5.930000,9.760889224e-05,1.046782976e-05,9.132479121e-05,5.233999158e-06,9.411638198e-05,2.068004572e+00,4.272607767e+01,7.525241358e-08,8.908047e-16,1.023742e-16,1.155177e-16,6.924067e-03
5.940000,9.784906521e-05,1.032817101e-05,9.024224103e-05,5.164109937e-06,9.458219608e-05,2.007449233e+00,4.253143116e+01,7.585150981e-08,2.270002e-16,7.652283e-17,2.734841e-17,6.900297e-03
5.950000,9.807276328e-05,1.018345836e-05,8.945639113e-05,5.091696475e-06,9.502657022e-05,1.949108697e+00,4.233363420e+01,7.644901832e-08,3.552260e-16,3.780389e-17,3.244373e-17,6.896558e-03
5.960000,9.827752855e-05,1.003373869e-05,8.897850261e-05,5.016942497e-06,9.544675455e-05,1.893203370e+00,4.213278821e+01,7.704060830e-08,6.696557e-16,3.484988e-17,5.761937e-17,6.910967e-03
5.970000,9.846116068e-05,9.880042976e-06,8.881570349e-05,4.940027226e-06,9.584031121e-05,1.839954590e+00,4.192899020e+01,7.762226756e-08,6.447403e-17,7.909165e-17,1.705387e-16,6.959597e-03
5.980000,9.862172063e-05,9.722182656e-06,8.897063495e-05,4.861125281e-06,9.620511132e-05,1.789583805e+00,4.172233302e+01,7.819031880e-08,4.612770e-16,7.122181e-17,7.418742e-17,6.908967e-03
5.990000,9.875753279e-05,9.560973336e-06,8.944133406e-05,4.780406670e-06,9.653933078e-05,1.742311187e+00,4.151290569e+01,7.874143353e-08,7.896974e-16,1.018978e-16,1.258817e-16,6.904668e-03
6.000000,9.886718572e-05,9.396289906e-06,9.022136857e-05,4.698036869e-06,9.684144498e-05,1.698353573e+00,4.130079361e+01,7.927264380e-08,1.002244e-15,1.875307e-16,6.220172e-17,6.906897e-03
6.010000,9.894953160e-05,9.228427599e-06,9.130020746e-05,4.614177006e-06,9.711022266e-05,1.657921709e+00,4.108607892e+01,7.978135173e-08,3.374481e-16,9.851009e-17,1.073687e-16,6.919377e-03
6.020000,9.900368470e-05,9.057994142e-06,9.266378197e-05,4.528984130e-06,9.734471931e-05,1.621216742e+00,4.086884073e+01,8.026533684e-08,1.394168e-16,2.025287e-16,9.350763e-17,6.943167e-03
6.030000,9.902901902e-05,8.885391366e-06,9.429517303e-05,4.442611585e-06,9.754427009e-05,1.588426051e+00,4.064915543e+01,8.072276124e-08,7.774118e-16,1.640907e-16,2.987942e-16,6.921218e-03
6.040000,9.902516523e-05,8.710439330e-06,9.617535500e-05,4.355209483e-06,9.770848257e-05,1.559718522e+00,4.042709691e+01,8.115217279e-08,3.367679e-17,2.204177e-17,7.939822e-18,6.917688e-03
6.050000,9.899200702e-05,8.533774156e-06,9.828393054e-05,4.266925276e-06,9.783722924e-05,1.535239502e+00,4.020273687e+01,8.155250611e-08,2.228557e-16,1.784419e-16,9.223233e-17,6.904858e-03
6.060000,9.892967709e-05,8.355924960e-06,1.005998056e-04,4.177904443e-06,9.793064007e-05,1.515105761e+00,3.997614499e+01,8.192308165e-08,4.496773e-16,2.458035e-16,2.389754e-16,6.915287e-03
6.070000,9.883855268e-05,8.176651548e-06,1.031017712e-04,4.088291278e-06,9.798909515e-05,1.499400826e+00,3.974738920e+01,8.226360276e-08,2.272701e-16,3.516334e-17,8.485205e-17,6.919127e-03
6.080000,9.871925097e-05,7.996635648e-06,1.057689746e-04,3.998229803e-06,9.801321729e-05,1.488171124e+00,3.951653588e+01,8.257415085e-08,6.686248e-16,7.260663e-17,2.306741e-16,6.956898e-03
6.090000,9.857262407e-05,7.815712315e-06,1.085812790e-04,3.907864798e-06,9.800386495e-05,1.481423308e+00,3.928365006e+01,8.285517869e-08,1.547529e-18,2.489501e-16,9.640832e-17,6.935577e-03
6.100000,9.839975405e-05,7.634689591e-06,1.115195176e-04,3.817342952e-06,9.796212513e-05,1.479123082e+00,3.904879561e+01,8.310750195e-08,8.802097e-17,1.133141e-17,4.009720e-17,6.989727e-03
6.110000,9.820194757e-05,7.453619814e-06,1.145656579e-04,3.726814155e-06,9.788930659e-05,1.481195696e+00,3.881203538e+01,8.333228890e-08,1.724388e-16,4.568944e-17,2.065731e-16,6.940117e-03
6.120000,9.798073054e-05,7.272926906e-06,1.177028895e-04,3.636432921e-06,9.778693311e-05,1.487528098e+00,3.857343139e+01,8.353104856e-08,2.465123e-16,7.979145e-17,4.710104e-18,6.907627e-03
6.130000,9.773784245e-05,7.092827507e-06,1.209156540e-04,3.546359954e-06,9.765673692e-05,1.497972585e+00,3.833304497e+01,8.370561717e-08,3.467545e-16,1.304056e-16,6.618350e-17,6.948147e-03
6.140000,9.747523050e-05,6.913496473e-06,1.241896291e-04,3.456763851e-06,9.750065221e-05,1.512351636e+00,3.809093688e+01,8.385814318e-08,2.509436e-16,2.798773e-17,4.136292e-17,6.937777e-03
6.150000,9.719504350e-05,6.735522660e-06,1.275116821e-04,3.367822954e-06,9.732080864e-05,1.530463506e+00,3.784716745e+01,8.399107074e-08,4.452477e-16,3.585679e-17,1.731890e-16,6.973597e-03
6.160000,9.689962534e-05,6.559625883e-06,1.308697997e-04,3.279727326e-06,9.711952483e-05,1.552088170e+00,3.760179669e+01,8.410712195e-08,5.568995e-16,7.702894e-17,6.334910e-17,6.976247e-03
6.170000,9.659150803e-05,6.385560513e-06,1.342530048e-04,3.192680844e-06,9.689930169e-05,1.576993180e+00,3.735488440e+01,8.420927769e-08,6.681039e-16,6.556691e-17,1.171409e-16,6.945337e-03
6.180000,9.627340414e-05,6.213837819e-06,1.376512644e-04,3.106903383e-06,9.666281557e-05,1.604939130e+00,3.710649027e+01,8.430075740e-08,1.013271e-16,5.527104e-17,1.059340e-16,6.941987e-03
6.190000,9.594819867e-05,6.045392098e-06,1.410553935e-04,3.022633037e-06,9.641291099e-05,1.635684457e+00,3.685667402e+01,8.438499775e-08,4.515730e-16,7.124841e-17,1.436518e-16,6.902897e-03
6.200000,9.561893993e-05,5.880127354e-06,1.444569581e-04,2.940128314e-06,9.615259297e-05,1.668989463e+00,3.660549543e+01,8.446563029e-08,4.681772e-16,3.570232e-17,3.921072e-17,6.929787e-03
6.210000,9.528882961e-05,5.719406542e-06,1.478481789e-04,2.859670208e-06,9.588501876e-05,1.704619507e+00,3.635301451e+01,8.454645830e-08,1.167782e-16,5.119100e-17,3.188373e-17,6.958427e-03
6.220000,9.496121166e-05,5.563064700e-06,1.512218383e-04,2.781564005e-06,9.561348874e-05,1.742347369e+00,3.609929156e+01,8.463143281e-08,2.272199e-16,8.249201e-17,8.254228e-17,6.915748e-03
6.230000,9.463955990e-05,5.412055795e-06,1.545711893e-04,2.706140659e-06,9.534143656e-05,1.781954890e+00,3.584438732e+01,8.472462806e-08,6.670934e-16,2.690782e-16,2.255644e-16,6.930398e-03
6.240000,9.432746423e-05,5.267513059e-06,1.578898695e-04,2.633757476e-06,9.507241810e-05,1.823233965e+00,3.558836306e+01,8.483021635e-08,1.442490e-16,5.340230e-17,5.501427e-17,6.925557e-03
6.250000,9.402861533e-05,5.129723388e-06,1.611718187e-04,2.564797859e-06,9.481009932e-05,1.865987013e+00,3.533128071e+01,8.495244253e-08,3.672588e-16,1.733979e-16,3.787408e-17,6.947148e-03
6.260000,9.374678756e-05,4.999245198e-06,1.644112000e-04,2.499669728e-06,9.455824269e-05,1.910027043e+00,3.507320304e+01,8.509559822e-08,2.553189e-16,1.362008e-16,5.310205e-17,6.968137e-03
6.270000,9.348582022e-05,4.877575950e-06,1.676023266e-04,2.438802288e-06,9.432069226e-05,1.955177404e+00,3.481419376e+01,8.526399590e-08,5.756105e-17,7.003018e-17,3.885218e-17,6.929488e-03
6.280000,9.324959690e-05,4.765297226e-06,1.707395920e-04,2.382640726e-06,9.410135699e-05,2.001271327e+00,3.455431776e+01,8.546194305e-08,1.209307e-16,1.449558e-16,5.406770e-17,6.938387e-03
6.290000,9.304202299e-05,4.663373093e-06,1.738174049e-04,2.331638528e-06,9.390419251e-05,2.048151326e+00,3.429364126e+01,8.569371640e-08,2.254518e-16,5.967750e-17,8.547428e-17,6.961777e-03
6.300000,9.286700137e-05,4.572593157e-06,1.768301288e-04,2.286247194e-06,9.373318117e-05,2.095668522e+00,3.403223207e+01,8.596353665e-08,2.286603e-16,1.512382e-16,1.422285e-16,6.944647e-03
6.310000,9.272840648e-05,4.493929339e-06,1.797720260e-04,2.246903359e-06,9.359231027e-05,2.143681938e+00,3.377015982e+01,8.627554361e-08,3.549481e-16,8.052046e-17,7.368929e-17,6.957977e-03
6.320000,9.263005673e-05,4.428127705e-06,1.826372071e-04,2.214013614e-06,9.348554879e-05,2.192057804e+00,3.350749622e+01,8.663377222e-08,2.220796e-16,1.843410e-16,7.156593e-17,6.915817e-03
6.330000,9.257568572e-05,4.375870034e-06,1.854195850e-04,2.187937713e-06,9.341682240e-05,2.240668892e+00,3.324431543e+01,8.704212948e-08,6.026399e-17,8.437426e-17,3.565247e-17,6.949547e-03
6.340000,9.256891250e-05,4.338055366e-06,1.881128351e-04,2.168971233e-06,9.338998723e-05,2.289393913e+00,3.298069431e+01,8.750437258e-08,2.721509e-16,1.015528e-16,8.929219e-17,6.945827e-03
6.350000,9.261321125e-05,4.314651745e-06,1.907103616e-04,2.157329071e-06,9.340880246e-05,2.338116970e+00,3.271671289e+01,8.802408858e-08,1.545555e-16,7.139078e-17,4.159595e-17,6.924747e-03
6.360000,9.271188093e-05,4.306306680e-06,1.932052697e-04,2.153131345e-06,9.347690215e-05,2.386727091e+00,3.245245471e+01,8.860467581e-08,1.497512e-16,7.031424e-17,1.288304e-17,6.913588e-03
6.370000,9.286801533e-05,4.312901650e-06,1.955903461e-04,2.156393132e-06,9.359776665e-05,2.435117839e+00,3.218800729e+01,8.924932736e-08,2.858742e-16,4.240786e-17,1.774047e-17,6.923868e-03
6.380000,9.308447420e-05,4.334163538e-06,1.978580463e-04,2.167019179e-06,9.377469406e-05,2.483187001e+00,3.192346259e+01,8.996101700e-08,2.253869e-16,4.861465e-17,2.020278e-16,6.914947e-03
6.390000,9.336385591e-05,4.369878262e-06,2.000004925e-04,2.184804078e-06,9.401077219e-05,2.530836355e+00,3.165891757e+01,9.074248775e-08,6.684176e-16,6.281301e-17,2.016619e-17,6.948307e-03
6.400000,9.370847242e-05,4.418992050e-06,2.020094790e-04,2.209437772e-06,9.430885163e-05,2.577971507e+00,3.139447466e+01,9.159624368e-08,2.220854e-16,9.739162e-17,3.162756e-17,6.934627e-03
6.410000,9.412032686e-05,4.481262553e-06,2.038764904e-04,2.240515579e-06,9.467152031e-05,2.624501809e+00,3.113024238e+01,9.252454502e-08,4.477472e-16,2.509110e-16,3.676087e-17,6.945597e-03
6.420000,9.460109442e-05,4.555370523e-06,2.055927308e-04,2.277551491e-06,9.510108026e-05,2.670340337e+00,3.086633594e+01,9.352940715e-08,6.663668e-16,1.603631e-16,4.551209e-17,6.948777e-03
6.430000,9.515210688e-05,4.640078994e-06,2.071491659e-04,2.319993302e-06,9.559952685e-05,2.715403926e+00,3.060287780e+01,9.461260368e-08,2.628344e-16,1.282535e-16,1.017383e-16,6.941047e-03
6.440000,9.577434106e-05,4.734537671e-06,2.085365795e-04,2.367238179e-06,9.616853104e-05,2.759613269e+00,3.033999837e+01,9.577567393e-08,1.887239e-16,1.889472e-16,8.217199e-17,6.934327e-03
6.450000,9.646841148e-05,4.837441144e-06,2.097456464e-04,2.418647540e-06,9.680942502e-05,2.802893058e+00,3.007783657e+01,9.701993511e-08,3.364092e-16,6.802705e-17,3.083640e-17,6.927667e-03
6.460000,9.723456713e-05,4.947005981e-06,2.107670206e-04,2.473560455e-06,9.752319131e-05,2.845172160e+00,2.981654051e+01,9.834649925e-08,2.408565e-16,5.111904e-17,1.260812e-17,6.924637e-03
6.470000,9.807269253e-05,5.062799721e-06,2.115914433e-04,2.531305172e-06,9.831045568e-05,2.886383837e+00,2.955626808e+01,9.975629506e-08,5.585480e-16,7.882813e-17,6.211168e-17,6.968347e-03
6.480000,9.898231259e-05,5.182348797e-06,2.122098687e-04,2.591208656e-06,9.917148373e-05,2.926465977e+00,2.929718753e+01,1.012500946e-07,2.251807e-16,1.673099e-16,4.234566e-17,6.857578e-03
6.490000,9.996260132e-05,5.305315648e-06,2.126136114e-04,2.652604294e-06,1.001061811e-04,2.965361349e+00,2.903947802e+01,1.028285444e-07,3.352804e-16,1.616735e-16,1.503540e-16,6.850548e-03
6.500000,1.010123937e-04,5.429587287e-06,2.127945147e-04,2.714838048e-06,1.011140973e-04,3.003017860e+00,2.878333014e+01,1.044922009e-07,2.267107e-16,4.572272e-17,2.106401e-17,6.898528e-03
6.510000,1.021302005e-04,5.554596470e-06,2.127451415e-04,2.777273420e-06,1.021944323e-04,3.039388817e+00,2.852894629e+01,1.062415695e-07,2.223171e-16,7.896666e-17,8.195724e-17,6.900607e-03
6.520000,1.033142252e-04,5.678496062e-06,2.124589871e-04,2.839295594e-06,1.033460464e-04,3.074433164e+00,2.827654104e+01,1.080771458e-07,2.389623e-16,1.013518e-16,1.324160e-16,6.862278e-03
6.530000,1.045623834e-04,5.800668173e-06,2.119307161e-04,2.900315111e-06,1.045674723e-04,3.108115714e+00,2.802634138e+01,1.099994589e-07,1.155209e-16,1.219575e-16,6.871298e-17,6.899947e-03
6.540000,1.058723225e-04,5.919569511e-06,2.111564204e-04,2.959771390e-06,1.058569290e-04,3.140407344e+00,2.777858683e+01,1.120091143e-07,7.185444e-17,5.328177e-17,9.947237e-17,6.877388e-03
6.550000,1.072414433e-04,6.034289575e-06,2.101339004e-04,3.017136323e-06,1.072123378e-04,3.171285154e+00,2.753352942e+01,1.141068359e-07,5.404789e-17,1.058407e-16,6.619524e-17,6.865798e-03
6.560000,1.086669214e-04,6.143761590e-06,2.088629646e-04,3.071918172e-06,1.086313383e-04,3.200732583e+00,2.729143356e+01,1.162935037e-07,2.323625e-16,1.357980e-16,1.431741e-16,6.922257e-03
6.570000,1.101457288e-04,6.247337377e-06,2.073457477e-04,3.123665900e-06,1.101113062e-04,3.228739473e+00,2.705257566e+01,1.185701859e-07,6.069026e-17,2.728100e-17,6.071295e-17,6.902317e-03
6.580000,1.116746549e-04,6.343835778e-06,2.055870415e-04,3.171974032e-06,1.116493713e-04,3.255302074e+00,2.681724369e+01,1.209381640e-07,4.464110e-16,1.696234e-17,2.248184e-17,6.882078e-03
6.590000,1.132503276e-04,6.432815927e-06,2.035946354e-04,3.216488116e-06,1.132424345e-04,3.280422988e+00,2.658573648e+01,1.233989460e-07,4.448742e-16,1.181085e-16,6.688042e-17,6.899407e-03
6.600000,1.148692330e-04,6.513904178e-06,2.013796564e-04,3.256910795e-06,1.148871862e-04,3.304111045e+00,2.635836280e+01,1.259542673e-07,2.447547e-16,3.578801e-17,7.397056e-17,6.887698e-03
6.610000,1.165277345e-04,6.585976109e-06,1.989569030e-04,3.293008462e-06,1.165801230e-04,3.326381106e+00,2.613544034e+01,1.286060764e-07,2.301012e-16,4.015778e-17,7.543164e-17,6.878478e-03
6.620000,1.182220909e-04,6.649324908e-06,1.963451564e-04,3.324618436e-06,1.183175643e-04,3.347253799e+00,2.591729439e+01,1.313565031e-07,3.491790e-16,8.198432e-17,5.331086e-17,6.893118e-03
6.630000,1.199484735e-04,6.703270428e-06,1.935674566e-04,3.351656548e-06,1.200956690e-04,3.366755184e+00,2.570425642e+01,1.342078067e-07,2.257710e-16,8.953599e-17,9.173584e-17,6.945638e-03
6.640000,1.217029822e-04,6.748301424e-06,1.906513200e-04,3.374124959e-06,1.219104507e-04,3.384916343e+00,2.549666241e+01,1.371623046e-07,1.706358e-16,1.192628e-16,1.172453e-16,6.937567e-03
6.650000,1.234816612e-04,6.784333576e-06,1.876288735e-04,3.392119983e-06,1.237577929e-04,3.401772908e+00,2.529485101e+01,1.402222793e-07,2.222300e-16,1.022964e-16,1.197838e-16,6.942767e-03
6.660000,1.252805130e-04,6.811705280e-06,1.845368739e-04,3.405839587e-06,1.256334636e-04,3.417364531e+00,2.509916164e+01,1.433898643e-07,1.716986e-16,1.809707e-16,8.196443e-17,6.952607e-03
6.670000,1.270955125e-04,6.831300793e-06,1.814165729e-04,3.415590167e-06,1.275331299e-04,3.431734285e+00,2.490993235e+01,1.466669103e-07,4.550043e-16,5.761796e-18,3.409287e-17,6.936567e-03
6.680000,1.289226204e-04,6.843641167e-06,1.783133870e-04,3.421792042e-06,1.294523719e-04,3.444928036e+00,2.472749768e+01,1.500548340e-07,2.257125e-16,8.658014e-17,2.467381e-18,6.932427e-03
6.690000,1.307577961e-04,6.850062342e-06,1.752763241e-04,3.424983036e-06,1.313866971e-04,3.456993759e+00,2.455218641e+01,1.535544525e-07,2.346082e-16,1.139694e-16,9.782307e-17,6.921327e-03
6.700000,1.325970100e-04,6.851747714e-06,1.723571250e-04,3.425819313e-06,1.333315547e-04,3.467980837e+00,2.438431931e+01,1.571658069e-07,4.522126e-16,6.183356e-17,3.011048e-17,6.977747e-03
6.710000,1.344362561e-04,6.849932681e-06,1.696090843e-04,3.425072565e-06,1.352823496e-04,3.477939333e+00,2.422420689e+01,1.608879827e-07,6.803132e-16,1.775237e-16,2.436866e-16,6.927428e-03
6.720000,1.362715645e-04,6.847403798e-06,1.670855376e-04,3.423622526e-06,1.372344584e-04,3.486919261e+00,2.407214728e+01,1.647189305e-07,5.703402e-16,1.248477e-16,4.800222e-17,6.932137e-03
6.730000,1.380990137e-04,6.845068616e-06,1.648380327e-04,3.422443782e-06,1.391832437e-04,3.494969859e+00,2.392842409e+01,1.686552962e-07,6.676601e-16,5.294770e-17,9.529741e-17,6.953437e-03
6.740000,1.399147430e-04,6.845263245e-06,1.629142501e-04,3.422585973e-06,1.411240715e-04,3.502138879e+00,2.379330455e+01,1.726922675e-07,3.390120e-16,5.144292e-17,7.365667e-17,6.934287e-03
6.750000,1.417149655e-04,6.850192001e-06,1.613557902e-04,3.425146779e-06,1.430523269e-04,3.508471906e+00,2.366703774e+01,1.768234443e-07,2.268128e-16,4.844296e-17,2.304410e-16,6.901387e-03
6.760000,1.434959806e-04,6.862368978e-06,1.601959961e-04,3.431237619e-06,1.449634327e-04,3.514011716e+00,2.354985306e+01,1.810407403e-07,2.406072e-16,1.340524e-16,9.045098e-17,6.942837e-03
6.770000,1.452541875e-04,6.883884906e-06,1.594580220e-04,3.441942759e-06,1.468528677e-04,3.518797681e+00,2.344195900e+01,1.853343241e-07,5.067531e-17,5.521115e-17,7.035819e-17,6.910197e-03
6.780000,1.469860986e-04,6.916386449e-06,1.591533613e-04,3.458273479e-06,1.487161858e-04,3.522865240e+00,2.334354205e+01,1.896926047e-07,4.474744e-16,6.786414e-17,1.815092e-17,6.917777e-03
6.790000,1.486883528e-04,6.962207786e-06,1.592810225e-04,3.481119975e-06,1.505490364e-04,3.526245429e+00,2.325476605e+01,1.941022665e-07,2.348858e-16,1.078293e-16,3.527071e-17,6.922347e-03
6.800000,1.503577293e-04,7.022542756e-06,1.598274693e-04,3.511204503e-06,1.523471854e-04,3.528964493e+00,2.317577168e+01,1.985483575e-07,4.445166e-16,2.154118e-17,1.160524e-16,6.995517e-03
6.810000,1.519911613e-04,7.097959755e-06,1.607673477e-04,3.549039773e-06,1.541065363e-04,3.531043574e+00,2.310667634e+01,2.030144317e-07,4.540646e-16,7.030258e-17,1.166048e-17,6.908687e-03
6.820000,1.535857499e-04,7.190022595e-06,1.620649203e-04,3.594896445e-06,1.558231527e-04,3.532498479e+00,2.304757422e+01,2.074827447e-07,7.779783e-16,6.002926e-17,1.072436e-16,6.922857e-03
6.830000,1.551387775e-04,7.297614545e-06,1.636760496e-04,3.648782815e-06,1.574932802e-04,3.533339540e+00,2.299853664e+01,2.119345000e-07,2.238913e-16,7.932921e-17,4.384492e-17,6.946197e-03
6.840000,1.566477208e-04,7.420957804e-06,1.655505211e-04,3.710438431e-06,1.591133692e-04,3.533571558e+00,2.295961269e+01,2.163501405e-07,3.383594e-16,2.086431e-17,9.738158e-17,6.939908e-03
6.850000,1.581102640e-04,7.558752634e-06,1.676344920e-04,3.779341749e-06,1.606800971e-04,3.533193825e+00,2.293082994e+01,2.207096776e-07,3.479462e-16,1.371706e-16,1.968871e-16,6.965077e-03
6.860000,1.595243103e-04,7.709475447e-06,1.698728767e-04,3.854730384e-06,1.621903900e-04,3.532200235e+00,2.291219539e+01,2.249930496e-07,7.907565e-18,3.404683e-17,1.631918e-17,6.922297e-03
6.870000,1.608879940e-04,7.871255429e-06,1.722115260e-04,3.935631312e-06,1.636414449e-04,3.530579466e+00,2.290369651e+01,2.291804982e-07,1.718916e-16,6.429294e-17,6.794474e-17,6.946048e-03
6.880000,1.621996901e-04,8.041824126e-06,1.745991096e-04,4.020897780e-06,1.650307492e-04,3.528315241e+00,2.290530237e+01,2.332529510e-07,1.204581e-16,1.222254e-17,1.525240e-16,6.925127e-03
6.890000,1.634580238e-04,8.218419319e-06,1.769886592e-04,4.109249613e-06,1.663561010e-04,3.525386644e+00,2.291696480e+01,2.371923989e-07,4.453265e-16,7.071602e-17,1.497107e-16,6.929437e-03
6.900000,1.646618784e-04,8.398651900e-06,1.793387636e-04,4.199314015e-06,1.676156261e-04,3.521768504e+00,2.293861956e+01,2.409822548e-07,1.166079e-16,1.051825e-16,1.605836e-16,6.919357e-03
6.910000,1.658104012e-04,8.579446273e-06,1.816144332e-04,4.289664640e-06,1.688077944e-04,3.517431817e+00,2.297018749e+01,2.446076827e-07,5.596382e-16,3.725654e-17,7.235535e-17,6.918517e-03
6.920000,1.669030083e-04,8.757725690e-06,1.837876613e-04,4.378857427e-06,1.699314341e-04,3.512344223e+00,2.301157561e+01,2.480558858e-07,1.160737e-16,9.113746e-17,8.405813e-17,6.926258e-03
6.930000,1.679393875e-04,8.931005709e-06,1.858377157e-04,4.465462374e-06,1.709857426e-04,3.506470503e+00,2.306267814e+01,2.513163445e-07,3.342962e-16,1.332499e-16,1.736736e-17,6.931467e-03
6.940000,1.689194984e-04,9.096350354e-06,1.877511915e-04,4.548090970e-06,1.719702959e-04,3.499773109e+00,2.312337740e+01,2.543809974e-07,7.773143e-16,1.371424e-16,6.379855e-17,6.952497e-03
6.950000,1.698435717e-04,9.250969227e-06,1.895218532e-04,4.625419353e-06,1.728850544e-04,3.492212706e+00,2.319354474e+01,2.572443588e-07,6.705987e-16,7.514324e-17,3.143591e-17,6.987537e-03
6.960000,1.707121050e-04,9.392413607e-06,1.911502888e-04,4.696207489e-06,1.737303657e-04,3.483748726e+00,2.327304120e+01,2.599035711e-07,4.741846e-17,8.070544e-17,1.566705e-16,6.986427e-03
6.970000,1.715258575e-04,9.518658359e-06,1.926433970e-04,4.759314793e-06,1.745069642e-04,3.474339919e+00,2.336171821e+01,2.623583922e-07,1.399335e-16,6.705830e-17,2.633403e-16,6.967267e-03
6.980000,1.722858412e-04,9.627349531e-06,1.940137235e-04,4.813712587e-06,1.752159669e-04,3.463944904e+00,2.345941812e+01,2.646111175e-07,4.486058e-16,4.810338e-17,3.892310e-17,6.929137e-03
6.990000,1.729933109e-04,9.716973977e-06,1.952786637e-04,4.858493839e-06,1.758588660e-04,3.452522702e+00,2.356597473e+01,2.666664441e-07,5.428846e-18,1.094733e-16,8.062043e-17,6.956657e-03
7.000000,1.736497516e-04,9.785695913e-06,1.964595498e-04,4.892880519e-06,1.764375176e-04,3.440033261e+00,2.368121372e+01,2.685312804e-07,2.257632e-16,7.935581e-17,7.037002e-17,6.929127e-03
7.010000,1.742568627e-04,9.832418046e-06,1.975806442e-04,4.916228901e-06,1.769541261e-04,3.426437950e+00,2.380495298e+01,2.702145119e-07,2.246050e-16,7.902273e-17,8.932214e-17,6.944577e-03
7.020000,1.748165420e-04,9.856191691e-06,1.986680628e-04,4.928033061e-06,1.774112262e-04,3.411700033e+00,2.393700304e+01,2.717267291e-07,6.686200e-16,5.100349e-17,2.495459e-17,6.909347e-03
7.030000,1.753308660e-04,9.855876288e-06,1.997486616e-04,4.927926810e-06,1.778116599e-04,3.395785117e+00,2.407716735e+01,2.730799309e-07,1.187893e-16,1.683959e-16,2.484151e-17,6.898277e-03
7.040000,1.758020693e-04,9.831334006e-06,2.008489192e-04,4.915684245e-06,1.781585510e-04,3.378661557e+00,2.422524269e+01,2.742872101e-07,2.293493e-16,2.379141e-17,1.223978e-16,6.914758e-03
7.050000,1.762325219e-04,9.782382505e-06,2.019938595e-04,4.891219088e-06,1.784552754e-04,3.360300841e+00,2.438101946e+01,2.753624343e-07,2.227821e-16,4.892560e-17,1.623795e-17,6.897308e-03
7.060000,1.766247058e-04,9.709201457e-06,2.032060534e-04,4.854582983e-06,1.787054291e-04,3.340677927e+00,2.454428208e+01,2.763199291e-07,1.207151e-16,8.233232e-17,2.500938e-17,6.954207e-03
7.070000,1.769811900e-04,9.612022875e-06,2.045047439e-04,4.805962891e-06,1.789127933e-04,3.319771552e+00,2.471480944e+01,2.771741741e-07,4.488161e-16,1.676140e-16,7.614449e-17,6.939997e-03
7.080000,1.773046045e-04,9.491466542e-06,2.059051319e-04,4.745677731e-06,1.790812962e-04,3.297564496e+00,2.489237531e+01,2.779395185e-07,4.461483e-16,1.167429e-16,1.479974e-16,6.873917e-03
7.090000,1.775976144e-04,9.348290713e-06,2.074178529e-04,4.674174426e-06,1.792149742e-04,3.274043808e+00,2.507674881e+01,2.786299220e-07,2.227188e-16,1.944458e-16,5.276757e-17,6.959897e-03
7.100000,1.778628931e-04,9.184048770e-06,2.090486648e-04,4.592023478e-06,1.793179304e-04,3.249201004e+00,2.526769498e+01,2.792587270e-07,6.388294e-17,6.355054e-17,7.459935e-17,6.911958e-03
7.110000,1.781030961e-04,8.999906620e-06,2.107983525e-04,4.499914233e-06,1.793942925e-04,3.223032208e+00,2.546497531e+01,2.798384641e-07,3.369802e-16,6.395446e-17,3.767572e-17,6.907728e-03
7.120000,1.783208355e-04,8.797340675e-06,2.126628435e-04,4.398649951e-06,1.794481702e-04,3.195538275e+00,2.566834832e+01,2.803806937e-07,2.244383e-16,9.482173e-17,5.431838e-17,6.902507e-03
7.130000,1.785186542e-04,8.578307434e-06,2.146335136e-04,4.289142800e-06,1.794836122e-04,3.166724864e+00,2.587757020e+01,2.808958829e-07,4.041448e-17,8.494226e-17,2.688724e-17,6.934647e-03
7.140000,1.786990023e-04,8.344703487e-06,2.166976534e-04,4.172408859e-06,1.795045647e-04,3.136602488e+00,2.609239541e+01,2.813933185e-07,4.499326e-16,1.115188e-16,8.488131e-17,6.937587e-03
7.150000,1.788642145e-04,8.099161511e-06,2.188390575e-04,4.049563132e-06,1.795148301e-04,3.105186522e+00,2.631257734e+01,2.818810522e-07,1.341221e-16,7.058712e-17,2.282066e-17,6.907977e-03
7.160000,1.790164889e-04,7.843787817e-06,2.210386966e-04,3.921814540e-06,1.795180282e-04,3.072497188e+00,2.653786893e+01,2.823658772e-07,5.558533e-16,4.421430e-17,1.016655e-16,6.926787e-03
7.170000,1.791578683e-04,7.580986809e-06,2.232754319e-04,3.790460688e-06,1.795175589e-04,3.038559512e+00,2.676802331e+01,2.828533317e-07,2.256853e-16,1.794857e-16,8.244631e-17,6.925577e-03
7.180000,1.792902232e-04,7.313662362e-06,2.255267336e-04,3.656882056e-06,1.795165694e-04,3.003403259e+00,2.700279442e+01,2.833477256e-07,4.485030e-16,1.310461e-16,7.376815e-17,6.936498e-03
7.190000,1.794152372e-04,7.045019395e-06,2.277693749e-04,3.522535004e-06,1.795179226e-04,2.967062849e+00,2.724193760e+01,2.838521864e-07,2.889955e-16,1.117838e-16,1.733804e-16,6.909458e-03
7.200000,1.795343950e-04,6.777981171e-06,2.299800742e-04,3.388942678e-06,1.795241711e-04,2.929577254e+00,2.748521015e+01,2.843687209e-07,3.343283e-16,8.742328e-17,7.927257e-17,6.913787e-03
7.210000,1.796489732e-04,6.515472028e-06,2.321360694e-04,3.257682515e-06,1.795375346e-04,2.890989894e+00,2.773237185e+01,2.848982880e-07,3.335890e-16,9.559616e-17,2.621180e-17,6.956497e-03
7.220000,1.797600332e-04,6.260970736e-06,2.342156131e-04,3.130368639e-06,1.795598818e-04,2.851348517e+00,2.798318547e+01,2.854408795e-07,6.744407e-16,6.059343e-17,1.031557e-16,6.918577e-03
7.230000,1.798684169e-04,6.017412884e-06,2.361983838e-04,3.008627090e-06,1.795927169e-04,2.810705089e+00,2.823741720e+01,2.859956047e-07,5.551212e-16,1.382004e-16,1.136953e-16,6.934967e-03
7.240000,1.799747458e-04,5.788022271e-06,2.380658133e-04,2.894061731e-06,1.796371715e-04,2.769115681e+00,2.849483707e+01,2.865607776e-07,2.234837e-16,1.400426e-16,1.297543e-16,6.923217e-03
7.250000,1.800794212e-04,5.576380067e-06,2.398013327e-04,2.788209001e-06,1.796940003e-04,2.726640371e+00,2.875521928e+01,2.871340025e-07,3.151874e-17,1.429721e-16,1.399659e-17,6.938207e-03
7.260000,1.801826284e-04,5.384991850e-06,2.413905437e-04,2.692480891e-06,1.797635825e-04,2.683343163e+00,2.901834253e+01,2.877122576e-07,1.285087e-16,1.331000e-16,4.948552e-17,6.903757e-03
7.270000,1.802843418e-04,5.216087569e-06,2.428213230e-04,2.608097600e-06,1.798459269e-04,2.639291927e+00,2.928399028e+01,2.882919742e-07,2.367239e-16,1.606238e-16,1.652456e-16,6.925107e-03
7.280000,1.803843332e-04,5.072089109e-06,2.440838660e-04,2.536014544e-06,1.799406823e-04,2.594558365e+00,2.955195096e+01,2.888691109e-07,1.157185e-16,5.884029e-17,1.104521e-16,6.905807e-03
7.290000,1.804821812e-04,4.953823749e-06,2.451706819e-04,2.476851823e-06,1.800471508e-04,2.549218018e+00,2.982201817e+01,2.894392220e-07,2.267025e-16,1.609059e-16,2.240093e-16,6.928368e-03
7.300000,1.805772827e-04,4.861616596e-06,2.460765441e-04,2.430837030e-06,1.801643056e-04,2.503350301e+00,3.009399076e+01,2.899975205e-07,2.331114e-16,3.002095e-17,4.459905e-17,6.892397e-03
7.310000,1.806688657e-04,4.795489093e-06,2.467984074e-04,2.397772669e-06,1.802908115e-04,2.457038595e+00,3.036767297e+01,2.905389350e-07,8.303358e-18,9.349284e-17,5.277002e-17,6.879427e-03
7.320000,1.807560033e-04,4.754287812e-06,2.473352968e-04,2.377036543e-06,1.804250482e-04,2.410370379e+00,3.064287447e+01,2.910581611e-07,4.544170e-16,8.432628e-17,6.471998e-17,6.863947e-03
7.330000,1.808376287e-04,4.735569334e-06,2.476881755e-04,2.367617528e-06,1.805651361e-04,2.363437429e+00,3.091941039e+01,2.915497080e-07,8.890376e-16,7.108325e-17,1.149753e-16,6.858097e-03
7.340000,1.809125505e-04,4.736413255e-06,2.478597966e-04,2.368181955e-06,1.807089630e-04,2.316336060e+00,3.119710130e+01,2.920079402e-07,1.771005e-16,1.388625e-16,1.007052e-16,6.905518e-03
7.350000,1.809794690e-04,4.754287812e-06,2.478545449e-04,2.377159950e-06,1.808542131e-04,2.269167446e+00,3.147577319e+01,2.924271161e-07,2.793464e-17,3.045113e-17,2.293658e-17,6.893647e-03
7.360000,1.810369921e-04,4.785570034e-06,2.476782712e-04,2.392838578e-06,1.809983958e-04,2.222037996e+00,3.175525742e+01,2.928014228e-07,2.420892e-16,1.551255e-16,6.968438e-17,6.901548e-03
7.370000,1.810836521e-04,4.827056314e-06,2.473381246e-04,2.413449671e-06,1.811388753e-04,2.175059794e+00,3.203539061e+01,2.931250091e-07,4.488566e-16,7.940588e-17,1.674057e-16,6.881287e-03
7.380000,1.811179211e-04,4.874479365e-06,2.468423835e-04,2.437243924e-06,1.812728997e-04,2.128351104e+00,3.231601458e+01,2.933920157e-07,2.183493e-16,1.362500e-16,1.175739e-17,6.842567e-03
7.390000,1.811382267e-04,4.925414232e-06,2.462002897e-04,2.462547199e-06,1.813976298e-04,2.082036934e+00,3.259697622e+01,2.935966051e-07,8.903329e-16,5.949278e-17,9.435733e-17,6.862707e-03
7.400000,1.811429675e-04,4.975559978e-06,2.454218865e-04,2.487798805e-06,1.815101669e-04,2.036249645e+00,3.287812733e+01,2.937329898e-07,2.297248e-16,1.177247e-16,6.007832e-17,6.865628e-03
7.410000,1.811305271e-04,5.023260784e-06,2.445178626e-04,2.511573947e-06,1.816075796e-04,1.991129592e+00,3.315932456e+01,2.937954604e-07,3.364218e-16,1.477957e-16,4.896807e-17,6.898668e-03
7.420000,1.810992879e-04,5.065342850e-06,2.434994034e-04,2.532593690e-06,1.816869289e-04,1.946825781e+00,3.344042918e+01,2.937784131e-07,4.453861e-16,1.414516e-16,5.953930e-17,6.876317e-03
7.430000,1.810476439e-04,5.099420337e-06,2.423780493e-04,2.549725899e-06,1.817452920e-04,1.903496504e+00,3.372130697e+01,2.936763775e-07,9.187851e-17,8.439637e-17,9.927274e-17,6.893187e-03
7.440000,1.809740123e-04,5.123919797e-06,2.411655641e-04,2.561980224e-06,1.817797841e-04,1.861309921e+00,3.400182805e+01,2.934840439e-07,3.107536e-16,2.523435e-17,1.137256e-16,6.930118e-03
7.450000,1.808768447e-04,5.137422498e-06,2.398738118e-04,2.568499524e-06,1.817875789e-04,1.820444527e+00,3.428186669e+01,2.931962909e-07,1.000413e-15,7.571595e-17,1.808403e-16,6.903387e-03
7.460000,1.807546370e-04,5.136903819e-06,2.385146427e-04,2.568549501e-06,1.817659263e-04,1.781089449e+00,3.456130116e+01,2.928082127e-07,4.508109e-16,1.784179e-16,1.054870e-16,6.937587e-03
7.470000,1.806059379e-04,5.122879654e-06,2.370997900e-04,2.561507718e-06,1.817121694e-04,1.743444483e+00,3.484001353e+01,2.923151460e-07,2.307727e-16,2.218751e-16,3.862350e-17,6.969137e-03
7.480000,1.804293569e-04,5.093843770e-06,2.356407754e-04,2.546852788e-06,1.816237586e-04,1.707719799e+00,3.511788952e+01,2.917126967e-07,4.484944e-16,1.592217e-16,1.593873e-16,6.935267e-03
7.490000,1.802235712e-04,5.047953928e-06,2.341488251e-04,2.524154162e-06,1.814982641e-04,1.674135181e+00,3.539481828e+01,2.909967660e-07,9.050964e-16,9.154825e-17,3.231064e-17,6.908337e-03
7.500000,1.799873317e-04,4.986169905e-06,2.326347949e-04,2.493062761e-06,1.813333872e-04,1.642918734e+00,3.567069220e+01,2.901635753e-07,1.997601e-16,8.023389e-17,9.407553e-17,6.938037e-03
7.510000,1.797194678e-04,4.906534018e-06,2.311091050e-04,2.453302552e-06,1.811269690e-04,1.614304915e+00,3.594540675e+01,2.892096900e-07,2.390732e-16,4.119253e-17,3.101213e-17,6.917927e-03
7.520000,1.794188915e-04,4.809452212e-06,2.295816843e-04,2.404663097e-06,1.808769981e-04,1.588531851e+00,3.621886027e+01,2.881320417e-07,3.501865e-16,7.368732e-17,1.160358e-16,6.922258e-03
7.530000,1.790846008e-04,4.694125948e-06,2.280619227e-04,2.346993032e-06,1.805816167e-04,1.565837853e+00,3.649095373e+01,2.869279496e-07,3.358971e-16,3.147660e-17,1.157657e-16,6.930917e-03
7.540000,1.787156820e-04,4.560339647e-06,2.265586329e-04,2.280194454e-06,1.802391249e-04,1.546457172e+00,3.676159061e+01,2.855951386e-07,2.381254e-16,2.285666e-17,9.576503e-17,6.915697e-03
7.550000,1.783113118e-04,4.408326647e-06,2.250800195e-04,2.204218184e-06,1.798479844e-04,1.530615057e+00,3.703067661e+01,2.841317561e-07,2.782125e-16,1.636918e-16,1.249293e-16,6.939707e-03
7.560000,1.778707584e-04,4.237907010e-06,2.236336564e-04,2.119059873e-06,1.794068203e-04,1.518522304e+00,3.729811946e+01,2.825363868e-07,4.463891e-16,4.323877e-17,5.539445e-17,6.903997e-03
7.570000,1.773933815e-04,4.049608171e-06,2.222264708e-04,2.024757012e-06,1.789144224e-04,1.510369549e+00,3.756382874e+01,2.808080636e-07,1.572468e-16,8.972415e-17,1.381748e-16,6.939277e-03
7.580000,1.768786335e-04,3.842650938e-06,2.208647341e-04,1.921386932e-06,1.783697453e-04,1.506321657e+00,3.782771559e+01,2.789462776e-07,2.305791e-16,4.432411e-17,1.576868e-17,7.754734e-03
7.590000,1.763260580e-04,3.618375061e-06,2.195540585e-04,1.809066061e-06,1.777719079e-04,1.506512602e+00,3.808969252e+01,2.769509840e-07,4.548099e-16,2.055082e-16,1.325984e-16,7.343946e-03
7.600000,1.757352896e-04,3.375696835e-06,2.182993990e-04,1.687950912e-06,1.771201916e-04,1.511041230e+00,3.834967315e+01,2.748226054e-07,4.476062e-16,7.235274e-17,1.525540e-16,6.888697e-03
7.610000,1.751060529e-04,3.116587749e-06,2.171050601e-04,1.558241809e-06,1.764140388e-04,1.519968265e+00,3.860757198e+01,2.725620331e-07,2.221266e-16,1.163872e-16,2.472488e-16,6.869328e-03
7.620000,1.744381607e-04,2.840772628e-06,2.159747063e-04,1.420191325e-06,1.756530501e-04,1.533314795e+00,3.886330409e+01,2.701706245e-07,5.591096e-16,2.488040e-16,1.274188e-16,6.873408e-03
7.630000,1.737315128e-04,2.547880702e-06,2.149113759e-04,1.274121669e-06,1.748369816e-04,1.551062334e+00,3.911678493e+01,2.676501979e-07,4.713010e-16,4.436604e-17,9.042398e-17,6.874868e-03
7.640000,1.729860941e-04,2.240730373e-06,2.139174974e-04,1.120460692e-06,1.739657414e-04,1.573154417e+00,3.936793000e+01,2.650030247e-07,2.404076e-16,1.777796e-16,8.954563e-17,6.915707e-03
7.650000,1.722019726e-04,1.919648995e-06,2.129949069e-04,9.598206882e-07,1.730393864e-04,1.599499506e+00,3.961665456e+01,2.622318192e-07,6.032357e-17,5.279543e-17,7.829802e-18,6.933807e-03
7.660000,1.713792979e-04,1.586816253e-06,2.121448679e-04,7.931881885e-07,1.720581185e-04,1.629974904e+00,3.986287339e+01,2.593397247e-07,3.879973e-16,5.017886e-17,1.086651e-16,6.927268e-03
7.670000,1.705182990e-04,1.245651516e-06,2.113680905e-04,6.224497854e-07,1.710222807e-04,1.664431295e+00,4.010650040e+01,2.563302983e-07,4.537435e-16,2.041257e-16,1.416665e-16,6.876488e-03
7.680000,1.696192823e-04,9.064022497e-07,2.106647507e-04,4.521669778e-07,1.699323536e-04,1.702697541e+00,4.034744840e+01,2.532074927e-07,8.915869e-16,4.305020e-17,9.598514e-17,6.903207e-03
7.690000,1.686826300e-04,5.945544643e-07,2.100345092e-04,2.973123031e-07,1.687889516e-04,1.744585384e+00,4.058562872e+01,2.499756360e-07,4.557897e-17,1.083866e-16,2.244452e-16,6.902557e-03
7.700000,1.677087983e-04,4.369878262e-07,2.094765293e-04,2.175040067e-07,1.675928187e-04,1.789893784e+00,4.082095092e+01,2.466394097e-07,4.586826e-16,2.422741e-17,1.524327e-16,6.927158e-03
7.710000,1.666983159e-04,5.967910407e-07,2.089894928e-04,2.983328490e-07,1.663448258e-04,1.838412722e+00,4.105332245e+01,2.432038247e-07,5.892976e-17,3.431713e-17,5.543712e-17,6.957157e-03
7.720000,1.656517824e-04,9.405454301e-07,2.085716148e-04,4.700837090e-07,1.650459667e-04,1.889926345e+00,4.128264829e+01,2.396741961e-07,1.135970e-16,6.543424e-17,3.343528e-17,6.927257e-03
7.730000,1.645698671e-04,1.342759171e-06,2.082206569e-04,6.710912025e-07,1.636973550e-04,1.944215428e+00,4.150883067e+01,2.360561162e-07,4.547414e-16,1.148992e-16,6.469464e-17,6.937757e-03
7.740000,1.634533083e-04,1.770920100e-06,2.079339381e-04,8.853500183e-07,1.623002215e-04,2.001059190e+00,4.173176868e+01,2.323554274e-07,1.419120e-16,2.993014e-17,1.869349e-17,6.946657e-03
7.750000,1.623029119e-04,2.216018611e-06,2.077083448e-04,1.107975322e-06,1.608559114e-04,2.060236501e+00,4.195135802e+01,2.285781931e-07,1.710839e-16,1.138998e-16,7.586818e-17,6.988977e-03
7.760000,1.611195517e-04,2.674249920e-06,2.075403391e-04,1.336893268e-06,1.593658821e-04,2.121526590e+00,4.216749060e+01,2.247306694e-07,6.701313e-16,1.634527e-16,1.016653e-16,6.931857e-03
7.770000,1.599041685e-04,3.142272982e-06,2.074259668e-04,1.570947826e-06,1.578317010e-04,2.184709324e+00,4.238005434e+01,2.208192757e-07,5.973328e-16,1.092623e-16,3.470961e-17,6.983317e-03
7.780000,1.586577704e-04,3.618743238e-06,2.073608640e-04,1.809345270e-06,1.562550446e-04,2.249565178e+00,4.258893283e+01,2.168505656e-07,7.939624e-17,1.706162e-16,1.432832e-16,6.950557e-03
7.790000,1.573814332e-04,4.102990832e-06,2.073402648e-04,2.051454855e-06,1.546376967e-04,2.315874953e+00,4.279400511e+01,2.128311984e-07,1.181679e-16,1.785152e-16,8.592726e-17,6.987677e-03
7.800000,1.560763011e-04,4.593716477e-06,2.073590090e-04,2.296726097e-06,1.529815480e-04,2.383419350e+00,4.299514546e+01,2.087679111e-07,6.704688e-16,5.226279e-17,1.845951e-16,6.980167e-03
7.810000,1.547435871e-04,5.089308310e-06,2.074115515e-04,2.544650603e-06,1.512885956e-04,2.451978450e+00,4.319222323e+01,2.046674911e-07,7.984344e-18,7.008698e-17,7.682973e-17,6.950647e-03
7.820000,1.533845751e-04,5.589425365e-06,2.074919736e-04,2.794743077e-06,1.495609434e-04,2.521331166e+00,4.338510273e+01,2.005367505e-07,2.254974e-16,3.489018e-17,2.682959e-17,6.976037e-03
7.830000,1.520006204e-04,6.093099207e-06,2.075939973e-04,3.046531370e-06,1.478008022e-04,2.591254713e+00,4.357364313e+01,1.963825017e-07,1.245980e-16,8.165207e-17,5.306786e-17,6.953687e-03
7.840000,1.505931522e-04,6.599179061e-06,2.077110025e-04,3.299551133e-06,1.460104910e-04,2.661524140e+00,4.375769851e+01,1.922115344e-07,2.258387e-16,2.535397e-17,7.845111e-17,6.931107e-03
7.850000,1.491636751e-04,7.106963513e-06,2.078360483e-04,3.553342964e-06,1.441924381e-04,2.731911945e+00,4.393711788e+01,1.880305950e-07,8.951119e-16,4.210659e-17,5.604095e-17,6.901267e-03
7.860000,1.477137714e-04,7.615003667e-06,2.079618989e-04,3.807450996e-06,1.423491828e-04,2.802187815e+00,4.411174537e+01,1.838463679e-07,3.334509e-16,8.840807e-17,6.204953e-17,6.860368e-03
7.870000,1.462451035e-04,8.122814184e-06,2.080810542e-04,4.061422331e-06,1.404833775e-04,2.872118500e+00,4.428142045e+01,1.796654586e-07,2.628656e-16,4.769932e-17,1.082253e-16,6.898807e-03
7.880000,1.447594161e-04,8.629560800e-06,2.081857856e-04,4.314807016e-06,1.385977897e-04,2.941467834e+00,4.444597826e+01,1.754943796e-07,2.898313e-16,6.957687e-17,7.090162e-17,6.912877e-03
7.890000,1.432585385e-04,9.134351040e-06,2.082681770e-04,4.567158378e-06,1.366953047e-04,3.009996927e+00,4.460525003e+01,1.713395389e-07,1.112382e-16,5.398331e-17,6.618668e-17,6.915477e-03
7.900000,1.417443875e-04,9.636017670e-06,2.083201711e-04,4.818033582e-06,1.347789280e-04,3.077464523e+00,4.475906363e+01,1.672072300e-07,2.243178e-16,1.659873e-16,5.640102e-17,6.906367e-03
7.910000,1.402189690e-04,1.013392905e-05,2.083336213e-04,5.066994364e-06,1.328517879e-04,3.143627535e+00,4.490724420e+01,1.631036247e-07,4.444022e-16,4.506441e-17,1.552429e-17,6.902947e-03
7.920000,1.386843804e-04,1.062723404e-05,2.083003475e-04,5.313607880e-06,1.309171376e-04,3.208241748e+00,4.504961488e+01,1.590347682e-07,1.247630e-16,6.799330e-17,4.250399e-17,6.894878e-03
7.930000,1.371428124e-04,1.111478802e-05,2.082121971e-04,5.557447635e-06,1.289783579e-04,3.271062704e+00,4.518599767e+01,1.550065757e-07,6.661561e-16,6.247956e-17,3.109337e-17,6.895037e-03
7.940000,1.355965497e-04,1.159616751e-05,2.080611089e-04,5.798094474e-06,1.270389581e-04,3.331846739e+00,4.531621437e+01,1.510248308e-07,6.335053e-17,6.844097e-17,1.111455e-17,6.915367e-03
7.950000,1.340479721e-04,1.207030849e-05,2.078391805e-04,6.035137628e-06,1.251025778e-04,3.390352182e+00,4.544008766e+01,1.470951853e-07,1.920416e-16,4.676453e-17,1.385133e-17,6.905557e-03
7.960000,1.324995544e-04,1.253633195e-05,2.075387369e-04,6.268175771e-06,1.231729859e-04,3.446340691e+00,4.555744219e+01,1.432231595e-07,1.604940e-16,3.623382e-17,2.656117e-17,6.956907e-03
7.970000,1.309538648e-04,1.299360750e-05,2.071524003e-04,6.496818108e-06,1.212540803e-04,3.499578713e+00,4.566810583e+01,1.394141435e-07,2.259861e-16,6.596874e-17,2.100794e-17,6.912587e-03
7.980000,1.294135633e-04,1.344134299e-05,2.066731590e-04,6.720685467e-06,1.193498846e-04,3.549839040e+00,4.577191092e+01,1.356733979e-07,2.353756e-16,4.379509e-17,3.711099e-17,6.896608e-03
7.990000,1.278813981e-04,1.387886186e-05,2.060944345e-04,6.939411384e-06,1.174645440e-04,3.596902451e+00,4.586869564e+01,1.320060542e-07,2.239545e-16,6.838166e-17,3.946269e-17,6.949197e-03
