t,pos_err,ori_err_geodesic,e_xi_norm,e_z_O_norm,e_z_T_norm,qddot_ref_norm,tau_norm,V,c0,c1,c2,runtime
0.000000,7.810826051e-02,2.181527167e-01,0.000000000e+00,1.088601949e-01,1.152055505e-01,6.211776390e+00,0.000000000e+00,2.009828871e-01,6.696392e-16,0.000000e+00,0.000000e+00,4.606788e-03
0.010000,7.808994138e-02,2.181060687e-01,1.962159629e-02,1.088370095e-01,1.151067685e-01,6.018817185e+00,0.000000000e+00,2.009530059e-01,8.882953e-16,1.604702e-18,3.509457e-19,3.495903e-03
0.020000,7.804034756e-02,2.179795374e-01,3.772259378e-02,1.087741194e-01,1.148379401e-01,5.554731460e+00,0.000000000e+00,2.008679894e-01,6.676229e-16,9.791642e-18,3.258249e-19,2.569839e-03
0.030000,7.796284384e-02,2.177793374e-01,5.437597240e-02,1.086746128e-01,1.144126056e-01,5.114083457e+00,0.000000000e+00,2.006816996e-01,1.336138e-15,1.654004e-17,2.235140e-19,2.450189e-03
0.040000,7.786103558e-02,2.175112309e-01,6.967134131e-02,1.085413525e-01,1.138435017e-01,4.696576324e+00,0.000000000e+00,2.003595926e-01,1.111643e-15,2.440418e-17,4.125671e-18,2.325829e-03
0.050000,7.773865611e-02,2.171805605e-01,8.369325033e-02,1.083769927e-01,1.131426033e-01,4.301854341e+00,0.000000000e+00,1.998768498e-01,1.112088e-15,8.069844e-18,9.022360e-19,2.416920e-03
0.060000,7.759947486e-02,2.167922799e-01,9.652144679e-02,1.081839939e-01,1.123211644e-01,3.929491589e+00,0.000000000e+00,1.992167589e-01,4.495980e-16,7.372575e-18,4.707236e-18,2.381899e-03
0.070000,7.744722283e-02,2.163509817e-01,1.082311428e-01,1.079646371e-01,1.113897564e-01,3.578989448e+00,0.000000000e+00,1.983693157e-01,8.892078e-16,1.769078e-17,1.063016e-17,2.404109e-03
0.080000,7.728553238e-02,2.158609238e-01,1.188932699e-01,1.077210372e-01,1.103583041e-01,3.249780738e+00,0.000000000e+00,1.973300219e-01,1.110836e-15,8.344836e-18,4.606265e-18,2.626600e-03
0.090000,7.711788921e-02,2.153260539e-01,1.285747188e-01,1.074551545e-01,1.092361207e-01,2.941238740e+00,0.000000000e+00,1.960988516e-01,8.885007e-16,1.067815e-17,1.371419e-18,2.689400e-03
0.100000,7.694759435e-02,2.147500315e-01,1.373385658e-01,1.071688065e-01,1.080319408e-01,2.652689709e+00,0.000000000e+00,1.946793674e-01,1.332395e-15,2.100668e-17,5.043580e-18,2.495869e-03
0.110000,7.677773489e-02,2.141362495e-01,1.452442857e-01,1.068636779e-01,1.067539511e-01,2.383427904e+00,0.000000000e+00,1.930779651e-01,1.335122e-15,4.074062e-17,2.335443e-18,2.701530e-03
0.120000,7.661116201e-02,2.134878528e-01,1.523479524e-01,1.065413304e-01,1.054098204e-01,2.132732594e+00,0.000000000e+00,1.913032319e-01,8.919014e-16,4.347421e-17,1.241305e-17,2.628930e-03
0.130000,7.645047532e-02,2.128077568e-01,1.587024280e-01,1.062032117e-01,1.040067279e-01,1.899886964e+00,0.000000000e+00,1.893654034e-01,6.665273e-16,4.485663e-17,1.008017e-17,2.635490e-03
0.140000,7.629801268e-02,2.120986637e-01,1.643575407e-01,1.058506637e-01,1.025513896e-01,1.684199407e+00,0.000000000e+00,1.872759047e-01,8.962903e-16,6.270402e-17,6.013169e-18,2.646190e-03
0.150000,7.615584474e-02,2.113630783e-01,1.693602531e-01,1.054849300e-01,1.010500839e-01,1.485028365e+00,0.000000000e+00,1.850469670e-01,8.917630e-16,3.008461e-17,6.594944e-18,2.413029e-03
0.160000,7.602577358e-02,2.106033219e-01,1.737548208e-01,1.051071636e-01,9.950867544e-02,1.301812897e+00,0.000000000e+00,1.826913075e-01,1.333239e-15,4.698237e-17,4.363830e-18,2.433559e-03
0.170000,7.590933496e-02,2.098215459e-01,1.775829412e-01,1.047184328e-01,9.793263847e-02,1.134112458e+00,0.000000000e+00,1.802218652e-01,4.501733e-16,4.378727e-17,1.561251e-17,2.511160e-03
0.180000,7.580780363e-02,2.090197442e-01,1.808838952e-01,1.043197277e-01,9.632707806e-02,9.816611935e-01,0.000000000e+00,1.776515842e-01,1.555508e-15,6.821347e-17,1.227401e-17,2.729461e-03
0.190000,7.572220131e-02,2.081997640e-01,1.836946803e-01,1.039119659e-01,9.469675092e-02,8.444438340e-01,0.000000000e+00,1.749932380e-01,6.691857e-16,2.787728e-17,8.342018e-18,2.269669e-03
0.200000,7.565330694e-02,2.073633174e-01,1.860501357e-01,1.034959975e-01,9.304608496e-02,7.227999034e-01,0.000000000e+00,1.722592899e-01,1.112071e-15,6.276585e-17,2.690220e-17,2.320049e-03
0.210000,7.560166885e-02,2.065119903e-01,1.879830618e-01,1.030726105e-01,9.137919775e-02,6.175527055e-01,0.000000000e+00,1.694617822e-01,8.924861e-16,3.410673e-17,2.305045e-17,2.303799e-03
0.220000,7.556761837e-02,2.056472520e-01,1.895243318e-01,1.026425346e-01,8.969991419e-02,5.301188060e-01,0.000000000e+00,1.666122522e-01,2.326923e-16,8.123735e-17,1.388456e-17,2.373749e-03
0.230000,7.555128476e-02,2.047704635e-01,1.907029975e-01,1.022064460e-01,8.801178315e-02,4.624472783e-01,0.000000000e+00,1.637216692e-01,1.113240e-15,2.187833e-17,3.153668e-17,2.324049e-03
0.240000,7.555261095e-02,2.038828856e-01,1.915463900e-01,1.017649710e-01,8.631809332e-02,4.164837138e-01,0.000000000e+00,1.608003902e-01,4.484185e-16,3.573067e-17,3.812940e-17,2.527640e-03
0.250000,7.557136992e-02,2.029856857e-01,1.920802135e-01,1.013186897e-01,8.462188816e-02,3.929493006e-01,0.000000000e+00,1.578581310e-01,4.468083e-16,4.875969e-17,3.379651e-17,2.465169e-03
0.260000,7.560718136e-02,2.020799451e-01,1.923286352e-01,1.008681395e-01,8.292598020e-02,3.900518884e-01,0.000000000e+00,1.549039500e-01,1.335284e-15,1.208601e-16,6.774312e-18,2.324799e-03
0.270000,7.565952845e-02,2.011666646e-01,1.923143697e-01,1.004138177e-01,8.123296445e-02,4.035061928e-01,0.000000000e+00,1.519462428e-01,1.778343e-15,7.594370e-17,7.573911e-18,2.332259e-03
0.280000,7.572777444e-02,2.002467711e-01,1.920587583e-01,9.995618504e-02,7.954523123e-02,4.280570379e-01,0.000000000e+00,1.489927452e-01,1.779452e-15,5.625327e-17,1.862810e-17,2.471829e-03
0.290000,7.581117892e-02,1.993211224e-01,1.915818455e-01,9.949566788e-02,7.786497823e-02,4.590408338e-01,0.000000000e+00,1.460505439e-01,6.732610e-16,9.324139e-18,3.157244e-18,2.602549e-03
0.300000,7.590891351e-02,1.983905123e-01,1.909024495e-01,9.903266092e-02,7.619422202e-02,4.930158295e-01,0.000000000e+00,1.431260918e-01,4.471012e-16,3.093531e-17,8.608319e-18,2.317968e-03
0.310000,7.602007695e-02,1.974556754e-01,1.900382301e-01,9.856752941e-02,7.453480888e-02,5.276860926e-01,0.000000000e+00,1.402252292e-01,1.556394e-15,5.064280e-17,2.585407e-17,2.313509e-03
0.320000,7.614370929e-02,1.965172913e-01,1.890057526e-01,9.810061131e-02,7.288842511e-02,5.616016012e-01,0.000000000e+00,1.373532069e-01,1.335309e-15,4.059262e-17,1.444229e-17,2.300169e-03
0.330000,7.627880527e-02,1.955759885e-01,1.878205479e-01,9.763221927e-02,7.125660675e-02,5.938786369e-01,0.000000000e+00,1.345147131e-01,8.930844e-16,2.602085e-17,1.599924e-17,2.305699e-03
0.340000,7.642432676e-02,1.946323484e-01,1.864971699e-01,9.716264245e-02,6.964074885e-02,6.239984553e-01,0.000000000e+00,1.317139011e-01,1.334082e-15,4.060478e-17,3.852932e-17,2.436839e-03
0.350000,7.657921412e-02,1.936869083e-01,1.850492494e-01,9.669214821e-02,6.804211411e-02,6.516749910e-01,0.000000000e+00,1.289544189e-01,8.908797e-16,4.161755e-17,2.341877e-17,2.369219e-03
0.360000,7.674239661e-02,1.927401648e-01,1.834895452e-01,9.622098375e-02,6.646184124e-02,6.767706057e-01,0.000000000e+00,1.262394390e-01,4.560970e-16,2.775896e-17,9.984083e-18,2.432889e-03
0.370000,7.691280177e-02,1.917925771e-01,1.818299924e-01,9.574937748e-02,6.490095269e-02,6.992427134e-01,0.000000000e+00,1.235716886e-01,2.327133e-16,3.704419e-17,6.311063e-17,2.342909e-03
0.380000,7.708936371e-02,1.908445689e-01,1.800817481e-01,9.527754047e-02,6.336036208e-02,7.191097493e-01,0.000000000e+00,1.209534796e-01,6.701872e-16,2.385245e-17,1.171741e-17,2.456009e-03
0.390000,7.727103054e-02,1.898965317e-01,1.782552348e-01,9.480566765e-02,6.184088120e-02,7.364292298e-01,0.000000000e+00,1.183867380e-01,8.935565e-16,3.436835e-17,2.588316e-17,2.472840e-03
0.400000,7.745677073e-02,1.889488270e-01,1.763601812e-01,9.433393899e-02,6.034322655e-02,7.512834319e-01,0.000000000e+00,1.158730331e-01,1.113169e-15,5.706818e-17,1.108222e-17,2.278679e-03
0.410000,7.764557867e-02,1.880017882e-01,1.744056610e-01,9.386252062e-02,5.886802567e-02,7.637699347e-01,0.000000000e+00,1.134136051e-01,1.111786e-15,3.227938e-17,1.632508e-17,2.398539e-03
0.420000,7.783647930e-02,1.870557227e-01,1.724001292e-01,9.339156577e-02,5.741582298e-02,7.739953096e-01,0.000000000e+00,1.110093926e-01,6.720039e-16,1.929880e-17,3.387156e-18,2.386059e-03
0.430000,7.802853201e-02,1.861109142e-01,1.703514574e-01,9.292121577e-02,5.598708537e-02,7.820708758e-01,0.000000000e+00,1.086610581e-01,1.333483e-15,3.261629e-17,6.505213e-18,2.267879e-03
0.440000,7.822083379e-02,1.851676239e-01,1.682669658e-01,9.245160087e-02,5.458220744e-02,7.881098307e-01,0.000000000e+00,1.063690129e-01,8.899537e-16,5.084434e-17,2.228820e-17,2.269519e-03
0.450000,7.841252168e-02,1.842260923e-01,1.661534548e-01,9.198284107e-02,5.320151652e-02,7.922253052e-01,0.000000000e+00,1.041334406e-01,1.557749e-15,5.284504e-17,2.060783e-17,2.307129e-03
0.460000,7.860277469e-02,1.832865410e-01,1.640172339e-01,9.151504683e-02,5.184527730e-02,7.945290480e-01,0.000000000e+00,1.019543191e-01,2.310050e-16,4.158138e-17,5.485677e-18,2.317199e-03
0.470000,7.879081513e-02,1.823491735e-01,1.618641499e-01,9.104831981e-02,5.051369630e-02,7.951305410e-01,0.000000000e+00,9.983144195e-02,8.942041e-16,4.869601e-17,1.178144e-17,2.317148e-03
0.480000,7.897590941e-02,1.814141772e-01,1.596996127e-01,9.058275348e-02,4.920692599e-02,7.941364120e-01,0.000000000e+00,9.776443749e-02,4.454019e-16,4.330787e-17,9.364394e-18,2.263609e-03
0.490000,7.915736855e-02,1.804817239e-01,1.575286206e-01,9.011843369e-02,4.792506877e-02,7.916500552e-01,0.000000000e+00,9.575278760e-02,1.112243e-15,1.734723e-17,9.550830e-18,2.263548e-03
0.500000,7.933454815e-02,1.795519714e-01,1.553557832e-01,8.965543928e-02,4.666818066e-02,7.877713944e-01,0.000000000e+00,9.379584472e-02,8.900213e-16,2.269378e-17,3.157244e-18,2.301309e-03
0.510000,7.950684815e-02,1.786250644e-01,1.531853443e-01,8.919384257e-02,4.543627480e-02,7.825967486e-01,0.000000000e+00,9.189284781e-02,4.558859e-16,2.438274e-17,7.285968e-18,2.273538e-03
0.520000,7.967371228e-02,1.777011353e-01,1.510212026e-01,8.873370979e-02,4.422932471e-02,7.762187663e-01,0.000000000e+00,9.004293715e-02,6.673614e-17,1.460578e-17,1.254867e-17,2.291328e-03
0.530000,7.983462724e-02,1.767803054e-01,1.488669314e-01,8.827510159e-02,4.304726744e-02,7.687264107e-01,0.000000000e+00,8.824516799e-02,2.385418e-16,3.198672e-17,1.501845e-17,2.283308e-03
0.540000,7.998912173e-02,1.758626853e-01,1.467257981e-01,8.781807340e-02,4.189000642e-02,7.602049793e-01,0.000000000e+00,8.649852315e-02,8.900197e-16,3.918577e-17,2.263569e-17,2.270468e-03
0.550000,8.013676531e-02,1.749483761e-01,1.446007814e-01,8.736267584e-02,4.075741426e-02,7.507361468e-01,0.000000000e+00,8.480192456e-02,6.741739e-16,1.041060e-17,2.602085e-18,2.260599e-03
0.560000,8.027716708e-02,1.740374698e-01,1.424945885e-01,8.690895503e-02,3.964933529e-02,7.403980264e-01,0.000000000e+00,8.315424390e-02,1.111962e-15,1.269026e-17,5.691803e-18,2.290038e-03
0.570000,8.040997430e-02,1.731300500e-01,1.404096711e-01,8.645695297e-02,3.856558800e-02,7.292652424e-01,0.000000000e+00,8.155431223e-02,1.779389e-15,3.227938e-17,1.003341e-17,2.441569e-03
0.580000,8.053487094e-02,1.722261929e-01,1.383482406e-01,8.600670780e-02,3.750596730e-02,7.174090110e-01,0.000000000e+00,8.000092879e-02,4.465768e-16,6.003152e-17,5.315909e-18,2.274548e-03
0.590000,8.065157614e-02,1.713259672e-01,1.363122821e-01,8.555825409e-02,3.647024669e-02,7.048972277e-01,0.000000000e+00,7.849286903e-02,6.787803e-16,5.594315e-17,1.097135e-17,2.410310e-03
0.600000,8.075984262e-02,1.704294350e-01,1.343035686e-01,8.511162314e-02,3.545818022e-02,6.917945581e-01,0.000000000e+00,7.702889177e-02,4.482918e-16,3.496447e-18,8.578225e-18,2.274818e-03
0.610000,8.085945515e-02,1.695366524e-01,1.323236734e-01,8.466684314e-02,3.446950439e-02,6.781625328e-01,0.000000000e+00,7.560774576e-02,8.974244e-16,3.747013e-17,2.030094e-17,2.272188e-03
0.620000,8.095022888e-02,1.686476697e-01,1.303739826e-01,8.422393949e-02,3.350393992e-02,6.640596435e-01,0.000000000e+00,7.422817546e-02,8.912630e-16,1.627893e-17,4.594766e-18,2.264058e-03
0.630000,8.103200784e-02,1.677625321e-01,1.284557066e-01,8.378293493e-02,3.256119339e-02,6.495414415e-01,0.000000000e+00,7.288892628e-02,8.953123e-16,6.075403e-18,1.174146e-17,2.267318e-03
0.640000,8.110466327e-02,1.668812795e-01,1.265698910e-01,8.334384977e-02,3.164095878e-02,6.346606371e-01,0.000000000e+00,7.158874919e-02,4.500538e-16,2.770662e-17,8.930036e-18,2.273649e-03
0.650000,8.116809214e-02,1.660039478e-01,1.247174275e-01,8.290670207e-02,3.074291895e-02,6.194672007e-01,0.000000000e+00,7.032640486e-02,1.334475e-15,3.402737e-18,4.358439e-18,2.260278e-03
0.660000,8.122221560e-02,1.651305682e-01,1.228990631e-01,8.247150779e-02,2.986674692e-02,6.040084642e-01,0.000000000e+00,6.910066721e-02,1.111848e-15,2.473906e-17,8.665482e-18,2.266659e-03
0.670000,8.126697748e-02,1.642611685e-01,1.211154102e-01,8.203828098e-02,2.901210721e-02,5.883292234e-01,0.000000000e+00,6.791032657e-02,1.340145e-15,3.789252e-17,2.453269e-18,2.267549e-03
0.680000,8.130234289e-02,1.633957724e-01,1.193669553e-01,8.160703385e-02,2.817865696e-02,5.724718418e-01,0.000000000e+00,6.675419246e-02,1.999919e-15,1.717426e-17,5.704181e-18,2.256739e-03
0.690000,8.132829679e-02,1.625344008e-01,1.176540674e-01,8.117777699e-02,2.736604706e-02,5.564763542e-01,0.000000000e+00,6.563109587e-02,1.111456e-15,1.683134e-17,1.870995e-17,2.270999e-03
0.700000,8.134484264e-02,1.616770711e-01,1.159770064e-01,8.075051944e-02,2.657392316e-02,5.403805726e-01,0.000000000e+00,6.453989127e-02,1.778671e-15,1.097992e-17,6.508826e-18,2.284808e-03
0.710000,8.135200113e-02,1.608237980e-01,1.143359304e-01,8.032526881e-02,2.580192663e-02,5.242201917e-01,0.000000000e+00,6.347945832e-02,4.444017e-16,8.741117e-18,9.311523e-18,2.294469e-03
0.720000,8.134980890e-02,1.599745936e-01,1.127309035e-01,7.990203141e-02,2.504969542e-02,5.080288969e-01,0.000000000e+00,6.244870321e-02,1.111149e-15,1.022834e-17,1.939480e-18,2.305689e-03
0.730000,8.133831736e-02,1.591294676e-01,1.111619023e-01,7.948081230e-02,2.431686494e-02,4.918384726e-01,0.000000000e+00,6.144655982e-02,6.721085e-16,9.189533e-18,7.102972e-18,2.283308e-03
0.740000,8.131759155e-02,1.582884272e-01,1.096288231e-01,7.906161545e-02,2.360306873e-02,4.756789135e-01,0.000000000e+00,6.047199056e-02,1.113367e-15,4.242155e-17,9.602384e-18,2.284758e-03
0.750000,8.128770905e-02,1.574514778e-01,1.081314876e-01,7.864444377e-02,2.290793927e-02,4.595785367e-01,0.000000000e+00,5.952398705e-02,1.110560e-15,1.774518e-17,3.043501e-18,2.281869e-03
0.760000,8.124875893e-02,1.566186226e-01,1.066696496e-01,7.822929920e-02,2.223110857e-02,4.435640977e-01,0.000000000e+00,5.860157061e-02,1.113247e-15,2.135218e-17,1.454610e-18,2.277979e-03
0.770000,8.120084077e-02,1.557898634e-01,1.052430001e-01,7.781618280e-02,2.157220876e-02,4.276609086e-01,0.000000000e+00,5.770379251e-02,1.556264e-15,2.341902e-17,8.046504e-18,2.336189e-03
0.780000,8.114406374e-02,1.549652000e-01,1.038511733e-01,7.740509480e-02,2.093087272e-02,4.118929611e-01,0.000000000e+00,5.682973416e-02,1.554521e-15,3.353183e-17,3.878960e-18,2.289949e-03
0.790000,8.107854569e-02,1.541446308e-01,1.024937512e-01,7.699603467e-02,2.030673451e-02,3.962830538e-01,0.000000000e+00,5.597850709e-02,1.110269e-15,1.127779e-17,1.171139e-17,2.278979e-03
0.800000,8.100441233e-02,1.533281529e-01,1.011702693e-01,7.658900118e-02,1.969942990e-02,3.808529261e-01,0.000000000e+00,5.514925283e-02,1.332838e-15,2.456717e-17,3.836299e-18,2.288409e-03
0.810000,8.092179642e-02,1.525157619e-01,9.988022071e-02,7.618399246e-02,1.910859679e-02,3.656233988e-01,0.000000000e+00,5.434114268e-02,8.910997e-16,1.347947e-17,1.823524e-17,2.331279e-03
0.820000,8.083083704e-02,1.517074523e-01,9.862306070e-02,7.578100603e-02,1.853387557e-02,3.506145240e-01,0.000000000e+00,5.355337740e-02,1.778619e-15,1.818909e-17,4.187884e-18,2.293969e-03
0.830000,8.073167890e-02,1.509032176e-01,9.739821113e-02,7.538003886e-02,1.797490953e-02,3.358457457e-01,0.000000000e+00,5.278518681e-02,1.334008e-15,5.382930e-18,1.939480e-18,2.277149e-03
0.840000,8.062447162e-02,1.501030502e-01,9.620506434e-02,7.498108741e-02,1.743134517e-02,3.213360728e-01,0.000000000e+00,5.203582931e-02,1.112206e-15,2.196225e-17,6.732538e-18,2.300958e-03
0.850000,8.050936920e-02,1.493069415e-01,9.504298695e-02,7.458414768e-02,1.690283248e-02,3.071042681e-01,0.000000000e+00,5.130459133e-02,1.555401e-15,1.641269e-17,6.377469e-18,2.299319e-03
0.860000,8.038652934e-02,1.485148822e-01,9.391132347e-02,7.418921523e-02,1.638902525e-02,2.931690540e-01,0.000000000e+00,5.059078677e-02,1.555713e-15,5.691803e-18,5.076104e-18,2.259699e-03
0.870000,8.025611299e-02,1.477268620e-01,9.280939970e-02,7.379628523e-02,1.588958126e-02,2.795493402e-01,0.000000000e+00,4.989375638e-02,8.956888e-16,1.613532e-17,4.385326e-18,2.282889e-03
0.880000,8.011828376e-02,1.469428701e-01,9.173652591e-02,7.340535248e-02,1.540416255e-02,2.662644745e-01,0.000000000e+00,4.921286706e-02,6.661972e-16,3.127317e-18,3.878960e-18,2.287139e-03
0.890000,7.997320750e-02,1.461628950e-01,9.069199987e-02,7.301641144e-02,1.493243560e-02,2.533345190e-01,0.000000000e+00,4.854751121e-02,1.114502e-15,3.871437e-17,4.210280e-18,2.281358e-03
0.900000,7.982105183e-02,1.453869244e-01,8.967510963e-02,7.262945629e-02,1.447407148e-02,2.407805562e-01,0.000000000e+00,4.789710597e-02,8.918420e-16,2.761312e-17,3.127317e-18,2.286039e-03
0.910000,7.966198572e-02,1.446149456e-01,8.868513621e-02,7.224448088e-02,1.402874602e-02,2.286250214e-01,0.000000000e+00,4.726109256e-02,8.902936e-16,2.283423e-17,6.106282e-18,2.296039e-03
0.920000,7.949617914e-02,1.438469453e-01,8.772135603e-02,7.186147885e-02,1.359613996e-02,2.168920619e-01,0.000000000e+00,4.663893547e-02,1.115875e-15,2.611290e-17,7.372575e-18,2.302718e-03
0.930000,7.932380268e-02,1.430829099e-01,8.678304324e-02,7.148044358e-02,1.317593902e-02,2.056079138e-01,0.000000000e+00,4.603012176e-02,1.557099e-15,1.094561e-17,1.748223e-18,2.320359e-03
0.940000,7.914502720e-02,1.423228252e-01,8.586947183e-02,7.110136822e-02,1.276783406e-02,1.948012806e-01,0.000000000e+00,4.543416029e-02,4.633141e-16,3.037702e-17,3.998340e-18,2.329349e-03
0.950000,7.896002356e-02,1.415666767e-01,8.497991760e-02,7.072424574e-02,1.237152110e-02,1.845036881e-01,0.000000000e+00,4.485058096e-02,1.334680e-15,1.025589e-17,3.956967e-18,2.318448e-03
0.960000,7.876896235e-02,1.408144494e-01,8.411365999e-02,7.034906894e-02,1.198670145e-02,1.747497689e-01,0.000000000e+00,4.427893400e-02,6.790711e-16,9.400883e-18,2.528772e-18,2.296039e-03
0.970000,7.857201356e-02,1.400661282e-01,8.326998377e-02,6.997583044e-02,1.161308170e-02,1.655774117e-01,0.000000000e+00,4.371878920e-02,1.111191e-15,3.063595e-17,9.629278e-18,2.308479e-03
0.980000,7.836934642e-02,1.393216976e-01,8.244818053e-02,6.960452271e-02,1.125037383e-02,1.570276799e-01,0.000000000e+00,4.316973518e-02,1.777401e-15,6.279253e-18,2.168404e-18,2.306398e-03
0.990000,7.816112913e-02,1.385811418e-01,8.164755006e-02,6.923513809e-02,1.089829519e-02,1.491443742e-01,0.000000000e+00,4.263137869e-02,1.557519e-15,2.015246e-17,6.133174e-19,2.335939e-03
1.000000,7.794752869e-02,1.378444448e-01,8.086740165e-02,6.886766881e-02,1.055656855e-02,1.419730927e-01,0.000000000e+00,4.210334390e-02,1.777361e-15,2.259827e-17,2.682168e-18,2.361728e-03
1.010000,7.772871069e-02,1.371115904e-01,8.010705517e-02,6.850210696e-02,1.022492209e-02,1.355596395e-01,0.000000000e+00,4.158527167e-02,2.221168e-15,1.693578e-18,7.112895e-18,2.354420e-03
1.020000,7.750483916e-02,1.363825622e-01,7.936584211e-02,6.813844457e-02,9.903089418e-03,1.299476759e-01,0.000000000e+00,4.107681892e-02,1.334102e-15,1.765786e-17,2.211347e-18,2.368669e-03
1.030000,7.727607642e-02,1.356573436e-01,7.864310643e-02,6.777667355e-02,9.590809559e-03,1.251756190e-01,0.000000000e+00,4.057765794e-02,8.928355e-16,2.688871e-17,5.315909e-18,2.329019e-03
1.040000,7.704258294e-02,1.349359179e-01,7.793820535e-02,6.741678574e-02,9.287826934e-03,1.212729766e-01,0.000000000e+00,4.008747576e-02,4.504281e-16,8.705576e-18,2.742839e-18,2.338479e-03
1.050000,7.680451721e-02,1.342182682e-01,7.725051005e-02,6.705877292e-02,8.993891343e-03,1.182565458e-01,0.000000000e+00,3.960597351e-02,1.334056e-15,1.511541e-17,8.242789e-18,2.373179e-03
1.060000,7.656203563e-02,1.335043775e-01,7.657940620e-02,6.670262680e-02,8.708757933e-03,1.161271124e-01,0.000000000e+00,3.913286582e-02,1.110368e-15,1.591240e-17,2.538052e-18,2.375129e-03
1.070000,7.631529244e-02,1.327942288e-01,7.592429445e-02,6.634833903e-02,8.432187168e-03,1.148673622e-01,0.000000000e+00,3.866788023e-02,1.335102e-15,2.846258e-17,2.211347e-18,2.352379e-03
1.080000,7.606443957e-02,1.320878049e-01,7.528459084e-02,6.599590123e-02,8.163944786e-03,1.144415669e-01,0.000000000e+00,3.821075660e-02,8.910420e-16,1.579369e-17,4.610091e-18,2.334729e-03
1.090000,7.580962665e-02,1.313850885e-01,7.465972709e-02,6.564530495e-02,7.903801750e-03,1.147972316e-01,0.000000000e+00,3.776124658e-02,1.776401e-15,1.012438e-17,4.610091e-18,2.320319e-03
1.100000,7.555100087e-02,1.306860623e-01,7.404915083e-02,6.529654174e-02,7.651534206e-03,1.158684281e-01,0.000000000e+00,3.731911308e-02,8.910558e-16,2.461694e-17,1.226635e-18,2.327579e-03
1.110000,7.528870694e-02,1.299907089e-01,7.345232579e-02,6.494960310e-02,7.406923422e-03,1.175801620e-01,0.000000000e+00,3.688412974e-02,8.952368e-16,1.386603e-17,5.315909e-18,2.326039e-03
1.120000,7.502288708e-02,1.292990110e-01,7.286873187e-02,6.460448050e-02,7.169755733e-03,1.198529849e-01,0.000000000e+00,3.645608043e-02,1.334169e-15,2.390783e-17,7.059813e-18,2.321459e-03
1.130000,7.475368092e-02,1.286109510e-01,7.229786516e-02,6.426116541e-02,6.939822481e-03,1.226071666e-01,0.000000000e+00,3.603475878e-02,2.221620e-15,3.078419e-17,7.112895e-18,2.316308e-03
1.140000,7.448122551e-02,1.279265116e-01,7.173923797e-02,6.391964928e-02,6.716919949e-03,1.257659971e-01,0.000000000e+00,3.561996775e-02,6.713583e-16,4.859467e-17,1.145156e-17,2.355519e-03
1.150000,7.420565528e-02,1.272456753e-01,7.119237872e-02,6.357992353e-02,6.500849292e-03,1.292580702e-01,0.000000000e+00,3.521151914e-02,1.777523e-15,8.898387e-18,8.139463e-18,2.306508e-03
1.160000,7.392710200e-02,1.265684244e-01,7.065683182e-02,6.324197961e-02,6.291416474e-03,1.330186089e-01,0.000000000e+00,3.480923319e-02,2.001402e-15,3.182953e-17,4.336809e-18,2.314329e-03
1.170000,7.364569480e-02,1.258947417e-01,7.013215755e-02,6.290580892e-02,6.088432191e-03,1.369900166e-01,0.000000000e+00,3.441293818e-02,1.999203e-15,9.067289e-18,1.108222e-17,2.318299e-03
1.180000,7.336156013e-02,1.252246095e-01,6.961793184e-02,6.257140290e-02,5.891711799e-03,1.411218663e-01,0.000000000e+00,3.402247005e-02,1.337373e-15,4.750762e-17,5.966068e-18,2.334358e-03
1.190000,7.307482178e-02,1.245580103e-01,6.911374602e-02,6.223875298e-02,5.701075242e-03,1.453705304e-01,0.000000000e+00,3.363767199e-02,1.554796e-15,1.673504e-17,3.066587e-18,2.373840e-03
1.200000,7.278560087e-02,1.238949268e-01,6.861920661e-02,6.190785058e-02,5.516346973e-03,1.496986056e-01,0.000000000e+00,3.325839414e-02,1.999454e-15,3.418829e-17,6.447130e-18,2.361679e-03
1.210000,7.249401584e-02,1.232353415e-01,6.813393501e-02,6.157868715e-02,5.337355878e-03,1.540742514e-01,0.000000000e+00,3.288449318e-02,1.998680e-15,1.532249e-17,1.012438e-17,2.316819e-03
1.220000,7.220018248e-02,1.225792370e-01,6.765756720e-02,6.125125413e-02,5.163935197e-03,1.584705119e-01,0.000000000e+00,3.251583208e-02,1.778311e-15,8.757334e-18,3.705371e-18,2.312349e-03
1.230000,7.190421394e-02,1.219265958e-01,6.718975340e-02,6.092554300e-02,4.995922449e-03,1.628646710e-01,0.000000000e+00,3.215227973e-02,1.333474e-15,1.479492e-17,1.125901e-17,2.305808e-03
1.240000,7.160622072e-02,1.212774007e-01,6.673015776e-02,6.060154523e-02,4.833159346e-03,1.672376602e-01,0.000000000e+00,3.179371069e-02,1.554724e-15,2.082939e-17,8.456777e-18,2.304159e-03
1.250000,7.130631074e-02,1.206316343e-01,6.627845800e-02,6.027925232e-02,4.675491722e-03,1.715735325e-01,0.000000000e+00,3.144000486e-02,1.112737e-15,1.126165e-17,7.818293e-18,2.291959e-03
1.260000,7.100458931e-02,1.199892793e-01,6.583434501e-02,5.995865577e-02,4.522769444e-03,1.758590012e-01,0.000000000e+00,3.109104726e-02,2.221693e-15,1.234257e-17,2.453269e-18,2.299549e-03
1.270000,7.070115917e-02,1.193503185e-01,6.539752254e-02,5.963974713e-02,4.374846339e-03,1.800830426e-01,0.000000000e+00,3.074672772e-02,1.333669e-15,3.691522e-17,7.059813e-18,2.297149e-03
1.280000,7.039612054e-02,1.187147348e-01,6.496770677e-02,5.932251794e-02,4.231580112e-03,1.842365547e-01,0.000000000e+00,3.040694070e-02,2.001373e-15,2.448730e-17,3.730664e-18,2.300109e-03
1.290000,7.008957109e-02,1.180825110e-01,6.454462596e-02,5.900695978e-02,4.092832264e-03,1.883120673e-01,0.000000000e+00,3.007158500e-02,1.555358e-15,2.726187e-17,2.637978e-18,2.288028e-03
1.300000,6.978160605e-02,1.174536300e-01,6.412802003e-02,5.869306425e-02,3.958468018e-03,1.923034952e-01,0.000000000e+00,2.974056356e-02,1.777655e-15,1.336741e-17,1.361095e-17,2.291318e-03
1.310000,6.947231817e-02,1.168280748e-01,6.371764021e-02,5.838082298e-02,3.828356233e-03,1.962059295e-01,0.000000000e+00,2.941378326e-02,1.999583e-15,1.960556e-17,1.495413e-17,2.316399e-03
1.320000,6.916179781e-02,1.162058284e-01,6.331324867e-02,5.807022762e-02,3.702369331e-03,2.000154605e-01,0.000000000e+00,2.909115472e-02,2.007055e-15,3.043241e-17,7.006329e-18,2.308659e-03
1.330000,6.885013291e-02,1.155868739e-01,6.291461807e-02,5.776126984e-02,3.580383218e-03,2.037290282e-01,0.000000000e+00,2.877259208e-02,2.001315e-15,3.475135e-17,4.906539e-18,2.308469e-03
1.340000,6.853740908e-02,1.149711944e-01,6.252153124e-02,5.745394135e-02,3.462277204e-03,2.073442946e-01,0.000000000e+00,2.845801286e-02,1.114936e-15,4.498469e-17,8.101827e-18,2.298229e-03
1.350000,6.822370964e-02,1.143587733e-01,6.213378082e-02,5.714823389e-02,3.347933930e-03,2.108595366e-01,0.000000000e+00,2.814733774e-02,2.220749e-15,1.424728e-17,8.101827e-18,2.295489e-03
1.360000,6.790911560e-02,1.137495936e-01,6.175116881e-02,5.684413921e-02,3.237239287e-03,2.142735535e-01,0.000000000e+00,2.784049047e-02,2.221178e-15,3.062367e-17,3.679904e-18,2.318629e-03
1.370000,6.759370576e-02,1.131436388e-01,6.137350629e-02,5.654164911e-02,3.130082349e-03,2.175855896e-01,0.000000000e+00,2.753739764e-02,1.999199e-15,2.106989e-17,6.634042e-18,2.316159e-03
1.380000,6.727755669e-02,1.125408923e-01,6.100061305e-02,5.624075542e-02,3.026355291e-03,2.207952671e-01,0.000000000e+00,2.723798857e-02,1.777471e-15,1.239673e-17,1.788112e-18,2.299559e-03
1.390000,6.696074285e-02,1.119413375e-01,6.063231718e-02,5.594144998e-02,2.925953320e-03,2.239025292e-01,0.000000000e+00,2.694219517e-02,2.887660e-15,1.983238e-17,1.361095e-17,2.282169e-03
1.400000,6.664333653e-02,1.113449580e-01,6.026845482e-02,5.564372468e-02,2.828774600e-03,2.269075913e-01,0.000000000e+00,2.664995182e-02,1.999948e-15,4.012494e-17,5.898698e-18,2.288589e-03
1.410000,6.632540798e-02,1.107517373e-01,5.990886976e-02,5.534757145e-02,2.734720187e-03,2.298108991e-01,0.000000000e+00,2.636119522e-02,2.444449e-15,3.415237e-18,1.056082e-17,2.276768e-03
1.420000,6.600702538e-02,1.101616592e-01,5.955341316e-02,5.505298222e-02,2.643693949e-03,2.326130927e-01,0.000000000e+00,2.607586427e-02,1.778163e-15,3.357887e-17,7.573911e-18,2.284028e-03
1.430000,6.568825494e-02,1.095747073e-01,5.920194320e-02,5.475994899e-02,2.555602505e-03,2.353149754e-01,0.000000000e+00,2.579389998e-02,1.555379e-15,7.096557e-18,4.770490e-18,2.273018e-03
1.440000,6.536916090e-02,1.089908655e-01,5.885432481e-02,5.446846377e-02,2.470355154e-03,2.379174867e-01,0.000000000e+00,2.551524537e-02,1.777361e-15,3.539219e-17,4.091337e-18,2.339589e-03
1.450000,6.504980555e-02,1.084101176e-01,5.851042934e-02,5.417851860e-02,2.387863808e-03,2.404216797e-01,0.000000000e+00,2.523984534e-02,1.776672e-15,1.250927e-17,8.330737e-18,2.331069e-03
1.460000,6.473024936e-02,1.078324476e-01,5.817013432e-02,5.389010558e-02,2.308042927e-03,2.428287009e-01,0.000000000e+00,2.496764659e-02,1.999266e-15,1.273326e-17,1.358328e-17,2.294239e-03
1.470000,6.441055091e-02,1.072578396e-01,5.783332314e-02,5.360321681e-02,2.230809453e-03,2.451397725e-01,0.000000000e+00,2.469859754e-02,2.221921e-15,5.085463e-17,1.293794e-17,2.292419e-03
1.480000,6.409076701e-02,1.066862775e-01,5.749988480e-02,5.331784444e-02,2.156082747e-03,2.473561781e-01,0.000000000e+00,2.443264821e-02,2.445060e-15,1.853264e-17,2.038761e-17,2.298419e-03
1.490000,6.377095270e-02,1.061177456e-01,5.716971365e-02,5.303398067e-02,2.083784528e-03,2.494792491e-01,0.000000000e+00,2.416975019e-02,2.221367e-15,1.701369e-17,3.066587e-18,2.321089e-03
1.500000,6.345116130e-02,1.055522280e-01,5.684270916e-02,5.275161771e-02,2.013838810e-03,2.515103541e-01,0.000000000e+00,2.390985653e-02,1.778284e-15,2.542454e-17,8.898387e-18,2.306359e-03
1.510000,6.313144445e-02,1.049897092e-01,5.651877565e-02,5.247074781e-02,1.946171845e-03,2.534508883e-01,0.000000000e+00,2.365292169e-02,2.443262e-15,1.048500e-17,1.205758e-17,2.278349e-03
1.520000,6.281185214e-02,1.044301734e-01,5.619782208e-02,5.219136326e-02,1.880712059e-03,2.553022661e-01,0.000000000e+00,2.339890142e-02,1.112622e-15,3.699692e-17,1.056082e-17,2.290078e-03
1.530000,6.249243277e-02,1.038736051e-01,5.587976183e-02,5.191345639e-02,1.817390000e-03,2.570659131e-01,0.000000000e+00,2.314775278e-02,1.778336e-15,1.936083e-17,5.834579e-18,2.308578e-03
1.540000,6.217323317e-02,1.033199889e-01,5.556451248e-02,5.163701955e-02,1.756138276e-03,2.587432602e-01,0.000000000e+00,2.289943400e-02,2.225102e-15,3.082358e-17,1.154764e-17,2.315789e-03
1.550000,6.185429862e-02,1.027693093e-01,5.525199561e-02,5.136204512e-02,1.696891508e-03,2.603357381e-01,0.000000000e+00,2.265390447e-02,2.665340e-15,1.734723e-17,1.361095e-17,2.301979e-03
1.560000,6.153567294e-02,1.022215510e-01,5.494213661e-02,5.108852555e-02,1.639586264e-03,2.618447728e-01,0.000000000e+00,2.241112468e-02,2.001886e-15,3.430810e-17,1.030848e-17,2.295789e-03
1.570000,6.121739846e-02,1.016766988e-01,5.463486448e-02,5.081645329e-02,1.584161019e-03,2.632717819e-01,0.000000000e+00,2.217105614e-02,2.220696e-15,2.032322e-17,9.189533e-18,2.293089e-03
1.580000,6.089951612e-02,1.011347374e-01,5.433011168e-02,5.054582084e-02,1.530556093e-03,2.646181708e-01,0.000000000e+00,2.193366137e-02,1.776998e-15,2.770264e-17,1.939480e-18,2.294248e-03
1.590000,6.058206545e-02,1.005956518e-01,5.402781392e-02,5.027662073e-02,1.478713605e-03,2.658853306e-01,0.000000000e+00,2.169890382e-02,2.003654e-15,6.550486e-17,1.433773e-17,2.291449e-03
1.600000,6.026508465e-02,1.000594268e-01,5.372791001e-02,5.000884552e-02,1.428577423e-03,2.670746354e-01,0.000000000e+00,2.146674787e-02,1.999636e-15,1.788112e-17,1.280644e-17,2.291079e-03
1.610000,5.994861058e-02,9.952604758e-02,5.343034173e-02,4.974248782e-02,1.380093117e-03,2.681874407e-01,0.000000000e+00,2.123715872e-02,1.776680e-15,1.304302e-17,1.110765e-17,2.287019e-03
1.620000,5.963267884e-02,9.899549918e-02,5.313505365e-02,4.947754026e-02,1.333207908e-03,2.692250818e-01,0.000000000e+00,2.101010243e-02,1.556686e-15,3.604055e-17,8.239937e-18,2.295139e-03
1.630000,5.931732376e-02,9.846776678e-02,5.284199301e-02,4.921399552e-02,1.287870624e-03,2.701888728e-01,0.000000000e+00,2.078554584e-02,2.445846e-15,2.732211e-17,1.675715e-17,2.371379e-03
1.640000,5.900257847e-02,9.794283563e-02,5.255110954e-02,4.895184629e-02,1.244031655e-03,2.710801060e-01,0.000000000e+00,2.056345652e-02,2.220610e-15,4.034285e-17,1.673469e-17,2.295898e-03
1.650000,5.868847491e-02,9.742069105e-02,5.226235541e-02,4.869108532e-02,1.201642911e-03,2.719000508e-01,0.000000000e+00,2.034380278e-02,2.444385e-15,1.769078e-17,8.586443e-18,2.337149e-03
1.660000,5.837504386e-02,9.690131843e-02,5.197568501e-02,4.843170539e-02,1.160657773e-03,2.726499543e-01,0.000000000e+00,2.012655362e-02,1.998599e-15,1.506222e-17,9.311523e-18,2.367809e-03
1.670000,5.806231498e-02,9.638470322e-02,5.169105493e-02,4.817369930e-02,1.121031059e-03,2.733310405e-01,0.000000000e+00,1.991167870e-02,1.555634e-15,1.860410e-17,4.848700e-18,2.296538e-03
1.680000,5.775031683e-02,9.587083097e-02,5.140842377e-02,4.791705990e-02,1.082718975e-03,2.739445109e-01,0.000000000e+00,1.969914829e-02,2.223973e-15,4.736512e-17,4.114258e-18,2.344649e-03
1.690000,5.743907692e-02,9.535968728e-02,5.112775206e-02,4.766178006e-02,1.045679083e-03,2.744915445e-01,0.000000000e+00,1.948893330e-02,3.108809e-15,1.084202e-17,1.044442e-17,2.306238e-03
1.700000,5.712862171e-02,9.485125781e-02,5.084900219e-02,4.740785270e-02,1.009870255e-03,2.749732988e-01,0.000000000e+00,1.928100519e-02,1.999739e-15,6.137475e-17,9.199761e-18,2.304019e-03
1.710000,5.681897666e-02,9.434552833e-02,5.057213827e-02,4.715527076e-02,9.752526389e-04,2.753909102e-01,0.000000000e+00,1.907533601e-02,2.220641e-15,2.119969e-17,1.578622e-17,2.308759e-03
1.720000,5.651016625e-02,9.384248465e-02,5.029712605e-02,4.690402723e-02,9.417876227e-04,2.757454947e-01,0.000000000e+00,1.887189832e-02,2.442523e-15,2.915536e-17,1.599336e-17,2.285599e-03
1.730000,5.620221402e-02,9.334211265e-02,5.002393284e-02,4.665411512e-02,9.094377951e-04,2.760381490e-01,0.000000000e+00,1.867066520e-02,1.999199e-15,2.444918e-17,2.453269e-18,2.312448e-03
1.740000,5.589514255e-02,9.284439829e-02,4.975252744e-02,4.640552748e-02,8.781669124e-04,2.762699518e-01,0.000000000e+00,1.847161025e-02,1.779861e-15,3.271058e-17,2.722190e-17,2.332688e-03
1.750000,5.558897357e-02,9.234932760e-02,4.948288004e-02,4.615825739e-02,8.479398639e-04,2.764419646e-01,0.000000000e+00,1.827470753e-02,1.555625e-15,1.757478e-17,2.528772e-17,2.324859e-03
1.760000,5.528372788e-02,9.185688668e-02,4.921496214e-02,4.591229797e-02,8.187226384e-04,2.765552330e-01,0.000000000e+00,1.807993154e-02,2.443000e-15,2.463311e-17,2.907926e-17,2.306019e-03
1.770000,5.497942548e-02,9.136706170e-02,4.894874651e-02,4.566764237e-02,7.904822922e-04,2.766107883e-01,0.000000000e+00,1.788725726e-02,2.446094e-15,2.601453e-17,2.251802e-17,2.310798e-03
1.780000,5.467608551e-02,9.087983888e-02,4.868420709e-02,4.542428377e-02,7.631869173e-04,2.766096492e-01,0.000000000e+00,1.769666009e-02,2.887218e-15,3.299468e-17,1.715645e-17,2.293458e-03
1.790000,5.437372632e-02,9.039520453e-02,4.842131896e-02,4.518221539e-02,7.368056104e-04,2.765528225e-01,0.000000000e+00,1.750811582e-02,1.555456e-15,1.044442e-17,7.269816e-18,2.295938e-03
1.800000,5.407236550e-02,8.991314504e-02,4.816005824e-02,4.494143048e-02,7.113084435e-04,2.764413058e-01,0.000000000e+00,1.732160067e-02,2.220496e-15,1.067815e-17,2.528772e-17,2.296999e-03
1.810000,5.377201984e-02,8.943364683e-02,4.790040207e-02,4.470192232e-02,6.866664345e-04,2.762760881e-01,0.000000000e+00,1.713709122e-02,2.221977e-15,2.531095e-17,1.044442e-17,2.297878e-03
1.820000,5.347270545e-02,8.895669642e-02,4.764232854e-02,4.446368423e-02,6.628515189e-04,2.760581526e-01,0.000000000e+00,1.695456444e-02,1.998892e-15,6.248768e-17,1.301043e-17,2.287988e-03
1.830000,5.317443767e-02,8.848228039e-02,4.738581663e-02,4.422670957e-02,6.398365223e-04,2.757884780e-01,0.000000000e+00,1.677399765e-02,1.334602e-15,3.481775e-17,9.271038e-18,2.326159e-03
1.840000,5.287723120e-02,8.801038538e-02,4.713084617e-02,4.399099170e-02,6.175951335e-04,2.754680402e-01,0.000000000e+00,1.659536853e-02,2.002340e-15,7.012534e-17,1.977889e-17,2.294548e-03
1.850000,5.258110004e-02,8.754099810e-02,4.687739781e-02,4.375652406e-02,5.961018787e-04,2.750978147e-01,0.000000000e+00,1.641865509e-02,2.220718e-15,2.091695e-17,7.854295e-18,2.345549e-03
1.860000,5.228605754e-02,8.707410534e-02,4.662545294e-02,4.352330007e-02,5.753320958e-04,2.746787786e-01,0.000000000e+00,1.624383568e-02,2.220940e-15,8.652945e-17,2.755154e-17,2.330178e-03
1.870000,5.199211642e-02,8.660969394e-02,4.637499369e-02,4.329131324e-02,5.552619100e-04,2.742119121e-01,0.000000000e+00,1.607088896e-02,1.557708e-15,3.395354e-17,2.521324e-17,2.360190e-03
1.880000,5.169928879e-02,8.614775081e-02,4.612600286e-02,4.306055706e-02,5.358682099e-04,2.736982013e-01,0.000000000e+00,1.589979390e-02,1.999856e-15,1.684112e-17,1.786007e-17,2.346059e-03
1.890000,5.140758618e-02,8.568826293e-02,4.587846390e-02,4.283102508e-02,5.171286241e-04,2.731386398e-01,0.000000000e+00,1.573052978e-02,2.443311e-15,3.184603e-17,5.834579e-18,2.309239e-03
1.900000,5.111701950e-02,8.523121734e-02,4.563236087e-02,4.260271088e-02,4.990214985e-04,2.725342314e-01,0.000000000e+00,1.556307615e-02,2.443491e-15,5.254624e-17,6.992894e-18,2.333219e-03
1.910000,5.082759915e-02,8.477660117e-02,4.538767839e-02,4.237560807e-02,4.815258745e-04,2.718859919e-01,0.000000000e+00,1.539741288e-02,1.998480e-15,3.083788e-17,1.430490e-17,2.302019e-03
1.920000,5.053933495e-02,8.432440157e-02,4.514440164e-02,4.214971028e-02,4.646214676e-04,2.711949514e-01,0.000000000e+00,1.523352010e-02,2.220514e-15,4.357630e-17,8.845389e-18,2.283179e-03
1.930000,5.025223623e-02,8.387460580e-02,4.490251633e-02,4.192501120e-02,4.482886466e-04,2.704621570e-01,0.000000000e+00,1.507137820e-02,2.444557e-15,4.911436e-17,1.301765e-17,2.304478e-03
1.940000,4.996631177e-02,8.342720115e-02,4.466200863e-02,4.170150451e-02,4.325084135e-04,2.696886747e-01,0.000000000e+00,1.491096785e-02,1.778115e-15,2.507884e-17,8.940560e-18,2.319499e-03
1.950000,4.968156989e-02,8.298217500e-02,4.442286518e-02,4.147918397e-02,4.172623836e-04,2.688755919e-01,0.000000000e+00,1.475226996e-02,1.999974e-15,3.184529e-17,2.153172e-17,2.320439e-03
1.960000,4.939801841e-02,8.253951478e-02,4.418507308e-02,4.125804333e-02,4.025327673e-04,2.680240199e-01,0.000000000e+00,1.459526572e-02,2.665403e-15,1.159032e-17,1.999170e-17,2.342509e-03
1.970000,4.911566471e-02,8.209920799e-02,4.394861981e-02,4.103807639e-02,3.883023505e-04,2.671350960e-01,0.000000000e+00,1.443993653e-02,2.222153e-15,3.180983e-17,1.788112e-18,2.325069e-03
1.980000,4.883451568e-02,8.166124219e-02,4.371349327e-02,4.081927698e-02,3.745544779e-04,2.662099865e-01,0.000000000e+00,1.428626406e-02,1.778211e-15,7.767883e-17,1.411963e-17,2.302448e-03
1.990000,4.855457783e-02,8.122560500e-02,4.347968170e-02,4.060163896e-02,3.612730346e-04,2.652498881e-01,0.000000000e+00,1.413423020e-02,2.221764e-15,4.700238e-17,1.275494e-17,2.266289e-03
2.000000,4.827585720e-02,8.079228412e-02,4.324717373e-02,4.038515623e-02,3.484424296e-04,2.642560315e-01,0.000000000e+00,1.398381706e-02,1.555880e-15,4.145454e-17,4.292564e-17,2.252319e-03
2.010000,4.799835944e-02,8.036126728e-02,4.301595828e-02,4.016982269e-02,3.360475796e-04,2.632296829e-01,0.000000000e+00,1.383500699e-02,2.886901e-15,6.004405e-17,2.987366e-17,2.282879e-03
2.020000,4.772208982e-02,7.993254231e-02,4.278602462e-02,3.995563230e-02,3.240738929e-04,2.621721469e-01,0.000000000e+00,1.368778256e-02,2.442654e-15,5.520921e-17,8.228516e-18,2.272388e-03
2.030000,4.744705321e-02,7.950609708e-02,4.255736230e-02,3.974257904e-02,3.125072537e-04,2.610847685e-01,0.000000000e+00,1.354212654e-02,2.227672e-15,3.399627e-17,8.553524e-18,2.271529e-03
2.040000,4.717325412e-02,7.908191952e-02,4.232996116e-02,3.953065693e-02,3.013340076e-04,2.599689360e-01,0.000000000e+00,1.339802192e-02,1.778316e-15,2.110382e-17,3.334834e-17,2.268289e-03
2.050000,4.690069669e-02,7.865999763e-02,4.210381129e-02,3.931986001e-02,2.905409468e-04,2.588260828e-01,0.000000000e+00,1.325545190e-02,2.446344e-15,2.450297e-17,7.059813e-18,2.277058e-03
2.060000,4.662938471e-02,7.824031948e-02,4.187890307e-02,3.911018234e-02,2.801152959e-04,2.576576897e-01,0.000000000e+00,1.311439988e-02,2.222527e-15,1.221256e-17,4.043246e-17,2.286799e-03
2.070000,4.635932166e-02,7.782287318e-02,4.165522707e-02,3.890161803e-02,2.700446986e-04,2.564652875e-01,0.000000000e+00,1.297484945e-02,1.556363e-15,3.453146e-17,1.086801e-17,2.276598e-03
2.080000,4.609051068e-02,7.740764692e-02,4.143277414e-02,3.869416122e-02,2.603172038e-04,2.552504587e-01,0.000000000e+00,1.283678441e-02,2.443255e-15,2.407710e-17,3.705371e-18,2.292948e-03
2.090000,4.582295459e-02,7.699462893e-02,4.121153531e-02,3.848780605e-02,2.509212536e-04,2.540148396e-01,0.000000000e+00,1.270018873e-02,1.998601e-15,6.702615e-17,1.371419e-17,2.285499e-03
2.100000,4.555665592e-02,7.658380752e-02,4.099150183e-02,3.828254673e-02,2.418456699e-04,2.527601226e-01,0.000000000e+00,1.256504660e-02,2.000506e-15,3.141718e-17,1.839952e-17,2.283098e-03
2.110000,4.529161690e-02,7.617517104e-02,4.077266514e-02,3.807837747e-02,2.330796429e-04,2.514880574e-01,0.000000000e+00,1.243134237e-02,2.451692e-15,5.588639e-17,2.112164e-17,2.278179e-03
2.120000,4.502783946e-02,7.576870793e-02,4.055501687e-02,3.787529252e-02,2.246127192e-04,2.502004531e-01,0.000000000e+00,1.229906057e-02,1.999654e-15,8.049192e-17,1.318989e-17,2.273318e-03
2.130000,4.476532530e-02,7.536440665e-02,4.033854882e-02,3.767328616e-02,2.164347905e-04,2.488991795e-01,0.000000000e+00,1.216818593e-02,1.999473e-15,1.060747e-17,1.457194e-17,2.269899e-03
2.140000,4.450407581e-02,7.496225576e-02,4.012325297e-02,3.747235270e-02,2.085360823e-04,2.475861685e-01,0.000000000e+00,1.203870334e-02,2.444051e-15,5.566383e-17,1.844036e-17,2.282439e-03
2.150000,4.424409214e-02,7.456224384e-02,3.990912144e-02,3.727248646e-02,2.009071435e-04,2.462634149e-01,0.000000000e+00,1.191059787e-02,2.221283e-15,5.898698e-18,3.127317e-18,2.288528e-03
2.160000,4.398537520e-02,7.416435956e-02,3.969614651e-02,3.707368182e-02,1.935388360e-04,2.449329778e-01,0.000000000e+00,1.178385475e-02,2.001297e-15,1.037658e-16,9.471733e-18,2.276878e-03
2.170000,4.372792566e-02,7.376859162e-02,3.948432061e-02,3.687593317e-02,1.864223244e-04,2.435969804e-01,0.000000000e+00,1.165845939e-02,2.448671e-15,8.423797e-17,4.128177e-17,2.304939e-03
2.180000,4.347174394e-02,7.337492881e-02,3.927363629e-02,3.667923492e-02,1.795490667e-04,2.422576108e-01,0.000000000e+00,1.153439735e-02,2.665757e-15,2.842843e-17,1.620365e-17,2.290158e-03
2.190000,4.321683027e-02,7.298335996e-02,3.906408626e-02,3.648358154e-02,1.729108043e-04,2.409171220e-01,0.000000000e+00,1.141165438e-02,1.555315e-15,3.964327e-17,2.438274e-17,2.284399e-03
2.200000,4.296318463e-02,7.259387394e-02,3.885566332e-02,3.628896749e-02,1.664995535e-04,2.395778310e-01,0.000000000e+00,1.129021635e-02,1.337518e-15,3.495640e-17,1.163688e-17,2.272888e-03
2.210000,4.271080683e-02,7.220645971e-02,3.864836041e-02,3.609538728e-02,1.603075961e-04,2.382421183e-01,0.000000000e+00,1.117006933e-02,2.446379e-15,6.248768e-17,3.817377e-17,2.271848e-03
2.220000,4.245969643e-02,7.182110627e-02,3.844217057e-02,3.590283545e-02,1.543274712e-04,2.369124264e-01,0.000000000e+00,1.105119952e-02,1.780759e-15,4.832380e-17,6.605630e-18,2.277109e-03
2.230000,4.220985285e-02,7.143780267e-02,3.823708696e-02,3.571130655e-02,1.485519666e-04,2.355912582e-01,0.000000000e+00,1.093359328e-02,3.108735e-15,1.041060e-17,2.715272e-17,2.283558e-03
2.240000,4.196127528e-02,7.105653804e-02,3.803310284e-02,3.552079519e-02,1.429741110e-04,2.342811748e-01,0.000000000e+00,1.081723711e-02,2.221217e-15,3.551486e-17,6.992894e-18,2.273889e-03
2.250000,4.171396277e-02,7.067730154e-02,3.783021156e-02,3.533129596e-02,1.375871661e-04,2.329847921e-01,0.000000000e+00,1.070211769e-02,2.889029e-15,3.696478e-17,3.314185e-17,2.281108e-03
2.260000,4.146791415e-02,7.030008240e-02,3.762840658e-02,3.514280352e-02,1.323846190e-04,2.317047783e-01,0.000000000e+00,1.058822181e-02,1.776824e-15,1.257675e-17,3.675813e-17,2.278959e-03
2.270000,4.122312812e-02,6.992486991e-02,3.742768143e-02,3.495531254e-02,1.273601748e-04,2.304438488e-01,0.000000000e+00,1.047553643e-02,1.778023e-15,1.636535e-17,1.563659e-17,2.275938e-03
2.280000,4.097960320e-02,6.955165340e-02,3.722802974e-02,3.476881772e-02,1.225077499e-04,2.292047623e-01,0.000000000e+00,1.036404865e-02,1.776394e-15,5.246105e-17,1.609301e-17,2.293549e-03
2.290000,4.073733778e-02,6.918042226e-02,3.702944522e-02,3.458331378e-02,1.178214648e-04,2.279903151e-01,0.000000000e+00,1.025374570e-02,2.887799e-15,3.353183e-17,2.853409e-17,2.301399e-03
2.300000,4.049633005e-02,6.881116595e-02,3.683192166e-02,3.439879547e-02,1.132956376e-04,2.268033346e-01,0.000000000e+00,1.014461495e-02,1.998537e-15,4.385326e-17,6.774312e-18,2.290249e-03
2.310000,4.025657811e-02,6.844387396e-02,3.663545292e-02,3.421525758e-02,1.089247774e-04,2.256466732e-01,0.000000000e+00,1.003664393e-02,2.221401e-15,4.527138e-17,3.169433e-17,2.417370e-03
2.320000,4.001807989e-02,6.807853585e-02,3.644003293e-02,3.403269492e-02,1.047035784e-04,2.245231999e-01,0.000000000e+00,9.929820289e-03,2.665392e-15,3.079134e-17,1.645703e-17,2.298889e-03
2.330000,3.978083319e-02,6.771514124e-02,3.624565571e-02,3.385110230e-02,1.006269138e-04,2.234357926e-01,0.000000000e+00,9.824131802e-03,2.220462e-15,7.161383e-17,2.717003e-17,2.300039e-03
2.340000,3.954483569e-02,6.735367978e-02,3.605231534e-02,3.367047460e-02,9.668982960e-05,2.223873284e-01,0.000000000e+00,9.719566392e-03,2.225250e-15,5.442695e-17,3.080050e-17,2.290018e-03
2.350000,3.931008493e-02,6.699414121e-02,3.586000594e-02,3.349080670e-02,9.288753962e-05,2.213806742e-01,0.000000000e+00,9.616112106e-03,1.998459e-15,2.838623e-17,1.582787e-17,2.287398e-03
2.360000,3.907657835e-02,6.663651528e-02,3.566872172e-02,3.331209351e-02,8.921541956e-05,2.204186758e-01,0.000000000e+00,9.513757124e-03,2.000789e-15,3.529907e-17,2.168404e-17,2.305258e-03
2.370000,3.884431327e-02,6.628079182e-02,3.547845694e-02,3.313432997e-02,8.566900194e-05,2.195041471e-01,0.000000000e+00,9.412489750e-03,1.555392e-15,1.788112e-17,2.909220e-17,2.304509e-03
2.380000,3.861328689e-02,6.592696072e-02,3.528920592e-02,3.295751105e-02,8.224397097e-05,2.186398575e-01,0.000000000e+00,9.312298417e-03,2.000842e-15,6.376178e-17,1.824039e-17,2.309198e-03
2.390000,3.838349632e-02,6.557501191e-02,3.510096304e-02,3.278163173e-02,7.893615767e-05,2.178285203e-01,0.000000000e+00,9.213171681e-03,1.570621e-15,4.947812e-17,1.872377e-17,2.293879e-03
2.400000,3.815493854e-02,6.522493536e-02,3.491372272e-02,3.260668703e-02,7.574153508e-05,2.170727795e-01,0.000000000e+00,9.115098224e-03,1.780878e-15,2.647940e-17,1.590492e-17,2.284839e-03
2.410000,3.792761046e-02,6.487672111e-02,3.472747945e-02,3.243267199e-02,7.265621372e-05,2.163751964e-01,0.000000000e+00,9.018066846e-03,2.223535e-15,2.114055e-17,2.132105e-17,2.294009e-03
2.420000,3.770150889e-02,6.453035925e-02,3.454222776e-02,3.225958168e-02,6.967643712e-05,2.157382362e-01,0.000000000e+00,8.922066471e-03,1.999769e-15,1.684112e-17,1.662192e-17,2.289659e-03
2.430000,3.747663055e-02,6.418583992e-02,3.435796222e-02,3.208741120e-02,6.679857759e-05,2.151642546e-01,0.000000000e+00,8.827086139e-03,2.443619e-15,7.361980e-17,3.810473e-17,2.291399e-03
2.440000,3.725297206e-02,6.384315331e-02,3.417467747e-02,3.191615565e-02,6.401913207e-05,2.146554839e-01,0.000000000e+00,8.733115010e-03,2.222332e-15,1.215081e-17,2.221530e-17,2.320579e-03
2.450000,3.703052996e-02,6.350228966e-02,3.399236817e-02,3.174581019e-02,6.133471821e-05,2.142140196e-01,0.000000000e+00,8.640142360e-03,1.778142e-15,5.284504e-17,2.135631e-17,2.312388e-03
2.460000,3.680930074e-02,6.316323927e-02,3.381102904e-02,3.157636998e-02,5.874207050e-05,2.138418074e-01,0.000000000e+00,8.548157578e-03,2.220549e-15,6.455875e-17,1.648558e-17,2.292888e-03
2.470000,3.658928077e-02,6.282599247e-02,3.363065485e-02,3.140783022e-02,5.623803662e-05,2.135406300e-01,0.000000000e+00,8.457150169e-03,2.668470e-15,5.125697e-17,2.987051e-17,2.292279e-03
2.480000,3.637046638e-02,6.249053967e-02,3.345124039e-02,3.124018613e-02,5.381957391e-05,2.133120958e-01,0.000000000e+00,8.367109749e-03,2.446007e-15,9.464979e-17,1.784427e-17,2.278628e-03
2.490000,3.615285382e-02,6.215687130e-02,3.327278051e-02,3.107343294e-02,5.148374602e-05,2.131576269e-01,0.000000000e+00,8.278026045e-03,1.779194e-15,3.822547e-17,3.105591e-17,2.284029e-03
2.500000,3.593643926e-02,6.182497787e-02,3.309527008e-02,3.090756593e-02,4.922771960e-05,2.130784494e-01,0.000000000e+00,8.189888894e-03,1.117340e-15,1.709055e-17,2.399004e-17,2.312028e-03
2.510000,3.572121883e-02,6.149484992e-02,3.291870403e-02,3.074258040e-02,4.704876128e-05,2.130755835e-01,0.000000000e+00,8.102688243e-03,2.443479e-15,3.623247e-17,2.240498e-17,2.297898e-03
2.520000,3.550718857e-02,6.116647804e-02,3.274307731e-02,3.057847165e-02,4.494423468e-05,2.131498363e-01,0.000000000e+00,8.016414144e-03,2.443262e-15,7.573911e-18,3.918517e-17,2.293578e-03
2.530000,3.529434449e-02,6.083985288e-02,3.256838492e-02,3.041523503e-02,4.291159764e-05,2.133017945e-01,0.000000000e+00,7.931056757e-03,2.220676e-15,2.194271e-17,3.648079e-17,2.294709e-03
2.540000,3.508268254e-02,6.051496513e-02,3.239462188e-02,3.025286591e-02,4.094839955e-05,2.135318194e-01,0.000000000e+00,7.846606346e-03,2.887575e-15,5.969220e-17,2.399004e-17,2.286368e-03
2.550000,3.487219859e-02,6.019180554e-02,3.222178325e-02,3.009135968e-02,3.905227890e-05,2.138400436e-01,0.000000000e+00,7.763053279e-03,2.443501e-15,8.589947e-17,3.979480e-17,2.299068e-03
2.560000,3.466288849e-02,5.987036490e-02,3.204986413e-02,2.993071175e-02,3.722096100e-05,2.142263683e-01,0.000000000e+00,7.680388028e-03,2.887818e-15,5.484477e-17,2.691967e-17,2.276599e-03
2.570000,3.445474802e-02,5.955063404e-02,3.187885964e-02,2.977091757e-02,3.545225578e-05,2.146904633e-01,0.000000000e+00,7.598601164e-03,2.443322e-15,2.787728e-17,1.327517e-17,2.287358e-03
2.580000,3.424777294e-02,5.923260387e-02,3.170876495e-02,2.961197259e-02,3.374405594e-05,2.152317680e-01,0.000000000e+00,7.517683361e-03,2.887651e-15,3.434851e-17,6.133174e-18,2.289978e-03
2.590000,3.404195894e-02,5.891626530e-02,3.153957525e-02,2.945387230e-02,3.209433519e-05,2.158494941e-01,0.000000000e+00,7.437625391e-03,3.552856e-15,5.806953e-17,1.668404e-17,2.308039e-03
2.600000,3.383730168e-02,5.860160934e-02,3.137128576e-02,2.929661221e-02,3.050114684e-05,2.165426297e-01,0.000000000e+00,7.358418125e-03,2.667808e-15,4.285329e-17,7.854295e-18,2.306209e-03
2.610000,3.363379678e-02,5.828862701e-02,3.120389173e-02,2.914018786e-02,2.896262252e-05,2.173099452e-01,0.000000000e+00,7.280052530e-03,2.221886e-15,5.386030e-17,4.558396e-17,2.302229e-03
2.620000,3.343143982e-02,5.797730940e-02,3.103738844e-02,2.898459481e-02,2.747697138e-05,2.181500005e-01,0.000000000e+00,7.202519670e-03,1.780208e-15,4.789376e-17,2.126806e-17,2.291239e-03
2.630000,3.323022635e-02,5.766764764e-02,3.087177120e-02,2.882982863e-02,2.604247954e-05,2.190611528e-01,0.000000000e+00,7.125810704e-03,2.001406e-15,1.788112e-17,3.066587e-17,2.299699e-03
2.640000,3.303015188e-02,5.735963289e-02,3.070703534e-02,2.867588493e-02,2.465750998e-05,2.200415665e-01,0.000000000e+00,7.049916886e-03,2.225073e-15,7.072589e-17,3.810473e-17,2.683691e-03
2.650000,3.283121190e-02,5.705325639e-02,3.054317623e-02,2.852275934e-02,2.332050303e-05,2.210892237e-01,0.000000000e+00,6.974829561e-03,2.665195e-15,6.185846e-17,1.824039e-17,4.049855e-03
2.660000,3.263340185e-02,5.674850940e-02,3.038018925e-02,2.837044751e-02,2.202997733e-05,2.222019349e-01,0.000000000e+00,6.900540168e-03,1.776862e-15,2.085730e-17,1.250927e-17,2.401790e-03
2.670000,3.243671717e-02,5.644538325e-02,3.021806984e-02,2.821894512e-02,2.078453173e-05,2.233773517e-01,0.000000000e+00,6.827040236e-03,2.220817e-15,2.567523e-17,7.410742e-18,2.263108e-03
2.680000,3.224115324e-02,5.614386929e-02,3.005681341e-02,2.806824785e-02,1.958284801e-05,2.246129787e-01,0.000000000e+00,6.754321384e-03,2.221726e-15,8.874259e-17,4.598858e-17,2.303708e-03
2.690000,3.204670545e-02,5.584395893e-02,2.989641546e-02,2.791835144e-02,1.842369487e-05,2.259061867e-01,0.000000000e+00,6.682375320e-03,1.777614e-15,1.388456e-17,1.636535e-17,2.288589e-03
2.700000,3.185336913e-02,5.554564363e-02,2.973687146e-02,2.776925162e-02,1.730593336e-05,2.272542259e-01,0.000000000e+00,6.611193842e-03,2.887816e-15,7.520707e-17,3.265015e-17,2.286578e-03
2.710000,3.166113962e-02,5.524891490e-02,2.957817693e-02,2.762094416e-02,1.622852432e-05,2.286542388e-01,0.000000000e+00,6.540768834e-03,2.220542e-15,2.949349e-17,5.120374e-17,2.301069e-03
2.720000,3.147001223e-02,5.495376427e-02,2.942032741e-02,2.747342485e-02,1.519053828e-05,2.301032739e-01,0.000000000e+00,6.471092264e-03,2.665274e-15,2.832238e-17,1.087666e-17,2.282849e-03
2.730000,3.127998224e-02,5.466018334e-02,2.926331848e-02,2.732668950e-02,1.419116860e-05,2.315982987e-01,0.000000000e+00,6.402156189e-03,2.221015e-15,3.786955e-17,2.955719e-17,2.286388e-03
2.740000,3.109104493e-02,5.436816376e-02,2.910714570e-02,2.718073395e-02,1.322974894e-05,2.331362122e-01,0.000000000e+00,6.333952749e-03,2.221246e-15,4.195736e-17,4.350664e-17,2.305319e-03
2.750000,3.090319555e-02,5.407769720e-02,2.895180470e-02,2.703555404e-02,1.230577629e-05,2.347138580e-01,0.000000000e+00,6.266474166e-03,2.224381e-15,2.709725e-17,1.882894e-17,2.290348e-03
2.760000,3.071642934e-02,5.378877539e-02,2.879729110e-02,2.689114566e-02,1.141894155e-05,2.363280365e-01,0.000000000e+00,6.199712748e-03,2.665136e-15,1.467483e-17,6.254634e-18,2.372139e-03
2.770000,3.053074154e-02,5.350139010e-02,2.864360056e-02,2.674750470e-02,1.056917002e-05,2.379755160e-01,0.000000000e+00,6.133660882e-03,2.442533e-15,3.368224e-17,1.110765e-17,2.308998e-03
2.780000,3.034612734e-02,5.321553316e-02,2.849072876e-02,2.660462709e-02,9.756675100e-06,2.396530448e-01,0.000000000e+00,6.068311036e-03,2.443176e-15,2.385245e-17,1.996817e-17,2.395929e-03
2.790000,3.016258196e-02,5.293119642e-02,2.833867139e-02,2.646250878e-02,8.982029417e-06,2.413573611e-01,0.000000000e+00,6.003655759e-03,3.331036e-15,5.594315e-17,1.675715e-17,2.317779e-03
2.800000,2.998010060e-02,5.264837179e-02,2.818742416e-02,2.632114572e-02,8.246258470e-06,2.430852038e-01,0.000000000e+00,5.939687680e-03,2.230887e-15,3.576224e-17,1.411963e-17,2.579900e-03
2.810000,2.979867842e-02,5.236705122e-02,2.803698283e-02,2.618053391e-02,7.550962462e-06,2.448333214e-01,0.000000000e+00,5.876399505e-03,2.443121e-15,4.520486e-17,1.497299e-17,2.309508e-03
2.820000,2.961831062e-02,5.208722670e-02,2.788734314e-02,2.604066935e-02,6.898470934e-06,2.465984813e-01,0.000000000e+00,5.813784017e-03,2.000193e-15,7.351626e-17,1.226635e-18,2.541990e-03
2.830000,2.943899236e-02,5.180889028e-02,2.773850087e-02,2.590154808e-02,6.292029837e-06,2.483774780e-01,0.000000000e+00,5.751834077e-03,2.222573e-15,5.764041e-17,1.549765e-17,2.433119e-03
2.840000,2.926071881e-02,5.153203403e-02,2.759045184e-02,2.576316615e-02,5.736007112e-06,2.501671410e-01,0.000000000e+00,5.690542621e-03,2.221636e-15,6.991280e-17,1.514782e-17,2.732560e-03
2.850000,2.908348511e-02,5.125665007e-02,2.744319185e-02,2.562551963e-02,5.236072532e-06,2.519643415e-01,0.000000000e+00,5.629902661e-03,3.111405e-15,2.979801e-17,9.471733e-18,2.612330e-03
2.860000,2.890728644e-02,5.098273058e-02,2.729671674e-02,2.548860462e-02,4.799251185e-06,2.537659992e-01,0.000000000e+00,5.569907282e-03,2.221760e-15,3.645242e-17,3.141718e-17,2.400519e-03
2.870000,2.873211793e-02,5.071026776e-02,2.715102238e-02,2.535241724e-02,4.433668211e-06,2.555690885e-01,0.000000000e+00,5.510549643e-03,2.443319e-15,1.908196e-17,1.854208e-17,2.403259e-03
2.880000,2.855797474e-02,5.043925386e-02,2.700610464e-02,2.521695361e-02,4.147737499e-06,2.573706435e-01,0.000000000e+00,5.451822977e-03,2.220962e-15,8.485196e-17,2.737691e-17,2.949952e-03
2.890000,2.838485201e-02,5.016968118e-02,2.686195942e-02,2.508220990e-02,3.948622463e-06,2.591677632e-01,0.000000000e+00,5.393720586e-03,1.998763e-15,5.599860e-17,9.220182e-18,4.795259e-03
2.900000,2.821274489e-02,4.990154206e-02,2.671858263e-02,2.494818230e-02,3.840170307e-06,2.609576160e-01,0.000000000e+00,5.336235847e-03,2.665098e-15,3.209238e-17,1.691355e-17,5.189200e-03
2.910000,2.804164853e-02,4.963482887e-02,2.657597022e-02,2.481486699e-02,3.821115776e-06,2.627374435e-01,0.000000000e+00,5.279362203e-03,1.778663e-15,4.667663e-17,4.947004e-17,5.209970e-03
2.920000,2.787155807e-02,4.936953404e-02,2.643411812e-02,2.468226020e-02,3.884601304e-06,2.645045642e-01,0.000000000e+00,5.223093171e-03,2.664736e-15,3.453146e-17,1.657092e-17,5.751761e-03
2.930000,2.770246866e-02,4.910565002e-02,2.629302232e-02,2.455035818e-02,4.019417706e-06,2.662563766e-01,0.000000000e+00,5.167422333e-03,2.000539e-15,2.602085e-18,3.994811e-17,5.478811e-03
2.940000,2.753437546e-02,4.884316933e-02,2.615267879e-02,2.441915717e-02,4.212281347e-06,2.679903619e-01,0.000000000e+00,5.112343342e-03,2.665335e-15,2.823925e-17,2.675147e-17,4.102806e-03
2.950000,2.736727361e-02,4.858208449e-02,2.601308356e-02,2.428865348e-02,4.450013070e-06,2.697040863e-01,0.000000000e+00,5.057849918e-03,2.221189e-15,8.139463e-17,9.629278e-18,2.441659e-03
2.960000,2.720115828e-02,4.832238811e-02,2.587423265e-02,2.415884339e-02,4.720923573e-06,2.713952034e-01,0.000000000e+00,5.003935847e-03,2.666085e-15,6.609188e-17,1.630202e-17,2.411019e-03
2.970000,2.703602462e-02,4.806407281e-02,2.573612210e-02,2.402972323e-02,5.015359695e-06,2.730614555e-01,0.000000000e+00,4.950594980e-03,2.887833e-15,1.404617e-17,1.390487e-17,2.405879e-03
2.980000,2.687186780e-02,4.780713124e-02,2.559874797e-02,2.390128935e-02,5.325694801e-06,2.747006754e-01,0.000000000e+00,4.897821236e-03,2.443481e-15,3.857810e-17,1.826100e-17,2.402039e-03
2.990000,2.670868300e-02,4.755155613e-02,2.546210635e-02,2.377353810e-02,5.646059214e-06,2.763107870e-01,0.000000000e+00,4.845608596e-03,1.778257e-15,5.888006e-17,4.074985e-17,2.405569e-03
3.000000,2.654646538e-02,4.729734022e-02,2.532619333e-02,2.364646588e-02,5.972001232e-06,2.778898071e-01,0.000000000e+00,4.793951108e-03,2.446910e-15,2.722190e-17,5.704181e-18,2.392959e-03
3.010000,2.638521013e-02,4.704447629e-02,2.519100502e-02,2.352006908e-02,6.300170416e-06,2.794358452e-01,0.000000000e+00,4.742842880e-03,2.009478e-15,5.721958e-17,2.730812e-17,2.424069e-03
3.020000,2.622491245e-02,4.679295717e-02,2.505653757e-02,2.339434412e-02,6.628054908e-06,2.809471045e-01,0.000000000e+00,4.692278084e-03,2.222074e-15,6.952433e-18,6.447130e-18,2.401589e-03
3.030000,2.606556752e-02,4.654277573e-02,2.492278711e-02,2.326928745e-02,6.953775803e-06,2.824218816e-01,0.000000000e+00,4.642250955e-03,2.442895e-15,8.741117e-17,1.214306e-17,2.405879e-03
3.040000,2.590717055e-02,4.629392487e-02,2.478974983e-02,2.314489554e-02,7.275930863e-06,2.838585672e-01,0.000000000e+00,4.592755787e-03,2.665376e-15,4.636128e-17,1.174146e-17,2.395029e-03
3.050000,2.574971677e-02,4.604639754e-02,2.465742191e-02,2.302116485e-02,7.593477352e-06,2.852556454e-01,0.000000000e+00,4.543786937e-03,2.889288e-15,4.926622e-17,9.381952e-18,2.337529e-03
3.060000,2.559320138e-02,4.580018672e-02,2.452579954e-02,2.289809189e-02,7.905644646e-06,2.866116938e-01,0.000000000e+00,4.495338820e-03,2.443927e-15,6.218597e-17,9.471733e-18,2.622489e-03
3.070000,2.543761962e-02,4.555528544e-02,2.439487896e-02,2.277567319e-02,8.211869037e-06,2.879253826e-01,0.000000000e+00,4.447405912e-03,2.443432e-15,3.622209e-17,2.909220e-17,2.548930e-03
3.080000,2.528296673e-02,4.531168676e-02,2.426465640e-02,2.265390527e-02,8.511744926e-06,2.891954745e-01,0.000000000e+00,4.399982746e-03,2.442533e-15,6.871481e-17,4.340277e-17,2.471060e-03
3.090000,2.512923797e-02,4.506938376e-02,2.413512811e-02,2.253278470e-02,8.804988087e-06,2.904208236e-01,0.000000000e+00,4.353063915e-03,2.220501e-15,1.734723e-18,6.071532e-18,2.365639e-03
3.100000,2.497642859e-02,4.482836960e-02,2.400629038e-02,2.241230805e-02,9.091407859e-06,2.916003745e-01,0.000000000e+00,4.306644067e-03,1.776743e-15,1.993517e-17,2.878347e-17,2.402829e-03
3.110000,2.482453386e-02,4.458863745e-02,2.387813950e-02,2.229247192e-02,9.370885947e-06,2.927331615e-01,0.000000000e+00,4.260717910e-03,2.442563e-15,7.289065e-17,2.272173e-17,2.305759e-03
3.120000,2.467354907e-02,4.435018051e-02,2.375067176e-02,2.217327292e-02,9.643360144e-06,2.938183074e-01,0.000000000e+00,4.215280206e-03,2.443294e-15,5.407115e-17,1.662192e-17,2.295509e-03
3.130000,2.452346951e-02,4.411299204e-02,2.362388351e-02,2.205470769e-02,9.908811767e-06,2.948550224e-01,0.000000000e+00,4.170325772e-03,2.221359e-15,6.295547e-17,1.756274e-17,2.300139e-03
3.140000,2.437429048e-02,4.387706533e-02,2.349777108e-02,2.193677287e-02,1.016725588e-05,2.958426027e-01,0.000000000e+00,4.125849483e-03,2.667626e-15,2.289901e-17,1.693578e-17,2.297208e-03
3.150000,2.422600732e-02,4.364239370e-02,2.337233083e-02,2.181946514e-02,1.041873367e-05,2.967804289e-01,0.000000000e+00,4.081846266e-03,2.443390e-15,2.609303e-17,2.359479e-17,2.294999e-03
3.160000,2.407861534e-02,4.340897050e-02,2.324755916e-02,2.170278118e-02,1.066330639e-05,2.976679650e-01,0.000000000e+00,4.038311102e-03,2.671134e-15,1.788112e-17,3.558562e-17,2.323509e-03
3.170000,2.393210988e-02,4.317678914e-02,2.312345245e-02,2.158671770e-02,1.090105070e-05,2.985047564e-01,0.000000000e+00,3.995239026e-03,2.220468e-15,5.656003e-17,3.959580e-17,2.342089e-03
3.180000,2.378648631e-02,4.294584306e-02,2.300000712e-02,2.147127142e-02,1.113205481e-05,2.992904283e-01,0.000000000e+00,3.952625126e-03,2.887255e-15,3.069039e-17,7.757919e-18,2.450499e-03
3.190000,2.364173999e-02,4.271612571e-02,2.287721960e-02,2.135643908e-02,1.135641553e-05,3.000246844e-01,0.000000000e+00,3.910464543e-03,3.108743e-15,1.441622e-17,2.647940e-17,2.310889e-03
3.200000,2.349786631e-02,4.248763060e-02,2.275508634e-02,2.124221745e-02,1.157423588e-05,3.007073047e-01,0.000000000e+00,3.868752466e-03,2.887424e-15,2.841189e-17,1.497299e-17,2.495260e-03
3.210000,2.335486066e-02,4.226035128e-02,2.263360382e-02,2.112860329e-02,1.178562316e-05,3.013381439e-01,0.000000000e+00,3.827484140e-03,2.669549e-15,1.604619e-17,2.771489e-17,2.650491e-03
3.220000,2.321271844e-02,4.203428133e-02,2.251276852e-02,2.101559341e-02,1.199068743e-05,3.019171292e-01,0.000000000e+00,3.786654856e-03,1.555570e-15,2.809235e-17,3.151580e-17,2.508550e-03
3.230000,2.307143509e-02,4.180941434e-02,2.239257694e-02,2.090318462e-02,1.218954029e-05,3.024442589e-01,0.000000000e+00,3.746259958e-03,3.108721e-15,2.428613e-17,2.023018e-17,2.478129e-03
3.240000,2.293100604e-02,4.158574398e-02,2.227302560e-02,2.079137374e-02,1.238229388e-05,3.029196001e-01,0.000000000e+00,3.706294838e-03,2.443392e-15,2.995853e-17,2.088884e-17,2.649170e-03
3.250000,2.279142674e-02,4.136326391e-02,2.215411105e-02,2.068015763e-02,1.256906010e-05,3.033432864e-01,0.000000000e+00,3.666754939e-03,2.222305e-15,1.902273e-17,3.705371e-18,2.466219e-03
3.260000,2.265269266e-02,4.114196787e-02,2.203582984e-02,2.056953314e-02,1.274995002e-05,3.037155165e-01,0.000000000e+00,3.627635748e-03,2.666118e-15,8.441529e-17,1.788112e-17,2.438969e-03
3.270000,2.251479929e-02,4.092184958e-02,2.191817855e-02,2.045949716e-02,1.292507336e-05,3.040365515e-01,0.000000000e+00,3.588932805e-03,2.887674e-15,1.411963e-17,1.484684e-17,2.326279e-03
3.280000,2.237774211e-02,4.070290285e-02,2.180115378e-02,2.035004659e-02,1.309453813e-05,3.043067134e-01,0.000000000e+00,3.550641694e-03,3.109438e-15,4.477637e-17,1.706852e-17,2.432069e-03
3.290000,2.224151664e-02,4.048512149e-02,2.168475213e-02,2.024117834e-02,1.325845031e-05,3.045263821e-01,0.000000000e+00,3.512758048e-03,1.777336e-15,3.259250e-17,2.017898e-17,2.322689e-03
3.300000,2.210611841e-02,4.026849935e-02,2.156897023e-02,2.013288934e-02,1.341691367e-05,3.046959941e-01,0.000000000e+00,3.475277543e-03,2.666245e-15,4.135233e-17,1.056082e-17,2.380279e-03
3.310000,2.197154295e-02,4.005303031e-02,2.145380474e-02,2.002517654e-02,1.357002954e-05,3.048160399e-01,0.000000000e+00,3.438195905e-03,2.442668e-15,6.628369e-17,1.657092e-17,2.495439e-03
3.320000,2.183778584e-02,3.983870830e-02,2.133925232e-02,1.991803690e-02,1.371789679e-05,3.048870615e-01,0.000000000e+00,3.401508903e-03,3.110028e-15,3.103168e-17,3.614932e-17,2.531659e-03
3.330000,2.170484264e-02,3.962552725e-02,2.122530965e-02,1.981146742e-02,1.386061167e-05,3.049096511e-01,0.000000000e+00,3.365212352e-03,2.443732e-15,2.872788e-17,2.189122e-17,2.321209e-03
3.340000,2.157270894e-02,3.941348117e-02,2.111197344e-02,1.970546507e-02,1.399826781e-05,3.048844477e-01,0.000000000e+00,3.329302109e-03,2.887391e-15,4.906539e-17,2.173602e-17,2.363759e-03
3.350000,2.144138034e-02,3.920256407e-02,2.099924041e-02,1.960002689e-02,1.413095621e-05,3.048121360e-01,0.000000000e+00,3.293774079e-03,2.664556e-15,5.745576e-17,1.947705e-17,2.322998e-03
3.360000,2.131085247e-02,3.899276998e-02,2.088710729e-02,1.949514989e-02,1.425876523e-05,3.046934433e-01,0.000000000e+00,3.258624206e-03,2.224359e-15,1.390487e-17,6.255837e-17,2.725880e-03
3.370000,2.118112097e-02,3.878409301e-02,2.077557084e-02,1.939083112e-02,1.438178063e-05,3.045291378e-01,0.000000000e+00,3.223848480e-03,2.001161e-15,3.817377e-17,3.496447e-18,2.278529e-03
3.380000,2.105218150e-02,3.857652725e-02,2.066462784e-02,1.928706765e-02,1.450008561e-05,3.043200262e-01,0.000000000e+00,3.189442933e-03,3.331003e-15,2.964297e-17,1.939480e-18,2.964181e-03
3.390000,2.092402971e-02,3.837006685e-02,2.055427508e-02,1.918385656e-02,1.461376086e-05,3.040669515e-01,0.000000000e+00,3.155403639e-03,2.222570e-15,5.101975e-17,2.598107e-17,2.338779e-03
3.400000,2.079666130e-02,3.816470599e-02,2.044450937e-02,1.908119492e-02,1.472288463e-05,3.037707907e-01,0.000000000e+00,3.121726713e-03,3.331430e-15,1.006140e-16,1.346508e-17,2.452090e-03
3.410000,2.067007197e-02,3.796043888e-02,2.033532754e-02,1.897907986e-02,1.482753279e-05,3.034324530e-01,0.000000000e+00,3.088408311e-03,2.886663e-15,4.336809e-17,3.163493e-17,2.327019e-03
3.420000,2.054425745e-02,3.775725976e-02,2.022672643e-02,1.887750850e-02,1.492777890e-05,3.030528770e-01,0.000000000e+00,3.055444631e-03,3.108998e-15,2.907926e-17,1.433773e-17,2.460109e-03
3.430000,2.041921346e-02,3.755516289e-02,2.011870292e-02,1.877647797e-02,1.502369433e-05,3.026330293e-01,0.000000000e+00,3.022831910e-03,3.555118e-15,7.554019e-17,1.154764e-17,2.364908e-03
3.440000,2.029493576e-02,3.735414257e-02,2.001125388e-02,1.867598544e-02,1.511534830e-05,3.021739016e-01,0.000000000e+00,2.990566426e-03,3.552866e-15,5.204170e-17,1.788112e-17,2.302179e-03
3.450000,2.017142013e-02,3.715419314e-02,1.990437622e-02,1.857602807e-02,1.520280799e-05,3.016765093e-01,0.000000000e+00,2.958644496e-03,3.109167e-15,3.283397e-17,4.135233e-17,2.330959e-03
3.460000,2.004866235e-02,3.695530896e-02,1.979806685e-02,1.847660305e-02,1.528613862e-05,3.011418888e-01,0.000000000e+00,2.927062476e-03,2.665421e-15,4.732490e-17,3.822547e-17,2.292538e-03
3.470000,1.992665822e-02,3.675748442e-02,1.969232271e-02,1.837770757e-02,1.536540354e-05,3.005710962e-01,0.000000000e+00,2.895816760e-03,2.443282e-15,3.538156e-17,1.844036e-17,2.441569e-03
3.480000,1.980540356e-02,3.656071393e-02,1.958714075e-02,1.827933885e-02,1.544066434e-05,2.999652043e-01,0.000000000e+00,2.864903780e-03,3.997497e-15,3.029564e-17,4.203797e-17,2.291238e-03
3.490000,1.968489421e-02,3.636499196e-02,1.948251796e-02,1.818149413e-02,1.551198089e-05,2.993253016e-01,0.000000000e+00,2.834320008e-03,3.109370e-15,2.168404e-17,1.748223e-17,2.454420e-03
3.500000,1.956512604e-02,3.617031297e-02,1.937845131e-02,1.808417064e-02,1.557941146e-05,2.986524896e-01,0.000000000e+00,2.804061951e-03,3.109186e-15,2.112164e-17,1.925856e-17,2.303579e-03
3.510000,1.944609490e-02,3.597667148e-02,1.927493782e-02,1.798736565e-02,1.564301284e-05,2.979478816e-01,0.000000000e+00,2.774126155e-03,3.555493e-15,9.298183e-17,2.358283e-17,2.333879e-03
3.520000,1.932779669e-02,3.578406203e-02,1.917197451e-02,1.789107642e-02,1.570284033e-05,2.972126000e-01,0.000000000e+00,2.744509199e-03,2.442599e-15,1.551584e-17,2.455185e-17,2.334608e-03
3.530000,1.921022731e-02,3.559247919e-02,1.906955842e-02,1.779530025e-02,1.575894793e-05,2.964477751e-01,0.000000000e+00,2.715207703e-03,2.887522e-15,6.397344e-17,3.935997e-17,3.209342e-03
3.540000,1.909338269e-02,3.540191755e-02,1.896768662e-02,1.770003443e-02,1.581138835e-05,2.956545431e-01,0.000000000e+00,2.686218319e-03,2.220720e-15,3.539219e-17,2.367437e-17,2.326679e-03
3.550000,1.897725877e-02,3.521237173e-02,1.886635617e-02,1.760527629e-02,1.586021310e-05,2.948340445e-01,0.000000000e+00,2.657537736e-03,2.445780e-15,1.179740e-17,2.506735e-17,2.739010e-03
3.560000,1.886185150e-02,3.502383639e-02,1.876556419e-02,1.751102315e-02,1.590547260e-05,2.939874219e-01,0.000000000e+00,2.629162679e-03,3.553698e-15,4.477637e-17,4.253611e-17,2.302889e-03
3.570000,1.874715686e-02,3.483630621e-02,1.866530777e-02,1.741727237e-02,1.594721621e-05,2.931158190e-01,0.000000000e+00,2.601089905e-03,2.886888e-15,2.776912e-17,3.157244e-17,2.610620e-03
3.580000,1.863317084e-02,3.464977591e-02,1.856558406e-02,1.732402128e-02,1.598549233e-05,2.922203787e-01,0.000000000e+00,2.573316207e-03,3.554895e-15,7.152448e-18,4.773643e-17,2.289888e-03
3.590000,1.851988945e-02,3.446424020e-02,1.846639018e-02,1.723126728e-02,1.602034848e-05,2.913022412e-01,0.000000000e+00,2.545838413e-03,3.553359e-15,5.419449e-17,4.378244e-17,2.559140e-03
3.600000,1.840730872e-02,3.427969387e-02,1.836772332e-02,1.713900774e-02,1.605183131e-05,2.903625433e-01,0.000000000e+00,2.518653382e-03,2.665215e-15,4.906539e-17,2.742839e-17,2.282289e-03
3.610000,1.829542469e-02,3.409613170e-02,1.826958065e-02,1.704724006e-02,1.607998674e-05,2.894024160e-01,0.000000000e+00,2.491758007e-03,3.331637e-15,4.137961e-17,4.682348e-17,2.318279e-03
3.620000,1.818423341e-02,3.391354851e-02,1.817195936e-02,1.695596166e-02,1.610485995e-05,2.884229838e-01,0.000000000e+00,2.465149216e-03,3.111009e-15,8.673617e-18,1.097135e-17,2.317959e-03
3.630000,1.807373097e-02,3.373193915e-02,1.807485667e-02,1.686516997e-02,1.612649550e-05,2.874253630e-01,0.000000000e+00,2.438823967e-03,3.553827e-15,3.708415e-17,1.821976e-17,2.537639e-03
3.640000,1.796391347e-02,3.355129849e-02,1.797826981e-02,1.677486242e-02,1.614493734e-05,2.864106603e-01,0.000000000e+00,2.412779251e-03,3.109476e-15,1.474515e-17,1.706852e-17,2.317989e-03
3.650000,1.785477701e-02,3.337162143e-02,1.788219603e-02,1.668503646e-02,1.616022888e-05,2.853799720e-01,0.000000000e+00,2.387012090e-03,3.332678e-15,2.964297e-17,1.830215e-17,2.545589e-03
3.660000,1.774631772e-02,3.319290290e-02,1.778663259e-02,1.659568957e-02,1.617241306e-05,2.843343821e-01,0.000000000e+00,2.361519540e-03,2.665242e-15,2.883244e-17,3.200142e-17,2.305209e-03
3.670000,1.763853175e-02,3.301513785e-02,1.769157677e-02,1.650681922e-02,1.618153236e-05,2.832749619e-01,0.000000000e+00,2.336298685e-03,2.887666e-15,7.757919e-18,9.055522e-18,2.845271e-03
3.680000,1.753141526e-02,3.283832126e-02,1.759702587e-02,1.641842290e-02,1.618762887e-05,2.822027682e-01,0.000000000e+00,2.311346641e-03,3.110152e-15,1.214306e-17,1.144950e-17,2.291359e-03
3.690000,1.742496443e-02,3.266244814e-02,1.750297719e-02,1.633049813e-02,1.619074435e-05,2.811188429e-01,0.000000000e+00,2.286660556e-03,3.553232e-15,1.949153e-17,2.786716e-17,2.276258e-03
3.700000,1.731917546e-02,3.248751351e-02,1.740942807e-02,1.624304242e-02,1.619092021e-05,2.800242113e-01,0.000000000e+00,2.262237606e-03,3.109608e-15,1.949153e-17,5.234620e-17,2.268459e-03
3.710000,1.721404457e-02,3.231351243e-02,1.731637585e-02,1.615605329e-02,1.618819763e-05,2.789198819e-01,0.000000000e+00,2.238074997e-03,2.887318e-15,5.510308e-17,2.290311e-17,2.267679e-03
3.720000,1.710956797e-02,3.214043999e-02,1.722381789e-02,1.606952831e-02,1.618261753e-05,2.778068448e-01,0.000000000e+00,2.214169967e-03,3.109538e-15,1.474515e-17,3.878960e-18,2.282039e-03
3.730000,1.700574194e-02,3.196829129e-02,1.713175156e-02,1.598346501e-02,1.617422064e-05,2.766860715e-01,0.000000000e+00,2.190519779e-03,3.775437e-15,2.574472e-17,3.745004e-17,2.326358e-03
3.740000,1.690256271e-02,3.179706147e-02,1.704017425e-02,1.589786098e-02,1.616304752e-05,2.755585136e-01,0.000000000e+00,2.167121729e-03,2.886957e-15,8.673617e-19,1.854208e-17,2.299518e-03
3.750000,1.680002659e-02,3.162674568e-02,1.694908338e-02,1.581271379e-02,1.614913859e-05,2.744251025e-01,0.000000000e+00,2.143973140e-03,3.109414e-15,4.120653e-17,4.039523e-17,2.310508e-03
3.760000,1.669812987e-02,3.145733911e-02,1.685847635e-02,1.572802104e-02,1.613253416e-05,2.732867482e-01,0.000000000e+00,2.121071362e-03,3.552851e-15,1.629625e-17,2.119719e-17,2.325139e-03
3.770000,1.659686886e-02,3.128883697e-02,1.676835061e-02,1.564378034e-02,1.611327446e-05,2.721443393e-01,0.000000000e+00,2.098413774e-03,3.998232e-15,2.112164e-17,1.745532e-17,2.422859e-03
3.780000,1.649623990e-02,3.112123449e-02,1.667870361e-02,1.555998930e-02,1.609139966e-05,2.709987419e-01,0.000000000e+00,2.075997784e-03,3.776403e-15,3.209238e-17,1.594625e-17,2.342749e-03
3.790000,1.639623934e-02,3.095452692e-02,1.658953282e-02,1.547664555e-02,1.606694987e-05,2.698507994e-01,0.000000000e+00,2.053820825e-03,1.998426e-15,4.242986e-17,1.040834e-17,2.560640e-03
3.800000,1.629686354e-02,3.078870956e-02,1.650083570e-02,1.539374674e-02,1.603996522e-05,2.687013318e-01,0.000000000e+00,2.031880358e-03,2.886657e-15,2.083474e-17,2.587589e-17,2.297699e-03
3.810000,1.619810889e-02,3.062377769e-02,1.641260977e-02,1.531129053e-02,1.601048582e-05,2.675511356e-01,0.000000000e+00,2.010173873e-03,2.665224e-15,3.675813e-17,2.061695e-17,2.380788e-03
3.820000,1.609997178e-02,3.045972667e-02,1.632485252e-02,1.522927458e-02,1.597855180e-05,2.664009829e-01,0.000000000e+00,1.988698882e-03,2.887257e-15,4.860322e-17,4.446445e-17,2.512450e-03
3.830000,1.600244864e-02,3.029655183e-02,1.623756149e-02,1.514769658e-02,1.594420332e-05,2.652516217e-01,0.000000000e+00,1.967452928e-03,3.553285e-15,2.823925e-17,2.845158e-17,2.347139e-03
3.840000,1.590553589e-02,3.013424856e-02,1.615073422e-02,1.506655420e-02,1.590748061e-05,2.641037751e-01,0.000000000e+00,1.946433577e-03,2.669466e-15,4.820690e-17,1.779677e-17,2.328019e-03
3.850000,1.580922998e-02,2.997281226e-02,1.606436824e-02,1.498584517e-02,1.586842395e-05,2.629581415e-01,0.000000000e+00,1.925638421e-03,2.667635e-15,3.400456e-17,4.170558e-17,2.307668e-03
3.860000,1.571352739e-02,2.981223836e-02,1.597846114e-02,1.490556718e-02,1.582707369e-05,2.618153939e-01,0.000000000e+00,1.905065078e-03,2.668005e-15,1.902273e-17,7.112895e-18,2.422829e-03
3.870000,1.561842458e-02,2.965252230e-02,1.589301049e-02,1.482571798e-02,1.578347026e-05,2.606761804e-01,0.000000000e+00,1.884711192e-03,2.000295e-15,2.949030e-17,2.002460e-17,2.290099e-03
3.880000,1.552391808e-02,2.949365955e-02,1.580801388e-02,1.474629529e-02,1.573765421e-05,2.595411237e-01,0.000000000e+00,1.864574430e-03,2.887533e-15,2.949030e-17,2.300145e-17,2.377489e-03
3.890000,1.543000437e-02,2.933564562e-02,1.572346893e-02,1.466729686e-02,1.568966617e-05,2.584108209e-01,0.000000000e+00,1.844652485e-03,2.887516e-15,2.722190e-17,3.576224e-18,2.277808e-03
3.900000,1.533668001e-02,2.917847601e-02,1.563937326e-02,1.458872047e-02,1.563954689e-05,2.572858441e-01,0.000000000e+00,1.824943074e-03,2.220685e-15,2.501854e-17,2.389971e-17,2.275248e-03
3.910000,1.524394154e-02,2.902214628e-02,1.555572449e-02,1.451056388e-02,1.558733723e-05,2.561667399e-01,0.000000000e+00,1.805443938e-03,3.552788e-15,1.387779e-17,2.211347e-17,2.288809e-03
3.920000,1.515178552e-02,2.886665198e-02,1.547252029e-02,1.443282487e-02,1.553307818e-05,2.550540295e-01,0.000000000e+00,1.786152842e-03,2.887430e-15,2.602085e-18,7.996680e-18,2.273449e-03
3.930000,1.506020853e-02,2.871198871e-02,1.538975830e-02,1.435550124e-02,1.547681084e-05,2.539482093e-01,0.000000000e+00,1.767067574e-03,2.887264e-15,3.804546e-17,6.992894e-18,2.990901e-03
3.940000,1.496920717e-02,2.855815207e-02,1.530743621e-02,1.427859081e-02,1.541857646e-05,2.528497505e-01,0.000000000e+00,1.748185947e-03,2.894652e-15,3.508261e-17,2.195985e-17,2.677230e-03
3.950000,1.487877806e-02,2.840513769e-02,1.522555170e-02,1.420209137e-02,1.535841641e-05,2.517590996e-01,0.000000000e+00,1.729505794e-03,2.005530e-15,3.925231e-17,2.117500e-17,3.270782e-03
3.960000,1.478891781e-02,2.825294122e-02,1.514410247e-02,1.412600078e-02,1.529637219e-05,2.506766785e-01,0.000000000e+00,1.711024975e-03,2.221417e-15,6.331741e-17,5.275955e-18,2.286928e-03
3.970000,1.469962309e-02,2.810155836e-02,1.506308624e-02,1.405031685e-02,1.523248546e-05,2.496028848e-01,0.000000000e+00,1.692741370e-03,2.444523e-15,1.561251e-17,4.279180e-17,2.331379e-03
3.980000,1.461089054e-02,2.795098478e-02,1.498250073e-02,1.397503746e-02,1.516679799e-05,2.485380923e-01,0.000000000e+00,1.674652880e-03,2.887697e-15,2.780973e-17,1.304652e-17,2.302328e-03
3.990000,1.452271685e-02,2.780121622e-02,1.490234368e-02,1.390016045e-02,1.509935172e-05,2.474826509e-01,0.000000000e+00,1.656757432e-03,3.333133e-15,1.629625e-17,3.189545e-17,2.302679e-03
4.000000,1.443509871e-02,2.765224841e-02,1.482261283e-02,1.382568371e-02,1.503018870e-05,2.464368873e-01,0.000000000e+00,1.639052973e-03,2.226717e-15,4.510281e-17,1.301765e-17,2.897591e-03
4.010000,1.434803282e-02,2.750407713e-02,1.474330596e-02,1.375160511e-02,1.495935112e-05,2.454011053e-01,0.000000000e+00,1.621537470e-03,2.664899e-15,1.821460e-17,1.260662e-17,2.380959e-03
4.020000,1.426151592e-02,2.735669815e-02,1.466442084e-02,1.367792255e-02,1.488688134e-05,2.443755861e-01,0.000000000e+00,1.604208914e-03,2.667055e-15,6.938894e-18,1.321838e-17,2.468449e-03
4.030000,1.417554475e-02,2.721010728e-02,1.458595525e-02,1.360463394e-02,1.481282183e-05,2.433605889e-01,0.000000000e+00,1.587065317e-03,2.224546e-15,1.949153e-17,1.804863e-17,2.564020e-03
4.040000,1.409011605e-02,2.706430036e-02,1.450790700e-02,1.353173718e-02,1.473721520e-05,2.423563514e-01,0.000000000e+00,1.570104710e-03,1.351016e-15,3.793654e-17,1.477064e-17,2.365128e-03
4.050000,1.400522661e-02,2.691927323e-02,1.443027389e-02,1.345923022e-02,1.466010420e-05,2.413630898e-01,0.000000000e+00,1.553325147e-03,3.331423e-15,1.453963e-17,8.542522e-18,2.567710e-03
4.060000,1.392087320e-02,2.677502176e-02,1.435305375e-02,1.338711099e-02,1.458153172e-05,2.403810001e-01,0.000000000e+00,1.536724702e-03,3.109308e-15,2.860979e-17,2.578852e-17,2.346859e-03
4.070000,1.383705265e-02,2.663154185e-02,1.427624441e-02,1.331537742e-02,1.450154077e-05,2.394102580e-01,0.000000000e+00,1.520301467e-03,2.665308e-15,2.255141e-17,1.708504e-17,2.377598e-03
4.080000,1.375376175e-02,2.648882940e-02,1.419984372e-02,1.324402750e-02,1.442017450e-05,2.384510197e-01,0.000000000e+00,1.504053559e-03,2.887474e-15,2.442513e-17,7.410742e-18,2.421319e-03
4.090000,1.367099736e-02,2.634688037e-02,1.412384954e-02,1.317305917e-02,1.433747618e-05,2.375034221e-01,0.000000000e+00,1.487979110e-03,2.003233e-15,4.336809e-18,1.741757e-17,2.480689e-03
4.100000,1.358875631e-02,2.620569068e-02,1.404825973e-02,1.310247042e-02,1.425348924e-05,2.365675842e-01,0.000000000e+00,1.472076275e-03,2.665281e-15,2.862294e-17,1.086801e-17,2.557580e-03
4.110000,1.350703547e-02,2.606525634e-02,1.397307218e-02,1.303225924e-02,1.416825718e-05,2.356436065e-01,0.000000000e+00,1.456343227e-03,2.442595e-15,1.962616e-17,9.055522e-18,2.563580e-03
4.120000,1.342583173e-02,2.592557332e-02,1.389828477e-02,1.296242363e-02,1.408182368e-05,2.347315729e-01,0.000000000e+00,1.440778158e-03,2.221619e-15,4.511115e-17,1.204977e-17,2.364438e-03
4.130000,1.334514198e-02,2.578663766e-02,1.382389542e-02,1.289296161e-02,1.399423251e-05,2.338315500e-01,0.000000000e+00,1.425379281e-03,3.335604e-15,1.398579e-17,2.799846e-17,2.361329e-03
4.140000,1.326496314e-02,2.564844537e-02,1.374990202e-02,1.282387118e-02,1.390552758e-05,2.329435887e-01,0.000000000e+00,1.410144825e-03,1.781676e-15,3.989864e-17,2.359479e-17,2.495329e-03
4.150000,1.318529212e-02,2.551099253e-02,1.367630252e-02,1.275515038e-02,1.381575291e-05,2.320677244e-01,0.000000000e+00,1.395073041e-03,2.665161e-15,1.390487e-17,1.411963e-17,2.429380e-03
4.160000,1.310612587e-02,2.537427521e-02,1.360309484e-02,1.268679725e-02,1.372495265e-05,2.312039776e-01,0.000000000e+00,1.380162197e-03,2.443323e-15,3.065360e-17,2.195985e-17,2.392309e-03
4.170000,1.302746135e-02,2.523828951e-02,1.353027693e-02,1.261880984e-02,1.363317105e-05,2.303523545e-01,0.000000000e+00,1.365410578e-03,2.443220e-15,1.902273e-17,1.127570e-17,2.316449e-03
4.180000,1.294929554e-02,2.510303154e-02,1.345784675e-02,1.255118621e-02,1.354045250e-05,2.295128480e-01,0.000000000e+00,1.350816489e-03,2.224110e-15,1.398579e-17,1.981689e-17,2.358029e-03
4.190000,1.287162541e-02,2.496849745e-02,1.338580226e-02,1.248392444e-02,1.344684150e-05,2.286854377e-01,0.000000000e+00,1.336378252e-03,2.221879e-15,2.333832e-17,1.989740e-17,2.320698e-03
4.200000,1.279444797e-02,2.483468339e-02,1.331414145e-02,1.241702259e-02,1.335238267e-05,2.278700909e-01,0.000000000e+00,1.322094208e-03,2.221628e-15,9.220182e-18,8.228516e-18,2.415679e-03
4.210000,1.271776023e-02,2.470158554e-02,1.324286230e-02,1.235047877e-02,1.325712075e-05,2.270667634e-01,0.000000000e+00,1.307962713e-03,2.667640e-15,3.736709e-17,1.691355e-17,2.316228e-03
4.220000,1.264155924e-02,2.456920009e-02,1.317196282e-02,1.228429107e-02,1.316110060e-05,2.262753996e-01,0.000000000e+00,1.293982144e-03,2.001691e-15,3.373803e-17,0.000000e+00,2.407239e-03
4.230000,1.256584204e-02,2.443752326e-02,1.310144100e-02,1.221845759e-02,1.306436719e-05,2.254959334e-01,0.000000000e+00,1.280150891e-03,1.556364e-15,3.165573e-17,1.743376e-17,2.471489e-03
4.240000,1.249060568e-02,2.430655129e-02,1.303129488e-02,1.215297647e-02,1.296696562e-05,2.247282891e-01,0.000000000e+00,1.266467365e-03,2.006723e-15,2.609303e-17,2.135631e-17,2.513340e-03
4.250000,1.241584725e-02,2.417628043e-02,1.296152248e-02,1.208784583e-02,1.286894111e-05,2.239723812e-01,0.000000000e+00,1.252929991e-03,1.998850e-15,1.430490e-17,1.048934e-17,2.505610e-03
4.260000,1.234156383e-02,2.404670696e-02,1.289212184e-02,1.202306380e-02,1.277033901e-05,2.232281159e-01,0.000000000e+00,1.239537212e-03,1.778427e-15,4.437130e-17,5.898698e-18,2.359739e-03
4.270000,1.226775254e-02,2.391782717e-02,1.282309101e-02,1.195862853e-02,1.267120479e-05,2.224953909e-01,0.000000000e+00,1.226287487e-03,1.554778e-15,5.204170e-18,2.194271e-17,2.353259e-03
4.280000,1.219441050e-02,2.378963737e-02,1.275442805e-02,1.189453819e-02,1.257158405e-05,2.217740965e-01,0.000000000e+00,1.213179292e-03,2.222701e-15,3.816392e-17,1.648558e-17,2.521170e-03
4.290000,1.212153483e-02,2.366213389e-02,1.268613104e-02,1.183079094e-02,1.247152252e-05,2.210641158e-01,0.000000000e+00,1.200211119e-03,1.999816e-15,1.514782e-17,9.220182e-18,2.299708e-03
4.300000,1.204912269e-02,2.353531309e-02,1.261819805e-02,1.176738495e-02,1.237106606e-05,2.203653256e-01,0.000000000e+00,1.187381474e-03,2.222086e-15,3.705371e-17,1.691355e-17,2.296349e-03
4.310000,1.197717124e-02,2.340917133e-02,1.255062717e-02,1.170431842e-02,1.227026068e-05,2.196775966e-01,0.000000000e+00,1.174688883e-03,1.555842e-15,3.623247e-17,1.647987e-17,2.517129e-03
4.320000,1.190567767e-02,2.328370500e-02,1.248341651e-02,1.164158953e-02,1.216915251e-05,2.190007940e-01,0.000000000e+00,1.162131882e-03,1.999236e-15,1.804863e-17,2.189552e-17,2.288689e-03
4.330000,1.183463917e-02,2.315891051e-02,1.241656417e-02,1.157919649e-02,1.206778784e-05,2.183347781e-01,0.000000000e+00,1.149709028e-03,1.777682e-15,2.841189e-17,3.127317e-18,2.324069e-03
4.340000,1.176405293e-02,2.303478428e-02,1.235006826e-02,1.151713751e-02,1.196621310e-05,2.176794047e-01,0.000000000e+00,1.137418891e-03,2.000268e-15,1.599336e-17,4.422694e-18,2.560249e-03
4.350000,1.169391620e-02,2.291132276e-02,1.228392693e-02,1.145541082e-02,1.186447487e-05,2.170345256e-01,0.000000000e+00,1.125260054e-03,2.665326e-15,2.194271e-17,1.704095e-17,2.500449e-03
4.360000,1.162422619e-02,2.278852241e-02,1.221813830e-02,1.139401466e-02,1.176261990e-05,2.163999892e-01,0.000000000e+00,1.113231118e-03,1.998755e-15,3.705371e-17,1.734723e-18,2.374029e-03
4.370000,1.155498017e-02,2.266637970e-02,1.215270053e-02,1.133294725e-02,1.166069508e-05,2.157756405e-01,0.000000000e+00,1.101330699e-03,2.010137e-15,8.673617e-18,1.289426e-17,2.503819e-03
4.380000,1.148617539e-02,2.254489114e-02,1.208761176e-02,1.127220685e-02,1.155874747e-05,2.151613220e-01,0.000000000e+00,1.089557425e-03,1.332838e-15,7.152448e-18,8.770653e-18,2.348989e-03
4.390000,1.141780914e-02,2.242405325e-02,1.202287017e-02,1.121179172e-02,1.145682430e-05,2.145568740e-01,0.000000000e+00,1.077909941e-03,2.220496e-15,1.551584e-17,1.086801e-17,2.317928e-03
4.400000,1.134987871e-02,2.230386255e-02,1.195847394e-02,1.115170012e-02,1.135497296e-05,2.139621348e-01,0.000000000e+00,1.066386906e-03,2.014025e-15,1.534520e-17,1.157205e-17,2.346899e-03
4.410000,1.128238141e-02,2.218431559e-02,1.189442124e-02,1.109193034e-02,1.125324102e-05,2.133769411e-01,0.000000000e+00,1.054986991e-03,8.988898e-16,2.117500e-17,6.447130e-18,2.323568e-03
4.420000,1.121531455e-02,2.206540896e-02,1.183071027e-02,1.103248066e-02,1.115167623e-05,2.128011286e-01,0.000000000e+00,1.043708885e-03,1.999378e-15,3.035766e-17,5.293750e-18,2.325999e-03
4.430000,1.114867548e-02,2.194713924e-02,1.176733924e-02,1.097334938e-02,1.105032652e-05,2.122345322e-01,0.000000000e+00,1.032551286e-03,1.562863e-15,1.127570e-17,7.996680e-18,2.281288e-03
4.440000,1.108246153e-02,2.182950302e-02,1.170430634e-02,1.091453480e-02,1.094924001e-05,2.116769863e-01,0.000000000e+00,1.021512911e-03,2.000391e-15,4.224328e-17,7.952458e-18,2.299779e-03
4.450000,1.101667008e-02,2.171249694e-02,1.164160982e-02,1.085603522e-02,1.084846497e-05,2.111283249e-01,0.000000000e+00,1.010592487e-03,1.336129e-15,2.194271e-17,1.241873e-17,2.355988e-03
4.460000,1.095129850e-02,2.159611764e-02,1.157924789e-02,1.079784898e-02,1.074804989e-05,2.105883824e-01,0.000000000e+00,9.997887564e-04,2.886916e-15,1.939480e-17,1.755336e-17,2.320429e-03
4.470000,1.088634418e-02,2.148036177e-02,1.151721879e-02,1.073997441e-02,1.064804344e-05,2.100569935e-01,0.000000000e+00,9.891004733e-04,2.223393e-15,1.055191e-17,1.799122e-17,2.666930e-03
4.480000,1.082180453e-02,2.136522602e-02,1.145552078e-02,1.068240983e-02,1.054849447e-05,2.095339936e-01,0.000000000e+00,9.785264064e-04,1.120717e-15,1.179740e-17,6.209365e-18,2.528910e-03
4.490000,1.075767695e-02,2.125070706e-02,1.139415211e-02,1.062515360e-02,1.044945199e-05,2.090192187e-01,0.000000000e+00,9.680653369e-04,2.221283e-15,1.534520e-17,1.136087e-17,2.323829e-03
4.500000,1.069395890e-02,2.113680161e-02,1.133311104e-02,1.056820408e-02,1.035096524e-05,2.085125063e-01,0.000000000e+00,9.577160591e-04,2.221335e-15,2.501854e-17,1.305552e-17,2.318369e-03
4.510000,1.063064780e-02,2.102350641e-02,1.127239584e-02,1.051155962e-02,1.025308358e-05,2.080136950e-01,0.000000000e+00,9.474773801e-04,1.998697e-15,9.220182e-18,1.001230e-17,2.298029e-03
4.520000,1.056774111e-02,2.091081819e-02,1.121200481e-02,1.045521860e-02,1.015585658e-05,2.075226250e-01,0.000000000e+00,9.373481195e-04,1.777733e-15,2.024876e-17,3.909147e-18,2.401709e-03
4.530000,1.050523632e-02,2.079873371e-02,1.115193623e-02,1.039917941e-02,1.005933395e-05,2.070391383e-01,0.000000000e+00,9.273271097e-04,1.777888e-15,1.629625e-17,1.264386e-17,2.358229e-03
4.540000,1.044313090e-02,2.068724975e-02,1.109218840e-02,1.034344043e-02,9.963565542e-06,2.065630786e-01,0.000000000e+00,9.174131953e-04,2.668278e-15,2.887155e-17,1.522831e-17,2.269429e-03
4.550000,1.038142236e-02,2.057636311e-02,1.103275963e-02,1.028800006e-02,9.868601373e-06,2.060942916e-01,0.000000000e+00,9.076052333e-04,1.112503e-15,2.117500e-17,4.814639e-18,2.364979e-03
4.560000,1.032010820e-02,2.046607059e-02,1.097364823e-02,1.023285670e-02,9.774491562e-06,2.056326255e-01,0.000000000e+00,8.979020927e-04,2.665042e-15,8.182674e-18,1.242630e-17,2.446969e-03
4.570000,1.025918596e-02,2.035636903e-02,1.091485254e-02,1.017800878e-02,9.681286342e-06,2.051779306e-01,0.000000000e+00,8.883026546e-04,2.000232e-15,1.044442e-17,6.013169e-18,2.349829e-03
4.580000,1.019865317e-02,2.024725527e-02,1.085637089e-02,1.012345471e-02,9.589036027e-06,2.047300594e-01,0.000000000e+00,8.788058121e-04,1.999476e-15,1.072867e-17,1.591083e-17,2.272009e-03
4.590000,1.013850737e-02,2.013872617e-02,1.079820161e-02,1.006919292e-02,9.497790999e-06,2.042888674e-01,0.000000000e+00,8.694104699e-04,1.557840e-15,2.392724e-17,2.168404e-18,2.284488e-03
4.600000,1.007874615e-02,2.003077860e-02,1.074034306e-02,1.001522186e-02,9.407601670e-06,2.038542124e-01,0.000000000e+00,8.601155444e-04,2.000232e-15,3.469447e-18,1.232943e-17,2.370469e-03
4.610000,1.001936708e-02,1.992340947e-02,1.068279360e-02,9.961539975e-03,9.318518461e-06,2.034259549e-01,0.000000000e+00,8.509199636e-04,1.998414e-15,7.757919e-18,4.091337e-18,2.278798e-03
4.620000,9.960367740e-03,1.981661567e-02,1.062555160e-02,9.908145713e-03,9.230591762e-06,2.030039582e-01,0.000000000e+00,8.418226668e-04,1.998788e-15,1.769078e-17,7.527206e-18,2.282389e-03
4.630000,9.901745746e-03,1.971039414e-02,1.056861542e-02,9.855037542e-03,9.143871895e-06,2.025880887e-01,0.000000000e+00,8.328226045e-04,2.221923e-15,7.410742e-18,5.293750e-18,2.364159e-03
4.640000,9.843498714e-03,1.960474182e-02,1.051198346e-02,9.802213934e-03,9.058409075e-06,2.021782152e-01,0.000000000e+00,8.239187386e-04,1.558659e-15,3.209238e-17,1.030848e-17,2.289178e-03
4.650000,9.785624273e-03,1.949965567e-02,1.045565410e-02,9.749673368e-03,8.974253359e-06,2.017742098e-01,0.000000000e+00,8.151100419e-04,2.000040e-15,3.127317e-17,9.602384e-18,3.007121e-03
4.660000,9.728120067e-03,1.939513266e-02,1.039962575e-02,9.697414331e-03,8.891454594e-06,2.013759475e-01,0.000000000e+00,8.063954981e-04,1.332874e-15,1.939480e-17,7.461328e-18,2.397839e-03
4.670000,9.670983752e-03,1.929116977e-02,1.034389682e-02,9.645435320e-03,8.810062365e-06,2.009833060e-01,0.000000000e+00,7.977741017e-04,1.556171e-15,1.599336e-17,1.085069e-17,2.361079e-03
4.680000,9.614212999e-03,1.918776402e-02,1.028846571e-02,9.593734838e-03,8.730125930e-06,2.005961664e-01,0.000000000e+00,7.892448581e-04,2.666055e-15,1.346508e-17,7.217888e-18,2.370229e-03
4.690000,9.557805488e-03,1.908491243e-02,1.023333085e-02,9.542311395e-03,8.651694152e-06,2.002144125e-01,0.000000000e+00,7.808067830e-04,2.664610e-15,1.127570e-17,8.995612e-18,2.297778e-03
4.700000,9.501758915e-03,1.898261203e-02,1.017849068e-02,9.491163510e-03,8.574815433e-06,1.998379313e-01,0.000000000e+00,7.724589027e-04,2.443496e-15,1.734723e-18,4.770490e-18,2.376199e-03
4.710000,9.446070986e-03,1.888085987e-02,1.012394364e-02,9.440289712e-03,8.499537628e-06,1.994666126e-01,0.000000000e+00,7.642002540e-04,2.665520e-15,2.860979e-17,5.724752e-18,2.313239e-03
4.720000,9.390739423e-03,1.877965303e-02,1.006968816e-02,9.389688533e-03,8.425907973e-06,1.991003494e-01,0.000000000e+00,7.560298838e-04,1.999269e-15,1.411963e-17,3.157244e-18,2.295658e-03
4.730000,9.335761958e-03,1.867898858e-02,1.001572272e-02,9.339358516e-03,8.353972990e-06,1.987390376e-01,0.000000000e+00,7.479468490e-04,1.999669e-15,7.410742e-18,8.162538e-18,2.288958e-03
4.740000,9.281136335e-03,1.857886363e-02,9.962045765e-03,9.289298211e-03,8.283778395e-06,1.983825759e-01,0.000000000e+00,7.399502169e-04,2.004050e-15,1.482148e-17,1.563659e-18,2.291579e-03
4.750000,9.226860314e-03,1.847927528e-02,9.908655773e-03,9.239506175e-03,8.215369007e-06,1.980308662e-01,0.000000000e+00,7.320390644e-04,1.569560e-15,9.220182e-18,3.157244e-18,3.617434e-03
4.760000,9.172931663e-03,1.838022067e-02,9.855551224e-03,9.189980973e-03,8.148788636e-06,1.976838130e-01,0.000000000e+00,7.242124785e-04,1.998799e-15,1.398579e-17,4.470280e-18,2.357198e-03
4.770000,9.119348166e-03,1.828169694e-02,9.802730602e-03,9.140721178e-03,8.084079985e-06,1.973413238e-01,0.000000000e+00,7.164695557e-04,1.777936e-15,2.860979e-17,1.016378e-17,2.373029e-03
4.780000,9.066107618e-03,1.818370125e-02,9.750192402e-03,9.091725370e-03,8.021284536e-06,1.970033089e-01,0.000000000e+00,7.088094023e-04,2.221227e-15,2.609303e-17,7.626497e-18,2.285368e-03
4.790000,9.013207826e-03,1.808623078e-02,9.697935127e-03,9.042992136e-03,7.960442438e-06,1.966696815e-01,0.000000000e+00,7.012311340e-04,2.889460e-15,8.673617e-19,5.222209e-18,2.358169e-03
4.800000,8.960646609e-03,1.798928271e-02,9.645957285e-03,8.994520071e-03,7.901592387e-06,1.963403572e-01,0.000000000e+00,6.937338759e-04,2.000006e-15,2.442513e-17,6.942281e-18,2.273518e-03
4.810000,8.908421800e-03,1.789285424e-02,9.594257394e-03,8.946307777e-03,7.844771515e-06,1.960152545e-01,0.000000000e+00,6.863167626e-04,2.004034e-15,6.071532e-18,3.127317e-18,2.351469e-03
4.820000,8.856531242e-03,1.779694260e-02,9.542833978e-03,8.898353864e-03,7.790015258e-06,1.956942946e-01,0.000000000e+00,6.789789376e-04,1.999275e-15,1.949153e-17,7.152448e-18,2.348389e-03
4.830000,8.804972792e-03,1.770154501e-02,9.491685571e-03,8.850656949e-03,7.737357250e-06,1.953774010e-01,0.000000000e+00,6.717195539e-04,1.998709e-15,2.097868e-17,3.909147e-18,2.270459e-03
4.840000,8.753744319e-03,1.760665873e-02,9.440810710e-03,8.803215657e-03,7.686829190e-06,1.950644999e-01,0.000000000e+00,6.645377733e-04,1.998886e-15,7.757919e-18,6.992894e-18,2.279129e-03
4.850000,8.702843701e-03,1.751228101e-02,9.390207944e-03,8.756028617e-03,7.638460731e-06,1.947555199e-01,0.000000000e+00,6.574327666e-04,1.337120e-15,1.250927e-17,8.770653e-18,2.361579e-03
4.860000,8.652268832e-03,1.741840914e-02,9.339875827e-03,8.709094470e-03,7.592279359e-06,1.944503919e-01,0.000000000e+00,6.504037133e-04,2.665475e-15,1.430490e-17,4.949475e-18,2.287639e-03
4.870000,8.602017616e-03,1.732504040e-02,9.289812920e-03,8.662411862e-03,7.548310282e-06,1.941490493e-01,0.000000000e+00,6.434498019e-04,1.999613e-15,9.341772e-18,6.028788e-18,2.392969e-03
4.880000,8.552087969e-03,1.723217210e-02,9.240017793e-03,8.615979444e-03,7.506576320e-06,1.938514276e-01,0.000000000e+00,6.365702294e-04,2.442890e-15,1.482148e-17,7.961322e-18,2.330409e-03
4.890000,8.502477819e-03,1.713980155e-02,9.190489022e-03,8.569795877e-03,7.467097803e-06,1.935574646e-01,0.000000000e+00,6.297642013e-04,1.776967e-15,6.254634e-18,2.717003e-18,2.314739e-03
4.900000,8.453185106e-03,1.704792610e-02,9.141225192e-03,8.523859829e-03,7.429892470e-06,1.932671001e-01,0.000000000e+00,6.230309317e-04,1.777333e-15,1.482148e-17,4.470280e-18,2.392169e-03
4.910000,8.404207782e-03,1.695654309e-02,9.092224892e-03,8.478169974e-03,7.394975388e-06,1.929802762e-01,0.000000000e+00,6.163696430e-04,1.555307e-15,1.430490e-17,8.420559e-18,2.347019e-03
4.920000,8.355543810e-03,1.686564988e-02,9.043486722e-03,8.432724992e-03,7.362358862e-06,1.926969368e-01,0.000000000e+00,6.097795660e-04,2.443950e-15,6.992894e-18,4.271261e-18,2.371569e-03
4.930000,8.307191165e-03,1.677524384e-02,8.995009287e-03,8.387523572e-03,7.332052375e-06,1.924170277e-01,0.000000000e+00,6.032599395e-04,1.776717e-15,2.722190e-17,8.940560e-18,2.283018e-03
4.940000,8.259147834e-03,1.668532237e-02,8.946791199e-03,8.342564409e-03,7.304062519e-06,1.921404969e-01,0.000000000e+00,5.968100105e-04,2.220707e-15,7.757919e-18,4.690976e-18,2.280438e-03
4.950000,8.211411815e-03,1.659588286e-02,8.898831078e-03,8.297846205e-03,7.278392956e-06,1.918672938e-01,0.000000000e+00,5.904290342e-04,1.332995e-15,4.336809e-18,2.211347e-18,2.357659e-03
4.960000,8.163981118e-03,1.650692274e-02,8.851127551e-03,8.253367669e-03,7.255044376e-06,1.915973699e-01,0.000000000e+00,5.841162736e-04,1.557438e-15,1.110765e-17,1.893478e-18,2.292609e-03
4.970000,8.116853765e-03,1.641843944e-02,8.803679251e-03,8.209127517e-03,7.234014478e-06,1.913306781e-01,0.000000000e+00,5.778709995e-04,1.332504e-15,1.179740e-17,4.114258e-18,2.343688e-03
4.980000,8.070027787e-03,1.633043040e-02,8.756484820e-03,8.165124470e-03,7.215297960e-06,1.910671731e-01,0.000000000e+00,5.716924906e-04,1.558477e-15,7.059813e-18,1.305552e-18,2.310809e-03
4.990000,8.023501229e-03,1.624289307e-02,8.709542904e-03,8.121357259e-03,7.198886525e-06,1.908068111e-01,0.000000000e+00,5.655800332e-04,1.556062e-15,1.257675e-17,6.133174e-19,2.271598e-03
5.000000,7.977272147e-03,1.615582494e-02,8.662852160e-03,8.077824618e-03,7.184768898e-06,1.905495499e-01,0.000000000e+00,5.595329213e-04,1.557431e-15,1.474515e-17,5.438330e-18,2.332128e-03
5.010000,7.931338608e-03,1.606922347e-02,8.616411248e-03,8.034525292e-03,7.172930859e-06,1.902953485e-01,0.000000000e+00,5.535504563e-04,1.778396e-15,1.821460e-17,3.388891e-18,2.280308e-03
5.020000,7.885698689e-03,1.598308618e-02,8.570218838e-03,7.991458028e-03,7.163355295e-06,1.900441675e-01,0.000000000e+00,5.476319473e-04,2.222771e-15,6.952433e-18,6.002408e-18,2.294609e-03
5.030000,7.840350481e-03,1.589741057e-02,8.524273604e-03,7.948621583e-03,7.156022249e-06,1.897959687e-01,0.000000000e+00,5.417767105e-04,2.014814e-15,1.641698e-17,1.764953e-18,2.374879e-03
5.040000,7.795292082e-03,1.581219417e-02,8.478574229e-03,7.906014720e-03,7.150909003e-06,1.895507152e-01,0.000000000e+00,5.359840696e-04,1.117318e-15,7.269816e-18,1.022834e-18,2.286059e-03
5.050000,7.750521606e-03,1.572743451e-02,8.433119402e-03,7.863636207e-03,7.147990162e-06,1.893083714e-01,0.000000000e+00,5.302533553e-04,2.002350e-15,6.071532e-18,3.909147e-18,2.294719e-03
5.060000,7.706037174e-03,1.564312914e-02,8.387907819e-03,7.821484820e-03,7.147237743e-06,1.890689026e-01,0.000000000e+00,5.245839058e-04,2.887848e-15,2.289901e-17,8.015034e-18,2.349149e-03
5.070000,7.661836921e-03,1.555927563e-02,8.342938182e-03,7.779559341e-03,7.148621293e-06,1.888322756e-01,0.000000000e+00,5.189750659e-04,1.777658e-15,7.757919e-18,2.211347e-18,2.274828e-03
5.080000,7.617918990e-03,1.547587155e-02,8.298209201e-03,7.737858559e-03,7.152107999e-06,1.885984579e-01,0.000000000e+00,5.134261878e-04,2.001538e-15,1.872879e-17,4.033465e-18,2.357399e-03
5.090000,7.574281539e-03,1.539291450e-02,8.253719592e-03,7.696381268e-03,7.157662815e-06,1.883674181e-01,0.000000000e+00,5.079366304e-04,2.668417e-15,9.745765e-18,7.293224e-18,2.306139e-03
5.100000,7.530922732e-03,1.531040208e-02,8.209468077e-03,7.655126270e-03,7.165248600e-06,1.881391259e-01,0.000000000e+00,5.025057594e-04,1.336049e-15,1.517883e-17,2.852091e-18,2.282189e-03
5.110000,7.487840748e-03,1.522833189e-02,8.165453385e-03,7.614092372e-03,7.174826250e-06,1.879135516e-01,0.000000000e+00,4.971329475e-04,1.784275e-15,1.301043e-17,3.909147e-18,2.376388e-03
5.120000,7.445033775e-03,1.514670157e-02,8.121674253e-03,7.573278389e-03,7.186354846e-06,1.876906667e-01,0.000000000e+00,4.918175739e-04,2.665340e-15,6.992894e-18,2.776912e-18,2.317839e-03
5.130000,7.402500011e-03,1.506550876e-02,8.078129423e-03,7.532683140e-03,7.199791802e-06,1.874704433e-01,0.000000000e+00,4.865590245e-04,1.999251e-15,1.932193e-17,2.770556e-18,2.392499e-03
5.140000,7.360237666e-03,1.498475110e-02,8.034817643e-03,7.492305453e-03,7.215093016e-06,1.872528544e-01,0.000000000e+00,4.813566918e-04,1.999625e-15,1.840463e-17,1.852685e-18,2.271459e-03
5.150000,7.318244961e-03,1.490442627e-02,7.991737670e-03,7.452144160e-03,7.232213018e-06,1.870378736e-01,0.000000000e+00,4.762099746e-04,2.235283e-15,2.238818e-17,5.057545e-18,2.572770e-03
5.160000,7.276520126e-03,1.482453195e-02,7.948888264e-03,7.412198100e-03,7.251105128e-06,1.868254753e-01,0.000000000e+00,4.711182784e-04,1.554622e-15,1.962616e-17,2.192663e-18,2.387499e-03
5.170000,7.235061402e-03,1.474506581e-02,7.906268195e-03,7.372466119e-03,7.271721600e-06,1.866156345e-01,0.000000000e+00,4.660810148e-04,1.999377e-15,4.336809e-18,4.992042e-18,2.348079e-03
5.180000,7.193867042e-03,1.466602557e-02,7.863876237e-03,7.332947067e-03,7.294013776e-06,1.864083270e-01,0.000000000e+00,4.610976018e-04,1.777888e-15,6.774312e-18,1.865332e-18,2.330348e-03
5.190000,7.152935308e-03,1.458740894e-02,7.821711171e-03,7.293639801e-03,7.317932232e-06,1.862035289e-01,0.000000000e+00,4.561674636e-04,1.561791e-15,1.056082e-17,1.454610e-18,2.260288e-03
5.200000,7.112264473e-03,1.450921364e-02,7.779771784e-03,7.254543186e-03,7.343426914e-06,1.860012171e-01,0.000000000e+00,4.512900307e-04,2.220707e-15,1.170938e-17,6.080238e-18,2.363919e-03
5.210000,7.071852819e-03,1.443143741e-02,7.738056871e-03,7.215656091e-03,7.370447287e-06,1.858013688e-01,0.000000000e+00,4.464647393e-04,1.554623e-15,4.336809e-18,1.693578e-18,2.259578e-03
5.220000,7.031698641e-03,1.435407801e-02,7.696565231e-03,7.176977392e-03,7.398942457e-06,1.856039621e-01,0.000000000e+00,4.416910320e-04,1.332633e-15,7.059813e-18,2.852091e-18,2.271598e-03
5.230000,6.991800243e-03,1.427713320e-02,7.655295671e-03,7.138505969e-03,7.428861304e-06,1.854089750e-01,0.000000000e+00,4.369683571e-04,1.999522e-15,4.670886e-18,8.741117e-19,2.370959e-03
5.240000,6.952155937e-03,1.420060074e-02,7.614247003e-03,7.100240710e-03,7.460152599e-06,1.852163865e-01,0.000000000e+00,4.322961691e-04,1.555637e-15,1.044442e-17,2.620093e-18,2.279959e-03
5.250000,6.912764049e-03,1.412447843e-02,7.573418045e-03,7.062180509e-03,7.492765123e-06,1.850261756e-01,0.000000000e+00,4.276739279e-04,1.999714e-15,1.226635e-17,1.764953e-18,2.883541e-03
5.260000,6.873622913e-03,1.404876406e-02,7.532807624e-03,7.024324265e-03,7.526647772e-06,1.848383220e-01,0.000000000e+00,4.231010996e-04,2.004479e-15,1.492266e-17,4.606265e-18,2.414149e-03
5.270000,6.834730873e-03,1.397345545e-02,7.492414569e-03,6.986670883e-03,7.561749658e-06,1.846528055e-01,0.000000000e+00,4.185771557e-04,2.004332e-15,9.697399e-18,3.157244e-18,2.327269e-03
5.280000,6.796086284e-03,1.389855041e-02,7.452237719e-03,6.949219273e-03,7.598020201e-06,1.844696066e-01,0.000000000e+00,4.141015734e-04,1.120842e-15,2.023018e-17,2.192663e-18,2.304338e-03
5.290000,6.757687510e-03,1.382404678e-02,7.412275915e-03,6.911968353e-03,7.635409218e-06,1.842887057e-01,0.000000000e+00,4.096738357e-04,2.222418e-15,5.485677e-18,3.490138e-18,2.401659e-03
5.300000,6.719532925e-03,1.374994241e-02,7.372528008e-03,6.874917045e-03,7.673867001e-06,1.841100840e-01,0.000000000e+00,4.052934308e-04,1.563787e-15,7.961322e-18,3.827479e-18,2.388029e-03
5.310000,6.681620915e-03,1.367623514e-02,7.332992853e-03,6.838064278e-03,7.713344389e-06,1.839337227e-01,0.000000000e+00,4.009598526e-04,2.001790e-15,2.110382e-17,2.862376e-18,3.808175e-03
5.320000,6.643949873e-03,1.360292285e-02,7.293669311e-03,6.801408984e-03,7.753792836e-06,1.837596032e-01,0.000000000e+00,3.966726003e-04,1.561691e-15,4.670886e-18,5.421011e-19,3.382803e-03
5.330000,6.606518203e-03,1.353000341e-02,7.254556250e-03,6.764950104e-03,7.795164467e-06,1.835877075e-01,0.000000000e+00,3.924311786e-04,1.335166e-15,1.900789e-17,1.435289e-18,2.681660e-03
5.340000,6.569324319e-03,1.345747471e-02,7.215652542e-03,6.728686583e-03,7.837412132e-06,1.834180177e-01,0.000000000e+00,3.882350972e-04,2.220604e-15,1.632508e-17,4.848700e-19,4.708518e-03
5.350000,6.532366645e-03,1.338533467e-02,7.176957067e-03,6.692617371e-03,7.880489453e-06,1.832505161e-01,0.000000000e+00,3.840838714e-04,2.222062e-15,8.420559e-18,1.563659e-18,4.531587e-03
5.360000,6.495643613e-03,1.331358118e-02,7.138468710e-03,6.656741426e-03,7.924350863e-06,1.830851852e-01,0.000000000e+00,3.799770214e-04,1.778105e-15,1.097135e-17,3.976229e-18,2.658270e-03
5.370000,6.459153667e-03,1.324221217e-02,7.100186361e-03,6.621057709e-03,7.968951640e-06,1.829220080e-01,0.000000000e+00,3.759140727e-04,1.999967e-15,1.063182e-17,1.320102e-18,2.406699e-03
5.380000,6.422895259e-03,1.317122558e-02,7.062108918e-03,6.585565188e-03,8.014247941e-06,1.827609675e-01,0.000000000e+00,3.718945557e-04,1.339351e-15,7.372575e-18,8.485224e-19,2.286718e-03
5.390000,6.386866851e-03,1.310061935e-02,7.024235282e-03,6.550262835e-03,8.060196823e-06,1.826020469e-01,0.000000000e+00,3.679180060e-04,2.224130e-15,4.610091e-18,1.212175e-18,2.406619e-03
5.400000,6.351066914e-03,1.303039144e-02,6.986564363e-03,6.515149629e-03,8.106756260e-06,1.824452297e-01,0.000000000e+00,3.639839641e-04,1.113137e-15,6.505213e-18,2.168404e-19,2.313059e-03
5.410000,6.315493930e-03,1.296053982e-02,6.949095074e-03,6.480224555e-03,8.153885167e-06,1.822904997e-01,0.000000000e+00,3.600919753e-04,1.998655e-15,7.757919e-18,9.590747e-19,2.332369e-03
5.420000,6.280146387e-03,1.289106246e-02,6.911826334e-03,6.445486601e-03,8.201543405e-06,1.821378408e-01,0.000000000e+00,3.562415899e-04,2.443565e-15,9.745765e-18,1.236181e-18,2.274689e-03
5.430000,6.245022787e-03,1.282195735e-02,6.874757070e-03,6.410934762e-03,8.249691792e-06,1.819872370e-01,0.000000000e+00,3.524323630e-04,2.221630e-15,8.673617e-18,2.025457e-18,2.307489e-03
5.440000,6.210121638e-03,1.275322250e-02,6.837886212e-03,6.376568038e-03,8.298292104e-06,1.818386728e-01,0.000000000e+00,3.486638544e-04,2.221325e-15,7.672598e-18,2.235140e-18,2.275109e-03
5.450000,6.175441457e-03,1.268485591e-02,6.801212697e-03,6.342385435e-03,8.347307081e-06,1.816921326e-01,0.000000000e+00,3.449356286e-04,2.886726e-15,7.359808e-18,2.682168e-18,2.272799e-03
5.460000,6.140980774e-03,1.261685561e-02,6.764735467e-03,6.308385964e-03,8.396700424e-06,1.815476012e-01,0.000000000e+00,3.412472548e-04,1.999083e-15,7.996680e-18,1.533293e-19,2.324259e-03
5.470000,6.106738123e-03,1.254921962e-02,6.728453470e-03,6.274568640e-03,8.446436787e-06,1.814050634e-01,0.000000000e+00,3.375983067e-04,8.904946e-16,3.469447e-18,1.855855e-18,2.290189e-03
5.480000,6.072712051e-03,1.248194600e-02,6.692365660e-03,6.240932485e-03,8.496481778e-06,1.812645045e-01,0.000000000e+00,3.339883628e-04,2.221879e-15,8.673617e-19,9.697399e-19,2.297698e-03
5.490000,6.038901112e-03,1.241503278e-02,6.656470995e-03,6.207476524e-03,8.546801947e-06,1.811259099e-01,0.000000000e+00,3.304170058e-04,1.778659e-15,8.845389e-18,2.424350e-19,2.486929e-03
5.500000,6.005303871e-03,1.234847804e-02,6.620768440e-03,6.174199791e-03,8.597364776e-06,1.809892649e-01,0.000000000e+00,3.268838231e-04,2.220663e-15,3.496447e-18,2.135631e-18,2.520199e-03
5.510000,5.971918900e-03,1.228227984e-02,6.585256965e-03,6.141101321e-03,8.648138664e-06,1.808545556e-01,0.000000000e+00,3.233884064e-04,1.111182e-15,8.148124e-18,1.042752e-18,2.994911e-03
5.520000,5.938744780e-03,1.221643628e-02,6.549935544e-03,6.108180156e-03,8.699092922e-06,1.807217678e-01,0.000000000e+00,3.199303518e-04,1.555142e-15,4.670886e-18,7.477262e-19,2.367738e-03
5.530000,5.905780103e-03,1.215094544e-02,6.514803160e-03,6.075435344e-03,8.750197752e-06,1.805908877e-01,0.000000000e+00,3.165092596e-04,1.332507e-15,3.576224e-18,1.993466e-18,2.358399e-03
5.540000,5.873023467e-03,1.208580543e-02,6.479858797e-03,6.042865937e-03,8.801424234e-06,1.804619019e-01,0.000000000e+00,3.131247346e-04,1.777475e-15,4.119968e-18,1.505490e-18,2.332269e-03
5.550000,5.840473482e-03,1.202101436e-02,6.445101448e-03,6.010470992e-03,8.852744311e-06,1.803347970e-01,0.000000000e+00,3.097763856e-04,2.000154e-15,1.441622e-17,7.373372e-19,2.311689e-03
5.560000,5.808128764e-03,1.195657036e-02,6.410530108e-03,5.978249570e-03,8.904130769e-06,1.802095600e-01,0.000000000e+00,3.064638258e-04,1.998498e-15,5.280410e-18,1.533293e-19,2.386399e-03
5.570000,5.775987938e-03,1.189247156e-02,6.376143782e-03,5.946200741e-03,8.955557221e-06,1.800861781e-01,0.000000000e+00,3.031866724e-04,2.221143e-15,3.529907e-18,5.528368e-19,2.494069e-03
5.580000,5.744049639e-03,1.182871611e-02,6.341941474e-03,5.914323575e-03,9.006998091e-06,1.799646386e-01,0.000000000e+00,2.999445466e-04,2.442703e-15,5.818439e-18,1.537361e-18,2.444449e-03
5.590000,5.712312511e-03,1.176530216e-02,6.307922199e-03,5.882617149e-03,9.058428592e-06,1.798449294e-01,0.000000000e+00,2.967370739e-04,1.999721e-15,6.969320e-18,7.298259e-19,2.500949e-03
5.600000,5.680775204e-03,1.170222786e-02,6.274084975e-03,5.851080547e-03,9.109824711e-06,1.797270385e-01,0.000000000e+00,2.935638836e-04,1.777403e-15,3.496447e-18,6.666962e-19,2.361569e-03
5.610000,5.649436380e-03,1.163949141e-02,6.240428823e-03,5.819712854e-03,9.161163186e-06,1.796109540e-01,0.000000000e+00,2.904246090e-04,2.220937e-15,1.852685e-18,1.037455e-18,2.353979e-03
5.620000,5.618294706e-03,1.157709098e-02,6.206952773e-03,5.788513163e-03,9.212421492e-06,1.794966646e-01,0.000000000e+00,2.873188874e-04,2.006819e-15,9.263427e-18,1.722824e-18,2.349519e-03
5.630000,5.587348859e-03,1.151502476e-02,6.173655858e-03,5.757480571e-03,9.263577818e-06,1.793841592e-01,0.000000000e+00,2.842463600e-04,2.442624e-15,3.157244e-18,9.482896e-19,2.337129e-03
5.640000,5.556597525e-03,1.145329096e-02,6.140537116e-03,5.726614178e-03,9.314611048e-06,1.792734269e-01,0.000000000e+00,2.812066717e-04,1.998715e-15,2.742839e-18,5.838607e-19,2.356319e-03
5.650000,5.526039398e-03,1.139188778e-02,6.107595591e-03,5.695913091e-03,9.365500746e-06,1.791644573e-01,0.000000000e+00,2.781994712e-04,2.221836e-15,2.602085e-18,1.167721e-18,2.325019e-03
5.660000,5.495673181e-03,1.133081346e-02,6.074830332e-03,5.665376422e-03,9.416227135e-06,1.790572402e-01,0.000000000e+00,2.752244112e-04,1.998480e-15,6.505213e-18,8.862151e-19,2.394739e-03
5.670000,5.465497582e-03,1.127006622e-02,6.042240391e-03,5.635003286e-03,9.466771076e-06,1.789517657e-01,0.000000000e+00,2.722811477e-04,1.776480e-15,5.434006e-18,1.656959e-18,2.421420e-03
5.680000,5.435511322e-03,1.120964430e-02,6.009824829e-03,5.604792804e-03,9.517114054e-06,1.788480245e-01,0.000000000e+00,2.693693409e-04,1.999251e-15,7.638818e-18,5.838607e-19,2.379789e-03
5.690000,5.405713126e-03,1.114954595e-02,5.977582709e-03,5.574744101e-03,9.567238158e-06,1.787460074e-01,0.000000000e+00,2.664886541e-04,1.776954e-15,3.679904e-18,6.352363e-19,2.360029e-03
5.700000,5.376101730e-03,1.108976944e-02,5.945513099e-03,5.544856307e-03,9.617126063e-06,1.786457057e-01,0.000000000e+00,2.636387546e-04,1.998842e-15,4.336809e-18,2.443217e-19,2.704690e-03
5.710000,5.346675877e-03,1.103031303e-02,5.913615073e-03,5.515128556e-03,9.666761014e-06,1.785471110e-01,0.000000000e+00,2.608193131e-04,2.221359e-15,1.748223e-18,2.669538e-19,2.556359e-03
5.720000,5.317434318e-03,1.097117500e-02,5.881887710e-03,5.485559988e-03,9.716126807e-06,1.784502155e-01,0.000000000e+00,2.580300038e-04,1.558462e-15,3.916657e-18,2.793925e-19,2.365499e-03
5.730000,5.288375812e-03,1.091235363e-02,5.850330093e-03,5.456149746e-03,9.765207774e-06,1.783550117e-01,0.000000000e+00,2.552705044e-04,2.220546e-15,3.457568e-18,7.264205e-19,2.311729e-03
5.740000,5.259499125e-03,1.085384724e-02,5.818941310e-03,5.426896979e-03,9.813988763e-06,1.782614923e-01,0.000000000e+00,2.525404961e-04,1.332489e-15,2.710505e-18,1.057445e-18,2.351619e-03
5.750000,5.230803034e-03,1.079565410e-02,5.787720454e-03,5.397800840e-03,9.862455130e-06,1.781696508e-01,0.000000000e+00,2.498396635e-04,1.555570e-15,2.862376e-18,5.576334e-19,2.308758e-03
5.760000,5.202286320e-03,1.073777256e-02,5.756666624e-03,5.368860486e-03,9.910592714e-06,1.780794809e-01,0.000000000e+00,2.471676944e-04,2.221542e-15,3.496447e-18,6.311754e-19,2.298219e-03
5.770000,5.173947775e-03,1.068020092e-02,5.725778922e-03,5.340075079e-03,9.958387827e-06,1.779909768e-01,0.000000000e+00,2.445242803e-04,2.447154e-15,1.318989e-18,4.679058e-19,2.324798e-03
5.780000,5.145786197e-03,1.062293752e-02,5.695056456e-03,5.311443786e-03,1.000582724e-05,1.779041333e-01,0.000000000e+00,2.419091157e-04,1.777336e-15,1.563659e-18,2.142843e-19,2.301648e-03
5.790000,5.117800392e-03,1.056598070e-02,5.664498337e-03,5.282965777e-03,1.005289817e-05,1.778189455e-01,0.000000000e+00,2.393218984e-04,1.555922e-15,6.307970e-18,5.492119e-19,2.357479e-03
5.800000,5.089989174e-03,1.050932882e-02,5.634103684e-03,5.254640227e-03,1.009958825e-05,1.777354091e-01,0.000000000e+00,2.367623295e-04,2.221877e-15,4.336809e-19,1.545226e-19,2.309889e-03
5.810000,5.062351365e-03,1.045298022e-02,5.603871617e-03,5.226466317e-03,1.014588555e-05,1.776535203e-01,0.000000000e+00,2.342301134e-04,2.222324e-15,7.857287e-18,6.234162e-19,2.286599e-03
5.820000,5.034885794e-03,1.039693329e-02,5.573801263e-03,5.198443230e-03,1.019177852e-05,1.775732757e-01,0.000000000e+00,2.317249574e-04,2.222067e-15,6.254634e-18,3.007623e-19,2.346379e-03
5.830000,5.007591297e-03,1.034118639e-02,5.543891753e-03,5.170570155e-03,1.023725600e-05,1.774946726e-01,0.000000000e+00,2.292465721e-04,2.000924e-15,6.285568e-18,3.256134e-19,2.365829e-03
5.840000,4.980466719e-03,1.028573791e-02,5.514142222e-03,5.142846285e-03,1.028230723e-05,1.774177087e-01,0.000000000e+00,2.267946713e-04,1.558590e-15,1.341084e-18,9.438243e-20,2.350879e-03
5.850000,4.953510912e-03,1.023058625e-02,5.484551811e-03,5.115270816e-03,1.032692180e-05,1.773423823e-01,0.000000000e+00,2.243689716e-04,1.998453e-15,1.683134e-18,2.326983e-19,2.303069e-03
5.860000,4.926722736e-03,1.017572980e-02,5.455119665e-03,5.087842950e-03,1.037108965e-05,1.772686923e-01,0.000000000e+00,2.219691928e-04,1.339351e-15,3.268829e-18,9.216715e-20,2.496379e-03
5.870000,4.900101055e-03,1.012116698e-02,5.425844932e-03,5.060561893e-03,1.041480105e-05,1.771966381e-01,0.000000000e+00,2.195950577e-04,1.999236e-15,1.626303e-18,1.365800e-19,2.447020e-03
5.880000,4.873644746e-03,1.006689622e-02,5.396726767e-03,5.033426854e-03,1.045804664e-05,1.771262197e-01,0.000000000e+00,2.172462920e-04,2.000208e-15,6.294211e-18,4.430039e-19,2.284459e-03
5.890000,4.847352689e-03,1.001291592e-02,5.367764328e-03,5.006437048e-03,1.050081733e-05,1.770574377e-01,0.000000000e+00,2.149226244e-04,1.777119e-15,3.545793e-18,9.541066e-20,2.415949e-03
5.900000,4.821223772e-03,9.959224544e-03,5.338956778e-03,4.979591693e-03,1.054310439e-05,1.769902934e-01,0.000000000e+00,2.126237864e-04,2.668147e-15,2.211347e-18,2.731599e-20,2.297879e-03
5.910000,4.795256892e-03,9.905820522e-03,5.310303284e-03,4.952890011e-03,1.058489934e-05,1.769247885e-01,0.000000000e+00,2.103495125e-04,2.442776e-15,3.237012e-18,3.450243e-19,2.295468e-03
5.920000,4.769450952e-03,9.852702311e-03,5.281803018e-03,4.926331230e-03,1.062619404e-05,1.768609256e-01,0.000000000e+00,2.080995400e-04,2.222844e-15,2.434631e-18,1.869699e-19,2.321729e-03
5.930000,4.743804862e-03,9.799868371e-03,5.253455156e-03,4.899914579e-03,1.066698058e-05,1.767987077e-01,0.000000000e+00,2.058736088e-04,2.443252e-15,2.867261e-18,2.623793e-19,2.353349e-03
5.940000,4.718317539e-03,9.747317173e-03,5.225258879e-03,4.873639293e-03,1.070725137e-05,1.767381385e-01,0.000000000e+00,2.036714620e-04,2.220720e-15,1.260913e-18,1.052504e-19,2.324779e-03
5.950000,4.692987909e-03,9.695047194e-03,5.197213371e-03,4.847504613e-03,1.074699906e-05,1.766792225e-01,0.000000000e+00,2.014928452e-04,1.784365e-15,5.386000e-18,4.338959e-19,2.335878e-03
5.960000,4.667814901e-03,9.643056920e-03,5.169317821e-03,4.821509780e-03,1.078621654e-05,1.766219648e-01,0.000000000e+00,1.993375065e-04,2.443368e-15,3.003773e-18,5.871472e-20,2.340209e-03
5.970000,4.642797456e-03,9.591344846e-03,5.141571424e-03,4.795654041e-03,1.082489698e-05,1.765663710e-01,0.000000000e+00,1.972051972e-04,2.220880e-15,2.606599e-18,2.658733e-19,2.345028e-03
5.980000,4.617934518e-03,9.539909472e-03,5.113973377e-03,4.769936648e-03,1.086303376e-05,1.765124476e-01,0.000000000e+00,1.950956709e-04,2.222278e-15,1.479648e-18,2.661707e-19,2.313248e-03
5.990000,4.593225039e-03,9.488749309e-03,5.086522883e-03,4.744356856e-03,1.090062051e-05,1.764602018e-01,0.000000000e+00,1.930086840e-04,2.443646e-15,1.564598e-18,6.017850e-19,2.300398e-03
6.000000,4.568667980e-03,9.437862876e-03,5.059219147e-03,4.718913925e-03,1.093765108e-05,6.842432831e-02,0.000000000e+00,1.909439953e-04,1.777949e-15,3.001204e-18,3.439092e-19,2.326328e-03
6.010000,4.544323673e-03,9.387421479e-03,5.032061304e-03,4.693693505e-03,1.072700183e-05,6.834862705e-02,0.000000000e+00,1.889078108e-04,1.562114e-15,5.421011e-20,6.187131e-20,2.306268e-03
6.020000,4.520110442e-03,9.337250798e-03,5.005057750e-03,4.668608440e-03,1.051608464e-05,6.824880075e-02,0.000000000e+00,1.868934244e-04,1.778315e-15,2.959296e-18,1.203279e-20,2.309228e-03
6.030000,4.496027407e-03,9.287349297e-03,4.978206995e-03,4.643657960e-03,1.030524487e-05,6.812583994e-02,0.000000000e+00,1.849005960e-04,1.780972e-15,1.518851e-18,1.224914e-20,2.348918e-03
6.040000,4.472073707e-03,9.237715455e-03,4.951507603e-03,4.618841305e-03,1.009480117e-05,6.798070528e-02,0.000000000e+00,1.829290890e-04,2.887281e-15,2.211347e-18,2.440406e-19,2.319978e-03
6.050000,4.448248497e-03,9.188347766e-03,4.924958193e-03,4.594157722e-03,9.885047009e-06,6.781432834e-02,0.000000000e+00,1.809786697e-04,1.334006e-15,3.157244e-18,4.056637e-19,2.309668e-03
6.060000,4.424550947e-03,9.139244735e-03,4.898557431e-03,4.569606465e-03,9.676252196e-06,6.762761233e-02,0.000000000e+00,1.790491074e-04,1.554517e-15,1.999170e-18,1.531416e-19,2.332978e-03
6.070000,4.400980241e-03,9.090404883e-03,4.872304032e-03,4.545186792e-03,9.468664266e-06,6.742143284e-02,0.000000000e+00,1.771401743e-04,1.777359e-15,1.594367e-18,3.879555e-19,2.313579e-03
6.080000,4.377535579e-03,9.041826741e-03,4.846196752e-03,4.520897971e-03,9.262509818e-06,6.719663855e-02,0.000000000e+00,1.752516455e-04,1.784538e-15,2.224597e-18,1.073977e-19,2.340198e-03
6.090000,4.354216174e-03,8.993508855e-03,4.820234388e-03,4.496739273e-03,9.057995781e-06,6.695405197e-02,0.000000000e+00,1.733832989e-04,1.554870e-15,2.263881e-18,7.984353e-20,2.411899e-03
6.100000,4.331021250e-03,8.945449781e-03,4.794415773e-03,4.472709978e-03,8.855310603e-06,6.669447010e-02,0.000000000e+00,1.715349150e-04,2.223396e-15,1.084202e-18,7.875866e-20,2.321049e-03
6.110000,4.307950047e-03,8.897648089e-03,4.768739777e-03,4.448809370e-03,8.654625394e-06,6.641866512e-02,0.000000000e+00,1.697062772e-04,2.002548e-15,8.274814e-19,2.089811e-20,2.304328e-03
6.120000,4.285001812e-03,8.850102356e-03,4.743205300e-03,4.425036737e-03,8.456094989e-06,6.612738507e-02,0.000000000e+00,1.678971713e-04,1.776601e-15,2.315857e-18,4.235682e-20,2.289299e-03
6.130000,4.262175809e-03,8.802811173e-03,4.717811274e-03,4.401391376e-03,8.259858968e-06,6.582135448e-02,0.000000000e+00,1.661073858e-04,2.445694e-15,1.358501e-18,1.805504e-19,2.301039e-03
6.140000,4.239471307e-03,8.755773142e-03,4.692556659e-03,4.377872587e-03,8.066042615e-06,6.550127501e-02,0.000000000e+00,1.643367116e-04,2.449825e-15,2.045669e-18,2.731622e-19,2.310729e-03
6.150000,4.216887590e-03,8.708986874e-03,4.667440443e-03,4.354479676e-03,7.874757828e-06,6.516782608e-02,0.000000000e+00,1.625849422e-04,1.342873e-15,2.515372e-18,1.412751e-19,2.362809e-03
6.160000,4.194423949e-03,8.662450989e-03,4.642461635e-03,4.331211953e-03,7.686103976e-06,6.482166547e-02,0.000000000e+00,1.608518735e-04,2.221237e-15,9.199761e-19,6.542779e-21,2.326729e-03
6.170000,4.172079685e-03,8.616164119e-03,4.617619272e-03,4.308068734e-03,7.500168713e-06,6.446342990e-02,0.000000000e+00,1.591373036e-04,2.000809e-15,1.721971e-18,5.534032e-20,2.321819e-03
6.180000,4.149854110e-03,8.570124905e-03,4.592912409e-03,4.285049339e-03,7.317028746e-06,6.409373564e-02,0.000000000e+00,1.574410332e-04,1.776587e-15,3.209403e-18,2.643080e-19,2.328839e-03
6.190000,4.127746542e-03,8.524331997e-03,4.568340124e-03,4.262153094e-03,7.136750558e-06,6.371317904e-02,0.000000000e+00,1.557628652e-04,1.776812e-15,3.205739e-18,2.078917e-19,2.299919e-03
6.200000,4.105756309e-03,8.478784054e-03,4.543901515e-03,4.239379329e-03,6.959391099e-06,6.332233710e-02,0.000000000e+00,1.541026047e-04,2.002350e-15,2.269715e-18,2.039236e-19,2.290528e-03
6.210000,4.083882746e-03,8.433479744e-03,4.519595694e-03,4.216727376e-03,6.784998426e-06,6.292176801e-02,0.000000000e+00,1.524600590e-04,1.565255e-15,3.325869e-18,4.931660e-19,2.315438e-03
6.220000,4.062125196e-03,8.388417744e-03,4.495421795e-03,4.194196576e-03,6.613612322e-06,6.251201167e-02,0.000000000e+00,1.508350378e-04,1.112596e-15,2.472361e-18,2.781368e-19,2.264298e-03
6.230000,4.040483010e-03,8.343596740e-03,4.471378965e-03,4.171786270e-03,6.445264867e-06,6.209359017e-02,0.000000000e+00,1.492273527e-04,1.998465e-15,1.495452e-18,4.878913e-19,2.253778e-03
6.240000,4.018955546e-03,8.299015427e-03,4.447466367e-03,4.149495806e-03,6.279980985e-06,6.166700836e-02,0.000000000e+00,1.476368176e-04,1.112481e-15,7.531109e-19,3.620087e-19,2.269228e-03
6.250000,3.997542168e-03,8.254672506e-03,4.423683178e-03,4.127324535e-03,6.117778956e-06,6.123275427e-02,0.000000000e+00,1.460632484e-04,1.776547e-15,7.818293e-19,3.947430e-19,2.439159e-03
6.260000,3.976242247e-03,8.210566687e-03,4.400028589e-03,4.105271813e-03,5.958670904e-06,6.079129960e-02,0.000000000e+00,1.445064631e-04,1.557488e-15,1.552341e-18,3.148068e-20,2.270209e-03
6.270000,3.955055160e-03,8.166696691e-03,4.376501804e-03,4.083336998e-03,5.802663247e-06,6.034310019e-02,0.000000000e+00,1.429662817e-04,1.563556e-15,1.817454e-18,1.599278e-19,2.272769e-03
6.280000,3.933980291e-03,8.123061242e-03,4.353102039e-03,4.061519455e-03,5.649757131e-06,5.988859648e-02,0.000000000e+00,1.414425263e-04,2.002410e-15,1.105674e-18,3.787338e-20,2.309158e-03
6.290000,3.913017029e-03,8.079659077e-03,4.329828519e-03,4.039818550e-03,5.499948835e-06,5.942821393e-02,0.000000000e+00,1.399350209e-04,1.999859e-15,2.263881e-18,2.071423e-19,2.287078e-03
6.300000,3.892164768e-03,8.036488936e-03,4.306680485e-03,4.018233655e-03,5.353230149e-06,5.896236344e-02,0.000000000e+00,1.384435913e-04,1.778713e-15,2.589065e-18,1.676923e-20,2.268498e-03
6.310000,3.871422909e-03,7.993549569e-03,4.283657183e-03,3.996764144e-03,5.209588738e-06,5.849144180e-02,0.000000000e+00,1.369680655e-04,1.780756e-15,2.695829e-18,7.125990e-20,2.315708e-03
6.320000,3.850790857e-03,7.950839734e-03,4.260757872e-03,3.975409396e-03,5.069008473e-06,5.801583206e-02,0.000000000e+00,1.355082733e-04,1.776635e-15,2.158216e-18,9.834763e-20,2.274899e-03
6.330000,3.830268023e-03,7.908358195e-03,4.237981819e-03,3.954168794e-03,4.931469754e-06,5.753590393e-02,0.000000000e+00,1.340640463e-04,1.555428e-15,3.325869e-18,7.475928e-20,2.262659e-03
6.340000,3.809853823e-03,7.866103723e-03,4.215328302e-03,3.933041722e-03,4.796949804e-06,5.705201419e-02,0.000000000e+00,1.326352179e-04,1.778270e-15,6.942281e-19,2.109793e-20,2.306059e-03
6.350000,3.789547676e-03,7.824075098e-03,4.192796604e-03,3.912027571e-03,4.665422952e-06,5.656450705e-02,0.000000000e+00,1.312216236e-04,1.556109e-15,1.578622e-18,2.558040e-19,2.284189e-03
6.360000,3.769349007e-03,7.782271106e-03,4.170386018e-03,3.891125734e-03,4.536860893e-06,5.607371448e-02,0.000000000e+00,1.298231003e-04,2.221143e-15,2.602650e-18,1.407909e-19,2.292519e-03
6.370000,3.749257247e-03,7.740690540e-03,4.148095847e-03,3.870335608e-03,4.411232939e-06,5.557995662e-02,0.000000000e+00,1.284394870e-04,2.221422e-15,2.439455e-18,1.627633e-19,2.343628e-03
6.380000,3.729271827e-03,7.699332199e-03,4.125925397e-03,3.849656591e-03,4.288506244e-06,5.508354210e-02,0.000000000e+00,1.270706243e-04,2.443557e-15,9.590747e-19,2.343702e-19,2.277209e-03
6.390000,3.709392187e-03,7.658194891e-03,4.103873984e-03,3.829088089e-03,4.168646026e-06,5.458476838e-02,0.000000000e+00,1.257163546e-04,2.443285e-15,2.691465e-18,9.444482e-20,2.273028e-03
6.400000,3.689617768e-03,7.617277430e-03,4.081940930e-03,3.808629508e-03,4.051615771e-06,5.408392205e-02,0.000000000e+00,1.243765220e-04,2.004465e-15,2.390783e-18,1.363752e-19,2.310579e-03
6.410000,3.669948016e-03,7.576578636e-03,4.060125564e-03,3.788280257e-03,3.937377416e-06,5.358127921e-02,0.000000000e+00,1.230509723e-04,1.777468e-15,1.355253e-18,1.118353e-19,2.291388e-03
6.420000,3.650382380e-03,7.536097336e-03,4.038427221e-03,3.768039752e-03,3.825891536e-06,5.307710571e-02,0.000000000e+00,1.217395529e-04,1.998642e-15,7.273049e-19,1.959274e-20,2.283648e-03
6.430000,3.630920314e-03,7.495832364e-03,4.016845243e-03,3.747907408e-03,3.717117501e-06,5.257165751e-02,0.000000000e+00,1.204421129e-04,1.332417e-15,4.631714e-19,1.204838e-20,2.501370e-03
6.440000,3.611561275e-03,7.455782560e-03,3.995378977e-03,3.727882646e-03,3.611013641e-06,5.206518093e-02,0.000000000e+00,1.191585031e-04,2.222787e-15,1.152523e-18,3.675991e-21,2.296498e-03
6.450000,3.592304724e-03,7.415946771e-03,3.974027774e-03,3.707964889e-03,3.507537382e-06,5.155791297e-02,0.000000000e+00,1.178885758e-04,2.222917e-15,3.909147e-19,1.847610e-19,2.329199e-03
6.460000,3.573150124e-03,7.376323851e-03,3.952790994e-03,3.688153564e-03,3.406645385e-06,5.105008157e-02,0.000000000e+00,1.166321849e-04,1.778270e-15,1.264386e-18,9.733836e-20,2.286659e-03
6.470000,3.554096944e-03,7.336912658e-03,3.931668001e-03,3.668448101e-03,3.308293675e-06,5.054190587e-02,0.000000000e+00,1.153891860e-04,2.220544e-15,2.424350e-19,8.991125e-20,2.453959e-03
6.480000,3.535144653e-03,7.297712059e-03,3.910658162e-03,3.648847933e-03,3.212437751e-06,5.003359651e-02,0.000000000e+00,1.141594361e-04,2.446682e-15,6.345131e-19,2.410909e-19,2.295258e-03
6.490000,3.516292727e-03,7.258720927e-03,3.889760853e-03,3.629352496e-03,3.119032701e-06,4.952535584e-02,0.000000000e+00,1.129427939e-04,1.776492e-15,1.096332e-18,1.465693e-20,2.386759e-03
6.500000,3.497540642e-03,7.219938140e-03,3.868975451e-03,3.609961230e-03,3.028033300e-06,4.901737822e-02,0.000000000e+00,1.117391195e-04,1.777390e-15,1.526571e-18,1.177426e-19,2.288058e-03
6.510000,3.478887879e-03,7.181362581e-03,3.848301340e-03,3.590673575e-03,2.939394106e-06,4.850985021e-02,0.000000000e+00,1.105482745e-04,1.776642e-15,2.105140e-18,7.550011e-21,2.253178e-03
6.520000,3.460333921e-03,7.142993143e-03,3.827737908e-03,3.571488979e-03,2.853069543e-06,4.800295085e-02,0.000000000e+00,1.093701221e-04,2.000485e-15,7.818293e-19,5.204503e-21,2.294319e-03
6.530000,3.441878254e-03,7.104828722e-03,3.807284548e-03,3.552406890e-03,2.769013987e-06,4.749685186e-02,0.000000000e+00,1.082045268e-04,2.000184e-15,8.824766e-19,5.148928e-20,2.311869e-03
6.540000,3.423520368e-03,7.066868220e-03,3.786940656e-03,3.533426758e-03,2.687181835e-06,4.699171788e-02,0.000000000e+00,1.070513548e-04,1.999332e-15,4.370559e-19,2.247918e-20,2.282528e-03
6.550000,3.405259755e-03,7.029110548e-03,3.766705634e-03,3.514548039e-03,2.607527577e-06,4.648770668e-02,0.000000000e+00,1.059104734e-04,2.221238e-15,1.355253e-18,6.625763e-20,2.267479e-03
6.560000,3.387095909e-03,6.991554619e-03,3.746578887e-03,3.495770190e-03,2.530005857e-06,4.598496937e-02,0.000000000e+00,1.047817517e-04,1.999847e-15,4.631714e-19,2.145730e-20,2.314808e-03
6.570000,3.369028330e-03,6.954199354e-03,3.726559824e-03,3.477092671e-03,2.454571534e-06,4.548365061e-02,0.000000000e+00,1.036650598e-04,2.220707e-15,6.705420e-19,1.025683e-20,2.292578e-03
6.580000,3.351056516e-03,6.917043681e-03,3.706647860e-03,3.458514946e-03,2.381179731e-06,4.498388882e-02,0.000000000e+00,1.025602696e-04,2.221238e-15,4.848700e-19,1.518327e-20,2.305259e-03
6.590000,3.333179973e-03,6.880086532e-03,3.686842410e-03,3.440036482e-03,2.309785885e-06,4.448581635e-02,0.000000000e+00,1.014672541e-04,2.220837e-15,8.690542e-19,1.357054e-19,2.314419e-03
6.600000,3.315398204e-03,6.843326844e-03,3.667142898e-03,3.421656746e-03,2.240345795e-06,4.398955968e-02,0.000000000e+00,1.003858878e-04,2.221587e-15,2.263881e-18,1.178703e-19,2.344009e-03
6.610000,3.297710719e-03,6.806763563e-03,3.647548747e-03,3.403375212e-03,2.172815657e-06,4.349523961e-02,0.000000000e+00,9.931604635e-05,2.001821e-15,1.328977e-18,5.677758e-20,2.328689e-03
6.620000,3.280117030e-03,6.770395637e-03,3.628059386e-03,3.385191353e-03,2.107152105e-06,4.300297143e-02,0.000000000e+00,9.825760697e-05,1.998517e-15,1.372490e-18,1.374326e-19,2.340839e-03
6.630000,3.262616649e-03,6.734222022e-03,3.608674249e-03,3.367104649e-03,2.043312242e-06,4.251286511e-02,0.000000000e+00,9.721044808e-05,2.664938e-15,6.345131e-19,2.971233e-20,2.288919e-03
6.640000,3.245209092e-03,6.698241680e-03,3.589392769e-03,3.349114580e-03,1.981253670e-06,4.202502544e-02,0.000000000e+00,9.617444938e-05,2.443488e-15,2.593176e-18,7.708608e-20,2.274188e-03
6.650000,3.227893880e-03,6.662453578e-03,3.570214388e-03,3.331220628e-03,1.920934517e-06,4.153955221e-02,0.000000000e+00,9.514949190e-05,1.560561e-15,2.368088e-18,1.103709e-19,2.300648e-03
6.660000,3.210670531e-03,6.626856686e-03,3.551138548e-03,3.313422281e-03,1.862313463e-06,4.105654040e-02,0.000000000e+00,9.413545793e-05,2.220680e-15,1.966751e-18,2.736540e-20,2.269298e-03
6.670000,3.193538571e-03,6.591449984e-03,3.532164696e-03,3.295719026e-03,1.805349759e-06,4.057608026e-02,0.000000000e+00,9.313223100e-05,2.221747e-15,7.589415e-19,1.979316e-21,2.265338e-03
6.680000,3.176497526e-03,6.556232455e-03,3.513292280e-03,3.278110357e-03,1.750003242e-06,4.009825754e-02,0.000000000e+00,9.213969592e-05,2.443383e-15,7.155940e-19,5.082458e-20,2.362259e-03
6.690000,3.159546922e-03,6.521203087e-03,3.494520755e-03,3.260595767e-03,1.696234363e-06,3.962315359e-02,0.000000000e+00,9.115773870e-05,1.999426e-15,1.148692e-18,2.372728e-20,2.280508e-03
6.700000,3.142686292e-03,6.486360875e-03,3.475849576e-03,3.243174753e-03,1.644004188e-06,3.915084552e-02,0.000000000e+00,9.018624658e-05,1.776913e-15,3.252607e-19,5.376280e-20,2.301619e-03
6.710000,3.125915169e-03,6.451704819e-03,3.457278203e-03,3.225846815e-03,1.593274418e-06,3.868140632e-02,0.000000000e+00,8.922510801e-05,2.446367e-15,7.818293e-19,5.215964e-20,2.321819e-03
6.720000,3.109233087e-03,6.417233924e-03,3.438806099e-03,3.208611457e-03,1.544007397e-06,3.821490502e-02,0.000000000e+00,8.827421261e-05,2.444580e-15,2.873775e-18,6.874778e-20,2.277828e-03
6.730000,3.092639584e-03,6.382947199e-03,3.420432729e-03,3.191468182e-03,1.496166121e-06,3.775140681e-02,0.000000000e+00,8.733345121e-05,2.665417e-15,2.710505e-19,9.404066e-20,2.267758e-03
6.740000,3.076134201e-03,6.348843662e-03,3.402157563e-03,3.174416500e-03,1.449714243e-06,3.729097315e-02,0.000000000e+00,8.640271578e-05,2.221544e-15,4.975827e-19,1.990120e-20,2.292489e-03
6.750000,3.059716480e-03,6.314922332e-03,3.383980073e-03,3.157455920e-03,1.404616082e-06,3.683366194e-02,0.000000000e+00,8.548189946e-05,1.779069e-15,9.199761e-19,1.584588e-20,2.274338e-03
6.760000,3.043385964e-03,6.281182237e-03,3.365899734e-03,3.140585956e-03,1.360836620e-06,3.637952757e-02,0.000000000e+00,8.457089651e-05,1.999365e-15,1.328148e-18,4.097541e-20,2.277079e-03
6.770000,3.027142202e-03,6.247622407e-03,3.347916025e-03,3.123806124e-03,1.318341514e-06,3.592862110e-02,0.000000000e+00,8.366960234e-05,2.001531e-15,2.710505e-19,5.679947e-20,2.310209e-03
6.780000,3.010984741e-03,6.214241880e-03,3.330028425e-03,3.107115941e-03,1.277097088e-06,3.548099035e-02,0.000000000e+00,8.277791348e-05,1.998462e-15,1.273938e-18,5.844818e-20,2.277268e-03
6.790000,2.994913133e-03,6.181039697e-03,3.312236420e-03,3.090514929e-03,1.237070341e-06,3.503667999e-02,0.000000000e+00,8.189572753e-05,1.554638e-15,5.114171e-19,4.936339e-20,2.342909e-03
6.800000,2.978926931e-03,6.148014906e-03,3.294539496e-03,3.074002612e-03,1.198228939e-06,3.459573167e-02,0.000000000e+00,8.102294322e-05,2.220582e-15,3.523657e-19,2.262229e-20,2.312109e-03
6.810000,2.963025691e-03,6.115166559e-03,3.276937144e-03,3.057578516e-03,1.160541219e-06,3.415818414e-02,0.000000000e+00,8.015946033e-05,1.332314e-15,1.085557e-18,2.045216e-21,2.269138e-03
6.820000,2.947208971e-03,6.082493711e-03,3.259428856e-03,3.041242168e-03,1.123976182e-06,3.372407330e-02,0.000000000e+00,7.930517974e-05,1.998547e-15,2.424350e-19,7.585735e-21,2.273748e-03
6.830000,2.931476329e-03,6.049995428e-03,3.242014129e-03,3.024993101e-03,1.088503491e-06,3.329343235e-02,0.000000000e+00,7.846000337e-05,1.556680e-15,1.238852e-18,6.898154e-21,2.293918e-03
6.840000,2.915827329e-03,6.017670774e-03,3.224692459e-03,3.008830848e-03,1.054093470e-06,3.286629185e-02,0.000000000e+00,7.762383418e-05,2.886626e-15,1.802028e-18,3.900611e-20,2.266759e-03
6.850000,2.900261533e-03,5.985518823e-03,3.207463350e-03,2.992754945e-03,1.020717091e-06,3.244267982e-02,0.000000000e+00,7.679657618e-05,1.776588e-15,6.947571e-19,3.162819e-20,2.259018e-03
6.860000,2.884778509e-03,5.953538652e-03,3.190326304e-03,2.976764931e-03,9.883459770e-07,3.202262185e-02,0.000000000e+00,7.597813439e-05,2.223274e-15,5.528368e-19,1.297148e-20,2.303849e-03
6.870000,2.869377825e-03,5.921729343e-03,3.173280829e-03,2.960860346e-03,9.569523901e-07,3.160614115e-02,0.000000000e+00,7.516841485e-05,2.223361e-15,1.575827e-18,1.427686e-20,2.264148e-03
6.880000,2.854059050e-03,5.890089984e-03,3.156326434e-03,2.945040735e-03,9.265092274e-07,3.119325867e-02,0.000000000e+00,7.436732461e-05,2.664581e-15,4.137407e-19,2.734000e-20,2.277778e-03
6.890000,2.838821757e-03,5.858619666e-03,3.139462632e-03,2.929305644e-03,8.969900126e-07,3.078399317e-02,0.000000000e+00,7.357477170e-05,1.998943e-15,7.860466e-19,3.410624e-21,2.266558e-03
6.900000,2.823665522e-03,5.827317485e-03,3.122688937e-03,2.913654621e-03,8.683688900e-07,3.037836128e-02,0.000000000e+00,7.279066513e-05,1.778423e-15,5.421011e-20,7.455058e-21,2.328339e-03
6.910000,2.808589920e-03,5.796182545e-03,3.106004867e-03,2.898087216e-03,8.406206139e-07,2.997637761e-02,0.000000000e+00,7.201491488e-05,1.555613e-15,1.384482e-18,4.744046e-20,2.278999e-03
6.920000,2.793594529e-03,5.765213951e-03,3.089409943e-03,2.882602984e-03,8.137205436e-07,2.957805480e-02,0.000000000e+00,7.124743190e-05,2.220891e-15,5.114171e-19,1.495924e-20,2.308529e-03
6.930000,2.778678932e-03,5.734410814e-03,3.072903687e-03,2.867201479e-03,7.876446321e-07,2.918340360e-02,0.000000000e+00,7.048812808e-05,2.664583e-15,3.263881e-19,1.534429e-20,2.355629e-03
6.940000,2.763842709e-03,5.703772251e-03,3.056485625e-03,2.851882260e-03,7.623694188e-07,2.879243295e-02,0.000000000e+00,6.973691626e-05,1.998594e-15,9.995850e-19,5.018498e-21,2.304118e-03
6.950000,2.749085447e-03,5.673297383e-03,3.040155285e-03,2.836644888e-03,7.378720198e-07,2.840515004e-02,0.000000000e+00,6.899371019e-05,1.555683e-15,3.636525e-19,1.949323e-20,2.407198e-03
6.960000,2.734406731e-03,5.642985333e-03,3.023912198e-03,2.821488924e-03,7.141301194e-07,2.802156035e-02,0.000000000e+00,6.825842455e-05,2.224021e-15,6.555838e-19,3.394004e-21,2.296319e-03
6.970000,2.719806151e-03,5.612835235e-03,3.007755897e-03,2.806413934e-03,6.911219585e-07,2.764166778e-02,0.000000000e+00,6.753097494e-05,1.554622e-15,1.002887e-18,1.209275e-20,2.312689e-03
6.980000,2.705283297e-03,5.582846220e-03,2.991685917e-03,2.791419486e-03,6.688263288e-07,2.726547465e-02,0.000000000e+00,6.681127785e-05,1.777793e-15,9.467388e-19,4.572386e-21,2.385439e-03
6.990000,2.690837762e-03,5.553017430e-03,2.975701797e-03,2.776505148e-03,6.472225605e-07,2.689298179e-02,0.000000000e+00,6.609925066e-05,2.445094e-15,1.802028e-18,2.996238e-20,2.549650e-03
7.000000,2.676469141e-03,5.523348008e-03,2.959803079e-03,2.761670494e-03,6.262905119e-07,2.652418860e-02,0.000000000e+00,6.539481163e-05,2.221184e-15,9.761583e-19,6.785420e-21,2.314749e-03
7.010000,2.662177029e-03,5.493837103e-03,2.943989304e-03,2.746915098e-03,6.060105617e-07,2.615909308e-02,0.000000000e+00,6.469787988e-05,1.778125e-15,1.084202e-18,3.919389e-21,2.273229e-03
7.020000,2.647961027e-03,5.464483868e-03,2.928260020e-03,2.732238535e-03,5.863635985e-07,2.579769192e-02,0.000000000e+00,6.400837542e-05,1.776486e-15,1.134857e-18,5.323632e-21,2.361288e-03
7.030000,2.633820734e-03,5.435287460e-03,2.912614773e-03,2.717640385e-03,5.673310103e-07,2.543998054e-02,0.000000000e+00,6.332621910e-05,2.442661e-15,1.285420e-18,1.365464e-20,2.365349e-03
7.040000,2.619755754e-03,5.406247042e-03,2.897053116e-03,2.703120230e-03,5.488946762e-07,2.508595314e-02,0.000000000e+00,6.265133260e-05,1.776527e-15,9.851485e-19,5.956322e-21,2.314169e-03
7.050000,2.605765690e-03,5.377361780e-03,2.881574601e-03,2.688677651e-03,5.310369531e-07,2.473560274e-02,0.000000000e+00,6.198363845e-05,2.221725e-15,4.997925e-19,4.032879e-21,2.264958e-03
7.060000,2.591850149e-03,5.348630845e-03,2.866178783e-03,2.674312236e-03,5.137406704e-07,2.438892126e-02,0.000000000e+00,6.132305999e-05,2.667443e-15,2.185279e-19,7.625716e-21,2.347438e-03
7.070000,2.578008739e-03,5.320053414e-03,2.850865221e-03,2.660023571e-03,4.969891165e-07,2.404589952e-02,0.000000000e+00,6.066952141e-05,2.221574e-15,1.355253e-19,1.271696e-20,2.329079e-03
7.080000,2.564241072e-03,5.291628666e-03,2.835633475e-03,2.645811247e-03,4.807660306e-07,2.370652733e-02,0.000000000e+00,6.002294767e-05,1.999534e-15,5.149960e-19,2.394612e-20,2.290748e-03
7.090000,2.550546758e-03,5.263355785e-03,2.820483107e-03,2.631674855e-03,4.650555935e-07,2.337079352e-02,0.000000000e+00,5.938326456e-05,1.558396e-15,6.327739e-19,1.775506e-21,2.334269e-03
7.100000,2.536925412e-03,5.235233959e-03,2.805413683e-03,2.617613991e-03,4.498424165e-07,2.303868597e-02,0.000000000e+00,5.875039863e-05,1.777293e-15,8.690542e-19,2.571498e-22,2.260198e-03
7.110000,2.523376650e-03,5.207262383e-03,2.790424770e-03,2.603628250e-03,4.351115330e-07,2.271019168e-02,0.000000000e+00,5.812427724e-05,1.119320e-15,2.315857e-19,4.875009e-21,2.482169e-03
7.120000,2.509900091e-03,5.179440252e-03,2.775515938e-03,2.589717232e-03,4.208483877e-07,2.238529676e-02,0.000000000e+00,5.750482852e-05,2.221027e-15,2.710505e-19,3.305308e-20,2.276608e-03
7.130000,2.496495353e-03,5.151766770e-03,2.760686759e-03,2.575880537e-03,4.070388302e-07,2.206398655e-02,0.000000000e+00,5.689198134e-05,1.780980e-15,1.035683e-18,3.814570e-20,2.282009e-03
7.140000,2.483162059e-03,5.124241141e-03,2.745936806e-03,2.562117768e-03,3.936691020e-07,2.174624556e-02,0.000000000e+00,5.628566537e-05,1.556395e-15,5.421011e-19,1.413264e-20,2.332239e-03
7.150000,2.469899831e-03,5.096862576e-03,2.731265658e-03,2.548428530e-03,3.807258294e-07,2.143205758e-02,0.000000000e+00,5.568581100e-05,1.557840e-15,5.421011e-20,4.276434e-21,2.258219e-03
7.160000,2.456708297e-03,5.069630289e-03,2.716672891e-03,2.534812431e-03,3.681960138e-07,2.112140571e-02,0.000000000e+00,5.509234936e-05,2.443528e-15,1.187993e-18,5.130660e-21,2.366169e-03
7.170000,2.443587082e-03,5.042543499e-03,2.702158089e-03,2.521269079e-03,3.560670234e-07,2.081427233e-02,0.000000000e+00,5.450521233e-05,2.665710e-15,6.555838e-19,7.492107e-21,2.356678e-03
7.180000,2.430535816e-03,5.015601428e-03,2.687720834e-03,2.507798086e-03,3.443265849e-07,2.051063923e-02,0.000000000e+00,5.392433252e-05,1.335967e-15,4.631714e-19,4.732907e-21,2.267938e-03
7.190000,2.417554130e-03,4.988803303e-03,2.673360712e-03,2.494399066e-03,3.329627716e-07,2.021048755e-02,0.000000000e+00,5.334964323e-05,2.007405e-15,5.863720e-19,7.659440e-21,2.356989e-03
7.200000,2.404641657e-03,4.962148356e-03,2.659077310e-03,2.481071633e-03,3.219639993e-07,1.991379789e-02,0.000000000e+00,5.278107850e-05,1.998453e-15,5.421011e-19,2.783463e-21,2.319058e-03
7.210000,2.391798032e-03,4.935635821e-03,2.644870219e-03,2.467815406e-03,3.113190147e-07,1.962055027e-02,0.000000000e+00,5.221857305e-05,2.443801e-15,5.421011e-19,1.170624e-20,2.335199e-03
7.220000,2.379022890e-03,4.909264937e-03,2.630739031e-03,2.454630005e-03,3.010168891e-07,1.933072422e-02,0.000000000e+00,5.166206232e-05,2.226694e-15,3.297472e-19,5.225589e-21,2.312509e-03
7.230000,2.366315871e-03,4.883034949e-03,2.616683340e-03,2.441515049e-03,2.910470076e-07,1.904429876e-02,0.000000000e+00,5.111148242e-05,1.777712e-15,5.762614e-19,8.902801e-21,2.893891e-03
7.240000,2.353676615e-03,4.856945102e-03,2.602702744e-03,2.428470165e-03,2.813990652e-07,1.876125247e-02,0.000000000e+00,5.056677015e-05,2.447965e-15,6.510857e-19,1.822781e-20,2.502659e-03
7.250000,2.341104763e-03,4.830994648e-03,2.588796840e-03,2.415494976e-03,2.720630552e-07,1.848156346e-02,0.000000000e+00,5.002786297e-05,2.224013e-15,2.424350e-19,8.941567e-21,2.410269e-03
7.260000,2.328599959e-03,4.805182844e-03,2.574965231e-03,2.402589111e-03,2.630292623e-07,1.820520947e-02,0.000000000e+00,4.949469902e-05,1.777333e-15,1.129666e-18,5.098261e-21,2.428309e-03
7.270000,2.316161848e-03,4.779508947e-03,2.561207518e-03,2.389752200e-03,2.542882573e-07,1.793216783e-02,0.000000000e+00,4.896721709e-05,1.781662e-15,6.186844e-19,6.370810e-21,2.484679e-03
7.280000,2.303790079e-03,4.753972221e-03,2.547523307e-03,2.376983873e-03,2.458308874e-07,1.766241552e-02,0.000000000e+00,4.844535664e-05,1.999685e-15,9.467388e-19,6.940788e-21,2.552209e-03
7.290000,2.291484300e-03,4.728571934e-03,2.533912206e-03,2.364283765e-03,2.376482682e-07,1.739592918e-02,0.000000000e+00,4.792905776e-05,1.334958e-15,8.878716e-19,1.982550e-21,2.462619e-03
7.300000,2.279244162e-03,4.703307356e-03,2.520373823e-03,2.351651511e-03,2.297317797e-07,1.713268512e-02,0.000000000e+00,4.741826117e-05,2.220978e-15,2.981556e-19,3.059118e-21,2.347219e-03
7.310000,2.267069318e-03,4.678177763e-03,2.506907771e-03,2.339086749e-03,2.220730573e-07,1.687265938e-02,0.000000000e+00,4.691290824e-05,8.894125e-16,4.848700e-19,3.575524e-21,2.321408e-03
7.320000,2.254959421e-03,4.653182433e-03,2.493513663e-03,2.326589118e-03,2.146639838e-07,1.661582771e-02,0.000000000e+00,4.641294096e-05,1.339621e-15,2.424350e-19,3.854213e-21,2.385478e-03
7.330000,2.242914129e-03,4.628320648e-03,2.480191114e-03,2.314158259e-03,2.074966849e-07,1.636216561e-02,0.000000000e+00,4.591830192e-05,2.223361e-15,7.477262e-19,8.746824e-21,2.401309e-03
7.340000,2.230933099e-03,4.603591697e-03,2.466939742e-03,2.301793817e-03,2.005635224e-07,1.611164835e-02,0.000000000e+00,4.542893436e-05,2.442737e-15,4.733694e-19,9.371050e-21,2.312758e-03
7.350000,2.219015991e-03,4.578994868e-03,2.453759168e-03,2.289495435e-03,1.938570873e-07,1.586425098e-02,0.000000000e+00,4.494478209e-05,1.776523e-15,3.428548e-19,4.712900e-21,2.383619e-03
7.360000,2.207162466e-03,4.554529456e-03,2.440649012e-03,2.277262761e-03,1.873701927e-07,1.561994835e-02,0.000000000e+00,4.446578954e-05,1.998654e-15,3.523657e-19,7.605569e-21,2.330228e-03
7.370000,2.195372187e-03,4.530194760e-03,2.427608899e-03,2.265095444e-03,1.810958684e-07,1.537871515e-02,0.000000000e+00,4.399190170e-05,1.784163e-15,4.137407e-19,4.978238e-21,2.331149e-03
7.380000,2.183644819e-03,4.505990080e-03,2.414638454e-03,2.252993135e-03,1.750273551e-07,1.514052588e-02,0.000000000e+00,4.352306420e-05,1.998657e-15,6.133174e-19,1.230019e-20,2.435539e-03
7.390000,2.171980029e-03,4.481914722e-03,2.401737306e-03,2.240955486e-03,1.691580987e-07,1.490535492e-02,0.000000000e+00,4.305922320e-05,1.998691e-15,4.470280e-19,1.191782e-20,2.338588e-03
7.400000,2.160377484e-03,4.457967995e-03,2.388905083e-03,2.228982153e-03,1.634817446e-07,1.467317649e-02,0.000000000e+00,4.260032546e-05,1.779569e-15,1.533293e-19,1.038916e-21,2.450669e-03
7.410000,2.148836855e-03,4.434149212e-03,2.376141419e-03,2.217072791e-03,1.579921311e-07,1.444396472e-02,0.000000000e+00,4.214631829e-05,1.776428e-15,1.735570e-19,8.046845e-21,2.419379e-03
7.420000,2.137357813e-03,4.410457689e-03,2.363445946e-03,2.205227058e-03,1.526832844e-07,1.421769362e-02,0.000000000e+00,4.169714958e-05,1.999083e-15,2.919304e-19,9.852718e-21,2.491959e-03
7.430000,2.125940032e-03,4.386892747e-03,2.350818300e-03,2.193444616e-03,1.475494147e-07,1.399433714e-02,0.000000000e+00,4.125276777e-05,1.776412e-15,5.640196e-19,6.439092e-21,2.529319e-03
7.440000,2.114583186e-03,4.363453709e-03,2.338258120e-03,2.181725125e-03,1.425849083e-07,1.377386911e-02,0.000000000e+00,4.081312184e-05,1.998613e-15,3.428548e-19,8.467139e-21,2.515799e-03
7.450000,2.103286953e-03,4.340139903e-03,2.325765044e-03,2.170068249e-03,1.377843261e-07,1.355626336e-02,0.000000000e+00,4.037816132e-05,2.445737e-15,6.060874e-19,6.375838e-21,2.474349e-03
7.460000,2.092051010e-03,4.316950660e-03,2.313338714e-03,2.158473655e-03,1.331423947e-07,1.334149361e-02,0.000000000e+00,3.994783629e-05,1.555926e-15,6.345131e-19,6.777451e-21,2.459899e-03
7.470000,2.080875037e-03,4.293885313e-03,2.300978773e-03,2.146941008e-03,1.286540046e-07,1.312953360e-02,0.000000000e+00,3.952209733e-05,1.332314e-15,4.412383e-19,4.043997e-21,2.449679e-03
7.480000,2.069758717e-03,4.270943201e-03,2.288684868e-03,2.135469979e-03,1.243142043e-07,1.292035700e-02,0.000000000e+00,3.910089557e-05,2.221628e-15,5.339077e-19,1.128994e-20,2.476769e-03
7.490000,2.058701731e-03,4.248123667e-03,2.276456644e-03,2.124060237e-03,1.201181951e-07,1.271393749e-02,0.000000000e+00,3.868418267e-05,1.999079e-15,4.137407e-19,3.813664e-21,2.450949e-03
7.500000,2.047703766e-03,4.225426054e-03,2.264293752e-03,2.112711456e-03,1.160613291e-07,1.251024875e-02,0.000000000e+00,3.827191078e-05,2.000821e-15,0.000000e+00,2.541129e-21,2.555909e-03
7.510000,2.036764507e-03,4.202849712e-03,2.252195842e-03,2.101423310e-03,1.121391010e-07,1.230926445e-02,0.000000000e+00,3.786403258e-05,2.442533e-15,6.776264e-19,8.919293e-21,2.447999e-03
7.520000,2.025883643e-03,4.180393993e-03,2.240162567e-03,2.090195475e-03,1.083471470e-07,1.211095831e-02,0.000000000e+00,3.746050125e-05,1.114919e-15,3.523657e-19,6.971168e-22,2.430399e-03
7.530000,2.015060863e-03,4.158058250e-03,2.228193582e-03,2.079027629e-03,1.046812404e-07,1.191530404e-02,0.000000000e+00,3.706127045e-05,2.668941e-15,3.523657e-19,3.850433e-21,2.488009e-03
7.540000,2.004295859e-03,4.135841847e-03,2.216288543e-03,2.067919450e-03,1.011372858e-07,1.172227541e-02,0.000000000e+00,3.666629436e-05,2.225958e-15,3.428548e-19,6.805604e-21,2.615449e-03
7.550000,1.993588323e-03,4.113744142e-03,2.204447109e-03,2.056870622e-03,9.771131763e-08,1.153184623e-02,0.000000000e+00,3.627552764e-05,1.999859e-15,2.315857e-19,3.838170e-21,2.454278e-03
7.560000,1.982937951e-03,4.091764503e-03,2.192668940e-03,2.045880825e-03,9.439949251e-08,1.134399036e-02,0.000000000e+00,3.588892542e-05,1.998480e-15,3.252607e-19,3.479704e-21,2.501080e-03
7.570000,1.972344438e-03,4.069902299e-03,2.180953698e-03,2.034949746e-03,9.119809047e-08,1.115868173e-02,0.000000000e+00,3.550644333e-05,1.999341e-15,1.117570e-19,1.016926e-20,2.479249e-03
7.580000,1.961807482e-03,4.048156902e-03,2.169301047e-03,2.024077070e-03,8.810350778e-08,1.097589433e-02,0.000000000e+00,3.512803746e-05,2.890791e-15,1.735570e-19,5.132064e-21,2.502279e-03
7.590000,1.951326782e-03,4.026527689e-03,2.157710653e-03,2.013262485e-03,8.511225459e-08,1.079560223e-02,0.000000000e+00,3.475366436e-05,1.778180e-15,5.421011e-20,4.256101e-21,2.484149e-03
7.600000,1.940902040e-03,4.005014037e-03,2.146182182e-03,2.002505681e-03,8.222095255e-08,1.061777959e-02,0.000000000e+00,3.438328106e-05,2.221233e-15,3.352710e-19,5.544397e-21,2.448789e-03
7.610000,1.930532956e-03,3.983615332e-03,2.134715305e-03,1.991806350e-03,7.942632817e-08,1.044240066e-02,0.000000000e+00,3.401684504e-05,1.998547e-15,1.735570e-19,5.931869e-21,2.523189e-03
7.620000,1.920219236e-03,3.962330956e-03,2.123309691e-03,1.981164183e-03,7.672521390e-08,1.026943979e-02,0.000000000e+00,3.365431424e-05,2.442688e-15,3.066587e-19,5.130992e-21,2.507220e-03
7.630000,1.909960584e-03,3.941160302e-03,2.111965015e-03,1.970578877e-03,7.411454176e-08,1.009887142e-02,0.000000000e+00,3.329564703e-05,2.445761e-15,4.733694e-19,5.106721e-21,2.506120e-03
7.640000,1.899756709e-03,3.920102760e-03,2.100680949e-03,1.960050126e-03,7.159134239e-08,9.930670109e-03,0.000000000e+00,3.294080224e-05,2.887189e-15,8.131516e-20,5.563178e-21,2.503470e-03
7.650000,1.889607317e-03,3.899157727e-03,2.089457172e-03,1.949577629e-03,6.915274075e-08,9.764810539e-03,0.000000000e+00,3.258973914e-05,2.447228e-15,2.235140e-19,6.397747e-21,2.516749e-03
7.660000,1.879512120e-03,3.878324600e-03,2.078293359e-03,1.939161086e-03,6.679595302e-08,9.601267506e-03,0.000000000e+00,3.224241741e-05,1.999461e-15,3.428548e-19,3.416273e-21,2.507339e-03
7.670000,1.869470828e-03,3.857602784e-03,2.067189192e-03,1.928800197e-03,6.451828527e-08,9.440015931e-03,0.000000000e+00,3.189879720e-05,1.779934e-15,3.523657e-19,2.158396e-21,2.372048e-03
7.680000,1.859483156e-03,3.836991681e-03,2.056144351e-03,1.918494665e-03,6.231712928e-08,9.281030871e-03,0.000000000e+00,3.155883906e-05,1.777719e-15,0.000000e+00,6.362588e-21,2.368808e-03
7.690000,1.849548817e-03,3.816490702e-03,2.045158520e-03,1.908244194e-03,6.018996131e-08,9.124287517e-03,0.000000000e+00,3.122250395e-05,1.787012e-15,4.733694e-19,3.397839e-21,2.443749e-03
7.700000,1.839667527e-03,3.796099258e-03,2.034231383e-03,1.898048490e-03,5.813433763e-08,8.969761200e-03,0.000000000e+00,3.088975326e-05,1.999414e-15,7.318365e-19,5.933997e-21,2.511639e-03
7.710000,1.829839004e-03,3.775816763e-03,2.023362627e-03,1.887907261e-03,5.614789403e-08,8.817427398e-03,0.000000000e+00,3.056054881e-05,2.664658e-15,9.772866e-19,4.659338e-21,2.386259e-03
7.720000,1.820062967e-03,3.755642637e-03,2.012551940e-03,1.877820216e-03,5.422834226e-08,8.667261738e-03,0.000000000e+00,3.023485278e-05,1.998980e-15,2.185279e-19,4.693627e-21,2.411289e-03
7.730000,1.810339137e-03,3.735576299e-03,2.001799012e-03,1.867787064e-03,5.237346746e-08,8.519240000e-03,0.000000000e+00,2.991262780e-05,1.110250e-15,1.954573e-19,3.888623e-21,2.422499e-03
7.740000,1.800667235e-03,3.715617173e-03,1.991103533e-03,1.857807519e-03,5.058112636e-08,8.373338122e-03,0.000000000e+00,2.959383688e-05,1.557508e-15,1.735570e-19,5.958143e-21,2.359179e-03
7.750000,1.791046985e-03,3.695764688e-03,1.980465198e-03,1.847881293e-03,4.884924520e-08,8.229532200e-03,0.000000000e+00,2.927844340e-05,1.337048e-15,5.421011e-20,2.547735e-21,2.354528e-03
7.760000,1.781478112e-03,3.676018272e-03,1.969883701e-03,1.838008102e-03,4.717581803e-08,8.087798496e-03,0.000000000e+00,2.896641118e-05,1.778270e-15,2.710505e-19,4.313752e-21,2.312699e-03
7.770000,1.771960341e-03,3.656377360e-03,1.959358738e-03,1.828187663e-03,4.555890297e-08,7.948113439e-03,0.000000000e+00,2.865770439e-05,1.554312e-15,2.315857e-19,2.541439e-21,2.332778e-03
7.780000,1.762493402e-03,3.636841388e-03,1.948890007e-03,1.818419693e-03,4.399662130e-08,7.810453628e-03,0.000000000e+00,2.835228758e-05,1.556612e-15,5.528368e-19,4.659633e-21,2.812381e-03
7.790000,1.753077022e-03,3.617409795e-03,1.938477208e-03,1.808703912e-03,4.248715475e-08,7.674795835e-03,0.000000000e+00,2.805012570e-05,1.555365e-15,1.897354e-19,4.680855e-21,4.462636e-03
7.800000,1.743710933e-03,3.598082023e-03,1.928120043e-03,1.799040042e-03,4.102874718e-08,7.541117007e-03,0.000000000e+00,2.775118405e-05,1.554901e-15,1.897354e-19,4.252134e-21,4.662477e-03
7.810000,1.734394866e-03,3.578857518e-03,1.917818213e-03,1.789427805e-03,3.961969620e-08,7.409394269e-03,0.000000000e+00,2.745542833e-05,2.444156e-15,2.424350e-19,3.834088e-21,4.773448e-03
7.820000,1.725128555e-03,3.559735729e-03,1.907571424e-03,1.779866926e-03,3.825835609e-08,7.279604930e-03,0.000000000e+00,2.716282457e-05,2.223350e-15,2.168404e-19,4.235178e-21,4.716548e-03
7.830000,1.715911734e-03,3.540716106e-03,1.897379381e-03,1.770357129e-03,3.694313444e-08,7.151726477e-03,0.000000000e+00,2.687333919e-05,2.222573e-15,1.212175e-19,4.237986e-21,3.717024e-03
7.840000,1.706744141e-03,3.521798103e-03,1.887241791e-03,1.760898143e-03,3.567249296e-08,7.025736587e-03,0.000000000e+00,2.658693895e-05,1.555117e-15,1.954573e-19,2.564772e-21,2.381259e-03
7.850000,1.697625512e-03,3.502981178e-03,1.877158365e-03,1.751489695e-03,3.444494061e-08,6.901613121e-03,0.000000000e+00,2.630359097e-05,2.442542e-15,4.065758e-19,3.654027e-21,2.375319e-03
7.860000,1.688555587e-03,3.484264790e-03,1.867128812e-03,1.742131515e-03,3.325903744e-08,6.779334130e-03,0.000000000e+00,2.602326273e-05,2.000780e-15,4.599880e-19,5.296374e-21,2.350969e-03
7.870000,1.679534105e-03,3.465648403e-03,1.857152844e-03,1.732823335e-03,3.211339070e-08,6.658877856e-03,0.000000000e+00,2.574592204e-05,1.776872e-15,3.172565e-19,4.238368e-21,2.383789e-03
7.880000,1.670560809e-03,3.447131481e-03,1.847230177e-03,1.723564889e-03,3.100665167e-08,6.540222734e-03,0.000000000e+00,2.547153707e-05,1.998597e-15,2.168404e-19,2.573706e-21,2.352748e-03
7.890000,1.661635441e-03,3.428713495e-03,1.837360523e-03,1.714355909e-03,2.993751684e-08,6.423347392e-03,0.000000000e+00,2.520007631e-05,1.776466e-15,2.919304e-19,2.752862e-21,2.339368e-03
7.900000,1.652757747e-03,3.410393914e-03,1.827543602e-03,1.705196132e-03,2.890472679e-08,6.308230654e-03,0.000000000e+00,2.493150861e-05,2.664680e-15,4.207836e-19,4.024622e-21,2.289828e-03
7.910000,1.643927472e-03,3.392172215e-03,1.817779130e-03,1.696085295e-03,2.790706142e-08,6.194851543e-03,0.000000000e+00,2.466580312e-05,1.776900e-15,5.587850e-19,2.541244e-21,2.411538e-03
7.920000,1.635144362e-03,3.374047872e-03,1.808066828e-03,1.687023137e-03,2.694334199e-08,6.083189277e-03,0.000000000e+00,2.440292935e-05,1.999293e-15,2.185279e-19,2.762211e-21,2.334718e-03
7.930000,1.626408167e-03,3.356020366e-03,1.798406417e-03,1.678009397e-03,2.601242868e-08,5.973223275e-03,0.000000000e+00,2.414285711e-05,2.221747e-15,4.137407e-19,2.765041e-21,2.434859e-03
7.940000,1.617718636e-03,3.338089181e-03,1.788797619e-03,1.669043817e-03,2.511321920e-08,5.864933157e-03,0.000000000e+00,2.388555656e-05,1.554703e-15,2.366847e-19,2.753070e-21,2.349769e-03
7.950000,1.609075521e-03,3.320253800e-03,1.779240159e-03,1.660126139e-03,2.424464722e-08,5.758298743e-03,0.000000000e+00,2.363099815e-05,2.443567e-15,2.631425e-19,2.980127e-21,2.391118e-03
7.960000,1.600478573e-03,3.302513714e-03,1.769733763e-03,1.651256108e-03,2.340568266e-08,5.653300058e-03,0.000000000e+00,2.337915266e-05,1.554885e-15,1.157928e-19,2.552560e-21,2.383478e-03
7.970000,1.591927547e-03,3.284868411e-03,1.760278158e-03,1.642433468e-03,2.259532863e-08,5.549917328e-03,0.000000000e+00,2.312999118e-05,2.012388e-15,1.843343e-19,2.977366e-21,2.319469e-03
7.980000,1.583422198e-03,3.267317386e-03,1.750873072e-03,1.633657968e-03,2.181262112e-08,5.448130984e-03,0.000000000e+00,2.288348510e-05,2.664689e-15,1.092640e-19,3.181069e-21,2.366659e-03
7.990000,1.574962281e-03,3.249860135e-03,1.741518236e-03,1.624929354e-03,2.105662872e-08,5.347921662e-03,0.000000000e+00,2.263960613e-05,2.223491e-15,1.092640e-19,2.128704e-21,2.435390e-03
8.000000,1.566547555e-03,3.232496158e-03,1.732213382e-03,1.616247377e-03,2.032645115e-08,5.249270204e-03,0.000000000e+00,2.239832626e-05,2.222237e-15,2.068703e-19,3.833455e-21,2.486269e-03
8.010000,1.558177779e-03,3.215224955e-03,1.722958241e-03,1.607611786e-03,1.962121776e-08,5.152157657e-03,0.000000000e+00,2.215961780e-05,1.555513e-15,2.546289e-19,2.542820e-21,2.397379e-03
8.020000,1.549852712e-03,3.198046032e-03,1.713752549e-03,1.599022336e-03,1.894008636e-08,5.056565276e-03,0.000000000e+00,2.192345334e-05,2.220924e-15,2.793925e-19,2.965107e-21,2.435579e-03
8.030000,1.541572116e-03,3.180958894e-03,1.704596041e-03,1.590478778e-03,1.828224332e-08,4.962474522e-03,0.000000000e+00,2.168980578e-05,2.220631e-15,8.131516e-20,5.082342e-21,2.453569e-03
8.040000,1.533335754e-03,3.163963052e-03,1.695488455e-03,1.581980868e-03,1.764690212e-08,4.869867065e-03,0.000000000e+00,2.145864828e-05,2.222062e-15,8.131516e-20,3.609522e-21,2.374629e-03
8.050000,1.525143390e-03,3.147058019e-03,1.686429530e-03,1.573528361e-03,1.703330144e-08,4.778724783e-03,0.000000000e+00,2.122995431e-05,1.776899e-15,1.490778e-19,3.391854e-21,2.352128e-03
8.060000,1.516994789e-03,3.130243308e-03,1.677419004e-03,1.565121016e-03,1.644070711e-08,4.689029761e-03,0.000000000e+00,2.100369762e-05,2.009322e-15,5.421011e-20,2.118090e-21,2.306079e-03
8.070000,1.508889718e-03,3.113518436e-03,1.668456621e-03,1.556758591e-03,1.586840819e-08,4.600764294e-03,0.000000000e+00,2.077985223e-05,2.225485e-15,1.735570e-19,3.608457e-21,2.449789e-03
8.080000,1.500827943e-03,3.096882926e-03,1.659542122e-03,1.548440846e-03,1.531571752e-08,4.513910886e-03,0.000000000e+00,2.055839245e-05,2.665344e-15,2.574980e-19,2.986251e-21,2.310498e-03
8.090000,1.492809235e-03,3.080336298e-03,1.650675251e-03,1.540167541e-03,1.478197189e-08,4.428452251e-03,0.000000000e+00,2.033929284e-05,2.226423e-15,2.068703e-19,3.622985e-21,2.400189e-03
8.100000,1.484833363e-03,3.063878078e-03,1.641855755e-03,1.531938441e-03,1.426652882e-08,4.344371311e-03,0.000000000e+00,2.012252826e-05,2.019647e-15,3.366378e-19,3.180025e-21,2.320299e-03
8.110000,1.476900099e-03,3.047507794e-03,1.633083381e-03,1.523753309e-03,1.376876804e-08,4.261651198e-03,0.000000000e+00,1.990807383e-05,2.005695e-15,3.636525e-19,1.921389e-21,2.415479e-03
8.120000,1.469009215e-03,3.031224975e-03,1.624357875e-03,1.515611909e-03,1.328809089e-08,4.180275256e-03,0.000000000e+00,1.969590491e-05,2.448870e-15,5.014435e-19,2.119084e-21,2.715761e-03
8.130000,1.461160485e-03,3.015029155e-03,1.615678989e-03,1.507514008e-03,1.282391790e-08,4.100227037e-03,0.000000000e+00,1.948599717e-05,2.442900e-15,3.066587e-19,3.390915e-21,2.475079e-03
8.140000,1.453353685e-03,2.998919868e-03,1.607046473e-03,1.499459373e-03,1.237568846e-08,4.021490302e-03,0.000000000e+00,1.927832648e-05,2.221194e-15,1.092640e-19,2.543516e-21,2.463659e-03
8.150000,1.445588589e-03,2.982896652e-03,1.598460079e-03,1.491447775e-03,1.194286230e-08,3.944049026e-03,0.000000000e+00,1.907286903e-05,2.444582e-15,3.093422e-19,2.977884e-21,2.380169e-03
8.160000,1.437864977e-03,2.966959048e-03,1.589919561e-03,1.483478981e-03,1.152491584e-08,3.867887392e-03,0.000000000e+00,1.886960121e-05,2.004350e-15,2.897199e-19,2.969907e-21,2.342119e-03
8.170000,1.430182625e-03,2.951106599e-03,1.581424673e-03,1.475552765e-03,1.112134385e-08,3.792989792e-03,0.000000000e+00,1.866849970e-05,2.000957e-15,1.212175e-19,2.119136e-21,2.439439e-03
8.180000,1.422541315e-03,2.935338847e-03,1.572975173e-03,1.467668898e-03,1.073165848e-08,3.719340832e-03,0.000000000e+00,1.846954140e-05,1.776629e-15,2.710505e-19,2.964624e-21,2.643550e-03
8.190000,1.414940826e-03,2.919655342e-03,1.564570817e-03,1.459827154e-03,1.035538675e-08,3.646925324e-03,0.000000000e+00,1.827270348e-05,2.664726e-15,1.843343e-19,2.583380e-21,2.370869e-03
8.200000,1.407380942e-03,2.904055635e-03,1.556211365e-03,1.452027308e-03,9.992074081e-09,3.575728294e-03,0.000000000e+00,1.807796334e-05,2.221374e-15,4.895821e-19,2.329359e-21,2.426909e-03
8.210000,1.399861445e-03,2.888539275e-03,1.547896576e-03,1.444269137e-03,9.641278960e-09,3.505734976e-03,0.000000000e+00,1.788529862e-05,1.779136e-15,5.114171e-19,1.062260e-21,2.376199e-03
8.220000,1.392382119e-03,2.873105819e-03,1.539626212e-03,1.436552417e-03,9.302575565e-09,3.436930816e-03,0.000000000e+00,1.769468720e-05,1.784484e-15,2.366847e-19,1.287822e-21,2.377729e-03
8.230000,1.384942751e-03,2.857754823e-03,1.531400035e-03,1.428876927e-03,8.975552371e-09,3.369301469e-03,0.000000000e+00,1.750610721e-05,2.006445e-15,2.710505e-20,2.551059e-21,2.366669e-03
8.240000,1.377543126e-03,2.842485848e-03,1.523217809e-03,1.421242447e-03,8.659812403e-09,3.302832800e-03,0.000000000e+00,1.731953698e-05,1.554313e-15,1.676355e-19,8.065011e-24,2.285938e-03
8.250000,1.370183033e-03,2.827298453e-03,1.515079301e-03,1.413648757e-03,8.354971339e-09,3.237510884e-03,0.000000000e+00,1.713495511e-05,1.780769e-15,3.160965e-19,1.274386e-21,2.312289e-03
8.260000,1.362862261e-03,2.812192205e-03,1.506984275e-03,1.406095640e-03,8.060657984e-09,3.173322007e-03,0.000000000e+00,1.695234040e-05,1.779932e-15,2.919304e-19,2.559253e-21,2.299879e-03
8.270000,1.355580599e-03,2.797166668e-03,1.498932500e-03,1.398582879e-03,7.776513001e-09,3.110252663e-03,0.000000000e+00,1.677167189e-05,1.999227e-15,2.919304e-19,3.237256e-21,2.369119e-03
8.280000,1.348337839e-03,2.782221413e-03,1.490923745e-03,1.391110259e-03,7.502191712e-09,3.048289557e-03,0.000000000e+00,1.659292883e-05,1.559384e-15,4.505069e-19,2.543603e-21,2.303828e-03
8.290000,1.341133774e-03,2.767356009e-03,1.482957779e-03,1.383677565e-03,7.237358294e-09,2.987419603e-03,0.000000000e+00,1.641609071e-05,2.221576e-15,3.816426e-19,2.965823e-21,2.287708e-03
8.300000,1.333968196e-03,2.752570032e-03,1.475034375e-03,1.376284583e-03,6.981689451e-09,2.927629921e-03,0.000000000e+00,1.624113722e-05,1.557596e-15,1.954573e-19,1.058797e-21,2.297239e-03
8.310000,1.326840899e-03,2.737863054e-03,1.467153304e-03,1.368931101e-03,6.734872701e-09,2.868907845e-03,0.000000000e+00,1.606804829e-05,2.665450e-15,1.092640e-19,2.337505e-21,2.307098e-03
8.320000,1.319751681e-03,2.723234656e-03,1.459314342e-03,1.361616909e-03,6.496606853e-09,2.811240913e-03,0.000000000e+00,1.589680403e-05,3.109186e-15,7.398240e-19,3.811714e-21,2.368769e-03
8.330000,1.312700336e-03,2.708684418e-03,1.451517262e-03,1.354341796e-03,6.266600329e-09,2.754616873e-03,0.000000000e+00,1.572738479e-05,2.221233e-15,8.677852e-20,1.092489e-21,2.297199e-03
8.340000,1.305686664e-03,2.694211920e-03,1.443761841e-03,1.347105554e-03,6.044570734e-09,2.699023680e-03,0.000000000e+00,1.555977112e-05,2.227417e-15,8.677852e-20,2.543554e-21,2.314359e-03
8.350000,1.298710463e-03,2.679816749e-03,1.436047856e-03,1.339907975e-03,5.830247044e-09,2.644449497e-03,0.000000000e+00,1.539394378e-05,2.443225e-15,2.315857e-19,1.916388e-21,2.316308e-03
8.360000,1.291771532e-03,2.665498491e-03,1.428375086e-03,1.332748853e-03,5.623365496e-09,2.590882691e-03,0.000000000e+00,1.522988372e-05,1.776642e-15,3.930233e-19,3.829521e-21,2.328018e-03
8.370000,1.284869673e-03,2.651256735e-03,1.420743311e-03,1.325627981e-03,5.423672693e-09,2.538311837e-03,0.000000000e+00,1.506757213e-05,2.222852e-15,1.278543e-19,2.337560e-21,2.404949e-03
8.380000,1.278004688e-03,2.637091072e-03,1.413152312e-03,1.318545156e-03,5.230923171e-09,2.486725714e-03,0.000000000e+00,1.490699035e-05,2.889327e-15,2.397687e-19,2.965696e-21,2.341108e-03
8.390000,1.271176379e-03,2.623001097e-03,1.405601871e-03,1.311500174e-03,5.044880470e-09,2.436113307e-03,0.000000000e+00,1.474811996e-05,1.777566e-15,2.172635e-19,2.117718e-21,2.380769e-03
8.400000,1.264384552e-03,2.608986403e-03,1.398091771e-03,1.304492833e-03,4.865314608e-09,2.386463802e-03,0.000000000e+00,1.459094271e-05,2.445067e-15,1.533293e-19,2.131514e-21,2.972211e-03
8.410000,1.257629011e-03,2.595046590e-03,1.390621796e-03,1.297522932e-03,4.692006673e-09,2.337766587e-03,0.000000000e+00,1.443544057e-05,2.000251e-15,1.440653e-19,2.211772e-21,2.302709e-03
8.420000,1.250909562e-03,2.581181256e-03,1.383191734e-03,1.290590271e-03,4.524741120e-09,2.290011252e-03,0.000000000e+00,1.428159568e-05,2.221455e-15,6.060874e-20,2.541099e-21,2.369518e-03
8.430000,1.244226013e-03,2.567390005e-03,1.375801369e-03,1.283694652e-03,4.363313499e-09,2.243187587e-03,0.000000000e+00,1.412939037e-05,2.664762e-15,2.498963e-19,2.965063e-21,2.312138e-03
8.440000,1.237578171e-03,2.553672441e-03,1.368450490e-03,1.276835875e-03,4.207523161e-09,2.197285579e-03,0.000000000e+00,1.397880718e-05,1.780723e-15,2.710505e-19,1.855869e-21,2.366919e-03
8.450000,1.230965847e-03,2.540028168e-03,1.361138886e-03,1.270013744e-03,4.057179721e-09,2.152295409e-03,0.000000000e+00,1.382982882e-05,2.220848e-15,1.586283e-19,1.715343e-21,2.311039e-03
8.460000,1.224388850e-03,2.526456798e-03,1.353866348e-03,1.263228064e-03,3.912095682e-09,2.108207456e-03,0.000000000e+00,1.368243818e-05,1.554452e-15,6.060874e-20,1.939021e-21,2.337129e-03
8.470000,1.217846992e-03,2.512957937e-03,1.346632666e-03,1.256478640e-03,3.772092530e-09,2.065012287e-03,0.000000000e+00,1.353661835e-05,2.887268e-15,4.077036e-19,2.975931e-21,2.344629e-03
8.480000,1.211340085e-03,2.499531203e-03,1.339437633e-03,1.249765277e-03,3.636997102e-09,2.022700661e-03,0.000000000e+00,1.339235258e-05,1.776649e-15,8.677852e-20,1.318526e-21,2.366648e-03
8.490000,1.204867943e-03,2.486176205e-03,1.332281042e-03,1.243087784e-03,3.506641734e-09,1.981263520e-03,0.000000000e+00,1.324962430e-05,2.445062e-15,2.185279e-19,2.752867e-21,2.371449e-03
8.500000,1.198430380e-03,2.472892564e-03,1.325162688e-03,1.236445969e-03,3.380864760e-09,1.940691992e-03,0.000000000e+00,1.310841715e-05,2.443767e-15,4.137407e-19,1.869658e-21,2.327989e-03
8.510000,1.192027210e-03,2.459679897e-03,1.318082368e-03,1.229839640e-03,3.259511177e-09,1.900977384e-03,0.000000000e+00,1.296871489e-05,2.443328e-15,3.297472e-19,2.761469e-21,2.311358e-03
8.520000,1.185658251e-03,2.446537826e-03,1.311039876e-03,1.223268610e-03,3.142429547e-09,1.862111176e-03,0.000000000e+00,1.283050151e-05,1.778383e-15,1.219727e-19,1.271054e-21,2.365419e-03
8.530000,1.179323319e-03,2.433465972e-03,1.304035013e-03,1.216732687e-03,3.029474495e-09,1.824085022e-03,0.000000000e+00,1.269376112e-05,2.224871e-15,1.490778e-19,1.052647e-21,2.405399e-03
8.540000,1.173022234e-03,2.420463961e-03,1.297067575e-03,1.210231687e-03,2.920506177e-09,1.786890741e-03,0.000000000e+00,1.255847803e-05,1.776899e-15,2.235140e-19,2.856430e-22,2.355779e-03
8.550000,1.166754814e-03,2.407531419e-03,1.290137364e-03,1.203765420e-03,2.815387944e-09,1.750520312e-03,0.000000000e+00,1.242463671e-05,2.222462e-15,3.066587e-19,1.706197e-21,2.434319e-03
8.560000,1.160520878e-03,2.394667976e-03,1.283244181e-03,1.197333703e-03,2.713990038e-09,1.714965870e-03,0.000000000e+00,1.229222179e-05,1.781791e-15,3.066587e-19,1.070981e-21,2.356769e-03
8.570000,1.154320250e-03,2.381873262e-03,1.276387827e-03,1.190936351e-03,2.616184844e-09,1.680219700e-03,0.000000000e+00,1.216121808e-05,1.558312e-15,3.263881e-19,2.229262e-21,2.449259e-03
8.580000,1.148152750e-03,2.369146909e-03,1.269568107e-03,1.184573179e-03,2.521851219e-09,1.646274224e-03,0.000000000e+00,1.203161052e-05,2.664906e-15,3.030437e-19,1.596732e-21,2.335049e-03
8.590000,1.142018201e-03,2.356488554e-03,1.262784823e-03,1.178244006e-03,2.430871100e-09,1.613122002e-03,0.000000000e+00,1.190338425e-05,1.333297e-15,1.157928e-19,1.624399e-21,2.489009e-03
8.600000,1.135916428e-03,2.343897831e-03,1.256037782e-03,1.171948649e-03,2.343130242e-09,1.580755716e-03,0.000000000e+00,1.177652454e-05,2.665477e-15,1.355253e-19,2.868637e-21,2.310628e-03
8.610000,1.129847256e-03,2.331374380e-03,1.249326791e-03,1.165686928e-03,2.258519481e-09,1.549168166e-03,0.000000000e+00,1.165101683e-05,2.666320e-15,4.848700e-19,1.908280e-21,2.329139e-03
8.620000,1.123810510e-03,2.318917843e-03,1.242651655e-03,1.159458664e-03,2.176932281e-09,1.518352257e-03,0.000000000e+00,1.152684671e-05,2.444067e-15,1.092640e-19,1.800868e-21,2.286858e-03
8.630000,1.117806017e-03,2.306527861e-03,1.236012184e-03,1.153263677e-03,2.098266452e-09,1.488300989e-03,0.000000000e+00,1.140399992e-05,1.998561e-15,1.533293e-19,8.961676e-22,2.302179e-03
8.640000,1.111833605e-03,2.294204078e-03,1.229408188e-03,1.147101789e-03,2.022423407e-09,1.459007448e-03,0.000000000e+00,1.128246237e-05,2.001003e-15,1.092640e-19,2.142003e-21,2.307818e-03
8.650000,1.105893102e-03,2.281946141e-03,1.222839476e-03,1.140972825e-03,1.949307759e-09,1.430464788e-03,0.000000000e+00,1.116222009e-05,1.998613e-15,1.897354e-19,2.227617e-21,2.309399e-03
8.660000,1.099984339e-03,2.269753698e-03,1.216305861e-03,1.134876607e-03,1.878826833e-09,1.402666223e-03,0.000000000e+00,1.104325928e-05,2.445291e-15,1.084202e-19,2.765244e-21,2.312598e-03
8.670000,1.094107145e-03,2.257626399e-03,1.209807154e-03,1.128812962e-03,1.810892142e-09,1.375605013e-03,0.000000000e+00,1.092556629e-05,2.221281e-15,2.881307e-19,2.134716e-21,2.334449e-03
8.680000,1.088261352e-03,2.245563896e-03,1.203343169e-03,1.122781714e-03,1.745418435e-09,1.349274444e-03,0.000000000e+00,1.080912761e-05,1.778004e-15,1.219727e-19,1.696805e-21,2.339619e-03
8.690000,1.082446792e-03,2.233565842e-03,1.196913721e-03,1.116782691e-03,1.682322551e-09,1.323667817e-03,0.000000000e+00,1.069392986e-05,2.665353e-15,2.168404e-19,4.254497e-22,2.328158e-03
8.700000,1.076663298e-03,2.221631894e-03,1.190518625e-03,1.110815721e-03,1.621524355e-09,1.298778430e-03,0.000000000e+00,1.057995982e-05,2.894085e-15,2.271818e-19,1.723355e-21,2.322769e-03
8.710000,1.070910705e-03,2.209761710e-03,1.184157698e-03,1.104880632e-03,1.562946955e-09,1.274599562e-03,0.000000000e+00,1.046720442e-05,2.000572e-15,1.219727e-19,2.119757e-21,2.304969e-03
8.720000,1.065188847e-03,2.197954948e-03,1.177830756e-03,1.098977255e-03,1.506515864e-09,1.251124453e-03,0.000000000e+00,1.035565069e-05,1.999850e-15,9.486769e-20,4.931984e-23,2.320229e-03
8.730000,1.059497560e-03,2.186211269e-03,1.171537620e-03,1.093105418e-03,1.452159204e-09,1.228346285e-03,0.000000000e+00,1.024528584e-05,2.001105e-15,2.235140e-19,1.487959e-21,2.315978e-03
8.740000,1.053836681e-03,2.174530336e-03,1.165278107e-03,1.087264956e-03,1.399808119e-09,1.206258167e-03,0.000000000e+00,1.013609720e-05,1.778148e-15,2.206192e-19,1.910883e-21,2.309278e-03
8.750000,1.048206047e-03,2.162911814e-03,1.159052038e-03,1.081455698e-03,1.349395018e-09,1.184853110e-03,0.000000000e+00,1.002807223e-05,2.665558e-15,2.424350e-19,1.695387e-21,2.320538e-03
8.760000,1.042605496e-03,2.151355371e-03,1.152859235e-03,1.075677480e-03,1.300856020e-09,1.164124012e-03,0.000000000e+00,9.921198528e-06,1.777498e-15,3.880853e-19,1.377938e-21,2.310049e-03
8.770000,1.037034869e-03,2.139860672e-03,1.146699519e-03,1.069930134e-03,1.254127987e-09,1.144063636e-03,0.000000000e+00,9.815463825e-06,2.223448e-15,1.973278e-19,9.537452e-22,2.318629e-03
8.780000,1.031494005e-03,2.128427391e-03,1.140572715e-03,1.064213496e-03,1.209151471e-09,1.124664587e-03,0.000000000e+00,9.710855983e-06,2.004591e-15,1.648736e-19,8.482499e-22,2.327019e-03
8.790000,1.025982745e-03,2.117055196e-03,1.134478646e-03,1.058527402e-03,1.165868037e-09,1.105919300e-03,0.000000000e+00,9.607362992e-06,2.224703e-15,3.045552e-19,7.816272e-22,2.319409e-03
8.800000,1.020500932e-03,2.105743764e-03,1.128417137e-03,1.052871689e-03,1.124222020e-09,1.087820012e-03,0.000000000e+00,9.504972971e-06,2.450349e-15,1.714274e-19,1.606861e-22,2.324899e-03
8.810000,1.015048407e-03,2.094492768e-03,1.122388014e-03,1.047246195e-03,1.084159073e-09,1.070358750e-03,0.000000000e+00,9.403674165e-06,2.442897e-15,1.355253e-19,1.800770e-21,2.375108e-03
8.820000,1.009625014e-03,2.083301887e-03,1.116391105e-03,1.041650757e-03,1.045627334e-09,1.053527309e-03,0.000000000e+00,9.303454945e-06,2.443252e-15,1.092640e-19,5.511485e-22,2.325289e-03
8.830000,1.004230598e-03,2.072170798e-03,1.110426237e-03,1.036085216e-03,1.008576158e-09,1.037317237e-03,0.000000000e+00,9.204303805e-06,2.001628e-15,5.421011e-20,1.908086e-21,2.316889e-03
8.840000,9.988650034e-04,2.061099182e-03,1.104493239e-03,1.030549411e-03,9.729565395e-10,1.021719819e-03,0.000000000e+00,9.106209362e-06,2.443683e-15,1.212175e-19,2.118234e-21,2.304469e-03
8.850000,9.935280769e-04,2.050086722e-03,1.098591941e-03,1.025043184e-03,9.387218735e-10,1.006726064e-03,0.000000000e+00,9.009160354e-06,2.220937e-15,6.060874e-20,6.493197e-22,2.333089e-03
8.860000,9.882196651e-04,2.039133102e-03,1.092722172e-03,1.019566376e-03,9.058267146e-10,9.923266924e-04,0.000000000e+00,8.913145640e-06,2.442983e-15,1.490778e-19,1.278483e-21,2.310259e-03
8.870000,9.829396156e-04,2.028238007e-03,1.086883766e-03,1.014118832e-03,8.742268557e-10,9.785121251e-04,0.000000000e+00,8.818154198e-06,2.220546e-15,3.263881e-19,1.177780e-21,2.334308e-03
8.880000,9.776877770e-04,2.017401125e-03,1.081076555e-03,1.008700393e-03,8.438807175e-10,9.652724773e-04,0.000000000e+00,8.724175120e-06,1.110593e-15,1.117570e-19,9.841462e-22,2.336729e-03
8.890000,9.724639985e-04,2.006622143e-03,1.075300370e-03,1.003310905e-03,8.147467142e-10,9.525975520e-04,0.000000000e+00,8.631197620e-06,2.001603e-15,1.818262e-19,1.237292e-21,2.345689e-03
8.900000,9.672681303e-04,1.995900753e-03,1.069555048e-03,9.979502130e-04,7.867850451e-10,9.404768382e-04,0.000000000e+00,8.539211021e-06,2.220633e-15,1.648736e-19,4.818154e-22,2.324049e-03
8.910000,9.621000231e-04,1.985236649e-03,1.063840423e-03,9.926181631e-04,7.599579586e-10,9.288995103e-04,0.000000000e+00,8.448204764e-06,1.599140e-15,4.488731e-19,8.489082e-22,2.323079e-03
8.920000,9.569595287e-04,1.974629522e-03,1.058156331e-03,9.873146023e-04,7.342278655e-10,9.178544317e-04,0.000000000e+00,8.358168401e-06,1.777225e-15,3.263881e-19,1.390143e-21,2.562780e-03
8.930000,9.518464996e-04,1.964079068e-03,1.052502608e-03,9.820393783e-04,7.095589816e-10,9.073301601e-04,0.000000000e+00,8.269091595e-06,2.665159e-15,1.843343e-19,2.233361e-21,2.351959e-03
8.940000,9.467607891e-04,1.953584985e-03,1.046879094e-03,9.767923399e-04,6.859163039e-10,8.973149571e-04,0.000000000e+00,8.180964120e-06,2.887569e-15,1.092640e-19,1.912886e-21,2.436369e-03
8.950000,9.417022511e-04,1.943146974e-03,1.041285625e-03,9.715733363e-04,6.632662246e-10,8.877967992e-04,0.000000000e+00,8.093775859e-06,1.999227e-15,3.160965e-19,6.595731e-22,2.345979e-03
8.960000,9.366707406e-04,1.932764732e-03,1.035722042e-03,9.663822178e-04,6.415765965e-10,8.787633934e-04,0.000000000e+00,8.007516801e-06,2.667507e-15,3.686686e-19,1.591964e-21,2.389858e-03
8.970000,9.316661131e-04,1.922437963e-03,1.030188185e-03,9.612188354e-04,6.208145913e-10,8.702021937e-04,0.000000000e+00,7.922177045e-06,2.221977e-15,2.793925e-19,1.527949e-21,2.500169e-03
8.980000,9.266882250e-04,1.912166369e-03,1.024683896e-03,9.560830409e-04,6.009503301e-10,8.621004222e-04,0.000000000e+00,7.837746792e-06,2.443951e-15,1.355253e-19,1.492886e-21,2.341079e-03
8.990000,9.217369335e-04,1.901949656e-03,1.019209015e-03,9.509746869e-04,5.819536331e-10,8.544450907e-04,0.000000000e+00,7.754216350e-06,3.108695e-15,1.092640e-19,2.151296e-21,2.357989e-03
9.000000,9.168120964e-04,1.891787532e-03,1.013763387e-03,9.458936269e-04,5.637949653e-10,8.472230259e-04,0.000000000e+00,7.671576129e-06,1.776492e-15,1.092640e-19,4.272046e-22,2.378379e-03
9.010000,9.119135724e-04,1.881679704e-03,1.008346854e-03,9.408397148e-04,5.464455886e-10,8.404208955e-04,0.000000000e+00,7.589816641e-06,1.555621e-15,1.626303e-19,9.577958e-22,2.586820e-03
9.020000,9.070412210e-04,1.871625881e-03,1.002959262e-03,9.358128058e-04,5.298782271e-10,8.340252369e-04,0.000000000e+00,7.508928501e-06,1.333965e-15,4.065758e-20,5.344001e-22,2.343299e-03
9.030000,9.021949023e-04,1.861625776e-03,9.976004552e-04,9.308127556e-04,5.140653574e-10,8.280224861e-04,0.000000000e+00,7.428902422e-06,1.558350e-15,1.212175e-19,6.404539e-22,2.357538e-03
9.040000,8.973744772e-04,1.851679102e-03,9.922702806e-04,9.258394205e-04,4.989808665e-10,8.223990083e-04,0.000000000e+00,7.349729216e-06,1.554700e-15,2.032879e-19,1.165026e-21,2.374479e-03
9.050000,8.925798074e-04,1.841785573e-03,9.869685849e-04,9.208926580e-04,4.845985475e-10,8.171411291e-04,0.000000000e+00,7.271399794e-06,1.560450e-15,1.882777e-19,6.396624e-22,2.339188e-03
9.060000,8.878107553e-04,1.831944904e-03,9.816952160e-04,9.159723260e-04,4.708933017e-10,8.122351654e-04,0.000000000e+00,7.193905164e-06,2.443363e-15,1.626303e-19,1.694172e-21,2.332908e-03
9.070000,8.830671841e-04,1.822156814e-03,9.764500225e-04,9.110782832e-04,4.578404349e-10,8.076674568e-04,0.000000000e+00,7.117236429e-06,2.221184e-15,1.092640e-19,6.374318e-22,2.359689e-03
9.080000,8.783489575e-04,1.812421022e-03,9.712328539e-04,9.062103894e-04,4.454159986e-10,8.034243965e-04,0.000000000e+00,7.041384787e-06,2.220842e-15,1.533293e-19,8.117787e-22,2.350778e-03
9.090000,8.736559402e-04,1.802737249e-03,9.660435605e-04,9.013685046e-04,4.335955754e-10,7.994924614e-04,0.000000000e+00,6.966341529e-06,2.442738e-15,3.833234e-19,1.217633e-21,2.386439e-03
