t,pos_err,ori_err_geodesic,e_xi_norm,e_z_O_norm,e_z_T_norm,qddot_ref_norm,tau_norm,V,c0,c1,c2,runtime
0.000000,3.503401067e-02,1.981226373e-01,0.000000000e+00,9.889938096e-02,2.939837890e-02,2.187239915e+00,0.000000000e+00,8.516281788e-02,4.467555e-16,0.000000e+00,0.000000e+00,1.760895e-03
0.010000,3.504157734e-02,1.980800478e-01,8.890607848e-03,9.887819057e-02,2.937322118e-02,2.142471208e+00,0.000000000e+00,8.515698300e-02,4.467555e-16,2.168404e-18,5.357107e-20,1.652940e-03
0.020000,3.506230557e-02,1.979648326e-01,1.704538084e-02,9.882086511e-02,2.930466207e-02,2.026164808e+00,0.000000000e+00,8.513988530e-02,6.759063e-16,7.807009e-18,1.564422e-19,1.651600e-03
0.030000,3.509515243e-02,1.977826404e-01,2.455923258e-02,9.873021448e-02,2.919615704e-02,1.915708794e+00,0.000000000e+00,8.510214464e-02,1.130178e-16,5.214325e-18,6.305931e-19,1.658562e-03
0.040000,3.513913817e-02,1.975387092e-01,3.147645436e-02,9.860884406e-02,2.905095653e-02,1.810863620e+00,0.000000000e+00,8.503668121e-02,2.248931e-16,1.852685e-18,2.424350e-19,1.666253e-03
0.050000,3.519333933e-02,1.972378963e-01,3.783837523e-02,9.845916955e-02,2.887211679e-02,1.711390920e+00,0.000000000e+00,8.493832890e-02,4.531766e-16,1.769078e-17,1.629913e-18,1.728111e-03
0.060000,3.525688276e-02,1.968847057e-01,4.368353946e-02,9.828343076e-02,2.866251010e-02,1.617054526e+00,0.000000000e+00,8.480350378e-02,2.784015e-17,7.181970e-18,1.085557e-18,1.666132e-03
0.070000,3.532894051e-02,1.964833134e-01,4.904789404e-02,9.808370432e-02,2.842483455e-02,1.527621419e+00,0.000000000e+00,8.462992214e-02,1.570482e-16,7.410742e-18,2.171113e-18,1.734381e-03
0.080000,3.540872560e-02,1.960375917e-01,5.396496579e-02,9.786191561e-02,2.816162337e-02,1.442862606e+00,0.000000000e+00,8.441636123e-02,2.225307e-16,7.564593e-18,1.355253e-18,1.655941e-03
0.090000,3.549548834e-02,1.955511305e-01,5.846602640e-02,9.761984966e-02,2.787525367e-02,1.362553913e+00,0.000000000e+00,8.416245664e-02,9.024835e-17,9.813078e-18,7.893111e-19,1.660411e-03
0.100000,3.558851339e-02,1.950272585e-01,6.258024596e-02,9.735916136e-02,2.756795489e-02,1.286476688e+00,0.000000000e+00,8.386853110e-02,4.586113e-16,3.804546e-17,4.470280e-18,1.655211e-03
0.110000,3.568711726e-02,1.944690614e-01,6.633483579e-02,9.708138491e-02,2.724181671e-02,1.214418405e+00,0.000000000e+00,8.353545022e-02,2.487030e-16,1.097135e-17,1.693578e-18,1.658691e-03
0.120000,3.579064633e-02,1.938793998e-01,6.975518104e-02,9.678794254e-02,2.689879664e-02,1.146173186e+00,0.000000000e+00,8.316450131e-02,6.667153e-16,1.250927e-17,5.016705e-18,1.728921e-03
0.130000,3.589847516e-02,1.932609255e-01,7.286496417e-02,9.648015266e-02,2.654072718e-02,1.081542226e+00,0.000000000e+00,8.275729196e-02,4.495487e-16,3.065360e-17,2.045669e-18,1.661232e-03
0.140000,3.601000518e-02,1.926160968e-01,7.568627958e-02,9.615923737e-02,2.616932265e-02,1.020334140e+00,0.000000000e+00,8.231566549e-02,4.449836e-16,3.648079e-17,2.893012e-18,1.739122e-03
0.150000,3.612466364e-02,1.919471919e-01,7.823974035e-02,9.582632942e-02,2.578618564e-02,9.623652209e-01,0.000000000e+00,8.184163073e-02,1.131334e-16,2.921155e-17,8.467890e-19,1.670003e-03
0.160000,3.624190269e-02,1.912563226e-01,8.054457744e-02,9.548247874e-02,2.539281321e-02,9.074596365e-01,0.000000000e+00,8.133730415e-02,1.274527e-16,1.323970e-17,3.060832e-18,1.645750e-03
0.170000,3.636119870e-02,1.905454460e-01,8.261873204e-02,9.512865839e-02,2.499060268e-02,8.554495484e-01,0.000000000e+00,8.080486239e-02,7.832129e-16,3.486751e-17,5.280410e-18,1.639769e-03
0.180000,3.648205168e-02,1.898163758e-01,8.447894151e-02,9.476577014e-02,2.458085717e-02,8.061751779e-01,0.000000000e+00,8.024650361e-02,3.331843e-16,9.511364e-18,3.066587e-19,1.635498e-03
0.190000,3.660398475e-02,1.890707926e-01,8.614081935e-02,9.439464965e-02,2.416479088e-02,7.594848169e-01,0.000000000e+00,7.966441639e-02,2.499481e-16,2.797158e-17,2.528772e-18,1.693176e-03
0.200000,3.672654372e-02,1.883102535e-01,8.761892967e-02,9.401607127e-02,2.374353406e-02,7.152347941e-01,0.000000000e+00,7.906075495e-02,1.214562e-16,1.387779e-17,6.679953e-18,1.633578e-03
0.210000,3.684929670e-02,1.875362014e-01,8.892685658e-02,9.363075243e-02,2.331813774e-02,6.732894034e-01,0.000000000e+00,7.843761970e-02,4.578193e-16,1.788112e-17,1.371419e-18,1.634188e-03
0.220000,3.697183373e-02,1.867499727e-01,9.007726879e-02,9.323935781e-02,2.288957825e-02,6.335208018e-01,0.000000000e+00,7.779704228e-02,1.778916e-16,2.235456e-17,2.528772e-18,1.629338e-03
0.230000,3.709376639e-02,1.859528055e-01,9.108197986e-02,9.284250316e-02,2.245876144e-02,5.958088836e-01,0.000000000e+00,7.714097440e-02,1.576977e-16,2.834893e-17,7.023086e-18,1.636188e-03
0.240000,3.721472748e-02,1.851458465e-01,9.195200433e-02,9.244075882e-02,2.202652674e-02,5.600411390e-01,0.000000000e+00,7.647127971e-02,1.119006e-16,1.441622e-17,1.478496e-17,1.710348e-03
0.250000,3.733437059e-02,1.843301576e-01,9.269761004e-02,9.203465300e-02,2.159365097e-02,5.261125033e-01,0.000000000e+00,7.578972837e-02,4.454679e-16,2.913419e-17,1.194986e-17,1.649930e-03
0.260000,3.745236977e-02,1.835067221e-01,9.332836700e-02,9.162467488e-02,2.116085200e-02,4.939252053e-01,0.000000000e+00,7.509799368e-02,2.221907e-16,8.420559e-18,1.675715e-17,1.651160e-03
0.270000,3.756841905e-02,1.826764505e-01,9.385319291e-02,9.121127741e-02,2.072879218e-02,4.633886214e-01,0.000000000e+00,7.439765052e-02,1.144926e-16,3.786955e-17,2.917290e-18,1.655780e-03
0.280000,3.768223207e-02,1.818401855e-01,9.428039570e-02,9.079487990e-02,2.029808158e-02,4.344191428e-01,0.000000000e+00,7.369017516e-02,4.443367e-16,6.505213e-18,2.335443e-18,1.652461e-03
0.290000,3.779354158e-02,1.809987071e-01,9.461771325e-02,9.037587052e-02,1.986928113e-02,4.069400659e-01,0.000000000e+00,7.297694627e-02,3.333742e-16,2.809235e-17,5.315909e-18,1.698857e-03
0.300000,3.790209897e-02,1.801527374e-01,9.487235041e-02,8.995460853e-02,1.944290547e-02,3.808815116e-01,0.000000000e+00,7.225924678e-02,1.145123e-16,6.938894e-18,1.175947e-17,1.657632e-03
0.310000,3.800767379e-02,1.793029440e-01,9.505101369e-02,8.953142633e-02,1.901942582e-02,3.561803848e-01,0.000000000e+00,7.153826648e-02,4.495296e-16,3.529907e-17,2.429000e-17,1.673103e-03
0.320000,3.811005321e-02,1.784499449e-01,9.515994359e-02,8.910663150e-02,1.859927252e-02,3.327803824e-01,0.000000000e+00,7.081510515e-02,2.483598e-16,2.168404e-18,1.101626e-17,1.650470e-03
0.330000,3.820904149e-02,1.775943116e-01,9.520494491e-02,8.868050850e-02,1.818283758e-02,3.106320589e-01,0.000000000e+00,7.009077612e-02,3.402403e-16,1.902273e-17,1.301765e-17,1.656391e-03
0.340000,3.830445940e-02,1.767365723e-01,9.519141498e-02,8.825332040e-02,1.777047699e-02,2.896929589e-01,0.000000000e+00,6.936621006e-02,3.511736e-16,3.705371e-17,2.819009e-17,1.658991e-03
0.350000,3.839614371e-02,1.758772155e-01,9.512437021e-02,8.782531045e-02,1.736251299e-02,2.699278234e-01,0.000000000e+00,6.864225901e-02,3.348915e-16,3.522172e-17,1.094776e-17,1.652010e-03
0.360000,3.848394655e-02,1.750166926e-01,9.500847078e-02,8.739670345e-02,1.695923613e-02,2.513088708e-01,0.000000000e+00,6.791970048e-02,8.891642e-16,1.989740e-17,6.209365e-18,1.669453e-03
0.370000,3.856773488e-02,1.741554206e-01,9.484804387e-02,8.696770715e-02,1.656090731e-02,2.338161475e-01,0.000000000e+00,6.719924161e-02,1.144950e-16,5.129182e-17,1.226635e-18,1.644099e-03
0.380000,3.864738985e-02,1.732937847e-01,9.464710536e-02,8.653851344e-02,1.616775964e-02,2.174379247e-01,0.000000000e+00,6.648152335e-02,2.498036e-16,1.170938e-17,1.125901e-17,1.646150e-03
0.390000,3.872280625e-02,1.724321404e-01,9.440938010e-02,8.610929953e-02,1.578000024e-02,2.021710927e-01,0.000000000e+00,6.576712451e-02,4.783531e-16,4.561902e-17,8.940560e-19,1.646790e-03
0.400000,3.879389191e-02,1.715708161e-01,9.413832104e-02,8.568022902e-02,1.539781191e-02,1.880214617e-01,0.000000000e+00,6.505656580e-02,2.222072e-16,2.103352e-17,7.410742e-18,1.644760e-03
0.410000,3.886056710e-02,1.707101146e-01,9.383712699e-02,8.525145286e-02,1.502135473e-02,1.750038185e-01,0.000000000e+00,6.435031370e-02,3.544298e-16,2.085730e-17,4.125671e-18,1.669053e-03
0.420000,3.892276394e-02,1.698503150e-01,9.350875935e-02,8.482311027e-02,1.465076759e-02,1.631415041e-01,0.000000000e+00,6.364878425e-02,5.564651e-17,9.660965e-18,5.654507e-18,1.648170e-03
0.430000,3.898042585e-02,1.689916748e-01,9.315595781e-02,8.439532963e-02,1.428616956e-02,1.524651887e-01,0.000000000e+00,6.295234667e-02,1.113209e-16,2.832238e-17,7.996680e-18,1.649111e-03
0.440000,3.903350696e-02,1.681344311e-01,9.278125498e-02,8.396822923e-02,1.392766130e-02,1.430104461e-01,0.000000000e+00,6.226132679e-02,3.333740e-16,1.696491e-17,1.889376e-17,1.647690e-03
0.450000,3.908197155e-02,1.672788023e-01,9.238699023e-02,8.354191800e-02,1.357532626e-02,1.348137445e-01,0.000000000e+00,6.157601035e-02,6.844232e-16,2.576298e-17,2.232509e-18,1.647841e-03
0.460000,3.912579353e-02,1.664249893e-01,9.197532253e-02,8.311649623e-02,1.322923193e-02,1.279066540e-01,0.000000000e+00,6.089664615e-02,2.247961e-16,3.250293e-17,1.634810e-17,1.676634e-03
0.470000,3.916495585e-02,1.655731767e-01,9.154824261e-02,8.269205614e-02,1.288943094e-02,1.223085275e-01,0.000000000e+00,6.022344899e-02,2.484446e-16,1.127570e-17,5.249151e-18,1.656381e-03
0.480000,3.919945003e-02,1.647235345e-01,9.110758428e-02,8.226868252e-02,1.255596215e-02,1.180186021e-01,0.000000000e+00,5.955660243e-02,3.511222e-16,1.532220e-17,6.732538e-18,1.655991e-03
0.490000,3.922927562e-02,1.638762185e-01,9.065503511e-02,8.184645326e-02,1.222885162e-02,1.150091833e-01,0.000000000e+00,5.889626148e-02,2.326604e-16,1.044442e-17,1.886294e-17,1.657310e-03
0.500000,3.925443972e-02,1.630313716e-01,9.019214641e-02,8.142543981e-02,1.190811359e-02,1.132218678e-01,0.000000000e+00,5.824255497e-02,4.506612e-16,4.266856e-17,7.176239e-18,1.656010e-03
0.510000,3.927495649e-02,1.621891251e-01,8.972034256e-02,8.100570769e-02,1.159375133e-02,1.125682333e-01,0.000000000e+00,5.759558793e-02,6.257040e-17,3.556183e-17,1.612840e-17,1.678584e-03
0.520000,3.929084671e-02,1.613495989e-01,8.924092986e-02,8.058731694e-02,1.128575805e-02,1.129351352e-01,0.000000000e+00,5.695544368e-02,3.377191e-16,1.947343e-17,1.408128e-17,1.654021e-03
0.530000,3.930213731e-02,1.605129027e-01,8.875510472e-02,8.017032246e-02,1.098411762e-02,1.141932866e-01,0.000000000e+00,5.632218585e-02,5.558092e-16,2.470935e-17,2.320598e-17,1.651811e-03
0.540000,3.930886093e-02,1.596791368e-01,8.826396137e-02,7.975477443e-02,1.068880532e-02,1.162069536e-01,0.000000000e+00,5.569586027e-02,1.584212e-16,1.035626e-17,3.909147e-18,1.650610e-03
0.550000,3.931105555e-02,1.588483926e-01,8.776849914e-02,7.934071864e-02,1.039978862e-02,1.188426989e-01,0.000000000e+00,5.507649662e-02,6.766168e-16,5.353983e-17,1.600805e-17,1.656581e-03
0.560000,3.930876406e-02,1.580207534e-01,8.726962924e-02,7.892819681e-02,1.011702771e-02,1.219759010e-01,0.000000000e+00,5.446411010e-02,1.001613e-15,4.347205e-17,6.378390e-18,1.675313e-03
0.570000,3.930203386e-02,1.571962949e-01,8.676818107e-02,7.851724689e-02,9.840476243e-03,1.254946999e-01,0.000000000e+00,5.385870288e-02,2.220823e-16,4.368406e-17,3.666912e-17,1.675744e-03
0.580000,3.929091656e-02,1.563750858e-01,8.626490822e-02,7.810790334e-02,9.570081826e-03,1.293016909e-01,0.000000000e+00,5.326026544e-02,2.326923e-16,7.961322e-18,1.086152e-17,1.684375e-03
0.590000,3.927546757e-02,1.555571881e-01,8.576049402e-02,7.770019739e-02,9.305786612e-03,1.333139770e-01,0.000000000e+00,5.266877788e-02,2.230457e-16,5.903797e-17,5.987702e-18,1.666132e-03
0.600000,3.925574577e-02,1.547426582e-01,8.525555676e-02,7.729415724e-02,9.047527795e-03,1.374622101e-01,0.000000000e+00,5.208421101e-02,3.337901e-16,1.154153e-17,1.854493e-17,1.672843e-03
0.610000,3.923181326e-02,1.539315465e-01,8.475065458e-02,7.688980835e-02,8.795238093e-03,1.416891185e-01,0.000000000e+00,5.150652745e-02,5.681875e-16,1.387948e-17,8.240650e-18,1.666962e-03
0.620000,3.920373495e-02,1.531238985e-01,8.424629003e-02,7.648717356e-02,8.548846198e-03,1.459478660e-01,0.000000000e+00,5.093568261e-02,5.558471e-16,3.084017e-17,8.370153e-18,1.665081e-03
0.630000,3.917157839e-02,1.523197547e-01,8.374291435e-02,7.608627335e-02,8.308277195e-03,1.502004479e-01,0.000000000e+00,5.037162555e-02,1.221340e-15,5.303023e-17,2.139837e-17,1.687215e-03
0.640000,3.913541340e-02,1.515191514e-01,8.324093143e-02,7.568712600e-02,8.073452961e-03,1.544162290e-01,0.000000000e+00,4.981429981e-02,1.643965e-16,4.941869e-17,6.187556e-18,1.661481e-03
0.650000,3.909531187e-02,1.507221207e-01,8.274070157e-02,7.528974770e-02,7.844292528e-03,1.585706687e-01,0.000000000e+00,4.926364413e-02,5.562062e-16,2.804397e-17,2.114417e-17,1.660511e-03
0.660000,3.905134749e-02,1.499286907e-01,8.224254492e-02,7.489415280e-02,7.620712431e-03,1.626442371e-01,0.000000000e+00,4.871959315e-02,9.745765e-18,2.875753e-17,1.553288e-17,1.661872e-03
0.670000,3.900359553e-02,1.491388862e-01,8.174674475e-02,7.450035384e-02,7.402627027e-03,1.666215110e-01,0.000000000e+00,4.818207801e-02,1.213811e-16,2.775579e-17,7.030614e-18,1.669243e-03
0.680000,3.895213262e-02,1.483527288e-01,8.125355046e-02,7.410836176e-02,7.189948802e-03,1.704904271e-01,0.000000000e+00,4.765102690e-02,1.164278e-16,5.724752e-18,7.379746e-18,1.658571e-03
0.690000,3.889703654e-02,1.475702369e-01,8.076318039e-02,7.371818600e-02,6.982588641e-03,1.742416694e-01,0.000000000e+00,4.712636559e-02,4.441570e-16,3.103168e-17,1.112298e-17,1.649470e-03
0.700000,3.883838602e-02,1.467914262e-01,8.027582446e-02,7.332983460e-02,6.780456099e-03,1.778681696e-01,0.000000000e+00,4.660801782e-02,7.776787e-16,1.761086e-17,1.931828e-17,1.676113e-03
0.710000,3.877626057e-02,1.460163098e-01,7.979164658e-02,7.294331431e-02,6.583459637e-03,1.813646992e-01,0.000000000e+00,4.609590578e-02,1.388382e-16,1.275494e-17,1.651550e-17,1.654501e-03
0.720000,3.871074033e-02,1.452448984e-01,7.931078693e-02,7.255863068e-02,6.391506849e-03,1.847275370e-01,0.000000000e+00,4.558995043e-02,2.231468e-16,8.182674e-18,1.253602e-17,1.649240e-03
0.730000,3.864190584e-02,1.444772006e-01,7.883336408e-02,7.217578817e-02,6.204504676e-03,1.879541982e-01,0.000000000e+00,4.509007186e-02,1.163688e-16,4.368406e-17,4.688783e-18,1.654951e-03
0.740000,3.856983796e-02,1.437132227e-01,7.835947691e-02,7.179479021e-02,6.022359594e-03,1.910432127e-01,0.000000000e+00,4.459618955e-02,1.398579e-17,2.836572e-17,4.975531e-18,1.652790e-03
0.750000,3.849461772e-02,1.429529693e-01,7.788920643e-02,7.141563930e-02,5.844977800e-03,1.939939441e-01,0.000000000e+00,4.410822266e-02,4.546384e-16,1.608461e-17,1.296030e-17,1.674073e-03
0.760000,3.841632613e-02,1.421964433e-01,7.742261748e-02,7.103833705e-02,5.672265374e-03,1.968064403e-01,0.000000000e+00,4.362609025e-02,3.342855e-16,5.141679e-18,1.307408e-17,1.659401e-03
0.770000,3.833504413e-02,1.414436459e-01,7.695976024e-02,7.066288427e-02,5.504128438e-03,1.994813118e-01,0.000000000e+00,4.314971150e-02,2.517995e-16,8.240650e-18,6.092068e-18,1.660411e-03
0.780000,3.825085246e-02,1.406945769e-01,7.650067170e-02,7.028928104e-02,5.340473292e-03,2.020196304e-01,0.000000000e+00,4.267900586e-02,2.224779e-16,6.712429e-18,9.178173e-18,1.660001e-03
0.790000,3.816383150e-02,1.399492345e-01,7.604537696e-02,6.991752673e-02,5.181206550e-03,2.044228457e-01,0.000000000e+00,4.221389324e-02,2.225763e-16,8.015034e-18,2.211028e-17,1.656470e-03
0.800000,3.807406125e-02,1.392076159e-01,7.559389047e-02,6.954762009e-02,5.026235259e-03,2.066927157e-01,0.000000000e+00,4.175429415e-02,3.342464e-16,1.769078e-17,7.745978e-18,1.697966e-03
0.810000,3.798162120e-02,1.384697170e-01,7.514621713e-02,6.917955928e-02,4.875467008e-03,2.088312495e-01,0.000000000e+00,4.130012978e-02,2.222753e-16,3.479601e-17,7.352817e-18,1.659301e-03
0.820000,3.788659023e-02,1.377355327e-01,7.470235334e-02,6.881334192e-02,4.728810028e-03,2.108406591e-01,0.000000000e+00,4.085132217e-02,2.326669e-16,1.423415e-17,1.180188e-17,1.688355e-03
0.830000,3.778904657e-02,1.370050567e-01,7.426228797e-02,6.844896514e-02,4.586173288e-03,2.127233192e-01,0.000000000e+00,4.040779422e-02,1.441622e-17,2.573428e-17,5.604916e-18,1.661291e-03
0.840000,3.768906771e-02,1.362782821e-01,7.382600319e-02,6.808642560e-02,4.447466575e-03,2.144817337e-01,0.000000000e+00,3.996946985e-02,7.860022e-16,2.314410e-17,3.008661e-18,1.654841e-03
0.850000,3.758673036e-02,1.355552009e-01,7.339347530e-02,6.772571953e-02,4.312600573e-03,2.161185074e-01,0.000000000e+00,3.953627399e-02,2.512416e-16,7.475690e-18,1.455135e-17,1.671203e-03
0.860000,3.748211034e-02,1.348358044e-01,7.296467547e-02,6.736684280e-02,4.181486929e-03,2.176363223e-01,0.000000000e+00,3.910813266e-02,5.572435e-16,1.564598e-17,1.013109e-17,1.663592e-03
0.870000,3.737528258e-02,1.341200833e-01,7.253957039e-02,6.700979089e-02,4.054038319e-03,2.190379176e-01,0.000000000e+00,3.868497305e-02,2.227296e-16,2.905682e-17,9.978526e-18,1.697546e-03
0.880000,3.726632105e-02,1.334080275e-01,7.211812287e-02,6.665455897e-02,3.930168498e-03,2.203260727e-01,0.000000000e+00,3.826672347e-02,4.538998e-16,2.461139e-17,9.643649e-18,1.655661e-03
0.890000,3.715529871e-02,1.326996263e-01,7.170029244e-02,6.630114191e-02,3.809792357e-03,2.215035933e-01,0.000000000e+00,3.785331346e-02,5.594752e-16,3.041975e-17,1.188565e-17,1.679734e-03
0.900000,3.704228749e-02,1.319948685e-01,7.128603581e-02,6.594953429e-02,3.692825959e-03,2.225732988e-01,0.000000000e+00,3.744467375e-02,1.114357e-16,3.949177e-17,1.008731e-18,1.660001e-03
0.910000,3.692735823e-02,1.312937426e-01,7.087530736e-02,6.559973045e-02,3.579186585e-03,2.235380125e-01,0.000000000e+00,3.704073629e-02,4.199321e-17,8.947173e-18,7.618256e-18,1.651160e-03
0.920000,3.681058067e-02,1.305962362e-01,7.046805956e-02,6.525172448e-02,3.468792765e-03,2.244005532e-01,0.000000000e+00,3.664143428e-02,4.652717e-16,2.102150e-17,5.804533e-18,1.659011e-03
0.930000,3.669202344e-02,1.299023368e-01,7.006424329e-02,6.490551027e-02,3.361564305e-03,2.251637271e-01,0.000000000e+00,3.624670212e-02,1.012248e-15,4.202197e-17,7.068133e-19,1.652640e-03
0.940000,3.657175400e-02,1.292120314e-01,6.966380825e-02,6.456108152e-02,3.257422317e-03,2.258303225e-01,0.000000000e+00,3.585647546e-02,2.224174e-16,2.142664e-17,4.272143e-18,1.676473e-03
0.950000,3.644983861e-02,1.285253068e-01,6.926670325e-02,6.421843173e-02,3.156289238e-03,2.264031042e-01,0.000000000e+00,3.547069117e-02,2.552318e-16,1.909447e-17,6.489170e-18,1.653751e-03
0.960000,3.632634239e-02,1.278421492e-01,6.887287643e-02,6.387755426e-02,3.058088845e-03,2.268848090e-01,0.000000000e+00,3.508928732e-02,1.164148e-16,2.094862e-17,6.100414e-18,1.652540e-03
0.970000,3.620132923e-02,1.271625448e-01,6.848227556e-02,6.353844233e-02,2.962746275e-03,2.272781423e-01,0.000000000e+00,3.471220319e-02,1.617391e-16,3.172565e-18,1.559981e-17,1.656311e-03
0.980000,3.607486179e-02,1.264864793e-01,6.809484826e-02,6.320108900e-02,2.870188030e-03,2.275857749e-01,0.000000000e+00,3.433937922e-02,1.113547e-16,2.965095e-17,7.550594e-18,1.651530e-03
0.990000,3.594700154e-02,1.258139383e-01,6.771054215e-02,6.286548722e-02,2.780341988e-03,2.278103405e-01,0.000000000e+00,3.397075704e-02,2.498438e-16,2.766354e-17,1.559954e-18,1.700526e-03
1.000000,3.581780870e-02,1.251449073e-01,6.732930505e-02,6.253162984e-02,2.693137408e-03,2.279544333e-01,0.000000000e+00,3.360627942e-02,2.486486e-16,2.757653e-17,8.740298e-18,1.665082e-03
1.010000,3.567726511e-02,1.245004437e-01,6.286093649e-02,6.221002543e-02,2.644634135e-03,2.370435230e-01,0.000000000e+00,3.299239950e-02,2.243304e-16,2.537705e-17,1.047606e-17,1.697856e-03
1.020000,3.551841053e-02,1.238957288e-01,5.972421742e-02,6.190825078e-02,2.661514367e-03,2.873308184e-01,0.000000000e+00,3.250121246e-02,8.959188e-16,2.014372e-17,6.128680e-18,1.663291e-03
1.030000,3.534301694e-02,1.233280079e-01,5.782832131e-02,6.162493233e-02,2.740530180e-03,3.575880470e-01,0.000000000e+00,3.211319969e-02,1.212578e-16,1.602943e-17,7.200168e-18,1.655121e-03
1.040000,3.515280428e-02,1.227947442e-01,5.703036613e-02,6.135880505e-02,2.879013527e-03,4.349860471e-01,0.000000000e+00,3.181176473e-02,4.441114e-16,2.701579e-17,4.094927e-18,1.671563e-03
1.050000,3.494943791e-02,1.222935998e-01,5.714952706e-02,6.110870305e-02,3.074325779e-03,5.137667713e-01,0.000000000e+00,3.158283477e-02,6.757767e-16,2.011195e-17,4.970582e-18,1.657741e-03
1.060000,3.473452657e-02,1.218224187e-01,5.799020915e-02,6.087355112e-02,3.323530999e-03,5.913715463e-01,0.000000000e+00,3.141451285e-02,6.760510e-16,2.261803e-17,4.019598e-18,1.692165e-03
1.070000,3.450962093e-02,1.213792114e-01,5.936463039e-02,6.065235694e-02,3.623324083e-03,6.666049471e-01,0.000000000e+00,3.129677471e-02,4.441538e-16,1.393864e-17,5.145679e-18,1.650890e-03
1.080000,3.427621253e-02,1.209621405e-01,6.110801501e-02,6.044420410e-02,3.970126590e-03,7.388901931e-01,0.000000000e+00,3.122120447e-02,2.133428e-17,2.607861e-17,3.200234e-18,1.648399e-03
1.090000,3.403573319e-02,1.205695083e-01,6.308505745e-02,6.024824578e-02,4.360240967e-03,8.079545577e-01,0.000000000e+00,3.118076480e-02,3.528726e-16,3.079306e-17,5.614869e-18,1.656921e-03
1.100000,3.378955470e-02,1.201997448e-01,6.518989911e-02,6.006369886e-02,4.789991001e-03,8.736858277e-01,0.000000000e+00,3.116959695e-02,1.112533e-16,1.843144e-18,3.157244e-18,1.644569e-03
1.110000,3.353898886e-02,1.198513975e-01,6.734264112e-02,5.988983876e-02,5.255820798e-03,9.360616284e-01,0.000000000e+00,3.118284717e-02,2.529847e-16,3.732696e-17,1.358501e-18,1.690235e-03
1.120000,3.328528780e-02,1.195231216e-01,6.948467707e-02,5.972599462e-02,5.754352228e-03,9.951121996e-01,0.000000000e+00,3.121651619e-02,2.507021e-16,1.029992e-17,1.358501e-18,1.652120e-03
1.130000,3.302964448e-02,1.192136712e-01,7.157412392e-02,5.957154492e-02,6.282411267e-03,1.050899615e+00,0.000000000e+00,3.126732885e-02,2.222681e-16,1.592264e-17,4.944723e-18,1.681004e-03
1.140000,3.277319342e-02,1.189218916e-01,7.358189201e-02,5.942591358e-02,6.837034506e-03,1.103505586e+00,0.000000000e+00,3.133262138e-02,3.544444e-16,5.318130e-17,6.048255e-18,1.656890e-03
1.150000,3.251701165e-02,1.186467118e-01,7.548852211e-02,5.928856631e-02,7.415464466e-03,1.153023990e+00,0.000000000e+00,3.141024415e-02,3.476217e-17,1.876516e-17,6.133174e-19,1.661971e-03
1.160000,3.226211967e-02,1.183871383e-01,7.728173138e-02,5.915900734e-02,8.015139377e-03,1.199556114e+00,0.000000000e+00,3.149847787e-02,1.211950e-16,3.135201e-17,1.318989e-18,1.678074e-03
1.170000,3.200948269e-02,1.181422484e-01,7.895454718e-02,5.903677640e-02,8.633680732e-03,1.243207533e+00,0.000000000e+00,3.159596155e-02,1.113775e-16,4.091337e-18,1.167721e-18,1.647909e-03
1.180000,3.176001184e-02,1.179111854e-01,8.050390266e-02,5.892144603e-02,9.268880421e-03,1.284085995e+00,0.000000000e+00,3.170163075e-02,2.514870e-16,1.090472e-17,7.818293e-19,1.686255e-03
1.190000,3.151456555e-02,1.176931533e-01,8.192958494e-02,5.881261903e-02,9.918688351e-03,1.322299963e+00,0.000000000e+00,3.181466473e-02,4.460804e-16,9.967587e-18,9.974660e-18,1.657741e-03
1.200000,3.127395097e-02,1.174874121e-01,8.323344815e-02,5.870992617e-02,1.058120090e-02,1.357957581e+00,0.000000000e+00,3.193444139e-02,4.591206e-16,7.059813e-18,4.342226e-18,1.659911e-03
1.210000,3.103892539e-02,1.172932737e-01,8.441882429e-02,5.861302415e-02,1.125465034e-02,1.391165936e+00,0.000000000e+00,3.206049898e-02,3.476217e-17,4.210280e-18,5.966068e-18,1.669072e-03
1.220000,3.081019777e-02,1.171100983e-01,8.549008143e-02,5.852159364e-02,1.193739523e-02,1.422030518e+00,0.000000000e+00,3.219250363e-02,3.544319e-16,1.390487e-17,2.776912e-18,1.658240e-03
1.230000,3.058843028e-02,1.169372903e-01,8.645229175e-02,5.843533752e-02,1.262791162e-02,1.450654828e+00,0.000000000e+00,3.233022196e-02,2.307121e-16,3.139397e-17,9.550830e-18,1.692445e-03
1.240000,3.037423979e-02,1.167742957e-01,8.731098169e-02,5.835397930e-02,1.332478509e-02,1.477140093e+00,0.000000000e+00,3.247349815e-02,3.388780e-16,2.303107e-17,3.035766e-18,1.651790e-03
1.250000,3.016819948e-02,1.166205987e-01,8.807194372e-02,5.827726160e-02,1.402670346e-02,1.501585054e+00,0.000000000e+00,3.262223467e-02,1.243719e-16,7.181970e-18,7.806256e-18,1.692985e-03
1.260000,2.997084035e-02,1.164757193e-01,8.874109465e-02,5.820494482e-02,1.473245003e-02,1.524085820e+00,0.000000000e+00,3.277637643e-02,4.460669e-16,1.493683e-17,1.454610e-18,1.647359e-03
1.270000,2.978265277e-02,1.163392102e-01,8.932436907e-02,5.813680588e-02,1.544089749e-02,1.544735755e+00,0.000000000e+00,3.293589756e-02,6.254785e-17,2.582132e-17,4.848700e-19,1.660901e-03
1.280000,2.960408803e-02,1.162106554e-01,8.982763955e-02,5.807263705e-02,1.615100212e-02,1.563625419e+00,0.000000000e+00,3.310079076e-02,5.661507e-16,1.396055e-17,4.814639e-18,1.665712e-03
1.290000,2.943555981e-02,1.160896671e-01,9.025665739e-02,5.801224490e-02,1.686179852e-02,1.580842513e+00,0.000000000e+00,3.327105856e-02,3.593066e-16,7.489632e-18,3.998340e-18,1.653770e-03
1.300000,2.927744571e-02,1.159758845e-01,9.061700899e-02,5.795544932e-02,1.757239468e-02,1.596471870e+00,0.000000000e+00,3.344670645e-02,5.586409e-16,1.648130e-17,4.385326e-18,1.684444e-03
1.310000,2.913008869e-02,1.158689716e-01,9.091408434e-02,5.790208264e-02,1.828196734e-02,1.610595446e+00,0.000000000e+00,3.362773740e-02,1.186805e-16,3.549036e-17,1.563659e-18,1.648460e-03
1.320000,2.899379851e-02,1.157686155e-01,9.115305483e-02,5.785198872e-02,1.898975770e-02,1.623292329e+00,0.000000000e+00,3.381414768e-02,3.332027e-16,1.649271e-17,6.942281e-18,1.643289e-03
1.330000,2.886885316e-02,1.156745252e-01,9.133885836e-02,5.780502226e-02,1.969506736e-02,1.634638768e+00,0.000000000e+00,3.400592374e-02,1.666966e-16,3.252607e-18,6.505213e-19,1.647609e-03
1.340000,2.875550022e-02,1.155864295e-01,9.147618991e-02,5.776104803e-02,2.039725452e-02,1.644708200e+00,0.000000000e+00,3.420303995e-02,2.498788e-16,1.390487e-17,9.697399e-19,1.652579e-03
1.350000,2.865395820e-02,1.155040765e-01,9.156949666e-02,5.771994021e-02,2.109573041e-02,1.653571292e+00,0.000000000e+00,3.440545707e-02,2.273216e-16,8.239937e-18,3.476217e-18,1.690175e-03
1.360000,2.856441786e-02,1.154272316e-01,9.162297629e-02,5.768158179e-02,2.178995598e-02,1.661295982e+00,0.000000000e+00,3.461312137e-02,6.697450e-16,1.342486e-17,6.133174e-19,1.649100e-03
1.370000,2.848704348e-02,1.153556770e-01,9.164057802e-02,5.764586401e-02,2.247943865e-02,1.667947534e+00,0.000000000e+00,3.482596416e-02,4.578243e-16,3.284614e-17,0.000000e+00,1.651480e-03
1.380000,2.842197414e-02,1.152892100e-01,9.162600569e-02,5.761268577e-02,2.316372942e-02,1.673588593e+00,0.000000000e+00,3.504390184e-02,7.776653e-16,1.761086e-17,1.748223e-18,1.650609e-03
1.390000,2.836932485e-02,1.152276427e-01,9.158272226e-02,5.758195319e-02,2.384242002e-02,1.678279235e+00,0.000000000e+00,3.526683611e-02,1.110773e-15,2.221530e-17,5.898698e-18,1.653000e-03
1.400000,2.832918782e-02,1.151708003e-01,9.151395568e-02,5.755357913e-02,2.451514026e-02,1.682077035e+00,0.000000000e+00,3.549465462e-02,4.446143e-16,9.967587e-18,6.992894e-18,1.684724e-03
1.410000,2.830163352e-02,1.151185209e-01,9.142270551e-02,5.752748276e-02,2.518155556e-02,1.685037125e+00,0.000000000e+00,3.572723164e-02,2.498484e-16,1.512919e-17,2.168404e-18,1.658600e-03
1.420000,2.828671183e-02,1.150706544e-01,9.131175034e-02,5.750358913e-02,2.584136456e-02,1.687212254e+00,0.000000000e+00,3.596442896e-02,8.888703e-16,2.797158e-17,1.788112e-18,1.675312e-03
1.430000,2.828445313e-02,1.150270618e-01,9.118365557e-02,5.748182886e-02,2.649429695e-02,1.688652861e+00,0.000000000e+00,3.620609688e-02,4.443214e-16,9.540979e-18,5.838607e-18,1.649609e-03
1.440000,2.829486928e-02,1.149876143e-01,9.104078166e-02,5.746213771e-02,2.714011132e-02,1.689407130e+00,0.000000000e+00,3.645207526e-02,3.417229e-16,6.938894e-18,1.388456e-18,1.653030e-03
1.450000,2.831795467e-02,1.149521929e-01,9.088529254e-02,5.744445629e-02,2.777859323e-02,1.689521060e+00,0.000000000e+00,3.670219460e-02,9.998030e-16,4.336809e-18,4.594766e-18,1.654760e-03
1.460000,2.835368719e-02,1.149206879e-01,9.071916416e-02,5.742872976e-02,2.840955334e-02,1.689038530e+00,0.000000000e+00,3.695627716e-02,1.110317e-15,1.179740e-17,2.168404e-18,1.654370e-03
1.470000,2.840202916e-02,1.148929977e-01,9.054419311e-02,5.741490753e-02,2.903282560e-02,1.688001363e+00,0.000000000e+00,3.721413800e-02,4.454568e-16,2.834893e-17,3.127317e-18,1.672333e-03
1.480000,2.846292826e-02,1.148690290e-01,9.036200528e-02,5.740294295e-02,2.964826570e-02,1.686449392e+00,0.000000000e+00,3.747558614e-02,1.187122e-16,1.761086e-17,2.611105e-18,1.662261e-03
1.490000,2.853631837e-02,1.148486958e-01,9.017406440e-02,5.739279311e-02,3.025574938e-02,1.684420523e+00,0.000000000e+00,3.774042552e-02,4.862064e-17,1.453963e-17,2.949349e-18,1.646289e-03
1.500000,2.862212044e-02,1.148319191e-01,8.998168058e-02,5.738441857e-02,3.085517108e-02,1.681950799e+00,0.000000000e+00,3.800845604e-02,5.594330e-16,1.748223e-17,4.422694e-18,1.648809e-03
1.510000,2.872024333e-02,1.148186263e-01,8.978601862e-02,5.737778312e-02,3.144644248e-02,1.679074463e+00,0.000000000e+00,3.827947449e-02,4.163562e-17,9.540979e-18,2.742839e-18,1.646649e-03
1.520000,2.883058453e-02,1.148087509e-01,8.958810627e-02,5.737285358e-02,3.202949122e-02,1.675824023e+00,0.000000000e+00,3.855327548e-02,2.492228e-16,2.145734e-17,4.422694e-18,1.668522e-03
1.530000,2.895303097e-02,1.148022322e-01,8.938884231e-02,5.736959958e-02,3.260425967e-02,1.672230309e+00,0.000000000e+00,3.882965221e-02,2.247806e-16,1.323970e-17,8.684453e-18,1.644449e-03
1.540000,2.908745971e-02,1.147990145e-01,8.918900433e-02,5.736799340e-02,3.317070379e-02,1.668322534e+00,0.000000000e+00,3.910839730e-02,3.469718e-17,6.992894e-18,3.469447e-18,1.646109e-03
1.550000,2.923373866e-02,1.147990472e-01,8.898925646e-02,5.736800972e-02,3.372879201e-02,1.664128357e+00,0.000000000e+00,3.938930349e-02,2.482549e-16,1.684112e-17,3.496447e-18,1.645298e-03
1.560000,2.939172720e-02,1.148022842e-01,8.879015678e-02,5.736962553e-02,3.427850426e-02,1.659673937e+00,0.000000000e+00,3.967216427e-02,4.484722e-16,8.940560e-18,8.046504e-18,1.643749e-03
1.570000,2.956127686e-02,1.148086834e-01,8.859216452e-02,5.737281986e-02,3.481983097e-02,1.654983993e+00,0.000000000e+00,3.995677451e-02,6.255987e-17,1.512919e-17,4.385326e-18,1.665452e-03
1.580000,2.974223189e-02,1.148182068e-01,8.839564699e-02,5.737757374e-02,3.535277218e-02,1.650081859e+00,0.000000000e+00,4.024293096e-02,4.858000e-17,9.511364e-18,1.226635e-18,1.648059e-03
1.590000,2.993442985e-02,1.148308200e-01,8.820088637e-02,5.738386994e-02,3.587733673e-02,1.644989537e+00,0.000000000e+00,4.053043274e-02,7.774353e-16,1.561251e-17,2.949349e-18,1.653830e-03
1.600000,3.013770216e-02,1.148464917e-01,8.800808608e-02,5.739169288e-02,3.639354143e-02,1.639727755e+00,0.000000000e+00,4.081908176e-02,2.225053e-16,1.323970e-17,1.939480e-18,1.648800e-03
1.610000,3.035187460e-02,1.148651938e-01,8.781737705e-02,5.740102849e-02,3.690141031e-02,1.634316013e+00,0.000000000e+00,4.110868310e-02,1.129645e-16,2.223223e-17,4.422694e-18,1.658501e-03
1.620000,3.057676782e-02,1.148869007e-01,8.762882360e-02,5.741186407e-02,3.740097399e-02,1.628772639e+00,0.000000000e+00,4.139904530e-02,7.269816e-18,4.336809e-18,2.742839e-18,1.677183e-03
1.630000,3.081219783e-02,1.149115896e-01,8.744242914e-02,5.742418815e-02,3.789226897e-02,1.623114837e+00,0.000000000e+00,4.168998067e-02,5.551251e-16,1.404617e-17,2.742839e-18,1.654771e-03
1.640000,3.105797638e-02,1.149392397e-01,8.725814158e-02,5.743799039e-02,3.837533703e-02,1.617358734e+00,0.000000000e+00,4.198130550e-02,1.389952e-16,8.673617e-18,2.045669e-18,1.658551e-03
1.650000,3.131391144e-02,1.149698324e-01,8.707585843e-02,5.745326145e-02,3.885022472e-02,1.611519432e+00,0.000000000e+00,4.227284025e-02,4.336809e-18,9.511364e-18,2.776912e-18,1.651140e-03
1.660000,3.157980756e-02,1.150033506e-01,8.689543172e-02,5.746999285e-02,3.931698275e-02,1.605611045e+00,0.000000000e+00,4.256440972e-02,3.593108e-16,1.872879e-17,7.809267e-18,1.655679e-03
1.670000,3.185546623e-02,1.150397790e-01,8.671667260e-02,5.748817694e-02,3.977566557e-02,1.599646752e+00,0.000000000e+00,4.285584314e-02,3.516999e-16,8.673617e-19,1.734723e-18,1.688984e-03
1.680000,3.214068627e-02,1.150791036e-01,8.653935568e-02,5.750780672e-02,4.022633088e-02,1.593638838e+00,0.000000000e+00,4.314697427e-02,3.337393e-16,2.367437e-17,1.852685e-18,1.654540e-03
1.690000,3.243526412e-02,1.151213115e-01,8.636322315e-02,5.752887574e-02,4.066903918e-02,1.587598731e+00,0.000000000e+00,4.343764149e-02,2.641626e-16,2.574472e-17,9.580324e-18,1.672321e-03
1.700000,3.273899416e-02,1.151663909e-01,8.618798864e-02,5.755137808e-02,4.110385343e-02,1.581537050e+00,0.000000000e+00,4.372768778e-02,4.441172e-16,1.390487e-17,1.301043e-18,1.647319e-03
1.710000,3.305166899e-02,1.152143305e-01,8.601334084e-02,5.757530816e-02,4.153083865e-02,1.575463637e+00,0.000000000e+00,4.401696076e-02,6.754717e-16,1.467483e-17,6.605630e-18,1.651639e-03
1.720000,3.337307971e-02,1.152651199e-01,8.583894686e-02,5.760066072e-02,4.195006159e-02,1.569387603e+00,0.000000000e+00,4.430531266e-02,8.882885e-16,1.430490e-17,7.809267e-18,1.672472e-03
1.730000,3.370301616e-02,1.153187489e-01,8.566445540e-02,5.762743069e-02,4.236159039e-02,1.563317356e+00,0.000000000e+00,4.459260033e-02,4.611121e-16,1.404617e-17,3.604055e-18,1.650530e-03
1.740000,3.404126717e-02,1.153752077e-01,8.548949970e-02,5.765561314e-02,4.276549435e-02,1.557260645e+00,0.000000000e+00,4.487868515e-02,5.572475e-16,3.079134e-17,2.045669e-18,1.675902e-03
1.750000,3.438762075e-02,1.154344864e-01,8.531370027e-02,5.768520317e-02,4.316184358e-02,1.551224588e+00,0.000000000e+00,4.516343298e-02,8.895057e-16,2.465887e-17,3.529907e-18,1.649399e-03
1.760000,3.474186433e-02,1.154965752e-01,8.513666738e-02,5.771619585e-02,4.355070886e-02,1.545215708e+00,0.000000000e+00,4.544671411e-02,1.163567e-16,2.180945e-17,2.335443e-18,1.642408e-03
1.770000,3.510378491e-02,1.155614641e-01,8.495800344e-02,5.774858614e-02,4.393216130e-02,1.539239964e+00,0.000000000e+00,4.572840316e-02,2.641885e-16,2.442513e-17,2.168404e-18,1.659910e-03
1.780000,3.547316925e-02,1.156291424e-01,8.477730512e-02,5.778236882e-02,4.430627223e-02,1.533302784e+00,0.000000000e+00,4.600837897e-02,3.514049e-16,5.074066e-17,8.101827e-18,1.649839e-03
1.790000,3.584980407e-02,1.156995994e-01,8.459416537e-02,5.781753841e-02,4.467311295e-02,1.527409090e+00,0.000000000e+00,4.628652456e-02,3.554713e-16,1.441622e-17,2.453269e-18,1.681464e-03
1.800000,3.623347613e-02,1.157728234e-01,8.440817518e-02,5.785408912e-02,4.503275460e-02,1.521563333e+00,0.000000000e+00,4.656272694e-02,2.491548e-16,1.474515e-17,1.734723e-18,1.652760e-03
1.810000,3.662397244e-02,1.158488020e-01,8.421892531e-02,5.789201477e-02,4.538526797e-02,1.515769514e+00,0.000000000e+00,4.683687707e-02,1.310039e-16,1.908689e-17,7.854295e-18,1.648719e-03
1.820000,3.702108033e-02,1.159275221e-01,8.402600775e-02,5.793130874e-02,4.573072339e-02,1.510031214e+00,0.000000000e+00,4.710886975e-02,4.443136e-16,3.522172e-17,5.421011e-18,1.651039e-03
1.830000,3.742458763e-02,1.160089693e-01,8.382901712e-02,5.797196391e-02,4.606919060e-02,1.504351618e+00,0.000000000e+00,4.737860343e-02,2.348293e-16,2.766055e-17,5.275955e-18,1.663171e-03
1.840000,3.783428271e-02,1.160931283e-01,8.362755194e-02,5.801397259e-02,4.640073860e-02,1.498733540e+00,0.000000000e+00,4.764598019e-02,4.603403e-16,3.549036e-17,1.055191e-17,1.707657e-03
1.850000,3.824995466e-02,1.161799825e-01,8.342121575e-02,5.805732649e-02,4.672543561e-02,1.493179447e+00,0.000000000e+00,4.791090555e-02,1.475796e-16,1.441622e-17,9.697399e-19,1.659400e-03
1.860000,3.867139332e-02,1.162695139e-01,8.320961813e-02,5.810201665e-02,4.704334892e-02,1.487691479e+00,0.000000000e+00,4.817328840e-02,3.517342e-16,1.040834e-17,5.364336e-18,1.678433e-03
1.870000,3.909838940e-02,1.163617033e-01,8.299237564e-02,5.814803339e-02,4.735454486e-02,1.482271472e+00,0.000000000e+00,4.843304086e-02,2.514586e-16,1.668967e-17,6.637585e-18,1.645888e-03
1.880000,3.953073457e-02,1.164565296e-01,8.276911267e-02,5.819536628e-02,4.765908872e-02,1.476920980e+00,0.000000000e+00,4.869007816e-02,6.690660e-16,1.902273e-17,2.611105e-18,1.648039e-03
1.890000,3.996822149e-02,1.165539705e-01,8.253946210e-02,5.824400409e-02,4.795704468e-02,1.471641289e+00,0.000000000e+00,4.894431858e-02,8.888698e-16,1.430490e-17,3.686287e-18,1.688054e-03
1.900000,4.041064392e-02,1.166540018e-01,8.230306608e-02,5.829393474e-02,4.824847575e-02,1.466433443e+00,0.000000000e+00,4.919568326e-02,2.371695e-16,2.255557e-17,3.705371e-18,1.660241e-03
1.910000,4.085779678e-02,1.167565975e-01,8.205957654e-02,5.834514528e-02,4.853344377e-02,1.461298256e+00,0.000000000e+00,4.944409618e-02,2.289309e-16,2.194271e-17,8.890458e-18,1.687324e-03
1.920000,4.130947617e-02,1.168617299e-01,8.180865572e-02,5.839762183e-02,4.881200933e-02,1.456236332e+00,0.000000000e+00,4.968948400e-02,1.112849e-15,5.204170e-18,1.563659e-18,1.659300e-03
1.930000,4.176547948e-02,1.169693692e-01,8.154997668e-02,5.845134957e-02,4.908423180e-02,1.451248082e+00,0.000000000e+00,4.993177597e-02,2.224783e-16,2.574472e-17,8.676327e-18,1.659831e-03
1.940000,4.222560539e-02,1.170794839e-01,8.128322369e-02,5.850631270e-02,4.935016923e-02,1.446333736e+00,0.000000000e+00,5.017090386e-02,2.543933e-16,4.866703e-17,8.741117e-18,1.663541e-03
1.950000,4.268965393e-02,1.171920403e-01,8.100809254e-02,5.856249440e-02,4.960987843e-02,1.441493360e+00,0.000000000e+00,5.040680184e-02,5.555024e-16,2.347091e-17,1.226635e-18,1.657130e-03
1.960000,4.315742653e-02,1.173070027e-01,8.072429094e-02,5.861987685e-02,4.986341489e-02,1.436726872e+00,0.000000000e+00,5.063940643e-02,3.555337e-16,2.903072e-17,4.610091e-18,1.696446e-03
1.970000,4.362872605e-02,1.174243333e-01,8.043153874e-02,5.867844115e-02,5.011083281e-02,1.432034050e+00,0.000000000e+00,5.086865638e-02,3.403641e-16,6.992894e-18,4.336809e-18,1.662041e-03
1.980000,4.410335683e-02,1.175439920e-01,8.012956818e-02,5.873816733e-02,5.035218510e-02,1.427414552e+00,0.000000000e+00,5.109449261e-02,2.231279e-16,1.387779e-17,1.135051e-17,1.692454e-03
1.990000,4.458112469e-02,1.176659368e-01,7.981812409e-02,5.879903433e-02,5.058752338e-02,1.422867921e+00,0.000000000e+00,5.131685814e-02,1.521843e-16,2.083474e-17,6.992894e-18,1.660001e-03
2.000000,4.506183698e-02,1.177901232e-01,7.949696411e-02,5.886101999e-02,5.081689800e-02,1.418393599e+00,0.000000000e+00,5.153569802e-02,4.443068e-16,1.951564e-17,9.660965e-18,1.658561e-03
2.010000,4.554530261e-02,1.179165046e-01,7.916585879e-02,5.892410103e-02,5.104035806e-02,1.413990942e+00,0.000000000e+00,5.175095926e-02,3.357407e-16,1.551584e-17,6.106282e-18,1.672792e-03
2.020000,4.603133206e-02,1.180450322e-01,7.882459176e-02,5.898825304e-02,5.125795142e-02,1.409659224e+00,0.000000000e+00,5.196259078e-02,2.224796e-16,3.163493e-17,7.881188e-18,1.657940e-03
2.030000,4.651973743e-02,1.181756548e-01,7.847295983e-02,5.905345049e-02,5.146972472e-02,1.405397648e+00,0.000000000e+00,5.217054333e-02,5.703416e-16,2.602085e-18,1.788112e-18,1.708137e-03
2.040000,4.701033242e-02,1.183083190e-01,7.811077307e-02,5.911966670e-02,5.167572340e-02,1.401205361e+00,0.000000000e+00,5.237476947e-02,2.289901e-16,7.269816e-18,2.045669e-18,1.670521e-03
2.050000,4.750293238e-02,1.184429691e-01,7.773785496e-02,5.918687386e-02,5.187599176e-02,1.397081454e+00,0.000000000e+00,5.257522352e-02,7.802482e-16,7.059813e-18,1.568612e-17,1.699945e-03
2.060000,4.799735433e-02,1.185795472e-01,7.735404236e-02,5.925504303e-02,5.207057295e-02,1.393024977e+00,0.000000000e+00,5.277186147e-02,6.804540e-16,2.949030e-17,3.309926e-18,1.661191e-03
2.070000,4.849341693e-02,1.187179929e-01,7.695918569e-02,5.932414412e-02,5.225950905e-02,1.389034944e+00,0.000000000e+00,5.296464102e-02,2.226131e-16,9.107298e-18,5.691803e-18,1.666491e-03
2.080000,4.899094057e-02,1.188582438e-01,7.655314888e-02,5.939414593e-02,5.244284103e-02,1.385110339e+00,0.000000000e+00,5.315352147e-02,1.144556e-16,3.609726e-17,2.135631e-18,1.670721e-03
2.090000,4.948974732e-02,1.190002352e-01,7.613580948e-02,5.946501613e-02,5.262060889e-02,1.381250127e+00,0.000000000e+00,5.333846372e-02,6.713229e-16,7.757919e-18,3.786955e-18,1.726829e-03
2.100000,4.998966096e-02,1.191439001e-01,7.570705871e-02,5.953672129e-02,5.279285159e-02,1.377453255e+00,0.000000000e+00,5.351943026e-02,2.259290e-16,2.154482e-17,1.748223e-18,1.716068e-03
2.110000,5.049050702e-02,1.192891693e-01,7.526680147e-02,5.960922690e-02,5.295960718e-02,1.373718663e+00,0.000000000e+00,5.369638509e-02,6.766422e-16,1.040834e-17,4.342226e-18,1.648999e-03
2.120000,5.099211276e-02,1.194359716e-01,7.481495639e-02,5.968249735e-02,5.312091278e-02,1.370045288e+00,0.000000000e+00,5.386929377e-02,3.433274e-16,2.943923e-17,7.461328e-18,1.701606e-03
2.130000,5.149430718e-02,1.195842335e-01,7.435145590e-02,5.975649599e-02,5.327680466e-02,1.366432067e+00,0.000000000e+00,5.403812332e-02,3.578916e-16,2.574472e-17,1.939480e-18,1.656880e-03
2.140000,5.199692105e-02,1.197338795e-01,7.387624625e-02,5.983118512e-02,5.342731826e-02,1.362877943e+00,0.000000000e+00,5.420284228e-02,1.573252e-17,1.482148e-17,8.995612e-18,1.651809e-03
2.150000,5.249978690e-02,1.198848321e-01,7.338928756e-02,5.990652604e-02,5.357248824e-02,1.359381874e+00,0.000000000e+00,5.436342063e-02,1.185846e-16,1.844036e-17,7.818293e-18,1.656000e-03
2.160000,5.300273904e-02,1.200370117e-01,7.289055386e-02,5.998247903e-02,5.371234853e-02,1.355942831e+00,0.000000000e+00,5.451982982e-02,2.095572e-16,1.040834e-17,1.852685e-18,1.655660e-03
2.170000,5.350561357e-02,1.201903370e-01,7.238003318e-02,6.005900344e-02,5.384693238e-02,1.352559804e+00,0.000000000e+00,5.467204277e-02,7.894807e-16,5.594315e-17,4.594766e-18,1.716248e-03
2.180000,5.400824839e-02,1.203447245e-01,7.185772757e-02,6.013605766e-02,5.397627238e-02,1.349231807e+00,0.000000000e+00,5.482003379e-02,3.522685e-16,7.410742e-18,2.305045e-18,1.656420e-03
2.190000,5.451048317e-02,1.205000891e-01,7.132365319e-02,6.021359920e-02,5.410040052e-02,1.345957880e+00,0.000000000e+00,5.496377868e-02,4.710277e-16,1.949153e-17,9.580324e-18,1.721289e-03
2.200000,5.501215942e-02,1.206563439e-01,7.077784040e-02,6.029158468e-02,5.421934827e-02,1.342737093e+00,0.000000000e+00,5.510325462e-02,2.667021e-16,7.757919e-18,3.634908e-18,1.652869e-03
2.210000,5.551312046e-02,1.208134004e-01,7.022033381e-02,6.036996988e-02,5.433314655e-02,1.339568549e+00,0.000000000e+00,5.523844026e-02,2.577743e-16,1.179740e-17,3.576224e-18,1.648359e-03
2.220000,5.601321143e-02,1.209711684e-01,6.965119240e-02,6.044870980e-02,5.444182585e-02,1.336451382e+00,0.000000000e+00,5.536931565e-02,1.186004e-16,2.255141e-17,7.410742e-18,1.653059e-03
2.230000,5.651227929e-02,1.211295561e-01,6.907048963e-02,6.052775866e-02,5.454541624e-02,1.333384768e+00,0.000000000e+00,5.549586228e-02,5.688306e-16,3.142915e-17,5.062191e-18,1.653020e-03
2.240000,5.701017285e-02,1.212884705e-01,6.847831357e-02,6.060706995e-02,5.464394742e-02,1.330367916e+00,0.000000000e+00,5.561806305e-02,4.443170e-16,1.636535e-17,2.335443e-18,1.721869e-03
2.250000,5.750674275e-02,1.214478169e-01,6.787476700e-02,6.068659650e-02,5.473744876e-02,1.327400082e+00,0.000000000e+00,5.573590233e-02,9.745379e-17,2.602085e-18,2.135631e-18,1.656280e-03
2.260000,5.800184150e-02,1.216074996e-01,6.725996758e-02,6.076629048e-02,5.482594936e-02,1.324480558e+00,0.000000000e+00,5.584936588e-02,4.494842e-16,1.398579e-17,2.602085e-18,1.716268e-03
2.270000,5.849532346e-02,1.217674215e-01,6.663404805e-02,6.084610348e-02,5.490947808e-02,1.321608684e+00,0.000000000e+00,5.595844092e-02,1.667231e-16,1.453963e-17,4.512157e-18,1.656160e-03
2.280000,5.898704484e-02,1.219274845e-01,6.599715637e-02,6.092598652e-02,5.498806361e-02,1.318783841e+00,0.000000000e+00,5.606311610e-02,2.260339e-16,2.501854e-17,4.755682e-18,1.656720e-03
2.290000,5.947686373e-02,1.220875895e-01,6.534945594e-02,6.100589011e-02,5.506173446e-02,1.316005457e+00,0.000000000e+00,5.616338154e-02,2.498198e-16,7.410742e-18,6.952433e-18,1.650119e-03
2.300000,5.996464011e-02,1.222476364e-01,6.469112586e-02,6.108576433e-02,5.513051908e-02,1.313273006e+00,0.000000000e+00,5.625922879e-02,5.551610e-16,1.390487e-17,4.385326e-18,1.652059e-03
2.310000,6.045023583e-02,1.224075244e-01,6.402236114e-02,6.116555882e-02,5.519444583e-02,1.310586008e+00,0.000000000e+00,5.635065086e-02,1.186131e-16,1.398579e-17,6.887884e-18,1.710337e-03
2.320000,6.093351463e-02,1.225671518e-01,6.334337302e-02,6.124522287e-02,5.525354307e-02,1.307944029e+00,0.000000000e+00,5.643764222e-02,5.703924e-16,1.684112e-17,2.335443e-18,1.651999e-03
2.330000,6.141434216e-02,1.227264163e-01,6.265438924e-02,6.132470545e-02,5.530783916e-02,1.305346682e+00,0.000000000e+00,5.652019881e-02,4.652812e-16,2.883244e-17,8.727659e-18,1.648578e-03
2.340000,6.189258596e-02,1.228852152e-01,6.195565442e-02,6.140395527e-02,5.535736257e-02,1.302793626e+00,0.000000000e+00,5.659831806e-02,5.688710e-16,3.469447e-17,2.045669e-18,1.653389e-03
2.350000,6.236811552e-02,1.230434453e-01,6.124743041e-02,6.148292082e-02,5.540214182e-02,1.300284568e+00,0.000000000e+00,5.667199884e-02,4.613354e-16,1.474515e-17,4.342226e-18,1.652919e-03
2.360000,6.284080220e-02,1.232010030e-01,6.052999671e-02,6.156155045e-02,5.544220563e-02,1.297819258e+00,0.000000000e+00,5.674124153e-02,2.487681e-16,8.182674e-18,8.101827e-18,1.656970e-03
2.370000,6.331051933e-02,1.233577846e-01,5.980365091e-02,6.163979239e-02,5.547758287e-02,1.295397494e+00,0.000000000e+00,5.680604798e-02,1.570212e-16,2.647940e-17,4.210280e-18,1.651648e-03
2.380000,6.377714216e-02,1.235136863e-01,5.906870920e-02,6.171759480e-02,5.550830262e-02,1.293019117e+00,0.000000000e+00,5.686642154e-02,4.475486e-16,1.788112e-17,1.788112e-18,1.715918e-03
2.390000,6.424054788e-02,1.236686040e-01,5.832550689e-02,6.179490584e-02,5.553439426e-02,1.290684011e+00,0.000000000e+00,5.692236705e-02,4.596624e-16,2.574472e-17,3.469447e-18,1.651939e-03
2.400000,6.470061564e-02,1.238224342e-01,5.757439904e-02,6.187167374e-02,5.555588742e-02,1.288392104e+00,0.000000000e+00,5.697389082e-02,2.259223e-16,1.474515e-17,2.818926e-18,1.652339e-03
2.410000,6.515722655e-02,1.239750731e-01,5.681576106e-02,6.194784682e-02,5.557281208e-02,1.286143363e+00,0.000000000e+00,5.702100069e-02,6.674336e-16,3.840954e-17,7.152448e-18,1.640147e-03
2.420000,6.561026369e-02,1.241264176e-01,5.604998945e-02,6.202337353e-02,5.558519857e-02,1.283937797e+00,0.000000000e+00,5.706370597e-02,4.460938e-16,1.323970e-17,8.940560e-19,1.641928e-03
2.430000,6.605961211e-02,1.242763647e-01,5.527750254e-02,6.209820256e-02,5.559307764e-02,1.281775451e+00,0.000000000e+00,5.710201748e-02,6.697740e-16,2.097868e-17,1.301043e-18,1.711827e-03
2.440000,6.650515886e-02,1.244248121e-01,5.449874137e-02,6.217228284e-02,5.559648044e-02,1.279656410e+00,0.000000000e+00,5.713594753e-02,1.120692e-15,2.110382e-17,3.387156e-18,1.640258e-03
2.450000,6.694679295e-02,1.245716581e-01,5.371417055e-02,6.224556362e-02,5.559543859e-02,1.277580792e+00,0.000000000e+00,5.716550992e-02,2.226131e-16,3.265015e-17,9.948700e-18,1.639007e-03
2.460000,6.738440544e-02,1.247168016e-01,5.292427929e-02,6.231799451e-02,5.558998419e-02,1.275548747e+00,0.000000000e+00,5.719071993e-02,2.289966e-16,9.220182e-18,2.168404e-18,1.649049e-03
2.470000,6.781788937e-02,1.248601426e-01,5.212958248e-02,6.238952553e-02,5.558014988e-02,1.273560460e+00,0.000000000e+00,5.721159434e-02,2.259423e-16,1.734723e-18,7.573911e-18,1.642548e-03
2.480000,6.824713980e-02,1.250015818e-01,5.133062179e-02,6.246010719e-02,5.556596881e-02,1.271616141e+00,0.000000000e+00,5.722815141e-02,2.238012e-16,2.289901e-17,6.774312e-18,1.712537e-03
2.490000,6.867205384e-02,1.251410209e-01,5.052796700e-02,6.252969048e-02,5.554747474e-02,1.269716032e+00,0.000000000e+00,5.724041086e-02,2.867546e-17,1.214306e-17,1.063182e-17,1.648148e-03
2.500000,6.909253061e-02,1.252783630e-01,4.972221734e-02,6.259822699e-02,5.552470201e-02,1.267860395e+00,0.000000000e+00,5.724839389e-02,4.460905e-16,2.943923e-17,1.734723e-18,1.705196e-03
2.510000,6.950847130e-02,1.254135122e-01,4.891400292e-02,6.266566892e-02,5.549768557e-02,1.266049518e+00,0.000000000e+00,5.725212316e-02,1.112829e-16,1.323970e-17,6.071532e-18,1.641757e-03
2.520000,6.991977915e-02,1.255463740e-01,4.810398631e-02,6.273196911e-02,5.546646105e-02,1.264283709e+00,0.000000000e+00,5.725162275e-02,4.580335e-16,6.938894e-18,9.629278e-18,1.625175e-03
2.530000,7.032635946e-02,1.256768553e-01,4.729286425e-02,6.279708116e-02,5.543106474e-02,1.262563292e+00,0.000000000e+00,5.724691822e-02,1.187874e-16,1.647987e-17,3.127317e-18,1.694075e-03
2.540000,7.072811960e-02,1.258048647e-01,4.648136937e-02,6.286095939e-02,5.539153360e-02,1.260888609e+00,0.000000000e+00,5.723803653e-02,4.443619e-16,2.359479e-17,2.742839e-18,1.630656e-03
2.550000,7.112496904e-02,1.259303122e-01,4.567027214e-02,6.292355895e-02,5.534790533e-02,1.259260013e+00,0.000000000e+00,5.722500605e-02,3.578832e-16,2.221530e-17,1.939480e-18,1.691134e-03
2.560000,7.151681932e-02,1.260531096e-01,4.486038286e-02,6.298483584e-02,5.530021837e-02,1.257677868e+00,0.000000000e+00,5.720785655e-02,1.185782e-16,2.112164e-17,3.705371e-18,1.631086e-03
2.570000,7.190358410e-02,1.261731704e-01,4.405255370e-02,6.304474696e-02,5.524851187e-02,1.256142545e+00,0.000000000e+00,5.718661921e-02,2.259173e-16,3.987035e-17,8.770653e-18,1.629186e-03
2.580000,7.228517914e-02,1.262904102e-01,4.324768096e-02,6.310325015e-02,5.519282579e-02,1.254654421e+00,0.000000000e+00,5.716132654e-02,3.557262e-16,5.869931e-17,1.385744e-17,1.701566e-03
2.590000,7.266152232e-02,1.264047464e-01,4.244670723e-02,6.316030422e-02,5.513320087e-02,1.253213875e+00,0.000000000e+00,5.713201242e-02,1.122752e-15,2.454802e-17,3.496447e-18,1.625956e-03
2.600000,7.303253365e-02,1.265160986e-01,4.165062376e-02,6.321586903e-02,5.506967864e-02,1.251821285e+00,0.000000000e+00,5.709871206e-02,2.238953e-16,3.122502e-17,2.742839e-18,1.627785e-03
2.610000,7.339813529e-02,1.266243883e-01,4.086047265e-02,6.326990549e-02,5.500230145e-02,1.250477027e+00,0.000000000e+00,5.706146196e-02,1.625927e-16,2.081668e-17,4.336809e-19,1.627086e-03
2.620000,7.375825151e-02,1.267295394e-01,4.007734919e-02,6.332237561e-02,5.493111248e-02,1.249181469e+00,0.000000000e+00,5.702029993e-02,1.144556e-16,1.962616e-17,4.271261e-18,1.622695e-03
2.630000,7.411280878e-02,1.268314780e-01,3.930240396e-02,6.337324256e-02,5.485615575e-02,1.247934974e+00,0.000000000e+00,5.697526505e-02,1.570332e-16,2.110382e-17,0.000000e+00,1.688594e-03
2.640000,7.446173571e-02,1.269301327e-01,3.853684483e-02,6.342247066e-02,5.477747614e-02,1.246737890e+00,0.000000000e+00,5.692639762e-02,1.113342e-15,2.780973e-17,4.336809e-18,1.630486e-03
2.650000,7.480496307e-02,1.270254343e-01,3.778193869e-02,6.347002548e-02,5.469511938e-02,1.245590553e+00,0.000000000e+00,5.687373919e-02,3.554490e-16,3.959580e-17,1.215081e-17,1.632257e-03
2.660000,7.514242383e-02,1.271173163e-01,3.703901278e-02,6.351587379e-02,5.460913208e-02,1.244493284e+00,0.000000000e+00,5.681733248e-02,4.579711e-16,4.046036e-17,3.496447e-18,1.624936e-03
2.670000,7.547405314e-02,1.272057147e-01,3.630945558e-02,6.355998368e-02,5.451956173e-02,1.243446381e+00,0.000000000e+00,5.675722138e-02,6.662795e-16,1.844036e-17,5.204170e-18,1.628786e-03
2.680000,7.579978835e-02,1.272905681e-01,3.559471696e-02,6.360232453e-02,5.442645671e-02,1.242450124e+00,0.000000000e+00,5.669345095e-02,6.674770e-16,2.860979e-17,3.127317e-18,1.704806e-03
2.690000,7.611956900e-02,1.273718178e-01,3.489630758e-02,6.364286706e-02,5.432986628e-02,1.241504768e+00,0.000000000e+00,5.662606732e-02,2.293020e-16,2.409955e-17,4.336809e-19,1.642157e-03
2.700000,7.643333688e-02,1.274494078e-01,3.421579712e-02,6.368158336e-02,5.422984059e-02,1.240610539e+00,0.000000000e+00,5.655511775e-02,5.613680e-16,2.797158e-17,9.889445e-18,1.634557e-03
2.710000,7.674103595e-02,1.275232849e-01,3.355481139e-02,6.371844691e-02,5.412643072e-02,1.239767636e+00,0.000000000e+00,5.648065051e-02,5.553310e-16,3.486751e-17,2.637978e-18,1.633967e-03
2.720000,7.704261243e-02,1.275933988e-01,3.291502774e-02,6.375343259e-02,5.401968862e-02,1.238976228e+00,0.000000000e+00,5.640271493e-02,2.498032e-16,7.757919e-18,4.610091e-18,1.632986e-03
2.730000,7.733801476e-02,1.276597021e-01,3.229816879e-02,6.378651676e-02,5.390966716e-02,1.238236448e+00,0.000000000e+00,5.632136132e-02,5.566706e-16,3.925231e-17,5.222209e-18,1.707606e-03
2.740000,7.762719363e-02,1.277221502e-01,3.170599410e-02,6.381767721e-02,5.379642010e-02,1.237548394e+00,0.000000000e+00,5.623664095e-02,1.185750e-16,1.398579e-17,8.673617e-19,1.632607e-03
2.750000,7.791010197e-02,1.277807016e-01,3.114028943e-02,6.384689320e-02,5.368000213e-02,1.236912127e+00,0.000000000e+00,5.614860602e-02,6.697386e-16,1.398579e-17,2.909220e-18,1.629116e-03
2.760000,7.818669496e-02,1.278353178e-01,3.060285363e-02,6.387414554e-02,5.356046881e-02,1.236327669e+00,0.000000000e+00,5.605730962e-02,1.777309e-16,1.214306e-17,8.673617e-19,1.691604e-03
2.770000,7.845693005e-02,1.278859632e-01,3.009548281e-02,6.389941650e-02,5.343787660e-02,1.235795000e+00,0.000000000e+00,5.596280573e-02,8.330737e-17,1.636535e-17,1.734723e-18,1.629226e-03
2.780000,7.872076696e-02,1.279326054e-01,2.961995172e-02,6.392268992e-02,5.331228288e-02,1.235314055e+00,0.000000000e+00,5.586514911e-02,2.220514e-16,1.734723e-17,6.992894e-18,1.628756e-03
2.790000,7.897816766e-02,1.279752150e-01,2.917799262e-02,6.394395117e-02,5.318374589e-02,1.234884728e+00,0.000000000e+00,5.576439537e-02,6.754654e-16,1.844036e-17,4.422694e-18,1.625636e-03
2.800000,7.922909640e-02,1.280137659e-01,2.877127161e-02,6.396318716e-02,5.305232475e-02,1.234506864e+00,0.000000000e+00,5.566060082e-02,4.443102e-16,1.734723e-17,4.358439e-18,1.630256e-03
2.810000,7.947351973e-02,1.280482350e-01,2.840136300e-02,6.398038640e-02,5.291807948e-02,1.234180263e+00,0.000000000e+00,5.555382255e-02,2.486486e-16,1.551584e-17,2.637978e-18,1.694484e-03
2.820000,7.971140648e-02,1.280786024e-01,2.806972228e-02,6.399553895e-02,5.278107093e-02,1.233904673e+00,0.000000000e+00,5.544411829e-02,6.758947e-16,1.482148e-17,1.411963e-17,1.628086e-03
2.830000,7.994272775e-02,1.281048512e-01,2.777765840e-02,6.400863646e-02,5.264136083e-02,1.233679796e+00,0.000000000e+00,5.533154644e-02,7.782715e-16,2.823925e-17,5.076104e-18,1.628196e-03
2.840000,8.016745694e-02,1.281269679e-01,2.752630647e-02,6.401967215e-02,5.249901176e-02,1.233505281e+00,0.000000000e+00,5.521616604e-02,1.671557e-16,1.636535e-17,6.209365e-18,1.629166e-03
2.850000,8.038556977e-02,1.281449422e-01,2.731660193e-02,6.402864085e-02,5.235408710e-02,1.233380727e+00,0.000000000e+00,5.509803665e-02,5.661115e-16,2.501854e-17,9.697399e-19,1.631196e-03
2.860000,8.059704424e-02,1.281587668e-01,2.714925734e-02,6.403553898e-02,5.220665107e-02,1.233305680e+00,0.000000000e+00,5.497721843e-02,2.006532e-16,1.430490e-17,4.422694e-18,1.696534e-03
2.870000,8.080186064e-02,1.281684378e-01,2.702474303e-02,6.404036452e-02,5.205676871e-02,1.233279635e+00,0.000000000e+00,5.485377201e-02,6.944313e-17,2.221530e-17,1.734723e-18,1.626806e-03
2.880000,8.100000158e-02,1.281739542e-01,2.694327259e-02,6.404311706e-02,5.190450581e-02,1.233302033e+00,0.000000000e+00,5.472775850e-02,2.237945e-16,1.844036e-17,8.684453e-18,1.636407e-03
2.890000,8.119145198e-02,1.281753184e-01,2.690479406e-02,6.404379779e-02,5.174992898e-02,1.233372262e+00,0.000000000e+00,5.459923945e-02,4.443068e-16,1.636535e-17,4.358439e-18,1.639907e-03
2.900000,8.137619906e-02,1.281725360e-01,2.690898743e-02,6.404240944e-02,5.159310555e-02,1.233489658e+00,0.000000000e+00,5.446827678e-02,8.899136e-16,1.398579e-17,7.721468e-18,1.636317e-03
2.910000,8.155423235e-02,1.281656156e-01,2.695526853e-02,6.403895633e-02,5.143410362e-02,1.233653503e+00,0.000000000e+00,5.433493279e-02,5.661056e-16,6.938894e-18,4.670886e-18,1.702545e-03
2.920000,8.172554369e-02,1.281545690e-01,2.704279924e-02,6.403344436e-02,5.127299196e-02,1.233863027e+00,0.000000000e+00,5.419927010e-02,1.193875e-16,2.797158e-17,6.087001e-18,1.634196e-03
2.930000,8.189012721e-02,1.281394111e-01,2.717050348e-02,6.402588094e-02,5.110984010e-02,1.234117408e+00,0.000000000e+00,5.406135161e-02,7.949246e-16,1.387779e-17,1.144950e-17,1.636747e-03
2.940000,8.204797938e-02,1.281201598e-01,2.733708801e-02,6.401627506e-02,5.094471820e-02,1.234415773e+00,0.000000000e+00,5.392124048e-02,2.237861e-16,1.734723e-18,1.788112e-18,1.638687e-03
2.950000,8.219909896e-02,1.280968363e-01,2.754106719e-02,6.400463722e-02,5.077769709e-02,1.234757196e+00,0.000000000e+00,5.377900005e-02,1.430490e-17,4.220764e-17,0.000000e+00,1.631036e-03
2.960000,8.234348701e-02,1.280694646e-01,2.778079030e-02,6.399097942e-02,5.060884824e-02,1.235140704e+00,0.000000000e+00,5.363469389e-02,1.249603e-16,4.220764e-17,1.301043e-18,1.696944e-03
2.970000,8.248114690e-02,1.280380718e-01,2.805447041e-02,6.397531517e-02,5.043824370e-02,1.235565271e+00,0.000000000e+00,5.348838568e-02,1.309372e-16,3.576224e-17,3.705371e-18,1.625385e-03
2.980000,8.261208430e-02,1.280026878e-01,2.836021341e-02,6.395765945e-02,5.026595612e-02,1.236029826e+00,0.000000000e+00,5.334013922e-02,5.635489e-16,1.636535e-17,1.011509e-17,1.630826e-03
2.990000,8.273630718e-02,1.279633458e-01,2.869604638e-02,6.393802867e-02,5.009205870e-02,1.236533252e+00,0.000000000e+00,5.319001839e-02,2.326616e-16,2.823925e-17,2.453269e-18,1.694304e-03
3.000000,8.285382580e-02,1.279200814e-01,2.905994437e-02,6.391644072e-02,4.991662517e-02,1.237074382e+00,0.000000000e+00,5.303808709e-02,5.594349e-16,3.103168e-17,3.878960e-18,1.630946e-03
3.010000,8.296465270e-02,1.278729333e-01,2.944985496e-02,6.389291486e-02,4.973972973e-02,1.237652011e+00,0.000000000e+00,5.288440925e-02,4.172362e-17,2.428613e-17,6.952433e-18,1.637847e-03
3.020000,8.306880274e-02,1.278219429e-01,2.986372014e-02,6.386747175e-02,4.956144708e-02,1.238264887e+00,0.000000000e+00,5.272904877e-02,1.110392e-16,1.387779e-17,7.059813e-18,1.632326e-03
3.030000,8.316629302e-02,1.277671544e-01,3.029949540e-02,6.384013340e-02,4.938185233e-02,1.238911720e+00,0.000000000e+00,5.257206949e-02,5.554502e-17,1.387779e-17,3.127317e-18,1.632806e-03
3.040000,8.325714293e-02,1.277086146e-01,3.075516579e-02,6.381092316e-02,4.920102101e-02,1.239591180e+00,0.000000000e+00,5.241353518e-02,2.237793e-16,1.387779e-17,6.952433e-18,1.695614e-03
3.050000,8.334137413e-02,1.276463728e-01,3.122875917e-02,6.377986567e-02,4.901902902e-02,1.240301901e+00,0.000000000e+00,5.225350947e-02,2.237810e-16,3.029564e-17,8.182674e-18,1.628816e-03
3.060000,8.341901054e-02,1.275804811e-01,3.171835673e-02,6.374698685e-02,4.883595257e-02,1.241042481e+00,0.000000000e+00,5.209205585e-02,3.510919e-16,7.196489e-17,5.637851e-18,1.627986e-03
3.070000,8.349007832e-02,1.275109938e-01,3.222210105e-02,6.371231385e-02,4.865186822e-02,1.241811486e+00,0.000000000e+00,5.192923763e-02,1.892757e-16,2.797158e-17,3.576224e-18,1.630445e-03
3.080000,8.355460590e-02,1.274379679e-01,3.273820195e-02,6.367587502e-02,4.846685275e-02,1.242607453e+00,0.000000000e+00,5.176511793e-02,3.535518e-16,2.860979e-17,4.906539e-18,1.629496e-03
3.090000,8.361262393e-02,1.273614625e-01,3.326494044e-02,6.363769989e-02,4.828098319e-02,1.243428886e+00,0.000000000e+00,5.159975962e-02,2.326665e-16,2.428613e-17,8.673617e-19,1.708856e-03
3.100000,8.366416527e-02,1.272815390e-01,3.380067108e-02,6.359781913e-02,4.809433678e-02,1.244274268e+00,0.000000000e+00,5.143322531e-02,2.498077e-16,2.797158e-17,5.275955e-18,1.650379e-03
3.110000,8.370926503e-02,1.271982613e-01,3.434382295e-02,6.355626448e-02,4.790699088e-02,1.245142055e+00,0.000000000e+00,5.126557733e-02,9.995876e-16,4.654752e-17,7.359808e-18,1.637777e-03
3.120000,8.374796050e-02,1.271116949e-01,3.489289956e-02,6.351306877e-02,4.771902299e-02,1.246030683e+00,0.000000000e+00,5.109687770e-02,2.259157e-16,1.398579e-17,8.673617e-19,1.636307e-03
3.130000,8.378029116e-02,1.270219079e-01,3.544647793e-02,6.346826583e-02,4.753051069e-02,1.246938570e+00,0.000000000e+00,5.092718811e-02,6.753312e-16,2.428613e-17,7.410742e-18,1.630906e-03
3.140000,8.380629870e-02,1.269289699e-01,3.600320695e-02,6.342189047e-02,4.734153156e-02,1.247864115e+00,0.000000000e+00,5.075656987e-02,8.968168e-16,1.387779e-17,3.878960e-18,1.692464e-03
3.150000,8.382602695e-02,1.268329527e-01,3.656180531e-02,6.337397844e-02,4.715216322e-02,1.248805706e+00,0.000000000e+00,5.058508392e-02,2.776912e-17,4.049753e-17,2.453269e-18,1.631136e-03
3.160000,8.383952191e-02,1.267339297e-01,3.712105898e-02,6.332456638e-02,4.696248322e-02,1.249761718e+00,0.000000000e+00,5.041279081e-02,3.356679e-16,2.860979e-17,1.289426e-17,1.633016e-03
3.170000,8.384683172e-02,1.266319761e-01,3.767981861e-02,6.327369179e-02,4.677256900e-02,1.250730519e+00,0.000000000e+00,5.023975064e-02,6.661361e-16,1.387779e-17,1.939480e-18,1.633596e-03
3.180000,8.384800664e-02,1.265271686e-01,3.823699664e-02,6.322139297e-02,4.658249791e-02,1.251710469e+00,0.000000000e+00,5.006602308e-02,1.144523e-16,1.844036e-17,2.453269e-18,1.632306e-03
3.190000,8.384309905e-02,1.264195856e-01,3.879156446e-02,6.316770899e-02,4.639234708e-02,1.252699927e+00,0.000000000e+00,4.989166735e-02,1.241267e-16,1.430490e-17,1.734723e-18,1.693034e-03
3.200000,8.383216340e-02,1.263093068e-01,3.934254948e-02,6.311267961e-02,4.620219344e-02,1.253697249e+00,0.000000000e+00,4.971674215e-02,4.586007e-16,1.844036e-17,4.670886e-18,1.632726e-03
3.210000,8.381525626e-02,1.261964133e-01,3.988903234e-02,6.305634529e-02,4.601211366e-02,1.254700793e+00,0.000000000e+00,4.954130573e-02,2.371453e-16,2.221530e-17,9.341772e-18,1.630876e-03
3.220000,8.379243623e-02,1.260809874e-01,4.043014412e-02,6.299874710e-02,4.582218407e-02,1.255708924e+00,0.000000000e+00,4.936541579e-02,1.594436e-16,4.654752e-17,3.576224e-18,1.695425e-03
3.230000,8.376376395e-02,1.259631127e-01,4.096506368e-02,6.293992668e-02,4.563248067e-02,1.256720011e+00,0.000000000e+00,4.918912952e-02,2.371437e-16,2.775558e-17,3.469447e-18,1.629095e-03
3.240000,8.372930210e-02,1.258428735e-01,4.149301513e-02,6.287992619e-02,4.544307904e-02,1.257732434e+00,0.000000000e+00,4.901250355e-02,5.768940e-16,2.797158e-17,9.055522e-18,1.632276e-03
3.250000,8.368911535e-02,1.257203555e-01,4.201326542e-02,6.281878828e-02,4.525405431e-02,1.258744586e+00,0.000000000e+00,4.883559398e-02,5.688253e-16,2.797158e-17,9.341772e-18,1.635476e-03
3.260000,8.364327035e-02,1.255956449e-01,4.252512206e-02,6.275655603e-02,4.506548113e-02,1.259754872e+00,0.000000000e+00,4.865845632e-02,1.144392e-16,1.430490e-17,8.673617e-19,1.635857e-03
3.270000,8.359183572e-02,1.254688289e-01,4.302793098e-02,6.269327289e-02,4.487743358e-02,1.260761717e+00,0.000000000e+00,4.848114551e-02,1.144425e-16,1.387779e-17,8.673617e-19,1.694904e-03
3.280000,8.353488202e-02,1.253399952e-01,4.352107455e-02,6.262898263e-02,4.468998518e-02,1.261763564e+00,0.000000000e+00,4.830371589e-02,1.734723e-18,2.775558e-17,1.734723e-18,1.649319e-03
3.290000,8.347248172e-02,1.252092322e-01,4.400396968e-02,6.256372932e-02,4.450320878e-02,1.262758878e+00,0.000000000e+00,4.812622121e-02,1.110359e-16,1.734723e-17,0.000000e+00,1.641667e-03
3.300000,8.340470918e-02,1.250766285e-01,4.447606614e-02,6.249755724e-02,4.431717657e-02,1.263746150e+00,0.000000000e+00,4.794871463e-02,5.661155e-16,3.469447e-18,9.341772e-18,1.637946e-03
3.310000,8.333164062e-02,1.249422734e-01,4.493684489e-02,6.243051086e-02,4.413196001e-02,1.264723895e+00,0.000000000e+00,4.777124866e-02,4.518355e-16,2.501854e-17,8.845389e-18,1.645588e-03
3.320000,8.325335414e-02,1.248062562e-01,4.538581664e-02,6.236263479e-02,4.394762977e-02,1.265690660e+00,0.000000000e+00,4.759387522e-02,2.220514e-16,1.387779e-17,3.576224e-18,1.705256e-03
3.330000,8.316992961e-02,1.246686665e-01,4.582252045e-02,6.229397369e-02,4.376425572e-02,1.266645020e+00,0.000000000e+00,4.741664559e-02,2.543900e-16,2.081668e-17,5.818439e-18,1.643327e-03
3.340000,8.308144871e-02,1.245295939e-01,4.624652242e-02,6.222457229e-02,4.358190683e-02,1.267585585e+00,0.000000000e+00,4.723961041e-02,4.475452e-16,3.122502e-17,1.734723e-18,1.635907e-03
3.350000,8.298799489e-02,1.243891279e-01,4.665741459e-02,6.215447526e-02,4.340065118e-02,1.268511000e+00,0.000000000e+00,4.706281972e-02,6.776022e-16,1.551584e-17,1.127570e-17,1.634276e-03
3.360000,8.288965334e-02,1.242473581e-01,4.705481379e-02,6.208372724e-02,4.322055590e-02,1.269419948e+00,0.000000000e+00,4.688632288e-02,2.220446e-16,2.964297e-17,8.716878e-18,1.639747e-03
3.370000,8.278651092e-02,1.241043736e-01,4.743836066e-02,6.201237274e-02,4.304168711e-02,1.270311150e+00,0.000000000e+00,4.671016865e-02,1.394808e-16,1.430490e-17,8.716878e-18,1.698734e-03
3.380000,8.267865620e-02,1.239602633e-01,4.780771875e-02,6.194045610e-02,4.286410987e-02,1.271183370e+00,0.000000000e+00,4.653440512e-02,8.899131e-16,4.163336e-17,3.469447e-18,1.634326e-03
3.390000,8.256617939e-02,1.238151156e-01,4.816257365e-02,6.186802146e-02,4.268788817e-02,1.272035411e+00,0.000000000e+00,4.635907976e-02,4.710341e-16,4.163336e-17,1.058750e-17,1.631316e-03
3.400000,8.244917229e-02,1.236690186e-01,4.850263221e-02,6.179511270e-02,4.251308489e-02,1.272866125e+00,0.000000000e+00,4.618423939e-02,8.330286e-17,1.734723e-17,0.000000e+00,1.630366e-03
3.410000,8.232772831e-02,1.235220595e-01,4.882762185e-02,6.172177341e-02,4.233976170e-02,1.273674408e+00,0.000000000e+00,4.600993020e-02,2.775612e-16,2.501854e-17,1.734723e-18,1.631776e-03
3.420000,8.220194239e-02,1.233743250e-01,4.913728986e-02,6.164804683e-02,4.216797910e-02,1.274459205e+00,0.000000000e+00,4.583619774e-02,4.449726e-16,4.388542e-17,6.254634e-18,1.698234e-03
3.430000,8.207191100e-02,1.232259009e-01,4.943140283e-02,6.157397580e-02,4.199779633e-02,1.275219508e+00,0.000000000e+00,4.566308693e-02,1.734723e-18,6.938894e-18,3.576224e-18,1.631096e-03
3.440000,8.193773206e-02,1.230768724e-01,4.970974608e-02,6.149960275e-02,4.182927134e-02,1.275954362e+00,0.000000000e+00,4.549064206e-02,1.241873e-16,1.387779e-17,1.939480e-18,1.632606e-03
3.450000,8.179950496e-02,1.229273234e-01,4.997212312e-02,6.142496961e-02,4.166246080e-02,1.276662864e+00,0.000000000e+00,4.531890680e-02,6.661361e-16,2.860979e-17,5.204170e-18,1.628335e-03
3.460000,8.165733050e-02,1.227773369e-01,5.021835523e-02,6.135011783e-02,4.149741999e-02,1.277344162e+00,0.000000000e+00,4.514792419e-02,3.510876e-16,1.387779e-17,5.275955e-18,1.636736e-03
3.470000,8.151131081e-02,1.226269950e-01,5.044828097e-02,6.127508829e-02,4.133420282e-02,1.277997460e+00,0.000000000e+00,4.497773666e-02,4.451755e-16,1.387779e-17,5.485677e-18,1.699085e-03
3.480000,8.136154941e-02,1.224763783e-01,5.066175583e-02,6.119992127e-02,4.117286180e-02,1.278622019e+00,0.000000000e+00,4.480838605e-02,4.475452e-16,5.594315e-17,9.055522e-18,1.634727e-03
3.490000,8.120815106e-02,1.223255663e-01,5.085865182e-02,6.112465646e-02,4.101344799e-02,1.279217152e+00,0.000000000e+00,4.463991358e-02,4.577600e-16,2.797158e-17,1.939480e-18,1.639257e-03
3.500000,8.105122181e-02,1.221746372e-01,5.103885716e-02,6.104933286e-02,4.085601100e-02,1.279782234e+00,0.000000000e+00,4.447235988e-02,2.719591e-16,6.938894e-18,3.878960e-18,1.633526e-03
3.510000,8.089086890e-02,1.220236679e-01,5.120227595e-02,6.097398879e-02,4.070059891e-02,1.280316694e+00,0.000000000e+00,4.430576501e-02,2.543959e-16,3.469447e-17,2.453269e-18,1.636476e-03
3.520000,8.072720076e-02,1.218727335e-01,5.134882789e-02,6.089866184e-02,4.054725833e-02,1.280820023e+00,0.000000000e+00,4.414016844e-02,1.665696e-16,1.430490e-17,5.485677e-18,1.695274e-03
3.530000,8.056032692e-02,1.217219080e-01,5.147844803e-02,6.082338888e-02,4.039603432e-02,1.281291770e+00,0.000000000e+00,4.397560909e-02,1.923276e-16,2.775558e-17,1.734723e-18,1.638786e-03
3.540000,8.039035803e-02,1.215712635e-01,5.159108650e-02,6.074820594e-02,4.024697037e-02,1.281731544e+00,0.000000000e+00,4.381212530e-02,2.482595e-16,1.040834e-17,6.992894e-18,1.644958e-03
3.550000,8.021740575e-02,1.214208708e-01,5.168670831e-02,6.067314830e-02,4.010010844e-02,1.282139014e+00,0.000000000e+00,4.364975488e-02,4.518347e-16,0.000000e+00,3.127317e-18,1.638356e-03
3.560000,8.004158277e-02,1.212707988e-01,5.176529312e-02,6.059825038e-02,3.995548888e-02,1.282513910e+00,0.000000000e+00,4.348853511e-02,6.753334e-16,2.860979e-17,1.127570e-17,1.639347e-03
3.570000,7.986300271e-02,1.211211148e-01,5.182683508e-02,6.052354575e-02,3.981315045e-02,1.282856024e+00,0.000000000e+00,4.332850273e-02,4.475486e-16,0.000000e+00,1.055191e-17,1.708085e-03
3.580000,7.968178009e-02,1.209718843e-01,5.187134265e-02,6.044906711e-02,3.967313034e-02,1.283165207e+00,0.000000000e+00,4.316969398e-02,2.237861e-16,3.469447e-18,4.906539e-18,1.642167e-03
3.590000,7.949803031e-02,1.208231711e-01,5.189883842e-02,6.037484628e-02,3.953546409e-02,1.283441373e+00,0.000000000e+00,4.301214459e-02,2.237793e-16,2.501854e-17,5.553825e-18,1.635096e-03
3.600000,7.931186957e-02,1.206750369e-01,5.190935901e-02,6.030091416e-02,3.940018567e-02,1.283684497e+00,0.000000000e+00,4.285588981e-02,3.433175e-16,3.688073e-17,8.845389e-18,1.634256e-03
3.610000,7.912341482e-02,1.205275420e-01,5.190295489e-02,6.022730073e-02,3.926732741e-02,1.283894615e+00,0.000000000e+00,4.270096440e-02,2.989468e-16,2.797158e-17,6.254634e-18,1.630575e-03
3.620000,7.893278374e-02,1.203807444e-01,5.187969032e-02,6.015403503e-02,3.913692006e-02,1.284071823e+00,0.000000000e+00,4.254740267e-02,2.498303e-16,1.430490e-17,3.127317e-18,1.699035e-03
3.630000,7.874009467e-02,1.202347005e-01,5.183964319e-02,6.008114517e-02,3.900899275e-02,1.284216279e+00,0.000000000e+00,4.239523847e-02,8.335703e-17,2.964297e-17,1.044442e-17,1.631886e-03
3.640000,7.854546656e-02,1.200894648e-01,5.178290495e-02,6.000865831e-02,3.888357301e-02,1.284328202e+00,0.000000000e+00,4.224450520e-02,1.110494e-16,3.469447e-17,1.939480e-18,1.628675e-03
3.650000,7.834901890e-02,1.199450896e-01,5.170958056e-02,5.993660064e-02,3.876068680e-02,1.284407868e+00,0.000000000e+00,4.209523586e-02,2.220785e-16,6.938894e-18,4.906539e-18,1.697114e-03
3.660000,7.815087172e-02,1.198016255e-01,5.161978835e-02,5.986499741e-02,3.864035849e-02,1.284455616e+00,0.000000000e+00,4.194746302e-02,2.237726e-16,1.962616e-17,2.453269e-18,1.635216e-03
3.670000,7.795114548e-02,1.196591211e-01,5.151366003e-02,5.979387288e-02,3.852261090e-02,1.284471840e+00,0.000000000e+00,4.180121886e-02,2.289112e-16,1.430490e-17,2.453269e-18,1.699155e-03
3.680000,7.774996106e-02,1.195176233e-01,5.139134060e-02,5.972325038e-02,3.840746531e-02,1.284456997e+00,0.000000000e+00,4.165653516e-02,1.387779e-16,1.040834e-17,1.939480e-18,1.629545e-03
3.690000,7.754743967e-02,1.193771766e-01,5.125298833e-02,5.965315226e-02,3.829494149e-02,1.284411596e+00,0.000000000e+00,4.151344335e-02,4.477738e-16,1.551584e-17,7.152448e-18,1.634666e-03
3.700000,7.734370281e-02,1.192378241e-01,5.109877474e-02,5.958359994e-02,3.818505768e-02,1.284336206e+00,0.000000000e+00,4.137197448e-02,2.618743e-16,2.860979e-17,6.254634e-18,1.702615e-03
3.710000,7.713887223e-02,1.190996067e-01,5.092888454e-02,5.951461388e-02,3.807783067e-02,1.284231450e+00,0.000000000e+00,4.123215927e-02,7.771581e-16,1.040834e-17,7.410742e-18,1.633816e-03
3.720000,7.693306985e-02,1.189625635e-01,5.074351571e-02,5.944621361e-02,3.797327581e-02,1.284098007e+00,0.000000000e+00,4.109402809e-02,5.613352e-16,1.551584e-17,4.336809e-18,1.632526e-03
3.730000,7.672641770e-02,1.188267318e-01,5.054287943e-02,5.937841774e-02,3.787140702e-02,1.283936609e+00,0.000000000e+00,4.095761103e-02,6.753268e-16,1.734723e-17,8.673617e-18,1.641016e-03
3.740000,7.651903791e-02,1.186921471e-01,5.032720013e-02,5.931124397e-02,3.777223684e-02,1.283748037e+00,0.000000000e+00,4.082293783e-02,4.451890e-16,4.177767e-17,5.485677e-18,1.644007e-03
3.750000,7.631105258e-02,1.185588430e-01,5.009671553e-02,5.924470910e-02,3.767577647e-02,1.283533129e+00,0.000000000e+00,4.069003797e-02,4.652812e-16,3.469447e-17,8.182674e-18,1.711606e-03
3.760000,7.610258378e-02,1.184268513e-01,4.985167670e-02,5.917882908e-02,3.758203578e-02,1.283292767e+00,0.000000000e+00,4.055894063e-02,6.776022e-16,2.797158e-17,8.673617e-19,1.630506e-03
3.770000,7.589375347e-02,1.182962024e-01,4.959234806e-02,5.911361898e-02,3.749102338e-02,1.283027885e+00,0.000000000e+00,4.042967476e-02,6.661428e-16,2.501854e-17,5.275955e-18,1.631065e-03
3.780000,7.568468342e-02,1.181669247e-01,4.931900754e-02,5.904909303e-02,3.740274665e-02,1.282739463e+00,0.000000000e+00,4.030226901e-02,3.433526e-16,1.387779e-17,3.878960e-18,1.656368e-03
3.790000,7.547549520e-02,1.180390451e-01,4.903194659e-02,5.898526468e-02,3.731721174e-02,1.282428525e+00,0.000000000e+00,4.017675183e-02,3.330669e-16,1.430490e-17,3.878960e-18,1.638126e-03
3.800000,7.526631006e-02,1.179125889e-01,4.873147034e-02,5.892214658e-02,3.723442369e-02,1.282096139e+00,0.000000000e+00,4.005315142e-02,2.482777e-16,2.221530e-17,2.602085e-18,1.696974e-03
3.810000,7.505724894e-02,1.177875800e-01,4.841789769e-02,5.885975061e-02,3.715438641e-02,1.281743417e+00,0.000000000e+00,3.993149578e-02,4.475620e-16,1.387779e-17,5.204170e-18,1.636446e-03
3.820000,7.484843234e-02,1.176640407e-01,4.809156147e-02,5.879808794e-02,3.707710275e-02,1.281371508e+00,0.000000000e+00,3.981181269e-02,2.950509e-16,1.551584e-17,4.610091e-18,1.636046e-03
3.830000,7.463998031e-02,1.175419920e-01,4.775280856e-02,5.873716903e-02,3.700257457e-02,1.280981604e+00,0.000000000e+00,3.969412977e-02,2.482777e-16,3.469447e-18,1.301043e-18,1.631275e-03
3.840000,7.443201235e-02,1.174214534e-01,4.740200013e-02,5.867700368e-02,3.693080272e-02,1.280574928e+00,0.000000000e+00,3.957847442e-02,2.719535e-16,1.962616e-17,4.336809e-19,1.628805e-03
3.850000,7.422464738e-02,1.173024433e-01,4.703951176e-02,5.861760106e-02,3.686178717e-02,1.280152743e+00,0.000000000e+00,3.946487389e-02,7.928673e-16,2.221530e-17,1.144950e-17,1.715827e-03
3.860000,7.401800368e-02,1.171849788e-01,4.666573371e-02,5.855896973e-02,3.679552700e-02,1.279716341e+00,0.000000000e+00,3.935335529e-02,1.002664e-15,2.797158e-17,6.024887e-18,1.647937e-03
3.870000,7.381219881e-02,1.170690761e-01,4.628107114e-02,5.850111768e-02,3.673202047e-02,1.279267046e+00,0.000000000e+00,3.924394556e-02,6.804474e-16,1.962616e-17,1.111611e-17,1.641187e-03
3.880000,7.360734955e-02,1.169547499e-01,4.588594436e-02,5.844405241e-02,3.667126508e-02,1.278806211e+00,0.000000000e+00,3.913667150e-02,2.288849e-16,1.551584e-17,8.673617e-19,1.639917e-03
3.890000,7.340357185e-02,1.168420143e-01,4.548078910e-02,5.838778088e-02,3.661325759e-02,1.278335216e+00,0.000000000e+00,3.903155979e-02,2.818592e-17,3.273070e-17,3.496447e-18,1.641347e-03
3.900000,7.320098079e-02,1.167308824e-01,4.506605685e-02,5.833230964e-02,3.655799412e-02,1.277855464e+00,0.000000000e+00,3.892863700e-02,1.594531e-16,1.040834e-17,3.127317e-18,1.704266e-03
3.910000,7.299969046e-02,1.166213665e-01,4.464221518e-02,5.827764482e-02,3.650547013e-02,1.277368380e+00,0.000000000e+00,3.882792957e-02,5.561947e-17,1.387779e-17,6.952433e-18,1.634236e-03
3.920000,7.279981398e-02,1.165134780e-01,4.420974804e-02,5.822379217e-02,3.645568054e-02,1.276875411e+00,0.000000000e+00,3.872946386e-02,1.241388e-16,3.273070e-17,8.673617e-19,1.636426e-03
3.930000,7.260146337e-02,1.164072278e-01,4.376915621e-02,5.817075713e-02,3.640861973e-02,1.276378020e+00,0.000000000e+00,3.863326613e-02,2.618513e-16,7.016522e-17,6.505213e-18,1.629996e-03
3.940000,7.240474953e-02,1.163026263e-01,4.332095763e-02,5.811854484e-02,3.636428160e-02,1.275877686e+00,0.000000000e+00,3.853936253e-02,5.578829e-16,4.177767e-17,3.705371e-18,1.637046e-03
3.950000,7.220978218e-02,1.161996831e-01,4.286568786e-02,5.806716019e-02,3.632265963e-02,1.275375901e+00,0.000000000e+00,3.844777916e-02,1.594814e-16,1.734723e-17,1.734723e-18,1.709176e-03
3.960000,7.201666980e-02,1.160984078e-01,4.240390050e-02,5.801660790e-02,3.628374691e-02,1.274874166e+00,0.000000000e+00,3.835854205e-02,2.797158e-17,1.551584e-17,3.576224e-18,1.632186e-03
3.970000,7.182551957e-02,1.159988094e-01,4.193616766e-02,5.796689250e-02,3.624753621e-02,1.274373994e+00,0.000000000e+00,3.827167713e-02,2.371755e-16,1.430490e-17,2.453269e-18,1.630665e-03
3.980000,7.163643730e-02,1.159008967e-01,4.146308041e-02,5.791801842e-02,3.621401997e-02,1.273876901e+00,0.000000000e+00,3.818721031e-02,3.376612e-16,0.000000e+00,2.776912e-18,1.634145e-03
3.990000,7.144952741e-02,1.158046785e-01,4.098524929e-02,5.786999001e-02,3.618319040e-02,1.273384408e+00,0.000000000e+00,3.810516742e-02,8.326673e-17,2.797158e-17,1.939480e-18,1.633866e-03
4.000000,7.126489287e-02,1.157101634e-01,4.050330478e-02,5.782281160e-02,3.615503951e-02,1.272898036e+00,0.000000000e+00,3.802557423e-02,2.797158e-17,3.103168e-17,3.878960e-18,1.700375e-03
4.010000,7.108263510e-02,1.156173602e-01,4.001789779e-02,5.777648753e-02,3.612955911e-02,1.272419306e+00,0.000000000e+00,3.794845649e-02,4.585974e-16,2.501854e-17,1.939480e-18,1.636846e-03
4.020000,7.090285400e-02,1.155262775e-01,3.952970018e-02,5.773102220e-02,3.610674089e-02,1.271949735e+00,0.000000000e+00,3.787383989e-02,1.600935e-16,1.962616e-17,2.602085e-18,1.636476e-03
4.030000,7.072564783e-02,1.154369244e-01,3.903940519e-02,5.768642010e-02,3.608657643e-02,1.271490834e+00,0.000000000e+00,3.780175008e-02,9.036561e-16,3.816392e-17,5.057545e-18,1.640657e-03
4.040000,7.055111319e-02,1.153493101e-01,3.854772787e-02,5.764268588e-02,3.606905725e-02,1.271044106e+00,0.000000000e+00,3.773221267e-02,5.723746e-16,4.177767e-17,3.878960e-18,1.640186e-03
4.050000,7.037934499e-02,1.152634444e-01,3.805540554e-02,5.759982434e-02,3.605417483e-02,1.270611043e+00,0.000000000e+00,3.766525324e-02,6.667141e-16,2.221530e-17,1.734723e-18,1.712036e-03
4.060000,7.021043636e-02,1.151793372e-01,3.756319809e-02,5.755784054e-02,3.604192063e-02,1.270193125e+00,0.000000000e+00,3.760089732e-02,1.144392e-16,1.734723e-17,9.697399e-19,1.644706e-03
4.070000,7.004447866e-02,1.150969993e-01,3.707188827e-02,5.751673976e-02,3.603228615e-02,1.269791816e+00,0.000000000e+00,3.753917043e-02,1.395240e-16,2.797158e-17,0.000000e+00,1.643117e-03
4.080000,6.988156140e-02,1.150164418e-01,3.658228186e-02,5.747652763e-02,3.602526291e-02,1.269408561e+00,0.000000000e+00,3.748009804e-02,7.851765e-16,2.964297e-17,1.048037e-17,1.640156e-03
4.090000,6.972177222e-02,1.149376765e-01,3.609520773e-02,5.743721007e-02,3.602084251e-02,1.269044789e+00,0.000000000e+00,3.742370558e-02,1.243326e-16,1.387779e-17,3.576224e-18,1.645317e-03
4.100000,6.956519682e-02,1.148607162e-01,3.561151776e-02,5.739879341e-02,3.601901664e-02,1.268701904e+00,0.000000000e+00,3.737001846e-02,2.220785e-16,1.387779e-17,4.358439e-18,1.706425e-03
4.110000,6.941191899e-02,1.147855743e-01,3.513208655e-02,5.736128437e-02,3.601977707e-02,1.268381288e+00,0.000000000e+00,3.731906203e-02,1.241752e-16,9.813078e-18,2.602085e-18,1.640677e-03
4.120000,6.926202050e-02,1.147122652e-01,3.465781096e-02,5.732469013e-02,3.602311569e-02,1.268084295e+00,0.000000000e+00,3.727086163e-02,1.111617e-15,5.051591e-17,1.939480e-18,1.642656e-03
4.130000,6.911558111e-02,1.146408042e-01,3.418960939e-02,5.728901834e-02,3.602902453e-02,1.267812252e+00,0.000000000e+00,3.722544254e-02,2.483019e-16,1.962616e-17,1.939480e-18,1.642967e-03
4.140000,6.897267855e-02,1.145712076e-01,3.372842070e-02,5.725427716e-02,3.603749574e-02,1.267566457e+00,0.000000000e+00,3.718283000e-02,5.830761e-16,1.551584e-17,4.906539e-18,1.639556e-03
4.150000,6.883338845e-02,1.145034929e-01,3.327520290e-02,5.722047529e-02,3.604852164e-02,1.267348174e+00,0.000000000e+00,3.714304920e-02,3.342439e-16,3.469447e-18,2.168404e-18,1.705435e-03
4.160000,6.869778435e-02,1.144376785e-01,3.283093137e-02,5.718762200e-02,3.606209466e-02,1.267158635e+00,0.000000000e+00,3.710612527e-02,2.802532e-17,5.157704e-17,1.734723e-18,1.644517e-03
4.170000,6.856593768e-02,1.143737843e-01,3.239659669e-02,5.715572714e-02,3.607820742e-02,1.266999036e+00,0.000000000e+00,3.707208330e-02,2.220717e-16,1.734723e-17,3.157244e-18,1.648687e-03
4.180000,6.843791770e-02,1.143118312e-01,3.197320198e-02,5.712480122e-02,3.609685266e-02,1.266870536e+00,0.000000000e+00,3.704094831e-02,5.613673e-16,1.040834e-17,1.939480e-18,1.651458e-03
4.190000,6.831379154e-02,1.142518416e-01,3.156175972e-02,5.709485534e-02,3.611802328e-02,1.266774253e+00,0.000000000e+00,3.701274523e-02,2.375811e-16,2.797158e-17,5.553825e-18,1.647817e-03
4.200000,6.819362413e-02,1.141938389e-01,3.116328798e-02,5.706590131e-02,3.614171232e-02,1.266711270e+00,0.000000000e+00,3.698749895e-02,4.475452e-16,1.962616e-17,1.788112e-18,1.712106e-03
4.210000,6.807747820e-02,1.141378483e-01,3.077880612e-02,5.703795159e-02,3.616791296e-02,1.266682623e+00,0.000000000e+00,3.696523425e-02,2.860979e-17,9.813078e-18,4.527761e-18,1.648177e-03
4.220000,6.796541431e-02,1.140838961e-01,3.040932978e-02,5.701101937e-02,3.619661850e-02,1.266689308e+00,0.000000000e+00,3.694597583e-02,2.543900e-16,1.387779e-17,3.127317e-18,1.707625e-03
4.230000,6.785749079e-02,1.140320101e-01,3.005586534e-02,5.698511854e-02,3.622782234e-02,1.266732277e+00,0.000000000e+00,3.692974830e-02,5.613245e-16,2.501854e-17,7.217888e-18,1.643607e-03
4.240000,6.775376374e-02,1.139822196e-01,2.971940368e-02,5.696026373e-02,3.626151801e-02,1.266812435e+00,0.000000000e+00,3.691657614e-02,7.894498e-16,3.103168e-17,2.909220e-18,1.652898e-03
4.250000,6.765428708e-02,1.139345553e-01,2.940091339e-02,5.693647030e-02,3.629769910e-02,1.266930643e+00,0.000000000e+00,3.690648373e-02,2.487439e-16,6.938894e-18,1.734723e-18,1.638116e-03
4.260000,6.755911247e-02,1.138890497e-01,2.910133345e-02,5.691375437e-02,3.633635926e-02,1.267087713e+00,0.000000000e+00,3.689949533e-02,3.342259e-16,2.194271e-17,3.387156e-18,1.634995e-03
4.270000,6.746828938e-02,1.138457364e-01,2.882156541e-02,5.689213281e-02,3.637749222e-02,1.267284409e+00,0.000000000e+00,3.689563505e-02,1.777224e-16,1.868354e-17,1.563659e-18,1.705035e-03
4.280000,6.738186505e-02,1.138046508e-01,2.856246529e-02,5.687162328e-02,3.642109169e-02,1.267521448e+00,0.000000000e+00,3.689492685e-02,4.653232e-16,1.430490e-17,3.127317e-18,1.635016e-03
4.290000,6.729988452e-02,1.137658298e-01,2.832483520e-02,5.685224417e-02,3.646715142e-02,1.267799497e+00,0.000000000e+00,3.689739455e-02,3.376968e-16,2.501854e-17,1.734723e-18,1.636086e-03
4.300000,6.722239062e-02,1.137293117e-01,2.810941495e-02,5.683401466e-02,3.651566512e-02,1.268119172e+00,0.000000000e+00,3.690306178e-02,2.719480e-16,1.387779e-17,3.496447e-18,1.631435e-03
4.310000,6.714942401e-02,1.136951365e-01,2.791687380e-02,5.681695468e-02,3.656662645e-02,1.268481041e+00,0.000000000e+00,3.691195200e-02,3.376968e-16,1.250927e-17,4.422694e-18,1.630805e-03
4.320000,6.708102316e-02,1.136633457e-01,2.774780249e-02,5.680108494e-02,3.662002901e-02,1.268885620e+00,0.000000000e+00,3.692408847e-02,6.759013e-16,3.273070e-17,2.776912e-18,1.697754e-03
4.330000,6.701722439e-02,1.136339822e-01,2.760270594e-02,5.678642687e-02,3.667586627e-02,1.269333374e+00,0.000000000e+00,3.693949424e-02,1.571721e-16,3.538156e-17,8.673617e-19,1.631526e-03
4.340000,6.695806188e-02,1.136070904e-01,2.748199660e-02,5.677300269e-02,3.673413160e-02,1.269824720e+00,0.000000000e+00,3.695819214e-02,2.498243e-16,0.000000e+00,1.563659e-18,1.632415e-03
4.350000,6.690356769e-02,1.135827164e-01,2.738598889e-02,5.676083531e-02,3.679481819e-02,1.270360022e+00,0.000000000e+00,3.698020476e-02,1.113352e-15,3.103168e-17,6.992894e-18,1.692033e-03
4.360000,6.685377178e-02,1.135609074e-01,2.731489474e-02,5.674994839e-02,3.685791903e-02,1.270939594e+00,0.000000000e+00,3.700555444e-02,1.337192e-15,7.757919e-18,6.209365e-18,1.633316e-03
4.370000,6.680870203e-02,1.135417122e-01,2.726882048e-02,5.674036628e-02,3.692342692e-02,1.271563700e+00,0.000000000e+00,3.703426326e-02,2.499026e-16,2.110382e-17,3.878960e-18,1.698714e-03
4.380000,6.676838429e-02,1.135251811e-01,2.724776519e-02,5.673211403e-02,3.699133438e-02,1.272232555e+00,0.000000000e+00,3.706635300e-02,3.331392e-16,1.551584e-17,0.000000e+00,1.649907e-03
4.390000,6.673284236e-02,1.135113655e-01,2.725162055e-02,5.672521734e-02,3.706163363e-02,1.272946324e+00,0.000000000e+00,3.710184517e-02,5.722406e-16,3.622209e-17,1.939480e-18,1.654228e-03
4.400000,6.670209808e-02,1.135003181e-01,2.728017223e-02,5.671970257e-02,3.713431660e-02,1.273705123e+00,0.000000000e+00,3.714076093e-02,1.249483e-16,3.469447e-18,0.000000e+00,1.658459e-03
4.410000,6.667617132e-02,1.134920932e-01,2.733310280e-02,5.671559669e-02,3.720937485e-02,1.274509019e+00,0.000000000e+00,3.718312114e-02,1.734723e-18,6.938894e-18,4.422694e-18,1.650677e-03
4.420000,6.665508001e-02,1.134867457e-01,2.740999600e-02,5.671292728e-02,3.728679958e-02,1.275358033e+00,0.000000000e+00,3.722894629e-02,7.152448e-18,2.964297e-17,1.301043e-18,1.679281e-03
4.430000,6.663884018e-02,1.134843322e-01,2.751034236e-02,5.671172246e-02,3.736658153e-02,1.276252138e+00,0.000000000e+00,3.727825651e-02,1.241267e-16,3.469447e-18,4.336809e-19,1.653708e-03
4.440000,6.662746603e-02,1.134849100e-01,2.763354585e-02,5.671201091e-02,3.744871105e-02,1.277191264e+00,0.000000000e+00,3.733107155e-02,2.293052e-16,1.962616e-17,2.335443e-18,1.649188e-03
4.450000,6.662096992e-02,1.134885376e-01,2.777893150e-02,5.671382180e-02,3.753317796e-02,1.278175292e+00,0.000000000e+00,3.738741076e-02,3.376968e-16,1.387779e-17,3.878960e-18,1.647887e-03
4.460000,6.661936240e-02,1.134952744e-01,2.794575366e-02,5.671718476e-02,3.761997160e-02,1.279204063e+00,0.000000000e+00,3.744729306e-02,2.881939e-17,2.194271e-17,4.336809e-19,1.644577e-03
4.470000,6.662265231e-02,1.135051806e-01,2.813320476e-02,5.672212987e-02,3.770908076e-02,1.280277373e+00,0.000000000e+00,3.751073691e-02,4.611266e-16,3.469447e-18,1.301043e-18,1.677771e-03
4.480000,6.663084675e-02,1.135183172e-01,2.834042428e-02,5.672868759e-02,3.780049367e-02,1.281394976e+00,0.000000000e+00,3.757776036e-02,2.866234e-17,9.813078e-18,3.066587e-18,1.646558e-03
4.490000,6.664395115e-02,1.135347459e-01,2.856650775e-02,5.673688873e-02,3.789419795e-02,1.282556589e+00,0.000000000e+00,3.764838093e-02,5.579260e-16,2.409955e-17,6.133174e-19,1.646767e-03
4.500000,6.666196931e-02,1.135545292e-01,2.881051563e-02,5.674676442e-02,3.799018061e-02,1.283761887e+00,0.000000000e+00,3.772261567e-02,1.110900e-16,2.088884e-17,1.839952e-18,1.646587e-03
4.510000,6.668490344e-02,1.135777298e-01,2.907148184e-02,5.675834606e-02,3.808842799e-02,1.285010507e+00,0.000000000e+00,3.780048109e-02,4.476024e-16,1.110765e-17,2.776912e-18,1.649648e-03
4.520000,6.671275419e-02,1.136044113e-01,2.934842184e-02,5.677166527e-02,3.818892577e-02,1.286302052e+00,0.000000000e+00,3.788199317e-02,2.371755e-16,1.844036e-17,3.127317e-18,1.672690e-03
4.530000,6.674552069e-02,1.136346372e-01,2.964034018e-02,5.678675384e-02,3.829165892e-02,1.287636089e+00,0.000000000e+00,3.796716732e-02,2.498002e-16,1.398579e-17,5.898698e-18,1.653198e-03
4.540000,6.678320061e-02,1.136684715e-01,2.994623740e-02,5.680364370e-02,3.839661169e-02,1.289012150e+00,0.000000000e+00,3.805601839e-02,8.448655e-17,2.255141e-17,6.133174e-19,1.647498e-03
4.550000,6.682579017e-02,1.137059784e-01,3.026511629e-02,5.682236687e-02,3.850376758e-02,1.290429737e+00,0.000000000e+00,3.814856059e-02,8.326673e-17,3.417009e-17,3.066587e-18,1.646847e-03
4.560000,6.687328419e-02,1.137472221e-01,3.059598741e-02,5.684295537e-02,3.861310933e-02,1.291888322e+00,0.000000000e+00,3.824480752e-02,3.433219e-16,2.964297e-17,1.788112e-18,1.656108e-03
4.570000,6.692567615e-02,1.137922667e-01,3.093787394e-02,5.686544123e-02,3.872461889e-02,1.293387344e+00,0.000000000e+00,3.834477213e-02,2.498303e-16,2.030442e-17,1.734723e-18,1.671461e-03
4.580000,6.698295819e-02,1.138411762e-01,3.128981589e-02,5.688985640e-02,3.883827740e-02,1.294926219e+00,0.000000000e+00,3.844846671e-02,4.451721e-16,1.398579e-17,9.697399e-19,1.655928e-03
4.590000,6.704512119e-02,1.138940144e-01,3.165087359e-02,5.691623272e-02,3.895406519e-02,1.296504333e+00,0.000000000e+00,3.855590284e-02,2.289901e-16,1.387779e-17,2.335443e-18,1.651688e-03
4.600000,6.711215478e-02,1.139508448e-01,3.202013065e-02,5.694460183e-02,3.907196178e-02,1.298121051e+00,0.000000000e+00,3.866709139e-02,4.619970e-16,2.194271e-17,3.302815e-18,1.652838e-03
4.610000,6.718404736e-02,1.140117304e-01,3.239669627e-02,5.697499516e-02,3.919194581e-02,1.299775712e+00,0.000000000e+00,3.878204249e-02,2.780973e-17,1.708504e-17,4.944723e-18,1.666800e-03
4.620000,6.726078619e-02,1.140767334e-01,3.277970715e-02,5.700744385e-02,3.931399509e-02,1.301467635e+00,0.000000000e+00,3.890076552e-02,6.804717e-16,3.736709e-17,2.528772e-18,1.679111e-03
4.630000,6.734235736e-02,1.141459157e-01,3.316832887e-02,5.704197870e-02,3.943808655e-02,1.303196118e+00,0.000000000e+00,3.902326906e-02,4.476024e-16,1.868354e-17,2.305045e-18,1.651258e-03
4.640000,6.742874590e-02,1.142193381e-01,3.356175686e-02,5.707863012e-02,3.956419627e-02,1.304960442e+00,0.000000000e+00,3.914956090e-02,4.449591e-16,2.359479e-17,3.127317e-18,1.654569e-03
4.650000,6.751993571e-02,1.142970608e-01,3.395921710e-02,5.711742806e-02,3.969229942e-02,1.306759867e+00,0.000000000e+00,3.927964799e-02,4.653200e-16,1.430490e-17,1.084202e-18,1.636205e-03
4.660000,6.761590970e-02,1.143791428e-01,3.435996642e-02,5.715840200e-02,3.982237032e-02,1.308593641e+00,0.000000000e+00,3.941353642e-02,1.110359e-16,1.708504e-17,2.045669e-18,1.640796e-03
4.670000,6.771664974e-02,1.144656420e-01,3.476329260e-02,5.720158083e-02,3.995438239e-02,1.310460997e+00,0.000000000e+00,3.955123143e-02,5.578829e-16,2.327376e-17,2.335443e-18,1.664019e-03
4.680000,6.782213672e-02,1.145566151e-01,3.516851424e-02,5.724699284e-02,4.008830817e-02,1.312361151e+00,0.000000000e+00,3.969273733e-02,4.743414e-16,2.030442e-17,3.104683e-18,1.642686e-03
4.690000,6.793235060e-02,1.146521174e-01,3.557498043e-02,5.729466566e-02,4.022411933e-02,1.314293312e+00,0.000000000e+00,3.983805753e-02,4.586007e-16,2.823925e-17,4.336809e-19,1.641056e-03
4.700000,6.804727037e-02,1.147522031e-01,3.598207030e-02,5.734462620e-02,4.036178663e-02,1.316256677e+00,0.000000000e+00,3.998719449e-02,8.357335e-17,7.152448e-18,1.371419e-18,1.647837e-03
4.710000,6.816687415e-02,1.148569244e-01,3.638919243e-02,5.739690060e-02,4.050127998e-02,1.318250430e+00,0.000000000e+00,4.014014969e-02,2.238869e-16,1.734723e-17,3.956967e-18,1.648637e-03
4.720000,6.829113916e-02,1.149663320e-01,3.679578419e-02,5.745151416e-02,4.064256841e-02,1.320273752e+00,0.000000000e+00,4.029692363e-02,6.684518e-16,1.398579e-17,2.909220e-18,1.668070e-03
4.730000,6.842004178e-02,1.150804751e-01,3.720131098e-02,5.750849133e-02,4.078562008e-02,1.322325813e+00,0.000000000e+00,4.045751581e-02,4.450098e-16,8.673617e-18,3.956967e-18,1.638885e-03
4.740000,6.855355753e-02,1.151994007e-01,3.760526543e-02,5.756785562e-02,4.093040230e-02,1.324405779e+00,0.000000000e+00,4.062192466e-02,2.776642e-16,9.813078e-18,4.336809e-19,1.635206e-03
4.750000,6.869166112e-02,1.153231540e-01,3.800716659e-02,5.762962957e-02,4.107688155e-02,1.326512809e+00,0.000000000e+00,4.079014757e-02,4.520544e-16,1.908196e-17,2.424350e-18,1.644406e-03
4.760000,6.883432646e-02,1.154517783e-01,3.840655905e-02,5.769383470e-02,4.122502345e-02,1.328646060e+00,0.000000000e+00,4.096218085e-02,1.118997e-16,2.110382e-17,2.682168e-18,1.646537e-03
4.770000,6.898152668e-02,1.155853145e-01,3.880301207e-02,5.776049146e-02,4.137479282e-02,1.330804683e+00,0.000000000e+00,4.113801971e-02,1.110223e-16,2.088884e-17,9.697399e-19,1.661618e-03
4.780000,6.913323412e-02,1.157238014e-01,3.919611872e-02,5.782961918e-02,4.152615367e-02,1.332987828e+00,0.000000000e+00,4.131765821e-02,5.551576e-16,2.255141e-17,5.434006e-18,1.629714e-03
4.790000,6.928942039e-02,1.158672756e-01,3.958549501e-02,5.790123606e-02,4.167906922e-02,1.335194644e+00,0.000000000e+00,4.150108929e-02,4.586531e-16,0.000000e+00,1.226635e-18,1.640446e-03
4.800000,6.945005634e-02,1.160157710e-01,3.997077901e-02,5.797535906e-02,4.183350190e-02,1.337424276e+00,0.000000000e+00,4.168830470e-02,4.449693e-16,1.868354e-17,1.318989e-18,1.647107e-03
4.810000,6.961511208e-02,1.161693194e-01,4.035163003e-02,5.805200393e-02,4.198941342e-02,1.339675872e+00,0.000000000e+00,4.187929502e-02,3.511005e-16,2.501854e-17,5.364336e-18,1.635495e-03
4.820000,6.978455700e-02,1.163279497e-01,4.072772780e-02,5.813118513e-02,4.214676471e-02,1.341948577e+00,0.000000000e+00,4.207404959e-02,1.146493e-16,2.221530e-17,1.517883e-18,1.690163e-03
4.830000,6.995835978e-02,1.164916883e-01,4.109877163e-02,5.821291582e-02,4.230551601e-02,1.344241539e+00,0.000000000e+00,4.227255654e-02,2.950509e-16,3.469447e-18,8.673617e-19,1.633455e-03
4.840000,7.013648840e-02,1.166605590e-01,4.146447966e-02,5.829720778e-02,4.246562686e-02,1.346553905e+00,0.000000000e+00,4.247480274e-02,1.121013e-16,1.430490e-17,2.045669e-18,1.632125e-03
4.850000,7.031891012e-02,1.168345828e-01,4.182458809e-02,5.838407144e-02,4.262705613e-02,1.348884824e+00,0.000000000e+00,4.268077378e-02,2.498002e-16,1.482148e-17,1.788112e-18,1.635175e-03
4.860000,7.050559150e-02,1.170137776e-01,4.217885043e-02,5.847351580e-02,4.278976201e-02,1.351233448e+00,0.000000000e+00,4.289045398e-02,3.377503e-16,1.262898e-17,3.252607e-18,1.638396e-03
4.870000,7.069649842e-02,1.171981589e-01,4.252703682e-02,5.856554843e-02,4.295370210e-02,1.353598928e+00,0.000000000e+00,4.310382632e-02,5.986807e-16,1.868354e-17,1.084202e-18,1.698613e-03
4.880000,7.089159606e-02,1.173877388e-01,4.286893332e-02,5.866017541e-02,4.311883336e-02,1.355980420e+00,0.000000000e+00,4.332087248e-02,3.510876e-16,2.221530e-17,1.371419e-18,1.624183e-03
4.890000,7.109084893e-02,1.175825266e-01,4.320434125e-02,5.875740136e-02,4.328511218e-02,1.358377080e+00,0.000000000e+00,4.354157276e-02,1.243689e-16,3.469447e-18,1.563659e-18,1.627894e-03
4.900000,7.129422082e-02,1.177825287e-01,4.353307657e-02,5.885722935e-02,4.345249441e-02,1.360788068e+00,0.000000000e+00,4.376590612e-02,1.002666e-15,1.868354e-17,3.878960e-18,1.631084e-03
4.910000,7.150167487e-02,1.179877483e-01,4.385496924e-02,5.895966094e-02,4.362093535e-02,1.363212545e+00,0.000000000e+00,4.399385012e-02,1.389621e-16,3.538156e-17,8.673617e-19,1.629355e-03
4.920000,7.171317350e-02,1.181981855e-01,4.416986267e-02,5.906469614e-02,4.379038980e-02,1.365649676e+00,0.000000000e+00,4.422538094e-02,4.449591e-16,2.797158e-17,1.318989e-18,1.691953e-03
4.930000,7.192867847e-02,1.184138371e-01,4.447761308e-02,5.917233339e-02,4.396081208e-02,1.368098625e+00,0.000000000e+00,4.446047333e-02,5.558510e-16,1.250927e-17,1.318989e-18,1.631374e-03
4.940000,7.214815083e-02,1.186346971e-01,4.477808901e-02,5.928256953e-02,4.413215606e-02,1.370558562e+00,0.000000000e+00,4.469910062e-02,9.159340e-16,2.823925e-17,1.563659e-18,1.626794e-03
4.950000,7.237155095e-02,1.188607561e-01,4.507117079e-02,5.939539984e-02,4.430437518e-02,1.373028655e+00,0.000000000e+00,4.494123468e-02,5.605063e-17,2.709725e-17,8.845389e-18,1.696834e-03
4.960000,7.259883852e-02,1.190920015e-01,4.535674997e-02,5.951081799e-02,4.447742249e-02,1.375508077e+00,0.000000000e+00,4.518684594e-02,2.482534e-16,3.804546e-17,1.939480e-18,1.628344e-03
4.970000,7.282997250e-02,1.193284174e-01,4.563472888e-02,5.962881606e-02,4.465125066e-02,1.377996001e+00,0.000000000e+00,4.543590336e-02,2.501914e-16,1.430490e-17,2.168404e-19,1.647837e-03
4.980000,7.306491117e-02,1.195699850e-01,4.590502016e-02,5.974938449e-02,4.482581203e-02,1.380491600e+00,0.000000000e+00,4.568837440e-02,3.330850e-16,6.938894e-18,9.697399e-19,1.641226e-03
4.990000,7.330361213e-02,1.198166820e-01,4.616754623e-02,5.987251214e-02,4.500105859e-02,1.382994049e+00,0.000000000e+00,4.594422504e-02,2.221801e-16,7.757919e-18,4.848700e-19,1.645366e-03
5.000000,7.354603224e-02,1.200684829e-01,4.642223893e-02,5.999818627e-02,4.517694207e-02,1.385502523e+00,0.000000000e+00,4.620341974e-02,4.450132e-16,1.110765e-17,1.371419e-18,1.703524e-03
5.010000,7.379212766e-02,1.203253591e-01,4.666903903e-02,6.012639252e-02,4.535341393e-02,1.388016197e+00,0.000000000e+00,4.646592146e-02,3.521959e-16,4.906539e-18,1.301043e-18,1.647417e-03
5.020000,7.404185386e-02,1.205872789e-01,4.690789583e-02,6.025711492e-02,4.553042539e-02,1.390534246e+00,0.000000000e+00,4.673169163e-02,3.558002e-16,8.673617e-18,1.788112e-18,1.649057e-03
5.030000,7.429516556e-02,1.208542070e-01,4.713876676e-02,6.039033595e-02,4.570792747e-02,1.393055843e+00,0.000000000e+00,4.700069014e-02,2.238869e-16,1.471962e-17,2.263881e-18,1.642746e-03
5.040000,7.455201680e-02,1.211261054e-01,4.736161699e-02,6.052603647e-02,4.588587098e-02,1.395580160e+00,0.000000000e+00,4.727287535e-02,8.886137e-16,2.110382e-17,1.734723e-18,1.644276e-03
5.050000,7.481236087e-02,1.214029328e-01,4.757641903e-02,6.066419579e-02,4.606420661e-02,1.398106368e+00,0.000000000e+00,4.754820407e-02,1.112525e-16,0.000000e+00,1.226635e-18,1.711766e-03
5.060000,7.507615034e-02,1.216846446e-01,4.778315239e-02,6.080479167e-02,4.624288488e-02,1.400633635e+00,0.000000000e+00,4.782663156e-02,4.449591e-16,1.262898e-17,1.788112e-18,1.649427e-03
5.070000,7.534333706e-02,1.219711933e-01,4.798180320e-02,6.094780031e-02,4.642185625e-02,1.403161125e+00,0.000000000e+00,4.810811152e-02,2.619375e-16,1.250927e-17,1.748223e-18,1.707174e-03
5.080000,7.561387216e-02,1.222625284e-01,4.817236386e-02,6.109319641e-02,4.660107106e-02,1.405688000e+00,0.000000000e+00,4.839259609e-02,4.586499e-16,1.599336e-17,1.839952e-18,1.637256e-03
5.090000,7.588770601e-02,1.225585963e-01,4.835483272e-02,6.124095316e-02,4.678047962e-02,1.408213418e+00,0.000000000e+00,4.868003586e-02,4.452397e-16,1.844036e-17,1.748223e-18,1.639205e-03
5.100000,7.616478828e-02,1.228593404e-01,4.852921375e-02,6.139104226e-02,4.696003219e-02,1.410736533e+00,0.000000000e+00,4.897037984e-02,2.866234e-17,2.359479e-17,3.576224e-18,1.638086e-03
5.110000,7.644506788e-02,1.231647012e-01,4.869551620e-02,6.154343397e-02,4.713967905e-02,1.413256491e+00,0.000000000e+00,4.926357549e-02,2.371501e-16,1.636535e-17,1.852685e-18,1.640896e-03
5.120000,7.672849301e-02,1.234746164e-01,4.885375431e-02,6.169809709e-02,4.731937048e-02,1.415772436e+00,0.000000000e+00,4.955956871e-02,6.804363e-16,1.430490e-17,2.168404e-18,1.710826e-03
5.130000,7.701501113e-02,1.237890208e-01,4.900394699e-02,6.185499902e-02,4.749905680e-02,1.418283505e+00,0.000000000e+00,4.985830382e-02,4.451755e-16,2.194271e-17,3.496447e-18,1.637336e-03
5.140000,7.730456895e-02,1.241078464e-01,4.914611755e-02,6.201410580e-02,4.767868841e-02,1.420788827e+00,0.000000000e+00,5.015972360e-02,1.110359e-16,5.204170e-18,1.167721e-18,1.632345e-03
5.150000,7.759711247e-02,1.244310226e-01,4.928029340e-02,6.217538208e-02,4.785821577e-02,1.423287527e+00,0.000000000e+00,5.046376928e-02,1.243205e-16,8.673617e-18,7.818293e-19,1.632875e-03
5.160000,7.789258695e-02,1.247584761e-01,4.940650579e-02,6.233879120e-02,4.803758948e-02,1.425778719e+00,0.000000000e+00,5.077038054e-02,4.449591e-16,1.354862e-17,1.084202e-18,1.632125e-03
5.170000,7.819093693e-02,1.250901309e-01,4.952478952e-02,6.250429522e-02,4.821676024e-02,1.428261511e+00,0.000000000e+00,5.107949550e-02,3.510876e-16,7.757919e-18,1.693578e-18,1.683871e-03
5.180000,7.849210624e-02,1.254259086e-01,4.963518270e-02,6.267185492e-02,4.839567893e-02,1.430735004e+00,0.000000000e+00,5.139105078e-02,8.025473e-16,1.599336e-17,2.646875e-18,1.626244e-03
5.190000,7.879603795e-02,1.257657283e-01,4.973772648e-02,6.284142984e-02,4.857429656e-02,1.433198288e+00,0.000000000e+00,5.170498145e-02,1.924214e-16,1.040834e-17,1.454610e-18,1.621173e-03
5.200000,7.910267447e-02,1.261095066e-01,4.983246483e-02,6.301297836e-02,4.875256438e-02,1.435650446e+00,0.000000000e+00,5.202122108e-02,2.543900e-16,7.757919e-18,1.454610e-18,1.687042e-03
5.210000,7.941195746e-02,1.264571580e-01,4.991944429e-02,6.318645766e-02,4.893043381e-02,1.438090548e+00,0.000000000e+00,5.233970173e-02,2.372516e-16,1.743376e-17,4.114258e-18,1.621313e-03
5.220000,7.972382791e-02,1.268085945e-01,4.999871375e-02,6.336182382e-02,4.910785650e-02,1.440517659e+00,0.000000000e+00,5.266035399e-02,2.844153e-16,1.734723e-18,1.788112e-18,1.635905e-03
5.230000,8.003822609e-02,1.271637261e-01,5.007032422e-02,6.353903180e-02,4.928478438e-02,1.442930832e+00,0.000000000e+00,5.298310695e-02,2.719535e-16,6.938894e-18,1.388456e-18,1.649437e-03
5.240000,8.035509161e-02,1.275224605e-01,5.013432866e-02,6.371803553e-02,4.946116960e-02,1.445329108e+00,0.000000000e+00,5.330788825e-02,1.570092e-16,1.040834e-17,1.226635e-18,1.651638e-03
5.250000,8.067436339e-02,1.278847034e-01,5.019078171e-02,6.389878791e-02,4.963696461e-02,1.447711521e+00,0.000000000e+00,5.363462410e-02,4.577600e-16,6.254634e-18,1.748223e-18,1.708784e-03
5.260000,8.099597969e-02,1.282503587e-01,5.023973956e-02,6.408124085e-02,4.981212217e-02,1.450077092e+00,0.000000000e+00,5.396323927e-02,2.720365e-16,2.797158e-17,1.788112e-18,1.642386e-03
5.270000,8.131987811e-02,1.286193282e-01,5.028125974e-02,6.426534533e-02,4.998659532e-02,1.452424832e+00,0.000000000e+00,5.429365712e-02,3.511562e-16,3.127317e-17,6.857097e-19,1.703264e-03
5.280000,8.164599562e-02,1.289915120e-01,5.031540095e-02,6.445105142e-02,5.016033744e-02,1.454753744e+00,0.000000000e+00,5.462579964e-02,5.615389e-16,1.110765e-17,6.594944e-19,1.634865e-03
5.290000,8.197426853e-02,1.293668083e-01,5.034222289e-02,6.463830831e-02,5.033330227e-02,1.457062815e+00,0.000000000e+00,5.495958745e-02,2.866234e-17,1.471962e-17,1.084202e-18,1.638355e-03
5.300000,8.230463257e-02,1.297451138e-01,5.036178611e-02,6.482706436e-02,5.050544387e-02,1.459351027e+00,0.000000000e+00,5.529493982e-02,2.860979e-17,1.482148e-17,1.852685e-18,1.699843e-03
5.310000,8.263702284e-02,1.301263236e-01,5.037415186e-02,6.501726713e-02,5.067671671e-02,1.461617348e+00,0.000000000e+00,5.563177472e-02,2.371437e-16,1.734723e-17,1.506222e-18,1.634705e-03
5.320000,8.297137386e-02,1.305103312e-01,5.037938193e-02,6.520886346e-02,5.084707560e-02,1.463860735e+00,0.000000000e+00,5.597000883e-02,2.237793e-16,2.255141e-17,2.235140e-18,1.700563e-03
5.330000,8.330761958e-02,1.308970286e-01,5.037753858e-02,6.540179941e-02,5.101647578e-02,1.466080139e+00,0.000000000e+00,5.630955754e-02,3.342259e-16,1.430490e-17,1.264386e-18,1.647556e-03
5.340000,8.364569338e-02,1.312863065e-01,5.036868436e-02,6.559602042e-02,5.118487287e-02,1.468274496e+00,0.000000000e+00,5.665033503e-02,1.734723e-18,1.430490e-17,4.565251e-18,1.643216e-03
5.350000,8.398552813e-02,1.316780544e-01,5.035288202e-02,6.579147124e-02,5.135222292e-02,1.470442736e+00,0.000000000e+00,5.699225426e-02,2.866234e-17,2.327376e-17,6.087001e-18,1.706104e-03
5.360000,8.432705614e-02,1.320721604e-01,5.033019444e-02,6.598809604e-02,5.151848241e-02,1.472583778e+00,0.000000000e+00,5.733522702e-02,6.714993e-16,2.088884e-17,9.199761e-19,1.645836e-03
5.370000,8.467020925e-02,1.324685116e-01,5.030068450e-02,6.618583840e-02,5.168360825e-02,1.474696531e+00,0.000000000e+00,5.767916397e-02,4.450098e-16,8.673617e-18,3.317021e-18,1.712145e-03
5.380000,8.501491879e-02,1.328669940e-01,5.026441502e-02,6.638464139e-02,5.184755782e-02,1.476779898e+00,0.000000000e+00,5.802397463e-02,6.804385e-16,2.860979e-17,1.999170e-18,1.644406e-03
5.390000,8.536111565e-02,1.332674924e-01,5.022144870e-02,6.658444757e-02,5.201028892e-02,1.478832772e+00,0.000000000e+00,5.836956745e-02,2.221598e-16,2.709725e-17,2.135631e-18,1.640786e-03
5.400000,8.570873027e-02,1.336698911e-01,5.017184806e-02,6.678519903e-02,5.217175987e-02,1.480854039e+00,0.000000000e+00,5.871584986e-02,6.866372e-16,1.040834e-17,3.909147e-19,1.647457e-03
5.410000,8.605769265e-02,1.340740730e-01,5.011567536e-02,6.698683744e-02,5.233192941e-02,1.482842577e+00,0.000000000e+00,5.906272827e-02,3.342259e-16,1.398579e-17,1.963574e-18,1.646727e-03
5.420000,8.640793241e-02,1.344799207e-01,5.005299262e-02,6.718930410e-02,5.249075681e-02,1.484797260e+00,0.000000000e+00,5.941010812e-02,3.377324e-16,4.906539e-18,8.940560e-19,1.705334e-03
5.430000,8.675937880e-02,1.348873157e-01,4.998386155e-02,6.739253991e-02,5.264820181e-02,1.486716953e+00,0.000000000e+00,5.975789392e-02,4.577567e-16,1.040834e-17,4.848700e-19,1.715215e-03
5.440000,8.711196068e-02,1.352961391e-01,4.990834357e-02,6.759648549e-02,5.280422466e-02,1.488600520e+00,0.000000000e+00,6.010598932e-02,6.713178e-16,4.336809e-18,8.673617e-19,1.652648e-03
5.450000,8.746560663e-02,1.357062713e-01,4.982649976e-02,6.780108113e-02,5.295878611e-02,1.490446816e+00,0.000000000e+00,6.045429707e-02,4.450132e-16,1.551584e-17,8.673617e-19,1.644817e-03
5.460000,8.782024488e-02,1.361175923e-01,4.973839092e-02,6.800626691e-02,5.311184743e-02,1.492254698e+00,0.000000000e+00,6.080271917e-02,8.355535e-17,1.684112e-17,3.317021e-18,1.653107e-03
5.470000,8.817580340e-02,1.365299813e-01,4.964407756e-02,6.821198263e-02,5.326337041e-02,1.494023015e+00,0.000000000e+00,6.115115683e-02,1.778578e-16,1.734723e-17,1.388456e-18,1.679771e-03
5.480000,8.853220989e-02,1.369433176e-01,4.954361991e-02,6.841816795e-02,5.341331735e-02,1.495750617e+00,0.000000000e+00,6.149951054e-02,1.117142e-15,1.163688e-17,4.470280e-19,1.652936e-03
5.490000,8.888939183e-02,1.373574798e-01,4.943707803e-02,6.862476232e-02,5.356165111e-02,1.497436355e+00,0.000000000e+00,6.184768013e-02,3.555125e-16,2.221530e-17,3.687881e-18,1.654567e-03
5.500000,8.924727649e-02,1.377723463e-01,4.932451178e-02,6.883170509e-02,5.370833508e-02,1.499079076e+00,0.000000000e+00,6.219556479e-02,8.326673e-17,1.474515e-17,2.770556e-18,1.655308e-03
5.510000,8.960579095e-02,1.381877954e-01,4.920598092e-02,6.903893550e-02,5.385333317e-02,1.500677632e+00,0.000000000e+00,6.254306315e-02,5.597004e-17,5.553825e-18,9.757820e-19,1.651897e-03
5.520000,8.996486216e-02,1.386037052e-01,4.908154521e-02,6.924639271e-02,5.399660987e-02,1.502230875e+00,0.000000000e+00,6.289007329e-02,4.611135e-16,1.902273e-17,2.057129e-18,1.683841e-03
5.530000,9.032441692e-02,1.390199536e-01,4.895126443e-02,6.945401583e-02,5.413813021e-02,1.503737660e+00,0.000000000e+00,6.323649280e-02,4.653232e-16,2.081668e-17,1.734723e-18,1.651017e-03
5.540000,9.068438194e-02,1.394364186e-01,4.881519855e-02,6.966174397e-02,5.427785977e-02,1.505196849e+00,0.000000000e+00,6.358221887e-02,2.237726e-16,2.709725e-17,3.053141e-18,1.677351e-03
5.550000,9.104468385e-02,1.398529781e-01,4.867340778e-02,6.986951623e-02,5.441576469e-02,1.506607306e+00,0.000000000e+00,6.392714828e-02,3.376612e-16,2.333832e-17,1.651408e-18,1.651337e-03
5.560000,9.140524924e-02,1.402695102e-01,4.852595270e-02,7.007727177e-02,5.455181170e-02,1.507967905e+00,0.000000000e+00,6.427117747e-02,6.777443e-16,1.684112e-17,2.604343e-18,1.658798e-03
5.570000,9.176600469e-02,1.406858929e-01,4.837289442e-02,7.028494978e-02,5.468596808e-02,1.509277524e+00,0.000000000e+00,6.461420262e-02,2.619375e-16,9.381952e-18,1.105674e-18,1.660428e-03
5.580000,9.212687677e-02,1.411020046e-01,4.821429467e-02,7.049248958e-02,5.481820167e-02,1.510535055e+00,0.000000000e+00,6.495611967e-02,3.377324e-16,1.684112e-17,3.252607e-18,1.646376e-03
5.590000,9.248779211e-02,1.415177238e-01,4.805021599e-02,7.069983056e-02,5.494848092e-02,1.511739395e+00,0.000000000e+00,6.529682439e-02,2.237726e-16,5.485677e-18,4.848700e-19,1.667469e-03
5.600000,9.284867739e-02,1.419329292e-01,4.788072185e-02,7.090691227e-02,5.507677482e-02,1.512889457e+00,0.000000000e+00,6.563621242e-02,1.389512e-16,5.275955e-18,1.318989e-18,1.648087e-03
5.610000,9.320945939e-02,1.423475001e-01,4.770587686e-02,7.111367441e-02,5.520305298e-02,1.513984163e+00,0.000000000e+00,6.597417932e-02,3.108013e-17,1.551584e-17,2.407319e-18,1.659679e-03
5.620000,9.357006500e-02,1.427613158e-01,4.752574694e-02,7.132005689e-02,5.532728558e-02,1.515022452e+00,0.000000000e+00,6.631062066e-02,7.152448e-18,9.055522e-18,1.517883e-18,1.674190e-03
5.630000,9.393042128e-02,1.431742562e-01,4.734039946e-02,7.152599978e-02,5.544944337e-02,1.516003277e+00,0.000000000e+00,6.664543203e-02,2.293052e-16,1.011509e-17,7.273049e-19,1.658548e-03
5.640000,9.429045545e-02,1.435862016e-01,4.714990352e-02,7.173144342e-02,5.556949772e-02,1.516925606e+00,0.000000000e+00,6.697850912e-02,4.712353e-16,1.779677e-17,1.683134e-18,1.679851e-03
5.650000,9.465009493e-02,1.439970328e-01,4.695433010e-02,7.193632837e-02,5.568742059e-02,1.517788427e+00,0.000000000e+00,6.730974777e-02,2.220514e-16,8.845389e-18,1.990331e-18,1.655548e-03
5.660000,9.500926740e-02,1.444066312e-01,4.675375229e-02,7.214059548e-02,5.580318451e-02,1.518590747e+00,0.000000000e+00,6.763904402e-02,2.498965e-16,6.314489e-18,4.470280e-19,1.660298e-03
5.670000,9.536790077e-02,1.448148787e-01,4.654824552e-02,7.234418588e-02,5.591676264e-02,1.519331592e+00,0.000000000e+00,6.796629417e-02,1.734723e-18,2.068980e-17,2.297383e-18,1.645256e-03
5.680000,9.572592327e-02,1.452216579e-01,4.633788781e-02,7.254704101e-02,5.602812871e-02,1.520010012e+00,0.000000000e+00,6.829139485e-02,3.330714e-16,1.534520e-17,6.942281e-19,1.649017e-03
5.690000,9.608326340e-02,1.456268518e-01,4.612275999e-02,7.274910264e-02,5.613725709e-02,1.520625077e+00,0.000000000e+00,6.861424305e-02,6.776000e-16,8.542522e-18,1.318989e-18,1.673180e-03
5.700000,9.643985005e-02,1.460303444e-01,4.590294596e-02,7.295031291e-02,5.624412273e-02,1.521175883e+00,0.000000000e+00,6.893473618e-02,2.776479e-16,1.398579e-17,3.904633e-18,1.646157e-03
5.710000,9.679561246e-02,1.464320204e-01,4.567853295e-02,7.315061429e-02,5.634870118e-02,1.521661552e+00,0.000000000e+00,6.925277215e-02,5.578829e-16,2.453269e-18,1.167721e-18,1.645726e-03
5.720000,9.715048026e-02,1.468317650e-01,4.544961180e-02,7.334994966e-02,5.645096863e-02,1.522081233e+00,0.000000000e+00,6.956824940e-02,4.002966e-16,1.166916e-17,1.131940e-18,1.650436e-03
5.730000,9.750438351e-02,1.472294645e-01,4.521627721e-02,7.354826231e-02,5.655090185e-02,1.522434101e+00,0.000000000e+00,6.988106697e-02,2.498002e-16,4.336809e-18,2.424350e-19,1.645127e-03
5.740000,9.785725271e-02,1.476250059e-01,4.497862805e-02,7.374549593e-02,5.664847824e-02,1.522719362e+00,0.000000000e+00,7.019112455e-02,4.449557e-16,1.226635e-17,2.395081e-18,1.671209e-03
5.750000,9.820901886e-02,1.480182771e-01,4.473676762e-02,7.394159467e-02,5.674367582e-02,1.522936252e+00,0.000000000e+00,7.049832253e-02,6.776377e-16,1.127570e-17,1.533293e-18,1.658618e-03
5.760000,9.855961344e-02,1.484091668e-01,4.449080397e-02,7.413650312e-02,5.683647321e-02,1.523084040e+00,0.000000000e+00,7.080256207e-02,1.005734e-15,1.011509e-17,1.305552e-18,1.649437e-03
5.770000,9.890896846e-02,1.487975649e-01,4.424085018e-02,7.433016635e-02,5.692684966e-02,1.523162025e+00,0.000000000e+00,7.110374515e-02,3.513575e-16,6.254634e-18,8.940560e-19,1.647896e-03
5.780000,9.925701648e-02,1.491833620e-01,4.398702469e-02,7.452252991e-02,5.701478504e-02,1.523169544e+00,0.000000000e+00,7.140177460e-02,2.719480e-16,1.743376e-17,8.741117e-19,1.645497e-03
5.790000,9.960369065e-02,1.495664499e-01,4.372945159e-02,7.471353987e-02,5.710025985e-02,1.523105967e+00,0.000000000e+00,7.169655419e-02,2.720365e-16,1.015221e-17,4.470280e-19,1.665709e-03
5.800000,9.994892471e-02,1.499467214e-01,4.346826092e-02,7.490314281e-02,5.718325520e-02,1.522970699e+00,0.000000000e+00,7.198798868e-02,8.920747e-16,1.110765e-17,2.604343e-18,1.645666e-03
5.810000,1.002926530e-01,1.503240701e-01,4.320358904e-02,7.509128584e-02,5.726375283e-02,1.522763186e+00,0.000000000e+00,7.227598384e-02,1.571625e-16,7.152448e-18,5.421011e-19,1.647147e-03
5.820000,1.006348106e-01,1.506983912e-01,4.293557891e-02,7.527791663e-02,5.734173513e-02,1.522482909e+00,0.000000000e+00,7.256044653e-02,5.722406e-16,1.599336e-17,8.741117e-19,1.645066e-03
5.830000,1.009753331e-01,1.510695805e-01,4.266438042e-02,7.546298341e-02,5.741718509e-02,1.522129390e+00,0.000000000e+00,7.284128475e-02,1.778578e-16,6.992894e-18,4.336809e-19,1.639795e-03
5.840000,1.013141570e-01,1.514375355e-01,4.239015070e-02,7.564643500e-02,5.749008634e-02,1.521702193e+00,0.000000000e+00,7.311840768e-02,1.241388e-16,0.000000e+00,8.058912e-19,1.668539e-03
5.850000,1.016512192e-01,1.518021543e-01,4.211305449e-02,7.582822079e-02,5.756042317e-02,1.521200922e+00,0.000000000e+00,7.339172575e-02,9.104506e-16,1.908196e-17,5.339077e-19,1.644745e-03
5.860000,1.019864578e-01,1.521633367e-01,4.183326443e-02,7.600829081e-02,5.762818047e-02,1.520625222e+00,0.000000000e+00,7.366115066e-02,2.482534e-16,3.878960e-18,1.096332e-18,1.650996e-03
5.870000,1.023198112e-01,1.525209835e-01,4.155096136e-02,7.618659570e-02,5.769334379e-02,1.519974783e+00,0.000000000e+00,7.392659546e-02,1.944129e-16,5.485677e-18,1.293113e-18,1.650696e-03
5.880000,1.026512188e-01,1.528749969e-01,4.126633471e-02,7.636308674e-02,5.775589932e-02,1.519249339e+00,0.000000000e+00,7.418797458e-02,5.594315e-17,1.346508e-17,2.415241e-18,1.649647e-03
5.890000,1.029806208e-01,1.532252803e-01,4.097958271e-02,7.653771586e-02,5.781583389e-02,1.518448670e+00,0.000000000e+00,7.444520387e-02,3.521830e-16,1.130901e-17,1.105674e-18,1.670899e-03
5.900000,1.033079583e-01,1.535717384e-01,4.069091280e-02,7.671043565e-02,5.787313496e-02,1.517572598e+00,0.000000000e+00,7.469820069e-02,2.543841e-16,8.228516e-18,7.666467e-19,1.652136e-03
5.910000,1.036331729e-01,1.539142775e-01,4.040054186e-02,7.688119938e-02,5.792779065e-02,1.516620995e+00,0.000000000e+00,7.494688388e-02,4.578126e-16,2.602085e-18,4.370559e-19,1.649306e-03
5.920000,1.039562075e-01,1.542528049e-01,4.010869652e-02,7.704996104e-02,5.797978973e-02,1.515593779e+00,0.000000000e+00,7.519117387e-02,1.389621e-16,7.854295e-18,5.659701e-19,1.641066e-03
5.930000,1.042770056e-01,1.545872297e-01,3.981561342e-02,7.721667528e-02,5.802912162e-02,1.514490914e+00,0.000000000e+00,7.543099271e-02,4.518314e-16,5.553825e-18,1.410505e-18,1.648206e-03
5.940000,1.045955116e-01,1.549174623e-01,3.952153950e-02,7.738129750e-02,5.807577638e-02,1.513312416e+00,0.000000000e+00,7.566626409e-02,3.513618e-16,9.784286e-18,6.942281e-19,1.669629e-03
5.950000,1.049116710e-01,1.552434143e-01,3.922673218e-02,7.754378384e-02,5.811974474e-02,1.512058345e+00,0.000000000e+00,7.589691339e-02,2.483564e-16,8.716878e-18,4.848700e-19,1.654627e-03
5.960000,1.052254301e-01,1.555649993e-01,3.893145965e-02,7.770409116e-02,5.816101808e-02,1.510728813e+00,0.000000000e+00,7.612286773e-02,2.095500e-16,1.048934e-17,7.666467e-19,1.653277e-03
5.970000,1.055367360e-01,1.558821320e-01,3.863600099e-02,7.786217709e-02,5.819958843e-02,1.509323982e+00,0.000000000e+00,7.634405601e-02,4.475486e-16,1.233515e-17,5.528368e-19,1.649787e-03
5.980000,1.058455371e-01,1.561947288e-01,3.834064639e-02,7.801800005e-02,5.823544850e-02,1.507844063e+00,0.000000000e+00,7.656040892e-02,2.220514e-16,1.048934e-17,7.130227e-19,1.642345e-03
5.990000,1.061517825e-01,1.565027077e-01,3.804569725e-02,7.817151921e-02,5.826859163e-02,1.506289318e+00,0.000000000e+00,7.677185903e-02,2.237793e-16,1.396560e-17,1.426045e-18,1.670229e-03
6.000000,1.064554224e-01,1.568059883e-01,3.775146627e-02,7.832269456e-02,5.829901187e-02,1.494591858e+00,0.000000000e+00,7.697834075e-02,1.112389e-16,7.961322e-18,9.697399e-19,1.651467e-03
6.010000,1.067564826e-01,1.571046304e-01,3.745829149e-02,7.847155606e-02,5.832663287e-02,1.492919547e+00,0.000000000e+00,7.717981151e-02,2.001483e-16,1.240358e-17,1.117570e-18,1.643045e-03
6.020000,1.070547504e-01,1.573984183e-01,3.716653958e-02,7.861799617e-02,5.835152141e-02,1.491175568e+00,0.000000000e+00,7.737619081e-02,4.518280e-16,9.540979e-18,2.496021e-18,1.645225e-03
6.030000,1.073501785e-01,1.576872765e-01,3.687660713e-02,7.876197743e-02,5.837367366e-02,1.489360365e+00,0.000000000e+00,7.756742100e-02,1.777224e-16,7.684845e-18,1.288560e-18,1.643476e-03
6.040000,1.076427205e-01,1.579711317e-01,3.658889968e-02,7.890346335e-02,5.839308647e-02,1.487474441e+00,0.000000000e+00,7.775344640e-02,1.241388e-16,5.637851e-18,8.467890e-19,1.667568e-03
6.050000,1.079323316e-01,1.582499124e-01,3.630383150e-02,7.904241834e-02,5.840975741e-02,1.485518357e+00,0.000000000e+00,7.793421336e-02,6.894364e-16,1.854208e-17,9.817868e-19,1.648036e-03
6.060000,1.082189677e-01,1.585235489e-01,3.602182536e-02,7.917880777e-02,5.842368473e-02,1.483492732e+00,0.000000000e+00,7.810967026e-02,1.243205e-16,2.067616e-17,1.954573e-19,1.643176e-03
6.070000,1.085025862e-01,1.587919734e-01,3.574331209e-02,7.931259795e-02,5.843486737e-02,1.481398241e+00,0.000000000e+00,7.827976753e-02,6.804363e-16,1.028107e-17,6.527762e-19,1.641266e-03
6.080000,1.087831456e-01,1.590551201e-01,3.546873018e-02,7.944375614e-02,5.844330499e-02,1.479235610e+00,0.000000000e+00,7.844445771e-02,6.667118e-16,1.497926e-17,2.066394e-18,1.652397e-03
6.090000,1.090606056e-01,1.593129252e-01,3.519852516e-02,7.957225057e-02,5.844899793e-02,1.477005624e+00,0.000000000e+00,7.860369545e-02,2.618456e-16,1.179740e-17,1.533293e-18,1.676600e-03
6.100000,1.093349271e-01,1.595653265e-01,3.493314894e-02,7.969805044e-02,5.845194726e-02,1.474709116e+00,0.000000000e+00,7.875743751e-02,1.922963e-16,6.303309e-18,2.168404e-19,1.656888e-03
6.110000,1.096060720e-01,1.598122642e-01,3.467305901e-02,7.982112592e-02,5.845215474e-02,1.472346974e+00,0.000000000e+00,7.890564281e-02,2.499026e-16,1.708504e-17,1.112298e-18,1.648486e-03
6.120000,1.098740037e-01,1.600536802e-01,3.441871751e-02,7.994144819e-02,5.844962286e-02,1.469920133e+00,0.000000000e+00,7.904827246e-02,2.220446e-16,1.925856e-17,7.608751e-19,1.650666e-03
6.130000,1.101386866e-01,1.602895185e-01,3.417059017e-02,8.005898939e-02,5.844435480e-02,1.467429579e+00,0.000000000e+00,7.918528974e-02,6.206335e-17,4.142731e-18,1.355253e-18,1.652436e-03
6.140000,1.104000864e-01,1.605197251e-01,3.392914513e-02,8.017372270e-02,5.843635447e-02,1.464876348e+00,0.000000000e+00,7.931666013e-02,4.710820e-16,2.567523e-17,1.988115e-18,1.676660e-03
6.150000,1.106581700e-01,1.607442480e-01,3.369485166e-02,8.028562229e-02,5.842562650e-02,1.462261520e+00,0.000000000e+00,7.944235133e-02,5.721958e-16,1.034490e-17,3.471141e-19,1.651847e-03
6.160000,1.109129053e-01,1.609630374e-01,3.346817862e-02,8.039466335e-02,5.841217621e-02,1.459586224e+00,0.000000000e+00,7.956233329e-02,2.243166e-16,1.097135e-17,3.946555e-19,1.644736e-03
6.170000,1.111642618e-01,1.611760453e-01,3.324959296e-02,8.050082211e-02,5.839600967e-02,1.456851633e+00,0.000000000e+00,7.967657817e-02,1.152906e-16,2.181484e-17,2.060697e-18,1.648426e-03
6.180000,1.114122098e-01,1.613832261e-01,3.303955791e-02,8.060407585e-02,5.837713366e-02,1.454058964e+00,0.000000000e+00,7.978506041e-02,1.387887e-16,5.240186e-18,1.578622e-18,1.653457e-03
6.190000,1.116567211e-01,1.615845359e-01,3.283853120e-02,8.070440286e-02,5.835555567e-02,1.451209476e+00,0.000000000e+00,7.988775671e-02,2.288849e-16,1.281011e-17,1.431188e-18,1.670699e-03
6.200000,1.118977685e-01,1.617799334e-01,3.264696304e-02,8.080178252e-02,5.833128392e-02,1.448304473e+00,0.000000000e+00,7.998464603e-02,6.668585e-16,3.043501e-18,1.769941e-18,1.653117e-03
6.210000,1.121353263e-01,1.619693790e-01,3.246529407e-02,8.089619525e-02,5.830432736e-02,1.445345296e+00,0.000000000e+00,8.007570961e-02,4.449557e-16,2.538052e-18,1.840751e-18,1.653957e-03
6.220000,1.123693696e-01,1.621528356e-01,3.229395315e-02,8.098762256e-02,5.827469563e-02,1.442333327e+00,0.000000000e+00,8.016093098e-02,5.721958e-16,5.333569e-18,9.215718e-19,1.657997e-03
6.230000,1.125998750e-01,1.623302680e-01,3.213335515e-02,8.107604703e-02,5.824239914e-02,1.439269988e+00,0.000000000e+00,8.024029593e-02,3.379462e-16,6.960038e-18,4.470280e-19,1.649317e-03
6.240000,1.128268203e-01,1.625016434e-01,3.198389860e-02,8.116145232e-02,5.820744898e-02,1.436156736e+00,0.000000000e+00,8.031379256e-02,2.288849e-16,9.821609e-18,7.666467e-19,1.684621e-03
6.250000,1.130501844e-01,1.626669310e-01,3.184596334e-02,8.124382320e-02,5.816985698e-02,1.432995063e+00,0.000000000e+00,8.038141125e-02,2.483564e-16,6.072500e-18,1.688364e-18,1.653907e-03
6.260000,1.132699474e-01,1.628261024e-01,3.171990820e-02,8.132314554e-02,5.812963570e-02,1.429786499e+00,0.000000000e+00,8.044314466e-02,5.770557e-16,1.523353e-17,1.714274e-19,1.654558e-03
6.270000,1.134860907e-01,1.629791312e-01,3.160606862e-02,8.139940631e-02,5.808679840e-02,1.426532602e+00,0.000000000e+00,8.049898776e-02,4.578093e-16,9.263427e-18,4.663330e-19,1.655807e-03
6.280000,1.136985968e-01,1.631259936e-01,3.150475435e-02,8.147259360e-02,5.804135909e-02,1.423234966e+00,0.000000000e+00,8.054893775e-02,2.723019e-16,7.388701e-18,7.704704e-19,1.658297e-03
6.290000,1.139074495e-01,1.632666677e-01,3.141624727e-02,8.154269663e-02,5.799333246e-02,1.419895213e+00,0.000000000e+00,8.059299416e-02,2.498965e-16,1.176996e-17,8.741117e-19,1.680300e-03
6.300000,1.141126336e-01,1.634011341e-01,3.134079922e-02,8.160970574e-02,5.794273396e-02,1.416514994e+00,0.000000000e+00,8.063115877e-02,2.288783e-16,6.378390e-18,9.995850e-19,1.657767e-03
6.310000,1.143141354e-01,1.635293756e-01,3.127863008e-02,8.167361242e-02,5.788957972e-02,1.413095989e+00,0.000000000e+00,8.066343560e-02,1.241267e-16,1.041060e-17,1.265548e-18,1.682441e-03
6.320000,1.145119420e-01,1.636513772e-01,3.122992596e-02,8.173440929e-02,5.783388662e-02,1.409639900e+00,0.000000000e+00,8.068983097e-02,2.622131e-16,5.954235e-18,7.704704e-19,1.656557e-03
6.330000,1.147060421e-01,1.637671264e-01,3.119483758e-02,8.179209012e-02,5.777567222e-02,1.406148458e+00,0.000000000e+00,8.071035341e-02,1.394700e-16,1.310046e-17,1.872408e-18,1.655917e-03
6.340000,1.148964251e-01,1.638766129e-01,3.117347890e-02,8.184664983e-02,5.771495483e-02,1.402623412e+00,0.000000000e+00,8.072501369e-02,2.866234e-17,1.496553e-17,1.909704e-18,1.647376e-03
6.350000,1.150830821e-01,1.639798288e-01,3.116592600e-02,8.189808451e-02,5.765175343e-02,1.399066534e+00,0.000000000e+00,8.073382483e-02,2.544787e-16,8.212071e-18,4.233945e-19,1.648637e-03
6.360000,1.152660048e-01,1.640767684e-01,3.117221621e-02,8.194639138e-02,5.758608774e-02,1.395479616e+00,0.000000000e+00,8.073680202e-02,4.581805e-16,1.677152e-17,1.648736e-18,1.677850e-03
6.370000,1.154451866e-01,1.641674284e-01,3.119234756e-02,8.199156885e-02,5.751797818e-02,1.391864466e+00,0.000000000e+00,8.073396269e-02,1.665425e-16,9.995850e-18,1.521750e-18,1.648696e-03
6.380000,1.156206216e-01,1.642518080e-01,3.122627846e-02,8.203361651e-02,5.744744585e-02,1.388222907e+00,0.000000000e+00,8.072532641e-02,7.895736e-16,1.429215e-17,1.862967e-18,1.644705e-03
6.390000,1.157923053e-01,1.643299085e-01,3.127392770e-02,8.207253508e-02,5.737451258e-02,1.384556777e+00,0.000000000e+00,8.071091495e-02,6.684428e-16,8.460251e-18,1.084202e-18,1.645306e-03
6.400000,1.159602343e-01,1.644017337e-01,3.133517479e-02,8.210832650e-02,5.729920087e-02,1.380867928e+00,0.000000000e+00,8.069075220e-02,6.662784e-16,9.432559e-18,4.631714e-19,1.654437e-03
6.410000,1.161244063e-01,1.644672899e-01,3.140986051e-02,8.214099384e-02,5.722153395e-02,1.377158218e+00,0.000000000e+00,8.066486420e-02,2.723019e-16,5.963112e-19,1.872408e-18,1.675630e-03
6.420000,1.162848200e-01,1.645265854e-01,3.149778777e-02,8.217054138e-02,5.714153569e-02,1.373429518e+00,0.000000000e+00,8.063327910e-02,9.036561e-16,5.460172e-18,7.293224e-19,1.653957e-03
6.430000,1.164414755e-01,1.645796312e-01,3.159872275e-02,8.219697457e-02,5.705923070e-02,1.369683702e+00,0.000000000e+00,8.059602713e-02,8.921809e-16,1.218184e-17,1.512064e-18,1.650096e-03
6.440000,1.165943737e-01,1.646264406e-01,3.171239624e-02,8.222030003e-02,5.697464424e-02,1.365922651e+00,0.000000000e+00,8.055314062e-02,6.754671e-16,1.284963e-17,1.472680e-18,1.650866e-03
6.450000,1.167435167e-01,1.646670291e-01,3.183850518e-02,8.224052556e-02,5.688780224e-02,1.362148247e+00,0.000000000e+00,8.050465391e-02,4.590204e-16,1.020360e-17,8.257038e-19,1.638825e-03
6.460000,1.168889079e-01,1.647014148e-01,3.197671443e-02,8.225766014e-02,5.679873134e-02,1.358362374e+00,0.000000000e+00,8.045060340e-02,3.929063e-17,6.058575e-18,2.299940e-19,1.669408e-03
6.470000,1.170305514e-01,1.647296179e-01,3.212665867e-02,8.227171393e-02,5.670745882e-02,1.354566915e+00,0.000000000e+00,8.039102749e-02,4.577600e-16,6.160186e-18,1.097671e-18,1.645775e-03
6.480000,1.171684525e-01,1.647516613e-01,3.228794444e-02,8.228269825e-02,5.661401264e-02,1.350763751e+00,0.000000000e+00,8.032596656e-02,1.144392e-16,9.503946e-18,3.471141e-19,1.646885e-03
6.490000,1.173026178e-01,1.647675700e-01,3.246015224e-02,8.229062562e-02,5.651842141e-02,1.346954755e+00,0.000000000e+00,8.025546293e-02,2.501854e-16,4.722895e-18,3.160965e-19,1.655326e-03
6.500000,1.174330546e-01,1.647773714e-01,3.264283873e-02,8.229550969e-02,5.642071441e-02,1.343141797e+00,0.000000000e+00,8.017956089e-02,1.249121e-16,2.669538e-18,1.065060e-18,1.660367e-03
6.510000,1.175597714e-01,1.647810952e-01,3.283553899e-02,8.229736530e-02,5.632092153e-02,1.339326735e+00,0.000000000e+00,8.009830662e-02,6.684450e-16,1.568200e-17,3.909147e-19,1.673659e-03
6.520000,1.176827778e-01,1.647787737e-01,3.303776870e-02,8.229620845e-02,5.621907336e-02,1.335511419e+00,0.000000000e+00,8.001174816e-02,2.371437e-16,3.878960e-18,1.446506e-18,1.648736e-03
6.530000,1.178020841e-01,1.647704411e-01,3.324902645e-02,8.229205629e-02,5.611520108e-02,1.331697686e+00,0.000000000e+00,7.991993545e-02,8.443311e-17,1.517883e-18,1.533293e-19,1.654196e-03
6.540000,1.179177020e-01,1.647561342e-01,3.346879585e-02,8.228492712e-02,5.600933653e-02,1.327887357e+00,0.000000000e+00,7.982292021e-02,2.543900e-16,8.246354e-18,1.518851e-18,1.651327e-03
6.550000,1.180296439e-01,1.647358921e-01,3.369654774e-02,8.227484037e-02,5.590151215e-02,1.324082239e+00,0.000000000e+00,7.972075601e-02,6.753223e-16,7.512355e-18,3.428548e-19,1.651927e-03
6.560000,1.181379233e-01,1.647097560e-01,3.393174221e-02,8.226181664e-02,5.579176102e-02,1.320284119e+00,0.000000000e+00,7.961349816e-02,2.618513e-16,3.668707e-18,9.467388e-19,1.671888e-03
6.570000,1.182425545e-01,1.646777696e-01,3.417383059e-02,8.224587764e-02,5.568011681e-02,1.316494767e+00,0.000000000e+00,7.950120372e-02,6.843896e-16,9.571117e-18,1.530416e-18,1.644406e-03
6.580000,1.183435531e-01,1.646399787e-01,3.442225738e-02,8.222704619e-02,5.556661382e-02,1.312715928e+00,0.000000000e+00,7.938393147e-02,2.237726e-16,7.757919e-18,3.909147e-19,1.657747e-03
6.590000,1.184409353e-01,1.645964314e-01,3.467646197e-02,8.220534625e-02,5.545128691e-02,1.308949328e+00,0.000000000e+00,7.926174188e-02,2.297183e-16,5.364336e-18,1.084202e-19,1.638875e-03
6.600000,1.185347183e-01,1.645471780e-01,3.493588036e-02,8.218080285e-02,5.533417156e-02,1.305196663e+00,0.000000000e+00,7.913469707e-02,1.110359e-16,1.119409e-17,1.172744e-18,1.643505e-03
6.610000,1.186249203e-01,1.644922709e-01,3.519994670e-02,8.215344215e-02,5.521530381e-02,1.301459608e+00,0.000000000e+00,7.900286078e-02,3.342214e-16,7.208110e-18,5.339077e-19,1.665798e-03
6.620000,1.187115604e-01,1.644317649e-01,3.546809476e-02,8.212329137e-02,5.509472029e-02,1.297739806e+00,0.000000000e+00,7.886629838e-02,8.886120e-16,5.918592e-18,4.848700e-19,1.645565e-03
6.630000,1.187946584e-01,1.643657167e-01,3.573975922e-02,8.209037879e-02,5.497245816e-02,1.294038872e+00,0.000000000e+00,7.872507676e-02,4.577600e-16,1.830215e-17,7.761706e-19,1.645756e-03
6.640000,1.188742351e-01,1.642941854e-01,3.601437694e-02,8.205473379e-02,5.484855516e-02,1.290358389e+00,0.000000000e+00,7.857926439e-02,3.108013e-17,6.523258e-18,8.690542e-19,1.640725e-03
6.650000,1.189503123e-01,1.642172319e-01,3.629138803e-02,8.201638674e-02,5.472304958e-02,1.286699910e+00,0.000000000e+00,7.842893122e-02,2.844153e-16,8.208492e-18,1.530416e-18,1.645526e-03
6.660000,1.190229124e-01,1.641349195e-01,3.657023689e-02,8.197536910e-02,5.459598022e-02,1.283064952e+00,0.000000000e+00,7.827414867e-02,4.710277e-16,4.119968e-18,9.817868e-19,1.669058e-03
6.670000,1.190920588e-01,1.640473132e-01,3.685037308e-02,8.193171330e-02,5.446738642e-02,1.279454999e+00,0.000000000e+00,7.811498962e-02,6.684450e-16,1.492266e-17,2.424350e-19,1.648236e-03
6.680000,1.191577755e-01,1.639544802e-01,3.713125216e-02,8.188545280e-02,5.433730804e-02,1.275871497e+00,0.000000000e+00,7.795152835e-02,2.622131e-16,7.269816e-18,7.761706e-19,1.651516e-03
6.690000,1.192200876e-01,1.638564899e-01,3.741233642e-02,8.183662205e-02,5.420578544e-02,1.272315856e+00,0.000000000e+00,7.778384053e-02,5.553825e-17,1.275494e-17,1.192622e-18,1.654107e-03
6.700000,1.192790207e-01,1.637534132e-01,3.769309546e-02,8.178525646e-02,5.407285947e-02,1.268789448e+00,0.000000000e+00,7.761200316e-02,2.242092e-16,3.035766e-18,3.297472e-19,1.654967e-03
6.710000,1.193346014e-01,1.636453232e-01,3.797300684e-02,8.173139240e-02,5.393857146e-02,1.265293607e+00,0.000000000e+00,7.743609459e-02,2.237726e-16,1.140836e-17,5.448048e-19,1.694872e-03
6.720000,1.193868568e-01,1.635322949e-01,3.825155650e-02,8.167506719e-02,5.380296322e-02,1.261829624e+00,0.000000000e+00,7.725619440e-02,4.588106e-16,8.845389e-18,8.467890e-19,1.662838e-03
6.730000,1.194358150e-01,1.634144050e-01,3.852823922e-02,8.161631905e-02,5.366607704e-02,1.258398754e+00,0.000000000e+00,7.707238349e-02,2.375558e-16,9.697399e-18,1.105674e-18,1.647236e-03
6.740000,1.194815048e-01,1.632917322e-01,3.880255899e-02,8.155518712e-02,5.352795562e-02,1.255002207e+00,0.000000000e+00,7.688474392e-02,3.682193e-16,3.705371e-18,1.067815e-18,1.644095e-03
6.750000,1.195239555e-01,1.631643568e-01,3.907402935e-02,8.149171141e-02,5.338864213e-02,1.251641153e+00,0.000000000e+00,7.669335897e-02,2.618513e-16,1.383027e-17,1.192622e-18,1.646956e-03
6.760000,1.195631972e-01,1.630323609e-01,3.934217359e-02,8.142593280e-02,5.324818014e-02,1.248316721e+00,0.000000000e+00,7.649831307e-02,3.610934e-16,8.330737e-18,6.505213e-19,1.663378e-03
6.770000,1.195992608e-01,1.628958284e-01,3.960652508e-02,8.135789302e-02,5.310661366e-02,1.245029995e+00,0.000000000e+00,7.629969178e-02,4.440892e-16,8.420559e-18,3.909147e-19,1.640525e-03
6.780000,1.196321778e-01,1.627548446e-01,3.986662737e-02,8.128763462e-02,5.296398708e-02,1.241782019e+00,0.000000000e+00,7.609758174e-02,1.394700e-16,3.469447e-18,3.428548e-19,1.655667e-03
6.790000,1.196619803e-01,1.626094967e-01,4.012203440e-02,8.121520094e-02,5.282034518e-02,1.238573794e+00,0.000000000e+00,7.589207065e-02,4.475452e-16,1.111611e-17,6.505213e-19,1.636754e-03
6.800000,1.196887010e-01,1.624598732e-01,4.037231062e-02,8.114063611e-02,5.267573312e-02,1.235406276e+00,0.000000000e+00,7.568324724e-02,5.978759e-16,7.672598e-18,5.114171e-19,1.623542e-03
6.810000,1.197123734e-01,1.623060643e-01,4.061703110e-02,8.106398502e-02,5.253019643e-02,1.232280382e+00,0.000000000e+00,7.547120123e-02,5.559782e-16,3.127317e-18,9.697399e-19,1.647736e-03
6.820000,1.197330314e-01,1.621481617e-01,4.085578160e-02,8.098529328e-02,5.238378095e-02,1.229196983e+00,0.000000000e+00,7.525602332e-02,5.089603e-16,7.961322e-18,4.370559e-19,1.625103e-03
6.830000,1.197507096e-01,1.619862583e-01,4.108815865e-02,8.090460724e-02,5.223653290e-02,1.226156912e+00,0.000000000e+00,7.503780513e-02,6.080942e-16,1.144950e-17,2.424350e-19,1.625133e-03
6.840000,1.197654433e-01,1.618204487e-01,4.131376958e-02,8.082197390e-02,5.208849879e-02,1.223160956e+00,0.000000000e+00,7.481663915e-02,2.618513e-16,1.502940e-17,9.817868e-19,1.642565e-03
6.850000,1.197772681e-01,1.616508285e-01,4.153223258e-02,8.073744097e-02,5.193972542e-02,1.220209863e+00,0.000000000e+00,7.459261878e-02,2.543841e-16,7.372575e-18,7.666467e-19,1.636135e-03
6.860000,1.197862203e-01,1.614774948e-01,4.174317671e-02,8.065105675e-02,5.179025992e-02,1.217304343e+00,0.000000000e+00,7.436583822e-02,2.989367e-16,1.474515e-17,3.909147e-19,1.632724e-03
6.870000,1.197923368e-01,1.613005458e-01,4.194624191e-02,8.056287019e-02,5.164014967e-02,1.214445061e+00,0.000000000e+00,7.413639249e-02,5.667849e-16,7.359808e-18,4.470280e-19,1.639624e-03
6.880000,1.197956548e-01,1.611200812e-01,4.214107902e-02,8.047293081e-02,5.148944229e-02,1.211632648e+00,0.000000000e+00,7.390437736e-02,6.684428e-16,1.250927e-17,2.710505e-19,1.638514e-03
6.890000,1.197962123e-01,1.609362013e-01,4.232734977e-02,8.038128872e-02,5.133818568e-02,1.208867695e+00,0.000000000e+00,7.366988935e-02,4.577600e-16,3.496447e-18,5.421011e-20,1.664548e-03
6.900000,1.197940475e-01,1.607490079e-01,4.250472681e-02,8.028799454e-02,5.118642794e-02,1.206150755e+00,0.000000000e+00,7.343302568e-02,4.585974e-16,3.576224e-18,4.997925e-19,1.642205e-03
6.910000,1.197891993e-01,1.605586037e-01,4.267289365e-02,8.019309941e-02,5.103421740e-02,1.203482346e+00,0.000000000e+00,7.319388423e-02,6.667118e-16,8.940560e-18,8.824766e-19,1.638004e-03
6.920000,1.197817069e-01,1.603650923e-01,4.283154468e-02,8.009665496e-02,5.088160256e-02,1.200862952e+00,0.000000000e+00,7.295256353e-02,1.777309e-16,1.761086e-17,1.533293e-19,1.637155e-03
6.930000,1.197716100e-01,1.601685784e-01,4.298038517e-02,7.999871328e-02,5.072863213e-02,1.198293023e+00,0.000000000e+00,7.270916271e-02,2.242025e-16,5.222209e-18,7.608751e-19,1.638635e-03
6.940000,1.197589489e-01,1.599691673e-01,4.311913124e-02,7.989932690e-02,5.057535497e-02,1.195772977e+00,0.000000000e+00,7.246378149e-02,3.855928e-16,3.127317e-18,5.528368e-19,1.665388e-03
6.950000,1.197437639e-01,1.597669653e-01,4.324750983e-02,7.979854873e-02,5.042182006e-02,1.193303201e+00,0.000000000e+00,7.221652009e-02,1.923041e-16,3.496447e-18,2.424350e-19,1.672229e-03
6.960000,1.197260963e-01,1.595620795e-01,4.336525875e-02,7.969643209e-02,5.026807654e-02,1.190884053e+00,0.000000000e+00,7.196747929e-02,3.376612e-16,3.576224e-18,2.424350e-19,1.634934e-03
6.970000,1.197059872e-01,1.593546175e-01,4.347212659e-02,7.959303063e-02,5.011417365e-02,1.188515864e+00,0.000000000e+00,7.171676030e-02,5.578829e-16,4.906539e-18,9.467388e-19,1.647766e-03
6.980000,1.196834784e-01,1.591446878e-01,4.356787277e-02,7.948839834e-02,4.996016073e-02,1.186198937e+00,0.000000000e+00,7.146446481e-02,2.775558e-17,1.939480e-17,8.690542e-19,1.621343e-03
6.990000,1.196586121e-01,1.589323993e-01,4.365226749e-02,7.938258949e-02,4.980608718e-02,1.183933553e+00,0.000000000e+00,7.121069490e-02,4.475452e-16,8.673617e-18,3.428548e-19,1.618682e-03
7.000000,1.196314307e-01,1.587178614e-01,4.372509176e-02,7.927565862e-02,4.965200247e-02,1.181719969e+00,0.000000000e+00,7.095555302e-02,2.618513e-16,8.542522e-18,4.470280e-19,1.626743e-03
7.010000,1.196019770e-01,1.585011842e-01,4.378613734e-02,7.916766054e-02,4.949795610e-02,1.179558421e+00,0.000000000e+00,7.069914199e-02,5.551115e-17,5.485677e-18,9.087270e-19,1.614061e-03
7.020000,1.195702940e-01,1.582824781e-01,4.383520680e-02,7.905865025e-02,4.934399762e-02,1.177449125e+00,0.000000000e+00,7.044156492e-02,1.394700e-16,7.410742e-18,5.838607e-19,1.652866e-03
7.030000,1.195364253e-01,1.580618539e-01,4.387211345e-02,7.894868294e-02,4.919017655e-02,1.175392281e+00,0.000000000e+00,7.018292523e-02,1.110359e-16,4.670886e-18,5.421011e-20,1.644845e-03
7.040000,1.195004146e-01,1.578394227e-01,4.389668138e-02,7.883781397e-02,4.903654242e-02,1.173388073e+00,0.000000000e+00,6.992332654e-02,4.654784e-16,6.774312e-18,7.761706e-19,1.653106e-03
7.050000,1.194623058e-01,1.576152958e-01,4.390874547e-02,7.872609882e-02,4.888314470e-02,1.171436670e+00,0.000000000e+00,6.966287273e-02,6.661338e-16,4.906539e-18,9.326660e-19,1.675339e-03
7.060000,1.194221432e-01,1.573895848e-01,4.390815136e-02,7.861359309e-02,4.873003285e-02,1.169538229e+00,0.000000000e+00,6.940166784e-02,2.501854e-16,1.072867e-17,4.233945e-19,1.648765e-03
7.070000,1.193799714e-01,1.571624014e-01,4.389475546e-02,7.850035247e-02,4.857725622e-02,1.167692897e+00,0.000000000e+00,6.913981605e-02,1.110570e-15,1.734723e-18,1.052570e-18,1.673559e-03
7.080000,1.193358352e-01,1.569338576e-01,4.386842498e-02,7.838643268e-02,4.842486410e-02,1.165900814e+00,0.000000000e+00,6.887742168e-02,6.805800e-16,3.469447e-18,6.527762e-19,1.655676e-03
7.090000,1.192897796e-01,1.567040652e-01,4.382903793e-02,7.827188947e-02,4.827290565e-02,1.164162111e+00,0.000000000e+00,6.861458910e-02,5.721985e-16,4.336809e-18,4.599880e-19,1.660707e-03
7.100000,1.192418497e-01,1.564731360e-01,4.377648311e-02,7.815677862e-02,4.812142993e-02,1.162476915e+00,0.000000000e+00,6.835142274e-02,4.871115e-16,1.163688e-17,3.909147e-19,1.665007e-03
7.110000,1.191920912e-01,1.562411821e-01,4.371066016e-02,7.804115586e-02,4.797048584e-02,1.160845348e+00,0.000000000e+00,6.808802707e-02,2.486410e-16,4.906539e-18,1.626303e-19,1.645815e-03
7.120000,1.191405496e-01,1.560083149e-01,4.363147956e-02,7.792507689e-02,4.782012212e-02,1.159267533e+00,0.000000000e+00,6.782450650e-02,2.543841e-16,7.757919e-18,3.428548e-19,1.666408e-03
7.130000,1.190872708e-01,1.557746463e-01,4.353886263e-02,7.780859731e-02,4.767038732e-02,1.157743590e+00,0.000000000e+00,6.756096542e-02,1.332340e-15,6.992894e-18,9.995850e-19,1.653216e-03
7.140000,1.190323008e-01,1.555402876e-01,4.343274159e-02,7.769177265e-02,4.752132979e-02,1.156273643e+00,0.000000000e+00,6.729750810e-02,2.844153e-16,5.204170e-18,3.297472e-19,1.652066e-03
7.150000,1.189756857e-01,1.553053498e-01,4.331305957e-02,7.757465830e-02,4.737299768e-02,1.154857818e+00,0.000000000e+00,6.703423873e-02,5.551115e-17,1.939480e-18,0.000000e+00,1.668268e-03
7.160000,1.189174720e-01,1.550699440e-01,4.317977064e-02,7.745730953e-02,4.722543887e-02,1.153496244e+00,0.000000000e+00,6.677126131e-02,1.570092e-16,5.485677e-18,2.168404e-19,1.657977e-03
7.170000,1.188577061e-01,1.548341805e-01,4.303283983e-02,7.733978141e-02,4.707870100e-02,1.152189057e+00,0.000000000e+00,6.650867967e-02,2.237793e-16,0.000000e+00,3.909147e-19,1.667078e-03
7.180000,1.187964346e-01,1.545981695e-01,4.287224319e-02,7.722212884e-02,4.693283144e-02,1.150936401e+00,0.000000000e+00,6.624659741e-02,4.579703e-16,5.485677e-18,3.909147e-19,1.645845e-03
7.190000,1.187337042e-01,1.543620208e-01,4.269796782e-02,7.710440649e-02,4.678787724e-02,1.149738426e+00,0.000000000e+00,6.598511788e-02,1.249001e-16,2.453269e-18,3.297472e-19,1.645215e-03
7.200000,1.186695618e-01,1.541258434e-01,4.251001189e-02,7.698666882e-02,4.664388515e-02,1.148595291e+00,0.000000000e+00,6.572434414e-02,4.965099e-16,0.000000e+00,3.428548e-19,1.667018e-03
7.210000,1.186040543e-01,1.538897461e-01,4.230838477e-02,7.686897002e-02,4.650090158e-02,1.147507168e+00,0.000000000e+00,6.546437890e-02,2.482534e-16,1.323970e-17,1.626303e-19,1.637274e-03
7.220000,1.185372288e-01,1.536538372e-01,4.209310698e-02,7.675136399e-02,4.635897260e-02,1.146474238e+00,0.000000000e+00,6.520532454e-02,2.237726e-16,8.716878e-18,4.848700e-19,1.651706e-03
7.230000,1.184691323e-01,1.534182240e-01,4.186421033e-02,7.663390436e-02,4.621814389e-02,1.145496695e+00,0.000000000e+00,6.494728303e-02,3.682193e-16,3.576224e-18,2.168404e-19,1.640164e-03
7.240000,1.183998121e-01,1.531830135e-01,4.162173798e-02,7.651664443e-02,4.607846075e-02,1.144574743e+00,0.000000000e+00,6.469035590e-02,1.582311e-16,1.390487e-17,7.589415e-19,1.637174e-03
7.250000,1.183293155e-01,1.529483120e-01,4.136574449e-02,7.639963718e-02,4.593996809e-02,1.143708603e+00,0.000000000e+00,6.443464424e-02,5.614933e-16,4.336809e-18,5.421011e-19,1.666958e-03
7.260000,1.182576896e-01,1.527142249e-01,4.109629593e-02,7.628293521e-02,4.580271035e-02,1.142898506e+00,0.000000000e+00,6.418024861e-02,2.237793e-16,4.770490e-18,1.084202e-19,1.644885e-03
7.270000,1.181849818e-01,1.524808571e-01,4.081346996e-02,7.616659079e-02,4.566673156e-02,1.142144700e+00,0.000000000e+00,6.392726905e-02,2.371501e-16,1.055191e-17,1.626303e-19,1.648916e-03
7.280000,1.181112395e-01,1.522483126e-01,4.051735595e-02,7.605065576e-02,4.553207527e-02,1.141447445e+00,0.000000000e+00,6.367580503e-02,6.758924e-16,3.496447e-18,1.148692e-18,1.658507e-03
7.290000,1.180365102e-01,1.520166945e-01,4.020805512e-02,7.593518160e-02,4.539878457e-02,1.140807016e+00,0.000000000e+00,6.342595541e-02,1.777224e-16,5.898698e-18,2.424350e-19,1.649016e-03
7.300000,1.179608411e-01,1.517861052e-01,3.988568062e-02,7.582021935e-02,4.526690203e-02,1.140223701e+00,0.000000000e+00,6.317781841e-02,2.498062e-16,8.673617e-18,1.533293e-19,1.667298e-03
7.310000,1.178842797e-01,1.515566463e-01,3.955035774e-02,7.570581962e-02,4.513646971e-02,1.139697805e+00,0.000000000e+00,6.293149157e-02,5.551115e-17,4.091337e-18,2.710505e-19,1.646926e-03
7.320000,1.178068735e-01,1.513284182e-01,3.920222403e-02,7.559203258e-02,4.500752913e-02,1.139229642e+00,0.000000000e+00,6.268707173e-02,2.498002e-16,5.222209e-18,2.424350e-19,1.646205e-03
7.330000,1.177286697e-01,1.511015207e-01,3.884142952e-02,7.547890793e-02,4.488012129e-02,1.138819544e+00,0.000000000e+00,6.244465496e-02,6.805778e-16,8.420559e-18,5.659701e-19,1.643565e-03
7.340000,1.176497158e-01,1.508760524e-01,3.846813690e-02,7.536649492e-02,4.475428657e-02,1.138467853e+00,0.000000000e+00,6.220433657e-02,1.249001e-16,6.024887e-18,1.212175e-19,1.649496e-03
7.350000,1.175700592e-01,1.506521112e-01,3.808252178e-02,7.525484229e-02,4.463006482e-02,1.138174923e+00,0.000000000e+00,6.196621103e-02,8.326673e-17,3.469447e-18,4.370559e-19,1.679909e-03
7.360000,1.174897470e-01,1.504297938e-01,3.768477295e-02,7.514399831e-02,4.450749526e-02,1.137941120e+00,0.000000000e+00,6.173037198e-02,1.387779e-17,4.271261e-18,0.000000e+00,1.644405e-03
7.370000,1.174088267e-01,1.502091958e-01,3.727509264e-02,7.503401072e-02,4.438661649e-02,1.137766820e+00,0.000000000e+00,6.149691216e-02,6.661338e-16,5.637851e-18,1.212175e-19,1.654156e-03
7.380000,1.173273453e-01,1.499904120e-01,3.685369688e-02,7.492492675e-02,4.426746648e-02,1.137652409e+00,0.000000000e+00,6.126592339e-02,1.665335e-16,1.301043e-18,2.168404e-19,1.654696e-03
7.390000,1.172453501e-01,1.497735360e-01,3.642081586e-02,7.481679312e-02,4.415008258e-02,1.137598278e+00,0.000000000e+00,6.103749651e-02,1.144523e-16,7.757919e-18,4.370559e-19,1.648436e-03
7.400000,1.171628880e-01,1.495586604e-01,3.597669433e-02,7.470965600e-02,4.403450143e-02,1.137604828e+00,0.000000000e+00,6.081172139e-02,3.521788e-16,1.939480e-18,1.212175e-19,1.667688e-03
7.410000,1.170800062e-01,1.493458766e-01,3.552159206e-02,7.460356103e-02,4.392075902e-02,1.137672465e+00,0.000000000e+00,6.058868687e-02,2.501914e-16,3.496447e-18,3.297472e-19,1.645315e-03
7.420000,1.169967514e-01,1.491352751e-01,3.505578440e-02,7.449855327e-02,4.380889064e-02,1.137801597e+00,0.000000000e+00,6.036848072e-02,1.387779e-16,3.878960e-18,3.523657e-19,1.649476e-03
7.430000,1.169131705e-01,1.489269450e-01,3.457956278e-02,7.439467727e-02,4.369893087e-02,1.137992635e+00,0.000000000e+00,6.015118961e-02,5.553825e-17,1.939480e-18,1.212175e-19,1.654386e-03
7.440000,1.168293102e-01,1.487209744e-01,3.409323544e-02,7.429197699e-02,4.359091357e-02,1.138245992e+00,0.000000000e+00,5.993689907e-02,5.551115e-17,3.878960e-18,4.470280e-19,1.647855e-03
7.450000,1.167452172e-01,1.485174504e-01,3.359712811e-02,7.419049580e-02,4.348487186e-02,1.138562077e+00,0.000000000e+00,5.972569349e-02,6.714612e-16,7.359808e-18,2.424350e-19,1.668158e-03
7.460000,1.166609378e-01,1.483164587e-01,3.309158484e-02,7.409027653e-02,4.338083811e-02,1.138941298e+00,0.000000000e+00,5.951765602e-02,3.775166e-16,4.336809e-19,1.212175e-19,1.654416e-03
7.470000,1.165765184e-01,1.481180839e-01,3.257696894e-02,7.399136142e-02,4.327884393e-02,1.139384058e+00,0.000000000e+00,5.931286862e-02,1.777224e-16,3.127317e-18,2.710505e-20,1.650755e-03
7.480000,1.164920053e-01,1.479224097e-01,3.205366401e-02,7.389379211e-02,4.317892014e-02,1.139890750e+00,0.000000000e+00,5.911141194e-02,1.394808e-16,1.734723e-18,2.710505e-19,1.657046e-03
7.490000,1.164074446e-01,1.477295181e-01,3.152207507e-02,7.379760966e-02,4.308109680e-02,1.140461761e+00,0.000000000e+00,5.891336536e-02,2.543841e-16,3.878960e-18,1.648736e-19,1.670428e-03
7.500000,1.163228821e-01,1.475394904e-01,3.098262994e-02,7.370285456e-02,4.298540315e-02,1.141097464e+00,0.000000000e+00,5.871880691e-02,2.543900e-16,3.679904e-18,2.185279e-19,1.656287e-03
7.510000,1.162383636e-01,1.473524064e-01,3.043578061e-02,7.360956666e-02,4.289186761e-02,1.141798221e+00,0.000000000e+00,5.852781325e-02,1.110223e-16,6.774312e-18,2.919304e-19,1.653886e-03
7.520000,1.161539349e-01,1.471683449e-01,2.988200501e-02,7.351778524e-02,4.280051778e-02,1.142564376e+00,0.000000000e+00,5.834045966e-02,4.518280e-16,6.774312e-18,3.352710e-19,1.680840e-03
7.530000,1.160696413e-01,1.469873833e-01,2.932180876e-02,7.342754897e-02,4.271138045e-02,1.143396255e+00,0.000000000e+00,5.815681998e-02,4.577567e-16,2.453269e-18,6.060874e-20,1.658657e-03
7.540000,1.159855280e-01,1.468095978e-01,2.875572735e-02,7.333889592e-02,4.262448153e-02,1.144294164e+00,0.000000000e+00,5.797696657e-02,5.667849e-16,5.244670e-18,2.710505e-19,1.653936e-03
7.550000,1.159016403e-01,1.466350636e-01,2.818432840e-02,7.325186354e-02,4.253984610e-02,1.145258386e+00,0.000000000e+00,5.780097033e-02,3.723842e-16,1.517883e-18,1.954573e-19,1.660937e-03
7.560000,1.158180229e-01,1.464638545e-01,2.760821439e-02,7.316648870e-02,4.245749835e-02,1.146289179e+00,0.000000000e+00,5.762890062e-02,4.847334e-16,4.074062e-18,2.424350e-19,1.662447e-03
7.570000,1.157347205e-01,1.462960431e-01,2.702802554e-02,7.308280761e-02,4.237746161e-02,1.147386774e+00,0.000000000e+00,5.746082525e-02,4.586007e-16,2.538052e-18,2.185279e-19,1.686510e-03
7.580000,1.156517777e-01,1.461317007e-01,2.644444315e-02,7.300085592e-02,4.229975834e-02,1.148551371e+00,0.000000000e+00,5.729681045e-02,1.153298e-16,1.939480e-18,6.060874e-20,1.655837e-03
7.590000,1.155692387e-01,1.459708975e-01,2.585819332e-02,7.292066862e-02,4.222441007e-02,1.149783138e+00,0.000000000e+00,5.713692083e-02,2.225049e-16,3.998340e-18,3.252607e-19,1.656437e-03
7.600000,1.154871475e-01,1.458137025e-01,2.527005106e-02,7.284228012e-02,4.215143748e-02,1.151082209e+00,0.000000000e+00,5.698121938e-02,6.759013e-16,2.335443e-18,2.315857e-19,1.661017e-03
7.610000,1.154055481e-01,1.456601832e-01,2.468084491e-02,7.276572419e-02,4.208086029e-02,1.152448683e+00,0.000000000e+00,5.682976741e-02,5.724587e-17,3.496447e-18,5.587850e-20,1.661047e-03
7.620000,1.153244838e-01,1.455104062e-01,2.409146206e-02,7.269103398e-02,4.201269734e-02,1.153882616e+00,0.000000000e+00,5.668262454e-02,1.118863e-16,1.563659e-18,1.092640e-19,1.681100e-03
7.630000,1.152439982e-01,1.453644365e-01,2.350285397e-02,7.261824202e-02,4.194696654e-02,1.155384028e+00,0.000000000e+00,5.653984867e-02,3.510876e-16,3.496447e-18,4.065758e-20,1.659397e-03
7.640000,1.151641342e-01,1.452223381e-01,2.291604258e-02,7.254738022e-02,4.188368486e-02,1.156952892e+00,0.000000000e+00,5.640149597e-02,4.449693e-16,4.848700e-19,1.149970e-19,1.693821e-03
7.650000,1.150849346e-01,1.450841736e-01,2.233212703e-02,7.247847986e-02,4.182286835e-02,1.158589138e+00,0.000000000e+00,5.626762083e-02,1.116193e-15,1.990331e-18,5.821280e-19,1.664977e-03
7.660000,1.150064421e-01,1.449500046e-01,2.175229100e-02,7.241157160e-02,4.176453211e-02,1.160292649e+00,0.000000000e+00,5.613827583e-02,1.144523e-16,1.371419e-18,1.648736e-19,1.663307e-03
7.670000,1.149286989e-01,1.448198910e-01,2.117781043e-02,7.234668544e-02,4.170869030e-02,1.162063257e+00,0.000000000e+00,5.601351176e-02,4.449591e-16,2.845902e-18,5.587850e-20,1.657366e-03
7.680000,1.148517469e-01,1.446938918e-01,2.061006163e-02,7.228385079e-02,4.165535614e-02,1.163900747e+00,0.000000000e+00,5.589337756e-02,8.328479e-17,1.305552e-18,2.710505e-20,1.659626e-03
7.690000,1.147756278e-01,1.445720646e-01,2.005052968e-02,7.222309639e-02,4.160454188e-02,1.165804850e+00,0.000000000e+00,5.577792033e-02,1.110223e-16,3.066587e-19,4.065758e-20,1.688831e-03
7.700000,1.147003831e-01,1.444544656e-01,1.950081658e-02,7.216445033e-02,4.155625883e-02,1.167775242e+00,0.000000000e+00,5.566718524e-02,2.220717e-16,4.396370e-18,3.030437e-20,1.657876e-03
7.710000,1.146260537e-01,1.443411499e-01,1.896264911e-02,7.210794010e-02,4.151051733e-02,1.169811546e+00,0.000000000e+00,5.556121562e-02,6.684450e-16,2.082376e-18,6.060874e-20,1.652855e-03
7.720000,1.145526806e-01,1.442321712e-01,1.843788553e-02,7.205359249e-02,4.146732675e-02,1.171913329e+00,0.000000000e+00,5.546005284e-02,1.110223e-16,2.949349e-18,7.203267e-20,1.654566e-03
7.730000,1.144803039e-01,1.441275820e-01,1.792852065e-02,7.200143368e-02,4.142669551e-02,1.174080097e+00,0.000000000e+00,5.536373635e-02,2.498002e-16,2.219472e-18,4.338926e-20,1.664377e-03
7.740000,1.144089640e-01,1.440274332e-01,1.743668813e-02,7.195148916e-02,4.138863106e-02,1.176311301e+00,0.000000000e+00,5.527230363e-02,5.835301e-16,4.663330e-18,7.666467e-20,1.676769e-03
7.750000,1.143387004e-01,1.439317746e-01,1.696465894e-02,7.190378377e-02,4.135313988e-02,1.178606331e+00,0.000000000e+00,5.518579021e-02,4.654784e-16,3.259827e-18,6.060874e-20,1.652616e-03
7.760000,1.142695526e-01,1.438406547e-01,1.651483455e-02,7.185834168e-02,4.132022748e-02,1.180964516e+00,0.000000000e+00,5.510422962e-02,2.237726e-16,2.677782e-18,4.338926e-20,1.671249e-03
7.770000,1.142015596e-01,1.437541205e-01,1.608973322e-02,7.181518638e-02,4.128989841e-02,1.183385126e+00,0.000000000e+00,5.502765340e-02,8.899182e-16,3.066587e-18,2.498963e-19,1.658056e-03
7.780000,1.141347601e-01,1.436722178e-01,1.569196760e-02,7.177434068e-02,4.126215625e-02,1.185867368e+00,0.000000000e+00,5.495609107e-02,6.753245e-16,1.318989e-18,1.767033e-19,1.657977e-03
7.790000,1.140691923e-01,1.435949908e-01,1.532421220e-02,7.173582670e-02,4.123700360e-02,1.188410388e+00,0.000000000e+00,5.488957013e-02,2.292987e-16,2.682168e-18,1.227234e-19,1.663547e-03
7.800000,1.140048940e-01,1.435224824e-01,1.498915930e-02,7.169966587e-02,4.121444210e-02,1.191013270e+00,0.000000000e+00,5.482811604e-02,2.719535e-16,1.226635e-18,8.381775e-20,1.659876e-03
7.810000,1.139419028e-01,1.434547342e-01,1.468946266e-02,7.166587890e-02,4.119447244e-02,1.193675035e+00,0.000000000e+00,5.477175222e-02,8.920798e-16,3.496447e-18,2.441572e-19,1.677049e-03
7.820000,1.138802557e-01,1.433917862e-01,1.442766974e-02,7.163448579e-02,4.117709433e-02,1.196394644e+00,0.000000000e+00,5.472050004e-02,7.792597e-16,1.371419e-18,8.809143e-20,1.656126e-03
7.830000,1.138199894e-01,1.433336770e-01,1.420614416e-02,7.160550581e-02,4.116230652e-02,1.199170995e+00,0.000000000e+00,5.467437879e-02,4.449693e-16,3.066587e-18,1.916617e-20,1.653016e-03
7.840000,1.137611400e-01,1.432804438e-01,1.402698236e-02,7.157895752e-02,4.115010681e-02,1.202002924e+00,0.000000000e+00,5.463340571e-02,2.293052e-16,2.168404e-18,1.103096e-19,1.643624e-03
7.850000,1.137037433e-01,1.432321223e-01,1.389192977e-02,7.155485870e-02,4.114049204e-02,1.204889209e+00,0.000000000e+00,5.459759597e-02,1.127971e-16,1.748223e-18,4.079851e-20,1.648865e-03
7.860000,1.136478347e-01,1.431887465e-01,1.380230338e-02,7.153322639e-02,4.113345812e-02,1.207828566e+00,0.000000000e+00,5.456696263e-02,4.847334e-16,2.168404e-19,1.375849e-19,1.669167e-03
7.870000,1.135934489e-01,1.431503491e-01,1.375892809e-02,7.151407688e-02,4.112899999e-02,1.210819651e+00,0.000000000e+00,5.454151671e-02,6.938894e-16,8.940560e-19,1.097357e-19,1.646444e-03
7.880000,1.135406204e-01,1.431169612e-01,1.376209344e-02,7.149742566e-02,4.112711166e-02,1.213861064e+00,0.000000000e+00,5.452126712e-02,4.449693e-16,4.336809e-19,9.583084e-20,1.643094e-03
7.890000,1.134893830e-01,1.430886122e-01,1.381153594e-02,7.148328743e-02,4.112778620e-02,1.216951346e+00,0.000000000e+00,5.450622070e-02,2.288849e-16,1.226635e-18,2.894821e-20,1.647325e-03
7.900000,1.134397702e-01,1.430653300e-01,1.390644886e-02,7.147167609e-02,4.113101577e-02,1.220088983e+00,0.000000000e+00,5.449638219e-02,2.237793e-16,1.788112e-18,3.030437e-20,1.654986e-03
7.910000,1.133918148e-01,1.430471407e-01,1.404551868e-02,7.146260472e-02,4.113679159e-02,1.223272406e+00,0.000000000e+00,5.449175426e-02,2.001558e-16,2.168404e-18,5.421011e-20,1.671858e-03
7.920000,1.133455493e-01,1.430340690e-01,1.422698392e-02,7.145608558e-02,4.114510396e-02,1.226499993e+00,0.000000000e+00,5.449233751e-02,2.288849e-16,1.939480e-18,3.030437e-20,1.649775e-03
7.930000,1.133010055e-01,1.430261378e-01,1.444871012e-02,7.145213007e-02,4.115594229e-02,1.229770070e+00,0.000000000e+00,5.449813043e-02,2.482777e-16,3.035766e-18,1.694066e-20,1.647245e-03
7.940000,1.132582146e-01,1.430233680e-01,1.470827369e-02,7.145074874e-02,4.116929507e-02,1.233080913e+00,0.000000000e+00,5.450912948e-02,1.118863e-16,2.602085e-18,4.285685e-20,1.646775e-03
7.950000,1.132172076e-01,1.430257792e-01,1.500304728e-02,7.145195127e-02,4.118514991e-02,1.236430750e+00,0.000000000e+00,5.452532902e-02,2.551459e-16,2.776912e-18,1.900074e-19,1.656386e-03
7.960000,1.131780145e-01,1.430333890e-01,1.533028084e-02,7.145574644e-02,4.120349353e-02,1.239817764e+00,0.000000000e+00,5.454672139e-02,1.671467e-16,2.602085e-18,1.396963e-20,1.664537e-03
7.970000,1.131406651e-01,1.430462132e-01,1.568717375e-02,7.146214214e-02,4.122431178e-02,1.243240092e+00,0.000000000e+00,5.457329683e-02,8.333898e-17,1.226635e-18,1.515219e-20,1.644034e-03
7.980000,1.131051884e-01,1.430642657e-01,1.607093559e-02,7.147114532e-02,4.124758964e-02,1.246695830e+00,0.000000000e+00,5.460504360e-02,1.110765e-16,1.939480e-18,2.793925e-20,1.655246e-03
7.990000,1.130716129e-01,1.430875587e-01,1.647883455e-02,7.148276201e-02,4.127331123e-02,1.250183033e+00,0.000000000e+00,5.464194787e-02,6.804385e-16,1.788112e-18,3.196357e-20,1.646185e-03
8.000000,1.130399664e-01,1.431161023e-01,1.690823373e-02,7.149699730e-02,4.130145983e-02,1.253699718e+00,0.000000000e+00,5.468399384e-02,2.237726e-16,1.939480e-18,3.030437e-20,1.656256e-03
8.010000,1.130102762e-01,1.431499048e-01,1.735661646e-02,7.151385529e-02,4.133201789e-02,1.257243868e+00,0.000000000e+00,5.473116368e-02,6.805800e-16,0.000000e+00,1.355253e-20,1.681180e-03
8.020000,1.129825689e-01,1.431889725e-01,1.782160233e-02,7.153333912e-02,4.136496702e-02,1.260813432e+00,0.000000000e+00,5.478343758e-02,1.777224e-16,1.734723e-18,2.710505e-20,1.643835e-03
8.030000,1.129568705e-01,1.432333098e-01,1.830095562e-02,7.155545094e-02,4.140028803e-02,1.264406328e+00,0.000000000e+00,5.484079375e-02,3.342259e-16,3.469447e-18,1.097357e-19,1.645994e-03
8.040000,1.129332064e-01,1.432829188e-01,1.879258779e-02,7.158019185e-02,4.143796092e-02,1.268020446e+00,0.000000000e+00,5.490320844e-02,2.498243e-16,1.734723e-18,2.894821e-20,1.645605e-03
8.050000,1.129116012e-01,1.433377999e-01,1.929455568e-02,7.160756196e-02,4.147796491e-02,1.271653650e+00,0.000000000e+00,5.497065596e-02,1.241388e-16,8.673617e-19,3.030437e-20,1.640544e-03
8.060000,1.128920789e-01,1.433979511e-01,1.980505660e-02,7.163756033e-02,4.152027843e-02,1.275303781e+00,0.000000000e+00,5.504310870e-02,5.795560e-16,3.576224e-18,2.014728e-19,1.666647e-03
8.070000,1.128746629e-01,1.434633685e-01,2.032242143e-02,7.167018496e-02,4.156487916e-02,1.278968659e+00,0.000000000e+00,5.512053714e-02,5.722064e-16,1.939480e-18,1.370414e-19,1.641424e-03
8.080000,1.128593757e-01,1.435340460e-01,2.084510649e-02,7.170543277e-02,4.161174403e-02,1.282646088e+00,0.000000000e+00,5.520290987e-02,3.521959e-16,2.602085e-18,1.627714e-19,1.644444e-03
8.090000,1.128462393e-01,1.436099752e-01,2.137168483e-02,7.174329960e-02,4.166084922e-02,1.286333853e+00,0.000000000e+00,5.529019362e-02,4.974786e-16,2.602085e-18,5.789642e-20,1.639264e-03
8.100000,1.128352750e-01,1.436911457e-01,2.190083741e-02,7.178378022e-02,4.171217020e-02,1.290029729e+00,0.000000000e+00,5.538235330e-02,4.611135e-16,1.939480e-18,1.631940e-19,1.639854e-03
8.110000,1.128265031e-01,1.437775448e-01,2.243134436e-02,7.182686824e-02,4.176568171e-02,1.293731480e+00,0.000000000e+00,5.547935196e-02,2.482595e-16,3.878960e-18,1.355253e-20,1.661067e-03
8.120000,1.128199434e-01,1.438691574e-01,2.296207671e-02,7.187255618e-02,4.182135782e-02,1.297436862e+00,0.000000000e+00,5.558115090e-02,4.475452e-16,4.336809e-18,4.338926e-20,1.644625e-03
8.130000,1.128156150e-01,1.439659664e-01,2.349198853e-02,7.192083541e-02,4.187917191e-02,1.301143628e+00,0.000000000e+00,5.568770962e-02,4.449557e-16,4.906539e-18,0.000000e+00,1.645035e-03
8.140000,1.128135359e-01,1.440679522e-01,2.402010968e-02,7.197169617e-02,4.193909670e-02,1.304849527e+00,0.000000000e+00,5.579898588e-02,4.477738e-16,8.673617e-19,5.421011e-20,1.646075e-03
8.150000,1.128137238e-01,1.441750930e-01,2.454553912e-02,7.202512751e-02,4.200110424e-02,1.308552310e+00,0.000000000e+00,5.591493575e-02,1.570476e-16,1.939480e-18,6.392714e-20,1.643095e-03
8.160000,1.128161952e-01,1.442873645e-01,2.506743885e-02,7.208111735e-02,4.206516597e-02,1.312249729e+00,0.000000000e+00,5.603551358e-02,3.608225e-16,1.734723e-18,1.243957e-19,1.670168e-03
8.170000,1.128209661e-01,1.444047401e-01,2.558502838e-02,7.213965240e-02,4.213125270e-02,1.315939544e+00,0.000000000e+00,5.616067206e-02,3.140233e-16,5.818439e-18,2.172635e-19,1.643205e-03
8.180000,1.128280516e-01,1.445271911e-01,2.609757978e-02,7.220071822e-02,4.219933464e-02,1.319619522e+00,0.000000000e+00,5.629036228e-02,4.440926e-16,8.673617e-19,1.626303e-19,1.642585e-03
8.190000,1.128374658e-01,1.446546860e-01,2.660441320e-02,7.226429914e-02,4.226938142e-02,1.323287440e+00,0.000000000e+00,5.642453369e-02,1.570188e-16,2.453269e-18,5.421011e-20,1.671058e-03
8.200000,1.128492224e-01,1.447871911e-01,2.710489288e-02,7.233037833e-02,4.234136208e-02,1.326941091e+00,0.000000000e+00,5.656313419e-02,5.561947e-17,1.939480e-18,5.421011e-20,1.658537e-03
8.210000,1.128633338e-01,1.449246704e-01,2.759842359e-02,7.239893774e-02,4.241524513e-02,1.330578281e+00,0.000000000e+00,5.670611013e-02,1.387779e-16,8.673617e-19,5.421011e-20,1.672438e-03
8.220000,1.128798119e-01,1.450670852e-01,2.808444744e-02,7.246995810e-02,4.249099853e-02,1.334196836e+00,0.000000000e+00,5.685340636e-02,4.475486e-16,3.127317e-18,5.587850e-20,1.654846e-03
8.230000,1.128986676e-01,1.452143946e-01,2.856244102e-02,7.254341896e-02,4.256858972e-02,1.337794602e+00,0.000000000e+00,5.700496623e-02,2.220514e-16,1.939480e-18,1.117570e-19,1.651196e-03
8.240000,1.129199110e-01,1.453665553e-01,2.903191290e-02,7.261929862e-02,4.264798564e-02,1.341369448e+00,0.000000000e+00,5.716073168e-02,1.576595e-16,2.453269e-18,5.587850e-20,1.645775e-03
8.250000,1.129435513e-01,1.455235213e-01,2.949240137e-02,7.269757421e-02,4.272915276e-02,1.344919268e+00,0.000000000e+00,5.732064321e-02,5.732467e-17,2.602085e-18,1.219727e-19,1.641534e-03
8.260000,1.129695969e-01,1.456852446e-01,2.994347243e-02,7.277822163e-02,4.281205705e-02,1.348441983e+00,0.000000000e+00,5.748463995e-02,2.237726e-16,4.336809e-18,6.060874e-20,1.663407e-03
8.270000,1.129980552e-01,1.458516743e-01,3.038471803e-02,7.286121555e-02,4.289666405e-02,1.351935546e+00,0.000000000e+00,5.765265969e-02,5.662776e-16,2.453269e-18,3.880853e-19,1.640204e-03
8.280000,1.130289328e-01,1.460227573e-01,3.081575447e-02,7.294652947e-02,4.298293887e-02,1.355397938e+00,0.000000000e+00,5.782463893e-02,1.144917e-16,2.602085e-18,6.060874e-20,1.643644e-03
8.290000,1.130622354e-01,1.461984383e-01,3.123622104e-02,7.303413566e-02,4.307084618e-02,1.358827178e+00,0.000000000e+00,5.800051285e-02,9.105580e-16,1.939480e-18,2.764184e-19,1.662876e-03
8.300000,1.130979677e-01,1.463786593e-01,3.164577870e-02,7.312400520e-02,4.316035029e-02,1.362221318e+00,0.000000000e+00,5.818021545e-02,2.618513e-16,1.939480e-18,1.676355e-19,1.636893e-03
8.310000,1.131361336e-01,1.465633600e-01,3.204410903e-02,7.321610799e-02,4.325141509e-02,1.365578448e+00,0.000000000e+00,5.836367947e-02,2.006588e-16,2.453269e-18,1.355253e-20,1.657616e-03
8.320000,1.131767362e-01,1.467524777e-01,3.243091324e-02,7.331041273e-02,4.334400413e-02,1.368896700e+00,0.000000000e+00,5.855083654e-02,2.288783e-16,3.127317e-18,5.587850e-20,1.639634e-03
8.330000,1.132197773e-01,1.469459474e-01,3.280591124e-02,7.340688697e-02,4.343808062e-02,1.372174245e+00,0.000000000e+00,5.874161712e-02,1.241388e-16,8.673617e-19,2.710505e-20,1.645735e-03
8.340000,1.132652582e-01,1.471437019e-01,3.316884092e-02,7.350549707e-02,4.353360741e-02,1.375409297e+00,0.000000000e+00,5.893595060e-02,3.510833e-16,7.152448e-18,1.092640e-19,1.665417e-03
8.350000,1.133131790e-01,1.473456714e-01,3.351945745e-02,7.360620828e-02,4.363054708e-02,1.378600118e+00,0.000000000e+00,5.913376530e-02,2.237793e-16,4.336809e-18,1.157928e-19,1.642384e-03
8.360000,1.133635391e-01,1.475517841e-01,3.385753262e-02,7.370898467e-02,4.372886189e-02,1.381745014e+00,0.000000000e+00,5.933498852e-02,3.342214e-16,3.878960e-18,1.157928e-19,1.643144e-03
8.370000,1.134163366e-01,1.477619657e-01,3.418285436e-02,7.381378922e-02,4.382851383e-02,1.384842339e+00,0.000000000e+00,5.953954660e-02,3.611059e-16,1.734723e-18,2.271818e-19,1.642844e-03
8.380000,1.134715690e-01,1.479761400e-01,3.449522618e-02,7.392058380e-02,4.392946465e-02,1.387890498e+00,0.000000000e+00,5.974736491e-02,8.969175e-16,2.602085e-18,4.439358e-19,1.647554e-03
8.390000,1.135292327e-01,1.481942283e-01,3.479446681e-02,7.402932920e-02,4.403167585e-02,1.390887946e+00,0.000000000e+00,5.995836793e-02,0.000000e+00,1.734723e-18,6.776264e-20,1.671378e-03
8.400000,1.135893233e-01,1.484161500e-01,3.508040977e-02,7.413998511e-02,4.413510868e-02,1.393833189e+00,0.000000000e+00,6.017247927e-02,4.611103e-16,4.336809e-18,2.206192e-19,1.655055e-03
8.410000,1.136518353e-01,1.486418223e-01,3.535290307e-02,7.425251023e-02,4.423972424e-02,1.396724790e+00,0.000000000e+00,6.038962168e-02,4.783341e-16,8.673617e-18,3.263881e-19,1.673778e-03
8.420000,1.137167622e-01,1.488711602e-01,3.561180886e-02,7.436686217e-02,4.434548339e-02,1.399561363e+00,0.000000000e+00,6.060971716e-02,2.293052e-16,3.576224e-18,2.185279e-19,1.653196e-03
8.430000,1.137840968e-01,1.491040770e-01,3.585700322e-02,7.448299759e-02,4.445234685e-02,1.402341579e+00,0.000000000e+00,6.083268691e-02,2.371501e-16,3.576224e-18,1.092640e-19,1.648384e-03
8.440000,1.138538307e-01,1.493404839e-01,3.608837589e-02,7.460087215e-02,4.456027518e-02,1.405064167e+00,0.000000000e+00,6.105845144e-02,3.376790e-16,0.000000e+00,5.421011e-20,1.677398e-03
8.450000,1.139259547e-01,1.495802900e-01,3.630583009e-02,7.472044056e-02,4.466922880e-02,1.407727912e+00,0.000000000e+00,6.128693056e-02,1.161229e-16,0.000000e+00,4.065758e-20,1.650085e-03
8.460000,1.140004587e-01,1.498234028e-01,3.650928232e-02,7.484165659e-02,4.477916801e-02,1.410331658e+00,0.000000000e+00,6.151804343e-02,7.021667e-16,4.906539e-18,1.355253e-19,1.680339e-03
8.470000,1.140773314e-01,1.500697278e-01,3.669866223e-02,7.496447313e-02,4.489005300e-02,1.412874308e+00,0.000000000e+00,6.175170863e-02,3.855967e-16,4.906539e-18,2.424350e-19,1.655405e-03
8.480000,1.141565609e-01,1.503191690e-01,3.687391245e-02,7.508884220e-02,4.500184389e-02,1.415354827e+00,0.000000000e+00,6.198784413e-02,6.685891e-16,5.553825e-18,0.000000e+00,1.660346e-03
8.490000,1.142381341e-01,1.505716285e-01,3.703498853e-02,7.521471497e-02,4.511450072e-02,1.417772238e+00,0.000000000e+00,6.222636737e-02,3.610934e-16,2.602085e-18,1.117570e-19,1.652796e-03
8.500000,1.143220370e-01,1.508270068e-01,3.718185879e-02,7.534204180e-02,4.522798347e-02,1.420125628e+00,0.000000000e+00,6.246719533e-02,3.557325e-16,5.553825e-18,2.710505e-20,1.657265e-03
8.510000,1.144082548e-01,1.510852029e-01,3.731450425e-02,7.547077229e-02,4.534225208e-02,1.422414143e+00,0.000000000e+00,6.271024447e-02,2.237793e-16,4.906539e-18,1.355253e-20,1.673888e-03
8.520000,1.144967716e-01,1.513461142e-01,3.743291861e-02,7.560085528e-02,4.545726647e-02,1.424636992e+00,0.000000000e+00,6.295543085e-02,2.544077e-16,4.336809e-18,2.185279e-19,1.652785e-03
8.530000,1.145875707e-01,1.516096369e-01,3.753710812e-02,7.573223889e-02,4.557298657e-02,1.426793448e+00,0.000000000e+00,6.320267014e-02,2.482777e-16,2.602085e-18,2.366847e-19,1.652886e-03
8.540000,1.146806345e-01,1.518756657e-01,3.762709161e-02,7.586487060e-02,4.568937228e-02,1.428882845e+00,0.000000000e+00,6.345187765e-02,2.543841e-16,5.553825e-18,1.092640e-19,1.647735e-03
8.550000,1.147759443e-01,1.521440938e-01,3.770290043e-02,7.599869721e-02,4.580638354e-02,1.430904580e+00,0.000000000e+00,6.370296836e-02,2.288783e-16,0.000000e+00,2.710505e-20,1.654295e-03
8.560000,1.148734807e-01,1.524148136e-01,3.776457845e-02,7.613366494e-02,4.592398035e-02,1.432858115e+00,0.000000000e+00,6.395585696e-02,1.144523e-16,8.673617e-19,1.490778e-19,1.680249e-03
8.570000,1.149732232e-01,1.526877161e-01,3.781218203e-02,7.626971945e-02,4.604212272e-02,1.434742974e+00,0.000000000e+00,6.421045791e-02,3.682234e-16,8.673617e-19,8.131516e-20,1.651235e-03
8.580000,1.150751507e-01,1.529626913e-01,3.784578008e-02,7.640680584e-02,4.616077075e-02,1.436558741e+00,0.000000000e+00,6.446668542e-02,3.433219e-16,4.336809e-18,2.185279e-19,1.661216e-03
8.590000,1.151792409e-01,1.532396282e-01,3.786545400e-02,7.654486875e-02,4.627988462e-02,1.438305068e+00,0.000000000e+00,6.472445352e-02,4.449591e-16,4.336809e-18,4.470280e-19,1.658416e-03
8.600000,1.152854709e-01,1.535184148e-01,3.787129779e-02,7.668385236e-02,4.639942458e-02,1.439981667e+00,0.000000000e+00,6.498367611e-02,2.237793e-16,3.878960e-18,2.366847e-19,1.652646e-03
8.610000,1.153938165e-01,1.537989384e-01,3.786341803e-02,7.682370042e-02,4.651935103e-02,1.441588313e+00,0.000000000e+00,6.524426695e-02,6.754738e-16,6.254634e-18,4.505069e-19,1.670928e-03
8.620000,1.155042533e-01,1.540810856e-01,3.784193396e-02,7.696435633e-02,4.663962445e-02,1.443124843e+00,0.000000000e+00,6.550613970e-02,5.723641e-16,5.553825e-18,4.543635e-19,1.651115e-03
8.630000,1.156167554e-01,1.543647422e-01,3.780697752e-02,7.710576315e-02,4.676020547e-02,1.444591155e+00,0.000000000e+00,6.576920799e-02,3.611059e-16,3.469447e-18,4.355825e-19,1.682610e-03
8.640000,1.157312964e-01,1.546497934e-01,3.775869345e-02,7.724786365e-02,4.688105486e-02,1.445987211e+00,0.000000000e+00,6.603338541e-02,4.588106e-16,1.939480e-18,1.092640e-19,1.664897e-03
8.650000,1.158478491e-01,1.549361239e-01,3.769723931e-02,7.739060034e-02,4.700213355e-02,1.447313031e+00,0.000000000e+00,6.629858556e-02,4.579801e-16,1.734723e-18,4.412383e-19,1.659836e-03
8.660000,1.159663853e-01,1.552236181e-01,3.762278564e-02,7.753391553e-02,4.712340266e-02,1.448568696e+00,0.000000000e+00,6.656472208e-02,2.220446e-16,1.734723e-18,2.172635e-19,1.657446e-03
8.670000,1.160868763e-01,1.555121600e-01,3.753551602e-02,7.767775135e-02,4.724482345e-02,1.449754348e+00,0.000000000e+00,6.683170867e-02,8.921877e-16,5.485677e-18,7.666467e-19,1.649225e-03
8.680000,1.162092921e-01,1.558016332e-01,3.743562717e-02,7.782204983e-02,4.736635743e-02,1.450870186e+00,0.000000000e+00,6.709945914e-02,2.292987e-16,7.152448e-18,3.255429e-19,1.716584e-03
8.690000,1.163336025e-01,1.560919213e-01,3.732332913e-02,7.796675288e-02,4.748796626e-02,1.451916468e+00,0.000000000e+00,6.736788740e-02,2.850917e-16,9.220182e-18,3.277919e-19,1.671188e-03
8.700000,1.164597762e-01,1.563829077e-01,3.719884533e-02,7.811180239e-02,4.760961185e-02,1.452893509e+00,0.000000000e+00,6.763690755e-02,3.433219e-16,7.757919e-18,5.427783e-19,1.663076e-03
8.710000,1.165877811e-01,1.566744760e-01,3.706241277e-02,7.825714024e-02,4.773125634e-02,1.453801681e+00,0.000000000e+00,6.790643386e-02,5.580635e-16,3.878960e-18,4.338926e-19,1.651205e-03
8.720000,1.167175846e-01,1.569665094e-01,3.691428220e-02,7.840270834e-02,4.785286210e-02,1.454641409e+00,0.000000000e+00,6.817638080e-02,2.486410e-16,2.453269e-18,8.131516e-20,1.652385e-03
8.730000,1.168491533e-01,1.572588918e-01,3.675471823e-02,7.854844870e-02,4.797439173e-02,1.455413175e+00,0.000000000e+00,6.844666310e-02,1.152906e-16,1.939480e-18,2.710505e-20,1.690070e-03
8.740000,1.169824530e-01,1.575515071e-01,3.658399959e-02,7.869430344e-02,4.809580813e-02,1.456117513e+00,0.000000000e+00,6.871719574e-02,5.721985e-16,3.127317e-18,3.263881e-19,1.653875e-03
8.750000,1.171174489e-01,1.578442394e-01,3.640241926e-02,7.884021483e-02,4.821707444e-02,1.456755009e+00,0.000000000e+00,6.898789400e-02,9.057865e-16,5.204170e-18,1.843343e-19,1.670048e-03
8.760000,1.172541055e-01,1.581369734e-01,3.621028472e-02,7.898612537e-02,4.833815409e-02,1.457326301e+00,0.000000000e+00,6.925867349e-02,4.577567e-16,1.734723e-18,1.533293e-19,1.662506e-03
8.770000,1.173923866e-01,1.584295941e-01,3.600791818e-02,7.913197779e-02,4.845901079e-02,1.457832074e+00,0.000000000e+00,6.952945017e-02,1.394808e-16,4.336809e-18,5.421011e-20,1.657405e-03
8.780000,1.175322555e-01,1.587219873e-01,3.579565678e-02,7.927771509e-02,4.857960856e-02,1.458273063e+00,0.000000000e+00,6.980014034e-02,2.543841e-16,4.906539e-18,2.185279e-19,1.651155e-03
8.790000,1.176736747e-01,1.590140393e-01,3.557385287e-02,7.942328061e-02,4.869991172e-02,1.458650051e+00,0.000000000e+00,7.007066074e-02,2.482595e-16,1.011509e-17,2.185279e-19,1.644474e-03
8.800000,1.178166063e-01,1.593056370e-01,3.534287426e-02,7.956861805e-02,4.881988490e-02,1.458963866e+00,0.000000000e+00,7.034092850e-02,4.518280e-16,6.774312e-18,5.448048e-19,1.676748e-03
8.810000,1.179610116e-01,1.595966683e-01,3.510310449e-02,7.971367150e-02,4.893949308e-02,1.459215377e+00,0.000000000e+00,7.061086123e-02,6.687331e-16,8.673617e-19,3.336923e-19,1.650085e-03
8.820000,1.181068515e-01,1.598870220e-01,3.485494314e-02,7.985838550e-02,4.905870153e-02,1.459405500e+00,0.000000000e+00,7.088037698e-02,4.520411e-16,5.553825e-18,4.425372e-19,1.646244e-03
8.830000,1.182540863e-01,1.601765876e-01,3.459880607e-02,8.000270506e-02,4.917747590e-02,1.459535190e+00,0.000000000e+00,7.114939431e-02,1.398579e-17,0.000000e+00,1.135909e-19,1.654556e-03
8.840000,1.184026758e-01,1.604652558e-01,3.433512576e-02,8.014657570e-02,4.929578216e-02,1.459605441e+00,0.000000000e+00,7.141783232e-02,2.719535e-16,3.878960e-18,4.337338e-19,1.656595e-03
8.850000,1.185525791e-01,1.607529184e-01,3.406435161e-02,8.028994349e-02,4.941358667e-02,1.459617286e+00,0.000000000e+00,7.168561060e-02,2.618456e-16,3.469447e-18,3.388132e-19,1.684049e-03
8.860000,1.187037551e-01,1.610394684e-01,3.378695022e-02,8.043275508e-02,4.953085611e-02,1.459571794e+00,0.000000000e+00,7.195264937e-02,3.155528e-16,5.485677e-18,2.235140e-19,1.661376e-03
8.870000,1.188561620e-01,1.613247998e-01,3.350340572e-02,8.057495774e-02,4.964755757e-02,1.459470068e+00,0.000000000e+00,7.221886939e-02,4.451755e-16,5.485677e-18,2.206192e-19,1.653075e-03
8.880000,1.190097577e-01,1.616088082e-01,3.321422005e-02,8.071649939e-02,4.976365850e-02,1.459313244e+00,0.000000000e+00,7.248419206e-02,1.241267e-16,6.774312e-18,6.776264e-20,1.649614e-03
8.890000,1.191644997e-01,1.618913903e-01,3.291991324e-02,8.085732866e-02,4.987912673e-02,1.459102489e+00,0.000000000e+00,7.274853939e-02,2.498062e-16,5.275955e-18,1.157928e-19,1.664507e-03
8.900000,1.193203449e-01,1.621724446e-01,3.262102370e-02,8.099739485e-02,4.999393050e-02,1.458839000e+00,0.000000000e+00,7.301183407e-02,2.375558e-16,2.776912e-18,1.631940e-19,1.719464e-03
8.910000,1.194772499e-01,1.624518707e-01,3.231810845e-02,8.113664805e-02,5.010803845e-02,1.458524001e+00,0.000000000e+00,7.327399945e-02,1.922963e-16,7.359808e-18,2.169463e-19,1.646554e-03
8.920000,1.196351711e-01,1.627295699e-01,3.201174328e-02,8.127503910e-02,5.022141959e-02,1.458158741e+00,0.000000000e+00,7.353495958e-02,4.652682e-16,0.000000e+00,1.050321e-19,1.712392e-03
8.930000,1.197940643e-01,1.630054453e-01,3.170252300e-02,8.141251967e-02,5.033404338e-02,1.457744495e+00,0.000000000e+00,7.379463924e-02,2.371501e-16,1.788112e-18,1.315712e-19,1.648154e-03
8.940000,1.199538851e-01,1.632794014e-01,3.139106145e-02,8.154904226e-02,5.044587969e-02,1.457282557e+00,0.000000000e+00,7.405296394e-02,2.371501e-16,6.133174e-18,2.700375e-19,1.653795e-03
8.950000,1.201145887e-01,1.635513446e-01,3.107799161e-02,8.168456024e-02,5.055689881e-02,1.456774244e+00,0.000000000e+00,7.430985996e-02,6.685868e-16,5.204170e-18,2.548148e-19,1.652144e-03
8.960000,1.202761303e-01,1.638211831e-01,3.076396550e-02,8.181902785e-02,5.066707144e-02,1.456220889e+00,0.000000000e+00,7.456525436e-02,5.558050e-16,7.059813e-18,6.070172e-19,1.652585e-03
8.970000,1.204384645e-01,1.640888267e-01,3.044965405e-02,8.195240027e-02,5.077636876e-02,1.455623844e+00,0.000000000e+00,7.481907500e-02,5.551115e-17,4.336809e-18,1.680544e-19,1.715753e-03
8.980000,1.206015459e-01,1.643541875e-01,3.013574680e-02,8.208463363e-02,5.088476235e-02,1.454984471e+00,0.000000000e+00,7.507125055e-02,2.220446e-16,2.168404e-18,1.822066e-19,1.655356e-03
8.990000,1.207653287e-01,1.646171791e-01,2.982295152e-02,8.221568499e-02,5.099222425e-02,1.454304150e+00,0.000000000e+00,7.532171056e-02,1.118863e-16,8.148124e-18,2.309963e-19,1.718453e-03
9.000000,1.209297670e-01,1.648777175e-01,2.951199358e-02,8.234551243e-02,5.109872697e-02,1.453584269e+00,0.000000000e+00,7.557038541e-02,2.618513e-16,5.076104e-18,1.440653e-19,1.657685e-03
9.010000,1.210948148e-01,1.651357203e-01,2.920361521e-02,8.247407504e-02,5.120424346e-02,1.452826223e+00,0.000000000e+00,7.581720639e-02,8.887220e-16,6.605630e-18,5.567913e-20,1.652655e-03
9.020000,1.212604258e-01,1.653911074e-01,2.889857452e-02,8.260133291e-02,5.130874714e-02,1.452031418e+00,0.000000000e+00,7.606210566e-02,4.440926e-16,3.878960e-18,1.097357e-19,1.653836e-03
9.030000,1.214265537e-01,1.656438009e-01,2.859764420e-02,8.272724721e-02,5.141221189e-02,1.451201262e+00,0.000000000e+00,7.630501633e-02,6.662806e-16,2.637978e-18,1.183424e-19,1.650044e-03
9.040000,1.215931521e-01,1.658937248e-01,2.830161013e-02,8.285178018e-02,5.151461207e-02,1.450337167e+00,0.000000000e+00,7.654587245e-02,2.486410e-16,7.809267e-18,2.353472e-19,1.720454e-03
9.050000,1.217601743e-01,1.661408054e-01,2.801126945e-02,8.297489512e-02,5.161592252e-02,1.449440547e+00,0.000000000e+00,7.678460903e-02,2.371501e-16,3.476217e-18,3.263881e-19,1.659416e-03
9.060000,1.219275738e-01,1.663849713e-01,2.772742855e-02,8.309655645e-02,5.171611857e-02,1.448512815e+00,0.000000000e+00,7.702116205e-02,2.547682e-16,6.071532e-18,1.146471e-19,1.721194e-03
9.070000,1.220953039e-01,1.666261531e-01,2.745090053e-02,8.321672970e-02,5.181517601e-02,1.447555382e+00,0.000000000e+00,7.725546851e-02,3.382355e-16,1.371419e-18,4.425372e-19,1.656275e-03
9.080000,1.222633180e-01,1.668642839e-01,2.718250240e-02,8.333538154e-02,5.191307117e-02,1.446569654e+00,0.000000000e+00,7.748746642e-02,2.242092e-16,5.438330e-18,1.227701e-19,1.652135e-03
9.090000,1.224315694e-01,1.670992991e-01,2.692305181e-02,8.345247978e-02,5.200978084e-02,1.445557033e+00,0.000000000e+00,7.771709483e-02,3.376656e-16,1.748223e-18,8.159702e-20,1.655075e-03
9.100000,1.226000116e-01,1.673311361e-01,2.667336349e-02,8.356799338e-02,5.210528232e-02,1.444518913e+00,0.000000000e+00,7.794429386e-02,6.804385e-16,9.131145e-18,5.917118e-20,1.650324e-03
9.110000,1.227685978e-01,1.675597349e-01,2.643424522e-02,8.368189246e-02,5.219955343e-02,1.443456677e+00,0.000000000e+00,7.816900469e-02,1.144392e-16,2.812664e-18,1.788985e-19,1.733365e-03
9.120000,1.229372816e-01,1.677850380e-01,2.620649346e-02,8.379414833e-02,5.229257250e-02,1.442371700e+00,0.000000000e+00,7.839116961e-02,2.375495e-16,8.235656e-18,2.206192e-19,1.653564e-03
9.130000,1.231060166e-01,1.680069899e-01,2.599088857e-02,8.390473347e-02,5.238431837e-02,1.441265343e+00,0.000000000e+00,7.861073203e-02,2.293052e-16,6.614966e-18,5.789642e-20,1.654095e-03
9.140000,1.232747565e-01,1.682255377e-01,2.578818978e-02,8.401362157e-02,5.247477040e-02,1.440138953e+00,0.000000000e+00,7.882763647e-02,2.375558e-16,5.577322e-18,6.018299e-19,1.655695e-03
9.150000,1.234434551e-01,1.684406310e-01,2.559912982e-02,8.412078750e-02,5.256390849e-02,1.438993862e+00,0.000000000e+00,7.904182864e-02,1.387887e-16,9.761583e-19,8.131516e-20,1.659216e-03
9.160000,1.236120663e-01,1.686522216e-01,2.542440938e-02,8.422620733e-02,5.265171304e-02,1.437831386e+00,0.000000000e+00,7.925325539e-02,7.776535e-16,6.921644e-18,1.092640e-19,1.652305e-03
9.170000,1.237805445e-01,1.688602638e-01,2.526469145e-02,8.432985834e-02,5.273816503e-02,1.436652820e+00,0.000000000e+00,7.946186479e-02,2.293052e-16,6.698459e-18,1.627714e-19,1.647964e-03
9.180000,1.239488438e-01,1.690647143e-01,2.512059553e-02,8.443171903e-02,5.282324595e-02,1.435459443e+00,0.000000000e+00,7.966760609e-02,3.608267e-16,6.366631e-18,1.661221e-19,1.721594e-03
9.190000,1.241169189e-01,1.692655324e-01,2.499269210e-02,8.453176910e-02,5.290693782e-02,1.434252511e+00,0.000000000e+00,7.987042979e-02,2.220514e-16,3.718434e-18,1.092640e-19,1.654325e-03
9.200000,1.242847246e-01,1.694626795e-01,2.488149704e-02,8.462998946e-02,5.298922326e-02,1.433033257e+00,0.000000000e+00,8.007028763e-02,2.618513e-16,5.275955e-18,2.670398e-19,1.655496e-03
9.210000,1.244522159e-01,1.696561199e-01,2.478746660e-02,8.472636224e-02,5.307008538e-02,1.431802892e+00,0.000000000e+00,8.026713261e-02,1.014978e-15,7.112895e-18,2.348344e-19,1.651285e-03
9.220000,1.246193483e-01,1.698458198e-01,2.471099261e-02,8.482087076e-02,5.314950789e-02,1.430562603e+00,0.000000000e+00,8.046091902e-02,4.585974e-16,5.382930e-18,2.032879e-19,1.651045e-03
9.230000,1.247860774e-01,1.700317482e-01,2.465239838e-02,8.491349957e-02,5.322747504e-02,1.429313551e+00,0.000000000e+00,8.065160244e-02,4.518280e-16,7.857287e-18,3.287012e-19,1.715953e-03
9.240000,1.249523592e-01,1.702138763e-01,2.461193519e-02,8.500423441e-02,5.330397167e-02,1.428056869e+00,0.000000000e+00,8.083913977e-02,8.326673e-17,9.024314e-18,1.334769e-19,1.656836e-03
9.250000,1.251181499e-01,1.703921780e-01,2.458977960e-02,8.509306222e-02,5.337898315e-02,1.426793666e+00,0.000000000e+00,8.102348927e-02,4.611103e-16,5.172451e-18,9.486769e-20,1.722814e-03
9.260000,1.252834063e-01,1.705666292e-01,2.458603159e-02,8.517997114e-02,5.345249545e-02,1.425525020e+00,0.000000000e+00,8.120461050e-02,1.144523e-16,3.576224e-18,1.882777e-19,1.663097e-03
9.270000,1.254480855e-01,1.707372085e-01,2.460071360e-02,8.526495050e-02,5.352449513e-02,1.424251981e+00,0.000000000e+00,8.138246445e-02,4.712353e-16,2.742839e-18,2.366847e-19,1.662426e-03
9.280000,1.256121448e-01,1.709038967e-01,2.463377052e-02,8.534799080e-02,5.359496929e-02,1.422975570e+00,0.000000000e+00,8.155701346e-02,6.684428e-16,6.209365e-18,1.676355e-19,1.650285e-03
9.290000,1.257755421e-01,1.710666771e-01,2.468507060e-02,8.542908371e-02,5.366390565e-02,1.421696777e+00,0.000000000e+00,8.172822127e-02,1.144523e-16,5.558056e-18,2.731599e-19,1.652544e-03
9.300000,1.259382359e-01,1.712255351e-01,2.475440728e-02,8.550822209e-02,5.373129252e-02,1.420416560e+00,0.000000000e+00,8.189605306e-02,3.108013e-17,3.998340e-18,3.407726e-19,1.715583e-03
9.310000,1.261001847e-01,1.713804587e-01,2.484150194e-02,8.558539991e-02,5.379711877e-02,1.419135849e+00,0.000000000e+00,8.206047543e-02,5.551115e-17,3.496447e-18,6.257688e-19,1.655665e-03
9.320000,1.262613479e-01,1.715314380e-01,2.494600732e-02,8.566061232e-02,5.386137390e-02,1.417855541e+00,0.000000000e+00,8.222145645e-02,4.449591e-16,5.364336e-18,4.304928e-19,1.672058e-03
9.330000,1.264216851e-01,1.716784654e-01,2.506751173e-02,8.573385558e-02,5.392404799e-02,1.416576499e+00,0.000000000e+00,8.237896563e-02,0.000000e+00,3.496447e-18,1.109839e-19,1.654985e-03
9.340000,1.265811566e-01,1.718215356e-01,2.520554380e-02,8.580512708e-02,5.398513175e-02,1.415299556e+00,0.000000000e+00,8.253297399e-02,2.288783e-16,3.127317e-18,6.522484e-19,1.643103e-03
9.350000,1.267397232e-01,1.719606455e-01,2.535957768e-02,8.587442531e-02,5.404461647e-02,1.414025513e+00,0.000000000e+00,8.268345402e-02,1.387887e-16,8.182674e-18,1.683189e-19,1.666557e-03
9.360000,1.268973461e-01,1.720957942e-01,2.552903861e-02,8.594174983e-02,5.410249406e-02,1.412755138e+00,0.000000000e+00,8.283037973e-02,1.241388e-16,1.939480e-18,1.833665e-19,1.656166e-03
9.370000,1.270539872e-01,1.722269829e-01,2.571330863e-02,8.600710132e-02,5.415875706e-02,1.411489166e+00,0.000000000e+00,8.297372666e-02,2.371437e-16,5.222209e-18,9.216715e-20,1.675918e-03
9.380000,1.272096089e-01,1.723542150e-01,2.591173247e-02,8.607048147e-02,5.421339860e-02,1.410228300e+00,0.000000000e+00,8.311347189e-02,4.577567e-16,9.189533e-18,2.200200e-19,1.648824e-03
9.390000,1.273641742e-01,1.724774960e-01,2.612362333e-02,8.613189306e-02,5.426641245e-02,1.408973211e+00,0.000000000e+00,8.324959403e-02,1.144392e-16,1.939480e-18,3.336923e-19,1.656465e-03
9.400000,1.275176468e-01,1.725968334e-01,2.634826859e-02,8.619133987e-02,5.431779300e-02,1.407724539e+00,0.000000000e+00,8.338207327e-02,8.881801e-16,8.673617e-18,5.789642e-20,1.649084e-03
9.410000,1.276699908e-01,1.727122368e-01,2.658493532e-02,8.624882669e-02,5.436753526e-02,1.406482890e+00,0.000000000e+00,8.351089136e-02,3.510876e-16,8.716878e-18,2.189740e-19,1.653435e-03
9.420000,1.278211711e-01,1.728237177e-01,2.683287546e-02,8.630435932e-02,5.441563489e-02,1.405248840e+00,0.000000000e+00,8.363603166e-02,8.441529e-17,5.485677e-18,6.776264e-20,1.672278e-03
9.430000,1.279711533e-01,1.729312897e-01,2.709133076e-02,8.635794450e-02,5.446208815e-02,1.404022934e+00,0.000000000e+00,8.375747909e-02,2.224779e-16,3.705371e-18,2.252534e-19,1.651094e-03
9.440000,1.281199035e-01,1.730349682e-01,2.735953729e-02,8.640958996e-02,5.450689197e-02,1.402805687e+00,0.000000000e+00,8.387522021e-02,8.886124e-16,4.906539e-18,2.304179e-19,1.654195e-03
9.450000,1.282673887e-01,1.731347704e-01,2.763672958e-02,8.645930433e-02,5.455004388e-02,1.401597583e+00,0.000000000e+00,8.398924316e-02,2.950458e-16,8.542522e-18,2.282153e-19,1.650694e-03
9.460000,1.284135763e-01,1.732307156e-01,2.792214434e-02,8.650709719e-02,5.459154208e-02,1.400399077e+00,0.000000000e+00,8.409953772e-02,6.667118e-16,1.939480e-18,3.388132e-21,1.653395e-03
9.470000,1.285584346e-01,1.733228247e-01,2.821502384e-02,8.655297897e-02,5.463138540e-02,1.399210596e+00,0.000000000e+00,8.420609530e-02,6.758930e-16,1.044442e-17,2.932056e-19,1.683328e-03
9.480000,1.287019325e-01,1.734111203e-01,2.851461879e-02,8.659696101e-02,5.466957331e-02,1.398032538e+00,0.000000000e+00,8.430890896e-02,6.777443e-16,3.878960e-18,5.444782e-20,1.653725e-03
9.490000,1.288440399e-01,1.734956268e-01,2.882019092e-02,8.663905547e-02,5.470610591e-02,1.396865273e+00,0.000000000e+00,8.440797336e-02,3.684807e-16,8.673617e-19,1.296818e-19,1.685599e-03
9.500000,1.289847271e-01,1.735763704e-01,2.913101518e-02,8.667927536e-02,5.474098398e-02,1.395709147e+00,0.000000000e+00,8.450328486e-02,3.342259e-16,4.336809e-18,9.486769e-20,1.658606e-03
9.510000,1.291239653e-01,1.736533786e-01,2.944638156e-02,8.671763448e-02,5.477420892e-02,1.394564478e+00,0.000000000e+00,8.459484144e-02,5.578808e-16,9.697399e-18,5.472016e-19,1.656245e-03
9.520000,1.292617265e-01,1.737266807e-01,2.976559668e-02,8.675414742e-02,5.480578278e-02,1.393431560e+00,0.000000000e+00,8.468264274e-02,8.328479e-17,6.314489e-18,4.227569e-19,1.661166e-03
9.530000,1.293979835e-01,1.737963075e-01,3.008798498e-02,8.678882953e-02,5.483570827e-02,1.392310663e+00,0.000000000e+00,8.476669007e-02,5.551115e-17,3.576224e-18,6.060874e-20,1.670447e-03
9.540000,1.295327097e-01,1.738622913e-01,3.041288976e-02,8.682169687e-02,5.486398873e-02,1.391202036e+00,0.000000000e+00,8.484698639e-02,4.611103e-16,5.818439e-18,2.068703e-19,1.688469e-03
9.550000,1.296658794e-01,1.739246657e-01,3.073967394e-02,8.685276627e-02,5.489062816e-02,1.390105902e+00,0.000000000e+00,8.492353631e-02,5.688207e-16,1.734723e-18,3.800149e-19,1.664016e-03
9.560000,1.297974679e-01,1.739834658e-01,3.106772062e-02,8.688205518e-02,5.491563120e-02,1.389022467e+00,0.000000000e+00,8.499634614e-02,1.249031e-16,1.939480e-18,4.350023e-19,1.652965e-03
9.570000,1.299274510e-01,1.740387280e-01,3.139643346e-02,8.690958178e-02,5.493900316e-02,1.387951916e+00,0.000000000e+00,8.506542380e-02,4.577567e-16,1.734723e-18,4.355825e-19,1.654775e-03
9.580000,1.300558055e-01,1.740904900e-01,3.172523693e-02,8.693536483e-02,5.496074997e-02,1.386894412e+00,0.000000000e+00,8.513077890e-02,1.127470e-16,3.469447e-18,2.271818e-19,1.659095e-03
9.590000,1.301825090e-01,1.741387908e-01,3.205357642e-02,8.695942377e-02,5.498087821e-02,1.385850106e+00,0.000000000e+00,8.519242268e-02,6.894347e-16,2.602085e-18,2.219679e-19,1.676058e-03
9.600000,1.303075399e-01,1.741836705e-01,3.238091820e-02,8.698177857e-02,5.499939511e-02,1.384819127e+00,0.000000000e+00,8.525036806e-02,4.577567e-16,7.410742e-18,8.809143e-20,1.648544e-03
9.610000,1.304308776e-01,1.742251703e-01,3.270674934e-02,8.700244982e-02,5.501630855e-02,1.383801590e+00,0.000000000e+00,8.530462958e-02,2.288783e-16,7.152448e-18,5.528368e-19,1.671767e-03
9.620000,1.305525021e-01,1.742633327e-01,3.303057754e-02,8.702145863e-02,5.503162703e-02,1.382797598e+00,0.000000000e+00,8.535522342e-02,2.375495e-16,6.992894e-18,2.315857e-19,1.648594e-03
9.630000,1.306723945e-01,1.742982010e-01,3.335193088e-02,8.703882663e-02,5.504535971e-02,1.381807236e+00,0.000000000e+00,8.540216738e-02,6.667124e-16,1.734723e-18,7.594254e-19,1.648184e-03
9.640000,1.307905366e-01,1.743298196e-01,3.367035751e-02,8.705457595e-02,5.505751636e-02,1.380830580e+00,0.000000000e+00,8.544548090e-02,8.989567e-16,3.878960e-18,3.636525e-19,1.673777e-03
9.650000,1.309069112e-01,1.743582340e-01,3.398542534e-02,8.706872919e-02,5.506810739e-02,1.379867693e+00,0.000000000e+00,8.548518501e-02,7.301373e-16,8.673617e-19,7.619606e-19,1.648734e-03
9.660000,1.310215018e-01,1.743834904e-01,3.429672165e-02,8.708130941e-02,5.507714386e-02,1.378918628e+00,0.000000000e+00,8.552130235e-02,1.117141e-15,8.182674e-18,7.594254e-19,1.665727e-03
9.670000,1.311342931e-01,1.744056358e-01,3.460385272e-02,8.709234007e-02,5.508463742e-02,1.377983429e+00,0.000000000e+00,8.555385715e-02,2.482549e-16,1.734723e-18,4.345271e-19,1.650454e-03
9.680000,1.312452704e-01,1.744247183e-01,3.490644346e-02,8.710184505e-02,5.509060037e-02,1.377062131e+00,0.000000000e+00,8.558287518e-02,4.443068e-16,3.878960e-18,2.235140e-19,1.652715e-03
9.690000,1.313544199e-01,1.744407865e-01,3.520413690e-02,8.710984861e-02,5.509504559e-02,1.376154762e+00,0.000000000e+00,8.560838381e-02,1.576238e-16,8.673617e-19,2.315857e-19,1.663296e-03
9.700000,1.314617289e-01,1.744538898e-01,3.549659387e-02,8.711637534e-02,5.509798659e-02,1.375261343e+00,0.000000000e+00,8.563041192e-02,2.776912e-17,3.469447e-18,1.219727e-19,1.661116e-03
9.710000,1.315671855e-01,1.744640782e-01,3.578349253e-02,8.712145019e-02,5.509943749e-02,1.374381892e+00,0.000000000e+00,8.564898992e-02,4.585982e-16,6.938894e-18,7.590625e-19,1.692880e-03
9.720000,1.316707786e-01,1.744714025e-01,3.606452795e-02,8.712509839e-02,5.509941298e-02,1.373516419e+00,0.000000000e+00,8.566414973e-02,7.816046e-16,8.673617e-19,2.487913e-19,1.660336e-03
9.730000,1.317724981e-01,1.744759138e-01,3.633941171e-02,8.712734547e-02,5.509792838e-02,1.372664933e+00,0.000000000e+00,8.567592474e-02,2.293052e-16,1.179740e-17,5.436236e-19,1.652095e-03
9.740000,1.318723349e-01,1.744776639e-01,3.660787145e-02,8.712821722e-02,5.509499955e-02,1.371827438e+00,0.000000000e+00,8.568434982e-02,2.622188e-16,6.992894e-18,3.322443e-19,1.656885e-03
9.750000,1.319702805e-01,1.744767052e-01,3.686965054e-02,8.712773967e-02,5.509064296e-02,1.371003939e+00,0.000000000e+00,8.568946126e-02,4.577575e-16,7.152448e-18,2.315857e-19,1.665307e-03
9.760000,1.320663277e-01,1.744730902e-01,3.712450759e-02,8.712593907e-02,5.508487563e-02,1.370194436e+00,0.000000000e+00,8.569129679e-02,4.654760e-16,4.906539e-18,4.470280e-19,1.675878e-03
9.770000,1.321604700e-01,1.744668722e-01,3.737221616e-02,8.712284187e-02,5.507771513e-02,1.369398931e+00,0.000000000e+00,8.568989551e-02,4.449557e-16,6.254634e-18,3.297472e-19,1.655945e-03
9.780000,1.322527017e-01,1.744581045e-01,3.761256429e-02,8.711847469e-02,5.506917961e-02,1.368617425e+00,0.000000000e+00,8.568529790e-02,5.661056e-16,6.071532e-18,3.428548e-19,1.660125e-03
9.790000,1.323430183e-01,1.744468409e-01,3.784535422e-02,8.711286430e-02,5.505928774e-02,1.367849920e+00,0.000000000e+00,8.567754576e-02,2.505760e-16,3.469447e-18,3.263881e-19,1.652145e-03
9.800000,1.324314159e-01,1.744331355e-01,3.807040197e-02,8.710603763e-02,5.504805871e-02,1.367096418e+00,0.000000000e+00,8.566668223e-02,2.237743e-16,6.254634e-18,1.355253e-19,1.651174e-03
9.810000,1.325178917e-01,1.744170424e-01,3.828753703e-02,8.709802170e-02,5.503551226e-02,1.366356925e+00,0.000000000e+00,8.565275170e-02,6.684433e-16,6.992894e-18,8.824766e-19,1.676008e-03
9.820000,1.326024438e-01,1.743986163e-01,3.849660200e-02,8.708884364e-02,5.502166861e-02,1.365631446e+00,0.000000000e+00,8.563579981e-02,2.482595e-16,3.469447e-18,3.263881e-19,1.649704e-03
9.830000,1.326850711e-01,1.743779117e-01,3.869745229e-02,8.707853066e-02,5.500654851e-02,1.364919992e+00,0.000000000e+00,8.561587345e-02,4.449591e-16,6.938894e-18,0.000000e+00,1.674167e-03
9.840000,1.327657735e-01,1.743549833e-01,3.888995577e-02,8.706711002e-02,5.499017315e-02,1.364222573e+00,0.000000000e+00,8.559302066e-02,4.577600e-16,4.906539e-18,1.117570e-19,1.649494e-03
9.850000,1.328445517e-01,1.743298861e-01,3.907399250e-02,8.705460904e-02,5.497256424e-02,1.363539204e+00,0.000000000e+00,8.556729063e-02,8.921826e-16,0.000000e+00,6.705420e-19,1.657375e-03
9.860000,1.329214073e-01,1.743026748e-01,3.924945439e-02,8.704105504e-02,5.495374392e-02,1.362869904e+00,0.000000000e+00,8.553873370e-02,2.618456e-16,7.410742e-18,5.659701e-19,1.657406e-03
9.870000,1.329963429e-01,1.742734043e-01,3.941624494e-02,8.702647536e-02,5.493373478e-02,1.362214694e+00,0.000000000e+00,8.550740123e-02,6.894347e-16,2.602085e-18,4.470280e-19,1.655885e-03
9.880000,1.330693618e-01,1.742421297e-01,3.957427894e-02,8.701089735e-02,5.491255987e-02,1.361573599e+00,0.000000000e+00,8.547334568e-02,1.570116e-16,1.127570e-17,1.355253e-19,1.708952e-03
9.890000,1.331404684e-01,1.742089056e-01,3.972348221e-02,8.699434829e-02,5.489024261e-02,1.360946647e+00,0.000000000e+00,8.543662047e-02,2.371437e-16,6.938894e-18,2.710505e-20,1.664186e-03
9.900000,1.332096677e-01,1.741737868e-01,3.986379129e-02,8.697685547e-02,5.486680688e-02,1.360333870e+00,0.000000000e+00,8.539728001e-02,7.791366e-16,0.000000e+00,1.084202e-19,1.671237e-03
9.910000,1.332769658e-01,1.741368281e-01,3.999515322e-02,8.695844610e-02,5.484227689e-02,1.359735303e+00,0.000000000e+00,8.535537960e-02,2.486471e-16,3.469447e-18,2.185279e-19,1.661035e-03
9.920000,1.333423696e-01,1.740980838e-01,4.011752524e-02,8.693914732e-02,5.481667727e-02,1.359150985e+00,0.000000000e+00,8.531097547e-02,7.776535e-16,6.992894e-18,5.944603e-19,1.652894e-03
9.930000,1.334058868e-01,1.740576083e-01,4.023087458e-02,8.691898619e-02,5.479003298e-02,1.358580957e+00,0.000000000e+00,8.526412463e-02,5.614960e-16,3.576224e-18,1.084202e-19,1.670457e-03
9.940000,1.334675259e-01,1.740154558e-01,4.033517816e-02,8.689798969e-02,5.476236932e-02,1.358025262e+00,0.000000000e+00,8.521488494e-02,2.242092e-16,7.757919e-18,1.117570e-19,1.646013e-03
9.950000,1.335272963e-01,1.739716802e-01,4.043042237e-02,8.687618467e-02,5.473371191e-02,1.357483948e+00,0.000000000e+00,8.516331499e-02,6.753229e-16,7.757919e-18,1.626303e-19,1.646994e-03
9.960000,1.335852083e-01,1.739263352e-01,4.051660283e-02,8.685359787e-02,5.470408670e-02,1.356957062e+00,0.000000000e+00,8.510947406e-02,2.618470e-16,3.878960e-18,4.370559e-19,1.642483e-03
9.970000,1.336412728e-01,1.738794742e-01,4.059372413e-02,8.683025589e-02,5.467351988e-02,1.356444655e+00,0.000000000e+00,8.505342214e-02,2.288783e-16,3.576224e-18,8.131516e-20,1.641993e-03
9.980000,1.336955018e-01,1.738311504e-01,4.066179962e-02,8.680618521e-02,5.464203795e-02,1.355946778e+00,0.000000000e+00,8.499521979e-02,3.610893e-16,3.576224e-18,4.345271e-19,1.671937e-03
9.990000,1.337479077e-01,1.737814165e-01,4.072085114e-02,8.678141213e-02,5.460966762e-02,1.355463482e+00,0.000000000e+00,8.493492817e-02,4.656852e-16,1.127570e-17,3.252607e-19,1.651625e-03
