t,pos_err,ori_err_geodesic,e_xi_norm,e_z_O_norm,e_z_T_norm,qddot_ref_norm,tau_norm,V,c0,c1,c2,runtime
0.000000,3.503401067e-02,1.981226373e-01,0.000000000e+00,9.889938096e-02,2.939837890e-02,2.187239915e+00,0.000000000e+00,8.516281788e-02,8.884241e-16,0.000000e+00,0.000000e+00,5.053238e-03
0.010000,3.504157734e-02,1.980800478e-01,8.890607848e-03,9.887819057e-02,2.937322118e-02,2.142471208e+00,0.000000000e+00,8.515698300e-02,1.777228e-15,9.087270e-19,2.914581e-20,2.378612e-03
0.020000,3.506230557e-02,1.979648326e-01,1.704538084e-02,9.882086511e-02,2.930466207e-02,2.026164808e+00,0.000000000e+00,8.513988530e-02,1.113351e-15,2.604343e-18,8.809143e-20,2.462530e-03
0.030000,3.509515243e-02,1.977826404e-01,2.455923258e-02,9.873021448e-02,2.919615704e-02,1.915708794e+00,0.000000000e+00,8.510214464e-02,1.332564e-15,7.080596e-18,4.615824e-19,2.381811e-03
0.040000,3.513913817e-02,1.975387092e-01,3.147645436e-02,9.860884406e-02,2.905095653e-02,1.810863620e+00,0.000000000e+00,8.503668121e-02,1.112400e-15,2.087195e-17,1.020317e-18,2.286644e-03
0.050000,3.519333933e-02,1.972378963e-01,3.783837523e-02,9.845916955e-02,2.887211679e-02,1.711390920e+00,0.000000000e+00,8.493832890e-02,6.713292e-16,7.489632e-18,5.963112e-19,2.272474e-03
0.060000,3.525688276e-02,1.968847057e-01,4.368353946e-02,9.828343076e-02,2.866251010e-02,1.617054526e+00,0.000000000e+00,8.480350378e-02,1.333429e-15,8.299637e-18,1.530416e-18,2.405701e-03
0.070000,3.532894051e-02,1.964833134e-01,4.904789404e-02,9.808370432e-02,2.842483455e-02,1.527621419e+00,0.000000000e+00,8.462992214e-02,1.338039e-15,9.660965e-18,1.355253e-18,2.304473e-03
0.080000,3.540872560e-02,1.960375917e-01,5.396496579e-02,9.786191561e-02,2.816162337e-02,1.442862606e+00,0.000000000e+00,8.441636123e-02,1.112391e-15,1.474674e-17,2.829851e-18,2.305913e-03
0.090000,3.549548834e-02,1.955511305e-01,5.846602640e-02,9.761984966e-02,2.787525367e-02,1.362553913e+00,0.000000000e+00,8.416245664e-02,1.557348e-15,1.401434e-17,4.210280e-18,2.309054e-03
0.100000,3.558851339e-02,1.950272585e-01,6.258024596e-02,9.735916136e-02,2.756795489e-02,1.286476688e+00,0.000000000e+00,8.386853110e-02,1.336908e-15,1.613969e-17,8.741117e-19,2.335703e-03
0.110000,3.568711726e-02,1.944690614e-01,6.633483579e-02,9.708138491e-02,2.724181671e-02,1.214418405e+00,0.000000000e+00,8.353545022e-02,8.983524e-16,6.071532e-18,5.863720e-18,2.356922e-03
0.120000,3.579064633e-02,1.938793998e-01,6.975518104e-02,9.678794254e-02,2.689879664e-02,1.146173186e+00,0.000000000e+00,8.316450131e-02,6.753340e-16,1.404617e-17,1.999170e-18,2.377512e-03
0.130000,3.589847516e-02,1.932609255e-01,7.286496417e-02,9.648015266e-02,2.654072718e-02,1.081542226e+00,0.000000000e+00,8.275729196e-02,1.332348e-15,1.532680e-17,3.317021e-18,2.318103e-03
0.140000,3.601000518e-02,1.926160968e-01,7.568627958e-02,9.615923737e-02,2.616932265e-02,1.020334140e+00,0.000000000e+00,8.231566549e-02,4.445802e-16,2.180945e-17,6.827031e-18,2.297123e-03
0.150000,3.612466364e-02,1.919471919e-01,7.823974035e-02,9.582632942e-02,2.578618564e-02,9.623652209e-01,0.000000000e+00,8.184163073e-02,4.442120e-16,6.952433e-18,6.149443e-18,2.311173e-03
0.160000,3.624190269e-02,1.912563226e-01,8.054457744e-02,9.548247874e-02,2.539281321e-02,9.074596365e-01,0.000000000e+00,8.133730415e-02,6.788979e-16,3.903128e-18,5.489961e-18,2.302113e-03
0.170000,3.636119870e-02,1.905454460e-01,8.261873204e-02,9.512865839e-02,2.499060268e-02,8.554495484e-01,0.000000000e+00,8.080486239e-02,4.484791e-16,1.748223e-17,6.753457e-18,2.336243e-03
0.180000,3.648205168e-02,1.898163758e-01,8.447894151e-02,9.476577014e-02,2.458085717e-02,8.061751779e-01,0.000000000e+00,8.024650361e-02,1.333439e-15,4.770490e-18,3.012444e-18,2.395561e-03
0.190000,3.660398475e-02,1.890707926e-01,8.614081935e-02,9.439464965e-02,2.416479088e-02,7.594848169e-01,0.000000000e+00,7.966441639e-02,6.759093e-16,3.903128e-18,1.563659e-18,2.319703e-03
0.200000,3.672654372e-02,1.883102535e-01,8.761892967e-02,9.401607127e-02,2.374353406e-02,7.152347941e-01,0.000000000e+00,7.906075495e-02,1.555306e-15,1.734723e-17,1.303931e-17,2.307914e-03
0.210000,3.684929670e-02,1.875362014e-01,8.892685658e-02,9.363075243e-02,2.331813774e-02,6.732894034e-01,0.000000000e+00,7.843761970e-02,2.220977e-15,4.941869e-17,1.454610e-18,2.350283e-03
0.220000,3.697183373e-02,1.867499727e-01,9.007726879e-02,9.323935781e-02,2.288957825e-02,6.335208018e-01,0.000000000e+00,7.779704228e-02,6.754750e-16,1.044442e-17,1.872879e-17,2.303493e-03
0.230000,3.709376639e-02,1.859528055e-01,9.108197986e-02,9.284250316e-02,2.245876144e-02,5.958088836e-01,0.000000000e+00,7.714097440e-02,1.115790e-15,4.976760e-17,1.563659e-18,2.365342e-03
0.240000,3.721472748e-02,1.851458465e-01,9.195200433e-02,9.244075882e-02,2.202652674e-02,5.600411390e-01,0.000000000e+00,7.647127971e-02,2.517505e-16,2.308307e-17,2.345488e-18,2.303704e-03
0.250000,3.733437059e-02,1.843301576e-01,9.269761004e-02,9.203465300e-02,2.159365097e-02,5.261125033e-01,0.000000000e+00,7.578972837e-02,4.443407e-16,1.474515e-17,1.527764e-17,2.319754e-03
0.260000,3.745236977e-02,1.835067221e-01,9.332836700e-02,9.162467488e-02,2.116085200e-02,4.939252053e-01,0.000000000e+00,7.509799368e-02,1.115103e-15,4.561902e-17,7.684845e-18,2.313333e-03
0.270000,3.756841905e-02,1.826764505e-01,9.385319291e-02,9.121127741e-02,2.072879218e-02,4.633886214e-01,0.000000000e+00,7.439765052e-02,8.964409e-16,1.474515e-17,1.939480e-18,2.328963e-03
0.280000,3.768223207e-02,1.818401855e-01,9.428039570e-02,9.079487990e-02,2.029808158e-02,4.344191428e-01,0.000000000e+00,7.369017516e-02,8.882225e-16,8.940560e-18,1.396055e-17,2.410721e-03
0.290000,3.779354158e-02,1.809987071e-01,9.461771325e-02,9.037587052e-02,1.986928113e-02,4.069400659e-01,0.000000000e+00,7.297694627e-02,8.886426e-16,1.844036e-17,5.244670e-18,2.392972e-03
0.300000,3.790209897e-02,1.801527374e-01,9.487235041e-02,8.995460853e-02,1.944290547e-02,3.808815116e-01,0.000000000e+00,7.225924678e-02,8.953379e-16,2.471981e-17,6.679953e-18,2.395831e-03
0.310000,3.800767379e-02,1.793029440e-01,9.505101369e-02,8.953142633e-02,1.901942582e-02,3.561803848e-01,0.000000000e+00,7.153826648e-02,4.441724e-16,1.613969e-17,9.263427e-18,2.418561e-03
0.320000,3.811005321e-02,1.784499449e-01,9.515994359e-02,8.910663150e-02,1.859927252e-02,3.327803824e-01,0.000000000e+00,7.081510515e-02,6.753936e-16,1.708504e-17,1.275494e-17,2.454520e-03
0.330000,3.820904149e-02,1.775943116e-01,9.520494491e-02,8.868050850e-02,1.818283758e-02,3.106320589e-01,0.000000000e+00,7.009077612e-02,7.666712e-17,8.673617e-18,3.066587e-18,2.401591e-03
0.340000,3.830445940e-02,1.767365723e-01,9.519141498e-02,8.825332040e-02,1.777047699e-02,2.896929589e-01,0.000000000e+00,6.936621006e-02,8.882039e-16,1.387779e-17,1.745667e-17,2.683296e-03
0.350000,3.839614371e-02,1.758772155e-01,9.512437021e-02,8.782531045e-02,1.736251299e-02,2.699278234e-01,0.000000000e+00,6.864225901e-02,1.554573e-15,2.722190e-17,4.848700e-19,2.399842e-03
0.360000,3.848394655e-02,1.750166926e-01,9.500847078e-02,8.739670345e-02,1.695923613e-02,2.513088708e-01,0.000000000e+00,6.791970048e-02,9.024202e-16,3.720820e-17,3.692660e-18,2.412042e-03
0.370000,3.856773488e-02,1.741554206e-01,9.484804387e-02,8.696770715e-02,1.656090731e-02,2.338161475e-01,0.000000000e+00,6.719924161e-02,1.110262e-15,1.250927e-17,3.309926e-18,2.633017e-03
0.380000,3.864738985e-02,1.732937847e-01,9.464710536e-02,8.653851344e-02,1.616775964e-02,2.174379247e-01,0.000000000e+00,6.648152335e-02,1.119747e-15,2.550987e-17,8.520477e-18,2.689076e-03
0.390000,3.872280625e-02,1.724321404e-01,9.440938010e-02,8.610929953e-02,1.578000024e-02,2.021710927e-01,0.000000000e+00,6.576712451e-02,2.260006e-16,2.576298e-17,2.168838e-17,2.545959e-03
0.400000,3.879389191e-02,1.715708161e-01,9.413832104e-02,8.568022902e-02,1.539781191e-02,1.880214617e-01,0.000000000e+00,6.505656580e-02,1.337351e-15,2.820010e-17,8.049425e-18,2.411001e-03
0.410000,3.886056710e-02,1.707101146e-01,9.383712699e-02,8.525145286e-02,1.502135473e-02,1.750038185e-01,0.000000000e+00,6.435031370e-02,1.336905e-15,4.313326e-17,3.126189e-17,2.510150e-03
0.420000,3.892276394e-02,1.698503150e-01,9.350875935e-02,8.482311027e-02,1.465076759e-02,1.631415041e-01,0.000000000e+00,6.364878425e-02,4.443536e-16,4.324866e-17,5.528368e-18,2.683476e-03
0.430000,3.898042585e-02,1.689916748e-01,9.315595781e-02,8.439532963e-02,1.428616956e-02,1.524651887e-01,0.000000000e+00,6.295234667e-02,1.334878e-15,5.551793e-17,3.711710e-18,2.441561e-03
0.440000,3.903350696e-02,1.681344311e-01,9.278125498e-02,8.396822923e-02,1.392766130e-02,1.430104461e-01,0.000000000e+00,6.226132679e-02,6.661430e-16,3.025837e-17,1.206927e-17,2.379541e-03
0.450000,3.908197155e-02,1.672788023e-01,9.238699023e-02,8.354191800e-02,1.357532626e-02,1.348137445e-01,0.000000000e+00,6.157601035e-02,8.952198e-16,4.023895e-17,2.335443e-18,2.301944e-03
0.460000,3.912579353e-02,1.664249893e-01,9.197532253e-02,8.311649623e-02,1.322923193e-02,1.279066540e-01,0.000000000e+00,6.089664615e-02,8.899203e-16,3.155531e-17,6.697527e-18,2.481880e-03
0.470000,3.916495585e-02,1.655731767e-01,9.154824261e-02,8.269205614e-02,1.288943094e-02,1.223085275e-01,0.000000000e+00,6.022344899e-02,1.555072e-15,4.751973e-17,3.576224e-18,2.350693e-03
0.480000,3.919945003e-02,1.647235345e-01,9.110758428e-02,8.226868252e-02,1.255596215e-02,1.180186021e-01,0.000000000e+00,5.955660243e-02,1.115852e-15,2.759587e-17,9.107298e-18,2.397832e-03
0.490000,3.922927562e-02,1.638762185e-01,9.065503511e-02,8.184645326e-02,1.222885162e-02,1.150091833e-01,0.000000000e+00,5.889626148e-02,8.969369e-16,2.901532e-17,1.987612e-17,2.455351e-03
0.500000,3.925443972e-02,1.630313716e-01,9.019214641e-02,8.142543981e-02,1.190811359e-02,1.132218678e-01,0.000000000e+00,5.824255497e-02,6.662925e-16,2.255141e-17,9.550830e-18,2.418611e-03
0.510000,3.927495649e-02,1.621891251e-01,8.972034256e-02,8.100570769e-02,1.159375133e-02,1.125682333e-01,0.000000000e+00,5.759558793e-02,4.561399e-16,3.425873e-17,1.508873e-17,2.363252e-03
0.520000,3.929084671e-02,1.613495989e-01,8.924092986e-02,8.058731694e-02,1.128575805e-02,1.129351352e-01,0.000000000e+00,5.695544368e-02,1.110597e-15,9.341772e-18,1.331407e-17,5.309333e-03
0.530000,3.930213731e-02,1.605129027e-01,8.875510472e-02,8.017032246e-02,1.098411762e-02,1.141932866e-01,0.000000000e+00,5.632218585e-02,1.594908e-16,7.769820e-17,3.252896e-17,5.013269e-03
0.540000,3.930886093e-02,1.596791368e-01,8.826396137e-02,7.975477443e-02,1.068880532e-02,1.162069536e-01,0.000000000e+00,5.569586027e-02,1.115779e-15,3.142915e-17,3.302815e-18,5.414201e-03
0.550000,3.931105555e-02,1.588483926e-01,8.776849914e-02,7.934071864e-02,1.039978862e-02,1.188426989e-01,0.000000000e+00,5.507649662e-02,1.624539e-16,1.497926e-17,1.609045e-17,4.911851e-03
0.560000,3.930876406e-02,1.580207534e-01,8.726962924e-02,7.892819681e-02,1.011702771e-02,1.219759010e-01,0.000000000e+00,5.446411010e-02,4.446515e-16,7.152448e-18,1.864954e-17,2.459760e-03
0.570000,3.930203386e-02,1.571962949e-01,8.676818107e-02,7.851724689e-02,9.840476243e-03,1.254946999e-01,0.000000000e+00,5.385870288e-02,1.555088e-15,2.081668e-17,1.090742e-17,2.315834e-03
0.580000,3.929091656e-02,1.563750858e-01,8.626490822e-02,7.810790334e-02,9.570081826e-03,1.293016909e-01,0.000000000e+00,5.326026544e-02,8.934756e-16,1.603007e-17,1.105674e-18,2.520079e-03
0.590000,3.927546757e-02,1.555571881e-01,8.576049402e-02,7.770019739e-02,9.305786612e-03,1.333139770e-01,0.000000000e+00,5.266877788e-02,6.662987e-16,3.488975e-17,1.757612e-17,2.299934e-03
0.600000,3.925574577e-02,1.547426582e-01,8.525555676e-02,7.729415724e-02,9.047527795e-03,1.374622101e-01,0.000000000e+00,5.208421101e-02,2.184392e-17,1.044442e-17,1.746407e-17,2.530869e-03
0.610000,3.923181326e-02,1.539315465e-01,8.475065458e-02,7.688980835e-02,8.795238093e-03,1.416891185e-01,0.000000000e+00,5.150652745e-02,1.115781e-15,1.183718e-17,8.697978e-18,2.301614e-03
0.620000,3.920373495e-02,1.531238985e-01,8.424629003e-02,7.648717356e-02,8.548846198e-03,1.459478660e-01,0.000000000e+00,5.093568261e-02,4.449802e-16,3.502090e-17,1.446059e-17,2.535829e-03
0.630000,3.917157839e-02,1.523197547e-01,8.374291435e-02,7.608627335e-02,8.308277195e-03,1.502004479e-01,0.000000000e+00,5.037162555e-02,6.674360e-16,1.868354e-17,1.888162e-17,3.044259e-03
0.640000,3.913541340e-02,1.515191514e-01,8.324093143e-02,7.568712600e-02,8.073452961e-03,1.544162290e-01,0.000000000e+00,4.981429981e-02,1.110436e-15,1.301043e-18,1.592412e-17,2.300134e-03
0.650000,3.909531187e-02,1.507221207e-01,8.274070157e-02,7.528974770e-02,7.844292528e-03,1.585706687e-01,0.000000000e+00,4.926364413e-02,1.558422e-15,1.093916e-17,3.909147e-18,2.305454e-03
0.660000,3.905134749e-02,1.499286907e-01,8.224254492e-02,7.489415280e-02,7.620712431e-03,1.626442371e-01,0.000000000e+00,4.871959315e-02,8.882895e-16,2.448881e-17,1.778885e-17,2.281724e-03
0.670000,3.900359553e-02,1.491388862e-01,8.174674475e-02,7.450035384e-02,7.402627027e-03,1.666215110e-01,0.000000000e+00,4.818207801e-02,8.886316e-16,1.051676e-17,5.479245e-18,2.316263e-03
0.680000,3.895213262e-02,1.483527288e-01,8.125355046e-02,7.410836176e-02,7.189948802e-03,1.704904271e-01,0.000000000e+00,4.765102690e-02,2.598165e-16,2.710505e-18,4.445229e-18,2.281914e-03
0.690000,3.889703654e-02,1.475702369e-01,8.076318039e-02,7.371818600e-02,6.982588641e-03,1.742416694e-01,0.000000000e+00,4.712636559e-02,1.113359e-15,4.445229e-18,4.912525e-18,2.407762e-03
0.700000,3.883838602e-02,1.467914262e-01,8.027582446e-02,7.332983460e-02,6.780456099e-03,1.778681696e-01,0.000000000e+00,4.660801782e-02,1.332282e-15,1.263084e-17,1.357376e-17,2.354982e-03
0.710000,3.877626057e-02,1.460163098e-01,7.979164658e-02,7.294331431e-02,6.583459637e-03,1.813646992e-01,0.000000000e+00,4.609590578e-02,1.554391e-15,3.950917e-17,9.925633e-18,2.409292e-03
0.720000,3.871074033e-02,1.452448984e-01,7.931078693e-02,7.255863068e-02,6.391506849e-03,1.847275370e-01,0.000000000e+00,4.558995043e-02,1.337539e-15,2.488380e-17,5.782976e-18,2.380372e-03
0.730000,3.864190584e-02,1.444772006e-01,7.883336408e-02,7.217578817e-02,6.204504676e-03,1.879541982e-01,0.000000000e+00,4.509007186e-02,1.554717e-15,1.745532e-17,2.342103e-17,2.284994e-03
0.740000,3.856983796e-02,1.437132227e-01,7.835947691e-02,7.179479021e-02,6.022359594e-03,1.910432127e-01,0.000000000e+00,4.459618955e-02,8.953645e-16,7.460099e-17,5.650608e-18,2.386002e-03
0.750000,3.849461772e-02,1.429529693e-01,7.788920643e-02,7.141563930e-02,5.844977800e-03,1.939939441e-01,0.000000000e+00,4.410822266e-02,1.336904e-15,2.432699e-17,2.023287e-17,3.283165e-03
0.760000,3.841632613e-02,1.421964433e-01,7.742261748e-02,7.103833705e-02,5.672265374e-03,1.968064403e-01,0.000000000e+00,4.362609025e-02,8.888659e-16,2.143131e-17,6.857097e-19,2.332483e-03
0.770000,3.833504413e-02,1.414436459e-01,7.695976024e-02,7.066288427e-02,5.504128438e-03,1.994813118e-01,0.000000000e+00,4.314971150e-02,8.886137e-16,2.412319e-17,1.106750e-17,2.273365e-03
0.780000,3.825085246e-02,1.406945769e-01,7.650067170e-02,7.028928104e-02,5.340473292e-03,2.020196304e-01,0.000000000e+00,4.267900586e-02,6.684654e-16,1.533025e-17,3.342615e-18,2.289114e-03
0.790000,3.816383150e-02,1.399492345e-01,7.604537696e-02,6.991752673e-02,5.181206550e-03,2.044228457e-01,0.000000000e+00,4.221389324e-02,4.901169e-17,1.711014e-17,2.929353e-18,2.347993e-03
0.800000,3.807406125e-02,1.392076159e-01,7.559389047e-02,6.954762009e-02,5.026235259e-03,2.066927157e-01,0.000000000e+00,4.175429415e-02,1.557798e-15,7.257679e-18,1.748929e-17,2.278894e-03
0.810000,3.798162120e-02,1.384697170e-01,7.514621713e-02,6.917955928e-02,4.875467008e-03,2.088312495e-01,0.000000000e+00,4.130012978e-02,1.110572e-15,2.949433e-17,9.834616e-18,2.289194e-03
0.820000,3.788659023e-02,1.377355327e-01,7.470235334e-02,6.881334192e-02,4.728810028e-03,2.108406591e-01,0.000000000e+00,4.085132217e-02,8.895158e-16,3.604055e-17,7.103800e-18,2.305864e-03
0.830000,3.778904657e-02,1.370050567e-01,7.426228797e-02,6.844896514e-02,4.586173288e-03,2.127233192e-01,0.000000000e+00,4.040779422e-02,1.115827e-15,5.987319e-17,1.090957e-18,2.635597e-03
0.840000,3.768906771e-02,1.362782821e-01,7.382600319e-02,6.808642560e-02,4.447466575e-03,2.144817337e-01,0.000000000e+00,3.996946985e-02,8.895191e-16,1.287613e-17,6.392714e-18,2.347263e-03
0.850000,3.758673036e-02,1.355552009e-01,7.339347530e-02,6.772571953e-02,4.312600573e-03,2.161185074e-01,0.000000000e+00,3.953627399e-02,6.755051e-16,1.710645e-17,2.658507e-18,2.300193e-03
0.860000,3.748211034e-02,1.348358044e-01,7.296467547e-02,6.736684280e-02,4.181486929e-03,2.176363223e-01,0.000000000e+00,3.910813266e-02,4.451890e-16,5.330748e-17,2.303930e-18,2.271635e-03
0.870000,3.737528258e-02,1.341200833e-01,7.253957039e-02,6.700979089e-02,4.054038319e-03,2.190379176e-01,0.000000000e+00,3.868497305e-02,8.977995e-16,3.724751e-18,1.023412e-17,2.420921e-03
0.880000,3.726632105e-02,1.334080275e-01,7.211812287e-02,6.665455897e-02,3.930168498e-03,2.203260727e-01,0.000000000e+00,3.826672347e-02,1.558280e-15,1.436568e-17,1.340199e-17,2.282574e-03
0.890000,3.715529871e-02,1.326996263e-01,7.170029244e-02,6.630114191e-02,3.809792357e-03,2.215035933e-01,0.000000000e+00,3.785331346e-02,8.883207e-16,4.544346e-17,1.038633e-17,2.461951e-03
0.900000,3.704228749e-02,1.319948685e-01,7.128603581e-02,6.594953429e-02,3.692825959e-03,2.225732988e-01,0.000000000e+00,3.744467375e-02,4.442622e-16,5.710075e-17,9.228624e-18,2.298654e-03
0.910000,3.692735823e-02,1.312937426e-01,7.087530736e-02,6.559973045e-02,3.579186585e-03,2.235380125e-01,0.000000000e+00,3.704073629e-02,8.887491e-16,1.058365e-17,8.660903e-19,2.449600e-03
0.920000,3.681058067e-02,1.305962362e-01,7.046805956e-02,6.525172448e-02,3.468792765e-03,2.244005532e-01,0.000000000e+00,3.664143428e-02,1.554410e-15,1.460721e-17,4.339857e-18,2.393092e-03
0.930000,3.669202344e-02,1.299023368e-01,7.006424329e-02,6.490551027e-02,3.361564305e-03,2.251637271e-01,0.000000000e+00,3.624670212e-02,1.332290e-15,2.285199e-17,1.368201e-18,2.549569e-03
0.940000,3.657175400e-02,1.292120314e-01,6.966380825e-02,6.456108152e-02,3.257422317e-03,2.258303225e-01,0.000000000e+00,3.585647546e-02,8.882669e-16,3.094330e-17,8.769993e-18,2.338343e-03
0.950000,3.644983861e-02,1.285253068e-01,6.926670325e-02,6.421843173e-02,3.156289238e-03,2.264031042e-01,0.000000000e+00,3.547069117e-02,1.558276e-15,4.818228e-17,9.265023e-18,2.381602e-03
0.960000,3.632634239e-02,1.278421492e-01,6.887287643e-02,6.387755426e-02,3.058088845e-03,2.268848090e-01,0.000000000e+00,3.508928732e-02,8.883581e-16,1.678020e-17,2.047912e-18,2.262504e-03
0.970000,3.620132923e-02,1.271625448e-01,6.848227556e-02,6.353844233e-02,2.962746275e-03,2.272781423e-01,0.000000000e+00,3.471220319e-02,1.339944e-15,2.230929e-17,6.764395e-18,2.362402e-03
0.980000,3.607486179e-02,1.264864793e-01,6.809484826e-02,6.320108900e-02,2.870188030e-03,2.275857749e-01,0.000000000e+00,3.433937922e-02,1.342095e-15,1.502767e-17,2.488688e-18,2.295744e-03
0.990000,3.594700154e-02,1.258139383e-01,6.771054215e-02,6.286548722e-02,2.780341988e-03,2.278103405e-01,0.000000000e+00,3.397075704e-02,1.115764e-15,4.522982e-17,2.473104e-19,2.287934e-03
1.000000,3.581780870e-02,1.251449073e-01,6.732930505e-02,6.253162984e-02,2.693137408e-03,2.279544333e-01,0.000000000e+00,3.360627942e-02,1.110235e-15,1.709497e-17,7.691582e-19,2.378172e-03
1.010000,3.568734227e-02,1.244793712e-01,6.695108514e-02,6.219950961e-02,2.608504933e-03,2.280206068e-01,0.000000000e+00,3.324589025e-02,1.116542e-15,5.634341e-18,4.733694e-19,2.266885e-03
1.020000,3.555566000e-02,1.238173153e-01,6.657583107e-02,6.186911917e-02,2.526376588e-03,2.280113719e-01,0.000000000e+00,3.288953453e-02,1.336927e-15,3.187555e-17,2.928883e-18,2.290194e-03
1.030000,3.542281842e-02,1.231587242e-01,6.620349207e-02,6.154045112e-02,2.446685782e-03,2.279291960e-01,0.000000000e+00,3.253715834e-02,6.754149e-16,1.289768e-17,4.124296e-18,2.377372e-03
1.040000,3.528887284e-02,1.225035827e-01,6.583401809e-02,6.121349795e-02,2.369367301e-03,2.277765021e-01,0.000000000e+00,3.218870883e-02,1.779830e-15,1.737941e-17,6.322541e-18,2.377562e-03
1.050000,3.515387732e-02,1.218518753e-01,6.546735983e-02,6.088825211e-02,2.294357303e-03,2.275556682e-01,0.000000000e+00,3.184413417e-02,1.340415e-15,1.738320e-17,7.023557e-18,2.375642e-03
1.060000,3.501788470e-02,1.212035866e-01,6.510346886e-02,6.056470600e-02,2.221593311e-03,2.272690265e-01,0.000000000e+00,3.150338355e-02,1.554328e-15,1.136345e-17,9.696963e-18,2.264785e-03
1.070000,3.488094664e-02,1.205587010e-01,6.474229764e-02,6.024285196e-02,2.151014206e-03,2.269188637e-01,0.000000000e+00,3.116640714e-02,1.333913e-15,2.307804e-17,3.592263e-18,2.255535e-03
1.080000,3.474311354e-02,1.199172027e-01,6.438379960e-02,5.992268227e-02,2.082560213e-03,2.265074202e-01,0.000000000e+00,3.083315609e-02,1.777586e-15,1.444595e-17,3.466269e-18,2.345763e-03
1.090000,3.460443465e-02,1.192790760e-01,6.402792919e-02,5.960418922e-02,2.016172892e-03,2.260368903e-01,0.000000000e+00,3.050358247e-02,1.781250e-15,2.419302e-17,7.241566e-18,2.273754e-03
1.100000,3.446495801e-02,1.186443051e-01,6.367464185e-02,5.928736504e-02,1.951795124e-03,2.255094223e-01,0.000000000e+00,3.017763927e-02,6.722329e-16,8.811811e-18,2.542824e-18,2.265564e-03
1.110000,3.432473048e-02,1.180128740e-01,6.332389410e-02,5.897220193e-02,1.889371100e-03,2.249271185e-01,0.000000000e+00,2.985528037e-02,1.555316e-15,1.133302e-17,1.398999e-18,2.376192e-03
1.120000,3.418379777e-02,1.173847670e-01,6.297564353e-02,5.865869209e-02,1.828846300e-03,2.242920355e-01,0.000000000e+00,2.953646053e-02,1.779834e-15,1.932467e-17,2.436441e-18,2.307354e-03
1.130000,3.404220445e-02,1.167599680e-01,6.262984882e-02,5.834682767e-02,1.770167486e-03,2.236061846e-01,0.000000000e+00,2.922113532e-02,1.779835e-15,1.866285e-17,3.198511e-18,2.304694e-03
1.140000,3.389999392e-02,1.161384612e-01,6.228646972e-02,5.803660086e-02,1.713282677e-03,2.228715317e-01,0.000000000e+00,2.890926117e-02,1.560148e-15,1.062518e-17,6.725605e-18,2.402872e-03
1.150000,3.375720849e-02,1.155202305e-01,6.194546710e-02,5.772800378e-02,1.658141138e-03,2.220899983e-01,0.000000000e+00,2.860079527e-02,1.776451e-15,1.737170e-17,2.496021e-18,2.257565e-03
1.160000,3.361388934e-02,1.149052601e-01,6.160680287e-02,5.742102860e-02,1.604693359e-03,2.212634615e-01,0.000000000e+00,2.829569561e-02,1.778163e-15,1.425231e-17,5.897763e-18,2.450351e-03
1.170000,3.347007659e-02,1.142935338e-01,6.127044007e-02,5.711566745e-02,1.552891040e-03,2.203937545e-01,0.000000000e+00,2.799392093e-02,1.110509e-15,9.154288e-18,3.813634e-18,2.346154e-03
1.180000,3.332580926e-02,1.136850358e-01,6.093634277e-02,5.681191248e-02,1.502687069e-03,2.194826673e-01,0.000000000e+00,2.769543068e-02,1.554503e-15,7.553902e-18,1.041557e-17,2.362093e-03
1.190000,3.318112530e-02,1.130797501e-01,6.060447611e-02,5.650975583e-02,1.454035504e-03,2.185319473e-01,0.000000000e+00,2.740018505e-02,1.554881e-15,2.776748e-17,1.692059e-18,2.273384e-03
1.200000,3.303606167e-02,1.124776608e-01,6.027480627e-02,5.620918966e-02,1.406891554e-03,2.175432993e-01,0.000000000e+00,2.710814491e-02,2.442651e-15,2.625029e-17,7.168249e-18,2.329813e-03
1.210000,3.289065425e-02,1.118787519e-01,5.994730044e-02,5.591020613e-02,1.361211559e-03,2.165183868e-01,0.000000000e+00,2.681927179e-02,1.110324e-15,1.383027e-17,5.448048e-19,2.463771e-03
1.220000,3.274493794e-02,1.112830076e-01,5.962192681e-02,5.561279742e-02,1.316952972e-03,2.154588322e-01,0.000000000e+00,2.653352789e-02,2.005383e-15,7.564593e-18,1.488559e-18,2.343784e-03
1.230000,3.259894665e-02,1.106904119e-01,5.929865457e-02,5.531695570e-02,1.274074336e-03,2.143662174e-01,0.000000000e+00,2.625087604e-02,1.554336e-15,7.449503e-18,1.772430e-18,2.460971e-03
1.240000,3.245271333e-02,1.101009491e-01,5.897745383e-02,5.502267317e-02,1.232535263e-03,2.132420846e-01,0.000000000e+00,2.597127968e-02,1.554568e-15,1.768147e-17,2.287127e-18,2.289484e-03
1.250000,3.230626995e-02,1.095146033e-01,5.865829565e-02,5.472994205e-02,1.192296419e-03,2.120879366e-01,0.000000000e+00,2.569470284e-02,1.554328e-15,1.827773e-17,3.686287e-18,2.505430e-03
1.260000,3.215964755e-02,1.089313588e-01,5.834115201e-02,5.443875457e-02,1.153319499e-03,2.109052380e-01,0.000000000e+00,2.542111017e-02,1.337051e-15,9.866240e-18,3.447780e-18,2.369743e-03
1.270000,3.201287629e-02,1.083511999e-01,5.802599575e-02,5.414910298e-02,1.115567206e-03,2.096954151e-01,0.000000000e+00,2.515046684e-02,2.220726e-15,1.920477e-17,6.768236e-18,2.280024e-03
1.280000,3.186598538e-02,1.077741109e-01,5.771280059e-02,5.386097956e-02,1.079003236e-03,2.084598573e-01,0.000000000e+00,2.488273861e-02,2.223322e-15,3.402737e-18,8.398894e-18,2.270965e-03
1.290000,3.171900318e-02,1.072000761e-01,5.740154105e-02,5.357437658e-02,1.043592251e-03,2.071999171e-01,0.000000000e+00,2.461789174e-02,2.442985e-15,3.068599e-17,1.654963e-18,2.266394e-03
1.300000,3.157195718e-02,1.066290800e-01,5.709219247e-02,5.328928637e-02,1.009299863e-03,2.059169113e-01,0.000000000e+00,2.435589305e-02,2.442593e-15,3.146802e-17,5.819702e-18,2.365332e-03
1.310000,3.142487402e-02,1.060611071e-01,5.678473099e-02,5.300570127e-02,9.760926140e-04,2.046121212e-01,0.000000000e+00,2.409670983e-02,1.111028e-15,1.067815e-17,2.008702e-18,2.401631e-03
1.320000,3.127777953e-02,1.054961418e-01,5.647913347e-02,5.272361363e-02,9.439379527e-04,2.032867934e-01,0.000000000e+00,2.384030989e-02,1.779823e-15,8.673617e-19,1.553288e-18,2.320704e-03
1.330000,3.113069871e-02,1.049341688e-01,5.617537751e-02,5.244301585e-02,9.128042176e-04,2.019421407e-01,0.000000000e+00,2.358666150e-02,1.776849e-15,1.517883e-18,1.651408e-18,2.286854e-03
1.340000,3.098365579e-02,1.043751726e-01,5.587344142e-02,5.216390033e-02,8.826606161e-04,2.005793423e-01,0.000000000e+00,2.333573343e-02,2.224543e-15,1.467483e-17,3.053141e-18,2.295804e-03
1.350000,3.083667420e-02,1.038191380e-01,5.557330418e-02,5.188625952e-02,8.534772052e-04,1.991995449e-01,0.000000000e+00,2.308749487e-02,2.445103e-15,4.210280e-18,4.125671e-18,2.340723e-03
1.360000,3.068977664e-02,1.032660497e-01,5.527494542e-02,5.161008587e-02,8.252248718e-04,1.978038628e-01,0.000000000e+00,2.284191548e-02,2.001536e-15,6.980275e-18,1.506222e-18,2.368233e-03
1.370000,3.054298505e-02,1.027158924e-01,5.497834541e-02,5.133537190e-02,7.978753139e-04,1.963933791e-01,0.000000000e+00,2.259896534e-02,2.443480e-15,3.252607e-18,3.347008e-18,2.310264e-03
1.380000,3.039632068e-02,1.021686511e-01,5.468348500e-02,5.106211011e-02,7.714010217e-04,1.949691461e-01,0.000000000e+00,2.235861496e-02,1.558522e-15,1.591120e-17,1.654963e-18,2.510870e-03
1.390000,3.024980404e-02,1.016243107e-01,5.439034566e-02,5.079029307e-02,7.457752586e-04,1.935321855e-01,0.000000000e+00,2.212083526e-02,4.445980e-16,4.755682e-18,2.496021e-18,2.347443e-03
1.400000,3.010345496e-02,1.010828561e-01,5.409890938e-02,5.051991335e-02,7.209720432e-04,1.920834900e-01,0.000000000e+00,2.188559756e-02,1.776704e-15,2.215702e-17,3.998340e-18,2.417651e-03
1.410000,2.995729263e-02,1.005442725e-01,5.380915872e-02,5.025096356e-02,6.969661305e-04,1.906240227e-01,0.000000000e+00,2.165287359e-02,2.001537e-15,2.195985e-17,4.692229e-18,2.323803e-03
1.420000,2.981133554e-02,1.000085448e-01,5.352107672e-02,4.998343635e-02,6.737329947e-04,1.891547190e-01,0.000000000e+00,2.142263543e-02,1.332568e-15,2.971980e-17,3.909147e-18,2.279365e-03
1.430000,2.966560157e-02,9.947565837e-02,5.323464696e-02,4.971732439e-02,6.512488113e-04,1.876764859e-01,0.000000000e+00,2.119485557e-02,2.003218e-15,2.156663e-17,2.387708e-18,2.299124e-03
1.440000,2.952010797e-02,9.894559832e-02,5.294985345e-02,4.945262037e-02,6.294904392e-04,1.861902036e-01,0.000000000e+00,2.096950685e-02,2.442855e-15,1.717426e-17,3.261629e-18,2.255924e-03
1.450000,2.937487137e-02,9.841834999e-02,5.266668068e-02,4.918931704e-02,6.084354047e-04,1.846967258e-01,0.000000000e+00,2.074656247e-02,2.225058e-15,2.429484e-17,2.493665e-18,2.450951e-03
1.460000,2.922990784e-02,9.789389874e-02,5.238511358e-02,4.892740716e-02,5.880618836e-04,1.831968798e-01,0.000000000e+00,2.052599597e-02,1.558342e-15,1.620511e-17,1.764953e-18,2.390952e-03
1.470000,2.908523284e-02,9.737223000e-02,5.210513748e-02,4.866688352e-02,5.683486856e-04,1.816914678e-01,0.000000000e+00,2.030778125e-02,2.003214e-15,1.506222e-17,1.269026e-18,2.330703e-03
1.480000,2.894086127e-02,9.685332927e-02,5.182673813e-02,4.840773896e-02,5.492752374e-04,1.801812671e-01,0.000000000e+00,2.009189255e-02,2.445372e-15,3.592556e-17,4.663330e-18,2.289404e-03
1.490000,2.879680752e-02,9.633718212e-02,5.154990165e-02,4.814996632e-02,5.308215673e-04,1.786670306e-01,0.000000000e+00,1.987830441e-02,1.999612e-15,3.634908e-18,5.141679e-18,2.268545e-03
1.500000,2.865308539e-02,9.582377417e-02,5.127461454e-02,4.789355851e-02,5.129682893e-04,1.771494875e-01,0.000000000e+00,1.966699171e-02,2.664619e-15,1.550523e-17,2.195342e-18,2.371243e-03
1.510000,2.850970820e-02,9.531309112e-02,5.100086363e-02,4.763850844e-02,4.956965880e-04,1.756293437e-01,0.000000000e+00,1.945792966e-02,2.443128e-15,1.398579e-17,1.264386e-18,2.319104e-03
1.520000,2.836668876e-02,9.480511873e-02,5.072863610e-02,4.738480908e-02,4.789882035e-04,1.741072827e-01,0.000000000e+00,1.925109375e-02,1.779404e-15,1.192622e-17,3.127317e-18,2.284885e-03
1.530000,2.822403938e-02,9.429984283e-02,5.045791947e-02,4.713245341e-02,4.628254166e-04,1.725839655e-01,0.000000000e+00,1.904645979e-02,2.223327e-15,1.392008e-17,1.951564e-18,2.302004e-03
1.540000,2.808177189e-02,9.379724932e-02,5.018870154e-02,4.688143444e-02,4.471910345e-04,1.710600318e-01,0.000000000e+00,1.884400388e-02,2.442495e-15,2.405268e-17,3.201611e-18,2.287064e-03
1.550000,2.793989766e-02,9.329732415e-02,4.992097042e-02,4.663174524e-02,4.320683767e-04,1.695360999e-01,0.000000000e+00,1.864370242e-02,2.001924e-15,8.940560e-18,4.707236e-18,2.291425e-03
1.560000,2.779842761e-02,9.280005336e-02,4.965471449e-02,4.638337889e-02,4.174412613e-04,1.680127677e-01,0.000000000e+00,1.844553209e-02,1.116841e-15,1.250927e-17,4.529059e-18,2.282924e-03
1.570000,2.765737220e-02,9.230542305e-02,4.938992241e-02,4.613632850e-02,4.032939913e-04,1.664906130e-01,0.000000000e+00,1.824946984e-02,1.556943e-15,1.104184e-17,3.254413e-18,2.266294e-03
1.580000,2.751674149e-02,9.181341938e-02,4.912658309e-02,4.589058722e-02,3.896113414e-04,1.649701938e-01,0.000000000e+00,1.805549292e-02,1.998417e-15,1.077241e-17,1.764953e-18,2.325874e-03
1.590000,2.737654511e-02,9.132402857e-02,4.886468571e-02,4.564614824e-02,3.763785451e-04,1.634520491e-01,0.000000000e+00,1.786357883e-02,3.108660e-15,4.987330e-18,4.171009e-18,2.271945e-03
1.600000,2.723679227e-02,9.083723693e-02,4.860421964e-02,4.540300477e-02,3.635812823e-04,1.619366992e-01,0.000000000e+00,1.767370535e-02,1.998837e-15,4.553649e-18,3.998340e-18,2.327064e-03
1.610000,2.709749182e-02,9.035303082e-02,4.834517452e-02,4.516115005e-02,3.512056666e-04,1.604246463e-01,0.000000000e+00,1.748585051e-02,1.554456e-15,1.040834e-17,2.909220e-18,2.570459e-03
1.620000,2.695865220e-02,8.987139667e-02,4.808754019e-02,4.492057737e-02,3.392382334e-04,1.589163747e-01,0.000000000e+00,1.729999259e-02,1.998415e-15,7.757919e-18,3.081882e-18,2.306214e-03
1.630000,2.682028148e-02,8.939232098e-02,4.783130668e-02,4.468128004e-02,3.276659281e-04,1.574123515e-01,0.000000000e+00,1.711611016e-02,1.776701e-15,7.757919e-18,6.523258e-18,2.359863e-03
1.640000,2.668238740e-02,8.891579031e-02,4.757646424e-02,4.444325140e-02,3.164760947e-04,1.559130268e-01,0.000000000e+00,1.693418199e-02,2.223231e-15,1.366095e-17,5.249151e-18,2.294804e-03
1.650000,2.654497731e-02,8.844179129e-02,4.732300330e-02,4.420648482e-02,3.056564644e-04,1.544188345e-01,0.000000000e+00,1.675418713e-02,2.002072e-15,1.398579e-17,4.091337e-18,2.277184e-03
1.660000,2.640805825e-02,8.797031062e-02,4.707091447e-02,4.397097371e-02,2.951951446e-04,1.529301923e-01,0.000000000e+00,1.657610485e-02,1.776578e-15,8.805431e-18,4.074062e-18,2.266444e-03
1.670000,2.627163692e-02,8.750133506e-02,4.682018853e-02,4.373671152e-02,2.850806084e-04,1.514475025e-01,0.000000000e+00,1.639991467e-02,2.223756e-15,1.127779e-17,8.342018e-18,2.334224e-03
1.680000,2.613571968e-02,8.703485143e-02,4.657081643e-02,4.350369171e-02,2.753016841e-04,1.499711522e-01,0.000000000e+00,1.622559634e-02,2.445180e-15,6.722053e-18,4.690976e-18,2.270515e-03
1.690000,2.600031262e-02,8.657084664e-02,4.632278927e-02,4.327190779e-02,2.658475449e-04,1.485015135e-01,0.000000000e+00,1.605312983e-02,1.560887e-15,1.250927e-17,4.906539e-18,2.312484e-03
1.700000,2.586542149e-02,8.610930763e-02,4.607609832e-02,4.304135329e-02,2.567076992e-04,1.470389443e-01,0.000000000e+00,1.588249535e-02,2.002944e-15,2.187833e-17,3.496447e-18,2.272654e-03
1.710000,2.573105177e-02,8.565022145e-02,4.583073496e-02,4.281202178e-02,2.478719804e-04,1.455837886e-01,0.000000000e+00,1.571367333e-02,2.666934e-15,7.152448e-18,2.827253e-18,2.266245e-03
1.720000,2.559720866e-02,8.519357516e-02,4.558669075e-02,4.258390687e-02,2.393305384e-04,1.441363765e-01,0.000000000e+00,1.554664441e-02,1.338350e-15,6.992894e-18,2.949349e-18,2.425111e-03
1.730000,2.546389705e-02,8.473935593e-02,4.534395736e-02,4.235700217e-02,2.310738295e-04,1.426970252e-01,0.000000000e+00,1.538138946e-02,1.554329e-15,1.361095e-17,2.949349e-18,2.266674e-03
1.740000,2.533112161e-02,8.428755098e-02,4.510252658e-02,4.213130135e-02,2.230926077e-04,1.412660388e-01,0.000000000e+00,1.521788955e-02,2.220504e-15,8.182674e-18,5.244670e-18,2.293705e-03
1.750000,2.519888672e-02,8.383814759e-02,4.486239035e-02,4.190679811e-02,2.153779165e-04,1.398437087e-01,0.000000000e+00,1.505612596e-02,2.002256e-15,2.103688e-17,3.496447e-18,2.274644e-03
1.760000,2.506719652e-02,8.339113311e-02,4.462354069e-02,4.168348617e-02,2.079210795e-04,1.384303145e-01,0.000000000e+00,1.489608020e-02,1.999174e-15,1.949153e-17,4.210280e-18,2.287514e-03
1.770000,2.493605491e-02,8.294649495e-02,4.438596976e-02,4.146135929e-02,2.007136929e-04,1.370261237e-01,0.000000000e+00,1.473773396e-02,1.999612e-15,1.788112e-17,4.944723e-18,2.350883e-03
1.780000,2.480546554e-02,8.250422058e-02,4.414966983e-02,4.124041125e-02,1.937476172e-04,1.356313924e-01,0.000000000e+00,1.458106914e-02,2.223401e-15,2.117944e-17,3.496447e-18,2.308744e-03
1.790000,2.467543185e-02,8.206429755e-02,4.391463325e-02,4.102063587e-02,1.870149690e-04,1.342463652e-01,0.000000000e+00,1.442606784e-02,1.998996e-15,1.323970e-17,4.210280e-18,2.351022e-03
1.800000,2.454595705e-02,8.162671345e-02,4.368085249e-02,4.080202700e-02,1.805081140e-04,1.328712763e-01,0.000000000e+00,1.427271236e-02,2.886991e-15,8.182674e-18,5.918592e-18,2.252594e-03
1.810000,2.441704414e-02,8.119145595e-02,4.344832011e-02,4.058457851e-02,1.742196590e-04,1.315063490e-01,0.000000000e+00,1.412098518e-02,1.110226e-15,1.532680e-17,3.608944e-18,2.258045e-03
1.820000,2.428869591e-02,8.075851278e-02,4.321702875e-02,4.036828433e-02,1.681424451e-04,1.301517963e-01,0.000000000e+00,1.397086900e-02,2.445268e-15,1.344411e-17,4.944723e-18,2.359573e-03
1.830000,2.416091494e-02,8.032787173e-02,4.298697115e-02,4.015313838e-02,1.622695404e-04,1.288078215e-01,0.000000000e+00,1.382234667e-02,2.442582e-15,1.532680e-17,5.898698e-18,2.272174e-03
1.840000,2.403370363e-02,7.989952065e-02,4.275814014e-02,3.993913465e-02,1.565942334e-04,1.274746178e-01,0.000000000e+00,1.367540126e-02,2.221338e-15,2.194271e-17,6.619851e-18,2.256455e-03
1.850000,2.390706419e-02,7.947344746e-02,4.253052863e-02,3.972626713e-02,1.511100259e-04,1.261523695e-01,0.000000000e+00,1.353001601e-02,2.442853e-15,1.110765e-17,7.573911e-18,2.310534e-03
1.860000,2.378099864e-02,7.904964013e-02,4.230412958e-02,3.951452985e-02,1.458106272e-04,1.248412512e-01,0.000000000e+00,1.338617433e-02,2.220839e-15,1.551584e-17,6.901524e-18,2.260515e-03
1.870000,2.365550883e-02,7.862808670e-02,4.207893608e-02,3.930391688e-02,1.406899473e-04,1.235414291e-01,0.000000000e+00,1.324385983e-02,1.778319e-15,1.561251e-17,5.773822e-18,2.268095e-03
1.880000,2.353059644e-02,7.820877527e-02,4.185494124e-02,3.909442230e-02,1.357420908e-04,1.222530605e-01,0.000000000e+00,1.310305630e-02,2.001497e-15,4.770490e-18,6.609188e-18,2.270284e-03
1.890000,2.340626299e-02,7.779169400e-02,4.163213827e-02,3.888604024e-02,1.309613514e-04,1.209762944e-01,0.000000000e+00,1.296374768e-02,1.333153e-15,1.390487e-17,1.951564e-18,2.274974e-03
1.900000,2.328250982e-02,7.737683111e-02,4.141052045e-02,3.867876485e-02,1.263422057e-04,1.197112717e-01,0.000000000e+00,1.282591810e-02,1.776702e-15,1.514782e-17,7.006329e-18,2.273265e-03
1.910000,2.315933813e-02,7.696417489e-02,4.119008111e-02,3.847259031e-02,1.218793077e-04,1.184581254e-01,0.000000000e+00,1.268955187e-02,1.333166e-15,1.761086e-17,4.276762e-18,2.338073e-03
1.920000,2.303674899e-02,7.655371366e-02,4.097081366e-02,3.826751083e-02,1.175674834e-04,1.172169807e-01,0.000000000e+00,1.255463344e-02,1.336978e-15,7.961322e-18,3.223565e-18,2.289764e-03
1.930000,2.291474328e-02,7.614543584e-02,4.075271155e-02,3.806352065e-02,1.134017255e-04,1.159879557e-01,0.000000000e+00,1.242114746e-02,1.554721e-15,9.813078e-18,3.529907e-18,2.363353e-03
1.940000,2.279332179e-02,7.573932988e-02,4.053576832e-02,3.786061404e-02,1.093771882e-04,1.147711611e-01,0.000000000e+00,1.228907873e-02,1.556543e-15,1.170938e-17,4.610091e-18,2.397492e-03
1.950000,2.267248514e-02,7.533538431e-02,4.031997753e-02,3.765878529e-02,1.054891823e-04,1.135667004e-01,0.000000000e+00,1.215841219e-02,1.555088e-15,7.961322e-18,5.898698e-18,2.396901e-03
1.960000,2.255223384e-02,7.493358771e-02,4.010533284e-02,3.745802873e-02,1.017331704e-04,1.123746706e-01,0.000000000e+00,1.202913299e-02,1.554712e-15,1.517883e-17,6.075403e-18,2.402692e-03
1.970000,2.243256827e-02,7.453392871e-02,3.989182793e-02,3.725833873e-02,9.810476176e-05,1.111951620e-01,0.000000000e+00,1.190122640e-02,1.554336e-15,1.788112e-17,6.377469e-18,2.289434e-03
1.980000,2.231348868e-02,7.413639600e-02,3.967945655e-02,3.705970965e-02,9.459970841e-05,1.100282584e-01,0.000000000e+00,1.177467786e-02,1.112851e-15,9.107298e-18,7.178696e-18,2.371802e-03
1.990000,2.219499520e-02,7.374097836e-02,3.946821248e-02,3.686213592e-02,9.121390019e-05,1.088740375e-01,0.000000000e+00,1.164947297e-02,2.220983e-15,4.336809e-19,5.834579e-18,2.277494e-03
2.000000,2.207708788e-02,7.334766458e-02,3.925808959e-02,3.666561197e-02,8.794336061e-05,1.077325709e-01,0.000000000e+00,1.152559748e-02,2.220500e-15,6.992894e-18,6.209365e-18,2.429771e-03
2.010000,2.195976661e-02,7.295644354e-02,3.904908176e-02,3.647013228e-02,8.478424269e-05,1.066039243e-01,0.000000000e+00,1.140303729e-02,2.664572e-15,1.636535e-17,1.063403e-17,2.389252e-03
2.020000,2.184303122e-02,7.256730417e-02,3.884118294e-02,3.627569135e-02,8.173282485e-05,1.054881578e-01,0.000000000e+00,1.128177845e-02,1.776852e-15,1.084202e-17,7.663400e-18,2.521449e-03
2.030000,2.172688142e-02,7.218023545e-02,3.863438711e-02,3.608228369e-02,7.878550700e-05,1.043853257e-01,0.000000000e+00,1.116180716e-02,2.664864e-15,2.324546e-17,7.178696e-18,2.343543e-03
2.040000,2.161131682e-02,7.179522642e-02,3.842868831e-02,3.588990387e-02,7.593880673e-05,1.032954773e-01,0.000000000e+00,1.104310977e-02,2.220557e-15,9.107298e-18,8.553524e-18,2.356513e-03
2.050000,2.149633693e-02,7.141226620e-02,3.822408062e-02,3.569854646e-02,7.318935556e-05,1.022186565e-01,0.000000000e+00,1.092567278e-02,2.442742e-15,1.301043e-18,6.887884e-18,2.346053e-03
2.060000,2.138194118e-02,7.103134392e-02,3.802055814e-02,3.550820607e-02,7.053389535e-05,1.011549018e-01,0.000000000e+00,1.080948281e-02,1.115809e-15,1.287236e-17,4.165369e-18,2.458521e-03
2.070000,2.126812892e-02,7.065244880e-02,3.781811506e-02,3.531887735e-02,6.796927487e-05,1.001042473e-01,0.000000000e+00,1.069452665e-02,2.220500e-15,2.081668e-17,6.562782e-18,2.346773e-03
2.080000,2.115489939e-02,7.027557012e-02,3.761674556e-02,3.513055495e-02,6.549244631e-05,9.906672182e-02,0.000000000e+00,1.058079121e-02,1.776594e-15,2.156663e-17,1.262339e-17,2.293865e-03
2.090000,2.104225177e-02,6.990069719e-02,3.741644389e-02,3.494323357e-02,6.310046208e-05,9.804234977e-02,0.000000000e+00,1.046826357e-02,1.998420e-15,1.398579e-17,9.117618e-18,2.451771e-03
2.100000,2.093018516e-02,6.952781939e-02,3.721720433e-02,3.475690792e-02,6.079047161e-05,9.703115087e-02,0.000000000e+00,1.035693090e-02,1.332284e-15,1.430490e-17,9.863261e-18,2.297414e-03
2.110000,2.081869857e-02,6.915692616e-02,3.701902121e-02,3.457157276e-02,5.855971823e-05,9.603314044e-02,0.000000000e+00,1.024678054e-02,2.220555e-15,9.813078e-18,7.489632e-18,2.477050e-03
2.120000,2.070779094e-02,6.878800699e-02,3.682188887e-02,3.438722285e-02,5.640553620e-05,9.504832945e-02,0.000000000e+00,1.013779996e-02,1.776847e-15,1.636535e-17,4.470280e-18,2.289814e-03
2.130000,2.059746117e-02,6.842105141e-02,3.662580171e-02,3.420385299e-02,5.432534781e-05,9.407672465e-02,0.000000000e+00,1.002997676e-02,2.445653e-15,9.813078e-18,8.708783e-18,2.447192e-03
2.140000,2.048770804e-02,6.805604904e-02,3.643075417e-02,3.402145802e-02,5.231666055e-05,9.311832868e-02,0.000000000e+00,9.923298668e-03,1.776387e-15,1.514782e-17,4.755682e-18,2.280105e-03
2.150000,2.037853031e-02,6.769298951e-02,3.623674071e-02,3.384003278e-02,5.037706439e-05,9.217314015e-02,0.000000000e+00,9.817753541e-03,2.008421e-15,1.514782e-17,6.028788e-18,2.273555e-03
2.160000,2.026992667e-02,6.733186253e-02,3.604375582e-02,3.365957216e-02,4.850422915e-05,9.124115376e-02,0.000000000e+00,9.713329372e-03,2.446433e-15,1.636535e-17,8.456777e-18,2.446521e-03
2.170000,2.016189572e-02,6.697265786e-02,3.585179405e-02,3.348007106e-02,4.669590191e-05,9.032236037e-02,0.000000000e+00,9.610014275e-03,2.000139e-15,2.883244e-17,1.125065e-17,2.296074e-03
2.180000,2.005443604e-02,6.661536533e-02,3.566084997e-02,3.330152440e-02,4.494990454e-05,8.941674711e-02,0.000000000e+00,9.507796495e-03,2.223328e-15,1.592264e-17,1.326808e-17,2.557619e-03
2.190000,1.994754614e-02,6.625997478e-02,3.547091816e-02,3.312392716e-02,4.326413131e-05,8.852429745e-02,0.000000000e+00,9.406664398e-03,2.443294e-15,1.994932e-17,1.554611e-17,2.378842e-03
2.200000,1.984122446e-02,6.590647614e-02,3.528199327e-02,3.294727432e-02,4.163654651e-05,8.764499125e-02,0.000000000e+00,9.306606473e-03,1.332568e-15,1.398579e-17,3.302815e-18,2.363832e-03
2.210000,1.973546942e-02,6.555485937e-02,3.509406997e-02,3.277156088e-02,4.006518226e-05,8.677880491e-02,0.000000000e+00,9.207611333e-03,1.777733e-15,9.220182e-18,1.396560e-17,2.318514e-03
2.220000,1.963027938e-02,6.520511451e-02,3.490714295e-02,3.259678188e-02,3.854813625e-05,8.592571137e-02,0.000000000e+00,9.109667711e-03,1.332564e-15,1.684112e-17,5.076104e-18,2.297114e-03
2.230000,1.952565264e-02,6.485723163e-02,3.472120694e-02,3.242293238e-02,3.708356968e-05,8.508568022e-02,0.000000000e+00,9.012764459e-03,2.442530e-15,9.813078e-18,9.311523e-18,2.425641e-03
2.240000,1.942158746e-02,6.451120085e-02,3.453625670e-02,3.225000747e-02,3.566970516e-05,8.425867775e-02,0.000000000e+00,8.916890545e-03,1.998465e-15,3.184529e-17,8.375769e-18,2.381742e-03
2.250000,1.931808207e-02,6.416701235e-02,3.435228703e-02,3.207800226e-02,3.430482476e-05,8.344466701e-02,0.000000000e+00,8.822035058e-03,1.779842e-15,2.110382e-17,6.040476e-18,2.272975e-03
2.260000,1.921513466e-02,6.382465636e-02,3.416929273e-02,3.190691189e-02,3.298726804e-05,8.264360791e-02,0.000000000e+00,8.728187198e-03,2.444434e-15,7.806256e-18,9.984083e-18,2.354193e-03
2.270000,1.911274335e-02,6.348412316e-02,3.398726867e-02,3.173673152e-02,3.171543025e-05,8.185545722e-02,0.000000000e+00,8.635336283e-03,1.780334e-15,7.410742e-18,9.220182e-18,2.250295e-03
2.280000,1.901090626e-02,6.314540309e-02,3.380620971e-02,3.156745634e-02,3.048776045e-05,8.108016865e-02,0.000000000e+00,8.543471742e-03,1.779882e-15,2.194271e-17,5.057545e-18,2.451200e-03
2.290000,1.890962144e-02,6.280848651e-02,3.362611078e-02,3.139908156e-02,2.930275982e-05,8.031769292e-02,0.000000000e+00,8.452583115e-03,2.002256e-15,1.398579e-17,1.084202e-17,2.273745e-03
2.300000,1.880888694e-02,6.247336387e-02,3.344696680e-02,3.123160242e-02,2.815897992e-05,7.956797778e-02,0.000000000e+00,8.362660055e-03,2.220644e-15,6.992894e-18,9.381952e-18,2.238835e-03
2.310000,1.870870076e-02,6.214002565e-02,3.326877273e-02,3.106501418e-02,2.705502112e-05,7.883096811e-02,0.000000000e+00,8.273692324e-03,1.554567e-15,1.387779e-17,5.553825e-18,2.444181e-03
2.320000,1.860906086e-02,6.180846237e-02,3.309152358e-02,3.089931213e-02,2.598953095e-05,7.810660589e-02,0.000000000e+00,8.185669790e-03,1.776583e-15,1.734723e-18,1.030848e-17,2.277854e-03
2.330000,1.850996518e-02,6.147866462e-02,3.291521437e-02,3.073449157e-02,2.496120259e-05,7.739483032e-02,0.000000000e+00,8.098582432e-03,2.223397e-15,1.127570e-17,1.001230e-17,2.413322e-03
2.340000,1.841141163e-02,6.115062303e-02,3.273984013e-02,3.057054785e-02,2.396877341e-05,7.669557784e-02,0.000000000e+00,8.012420330e-03,2.000139e-15,1.387779e-17,7.996680e-18,2.369233e-03
2.350000,1.831339810e-02,6.082432828e-02,3.256539594e-02,3.040747632e-02,2.301102350e-05,7.600878216e-02,0.000000000e+00,7.927173674e-03,8.960749e-16,3.029564e-17,4.848700e-18,2.263395e-03
2.360000,1.821592244e-02,6.049977109e-02,3.239187692e-02,3.024527237e-02,2.208677432e-05,7.533437430e-02,0.000000000e+00,7.842832754e-03,1.781189e-15,2.145734e-17,6.314489e-18,2.362764e-03
2.370000,1.811898248e-02,6.017694225e-02,3.221927817e-02,3.008393140e-02,2.119488734e-05,7.467228268e-02,0.000000000e+00,7.759387965e-03,1.777231e-15,2.088884e-17,6.605630e-18,2.266445e-03
2.380000,1.802257604e-02,5.985583257e-02,3.204759487e-02,2.992344885e-02,2.033426273e-05,7.402243311e-02,0.000000000e+00,7.676829803e-03,1.111613e-15,1.411963e-17,3.679904e-18,2.334144e-03
2.390000,1.792670090e-02,5.953643293e-02,3.187682219e-02,2.976382016e-02,1.950383815e-05,7.338474885e-02,0.000000000e+00,7.595148863e-03,1.555317e-15,2.860979e-17,1.063182e-17,2.477951e-03
2.400000,1.783135483e-02,5.921873425e-02,3.170695533e-02,2.960504082e-02,1.870258751e-05,7.275915067e-02,0.000000000e+00,7.514335842e-03,1.998849e-15,2.112164e-17,7.996680e-18,2.349153e-03
2.410000,1.773653558e-02,5.890272750e-02,3.153798953e-02,2.944710633e-02,1.792951982e-05,7.214555687e-02,0.000000000e+00,7.434381534e-03,8.977764e-16,1.551584e-17,4.358439e-18,2.358923e-03
2.420000,1.764224087e-02,5.858840369e-02,3.136992004e-02,2.929001222e-02,1.718367806e-05,7.154388331e-02,0.000000000e+00,7.355276830e-03,1.334099e-15,2.934966e-17,6.992894e-18,2.273474e-03
2.430000,1.754846841e-02,5.827575388e-02,3.120274216e-02,2.913375403e-02,1.646413811e-05,7.095404351e-02,0.000000000e+00,7.277012718e-03,2.446434e-15,1.844036e-17,1.144950e-17,2.271735e-03
2.440000,1.745521591e-02,5.796476919e-02,3.103645118e-02,2.897832734e-02,1.577000766e-05,7.037594862e-02,0.000000000e+00,7.199580282e-03,1.999182e-15,1.250927e-17,9.381952e-18,2.342154e-03
2.450000,1.736248102e-02,5.765544077e-02,3.087104244e-02,2.882372773e-02,1.510042529e-05,6.980950754e-02,0.000000000e+00,7.122970697e-03,1.998603e-15,1.453963e-17,9.889445e-18,2.287885e-03
2.460000,1.727026143e-02,5.734775982e-02,3.070651129e-02,2.866995084e-02,1.445455940e-05,6.925462690e-02,0.000000000e+00,7.047175237e-03,2.001928e-15,1.592264e-17,1.015221e-17,2.348714e-03
2.470000,1.717855478e-02,5.704171759e-02,3.054285313e-02,2.851699229e-02,1.383160738e-05,6.871121114e-02,0.000000000e+00,6.972185263e-03,8.899199e-16,3.486751e-17,7.996680e-18,2.267425e-03
2.480000,1.708735870e-02,5.673730538e-02,3.038006335e-02,2.836484775e-02,1.323079463e-05,6.817916256e-02,0.000000000e+00,6.897992230e-03,1.777238e-15,1.908196e-17,9.511364e-18,2.274225e-03
2.490000,1.699667082e-02,5.643451452e-02,3.021813739e-02,2.821351292e-02,1.265137380e-05,6.765838136e-02,0.000000000e+00,6.824587683e-03,1.117240e-15,1.398579e-17,6.447130e-18,2.432902e-03
2.500000,1.690648876e-02,5.613333640e-02,3.005707070e-02,2.806298348e-02,1.209262388e-05,6.714876570e-02,0.000000000e+00,6.751963256e-03,2.224785e-15,1.398579e-17,8.420559e-18,2.462221e-03
2.510000,1.681681011e-02,5.583376246e-02,2.989685875e-02,2.791325519e-02,1.155384949e-05,6.665021175e-02,0.000000000e+00,6.680110672e-03,8.886459e-16,7.806256e-18,3.998340e-18,2.291614e-03
2.520000,1.672763247e-02,5.553578416e-02,2.973749706e-02,2.776432378e-02,1.103438014e-05,6.616261372e-02,0.000000000e+00,6.609021741e-03,8.892015e-16,2.289901e-17,5.222209e-18,2.365693e-03
2.530000,1.663895343e-02,5.523939303e-02,2.957898114e-02,2.761618504e-02,1.053356948e-05,6.568586396e-02,0.000000000e+00,6.538688361e-03,2.221537e-15,4.443060e-17,9.148508e-18,2.360483e-03
2.540000,1.655077056e-02,5.494458062e-02,2.942130655e-02,2.746883476e-02,1.005079470e-05,6.521985301e-02,0.000000000e+00,6.469102514e-03,2.220858e-15,1.044442e-17,1.183718e-17,2.406663e-03
2.550000,1.646308143e-02,5.465133857e-02,2.926446885e-02,2.732226877e-02,9.585455879e-06,6.476446963e-02,0.000000000e+00,6.400256268e-03,1.776853e-15,1.323970e-17,1.241873e-17,2.296844e-03
2.560000,1.637588361e-02,5.435965850e-02,2.910846364e-02,2.717648289e-02,9.136975430e-06,6.431960088e-02,0.000000000e+00,6.332141773e-03,1.998847e-15,4.060884e-17,6.447130e-18,2.401122e-03
2.570000,1.628917464e-02,5.406953213e-02,2.895328655e-02,2.703147300e-02,8.704797568e-06,6.388513219e-02,0.000000000e+00,6.264751265e-03,1.336978e-15,2.112164e-17,3.998340e-18,2.417462e-03
2.580000,1.620295209e-02,5.378095119e-02,2.879893320e-02,2.688723497e-02,8.288387838e-06,6.346094744e-02,0.000000000e+00,6.198077061e-03,1.554573e-15,7.410742e-18,9.341772e-18,2.383732e-03
2.590000,1.611721349e-02,5.349390746e-02,2.864539927e-02,2.674376472e-02,7.887232690e-06,6.304692899e-02,0.000000000e+00,6.132111558e-03,1.120691e-15,3.469447e-18,4.336809e-18,2.319024e-03
2.600000,1.603195639e-02,5.320839278e-02,2.849268043e-02,2.660105817e-02,7.500839117e-06,6.264295778e-02,0.000000000e+00,6.066847235e-03,1.555321e-15,2.359479e-17,7.152448e-18,2.377943e-03
2.610000,1.594717833e-02,5.292439902e-02,2.834077241e-02,2.645911127e-02,7.128734358e-06,6.224891339e-02,0.000000000e+00,6.002276650e-03,1.332350e-15,0.000000e+00,8.375769e-18,2.444881e-03
2.620000,1.586287685e-02,5.264191809e-02,2.818967092e-02,2.631791999e-02,6.770465663e-06,6.186467413e-02,0.000000000e+00,5.938392439e-03,1.117918e-15,2.367437e-17,7.996680e-18,2.336983e-03
2.630000,1.577904947e-02,5.236094193e-02,2.803937172e-02,2.617748031e-02,6.425600153e-06,6.149011710e-02,0.000000000e+00,5.875187318e-03,1.110333e-15,2.945201e-17,8.101827e-18,2.359823e-03
2.640000,1.569569373e-02,5.208146257e-02,2.788987059e-02,2.603778826e-02,6.093724754e-06,6.112511828e-02,0.000000000e+00,5.812654078e-03,1.559326e-15,2.945201e-17,1.097135e-17,2.271235e-03
2.650000,1.561280715e-02,5.180347202e-02,2.774116332e-02,2.589883986e-02,5.774446251e-06,6.076955259e-02,0.000000000e+00,5.750785588e-03,1.776862e-15,2.168404e-17,8.727659e-18,2.265365e-03
2.660000,1.553038727e-02,5.152696238e-02,2.759324573e-02,2.576063117e-02,5.467391448e-06,6.042329400e-02,0.000000000e+00,5.689574790e-03,1.115890e-15,8.673617e-18,8.420559e-18,2.405702e-03
2.670000,1.544843161e-02,5.125192577e-02,2.744611366e-02,2.562315826e-02,5.172207473e-06,6.008621558e-02,0.000000000e+00,5.629014704e-03,1.559844e-15,2.359479e-17,5.834579e-18,2.424652e-03
2.680000,1.536693770e-02,5.097835435e-02,2.729976297e-02,2.548641722e-02,4.888562247e-06,5.975818963e-02,0.000000000e+00,5.569098422e-03,1.332936e-15,2.083474e-17,7.757919e-18,2.366513e-03
2.690000,1.528590307e-02,5.070624034e-02,2.715418954e-02,2.535040417e-02,4.616145133e-06,5.943908771e-02,0.000000000e+00,5.509819109e-03,1.121314e-15,2.709725e-17,1.063182e-17,2.280095e-03
2.700000,1.520532524e-02,5.043557597e-02,2.700938929e-02,2.521511525e-02,4.354667813e-06,5.912878078e-02,0.000000000e+00,5.451170003e-03,1.998848e-15,1.250927e-17,1.204977e-17,2.365203e-03
2.710000,1.512520175e-02,5.016635354e-02,2.686535812e-02,2.508054661e-02,4.103865429e-06,5.882713923e-02,0.000000000e+00,5.393144413e-03,2.223395e-15,2.110382e-17,1.241873e-17,2.253995e-03
2.720000,1.504553014e-02,4.989856538e-02,2.672209200e-02,2.494669442e-02,3.863498019e-06,5.853403302e-02,0.000000000e+00,5.335735719e-03,1.999615e-15,1.551584e-17,1.532680e-17,2.277715e-03
2.730000,1.496630792e-02,4.963220385e-02,2.657958688e-02,2.481355488e-02,3.633352316e-06,5.824933174e-02,0.000000000e+00,5.278937373e-03,2.443486e-15,1.708504e-17,8.542522e-18,2.280784e-03
2.740000,1.488753264e-02,4.936726137e-02,2.643783875e-02,2.468112421e-02,3.413243963e-06,5.797290471e-02,0.000000000e+00,5.222742892e-03,1.338705e-15,2.501854e-17,8.228516e-18,2.276425e-03
2.750000,1.480920184e-02,4.910373039e-02,2.629684363e-02,2.454939865e-02,3.203020191e-06,5.770462107e-02,0.000000000e+00,5.167145867e-03,1.554374e-15,3.469447e-18,7.410742e-18,2.311834e-03
2.760000,1.473131306e-02,4.884160339e-02,2.615659754e-02,2.441837444e-02,3.002563032e-06,5.744434984e-02,0.000000000e+00,5.112139952e-03,1.558300e-15,2.709725e-17,7.961322e-18,2.275335e-03
2.770000,1.465386384e-02,4.858087291e-02,2.601709654e-02,2.428804786e-02,2.811793084e-06,5.719196006e-02,0.000000000e+00,5.057718872e-03,2.008409e-15,1.734723e-17,1.179740e-17,2.298324e-03
2.780000,1.457685173e-02,4.832153152e-02,2.587833668e-02,2.415841522e-02,2.630673862e-06,5.694732082e-02,0.000000000e+00,5.003876416e-03,2.221542e-15,1.734723e-17,1.467483e-17,2.392193e-03
2.790000,1.450027428e-02,4.806357181e-02,2.574031407e-02,2.402947281e-02,2.459216644e-06,5.671030141e-02,0.000000000e+00,4.950606440e-03,1.998835e-15,8.673617e-18,1.084202e-17,2.281514e-03
2.800000,1.442412906e-02,4.780698645e-02,2.560302482e-02,2.390121697e-02,2.297485633e-06,5.648077134e-02,0.000000000e+00,4.897902864e-03,1.998403e-15,4.049753e-17,1.108222e-17,2.312414e-03
2.810000,1.434841362e-02,4.755176811e-02,2.546646504e-02,2.377364407e-02,2.145603071e-06,5.625860048e-02,0.000000000e+00,4.845759675e-03,2.220644e-15,1.908196e-17,1.304652e-17,2.319294e-03
2.820000,1.427312553e-02,4.729790953e-02,2.533063091e-02,2.364675046e-02,2.003753579e-06,5.604365914e-02,0.000000000e+00,4.794170920e-03,1.334097e-15,4.443060e-17,6.605630e-18,2.293964e-03
2.830000,1.419826236e-02,4.704540346e-02,2.519551858e-02,2.352053253e-02,1.872186607e-06,5.583581809e-02,0.000000000e+00,4.743130712e-03,1.781202e-15,1.734723e-17,7.996680e-18,2.278885e-03
2.840000,1.412382169e-02,4.679424270e-02,2.506112424e-02,2.339498671e-02,1.751215216e-06,5.563494873e-02,0.000000000e+00,4.692633225e-03,2.001540e-15,1.482148e-17,1.304652e-17,2.327654e-03
2.850000,1.404980110e-02,4.654442009e-02,2.492744411e-02,2.327010942e-02,1.641208740e-06,5.544092311e-02,0.000000000e+00,4.642672694e-03,1.332351e-15,3.469447e-18,5.818439e-18,2.286724e-03
2.860000,1.397619817e-02,4.629592852e-02,2.479447442e-02,2.314589709e-02,1.542576264e-06,5.525361403e-02,0.000000000e+00,4.593243418e-03,1.337538e-15,3.576224e-17,1.224333e-17,2.280465e-03
2.870000,1.390301051e-02,4.604876090e-02,2.466221142e-02,2.302234621e-02,1.455737645e-06,5.507289512e-02,0.000000000e+00,4.544339754e-03,8.882906e-16,2.110382e-17,5.818439e-18,2.347064e-03
2.880000,1.383023572e-02,4.580291017e-02,2.453065136e-02,2.289945326e-02,1.381079862e-06,5.489864089e-02,0.000000000e+00,4.495956119e-03,1.558856e-15,1.040834e-17,1.398579e-17,2.276285e-03
2.890000,1.375787139e-02,4.555836933e-02,2.439979055e-02,2.277721473e-02,1.318899091e-06,5.473072685e-02,0.000000000e+00,4.448086990e-03,2.001691e-15,1.398579e-17,9.629278e-18,2.258786e-03
2.900000,1.368591515e-02,4.531513140e-02,2.426962529e-02,2.265562715e-02,1.269333799e-06,5.456902951e-02,0.000000000e+00,4.400726901e-03,1.779036e-15,1.734723e-17,8.673617e-18,2.323113e-03
2.910000,1.361436461e-02,4.507318945e-02,2.414015191e-02,2.253468706e-02,1.232299882e-06,5.441342652e-02,0.000000000e+00,4.353870446e-03,1.554332e-15,2.797158e-17,1.549765e-17,2.318144e-03
2.920000,1.354321741e-02,4.483253658e-02,2.401136674e-02,2.241439101e-02,1.207443175e-06,5.426379667e-02,0.000000000e+00,4.307512275e-03,1.116132e-15,9.813078e-18,8.542522e-18,2.374163e-03
2.930000,1.347247118e-02,4.459316592e-02,2.388326616e-02,2.229473559e-02,1.194123952e-06,5.412002000e-02,0.000000000e+00,4.261647095e-03,2.227563e-15,2.797158e-17,1.497926e-17,2.257355e-03
2.940000,1.340212356e-02,4.435507065e-02,2.375584655e-02,2.217571739e-02,1.191440866e-06,5.398197785e-02,0.000000000e+00,4.216269669e-03,1.117239e-15,2.194271e-17,8.375769e-18,2.254216e-03
2.950000,1.333217220e-02,4.411824397e-02,2.362910431e-02,2.205733302e-02,1.198290327e-06,5.384955287e-02,0.000000000e+00,4.171374816e-03,1.777712e-15,2.797158e-17,1.154764e-17,2.261215e-03
2.960000,1.326261476e-02,4.388267914e-02,2.350303586e-02,2.193957910e-02,1.213447295e-06,5.372262914e-02,0.000000000e+00,4.126957409e-03,1.556560e-15,1.482148e-17,1.048037e-17,2.373243e-03
2.970000,1.319344891e-02,4.364836943e-02,2.337763763e-02,2.182245230e-02,1.235649383e-06,5.360109219e-02,0.000000000e+00,4.083012377e-03,2.001549e-15,3.417009e-17,8.420559e-18,2.255775e-03
2.980000,1.312467232e-02,4.341530815e-02,2.325290609e-02,2.170594926e-02,1.263669152e-06,5.348482903e-02,0.000000000e+00,4.039534701e-03,1.999196e-15,1.734723e-18,1.420594e-17,2.277705e-03
2.990000,1.305628268e-02,4.318348867e-02,2.312883772e-02,2.159006668e-02,1.296366351e-06,5.337372823e-02,0.000000000e+00,3.996519415e-03,1.780743e-15,7.152448e-18,9.381952e-18,2.345463e-03
3.000000,1.298827767e-02,4.295290436e-02,2.300542900e-02,2.147480126e-02,1.332718750e-06,5.326767994e-02,0.000000000e+00,3.953961608e-03,2.002268e-15,2.194271e-17,1.454610e-17,2.280765e-03
3.010000,1.292065500e-02,4.272354865e-02,2.288267644e-02,2.136014971e-02,1.371834821e-06,5.316657591e-02,0.000000000e+00,3.911856420e-03,1.332344e-15,9.813078e-18,9.697399e-18,2.291104e-03
3.020000,1.285341237e-02,4.249541499e-02,2.276057659e-02,2.124610877e-02,1.412953300e-06,5.307030958e-02,0.000000000e+00,3.870199041e-03,1.556574e-15,7.757919e-18,1.260662e-17,2.377783e-03
3.030000,1.278654750e-02,4.226849688e-02,2.263912598e-02,2.113267518e-02,1.455434637e-06,5.297877606e-02,0.000000000e+00,3.828984713e-03,2.221151e-15,5.003708e-17,8.285461e-18,2.326004e-03
3.040000,1.272005812e-02,4.204278784e-02,2.251832118e-02,2.101984573e-02,1.498748265e-06,5.289187219e-02,0.000000000e+00,3.788208730e-03,1.998462e-15,1.482148e-17,9.898950e-18,2.291244e-03
3.050000,1.265394196e-02,4.181828144e-02,2.239815877e-02,2.090761720e-02,1.542458426e-06,5.280949654e-02,0.000000000e+00,3.747866433e-03,1.554376e-15,1.962616e-17,1.611637e-17,2.279275e-03
3.060000,1.258819676e-02,4.159497126e-02,2.227863537e-02,2.079598639e-02,1.586210225e-06,5.273154946e-02,0.000000000e+00,3.707953216e-03,1.780311e-15,2.964297e-17,1.055191e-17,2.281444e-03
3.070000,1.252282029e-02,4.137285093e-02,2.215974758e-02,2.068495011e-02,1.629716797e-06,5.265793309e-02,0.000000000e+00,3.668464518e-03,1.999187e-15,2.428613e-17,1.358328e-17,2.301044e-03
3.080000,1.245781030e-02,4.115191413e-02,2.204149205e-02,2.057450522e-02,1.672748000e-06,5.258855137e-02,0.000000000e+00,3.629395829e-03,1.780315e-15,1.844036e-17,9.381952e-18,2.287565e-03
3.090000,1.239316456e-02,4.093215453e-02,2.192386542e-02,2.046464856e-02,1.715120692e-06,5.252331008e-02,0.000000000e+00,3.590742686e-03,2.442531e-15,1.482148e-17,1.733096e-17,2.304924e-03
3.100000,1.232888087e-02,4.071356587e-02,2.180686438e-02,2.035537700e-02,1.756690529e-06,5.246211682e-02,0.000000000e+00,3.552500673e-03,1.554332e-15,1.962616e-17,8.542522e-18,2.285025e-03
3.110000,1.226495700e-02,4.049614192e-02,2.169048560e-02,2.024668742e-02,1.797345112e-06,5.240488104e-02,0.000000000e+00,3.514665422e-03,1.776425e-15,2.823925e-17,1.251678e-17,2.298775e-03
3.120000,1.220139075e-02,4.027987647e-02,2.157472580e-02,2.013857675e-02,1.836998319e-06,5.235151403e-02,0.000000000e+00,3.477232610e-03,1.998456e-15,3.469447e-18,1.894347e-17,2.283755e-03
3.130000,1.213817995e-02,4.006476335e-02,2.145958169e-02,2.003104188e-02,1.875585619e-06,5.230192897e-02,0.000000000e+00,3.440197962e-03,1.779016e-15,1.482148e-17,1.632508e-17,2.308875e-03
3.140000,1.207532241e-02,3.985079641e-02,2.134505003e-02,1.992407976e-02,1.913060221e-06,5.225604086e-02,0.000000000e+00,3.403557244e-03,1.554379e-15,1.482148e-17,1.275494e-17,2.286044e-03
3.150000,1.201281597e-02,3.963796955e-02,2.123112756e-02,1.981768734e-02,1.949389902e-06,5.221376659e-02,0.000000000e+00,3.367306273e-03,1.332923e-15,1.561251e-17,5.204170e-18,2.285824e-03
3.160000,1.195065845e-02,3.942627670e-02,2.111781107e-02,1.971186160e-02,1.984554403e-06,5.217502488e-02,0.000000000e+00,3.331440904e-03,1.332919e-15,5.204170e-18,6.788179e-18,2.285085e-03
3.170000,1.188884772e-02,3.921571182e-02,2.100509733e-02,1.960659950e-02,2.018543283e-06,5.213973633e-02,0.000000000e+00,3.295957042e-03,2.001918e-15,2.088884e-17,1.130901e-17,2.297324e-03
3.180000,1.182738163e-02,3.900626889e-02,2.089298317e-02,1.950189806e-02,2.051354150e-06,5.210782337e-02,0.000000000e+00,3.260850630e-03,1.779881e-15,2.088884e-17,1.441622e-17,2.308784e-03
3.190000,1.176625806e-02,3.879794194e-02,2.078146539e-02,1.939775429e-02,2.082991201e-06,5.207921028e-02,0.000000000e+00,3.226117658e-03,1.554343e-15,1.734723e-17,1.321126e-17,2.298174e-03
3.200000,1.170547489e-02,3.859072502e-02,2.067054086e-02,1.929416522e-02,2.113464014e-06,5.205382315e-02,0.000000000e+00,3.191754158e-03,2.001941e-15,1.214306e-17,1.260662e-17,2.286195e-03
3.210000,1.164503000e-02,3.838461222e-02,2.056020641e-02,1.919112790e-02,2.142786548e-06,5.203158989e-02,0.000000000e+00,3.157756202e-03,2.667002e-15,8.673617e-18,1.949153e-17,2.293184e-03
3.220000,1.158492130e-02,3.817959765e-02,2.045045894e-02,1.908863940e-02,2.170976310e-06,5.201244022e-02,0.000000000e+00,3.124119905e-03,1.562222e-15,1.214306e-17,1.066714e-17,2.304974e-03
3.230000,1.152514671e-02,3.797567547e-02,2.034129531e-02,1.898669678e-02,2.198053672e-06,5.199630565e-02,0.000000000e+00,3.090841424e-03,2.001553e-15,1.398579e-17,1.323970e-17,2.294484e-03
3.240000,1.146570414e-02,3.777283984e-02,2.023271246e-02,1.888529715e-02,2.224041284e-06,5.198311945e-02,0.000000000e+00,3.057916955e-03,1.999176e-15,1.482148e-17,1.728206e-17,2.312244e-03
3.250000,1.140659153e-02,3.757108499e-02,2.012470728e-02,1.878443762e-02,2.248963606e-06,5.197281663e-02,0.000000000e+00,3.025342736e-03,1.998405e-15,1.398579e-17,1.048037e-17,2.301414e-03
3.260000,1.134780682e-02,3.737040515e-02,2.001727673e-02,1.868411531e-02,2.272846502e-06,5.196533394e-02,0.000000000e+00,2.993115045e-03,1.999188e-15,8.673617e-18,1.420594e-17,2.299035e-03
3.270000,1.128934797e-02,3.717079459e-02,1.991041776e-02,1.858432736e-02,2.295716902e-06,5.196060986e-02,0.000000000e+00,2.961230198e-03,2.223275e-15,1.482148e-17,1.454610e-17,2.295335e-03
3.280000,1.123121294e-02,3.697224762e-02,1.980412734e-02,1.848507093e-02,2.317602530e-06,5.195858452e-02,0.000000000e+00,2.929684550e-03,2.000761e-15,1.398579e-17,7.996680e-18,2.304685e-03
3.290000,1.117339970e-02,3.677475856e-02,1.969840245e-02,1.838634318e-02,2.338531665e-06,5.195919974e-02,0.000000000e+00,2.898474498e-03,1.554328e-15,1.551584e-17,1.084202e-17,2.304495e-03
3.300000,1.111590625e-02,3.657832178e-02,1.959324010e-02,1.828814131e-02,2.358532950e-06,5.196239897e-02,0.000000000e+00,2.867596473e-03,2.220491e-15,1.551584e-17,1.482148e-17,2.282554e-03
3.310000,1.105873058e-02,3.638293167e-02,1.948863731e-02,1.819046251e-02,2.377635219e-06,5.196812727e-02,0.000000000e+00,2.837046947e-03,2.220634e-15,1.636535e-17,1.514782e-17,2.351823e-03
3.320000,1.100187070e-02,3.618858266e-02,1.938459110e-02,1.809330399e-02,2.395867373e-06,5.197633130e-02,0.000000000e+00,2.806822427e-03,1.998465e-15,1.734723e-17,1.482148e-17,2.446751e-03
3.330000,1.094532462e-02,3.599526919e-02,1.928109853e-02,1.799666300e-02,2.413258260e-06,5.198695927e-02,0.000000000e+00,2.776919459e-03,1.332919e-15,2.647940e-17,8.542522e-18,2.334564e-03
3.340000,1.088909037e-02,3.580298575e-02,1.917815666e-02,1.790053676e-02,2.429836581e-06,5.199996091e-02,0.000000000e+00,2.747334625e-03,2.443479e-15,1.561251e-17,2.078504e-17,2.282735e-03
3.350000,1.083316600e-02,3.561172685e-02,1.907576257e-02,1.780492255e-02,2.445630814e-06,5.201528749e-02,0.000000000e+00,2.718064543e-03,1.777242e-15,2.823925e-17,1.241873e-17,2.675197e-03
3.360000,1.077754955e-02,3.542148702e-02,1.897391336e-02,1.770981763e-02,2.460669149e-06,5.203289172e-02,0.000000000e+00,2.689105867e-03,2.448951e-15,5.295881e-17,1.301043e-17,2.263575e-03
3.370000,1.072223909e-02,3.523226083e-02,1.887260613e-02,1.761521930e-02,2.474979436e-06,5.205272777e-02,0.000000000e+00,2.660455288e-03,1.554577e-15,1.636535e-17,1.048934e-17,2.607008e-03
3.380000,1.066723268e-02,3.504404289e-02,1.877183802e-02,1.752112485e-02,2.488589143e-06,5.207475122e-02,0.000000000e+00,2.632109529e-03,1.776374e-15,1.551584e-17,1.208095e-17,2.265355e-03
3.390000,1.061252841e-02,3.485682781e-02,1.867160615e-02,1.742753161e-02,2.501525322e-06,5.209891905e-02,0.000000000e+00,2.604065352e-03,1.334891e-15,1.214306e-17,8.673617e-18,2.582459e-03
3.400000,1.055812438e-02,3.467061026e-02,1.857190769e-02,1.733443690e-02,2.513814579e-06,5.212518958e-02,0.000000000e+00,2.576319548e-03,2.223924e-15,2.860979e-17,1.823524e-17,2.248315e-03
3.410000,1.050401868e-02,3.448538491e-02,1.847273981e-02,1.724183806e-02,2.525483059e-06,5.215352245e-02,0.000000000e+00,2.548868948e-03,2.223232e-15,2.949030e-17,1.304652e-17,2.258395e-03
3.420000,1.045020944e-02,3.430114649e-02,1.837409969e-02,1.714973247e-02,2.536556426e-06,5.218387859e-02,0.000000000e+00,2.521710412e-03,1.332586e-15,1.387779e-17,7.410742e-18,2.273574e-03
3.430000,1.039669477e-02,3.411788972e-02,1.827598453e-02,1.705811749e-02,2.547059853e-06,5.221622022e-02,0.000000000e+00,2.494840836e-03,1.558293e-15,2.194271e-17,9.511364e-18,2.263225e-03
3.440000,1.034347282e-02,3.393560937e-02,1.817839154e-02,1.696699051e-02,2.557018013e-06,5.225051074e-02,0.000000000e+00,2.468257147e-03,1.776372e-15,2.110382e-17,1.675715e-17,2.263555e-03
3.450000,1.029054173e-02,3.375430025e-02,1.808131796e-02,1.687634893e-02,2.566455079e-06,5.228671479e-02,0.000000000e+00,2.441956307e-03,1.781790e-15,2.255141e-17,1.048037e-17,2.261435e-03
3.460000,1.023789967e-02,3.357395717e-02,1.798476103e-02,1.678619016e-02,2.575394716e-06,5.232479816e-02,0.000000000e+00,2.415935308e-03,8.899520e-16,2.943923e-17,8.930036e-18,2.295835e-03
3.470000,1.018554479e-02,3.339457498e-02,1.788871801e-02,1.669651164e-02,2.583860084e-06,5.236472775e-02,0.000000000e+00,2.390191176e-03,1.558536e-15,2.194271e-17,9.511364e-18,2.299374e-03
3.480000,1.013347528e-02,3.321614857e-02,1.779318616e-02,1.660731080e-02,2.591873843e-06,5.240647161e-02,0.000000000e+00,2.364720966e-03,1.555307e-15,2.194271e-17,5.818439e-18,2.280165e-03
3.490000,1.008168934e-02,3.303867283e-02,1.769816278e-02,1.651858510e-02,2.599458149e-06,5.244999881e-02,0.000000000e+00,2.339521768e-03,1.776602e-15,1.636535e-17,1.163688e-17,2.395293e-03
3.500000,1.003018515e-02,3.286214271e-02,1.760364516e-02,1.643033202e-02,2.606634669e-06,5.249527949e-02,0.000000000e+00,2.314590698e-03,1.332562e-15,8.673617e-18,1.127570e-17,2.299984e-03
3.510000,9.978960945e-03,3.268655316e-02,1.750963063e-02,1.634254903e-02,2.613424578e-06,5.254228478e-02,0.000000000e+00,2.289924908e-03,2.223920e-15,5.204170e-18,1.179740e-17,2.351703e-03
3.520000,9.928014935e-03,3.251189916e-02,1.741611650e-02,1.625523363e-02,2.619848570e-06,5.259098681e-02,0.000000000e+00,2.265521576e-03,1.781778e-15,2.860979e-17,1.130901e-17,2.256175e-03
3.530000,9.877345358e-03,3.233817573e-02,1.732310013e-02,1.616838333e-02,2.625926865e-06,5.264135862e-02,0.000000000e+00,2.241377912e-03,1.121273e-15,1.734723e-17,5.818439e-18,2.254956e-03
3.540000,9.826950457e-03,3.216537791e-02,1.723057887e-02,1.608199566e-02,2.631679216e-06,5.269337420e-02,0.000000000e+00,2.217491155e-03,1.113364e-15,1.962616e-17,1.251678e-17,2.258305e-03
3.550000,9.776828490e-03,3.199350077e-02,1.713855010e-02,1.599606814e-02,2.637124918e-06,5.274700839e-02,0.000000000e+00,2.193858573e-03,2.889923e-15,2.823925e-17,1.275494e-17,2.973031e-03
3.560000,9.726977721e-03,3.182253939e-02,1.704701119e-02,1.591059833e-02,2.642282815e-06,5.280223692e-02,0.000000000e+00,2.170477465e-03,1.998608e-15,2.501854e-17,1.435739e-17,2.423652e-03
3.570000,9.677396427e-03,3.165248890e-02,1.695595954e-02,1.582558379e-02,2.647171311e-06,5.285903630e-02,0.000000000e+00,2.147345157e-03,1.999178e-15,7.757919e-18,1.275494e-17,2.273795e-03
3.580000,9.628082897e-03,3.148334444e-02,1.686539258e-02,1.574102209e-02,2.651808376e-06,5.291738386e-02,0.000000000e+00,2.124459002e-03,1.776595e-15,8.673617e-18,1.358328e-17,2.253396e-03
3.590000,9.579035428e-03,3.131510118e-02,1.677530772e-02,1.565691083e-02,2.656211557e-06,5.297725770e-02,0.000000000e+00,2.101816385e-03,1.558276e-15,1.398579e-17,1.111611e-17,2.256655e-03
3.600000,9.530252330e-03,3.114775431e-02,1.668570240e-02,1.557324760e-02,2.660397985e-06,5.303863665e-02,0.000000000e+00,2.079414715e-03,2.445692e-15,1.636535e-17,1.454610e-17,2.271375e-03
3.610000,9.481731923e-03,3.098129906e-02,1.659657408e-02,1.549003002e-02,2.664384385e-06,5.310150024e-02,0.000000000e+00,2.057251432e-03,2.442650e-15,2.780973e-17,1.710705e-17,2.245605e-03
3.620000,9.433472535e-03,3.081573068e-02,1.650792022e-02,1.540725570e-02,2.668187081e-06,5.316582867e-02,0.000000000e+00,2.035323999e-03,2.000150e-15,1.387779e-17,1.347206e-17,2.601759e-03
3.630000,9.385472509e-03,3.065104444e-02,1.641973830e-02,1.532492230e-02,2.671822008e-06,5.323160282e-02,0.000000000e+00,2.013629909e-03,2.665852e-15,4.510281e-17,8.285461e-18,2.281655e-03
3.640000,9.337730196e-03,3.048723563e-02,1.633202582e-02,1.524302747e-02,2.675304722e-06,5.329880417e-02,0.000000000e+00,1.992166681e-03,1.555321e-15,2.088884e-17,1.208095e-17,2.644197e-03
3.650000,9.290243957e-03,3.032429957e-02,1.624478028e-02,1.516156885e-02,2.678650398e-06,5.336741481e-02,0.000000000e+00,1.970931861e-03,2.223227e-15,1.551584e-17,1.262898e-17,2.288974e-03
3.660000,9.243012166e-03,3.016223163e-02,1.615799920e-02,1.508054414e-02,2.681873850e-06,5.343741739e-02,0.000000000e+00,1.949923020e-03,1.776371e-15,2.501854e-17,1.260662e-17,2.598679e-03
3.670000,9.196033205e-03,3.000102715e-02,1.607168012e-02,1.499995103e-02,2.684989528e-06,5.350879512e-02,0.000000000e+00,1.929137755e-03,2.003229e-15,1.734723e-17,1.467483e-17,2.266065e-03
3.680000,9.149305468e-03,2.984068156e-02,1.598582057e-02,1.491978720e-02,2.688011531e-06,5.358153172e-02,0.000000000e+00,1.908573688e-03,1.998408e-15,1.844036e-17,1.250927e-17,2.611388e-03
3.690000,9.102827358e-03,2.968119026e-02,1.590041813e-02,1.484005038e-02,2.690953610e-06,5.365561139e-02,0.000000000e+00,1.888228468e-03,1.334904e-15,1.551584e-17,1.183718e-17,2.264836e-03
3.700000,9.056597291e-03,2.952254870e-02,1.581547035e-02,1.476073829e-02,2.693829178e-06,5.373101884e-02,0.000000000e+00,1.868099767e-03,2.665125e-15,2.647940e-17,1.193214e-17,2.600188e-03
3.710000,9.010613691e-03,2.936475235e-02,1.573097482e-02,1.468184866e-02,2.696651312e-06,5.380773917e-02,0.000000000e+00,1.848185284e-03,1.554591e-15,1.734723e-17,1.111611e-17,2.249906e-03
3.720000,8.964874993e-03,2.920779671e-02,1.564692914e-02,1.460337925e-02,2.699432762e-06,5.388575796e-02,0.000000000e+00,1.828482739e-03,1.332287e-15,1.250927e-17,9.189533e-18,2.588069e-03
3.730000,8.919379643e-03,2.905167729e-02,1.556333092e-02,1.452532783e-02,2.702185954e-06,5.396506115e-02,0.000000000e+00,1.808989881e-03,6.667231e-16,1.962616e-17,4.527761e-18,2.261035e-03
3.740000,8.874126096e-03,2.889638964e-02,1.548017778e-02,1.444769215e-02,2.704922998e-06,5.404563507e-02,0.000000000e+00,1.789704478e-03,1.555335e-15,8.673617e-18,1.127570e-17,2.623059e-03
3.750000,8.829112819e-03,2.874192932e-02,1.539746736e-02,1.437047001e-02,2.707655688e-06,5.412746640e-02,0.000000000e+00,1.770624325e-03,1.110604e-15,3.029564e-17,7.217888e-18,2.268016e-03
3.760000,8.784338288e-03,2.858829193e-02,1.531519729e-02,1.429365920e-02,2.710395512e-06,5.421054216e-02,0.000000000e+00,1.751747239e-03,2.001694e-15,2.797158e-17,9.341772e-18,2.660647e-03
3.770000,8.739800990e-03,2.843547307e-02,1.523336525e-02,1.421725753e-02,2.713153653e-06,5.429484968e-02,0.000000000e+00,1.733071062e-03,1.566428e-15,8.673617e-18,1.357636e-17,2.267845e-03
3.780000,8.695499422e-03,2.828346838e-02,1.515196891e-02,1.414126283e-02,2.715940992e-06,5.438037657e-02,0.000000000e+00,1.714593655e-03,1.332584e-15,7.757919e-18,7.757919e-18,2.434322e-03
3.790000,8.651432090e-03,2.813227353e-02,1.507100594e-02,1.406567292e-02,2.718768117e-06,5.446711074e-02,0.000000000e+00,1.696312907e-03,1.342658e-15,9.813078e-18,1.084202e-17,3.931793e-03
3.800000,8.607597511e-03,2.798188419e-02,1.499047404e-02,1.399048565e-02,2.721645320e-06,5.455504032e-02,0.000000000e+00,1.678226725e-03,2.220621e-15,8.673617e-18,1.301765e-17,2.598078e-03
3.810000,8.563994213e-03,2.783229607e-02,1.491037093e-02,1.391569887e-02,2.724582603e-06,5.464415369e-02,0.000000000e+00,1.660333041e-03,1.113348e-15,2.030442e-17,1.224333e-17,2.678207e-03
3.820000,8.520620732e-03,2.768350490e-02,1.483069432e-02,1.384131045e-02,2.727589682e-06,5.473443944e-02,0.000000000e+00,1.642629807e-03,2.665119e-15,3.069039e-17,1.645703e-17,2.268905e-03
3.830000,8.477475617e-03,2.753550643e-02,1.475144194e-02,1.376731827e-02,2.730675991e-06,5.482588635e-02,0.000000000e+00,1.625114998e-03,1.781791e-15,2.145734e-17,9.220182e-18,2.619578e-03
3.840000,8.434557423e-03,2.738829644e-02,1.467261155e-02,1.369372021e-02,2.733850679e-06,5.491848340e-02,0.000000000e+00,1.607786611e-03,2.226002e-15,1.250927e-17,1.066714e-17,2.279615e-03
3.850000,8.391864719e-03,2.724187072e-02,1.459420089e-02,1.362051418e-02,2.737122618e-06,5.501221971e-02,0.000000000e+00,1.590642663e-03,1.554576e-15,3.878960e-17,8.542522e-18,2.677057e-03
3.860000,8.349396081e-03,2.709622510e-02,1.451620774e-02,1.354769809e-02,2.740500402e-06,5.510708456e-02,0.000000000e+00,1.573681192e-03,8.989634e-16,7.757919e-18,6.447130e-18,2.325354e-03
3.870000,8.307150096e-03,2.695135541e-02,1.443862987e-02,1.347526986e-02,2.743992352e-06,5.520306735e-02,0.000000000e+00,1.556900258e-03,2.443137e-15,8.673617e-18,1.401266e-17,2.304624e-03
3.880000,8.265125361e-03,2.680725751e-02,1.436146508e-02,1.340322742e-02,2.747606516e-06,5.530015759e-02,0.000000000e+00,1.540297942e-03,1.779824e-15,2.081668e-17,1.066714e-17,2.258686e-03
3.890000,8.223320482e-03,2.666392730e-02,1.428471117e-02,1.333156872e-02,2.751350671e-06,5.539834490e-02,0.000000000e+00,1.523872343e-03,2.223407e-15,1.430490e-17,9.341772e-18,2.585289e-03
3.900000,8.181734075e-03,2.652136069e-02,1.420836595e-02,1.326029171e-02,2.755232324e-06,5.549761899e-02,0.000000000e+00,1.507621582e-03,2.003234e-15,3.538156e-17,1.497926e-17,2.283315e-03
3.910000,8.140364767e-03,2.637955359e-02,1.413242726e-02,1.318939436e-02,2.759258718e-06,5.559796962e-02,0.000000000e+00,1.491543800e-03,1.776374e-15,1.551584e-17,8.542522e-18,2.568720e-03
3.920000,8.099211193e-03,2.623850197e-02,1.405689293e-02,1.311887465e-02,2.763436828e-06,5.569938662e-02,0.000000000e+00,1.475637157e-03,2.000154e-15,3.473781e-17,5.057545e-18,2.265236e-03
3.930000,8.058271997e-03,2.609820179e-02,1.398176081e-02,1.304873057e-02,2.767773367e-06,5.580185987e-02,0.000000000e+00,1.459899834e-03,1.998606e-15,1.387779e-17,9.511364e-18,2.573129e-03
3.940000,8.017545836e-03,2.595864905e-02,1.390702876e-02,1.297896011e-02,2.772274784e-06,5.590537927e-02,0.000000000e+00,1.444330030e-03,1.555308e-15,6.938894e-18,6.447130e-18,2.269955e-03
3.950000,7.977031373e-03,2.581983977e-02,1.383269466e-02,1.290956128e-02,2.776947269e-06,5.600993473e-02,0.000000000e+00,1.428925962e-03,1.115762e-15,3.469447e-18,6.605630e-18,2.288545e-03
3.960000,7.936727281e-03,2.568176999e-02,1.375875638e-02,1.284053211e-02,2.781796753e-06,5.611551620e-02,0.000000000e+00,1.413685870e-03,2.001688e-15,2.602085e-17,1.066714e-17,2.382263e-03
3.970000,7.896632245e-03,2.554443575e-02,1.368521183e-02,1.277187062e-02,2.786828908e-06,5.622211360e-02,0.000000000e+00,1.398608008e-03,1.780699e-15,1.734723e-18,9.381952e-18,2.383033e-03
3.980000,7.856744957e-03,2.540783315e-02,1.361205890e-02,1.270357486e-02,2.792049154e-06,5.632971683e-02,0.000000000e+00,1.383690651e-03,1.781774e-15,7.757919e-18,8.940560e-18,2.340814e-03
3.990000,7.817064119e-03,2.527195828e-02,1.353929552e-02,1.263564288e-02,2.797462653e-06,5.643831579e-02,0.000000000e+00,1.368932092e-03,2.887115e-15,7.152448e-18,2.001051e-17,2.366824e-03
4.000000,7.777588442e-03,2.513680726e-02,1.346691962e-02,1.256807274e-02,2.803074318e-06,5.654790034e-02,0.000000000e+00,1.354330643e-03,2.445171e-15,2.145734e-17,1.497926e-17,2.400462e-03
4.010000,7.738316647e-03,2.500237623e-02,1.339492912e-02,1.250086250e-02,2.808888810e-06,5.665846026e-02,0.000000000e+00,1.339884633e-03,2.445021e-15,7.152448e-18,1.482148e-17,2.350343e-03
4.020000,7.699247464e-03,2.486866136e-02,1.332332199e-02,1.243401027e-02,2.814910542e-06,5.676998533e-02,0.000000000e+00,1.325592408e-03,1.998407e-15,8.673617e-18,6.992894e-18,2.379192e-03
4.030000,7.660379632e-03,2.473565884e-02,1.325209619e-02,1.236751412e-02,2.821143679e-06,5.688246524e-02,0.000000000e+00,1.311452334e-03,1.554570e-15,2.088884e-17,1.058750e-17,2.381263e-03
4.040000,7.621711899e-03,2.460336485e-02,1.318124968e-02,1.230137216e-02,2.827592146e-06,5.699588960e-02,0.000000000e+00,1.297462791e-03,2.003227e-15,3.538156e-17,9.148508e-18,2.408392e-03
4.050000,7.583243023e-03,2.447177563e-02,1.311078044e-02,1.223558250e-02,2.834259621e-06,5.711024797e-02,0.000000000e+00,1.283622179e-03,2.664685e-15,2.943923e-17,1.385744e-17,2.552879e-03
4.060000,7.544971769e-03,2.434088742e-02,1.304068648e-02,1.217014327e-02,2.841149546e-06,5.722552981e-02,0.000000000e+00,1.269928914e-03,1.554562e-15,1.387779e-17,7.573911e-18,2.445962e-03
4.070000,7.506896914e-03,2.421069649e-02,1.297096580e-02,1.210505260e-02,2.848265123e-06,5.734172448e-02,0.000000000e+00,1.256381428e-03,2.226004e-15,1.040834e-17,1.260662e-17,2.459911e-03
4.080000,7.469017242e-03,2.408119911e-02,1.290161640e-02,1.204030863e-02,2.855609321e-06,5.745882125e-02,0.000000000e+00,1.242978173e-03,1.776591e-15,1.387779e-17,1.034490e-17,2.383473e-03
4.090000,7.431331546e-03,2.395239160e-02,1.283263631e-02,1.197590951e-02,2.863184875e-06,5.757680929e-02,0.000000000e+00,1.229717612e-03,2.004567e-15,7.152448e-18,9.189533e-18,2.430443e-03
4.100000,7.393838628e-03,2.382427027e-02,1.276402358e-02,1.191185342e-02,2.870994293e-06,5.769567764e-02,0.000000000e+00,1.216598230e-03,1.998415e-15,1.398579e-17,8.182674e-18,2.714737e-03
4.110000,7.356537299e-03,2.369683147e-02,1.269577624e-02,1.184813851e-02,2.879039856e-06,5.781541526e-02,0.000000000e+00,1.203618523e-03,2.445655e-15,2.081668e-17,1.193214e-17,2.299255e-03
4.120000,7.319426379e-03,2.357007156e-02,1.262789235e-02,1.178476298e-02,2.887323620e-06,5.793601096e-02,0.000000000e+00,1.190777008e-03,1.562245e-15,8.673617e-18,7.059813e-18,2.313294e-03
4.130000,7.282504697e-03,2.344398692e-02,1.256036997e-02,1.172172502e-02,2.895847423e-06,5.805745341e-02,0.000000000e+00,1.178072213e-03,2.445191e-15,1.551584e-17,1.321126e-17,2.308975e-03
4.140000,7.245771089e-03,2.331857395e-02,1.249320720e-02,1.165902282e-02,2.904612888e-06,5.817973119e-02,0.000000000e+00,1.165502685e-03,1.560573e-15,1.734723e-17,7.573911e-18,2.322955e-03
4.150000,7.209224401e-03,2.319382908e-02,1.242640210e-02,1.159665460e-02,2.913621420e-06,5.830283272e-02,0.000000000e+00,1.153066986e-03,1.555375e-15,9.813078e-18,9.511364e-18,3.619999e-03
4.160000,7.172863489e-03,2.306974874e-02,1.235995278e-02,1.153461858e-02,2.922874218e-06,5.842674628e-02,0.000000000e+00,1.140763691e-03,2.889917e-15,1.482148e-17,9.889445e-18,2.330235e-03
4.170000,7.136687214e-03,2.294632940e-02,1.229385735e-02,1.147291299e-02,2.932372276e-06,5.855146001e-02,0.000000000e+00,1.128591393e-03,2.226731e-15,5.204170e-18,1.144950e-17,2.303095e-03
4.180000,7.100694449e-03,2.282356752e-02,1.222811391e-02,1.141153607e-02,2.942116385e-06,5.867696192e-02,0.000000000e+00,1.116548699e-03,2.665127e-15,6.938894e-18,1.260662e-17,2.335214e-03
4.190000,7.064884072e-03,2.270145961e-02,1.216272061e-02,1.135048607e-02,2.952107136e-06,5.880323986e-02,0.000000000e+00,1.104634229e-03,1.560519e-15,9.813078e-18,5.818439e-18,2.289275e-03
4.200000,7.029254974e-03,2.258000219e-02,1.209767558e-02,1.128976125e-02,2.962344931e-06,5.893028151e-02,0.000000000e+00,1.092846620e-03,1.333497e-15,1.250927e-17,6.788179e-18,2.314174e-03
4.210000,6.993806049e-03,2.245919177e-02,1.203297695e-02,1.122935987e-02,2.972829977e-06,5.905807444e-02,0.000000000e+00,1.081184523e-03,1.110251e-15,1.734723e-17,5.818439e-18,2.506250e-03
4.220000,6.958536204e-03,2.233902493e-02,1.196862290e-02,1.116928022e-02,2.983562301e-06,5.918660603e-02,0.000000000e+00,1.069646603e-03,1.118907e-15,6.938894e-18,2.949349e-18,2.293455e-03
4.230000,6.923444351e-03,2.221949822e-02,1.190461159e-02,1.110952057e-02,2.994541747e-06,5.931586352e-02,0.000000000e+00,1.058231539e-03,1.555308e-15,1.110765e-17,6.254634e-18,2.487681e-03
4.240000,6.888529412e-03,2.210060824e-02,1.184094118e-02,1.105007923e-02,3.005767981e-06,5.944583399e-02,0.000000000e+00,1.046938024e-03,1.784160e-15,3.069039e-17,1.262898e-17,2.305045e-03
4.250000,6.853790316e-03,2.198235159e-02,1.177760988e-02,1.099095450e-02,3.017240499e-06,5.957650435e-02,0.000000000e+00,1.035764766e-03,2.002266e-15,7.152448e-18,8.545274e-18,2.489691e-03
4.260000,6.819226001e-03,2.186472490e-02,1.171461587e-02,1.093214469e-02,3.028958632e-06,5.970786135e-02,0.000000000e+00,1.024710485e-03,1.555313e-15,2.409955e-17,9.189533e-18,2.373643e-03
4.270000,6.784835413e-03,2.174772482e-02,1.165195737e-02,1.087364812e-02,3.040921544e-06,5.983989161e-02,0.000000000e+00,1.013773917e-03,2.445026e-15,1.734723e-18,1.111611e-17,2.390093e-03
4.280000,6.750617506e-03,2.163134800e-02,1.158963258e-02,1.081546313e-02,3.053128244e-06,5.997258156e-02,0.000000000e+00,1.002953808e-03,2.664689e-15,7.757919e-18,1.482148e-17,2.317374e-03
4.290000,6.716571241e-03,2.151559112e-02,1.152763972e-02,1.075758806e-02,3.065577588e-06,6.010591746e-02,0.000000000e+00,9.922489208e-04,2.445015e-15,1.430490e-17,9.424455e-18,2.448421e-03
4.300000,6.682695587e-03,2.140045088e-02,1.146597704e-02,1.070002125e-02,3.078268285e-06,6.023988543e-02,0.000000000e+00,9.816580292e-04,1.115805e-15,1.110765e-17,7.663400e-18,2.332904e-03
4.310000,6.648989523e-03,2.128592399e-02,1.140464278e-02,1.064276107e-02,3.091198898e-06,6.037447143e-02,0.000000000e+00,9.711799208e-04,1.998415e-15,1.430490e-17,1.015221e-17,2.298284e-03
4.320000,6.615452033e-03,2.117200720e-02,1.134363519e-02,1.058580588e-02,3.104367854e-06,6.050966125e-02,0.000000000e+00,9.608133960e-04,1.781776e-15,1.214306e-17,8.299637e-18,2.394563e-03
4.330000,6.582082111e-03,2.105869723e-02,1.128295252e-02,1.052915406e-02,3.117773444e-06,6.064544052e-02,0.000000000e+00,9.505572680e-04,1.780047e-15,6.938894e-18,9.341772e-18,2.324765e-03
4.340000,6.548878758e-03,2.094599087e-02,1.122259306e-02,1.047280399e-02,3.131413832e-06,6.078179471e-02,0.000000000e+00,9.404103625e-04,2.442494e-15,1.708504e-17,9.898950e-18,2.390003e-03
4.350000,6.515840981e-03,2.083388490e-02,1.116255508e-02,1.041675406e-02,3.145287059e-06,6.091870913e-02,0.000000000e+00,9.303715178e-04,2.226688e-15,1.908196e-17,9.189533e-18,2.345534e-03
4.360000,6.482967797e-03,2.072237612e-02,1.110283687e-02,1.036100267e-02,3.159391044e-06,6.105616894e-02,0.000000000e+00,9.204395845e-04,1.333500e-15,5.204170e-18,5.240186e-18,2.357054e-03
4.370000,6.450258230e-03,2.061146134e-02,1.104343673e-02,1.030554825e-02,3.173723595e-06,6.119415915e-02,0.000000000e+00,9.106134253e-04,2.664547e-15,1.110765e-17,1.135259e-17,2.322184e-03
4.380000,6.417711310e-03,2.050113741e-02,1.098435296e-02,1.025038919e-02,3.188282409e-06,6.133266460e-02,0.000000000e+00,9.008919153e-04,1.780046e-15,9.813078e-18,9.117618e-18,2.293155e-03
4.390000,6.385326077e-03,2.039140117e-02,1.092558389e-02,1.019552394e-02,3.203065076e-06,6.147166999e-02,0.000000000e+00,8.912739413e-04,2.220633e-15,2.255141e-17,8.375769e-18,2.306265e-03
4.400000,6.353101575e-03,2.028224949e-02,1.086712784e-02,1.014095093e-02,3.218069090e-06,6.161115986e-02,0.000000000e+00,8.817584019e-04,2.223913e-15,1.482148e-17,1.022834e-17,2.312654e-03
4.410000,6.321036859e-03,2.017367927e-02,1.080898314e-02,1.008666859e-02,3.233291846e-06,6.175111861e-02,0.000000000e+00,8.723442077e-04,2.442658e-15,1.734723e-17,9.055522e-18,2.297425e-03
4.420000,6.289130990e-03,2.006568740e-02,1.075114814e-02,1.003267538e-02,3.248730649e-06,6.189153049e-02,0.000000000e+00,8.630302806e-04,2.002268e-15,2.327376e-17,8.708783e-18,2.321054e-03
4.430000,6.257383034e-03,1.995827080e-02,1.069362118e-02,9.978969773e-03,3.264382720e-06,6.203237960e-02,0.000000000e+00,8.538155541e-04,1.999190e-15,8.673617e-18,8.781368e-18,2.293645e-03
4.440000,6.225792068e-03,1.985142640e-02,1.063640063e-02,9.925550222e-03,3.280245192e-06,6.217364991e-02,0.000000000e+00,8.446989730e-04,2.221162e-15,9.813078e-18,7.006329e-18,2.277435e-03
4.450000,6.194357173e-03,1.974515117e-02,1.057948487e-02,9.872415209e-03,3.296315127e-06,6.231532525e-02,0.000000000e+00,8.356794934e-04,1.776594e-15,1.110765e-17,6.508826e-18,2.277805e-03
4.460000,6.163077439e-03,1.963944206e-02,1.052287225e-02,9.819563218e-03,3.312589508e-06,6.245738930e-02,0.000000000e+00,8.267560823e-04,2.222031e-15,1.398579e-17,6.857097e-18,2.355623e-03
4.470000,6.131951963e-03,1.953429607e-02,1.046656118e-02,9.766992742e-03,3.329065251e-06,6.259982562e-02,0.000000000e+00,8.179277179e-04,2.223221e-15,1.551584e-17,7.748823e-18,2.335554e-03
4.480000,6.100979848e-03,1.942971019e-02,1.041055005e-02,9.714702282e-03,3.345739207e-06,6.274261764e-02,0.000000000e+00,8.091933892e-04,1.781773e-15,1.040834e-17,7.748823e-18,2.525590e-03
4.490000,6.070160204e-03,1.932568144e-02,1.035483726e-02,9.662690348e-03,3.362608163e-06,6.288574865e-02,0.000000000e+00,8.005520959e-04,2.445183e-15,3.469447e-18,9.602384e-18,2.497051e-03
4.500000,6.039492150e-03,1.922220685e-02,1.029942123e-02,9.610955455e-03,3.379668852e-06,6.302920183e-02,0.000000000e+00,7.920028483e-04,2.223407e-15,7.152448e-18,1.097135e-17,2.291725e-03
4.510000,6.008974808e-03,1.911928347e-02,1.024430037e-02,9.559496130e-03,3.396917951e-06,6.317296023e-02,0.000000000e+00,7.835446674e-04,1.776591e-15,1.551584e-17,6.694016e-18,2.386054e-03
4.520000,5.978607311e-03,1.901690836e-02,1.018947312e-02,9.508310904e-03,3.414352087e-06,6.331700678e-02,0.000000000e+00,7.751765845e-04,2.445662e-15,5.204170e-18,7.586317e-18,2.379273e-03
4.530000,5.948388796e-03,1.891507861e-02,1.013493791e-02,9.457398319e-03,3.431967841e-06,6.346132430e-02,0.000000000e+00,7.668976411e-04,2.001681e-15,5.204170e-18,7.663400e-18,2.515341e-03
4.540000,5.918318408e-03,1.881379131e-02,1.008069319e-02,9.406756922e-03,3.449761750e-06,6.360589550e-02,0.000000000e+00,7.587068891e-04,2.668160e-15,2.110382e-17,1.049158e-17,2.374954e-03
4.550000,5.888395298e-03,1.871304358e-02,1.002673741e-02,9.356385270e-03,3.467730312e-06,6.375070298e-02,0.000000000e+00,7.506033902e-04,2.001688e-15,1.551584e-17,5.057545e-18,2.377394e-03
4.560000,5.858618624e-03,1.861283253e-02,9.973069034e-03,9.306281926e-03,3.485869989e-06,6.389572923e-02,0.000000000e+00,7.425862165e-04,2.445175e-15,7.152448e-18,9.511364e-18,2.491241e-03
4.570000,5.828987551e-03,1.851315530e-02,9.919686536e-03,9.256445463e-03,3.504177209e-06,6.404095665e-02,0.000000000e+00,7.346544496e-04,2.665113e-15,1.398579e-17,9.212529e-18,2.286265e-03
4.580000,5.799501249e-03,1.841400907e-02,9.866588393e-03,9.206874459e-03,3.522648371e-06,6.418636754e-02,0.000000000e+00,7.268071809e-04,1.778311e-15,1.430490e-17,6.447130e-18,2.288365e-03
4.590000,5.770158895e-03,1.831539100e-02,9.813773091e-03,9.157567500e-03,3.541279843e-06,6.433194409e-02,0.000000000e+00,7.190435116e-04,2.223417e-15,8.673617e-18,7.684845e-18,2.287525e-03
4.600000,5.740959675e-03,1.821729827e-02,9.761239125e-03,9.108523182e-03,3.560067973e-06,6.447766843e-02,0.000000000e+00,7.113625525e-04,2.223407e-15,1.734723e-18,7.818293e-18,2.301664e-03
4.610000,5.711902777e-03,1.811972809e-02,9.708984999e-03,9.059740106e-03,3.579009084e-06,6.462352258e-02,0.000000000e+00,7.037634237e-04,1.783299e-15,1.430490e-17,7.684845e-18,2.383813e-03
4.620000,5.682987399e-03,1.802267768e-02,9.657009223e-03,9.011216882e-03,3.598099482e-06,6.476948849e-02,0.000000000e+00,6.962452547e-04,2.443141e-15,1.398579e-17,6.403221e-18,2.281045e-03
4.630000,5.654212743e-03,1.792614427e-02,9.605310316e-03,8.962952125e-03,3.617335454e-06,6.491554803e-02,0.000000000e+00,6.888071842e-04,1.998606e-15,0.000000e+00,6.303309e-18,2.323305e-03
4.640000,5.625578019e-03,1.783012510e-02,9.553886805e-03,8.914944461e-03,3.636713276e-06,6.506168299e-02,0.000000000e+00,6.814483602e-04,2.224795e-15,1.962616e-17,1.008716e-17,2.279875e-03
4.650000,5.597082442e-03,1.773461745e-02,9.502737224e-03,8.867192520e-03,3.656229210e-06,6.520787509e-02,0.000000000e+00,6.741679398e-04,2.445645e-15,1.214306e-17,7.573911e-18,2.274905e-03
4.660000,5.568725234e-03,1.763961858e-02,9.451860117e-03,8.819694941e-03,3.675879508e-06,6.535410601e-02,0.000000000e+00,6.669650887e-04,2.001678e-15,9.813078e-18,6.303309e-18,2.291795e-03
4.670000,5.540505621e-03,1.754512578e-02,9.401254033e-03,8.772450371e-03,3.695660415e-06,6.550035733e-02,0.000000000e+00,6.598389820e-04,2.443124e-15,1.387779e-17,9.745765e-18,2.282156e-03
4.680000,5.512422838e-03,1.745113636e-02,9.350917529e-03,8.725457462e-03,3.715568171e-06,6.564661058e-02,0.000000000e+00,6.527888031e-04,1.777227e-15,8.673617e-18,4.050914e-18,2.407093e-03
4.690000,5.484476124e-03,1.735764765e-02,9.300849173e-03,8.678714875e-03,3.735599013e-06,6.579284727e-02,0.000000000e+00,6.458137443e-04,2.223970e-15,1.868354e-17,6.505213e-18,2.346954e-03
4.700000,5.456664724e-03,1.726465697e-02,9.251047536e-03,8.632221277e-03,3.755749174e-06,6.593904881e-02,0.000000000e+00,6.389130065e-04,1.778365e-15,0.000000e+00,5.898698e-18,2.287335e-03
4.710000,5.428987891e-03,1.717216168e-02,9.201511200e-03,8.585975344e-03,3.776014890e-06,6.608519660e-02,0.000000000e+00,6.320857992e-04,2.445220e-15,2.110382e-17,8.826764e-18,2.281305e-03
4.720000,5.401444880e-03,1.708015913e-02,9.152238753e-03,8.539975757e-03,3.796392396e-06,6.623127198e-02,0.000000000e+00,6.253313399e-04,2.221143e-15,1.250927e-17,7.663400e-18,2.296125e-03
4.730000,5.374034956e-03,1.698864671e-02,9.103228791e-03,8.494221206e-03,3.816877933e-06,6.637725626e-02,0.000000000e+00,6.186488549e-04,2.001486e-15,6.938894e-18,4.690976e-18,2.258835e-03
4.740000,5.346757388e-03,1.689762180e-02,9.054479918e-03,8.448710385e-03,3.837467744e-06,6.652313071e-02,0.000000000e+00,6.120375784e-04,1.787604e-15,6.938894e-18,3.608944e-18,2.259046e-03
4.750000,5.319611449e-03,1.680708181e-02,9.005990744e-03,8.403441997e-03,3.858158082e-06,6.666887659e-02,0.000000000e+00,6.054967529e-04,2.223439e-15,6.938894e-18,6.619851e-18,2.261495e-03
4.760000,5.292596420e-03,1.671702416e-02,8.957759887e-03,8.358414753e-03,3.878945205e-06,6.681447510e-02,0.000000000e+00,5.990256290e-04,1.554565e-15,6.938894e-18,5.637851e-18,2.267015e-03
4.770000,5.265711587e-03,1.662744628e-02,8.909785974e-03,8.313627370e-03,3.899825381e-06,6.695990745e-02,0.000000000e+00,5.926234650e-04,2.001687e-15,7.152448e-18,4.574254e-18,2.266855e-03
4.780000,5.238956241e-03,1.653834562e-02,8.862067637e-03,8.269078569e-03,3.920794887e-06,6.710515482e-02,0.000000000e+00,5.862895275e-04,1.776577e-15,7.152448e-18,4.755682e-18,2.288095e-03
4.790000,5.212329679e-03,1.644971963e-02,8.814603517e-03,8.224767083e-03,3.941850013e-06,6.725019836e-02,0.000000000e+00,5.800230905e-04,1.558353e-15,2.409955e-17,3.786955e-18,2.673927e-03
4.800000,5.185831204e-03,1.636156580e-02,8.767392260e-03,8.180691648e-03,3.962987061e-06,6.739501924e-02,0.000000000e+00,5.738234359e-04,2.889949e-15,1.398579e-17,6.040476e-18,2.295185e-03
4.810000,5.159460124e-03,1.627388160e-02,8.720432522e-03,8.136851008e-03,3.984202346e-06,6.753959861e-02,0.000000000e+00,5.676898533e-04,2.669737e-15,1.250927e-17,7.372575e-18,2.294155e-03
4.820000,5.133215751e-03,1.618666454e-02,8.673722965e-03,8.093243913e-03,4.005492200e-06,6.768391761e-02,0.000000000e+00,5.616216397e-04,2.442653e-15,1.398579e-17,7.818293e-18,2.269416e-03
4.830000,5.107097405e-03,1.609991213e-02,8.627262257e-03,8.049869121e-03,4.026852966e-06,6.782795740e-02,0.000000000e+00,5.556180997e-04,2.445015e-15,1.430490e-17,6.209365e-18,2.274715e-03
4.840000,5.081104409e-03,1.601362189e-02,8.581049076e-03,8.006725396e-03,4.048281007e-06,6.797169914e-02,0.000000000e+00,5.496785453e-04,2.002259e-15,2.797158e-17,3.068503e-18,2.281955e-03
4.850000,5.055236093e-03,1.592779138e-02,8.535082103e-03,7.963811508e-03,4.069772702e-06,6.811512399e-02,0.000000000e+00,5.438022957e-04,1.776632e-15,8.673617e-18,4.228388e-18,2.294685e-03
4.860000,5.029491790e-03,1.584241814e-02,8.489360029e-03,7.921126235e-03,4.091324446e-06,6.825821313e-02,0.000000000e+00,5.379886774e-04,2.445018e-15,6.938894e-18,4.848700e-18,2.278285e-03
4.870000,5.003870841e-03,1.575749974e-02,8.443881551e-03,7.878668359e-03,4.112932656e-06,6.840094777e-02,0.000000000e+00,5.322370240e-04,2.006292e-15,1.908196e-17,3.878960e-18,2.258516e-03
4.880000,4.978372589e-03,1.567303376e-02,8.398645374e-03,7.836436671e-03,4.134593767e-06,6.854330912e-02,0.000000000e+00,5.265466765e-04,1.333735e-15,1.551584e-17,2.453269e-18,2.265806e-03
4.890000,4.952996386e-03,1.558901779e-02,8.353650208e-03,7.794429968e-03,4.156304231e-06,6.868527844e-02,0.000000000e+00,5.209169823e-04,1.780043e-15,3.469447e-18,4.631714e-18,2.298405e-03
4.900000,4.927741585e-03,1.550544943e-02,8.308894772e-03,7.752647053e-03,4.178060525e-06,6.882683700e-02,0.000000000e+00,5.153472964e-04,2.223916e-15,8.673617e-18,4.801192e-18,2.307084e-03
4.910000,4.902607546e-03,1.542232631e-02,8.264377790e-03,7.711086734e-03,4.199859143e-06,6.896796611e-02,0.000000000e+00,5.098369802e-04,2.443124e-15,7.152448e-18,4.465018e-18,2.417172e-03
4.920000,4.877593635e-03,1.533964605e-02,8.220097994e-03,7.669747829e-03,4.221696603e-06,6.910864711e-02,0.000000000e+00,5.043854022e-04,1.784153e-15,6.938894e-18,3.317021e-18,2.372063e-03
4.930000,4.852699220e-03,1.525740630e-02,8.176054122e-03,7.628629158e-03,4.243569443e-06,6.924886141e-02,0.000000000e+00,4.989919372e-04,2.446435e-15,0.000000e+00,5.091134e-18,2.362584e-03
4.940000,4.827923676e-03,1.517560472e-02,8.132244919e-03,7.587729551e-03,4.265474225e-06,6.938859042e-02,0.000000000e+00,4.936559672e-04,2.000202e-15,1.551584e-17,4.390684e-18,2.297315e-03
4.950000,4.803266383e-03,1.509423897e-02,8.088669137e-03,7.547047842e-03,4.287407533e-06,6.952781562e-02,0.000000000e+00,4.883768802e-04,1.784154e-15,1.844036e-17,4.149818e-18,2.348833e-03
4.960000,4.778726724e-03,1.501330674e-02,8.045325535e-03,7.506582871e-03,4.309365972e-06,6.966651856e-02,0.000000000e+00,4.831540713e-04,2.664727e-15,6.938894e-18,6.040476e-18,2.416622e-03
4.970000,4.754304089e-03,1.493280572e-02,8.002212877e-03,7.466333487e-03,4.331346174e-06,6.980468081e-02,0.000000000e+00,4.779869414e-04,2.443164e-15,5.204170e-18,5.213198e-18,2.550840e-03
4.980000,4.729997870e-03,1.485273361e-02,7.959329935e-03,7.426298541e-03,4.353344794e-06,6.994228403e-02,0.000000000e+00,4.728748983e-04,2.223447e-15,3.469447e-18,4.289113e-18,2.369973e-03
4.990000,4.705807467e-03,1.477308813e-02,7.916675488e-03,7.386476895e-03,4.375358507e-06,7.007930991e-02,0.000000000e+00,4.678173559e-04,2.221141e-15,1.734723e-18,4.949475e-18,2.402353e-03
5.000000,4.681732281e-03,1.469386701e-02,7.874248319e-03,7.346867412e-03,4.397384017e-06,7.021574023e-02,0.000000000e+00,4.628137342e-04,2.221186e-15,1.734723e-18,4.363830e-18,2.298586e-03
5.010000,4.657771720e-03,1.461506800e-02,7.832047221e-03,7.307468965e-03,4.419418049e-06,7.035155684e-02,0.000000000e+00,4.578634595e-04,2.445018e-15,7.152448e-18,4.760623e-18,2.389904e-03
5.020000,4.633925196e-03,1.453668885e-02,7.790070991e-03,7.268280431e-03,4.441457353e-06,7.048674165e-02,0.000000000e+00,4.529659643e-04,2.666849e-15,6.938894e-18,3.831700e-18,2.649258e-03
5.030000,4.610192126e-03,1.445872733e-02,7.748318433e-03,7.229300695e-03,4.463498708e-06,7.062127664e-02,0.000000000e+00,4.481206869e-04,2.443163e-15,1.097135e-17,3.786955e-18,2.494921e-03
5.040000,4.586571929e-03,1.438118122e-02,7.706788357e-03,7.190528644e-03,4.485538912e-06,7.075514389e-02,0.000000000e+00,4.433270718e-04,2.001679e-15,1.734723e-18,2.666785e-18,2.520430e-03
5.050000,4.563064032e-03,1.430404829e-02,7.665479580e-03,7.151963175e-03,4.507574792e-06,7.088832555e-02,0.000000000e+00,4.385845692e-04,2.445648e-15,9.341772e-18,3.496447e-18,2.541350e-03
5.060000,4.539667863e-03,1.422732637e-02,7.624390926e-03,7.113603189e-03,4.529603197e-06,7.102080386e-02,0.000000000e+00,4.338926353e-04,2.889916e-15,4.906539e-18,3.705371e-18,2.438733e-03
5.070000,4.516382857e-03,1.415101326e-02,7.583521224e-03,7.075447594e-03,4.551621004e-06,7.115256113e-02,0.000000000e+00,4.292507320e-04,1.332561e-15,1.055191e-17,2.093942e-18,2.475961e-03
5.080000,4.493208451e-03,1.407510679e-02,7.542869309e-03,7.037495302e-03,4.573625114e-06,7.128357980e-02,0.000000000e+00,4.246583271e-04,1.554564e-15,1.636535e-17,2.818926e-18,2.383964e-03
5.090000,4.470144089e-03,1.399960479e-02,7.502434023e-03,6.999745233e-03,4.595612454e-06,7.141384236e-02,0.000000000e+00,4.201148937e-04,1.336886e-15,1.097135e-17,1.893478e-18,2.378424e-03
5.100000,4.447189216e-03,1.392450511e-02,7.462214215e-03,6.962196310e-03,4.617579976e-06,7.154333143e-02,0.000000000e+00,4.156199108e-04,2.664583e-15,7.757919e-18,3.464361e-18,2.355394e-03
5.110000,4.424343283e-03,1.384980562e-02,7.422208738e-03,6.924847466e-03,4.639524657e-06,7.167202973e-02,0.000000000e+00,4.111728628e-04,2.445023e-15,8.673617e-18,2.586226e-18,2.398013e-03
5.120000,4.401605746e-03,1.377550419e-02,7.382416453e-03,6.887697634e-03,4.661443501e-06,7.179992005e-02,0.000000000e+00,4.067732398e-04,2.667581e-15,1.868354e-17,3.201611e-18,2.382483e-03
5.130000,4.378976063e-03,1.370159869e-02,7.342836226e-03,6.850745759e-03,4.683333538e-06,7.192698534e-02,0.000000000e+00,4.024205370e-04,1.776587e-15,1.734723e-17,3.544860e-18,2.375264e-03
5.140000,4.356453697e-03,1.362808703e-02,7.303466930e-03,6.813990786e-03,4.705191819e-06,7.205320862e-02,0.000000000e+00,3.981142552e-04,2.443122e-15,5.204170e-18,2.818926e-18,2.416883e-03
5.150000,4.334038116e-03,1.355496711e-02,7.264307443e-03,6.777431670e-03,4.727015427e-06,7.217857302e-02,0.000000000e+00,3.938539004e-04,3.330787e-15,4.906539e-18,4.363830e-18,2.275466e-03
5.160000,4.311728789e-03,1.348223685e-02,7.225356650e-03,6.741067368e-03,4.748801466e-06,7.230306182e-02,0.000000000e+00,3.896389838e-04,1.781786e-15,9.341772e-18,2.577119e-18,2.295615e-03
5.170000,4.289525193e-03,1.340989417e-02,7.186613441e-03,6.704896845e-03,4.770547067e-06,7.242665839e-02,0.000000000e+00,3.854690221e-04,2.223405e-15,6.938894e-18,3.012444e-18,2.279995e-03
5.180000,4.267426805e-03,1.333793701e-02,7.148076712e-03,6.668919071e-03,4.792249387e-06,7.254934622e-02,0.000000000e+00,3.813435367e-04,2.445213e-15,7.757919e-18,2.818926e-18,2.312925e-03
5.190000,4.245433109e-03,1.326636333e-02,7.109745366e-03,6.633133022e-03,4.813905607e-06,7.267110894e-02,0.000000000e+00,3.772620544e-04,1.554328e-15,4.906539e-18,1.893478e-18,2.281115e-03
5.200000,4.223543590e-03,1.319517108e-02,7.071618310e-03,6.597537677e-03,4.835512935e-06,7.279193030e-02,0.000000000e+00,3.732241070e-04,1.777279e-15,1.040834e-17,2.335443e-18,2.245336e-03
5.210000,4.201757740e-03,1.312435824e-02,7.033694459e-03,6.562132024e-03,4.857068604e-06,7.291179417e-02,0.000000000e+00,3.692292312e-04,1.780039e-15,7.757919e-18,2.074909e-18,2.397263e-03
5.220000,4.180075053e-03,1.305392279e-02,6.995972733e-03,6.526915053e-03,4.878569872e-06,7.303068456e-02,0.000000000e+00,3.652769686e-04,2.003229e-15,1.110765e-17,2.248903e-18,2.422313e-03
5.230000,4.158495025e-03,1.298386273e-02,6.958452056e-03,6.491885763e-03,4.900014023e-06,7.314858561e-02,0.000000000e+00,3.613668657e-04,1.779880e-15,3.878960e-18,1.775743e-18,2.285725e-03
5.240000,4.137017158e-03,1.291417605e-02,6.921131360e-03,6.457043155e-03,4.921398365e-06,7.326548160e-02,0.000000000e+00,3.574984739e-04,2.001681e-15,9.341772e-18,2.256730e-18,2.363434e-03
5.250000,4.115640958e-03,1.284486078e-02,6.884009583e-03,6.422386237e-03,4.942720233e-06,7.338135695e-02,0.000000000e+00,3.536713492e-04,1.777227e-15,4.906539e-18,1.265548e-18,2.387704e-03
5.260000,4.094365933e-03,1.277591493e-02,6.847085666e-03,6.387914022e-03,4.963976984e-06,7.349619621e-02,0.000000000e+00,3.498850526e-04,2.223915e-15,3.878960e-18,2.640205e-18,2.289375e-03
5.270000,4.073191595e-03,1.270733655e-02,6.810358557e-03,6.353625529e-03,4.985166005e-06,7.360998408e-02,0.000000000e+00,3.461391496e-04,1.777299e-15,3.469447e-18,2.377841e-18,2.540850e-03
5.280000,4.052117459e-03,1.263912369e-02,6.773827212e-03,6.319519781e-03,5.006284702e-06,7.372270542e-02,0.000000000e+00,3.424332102e-04,3.112597e-15,9.341772e-18,2.380311e-18,2.330424e-03
5.290000,4.031143046e-03,1.257127439e-02,6.737490588e-03,6.285595807e-03,5.027330511e-06,7.383434521e-02,0.000000000e+00,3.387668091e-04,1.998420e-15,4.906539e-18,1.651408e-18,2.285395e-03
5.300000,4.010267878e-03,1.250378673e-02,6.701347652e-03,6.251852640e-03,5.048300890e-06,7.394488860e-02,0.000000000e+00,3.351395256e-04,2.221194e-15,6.254634e-18,1.921211e-18,2.278815e-03
5.310000,3.989491481e-03,1.243665879e-02,6.665397374e-03,6.218289321e-03,5.069193322e-06,7.405432088e-02,0.000000000e+00,3.315509433e-04,2.221143e-15,7.757919e-18,2.057129e-18,2.457551e-03
5.320000,3.968813384e-03,1.236988865e-02,6.629638729e-03,6.184904893e-03,5.090005317e-06,7.416262752e-02,0.000000000e+00,3.280006504e-04,1.563216e-15,7.757919e-18,1.506222e-18,2.433462e-03
5.330000,3.948233120e-03,1.230347441e-02,6.594070699e-03,6.151698405e-03,5.110734405e-06,7.426979411e-02,0.000000000e+00,3.244882393e-04,2.223410e-15,3.469447e-18,1.964322e-18,2.324734e-03
5.340000,3.927750226e-03,1.223741418e-02,6.558692272e-03,6.118668913e-03,5.131378146e-06,7.437580643e-02,0.000000000e+00,3.210133070e-04,2.667436e-15,8.673617e-19,2.177196e-18,2.379933e-03
5.350000,3.907364240e-03,1.217170609e-02,6.523502439e-03,6.085815476e-03,5.151934119e-06,7.448065040e-02,0.000000000e+00,3.175754544e-04,2.001487e-15,4.906539e-18,1.732181e-18,2.532341e-03
5.360000,3.887074707e-03,1.210634824e-02,6.488500199e-03,6.053137157e-03,5.172399931e-06,7.458431211e-02,0.000000000e+00,3.141742870e-04,1.777445e-15,8.673617e-19,1.333392e-18,2.365574e-03
5.370000,3.866881171e-03,1.204133880e-02,6.453684553e-03,6.020633028e-03,5.192773213e-06,7.468677781e-02,0.000000000e+00,3.108094143e-04,2.445222e-15,5.553825e-18,1.293113e-18,2.358424e-03
5.380000,3.846783182e-03,1.197667590e-02,6.419054512e-03,5.988302161e-03,5.213051619e-06,7.478803394e-02,0.000000000e+00,3.074804500e-04,2.445173e-15,8.673617e-19,1.212175e-18,2.367944e-03
5.390000,3.826780292e-03,1.191235771e-02,6.384609088e-03,5.956143638e-03,5.233232826e-06,7.488806708e-02,0.000000000e+00,3.041870120e-04,2.890863e-15,3.576224e-18,1.684007e-18,2.398023e-03
5.400000,3.806872057e-03,1.184838239e-02,6.350347301e-03,5.924156541e-03,5.253314538e-06,7.498686398e-02,0.000000000e+00,3.009287220e-04,2.443124e-15,4.906539e-18,1.915850e-18,2.297705e-03
5.410000,3.787058035e-03,1.178474812e-02,6.316268174e-03,5.892339962e-03,5.273294480e-06,7.508441159e-02,0.000000000e+00,2.977052061e-04,2.001498e-15,3.878960e-18,1.167721e-18,2.395033e-03
5.420000,3.767337788e-03,1.172145309e-02,6.282370737e-03,5.860692992e-03,5.293170402e-06,7.518069700e-02,0.000000000e+00,2.945160940e-04,2.002271e-15,6.938894e-18,8.741117e-19,2.436312e-03
5.430000,3.747710880e-03,1.165849549e-02,6.248654025e-03,5.829214733e-03,5.312940079e-06,7.527570751e-02,0.000000000e+00,2.913610196e-04,1.777238e-15,1.044442e-17,7.822990e-19,2.443133e-03
5.440000,3.728176880e-03,1.159587354e-02,6.215117077e-03,5.797904286e-03,5.332601308e-06,7.536943056e-02,0.000000000e+00,2.882396206e-04,1.776591e-15,9.220182e-18,9.995850e-19,2.415963e-03
5.450000,3.708735357e-03,1.153358545e-02,6.181758939e-03,5.766760762e-03,5.352151909e-06,7.546185380e-02,0.000000000e+00,2.851515385e-04,1.776591e-15,3.878960e-18,1.103346e-18,2.289436e-03
5.460000,3.689385886e-03,1.147162945e-02,6.148578660e-03,5.735783273e-03,5.371589727e-06,7.555296505e-02,0.000000000e+00,2.820964187e-04,2.004563e-15,4.906539e-18,1.057097e-18,2.286236e-03
5.470000,3.670128043e-03,1.141000377e-02,6.115575295e-03,5.704970938e-03,5.390912630e-06,7.564275231e-02,0.000000000e+00,2.790739103e-04,2.007830e-15,5.204170e-18,1.236181e-18,2.277295e-03
5.480000,3.650961408e-03,1.134870666e-02,6.082747905e-03,5.674322879e-03,5.410118508e-06,7.573120375e-02,0.000000000e+00,2.760836663e-04,2.445064e-15,2.602085e-18,1.389514e-18,2.551450e-03
5.490000,3.631885561e-03,1.128773637e-02,6.050095555e-03,5.643838224e-03,5.429205275e-06,7.581830776e-02,0.000000000e+00,2.731253431e-04,1.777235e-15,4.336809e-18,8.741117e-19,2.541380e-03
5.500000,3.612900090e-03,1.122709117e-02,6.017617314e-03,5.613516105e-03,5.448170870e-06,7.590405289e-02,0.000000000e+00,2.701986010e-04,1.110597e-15,1.939480e-18,6.345131e-19,2.571190e-03
5.510000,3.594004581e-03,1.116676934e-02,5.985312258e-03,5.583355659e-03,5.467013252e-06,7.598842788e-02,0.000000000e+00,2.673031038e-04,2.888850e-15,3.576224e-18,1.007273e-18,2.279146e-03
5.520000,3.575198625e-03,1.110676914e-02,5.953179467e-03,5.553356027e-03,5.485730405e-06,7.607142166e-02,0.000000000e+00,2.644385189e-04,1.560499e-15,7.410742e-18,6.180903e-19,2.421162e-03
5.530000,3.556481816e-03,1.104708888e-02,5.921218026e-03,5.523516355e-03,5.504320334e-06,7.615302337e-02,0.000000000e+00,2.616045172e-04,2.002259e-15,5.485677e-18,7.879137e-19,2.510791e-03
5.540000,3.537853749e-03,1.098772686e-02,5.889427024e-03,5.493835794e-03,5.522781069e-06,7.623322231e-02,0.000000000e+00,2.588007732e-04,2.223407e-15,0.000000e+00,8.609856e-19,2.310985e-03
5.550000,3.519314023e-03,1.092868138e-02,5.857805556e-03,5.464313499e-03,5.541110662e-06,7.631200800e-02,0.000000000e+00,2.560269647e-04,2.448953e-15,1.939480e-18,1.107334e-18,2.287155e-03
5.560000,3.500862240e-03,1.086995077e-02,5.826352723e-03,5.434948629e-03,5.559307187e-06,7.638937015e-02,0.000000000e+00,2.532827731e-04,1.998468e-15,3.469447e-18,4.848700e-19,2.328424e-03
5.570000,3.482498004e-03,1.081153335e-02,5.795067627e-03,5.405740349e-03,5.577368740e-06,7.646529865e-02,0.000000000e+00,2.505678831e-04,2.221145e-15,3.878960e-18,6.792507e-19,2.377714e-03
5.580000,3.464220921e-03,1.075342747e-02,5.763949379e-03,5.376687828e-03,5.595293442e-06,7.653978361e-02,0.000000000e+00,2.478819827e-04,1.110241e-15,6.314489e-18,4.029456e-19,2.743916e-03
5.590000,3.446030601e-03,1.069563146e-02,5.732997092e-03,5.347790237e-03,5.613079434e-06,7.661281532e-02,0.000000000e+00,2.452247633e-04,2.220460e-15,2.453269e-18,5.838607e-19,2.377864e-03
5.600000,3.427926655e-03,1.063814367e-02,5.702209885e-03,5.319046756e-03,5.630724880e-06,7.668438428e-02,0.000000000e+00,2.425959196e-04,2.223407e-15,3.878960e-18,7.600298e-19,2.460012e-03
5.610000,3.409908698e-03,1.058096249e-02,5.671586881e-03,5.290456565e-03,5.648227967e-06,7.675448119e-02,0.000000000e+00,2.399951494e-04,1.781773e-15,6.071532e-18,6.253283e-19,2.316614e-03
5.620000,3.391976345e-03,1.052408627e-02,5.641127208e-03,5.262018851e-03,5.665586903e-06,7.682309695e-02,0.000000000e+00,2.374221540e-04,1.998604e-15,8.673617e-19,4.848700e-19,2.263425e-03
5.630000,3.374129217e-03,1.046751340e-02,5.610829998e-03,5.233732804e-03,5.682799920e-06,7.689022266e-02,0.000000000e+00,2.348766375e-04,2.223913e-15,3.705371e-18,4.304928e-19,2.303524e-03
5.640000,3.356366936e-03,1.041124226e-02,5.580694390e-03,5.205597620e-03,5.699865270e-06,7.695584962e-02,0.000000000e+00,2.323583075e-04,2.446442e-15,3.496447e-18,4.933194e-19,2.276645e-03
5.650000,3.338689124e-03,1.035527126e-02,5.550719524e-03,5.177612497e-03,5.716781229e-06,7.701996936e-02,0.000000000e+00,2.298668744e-04,1.554576e-15,3.705371e-18,2.972301e-19,2.328415e-03
5.660000,3.321095409e-03,1.029959880e-02,5.520904548e-03,5.149776639e-03,5.733546092e-06,7.708257358e-02,0.000000000e+00,2.274020519e-04,2.445175e-15,9.271038e-18,5.587850e-19,2.405374e-03
5.670000,3.303585419e-03,1.024422330e-02,5.491248612e-03,5.122089254e-03,5.750158180e-06,7.714365421e-02,0.000000000e+00,2.249635567e-04,1.117239e-15,2.168404e-18,2.727393e-19,2.462551e-03
5.680000,3.286158785e-03,1.018914318e-02,5.461750872e-03,5.094549553e-03,5.766615833e-06,7.720320338e-02,0.000000000e+00,2.225511085e-04,2.888852e-15,2.602085e-18,4.983204e-19,2.346784e-03
5.690000,3.268815142e-03,1.013435687e-02,5.432410488e-03,5.067156753e-03,5.782917413e-06,7.726121344e-02,0.000000000e+00,2.201644299e-04,2.665121e-15,2.453269e-18,3.765554e-19,2.289336e-03
5.700000,3.251554124e-03,1.007986282e-02,5.403226624e-03,5.039910075e-03,5.799061304e-06,7.731767693e-02,0.000000000e+00,2.178032465e-04,1.116111e-15,2.776912e-18,1.032130e-19,2.273906e-03
5.710000,3.234375369e-03,1.002565947e-02,5.374198450e-03,5.012808742e-03,5.815045912e-06,7.737258661e-02,0.000000000e+00,2.154672869e-04,3.553693e-15,7.757919e-18,3.515830e-19,2.258696e-03
5.720000,3.217278518e-03,9.971745280e-03,5.345325140e-03,4.985851983e-03,5.830869665e-06,7.742593547e-02,0.000000000e+00,2.131562824e-04,2.000159e-15,3.705371e-18,2.105009e-19,2.273536e-03
5.730000,3.200263213e-03,9.918118715e-03,5.316605870e-03,4.959039032e-03,5.846531011e-06,7.747771667e-02,0.000000000e+00,2.108699674e-04,2.445064e-15,3.496447e-18,1.546711e-19,2.420813e-03
5.740000,3.183329099e-03,9.864778248e-03,5.288039823e-03,4.932369125e-03,5.862028422e-06,7.752792361e-02,0.000000000e+00,2.086080790e-04,1.117167e-15,9.697399e-19,1.243957e-19,2.289895e-03
5.750000,3.166475823e-03,9.811722362e-03,5.259626186e-03,4.905841503e-03,5.877360388e-06,7.757654991e-02,0.000000000e+00,2.063703569e-04,1.780705e-15,2.168404e-18,9.772866e-20,2.291914e-03
5.760000,3.149703032e-03,9.758949546e-03,5.231364150e-03,4.879455411e-03,5.892525423e-06,7.762358939e-02,0.000000000e+00,2.041565440e-04,1.779830e-15,9.697399e-19,1.818262e-19,2.296365e-03
5.770000,3.133010380e-03,9.706458299e-03,5.203252909e-03,4.853210098e-03,5.907522063e-06,7.766903609e-02,0.000000000e+00,2.019663856e-04,1.776374e-15,2.909220e-18,1.221608e-19,2.377454e-03
5.780000,3.116397517e-03,9.654247126e-03,5.175291665e-03,4.827104817e-03,5.922348862e-06,7.771288425e-02,0.000000000e+00,1.997996298e-04,1.558524e-15,2.611105e-18,7.147272e-20,2.279076e-03
5.790000,3.099864101e-03,9.602314542e-03,5.147479620e-03,4.801138826e-03,5.937004398e-06,7.775512835e-02,0.000000000e+00,1.976560274e-04,2.443124e-15,1.226635e-18,9.216715e-20,2.680768e-03
5.800000,3.083409787e-03,9.550659068e-03,5.119815982e-03,4.775311385e-03,5.951487269e-06,7.779576308e-02,0.000000000e+00,1.955353318e-04,2.224839e-15,9.697399e-19,8.944925e-20,2.275785e-03
5.810000,3.067034235e-03,9.499279234e-03,5.092299965e-03,4.749621759e-03,5.965796095e-06,7.783478334e-02,0.000000000e+00,1.934372990e-04,1.339491e-15,2.168404e-18,6.392714e-20,2.279766e-03
5.820000,3.050737107e-03,9.448173577e-03,5.064930784e-03,4.724069218e-03,5.979929517e-06,7.787218424e-02,0.000000000e+00,1.913616878e-04,2.665840e-15,1.388456e-18,6.302289e-20,2.268266e-03
5.830000,3.034518065e-03,9.397340644e-03,5.037707660e-03,4.698653033e-03,5.993886195e-06,7.790796113e-02,0.000000000e+00,1.893082593e-04,2.221143e-15,4.336809e-19,5.002517e-20,2.409643e-03
5.840000,3.018376776e-03,9.346778988e-03,5.010629818e-03,4.673372483e-03,6.007664814e-06,7.794210956e-02,0.000000000e+00,1.872767772e-04,1.555308e-15,9.697399e-19,3.271785e-20,2.681288e-03
5.850000,3.002312905e-03,9.296487169e-03,4.983696487e-03,4.648226847e-03,6.021264075e-06,7.797462530e-02,0.000000000e+00,1.852670079e-04,1.779840e-15,1.563659e-18,3.258601e-20,2.301506e-03
5.860000,2.986326123e-03,9.246463756e-03,4.956906901e-03,4.623215409e-03,6.034682705e-06,7.800550436e-02,0.000000000e+00,1.832787201e-04,2.442698e-15,4.336809e-19,3.574640e-20,2.444672e-03
5.870000,2.970416099e-03,9.196707326e-03,4.930260296e-03,4.598337458e-03,6.047919448e-06,7.803474295e-02,0.000000000e+00,1.813116850e-04,2.445178e-15,4.470280e-19,3.908302e-20,2.457192e-03
5.880000,2.954582508e-03,9.147216463e-03,4.903755914e-03,4.573592287e-03,6.060973071e-06,7.806233749e-02,0.000000000e+00,1.793656762e-04,2.226044e-15,7.818293e-19,1.800817e-20,2.282996e-03
5.890000,2.938825023e-03,9.097989757e-03,4.877393000e-03,4.548979190e-03,6.073842361e-06,7.808828466e-02,0.000000000e+00,1.774404697e-04,2.003224e-15,3.909147e-19,1.127700e-20,2.269175e-03
5.900000,2.923143321e-03,9.049025808e-03,4.851170804e-03,4.524497467e-03,6.086526125e-06,7.811258131e-02,0.000000000e+00,1.755358441e-04,2.887114e-15,1.388456e-18,4.624870e-21,2.270946e-03
5.910000,2.907537080e-03,9.000323223e-03,4.825088579e-03,4.500146423e-03,6.099023193e-06,7.813522455e-02,0.000000000e+00,1.736515801e-04,2.666856e-15,6.857097e-19,3.643226e-21,2.266726e-03
5.920000,2.892005982e-03,8.951880615e-03,4.799145582e-03,4.475925363e-03,6.111332415e-06,7.815621170e-02,0.000000000e+00,1.717874608e-04,2.223415e-15,5.149960e-19,4.256288e-21,2.410923e-03
5.930000,2.876549706e-03,8.903696606e-03,4.773341074e-03,4.451833598e-03,6.123452658e-06,7.817554029e-02,0.000000000e+00,1.699432716e-04,2.442503e-15,1.576119e-19,2.243538e-21,2.304865e-03
5.940000,2.861167938e-03,8.855769824e-03,4.747674322e-03,4.427870444e-03,6.135382815e-06,7.819320808e-02,0.000000000e+00,1.681188002e-04,2.000150e-15,5.142822e-19,6.779571e-21,2.291215e-03
5.950000,2.845860363e-03,8.808098906e-03,4.722144594e-03,4.404035217e-03,6.147121797e-06,7.820921307e-02,0.000000000e+00,1.663138366e-04,2.001678e-15,1.735570e-19,6.615539e-21,2.313945e-03
5.960000,2.830626667e-03,8.760682495e-03,4.696751163e-03,4.380327240e-03,6.158668535e-06,7.822355345e-02,0.000000000e+00,1.645281730e-04,1.555323e-15,8.824766e-19,5.944337e-21,2.277836e-03
5.970000,2.815466540e-03,8.713519242e-03,4.671493307e-03,4.356745838e-03,6.170021982e-06,7.823622765e-02,0.000000000e+00,1.627616038e-04,8.887271e-16,2.710505e-19,1.197885e-21,2.284606e-03
5.980000,2.800379673e-03,8.666607803e-03,4.646370306e-03,4.333290341e-03,6.181181111e-06,7.824723432e-02,0.000000000e+00,1.610139256e-04,2.001687e-15,3.909147e-19,1.288075e-20,2.292815e-03
5.990000,2.785365756e-03,8.619946846e-03,4.621381444e-03,4.309960080e-03,6.192144915e-06,7.825657233e-02,0.000000000e+00,1.592849371e-04,1.332647e-15,3.252607e-19,1.704752e-20,2.250986e-03
6.000000,2.770424485e-03,8.573535040e-03,4.596526011e-03,4.286754391e-03,6.202912407e-06,5.230759931e-03,0.000000000e+00,1.575744392e-04,2.668149e-15,1.305552e-18,3.049412e-20,2.854925e-03
6.010000,2.755674429e-03,8.527706004e-03,4.571807659e-03,4.263840082e-03,6.081363115e-06,5.258598245e-03,0.000000000e+00,1.558936665e-04,2.223394e-15,5.421011e-19,2.036929e-20,2.280026e-03
6.020000,2.741003698e-03,8.482123361e-03,4.547232896e-03,4.241048967e-03,5.959809751e-06,5.283529980e-03,0.000000000e+00,1.542309184e-04,2.888718e-15,4.336809e-19,3.218970e-20,2.278625e-03
6.030000,2.726411745e-03,8.436785684e-03,4.522800121e-03,4.218380332e-03,5.838440185e-06,5.305645039e-03,0.000000000e+00,1.525859941e-04,2.221149e-15,1.022834e-18,2.373741e-20,2.277835e-03
6.040000,2.711898032e-03,8.391691561e-03,4.498507803e-03,4.195833470e-03,5.717427507e-06,5.325032569e-03,0.000000000e+00,1.509586958e-04,2.445690e-15,2.168404e-19,2.715630e-20,2.353574e-03
6.050000,2.697462038e-03,8.346839596e-03,4.474354474e-03,4.173407683e-03,5.596930901e-06,5.341780738e-03,0.000000000e+00,1.493488281e-04,2.446442e-15,3.252607e-19,2.542298e-20,2.281646e-03
6.060000,2.683103247e-03,8.302228404e-03,4.450338726e-03,4.151102281e-03,5.477096472e-06,5.355976557e-03,0.000000000e+00,1.477561986e-04,3.331141e-15,9.697399e-19,2.710506e-20,2.296296e-03
6.070000,2.668821158e-03,8.257856620e-03,4.426459207e-03,4.128916579e-03,5.358058033e-06,5.367705734e-03,0.000000000e+00,1.461806171e-04,2.005331e-15,4.848700e-19,2.202496e-20,2.278836e-03
6.080000,2.654615277e-03,8.213722885e-03,4.402714618e-03,4.106849898e-03,5.239937840e-06,5.377052553e-03,0.000000000e+00,1.446218964e-04,2.002268e-15,2.168404e-19,1.694068e-20,2.274626e-03
6.090000,2.640485121e-03,8.169825858e-03,4.379103708e-03,4.084901569e-03,5.122847300e-06,5.384099779e-03,0.000000000e+00,1.430798512e-04,1.998598e-15,4.848700e-19,2.710507e-20,2.269865e-03
6.100000,2.626430214e-03,8.126164209e-03,4.355625269e-03,4.063070925e-03,5.006887636e-06,5.388928583e-03,0.000000000e+00,1.415542991e-04,2.223918e-15,8.741117e-19,2.372158e-20,2.264996e-03
6.110000,2.612450091e-03,8.082736618e-03,4.332278137e-03,4.041357309e-03,4.892150513e-06,5.391618482e-03,0.000000000e+00,1.400450596e-04,2.003272e-15,4.336809e-19,2.541100e-20,2.310764e-03
6.120000,2.598544293e-03,8.039541779e-03,4.309061188e-03,4.019760065e-03,4.778718638e-06,5.392247298e-03,0.000000000e+00,1.385519547e-04,2.664727e-15,8.741117e-19,2.541969e-20,2.270785e-03
6.130000,2.584712369e-03,7.996578397e-03,4.285973333e-03,3.998278546e-03,4.666666323e-06,5.390891122e-03,0.000000000e+00,1.370748086e-04,2.220449e-15,4.336809e-19,2.033437e-20,2.269586e-03
6.140000,2.570953876e-03,7.953845185e-03,4.263013518e-03,3.976912110e-03,4.556060014e-06,5.387624297e-03,0.000000000e+00,1.356134476e-04,1.785225e-15,4.848700e-19,1.526303e-20,2.272346e-03
6.150000,2.557268378e-03,7.911340868e-03,4.240180720e-03,3.955660119e-03,4.446958798e-06,5.382519403e-03,0.000000000e+00,1.341677003e-04,2.442499e-15,2.168404e-19,2.033176e-20,2.297695e-03
6.160000,2.543655445e-03,7.869064182e-03,4.217473949e-03,3.934521940e-03,4.339414885e-06,5.375647252e-03,0.000000000e+00,1.327373971e-04,3.109122e-15,8.741117e-19,2.879952e-20,2.375113e-03
6.170000,2.530114652e-03,7.827013873e-03,4.194892238e-03,3.913496947e-03,4.233474048e-06,5.367076890e-03,0.000000000e+00,1.313223707e-04,2.004611e-15,8.673617e-19,2.050948e-20,2.375024e-03
6.180000,2.516645583e-03,7.785188693e-03,4.172434651e-03,3.892584517e-03,4.129176056e-06,5.356875607e-03,0.000000000e+00,1.299224556e-04,2.445214e-15,4.470280e-19,1.695531e-20,2.269196e-03
6.190000,2.503247826e-03,7.743587408e-03,4.150100275e-03,3.871784031e-03,4.026555073e-06,5.345108944e-03,0.000000000e+00,1.285374885e-04,2.220636e-15,8.741117e-19,2.202288e-20,2.274756e-03
6.200000,2.489920974e-03,7.702208789e-03,4.127888217e-03,3.851094876e-03,3.925640040e-06,5.331840710e-03,0.000000000e+00,1.271673078e-04,2.001486e-15,8.673617e-19,1.694253e-20,2.270736e-03
6.210000,2.476664627e-03,7.661051619e-03,4.105797610e-03,3.830516443e-03,3.826455032e-06,5.317133001e-03,0.000000000e+00,1.258117539e-04,1.554560e-15,1.305552e-18,1.188962e-20,2.283196e-03
6.220000,2.463478388e-03,7.620114688e-03,4.083827604e-03,3.810048126e-03,3.729019596e-06,5.301046223e-03,0.000000000e+00,1.244706690e-04,1.785242e-15,4.336809e-19,1.537615e-20,2.277415e-03
6.230000,2.450361865e-03,7.579396793e-03,4.061977370e-03,3.789689326e-03,3.633349071e-06,5.283639113e-03,0.000000000e+00,1.231438972e-04,2.221186e-15,2.168404e-19,2.371987e-20,2.261326e-03
6.240000,2.437314673e-03,7.538896743e-03,4.040246095e-03,3.769439445e-03,3.539454888e-06,5.264968766e-03,0.000000000e+00,1.218312843e-04,2.001498e-15,0.000000e+00,1.695437e-20,2.274986e-03
6.250000,2.424336428e-03,7.498613351e-03,4.018632985e-03,3.749297892e-03,3.447344855e-06,5.245090662e-03,0.000000000e+00,1.205326781e-04,1.560503e-15,4.470280e-19,1.355480e-20,2.265266e-03
6.260000,2.411426753e-03,7.458545441e-03,3.997137260e-03,3.729264077e-03,3.357023426e-06,5.224058695e-03,0.000000000e+00,1.192479277e-04,2.000199e-15,5.421011e-19,8.509347e-21,2.312945e-03
6.270000,2.398585273e-03,7.418691842e-03,3.975758155e-03,3.709337415e-03,3.268491949e-06,5.201925200e-03,0.000000000e+00,1.179768844e-04,1.560499e-15,9.263427e-19,1.865597e-20,2.523071e-03
6.280000,2.385811617e-03,7.379051393e-03,3.954494920e-03,3.689517327e-03,3.181748906e-06,5.178740987e-03,0.000000000e+00,1.167194009e-04,2.443922e-15,4.848700e-19,1.863585e-20,2.257816e-03
6.290000,2.373105420e-03,7.339622940e-03,3.933346817e-03,3.669803233e-03,3.096790138e-06,5.154555365e-03,0.000000000e+00,1.154753315e-04,2.221143e-15,4.848700e-19,1.694157e-20,2.275316e-03
6.300000,2.360466317e-03,7.300405335e-03,3.912313121e-03,3.650194562e-03,3.013609051e-06,5.129416183e-03,0.000000000e+00,1.142445324e-04,1.117151e-15,1.301043e-18,1.524659e-20,2.307135e-03
6.310000,2.347893950e-03,7.261397437e-03,3.891393119e-03,3.630690742e-03,2.932196820e-06,5.103369851e-03,0.000000000e+00,1.130268611e-04,2.442661e-15,4.470280e-19,1.870483e-20,2.286805e-03
6.320000,2.335387961e-03,7.222598114e-03,3.870586109e-03,3.611291208e-03,2.852542567e-06,5.076461378e-03,0.000000000e+00,1.118221770e-04,1.564447e-15,1.084202e-19,1.185873e-20,2.284215e-03
6.330000,2.322947997e-03,7.184006240e-03,3.849891399e-03,3.591995396e-03,2.774633543e-06,5.048734401e-03,0.000000000e+00,1.106303409e-04,2.004566e-15,1.022834e-18,1.101789e-20,2.275945e-03
6.340000,2.310573709e-03,7.145620696e-03,3.829308309e-03,3.572802747e-03,2.698455292e-06,5.020231217e-03,0.000000000e+00,1.094512151e-04,2.001498e-15,0.000000e+00,1.694595e-20,2.290145e-03
6.350000,2.298264748e-03,7.107440369e-03,3.808836166e-03,3.553712705e-03,2.623991799e-06,4.990992814e-03,0.000000000e+00,1.082846635e-04,2.223225e-15,0.000000e+00,1.440823e-20,2.316175e-03
6.360000,2.286020769e-03,7.069464153e-03,3.788474307e-03,3.534724717e-03,2.551225639e-06,4.961058902e-03,0.000000000e+00,1.071305514e-04,2.445646e-15,4.336809e-19,1.524977e-20,2.386114e-03
6.370000,2.273841432e-03,7.031690950e-03,3.768222078e-03,3.515838232e-03,2.480138116e-06,4.930467944e-03,0.000000000e+00,1.059887458e-04,1.999196e-15,1.084202e-19,1.696299e-20,2.686948e-03
6.380000,2.261726397e-03,6.994119667e-03,3.748078833e-03,3.497052706e-03,2.410709381e-06,4.899257187e-03,0.000000000e+00,1.048591150e-04,1.337178e-15,1.084202e-19,6.780450e-21,2.279266e-03
6.390000,2.249675327e-03,6.956749217e-03,3.728043933e-03,3.478367595e-03,2.342918561e-06,4.867462689e-03,0.000000000e+00,1.037415287e-04,1.776577e-15,2.168404e-19,8.514912e-21,2.290415e-03
6.400000,2.237687888e-03,6.919578520e-03,3.708116748e-03,3.459782358e-03,2.276743867e-06,4.835119353e-03,0.000000000e+00,1.026358581e-04,2.445648e-15,4.336809e-19,1.780929e-20,2.279426e-03
6.410000,2.225763749e-03,6.882606503e-03,3.688296653e-03,3.441296460e-03,2.212162693e-06,4.802260954e-03,0.000000000e+00,1.015419758e-04,2.002277e-15,4.470280e-19,1.187349e-20,2.266406e-03
6.420000,2.213902579e-03,6.845832099e-03,3.668583032e-03,3.422909366e-03,2.149151721e-06,4.768920168e-03,0.000000000e+00,1.004597559e-04,2.008405e-15,6.857097e-19,1.361910e-20,2.276766e-03
6.430000,2.202104051e-03,6.809254246e-03,3.648975274e-03,3.404620546e-03,2.087687013e-06,4.735128601e-03,0.000000000e+00,9.938907365e-05,6.804717e-16,6.594944e-19,3.415535e-21,2.403863e-03
6.440000,2.190367840e-03,6.772871889e-03,3.629472776e-03,3.386429472e-03,2.027744084e-06,4.700916813e-03,0.000000000e+00,9.832980578e-05,2.886584e-15,0.000000e+00,1.949560e-20,2.270996e-03
6.450000,2.178693624e-03,6.736683979e-03,3.610074938e-03,3.368335620e-03,1.969297999e-06,4.666314354e-03,0.000000000e+00,9.728183037e-05,2.226688e-15,8.467890e-19,1.187133e-20,2.288326e-03
6.460000,2.167081081e-03,6.700689472e-03,3.590781168e-03,3.350338469e-03,1.912323431e-06,4.631349780e-03,0.000000000e+00,9.624502679e-05,1.776361e-15,5.421011e-19,1.273652e-20,2.269316e-03
6.470000,2.155529892e-03,6.664887331e-03,3.571590880e-03,3.332437498e-03,1.856794740e-06,4.596050688e-03,0.000000000e+00,9.521927572e-05,2.223407e-15,2.168404e-19,1.527887e-20,2.356594e-03
6.480000,2.144039741e-03,6.629276525e-03,3.552503492e-03,3.314632193e-03,1.802686032e-06,4.560443738e-03,0.000000000e+00,9.420445914e-05,1.339485e-15,3.066587e-19,1.103396e-20,2.305506e-03
6.490000,2.132610312e-03,6.593856027e-03,3.533518427e-03,3.296922041e-03,1.749971220e-06,4.524554677e-03,0.000000000e+00,9.320046031e-05,2.443959e-15,5.838607e-19,1.695171e-20,2.398904e-03
6.500000,2.121241293e-03,6.558624818e-03,3.514635115e-03,3.279306532e-03,1.698624082e-06,4.488408368e-03,0.000000000e+00,9.220716374e-05,2.665836e-15,1.084202e-19,1.524732e-20,2.279346e-03
6.510000,2.109932371e-03,6.523581884e-03,3.495852988e-03,3.261785159e-03,1.648618304e-06,4.452028810e-03,0.000000000e+00,9.122445518e-05,2.229454e-15,5.421011e-19,1.612411e-20,2.282715e-03
6.520000,2.098683238e-03,6.488726216e-03,3.477171485e-03,3.244357417e-03,1.599927537e-06,4.415439163e-03,0.000000000e+00,9.025222164e-05,2.445025e-15,4.848700e-19,1.358763e-20,2.274046e-03
6.530000,2.087493585e-03,6.454056810e-03,3.458590048e-03,3.227022805e-03,1.552525435e-06,4.378661773e-03,0.000000000e+00,8.929035130e-05,2.665838e-15,6.857097e-19,1.526919e-20,2.303445e-03
6.540000,2.076363106e-03,6.419572670e-03,3.440108125e-03,3.209780824e-03,1.506385696e-06,4.341718192e-03,0.000000000e+00,8.833873360e-05,2.000150e-15,3.066587e-19,1.187079e-20,2.304586e-03
6.550000,2.065291498e-03,6.385272802e-03,3.421725166e-03,3.192630978e-03,1.461482100e-06,4.304629203e-03,0.000000000e+00,8.739725913e-05,2.001490e-15,3.066587e-19,1.108074e-20,2.266606e-03
6.560000,2.054278456e-03,6.351156221e-03,3.403440627e-03,3.175572774e-03,1.417788544e-06,4.267414837e-03,0.000000000e+00,8.646581966e-05,2.000154e-15,7.818293e-19,1.186156e-20,2.408063e-03
6.570000,2.043323681e-03,6.317221945e-03,3.385253969e-03,3.158605721e-03,1.375279069e-06,4.230094399e-03,0.000000000e+00,8.554430815e-05,2.669739e-15,8.741117e-19,1.694124e-20,2.288835e-03
6.580000,2.032426872e-03,6.283468999e-03,3.367164653e-03,3.141729331e-03,1.333927896e-06,4.192686486e-03,0.000000000e+00,8.463261867e-05,2.223285e-15,1.084202e-19,1.103343e-20,2.324695e-03
6.590000,2.021587732e-03,6.249896411e-03,3.349172147e-03,3.124943120e-03,1.293709446e-06,4.155209008e-03,0.000000000e+00,8.373064646e-05,2.002253e-15,2.424350e-19,1.273239e-20,2.288226e-03
6.600000,2.010805964e-03,6.216503218e-03,3.331275923e-03,3.108246605e-03,1.254598365e-06,4.117679207e-03,0.000000000e+00,8.283828788e-05,2.889958e-15,0.000000e+00,1.273947e-20,2.281075e-03
6.610000,2.000081272e-03,6.183288459e-03,3.313475456e-03,3.091639305e-03,1.216569550e-06,4.080113677e-03,0.000000000e+00,8.195544037e-05,2.667003e-15,2.424350e-19,1.359191e-20,2.282136e-03
6.620000,1.989413365e-03,6.150251179e-03,3.295770222e-03,3.075120743e-03,1.179598161e-06,4.042528383e-03,0.000000000e+00,8.108200250e-05,1.554332e-15,2.168404e-19,8.480461e-21,2.379274e-03
6.630000,1.978801949e-03,6.117390429e-03,3.278159705e-03,3.058690446e-03,1.143659648e-06,4.004938675e-03,0.000000000e+00,8.021787393e-05,2.670458e-15,6.942281e-19,1.355413e-20,2.289535e-03
6.640000,1.968246734e-03,6.084705265e-03,3.260643389e-03,3.042347940e-03,1.108729757e-06,3.967359314e-03,0.000000000e+00,7.936295538e-05,1.999178e-15,3.066587e-19,1.101399e-20,2.283276e-03
6.650000,1.957747432e-03,6.052194747e-03,3.243220764e-03,3.026092756e-03,1.074784552e-06,3.929804481e-03,0.000000000e+00,7.851714863e-05,2.445648e-15,4.848700e-19,1.101970e-20,2.293146e-03
6.660000,1.947303754e-03,6.019857942e-03,3.225891320e-03,3.009924427e-03,1.041800424e-06,3.892287799e-03,0.000000000e+00,7.768035653e-05,2.889949e-15,1.084202e-19,1.440355e-20,2.284026e-03
6.670000,1.936915414e-03,5.987693920e-03,3.208654554e-03,2.993842488e-03,1.009754103e-06,3.854822348e-03,0.000000000e+00,7.685248294e-05,2.664572e-15,3.252607e-19,1.273159e-20,2.318915e-03
6.680000,1.926582128e-03,5.955701758e-03,3.191509963e-03,2.977846479e-03,9.786226694e-07,3.817420679e-03,0.000000000e+00,7.603343279e-05,2.442653e-15,4.470280e-19,1.017442e-20,2.279335e-03
6.690000,1.916303612e-03,5.923880537e-03,3.174457049e-03,2.961935938e-03,9.483835561e-07,3.780094835e-03,0.000000000e+00,7.522311198e-05,1.776587e-15,4.336809e-19,7.635656e-21,2.301936e-03
