t,pos_err,ori_err,e_xi_norm,e_z_O_norm,e_z_T_norm,qddot_ref_norm,tau_norm,sigma_min,c0,c1,c2,runtime,q1,q2,q3,q4,q5,q6,tau1,tau2,tau3,tau4,tau5,tau6,px,py,pz,pd_x,pd_y,pd_z,cube_x,cube_y,cube_z,cube_yaw,gripper_width,tau_sat,governed
0.000000000e+00,3.289203264e-08,5.960464478e-08,0.000000000e+00,3.674056632e-08,1.724734701e-08,5.058832385e-06,5.897156275e+00,1.360300347e-01,5.738369816e-17,0.000000000e+00,0.000000000e+00,1.221823900e-02,-2.762899995e-01,-2.493962049e+00,-1.490350008e+00,-8.564509749e-01,-6.929559708e-01,4.826100171e-02,1.485781753e-08,5.403264576e+00,-2.277569447e+00,-6.272337501e-01,-2.095873099e-02,1.285177699e-04,6.314248239e-01,-5.728085327e-02,8.922459268e-02,6.314248234e-01,-5.728084916e-02,8.922462531e-02,4.846000075e-01,-1.231999993e-01,2.338228002e-02,1.977458018e+00,6.999995932e-02,0,0
1.000000000e-02,1.929692706e-05,7.472765795e-05,2.872989991e-02,3.736382677e-05,2.122189565e-05,9.330269458e-01,5.950590129e+00,1.360322785e-01,4.497761978e-16,4.336808690e-19,3.297472175e-19,1.241926100e-02,-2.762858570e-01,-2.493921041e+00,-1.490320563e+00,-8.564525247e-01,-6.929859519e-01,4.820398614e-02,3.349034173e-02,5.454179444e+00,-2.293363085e+00,-6.327371251e-01,-2.138378100e-02,-3.028746728e-04,6.314189790e-01,-5.727211557e-02,8.923861659e-02,6.314248239e-01,-5.728084883e-02,8.922243208e-02,4.845999777e-01,-1.231999248e-01,2.250103466e-02,1.977458018e+00,6.999957934e-02,0,0
2.000000000e-02,3.889949604e-05,2.343513899e-04,1.665371145e-02,1.171756958e-04,4.118400046e-05,5.836493301e-01,5.934822226e+00,1.360368863e-01,1.113876197e-16,5.786024465e-18,1.355252716e-20,1.326670900e-02,-2.762626708e-01,-2.493844509e+00,-1.490262270e+00,-8.564251065e-01,-6.928685308e-01,4.804012924e-02,2.693098988e-02,5.439338860e+00,-2.288267961e+00,-6.311451014e-01,-2.163167147e-02,-1.087747106e-04,6.314199262e-01,-5.727458734e-02,8.925393116e-02,6.314248254e-01,-5.728084785e-02,8.921585263e-02,4.846000075e-01,-1.231999621e-01,2.249992453e-02,1.977458018e+00,6.999949366e-02,0,0
3.000000000e-02,6.945996592e-05,4.841065758e-04,1.052242917e-02,2.420532856e-04,1.154359378e-04,3.553737500e-01,5.922832590e+00,1.360428556e-01,4.475552949e-16,1.651407549e-18,1.515218599e-20,1.179302600e-02,-2.762258053e-01,-2.493741035e+00,-1.490187287e+00,-8.563824296e-01,-6.926760077e-01,4.782887548e-02,1.419908423e-02,5.428071398e+00,-2.284386506e+00,-6.300043247e-01,-2.140139910e-02,-4.246051954e-08,6.314245701e-01,-5.728026473e-02,8.927434475e-02,6.314248280e-01,-5.728084620e-02,8.920488769e-02,4.846000075e-01,-1.231999770e-01,2.249992266e-02,1.977458018e+00,6.999950856e-02,0,0
4.000000000e-02,1.036973466e-04,7.671178540e-04,7.267276437e-03,3.835589181e-04,2.082107339e-04,2.188299707e-01,5.908579154e+00,1.360500972e-01,2.436344859e-17,1.226634733e-18,3.788046498e-20,1.192395600e-02,-2.761793435e-01,-2.493625164e+00,-1.490096211e+00,-8.563295007e-01,-6.924434900e-01,4.759745300e-02,1.496834789e-02,5.414556515e+00,-2.279975331e+00,-6.284206961e-01,-2.147629406e-02,4.160677891e-05,6.314296837e-01,-5.728573114e-02,8.929300687e-02,6.314248317e-01,-5.728084390e-02,8.918953846e-02,4.846000075e-01,-1.231999695e-01,2.249992080e-02,1.977458018e+00,6.999950856e-02,0,0
5.000000000e-02,1.439369716e-04,1.077256853e-03,5.222324400e-03,5.386284010e-04,3.119127430e-04,1.324165526e-01,5.898435877e+00,1.360582155e-01,2.247521553e-16,9.995850130e-19,4.725198938e-20,1.358245200e-02,-2.761256993e-01,-2.493496656e+00,-1.489994049e+00,-8.562698960e-01,-6.921856999e-01,4.734712839e-02,1.099475154e-02,5.404942425e+00,-2.276830989e+00,-6.273808138e-01,-2.136006680e-02,8.248715777e-05,6.314351943e-01,-5.729037207e-02,8.931305368e-02,6.314248363e-01,-5.728084093e-02,8.916980661e-02,4.846000075e-01,-1.231999844e-01,2.249997295e-02,1.977458018e+00,6.999951974e-02,0,0
6.000000000e-02,1.890369672e-04,1.394739266e-03,2.030011209e-03,6.973695769e-04,4.209684033e-04,2.490025490e-01,5.872773038e+00,1.360667247e-01,2.438027178e-16,6.705420115e-19,7.051899028e-21,1.127732000e-02,-2.760670781e-01,-2.493365288e+00,-1.489886999e+00,-8.562144041e-01,-6.919164658e-01,4.709599167e-02,1.153450117e-02,5.380658147e+00,-2.268755458e+00,-6.246118227e-01,-2.137107789e-02,2.030251212e-04,6.314410998e-01,-5.729358778e-02,8.933359878e-02,6.314248421e-01,-5.728083731e-02,8.914569432e-02,4.846000075e-01,-1.231999695e-01,2.249993570e-02,1.977458018e+00,6.999954209e-02,0,0
7.000000000e-02,2.350023567e-04,1.712637627e-03,4.765973818e-03,8.563187090e-04,5.335714903e-04,1.334893655e-01,5.885535806e+00,1.360756420e-01,1.283021232e-16,1.413626682e-18,1.863472484e-20,1.277779500e-02,-2.760053873e-01,-2.493236065e+00,-1.489774704e+00,-8.561592102e-01,-6.916390061e-01,4.684560373e-02,5.615244225e-03,5.392683084e+00,-2.272897689e+00,-6.260659347e-01,-2.113966598e-02,8.487136819e-05,6.314466104e-01,-5.729591847e-02,8.935071004e-02,6.314248488e-01,-5.728083304e-02,8.911720422e-02,4.846000075e-01,-1.231999695e-01,2.249992639e-02,1.977458018e+00,6.999952719e-02,0,0
8.000000000e-02,2.823536007e-04,2.035055768e-03,4.366678216e-03,1.017527709e-03,6.480039472e-04,1.818205685e-01,5.879818286e+00,1.360847367e-01,1.115630865e-16,5.838607383e-19,1.515218599e-20,1.314370800e-02,-2.759410441e-01,-2.493111610e+00,-1.489660144e+00,-8.561083078e-01,-6.913576126e-01,4.659010470e-02,3.416097264e-03,5.387243570e+00,-2.271160083e+00,-6.254973864e-01,-2.104804333e-02,1.021632963e-04,6.314519971e-01,-5.729708173e-02,8.936491523e-02,6.314248566e-01,-5.728082810e-02,8.908433945e-02,4.845999479e-01,-1.231999844e-01,2.249994129e-02,1.977458018e+00,6.999952719e-02,0,0
9.000000000e-02,3.318620191e-04,2.356983354e-03,4.879939994e-03,1.178491405e-03,7.625948460e-04,2.119604057e-01,5.876036693e+00,1.360938062e-01,4.454626675e-16,1.693577933e-18,1.561851583e-20,1.118757900e-02,-2.758756578e-01,-2.492994070e+00,-1.489545941e+00,-8.560659289e-01,-6.910765171e-01,4.633586481e-02,1.305064750e-03,5.383633543e+00,-2.270038013e+00,-6.251271474e-01,-2.094864969e-02,9.423075060e-05,6.314574266e-01,-5.729754606e-02,8.937694067e-02,6.314248654e-01,-5.728082251e-02,8.904710360e-02,4.846000075e-01,-1.231999621e-01,2.249991149e-02,1.977458018e+00,6.999953836e-02,0,0
1.000000000e-01,3.820327993e-04,2.671646453e-03,5.843858094e-03,1.335822829e-03,8.762100138e-04,2.506678879e-01,5.876335291e+00,1.361026913e-01,4.925667813e-18,8.741117366e-19,3.405030307e-20,1.278511400e-02,-2.758094370e-01,-2.492888212e+00,-1.489434123e+00,-8.560345173e-01,-6.907987595e-01,4.608894140e-02,-5.774533508e-03,5.383913547e+00,-2.270095378e+00,-6.252968811e-01,-2.070752579e-02,9.305101150e-05,6.314629251e-01,-5.729700740e-02,8.938528901e-02,6.314248752e-01,-5.728081627e-02,8.900550076e-02,4.846000075e-01,-1.231999770e-01,2.249996550e-02,1.977458018e+00,6.999955699e-02,0,0
1.100000000e-01,4.293665697e-04,2.974660217e-03,6.413335335e-03,1.487329560e-03,9.875802851e-04,2.517882481e-01,5.871885273e+00,1.361115129e-01,2.331900863e-16,1.301042607e-18,2.395770964e-20,1.116058900e-02,-2.757440209e-01,-2.492798328e+00,-1.489323020e+00,-8.560128808e-01,-6.905270815e-01,4.584996030e-02,-6.432744250e-04,5.379661550e+00,-2.268814953e+00,-6.247580925e-01,-2.082984477e-02,7.722448333e-05,6.314676133e-01,-5.729587545e-02,8.938650511e-02,6.314248861e-01,-5.728080936e-02,8.895953550e-02,4.846000075e-01,-1.231999695e-01,2.249992639e-02,1.977458018e+00,6.999954209e-02,0,0
1.200000000e-01,4.759118234e-04,3.279960394e-03,6.248198751e-03,1.639979462e-03,1.097521832e-03,2.946935855e-01,5.869233540e+00,1.361202648e-01,2.222922240e-16,3.428548309e-18,2.142842693e-20,1.321615900e-02,-2.756790817e-01,-2.492719173e+00,-1.489212751e+00,-8.559957743e-01,-6.902577877e-01,4.560367018e-02,-1.449000700e-03,5.377138744e+00,-2.267997129e+00,-6.245283757e-01,-2.079641419e-02,9.777529742e-05,6.314718845e-01,-5.729459192e-02,8.938259869e-02,6.314248980e-01,-5.728080181e-02,8.890921284e-02,4.846000075e-01,-1.231999695e-01,2.249991708e-02,1.977458018e+00,6.999954581e-02,0,0
1.300000000e-01,5.224635787e-04,3.584039096e-03,2.394468283e-03,1.792018589e-03,1.205275583e-03,5.215133218e-01,5.848323777e+00,1.361288115e-01,2.241303682e-16,9.215718466e-19,2.659147261e-20,1.233297000e-02,-2.756149471e-01,-2.492652893e+00,-1.489105105e+00,-8.559893370e-01,-6.899933219e-01,4.535587505e-02,9.438788837e-04,5.357375993e+00,-2.261356297e+00,-6.222892870e-01,-2.088702041e-02,2.344053456e-04,6.314760055e-01,-5.729308521e-02,8.937435218e-02,6.314249109e-01,-5.728079360e-02,8.885453832e-02,4.846000075e-01,-1.231999770e-01,2.249996737e-02,1.977458018e+00,6.999956816e-02,0,0
1.400000000e-01,5.674622809e-04,3.879847280e-03,3.044620710e-03,1.939922423e-03,1.311227071e-03,5.467627231e-01,5.835994678e+00,1.361367873e-01,8.055264624e-18,9.996768824e-19,1.357897114e-20,1.312253800e-02,-2.755514383e-01,-2.492606640e+00,-1.489004850e+00,-8.559972644e-01,-6.897339821e-01,4.511609301e-02,1.841444140e-03,5.346007520e+00,-2.256826790e+00,-6.207539315e-01,-2.077110700e-02,2.048035155e-04,6.314807049e-01,-5.729140130e-02,8.936013224e-02,6.314249249e-01,-5.728078474e-02,8.879551792e-02,4.846000075e-01,-1.231999770e-01,2.249996550e-02,1.977458018e+00,6.999957561e-02,0,0
1.500000000e-01,6.121924748e-04,4.170427773e-03,3.533039519e-03,2.085212375e-03,1.415090275e-03,5.279096200e-01,5.848861570e+00,1.361443014e-01,2.282002194e-16,7.971835632e-19,1.036569006e-19,1.404305700e-02,-2.754890323e-01,-2.492576122e+00,-1.488910556e+00,-8.560162783e-01,-6.894797087e-01,4.488046467e-02,6.277377648e-05,5.357890486e+00,-2.261487614e+00,-6.224392674e-01,-2.083979053e-02,2.024047913e-04,6.314857711e-01,-5.728979745e-02,8.934125401e-02,6.314249399e-01,-5.728077523e-02,8.873215812e-02,4.846000075e-01,-1.231999695e-01,2.249992639e-02,1.977458018e+00,6.999956444e-02,0,0
1.600000000e-01,6.530897281e-04,4.451806696e-03,9.139454713e-03,2.225901510e-03,1.516622708e-03,3.498638995e-01,5.867411839e+00,1.361515788e-01,3.361527529e-16,1.839952100e-18,6.776263578e-21,1.298881700e-02,-2.754279375e-01,-2.492565632e+00,-1.488819242e+00,-8.560475707e-01,-6.892313957e-01,4.465042055e-02,-3.361757437e-03,5.375418104e+00,-2.267364890e+00,-6.245148245e-01,-2.069496816e-02,7.258768672e-05,6.314903541e-01,-5.728803660e-02,8.931423228e-02,6.314249559e-01,-5.728076507e-02,8.866446587e-02,4.846000075e-01,-1.231999770e-01,2.249995247e-02,1.977458018e+00,6.999955699e-02,0,0
1.700000000e-01,6.926834093e-04,4.734075764e-03,8.881434752e-03,2.367035672e-03,1.615304512e-03,3.908639600e-01,5.865852339e+00,1.361587476e-01,3.357485474e-16,1.517883041e-18,9.486769009e-20,1.219255900e-02,-2.753687203e-01,-2.492567778e+00,-1.488729239e+00,-8.560854793e-01,-6.889883280e-01,4.441369697e-02,-3.616212479e-03,5.373961788e+00,-2.266813094e+00,-6.244001317e-01,-2.069183520e-02,9.709665070e-05,6.314943075e-01,-5.728654895e-02,8.928162886e-02,6.314249730e-01,-5.728075425e-02,8.859244858e-02,4.845999777e-01,-1.231999695e-01,2.249994315e-02,1.977458018e+00,6.999955326e-02,0,0
1.800000000e-01,7.321789945e-04,5.012535333e-03,1.001272548e-02,2.506265043e-03,1.711689346e-03,3.880641286e-01,5.866316393e+00,1.361652838e-01,4.457268930e-16,5.355563664e-18,4.285685386e-20,1.213606800e-02,-2.753111720e-01,-2.492588758e+00,-1.488647461e+00,-8.561396599e-01,-6.887508035e-01,4.418148845e-02,-3.444598774e-03,5.374432344e+00,-2.266876297e+00,-6.244813778e-01,-2.068790640e-02,7.553983200e-05,6.314990420e-01,-5.728555373e-02,8.924452298e-02,6.314249910e-01,-5.728074279e-02,8.851611417e-02,4.846000075e-01,-1.231999919e-01,2.249996364e-02,1.977458018e+00,6.999955699e-02,0,0
1.900000000e-01,7.701753033e-04,5.287507363e-03,1.068550057e-02,2.643750602e-03,1.805382648e-03,4.017672637e-01,5.866752729e+00,1.361714836e-01,2.229710204e-16,3.157244383e-18,1.278542855e-19,1.210695800e-02,-2.752555609e-01,-2.492625713e+00,-1.488569975e+00,-8.562032580e-01,-6.885190010e-01,4.394927248e-02,-3.038103276e-03,5.374869462e+00,-2.266942421e+00,-6.245802053e-01,-2.069419750e-02,7.625092802e-05,6.315036425e-01,-5.728493937e-02,8.920161016e-02,6.314250101e-01,-5.728073069e-02,8.843547099e-02,4.846000075e-01,-1.231999546e-01,2.249992825e-02,1.977458018e+00,6.999954209e-02,0,0
2.000000000e-01,8.057965336e-04,5.552884198e-03,1.138500119e-02,2.776438532e-03,1.896077993e-03,4.093208561e-01,5.866767751e+00,1.361773110e-01,1.110908909e-16,2.168404345e-18,3.833233542e-20,1.214177800e-02,-2.752017975e-01,-2.492682457e+00,-1.488497257e+00,-8.562818766e-01,-6.882947683e-01,4.372467473e-02,-3.411346979e-03,5.374951903e+00,-2.266777554e+00,-6.246086639e-01,-2.068285754e-02,6.564311849e-05,6.315080773e-01,-5.728436657e-02,8.915202520e-02,6.314250302e-01,-5.728071793e-02,8.835052790e-02,4.846000075e-01,-1.231999621e-01,2.249992453e-02,1.977458018e+00,6.999954954e-02,0,0
2.100000000e-01,8.382416237e-04,5.817201452e-03,1.090595838e-02,2.908596625e-03,1.984798739e-03,4.559826844e-01,5.865313841e+00,1.361831204e-01,3.496446946e-18,5.438330430e-18,5.463198354e-20,1.241284100e-02,-2.751500905e-01,-2.492753506e+00,-1.488424659e+00,-8.563656807e-01,-6.880741715e-01,4.349530861e-02,-3.676396205e-03,5.373638311e+00,-2.266157912e+00,-6.245033965e-01,-2.068956063e-02,9.606717561e-05,6.315116149e-01,-5.728434259e-02,8.909504628e-02,6.314250513e-01,-5.728070454e-02,8.826129420e-02,4.846000075e-01,-1.231999770e-01,2.249992266e-02,1.977458018e+00,6.999956071e-02,0,0
2.200000000e-01,8.713739622e-04,6.083270538e-03,1.204589484e-02,3.041630579e-03,2.071657090e-03,4.537981081e-01,5.866844008e+00,1.361885444e-01,3.402759148e-16,3.878959614e-18,2.252534387e-19,1.147683200e-02,-2.751000226e-01,-2.492837906e+00,-1.488357067e+00,-8.564605117e-01,-6.878570914e-01,4.326323047e-02,-2.657612372e-03,5.375122990e+00,-2.266540018e+00,-6.247172291e-01,-2.071503077e-02,8.118547862e-05,6.315155204e-01,-5.728497163e-02,8.903443625e-02,6.314250734e-01,-5.728069050e-02,8.816777968e-02,4.845999479e-01,-1.231999993e-01,2.249994874e-02,1.977458018e+00,6.999955699e-02,0,0
2.300000000e-01,9.020370803e-04,6.341527491e-03,1.103401036e-02,3.170758433e-03,2.156011053e-03,5.375996822e-01,5.862328737e+00,1.361933407e-01,4.465794925e-16,5.438330430e-18,1.694065895e-19,1.191973600e-02,-2.750519216e-01,-2.492944241e+00,-1.488297582e+00,-8.565697670e-01,-6.876462698e-01,4.303793982e-02,-1.004291545e-02,5.371068324e+00,-2.264569966e+00,-6.242799747e-01,-2.048881616e-02,1.225730931e-04,6.315198954e-01,-5.728609069e-02,8.896702011e-02,6.314250966e-01,-5.728067582e-02,8.806999460e-02,4.846000075e-01,-1.231999695e-01,2.249994315e-02,1.977458018e+00,6.999955326e-02,0,0
2.400000000e-01,9.322404596e-04,6.597046639e-03,1.297622776e-02,3.298517338e-03,2.238418958e-03,5.080327765e-01,5.869190527e+00,1.361979057e-01,3.350781848e-16,2.818925648e-18,1.212174880e-19,1.297198600e-02,-2.750058770e-01,-2.493064880e+00,-1.488241076e+00,-8.566913009e-01,-6.874399185e-01,4.281447083e-02,-9.327386755e-03,5.377532567e+00,-2.266770573e+00,-6.251271642e-01,-2.052118006e-02,9.124485477e-05,6.315241268e-01,-5.728784755e-02,8.889489003e-02,6.314251207e-01,-5.728066050e-02,8.796794968e-02,4.846000075e-01,-1.231999695e-01,2.249993570e-02,1.977458018e+00,6.999954954e-02,0,0
2.500000000e-01,9.590998562e-04,6.842924847e-03,1.357351896e-02,3.421455748e-03,2.317972215e-03,4.942117576e-01,5.867280643e+00,1.362021687e-01,3.333931376e-16,9.697399036e-19,1.761828530e-19,1.369198400e-02,-2.749612331e-01,-2.493204594e+00,-1.488188386e+00,-8.568235040e-01,-6.872405410e-01,4.259660095e-02,-2.883573452e-03,5.375816838e+00,-2.265987202e+00,-6.248520269e-01,-2.071472455e-02,7.555841868e-05,6.315279490e-01,-5.728937350e-02,8.881519051e-02,6.314251459e-01,-5.728064454e-02,8.786165611e-02,4.846000075e-01,-1.231999770e-01,2.249993384e-02,1.977458018e+00,6.999953836e-02,0,0
2.600000000e-01,9.841602580e-04,7.091090863e-03,8.340723426e-03,3.545538003e-03,2.395530832e-03,7.225878289e-01,5.847483620e+00,1.362063073e-01,2.232407816e-16,4.594766429e-18,1.287490080e-19,1.335375000e-02,-2.749189138e-01,-2.493358135e+00,-1.488137245e+00,-8.569633961e-01,-6.870445609e-01,4.237225652e-02,3.810680551e-05,5.357218986e+00,-2.259435942e+00,-6.227228967e-01,-2.085159535e-02,2.258340408e-04,6.315312645e-01,-5.729176598e-02,8.872948731e-02,6.314251720e-01,-5.728062794e-02,8.775112555e-02,4.846000075e-01,-1.231999695e-01,2.249992825e-02,1.977458018e+00,6.999955326e-02,0,0
2.700000000e-01,1.010067193e-03,7.336610689e-03,1.495691668e-02,3.668297117e-03,2.472481076e-03,5.097120434e-01,5.869404416e+00,1.362098994e-01,3.361698173e-16,5.222209201e-18,3.565113276e-19,1.134121000e-02,-2.748768330e-01,-2.493527174e+00,-1.488093257e+00,-8.571171761e-01,-6.868504882e-01,4.215279222e-02,-2.472657266e-03,5.378025264e+00,-2.266161778e+00,-6.251613828e-01,-2.074544736e-02,5.998756373e-05,6.315355612e-01,-5.729431267e-02,8.864029651e-02,6.314251992e-01,-5.728061071e-02,8.763637011e-02,4.846000075e-01,-1.231999770e-01,2.249995247e-02,1.977458018e+00,6.999956816e-02,0,0
2.800000000e-01,1.033241713e-03,7.577834342e-03,1.416726966e-02,3.788908105e-03,2.546894946e-03,5.634225441e-01,5.866952692e+00,1.362131549e-01,5.632537870e-16,4.735866575e-18,8.571370773e-20,1.309046800e-02,-2.748360336e-01,-2.493714333e+00,-1.488053560e+00,-8.572810888e-01,-6.866618991e-01,4.193351790e-02,-3.332958404e-03,5.375843024e+00,-2.265056261e+00,-6.249198724e-01,-2.073259177e-02,9.421070656e-05,6.315396813e-01,-5.729683550e-02,8.854415694e-02,6.314252273e-01,-5.728059285e-02,8.751740239e-02,4.846000075e-01,-1.231999695e-01,2.249991708e-02,1.977458018e+00,6.999956071e-02,0,0
2.900000000e-01,1.056780130e-03,7.817843267e-03,9.872963975e-03,3.908911679e-03,2.618486196e-03,7.550356242e-01,5.848783499e+00,1.362161325e-01,9.298587101e-17,5.691803256e-18,1.221608289e-19,1.386508500e-02,-2.747975588e-01,-2.493914604e+00,-1.488017440e+00,-8.574568033e-01,-6.864792705e-01,4.171362519e-02,1.272997602e-04,5.358809651e+00,-2.258966452e+00,-6.229466899e-01,-2.086808856e-02,2.123158726e-04,6.315436876e-01,-5.729995725e-02,8.844417953e-02,6.314252565e-01,-5.728057436e-02,8.739423543e-02,4.846000075e-01,-1.231999919e-01,2.249993198e-02,1.977458018e+00,6.999955699e-02,0,0
3.000000000e-01,1.076153778e-03,8.052565678e-03,1.540451394e-02,4.026271961e-03,2.689705246e-03,5.838335854e-01,5.868195821e+00,1.362189491e-01,4.447198017e-16,1.084202172e-18,1.459651846e-19,1.226778000e-02,-2.747602463e-01,-2.494132996e+00,-1.487983346e+00,-8.576406240e-01,-6.862980127e-01,4.149658233e-02,-2.801762540e-03,5.377281882e+00,-2.264809744e+00,-6.251080807e-01,-2.075116516e-02,8.642028541e-05,6.315472861e-01,-5.730351837e-02,8.833585223e-02,6.314252866e-01,-5.728055524e-02,8.726688273e-02,4.846000075e-01,-1.231999695e-01,2.249995247e-02,1.977458018e+00,6.999956444e-02,0,0
3.100000000e-01,1.094681427e-03,8.288035384e-03,1.527570877e-02,4.144005831e-03,2.758647208e-03,6.183372945e-01,5.867512035e+00,1.362216690e-01,8.906314278e-16,3.157244383e-18,1.631940375e-19,1.285589600e-02,-2.747242153e-01,-2.494363308e+00,-1.487950444e+00,-8.578321338e-01,-6.861209869e-01,4.127450660e-02,-2.776189839e-03,5.376787501e+00,-2.264222459e+00,-6.250689571e-01,-2.076986913e-02,1.026572634e-04,6.315503853e-01,-5.730714844e-02,8.822254605e-02,6.314253177e-01,-5.728053550e-02,8.713535826e-02,4.846000075e-01,-1.231999770e-01,2.249991894e-02,1.977458018e+00,6.999956816e-02,0,0
3.200000000e-01,1.114261958e-03,8.520633463e-03,1.640195659e-02,4.260303844e-03,2.825716871e-03,6.348172274e-01,5.871276848e+00,1.362238858e-01,6.663534424e-16,6.040475532e-18,1.515218599e-19,1.174328400e-02,-2.746896744e-01,-2.494608402e+00,-1.487924099e+00,-8.580377698e-01,-6.859484911e-01,4.105640203e-02,-8.549491286e-03,5.380508310e+00,-2.264986805e+00,-6.255875935e-01,-2.059079249e-02,9.346180608e-05,6.315541134e-01,-5.731125643e-02,8.810604647e-02,6.314253498e-01,-5.728051513e-02,8.699967645e-02,4.846000075e-01,-1.231999770e-01,2.249994501e-02,1.977458018e+00,6.999957934e-02,0,0
3.300000000e-01,1.130912461e-03,8.742110734e-03,1.156217316e-02,4.371041448e-03,2.889547199e-03,8.113171862e-01,5.850445637e+00,1.362256275e-01,2.228668222e-16,2.538052214e-18,2.764184017e-19,1.311664700e-02,-2.746579051e-01,-2.494874239e+00,-1.487903833e+00,-8.582566381e-01,-6.857842803e-01,4.084736854e-02,7.694587390e-04,5.360974324e+00,-2.258056142e+00,-6.232277172e-01,-2.091606201e-02,2.107049805e-04,6.315576969e-01,-5.731590045e-02,8.798243953e-02,6.314253829e-01,-5.728049413e-02,8.685985216e-02,4.846000075e-01,-1.231999695e-01,2.249993756e-02,1.977458018e+00,6.999956816e-02,0,0
3.400000000e-01,1.147938067e-03,8.961821565e-03,1.729770613e-02,4.480895788e-03,2.952893001e-03,6.559253943e-01,5.872365494e+00,1.362270876e-01,9.998405918e-16,6.732537573e-18,1.117570019e-19,1.202208700e-02,-2.746259868e-01,-2.495153427e+00,-1.487887263e+00,-8.584882617e-01,-6.856215596e-01,4.064087570e-02,-8.549823261e-03,5.381881815e+00,-2.264503408e+00,-6.257403163e-01,-2.061270220e-02,8.282967243e-05,6.315616590e-01,-5.732033765e-02,8.785502790e-02,6.314254170e-01,-5.728047252e-02,8.671590075e-02,4.846000075e-01,-1.231999695e-01,2.249993011e-02,1.977458018e+00,6.999956444e-02,0,0
3.500000000e-01,1.160530069e-03,9.176429052e-03,1.760927481e-02,4.588198428e-03,3.013762724e-03,6.517139435e-01,5.870819488e+00,1.362284816e-01,4.236997725e-17,6.071532166e-18,3.775297207e-19,1.234775000e-02,-2.745960355e-01,-2.495449305e+00,-1.487871408e+00,-8.587254882e-01,-6.854641438e-01,4.043321311e-02,-2.173595853e-03,5.380578752e+00,-2.263669602e+00,-6.255046559e-01,-2.080568243e-02,8.140317654e-05,6.315645832e-01,-5.732497690e-02,8.771913722e-02,6.314254520e-01,-5.728045029e-02,8.656783798e-02,4.846000075e-01,-1.231999770e-01,2.249994874e-02,1.977458018e+00,6.999956071e-02,0,0
3.600000000e-01,1.173361759e-03,9.396628887e-03,1.692180200e-02,4.698297158e-03,3.073868196e-03,6.988040553e-01,5.868976681e+00,1.362296930e-01,3.493487162e-17,2.742838647e-18,8.243680438e-20,1.120073900e-02,-2.745673060e-01,-2.495756388e+00,-1.487857938e+00,-8.589714766e-01,-6.853074431e-01,4.021850601e-02,-2.422113066e-03,5.379034543e+00,-2.262608926e+00,-6.253285517e-01,-2.082880055e-02,1.060608939e-04,6.315675612e-01,-5.733031998e-02,8.757933975e-02,6.314254880e-01,-5.728042745e-02,8.641568011e-02,4.845999777e-01,-1.231999770e-01,2.249994874e-02,1.977458018e+00,6.999956816e-02,0,0
3.700000000e-01,1.186577625e-03,9.613522760e-03,1.798045779e-02,4.806742870e-03,3.132376271e-03,7.182491199e-01,5.872921754e+00,1.362305101e-01,2.460744384e-16,8.101827235e-18,5.421010862e-19,1.161349300e-02,-2.745394707e-01,-2.496077538e+00,-1.487849593e+00,-8.592296243e-01,-6.851546764e-01,4.000711814e-02,-8.497235496e-03,5.382982347e+00,-2.263294830e+00,-6.258666662e-01,-2.064460615e-02,9.936948581e-05,6.315709048e-01,-5.733576743e-02,8.743577966e-02,6.314255250e-01,-5.728040399e-02,8.625944381e-02,4.846000075e-01,-1.231999770e-01,2.249996550e-02,1.977458018e+00,6.999959797e-02,0,0
3.800000000e-01,1.198799687e-03,9.825399858e-03,1.877102262e-02,4.912680168e-03,3.189392806e-03,6.949126111e-01,5.871932926e+00,1.362309309e-01,2.289937657e-16,4.848699518e-18,2.439454888e-19,1.218689900e-02,-2.745126188e-01,-2.496414661e+00,-1.487846375e+00,-8.594989777e-01,-6.850057840e-01,3.980006650e-02,-1.792605373e-03,5.382225319e+00,-2.262593928e+00,-6.256818248e-01,-2.084826307e-02,7.539570187e-05,6.315744801e-01,-5.734134798e-02,8.728709708e-02,6.314255629e-01,-5.728037993e-02,8.609914621e-02,4.846000075e-01,-1.231999770e-01,2.249995805e-02,1.977458018e+00,6.999955699e-02,0,0
3.900000000e-01,1.210900116e-03,1.003534365e-02,1.869723533e-02,5.017650771e-03,3.244687220e-03,7.477750499e-01,5.873686226e+00,1.362310571e-01,7.794624329e-16,6.857096618e-18,1.897353802e-19,1.263497300e-02,-2.744864821e-01,-2.496765375e+00,-1.487846971e+00,-8.597795367e-01,-6.848607659e-01,3.959359601e-02,-8.452917718e-03,5.384129459e+00,-2.262520463e+00,-6.259734399e-01,-2.065905553e-02,1.000840288e-04,6.315781518e-01,-5.734684964e-02,8.713421563e-02,6.314256018e-01,-5.728035525e-02,8.593480490e-02,4.846000075e-01,-1.231999770e-01,2.249991708e-02,1.977458018e+00,6.999955699e-02,0,0
4.000000000e-01,1.220378715e-03,1.023532144e-02,1.980113079e-02,5.117638379e-03,3.297849239e-03,7.108900155e-01,5.872985341e+00,1.362309392e-01,1.139194703e-16,5.076104429e-18,5.092577355e-19,1.124706000e-02,-2.744618952e-01,-2.497133493e+00,-1.487850666e+00,-8.600717783e-01,-6.847216487e-01,3.939530998e-02,-2.247439803e-03,5.383676906e+00,-2.261838514e+00,-6.258010788e-01,-2.083948133e-02,6.318979889e-05,6.315813972e-01,-5.735236646e-02,8.697469084e-02,6.314256417e-01,-5.728032998e-02,8.576643790e-02,4.846000075e-01,-1.231999695e-01,2.249994501e-02,1.977458018e+00,6.999954581e-02,0,0
4.100000000e-01,1.228539409e-03,1.043755109e-02,1.936763405e-02,5.218751857e-03,3.350172382e-03,7.515286425e-01,5.872327220e+00,1.362307905e-01,2.460923992e-17,5.275955480e-18,1.714274155e-19,1.191708600e-02,-2.744382620e-01,-2.497512817e+00,-1.487854719e+00,-8.603699207e-01,-6.845837235e-01,3.919155896e-02,-2.259540566e-03,5.383282449e+00,-2.261082420e+00,-6.257500930e-01,-2.085810166e-02,8.944015170e-05,6.315841456e-01,-5.735818724e-02,8.680984850e-02,6.314256824e-01,-5.728030410e-02,8.559406368e-02,4.846000075e-01,-1.231999695e-01,2.249994315e-02,1.977458018e+00,6.999953836e-02,0,0
4.200000000e-01,1.236941491e-03,1.064107295e-02,1.395140451e-02,5.320511375e-03,3.400693253e-03,9.662529011e-01,5.853030738e+00,1.362303652e-01,2.235909846e-16,4.690975831e-18,3.816426298e-19,1.181355500e-02,-2.744159400e-01,-2.497904301e+00,-1.487862349e+00,-8.606775999e-01,-6.844493151e-01,3.898465633e-02,9.568949555e-04,5.365299346e+00,-2.254361134e+00,-6.236541474e-01,-2.102763549e-02,2.320488584e-04,6.315869356e-01,-5.736435213e-02,8.664120698e-02,6.314257242e-01,-5.728027762e-02,8.541770112e-02,4.846000075e-01,-1.231999770e-01,2.249995992e-02,1.977458018e+00,6.999953464e-02,0,0
4.300000000e-01,1.245062013e-03,1.083951900e-02,2.003165804e-02,5.419732967e-03,3.450658397e-03,7.769890579e-01,5.872688029e+00,1.362296023e-01,3.359154391e-16,4.670885906e-18,8.741117366e-19,1.264331300e-02,-2.743942738e-01,-2.498310566e+00,-1.487874389e+00,-8.609982133e-01,-6.843171716e-01,3.878429160e-02,-1.930915813e-03,5.384110980e+00,-2.260032977e+00,-6.257991003e-01,-2.088860427e-02,8.270339084e-05,6.315900408e-01,-5.737069798e-02,8.646822813e-02,6.314257668e-01,-5.728025055e-02,8.523736958e-02,4.846000075e-01,-1.231999695e-01,2.249995247e-02,1.977458018e+00,6.999953836e-02,0,0
4.400000000e-01,1.252826373e-03,1.103898191e-02,1.973821944e-02,5.519462931e-03,3.499097214e-03,8.113590342e-01,5.872042818e+00,1.362285347e-01,4.872689719e-17,6.505213035e-18,4.639637949e-19,1.123711000e-02,-2.743736804e-01,-2.498729706e+00,-1.487890363e+00,-8.613271117e-01,-6.841879487e-01,3.858072683e-02,-2.090609280e-03,5.383755038e+00,-2.259220570e+00,-6.257393525e-01,-2.090092155e-02,1.012291345e-04,6.315932280e-01,-5.737733260e-02,8.629087516e-02,6.314258104e-01,-5.728022288e-02,8.505308883e-02,4.846000075e-01,-1.231999546e-01,2.249994501e-02,1.977458018e+00,6.999954209e-02,0,0
4.500000000e-01,1.261383431e-03,1.123199348e-02,1.572881120e-02,5.615967219e-03,3.545306599e-03,9.737152866e-01,5.854797251e+00,1.362271094e-01,3.034836625e-17,6.040475532e-18,1.459651846e-19,1.318843800e-02,-2.743545473e-01,-2.499162674e+00,-1.487910986e+00,-8.616708517e-01,-6.840646863e-01,3.838439286e-02,1.542544389e-03,5.367746757e+00,-2.253073889e+00,-6.238256145e-01,-2.104356806e-02,2.008028506e-04,6.315965712e-01,-5.738407880e-02,8.611033169e-02,6.314258550e-01,-5.728019462e-02,8.486487908e-02,4.846000075e-01,-1.231999695e-01,2.249993570e-02,1.977458018e+00,6.999955699e-02,0,0
4.600000000e-01,1.266843278e-03,1.142090355e-02,2.109933052e-02,5.710420739e-03,3.591397097e-03,8.148797946e-01,5.873989750e+00,1.362256523e-01,4.293440603e-17,2.168404345e-18,5.919833218e-19,1.454673100e-02,-2.743359208e-01,-2.499609709e+00,-1.487931967e+00,-8.620207310e-01,-6.839421391e-01,3.818989545e-02,-1.587608470e-03,5.386134081e+00,-2.258555204e+00,-6.259421792e-01,-2.091639685e-02,8.100307355e-05,6.315993111e-01,-5.739087936e-02,8.592278622e-02,6.314259004e-01,-5.728016578e-02,8.467276096e-02,4.846000075e-01,-1.231999695e-01,2.249992825e-02,1.977458018e+00,6.999954954e-02,0,0
4.700000000e-01,1.271432610e-03,1.160733985e-02,2.176017895e-02,5.803637344e-03,3.635433414e-03,8.174841939e-01,5.875659781e+00,1.362239530e-01,3.959817451e-17,4.358438793e-18,3.308593529e-19,1.288823600e-02,-2.743182778e-01,-2.500070095e+00,-1.487956047e+00,-8.623797894e-01,-6.838241220e-01,3.799524531e-02,-1.280266737e-03,5.387981633e+00,-2.258437929e+00,-6.261387750e-01,-2.094012623e-02,6.954118596e-05,6.316018410e-01,-5.739759053e-02,8.573047268e-02,6.314259468e-01,-5.728013635e-02,8.447675555e-02,4.846000075e-01,-1.231999695e-01,2.249992080e-02,1.977458018e+00,6.999953464e-02,0,0
4.800000000e-01,1.276056091e-03,1.178938170e-02,2.228400416e-02,5.894656712e-03,3.678305081e-03,8.481515973e-01,5.878709896e+00,1.362218785e-01,5.586605852e-16,3.127317221e-18,6.091103385e-19,1.138242100e-02,-2.743009925e-01,-2.500544786e+00,-1.487985015e+00,-8.627515435e-01,-6.837094426e-01,3.780545294e-02,-7.615910428e-03,5.391166733e+00,-2.258648590e+00,-6.265536473e-01,-2.074516443e-02,7.684334943e-05,6.316047119e-01,-5.740413783e-02,8.553426070e-02,6.314259941e-01,-5.728010635e-02,8.427688434e-02,4.845999479e-01,-1.231999993e-01,2.249994501e-02,1.977458018e+00,6.999954209e-02,0,0
4.900000000e-01,1.279574843e-03,1.197081266e-02,2.193188451e-02,5.985370592e-03,3.719811509e-03,8.579417410e-01,5.875680525e+00,1.362195260e-01,4.582330427e-16,3.302815099e-18,1.382092009e-18,1.293828600e-02,-2.742849588e-01,-2.501033068e+00,-1.488017559e+00,-8.631312251e-01,-6.835976243e-01,3.761415929e-02,-1.664383188e-03,5.388590615e+00,-2.257040042e+00,-6.261323288e-01,-2.094258639e-02,8.426931815e-05,6.316075077e-01,-5.741105367e-02,8.533302118e-02,6.314260423e-01,-5.728007576e-02,8.407316925e-02,4.846000075e-01,-1.231999770e-01,2.249990590e-02,1.977458018e+00,6.999954581e-02,0,0
5.000000000e-01,1.284147763e-03,1.215801783e-02,2.175950434e-02,6.078971472e-03,3.761046236e-03,8.871322977e-01,5.875310490e+00,1.362169648e-01,3.385692410e-16,2.335442953e-18,2.919303692e-19,1.149267200e-02,-2.742694616e-01,-2.501530647e+00,-1.488052845e+00,-8.635185957e-01,-6.834856868e-01,3.741637245e-02,-1.642775004e-03,5.388537123e+00,-2.256214292e+00,-6.260959126e-01,-2.095945670e-02,9.815364265e-05,6.316105253e-01,-5.741839840e-02,8.512891320e-02,6.314260914e-01,-5.728004460e-02,8.386563261e-02,4.846000075e-01,-1.231999621e-01,2.249991521e-02,1.977458018e+00,6.999955326e-02,0,0
5.100000000e-01,1.288989519e-03,1.233810464e-02,1.748465474e-02,6.169013193e-03,3.800242593e-03,1.051462268e+00,5.857634467e+00,1.362141189e-01,2.257545331e-16,6.071532166e-18,3.263880751e-19,1.303022700e-02,-2.742554545e-01,-2.502042055e+00,-1.488091826e+00,-8.639208078e-01,-6.833794713e-01,3.722643852e-02,1.870027238e-03,5.372154310e+00,-2.249856395e+00,-6.241289079e-01,-2.110409612e-02,2.003530165e-04,6.316134852e-01,-5.742584821e-02,8.492123378e-02,6.314261414e-01,-5.728001287e-02,8.365429719e-02,4.846000075e-01,-1.231999919e-01,2.249993384e-02,1.977458018e+00,6.999956444e-02,0,0
5.200000000e-01,1.290562322e-03,1.251410115e-02,2.262213636e-02,6.257009746e-03,3.839563577e-03,8.999162421e-01,5.876567374e+00,1.362112319e-01,3.358258431e-16,3.035766083e-18,7.934886021e-19,1.129798000e-02,-2.742421031e-01,-2.502567291e+00,-1.488131285e+00,-8.643279672e-01,-6.832734346e-01,3.703856468e-02,-1.226044240e-03,5.390352976e+00,-2.255116341e+00,-6.262164577e-01,-2.099088656e-02,8.335702648e-05,6.316158290e-01,-5.743352423e-02,8.470647199e-02,6.314261923e-01,-5.727998058e-02,8.343918616e-02,4.845999479e-01,-1.231999919e-01,2.249994874e-02,1.977458018e+00,6.999955699e-02,0,0
5.300000000e-01,1.292553975e-03,1.269184154e-02,1.731201746e-02,6.345878176e-03,3.876866103e-03,1.105220343e+00,5.857441114e+00,1.362081500e-01,4.442729780e-16,5.434005713e-18,1.709607119e-18,1.176572500e-02,-2.742298245e-01,-2.503102779e+00,-1.488173246e+00,-8.647433519e-01,-6.831713319e-01,3.684629127e-02,1.849975439e-03,5.372604632e+00,-2.248281946e+00,-6.241105697e-01,-2.113515097e-02,2.267626964e-04,6.316179748e-01,-5.744125954e-02,8.448835845e-02,6.314262441e-01,-5.727994772e-02,8.322032311e-02,4.846000075e-01,-1.231999695e-01,2.249994315e-02,1.977458018e+00,6.999956071e-02,0,0
5.400000000e-01,1.294959216e-03,1.286725356e-02,1.791060946e-02,6.433582398e-03,3.913444677e-03,1.106558973e+00,5.858578486e+00,1.362048854e-01,4.442672628e-16,9.697399036e-19,2.185279341e-19,1.127222000e-02,-2.742175758e-01,-2.503648996e+00,-1.488217592e+00,-8.651688099e-01,-6.830713153e-01,3.665627912e-02,1.939169662e-03,5.374000898e+00,-2.247876075e+00,-6.242264949e-01,-2.113874947e-02,2.167715843e-04,6.316201228e-01,-5.744870763e-02,8.426692851e-02,6.314262968e-01,-5.727991430e-02,8.299773205e-02,4.846000075e-01,-1.231999695e-01,2.249993570e-02,1.977458018e+00,6.999956816e-02,0,0
5.500000000e-01,1.294938011e-03,1.304026451e-02,2.339206888e-02,6.520086057e-03,3.949804257e-03,9.440206050e-01,5.878190476e+00,1.362014065e-01,8.883242033e-16,9.898949898e-18,7.155939677e-19,1.235483000e-02,-2.742055953e-01,-2.504209280e+00,-1.488264680e+00,-8.655998111e-01,-6.829719543e-01,3.646668047e-02,-1.017662339e-03,5.392856334e+00,-2.253313037e+00,-6.263873961e-01,-2.102322254e-02,8.799558586e-05,6.316220944e-01,-5.745618407e-02,8.403929607e-02,6.314263503e-01,-5.727988033e-02,8.277143737e-02,4.846000075e-01,-1.231999770e-01,2.249993570e-02,1.977458018e+00,6.999955699e-02,0,0
5.600000000e-01,1.296319257e-03,1.321182582e-02,1.834318319e-02,6.605864863e-03,3.983682893e-03,1.132400877e+00,5.859391140e+00,1.361974596e-01,1.145180301e-16,5.704181241e-18,4.795373629e-19,1.208983800e-02,-2.741951048e-01,-2.504781961e+00,-1.488317847e+00,-8.660428524e-01,-6.828782558e-01,3.627802059e-02,1.835810262e-03,5.375451134e+00,-2.246505194e+00,-6.243018662e-01,-2.116165833e-02,2.139239901e-04,6.316244512e-01,-5.746389842e-02,8.380927534e-02,6.314264047e-01,-5.727984580e-02,8.254146390e-02,4.846000075e-01,-1.231999993e-01,2.249995619e-02,1.977458018e+00,6.999957189e-02,0,0
5.700000000e-01,1.298892826e-03,1.337765965e-02,2.434012102e-02,6.688779946e-03,4.017884117e-03,9.738663731e-01,5.882070399e+00,1.361931970e-01,2.220551926e-16,1.788112031e-18,7.818293052e-19,1.257644300e-02,-2.741844952e-01,-2.505366564e+00,-1.488375187e+00,-8.664996624e-01,-6.827853918e-01,3.609875590e-02,-7.198437851e-03,5.397231942e+00,-2.252816794e+00,-6.268726788e-01,-2.085330226e-02,7.814278615e-05,6.316273190e-01,-5.747155690e-02,8.357669920e-02,6.314264600e-01,-5.727981073e-02,8.230783686e-02,4.845999479e-01,-1.232000068e-01,2.249994129e-02,1.977458018e+00,6.999955326e-02,0,0
5.800000000e-01,1.297828199e-03,1.353581706e-02,2.475165078e-02,6.767856864e-03,4.049830585e-03,9.601285200e-01,5.881031043e+00,1.361887515e-01,6.948103511e-17,5.222209201e-18,7.893110958e-19,1.297380600e-02,-2.741751671e-01,-2.505967379e+00,-1.488434792e+00,-8.669636250e-01,-6.826980114e-01,3.592317924e-02,-1.006211965e-03,5.396594118e+00,-2.251700285e+00,-6.266578200e-01,-2.104388082e-02,6.830372669e-05,6.316294250e-01,-5.747902169e-02,8.333687046e-02,6.314265162e-01,-5.727977511e-02,8.207058186e-02,4.845999777e-01,-1.231999546e-01,2.249993943e-02,1.977458018e+00,6.999956071e-02,0,0
5.900000000e-01,1.296550275e-03,1.370110961e-02,2.393913026e-02,6.850501222e-03,4.081820429e-03,1.004107543e+00,5.879651063e+00,1.361842607e-01,4.476023589e-16,7.757919229e-18,1.106005791e-18,1.200971700e-02,-2.741660178e-01,-2.506577015e+00,-1.488494992e+00,-8.674333096e-01,-6.826096177e-01,3.573830053e-02,-1.312034612e-03,5.395648382e+00,-2.250405282e+00,-6.265028860e-01,-2.106254343e-02,9.587803692e-05,6.316313017e-01,-5.748668845e-02,8.309317289e-02,6.314265732e-01,-5.727973895e-02,8.182972493e-02,4.845999479e-01,-1.231999770e-01,2.249992825e-02,1.977458018e+00,6.999956444e-02,0,0
6.000000000e-01,1.296133936e-03,1.386588570e-02,1.924793199e-02,6.932887310e-03,4.112567601e-03,1.182115115e+00,5.861547172e+00,1.361795218e-01,5.551250647e-16,3.730663897e-18,3.428548309e-19,1.166903400e-02,-2.741579413e-01,-2.507196426e+00,-1.488558412e+00,-8.679112792e-01,-6.825240850e-01,3.555338457e-02,1.784041823e-03,5.378921568e+00,-2.243768492e+00,-6.244904950e-01,-2.119823032e-02,2.153773154e-04,6.316331895e-01,-5.749463136e-02,8.284668147e-02,6.314266310e-01,-5.727970225e-02,8.158529247e-02,4.846000075e-01,-1.231999844e-01,2.249997482e-02,1.977458018e+00,6.999957934e-02,0,0
6.100000000e-01,1.295321193e-03,1.402490242e-02,2.513038690e-02,7.012393740e-03,4.143599286e-03,1.005379350e+00,5.881429512e+00,1.361744178e-01,5.552553199e-16,5.637851297e-18,1.629913259e-18,1.121966900e-02,-2.741495073e-01,-2.507829189e+00,-1.488626599e+00,-8.683990836e-01,-6.824390888e-01,3.537593782e-02,-1.297839768e-03,5.398071005e+00,-2.249198767e+00,-6.266594266e-01,-2.106450642e-02,7.227233185e-05,6.316355059e-01,-5.750238456e-02,8.259613963e-02,6.314266897e-01,-5.727966502e-02,8.133731129e-02,4.846000075e-01,-1.231999695e-01,2.249993570e-02,1.977458018e+00,6.999958307e-02,0,0
6.200000000e-01,1.294658611e-03,1.418664085e-02,2.450625240e-02,7.093260942e-03,4.173623127e-03,1.043758170e+00,5.880257577e+00,1.361690933e-01,2.241123257e-16,8.101827235e-18,8.824766328e-19,1.271578400e-02,-2.741419077e-01,-2.508472443e+00,-1.488697648e+00,-8.688948154e-01,-6.823559999e-01,3.519423679e-02,-1.403080638e-03,5.397339406e+00,-2.247929175e+00,-6.265177957e-01,-2.108077385e-02,9.648357178e-05,6.316377774e-01,-5.751038458e-02,8.234213620e-02,6.314267492e-01,-5.727962726e-02,8.108580859e-02,4.845999479e-01,-1.231999770e-01,2.249995247e-02,1.977458018e+00,6.999958307e-02,0,0
6.300000000e-01,1.294744290e-03,1.434723214e-02,2.545176088e-02,7.173554543e-03,4.202710358e-03,1.060772170e+00,5.885539429e+00,1.361634940e-01,9.913094721e-17,8.940560153e-18,1.035682671e-18,1.247966200e-02,-2.741346061e-01,-2.509125948e+00,-1.488772273e+00,-8.693996072e-01,-6.822752953e-01,3.501346335e-02,-7.182563875e-03,5.402731523e+00,-2.248601989e+00,-6.271893101e-01,-2.091729645e-02,9.158445271e-05,6.316401943e-01,-5.751826677e-02,8.208534876e-02,6.314268095e-01,-5.727958898e-02,8.083081194e-02,4.846000075e-01,-1.231999770e-01,2.249994501e-02,1.977458018e+00,6.999957934e-02,0,0
6.400000000e-01,1.293852899e-03,1.449794878e-02,2.592267039e-02,7.248910903e-03,4.230542797e-03,1.032354843e+00,5.883423191e+00,1.361575826e-01,2.222245265e-16,7.806255642e-18,7.531108977e-19,1.281145500e-02,-2.741281092e-01,-2.509794712e+00,-1.488850951e+00,-8.699184656e-01,-6.821990609e-01,3.484380245e-02,-8.863143189e-04,5.401116674e+00,-2.247053769e+00,-6.268252224e-01,-2.111463763e-02,6.176256811e-05,6.316425613e-01,-5.752599592e-02,8.182406708e-02,6.314268707e-01,-5.727955017e-02,8.057234931e-02,4.845999777e-01,-1.231999546e-01,2.249994501e-02,1.977458018e+00,6.999956816e-02,0,0
6.500000000e-01,1.290869656e-03,1.465051831e-02,2.566644140e-02,7.325193643e-03,4.257618046e-03,1.065657830e+00,5.883500186e+00,1.361516655e-01,1.511706009e-16,1.114990056e-17,1.212174880e-18,1.281544400e-02,-2.741224766e-01,-2.510473490e+00,-1.488929629e+00,-8.704394698e-01,-6.821238399e-01,3.466835245e-02,-9.222923168e-04,5.401585350e+00,-2.246127350e+00,-6.268293586e-01,-2.112278844e-02,8.529398430e-05,6.316441628e-01,-5.753392058e-02,8.155721735e-02,6.314269326e-01,-5.727951085e-02,8.031044905e-02,4.846000075e-01,-1.231999770e-01,2.249996550e-02,1.977458018e+00,6.999959797e-02,0,0
6.600000000e-01,1.289011737e-03,1.480872578e-02,2.540407615e-02,7.404295234e-03,4.284990149e-03,1.093587134e+00,5.883105463e+00,1.361456590e-01,4.441470161e-16,1.734723476e-18,2.604342989e-18,1.107470800e-02,-2.741171122e-01,-2.511158943e+00,-1.489009500e+00,-8.709660769e-01,-6.820474863e-01,3.448682278e-02,-9.790198332e-04,5.401611138e+00,-2.245046050e+00,-6.267754488e-01,-2.113761844e-02,9.900690994e-05,6.316457333e-01,-5.754217841e-02,8.128799537e-02,6.314269954e-01,-5.727947102e-02,8.004513986e-02,4.846000075e-01,-1.231999695e-01,2.249992639e-02,1.977458018e+00,6.999959797e-02,0,0
6.700000000e-01,1.287570064e-03,1.495987848e-02,2.079737333e-02,7.479869491e-03,4.310404117e-03,1.256947755e+00,5.865241406e+00,1.361393212e-01,1.113774881e-16,2.453269467e-18,1.357689979e-18,1.352199200e-02,-2.741123438e-01,-2.511856556e+00,-1.489093661e+00,-8.715048432e-01,-6.819765568e-01,3.431249037e-02,2.188424674e-03,5.385154659e+00,-2.238385418e+00,-6.247711816e-01,-2.128183390e-02,2.050437052e-04,6.316473344e-01,-5.755002944e-02,8.101584253e-02,6.314270590e-01,-5.727943068e-02,7.977645085e-02,4.845999479e-01,-1.231999919e-01,2.249994315e-02,1.977458018e+00,6.999959052e-02,0,0
6.800000000e-01,1.285521100e-03,1.510630218e-02,2.656185775e-02,7.553079275e-03,4.336309096e-03,1.088737035e+00,5.885198135e+00,1.361325359e-01,4.445144286e-16,4.091337135e-18,1.499377519e-18,1.226533000e-02,-2.741073966e-01,-2.512567997e+00,-1.489183664e+00,-8.720524311e-01,-6.819055676e-01,3.414463997e-02,-1.322282472e-03,5.404417207e+00,-2.243728233e+00,-6.269505608e-01,-2.113288825e-02,7.035567439e-05,6.316495052e-01,-5.755793422e-02,8.073953247e-02,6.314271234e-01,-5.727938984e-02,7.950441148e-02,4.846000075e-01,-1.231999695e-01,2.249993384e-02,1.977458018e+00,6.999959797e-02,0,0
6.900000000e-01,1.283687945e-03,1.525678278e-02,2.614168450e-02,7.628317403e-03,4.361412546e-03,1.122001885e+00,5.884731775e+00,1.361255483e-01,4.451892021e-16,5.057544570e-18,7.293224210e-19,1.307376700e-02,-2.741033435e-01,-2.513288975e+00,-1.489276290e+00,-8.726068735e-01,-6.818359494e-01,3.397113830e-02,-1.175042584e-03,5.404395420e+00,-2.242575273e+00,-6.268855200e-01,-2.115427166e-02,9.184286595e-05,6.316515866e-01,-5.756619090e-02,8.045999501e-02,6.314271885e-01,-5.727934850e-02,7.922905159e-02,4.846000075e-01,-1.231999919e-01,2.249995060e-02,1.977458018e+00,6.999960914e-02,0,0
7.000000000e-01,1.281504474e-03,1.540133194e-02,2.157960794e-02,7.700589864e-03,4.384747557e-03,1.283858061e+00,5.867316852e+00,1.361183103e-01,5.551115123e-17,3.157244383e-18,2.669538256e-19,1.351129200e-02,-2.740996778e-01,-2.514021397e+00,-1.489372134e+00,-8.731705546e-01,-6.817709804e-01,3.380250186e-02,2.245885289e-03,5.388385370e+00,-2.236003680e+00,-6.249308772e-01,-2.130753478e-02,1.995073347e-04,6.316534623e-01,-5.757395361e-02,8.017688695e-02,6.314272545e-01,-5.727930667e-02,7.895040136e-02,4.846000075e-01,-1.232000068e-01,2.249996364e-02,1.977458018e+00,6.999958307e-02,0,0
7.100000000e-01,1.279411779e-03,1.553997425e-02,2.723682610e-02,7.769908944e-03,4.408082594e-03,1.137114857e+00,5.886845052e+00,1.361108088e-01,2.223239501e-16,1.939479807e-18,6.594944350e-19,1.260745300e-02,-2.740959525e-01,-2.514765501e+00,-1.489471436e+00,-8.737456203e-01,-6.817073226e-01,3.364181519e-02,-6.318915275e-03,5.407332080e+00,-2.240973727e+00,-6.271048573e-01,-2.099451292e-02,7.252119139e-05,6.316554985e-01,-5.758152931e-02,7.989056562e-02,6.314273212e-01,-5.727926434e-02,7.866849136e-02,4.846000075e-01,-1.231999695e-01,2.249992080e-02,1.977458018e+00,6.999959052e-02,0,0
7.200000000e-01,1.274470370e-03,1.567681219e-02,2.720486282e-02,7.838325829e-03,4.429314510e-03,1.137805732e+00,5.887661318e+00,1.361032979e-01,4.489602518e-16,6.314488766e-18,2.280049071e-18,1.184198500e-02,-2.740935683e-01,-2.515520573e+00,-1.489570737e+00,-8.743230104e-01,-6.816478372e-01,3.347773105e-02,-9.233891133e-04,5.408457441e+00,-2.240402029e+00,-6.271308886e-01,-2.118126483e-02,7.750734888e-05,6.316564153e-01,-5.758904238e-02,7.959819100e-02,6.314273886e-01,-5.727922153e-02,7.838335250e-02,4.845999479e-01,-1.231999993e-01,2.249994315e-02,1.977458018e+00,6.999956816e-02,0,0
7.300000000e-01,1.270458759e-03,1.582132293e-02,2.679944614e-02,7.910578958e-03,4.451182734e-03,1.169174467e+00,5.887152226e+00,1.360956885e-01,7.810679138e-16,3.035766083e-18,1.802027509e-18,1.311309700e-02,-2.740911543e-01,-2.516281843e+00,-1.489671350e+00,-8.749045730e-01,-6.815862656e-01,3.330517560e-02,-9.273500965e-04,5.408417530e+00,-2.239179552e+00,-6.270612129e-01,-2.120019533e-02,9.548668556e-05,6.316573446e-01,-5.759684874e-02,7.930344585e-02,6.314274569e-01,-5.727917824e-02,7.809501605e-02,4.846000075e-01,-1.231999770e-01,2.249990404e-02,1.977458018e+00,6.999956444e-02,0,0
7.400000000e-01,1.267323159e-03,1.596908078e-02,2.653056110e-02,7.984455550e-03,4.473387008e-03,1.193743754e+00,5.886622176e+00,1.360879625e-01,3.332342955e-16,5.364336092e-18,5.838607383e-19,1.264086300e-02,-2.740889788e-01,-2.517050743e+00,-1.489773512e+00,-8.754937053e-01,-6.815240383e-01,3.312980384e-02,-9.407655787e-04,5.408365946e+00,-2.237931722e+00,-6.269839585e-01,-2.121926357e-02,1.050982033e-04,6.316582467e-01,-5.760489937e-02,7.900632415e-02,6.314275258e-01,-5.727913448e-02,7.780351363e-02,4.846000075e-01,-1.231999770e-01,2.249991521e-02,1.977458018e+00,6.999956444e-02,0,0
7.500000000e-01,1.266857701e-03,1.611462152e-02,2.752598395e-02,8.057223580e-03,4.495281891e-03,1.202652491e+00,5.890911165e+00,1.360796546e-01,1.224244453e-15,7.996680104e-18,1.305552300e-18,1.303285700e-02,-2.740871906e-01,-2.517829895e+00,-1.489883304e+00,-8.760944605e-01,-6.814635396e-01,3.295991197e-02,-6.552891307e-03,5.412882089e+00,-2.238141829e+00,-6.275166353e-01,-2.104574376e-02,9.261577757e-05,6.316601842e-01,-5.761323686e-02,7.870853423e-02,6.314275956e-01,-5.727909024e-02,7.750887721e-02,4.846000075e-01,-1.231999844e-01,2.249996737e-02,1.977458018e+00,6.999957189e-02,0,0
7.600000000e-01,1.264601992e-03,1.625564657e-02,2.724343010e-02,8.127733795e-03,4.516443030e-03,1.202714414e+00,5.887900620e+00,1.360711778e-01,6.680826691e-16,8.673617380e-19,1.318988870e-18,1.117370900e-02,-2.740864456e-01,-2.518620968e+00,-1.489995241e+00,-8.767011762e-01,-6.814051867e-01,3.279340640e-02,-7.556510024e-04,5.410489692e+00,-2.236138882e+00,-6.270617063e-01,-2.123529699e-02,9.152299339e-05,6.316616502e-01,-5.762180054e-02,7.840570537e-02,6.314276660e-01,-5.727904554e-02,7.721113909e-02,4.846000075e-01,-1.231999695e-01,2.249992639e-02,1.977458018e+00,6.999957561e-02,0,0
7.700000000e-01,1.262744010e-03,1.639808197e-02,2.746213660e-02,8.198949121e-03,4.537535507e-03,1.211410915e+00,5.888540778e+00,1.360625552e-01,4.443229294e-16,4.091337135e-18,7.666467083e-19,1.216336800e-02,-2.740855515e-01,-2.519420147e+00,-1.490109086e+00,-8.773147464e-01,-6.813471317e-01,3.262514621e-02,-9.361554242e-04,5.411562172e+00,-2.235216158e+00,-6.271076274e-01,-2.124191674e-02,8.754942263e-05,6.316630453e-01,-5.763020401e-02,7.810020947e-02,6.314277372e-01,-5.727900038e-02,7.691033193e-02,4.846000075e-01,-1.231999844e-01,2.249995247e-02,1.977458018e+00,6.999957934e-02,0,0
7.800000000e-01,1.261415926e-03,1.653600982e-02,2.237379103e-02,8.267910708e-03,4.557018891e-03,1.390028453e+00,5.870094217e+00,1.360535550e-01,2.063974692e-17,1.157204893e-17,1.080128762e-18,1.314653800e-02,-2.740852535e-01,-2.520229816e+00,-1.490227818e+00,-8.779368401e-01,-6.812933087e-01,3.246112913e-02,2.253078948e-03,5.394618802e+00,-2.228219881e+00,-6.250340587e-01,-2.139074486e-02,2.133716317e-04,6.316645740e-01,-5.763840545e-02,7.779219850e-02,6.314278091e-01,-5.727895477e-02,7.660648871e-02,4.846000075e-01,-1.231999770e-01,2.249991708e-02,1.977458018e+00,6.999958307e-02,0,0
7.900000000e-01,1.258180894e-03,1.666794874e-02,2.855152143e-02,8.333877897e-03,4.576996762e-03,1.209248936e+00,5.891108384e+00,1.360444441e-01,1.423537222e-16,5.275955480e-18,1.479648008e-18,1.121951000e-02,-2.740844488e-01,-2.521051168e+00,-1.490347981e+00,-8.785662651e-01,-6.812393665e-01,3.230350092e-02,-6.992201344e-04,5.414927611e+00,-2.233769885e+00,-6.273252065e-01,-2.125212639e-02,6.725642559e-05,6.316657708e-01,-5.764620323e-02,7.747927094e-02,6.314278817e-01,-5.727890870e-02,7.629964275e-02,4.845999479e-01,-1.231999844e-01,2.249993570e-02,1.977458018e+00,6.999956816e-02,0,0
8.000000000e-01,1.253510237e-03,1.680187753e-02,2.791070899e-02,8.400839947e-03,4.595656553e-03,1.245678735e+00,5.890489078e+00,1.360352443e-01,6.663755988e-16,9.107298249e-18,6.060874398e-19,1.316726800e-02,-2.740848660e-01,-2.521881104e+00,-1.490469217e+00,-8.791967034e-01,-6.811876297e-01,3.213997185e-02,-7.244620464e-04,5.414814209e+00,-2.232434987e+00,-6.272396266e-01,-2.127446940e-02,9.174764454e-05,6.316662553e-01,-5.765426648e-02,7.716182280e-02,6.314279550e-01,-5.727886219e-02,7.598982771e-02,4.845999777e-01,-1.231999621e-01,2.249993198e-02,1.977458018e+00,6.999956816e-02,0,0
8.100000000e-01,1.251495947e-03,1.694036530e-02,2.844008781e-02,8.470081371e-03,4.614932026e-03,1.245557332e+00,5.891840090e+00,1.360256651e-01,2.260475988e-16,1.482148388e-17,2.496020845e-18,1.336892000e-02,-2.740848958e-01,-2.522717953e+00,-1.490595460e+00,-8.798357844e-01,-6.811348200e-01,3.197393194e-02,-2.422711264e-04,5.416557033e+00,-2.231737181e+00,-6.273636807e-01,-2.129441943e-02,8.116583598e-05,6.316675328e-01,-5.766246072e-02,7.684399493e-02,6.314280290e-01,-5.727881523e-02,7.567707755e-02,4.846000075e-01,-1.231999770e-01,2.249995992e-02,1.977458018e+00,6.999956816e-02,0,0
8.200000000e-01,1.250240327e-03,1.706881319e-02,2.334785639e-02,8.534302994e-03,4.632321582e-03,1.415469627e+00,5.873105099e+00,1.360155544e-01,4.442662045e-16,3.730663897e-18,1.260894964e-18,1.114125900e-02,-2.740856707e-01,-2.523568153e+00,-1.490728617e+00,-8.804892302e-01,-6.810879707e-01,3.181996569e-02,2.316890394e-03,5.399388376e+00,-2.224540761e+00,-6.252380223e-01,-2.142619622e-02,1.985898767e-04,6.316692337e-01,-5.767037494e-02,7.652401038e-02,6.314281037e-01,-5.727876784e-02,7.536142657e-02,4.846000075e-01,-1.231999695e-01,2.249995619e-02,1.977458018e+00,6.999957561e-02,0,0
8.300000000e-01,1.247400245e-03,1.719263371e-02,2.930202543e-02,8.596210982e-03,4.649782083e-03,1.243616443e+00,5.893579321e+00,1.360052315e-01,3.335420363e-16,3.878959614e-18,1.751582215e-18,1.285665500e-02,-2.740862370e-01,-2.524430037e+00,-1.490864515e+00,-8.811494708e-01,-6.810417175e-01,3.167058900e-02,-8.831999197e-04,5.419198275e+00,-2.229887738e+00,-6.274667105e-01,-2.127623541e-02,6.100163730e-05,6.316707564e-01,-5.767801594e-02,7.619951061e-02,6.314281791e-01,-5.727872002e-02,7.504290940e-02,4.846000075e-01,-1.231999621e-01,2.249991894e-02,1.977458018e+00,6.999957561e-02,0,0
8.400000000e-01,1.243462164e-03,1.732032527e-02,2.863811866e-02,8.660054387e-03,4.666412601e-03,1.281030154e+00,5.893122272e+00,1.359949039e-01,4.441264777e-16,5.553824967e-18,1.578622192e-18,1.322203800e-02,-2.740875781e-01,-2.525299072e+00,-1.491000414e+00,-8.818112612e-01,-6.809965968e-01,3.151382133e-02,-9.151487759e-04,5.419257103e+00,-2.228556025e+00,-6.273963903e-01,-2.129631696e-02,8.827105650e-05,6.316715227e-01,-5.768577896e-02,7.587103160e-02,6.314282551e-01,-5.727867178e-02,7.472156095e-02,4.846000075e-01,-1.231999844e-01,2.249996923e-02,1.977458018e+00,6.999957189e-02,0,0
8.500000000e-01,1.240693122e-03,1.745232223e-02,2.905299522e-02,8.726050370e-03,4.683346585e-03,1.284559888e+00,5.894641805e+00,1.359842936e-01,1.954934074e-17,9.148507954e-18,3.794707604e-19,1.235896000e-02,-2.740889490e-01,-2.526175022e+00,-1.491140008e+00,-8.824777007e-01,-6.809507012e-01,3.135281056e-02,-2.876699472e-04,5.421182669e+00,-2.227849149e+00,-6.275457180e-01,-2.132930682e-02,8.102534791e-05,6.316725992e-01,-5.769376348e-02,7.554079363e-02,6.314283318e-01,-5.727862311e-02,7.439741646e-02,4.846000075e-01,-1.231999844e-01,2.249996364e-02,1.977458018e+00,6.999957934e-02,0,0
8.600000000e-01,1.238328103e-03,1.757459943e-02,2.421670170e-02,8.787186628e-03,4.698391110e-03,1.444629360e+00,5.876438511e+00,1.359732230e-01,1.275228253e-16,1.826100319e-17,8.677851511e-19,1.113868800e-02,-2.740904987e-01,-2.527062416e+00,-1.491285563e+00,-8.831546903e-01,-6.809103489e-01,3.120232187e-02,2.578657826e-03,5.404527029e+00,-2.220796149e+00,-6.254712166e-01,-2.146376423e-02,1.922787941e-04,6.316739171e-01,-5.770111143e-02,7.520833596e-02,6.314284091e-01,-5.727857403e-02,7.407051149e-02,4.846000075e-01,-1.231999695e-01,2.249992453e-02,1.977458018e+00,6.999959052e-02,0,0
8.700000000e-01,1.235892142e-03,1.769245105e-02,3.040780253e-02,8.846110150e-03,4.713965214e-03,1.262931616e+00,5.897222465e+00,1.359617611e-01,2.224930795e-16,4.336808690e-18,1.018515471e-18,1.108264800e-02,-2.740919590e-01,-2.527961969e+00,-1.491436243e+00,-8.838426471e-01,-6.808701754e-01,3.105887398e-02,-2.428511142e-04,5.424638319e+00,-2.226214810e+00,-6.277297688e-01,-2.132626921e-02,4.278663518e-05,6.316756610e-01,-5.770849496e-02,7.487289776e-02,6.314284871e-01,-5.727852455e-02,7.374088188e-02,4.845999479e-01,-1.231999844e-01,2.249994129e-02,1.977458018e+00,6.999957189e-02,0,0
8.800000000e-01,1.232104359e-03,1.781144753e-02,2.956838561e-02,8.905606042e-03,4.728337024e-03,1.306372691e+00,5.896774743e+00,1.359501553e-01,1.143898548e-16,5.275955480e-18,5.528368034e-19,1.283591500e-02,-2.740939260e-01,-2.528869629e+00,-1.491588712e+00,-8.845311403e-01,-6.808320880e-01,3.091062978e-02,-8.396034175e-04,5.424746456e+00,-2.224784834e+00,-6.276583029e-01,-2.133181316e-02,7.726747373e-05,6.316768465e-01,-5.771574116e-02,7.453339081e-02,6.314285658e-01,-5.727847465e-02,7.340856378e-02,4.846000075e-01,-1.231999844e-01,2.249990404e-02,1.977458018e+00,6.999956816e-02,0,0
8.900000000e-01,1.229746155e-03,1.793870090e-02,2.910094582e-02,8.969230188e-03,4.743677161e-03,1.335698938e+00,5.896250838e+00,1.359384520e-01,6.726058928e-16,7.996680104e-18,3.525324669e-18,1.113300800e-02,-2.740962207e-01,-2.529782057e+00,-1.491742492e+00,-8.852244020e-01,-6.807916164e-01,3.075440042e-02,-8.360638396e-04,5.424762037e+00,-2.223381654e+00,-6.275733634e-01,-2.134890685e-02,9.510679086e-05,6.316780545e-01,-5.772355927e-02,7.419248838e-02,6.314286450e-01,-5.727842436e-02,7.307359363e-02,4.846000075e-01,-1.231999621e-01,2.249991521e-02,1.977458018e+00,6.999957189e-02,0,0
9.000000000e-01,1.227303064e-03,1.806199124e-02,2.856341576e-02,9.030872860e-03,4.758448428e-03,1.379394436e+00,5.894584327e+00,1.359265183e-01,4.496666261e-16,1.226634733e-18,7.818293052e-19,1.181191500e-02,-2.740985751e-01,-2.530703306e+00,-1.491899252e+00,-8.859245777e-01,-6.807531118e-01,3.060233220e-02,-7.676702735e-03,5.423810630e+00,-2.221323068e+00,-6.273917639e-01,-2.114463904e-02,1.106436952e-04,6.316791520e-01,-5.773109394e-02,7.384893379e-02,6.314287249e-01,-5.727837368e-02,7.273600817e-02,4.846000075e-01,-1.231999919e-01,2.249993384e-02,1.977458018e+00,6.999958307e-02,0,0
9.100000000e-01,1.225274112e-03,1.817624499e-02,2.478522847e-02,9.087997392e-03,4.771402509e-03,1.487951810e+00,5.879440992e+00,1.359141882e-01,5.391614331e-17,1.073743386e-17,3.394089663e-18,1.276015400e-02,-2.741017938e-01,-2.531635046e+00,-1.492061138e+00,-8.866346478e-01,-6.807199121e-01,3.046024218e-02,2.942151668e-03,5.409955195e+00,-2.215478520e+00,-6.256149943e-01,-2.152376747e-02,1.894151292e-04,6.316802942e-01,-5.773841602e-02,7.350325764e-02,6.314288054e-01,-5.727832261e-02,7.239584441e-02,4.845999479e-01,-1.231999844e-01,2.249995060e-02,1.977458018e+00,6.999958679e-02,0,0
9.200000000e-01,1.222133622e-03,1.829195000e-02,3.004960146e-02,9.145847493e-03,4.785224223e-03,1.341168252e+00,5.898971586e+00,1.359016465e-01,2.061695315e-17,1.326808328e-17,1.900448998e-18,1.241981100e-02,-2.741052508e-01,-2.532576323e+00,-1.492225766e+00,-8.873481750e-01,-6.806849241e-01,3.031651489e-02,-6.450016598e-04,5.428898993e+00,-2.220449305e+00,-6.277494407e-01,-2.136806400e-02,7.440663469e-05,6.316813518e-01,-5.774613369e-02,7.315358344e-02,6.314288865e-01,-5.727827116e-02,7.205313966e-02,4.846000075e-01,-1.231999770e-01,2.249994501e-02,1.977458018e+00,6.999957189e-02,0,0
9.300000000e-01,1.219444292e-03,1.841442138e-02,2.956220013e-02,9.207080606e-03,4.799382514e-03,1.371518495e+00,5.898591996e+00,1.358889857e-01,1.188918523e-16,1.226634733e-18,1.843940728e-18,1.227174900e-02,-2.741090357e-01,-2.533523321e+00,-1.492391944e+00,-8.880649209e-01,-6.806488633e-01,3.016489930e-02,-6.293625518e-04,5.429073474e+00,-2.219032901e+00,-6.276813722e-01,-2.138765898e-02,9.388031045e-05,6.316822489e-01,-5.775417770e-02,7.280171249e-02,6.314289682e-01,-5.727821933e-02,7.170793149e-02,4.846000075e-01,-1.231999621e-01,2.249994501e-02,1.977458018e+00,6.999956816e-02,0,0
9.400000000e-01,1.218167165e-03,1.853862759e-02,2.818846482e-02,9.269181061e-03,4.813809282e-03,1.439263469e+00,5.898025685e+00,1.358760604e-01,2.969368287e-17,5.076104429e-18,2.881306796e-18,1.288329500e-02,-2.741127312e-01,-2.534476042e+00,-1.492561579e+00,-8.887866139e-01,-6.806125045e-01,3.001236357e-02,-7.724654328e-03,5.429123215e+00,-2.217395789e+00,-6.276735171e-01,-2.121975636e-02,1.299703346e-04,6.316834106e-01,-5.776228248e-02,7.244877258e-02,6.314290504e-01,-5.727816714e-02,7.136025778e-02,4.845999777e-01,-1.231999546e-01,2.249994129e-02,1.977458018e+00,6.999958307e-02,0,0
9.500000000e-01,1.216771975e-03,1.865204814e-02,2.495108103e-02,9.325888881e-03,4.825839521e-03,1.532434162e+00,5.881411754e+00,1.358627456e-01,5.605063088e-17,1.371419324e-18,1.898321593e-18,1.265623300e-02,-2.741174400e-01,-2.535439491e+00,-1.492736220e+00,-8.895174861e-01,-6.805827022e-01,2.987079695e-02,3.019265522e-03,5.413943973e+00,-2.210941166e+00,-6.256834832e-01,-2.156532878e-02,1.965293732e-04,6.316844259e-01,-5.777003206e-02,7.209338186e-02,6.314291333e-01,-5.727811457e-02,7.101015663e-02,4.846000075e-01,-1.231999770e-01,2.249995619e-02,1.977458018e+00,6.999958307e-02,0,0
9.600000000e-01,1.214571775e-03,1.876232785e-02,3.086305864e-02,9.381026326e-03,4.839089559e-03,1.364114014e+00,5.901903735e+00,1.358493136e-01,4.441069972e-16,6.133173667e-18,1.117570019e-18,1.276722400e-02,-2.741214931e-01,-2.536411762e+00,-1.492912412e+00,-8.902553916e-01,-6.805511117e-01,2.973405644e-02,-3.546393966e-04,5.433819322e+00,-2.216153848e+00,-6.279163901e-01,-2.140717648e-02,6.049003544e-05,6.316853002e-01,-5.777758202e-02,7.173473898e-02,6.314292167e-01,-5.727806165e-02,7.065766645e-02,4.846000075e-01,-1.231999546e-01,2.249995060e-02,1.977458018e+00,6.999958307e-02,0,0
9.700000000e-01,1.209861551e-03,1.887613230e-02,3.015506147e-02,9.437926031e-03,4.851602720e-03,1.402079644e+00,5.901379362e+00,1.358358090e-01,4.442526571e-16,7.996680104e-18,6.060874398e-19,1.182235500e-02,-2.741263211e-01,-2.537391901e+00,-1.493089437e+00,-8.909900188e-01,-6.805201173e-01,2.958906256e-02,-5.889602690e-04,5.433864372e+00,-2.214669358e+00,-6.278350860e-01,-2.141839782e-02,8.880797592e-05,6.316853259e-01,-5.778530739e-02,7.137093811e-02,6.314293006e-01,-5.727800838e-02,7.030282588e-02,4.845999777e-01,-1.231999695e-01,2.249994315e-02,1.977458018e+00,6.999959052e-02,0,0
9.800000000e-01,1.206203149e-03,1.899589729e-02,2.980631240e-02,9.497805843e-03,4.864816836e-03,1.425901132e+00,5.901173397e+00,1.358221863e-01,5.316439275e-17,5.275955480e-18,1.105673607e-18,1.319746800e-02,-2.741310894e-01,-2.538376093e+00,-1.493268013e+00,-8.917273283e-01,-6.804873943e-01,2.943789586e-02,-6.249389512e-04,5.434213049e+00,-2.213279262e+00,-6.277826594e-01,-2.143452362e-02,1.014271998e-04,6.316853215e-01,-5.779324174e-02,7.100581626e-02,6.314293852e-01,-5.727795476e-02,6.994567385e-02,4.846000075e-01,-1.231999919e-01,2.249996364e-02,1.977458018e+00,6.999959424e-02,0,0
9.900000000e-01,1.205039571e-03,1.911731818e-02,2.418066714e-02,9.558513531e-03,4.877855107e-03,1.611234403e+00,5.881689158e+00,1.358080252e-01,6.029879838e-17,4.848699518e-18,1.062642584e-18,1.273924300e-02,-2.741360962e-01,-2.539367437e+00,-1.493453622e+00,-8.924726844e-01,-6.804558635e-01,2.928703278e-02,3.079495683e-03,5.416392068e+00,-2.205706672e+00,-6.255760232e-01,-2.162157755e-02,2.362319008e-04,6.316861944e-01,-5.780140093e-02,7.064083979e-02,6.314294702e-01,-5.727790080e-02,6.958624951e-02,4.846000075e-01,-1.231999546e-01,2.249992825e-02,1.977458018e+00,6.999959797e-02,0,0
1.000000000e+00,1.205390220e-03,1.923428006e-02,3.103990081e-02,9.616991782e-03,4.891896993e-03,1.433201130e+00,5.906869612e+00,1.357936389e-01,3.335645909e-16,1.939479807e-18,1.611782403e-18,1.175326400e-02,-2.741404772e-01,-2.540364504e+00,-1.493642211e+00,-8.932261467e-01,-6.804233193e-01,2.914422192e-02,-6.242190418e-03,5.440710991e+00,-2.212321159e+00,-6.284235664e-01,-2.127110378e-02,8.054444264e-05,6.316873902e-01,-5.780939555e-02,7.027527900e-02,6.314295558e-01,-5.727784650e-02,6.922459228e-02,4.846000075e-01,-1.231999695e-01,2.249992453e-02,1.977458018e+00,6.999958307e-02,0,0
1.010000000e+00,1.204767451e-03,1.933812528e-02,2.575769750e-02,9.668911982e-03,4.902816197e-03,1.572995071e+00,5.885249577e+00,1.357787054e-01,2.233081710e-16,9.540979118e-18,1.648736088e-18,1.207617800e-02,-2.741462886e-01,-2.541375637e+00,-1.493837833e+00,-8.939909339e-01,-6.803992987e-01,2.901447006e-02,3.372536373e-03,5.420877567e+00,-2.204103634e+00,-6.258570353e-01,-2.162680566e-02,1.850092605e-04,6.316885105e-01,-5.781703386e-02,6.990652847e-02,6.314296419e-01,-5.727779188e-02,6.886074182e-02,4.846000075e-01,-1.231999695e-01,2.249994688e-02,1.977458018e+00,6.999958679e-02,0,0
1.020000000e+00,1.200978002e-03,1.944365194e-02,3.122463957e-02,9.721672831e-03,4.914759901e-03,1.426350048e+00,5.905918945e+00,1.357638769e-01,2.226063243e-16,5.057544570e-18,1.954573263e-19,1.092769700e-02,-2.741512656e-01,-2.542393684e+00,-1.494032025e+00,-8.947526813e-01,-6.803722978e-01,2.887999825e-02,-4.467923519e-04,5.440930534e+00,-2.209330622e+00,-6.281329057e-01,-2.146059260e-02,7.098448553e-05,6.316886896e-01,-5.782430817e-02,6.953230594e-02,6.314297285e-01,-5.727773693e-02,6.849473804e-02,4.845999777e-01,-1.231999695e-01,2.249993756e-02,1.977458018e+00,6.999958679e-02,0,0
1.030000000e+00,1.197550762e-03,1.955600299e-02,3.069370952e-02,9.777845684e-03,4.926789194e-03,1.455912511e+00,5.905593973e+00,1.357489085e-01,1.061623839e-16,2.126363438e-17,2.852090621e-18,1.171672400e-02,-2.741567194e-01,-2.543416023e+00,-1.494228005e+00,-8.955144882e-01,-6.803445816e-01,2.873688191e-02,-4.630051342e-04,5.441179882e+00,-2.207865964e+00,-6.280668981e-01,-2.147794285e-02,9.089748972e-05,6.316886506e-01,-5.783193618e-02,6.915615210e-02,6.314298156e-01,-5.727768166e-02,6.812662106e-02,4.846000075e-01,-1.231999770e-01,2.249995247e-02,1.977458018e+00,6.999959797e-02,0,0
1.040000000e+00,1.195829252e-03,1.967361295e-02,2.990336847e-02,9.836647838e-03,4.939929910e-03,1.487469396e+00,5.904222190e+00,1.357336956e-01,6.710381518e-16,1.582786644e-17,3.040119131e-18,1.405255600e-02,-2.741622329e-01,-2.544442892e+00,-1.494427204e+00,-8.962810636e-01,-6.803147793e-01,2.859000117e-02,-6.612706463e-04,5.440457425e+00,-2.206029909e+00,-6.278789090e-01,-2.150190593e-02,1.084086522e-04,6.316889621e-01,-5.784001047e-02,6.877947567e-02,6.314299032e-01,-5.727762608e-02,6.775643126e-02,4.846000075e-01,-1.231999695e-01,2.249991708e-02,1.977458018e+00,6.999960169e-02,0,0
1.050000000e+00,1.196086715e-03,1.979206434e-02,3.087352992e-02,9.895870649e-03,4.953272359e-03,1.472760489e+00,5.906520379e+00,1.357181179e-01,4.443127703e-16,1.140836248e-17,3.737353559e-18,1.195531700e-02,-2.741676867e-01,-2.545475006e+00,-1.494631171e+00,-8.970539570e-01,-6.802852750e-01,2.844409458e-02,-1.298757712e-04,5.443176722e+00,-2.205412430e+00,-6.280951588e-01,-2.150848630e-02,8.701042490e-05,6.316897910e-01,-5.784814762e-02,6.840282051e-02,6.314299913e-01,-5.727757020e-02,6.738420923e-02,4.846000075e-01,-1.231999844e-01,2.249996737e-02,1.977458018e+00,6.999959797e-02,0,0
1.060000000e+00,1.197162682e-03,1.990188337e-02,3.133257000e-02,9.950777462e-03,4.965446636e-03,1.487545334e+00,5.910002026e+00,1.357020711e-01,9.912240908e-17,4.336808690e-18,1.197540441e-18,1.111266800e-02,-2.741736174e-01,-2.546516180e+00,-1.494841218e+00,-8.978360295e-01,-6.802597642e-01,2.830891125e-02,-6.072811682e-03,5.447056132e+00,-2.205034526e+00,-6.285175395e-01,-2.133052401e-02,8.340823914e-05,6.316909526e-01,-5.785609606e-02,6.802507542e-02,6.314300798e-01,-5.727751402e-02,6.700999579e-02,4.846000075e-01,-1.231999695e-01,2.249993011e-02,1.977458018e+00,6.999960542e-02,0,0
1.070000000e+00,1.196469478e-03,2.000184293e-02,3.205276361e-02,1.000075475e-02,4.976184460e-03,1.452410875e+00,5.909156198e+00,1.356856888e-01,5.572574728e-16,6.992893893e-18,2.105139830e-18,1.377172400e-02,-2.741799355e-01,-2.547568798e+00,-1.495055556e+00,-8.986247182e-01,-6.802384257e-01,2.818329446e-02,-3.690713441e-04,5.446831528e+00,-2.203399341e+00,-6.282693489e-01,-2.149665715e-02,5.392514575e-05,6.316917973e-01,-5.786358855e-02,6.764355480e-02,6.314301688e-01,-5.727745754e-02,6.663383198e-02,4.846000075e-01,-1.231999770e-01,2.249994874e-02,1.977458018e+00,6.999959424e-02,0,0
1.080000000e+00,1.193715609e-03,2.010614683e-02,3.132629189e-02,1.005290408e-02,4.986816612e-03,1.489291658e+00,5.908889924e+00,1.356693276e-01,2.353988437e-16,7.996680104e-18,1.834353450e-18,1.234787000e-02,-2.741862535e-01,-2.548626900e+00,-1.495269537e+00,-8.994104862e-01,-6.802164912e-01,2.804946527e-02,-4.193962981e-04,5.447152927e+00,-2.201906537e+00,-6.282114981e-01,-2.151422807e-02,8.331149407e-05,6.316917742e-01,-5.787092532e-02,6.725790424e-02,6.314302583e-01,-5.727740078e-02,6.625575904e-02,4.846000075e-01,-1.232000068e-01,2.249996737e-02,1.977458018e+00,6.999959424e-02,0,0
1.090000000e+00,1.648659443e-03,1.894176670e-02,2.530578110e-01,9.470741766e-03,4.894093801e-03,7.798371433e+00,5.524751202e+00,1.356595793e-01,7.758404084e-17,3.029564307e-17,7.269816092e-18,1.150472200e-02,-2.742155790e-01,-2.549509048e+00,-1.495412827e+00,-9.022371769e-01,-6.807426214e-01,3.000102006e-02,1.015252550e-02,5.106996400e+00,-2.033596775e+00,-5.527540646e-01,-1.665580405e-02,-5.498134503e-03,6.317193923e-01,-5.781978648e-02,6.740561821e-02,6.314303482e-01,-5.727734374e-02,6.587581844e-02,4.846862257e-01,-1.231657118e-01,2.255214378e-02,1.977517480e+00,6.999964640e-02,0,0
1.100000000e+00,2.224802084e-03,1.828452763e-02,1.972228791e-01,9.142136462e-03,4.834021170e-03,5.681888726e+00,5.570085705e+00,1.356520892e-01,2.498543848e-16,2.255140519e-17,1.111611291e-17,1.236228000e-02,-2.742529809e-01,-2.550330162e+00,-1.495529532e+00,-9.053338170e-01,-6.812846065e-01,3.163052350e-02,1.233040872e-02,5.146418224e+00,-2.054927527e+00,-5.630828042e-01,-1.680162344e-02,-3.241488474e-03,6.317520028e-01,-5.777297391e-02,6.763896084e-02,6.314304385e-01,-5.727728643e-02,6.549405184e-02,4.846739471e-01,-1.231735572e-01,2.251357585e-02,1.977518254e+00,6.999959797e-02,0,0
1.110000000e+00,2.861509202e-03,1.763262019e-02,2.341819658e-01,8.816195882e-03,4.743859468e-03,7.127790003e+00,5.488842248e+00,1.356522579e-01,4.442526571e-16,6.938893904e-18,2.883244015e-17,1.186749500e-02,-2.743128538e-01,-2.551065922e+00,-1.495546460e+00,-9.085751176e-01,-6.819760799e-01,3.347396851e-02,2.849771641e-02,5.070719021e+00,-2.027985311e+00,-5.490405799e-01,-1.421838401e-02,-3.683421828e-03,6.317608422e-01,-5.771196003e-02,6.791943989e-02,6.314305293e-01,-5.727722884e-02,6.511050111e-02,4.846719503e-01,-1.231736764e-01,2.250306681e-02,1.977523240e+00,6.999937072e-02,0,0
1.120000000e+00,3.499198983e-03,1.731811004e-02,2.248413548e-01,8.658946812e-03,4.640364861e-03,7.295279339e+00,5.460174426e+00,1.356593208e-01,1.342842933e-16,5.898059818e-17,1.736890527e-17,1.192375600e-02,-2.744043171e-01,-2.551740408e+00,-1.495471835e+00,-9.117590785e-01,-6.827816367e-01,3.507740796e-02,3.885747157e-02,5.042187621e+00,-2.022269741e+00,-5.464041939e-01,-1.380462296e-02,-3.980624016e-03,6.317410967e-01,-5.764656436e-02,6.819097612e-02,6.314306204e-01,-5.727717100e-02,6.472520831e-02,4.846727252e-01,-1.231735423e-01,2.250277437e-02,1.977518053e+00,6.999960542e-02,0,0
1.130000000e+00,4.138773767e-03,1.718653063e-02,2.237127010e-01,8.593159557e-03,4.553167322e-03,7.497846894e+00,5.464687081e+00,1.356711638e-01,2.233570156e-16,3.469446952e-17,1.044441840e-17,1.165797300e-02,-2.745096684e-01,-2.552371025e+00,-1.495334268e+00,-9.149042368e-01,-6.836228967e-01,3.667981923e-02,3.621848704e-02,5.046098607e+00,-2.024688691e+00,-5.466588281e-01,-1.288230497e-02,-3.980238632e-03,6.317049392e-01,-5.758034228e-02,6.845674693e-02,6.314307120e-01,-5.727711290e-02,6.433821568e-02,4.846721888e-01,-1.231737807e-01,2.250212431e-02,1.977516519e+00,6.999971718e-02,0,0
1.140000000e+00,4.779530322e-03,1.729575256e-02,2.307719756e-01,8.647768493e-03,4.508082622e-03,7.948345863e+00,5.413836008e+00,1.356855875e-01,1.112930229e-16,2.221529987e-17,1.044441840e-17,1.272632300e-02,-2.746236026e-01,-2.552985191e+00,-1.495162964e+00,-9.180412292e-01,-6.844654679e-01,3.824980184e-02,5.789452505e-02,4.997558873e+00,-2.009918447e+00,-5.392086063e-01,-1.190332742e-02,-3.752957003e-03,6.316604603e-01,-5.751721586e-02,6.871753071e-02,6.314308040e-01,-5.727705455e-02,6.394956567e-02,4.846718013e-01,-1.231739745e-01,2.250176854e-02,1.977518207e+00,6.999961659e-02,0,0
1.150000000e+00,5.425705214e-03,1.758231672e-02,2.352939625e-01,8.791045125e-03,4.496674379e-03,8.590405506e+00,5.391490477e+00,1.357028163e-01,7.773148592e-16,4.234999717e-17,0.000000000e+00,1.302967700e-02,-2.747454047e-01,-2.553578377e+00,-1.494955182e+00,-9.211888313e-01,-6.853120327e-01,3.986836597e-02,5.748014166e-02,4.977907368e+00,-1.999733370e+00,-5.349859206e-01,-1.188895691e-02,-4.358507629e-03,6.316078752e-01,-5.745638267e-02,6.897915108e-02,6.314308963e-01,-5.727699596e-02,6.355930090e-02,4.846702814e-01,-1.231745481e-01,2.250003628e-02,1.977517578e+00,6.999967247e-02,0,0
1.160000000e+00,6.077249755e-03,1.808872612e-02,2.255673673e-01,9.044239754e-03,4.550150502e-03,8.385339304e+00,5.405529415e+00,1.357194810e-01,4.441535797e-16,1.551583846e-17,1.072867218e-17,1.264554300e-02,-2.748589516e-01,-2.554179430e+00,-1.494755626e+00,-9.243555665e-01,-6.860859394e-01,4.152218997e-02,5.773199763e-02,4.991319094e+00,-2.003773949e+00,-5.365511074e-01,-1.173775098e-02,-3.750739797e-03,6.315613036e-01,-5.740267724e-02,6.924201535e-02,6.314309890e-01,-5.727693713e-02,6.316746417e-02,4.846702218e-01,-1.231745929e-01,2.250005305e-02,1.977517538e+00,6.999959424e-02,0,0
1.170000000e+00,6.730758393e-03,1.881163337e-02,2.172884063e-01,9.405677996e-03,4.645917572e-03,8.419017040e+00,5.403451667e+00,1.357374940e-01,5.048611602e-17,4.718958040e-17,6.992893893e-18,1.314493800e-02,-2.749794424e-01,-2.554774046e+00,-1.494538426e+00,-9.275317788e-01,-6.868659258e-01,4.314148799e-02,6.013866126e-02,4.989713873e+00,-2.002181536e+00,-5.362306291e-01,-1.187298970e-02,-3.682786829e-03,6.315094497e-01,-5.735114056e-02,6.950399087e-02,6.314310821e-01,-5.727687807e-02,6.277409844e-02,4.846710265e-01,-1.231742278e-01,2.250088379e-02,1.977517539e+00,6.999967247e-02,0,0
1.180000000e+00,7.387238936e-03,1.972016552e-02,2.346136689e-01,9.859922994e-03,4.788924787e-03,9.392479112e+00,5.373384998e+00,1.357551304e-01,3.344655280e-16,2.525795507e-17,1.592264493e-17,1.276420500e-02,-2.750984728e-01,-2.555375576e+00,-1.494326353e+00,-9.307223558e-01,-6.876239181e-01,4.475907609e-02,5.900224526e-02,4.962424976e+00,-1.990626217e+00,-5.304694888e-01,-1.062348146e-02,-4.467052573e-03,6.314588182e-01,-5.730229768e-02,6.976639012e-02,6.314311755e-01,-5.727681879e-02,6.237924684e-02,4.846701920e-01,-1.231745109e-01,2.250008658e-02,1.977517617e+00,6.999962777e-02,0,0
1.190000000e+00,8.046747328e-03,2.075920525e-02,2.245147816e-01,1.037941625e-02,4.958165445e-03,9.273835389e+00,5.347295032e+00,1.357739694e-01,1.221371297e-15,3.469446952e-17,1.837906572e-17,1.261527300e-02,-2.752248943e-01,-2.555974007e+00,-1.494098544e+00,-9.339356422e-01,-6.883956194e-01,4.640974477e-02,7.462612805e-02,4.937424930e+00,-1.982833460e+00,-5.273259013e-01,-1.065656661e-02,-3.933064013e-03,6.314028768e-01,-5.725477700e-02,7.002961990e-02,6.314312693e-01,-5.727675929e-02,6.198295269e-02,4.846706092e-01,-1.231744066e-01,2.250048146e-02,1.977518403e+00,6.999967992e-02,0,0
1.200000000e+00,8.711198020e-03,2.191404569e-02,2.308691366e-01,1.095680360e-02,5.152909629e-03,9.820958581e+00,5.348833330e+00,1.357939409e-01,1.110223025e-16,3.878959614e-17,7.757919229e-18,1.298584600e-02,-2.753553391e-01,-2.556569576e+00,-1.493856192e+00,-9.371808767e-01,-6.891644001e-01,4.811038077e-02,7.117873039e-02,4.939752613e+00,-1.981663646e+00,-5.260093646e-01,-1.004527143e-02,-4.259471982e-03,6.313435056e-01,-5.720937496e-02,7.029575422e-02,6.314313634e-01,-5.727669959e-02,6.158525944e-02,4.846703410e-01,-1.231745780e-01,2.250003628e-02,1.977518128e+00,6.999966875e-02,0,0
1.210000000e+00,9.378699937e-03,2.318322875e-02,2.325577773e-01,1.159135479e-02,5.377820114e-03,1.021530096e+01,5.332807291e+00,1.358136747e-01,1.377904518e-16,1.551583846e-17,6.992893893e-18,1.326748900e-02,-2.754850090e-01,-2.557175159e+00,-1.493617296e+00,-9.404559135e-01,-6.899080276e-01,4.984849319e-02,7.630677994e-02,4.925745120e+00,-1.973947004e+00,-5.229328915e-01,-1.002223426e-02,-4.456814225e-03,6.312853758e-01,-5.716757033e-02,7.056313857e-02,6.314314578e-01,-5.727663968e-02,6.118621069e-02,4.846713841e-01,-1.231741607e-01,2.250131220e-02,1.977518443e+00,6.999965757e-02,0,0
1.220000000e+00,1.004920321e-02,2.456788319e-02,2.300363553e-01,1.228363266e-02,5.634295247e-03,1.042287412e+01,5.325719780e+00,1.358333893e-01,3.629263735e-16,5.003707553e-17,1.323970232e-17,1.323725900e-02,-2.756157815e-01,-2.557787418e+00,-1.493378758e+00,-9.437559843e-01,-6.906457543e-01,5.158442259e-02,7.948813985e-02,4.919323460e+00,-1.971049299e+00,-5.216127805e-01,-9.704747450e-03,-4.482909018e-03,6.312263898e-01,-5.712715140e-02,7.083184766e-02,6.314315526e-01,-5.727657957e-02,6.078585022e-02,4.846715331e-01,-1.231741682e-01,2.250126936e-02,1.977515614e+00,6.999969110e-02,0,0
1.230000000e+00,1.066732125e-02,2.596033278e-02,1.733019804e-01,1.297980190e-02,5.914066302e-03,8.184443755e+00,5.397258551e+00,1.358506201e-01,4.747567680e-17,3.456412039e-17,2.602085214e-18,1.263040300e-02,-2.757374048e-01,-2.558434010e+00,-1.493171334e+00,-9.468556046e-01,-6.913001537e-01,5.307651311e-02,7.066334448e-02,4.985247294e+00,-1.996428599e+00,-5.356007876e-01,-1.075746707e-02,-2.212470346e-03,6.311711213e-01,-5.709414219e-02,7.104680169e-02,6.314316476e-01,-5.727651927e-02,6.038422192e-02,4.846701622e-01,-1.231746376e-01,2.249992080e-02,1.977517342e+00,6.999935210e-02,0,0
1.240000000e+00,1.130832981e-02,2.746936070e-02,2.522958284e-01,1.373424853e-02,6.227755423e-03,1.172534919e+01,5.267909350e+00,1.358597770e-01,2.309040107e-16,1.708504484e-17,3.586989123e-17,1.368662300e-02,-2.758316696e-01,-2.559148312e+00,-1.493070006e+00,-9.500604868e-01,-6.919143200e-01,5.471860990e-02,6.679351608e-02,4.871065825e+00,-1.938652322e+00,-5.105259798e-01,-9.265278296e-03,-5.460854163e-03,6.311392098e-01,-5.705597311e-02,7.128376487e-02,6.314317429e-01,-5.727645879e-02,5.998136984e-02,4.846706688e-01,-1.231744513e-01,2.250035293e-02,1.977516085e+00,6.999979913e-02,0,0
1.250000000e+00,1.199317107e-02,2.910674422e-02,2.513689426e-01,1.455285838e-02,6.555884577e-03,1.188609380e+01,5.258388635e+00,1.358680163e-01,3.355927816e-16,1.734723476e-17,4.906538933e-18,1.229125900e-02,-2.759203613e-01,-2.559864044e+00,-1.492982030e+00,-9.534423351e-01,-6.925323606e-01,5.658757687e-02,6.828678372e-02,4.862525992e+00,-1.934640247e+00,-5.088187808e-01,-8.425167728e-03,-5.339319562e-03,6.311131406e-01,-5.701531900e-02,7.156343099e-02,6.314318385e-01,-5.727639813e-02,5.957733815e-02,4.846714735e-01,-1.231741309e-01,2.250123769e-02,1.977516361e+00,6.999963522e-02,0,0
1.260000000e+00,1.268054794e-02,3.080334533e-02,2.413584860e-01,1.540106376e-02,6.894956390e-03,1.156424313e+01,5.272494402e+00,1.358771578e-01,2.229457136e-16,2.797157557e-17,2.083474391e-17,1.300611700e-02,-2.760173082e-01,-2.560572624e+00,-1.492881417e+00,-9.568271637e-01,-6.932203174e-01,5.843431875e-02,7.446224470e-02,4.875572946e+00,-1.939591943e+00,-5.102394899e-01,-7.788210862e-03,-4.376196649e-03,6.310777125e-01,-5.696714509e-02,7.184399909e-02,6.314319344e-01,-5.727633730e-02,5.917217116e-02,4.846746027e-01,-1.231728047e-01,2.250452898e-02,1.977515387e+00,6.999956816e-02,0,0
1.270000000e+00,1.337221760e-02,3.255438362e-02,2.283064008e-01,1.627647306e-02,7.244424200e-03,1.146973583e+01,5.256540772e+00,1.358861369e-01,2.318988568e-16,2.255140519e-17,2.776912484e-17,1.156752300e-02,-2.761181891e-01,-2.561288834e+00,-1.492782593e+00,-9.602420330e-01,-6.939434409e-01,6.031541154e-02,7.705539492e-02,4.861365036e+00,-1.932299187e+00,-5.084738433e-01,-8.347887470e-03,-4.225609252e-03,6.310383822e-01,-5.691530536e-02,7.212746054e-02,6.314320305e-01,-5.727627631e-02,5.876591331e-02,4.846779406e-01,-1.231711432e-01,2.250822447e-02,1.977519850e+00,6.999960914e-02,0,0
1.280000000e+00,1.406449963e-02,3.437442542e-02,2.140935786e-01,1.718636654e-02,7.628298685e-03,1.104439196e+01,5.285689651e+00,1.358956428e-01,4.449607985e-16,1.250926888e-17,3.878959614e-17,1.203781800e-02,-2.762279809e-01,-2.562003136e+00,-1.492676258e+00,-9.636591077e-01,-6.947138309e-01,6.211227924e-02,8.264602730e-02,4.887766350e+00,-1.943799989e+00,-5.128273537e-01,-7.906994161e-03,-3.465768465e-03,6.309919505e-01,-5.686034913e-02,7.241006636e-02,6.314321269e-01,-5.727621516e-02,5.835860914e-02,4.846858680e-01,-1.231677830e-01,2.251682989e-02,1.977513702e+00,6.999971345e-02,0,0
1.290000000e+00,1.476122184e-02,3.623079144e-02,2.480595868e-01,1.811440492e-02,8.017391129e-03,1.274744139e+01,5.236851426e+00,1.359051386e-01,2.893662275e-17,3.752780665e-17,3.556183126e-17,1.220765900e-02,-2.763424218e-01,-2.562724590e+00,-1.492569923e+00,-9.671103954e-01,-6.955062151e-01,6.396883726e-02,8.136607277e-02,4.844432971e+00,-1.922630275e+00,-5.028797137e-01,-6.446706946e-03,-4.986552434e-03,6.309422318e-01,-5.680430771e-02,7.269584297e-02,6.314322235e-01,-5.727615386e-02,5.795030332e-02,4.846915007e-01,-1.231657118e-01,2.252330631e-02,1.977519903e+00,6.999960542e-02,0,0
1.300000000e+00,1.545815510e-02,3.813875484e-02,2.101091188e-01,1.906822171e-02,8.436671668e-03,1.148771592e+01,5.238209569e+00,1.359139478e-01,2.388144736e-16,2.501853777e-17,1.743375517e-17,1.334931900e-02,-2.764580846e-01,-2.563454151e+00,-1.492472410e+00,-9.705661535e-01,-6.962953210e-01,6.576710939e-02,8.623659831e-02,4.845857445e+00,-1.921914185e+00,-5.052138915e-01,-7.829967178e-03,-3.441942088e-03,6.308922706e-01,-5.674952772e-02,7.298078268e-02,6.314323203e-01,-5.727609242e-02,5.754104062e-02,4.846880138e-01,-1.231663078e-01,2.251935750e-02,1.977516896e+00,6.999952719e-02,0,0
1.310000000e+00,1.616061094e-02,4.008793294e-02,2.599793022e-01,2.004262435e-02,8.867433094e-03,1.380560997e+01,5.182530418e+00,1.359219600e-01,2.105028148e-17,5.898059818e-17,3.486751034e-17,1.168080400e-02,-2.765744030e-01,-2.564196110e+00,-1.492385149e+00,-9.740583897e-01,-6.971052289e-01,6.761029363e-02,8.743749223e-02,4.795969032e+00,-1.899086423e+00,-4.930181095e-01,-5.604095024e-03,-5.454611895e-03,6.308410487e-01,-5.669183278e-02,7.327008343e-02,6.314324174e-01,-5.727603084e-02,5.713086592e-02,4.846827388e-01,-1.231693923e-01,2.251332998e-02,1.977511647e+00,6.999975815e-02,0,0
1.320000000e+00,1.686437244e-02,4.203777314e-02,2.316577309e-01,2.101733894e-02,9.280379009e-03,1.294234944e+01,5.222095869e+00,1.359297114e-01,6.161321673e-17,5.250225931e-17,1.734723476e-17,1.121331900e-02,-2.766859829e-01,-2.564943075e+00,-1.492301464e+00,-9.775626063e-01,-6.978906393e-01,6.954592466e-02,9.047410392e-02,4.832108671e+00,-1.913985130e+00,-4.994338272e-01,-5.809592095e-03,-4.303042480e-03,6.307907460e-01,-5.663497468e-02,7.355978611e-02,6.314325147e-01,-5.727596913e-02,5.671982421e-02,4.846922457e-01,-1.231652126e-01,2.252386138e-02,1.977515048e+00,6.999969110e-02,0,0
1.330000000e+00,1.757164474e-02,4.402483057e-02,2.649211595e-01,2.201063765e-02,9.703744914e-03,1.459762056e+01,5.172571418e+00,1.359367003e-01,2.260272131e-16,3.198672042e-17,2.221529987e-17,1.112859800e-02,-2.767967880e-01,-2.565703154e+00,-1.492227912e+00,-9.810999036e-01,-6.986616850e-01,7.151109725e-02,8.922184023e-02,4.789033725e+00,-1.890424936e+00,-4.888021527e-01,-5.039939896e-03,-5.579476991e-03,6.307416406e-01,-5.658011174e-02,7.385222247e-02,6.314326121e-01,-5.727590729e-02,5.630796056e-02,4.846929908e-01,-1.231650785e-01,2.252259292e-02,1.977508893e+00,6.999964267e-02,0,0
1.340000000e+00,1.828098932e-02,4.604683525e-02,2.222921457e-01,2.302138364e-02,1.014270733e-02,1.313071201e+01,5.208169704e+00,1.359420295e-01,2.269904063e-16,2.943923360e-17,7.410741938e-18,1.212884700e-02,-2.769014239e-01,-2.566478014e+00,-1.492176294e+00,-9.846504927e-01,-6.993895173e-01,7.345965505e-02,8.798720258e-02,4.822243974e+00,-1.901927718e+00,-4.958531867e-01,-6.202132429e-03,-3.882713968e-03,6.306979956e-01,-5.652917217e-02,7.414627202e-02,6.314327098e-01,-5.727584534e-02,5.589532013e-02,4.847008586e-01,-1.231616288e-01,2.253114805e-02,1.977510125e+00,6.999953464e-02,0,0
1.350000000e+00,1.899388076e-02,4.810039385e-02,2.607965419e-01,2.404787850e-02,1.058993148e-02,1.505767401e+01,5.141914949e+00,1.359462297e-01,1.116116622e-15,5.295880929e-17,3.486751034e-17,1.280320500e-02,-2.770057023e-01,-2.567267418e+00,-1.492139220e+00,-9.882287383e-01,-7.001307607e-01,7.544159144e-02,9.151034123e-02,4.761763756e+00,-1.876796748e+00,-4.838421948e-01,-4.384149176e-03,-5.709920494e-03,6.306540449e-01,-5.647601034e-02,7.444299769e-02,6.314328076e-01,-5.727578328e-02,5.548194818e-02,4.847116470e-01,-1.231571734e-01,2.254259214e-02,1.977506971e+00,6.999967992e-02,0,0
1.360000000e+00,1.970823529e-02,5.016831695e-02,2.662908003e-01,2.508152800e-02,1.103179235e-02,1.553617835e+01,5.139835424e+00,1.359492878e-01,6.711121418e-16,2.964296775e-17,5.204170428e-18,1.332906900e-02,-2.771035433e-01,-2.568069696e+00,-1.492117286e+00,-9.918236136e-01,-7.008357644e-01,7.746989280e-02,8.958717270e-02,4.761919410e+00,-1.871450784e+00,-4.812777884e-01,-4.152579560e-03,-5.680500121e-03,6.306137997e-01,-5.642507428e-02,7.474071404e-02,6.314329055e-01,-5.727572112e-02,5.506789004e-02,4.847183228e-01,-1.231547967e-01,2.254666947e-02,1.977506823e+00,6.999963894e-02,0,0
1.370000000e+00,2.035575047e-02,5.208372191e-02,2.430914397e-01,2.603891755e-02,1.146731147e-02,1.468927513e+01,5.154957210e+00,1.359446239e-01,3.974750819e-18,3.576224061e-17,4.336808690e-18,1.213042800e-02,-2.771679759e-01,-2.568947554e+00,-1.492195010e+00,-9.951578975e-01,-7.013676763e-01,7.919892669e-02,7.167018506e-02,4.779536667e+00,-1.868290608e+00,-4.836520387e-01,-5.163118372e-03,-4.552088260e-03,6.305966302e-01,-5.638435996e-02,7.497221281e-02,6.314330037e-01,-5.727565886e-02,5.465319111e-02,4.846905768e-01,-1.231681630e-01,2.250731550e-02,1.977503183e+00,6.999971345e-02,0,0
1.380000000e+00,2.107720857e-02,5.421142530e-02,2.248549628e-01,2.710239359e-02,1.191318683e-02,1.437078859e+01,5.170772670e+00,1.359378436e-01,2.417808767e-16,1.962615573e-17,3.133325521e-17,1.360607200e-02,-2.772252858e-01,-2.569826603e+00,-1.492301941e+00,-9.987806678e-01,-7.019425631e-01,8.129858226e-02,7.695839794e-02,4.793475381e+00,-1.875242929e+00,-4.868066552e-01,-5.122712141e-03,-4.263437355e-03,6.305861876e-01,-5.633472676e-02,7.527705611e-02,6.314331019e-01,-5.727559651e-02,5.423789687e-02,4.847095311e-01,-1.231590733e-01,2.252804302e-02,1.977504600e+00,6.999960169e-02,0,0
1.390000000e+00,2.179798757e-02,5.638708063e-02,2.631104219e-01,2.818980540e-02,1.242536432e-02,1.611114887e+01,5.101262411e+00,1.359306822e-01,4.687767229e-17,3.417008968e-17,1.734723476e-18,1.412110800e-02,-2.772941291e-01,-2.570709944e+00,-1.492412925e+00,-1.002398849e+00,-7.025801539e-01,8.320767432e-02,7.922994201e-02,4.730878627e+00,-1.846818782e+00,-4.739268007e-01,-3.222628469e-03,-5.622246127e-03,6.305687946e-01,-5.628148585e-02,7.558019922e-02,6.314332003e-01,-5.727553407e-02,5.382205286e-02,4.847368896e-01,-1.231488883e-01,2.255713567e-02,1.977480240e+00,6.999963894e-02,0,0
1.400000000e+00,2.252136799e-02,5.854388975e-02,2.216979905e-01,2.926776479e-02,1.288328179e-02,1.467673856e+01,5.135092415e+00,1.359232878e-01,4.442458833e-16,4.906538933e-17,1.390486644e-17,1.316316800e-02,-2.773600221e-01,-2.571597576e+00,-1.492526531e+00,-1.006031752e+00,-7.032473087e-01,8.533047140e-02,8.699950475e-02,4.761150282e+00,-1.860605926e+00,-4.807986652e-01,-4.044818517e-03,-3.880383189e-03,6.305478110e-01,-5.622105979e-02,7.588494273e-02,6.314332988e-01,-5.727547157e-02,5.340570468e-02,4.847598374e-01,-1.231389195e-01,2.258155681e-02,1.977478813e+00,6.999968737e-02,0,0
1.410000000e+00,2.324767490e-02,6.073165066e-02,2.505877776e-01,3.036115891e-02,1.336656546e-02,1.609855879e+01,5.107569918e+00,1.359151929e-01,2.656166985e-16,3.198672042e-17,1.204977436e-17,1.192327600e-02,-2.774259746e-01,-2.572491646e+00,-1.492649198e+00,-1.009679794e+00,-7.039073706e-01,8.739855140e-02,8.140148714e-02,4.738591868e+00,-1.844600258e+00,-4.730853812e-01,-2.894054885e-03,-4.807153248e-03,6.305269541e-01,-5.616178873e-02,7.619218653e-02,6.314333975e-01,-5.727540899e-02,5.298889800e-02,4.847762585e-01,-1.231314987e-01,2.259939350e-02,1.977479094e+00,6.999965012e-02,0,0
1.420000000e+00,2.397183732e-02,6.293045255e-02,2.190692043e-01,3.146003445e-02,1.386805002e-02,1.498545874e+01,5.137543991e+00,1.359062973e-01,6.685935745e-16,3.469446952e-18,1.482148388e-17,1.336767900e-02,-2.774938643e-01,-2.573393822e+00,-1.492781878e+00,-1.013321400e+00,-7.045784593e-01,8.941587806e-02,8.596223321e-02,4.766033938e+00,-1.855390050e+00,-4.789490171e-01,-3.572142899e-03,-3.477642595e-03,6.305044460e-01,-5.610174605e-02,7.649673886e-02,6.314334962e-01,-5.727534635e-02,5.257167851e-02,4.848015308e-01,-1.231208593e-01,2.262707986e-02,1.977478786e+00,6.999960169e-02,0,0
1.430000000e+00,2.469849472e-02,6.517139924e-02,2.164471477e-01,3.257993319e-02,1.441951913e-02,1.514858412e+01,5.117231343e+00,1.358956241e-01,2.277844516e-16,3.898306166e-17,3.133325521e-17,1.264464300e-02,-2.775653005e-01,-2.574311972e+00,-1.492937446e+00,-1.016978741e+00,-7.052566409e-01,9.131339937e-02,9.096618832e-02,4.747644224e+00,-1.846944214e+00,-4.758483541e-01,-3.123929710e-03,-3.427141025e-03,6.304829111e-01,-5.604329328e-02,7.680351471e-02,6.314335950e-01,-5.727528366e-02,5.215409197e-02,4.848187268e-01,-1.231130287e-01,2.264529280e-02,1.977496277e+00,6.999967247e-02,0,0
1.440000000e+00,2.543187805e-02,6.740596921e-02,2.511309258e-01,3.369660448e-02,1.490651853e-02,1.709874860e+01,5.080619394e+00,1.358850172e-01,1.041412166e-16,1.551583846e-17,2.602085214e-18,1.385214500e-02,-2.776325941e-01,-2.575233698e+00,-1.493092179e+00,-1.020676970e+00,-7.059397101e-01,9.348043054e-02,8.645445212e-02,4.716146267e+00,-1.829095276e+00,-4.664380964e-01,-1.869294136e-03,-5.091755529e-03,6.304593638e-01,-5.598093028e-02,7.711641100e-02,6.314336939e-01,-5.727522092e-02,5.173618418e-02,4.848373830e-01,-1.231044531e-01,2.266563848e-02,1.977496086e+00,6.999973580e-02,0,0
1.450000000e+00,2.616287719e-02,6.964187018e-02,2.734288713e-01,3.481389880e-02,1.539609743e-02,1.832798780e+01,5.046913879e+00,1.358735868e-01,4.557309159e-16,3.688072699e-17,1.636534854e-17,1.227520900e-02,-2.776946723e-01,-2.576164484e+00,-1.493257761e+00,-1.024373412e+00,-7.065793872e-01,9.562873095e-02,8.119692699e-02,4.687349682e+00,-1.811865103e+00,-4.589193992e-01,-1.181734593e-03,-6.012794817e-03,6.304388028e-01,-5.592239256e-02,7.742692975e-02,6.314337928e-01,-5.727515813e-02,5.131800096e-02,4.848541915e-01,-1.230978146e-01,2.268354595e-02,1.977496973e+00,6.999965012e-02,0,0
1.460000000e+00,2.689293228e-02,7.187880530e-02,2.499151834e-01,3.593166635e-02,1.588258059e-02,1.773679847e+01,5.069745504e+00,1.358609904e-01,4.451391366e-16,1.387778781e-17,2.126363438e-17,1.129920000e-02,-2.777495086e-01,-2.577104568e+00,-1.493438601e+00,-1.028067470e+00,-7.071782947e-01,9.777920693e-02,8.323909341e-02,4.707751581e+00,-1.821470587e+00,-4.633362702e-01,-1.014651745e-03,-5.399303194e-03,6.304219940e-01,-5.586619938e-02,7.773651946e-02,6.314338918e-01,-5.727509532e-02,5.089958816e-02,4.848845601e-01,-1.230847389e-01,2.271604165e-02,1.977496170e+00,6.999963522e-02,0,0
1.470000000e+00,2.762427276e-02,7.412580025e-02,2.473323375e-01,3.705441541e-02,1.636877054e-02,1.792735945e+01,5.038447444e+00,1.358476136e-01,5.604641954e-16,6.938893904e-18,2.483746032e-17,1.279275500e-02,-2.777998745e-01,-2.578053474e+00,-1.493629813e+00,-1.031777024e+00,-7.077353597e-01,9.994023293e-02,8.546236877e-02,4.679756467e+00,-1.807941367e+00,-4.580923276e-01,-1.058318728e-03,-5.153470544e-03,6.304081814e-01,-5.581407478e-02,7.804752507e-02,6.314339909e-01,-5.727503247e-02,5.048099169e-02,4.849157929e-01,-1.230709553e-01,2.274941467e-02,1.977489477e+00,6.999963149e-02,0,0
1.480000000e+00,2.830094538e-02,7.621910662e-02,2.487431126e-01,3.810032932e-02,1.685275204e-02,1.763107812e+01,5.059597557e+00,1.358319531e-01,8.464335183e-17,7.757919229e-18,6.254634441e-18,1.272614300e-02,-2.778396308e-01,-2.579030991e+00,-1.493849635e+00,-1.035269737e+00,-7.082046866e-01,1.018132120e-01,8.951013852e-02,4.698752146e+00,-1.816904789e+00,-4.605221898e-01,1.549071119e-03,-4.188032173e-03,6.304005892e-01,-5.576961054e-02,7.830423469e-02,6.314340900e-01,-5.727496961e-02,5.006225743e-02,4.849177301e-01,-1.230705157e-01,2.275060490e-02,1.977479617e+00,6.999945641e-02,0,0
1.490000000e+00,2.903839357e-02,7.851181136e-02,2.565857622e-01,3.924582406e-02,1.737958320e-02,1.800475979e+01,5.012772292e+00,1.358150184e-01,2.228701978e-16,5.745575946e-17,3.878959614e-18,1.095144600e-02,-2.778871655e-01,-2.580003500e+00,-1.494086266e+00,-1.038992643e+00,-7.087979317e-01,1.039134189e-01,8.560157947e-02,4.661334498e+00,-1.785964008e+00,-4.503721714e-01,-1.985431337e-03,-3.556731873e-03,6.303875668e-01,-5.571070834e-02,7.862077014e-02,6.314341891e-01,-5.727490673e-02,4.964343130e-02,4.849425852e-01,-1.230599061e-01,2.277731523e-02,1.977479794e+00,6.999941543e-02,0,0
1.500000000e+00,2.977141180e-02,8.081456489e-02,2.552256322e-01,4.039628752e-02,1.794989379e-02,1.904877760e+01,5.028605162e+00,1.357956752e-01,9.504341591e-17,1.250926888e-17,2.775557562e-17,1.223898900e-02,-2.779360116e-01,-2.580994844e+00,-1.494353771e+00,-1.042695999e+00,-7.093858719e-01,1.058677658e-01,8.351920856e-02,4.674452377e+00,-1.795526118e+00,-4.532586260e-01,4.611493944e-04,-5.634891295e-03,6.303773070e-01,-5.565425016e-02,7.893303325e-02,6.314342882e-01,-5.727484384e-02,4.922455925e-02,4.849718213e-01,-1.230475530e-01,2.280735970e-02,1.977468871e+00,6.999974698e-02,0,0
1.510000000e+00,3.050302907e-02,8.309064364e-02,2.257559311e-01,4.153337155e-02,1.845556013e-02,1.797798192e+01,5.042476050e+00,1.357765220e-01,5.551291303e-16,3.898306166e-17,2.602085214e-18,1.349682200e-02,-2.779791355e-01,-2.581985712e+00,-1.494618654e+00,-1.046397090e+00,-7.099617720e-01,1.080292016e-01,8.432969450e-02,4.688371906e+00,-1.797440829e+00,-4.558639825e-01,-6.245031628e-04,-4.023718893e-03,6.303655705e-01,-5.559545389e-02,7.924369425e-02,6.314343873e-01,-5.727478095e-02,4.880568719e-02,4.850012362e-01,-1.230349019e-01,2.283858880e-02,1.977465372e+00,6.999962032e-02,0,0
1.520000000e+00,3.123784133e-02,8.538147613e-02,2.720013320e-01,4.267777194e-02,1.896050702e-02,2.032453176e+01,4.985809814e+00,1.357565809e-01,4.447671657e-16,2.194270918e-17,1.411962612e-17,1.275829500e-02,-2.780203819e-01,-2.582983494e+00,-1.494893670e+00,-1.050116301e+00,-7.105309963e-01,1.102238372e-01,8.138226069e-02,4.638064659e+00,-1.772952579e+00,-4.434329643e-01,1.192444920e-03,-6.131100975e-03,6.303539837e-01,-5.553649057e-02,7.955758146e-02,6.314344864e-01,-5.727471807e-02,4.838686107e-02,4.850386083e-01,-1.230189204e-01,2.287848294e-02,1.977466308e+00,6.999962032e-02,0,0
1.530000000e+00,3.196913892e-02,8.766218503e-02,2.521971644e-01,4.381705941e-02,1.946304012e-02,1.976912169e+01,4.987551670e+00,1.357359554e-01,1.128778914e-16,3.473781054e-17,2.453269467e-17,1.293550600e-02,-2.780564725e-01,-2.583986044e+00,-1.495177507e+00,-1.053820729e+00,-7.110650539e-01,1.123996526e-01,8.231048250e-02,4.640563487e+00,-1.771207875e+00,-4.436927107e-01,6.248712309e-04,-5.119873353e-03,6.303444314e-01,-5.547989556e-02,7.986822469e-02,6.314345855e-01,-5.727465521e-02,4.796812681e-02,4.850749969e-01,-1.230030656e-01,2.291623130e-02,1.977469915e+00,6.999965385e-02,0,0
1.540000000e+00,3.270220422e-02,8.994978705e-02,2.627451470e-01,4.495973297e-02,1.995886782e-02,2.054456416e+01,4.976956220e+00,1.357140485e-01,5.557325483e-16,5.051591013e-17,7.757919229e-18,1.102727700e-02,-2.780871391e-01,-2.584997892e+00,-1.495478034e+00,-1.057533979e+00,-7.115646601e-01,1.146064028e-01,7.574111439e-02,4.631945551e+00,-1.765012062e+00,-4.406053912e-01,1.743937788e-03,-5.760288758e-03,6.303383647e-01,-5.542580023e-02,8.018102144e-02,6.314346845e-01,-5.727459236e-02,4.754953033e-02,4.851137400e-01,-1.229867116e-01,2.295698598e-02,1.977459852e+00,6.999961287e-02,0,0
1.550000000e+00,3.343103544e-02,9.222715403e-02,2.461319436e-01,4.609723562e-02,2.044714119e-02,2.026015417e+01,4.986758830e+00,1.356911080e-01,1.276444437e-16,2.194270918e-17,1.097135459e-17,1.156521300e-02,-2.781119943e-01,-2.586019754e+00,-1.495791912e+00,-1.061236143e+00,-7.120271325e-01,1.168177053e-01,7.830316238e-02,4.641368486e+00,-1.767350698e+00,-4.424600489e-01,1.395520745e-03,-5.429883560e-03,6.303351391e-01,-5.537415190e-02,8.048997659e-02,6.314347835e-01,-5.727452955e-02,4.713111754e-02,4.851535857e-01,-1.229695380e-01,2.299877070e-02,1.977468954e+00,6.999956071e-02,0,0
1.560000000e+00,3.419425745e-02,9.455139090e-02,2.477771489e-01,4.725808729e-02,2.103103693e-02,1.967315371e+01,4.905351637e+00,1.356775014e-01,2.235156868e-16,1.387778781e-17,2.809234571e-17,1.347445100e-02,-2.781975269e-01,-2.586900949e+00,-1.495982766e+00,-1.064912200e+00,-7.127285600e-01,1.187291071e-01,1.288992990e-01,4.561833627e+00,-1.746255984e+00,-4.313954395e-01,3.094480494e-03,-3.471210706e-03,6.302922621e-01,-5.531592933e-02,8.083192892e-02,6.314348825e-01,-5.727446676e-02,4.671293432e-02,4.851508439e-01,-1.229677126e-01,2.297712304e-02,1.977442675e+00,6.999916211e-02,0,0
1.570000000e+00,3.496244634e-02,9.678784510e-02,3.007357432e-01,4.837503523e-02,2.158696082e-02,2.242880521e+01,4.760417484e+00,1.356796540e-01,6.661842113e-16,1.868354363e-17,2.088883680e-17,1.305176700e-02,-2.783728242e-01,-2.587593079e+00,-1.495965004e+00,-1.068428397e+00,-7.138729095e-01,1.206476316e-01,1.879380363e-01,4.420362914e+00,-1.708581206e+00,-4.090382349e-01,6.833617291e-03,-6.075281844e-03,6.301778842e-01,-5.523145345e-02,8.117508836e-02,6.314349814e-01,-5.727440402e-02,4.629502653e-02,4.852331579e-01,-1.229300126e-01,2.303653583e-02,1.977436552e+00,6.999984384e-02,0,0
1.580000000e+00,3.576028693e-02,9.901914141e-02,4.067514849e-01,4.948934690e-02,2.210754590e-02,2.634269507e+01,4.582337431e+00,1.356942793e-01,3.390496953e-16,3.103167692e-17,2.860979249e-17,1.206909800e-02,-2.786067724e-01,-2.588126898e+00,-1.495783687e+00,-1.071915984e+00,-7.152639031e-01,1.227125600e-01,1.706866637e-01,4.257072176e+00,-1.644539559e+00,-3.758638523e-01,1.277100528e-02,-8.472650972e-03,6.300168382e-01,-5.513610145e-02,8.154555798e-02,6.314350802e-01,-5.727434133e-02,4.587743999e-02,4.852801561e-01,-1.229082942e-01,2.304972149e-02,1.977431491e+00,6.999986619e-02,0,0
1.590000000e+00,3.662284003e-02,1.013874059e-01,2.058720124e-01,5.067199321e-02,2.271254095e-02,1.889124469e+01,4.859115409e+00,1.357135562e-01,2.509213947e-16,2.797157557e-17,1.055191096e-17,1.209575700e-02,-2.788671851e-01,-2.588558197e+00,-1.495543480e+00,-1.075530410e+00,-7.166031003e-01,1.246184409e-01,3.207911405e-01,4.504984978e+00,-1.740579099e+00,-4.284688554e-01,6.229628437e-05,-2.187907661e-03,6.298517217e-01,-5.506426995e-02,8.198200765e-02,6.314351789e-01,-5.727427869e-02,4.546022050e-02,4.851742387e-01,-1.229441389e-01,2.285307832e-02,1.977397527e+00,6.999927759e-02,0,0
1.600000000e+00,3.702848181e-02,1.024462043e-01,1.063173375e-01,5.120070516e-02,2.315540225e-02,1.411595025e+01,5.086622633e+00,1.357129023e-01,4.464185823e-16,1.086801143e-17,3.127317221e-18,1.225360900e-02,-2.790001631e-01,-2.589295864e+00,-1.495555162e+00,-1.077468514e+00,-7.173818350e-01,1.247812957e-01,1.265578308e-01,4.721648096e+00,-1.827642303e+00,-4.727127927e-01,4.258509106e-03,5.255851067e-04,6.297562191e-01,-5.501079030e-02,8.196449359e-02,6.314352775e-01,-5.727421611e-02,4.504341381e-02,4.849650860e-01,-1.230302379e-01,2.250775881e-02,1.977456983e+00,6.999959797e-02,0,0
1.610000000e+00,3.748085238e-02,1.037159559e-01,2.087707920e-01,5.183473790e-02,2.347685548e-02,2.034724326e+01,4.955238343e+00,1.356949853e-01,5.687057833e-16,1.708504484e-17,1.390486644e-17,1.264316300e-02,-2.790487707e-01,-2.590217829e+00,-1.495794773e+00,-1.079759240e+00,-7.178562880e-01,1.257666498e-01,1.010948641e-01,4.612757460e+00,-1.753191327e+00,-4.392278026e-01,2.445035046e-03,-5.348943118e-03,6.297231690e-01,-5.496450880e-02,8.199748419e-02,6.314353760e-01,-5.727415361e-02,4.462706564e-02,4.849772155e-01,-1.230249777e-01,2.250043117e-02,1.977484695e+00,7.000022382e-02,0,0
1.620000000e+00,3.815463528e-02,1.057044581e-01,2.391830992e-01,5.282762662e-02,2.385366925e-02,2.169877808e+01,4.863463671e+00,1.356725137e-01,2.307773160e-16,1.734723476e-17,3.486751034e-17,1.279403400e-02,-2.790783346e-01,-2.591164112e+00,-1.496100187e+00,-1.083042502e+00,-7.182126045e-01,1.277883351e-01,6.791128919e-02,4.531232719e+00,-1.714203300e+00,-4.219629803e-01,4.499803301e-03,-5.569563695e-03,6.297155735e-01,-5.493022230e-02,8.225493875e-02,6.314354744e-01,-5.727409117e-02,4.421122163e-02,4.850098193e-01,-1.230107322e-01,2.253704146e-02,1.977488978e+00,6.999972835e-02,0,0
1.630000000e+00,3.886467470e-02,1.078514638e-01,2.028784070e-01,5.389959985e-02,2.430233927e-02,2.057184757e+01,4.905682998e+00,1.356481979e-01,1.110586258e-15,3.486751034e-17,7.573910768e-18,1.381721400e-02,-2.791057825e-01,-2.592136860e+00,-1.496430278e+00,-1.086527348e+00,-7.185838819e-01,1.298504621e-01,1.466965442e-01,4.569438204e+00,-1.726424448e+00,-4.288139633e-01,1.792619524e-04,-4.180423704e-03,6.297092419e-01,-5.489279832e-02,8.254915257e-02,6.314355727e-01,-5.727402882e-02,4.379592739e-02,4.850462079e-01,-1.229953393e-01,2.257566527e-02,1.977473159e+00,6.999951974e-02,0,0
1.640000000e+00,3.957897566e-02,1.100497806e-01,2.213574183e-01,5.499712766e-02,2.479457620e-02,2.167895093e+01,4.899497899e+00,1.356217522e-01,2.237994987e-16,2.823925225e-17,3.705370969e-18,1.233242100e-02,-2.791201770e-01,-2.593139648e+00,-1.496787786e+00,-1.090068579e+00,-7.189767361e-01,1.318732500e-01,1.344077271e-01,4.564098987e+00,-1.724778141e+00,-4.255846032e-01,2.584821490e-03,-5.107659224e-03,6.297036636e-01,-5.484408283e-02,8.284755753e-02,6.314356708e-01,-5.727396656e-02,4.338122846e-02,4.850842357e-01,-1.229792982e-01,2.261745743e-02,1.977469549e+00,6.999951228e-02,0,0
1.650000000e+00,4.047091621e-02,1.127411977e-01,3.470163274e-01,5.634074930e-02,2.558740259e-02,2.371012859e+01,4.618500167e+00,1.356146135e-01,6.680072172e-16,3.538155542e-17,3.576224061e-17,1.146664100e-02,-2.792616487e-01,-2.593876123e+00,-1.496893883e+00,-1.094108224e+00,-7.199581265e-01,1.337286830e-01,2.704521987e-01,4.296763850e+00,-1.629106049e+00,-3.757767108e-01,4.488702559e-03,-2.239147059e-03,6.296121734e-01,-5.476833478e-02,8.331926666e-02,6.314357688e-01,-5.727390440e-02,4.296717031e-02,4.852679968e-01,-1.229003295e-01,2.280054055e-02,1.977488337e+00,6.999858841e-02,0,0
1.660000000e+00,4.125124322e-02,1.150526471e-01,2.741582547e-01,5.749460037e-02,2.641010700e-02,2.370106708e+01,4.758243355e+00,1.356119607e-01,3.330894942e-16,3.103167692e-17,4.164239746e-17,1.202237700e-02,-2.794421315e-01,-2.594560146e+00,-1.496938348e+00,-1.097597241e+00,-7.209852934e-01,1.347785592e-01,1.595288386e-01,4.427112688e+00,-1.689047804e+00,-4.038468897e-01,9.392276552e-03,-6.372373109e-03,6.295023134e-01,-5.470601520e-02,8.367961389e-02,6.314358666e-01,-5.727384234e-02,4.255379836e-02,4.852900207e-01,-1.228831261e-01,2.281338163e-02,1.977679582e+00,7.000066340e-02,0,0
1.670000000e+00,4.172663844e-02,1.163424532e-01,1.041258698e-01,5.813842463e-02,2.669945757e-02,1.722267734e+01,5.007566179e+00,1.356053021e-01,2.237726046e-16,8.845388855e-18,1.939479807e-18,1.238950000e-02,-2.795445621e-01,-2.595365286e+00,-1.497030377e+00,-1.099937201e+00,-7.216830850e-01,1.360253990e-01,1.580404809e-01,4.655721666e+00,-1.780525346e+00,-4.524396080e-01,4.902461524e-03,-1.367125708e-03,6.294206466e-01,-5.464868808e-02,8.373634685e-02,6.314359643e-01,-5.727378039e-02,4.214115794e-02,4.850537181e-01,-1.229852811e-01,2.251111902e-02,1.977688303e+00,6.999979913e-02,0,0
1.680000000e+00,4.231522605e-02,1.179802784e-01,2.064124212e-01,5.895593247e-02,2.712771606e-02,2.168911548e+01,4.823584449e+00,1.356000142e-01,9.955503066e-17,0.000000000e+00,1.551583846e-17,1.237063000e-02,-2.796785831e-01,-2.596097469e+00,-1.497104526e+00,-1.102622628e+00,-7.226679921e-01,1.374408752e-01,2.509177856e-01,4.485150294e+00,-1.707519336e+00,-4.144620222e-01,4.319206830e-03,-3.785385795e-03,6.293150745e-01,-5.456381696e-02,8.390436041e-02,6.314360617e-01,-5.727371855e-02,4.172929429e-02,4.850380719e-01,-1.229907125e-01,2.249994129e-02,1.977691944e+00,6.999980286e-02,0,0
1.690000000e+00,4.300310239e-02,1.198484703e-01,2.159862680e-01,5.988837780e-02,2.750335982e-02,2.230891200e+01,4.759835949e+00,1.355951034e-01,1.113817097e-16,6.938893904e-18,3.576224061e-18,1.157918300e-02,-2.798168659e-01,-2.596769094e+00,-1.497176647e+00,-1.105620027e+00,-7.235234380e-01,1.393597424e-01,1.652684156e-01,4.430304279e+00,-1.684069232e+00,-4.061495962e-01,7.776713523e-03,-4.633204957e-03,6.292215640e-01,-5.450375999e-02,8.417487465e-02,6.314361590e-01,-5.727365684e-02,4.131825258e-02,4.850384891e-01,-1.229912937e-01,2.250023931e-02,1.977683457e+00,6.999972463e-02,0,0
1.700000000e+00,4.368361889e-02,1.216677553e-01,2.015883969e-01,6.079636264e-02,2.786459444e-02,2.216570022e+01,4.731600736e+00,1.355914315e-01,4.460502084e-16,1.551583846e-17,2.434800425e-17,1.469144300e-02,-2.799431384e-01,-2.597418308e+00,-1.497233033e+00,-1.108556390e+00,-7.242931128e-01,1.411900818e-01,2.329960199e-01,4.401834100e+00,-1.672086485e+00,-4.021195470e-01,4.928070655e-03,-4.159850886e-03,6.291322854e-01,-5.444949254e-02,8.443938526e-02,6.314362560e-01,-5.727359526e-02,4.090807788e-02,4.850383401e-01,-1.229912639e-01,2.250017412e-02,1.977684989e+00,6.999952346e-02,0,0
1.710000000e+00,4.436042963e-02,1.234624152e-01,2.065644712e-01,6.169200810e-02,2.821865014e-02,2.234613160e+01,4.725032790e+00,1.355880869e-01,6.661604958e-16,3.538155542e-17,2.223222581e-17,1.097010600e-02,-2.800646722e-01,-2.598057270e+00,-1.497285366e+00,-1.111461878e+00,-7.250106335e-01,1.429758519e-01,1.350227968e-01,4.399434052e+00,-1.670983275e+00,-4.004886564e-01,9.555706894e-03,-4.019264153e-03,6.290458204e-01,-5.440047497e-02,8.470151425e-02,6.314363529e-01,-5.727353382e-02,4.049881518e-02,4.850380421e-01,-1.229909584e-01,2.249990404e-02,1.977688526e+00,6.999966502e-02,0,0
1.720000000e+00,4.503076839e-02,1.252188308e-01,2.145600872e-01,6.256851925e-02,2.852194823e-02,2.306463264e+01,4.728914519e+00,1.355846185e-01,3.407594822e-16,1.962615573e-17,2.097868168e-17,1.303859700e-02,-2.801918983e-01,-2.598694563e+00,-1.497339606e+00,-1.114340305e+00,-7.256594896e-01,1.448664665e-01,1.290328704e-01,4.403901610e+00,-1.670682244e+00,-4.004168933e-01,9.745405574e-03,-5.082594515e-03,6.289636047e-01,-5.436619121e-02,8.495923851e-02,6.314364495e-01,-5.727347252e-02,4.009050936e-02,4.850382209e-01,-1.229911968e-01,2.250010148e-02,1.977685382e+00,6.999972835e-02,0,0
1.730000000e+00,4.570160629e-02,1.269668804e-01,2.034446251e-01,6.344080753e-02,2.878221461e-02,2.314881069e+01,4.729185413e+00,1.355799539e-01,1.573018562e-16,2.501853777e-17,7.059813062e-18,1.313333800e-02,-2.803238630e-01,-2.599338293e+00,-1.497409701e+00,-1.117222428e+00,-7.262501717e-01,1.468917727e-01,1.957673641e-01,4.402158478e+00,-1.669727600e+00,-3.997598611e-01,6.907741190e-03,-4.962560537e-03,6.288870259e-01,-5.434491360e-02,8.521957160e-02,6.314365459e-01,-5.727341137e-02,3.968320519e-02,4.850381315e-01,-1.229910478e-01,2.249986678e-02,1.977687818e+00,6.999962404e-02,0,0
1.740000000e+00,4.636619372e-02,1.286911785e-01,2.147403046e-01,6.430119616e-02,2.904122726e-02,2.387755002e+01,4.687851218e+00,1.355752000e-01,4.696585610e-17,4.049752731e-17,1.734723476e-18,1.311486700e-02,-2.804501951e-01,-2.599977255e+00,-1.497480869e+00,-1.120066762e+00,-7.268155813e-01,1.488651037e-01,2.332664778e-01,4.364083183e+00,-1.649891267e+00,-3.925743321e-01,5.251199324e-03,-5.511952916e-03,6.288119683e-01,-5.432406837e-02,8.547474754e-02,6.314366420e-01,-5.727335038e-02,3.927694733e-02,4.850380421e-01,-1.229911894e-01,2.250003070e-02,1.977685029e+00,6.999966875e-02,0,0
1.750000000e+00,4.702992076e-02,1.304089598e-01,2.014015300e-01,6.515828559e-02,2.929735056e-02,2.369159672e+01,4.661903976e+00,1.355703988e-01,2.230452373e-16,4.553442605e-17,1.532679977e-17,1.161578300e-02,-2.805765867e-01,-2.600610971e+00,-1.497552633e+00,-1.122898459e+00,-7.273648977e-01,1.508312076e-01,2.851299319e-01,4.338344325e+00,-1.637189201e+00,-3.878115153e-01,3.219988245e-03,-4.636960813e-03,6.287373451e-01,-5.430569906e-02,8.573029218e-02,6.314367379e-01,-5.727328955e-02,3.887178035e-02,4.850380719e-01,-1.229910180e-01,2.250002138e-02,1.977687622e+00,6.999948248e-02,0,0
1.760000000e+00,4.767299080e-02,1.320778434e-01,2.057257869e-01,6.599093133e-02,2.960294803e-02,2.371873622e+01,4.663392745e+00,1.355654061e-01,3.409603295e-16,2.525795507e-17,6.938893904e-18,1.254285200e-02,-2.806902826e-01,-2.601249218e+00,-1.497626305e+00,-1.125646830e+00,-7.279202342e-01,1.525281817e-01,2.055145661e-01,4.341838992e+00,-1.643822592e+00,-3.888194293e-01,8.677155026e-03,-4.612020879e-03,6.286619957e-01,-5.427809750e-02,8.596557508e-02,6.314368335e-01,-5.727322889e-02,3.846774866e-02,4.850380719e-01,-1.229908690e-01,2.250020206e-02,1.977687150e+00,6.999951974e-02,0,0
1.770000000e+00,4.832886583e-02,1.337929212e-01,1.921715589e-01,6.684657661e-02,2.991205406e-02,2.350664089e+01,4.671015923e+00,1.355615218e-01,9.230375428e-18,1.868354363e-17,1.411962612e-17,1.102791700e-02,-2.808095515e-01,-2.601875544e+00,-1.497685313e+00,-1.128449321e+00,-7.285514474e-01,1.543476880e-01,1.869669539e-01,4.350989661e+00,-1.643440078e+00,-3.890207287e-01,8.580559316e-03,-4.004575676e-03,6.285769744e-01,-5.424050875e-02,8.621365470e-02,6.314369288e-01,-5.727316841e-02,3.806489658e-02,4.850380719e-01,-1.229909956e-01,2.249990962e-02,1.977687386e+00,6.999947503e-02,0,0
1.780000000e+00,4.898502199e-02,1.355176900e-01,1.932034327e-01,6.770700714e-02,3.024166448e-02,2.396122703e+01,4.647664598e+00,1.355562660e-01,8.894857000e-16,1.110764993e-17,4.336808690e-18,1.155786200e-02,-2.809258997e-01,-2.602509260e+00,-1.497761965e+00,-1.131250262e+00,-7.291848063e-01,1.561167091e-01,2.846889397e-01,4.325804442e+00,-1.630787479e+00,-3.842457724e-01,4.921355599e-03,-4.185519525e-03,6.284935656e-01,-5.420122432e-02,8.646318593e-02,6.314370238e-01,-5.727310811e-02,3.766326828e-02,4.850384593e-01,-1.229912937e-01,2.250023559e-02,1.977684400e+00,6.999945641e-02,0,0
1.790000000e+00,4.964088969e-02,1.372615155e-01,2.066079834e-01,6.857689320e-02,3.063683334e-02,2.405355340e+01,4.623377122e+00,1.355514794e-01,5.562927136e-16,6.397344083e-17,6.938893904e-18,1.132389900e-02,-2.810350060e-01,-2.603141308e+00,-1.497832179e+00,-1.134059072e+00,-7.298654318e-01,1.577033103e-01,1.113696392e-01,4.309585196e+00,-1.626459731e+00,-3.809433825e-01,1.355860291e-02,-3.911398678e-03,6.284044655e-01,-5.414893495e-02,8.671248679e-02,6.314371186e-01,-5.727304800e-02,3.726290780e-02,4.850380421e-01,-1.229910627e-01,2.249994315e-02,1.977687858e+00,6.999944523e-02,0,0
1.800000000e+00,5.029462173e-02,1.389938850e-01,1.931197282e-01,6.944101299e-02,3.101426397e-02,2.418001856e+01,4.645132518e+00,1.355465387e-01,1.225639606e-16,3.469446952e-17,6.992893893e-18,1.396822600e-02,-2.811455429e-01,-2.603771210e+00,-1.497904420e+00,-1.136857152e+00,-7.305261493e-01,1.593361795e-01,2.160232962e-01,4.327611452e+00,-1.629763923e+00,-3.822946428e-01,8.676465339e-03,-3.773587967e-03,6.283161678e-01,-5.410066390e-02,8.696120840e-02,6.314372130e-01,-5.727298809e-02,3.686385906e-02,4.850382507e-01,-1.229911596e-01,2.250001021e-02,1.977686286e+00,6.999963149e-02,0,0
1.810000000e+00,5.094821600e-02,1.407346832e-01,1.923078050e-01,7.030928458e-02,3.137192061e-02,2.442435591e+01,4.642838535e+00,1.355401556e-01,4.451691343e-16,1.040834086e-17,1.055191096e-17,1.197140600e-02,-2.812613547e-01,-2.604415417e+00,-1.497995377e+00,-1.139671803e+00,-7.311781645e-01,1.610804349e-01,1.644811365e-01,4.327646522e+00,-1.629248361e+00,-3.818198224e-01,1.086661766e-02,-4.062908782e-03,6.282296457e-01,-5.405757069e-02,8.721154093e-02,6.314373071e-01,-5.727292839e-02,3.646616581e-02,4.850380421e-01,-1.229910478e-01,2.249994315e-02,1.977687150e+00,6.999966875e-02,0,0
1.820000000e+00,5.160081443e-02,1.424791844e-01,2.129585889e-01,7.117934973e-02,3.170530290e-02,2.560086378e+01,4.582483300e+00,1.355327689e-01,9.568954873e-17,1.868354363e-17,2.780973289e-17,1.209252700e-02,-2.813835442e-01,-2.605071306e+00,-1.498099446e+00,-1.142502069e+00,-7.318105698e-01,1.629383415e-01,2.178228068e-01,4.270915768e+00,-1.604076405e+00,-3.712309641e-01,9.297848082e-03,-4.992989752e-03,6.281448069e-01,-5.402188498e-02,8.746280870e-02,6.314374009e-01,-5.727286889e-02,3.606987165e-02,4.850381613e-01,-1.229911298e-01,2.250004001e-02,1.977686915e+00,6.999964267e-02,0,0
1.830000000e+00,5.225478406e-02,1.442363680e-01,2.001406836e-01,7.205568544e-02,3.205108678e-02,2.529945326e+01,4.615703791e+00,1.355255774e-01,6.712641601e-16,4.563344993e-17,1.390486644e-17,1.268214300e-02,-2.815039158e-01,-2.605727434e+00,-1.498201013e+00,-1.145351052e+00,-7.324433327e-01,1.647845954e-01,2.140411568e-01,4.302343385e+00,-1.614911629e+00,-3.750962091e-01,9.682411752e-03,-4.332822602e-03,6.280582279e-01,-5.398450086e-02,8.771663843e-02,6.314374943e-01,-5.727280961e-02,3.567502006e-02,4.850381315e-01,-1.229911298e-01,2.249998599e-02,1.977687072e+00,6.999950483e-02,0,0
1.840000000e+00,5.290554517e-02,1.459876922e-01,2.034309890e-01,7.292904361e-02,3.238523902e-02,2.561505034e+01,4.610913822e+00,1.355177798e-01,4.977751533e-17,7.757919229e-18,4.610090874e-18,1.140293000e-02,-2.816257179e-01,-2.606389046e+00,-1.498310447e+00,-1.148196340e+00,-7.330583930e-01,1.666708738e-01,1.560116334e-01,4.300716080e+00,-1.612408313e+00,-3.741641668e-01,1.210375287e-02,-4.685243976e-03,6.279728850e-01,-5.395093256e-02,8.796901593e-02,6.314375874e-01,-5.727275055e-02,3.528165433e-02,4.850383401e-01,-1.229912043e-01,2.250015363e-02,1.977685422e+00,6.999965385e-02,0,0
1.850000000e+00,5.355786984e-02,1.477517746e-01,2.094726872e-01,7.380870753e-02,3.271429131e-02,2.623182262e+01,4.588276235e+00,1.355090992e-01,1.155979183e-16,2.501853777e-17,8.542522420e-18,1.203232700e-02,-2.817501724e-01,-2.607057571e+00,-1.498431325e+00,-1.151057959e+00,-7.336694002e-01,1.686144918e-01,2.232971624e-01,4.278015861e+00,-1.601450709e+00,-3.690942788e-01,9.902035029e-03,-4.947023637e-03,6.278880679e-01,-5.391982153e-02,8.822464615e-02,6.314376801e-01,-5.727269172e-02,3.488981759e-02,4.850381613e-01,-1.229909956e-01,2.249996737e-02,1.977686993e+00,6.999956444e-02,0,0
1.860000000e+00,5.420599521e-02,1.495094637e-01,2.082350199e-01,7.468512639e-02,3.305362672e-02,2.640161074e+01,4.608773441e+00,1.355004659e-01,1.113354747e-16,2.860979249e-17,2.097868168e-17,1.248432100e-02,-2.818717957e-01,-2.607726574e+00,-1.498551488e+00,-1.153910518e+00,-7.342787385e-01,1.705177426e-01,1.977130636e-01,4.298103819e+00,-1.609473342e+00,-3.707353664e-01,1.153756778e-02,-4.844653976e-03,6.278021717e-01,-5.388683510e-02,8.847740658e-02,6.314377724e-01,-5.727263313e-02,3.449955282e-02,4.850383699e-01,-1.229911149e-01,2.250015736e-02,1.977685068e+00,6.999956071e-02,0,0
1.870000000e+00,5.485376401e-02,1.512693500e-01,2.082922320e-01,7.556258297e-02,3.339624195e-02,2.649482416e+01,4.577930075e+00,1.354915266e-01,3.702578199e-17,3.103167692e-17,1.837906572e-17,1.283921500e-02,-2.819936872e-01,-2.608395576e+00,-1.498675585e+00,-1.156763911e+00,-7.348814607e-01,1.724184752e-01,1.609750660e-01,4.271585094e+00,-1.597073575e+00,-3.664006221e-01,1.326256768e-02,-4.718784031e-03,6.277162220e-01,-5.385496537e-02,8.873145526e-02,6.314378644e-01,-5.727257478e-02,3.411090281e-02,4.850382507e-01,-1.229909137e-01,2.250001766e-02,1.977687975e+00,6.999962032e-02,0,0
1.880000000e+00,5.549905029e-02,1.530252282e-01,2.148522368e-01,7.643798284e-02,3.372407131e-02,2.691679160e+01,4.601883543e+00,1.354816347e-01,4.445508147e-16,4.906538933e-17,8.673617380e-18,1.136137100e-02,-2.821199298e-01,-2.609070063e+00,-1.498811960e+00,-1.159610629e+00,-7.354733348e-01,1.743781716e-01,1.321806692e-01,4.294803016e+00,-1.605730623e+00,-3.686481695e-01,1.512852800e-02,-5.127118083e-03,6.276316083e-01,-5.382783946e-02,8.898502219e-02,6.314379560e-01,-5.727251668e-02,3.372391019e-02,4.850380123e-01,-1.229910776e-01,2.249985933e-02,1.977686129e+00,6.999966502e-02,0,0
1.890000000e+00,5.613987436e-02,1.547727180e-01,2.133006337e-01,7.730914216e-02,3.405265810e-02,2.700465914e+01,4.543952211e+00,1.354714874e-01,3.410948972e-17,2.428612866e-17,2.797157557e-17,1.250966100e-02,-2.822431326e-01,-2.609746456e+00,-1.498951554e+00,-1.162445307e+00,-7.360579967e-01,1.763272882e-01,1.212087112e-01,4.242224691e+00,-1.583069483e+00,-3.604993508e-01,1.573728786e-02,-4.835156642e-03,6.275470500e-01,-5.379981446e-02,8.923572264e-02,6.314380471e-01,-5.727245884e-02,3.333861739e-02,4.850381613e-01,-1.229911521e-01,2.249998786e-02,1.977685933e+00,6.999946758e-02,0,0
1.900000000e+00,5.678129342e-02,1.565263979e-01,1.922424601e-01,7.818332808e-02,3.439676621e-02,2.691872020e+01,4.564559286e+00,1.354614308e-01,4.450810367e-16,1.387778781e-17,1.055191096e-17,1.227271900e-02,-2.823660076e-01,-2.610420227e+00,-1.499089956e+00,-1.165286779e+00,-7.366402745e-01,1.782346666e-01,2.652341346e-01,4.256415021e+00,-1.586415820e+00,-3.618861834e-01,9.343625482e-03,-4.408449451e-03,6.274613061e-01,-5.377159094e-02,8.948863561e-02,6.314381379e-01,-5.727240125e-02,3.295506666e-02,4.850381017e-01,-1.229910180e-01,2.249993384e-02,1.977687426e+00,6.999960542e-02,0,0
1.910000000e+00,5.741845080e-02,1.582782460e-01,2.179260924e-01,7.905654080e-02,3.474998437e-02,2.806632017e+01,4.545761815e+00,1.354512363e-01,4.471819692e-16,2.943923360e-17,6.952433222e-18,1.379232400e-02,-2.824893296e-01,-2.611097097e+00,-1.499229908e+00,-1.168123007e+00,-7.372425199e-01,1.801343709e-01,2.550952376e-01,4.239471674e+00,-1.580439957e+00,-3.575054428e-01,1.119776964e-02,-5.552824190e-03,6.273728478e-01,-5.374006247e-02,8.973862314e-02,6.314382282e-01,-5.727234394e-02,3.257330006e-02,4.850381017e-01,-1.229912043e-01,2.250001580e-02,1.977685265e+00,6.999950856e-02,0,0
1.920000000e+00,5.804687617e-02,1.600044950e-01,2.118851778e-01,7.991693427e-02,3.510216313e-02,2.808486004e+01,4.533916422e+00,1.354403489e-01,2.271574067e-16,9.813077867e-18,1.754130557e-17,1.414972700e-02,-2.826056480e-01,-2.611778259e+00,-1.499378800e+00,-1.170925379e+00,-7.378120422e-01,1.819786280e-01,2.729010755e-01,4.228994986e+00,-1.572159628e+00,-3.545449962e-01,1.052874488e-02,-5.062864482e-03,6.272878402e-01,-5.370967757e-02,8.998194986e-02,6.314383181e-01,-5.727228690e-02,3.219335946e-02,4.850381315e-01,-1.229911447e-01,2.250005119e-02,1.977685697e+00,6.999958679e-02,0,0
1.930000000e+00,5.867971274e-02,1.617546583e-01,2.031388063e-01,8.078918627e-02,3.547875284e-02,2.806952498e+01,4.535570030e+00,1.354292227e-01,2.232963793e-16,3.469446952e-17,2.447512862e-17,1.159380300e-02,-2.827254236e-01,-2.612456322e+00,-1.499530435e+00,-1.173743606e+00,-7.384347320e-01,1.838193387e-01,3.070566193e-01,4.228242506e+00,-1.572688383e+00,-3.544183017e-01,9.591585927e-03,-4.894276095e-03,6.271976169e-01,-5.367250869e-02,9.023075011e-02,6.314384076e-01,-5.727223014e-02,3.181528652e-02,4.850380719e-01,-1.229910254e-01,2.249994874e-02,1.977687937e+00,6.999953836e-02,0,0
1.940000000e+00,5.931013748e-02,1.635060831e-01,2.142385073e-01,8.166200507e-02,3.585521641e-02,2.842346907e+01,4.549541373e+00,1.354173736e-01,4.441438401e-16,0.000000000e+00,1.430489625e-17,1.335297000e-02,-2.828471959e-01,-2.613138914e+00,-1.499691248e+00,-1.176558018e+00,-7.390682101e-01,1.856871992e-01,1.727505242e-01,4.249133839e+00,-1.576898267e+00,-3.556408917e-01,1.517504833e-02,-5.168369748e-03,6.271066077e-01,-5.363489576e-02,9.047891739e-02,6.314384966e-01,-5.727217366e-02,3.143912271e-02,4.850380123e-01,-1.229911074e-01,2.249994874e-02,1.977686797e+00,6.999964267e-02,0,0
1.950000000e+00,5.993750752e-02,1.652529802e-01,2.279992581e-01,8.253250515e-02,3.621519807e-02,2.920022579e+01,4.479412176e+00,1.354046639e-01,2.359734085e-16,1.551583846e-17,1.398578779e-17,1.126462000e-02,-2.829700708e-01,-2.613826275e+00,-1.499863148e+00,-1.179364085e+00,-7.396898270e-01,1.876185834e-01,2.290928027e-01,4.182894008e+00,-1.548235326e+00,-3.446732988e-01,1.354507874e-02,-5.645567077e-03,6.270170568e-01,-5.360011389e-02,9.072621401e-02,6.314385851e-01,-5.727211748e-02,3.106490927e-02,4.850383401e-01,-1.229911596e-01,2.250017971e-02,1.977685068e+00,6.999959424e-02,0,0
1.960000000e+00,6.056553372e-02,1.670096179e-01,2.041962014e-01,8.340779553e-02,3.657802789e-02,2.857260424e+01,4.549746439e+00,1.353913672e-01,3.438123901e-16,5.551115123e-17,2.438274027e-17,1.141428000e-02,-2.830946743e-01,-2.614516020e+00,-1.500042558e+00,-1.182178140e+00,-7.403169870e-01,1.895750761e-01,1.908820279e-01,4.249480124e+00,-1.574669255e+00,-3.547480044e-01,1.486380372e-02,-5.005056988e-03,6.269268320e-01,-5.356548840e-02,9.097608860e-02,6.314386732e-01,-5.727206160e-02,3.069268724e-02,4.850381911e-01,-1.229911596e-01,2.250004560e-02,1.977685776e+00,6.999959052e-02,0,0
1.970000000e+00,6.118847642e-02,1.687567691e-01,2.073242167e-01,8.427829522e-02,3.695088699e-02,2.909936103e+01,4.519295670e+00,1.353771859e-01,8.905013345e-16,2.860979249e-17,3.817377158e-17,1.161377300e-02,-2.832137346e-01,-2.615210772e+00,-1.500233293e+00,-1.184973836e+00,-7.409355640e-01,1.914801598e-01,2.770118339e-01,4.217600439e+00,-1.561116877e+00,-3.491253024e-01,1.191779041e-02,-5.283330799e-03,6.268383025e-01,-5.352902808e-02,9.122287138e-02,6.314387608e-01,-5.727200602e-02,3.032249744e-02,4.850382209e-01,-1.229910627e-01,2.249988541e-02,1.977686286e+00,6.999951228e-02,0,0
1.980000000e+00,6.180549213e-02,1.704877560e-01,2.194561570e-01,8.514067778e-02,3.734464618e-02,2.978595655e+01,4.494262764e+00,1.353638462e-01,6.672622363e-16,2.709724693e-17,0.000000000e+00,1.278537400e-02,-2.833327353e-01,-2.615894079e+00,-1.500412703e+00,-1.187738299e+00,-7.415960431e-01,1.933129132e-01,2.803658898e-01,4.194829782e+00,-1.550844521e+00,-3.433470522e-01,1.264243660e-02,-5.486275624e-03,6.267441015e-01,-5.348499981e-02,9.146484474e-02,6.314388479e-01,-5.727195075e-02,2.995438046e-02,4.850381613e-01,-1.229911298e-01,2.249997854e-02,1.977686679e+00,6.999951601e-02,0,0
1.990000000e+00,6.242234377e-02,1.722166495e-01,1.849666986e-01,8.600195376e-02,3.775745807e-02,2.866900210e+01,4.505999428e+00,1.353509747e-01,2.256200494e-16,1.551583846e-17,6.774311733e-18,1.173267400e-02,-2.834453583e-01,-2.616570473e+00,-1.500586152e+00,-1.190503597e+00,-7.422357798e-01,1.950551271e-01,2.784978668e-01,4.206575413e+00,-1.552892597e+00,-3.457818608e-01,1.172199926e-02,-3.893752719e-03,6.266499830e-01,-5.343984818e-02,9.170866609e-02,6.314389345e-01,-5.727189580e-02,2.958837667e-02,4.850382805e-01,-1.229911000e-01,2.249995619e-02,1.977686522e+00,6.999949366e-02,0,0
2.000000000e+00,6.303279005e-02,1.739338935e-01,2.070076203e-01,8.685736273e-02,3.818065376e-02,2.957542518e+01,4.480789157e+00,1.353382300e-01,3.979007202e-17,5.419449386e-17,9.813077867e-18,1.323286800e-02,-2.835590243e-01,-2.617246151e+00,-1.500757694e+00,-1.193250895e+00,-7.428966165e-01,1.967671961e-01,2.227820297e-01,4.185788484e+00,-1.546141843e+00,-3.408743862e-01,1.557813738e-02,-4.666840022e-03,6.265528347e-01,-5.339154182e-02,9.194773632e-02,6.314390206e-01,-5.727184118e-02,2.922452622e-02,4.850381315e-01,-1.229911968e-01,2.250009775e-02,1.977685540e+00,6.999953464e-02,0,0
2.010000000e+00,6.364404664e-02,1.756562362e-01,1.980200811e-01,8.771524720e-02,3.860457826e-02,2.937598322e+01,4.483801753e+00,1.353252526e-01,2.046243113e-17,6.245004514e-17,7.410741938e-18,1.353910100e-02,-2.836693525e-01,-2.617920876e+00,-1.500932336e+00,-1.196005940e+00,-7.435392141e-01,1.984808296e-01,1.437997583e-01,4.192887927e+00,-1.544948044e+00,-3.410107639e-01,1.788881863e-02,-4.220756376e-03,6.264566231e-01,-5.334395954e-02,9.218989093e-02,6.314391062e-01,-5.727178688e-02,2.886286899e-02,4.850381017e-01,-1.229910478e-01,2.249993011e-02,1.977687897e+00,6.999963522e-02,0,0
2.020000000e+00,6.425032965e-02,1.773679848e-01,2.168475831e-01,8.856779038e-02,3.897017210e-02,3.000000000e+01,4.495096859e+00,1.353104377e-01,2.270488135e-16,3.198672042e-17,2.081668171e-17,1.170429400e-02,-2.837902308e-01,-2.618609667e+00,-1.501130939e+00,-1.198752522e+00,-7.441246510e-01,2.003871650e-01,2.592187363e-01,4.199737924e+00,-1.543971359e+00,-3.418432148e-01,1.285576647e-02,-5.759919471e-03,6.263668932e-01,-5.331310181e-02,9.243079320e-02,6.314391912e-01,-5.727173292e-02,2.850344465e-02,4.850381315e-01,-1.229911223e-01,2.249998972e-02,1.977684597e+00,6.999983266e-02,0,0
2.030000000e+00,6.485505967e-02,1.790773835e-01,2.137191847e-01,8.941909844e-02,3.930191984e-02,3.000000000e+01,4.505841574e+00,1.352945552e-01,3.334749450e-16,7.416830458e-17,4.091337135e-18,1.245392100e-02,-2.839130461e-01,-2.619303465e+00,-1.501343489e+00,-1.201496243e+00,-7.446689606e-01,2.024057359e-01,1.958760660e-01,4.212737166e+00,-1.548884100e+00,-3.431438413e-01,1.633391040e-02,-5.475970740e-03,6.262814165e-01,-5.329052474e-02,9.267323011e-02,6.314392757e-01,-5.727167930e-02,2.814629262e-02,4.850379527e-01,-1.229910702e-01,2.249995805e-02,1.977686993e+00,6.999963522e-02,0,0
2.040000000e+00,6.545272838e-02,1.807599431e-01,2.099947764e-01,9.025697642e-02,3.963899306e-02,3.000000000e+01,4.483900108e+00,1.352791708e-01,2.295144094e-16,3.198672042e-17,8.673617380e-19,1.263015300e-02,-2.840332091e-01,-2.619985819e+00,-1.501549363e+00,-1.204197645e+00,-7.452152371e-01,2.043581605e-01,2.737427242e-01,4.189262491e+00,-1.537939505e+00,-3.391864681e-01,1.307584793e-02,-5.340731676e-03,6.261947415e-01,-5.326563306e-02,9.291061707e-02,6.314393597e-01,-5.727162603e-02,2.779145205e-02,4.850382209e-01,-1.229911074e-01,2.250002511e-02,1.977685972e+00,6.999948993e-02,0,0
2.050000000e+00,6.604820971e-02,1.824345894e-01,1.837751567e-01,9.109085027e-02,4.001534840e-02,3.000000000e+01,4.499139264e+00,1.352645227e-01,2.223917230e-16,4.049752731e-17,6.992893893e-18,1.201693700e-02,-2.841439545e-01,-2.620657682e+00,-1.501745582e+00,-1.206886053e+00,-7.457695603e-01,2.061460614e-01,3.656421853e-01,4.198366459e+00,-1.538646052e+00,-3.387314874e-01,9.506795769e-03,-4.232700728e-03,6.261057816e-01,-5.323291536e-02,9.314746440e-02,6.314394431e-01,-5.727157311e-02,2.743896187e-02,4.850383103e-01,-1.229911372e-01,2.250007913e-02,1.977686915e+00,6.999936327e-02,0,0
2.060000000e+00,6.663631438e-02,1.840889965e-01,1.904775425e-01,9.191458355e-02,4.041015532e-02,3.000000000e+01,4.494562676e+00,1.352507399e-01,6.689441300e-16,6.938893904e-18,1.736890527e-17,1.234545000e-02,-2.842520177e-01,-2.621321201e+00,-1.501930356e+00,-1.209546924e+00,-7.463427782e-01,2.078474611e-01,2.531348536e-01,4.201497449e+00,-1.539303342e+00,-3.387590090e-01,1.427849925e-02,-4.389053516e-03,6.260131482e-01,-5.319476923e-02,9.337862552e-02,6.314395259e-01,-5.727152054e-02,2.708886072e-02,4.850382805e-01,-1.229912266e-01,2.250014246e-02,1.977685854e+00,6.999950111e-02,0,0
2.070000000e+00,6.722210594e-02,1.857361863e-01,1.881015642e-01,9.273466083e-02,4.080601962e-02,3.000000000e+01,4.508491038e+00,1.352366586e-01,3.423126917e-17,1.868354363e-17,1.041737196e-17,1.271091400e-02,-2.843580246e-01,-2.621981621e+00,-1.502118945e+00,-1.212194681e+00,-7.469040751e-01,2.095282972e-01,2.548147055e-01,4.214609069e+00,-1.543673771e+00,-3.398165553e-01,1.446375577e-02,-4.253766397e-03,6.259214860e-01,-5.315727786e-02,9.360997861e-02,6.314396082e-01,-5.727146835e-02,2.674118700e-02,4.850381315e-01,-1.229910627e-01,2.249997295e-02,1.977686758e+00,6.999957561e-02,0,0
2.080000000e+00,6.780107067e-02,1.873587322e-01,1.990342846e-01,9.354240729e-02,4.119651108e-02,3.000000000e+01,4.507807395e+00,1.352224912e-01,3.355228772e-16,3.469446952e-17,1.482148388e-17,1.274657400e-02,-2.844609022e-01,-2.622635603e+00,-1.502308488e+00,-1.214803457e+00,-7.474565506e-01,2.111824453e-01,2.332053492e-01,4.215137649e+00,-1.543571566e+00,-3.401029312e-01,1.588093773e-02,-4.689146912e-03,6.258307119e-01,-5.311929286e-02,9.383694873e-02,6.314396899e-01,-5.727141652e-02,2.639597884e-02,4.850380123e-01,-1.229911819e-01,2.249987610e-02,1.977685108e+00,6.999954581e-02,0,0
2.090000000e+00,6.836680297e-02,1.889414534e-01,1.769755167e-01,9.433026862e-02,4.160923389e-02,3.000000000e+01,4.493930232e+00,1.352086835e-01,3.078294180e-17,2.221529987e-17,9.055522399e-18,1.266145300e-02,-2.845602632e-01,-2.623284578e+00,-1.502493024e+00,-1.217356324e+00,-7.480244637e-01,2.126950920e-01,2.701245835e-01,4.200464319e+00,-1.537681279e+00,-3.374135307e-01,1.463632771e-02,-3.913796460e-03,6.257381356e-01,-5.307638020e-02,9.405263588e-02,6.314397710e-01,-5.727136507e-02,2.605327409e-02,4.850380719e-01,-1.229911745e-01,2.250000834e-02,1.977687033e+00,6.999948248e-02,0,0
2.100000000e+00,6.893744931e-02,1.905492663e-01,1.782007366e-01,9.513055985e-02,4.204691928e-02,3.000000000e+01,4.527876491e+00,1.351944973e-01,3.365945413e-16,3.469446952e-18,3.878959614e-18,1.163748400e-02,-2.846569717e-01,-2.623930216e+00,-1.502682209e+00,-1.219927192e+00,-7.486360669e-01,2.141971290e-01,2.852659700e-01,4.231289523e+00,-1.549040607e+00,-3.416437205e-01,1.460879340e-02,-4.143191625e-03,6.256417331e-01,-5.302455024e-02,9.427489807e-02,6.314398515e-01,-5.727131400e-02,2.571311033e-02,4.850380719e-01,-1.229911149e-01,2.249993943e-02,1.977687269e+00,6.999946758e-02,0,0
2.110000000e+00,6.950012123e-02,1.921256566e-01,1.830820034e-01,9.591515076e-02,4.249798711e-02,3.000000000e+01,4.501714240e+00,1.351805105e-01,1.199569143e-16,3.752780665e-17,6.071532166e-18,1.213908800e-02,-2.847479880e-01,-2.624564409e+00,-1.502868533e+00,-1.222445846e+00,-7.492547631e-01,2.155909091e-01,2.732248622e-01,4.208204587e+00,-1.538718281e+00,-3.374559926e-01,1.576150120e-02,-3.808488899e-03,6.255449725e-01,-5.296799938e-02,9.449135684e-02,6.314399313e-01,-5.727126332e-02,2.537552486e-02,4.850381911e-01,-1.229911223e-01,2.249997668e-02,1.977686522e+00,6.999946386e-02,0,0
2.120000000e+00,7.006166364e-02,1.937077841e-01,1.806878367e-01,9.670253721e-02,4.296280109e-02,3.000000000e+01,4.487579576e+00,1.351664401e-01,7.345611744e-17,1.250926888e-17,1.788112031e-17,1.163148300e-02,-2.848396003e-01,-2.625197887e+00,-1.503055811e+00,-1.224968910e+00,-7.498906851e-01,2.169665694e-01,2.549764425e-01,4.196365898e+00,-1.533249788e+00,-3.357651134e-01,1.618386315e-02,-3.959269821e-03,6.254458790e-01,-5.290876675e-02,9.470888440e-02,6.314400106e-01,-5.727121303e-02,2.504055471e-02,4.850381315e-01,-1.229910180e-01,2.249995060e-02,1.977687583e+00,6.999952719e-02,0,0
2.130000000e+00,7.061748182e-02,1.952740869e-01,1.873337196e-01,9.748198849e-02,4.341445874e-02,3.000000000e+01,4.533065909e+00,1.351521902e-01,2.163873066e-17,2.194270918e-17,1.097135459e-17,1.123324900e-02,-2.849314809e-01,-2.625829220e+00,-1.503245354e+00,-1.227469444e+00,-7.505128384e-01,2.183647305e-01,2.428387374e-01,4.239741429e+00,-1.548456017e+00,-3.409921821e-01,1.732269804e-02,-4.088985960e-03,6.253477865e-01,-5.285195380e-02,9.492349972e-02,6.314400892e-01,-5.727116313e-02,2.470823661e-02,4.850381315e-01,-1.229912266e-01,2.250009589e-02,1.977685697e+00,6.999954581e-02,0,0
2.140000000e+00,7.117216669e-02,1.968432756e-01,1.692125541e-01,9.826281597e-02,4.385315278e-02,3.000000000e+01,4.489615268e+00,1.351369401e-01,4.507031202e-16,2.775557562e-17,9.055522399e-18,1.239403100e-02,-2.850241363e-01,-2.626465797e+00,-1.503447890e+00,-1.229972482e+00,-7.511106730e-01,2.198134810e-01,2.694691221e-01,4.199294376e+00,-1.529023431e+00,-3.343569182e-01,1.549929559e-02,-3.311494059e-03,6.252525568e-01,-5.279990151e-02,9.514017178e-02,6.314401672e-01,-5.727111365e-02,2.437860700e-02,4.850383401e-01,-1.229910403e-01,2.250004746e-02,1.977687229e+00,6.999957561e-02,0,0
2.150000000e+00,7.172085866e-02,1.983985364e-01,1.885918340e-01,9.903665325e-02,4.429695697e-02,3.000000000e+01,4.523133768e+00,1.351222905e-01,2.342491056e-16,1.430489625e-17,1.734723476e-18,1.127494900e-02,-2.851161361e-01,-2.627097130e+00,-1.503642559e+00,-1.232459426e+00,-7.517129183e-01,2.212302834e-01,2.724400412e-01,4.230380035e+00,-1.540543505e+00,-3.388953800e-01,1.606911538e-02,-4.204488601e-03,6.251552283e-01,-5.274622322e-02,9.535321638e-02,6.314402446e-01,-5.727106457e-02,2.405170203e-02,4.850381613e-01,-1.229911372e-01,2.249999717e-02,1.977685736e+00,6.999957189e-02,0,0
2.160000000e+00,7.226770043e-02,1.999492940e-01,1.759667327e-01,9.980819026e-02,4.473184240e-02,3.000000000e+01,4.514132923e+00,1.351071947e-01,8.899148356e-16,6.938893904e-18,1.769077771e-17,1.192701600e-02,-2.852075100e-01,-2.627727747e+00,-1.503843069e+00,-1.234940767e+00,-7.522877455e-01,2.226595730e-01,2.533815932e-01,4.224019710e+00,-1.535312743e+00,-3.367224943e-01,1.647689278e-02,-3.543215648e-03,6.250603181e-01,-5.269670446e-02,9.556760042e-02,6.314403213e-01,-5.727101590e-02,2.372755755e-02,4.850381613e-01,-1.229910403e-01,2.249993756e-02,1.977687033e+00,6.999957934e-02,0,0
2.170000000e+00,7.280746705e-02,2.014817654e-01,1.823610186e-01,1.005705706e-01,4.515415234e-02,3.000000000e+01,4.521993639e+00,1.350919073e-01,3.362311542e-16,3.103167692e-17,8.716877585e-18,1.249955100e-02,-2.852982879e-01,-2.628357172e+00,-1.504045963e+00,-1.237396002e+00,-7.528518438e-01,2.241085321e-01,2.544559764e-01,4.231552057e+00,-1.537285306e+00,-3.377936364e-01,1.672494337e-02,-3.930391400e-03,6.249663287e-01,-5.264859244e-02,9.577780118e-02,6.314403973e-01,-5.727096766e-02,2.340620910e-02,4.850382507e-01,-1.229912266e-01,2.250015736e-02,1.977686365e+00,6.999953464e-02,0,0
2.180000000e+00,7.334628296e-02,2.030133795e-01,1.747723786e-01,1.013324653e-01,4.557385461e-02,3.000000000e+01,4.516441456e+00,1.350765901e-01,2.433705550e-16,3.198672042e-17,5.485677295e-18,1.143668100e-02,-2.853893340e-01,-2.628983974e+00,-1.504249334e+00,-1.239853621e+00,-7.533935905e-01,2.255557328e-01,2.847954139e-01,4.225575956e+00,-1.532480061e+00,-3.360050351e-01,1.536168381e-02,-3.511890225e-03,6.248733426e-01,-5.260408342e-02,9.599016557e-02,6.314404727e-01,-5.727091984e-02,2.308769192e-02,4.850382805e-01,-1.229910553e-01,2.250000276e-02,1.977686601e+00,6.999956071e-02,0,0
2.190000000e+00,7.387679280e-02,2.045197405e-01,1.725060037e-01,1.020817401e-01,4.599155310e-02,3.000000000e+01,4.500556473e+00,1.350614244e-01,1.337487535e-16,2.501853777e-17,3.576224061e-18,1.249376100e-02,-2.854781151e-01,-2.629604578e+00,-1.504450560e+00,-1.242272615e+00,-7.539362907e-01,2.269711643e-01,2.515705064e-01,4.212522133e+00,-1.527948883e+00,-3.338427993e-01,1.697015138e-02,-3.367110183e-03,6.247801737e-01,-5.255795559e-02,9.619688928e-02,6.314405474e-01,-5.727087245e-02,2.277204095e-02,4.850382209e-01,-1.229911372e-01,2.250012755e-02,1.977682553e+00,6.999953091e-02,0,0
2.200000000e+00,7.440260712e-02,2.060083040e-01,1.752024658e-01,1.028221054e-01,4.641774418e-02,3.000000000e+01,4.548890902e+00,1.350464994e-01,2.221843006e-16,3.103167692e-17,6.992893893e-18,1.381112400e-02,-2.855628431e-01,-2.630215883e+00,-1.504648566e+00,-1.244663119e+00,-7.544739246e-01,2.283134162e-01,2.571401994e-01,4.256663056e+00,-1.546218282e+00,-3.405632289e-01,1.781750580e-02,-3.903738054e-03,6.246871862e-01,-5.251001043e-02,9.640165821e-02,6.314406214e-01,-5.727082549e-02,2.245929079e-02,4.850382507e-01,-1.229911670e-01,2.250009403e-02,1.977686129e+00,6.999951601e-02,0,0
2.210000000e+00,7.492448527e-02,2.074873706e-01,1.689772650e-01,1.035576908e-01,4.685295986e-02,3.000000000e+01,4.526702484e+00,1.350318896e-01,2.543954159e-16,1.962615573e-17,5.275955480e-18,1.358816200e-02,-2.856478393e-01,-2.630820990e+00,-1.504842401e+00,-1.247039557e+00,-7.550156713e-01,2.296109647e-01,2.450026119e-01,4.237057842e+00,-1.537533786e+00,-3.376438559e-01,1.793652149e-02,-3.835065679e-03,6.245928250e-01,-5.246127977e-02,9.660519340e-02,6.314406947e-01,-5.727077898e-02,2.214947575e-02,4.850382805e-01,-1.229910478e-01,2.250004187e-02,1.977687072e+00,6.999948248e-02,0,0
2.220000000e+00,7.543939419e-02,2.089406098e-01,1.785983922e-01,1.042803763e-01,4.728773618e-02,3.000000000e+01,4.531972412e+00,1.350177310e-01,5.552365840e-16,3.469446952e-18,2.126363438e-17,1.341891100e-02,-2.857275009e-01,-2.631417274e+00,-1.505030394e+00,-1.249382615e+00,-7.555342913e-01,2.308407575e-01,2.510084439e-01,4.242244915e+00,-1.537792738e+00,-3.375974299e-01,1.824970270e-02,-3.898720064e-03,6.244999068e-01,-5.241279580e-02,9.680480091e-02,6.314407673e-01,-5.727073291e-02,2.184262979e-02,4.850381613e-01,-1.229911447e-01,2.250001580e-02,1.977687465e+00,6.999956444e-02,0,0
2.230000000e+00,7.595078925e-02,2.103900778e-01,1.742052793e-01,1.050011316e-01,4.772198229e-02,3.000000000e+01,4.518158992e+00,1.350036160e-01,3.687407293e-17,2.327375769e-17,8.716877585e-18,1.226049900e-02,-2.858069837e-01,-2.632012129e+00,-1.505217791e+00,-1.251721263e+00,-7.560495138e-01,2.320736647e-01,2.565187139e-01,4.230157460e+00,-1.530169630e+00,-3.346430248e-01,1.759368303e-02,-3.478323817e-03,6.244064777e-01,-5.236453716e-02,9.700381050e-02,6.314408392e-01,-5.727068730e-02,2.153878657e-02,4.850383401e-01,-1.229912266e-01,2.250015549e-02,1.977685697e+00,6.999954954e-02,0,0
2.240000000e+00,7.645884065e-02,2.118280966e-01,1.620873778e-01,1.057161392e-01,4.814606901e-02,3.000000000e+01,4.535806624e+00,1.349893103e-01,1.146135675e-16,1.430489625e-17,6.938893904e-18,1.174868300e-02,-2.858843505e-01,-2.632602692e+00,-1.505407691e+00,-1.254043460e+00,-7.565378547e-01,2.333067656e-01,2.798358364e-01,4.245855089e+00,-1.534348159e+00,-3.368050400e-01,1.656650379e-02,-3.440555003e-03,6.243154848e-01,-5.231939463e-02,9.720289086e-02,6.314409104e-01,-5.727064214e-02,2.123797941e-02,4.850382507e-01,-1.229909658e-01,2.250006050e-02,1.977687818e+00,6.999956071e-02,0,0
2.250000000e+00,7.695967461e-02,2.132451486e-01,1.654662320e-01,1.064206682e-01,4.856901490e-02,3.000000000e+01,4.529412742e+00,1.349752263e-01,3.349134129e-16,2.327375769e-17,1.044441840e-17,1.115606900e-02,-2.859597504e-01,-2.633187294e+00,-1.505594611e+00,-1.256335020e+00,-7.570219636e-01,2.345064729e-01,2.434148274e-01,4.242593943e+00,-1.531132001e+00,-3.346993891e-01,1.811875977e-02,-2.911251113e-03,6.242245784e-01,-5.227362176e-02,9.739771501e-02,6.314409808e-01,-5.727059744e-02,2.094024129e-02,4.850380123e-01,-1.229913011e-01,2.250014059e-02,1.977688447e+00,6.999950856e-02,0,0
2.260000000e+00,7.745600548e-02,2.146483532e-01,1.612389986e-01,1.071182600e-01,4.897730961e-02,3.000000000e+01,4.544526575e+00,1.349607358e-01,4.449327979e-16,1.551583846e-17,7.059813062e-18,1.277694400e-02,-2.860358953e-01,-2.633769274e+00,-1.505786777e+00,-1.258605480e+00,-7.574824691e-01,2.357267141e-01,2.499131195e-01,4.256198934e+00,-1.536577654e+00,-3.370773220e-01,1.825355524e-02,-3.264176080e-03,6.241362290e-01,-5.223237013e-02,9.759161892e-02,6.314410505e-01,-5.727055320e-02,2.064560486e-02,4.850381613e-01,-1.229911745e-01,2.250004187e-02,1.977685736e+00,6.999959052e-02,0,0
2.270000000e+00,7.793755986e-02,2.160086211e-01,1.605059399e-01,1.077944558e-01,4.936875636e-02,3.000000000e+01,4.547058658e+00,1.349458888e-01,9.993553540e-16,3.469446952e-18,1.761086112e-17,1.107888700e-02,-2.861076295e-01,-2.634351492e+00,-1.505983353e+00,-1.260814667e+00,-7.579265237e-01,2.369305193e-01,2.394378999e-01,4.259140655e+00,-1.537391290e+00,-3.379323669e-01,1.868986522e-02,-3.638877111e-03,6.240508655e-01,-5.219147210e-02,9.777406603e-02,6.314411195e-01,-5.727050944e-02,2.035410244e-02,4.850380719e-01,-1.229910627e-01,2.249997482e-02,1.977687975e+00,6.999953464e-02,0,0
2.280000000e+00,7.842197827e-02,2.173821951e-01,1.564335899e-01,1.084772156e-01,4.977226658e-02,3.000000000e+01,4.545603247e+00,1.349313077e-01,6.700837125e-16,4.906538933e-18,1.301042607e-18,1.284242500e-02,-2.861844003e-01,-2.634923935e+00,-1.506176353e+00,-1.263032556e+00,-7.583994269e-01,2.381416857e-01,2.418327347e-01,4.258636768e+00,-1.534424485e+00,-3.364729187e-01,1.889866112e-02,-3.000200429e-03,6.239616964e-01,-5.214868214e-02,9.796205097e-02,6.314411877e-01,-5.727046615e-02,2.006576599e-02,4.850381017e-01,-1.229911521e-01,2.249997482e-02,1.977686325e+00,6.999954581e-02,0,0
2.290000000e+00,7.890078293e-02,2.187445452e-01,1.570759444e-01,1.091543458e-01,5.016849726e-02,3.000000000e+01,4.542884684e+00,1.349157539e-01,4.466835187e-16,3.469446952e-18,2.168404345e-18,1.215064800e-02,-2.862598300e-01,-2.635498285e+00,-1.506381750e+00,-1.265224934e+00,-7.588701248e-01,2.393696606e-01,2.480419403e-01,4.255460981e+00,-1.534135187e+00,-3.367212743e-01,1.909535981e-02,-3.415016165e-03,6.238745935e-01,-5.210596193e-02,9.814776002e-02,6.314412552e-01,-5.727042334e-02,1.978062714e-02,4.850382209e-01,-1.229911819e-01,2.250003628e-02,1.977685225e+00,6.999950111e-02,0,0
2.300000000e+00,7.937583333e-02,2.200932296e-01,1.492914151e-01,1.098246338e-01,5.057088819e-02,3.000000000e+01,4.554235948e+00,1.349008097e-01,3.337111983e-16,7.757919229e-18,8.684452634e-18,1.257646200e-02,-2.863362730e-01,-2.636060238e+00,-1.506579161e+00,-1.267394423e+00,-7.593464851e-01,2.405520231e-01,2.485200449e-01,4.267094310e+00,-1.535320324e+00,-3.370995918e-01,1.885926964e-02,-2.950433151e-03,6.237859926e-01,-5.206267654e-02,9.833271148e-02,6.314413219e-01,-5.727038101e-02,1.949871714e-02,4.850381017e-01,-1.229910627e-01,2.249993943e-02,1.977688251e+00,6.999956444e-02,0,0
2.310000000e+00,7.984210229e-02,2.214192580e-01,1.624370571e-01,1.104836132e-01,5.095818093e-02,3.000000000e+01,4.545488971e+00,1.348852203e-01,4.494884237e-16,1.868354363e-17,5.204170428e-18,1.278149400e-02,-2.864115536e-01,-2.636623621e+00,-1.506784797e+00,-1.269529223e+00,-7.598063946e-01,2.417506576e-01,2.472008542e-01,4.259384444e+00,-1.531246562e+00,-3.360294086e-01,1.902706507e-02,-3.472036879e-03,6.237002418e-01,-5.202178152e-02,9.851249151e-02,6.314413879e-01,-5.727033918e-02,1.922006691e-02,4.850382209e-01,-1.229911447e-01,2.250001580e-02,1.977686522e+00,6.999955326e-02,0,0
2.320000000e+00,8.030642955e-02,2.227411900e-01,1.481556429e-01,1.111405085e-01,5.134759694e-02,3.000000000e+01,4.535974752e+00,1.348696860e-01,1.415117688e-16,5.307233313e-17,1.563658610e-17,1.144305200e-02,-2.864854634e-01,-2.637181282e+00,-1.506989717e+00,-1.271656394e+00,-7.602558732e-01,2.429265529e-01,2.540196764e-01,4.250600743e+00,-1.526783514e+00,-3.339209904e-01,1.885741127e-02,-2.747389940e-03,6.236150133e-01,-5.198162190e-02,9.869368429e-02,6.314414530e-01,-5.727029784e-02,1.894470701e-02,4.850381911e-01,-1.229910329e-01,2.249989659e-02,1.977687897e+00,6.999954954e-02,0,0
2.330000000e+00,8.076369746e-02,2.240411415e-01,1.602323903e-01,1.117864340e-01,5.173344932e-02,3.000000000e+01,4.567533130e+00,1.348545306e-01,2.254569416e-16,2.327375769e-17,1.788112031e-18,1.338310000e-02,-2.865563631e-01,-2.637730122e+00,-1.507189631e+00,-1.273749828e+00,-7.607015967e-01,2.440747619e-01,2.447762523e-01,4.280877275e+00,-1.536842499e+00,-3.380109342e-01,1.964056744e-02,-3.349769291e-03,6.235299695e-01,-5.194012513e-02,9.887099638e-02,6.314415174e-01,-5.727025700e-02,1.867266765e-02,4.850381017e-01,-1.229910478e-01,2.249997854e-02,1.977687190e+00,6.999954954e-02,0,0
2.340000000e+00,8.121481023e-02,2.253203401e-01,1.495920242e-01,1.124220015e-01,5.211452905e-02,3.000000000e+01,4.561420205e+00,1.348396762e-01,2.464644092e-16,1.097135459e-17,8.716877585e-18,1.388111400e-02,-2.866248488e-01,-2.638270378e+00,-1.507385612e+00,-1.275812984e+00,-7.611329556e-01,2.451915443e-01,2.465870966e-01,4.275436242e+00,-1.533804045e+00,-3.368220582e-01,1.951902510e-02,-3.014536129e-03,6.234460611e-01,-5.189942131e-02,9.904560325e-02,6.314415810e-01,-5.727021666e-02,1.840397864e-02,4.850381315e-01,-1.229911074e-01,2.250003442e-02,1.977685500e+00,6.999950483e-02,0,0
2.350000000e+00,8.165907312e-02,2.265732987e-01,1.456245158e-01,1.130444872e-01,5.249061025e-02,3.000000000e+01,4.573211527e+00,1.348249607e-01,1.261765403e-16,1.734723476e-17,8.940560153e-18,1.238398100e-02,-2.866910696e-01,-2.638799906e+00,-1.507579684e+00,-1.277833462e+00,-7.615525723e-01,2.462658435e-01,2.429331005e-01,4.286302934e+00,-1.538750507e+00,-3.386471714e-01,2.023345503e-02,-3.148132220e-03,6.233638439e-01,-5.185940509e-02,9.921688429e-02,6.314416437e-01,-5.727017683e-02,1.813866945e-02,4.850379825e-01,-1.229911149e-01,2.249992266e-02,1.977687347e+00,6.999949738e-02,0,0
2.360000000e+00,8.209506237e-02,2.278038351e-01,1.528496101e-01,1.136557901e-01,5.286888106e-02,3.000000000e+01,4.554066016e+00,1.348106128e-01,2.293306988e-16,5.307233313e-17,3.878959614e-18,1.285475400e-02,-2.867569923e-01,-2.639322758e+00,-1.507768869e+00,-1.279820919e+00,-7.619757056e-01,2.472969443e-01,2.437442019e-01,4.269225717e+00,-1.529957651e+00,-3.356177886e-01,1.994083914e-02,-3.234280470e-03,6.232810914e-01,-5.181856440e-02,9.938311244e-02,6.314417057e-01,-5.727013751e-02,1.787676918e-02,4.850384593e-01,-1.229912341e-01,2.250030637e-02,1.977684989e+00,6.999947876e-02,0,0
2.370000000e+00,8.252932835e-02,2.290305747e-01,1.357385516e-01,1.142651639e-01,5.324735660e-02,3.000000000e+01,4.550788932e+00,1.347964044e-01,8.894298763e-16,1.734723476e-17,4.091337135e-18,1.300210700e-02,-2.868202329e-01,-2.639838696e+00,-1.507956266e+00,-1.281800508e+00,-7.623867989e-01,2.483100295e-01,2.853912511e-01,4.265117354e+00,-1.524899015e+00,-3.337136840e-01,1.784767308e-02,-2.308738588e-03,6.231990525e-01,-5.177789695e-02,9.955110473e-02,6.314417669e-01,-5.727009870e-02,1.761830655e-02,4.850381613e-01,-1.229910031e-01,2.249992080e-02,1.977687740e+00,6.999950483e-02,0,0
2.380000000e+00,8.295549530e-02,2.302322259e-01,1.347394762e-01,1.148620336e-01,5.362633560e-02,3.000000000e+01,4.559146859e+00,1.347827822e-01,5.773911620e-16,1.868354363e-17,1.404617285e-17,1.135764000e-02,-2.868787050e-01,-2.640345573e+00,-1.508136034e+00,-1.283745170e+00,-7.627871633e-01,2.492622733e-01,2.688816505e-01,4.273582191e+00,-1.528955282e+00,-3.345713937e-01,1.925559478e-02,-2.225277919e-03,6.231176417e-01,-5.173586336e-02,9.971435604e-02,6.314418272e-01,-5.727006042e-02,1.736330991e-02,4.850381315e-01,-1.229912192e-01,2.250005305e-02,1.977685186e+00,6.999947503e-02,0,0
2.390000000e+00,8.337532471e-02,2.314144503e-01,1.398798826e-01,1.154492134e-01,5.400905477e-02,3.000000000e+01,4.579749726e+00,1.347697328e-01,4.514141335e-16,1.250926888e-17,5.637851297e-18,1.325472900e-02,-2.869369984e-01,-2.640841722e+00,-1.508308291e+00,-1.285659313e+00,-7.631912231e-01,2.501655221e-01,2.556802767e-01,4.293780834e+00,-1.535515953e+00,-3.375997431e-01,1.975408007e-02,-2.872028937e-03,6.230354235e-01,-5.169297646e-02,9.987455669e-02,6.314418867e-01,-5.727002266e-02,1.711180721e-02,4.850383103e-01,-1.229912415e-01,2.250008285e-02,1.977683418e+00,6.999954209e-02,0,0
2.400000000e+00,8.378885539e-02,2.325775145e-01,1.254612374e-01,1.160268375e-01,5.438478343e-02,3.000000000e+01,4.543799926e+00,1.347565689e-01,1.145213661e-16,1.040834086e-17,3.035766083e-18,1.210971800e-02,-2.869949937e-01,-2.641332626e+00,-1.508481979e+00,-1.287544012e+00,-7.635784149e-01,2.510488033e-01,2.455301812e-01,4.260976321e+00,-1.522798940e+00,-3.325587188e-01,1.991564326e-02,-2.223126313e-03,6.229553221e-01,-5.165286420e-02,1.000323144e-01,6.314419454e-01,-5.726998543e-02,1.686382603e-02,4.850382805e-01,-1.229912043e-01,2.250006422e-02,1.977685108e+00,6.999950856e-02,0,0
2.410000000e+00,8.419714980e-02,2.337269040e-01,1.310114498e-01,1.165976316e-01,5.477914053e-02,3.000000000e+01,4.569088438e+00,1.347442476e-01,2.645809642e-16,1.769077771e-17,4.527761199e-18,1.284436500e-02,-2.870452702e-01,-2.641811848e+00,-1.508644700e+00,-1.289405227e+00,-7.639728785e-01,2.518260479e-01,2.254406610e-01,4.286054102e+00,-1.530454578e+00,-3.357785566e-01,2.099995210e-02,-2.538322803e-03,6.228738427e-01,-5.160642367e-02,1.001877557e-01,6.314420032e-01,-5.726994873e-02,1.661939357e-02,4.850382209e-01,-1.229911074e-01,2.249993384e-02,1.977686954e+00,6.999949366e-02,0,0
2.420000000e+00,8.460028940e-02,2.348607011e-01,1.316378676e-01,1.171606447e-01,5.515610228e-02,3.000000000e+01,4.569076221e+00,1.347323411e-01,2.279669590e-16,1.163687884e-17,8.673617380e-19,1.141684200e-02,-2.870955169e-01,-2.642284870e+00,-1.508802176e+00,-1.291250706e+00,-7.643350959e-01,2.526232898e-01,2.181890790e-01,4.286770495e+00,-1.529799346e+00,-3.342040881e-01,2.163778300e-02,-1.776197282e-03,6.227943569e-01,-5.156501449e-02,1.003421021e-01,6.314420602e-01,-5.726991257e-02,1.637853664e-02,4.850382209e-01,-1.229910851e-01,2.249993384e-02,1.977687386e+00,6.999958307e-02,0,0
2.430000000e+00,8.499574871e-02,2.359709433e-01,1.305971840e-01,1.177119246e-01,5.551720560e-02,3.000000000e+01,4.566804536e+00,1.347204587e-01,2.345047845e-16,3.122502257e-17,5.275955480e-18,1.165576300e-02,-2.871455550e-01,-2.642752171e+00,-1.508959293e+00,-1.293061972e+00,-7.646785975e-01,2.534306943e-01,2.550163054e-01,4.283580677e+00,-1.526281198e+00,-3.341755438e-01,1.985521476e-02,-2.262117062e-03,6.227170803e-01,-5.152671511e-02,1.004927318e-01,6.314421164e-01,-5.726987695e-02,1.614128164e-02,4.850382507e-01,-1.229912639e-01,2.250009961e-02,1.977685854e+00,6.999958307e-02,0,0
2.440000000e+00,8.538560987e-02,2.370632641e-01,1.295888987e-01,1.182542704e-01,5.587178739e-02,3.000000000e+01,4.570112844e+00,1.347086906e-01,2.220958445e-16,1.387778781e-17,3.127317221e-18,1.284617500e-02,-2.871944010e-01,-2.643210888e+00,-1.509114861e+00,-1.294842839e+00,-7.650131583e-01,2.542235255e-01,2.367400389e-01,4.287818942e+00,-1.527136068e+00,-3.345378300e-01,2.070793026e-02,-2.309394769e-03,6.226410888e-01,-5.148927456e-02,1.006415224e-01,6.314421716e-01,-5.726984188e-02,1.590765460e-02,4.850383401e-01,-1.229912937e-01,2.250016108e-02,1.977680235e+00,6.999949738e-02,0,0
2.450000000e+00,8.576841787e-02,2.381358238e-01,1.251192648e-01,1.187867703e-01,5.622461988e-02,3.000000000e+01,4.573801993e+00,1.346967112e-01,1.329698714e-16,5.204170428e-18,2.168404345e-18,1.331202900e-02,-2.872425914e-01,-2.643664837e+00,-1.509273052e+00,-1.296590447e+00,-7.653389573e-01,2.549791038e-01,2.619500691e-01,4.290233043e+00,-1.527305756e+00,-3.344903235e-01,1.989927929e-02,-2.155268921e-03,6.225669687e-01,-5.145318305e-02,1.007871294e-01,6.314422261e-01,-5.726980735e-02,1.567768113e-02,4.850382507e-01,-1.229913086e-01,2.250027470e-02,1.977682436e+00,6.999956444e-02,0,0
2.460000000e+00,8.614757377e-02,2.392003475e-01,1.142573404e-01,1.193152468e-01,5.656144249e-02,3.000000000e+01,4.571154734e+00,1.346847640e-01,5.559518106e-16,7.757919229e-18,1.748223473e-18,1.331993900e-02,-2.872906923e-01,-2.644114971e+00,-1.509430885e+00,-1.298328519e+00,-7.656421661e-01,2.557753623e-01,2.365747887e-01,4.289035217e+00,-1.526799970e+00,-3.348267047e-01,2.079994065e-02,-2.275580583e-03,6.224946288e-01,-5.142068058e-02,1.009331513e-01,6.314422796e-01,-5.726977338e-02,1.545138645e-02,4.850384593e-01,-1.229911521e-01,2.250038460e-02,1.977685736e+00,6.999952346e-02,0,0
2.470000000e+00,8.652008974e-02,2.402441349e-01,1.192530789e-01,1.198333960e-01,5.689776366e-02,3.000000000e+01,4.575878452e+00,1.346735053e-01,1.799775606e-17,3.127317221e-17,8.770652787e-18,1.236618000e-02,-2.873374820e-01,-2.644553900e+00,-1.509579778e+00,-1.300036073e+00,-7.659398317e-01,2.565275729e-01,2.123791985e-01,4.295394894e+00,-1.526745865e+00,-3.342224450e-01,2.192283817e-02,-1.789757865e-03,6.224222936e-01,-5.138811132e-02,1.010761674e-01,6.314423323e-01,-5.726973996e-02,1.522879538e-02,4.850381315e-01,-1.229910776e-01,2.249994501e-02,1.977686601e+00,6.999955326e-02,0,0
2.480000000e+00,8.688549539e-02,2.412710207e-01,1.361579882e-01,1.203431232e-01,5.722585257e-02,3.000000000e+01,4.554435988e+00,1.346620375e-01,8.901413670e-16,1.769077771e-17,2.776912484e-18,1.209123700e-02,-2.873828411e-01,-2.644990444e+00,-1.509731293e+00,-1.301716805e+00,-7.662274837e-01,2.572800815e-01,1.893105184e-01,4.276386169e+00,-1.519469924e+00,-3.320069027e-01,2.338351668e-02,-2.410981735e-03,6.223517493e-01,-5.135654291e-02,1.012159887e-01,6.314423841e-01,-5.726970710e-02,1.500993234e-02,4.850379825e-01,-1.229910254e-01,2.249987051e-02,1.977686601e+00,6.999955699e-02,0,0
2.490000000e+00,8.724513133e-02,2.422809042e-01,1.194988442e-01,1.208443799e-01,5.753791543e-02,3.000000000e+01,4.600187490e+00,1.346505537e-01,1.271700286e-16,7.152448123e-18,3.366268786e-18,1.120686800e-02,-2.874284685e-01,-2.645422459e+00,-1.509883046e+00,-1.303375244e+00,-7.664878964e-01,2.580492496e-01,2.174245638e-01,4.318107968e+00,-1.534325680e+00,-3.372694322e-01,2.199773535e-02,-2.285345186e-03,6.222839168e-01,-5.132970322e-02,1.013543455e-01,6.314424350e-01,-5.726967481e-02,1.479482131e-02,4.850380719e-01,-1.229912713e-01,2.250005305e-02,1.977682632e+00,6.999955326e-02,0,0
2.500000000e+00,8.760068475e-02,2.432767064e-01,1.125523741e-01,1.213386171e-01,5.784358241e-02,3.000000000e+01,4.590238688e+00,1.346390218e-01,2.226985044e-16,1.561251128e-17,1.734723476e-18,1.197772600e-02,-2.874740362e-01,-2.645846367e+00,-1.510035396e+00,-1.305009007e+00,-7.667312026e-01,2.588018477e-01,2.385824162e-01,4.307905904e+00,-1.530304068e+00,-3.361918493e-01,2.134553327e-02,-2.289170061e-03,6.222182551e-01,-5.130582530e-02,1.014927859e-01,6.314424850e-01,-5.726964308e-02,1.458348589e-02,4.850381613e-01,-1.229912266e-01,2.250008471e-02,1.977683811e+00,6.999951974e-02,0,0
2.510000000e+00,8.793742781e-02,2.442189592e-01,1.279713811e-01,1.218062489e-01,5.813872019e-02,3.000000000e+01,4.597499903e+00,1.346279883e-01,1.155456388e-16,1.708504484e-17,5.553824967e-18,1.251054100e-02,-2.875182331e-01,-2.646265507e+00,-1.510181069e+00,-1.306568861e+00,-7.669760585e-01,2.595065236e-01,2.470883809e-01,4.314768036e+00,-1.531269463e+00,-3.368688527e-01,2.133623355e-02,-2.731510467e-03,6.221536040e-01,-5.128115995e-02,1.016161088e-01,6.314425341e-01,-5.726961192e-02,1.437594925e-02,4.850382507e-01,-1.229911968e-01,2.250012942e-02,1.977684164e+00,6.999953836e-02,0,0
2.520000000e+00,8.827961540e-02,2.451894799e-01,1.093855390e-01,1.222878816e-01,5.844917278e-02,3.000000000e+01,4.586617346e+00,1.346157515e-01,3.364882883e-16,6.938893904e-18,1.734723476e-18,1.330847900e-02,-2.875614464e-01,-2.646684170e+00,-1.510342121e+00,-1.308147192e+00,-7.672452331e-01,2.602268457e-01,2.238999887e-01,4.305962690e+00,-1.527350632e+00,-3.351254219e-01,2.236066290e-02,-1.946047245e-03,6.220884562e-01,-5.125237423e-02,1.017483955e-01,6.314425823e-01,-5.726958133e-02,1.417223416e-02,4.850381017e-01,-1.229911074e-01,2.249988914e-02,1.977686915e+00,6.999950483e-02,0,0
2.530000000e+00,8.861260546e-02,2.461356186e-01,1.266757100e-01,1.227573867e-01,5.875452667e-02,3.000000000e+01,4.586701566e+00,1.346036557e-01,4.509138832e-16,3.816391647e-17,7.059813062e-18,1.119863900e-02,-2.876071036e-01,-2.647095919e+00,-1.510501146e+00,-1.309684992e+00,-7.675275207e-01,2.609425187e-01,2.156424833e-01,4.306433948e+00,-1.527351959e+00,-3.355819268e-01,2.301398242e-02,-2.710918473e-03,6.220229558e-01,-5.122323973e-02,1.018751826e-01,6.314426296e-01,-5.726955133e-02,1.397236295e-02,4.850381315e-01,-1.229911447e-01,2.249998413e-02,1.977687033e+00,6.999956071e-02,0,0
2.540000000e+00,8.894285676e-02,2.470716614e-01,1.233747759e-01,1.232218549e-01,5.903749825e-02,3.000000000e+01,4.620783886e+00,1.345914193e-01,2.340584328e-16,1.734723476e-17,4.670885906e-18,1.285562400e-02,-2.876518667e-01,-2.647501945e+00,-1.510662079e+00,-1.311209083e+00,-7.677741647e-01,2.617067695e-01,2.682336020e-01,4.336590117e+00,-1.535648276e+00,-3.391480547e-01,2.088465508e-02,-2.723438627e-03,6.219610409e-01,-5.119950449e-02,1.020038207e-01,6.314426759e-01,-5.726952190e-02,1.377635754e-02,4.850380421e-01,-1.229911670e-01,2.250003070e-02,1.977686522e+00,6.999956816e-02,0,0
2.550000000e+00,8.926509801e-02,2.479901744e-01,1.175235940e-01,1.236775985e-01,5.933217945e-02,3.000000000e+01,4.604227469e+00,1.345799463e-01,2.480602445e-16,2.802531544e-17,2.305045437e-18,1.303334700e-02,-2.876954973e-01,-2.647898674e+00,-1.510812998e+00,-1.312704086e+00,-7.680422664e-01,2.624093592e-01,1.936007699e-01,4.325335156e+00,-1.529349013e+00,-3.368250189e-01,2.324159391e-02,-2.334849392e-03,6.218967704e-01,-5.117140035e-02,1.021277079e-01,6.314427214e-01,-5.726949306e-02,1.358423942e-02,4.850382805e-01,-1.229911298e-01,2.250017412e-02,1.977686954e+00,6.999950856e-02,0,0
2.560000000e+00,8.958111148e-02,2.488895376e-01,1.049679715e-01,1.241238151e-01,5.963883912e-02,3.000000000e+01,4.578966977e+00,1.345690120e-01,2.226064299e-16,6.254634441e-18,4.594766429e-18,1.245136100e-02,-2.877339125e-01,-2.648283005e+00,-1.510956883e+00,-1.314164281e+00,-7.683084011e-01,2.630098462e-01,2.227642785e-01,4.299735972e+00,-1.522463756e+00,-3.334099992e-01,2.288252663e-02,-1.868512233e-03,6.218330861e-01,-5.114042069e-02,1.022490792e-01,6.314427659e-01,-5.726946480e-02,1.339602967e-02,4.850383699e-01,-1.229911447e-01,2.250008658e-02,1.977685776e+00,6.999940053e-02,0,0
2.570000000e+00,8.988942854e-02,2.497736237e-01,9.945006557e-02,1.245624276e-01,5.996383927e-02,3.000000000e+01,4.590471842e+00,1.345588997e-01,1.811104480e-17,1.811104480e-17,1.939479807e-18,1.492607400e-02,-2.877686024e-01,-2.648658276e+00,-1.511090040e+00,-1.315598369e+00,-7.685920596e-01,2.635152638e-01,2.443742688e-01,4.309758902e+00,-1.525268269e+00,-3.342963478e-01,2.215844546e-02,-1.677661223e-03,6.217673327e-01,-5.110404977e-02,1.023660113e-01,6.314428095e-01,-5.726943713e-02,1.321174892e-02,4.850379825e-01,-1.229910851e-01,2.250004001e-02,1.977685225e+00,6.999957934e-02,0,0
2.580000000e+00,9.019400276e-02,2.506470767e-01,1.030471889e-01,1.249957408e-01,6.029472090e-02,3.000000000e+01,4.563066951e+00,1.345497885e-01,6.697404582e-16,3.576224061e-18,0.000000000e+00,1.227921900e-02,-2.877961397e-01,-2.649019718e+00,-1.511210322e+00,-1.317014575e+00,-7.688664198e-01,2.639559209e-01,2.245756829e-01,4.285814980e+00,-1.514449668e+00,-3.299264663e-01,2.291932018e-02,-1.075609850e-03,6.217014916e-01,-5.106438080e-02,1.024828659e-01,6.314428522e-01,-5.726941006e-02,1.303141738e-02,4.850382507e-01,-1.229911670e-01,2.250004373e-02,1.977686090e+00,6.999939680e-02,0,0
2.590000000e+00,9.048872248e-02,2.514927804e-01,1.140826740e-01,1.254152652e-01,6.064098325e-02,3.000000000e+01,4.568981520e+00,1.345416778e-01,4.500212260e-16,1.673468775e-17,8.673617380e-19,1.175527500e-02,-2.878197432e-01,-2.649365902e+00,-1.511317492e+00,-1.318381190e+00,-7.691639662e-01,2.642875910e-01,2.267508641e-01,4.292426493e+00,-1.513351774e+00,-3.294108683e-01,2.247971642e-02,-7.219882626e-04,6.216338048e-01,-5.101847948e-02,1.025931006e-01,6.314428939e-01,-5.726938358e-02,1.285505482e-02,4.850381911e-01,-1.229912639e-01,2.250008658e-02,1.977682396e+00,6.999951974e-02,0,0
2.600000000e+00,9.077815828e-02,2.523234214e-01,9.488309194e-02,1.258272957e-01,6.097159166e-02,3.000000000e+01,4.569206028e+00,1.345333395e-01,6.676624024e-16,1.561251128e-17,1.693577933e-18,1.280714400e-02,-2.878439128e-01,-2.649708271e+00,-1.511427641e+00,-1.319726229e+00,-7.694306374e-01,2.646326125e-01,2.482401497e-01,4.290841837e+00,-1.514877109e+00,-3.306908356e-01,2.204750290e-02,-1.306082325e-03,6.215696996e-01,-5.097824885e-02,1.027027628e-01,6.314429347e-01,-5.726935770e-02,1.268268059e-02,4.850383401e-01,-1.229911372e-01,2.250000089e-02,1.977686168e+00,6.999956071e-02,0,0
2.610000000e+00,9.106176882e-02,2.531385238e-01,8.689048032e-02,1.262315972e-01,6.128753475e-02,3.000000000e+01,4.577230156e+00,1.345248409e-01,5.581141280e-16,1.492265559e-17,7.818293052e-19,1.287650500e-02,-2.878698111e-01,-2.650045872e+00,-1.511539817e+00,-1.321046472e+00,-7.696837187e-01,2.650056481e-01,2.700744121e-01,4.297804068e+00,-1.515611268e+00,-3.308472861e-01,2.092380467e-02,-8.130481240e-04,6.215076915e-01,-5.094161208e-02,1.028110237e-01,6.314429746e-01,-5.726933243e-02,1.251431359e-02,4.850381315e-01,-1.229911074e-01,2.249988914e-02,1.977686247e+00,6.999959424e-02,0,0
2.620000000e+00,9.133640367e-02,2.539259180e-01,1.161230518e-01,1.266221353e-01,6.158789688e-02,3.000000000e+01,4.584535143e+00,1.345171826e-01,8.478987823e-18,2.145734437e-17,8.673617380e-19,1.296244600e-02,-2.878945768e-01,-2.650372744e+00,-1.511641145e+00,-1.322330475e+00,-7.699237466e-01,2.653842568e-01,1.991436157e-01,4.308055465e+00,-1.519164160e+00,-3.324037225e-01,2.463999122e-02,-1.814890942e-03,6.214465051e-01,-5.090629492e-02,1.029144274e-01,6.314430135e-01,-5.726930775e-02,1.234997229e-02,4.850381017e-01,-1.229910925e-01,2.249991149e-02,1.977686168e+00,6.999953836e-02,0,0
2.630000000e+00,9.160609451e-02,2.546987091e-01,1.022572302e-01,1.270054113e-01,6.187825513e-02,3.000000000e+01,4.589804497e+00,1.345100244e-01,2.436472232e-16,5.485677295e-18,1.939479807e-18,1.160809300e-02,-2.879165411e-01,-2.650691986e+00,-1.511736155e+00,-1.323598266e+00,-7.701280713e-01,2.657430768e-01,2.338255483e-01,4.312285914e+00,-1.518268101e+00,-3.319260483e-01,2.251245848e-02,-1.180614812e-03,6.213880281e-01,-5.087490302e-02,1.030174510e-01,6.314430514e-01,-5.726928369e-02,1.218967469e-02,4.850381911e-01,-1.229910403e-01,2.250001580e-02,1.977685933e+00,6.999962404e-02,0,0
2.640000000e+00,9.186944776e-02,2.554510352e-01,9.210676403e-02,1.273785192e-01,6.215639604e-02,3.000000000e+01,4.567003316e+00,1.345032212e-01,4.468462144e-16,2.083474391e-17,3.066586833e-18,1.126979900e-02,-2.879374921e-01,-2.651002645e+00,-1.511826634e+00,-1.324838161e+00,-7.703047991e-01,2.660888433e-01,2.284657776e-01,4.291300947e+00,-1.510396003e+00,-3.290143128e-01,2.262053610e-02,-8.157506303e-04,6.213322258e-01,-5.084744928e-02,1.031187074e-01,6.314430884e-01,-5.726926023e-02,1.203343839e-02,4.850382805e-01,-1.229911223e-01,2.250005677e-02,1.977685422e+00,6.999951601e-02,0,0
2.650000000e+00,9.212564319e-02,2.561807023e-01,7.859888283e-02,1.277403724e-01,6.242472588e-02,3.000000000e+01,4.579370563e+00,1.344968192e-01,1.979789980e-17,8.673617380e-18,3.551486222e-18,1.242050000e-02,-2.879588902e-01,-2.651302576e+00,-1.511911869e+00,-1.326042056e+00,-7.704758644e-01,2.664291263e-01,2.240193625e-01,4.303240362e+00,-1.514035815e+00,-3.313075307e-01,2.240376005e-02,-1.188364851e-03,6.212774696e-01,-5.082136853e-02,1.032170270e-01,6.314431244e-01,-5.726923739e-02,1.188128051e-02,4.850384891e-01,-1.229913682e-01,2.250037529e-02,1.977684400e+00,6.999952346e-02,0,0
2.660000000e+00,9.237596705e-02,2.568974210e-01,8.187730361e-02,1.280957877e-01,6.268187871e-02,3.000000000e+01,4.590907228e+00,1.344898751e-01,6.569227398e-17,1.086801143e-17,8.673617380e-19,1.368366200e-02,-2.879807651e-01,-2.651601076e+00,-1.512004018e+00,-1.327222466e+00,-7.706364989e-01,2.667918801e-01,2.230555007e-01,4.315116713e+00,-1.515216587e+00,-3.317613276e-01,2.226549291e-02,-7.304769898e-04,6.212252835e-01,-5.079778515e-02,1.033139739e-01,6.314431594e-01,-5.726921516e-02,1.173321775e-02,4.850382507e-01,-1.229912564e-01,2.250010520e-02,1.977683772e+00,6.999959424e-02,0,0
2.670000000e+00,9.262052668e-02,2.576021132e-01,7.943992722e-02,1.284452231e-01,6.293082814e-02,3.000000000e+01,4.606760723e+00,1.344827669e-01,5.551359063e-16,5.485677295e-18,2.305045437e-18,1.345464100e-02,-2.880037129e-01,-2.651895761e+00,-1.512098193e+00,-1.328381419e+00,-7.707971334e-01,2.671766877e-01,2.076577868e-01,4.330365959e+00,-1.521362417e+00,-3.346112075e-01,2.330746546e-02,-1.325464002e-03,6.211740395e-01,-5.077516432e-02,1.034093841e-01,6.314431935e-01,-5.726919355e-02,1.158926633e-02,4.850382507e-01,-1.229913756e-01,2.250002883e-02,1.977683693e+00,6.999951601e-02,0,0
2.680000000e+00,9.285878765e-02,2.582939044e-01,7.600718627e-02,1.287882459e-01,6.317277058e-02,3.000000000e+01,4.573934218e+00,1.344754243e-01,1.134827738e-16,1.734723476e-18,5.421010862e-19,1.129547900e-02,-2.880262136e-01,-2.652188540e+00,-1.512195349e+00,-1.329519749e+00,-7.709465623e-01,2.675641477e-01,2.297674774e-01,4.299305613e+00,-1.508267117e+00,-3.296935300e-01,2.200570003e-02,-7.822554632e-04,6.211248049e-01,-5.075439246e-02,1.035029170e-01,6.314432265e-01,-5.726917255e-02,1.144944205e-02,4.850380421e-01,-1.229911223e-01,2.249988914e-02,1.977685736e+00,6.999955699e-02,0,0
2.690000000e+00,9.308993485e-02,2.589699099e-01,9.062183495e-02,1.291234264e-01,6.341973226e-02,3.000000000e+01,4.609521230e+00,1.344686828e-01,4.444162559e-16,1.226634733e-17,1.748223473e-18,1.240192000e-02,-2.880483866e-01,-2.652471781e+00,-1.512284636e+00,-1.330630183e+00,-7.711099982e-01,2.679137886e-01,2.449800221e-01,4.331566204e+00,-1.520847544e+00,-3.342498740e-01,2.241222640e-02,-1.562065363e-03,6.210743478e-01,-5.073112882e-02,1.035930965e-01,6.314432586e-01,-5.726915218e-02,1.131376024e-02,4.850381315e-01,-1.229912043e-01,2.250001766e-02,1.977686561e+00,6.999954209e-02,0,0
2.700000000e+00,9.331553844e-02,2.596307783e-01,8.248397009e-02,1.294510873e-01,6.366925445e-02,3.000000000e+01,4.595046203e+00,1.344625891e-01,4.492431442e-16,9.055522399e-18,1.301042607e-18,1.321007900e-02,-2.880672514e-01,-2.652743816e+00,-1.512365580e+00,-1.331715465e+00,-7.712619305e-01,2.682050169e-01,2.158315961e-01,4.319785786e+00,-1.515512261e+00,-3.316457215e-01,2.345815480e-02,-7.102554521e-04,6.210248388e-01,-5.070762046e-02,1.036819231e-01,6.314432898e-01,-5.726913244e-02,1.118223577e-02,4.850382209e-01,-1.229910478e-01,2.250012010e-02,1.977686797e+00,6.999954209e-02,0,0
2.710000000e+00,9.353287084e-02,2.602634732e-01,7.334748164e-02,1.297647665e-01,6.390360085e-02,3.000000000e+01,4.590302795e+00,1.344567803e-01,8.885375949e-16,1.217400213e-17,9.263427422e-19,1.112451800e-02,-2.880827785e-01,-2.653005838e+00,-1.512442827e+00,-1.332758307e+00,-7.713906765e-01,2.684832811e-01,2.468201490e-01,4.314829460e+00,-1.510787373e+00,-3.305608369e-01,2.138401988e-02,-2.647542738e-04,6.209785589e-01,-5.068612648e-02,1.037670775e-01,6.314433199e-01,-5.726911332e-02,1.105488307e-02,4.850382805e-01,-1.229914203e-01,2.250009589e-02,1.977682553e+00,6.999951228e-02,0,0
2.720000000e+00,9.374436428e-02,2.608818850e-01,5.894087700e-02,1.300713518e-01,6.413342361e-02,3.000000000e+01,4.628084474e+00,1.344510045e-01,4.516167333e-16,0.000000000e+00,1.611782403e-18,1.217472800e-02,-2.880997360e-01,-2.653261662e+00,-1.512519598e+00,-1.333776951e+00,-7.715125680e-01,2.687508762e-01,2.605287767e-01,4.348528815e+00,-1.525806092e+00,-3.362060597e-01,2.163790188e-02,-9.280590305e-04,6.209336323e-01,-5.066688385e-02,1.038508342e-01,6.314433490e-01,-5.726909483e-02,1.093171610e-02,4.850381017e-01,-1.229911298e-01,2.249997482e-02,1.977685933e+00,6.999957934e-02,0,0
2.730000000e+00,9.394724875e-02,2.614741042e-01,8.071811344e-02,1.303649401e-01,6.435122444e-02,3.000000000e+01,4.634671840e+00,1.344461572e-01,4.906538933e-18,1.321126039e-17,1.305552300e-18,1.131452000e-02,-2.881147265e-01,-2.653506994e+00,-1.512584448e+00,-1.334763646e+00,-7.716127038e-01,2.690009475e-01,2.932780222e-01,4.353005524e+00,-1.526981463e+00,-3.367597857e-01,2.077860088e-02,-1.637200724e-03,6.208901528e-01,-5.064980229e-02,1.039304170e-01,6.314433772e-01,-5.726907697e-02,1.081274838e-02,4.850379825e-01,-1.229911074e-01,2.249989286e-02,1.977685618e+00,6.999954954e-02,0,0
2.740000000e+00,9.414470665e-02,2.620540263e-01,7.923722686e-02,1.306524212e-01,6.457231688e-02,3.000000000e+01,4.617739380e+00,1.344416392e-01,2.287044753e-16,2.453269467e-18,1.817454023e-18,1.289541500e-02,-2.881280184e-01,-2.653743505e+00,-1.512645006e+00,-1.335726500e+00,-7.717101574e-01,2.692071795e-01,2.122598190e-01,4.341677789e+00,-1.521693354e+00,-3.349358321e-01,2.370427450e-02,-1.468371727e-03,6.208473573e-01,-5.063221074e-02,1.040087737e-01,6.314434043e-01,-5.726905974e-02,1.069799295e-02,4.850381017e-01,-1.229910851e-01,2.250007167e-02,1.977685304e+00,6.999956071e-02,0,0
2.750000000e+00,9.433580120e-02,2.626109572e-01,6.679117279e-02,1.309284946e-01,6.477596467e-02,3.000000000e+01,4.608415987e+00,1.344374866e-01,4.441080559e-16,6.992893893e-18,1.817454023e-18,1.248824200e-02,-2.881387770e-01,-2.653970003e+00,-1.512700915e+00,-1.336657643e+00,-7.717747092e-01,2.694126666e-01,2.088161955e-01,4.333174526e+00,-1.518515520e+00,-3.332012179e-01,2.406735888e-02,-7.472053283e-04,6.208080805e-01,-5.061856167e-02,1.040856111e-01,6.314434305e-01,-5.726904314e-02,1.058746239e-02,4.850378931e-01,-1.229911074e-01,2.249988914e-02,1.977686836e+00,6.999959052e-02,0,0
2.760000000e+00,9.451976607e-02,2.631533739e-01,7.635376582e-02,1.311973635e-01,6.497409919e-02,3.000000000e+01,4.600916097e+00,1.344332415e-01,3.738120294e-16,1.262897753e-17,2.682168046e-18,1.236003000e-02,-2.881519496e-01,-2.654193163e+00,-1.512757897e+00,-1.337564468e+00,-7.718458772e-01,2.696319520e-01,1.960884813e-01,4.327457456e+00,-1.514102411e+00,-3.316430582e-01,2.442579169e-02,-5.949308595e-04,6.207691802e-01,-5.060565181e-02,1.041595839e-01,6.314434556e-01,-5.726902718e-02,1.048116882e-02,4.850380123e-01,-1.229910776e-01,2.249995060e-02,1.977687347e+00,6.999960542e-02,0,0
2.770000000e+00,9.469551742e-02,2.636772237e-01,8.184605417e-02,1.314570199e-01,6.516534504e-02,3.000000000e+01,4.611119765e+00,1.344285746e-01,1.210365935e-16,1.398578779e-17,6.133173667e-19,1.434501900e-02,-2.881653905e-01,-2.654413462e+00,-1.512820125e+00,-1.338436246e+00,-7.719283104e-01,2.698657215e-01,1.975332012e-01,4.336217601e+00,-1.519345765e+00,-3.340405672e-01,2.502401083e-02,-1.478586037e-03,6.207314078e-01,-5.059170216e-02,1.042295691e-01,6.314434798e-01,-5.726901186e-02,1.037912390e-02,4.850379825e-01,-1.229911447e-01,2.250001952e-02,1.977686286e+00,6.999960169e-02,0,0
2.780000000e+00,9.486611058e-02,2.641905728e-01,9.508416945e-02,1.317114627e-01,6.536115514e-02,3.000000000e+01,4.624635239e+00,1.344237943e-01,2.677946884e-16,1.354862347e-17,2.818925648e-18,1.209499700e-02,-2.881763875e-01,-2.654625893e+00,-1.512883663e+00,-1.339279532e+00,-7.720221281e-01,2.700672448e-01,1.898467812e-01,4.348609169e+00,-1.525457769e+00,-3.363018797e-01,2.614313996e-02,-1.940582638e-03,6.206942305e-01,-5.057481465e-02,1.042984649e-01,6.314435029e-01,-5.726899718e-02,1.028133882e-02,4.850379825e-01,-1.229911372e-01,2.249986306e-02,1.977687190e+00,6.999953464e-02,0,0
2.790000000e+00,9.503205935e-02,2.646916692e-01,5.951289830e-02,1.319598240e-01,6.555685505e-02,3.000000000e+01,4.612197119e+00,1.344201434e-01,2.240854691e-16,1.734723476e-18,7.273049277e-19,1.275749400e-02,-2.881884277e-01,-2.654824257e+00,-1.512932658e+00,-1.340105295e+00,-7.721173167e-01,2.702467740e-01,2.033471976e-01,4.337772000e+00,-1.517449717e+00,-3.339074016e-01,2.444857772e-02,-8.534960614e-04,6.206556948e-01,-5.055799990e-02,1.043667908e-01,6.314435251e-01,-5.726898314e-02,1.018782430e-02,4.850382209e-01,-1.229911521e-01,2.249999531e-02,1.977685854e+00,6.999954581e-02,0,0
2.800000000e+00,9.518805029e-02,2.651661492e-01,5.979987945e-02,1.321949856e-01,6.574470325e-02,3.000000000e+01,4.610544190e+00,1.344162386e-01,2.260209722e-16,3.878959614e-18,4.470280077e-19,1.142727100e-02,-2.881977856e-01,-2.655017614e+00,-1.512984753e+00,-1.340884566e+00,-7.722136974e-01,2.704127729e-01,2.320678613e-01,4.336263406e+00,-1.512886062e+00,-3.327910450e-01,2.252692936e-02,-5.712447214e-04,6.206194776e-01,-5.054000425e-02,1.044295266e-01,6.314435462e-01,-5.726896975e-02,1.009859060e-02,4.850382209e-01,-1.229911521e-01,2.250007913e-02,1.977685893e+00,6.999956071e-02,0,0
2.810000000e+00,9.533586722e-02,2.656142725e-01,4.931902863e-02,1.324170776e-01,6.592554042e-02,3.000000000e+01,4.585514582e+00,1.344129893e-01,5.551225236e-16,1.130901346e-17,1.533293417e-19,1.201157700e-02,-2.882058620e-01,-2.655198812e+00,-1.513028383e+00,-1.341624379e+00,-7.722945213e-01,2.705389261e-01,2.057799390e-01,4.314103754e+00,-1.504634203e+00,-3.296046368e-01,2.332596873e-02,-1.445872613e-06,6.205851298e-01,-5.052388028e-02,1.044886488e-01,6.314435663e-01,-5.726895699e-02,1.001364751e-02,4.850383997e-01,-1.229914054e-01,2.250010148e-02,1.977682396e+00,6.999947131e-02,0,0
2.820000000e+00,9.547797865e-02,2.660552131e-01,4.740131015e-02,1.326356032e-01,6.610969258e-02,3.000000000e+01,4.603903739e+00,1.344090475e-01,2.237994987e-16,3.127317221e-18,6.060874398e-19,1.342746100e-02,-2.882134318e-01,-2.655378342e+00,-1.513080716e+00,-1.342339277e+00,-7.723977566e-01,2.706649005e-01,2.126891002e-01,4.330889507e+00,-1.511026571e+00,-3.321705947e-01,2.345923396e-02,-3.527597900e-04,6.205511895e-01,-5.050448472e-02,1.045461229e-01,6.314435854e-01,-5.726894489e-02,9.933004328e-03,4.850381613e-01,-1.229910776e-01,2.249997109e-02,1.977685225e+00,6.999955326e-02,0,0
2.830000000e+00,9.561273785e-02,2.664760171e-01,7.802266553e-02,1.328441433e-01,6.629163238e-02,3.000000000e+01,4.584932692e+00,1.344056100e-01,2.222143701e-16,3.469446952e-18,1.371419324e-18,1.212062700e-02,-2.882206440e-01,-2.655547619e+00,-1.513126493e+00,-1.343021393e+00,-7.724977732e-01,2.707569003e-01,1.711377941e-01,4.315379377e+00,-1.503640171e+00,-3.289704851e-01,2.578914584e-02,-2.329228515e-04,6.205180451e-01,-5.048553957e-02,1.046006058e-01,6.314436034e-01,-5.726893343e-02,9.856669912e-03,4.850379527e-01,-1.229911000e-01,2.250000089e-02,1.977685108e+00,6.999961287e-02,0,0
2.840000000e+00,9.574381673e-02,2.668899104e-01,5.151094994e-02,1.330492529e-01,6.646641731e-02,3.000000000e+01,4.621252615e+00,1.344023308e-01,8.909202684e-16,6.254634441e-18,3.471140604e-19,1.409655700e-02,-2.882273197e-01,-2.655710697e+00,-1.513170242e+00,-1.343692183e+00,-7.725884318e-01,2.708645165e-01,2.265121478e-01,4.346176474e+00,-1.517527232e+00,-3.346081026e-01,2.379158711e-02,-7.188406721e-04,6.204859658e-01,-5.046785196e-02,1.046559006e-01,6.314436205e-01,-5.726892261e-02,9.784652629e-03,4.850380719e-01,-1.229910776e-01,2.249990031e-02,1.977685225e+00,6.999954209e-02,0,0
2.850000000e+00,9.586426867e-02,2.672775144e-01,5.365489781e-02,1.332413294e-01,6.664965418e-02,3.000000000e+01,4.608390915e+00,1.343996961e-01,5.596481483e-16,1.748223473e-18,6.857096618e-19,1.244646100e-02,-2.882308662e-01,-2.655863047e+00,-1.513205528e+00,-1.344316125e+00,-7.726919055e-01,2.708884776e-01,2.137958889e-01,4.335902864e+00,-1.510214634e+00,-3.319472646e-01,2.381738924e-02,-1.481767503e-05,6.204537681e-01,-5.044638591e-02,1.047045066e-01,6.314436365e-01,-5.726891245e-02,9.716960376e-03,4.850380719e-01,-1.229912490e-01,2.250001207e-02,1.977685029e+00,6.999953091e-02,0,0
2.860000000e+00,9.597879246e-02,2.676479014e-01,8.744297943e-02,1.334248694e-01,6.682040895e-02,3.000000000e+01,4.611780246e+00,1.343972386e-01,4.443737218e-16,4.906538933e-18,1.563658610e-18,1.299620600e-02,-2.882364094e-01,-2.656008482e+00,-1.513238549e+00,-1.344916701e+00,-7.727761269e-01,2.709216177e-01,5.037492603e-02,4.342928506e+00,-1.514255230e+00,-3.332023580e-01,3.094630258e-02,-1.004753427e-03,6.204237879e-01,-5.042948413e-02,1.047520420e-01,6.314436515e-01,-5.726890294e-02,9.653600577e-03,4.850379825e-01,-1.229910329e-01,2.249990031e-02,1.977687543e+00,6.999971345e-02,0,0
2.870000000e+00,9.608749634e-02,2.679853011e-01,4.288465325e-02,1.335920590e-01,6.691144808e-02,3.000000000e+01,4.631377953e+00,1.343933455e-01,3.335028441e-16,3.127317221e-18,2.919303692e-19,1.304562600e-02,-2.882505357e-01,-2.656157494e+00,-1.513290167e+00,-1.345490575e+00,-7.727922797e-01,2.712211609e-01,2.152122300e-01,4.357576232e+00,-1.517050554e+00,-3.360031983e-01,2.310042366e-02,-8.145719316e-04,6.204026902e-01,-5.042999290e-02,1.048003219e-01,6.314436654e-01,-5.726889408e-02,9.594580179e-03,4.850380421e-01,-1.229912415e-01,2.250004001e-02,1.977684008e+00,6.999966875e-02,0,0
2.880000000e+00,9.618828415e-02,2.683010941e-01,5.058234520e-02,1.337485385e-01,6.700423711e-02,3.000000000e+01,4.626550863e+00,1.343896048e-01,5.579909022e-16,6.992893893e-18,1.105673607e-18,1.154191200e-02,-2.882607877e-01,-2.656297684e+00,-1.513339758e+00,-1.346024990e+00,-7.727953196e-01,2.714494169e-01,2.102194597e-01,4.353575214e+00,-1.514736681e+00,-3.349083157e-01,2.392403315e-02,-6.106113297e-04,6.203843222e-01,-5.043064461e-02,1.048452838e-01,6.314436784e-01,-5.726888587e-02,9.539905655e-03,4.850380123e-01,-1.229912862e-01,2.249995992e-02,1.977684557e+00,6.999954581e-02,0,0
2.890000000e+00,9.628186452e-02,2.686075726e-01,4.479668379e-02,1.339003993e-01,6.712043156e-02,3.000000000e+01,4.629538973e+00,1.343867101e-01,1.396452398e-16,7.152448123e-18,2.185279341e-19,1.278301400e-02,-2.882717252e-01,-2.656424999e+00,-1.513378143e+00,-1.346529245e+00,-7.728633285e-01,2.716171443e-01,2.023325673e-01,4.357296278e+00,-1.514080592e+00,-3.356793935e-01,2.324662716e-02,-8.251365849e-04,6.203603773e-01,-5.042117990e-02,1.048859489e-01,6.314436903e-01,-5.726887832e-02,9.489583001e-03,4.850384891e-01,-1.229911372e-01,2.250034548e-02,1.977684125e+00,6.999955326e-02,0,0
2.900000000e+00,9.636890168e-02,2.688887523e-01,2.788379122e-02,1.340397219e-01,6.722372566e-02,3.000000000e+01,4.600477612e+00,1.343845800e-01,2.326345192e-16,3.909146526e-18,9.772866315e-20,1.139811000e-02,-2.882759273e-01,-2.656539917e+00,-1.513406873e+00,-1.347001314e+00,-7.728719115e-01,2.717229724e-01,2.144699251e-01,4.329019083e+00,-1.505830861e+00,-3.315558069e-01,2.312677668e-02,-1.640227935e-05,6.203418477e-01,-5.041717978e-02,1.049253876e-01,6.314437012e-01,-5.726887141e-02,9.443617734e-03,4.850382209e-01,-1.229911223e-01,2.250015736e-02,1.977687033e+00,6.999951228e-02,0,0
2.910000000e+00,9.644655743e-02,2.691475792e-01,3.272385770e-02,1.341679664e-01,6.733938762e-02,3.000000000e+01,4.594059448e+00,1.343827409e-01,3.411467246e-16,3.043500531e-18,4.029456008e-19,1.194387600e-02,-2.882787585e-01,-2.656642675e+00,-1.513431549e+00,-1.347422600e+00,-7.729206681e-01,2.717620134e-01,2.121492765e-01,4.323853978e+00,-1.501655254e+00,-3.303921118e-01,2.311099674e-02,3.228484769e-04,6.203217703e-01,-5.040634785e-02,1.049590488e-01,6.314437110e-01,-5.726886517e-02,9.402014896e-03,4.850380719e-01,-1.229911372e-01,2.249986678e-02,1.977685304e+00,6.999954209e-02,0,0
2.920000000e+00,9.651678048e-02,2.693881611e-01,5.114449155e-02,1.342871687e-01,6.745885599e-02,3.000000000e+01,4.622034044e+00,1.343816385e-01,1.939964617e-17,2.168404345e-18,2.168404345e-19,1.146657100e-02,-2.882784009e-01,-2.656734228e+00,-1.513446689e+00,-1.347812533e+00,-7.729685903e-01,2.717421353e-01,1.975956590e-01,4.350368774e+00,-1.512056980e+00,-3.339408308e-01,2.476496777e-02,-3.152172763e-04,6.203020341e-01,-5.039370561e-02,1.049894830e-01,6.314437198e-01,-5.726885958e-02,9.364779048e-03,4.850382209e-01,-1.229911670e-01,2.250001952e-02,1.977686168e+00,6.999951601e-02,0,0
2.930000000e+00,9.657128231e-02,2.695852399e-01,5.798374169e-02,1.343848150e-01,6.757869258e-02,3.000000000e+01,4.560529412e+00,1.343815370e-01,7.858959089e-16,5.680433076e-18,4.370558683e-19,1.160083200e-02,-2.882766426e-01,-2.656813860e+00,-1.513448715e+00,-1.348135948e+00,-7.730357051e-01,2.716514766e-01,1.524634329e-01,4.296450242e+00,-1.486195064e+00,-3.260369042e-01,2.495763168e-02,1.733881316e-04,6.202817312e-01,-5.037737769e-02,1.050080866e-01,6.314437276e-01,-5.726885464e-02,9.331914275e-03,4.850383103e-01,-1.229911670e-01,2.250014991e-02,1.977685461e+00,6.999961659e-02,0,0
2.940000000e+00,9.662962514e-02,2.697966182e-01,3.838427626e-02,1.344895447e-01,6.769047869e-02,3.000000000e+01,4.616485006e+00,1.343804589e-01,1.536730275e-16,6.992893893e-18,3.636524639e-19,1.474734200e-02,-2.882744670e-01,-2.656890631e+00,-1.513463378e+00,-1.348469973e+00,-7.730818391e-01,2.716099322e-01,2.065928139e-01,4.345416690e+00,-1.508349663e+00,-3.330274345e-01,2.410233326e-02,3.386222331e-04,6.202647781e-01,-5.036465145e-02,1.050355893e-01,6.314437343e-01,-5.726885037e-02,9.303424180e-03,4.850380719e-01,-1.229910478e-01,2.249986678e-02,1.977685657e+00,6.999962032e-02,0,0
2.950000000e+00,9.667755935e-02,2.699798351e-01,2.609821950e-02,1.345803203e-01,6.779981235e-02,3.000000000e+01,4.628059337e+00,1.343796679e-01,4.051842087e-17,2.959296017e-18,6.060874398e-20,1.100667700e-02,-2.882724702e-01,-2.656957388e+00,-1.513474107e+00,-1.348754048e+00,-7.731521130e-01,2.715492547e-01,1.707434080e-01,4.357937548e+00,-1.511701585e+00,-3.351107916e-01,2.488574698e-02,1.471809646e-04,6.202474681e-01,-5.034862825e-02,1.050566816e-01,6.314437400e-01,-5.726884675e-02,9.279311887e-03,4.850383997e-01,-1.229913160e-01,2.250010520e-02,1.977684557e+00,6.999954581e-02,0,0
2.960000000e+00,9.671959982e-02,2.701480354e-01,3.051898241e-02,1.346636549e-01,6.790067980e-02,3.000000000e+01,4.639478546e+00,1.343792893e-01,4.468462144e-16,5.275955480e-18,1.735570302e-19,1.241872000e-02,-2.882705033e-01,-2.657017469e+00,-1.513479590e+00,-1.349020004e+00,-7.731990814e-01,2.714789808e-01,1.766368065e-01,4.367908277e+00,-1.516762029e+00,-3.372664290e-01,2.494182248e-02,-3.236187550e-04,6.202322072e-01,-5.033642297e-02,1.050767182e-01,6.314437447e-01,-5.726884378e-02,9.259580041e-03,4.850382209e-01,-1.229911596e-01,2.250003815e-02,1.977685540e+00,6.999954954e-02,0,0
2.970000000e+00,9.675435750e-02,2.702950908e-01,4.776212803e-02,1.347365125e-01,6.799262500e-02,3.000000000e+01,4.604762520e+00,1.343794549e-01,1.119005897e-16,6.605630197e-18,2.315856856e-19,1.145252100e-02,-2.882665098e-01,-2.657067537e+00,-1.513478041e+00,-1.349254727e+00,-7.732367516e-01,2.713993490e-01,1.726032569e-01,4.336843369e+00,-1.501874281e+00,-3.310460928e-01,2.484624911e-02,6.047353836e-04,6.202182886e-01,-5.032460174e-02,1.050939689e-01,6.314437483e-01,-5.726884148e-02,9.244230805e-03,4.850381911e-01,-1.229912117e-01,2.249997668e-02,1.977683496e+00,6.999958307e-02,0,0
2.980000000e+00,9.678332156e-02,2.704289124e-01,3.916799206e-02,1.348028129e-01,6.808488165e-02,3.000000000e+01,4.609537102e+00,1.343795465e-01,4.450233517e-16,3.035766083e-18,1.117570019e-19,1.302425700e-02,-2.882615328e-01,-2.657109976e+00,-1.513477325e+00,-1.349460006e+00,-7.732798457e-01,2.712970078e-01,2.007054582e-01,4.340611546e+00,-1.501988961e+00,-3.318413791e-01,2.347378512e-02,6.826546715e-04,6.202054854e-01,-5.031174432e-02,1.051098091e-01,6.314437509e-01,-5.726883983e-02,9.233265862e-03,4.850380421e-01,-1.229911596e-01,2.250003256e-02,1.977684008e+00,6.999960914e-02,0,0
2.990000000e+00,9.680203211e-02,2.705331441e-01,3.197733379e-02,1.348544528e-01,6.817561420e-02,3.000000000e+01,4.644594349e+00,1.343799725e-01,2.222359519e-16,4.336808690e-18,3.352710058e-19,1.443759000e-02,-2.882560194e-01,-2.657140493e+00,-1.513472080e+00,-1.349611521e+00,-7.733424306e-01,2.711589932e-01,1.982007163e-01,4.372576679e+00,-1.516300724e+00,-3.373380416e-01,2.411215751e-02,-3.108659404e-04,6.201928846e-01,-5.029593852e-02,1.051194914e-01,6.314437525e-01,-5.726883885e-02,9.226686416e-03,4.850380421e-01,-1.229911223e-01,2.249999903e-02,1.977685540e+00,6.999958307e-02,0,0
3.000000000e+00,9.681507497e-02,2.706146585e-01,3.326698088e-02,1.348948376e-01,6.824944989e-02,3.000000000e+01,4.599689569e+00,1.343825050e-01,1.340859614e-16,4.385326394e-18,2.185279341e-19,1.117048800e-02,-2.882465124e-01,-2.657155275e+00,-1.513440132e+00,-1.349752903e+00,-7.733253241e-01,2.709689438e-01,1.983668154e-01,4.330891641e+00,-1.500342577e+00,-3.310149231e-01,2.394711367e-02,3.688178787e-04,6.201839658e-01,-5.028959703e-02,1.051289567e-01,6.314437530e-01,-5.726883852e-02,9.224493187e-03,4.850381613e-01,-1.229911745e-01,2.250000648e-02,1.977686168e+00,6.999956444e-02,0,0
3.010000000e+00,9.682520585e-02,2.706975831e-01,2.810245266e-02,1.349359208e-01,6.833333865e-02,3.000000000e+01,4.608917406e+00,1.343840684e-01,4.446047537e-16,4.906538933e-18,2.710505431e-19,1.165422300e-02,-2.882388830e-01,-2.657171726e+00,-1.513420343e+00,-1.349877596e+00,-7.733593583e-01,2.707934976e-01,1.934847466e-01,4.339744694e+00,-1.503319397e+00,-3.327952069e-01,2.402988961e-02,-3.383392762e-05,6.201731428e-01,-5.027688322e-02,1.051369866e-01,6.314437530e-01,-5.726883852e-02,9.224493187e-03,4.850384295e-01,-1.229911894e-01,2.250028960e-02,1.977685697e+00,6.999957561e-02,0,0
3.020000000e+00,9.683570100e-02,2.707852495e-01,3.949572559e-02,1.349793530e-01,6.842069605e-02,3.000000000e+01,4.609605053e+00,1.343849061e-01,4.494147610e-16,6.314488766e-18,1.533293417e-19,1.389003400e-02,-2.882296741e-01,-2.657193184e+00,-1.513409853e+00,-1.350002885e+00,-7.733942866e-01,2.706124187e-01,2.006758765e-01,4.339959051e+00,-1.503900359e+00,-3.326035396e-01,2.453515383e-02,2.479677640e-05,6.201635401e-01,-5.026340598e-02,1.051454695e-01,6.314437530e-01,-5.726883852e-02,9.224493187e-03,4.850382507e-01,-1.229912490e-01,2.250022627e-02,1.977683693e+00,6.999956816e-02,0,0
3.030000000e+00,9.684596489e-02,2.708803866e-01,4.343253245e-02,1.350264861e-01,6.852559698e-02,3.000000000e+01,4.589501594e+00,1.343854493e-01,4.441612018e-16,3.705370969e-18,2.168404345e-19,1.350715100e-02,-2.882211804e-01,-2.657215595e+00,-1.513402939e+00,-1.350125194e+00,-7.734754682e-01,2.704109251e-01,1.932908070e-01,4.321362233e+00,-1.497448898e+00,-3.301798642e-01,2.490077156e-02,-4.579424990e-05,6.201506885e-01,-5.024308950e-02,1.051528334e-01,6.314437530e-01,-5.726883852e-02,9.224493187e-03,4.850381613e-01,-1.229909882e-01,2.249996737e-02,1.977686286e+00,6.999957934e-02,0,0
3.040000000e+00,9.685623260e-02,2.709708294e-01,5.427762586e-02,1.350712932e-01,6.862472874e-02,3.000000000e+01,4.628819839e+00,1.343868083e-01,8.558359843e-17,8.845388855e-18,3.794707604e-19,1.291852600e-02,-2.882139087e-01,-2.657233000e+00,-1.513385653e+00,-1.350249887e+00,-7.735381722e-01,2.702062726e-01,1.657262281e-01,4.358096964e+00,-1.513934391e+00,-3.358428518e-01,2.665788939e-02,-6.034037239e-04,6.201378103e-01,-5.022607112e-02,1.051604347e-01,6.314437530e-01,-5.726883852e-02,9.224493187e-03,4.850379825e-01,-1.229910329e-01,2.249993011e-02,1.977686286e+00,6.999960542e-02,0,0
3.050000000e+00,9.686595041e-02,2.710564123e-01,3.739727377e-02,1.351136924e-01,6.871470857e-02,3.000000000e+01,4.608006424e+00,1.343870497e-01,3.314184547e-17,2.682168046e-18,1.212174880e-19,1.348970100e-02,-2.882021964e-01,-2.657254219e+00,-1.513382673e+00,-1.350358844e+00,-7.735930681e-01,2.700228393e-01,1.911132575e-01,4.339202718e+00,-1.502490250e+00,-3.323186971e-01,2.461758282e-02,3.131766029e-06,6.201284497e-01,-5.020834476e-02,1.051678394e-01,6.314437530e-01,-5.726883852e-02,9.224493187e-03,4.850381017e-01,-1.229911894e-01,2.250001766e-02,1.977684243e+00,6.999957934e-02,0,0
3.060000000e+00,9.687606824e-02,2.711462336e-01,3.141827053e-02,1.351581911e-01,6.881103945e-02,3.000000000e+01,4.576261665e+00,1.343882063e-01,6.630638696e-17,3.157244383e-18,5.463198354e-20,1.349512100e-02,-2.881938815e-01,-2.657273054e+00,-1.513368011e+00,-1.350482225e+00,-7.736474872e-01,2.698208094e-01,1.957250034e-01,4.309285344e+00,-1.491907058e+00,-3.279542125e-01,2.410548088e-02,8.170288604e-04,6.201167066e-01,-5.019213574e-02,1.051754749e-01,6.314437530e-01,-5.726883852e-02,9.224493187e-03,4.850380421e-01,-1.229911000e-01,2.249998786e-02,1.977686090e+00,6.999958307e-02,0,0
3.070000000e+00,9.688531584e-02,2.712316857e-01,3.688091305e-02,1.352005249e-01,6.890773374e-02,3.000000000e+01,4.619083945e+00,1.343898179e-01,2.202825613e-17,4.422694427e-18,1.212174880e-19,1.313546800e-02,-2.881839275e-01,-2.657288074e+00,-1.513347507e+00,-1.350599766e+00,-7.737000585e-01,2.696014941e-01,1.896989754e-01,4.348673368e+00,-1.508873109e+00,-3.341626010e-01,2.505850103e-02,-2.981974881e-04,6.201046673e-01,-5.017505149e-02,1.051821284e-01,6.314437530e-01,-5.726883852e-02,9.224493187e-03,4.850381911e-01,-1.229911745e-01,2.250012942e-02,1.977687583e+00,6.999960169e-02,0,0
3.080000000e+00,9.689423125e-02,2.713100095e-01,2.894459784e-02,1.352393272e-01,6.899712004e-02,3.000000000e+01,4.613787856e+00,1.343920783e-01,4.451097707e-16,1.788112031e-18,2.185279341e-19,1.274377400e-02,-2.881733179e-01,-2.657298088e+00,-1.513318777e+00,-1.350714207e+00,-7.737280726e-01,2.693722248e-01,1.860418630e-01,4.344955233e+00,-1.503970301e+00,-3.335604128e-01,2.452744864e-02,-1.176722548e-04,6.200937398e-01,-5.016124125e-02,1.051888163e-01,6.314437530e-01,-5.726883852e-02,9.224493187e-03,4.850384891e-01,-1.229910851e-01,2.250047401e-02,1.977686522e+00,6.999957934e-02,0,0
3.090000000e+00,9.690368839e-02,2.713932412e-01,3.503004010e-02,1.352805606e-01,6.908808834e-02,3.000000000e+01,4.605421828e+00,1.343937050e-01,2.263768441e-16,7.269816092e-18,5.448048491e-19,1.226900900e-02,-2.881625593e-01,-2.657312632e+00,-1.513298154e+00,-1.350831032e+00,-7.737616897e-01,2.691536844e-01,2.119608171e-01,4.335727016e+00,-1.501960173e+00,-3.316459787e-01,2.409609946e-02,1.638464557e-04,6.200833357e-01,-5.014672534e-02,1.051960580e-01,6.314437530e-01,-5.726883852e-02,9.224493187e-03,4.850381017e-01,-1.229911447e-01,2.249995247e-02,1.977685225e+00,6.999960542e-02,0,0
3.100000000e+00,9.691269737e-02,2.714710434e-01,3.132458838e-02,1.353191040e-01,6.917659436e-02,3.000000000e+01,4.591943170e+00,1.343957303e-01,3.469446952e-16,1.301042607e-18,1.212174880e-19,1.238728000e-02,-2.881524563e-01,-2.657322407e+00,-1.513272405e+00,-1.350940704e+00,-7.737937570e-01,2.689299285e-01,1.755087890e-01,4.324073942e+00,-1.499298188e+00,-3.301105694e-01,2.559296078e-02,4.911550691e-04,6.200726879e-01,-5.013276601e-02,1.052028567e-01,6.314437530e-01,-5.726883852e-02,9.224493187e-03,4.850381911e-01,-1.229911000e-01,2.250010334e-02,1.977687818e+00,6.999960169e-02,0,0
3.110000000e+00,9.692019367e-02,2.715399878e-01,4.414279939e-02,1.353532590e-01,6.925891236e-02,3.000000000e+01,4.549253160e+00,1.343982993e-01,2.238062217e-16,3.127317221e-18,4.345270764e-19,1.217101800e-02,-2.881407142e-01,-2.657328606e+00,-1.513239741e+00,-1.351043463e+00,-7.738074064e-01,2.686947584e-01,1.311291482e-01,4.286383743e+00,-1.483070914e+00,-3.243464702e-01,2.688761925e-02,9.789379533e-04,6.200629915e-01,-5.012056817e-02,1.052083691e-01,6.314437530e-01,-5.726883852e-02,9.224493187e-03,4.850381911e-01,-1.229910702e-01,2.249996923e-02,1.977687190e+00,6.999962777e-02,0,0
3.120000000e+00,9.693028621e-02,2.716169798e-01,2.574050405e-02,1.353914007e-01,6.932880420e-02,3.000000000e+01,4.606120812e+00,1.343995899e-01,4.881944598e-17,1.939479807e-18,1.084202172e-19,1.176350400e-02,-2.881332040e-01,-2.657344341e+00,-1.513223529e+00,-1.351159692e+00,-7.738152146e-01,2.685420513e-01,1.707356861e-01,4.338389484e+00,-1.501592246e+00,-3.319067013e-01,2.516854614e-02,3.991984641e-04,6.200552125e-01,-5.011242535e-02,1.052170308e-01,6.314437530e-01,-5.726883852e-02,9.224493187e-03,4.850382805e-01,-1.229912415e-01,2.250002883e-02,1.977687150e+00,6.999963149e-02,0,0
3.130000000e+00,9.694034948e-02,2.716947375e-01,1.350839194e-02,1.354299214e-01,6.938869162e-02,3.000000000e+01,4.606805853e+00,1.344001993e-01,2.266122601e-16,1.167721477e-18,4.285685386e-20,1.275887400e-02,-2.881288230e-01,-2.657366276e+00,-1.513216019e+00,-1.351279974e+00,-7.738328576e-01,2.684605420e-01,2.074552621e-01,4.337946897e+00,-1.500274357e+00,-3.323847943e-01,2.315947226e-02,2.145406856e-04,6.200474104e-01,-5.010491726e-02,1.052257065e-01,6.314437530e-01,-5.726883852e-02,9.224493187e-03,4.850381017e-01,-1.229911223e-01,2.249990776e-02,1.977686444e+00,6.999958679e-02,0,0
3.140000000e+00,9.694910486e-02,2.717676707e-01,3.446728642e-02,1.354660520e-01,6.945336216e-02,3.000000000e+01,4.591278342e+00,1.344014421e-01,2.227486437e-16,3.576224061e-18,1.954573263e-19,1.128720900e-02,-2.881223261e-01,-2.657383680e+00,-1.513200402e+00,-1.351393700e+00,-7.738422751e-01,2.683306038e-01,1.472633785e-01,4.325538089e+00,-1.496199035e+00,-3.295225211e-01,2.595286700e-02,5.962580386e-04,6.200395755e-01,-5.009718138e-02,1.052330397e-01,6.314437530e-01,-5.726883852e-02,9.224493187e-03,4.850380421e-01,-1.229912415e-01,2.250001580e-02,1.977684597e+00,6.999955326e-02,0,0
3.150000000e+00,9.695816054e-02,2.718431373e-01,2.668933151e-02,1.355034373e-01,6.952483435e-02,3.000000000e+01,4.609209007e+00,1.344029805e-01,5.637190729e-16,3.576224061e-18,2.116972417e-19,1.137994100e-02,-2.881154418e-01,-2.657398701e+00,-1.513180971e+00,-1.351508379e+00,-7.738593221e-01,2.681780756e-01,1.889676038e-01,4.341190823e+00,-1.500609211e+00,-3.327949055e-01,2.409734985e-02,-1.399538240e-04,6.200305907e-01,-5.008781504e-02,1.052404165e-01,6.314437530e-01,-5.726883852e-02,9.224493187e-03,4.850387573e-01,-1.229912043e-01,2.250064723e-02,1.977685501e+00,6.999954954e-02,0,0
3.160000000e+00,9.696711611e-02,2.719309833e-01,3.733656745e-02,1.355469551e-01,6.962663125e-02,3.000000000e+01,4.602768138e+00,1.344038112e-01,1.288754780e-16,4.358438793e-18,2.710505431e-19,1.282648500e-02,-2.881068289e-01,-2.657415628e+00,-1.513170362e+00,-1.351614714e+00,-7.739309072e-01,2.679543495e-01,2.729296980e-01,4.329893553e+00,-1.500952609e+00,-3.311298706e-01,2.236068005e-02,-9.986134417e-05,6.200187608e-01,-5.006904708e-02,1.052466477e-01,6.314437530e-01,-5.726883852e-02,9.224493187e-03,4.850379527e-01,-1.229910776e-01,2.249991708e-02,1.977686954e+00,6.999946013e-02,0,0
3.170000000e+00,9.697536946e-02,2.720095472e-01,3.901134372e-02,1.355858744e-01,6.972729803e-02,3.000000000e+01,4.575525488e+00,1.344065795e-01,5.553081585e-16,1.061023534e-17,3.428548309e-19,1.296917600e-02,-2.880926132e-01,-2.657419682e+00,-1.513135076e+00,-1.351719141e+00,-7.739621401e-01,2.676606476e-01,1.754808559e-01,4.309579745e+00,-1.491326064e+00,-3.278090958e-01,2.549658894e-02,2.802182886e-04,6.200073305e-01,-5.005236112e-02,1.052523692e-01,6.314437530e-01,-5.726883852e-02,9.224493187e-03,4.850380719e-01,-1.229910105e-01,2.249995433e-02,1.977686758e+00,6.999956816e-02,0,0
3.180000000e+00,9.698440680e-02,2.720922276e-01,4.039073266e-02,1.356268327e-01,6.982583614e-02,3.000000000e+01,4.548015338e+00,1.344088863e-01,4.453057886e-16,4.422694427e-18,1.117570019e-19,1.414385700e-02,-2.880791128e-01,-2.657428026e+00,-1.513105750e+00,-1.351829767e+00,-7.739872336e-01,2.673830688e-01,1.628006212e-01,4.284561311e+00,-1.481566781e+00,-3.237104589e-01,2.538300230e-02,9.813143367e-04,6.199968888e-01,-5.003726261e-02,1.052591160e-01,6.314437530e-01,-5.726883852e-02,9.224493187e-03,4.850378931e-01,-1.229910925e-01,2.249990962e-02,1.977685657e+00,6.999962404e-02,0,0
3.190000000e+00,9.699263379e-02,2.721701080e-01,3.725984430e-02,1.356654130e-01,6.991415108e-02,3.000000000e+01,4.571960476e+00,1.344106400e-01,2.236263111e-16,4.610090874e-18,1.440653398e-19,1.321047800e-02,-2.880681157e-01,-2.657439232e+00,-1.513083458e+00,-1.351933956e+00,-7.740206718e-01,2.671590745e-01,1.949182307e-01,4.305834730e+00,-1.489092643e+00,-3.265433823e-01,2.424960678e-02,1.111174235e-03,6.199868473e-01,-5.002273107e-02,1.052651317e-01,6.314437530e-01,-5.726883852e-02,9.224493187e-03,4.850381017e-01,-1.229911149e-01,2.249991521e-02,1.977684872e+00,6.999964640e-02,0,0
3.200000000e+00,9.700080561e-02,2.722486198e-01,3.345685553e-02,1.357043059e-01,7.000203621e-02,3.000000000e+01,4.590418100e+00,1.344119487e-01,4.441569673e-16,5.204170428e-18,6.304565860e-20,1.201981600e-02,-2.880587876e-01,-2.657451868e+00,-1.513066769e+00,-1.352033734e+00,-7.740755677e-01,2.669628859e-01,1.854885197e-01,4.324126800e+00,-1.493550078e+00,-3.289124688e-01,2.415480906e-02,1.024626369e-03,6.199759114e-01,-5.000605952e-02,1.052708202e-01,6.314437530e-01,-5.726883852e-02,9.224493187e-03,4.850381315e-01,-1.229911223e-01,2.249994688e-02,1.977685697e+00,6.999960914e-02,0,0
3.210000000e+00,9.700797506e-02,2.723200766e-01,2.463931739e-02,1.357397037e-01,7.008356604e-02,3.000000000e+01,4.572979270e+00,1.344138452e-01,1.021509488e-16,2.335442953e-18,5.463198354e-20,1.335019900e-02,-2.880480886e-01,-2.657462120e+00,-1.513042688e+00,-1.352132797e+00,-7.740949988e-01,2.667430937e-01,1.886438312e-01,4.306962637e+00,-1.489604743e+00,-3.272709695e-01,2.442338835e-02,8.174252403e-04,6.199669767e-01,-4.999396195e-02,1.052760783e-01,6.314437530e-01,-5.726883852e-02,9.224493187e-03,4.850382805e-01,-1.229912415e-01,2.250017971e-02,1.977684636e+00,6.999954209e-02,0,0
3.220000000e+00,9.701517833e-02,2.723867895e-01,3.079441758e-02,1.357727513e-01,7.015743523e-02,3.000000000e+01,4.597203410e+00,1.344160874e-01,7.566581636e-17,3.511543213e-18,1.714274155e-19,1.310448700e-02,-2.880373597e-01,-2.657469034e+00,-1.513014197e+00,-1.352229595e+00,-7.741072178e-01,2.665418088e-01,1.842791060e-01,4.330199924e+00,-1.496695453e+00,-3.301284949e-01,2.463297563e-02,3.687593429e-04,6.199581740e-01,-4.998287133e-02,1.052814606e-01,6.314437530e-01,-5.726883852e-02,9.224493187e-03,4.850384891e-01,-1.229911745e-01,2.250032313e-02,1.977686247e+00,6.999959052e-02,0,0
3.230000000e+00,9.702297804e-02,2.724546379e-01,1.570532862e-02,1.358063613e-01,7.023506587e-02,3.000000000e+01,4.586761594e+00,1.344180072e-01,4.645635136e-16,1.740009379e-18,3.388131789e-20,1.130193000e-02,-2.880282402e-01,-2.657474518e+00,-1.512989759e+00,-1.352319479e+00,-7.741337419e-01,2.663356066e-01,2.137274603e-01,4.319578116e+00,-1.491682598e+00,-3.291101722e-01,2.272700319e-02,6.276895094e-04,6.199490334e-01,-4.997074596e-02,1.052873244e-01,6.314437530e-01,-5.726883852e-02,9.224493187e-03,4.850382209e-01,-1.229911745e-01,2.250006236e-02,1.977685933e+00,6.999958679e-02,0,0
3.240000000e+00,9.702883546e-02,2.725172273e-01,3.070986483e-02,1.358373660e-01,7.030924430e-02,3.000000000e+01,4.570345114e+00,1.344200873e-01,4.492952640e-16,5.818439422e-18,2.235140038e-19,1.120500800e-02,-2.880181968e-01,-2.657481432e+00,-1.512963295e+00,-1.352406859e+00,-7.741514444e-01,2.661284506e-01,1.871040592e-01,4.305235402e+00,-1.486824783e+00,-3.267348615e-01,2.430495988e-02,5.722320611e-04,6.199404139e-01,-4.995939529e-02,1.052913456e-01,6.314437530e-01,-5.726883852e-02,9.224493187e-03,4.850383997e-01,-1.229912266e-01,2.250022255e-02,1.977687897e+00,6.999952719e-02,0,0
3.250000000e+00,9.703601039e-02,2.725858409e-01,2.725244148e-02,1.358713547e-01,7.038930815e-02,3.000000000e+01,4.590783428e+00,1.344219120e-01,2.251438683e-16,3.066586833e-18,1.355252716e-20,1.227126900e-02,-2.880089879e-01,-2.657488346e+00,-1.512940049e+00,-1.352495909e+00,-7.741838098e-01,2.659188509e-01,1.909710106e-01,4.323968146e+00,-1.494398851e+00,-3.290982974e-01,2.424952341e-02,6.154616305e-04,6.199309557e-01,-4.994632082e-02,1.052964638e-01,6.314437530e-01,-5.726883852e-02,9.224493187e-03,4.850384295e-01,-1.229909733e-01,2.250023186e-02,1.977688251e+00,6.999960169e-02,0,0
3.260000000e+00,9.704298681e-02,2.726484437e-01,3.547748277e-02,1.359023658e-01,7.045981175e-02,3.000000000e+01,4.574275413e+00,1.344237032e-01,2.221411457e-16,1.788112031e-18,1.212174880e-19,1.207041700e-02,-2.879989743e-01,-2.657494068e+00,-1.512917280e+00,-1.352579474e+00,-7.742003798e-01,2.657249272e-01,2.045360954e-01,4.308030458e+00,-1.488533653e+00,-3.266916806e-01,2.393888690e-02,1.073364738e-03,6.199231750e-01,-4.993539301e-02,1.053017441e-01,6.314437530e-01,-5.726883852e-02,9.224493187e-03,4.850381017e-01,-1.229910627e-01,2.249989659e-02,1.977687033e+00,6.999959424e-02,0,0
3.270000000e+00,9.704967118e-02,2.727207642e-01,4.260449279e-02,1.359381905e-01,7.054863686e-02,3.000000000e+01,4.557174101e+00,1.344249349e-01,1.221456066e-15,2.453269467e-18,5.838607383e-19,1.248217100e-02,-2.879885733e-01,-2.657503843e+00,-1.512901545e+00,-1.352662325e+00,-7.742503881e-01,2.654961646e-01,2.087437702e-01,4.292320455e+00,-1.481360815e+00,-3.244260420e-01,2.373687525e-02,1.175853961e-03,6.199135918e-01,-4.991911268e-02,1.053061022e-01,6.314437530e-01,-5.726883852e-02,9.224493187e-03,4.850379527e-01,-1.229911521e-01,2.249992453e-02,1.977684832e+00,6.999955326e-02,0,0
3.280000000e+00,9.705605074e-02,2.727940109e-01,3.386891421e-02,1.359744738e-01,7.064450108e-02,3.000000000e+01,4.598910766e+00,1.344266169e-01,2.298561792e-16,1.852685484e-18,3.946555479e-19,1.236709000e-02,-2.879769504e-01,-2.657509804e+00,-1.512879968e+00,-1.352742434e+00,-7.743155956e-01,2.652462721e-01,1.861308110e-01,4.331302241e+00,-1.498424142e+00,-3.305145185e-01,2.533058110e-02,2.403157998e-04,6.199021572e-01,-4.989943051e-02,1.053096657e-01,6.314437530e-01,-5.726883852e-02,9.224493187e-03,4.850381017e-01,-1.229911447e-01,2.249998972e-02,1.977686050e+00,6.999960169e-02,0,0
3.290000000e+00,9.706070161e-02,2.728575253e-01,3.744599283e-02,1.360059360e-01,7.073713140e-02,3.000000000e+01,4.576083088e+00,1.344286896e-01,2.224681410e-16,7.054868213e-18,2.710505431e-20,1.293571600e-02,-2.879648209e-01,-2.657511234e+00,-1.512853384e+00,-1.352809310e+00,-7.743699551e-01,2.649742067e-01,1.825908150e-01,4.310124153e+00,-1.490644705e+00,-3.276491503e-01,2.551718171e-02,2.792646525e-04,6.198915599e-01,-4.988115901e-02,1.053116870e-01,6.314437530e-01,-5.726883852e-02,9.224493187e-03,4.850380421e-01,-1.229911521e-01,2.250001021e-02,1.977687583e+00,6.999959052e-02,0,0
3.300000000e+00,9.706492092e-02,2.729154739e-01,2.918522795e-02,1.360346410e-01,7.082892120e-02,3.000000000e+01,4.600850992e+00,1.344316098e-01,1.286454193e-16,8.684452634e-18,9.772866315e-20,1.261679200e-02,-2.879512906e-01,-2.657505274e+00,-1.512815952e+00,-1.352870345e+00,-7.744159102e-01,2.646780908e-01,2.111998159e-01,4.332117363e+00,-1.498664466e+00,-3.307499312e-01,2.434934101e-02,2.421416022e-04,6.198805646e-01,-4.986303045e-02,1.053132311e-01,6.314437530e-01,-5.726883852e-02,9.224493187e-03,4.850383699e-01,-1.229911372e-01,2.250028402e-02,1.977686522e+00,6.999951601e-02,0,0
3.310000000e+00,9.707096563e-02,2.729874136e-01,3.731282793e-02,1.360702764e-01,7.093358924e-02,3.000000000e+01,4.580544582e+00,1.344342977e-01,1.408448313e-16,2.742838647e-18,5.421010862e-20,1.189975500e-02,-2.879362106e-01,-2.657502651e+00,-1.512781501e+00,-1.352944493e+00,-7.744709849e-01,2.643575966e-01,1.839403392e-01,4.314987445e+00,-1.490210793e+00,-3.272494856e-01,2.483239105e-02,9.393561890e-04,6.198687134e-01,-4.984241864e-02,1.053163197e-01,6.314437530e-01,-5.726883852e-02,9.224493187e-03,4.850382209e-01,-1.229911894e-01,2.250000834e-02,1.977686168e+00,6.999960914e-02,0,0
3.320000000e+00,9.707569388e-02,2.730507940e-01,2.801792857e-02,1.361016717e-01,7.102816192e-02,3.000000000e+01,4.581509021e+00,1.344370067e-01,4.220987180e-17,3.157244383e-18,7.430753129e-20,1.320474800e-02,-2.879226208e-01,-2.657499790e+00,-1.512746811e+00,-1.353012085e+00,-7.745132446e-01,2.640567124e-01,1.885577839e-01,4.315394915e+00,-1.491360008e+00,-3.275424345e-01,2.445002508e-02,1.039371080e-03,6.198580804e-01,-4.982486627e-02,1.053184566e-01,6.314437530e-01,-5.726883852e-02,9.224493187e-03,4.850382507e-01,-1.229911819e-01,2.250003070e-02,1.977686601e+00,6.999965012e-02,0,0
3.330000000e+00,9.708136832e-02,2.731126477e-01,3.520920835e-02,1.361323107e-01,7.110992594e-02,3.000000000e+01,4.578281092e+00,1.344397729e-01,2.222312972e-16,6.605630197e-18,5.515478955e-20,1.233159900e-02,-2.879092395e-01,-2.657498360e+00,-1.512711525e+00,-1.353088617e+00,-7.745284438e-01,2.637917697e-01,1.880086917e-01,4.312754331e+00,-1.489304649e+00,-3.268502691e-01,2.449458500e-02,1.072096166e-03,6.198491967e-01,-4.981166451e-02,1.053220941e-01,6.314437530e-01,-5.726883852e-02,9.224493187e-03,4.850381017e-01,-1.229910776e-01,2.249998972e-02,1.977686601e+00,6.999963522e-02,0,0
3.340000000e+00,9.708594287e-02,2.731707904e-01,2.547880044e-02,1.361611114e-01,7.119132099e-02,3.000000000e+01,4.595329998e+00,1.344422358e-01,4.455099526e-16,1.764953266e-18,7.666467083e-20,1.226526900e-02,-2.878976762e-01,-2.657497406e+00,-1.512680054e+00,-1.353155732e+00,-7.745542526e-01,2.635315955e-01,1.860506931e-01,4.327636977e+00,-1.498132245e+00,-3.300894044e-01,2.533241262e-02,4.025305588e-04,6.198402701e-01,-4.979815370e-02,1.053245887e-01,6.314437530e-01,-5.726883852e-02,9.224493187e-03,4.850383103e-01,-1.229911149e-01,2.249989659e-02,1.977686404e+00,6.999959424e-02,0,0
3.350000000e+00,9.709319861e-02,2.732371259e-01,3.967903988e-02,1.361939702e-01,7.126838554e-02,3.000000000e+01,4.575396770e+00,1.344443984e-01,1.202758985e-16,1.226634733e-18,8.470329473e-20,1.308037700e-02,-2.878855467e-01,-2.657499552e+00,-1.512652516e+00,-1.353237748e+00,-7.745707035e-01,2.633040547e-01,1.895865985e-01,4.310214681e+00,-1.487722417e+00,-3.262578500e-01,2.446136612e-02,1.179875794e-03,6.198320560e-01,-4.978577421e-02,1.053299637e-01,6.314437530e-01,-5.726883852e-02,9.224493187e-03,4.850380719e-01,-1.229911298e-01,2.249995433e-02,1.977687661e+00,6.999962032e-02,0,0
3.360000000e+00,9.709704574e-02,2.732904658e-01,3.215290421e-02,1.362203916e-01,7.133919730e-02,3.000000000e+01,4.584854029e+00,1.344468348e-01,2.398568878e-16,2.637977740e-18,2.185279341e-19,1.157059200e-02,-2.878752053e-01,-2.657500267e+00,-1.512621403e+00,-1.353305578e+00,-7.745923996e-01,2.630873621e-01,1.839125460e-01,4.319194920e+00,-1.491131035e+00,-3.279177561e-01,2.481109289e-02,6.900513243e-04,6.198233792e-01,-4.977367578e-02,1.053318589e-01,6.314437530e-01,-5.726883852e-02,9.224493187e-03,4.850383699e-01,-1.229910553e-01,2.250028029e-02,1.977687033e+00,6.999962404e-02,0,0
3.370000000e+00,9.710288340e-02,2.733546529e-01,2.810920007e-02,1.362521859e-01,7.141912950e-02,3.000000000e+01,4.559129996e+00,1.344484759e-01,3.382532853e-16,2.949348775e-18,1.157928428e-19,1.189065600e-02,-2.878654599e-01,-2.657504320e+00,-1.512600422e+00,-1.353376627e+00,-7.746323347e-01,2.628662288e-01,1.897193537e-01,4.295179173e+00,-1.481581379e+00,-3.247357857e-01,2.389523870e-02,1.028739112e-03,6.198144507e-01,-4.975938813e-02,1.053355615e-01,6.314437530e-01,-5.726883852e-02,9.224493187e-03,4.850383103e-01,-1.229911372e-01,2.249995247e-02,1.977687347e+00,6.999963149e-02,0,0
3.380000000e+00,9.710911151e-02,2.734234728e-01,3.403265494e-02,1.362862749e-01,7.150178831e-02,3.000000000e+01,4.588509421e+00,1.344501080e-01,1.326928813e-16,3.878959614e-18,1.626303259e-19,1.190033600e-02,-2.878552079e-01,-2.657510281e+00,-1.512579560e+00,-1.353454590e+00,-7.746761441e-01,2.626478672e-01,1.845906783e-01,4.322088577e+00,-1.493753161e+00,-3.285538949e-01,2.547120496e-02,6.128843107e-04,6.198049075e-01,-4.974406785e-02,1.053395005e-01,6.314437530e-01,-5.726883852e-02,9.224493187e-03,4.850381017e-01,-1.229910254e-01,2.249995619e-02,1.977687150e+00,6.999959424e-02,0,0
3.390000000e+00,9.711414388e-02,2.734871219e-01,3.748710281e-02,1.363178024e-01,7.158581238e-02,3.000000000e+01,4.585111304e+00,1.344524027e-01,1.124906648e-16,3.469446952e-18,1.117570019e-19,1.275152400e-02,-2.878429592e-01,-2.657511473e+00,-1.512550235e+00,-1.353526354e+00,-7.747076750e-01,2.623925507e-01,1.720604962e-01,4.320011644e+00,-1.490974194e+00,-3.278430174e-01,2.558567029e-02,7.302948915e-04,6.197956060e-01,-4.972923079e-02,1.053422955e-01,6.314437530e-01,-5.726883852e-02,9.224493187e-03,4.850383103e-01,-1.229911670e-01,2.250001207e-02,1.977685657e+00,6.999959424e-02,0,0
3.400000000e+00,9.711972994e-02,2.735570320e-01,3.214441252e-02,1.363524311e-01,7.167740488e-02,3.000000000e+01,4.581620383e+00,1.344544020e-01,3.921635844e-17,6.133173667e-18,1.355252716e-19,1.276613400e-02,-2.878318727e-01,-2.657514095e+00,-1.512524605e+00,-1.353599548e+00,-7.747631073e-01,2.621384263e-01,2.084598476e-01,4.315452962e+00,-1.488888300e+00,-3.275494427e-01,2.404622553e-02,5.774412135e-04,6.197847134e-01,-4.971139386e-02,1.053452182e-01,6.314437530e-01,-5.726883852e-02,9.224493187e-03,4.850381911e-01,-1.229911745e-01,2.249999717e-02,1.977686601e+00,6.999957189e-02,0,0
3.410000000e+00,9.712472863e-02,2.736192392e-01,2.105097150e-02,1.363832441e-01,7.176103467e-02,3.000000000e+01,4.594605791e+00,1.344568337e-01,1.129844790e-16,3.019295011e-18,1.117570019e-19,1.214860700e-02,-2.878205180e-01,-2.657512903e+00,-1.512493491e+00,-1.353667617e+00,-7.747994661e-01,2.618843913e-01,1.832099801e-01,4.327610469e+00,-1.496447715e+00,-3.296017852e-01,2.511614567e-02,4.362011418e-04,6.197749183e-01,-4.969631922e-02,1.053478939e-01,6.314437530e-01,-5.726883852e-02,9.224493187e-03,4.850383103e-01,-1.229910553e-01,2.250021324e-02,1.977686758e+00,6.999959052e-02,0,0
3.420000000e+00,9.713283253e-02,2.736923298e-01,4.074115592e-02,1.364194478e-01,7.183723549e-02,3.000000000e+01,4.574227969e+00,1.344589086e-01,2.250569728e-16,0.000000000e+00,8.470329473e-20,1.160191300e-02,-2.878089547e-01,-2.657518864e+00,-1.512467146e+00,-1.353762269e+00,-7.748084068e-01,2.616719007e-01,1.834851070e-01,4.309845963e+00,-1.486053189e+00,-3.258291629e-01,2.453743294e-02,1.300825059e-03,6.197668518e-01,-4.968537161e-02,1.053542397e-01,6.314437530e-01,-5.726883852e-02,9.224493187e-03,4.850381911e-01,-1.229911819e-01,2.250000462e-02,1.977686561e+00,6.999960914e-02,0,0
3.430000000e+00,9.713881970e-02,2.737607975e-01,3.129934833e-02,1.364533616e-01,7.191790487e-02,3.000000000e+01,4.557702962e+00,1.344611731e-01,4.267737067e-17,2.776912484e-18,6.776263578e-20,1.271601300e-02,-2.877983749e-01,-2.657523394e+00,-1.512438297e+00,-1.353847146e+00,-7.748273015e-01,2.614358962e-01,1.852291277e-01,4.294059304e+00,-1.481114138e+00,-3.242033672e-01,2.434991538e-02,1.149705564e-03,6.197579605e-01,-4.967344378e-02,1.053582673e-01,6.314437530e-01,-5.726883852e-02,9.224493187e-03,4.850381017e-01,-1.229911894e-01,2.249992266e-02,1.977686758e+00,6.999956816e-02,0,0
3.440000000e+00,9.714486107e-02,2.738286890e-01,2.886626051e-02,1.364869898e-01,7.199866690e-02,3.000000000e+01,4.584637639e+00,1.344636688e-01,3.360243220e-16,1.748223473e-18,1.761828530e-19,1.239414000e-02,-2.877876461e-01,-2.657525778e+00,-1.512406468e+00,-1.353931069e+00,-7.748496532e-01,2.612000406e-01,1.690023031e-01,4.318931806e+00,-1.492955616e+00,-3.279911744e-01,2.595203342e-02,6.084370857e-04,6.197484467e-01,-4.966076496e-02,1.053622124e-01,6.314437530e-01,-5.726883852e-02,9.224493187e-03,4.850381017e-01,-1.229910925e-01,2.249995805e-02,1.977687190e+00,6.999965757e-02,0,0
3.450000000e+00,9.715133366e-02,2.739013218e-01,3.482388428e-02,1.365229662e-01,7.208199560e-02,3.000000000e+01,4.573082971e+00,1.344655102e-01,2.246554808e-16,3.496446946e-18,2.168404345e-19,1.373595300e-02,-2.877768576e-01,-2.657532454e+00,-1.512382984e+00,-1.354015946e+00,-7.748835683e-01,2.609755397e-01,1.416334997e-01,4.310080091e+00,-1.486258639e+00,-3.264433529e-01,2.658606123e-02,7.729021693e-04,6.197390542e-01,-4.964650431e-02,1.053664803e-01,6.314437530e-01,-5.726883852e-02,9.224493187e-03,4.850382209e-01,-1.229912043e-01,2.250010148e-02,1.977685461e+00,6.999963894e-02,0,0
3.460000000e+00,9.715743114e-02,2.739657510e-01,2.571790380e-02,1.365548791e-01,7.215356118e-02,3.000000000e+01,4.575991912e+00,1.344673364e-01,2.317073725e-16,2.742838647e-18,1.092639671e-19,1.252523200e-02,-2.877679169e-01,-2.657537937e+00,-1.512359738e+00,-1.354095459e+00,-7.749024034e-01,2.607772648e-01,1.660925110e-01,4.311223311e+00,-1.489143301e+00,-3.275095244e-01,2.566145291e-02,2.167486829e-04,6.197311099e-01,-4.963590591e-02,1.053708335e-01,6.314437530e-01,-5.726883852e-02,9.224493187e-03,4.850382209e-01,-1.229911000e-01,2.250000648e-02,1.977685736e+00,6.999962777e-02,0,0
3.470000000e+00,9.716398560e-02,2.740321185e-01,4.502245902e-02,1.365877519e-01,7.223232096e-02,3.000000000e+01,4.568997624e+00,1.344696831e-01,7.796652136e-16,2.453269467e-18,2.340510061e-19,1.320864800e-02,-2.877553999e-01,-2.657537937e+00,-1.512329817e+00,-1.354171753e+00,-7.749195695e-01,2.605354488e-01,1.836622800e-01,4.305197563e+00,-1.483624729e+00,-3.248554306e-01,2.461897948e-02,1.386883171e-03,6.197227813e-01,-4.962315296e-02,1.053754288e-01,6.314437530e-01,-5.726883852e-02,9.224493187e-03,4.850380123e-01,-1.229911521e-01,2.249995619e-02,1.977686915e+00,6.999959797e-02,0,0
3.480000000e+00,9.716800977e-02,2.740898892e-01,3.254954586e-02,1.366163665e-01,7.230910533e-02,3.000000000e+01,4.569100338e+00,1.344723416e-01,4.445448915e-16,2.602085214e-18,1.084202172e-19,1.393138500e-02,-2.877440751e-01,-2.657536268e+00,-1.512295842e+00,-1.354238033e+00,-7.749422193e-01,2.602912784e-01,1.318655855e-01,4.305939596e+00,-1.487053635e+00,-3.257365486e-01,2.719875721e-02,9.880399454e-04,6.197137732e-01,-4.961020621e-02,1.053773665e-01,6.314437530e-01,-5.726883852e-02,9.224493187e-03,4.850381017e-01,-1.229910627e-01,2.249996923e-02,1.977687504e+00,6.999965757e-02,0,0
3.490000000e+00,9.717462881e-02,2.741602526e-01,3.861516377e-02,1.366512182e-01,7.238752979e-02,3.000000000e+01,4.590081601e+00,1.344743808e-01,1.024845795e-16,1.734723476e-18,2.424349759e-19,1.134551000e-02,-2.877346277e-01,-2.657541275e+00,-1.512269855e+00,-1.354323030e+00,-7.749676108e-01,2.600768507e-01,1.444946606e-01,4.325211138e+00,-1.494147427e+00,-3.276037650e-01,2.676434179e-02,1.385076642e-03,6.197046922e-01,-4.959805481e-02,1.053819787e-01,6.314437530e-01,-5.726883852e-02,9.224493187e-03,4.850380123e-01,-1.229911223e-01,2.249991894e-02,1.977686993e+00,6.999966502e-02,0,0
3.500000000e+00,9.718172552e-02,2.742323179e-01,4.207851341e-02,1.366869128e-01,7.246700193e-02,3.000000000e+01,4.563362454e+00,1.344757553e-01,6.665110611e-16,1.939479807e-18,3.255428736e-19,1.286958500e-02,-2.877238393e-01,-2.657547951e+00,-1.512252331e+00,-1.354401469e+00,-7.750027776e-01,2.598676682e-01,1.685432352e-01,4.300577889e+00,-1.481555995e+00,-3.244137663e-01,2.541207406e-02,1.284256231e-03,6.196963453e-01,-4.958393440e-02,1.053870037e-01,6.314437530e-01,-5.726883852e-02,9.224493187e-03,4.850379527e-01,-1.229911298e-01,2.250000276e-02,1.977686325e+00,6.999962404e-02,0,0
3.510000000e+00,9.718672549e-02,2.742976064e-01,3.793657988e-02,1.367192506e-01,7.254527948e-02,3.000000000e+01,4.555376227e+00,1.344773225e-01,6.667209734e-16,3.576224061e-18,2.189739903e-19,1.331856800e-02,-2.877150774e-01,-2.657553911e+00,-1.512232304e+00,-1.354472280e+00,-7.750400901e-01,2.596533298e-01,1.851226003e-01,4.292105814e+00,-1.479766478e+00,-3.235385702e-01,2.494645937e-02,1.232208418e-03,6.196876639e-01,-4.957070795e-02,1.053899379e-01,6.314437530e-01,-5.726883852e-02,9.224493187e-03,4.850381613e-01,-1.229912043e-01,2.249998786e-02,1.977686208e+00,6.999960542e-02,0,0
3.520000000e+00,9.719318108e-02,2.743734458e-01,3.521272403e-02,1.367568141e-01,7.263221665e-02,3.000000000e+01,4.578883129e+00,1.344788499e-01,1.350196975e-16,9.697399036e-19,1.714274155e-19,1.218058800e-02,-2.877048850e-01,-2.657561302e+00,-1.512212753e+00,-1.354553223e+00,-7.750931382e-01,2.594349086e-01,1.744534133e-01,4.313294826e+00,-1.490997258e+00,-3.278202884e-01,2.618128407e-02,1.877553439e-04,6.196773690e-01,-4.955394691e-02,1.053938599e-01,6.314437530e-01,-5.726883852e-02,9.224493187e-03,4.850380123e-01,-1.229911745e-01,2.250005864e-02,1.977687465e+00,6.999957189e-02,0,0
3.530000000e+00,9.719863549e-02,2.744495268e-01,3.391737825e-02,1.367944971e-01,7.272833300e-02,3.000000000e+01,4.582241508e+00,1.344809874e-01,1.110976628e-16,4.336808690e-19,2.116972417e-19,1.242642100e-02,-2.876934409e-01,-2.657564402e+00,-1.512185335e+00,-1.354629755e+00,-7.751538157e-01,2.591726482e-01,1.743276665e-01,4.317631319e+00,-1.488955681e+00,-3.270588736e-01,2.549253155e-02,7.052184050e-04,6.196656272e-01,-4.953492200e-02,1.053964071e-01,6.314437530e-01,-5.726883852e-02,9.224493187e-03,4.850382507e-01,-1.229910478e-01,2.249999531e-02,1.977686601e+00,6.999963149e-02,0,0
3.540000000e+00,9.720409158e-02,2.745204311e-01,3.388890700e-02,1.368296159e-01,7.281862793e-02,3.000000000e+01,4.572335255e+00,1.344833350e-01,2.460006707e-16,2.168404345e-18,8.677851511e-20,1.143910100e-02,-2.876810133e-01,-2.657564402e+00,-1.512155294e+00,-1.354701281e+00,-7.751930356e-01,2.589011490e-01,1.825663052e-01,4.307938083e+00,-1.485927025e+00,-3.255426111e-01,2.509759729e-02,1.302478124e-03,6.196556227e-01,-4.951871949e-02,1.053993915e-01,6.314437530e-01,-5.726883852e-02,9.224493187e-03,4.850383997e-01,-1.229910403e-01,2.250021510e-02,1.977686679e+00,6.999963149e-02,0,0
3.550000000e+00,9.720953098e-02,2.745904728e-01,1.670423660e-02,1.368643073e-01,7.290410341e-02,3.000000000e+01,4.568606275e+00,1.344856865e-01,1.114424827e-16,8.741117366e-19,3.030437199e-20,1.245565100e-02,-2.876693308e-01,-2.657566071e+00,-1.512125254e+00,-1.354777336e+00,-7.752234936e-01,2.586468458e-01,1.772060010e-01,4.304172172e+00,-1.485920694e+00,-3.259923636e-01,2.513032562e-02,6.149666940e-04,6.196460756e-01,-4.950432251e-02,1.054025573e-01,6.314437530e-01,-5.726883852e-02,9.224493187e-03,4.850383103e-01,-1.229911223e-01,2.250005305e-02,1.977687347e+00,6.999962777e-02,0,0
3.560000000e+00,9.721585643e-02,2.746607906e-01,3.218688988e-02,1.368991352e-01,7.298630548e-02,3.000000000e+01,4.579166685e+00,1.344883228e-01,2.223091451e-16,1.939479807e-18,9.772866315e-20,1.144943100e-02,-2.876563072e-01,-2.657565832e+00,-1.512091637e+00,-1.354857445e+00,-7.752380371e-01,2.583909333e-01,1.763988908e-01,4.314752739e+00,-1.487716795e+00,-3.265148164e-01,2.541143885e-02,9.137057581e-04,6.196372822e-01,-4.949147219e-02,1.054068334e-01,6.314437530e-01,-5.726883852e-02,9.224493187e-03,4.850381017e-01,-1.229911000e-01,2.249999903e-02,1.977687465e+00,6.999964640e-02,0,0
3.570000000e+00,9.722059796e-02,2.747233172e-01,3.081707723e-02,1.369301042e-01,7.306505805e-02,3.000000000e+01,4.581170695e+00,1.344909819e-01,7.491515353e-17,1.852685484e-18,2.710505431e-19,1.147033100e-02,-2.876445949e-01,-2.657563686e+00,-1.512057662e+00,-1.354925632e+00,-7.752594948e-01,2.581412196e-01,1.714829677e-01,4.316947171e+00,-1.487997758e+00,-3.269531509e-01,2.548596180e-02,6.519326629e-04,6.196283265e-01,-4.947846154e-02,1.054094733e-01,6.314437530e-01,-5.726883852e-02,9.224493187e-03,4.850381315e-01,-1.229911372e-01,2.250001766e-02,1.977687583e+00,6.999963149e-02,0,0
3.580000000e+00,9.722537547e-02,2.747862152e-01,3.282201248e-02,1.369612568e-01,7.314388200e-02,3.000000000e+01,4.575498887e+00,1.344934161e-01,2.244410581e-16,3.469446952e-18,2.206191582e-19,1.263758200e-02,-2.876325250e-01,-2.657562256e+00,-1.512026548e+00,-1.354991436e+00,-7.752845883e-01,2.578947544e-01,1.755242606e-01,4.311540382e+00,-1.485965700e+00,-3.259789733e-01,2.536987536e-02,9.244182300e-04,6.196195877e-01,-4.946479188e-02,1.054121203e-01,6.314437530e-01,-5.726883852e-02,9.224493187e-03,4.850380421e-01,-1.229911074e-01,2.249998227e-02,1.977687347e+00,6.999962404e-02,0,0
3.590000000e+00,9.722906088e-02,2.748430673e-01,2.079967627e-02,1.369894150e-01,7.322018838e-02,3.000000000e+01,4.585645009e+00,1.344959509e-01,2.238268097e-16,1.454609855e-18,1.212174880e-19,1.304504600e-02,-2.876213789e-01,-2.657558680e+00,-1.511994123e+00,-1.355048299e+00,-7.753080726e-01,2.576437294e-01,1.782859529e-01,4.319941158e+00,-1.492088507e+00,-3.278434994e-01,2.554806863e-02,6.975028990e-04,6.196111621e-01,-4.945202109e-02,1.054137724e-01,6.314437530e-01,-5.726883852e-02,9.224493187e-03,4.850382805e-01,-1.229911298e-01,2.250014246e-02,1.977686482e+00,6.999963894e-02,0,0
3.600000000e+00,9.723441087e-02,2.749096808e-01,2.893614701e-02,1.370224076e-01,7.329679752e-02,3.000000000e+01,4.564160029e+00,1.344981660e-01,1.592264493e-17,1.216047653e-17,1.648736088e-19,1.285291500e-02,-2.876102924e-01,-2.657561302e+00,-1.511965871e+00,-1.355123639e+00,-7.753276825e-01,2.574166954e-01,1.738859432e-01,4.300734461e+00,-1.482816017e+00,-3.249796336e-01,2.545834316e-02,5.602284219e-04,6.196027515e-01,-4.943982209e-02,1.054171532e-01,6.314437530e-01,-5.726883852e-02,9.224493187e-03,4.850381613e-01,-1.229910925e-01,2.249998413e-02,1.977687779e+00,6.999967992e-02,0,0
3.610000000e+00,9.723954122e-02,2.749769594e-01,2.942466251e-02,1.370557296e-01,7.337987781e-02,3.000000000e+01,4.592735098e+00,1.345004217e-01,4.447902116e-16,3.387155867e-18,1.084202172e-19,1.218227800e-02,-2.875990570e-01,-2.657561064e+00,-1.511937022e+00,-1.355191112e+00,-7.753596902e-01,2.571647465e-01,1.736095329e-01,4.326616032e+00,-1.494806166e+00,-3.291494999e-01,2.615519364e-02,3.997388796e-04,6.195936307e-01,-4.942562537e-02,1.054200595e-01,6.314437530e-01,-5.726883852e-02,9.224493187e-03,4.850384593e-01,-1.229911149e-01,2.250014618e-02,1.977686365e+00,6.999961287e-02,0,0
3.620000000e+00,9.724585837e-02,2.750466865e-01,3.075748923e-02,1.370902640e-01,7.345616453e-02,3.000000000e+01,4.551412614e+00,1.345027699e-01,2.223222581e-17,1.388456242e-18,2.172635382e-19,1.358508200e-02,-2.875874043e-01,-2.657563210e+00,-1.511907101e+00,-1.355272174e+00,-7.753741741e-01,2.569402158e-01,1.793084159e-01,4.288943144e+00,-1.477629090e+00,-3.227545292e-01,2.474447149e-02,1.216148141e-03,6.195852115e-01,-4.941376547e-02,1.054244401e-01,6.314437530e-01,-5.726883852e-02,9.224493187e-03,4.850381315e-01,-1.229910851e-01,2.250001393e-02,1.977687583e+00,6.999964640e-02,0,0
3.630000000e+00,9.725140610e-02,2.751152282e-01,2.823718327e-02,1.371242112e-01,7.353703804e-02,3.000000000e+01,4.572639971e+00,1.345052618e-01,2.277947725e-16,2.742838647e-18,1.638959506e-19,1.237354000e-02,-2.875761688e-01,-2.657562971e+00,-1.511875272e+00,-1.355346203e+00,-7.753990293e-01,2.566965818e-01,1.780378099e-01,4.308743520e+00,-1.485101808e+00,-3.254379041e-01,2.508818033e-02,1.221818146e-03,6.195759758e-01,-4.940051245e-02,1.054278263e-01,6.314437530e-01,-5.726883852e-02,9.224493187e-03,4.850381911e-01,-1.229910776e-01,2.250003256e-02,1.977686954e+00,6.999963894e-02,0,0
3.640000000e+00,9.725646258e-02,2.751851751e-01,4.012517276e-02,1.371588542e-01,7.362092394e-02,3.000000000e+01,4.585775467e+00,1.345073878e-01,2.222951853e-16,6.071532166e-18,1.954573263e-19,1.209351700e-02,-2.875648737e-01,-2.657565117e+00,-1.511848092e+00,-1.355417252e+00,-7.754320502e-01,2.564493120e-01,1.654477217e-01,4.321492298e+00,-1.489494939e+00,-3.276889434e-01,2.631945081e-02,2.689683247e-04,6.195668031e-01,-4.938612531e-02,1.054306282e-01,6.314437530e-01,-5.726883852e-02,9.224493187e-03,4.850382209e-01,-1.229910478e-01,2.250008285e-02,1.977686601e+00,6.999958679e-02,0,0
3.650000000e+00,9.726225046e-02,2.752552280e-01,2.929480399e-02,1.371935496e-01,7.370330082e-02,3.000000000e+01,4.549938039e+00,1.345096090e-01,4.476158049e-16,1.748223473e-18,6.776263578e-21,1.170639300e-02,-2.875530720e-01,-2.657565355e+00,-1.511819720e+00,-1.355488181e+00,-7.754579782e-01,2.561993897e-01,1.762705587e-01,4.287948562e+00,-1.476388483e+00,-3.225356297e-01,2.466407489e-02,1.215447136e-03,6.195581333e-01,-4.937253476e-02,1.054342941e-01,6.314437530e-01,-5.726883852e-02,9.224493187e-03,4.850381613e-01,-1.229912266e-01,2.249998972e-02,1.977685736e+00,6.999961287e-02,0,0
3.660000000e+00,9.726688208e-02,2.753214060e-01,4.349134239e-02,1.372263257e-01,7.378274643e-02,3.000000000e+01,4.566918702e+00,1.345123149e-01,5.553554042e-16,2.742838647e-18,1.084202172e-19,1.163109300e-02,-2.875414193e-01,-2.657564640e+00,-1.511785150e+00,-1.355560660e+00,-7.754805684e-01,2.559552789e-01,1.701061807e-01,4.304645112e+00,-1.480583809e+00,-3.241521416e-01,2.522752947e-02,1.148373818e-03,6.195487672e-01,-4.935928898e-02,1.054367309e-01,6.314437530e-01,-5.726883852e-02,9.224493187e-03,4.850382805e-01,-1.229910702e-01,2.250008099e-02,1.977686561e+00,6.999963522e-02,0,0
3.670000000e+00,9.727236012e-02,2.753915893e-01,1.677023711e-02,1.372610852e-01,7.386456812e-02,3.000000000e+01,4.562289244e+00,1.345146770e-01,6.681996307e-16,1.226634733e-18,6.060874398e-20,1.150115200e-02,-2.875298262e-01,-2.657565355e+00,-1.511754990e+00,-1.355634212e+00,-7.755034566e-01,2.557067573e-01,1.727443007e-01,4.299047045e+00,-1.482125616e+00,-3.248074093e-01,2.530469238e-02,7.313463715e-04,6.195399492e-01,-4.934620278e-02,1.054401018e-01,6.314437530e-01,-5.726883852e-02,9.224493187e-03,4.850383997e-01,-1.229911000e-01,2.250017412e-02,1.977686522e+00,6.999960914e-02,0,0
3.680000000e+00,9.727819876e-02,2.754618941e-01,2.996654480e-02,1.372959048e-01,7.394511992e-02,3.000000000e+01,4.549548806e+00,1.345170772e-01,4.462287433e-16,1.748223473e-18,1.103095791e-19,1.261946200e-02,-2.875177860e-01,-2.657565355e+00,-1.511724353e+00,-1.355708122e+00,-7.755238414e-01,2.554611564e-01,1.753639882e-01,4.287716865e+00,-1.475993489e+00,-3.224109557e-01,2.487456301e-02,1.243489434e-03,6.195312987e-01,-4.933322480e-02,1.054438645e-01,6.314437530e-01,-5.726883852e-02,9.224493187e-03,4.850381613e-01,-1.229912117e-01,2.249999531e-02,1.977686444e+00,6.999962777e-02,0,0
3.690000000e+00,9.728369689e-02,2.755363105e-01,3.394937886e-02,1.373327606e-01,7.402888936e-02,3.000000000e+01,4.556059755e+00,1.345193934e-01,1.514540017e-16,6.992893893e-18,2.829850750e-19,1.315369800e-02,-2.875066996e-01,-2.657569170e+00,-1.511694789e+00,-1.355789542e+00,-7.755507231e-01,2.552208006e-01,1.666768141e-01,4.294013349e+00,-1.478564386e+00,-3.233186085e-01,2.569899876e-02,8.275189859e-04,6.195217978e-01,-4.931971331e-02,1.054471312e-01,6.314437530e-01,-5.726883852e-02,9.224493187e-03,4.850381017e-01,-1.229909733e-01,2.249986306e-02,1.977686601e+00,6.999965757e-02,0,0
3.700000000e+00,9.728964154e-02,2.756074892e-01,2.849238362e-02,1.373680126e-01,7.410781590e-02,3.000000000e+01,4.590994955e+00,1.345216463e-01,4.235221765e-17,4.336808690e-19,5.421010862e-20,1.306043700e-02,-2.874958813e-01,-2.657571077e+00,-1.511666059e+00,-1.355866432e+00,-7.755686045e-01,2.549855113e-01,1.742594310e-01,4.325182238e+00,-1.493675027e+00,-3.285116476e-01,2.611185814e-02,3.376641483e-04,6.195134011e-01,-4.930792782e-02,1.054511265e-01,6.314437530e-01,-5.726883852e-02,9.224493187e-03,4.850381911e-01,-1.229910776e-01,2.249995247e-02,1.977686168e+00,6.999966875e-02,0,0
3.710000000e+00,9.729651015e-02,2.756801794e-01,5.227357899e-02,1.374040131e-01,7.418058295e-02,3.000000000e+01,4.523028937e+00,1.345237613e-01,4.489585761e-16,3.127317221e-18,2.315856856e-19,1.274507300e-02,-2.874866724e-01,-2.657575846e+00,-1.511639118e+00,-1.355953217e+00,-7.755892277e-01,2.547955811e-01,1.034479012e-01,4.266310761e+00,-1.463986904e+00,-3.188503234e-01,2.751940333e-02,1.134918259e-03,6.195044800e-01,-4.929663376e-02,1.054560296e-01,6.314437530e-01,-5.726883852e-02,9.224493187e-03,4.850380421e-01,-1.229910851e-01,2.249989845e-02,1.977686561e+00,6.999970973e-02,0,0
3.720000000e+00,9.730329842e-02,2.757549254e-01,3.761458889e-02,1.374410315e-01,7.425049633e-02,3.000000000e+01,4.574706950e+00,1.345251173e-01,6.663451160e-16,3.127317221e-18,3.636524639e-19,1.153052200e-02,-2.874784172e-01,-2.657588005e+00,-1.511621952e+00,-1.356044769e+00,-7.756036520e-01,2.546258271e-01,1.667795981e-01,4.310200441e+00,-1.488310029e+00,-3.263774658e-01,2.667175911e-02,1.894544432e-04,6.194970701e-01,-4.928723801e-02,1.054611946e-01,6.314437530e-01,-5.726883852e-02,9.224493187e-03,4.850379825e-01,-1.229911223e-01,2.249986492e-02,1.977686993e+00,6.999965757e-02,0,0
3.730000000e+00,9.731039700e-02,2.758274630e-01,3.633761411e-02,1.374769560e-01,7.431929196e-02,3.000000000e+01,4.595935277e+00,1.345266687e-01,2.235678511e-16,2.682168046e-18,1.084202172e-19,1.110856700e-02,-2.874688208e-01,-2.657596350e+00,-1.511602283e+00,-1.356130838e+00,-7.756129503e-01,2.544453740e-01,1.491870110e-01,4.331270972e+00,-1.493904513e+00,-3.285840479e-01,2.716114746e-02,4.142223829e-04,6.194901177e-01,-4.927782723e-02,1.054667277e-01,6.314437530e-01,-5.726883852e-02,9.224493187e-03,4.850379527e-01,-1.229910702e-01,2.249990404e-02,1.977686993e+00,6.999966502e-02,0,0
3.740000000e+00,9.731690614e-02,2.758960924e-01,3.579208741e-02,1.375109448e-01,7.438651984e-02,3.000000000e+01,4.564246345e+00,1.345285047e-01,4.362967490e-17,5.275955480e-18,1.355252716e-20,1.183280500e-02,-2.874613106e-01,-2.657602072e+00,-1.511578918e+00,-1.356213212e+00,-7.756305933e-01,2.542730570e-01,1.553942092e-01,4.301217001e+00,-1.483612387e+00,-3.254275532e-01,2.684767274e-02,2.075176921e-04,6.194820415e-01,-4.926826782e-02,1.054715116e-01,6.314437530e-01,-5.726883852e-02,9.224493187e-03,4.850379527e-01,-1.229910925e-01,2.249989845e-02,1.977686758e+00,6.999962777e-02,0,0
3.750000000e+00,9.732353319e-02,2.759677992e-01,2.507214462e-02,1.375464576e-01,7.445730591e-02,3.000000000e+01,4.581592842e+00,1.345303307e-01,3.330897765e-16,2.637977740e-18,0.000000000e+00,1.229306900e-02,-2.874523997e-01,-2.657608271e+00,-1.511555672e+00,-1.356297016e+00,-7.756512761e-01,2.540911734e-01,1.725090932e-01,4.317425762e+00,-1.487878192e+00,-3.265365723e-01,2.569458385e-02,7.126646019e-04,6.194737258e-01,-4.925733451e-02,1.054762691e-01,6.314437530e-01,-5.726883852e-02,9.224493187e-03,4.850378931e-01,-1.229910180e-01,2.249990031e-02,1.977687347e+00,6.999963522e-02,0,0
3.760000000e+00,9.733059133e-02,2.760424914e-01,3.107368534e-02,1.375834486e-01,7.453325278e-02,3.000000000e+01,4.588471259e+00,1.345321664e-01,4.490323005e-16,3.012443591e-18,1.626303259e-19,1.276936300e-02,-2.874432802e-01,-2.657613039e+00,-1.511532307e+00,-1.356379032e+00,-7.756693959e-01,2.538817823e-01,1.484654101e-01,4.324053140e+00,-1.492154391e+00,-3.276036371e-01,2.723411925e-02,6.312112012e-04,6.194657333e-01,-4.924671470e-02,1.054815271e-01,6.314437530e-01,-5.726883852e-02,9.224493187e-03,4.850379527e-01,-1.229910627e-01,2.249992266e-02,1.977687190e+00,6.999965012e-02,0,0
3.770000000e+00,9.733562104e-02,2.761095621e-01,2.732134093e-02,1.376166649e-01,7.460258441e-02,3.000000000e+01,4.551954047e+00,1.345339833e-01,5.605063088e-17,4.336808690e-19,5.917117787e-20,1.172569400e-02,-2.874329984e-01,-2.657619715e+00,-1.511509180e+00,-1.356455922e+00,-7.756844163e-01,2.536901832e-01,1.744194187e-01,4.290037036e+00,-1.476727663e+00,-3.226130090e-01,2.531288646e-02,1.119703456e-03,6.194582308e-01,-4.923592614e-02,1.054847794e-01,6.314437530e-01,-5.726883852e-02,9.224493187e-03,4.850380421e-01,-1.229911074e-01,2.249999903e-02,1.977686482e+00,6.999962404e-02,0,0
3.780000000e+00,9.734127397e-02,2.761857072e-01,4.849693175e-02,1.376543752e-01,7.469157586e-02,3.000000000e+01,4.537561613e+00,1.345362657e-01,6.668455070e-16,2.776912484e-18,4.338925756e-19,1.409741700e-02,-2.874208093e-01,-2.657619476e+00,-1.511479974e+00,-1.356526136e+00,-7.757208943e-01,2.534245551e-01,1.712103150e-01,4.277061169e+00,-1.471051239e+00,-3.197976138e-01,2.519219531e-02,1.809470804e-03,6.194486092e-01,-4.922037226e-02,1.054879979e-01,6.314437530e-01,-5.726883852e-02,9.224493187e-03,4.850380123e-01,-1.229910553e-01,2.249992453e-02,1.977687661e+00,6.999956816e-02,0,0
3.790000000e+00,9.734453801e-02,2.762519799e-01,3.650911582e-02,1.376871960e-01,7.478038035e-02,3.000000000e+01,4.567124856e+00,1.345396758e-01,9.898949898e-18,2.742838647e-18,1.631940375e-19,1.193113600e-02,-2.874059081e-01,-2.657611132e+00,-1.511436343e+00,-1.356584311e+00,-7.757378817e-01,2.531085014e-01,1.630801748e-01,4.303947061e+00,-1.483975624e+00,-3.243033952e-01,2.676869523e-02,1.047938812e-03,6.194393113e-01,-4.920585600e-02,1.054889247e-01,6.314437530e-01,-5.726883852e-02,9.224493187e-03,4.850381315e-01,-1.229911596e-01,2.249987982e-02,1.977686365e+00,6.999963522e-02,0,0
3.800000000e+00,9.734929121e-02,2.763214423e-01,2.571305714e-02,1.377215963e-01,7.486081519e-02,3.000000000e+01,4.577566224e+00,1.345423236e-01,5.951391046e-17,2.637977740e-18,3.833233542e-20,1.163644300e-02,-2.873944342e-01,-2.657609940e+00,-1.511402488e+00,-1.356654882e+00,-7.757649422e-01,2.528657019e-01,1.655611392e-01,4.314056696e+00,-1.486183968e+00,-3.258730332e-01,2.607897292e-02,8.587753598e-04,6.194297529e-01,-4.919206099e-02,1.054913824e-01,6.314437530e-01,-5.726883852e-02,9.224493187e-03,4.850381613e-01,-1.229911149e-01,2.249998227e-02,1.977687033e+00,6.999963149e-02,0,0
3.810000000e+00,9.735559295e-02,2.763951762e-01,3.654227078e-02,1.377581119e-01,7.493793908e-02,3.000000000e+01,4.542261029e+00,1.345444835e-01,2.279961425e-16,3.035766083e-18,0.000000000e+00,1.130864000e-02,-2.873833776e-01,-2.657612562e+00,-1.511374950e+00,-1.356733441e+00,-7.757833004e-01,2.526440024e-01,1.606626032e-01,4.281773824e+00,-1.472771392e+00,-3.209528692e-01,2.582286790e-02,1.601928843e-03,6.194214100e-01,-4.918007824e-02,1.054957075e-01,6.314437530e-01,-5.726883852e-02,9.224493187e-03,4.850380123e-01,-1.229911223e-01,2.249998040e-02,1.977688094e+00,6.999966502e-02,0,0
3.820000000e+00,9.736128233e-02,2.764686607e-01,3.735541866e-02,1.377945037e-01,7.501479281e-02,3.000000000e+01,4.571647729e+00,1.345463627e-01,2.702193770e-16,4.422694427e-18,1.084202172e-19,1.191461500e-02,-2.873733342e-01,-2.657618046e+00,-1.511350989e+00,-1.356811643e+00,-7.758076787e-01,2.524328828e-01,1.613169564e-01,4.309632452e+00,-1.481569374e+00,-3.244848108e-01,2.585600856e-02,1.087960062e-03,6.194129740e-01,-4.916788885e-02,1.054993823e-01,6.314437530e-01,-5.726883852e-02,9.224493187e-03,4.850380719e-01,-1.229910776e-01,2.249994129e-02,1.977687190e+00,6.999963522e-02,0,0
3.830000000e+00,9.736677677e-02,2.765403171e-01,2.940754456e-02,1.378299900e-01,7.509255925e-02,3.000000000e+01,4.570141112e+00,1.345482959e-01,3.014627991e-17,3.679904200e-18,1.157928428e-19,1.375099300e-02,-2.873623669e-01,-2.657620907e+00,-1.511326313e+00,-1.356882572e+00,-7.758315206e-01,2.522066236e-01,1.727413908e-01,4.307635748e+00,-1.481431600e+00,-3.245543747e-01,2.545601171e-02,1.150917907e-03,6.194048945e-01,-4.915529260e-02,1.055028681e-01,6.314437530e-01,-5.726883852e-02,9.224493187e-03,4.850381017e-01,-1.229911298e-01,2.249991149e-02,1.977686797e+00,6.999965012e-02,0,0
3.840000000e+00,9.737179266e-02,2.766080948e-01,2.087798211e-02,1.378635554e-01,7.516591763e-02,3.000000000e+01,4.555967651e+00,1.345505015e-01,2.227587757e-16,1.563658610e-18,8.381775144e-20,1.241271000e-02,-2.873523831e-01,-2.657622814e+00,-1.511298180e+00,-1.356954098e+00,-7.758468986e-01,2.519876659e-01,1.570890887e-01,4.294589099e+00,-1.477675720e+00,-3.232183985e-01,2.592282891e-02,1.033862138e-03,6.193969573e-01,-4.914451769e-02,1.055060393e-01,6.314437530e-01,-5.726883852e-02,9.224493187e-03,4.850381911e-01,-1.229911894e-01,2.250007354e-02,1.977685461e+00,6.999963894e-02,0,0
3.850000000e+00,9.737908711e-02,2.766837312e-01,1.990078679e-02,1.379010124e-01,7.523708251e-02,3.000000000e+01,4.551203020e+00,1.345521686e-01,2.410345054e-17,3.705370969e-18,5.587850096e-20,1.131134000e-02,-2.873438001e-01,-2.657629728e+00,-1.511276960e+00,-1.357039928e+00,-7.758714557e-01,2.518146038e-01,1.252107345e-01,4.291539216e+00,-1.474976590e+00,-3.227806538e-01,2.679262255e-02,1.106855227e-03,6.193884967e-01,-4.913322334e-02,1.055114039e-01,6.314437530e-01,-5.726883852e-02,9.224493187e-03,4.850384295e-01,-1.229913160e-01,2.250038832e-02,1.977685618e+00,6.999962777e-02,0,0
3.860000000e+00,9.738460027e-02,2.767552956e-01,3.203755704e-02,1.379364526e-01,7.531260706e-02,3.000000000e+01,4.563821118e+00,1.345544757e-01,4.457066384e-16,2.602085214e-18,1.735570302e-19,1.191610500e-02,-2.873344123e-01,-2.657632113e+00,-1.511247516e+00,-1.357117414e+00,-7.758933902e-01,2.516013682e-01,1.556725903e-01,4.302058788e+00,-1.480261215e+00,-3.235095498e-01,2.618302328e-02,1.477579494e-03,6.193795322e-01,-4.912162820e-02,1.055148764e-01,6.314437530e-01,-5.726883852e-02,9.224493187e-03,4.850382507e-01,-1.229910776e-01,2.250002325e-02,1.977687818e+00,6.999965012e-02,0,0
3.870000000e+00,9.739066519e-02,2.768307666e-01,5.022539637e-02,1.379738273e-01,7.539112000e-02,3.000000000e+01,4.557844671e+00,1.345567193e-01,7.345611744e-17,4.770489559e-18,2.206191582e-19,1.182680500e-02,-2.873235047e-01,-2.657634974e+00,-1.511218905e+00,-1.357197165e+00,-7.759121060e-01,2.513758540e-01,1.625734343e-01,4.297143872e+00,-1.475718166e+00,-3.219759016e-01,2.564185965e-02,1.540792946e-03,6.193709302e-01,-4.910961627e-02,1.055189152e-01,6.314437530e-01,-5.726883852e-02,9.224493187e-03,4.850381315e-01,-1.229909658e-01,2.250006609e-02,1.977686836e+00,6.999967620e-02,0,0
3.880000000e+00,9.739507960e-02,2.769045470e-01,3.897002735e-02,1.380103646e-01,7.547867321e-02,3.000000000e+01,4.559499119e+00,1.345590464e-01,2.951898461e-17,3.705370969e-18,1.440653398e-19,1.151374100e-02,-2.873105705e-01,-2.657634020e+00,-1.511189103e+00,-1.357260108e+00,-7.759475708e-01,2.511061728e-01,1.680842013e-01,4.297640051e+00,-1.478619023e+00,-3.226126163e-01,2.596682570e-02,1.588304307e-03,6.193616439e-01,-4.909383142e-02,1.055208764e-01,6.314437530e-01,-5.726883852e-02,9.224493187e-03,4.850384891e-01,-1.229910031e-01,2.250032872e-02,1.977687818e+00,6.999958307e-02,0,0
3.890000000e+00,9.740001443e-02,2.769833581e-01,3.693832449e-02,1.380493929e-01,7.557148409e-02,3.000000000e+01,4.544851196e+00,1.345619096e-01,1.440819433e-16,3.903127821e-18,1.084202172e-19,1.281183400e-02,-2.872955203e-01,-2.657630920e+00,-1.511152506e+00,-1.357329607e+00,-7.759674788e-01,2.508004010e-01,1.511994584e-01,4.284788093e+00,-1.472991083e+00,-3.209456294e-01,2.629375295e-02,1.388846830e-03,6.193525425e-01,-4.907888379e-02,1.055234552e-01,6.314437530e-01,-5.726883852e-02,9.224493187e-03,4.850379527e-01,-1.229911074e-01,2.249992825e-02,1.977687190e+00,6.999965385e-02,0,0
3.900000000e+00,9.740484267e-02,2.770595718e-01,3.856608131e-02,1.380871349e-01,7.566244222e-02,3.000000000e+01,4.562080561e+00,1.345650670e-01,3.345051697e-16,2.168404345e-18,1.355252716e-20,1.335756900e-02,-2.872813046e-01,-2.657624960e+00,-1.511112094e+00,-1.357396960e+00,-7.759957314e-01,2.505058944e-01,1.863429361e-01,4.299588801e+00,-1.478687892e+00,-3.228504192e-01,2.528926059e-02,1.294006162e-03,6.193423077e-01,-4.906299171e-02,1.055257002e-01,6.314437530e-01,-5.726883852e-02,9.224493187e-03,4.850381613e-01,-1.229910329e-01,2.249998040e-02,1.977687229e+00,6.999963522e-02,0,0
3.910000000e+00,9.740839570e-02,2.771346827e-01,2.384635389e-02,1.381243304e-01,7.575422181e-02,3.000000000e+01,4.565345084e+00,1.345681593e-01,6.676839168e-16,3.511543213e-18,2.443216579e-19,1.332700900e-02,-2.872677445e-01,-2.657621384e+00,-1.511072516e+00,-1.357463598e+00,-7.760235071e-01,2.502071559e-01,1.739255392e-01,4.302512484e+00,-1.481454578e+00,-3.242439150e-01,2.587716051e-02,7.454383843e-04,6.193321549e-01,-4.904760505e-02,1.055267053e-01,6.314437530e-01,-5.726883852e-02,9.224493187e-03,4.850384891e-01,-1.229910403e-01,2.250030637e-02,1.977686836e+00,6.999962777e-02,0,0
3.920000000e+00,9.741507225e-02,2.772224062e-01,3.618012024e-02,1.381677716e-01,7.585043875e-02,3.000000000e+01,4.541334984e+00,1.345708737e-01,2.221817819e-16,2.335442953e-18,2.172635382e-19,1.163521300e-02,-2.872532308e-01,-2.657619953e+00,-1.511037827e+00,-1.357543230e+00,-7.760513425e-01,2.499124408e-01,1.630191934e-01,4.281290294e+00,-1.471205581e+00,-3.203090941e-01,2.560410735e-02,1.501232141e-03,6.193221946e-01,-4.903166310e-02,1.055308433e-01,6.314437530e-01,-5.726883852e-02,9.224493187e-03,4.850381017e-01,-1.229911670e-01,2.249997109e-02,1.977688290e+00,6.999966130e-02,0,0
3.930000000e+00,9.742098867e-02,2.773079582e-01,4.789909490e-02,1.382101372e-01,7.594319771e-02,3.000000000e+01,4.546688010e+00,1.345736835e-01,2.263797520e-16,4.336808690e-19,3.263880751e-19,1.160349200e-02,-2.872394621e-01,-2.657620430e+00,-1.511001945e+00,-1.357626438e+00,-7.760736346e-01,2.496303767e-01,9.677774987e-02,4.288265454e+00,-1.472947639e+00,-3.215179576e-01,2.891529965e-02,8.291194907e-04,6.193122738e-01,-4.901696210e-02,1.055343202e-01,6.314437530e-01,-5.726883852e-02,9.224493187e-03,4.850380123e-01,-1.229910851e-01,2.249991894e-02,1.977687740e+00,6.999970600e-02,0,0
3.940000000e+00,9.742750917e-02,2.773909591e-01,3.373785047e-02,1.382512392e-01,7.602721679e-02,3.000000000e+01,4.564796814e+00,1.345759072e-01,6.666792219e-16,1.839952100e-18,7.666467083e-20,1.325955800e-02,-2.872288525e-01,-2.657624722e+00,-1.510973573e+00,-1.357712030e+00,-7.761003971e-01,2.494002134e-01,1.601871682e-01,4.303619908e+00,-1.478287772e+00,-3.233566904e-01,2.588896022e-02,1.092038893e-03,6.193027373e-01,-4.900376740e-02,1.055385829e-01,6.314437530e-01,-5.726883852e-02,9.224493187e-03,4.850381315e-01,-1.229911596e-01,2.250007913e-02,1.977686129e+00,6.999966875e-02,0,0
3.950000000e+00,9.743239851e-02,2.774657376e-01,2.476287969e-02,1.382882694e-01,7.611107055e-02,3.000000000e+01,4.571941117e+00,1.345784981e-01,6.667040474e-16,1.301042607e-18,1.440653398e-19,1.321532800e-02,-2.872176468e-01,-2.657623053e+00,-1.510940433e+00,-1.357780695e+00,-7.761276960e-01,2.491437644e-01,1.623350885e-01,4.309381577e+00,-1.483002453e+00,-3.248531544e-01,2.639394966e-02,9.126566734e-04,6.192933342e-01,-4.899016143e-02,1.055411746e-01,6.314437530e-01,-5.726883852e-02,9.224493187e-03,4.850383103e-01,-1.229911149e-01,2.250013500e-02,1.977686561e+00,6.999965385e-02,0,0
3.960000000e+00,9.743775815e-02,2.775414513e-01,3.722113697e-02,1.383257624e-01,7.619217786e-02,3.000000000e+01,4.564251341e+00,1.345810565e-01,2.264300106e-16,5.222209201e-18,4.946208263e-19,1.125805900e-02,-2.872048318e-01,-2.657622576e+00,-1.510907769e+00,-1.357853651e+00,-7.761438489e-01,2.488932163e-01,1.792063209e-01,4.302860754e+00,-1.476667462e+00,-3.232368100e-01,2.519753303e-02,9.924571961e-04,6.192848009e-01,-4.897731380e-02,1.055444144e-01,6.314437530e-01,-5.726883852e-02,9.224493187e-03,4.850383401e-01,-1.229911447e-01,2.250018157e-02,1.977687347e+00,6.999962777e-02,0,0
3.970000000e+00,9.744262276e-02,2.776274823e-01,4.137364286e-02,1.383683642e-01,7.629081268e-02,3.000000000e+01,4.539146926e+00,1.345834678e-01,2.517385768e-16,8.673617380e-19,1.219727444e-19,1.262137200e-02,-2.871903181e-01,-2.657622814e+00,-1.510876894e+00,-1.357923269e+00,-7.761816382e-01,2.485894263e-01,1.634835703e-01,4.279640266e+00,-1.469302822e+00,-3.198245527e-01,2.582329769e-02,1.330270111e-03,6.192749242e-01,-4.896004040e-02,1.055465997e-01,6.314437530e-01,-5.726883852e-02,9.224493187e-03,4.850381315e-01,-1.229911372e-01,2.250000648e-02,1.977686365e+00,6.999963149e-02,0,0
3.980000000e+00,9.744387497e-02,2.777023889e-01,3.618987800e-02,1.384054572e-01,7.638626142e-02,3.000000000e+01,4.558142072e+00,1.345861449e-01,2.226236440e-16,2.037030942e-18,1.084202172e-19,1.167846300e-02,-2.871766984e-01,-2.657623053e+00,-1.510842562e+00,-1.357981205e+00,-7.762215137e-01,2.482820600e-01,1.595794256e-01,4.297233461e+00,-1.476505563e+00,-3.228178947e-01,2.641085393e-02,7.274207083e-04,6.192647705e-01,-4.894296778e-02,1.055451090e-01,6.314437530e-01,-5.726883852e-02,9.224493187e-03,4.850385785e-01,-1.229911223e-01,2.250031568e-02,1.977686797e+00,6.999964267e-02,0,0
3.990000000e+00,9.745083228e-02,2.777859398e-01,1.250832691e-02,1.384468304e-01,7.647128712e-02,3.000000000e+01,4.591706681e+00,1.345889011e-01,2.232087645e-16,3.471140604e-18,9.274140492e-20,1.240364000e-02,-2.871638238e-01,-2.657621861e+00,-1.510807395e+00,-1.358063698e+00,-7.762359381e-01,2.480250299e-01,1.742336875e-01,4.328153701e+00,-1.487560193e+00,-3.271602788e-01,2.506305062e-02,1.036411695e-03,6.192556489e-01,-4.893014571e-02,1.055498846e-01,6.314437530e-01,-5.726883852e-02,9.224493187e-03,4.850386083e-01,-1.229911968e-01,2.250028402e-02,1.977686836e+00,6.999965385e-02,0,0
4.000000000e+00,9.745559085e-02,2.778659178e-01,2.913721602e-02,1.384864342e-01,7.655854323e-02,3.000000000e+01,4.541980037e+00,1.345908500e-01,3.271057899e-17,3.387155867e-18,6.776263578e-20,1.414997700e-02,-2.871512473e-01,-2.657624960e+00,-1.510782480e+00,-1.358131647e+00,-7.762653232e-01,2.477633208e-01,1.686151862e-01,4.282210719e+00,-1.469822790e+00,-3.206077717e-01,2.554747631e-02,1.369403343e-03,6.192472474e-01,-4.891568407e-02,1.055523825e-01,6.314437530e-01,-5.726883852e-02,9.224493187e-03,4.850380123e-01,-1.229912117e-01,2.249999717e-02,1.977686365e+00,6.999965385e-02,0,0
4.010000000e+00,9.746101138e-02,2.779453483e-01,2.834943686e-02,1.385257667e-01,7.664463158e-02,3.000000000e+01,4.570158747e+00,1.345937874e-01,4.449694635e-16,1.939479807e-18,5.917117787e-20,1.219133900e-02,-2.871384025e-01,-2.657621861e+00,-1.510744929e+00,-1.358205318e+00,-7.762873173e-01,2.474960834e-01,1.629174524e-01,4.307992498e+00,-1.481728662e+00,-3.237334903e-01,2.616222579e-02,1.358667362e-03,6.192375451e-01,-4.890167718e-02,1.055554220e-01,6.314437530e-01,-5.726883852e-02,9.224493187e-03,4.850381017e-01,-1.229911298e-01,2.250007726e-02,1.977687818e+00,6.999966130e-02,0,0
4.020000000e+00,9.746741687e-02,2.780316507e-01,4.352205067e-02,1.385685018e-01,7.673327642e-02,3.000000000e+01,4.550957435e+00,1.345961698e-01,4.476805079e-16,2.818925648e-18,3.388131789e-19,1.152876200e-02,-2.871252596e-01,-2.657623529e+00,-1.510714531e+00,-1.358285546e+00,-7.763066888e-01,2.472306192e-01,1.826333394e-01,4.290475706e+00,-1.471776831e+00,-3.208227032e-01,2.489217429e-02,1.727702033e-03,6.192287366e-01,-4.888810362e-02,1.055596062e-01,6.314437530e-01,-5.726883852e-02,9.224493187e-03,4.850379527e-01,-1.229910329e-01,2.249995805e-02,1.977686954e+00,6.999969855e-02,0,0
4.030000000e+00,9.747178015e-02,2.781112686e-01,4.771088006e-02,1.386079265e-01,7.682429569e-02,3.000000000e+01,4.529650506e+00,1.345986831e-01,2.611583559e-16,3.878959614e-18,3.066586833e-19,1.238351100e-02,-2.871112525e-01,-2.657621145e+00,-1.510682344e+00,-1.358347535e+00,-7.763386369e-01,2.469420284e-01,1.095071820e-01,4.272321961e+00,-1.466636811e+00,-3.181190686e-01,2.793473103e-02,1.822843114e-03,6.192195097e-01,-4.887214319e-02,1.055614607e-01,6.314437530e-01,-5.726883852e-02,9.224493187e-03,4.850379229e-01,-1.229911074e-01,2.249990217e-02,1.977687818e+00,6.999967620e-02,0,0
4.040000000e+00,9.747646075e-02,2.781908563e-01,3.920041012e-02,1.386473362e-01,7.691222462e-02,3.000000000e+01,4.555838468e+00,1.346017337e-01,3.241021061e-17,0.000000000e+00,1.533293417e-19,1.236545000e-02,-2.870981395e-01,-2.657617807e+00,-1.510643363e+00,-1.358419061e+00,-7.763530612e-01,2.466551661e-01,1.237564796e-01,4.295865656e+00,-1.477015156e+00,-3.217499407e-01,2.806805594e-02,1.463072131e-03,6.192103270e-01,-4.885915377e-02,1.055638978e-01,6.314437530e-01,-5.726883852e-02,9.224493187e-03,4.850380123e-01,-1.229910627e-01,2.249991708e-02,1.977687543e+00,6.999968737e-02,0,0
4.050000000e+00,9.748147889e-02,2.782721472e-01,3.471248015e-02,1.386875890e-01,7.699850203e-02,3.000000000e+01,4.573967090e+00,1.346041490e-01,4.441374881e-16,6.198233145e-18,3.636524639e-19,1.234775900e-02,-2.870856225e-01,-2.657618999e+00,-1.510612488e+00,-1.358492255e+00,-7.763797641e-01,2.463979423e-01,1.533857425e-01,4.312122879e+00,-1.482231001e+00,-3.248119451e-01,2.705671906e-02,6.563433104e-04,6.192010972e-01,-4.884485332e-02,1.055665535e-01,6.314437530e-01,-5.726883852e-02,9.224493187e-03,4.850381017e-01,-1.229910776e-01,2.249997295e-02,1.977687661e+00,6.999967992e-02,0,0
4.060000000e+00,9.748618755e-02,2.783541276e-01,3.755022497e-02,1.387281829e-01,7.708993878e-02,3.000000000e+01,4.520107115e+00,1.346069992e-01,1.131732585e-17,3.744816098e-18,0.000000000e+00,1.211693800e-02,-2.870718539e-01,-2.657615662e+00,-1.510576010e+00,-1.358559966e+00,-7.764080763e-01,2.461086512e-01,2.346213985e-01,4.259310568e+00,-1.460629613e+00,-3.172150473e-01,2.297676334e-02,1.558867101e-03,6.191913158e-01,-4.882937768e-02,1.055687200e-01,6.314437530e-01,-5.726883852e-02,9.224493187e-03,4.850382209e-01,-1.229911372e-01,2.250000648e-02,1.977686679e+00,6.999958307e-02,0,0
4.070000000e+00,9.749224272e-02,2.784609724e-01,4.064751112e-02,1.387810885e-01,7.720785206e-02,3.000000000e+01,4.533521275e+00,1.346101537e-01,6.592519817e-17,1.734723476e-18,1.440653398e-19,1.272049300e-02,-2.870548368e-01,-2.657614470e+00,-1.510535598e+00,-1.358645678e+00,-7.764568925e-01,2.457525134e-01,1.761098560e-01,4.273845838e+00,-1.467621912e+00,-3.185533714e-01,2.547332939e-02,1.733287859e-03,6.191785994e-01,-4.880818040e-02,1.055713700e-01,6.314437530e-01,-5.726883852e-02,9.224493187e-03,4.850379527e-01,-1.229910403e-01,2.249993011e-02,1.977687150e+00,6.999965757e-02,0,0
4.080000000e+00,9.749742091e-02,2.785548743e-01,2.902816976e-02,1.388275850e-01,7.731355739e-02,3.000000000e+01,4.560862632e+00,1.346141529e-01,9.703700298e-17,2.335442953e-18,6.060874398e-20,1.112530800e-02,-2.870374918e-01,-2.657606363e+00,-1.510484457e+00,-1.358724475e+00,-7.764728069e-01,2.453936636e-01,1.685066806e-01,4.299387346e+00,-1.477723262e+00,-3.224719746e-01,2.619212203e-02,1.286640902e-03,6.191675285e-01,-4.879175037e-02,1.055737556e-01,6.314437530e-01,-5.726883852e-02,9.224493187e-03,4.850384593e-01,-1.229910180e-01,2.250028215e-02,1.977687033e+00,6.999967247e-02,0,0
4.090000000e+00,9.750441012e-02,2.786618209e-01,3.477626835e-02,1.388805403e-01,7.742573427e-02,3.000000000e+01,4.562869886e+00,1.346171170e-01,1.165270716e-16,4.422694427e-18,2.012732800e-19,1.366668300e-02,-2.870213389e-01,-2.657606602e+00,-1.510446548e+00,-1.358814716e+00,-7.765098214e-01,2.450579107e-01,1.673999568e-01,4.301608446e+00,-1.477603644e+00,-3.223709383e-01,2.619116355e-02,1.450466122e-03,6.191559029e-01,-4.877303419e-02,1.055776978e-01,6.314437530e-01,-5.726883852e-02,9.224493187e-03,4.850380421e-01,-1.229910702e-01,2.249989659e-02,1.977687190e+00,6.999970227e-02,0,0
4.100000000e+00,9.750811730e-02,2.787544351e-01,3.493335800e-02,1.389263985e-01,7.753420943e-02,3.000000000e+01,4.553143060e+00,1.346209525e-01,3.012443591e-17,1.939479807e-18,2.172635382e-19,1.414422700e-02,-2.870037854e-01,-2.657599211e+00,-1.510397434e+00,-1.358885288e+00,-7.765371799e-01,2.446905673e-01,1.351106089e-01,4.293269606e+00,-1.475348905e+00,-3.213665840e-01,2.757832679e-02,1.223738144e-03,6.191444944e-01,-4.875481240e-02,1.055783854e-01,6.314437530e-01,-5.726883852e-02,9.224493187e-03,4.850383401e-01,-1.229910180e-01,2.250025235e-02,1.977687622e+00,6.999965012e-02,0,0
4.110000000e+00,9.751566810e-02,2.788597456e-01,4.494741041e-02,1.389785429e-01,7.764131616e-02,3.000000000e+01,4.545722027e+00,1.346240232e-01,4.477771248e-16,3.476216611e-18,2.710505431e-20,1.238952000e-02,-2.869877517e-01,-2.657598257e+00,-1.510358214e+00,-1.358976841e+00,-7.765610814e-01,2.443633229e-01,1.675312245e-01,4.286579640e+00,-1.468960750e+00,-3.197823950e-01,2.543460213e-02,1.908353246e-03,6.191337448e-01,-4.873822034e-02,1.055831865e-01,6.314437530e-01,-5.726883852e-02,9.224493187e-03,4.850382507e-01,-1.229911670e-01,2.250005677e-02,1.977687583e+00,6.999967620e-02,0,0
4.120000000e+00,9.752169810e-02,2.789580081e-01,4.271435557e-02,1.390271972e-01,7.774275869e-02,3.000000000e+01,4.556835091e+00,1.346267006e-01,2.437213174e-16,3.604055019e-18,4.631713711e-19,1.227362900e-02,-2.869727910e-01,-2.657599926e+00,-1.510324001e+00,-1.359060764e+00,-7.765887380e-01,2.440574914e-01,1.913187961e-01,4.295439225e+00,-1.474354855e+00,-3.209391771e-01,2.484602649e-02,1.874055785e-03,6.191236011e-01,-4.872197518e-02,1.055865531e-01,6.314437530e-01,-5.726883852e-02,9.224493187e-03,4.850378633e-01,-1.229911447e-01,2.249993011e-02,1.977687347e+00,6.999968365e-02,0,0
4.130000000e+00,9.752619002e-02,2.790483134e-01,4.350056074e-02,1.390719112e-01,7.784436202e-02,3.000000000e+01,4.549401643e+00,1.346303426e-01,2.236717228e-16,5.898697550e-18,5.448048491e-19,1.247053100e-02,-2.869566977e-01,-2.657592297e+00,-1.510277390e+00,-1.359130740e+00,-7.766103745e-01,2.437149882e-01,1.627190694e-01,4.289521192e+00,-1.472202464e+00,-3.201717297e-01,2.631405719e-02,1.816716856e-03,6.191130061e-01,-4.870570096e-02,1.055882991e-01,6.314437530e-01,-5.726883852e-02,9.224493187e-03,4.850380123e-01,-1.229910702e-01,2.249993011e-02,1.977686797e+00,6.999963894e-02,0,0
4.140000000e+00,9.753079454e-02,2.791443920e-01,2.898914742e-02,1.391194835e-01,7.795153730e-02,3.000000000e+01,4.562735426e+00,1.346338887e-01,1.670121862e-16,2.168404345e-18,1.954573263e-19,1.206304600e-02,-2.869401872e-01,-2.657586575e+00,-1.510231972e+00,-1.359204650e+00,-7.766440511e-01,2.433688194e-01,1.471911761e-01,4.301908050e+00,-1.478403182e+00,-3.225834696e-01,2.718475181e-02,1.175161946e-03,6.191013852e-01,-4.868721801e-02,1.055898274e-01,6.314437530e-01,-5.726883852e-02,9.224493187e-03,4.850382209e-01,-1.229911298e-01,2.250001952e-02,1.977687818e+00,6.999968737e-02,0,0
4.150000000e+00,9.753648427e-02,2.792443959e-01,3.824116546e-02,1.391689991e-01,7.805783885e-02,3.000000000e+01,4.549357839e+00,1.346372820e-01,1.387351810e-16,1.939479807e-18,1.533293417e-19,1.194176500e-02,-2.869236171e-01,-2.657582760e+00,-1.510188580e+00,-1.359285712e+00,-7.766667008e-01,2.430265546e-01,1.422283866e-01,4.289706999e+00,-1.473534278e+00,-3.205851507e-01,2.759299138e-02,1.488831942e-03,6.190906448e-01,-4.867046172e-02,1.055927162e-01,6.314437530e-01,-5.726883852e-02,9.224493187e-03,4.850382507e-01,-1.229910180e-01,2.250016108e-02,1.977687543e+00,6.999970227e-02,0,0
4.160000000e+00,9.754113068e-02,2.793367364e-01,3.206472386e-02,1.392147199e-01,7.815767961e-02,3.000000000e+01,4.575942424e+00,1.346406263e-01,2.250502871e-16,4.594766429e-18,2.710505431e-20,1.240503000e-02,-2.869086862e-01,-2.657578707e+00,-1.510145783e+00,-1.359360576e+00,-7.766927481e-01,2.427068949e-01,1.411427467e-01,4.314128616e+00,-1.483666370e+00,-3.249365201e-01,2.778550367e-02,6.322613516e-04,6.190798849e-01,-4.865427528e-02,1.055945935e-01,6.314437530e-01,-5.726883852e-02,9.224493187e-03,4.850382507e-01,-1.229910329e-01,2.250008658e-02,1.977687072e+00,6.999970973e-02,0,0
4.170000000e+00,9.754747743e-02,2.794333465e-01,4.317935292e-02,1.392625544e-01,7.825568569e-02,3.000000000e+01,4.552901894e+00,1.346437020e-01,6.690459015e-16,3.576224061e-18,1.355252716e-19,1.116833700e-02,-2.868941426e-01,-2.657576561e+00,-1.510106444e+00,-1.359443545e+00,-7.767223716e-01,2.424131781e-01,1.497821122e-01,4.294254467e+00,-1.470457311e+00,-3.208021113e-01,2.644354429e-02,1.262081462e-03,6.190689423e-01,-4.863779316e-02,1.055981383e-01,6.314437530e-01,-5.726883852e-02,9.224493187e-03,4.850382209e-01,-1.229909807e-01,2.250015922e-02,1.977686954e+00,6.999967992e-02,0,0
4.180000000e+00,9.755337113e-02,2.795342566e-01,4.063889913e-02,1.393125176e-01,7.835969361e-02,3.000000000e+01,4.549260367e+00,1.346462655e-01,4.493611901e-16,1.734723476e-18,4.350023446e-19,1.249726100e-02,-2.868781686e-01,-2.657577276e+00,-1.510073662e+00,-1.359521627e+00,-7.767526507e-01,2.420940846e-01,1.649686159e-01,4.289526072e+00,-1.471532968e+00,-3.200362650e-01,2.618394998e-02,1.798279320e-03,6.190591034e-01,-4.862064159e-02,1.056013024e-01,6.314437530e-01,-5.726883852e-02,9.224493187e-03,4.850378931e-01,-1.229911298e-01,2.249990590e-02,1.977686836e+00,6.999969855e-02,0,0
4.190000000e+00,9.755926792e-02,2.796321108e-01,3.461001873e-02,1.393609674e-01,7.845678955e-02,3.000000000e+01,4.558399390e+00,1.346493834e-01,4.453598473e-16,2.742838647e-18,1.212174880e-19,1.166145300e-02,-2.868635058e-01,-2.657577991e+00,-1.510033846e+00,-1.359610915e+00,-7.767708898e-01,2.418008745e-01,1.463297509e-01,4.298884002e+00,-1.474073321e+00,-3.218171422e-01,2.700489547e-02,1.116506141e-03,6.190486967e-01,-4.860579568e-02,1.056046002e-01,6.314437530e-01,-5.726883852e-02,9.224493187e-03,4.850380123e-01,-1.229910329e-01,2.249990031e-02,1.977686954e+00,6.999970227e-02,0,0
4.200000000e+00,9.756381968e-02,2.797252359e-01,3.918100340e-02,1.394070754e-01,7.855754527e-02,3.000000000e+01,4.576924414e+00,1.346524635e-01,1.113952177e-16,2.602085214e-18,2.710505431e-20,1.273510400e-02,-2.868494093e-01,-2.657573938e+00,-1.509994388e+00,-1.359680295e+00,-7.768048048e-01,2.414818704e-01,1.433327516e-01,4.314951872e+00,-1.484029175e+00,-3.252095201e-01,2.791447658e-02,3.415901332e-04,6.190379580e-01,-4.858907326e-02,1.056063215e-01,6.314437530e-01,-5.726883852e-02,9.224493187e-03,4.850381911e-01,-1.229910329e-01,2.250007726e-02,1.977687190e+00,6.999970227e-02,0,0
4.210000000e+00,9.757078386e-02,2.798313468e-01,3.133184524e-02,1.394596126e-01,7.866169656e-02,3.000000000e+01,4.533420542e+00,1.346554235e-01,2.228229346e-16,9.697399036e-19,5.789642139e-20,1.115537800e-02,-2.868334353e-01,-2.657574415e+00,-1.509956598e+00,-1.359770536e+00,-7.768235803e-01,2.411635816e-01,1.471384820e-01,4.275537954e+00,-1.465523192e+00,-3.186699943e-01,2.676670622e-02,1.424494151e-03,6.190278441e-01,-4.857341089e-02,1.056106572e-01,6.314437530e-01,-5.726883852e-02,9.224493187e-03,4.850381315e-01,-1.229912043e-01,2.249997295e-02,1.977686522e+00,6.999966130e-02,0,0
4.220000000e+00,9.757657582e-02,2.799333330e-01,3.411821596e-02,1.395101072e-01,7.876524190e-02,3.000000000e+01,4.554959794e+00,1.346587332e-01,5.659161465e-17,1.226634733e-18,6.060874398e-20,1.256605200e-02,-2.868172526e-01,-2.657572508e+00,-1.509914279e+00,-1.359855652e+00,-7.768481374e-01,2.408431619e-01,1.446315494e-01,4.295843162e+00,-1.472632652e+00,-3.210856386e-01,2.696826163e-02,1.330443559e-03,6.190168558e-01,-4.855657056e-02,1.056135837e-01,6.314437530e-01,-5.726883852e-02,9.224493187e-03,4.850383401e-01,-1.229910329e-01,2.250014804e-02,1.977686365e+00,6.999965757e-02,0,0
4.230000000e+00,9.758210154e-02,2.800394983e-01,3.100704349e-02,1.395626706e-01,7.887587627e-02,3.000000000e+01,4.530800449e+00,1.346616928e-01,6.665697529e-16,3.157244383e-18,3.257015160e-19,1.223332800e-02,-2.868011296e-01,-2.657571316e+00,-1.509876370e+00,-1.359934688e+00,-7.768884301e-01,2.405053675e-01,1.469809922e-01,4.273246178e+00,-1.464243226e+00,-3.181227735e-01,2.652873917e-02,1.517028199e-03,6.190054336e-01,-4.853749494e-02,1.056159782e-01,6.314437530e-01,-5.726883852e-02,9.224493187e-03,4.850380421e-01,-1.229910851e-01,2.249992080e-02,1.977687622e+00,6.999971345e-02,0,0
4.240000000e+00,9.758691736e-02,2.801371944e-01,3.399427511e-02,1.396110404e-01,7.897923802e-02,3.000000000e+01,4.568517053e+00,1.346655884e-01,3.700291637e-17,6.505213035e-19,7.666467083e-20,1.325193800e-02,-2.867847085e-01,-2.657563925e+00,-1.509826541e+00,-1.360011578e+00,-7.769038677e-01,2.401590049e-01,1.417501372e-01,4.307712284e+00,-1.479658710e+00,-3.235780365e-01,2.786880440e-02,7.255935131e-04,6.189945929e-01,-4.852179176e-02,1.056180304e-01,6.314437530e-01,-5.726883852e-02,9.224493187e-03,4.850382209e-01,-1.229910553e-01,2.250011824e-02,1.977688447e+00,6.999968737e-02,0,0
4.250000000e+00,9.759414805e-02,2.802519103e-01,3.757111367e-02,1.396678364e-01,7.909145713e-02,3.000000000e+01,4.527021817e+00,1.346684901e-01,5.552065413e-16,1.939479807e-18,3.297472175e-19,1.342956000e-02,-2.867677808e-01,-2.657565117e+00,-1.509789467e+00,-1.360103726e+00,-7.769315839e-01,2.398210615e-01,1.467606305e-01,4.269851385e+00,-1.462645112e+00,-3.173468828e-01,2.672908988e-02,1.668346693e-03,6.189837821e-01,-4.850410288e-02,1.056223473e-01,6.314437530e-01,-5.726883852e-02,9.224493187e-03,4.850380123e-01,-1.229911372e-01,2.249991708e-02,1.977686365e+00,6.999973580e-02,0,0
4.260000000e+00,9.760067790e-02,2.803626629e-01,4.395916158e-02,1.397226697e-01,7.920266214e-02,3.000000000e+01,4.543187193e+00,1.346719204e-01,1.176426806e-16,9.024314302e-18,5.422704664e-19,1.113369700e-02,-2.867511511e-01,-2.657562017e+00,-1.509745598e+00,-1.360191345e+00,-7.769577503e-01,2.394740134e-01,1.506343999e-01,4.284514467e+00,-1.469153652e+00,-3.188293362e-01,2.695925749e-02,1.878163506e-03,6.189723824e-01,-4.848664097e-02,1.056258949e-01,6.314437530e-01,-5.726883852e-02,9.224493187e-03,4.850379229e-01,-1.229911074e-01,2.249997668e-02,1.977687622e+00,6.999972090e-02,0,0
4.270000000e+00,9.760513391e-02,2.804635553e-01,2.655934168e-02,1.397726208e-01,7.930937043e-02,3.000000000e+01,4.559849920e+00,1.346756530e-01,2.489891003e-16,1.734723476e-18,1.916616771e-19,1.149369100e-02,-2.867352068e-01,-2.657556295e+00,-1.509697795e+00,-1.360268116e+00,-7.769884467e-01,2.391320467e-01,1.442151081e-01,4.299810682e+00,-1.476015571e+00,-3.220000602e-01,2.746117820e-02,1.129307637e-03,6.189604958e-01,-4.846885264e-02,1.056272458e-01,6.314437530e-01,-5.726883852e-02,9.224493187e-03,4.850379527e-01,-1.229910329e-01,2.249997482e-02,1.977689587e+00,6.999970227e-02,0,0
4.280000000e+00,9.761057053e-02,2.805727444e-01,3.149152522e-02,1.398266792e-01,7.942136311e-02,3.000000000e+01,4.559168321e+00,1.346788745e-01,3.347592151e-16,4.422694427e-18,1.212174880e-19,1.269417300e-02,-2.867186368e-01,-2.657554150e+00,-1.509656549e+00,-1.360349059e+00,-7.770231962e-01,2.387840599e-01,1.425670100e-01,4.299254307e+00,-1.475710671e+00,-3.218838527e-01,2.775781402e-02,1.062846224e-03,6.189490045e-01,-4.845023258e-02,1.056295601e-01,6.314437530e-01,-5.726883852e-02,9.224493187e-03,4.850382805e-01,-1.229910403e-01,2.250015177e-02,1.977687975e+00,6.999966502e-02,0,0
4.290000000e+00,9.761781479e-02,2.806870969e-01,3.900628241e-02,1.398832936e-01,7.953115927e-02,3.000000000e+01,4.523400850e+00,1.346822428e-01,2.269742484e-16,5.637851297e-18,1.117570019e-19,1.362443200e-02,-2.867016792e-01,-2.657553196e+00,-1.509613514e+00,-1.360444546e+00,-7.770453095e-01,2.384510934e-01,1.484281765e-01,4.266381339e+00,-1.461559467e+00,-3.166027105e-01,2.679577791e-02,1.796249452e-03,6.189376967e-01,-4.843314458e-02,1.056338643e-01,6.314437530e-01,-5.726883852e-02,9.224493187e-03,4.850381017e-01,-1.229911000e-01,2.250000648e-02,1.977687229e+00,6.999967620e-02,0,0
4.300000000e+00,9.762262562e-02,2.807959689e-01,3.662095406e-02,1.399371942e-01,7.964361857e-02,3.000000000e+01,4.540378727e+00,1.346856494e-01,2.372008385e-16,1.285419872e-18,3.909146526e-19,1.129478000e-02,-2.866859436e-01,-2.657550812e+00,-1.509569883e+00,-1.360525727e+00,-7.770819664e-01,2.381019741e-01,1.378798169e-01,4.282210479e+00,-1.468286704e+00,-3.194793216e-01,2.771145522e-02,8.653274157e-04,6.189256417e-01,-4.841462806e-02,1.056354722e-01,6.314437530e-01,-5.726883852e-02,9.224493187e-03,4.850383699e-01,-1.229910925e-01,2.250024118e-02,1.977686797e+00,6.999965757e-02,0,0
4.310000000e+00,9.762939271e-02,2.809098912e-01,2.911806391e-02,1.399935946e-01,7.975465480e-02,3.000000000e+01,4.528912707e+00,1.346890061e-01,2.328038330e-16,2.776912484e-18,1.135908764e-19,1.171591300e-02,-2.866687477e-01,-2.657548666e+00,-1.509526968e+00,-1.360615373e+00,-7.771065235e-01,2.377589941e-01,1.485987367e-01,4.271602606e+00,-1.463137049e+00,-3.176386576e-01,2.670377805e-02,1.570213934e-03,6.189144297e-01,-4.839708541e-02,1.056392554e-01,6.314437530e-01,-5.726883852e-02,9.224493187e-03,4.850381613e-01,-1.229912713e-01,2.250006795e-02,1.977686993e+00,6.999967247e-02,0,0
4.320000000e+00,9.763631556e-02,2.810214140e-01,4.081092111e-02,1.400488067e-01,7.986189798e-02,3.000000000e+01,4.538165696e+00,1.346919232e-01,2.423775605e-16,5.076104429e-18,2.175011723e-19,1.303629600e-02,-2.866522074e-01,-2.657548189e+00,-1.509489655e+00,-1.360701799e+00,-7.771384120e-01,2.374396473e-01,1.460563129e-01,4.280958396e+00,-1.464590224e+00,-3.182283598e-01,2.670650300e-02,1.896290657e-03,6.189034911e-01,-4.837903977e-02,1.056431813e-01,6.314437530e-01,-5.726883852e-02,9.224493187e-03,4.850380123e-01,-1.229910925e-01,2.249990031e-02,1.977687818e+00,6.999974698e-02,0,0
4.330000000e+00,9.764187000e-02,2.811260026e-01,2.733449629e-02,1.401005854e-01,7.996496908e-02,3.000000000e+01,4.571040575e+00,1.346954935e-01,2.233490159e-16,1.226634733e-18,1.735570302e-19,1.412784600e-02,-2.866379619e-01,-2.657544851e+00,-1.509443998e+00,-1.360787272e+00,-7.771591544e-01,2.371178716e-01,2.278614828e-01,4.307562652e+00,-1.477456003e+00,-3.223875440e-01,2.414926594e-02,1.387601703e-03,6.188922455e-01,-4.836387670e-02,1.056459435e-01,6.314437530e-01,-5.726883852e-02,9.224493187e-03,4.850382209e-01,-1.229911298e-01,2.250003256e-02,1.977686954e+00,6.999963894e-02,0,0
4.340000000e+00,9.764788347e-02,2.812471593e-01,3.493872404e-02,1.401605660e-01,8.008793430e-02,3.000000000e+01,4.529165599e+00,1.346990845e-01,5.551691076e-16,6.071532166e-18,7.666467083e-20,1.248864200e-02,-2.866199613e-01,-2.657540321e+00,-1.509397984e+00,-1.360871434e+00,-7.772012949e-01,2.367345393e-01,1.641994316e-01,4.271313914e+00,-1.463203919e+00,-3.171709973e-01,2.627768859e-02,1.828667474e-03,6.188794289e-01,-4.834295666e-02,1.056484297e-01,6.314437530e-01,-5.726883852e-02,9.224493187e-03,4.850379527e-01,-1.229910553e-01,2.249989845e-02,1.977687543e+00,6.999963149e-02,0,0
4.350000000e+00,9.765197266e-02,2.813566009e-01,4.519122845e-02,1.402147465e-01,8.020313793e-02,3.000000000e+01,4.534094873e+00,1.347033573e-01,3.402446844e-16,1.939479807e-18,4.370558683e-19,1.144459100e-02,-2.866009474e-01,-2.657531023e+00,-1.509343266e+00,-1.360946417e+00,-7.772234082e-01,2.363428473e-01,9.535065703e-02,4.277567563e+00,-1.465979288e+00,-3.183694514e-01,2.974439264e-02,1.098840593e-03,6.188675462e-01,-4.832440078e-02,1.056493023e-01,6.314437530e-01,-5.726883852e-02,9.224493187e-03,4.850383401e-01,-1.229910105e-01,2.250018343e-02,1.977687504e+00,6.999969482e-02,0,0
4.360000000e+00,9.765829361e-02,2.814794364e-01,4.077346174e-02,1.402755572e-01,8.032426977e-02,3.000000000e+01,4.525869663e+00,1.347069333e-01,2.222427223e-16,1.939479807e-18,2.271817529e-19,1.225790900e-02,-2.865829468e-01,-2.657528162e+00,-1.509297490e+00,-1.361036181e+00,-7.772580385e-01,2.359679341e-01,1.185424897e-01,4.269834260e+00,-1.461791888e+00,-3.167322641e-01,2.829863793e-02,1.900776685e-03,6.188551119e-01,-4.830461861e-02,1.056522443e-01,6.314437530e-01,-5.726883852e-02,9.224493187e-03,4.850383103e-01,-1.229909807e-01,2.250021137e-02,1.977687504e+00,6.999973953e-02,0,0
4.370000000e+00,9.766531432e-02,2.815977935e-01,4.314477911e-02,1.403341504e-01,8.043520005e-02,3.000000000e+01,4.543518069e+00,1.347103014e-01,5.155515286e-17,1.734723476e-18,3.352710058e-19,1.226409900e-02,-2.865664065e-01,-2.657527924e+00,-1.509254456e+00,-1.361132503e+00,-7.772797346e-01,2.356333137e-01,1.288761190e-01,4.286890471e+00,-1.465313324e+00,-3.187768213e-01,2.744973904e-02,1.480287609e-03,6.188437523e-01,-4.828784133e-02,1.056563100e-01,6.314437530e-01,-5.726883852e-02,9.224493187e-03,4.850381017e-01,-1.229911372e-01,2.249997482e-02,1.977689508e+00,6.999969855e-02,0,0
4.380000000e+00,9.767210373e-02,2.817242549e-01,4.603895716e-02,1.403967551e-01,8.055577609e-02,3.000000000e+01,4.519578033e+00,1.347135168e-01,2.294364445e-16,6.254634441e-18,5.421010862e-20,1.198432500e-02,-2.865482867e-01,-2.657529116e+00,-1.509213328e+00,-1.361228347e+00,-7.773137689e-01,2.352729291e-01,2.015041469e-01,4.262299469e+00,-1.455513326e+00,-3.156915021e-01,2.454664608e-02,1.486569451e-03,6.188316954e-01,-4.826817754e-02,1.056597769e-01,6.314437530e-01,-5.726883852e-02,9.224493187e-03,4.850383699e-01,-1.229911298e-01,2.250007913e-02,1.977687033e+00,6.999964267e-02,0,0
4.390000000e+00,9.767909947e-02,2.818647951e-01,5.313640925e-02,1.404663288e-01,8.069318321e-02,3.000000000e+01,4.523987918e+00,1.347179803e-01,4.569473696e-16,0.000000000e+00,2.557085710e-19,1.203175700e-02,-2.865264714e-01,-2.657523632e+00,-1.509156227e+00,-1.361330748e+00,-7.773401141e-01,2.348321080e-01,1.519714562e-01,4.267774638e+00,-1.459180023e+00,-3.155274698e-01,2.650073056e-02,2.189185160e-03,6.188180054e-01,-4.824674155e-02,1.056630681e-01,6.314437530e-01,-5.726883852e-02,9.224493187e-03,4.850380421e-01,-1.229910702e-01,2.249988914e-02,1.977687033e+00,6.999967620e-02,0,0
4.400000000e+00,9.768626182e-02,2.820037576e-01,4.954594350e-02,1.405351209e-01,8.082797254e-02,3.000000000e+01,4.537017972e+00,1.347218347e-01,5.572034688e-16,1.734723476e-18,9.769341809e-19,1.273148300e-02,-2.865069509e-01,-2.657520771e+00,-1.509106874e+00,-1.361429691e+00,-7.773810029e-01,2.344187647e-01,1.286277099e-01,4.280740742e+00,-1.463468468e+00,-3.173847283e-01,2.772379574e-02,2.014264150e-03,6.188042079e-01,-4.822474565e-02,1.056664552e-01,6.314437530e-01,-5.726883852e-02,9.224493187e-03,4.850380123e-01,-1.229911670e-01,2.249993570e-02,1.977687229e+00,6.999973208e-02,0,0
4.410000000e+00,9.769333827e-02,2.821295785e-01,4.116923289e-02,1.405974067e-01,8.094502913e-02,3.000000000e+01,4.557682475e+00,1.347256673e-01,2.223222581e-16,3.469446952e-18,1.954573263e-19,1.242225000e-02,-2.864901125e-01,-2.657519579e+00,-1.509057879e+00,-1.361532807e+00,-7.774057984e-01,2.340679169e-01,1.437298040e-01,4.299059428e+00,-1.471929927e+00,-3.202490500e-01,2.756778996e-02,1.473118742e-03,6.187914576e-01,-4.820695030e-02,1.056702808e-01,6.314437530e-01,-5.726883852e-02,9.224493187e-03,4.850379825e-01,-1.229910180e-01,2.249990404e-02,1.977687229e+00,6.999978796e-02,0,0
4.420000000e+00,9.770109497e-02,2.822554271e-01,4.898918743e-02,1.406597057e-01,8.105921720e-02,3.000000000e+01,4.510247909e+00,1.347284486e-01,7.789801796e-16,5.898697550e-18,7.619606333e-19,1.172492300e-02,-2.864731848e-01,-2.657522678e+00,-1.509022355e+00,-1.361629963e+00,-7.774331570e-01,2.337346971e-01,1.470610310e-01,4.255855255e+00,-1.452231121e+00,-3.141989881e-01,2.654801166e-02,2.066977012e-03,6.187806262e-01,-4.818931499e-02,1.056750579e-01,6.314437530e-01,-5.726883852e-02,9.224493187e-03,4.850381911e-01,-1.229911372e-01,2.249992453e-02,1.977687347e+00,6.999975815e-02,0,0
4.430000000e+00,9.770734548e-02,2.823713638e-01,3.455262014e-02,1.407170975e-01,8.116679198e-02,3.000000000e+01,4.560403405e+00,1.347319165e-01,4.446758163e-16,3.387155867e-18,2.168404345e-19,1.252204100e-02,-2.864584327e-01,-2.657522440e+00,-1.508978009e+00,-1.361724973e+00,-7.774598002e-01,2.334175259e-01,1.217501348e-01,4.302067422e+00,-1.473472491e+00,-3.205450496e-01,2.825239431e-02,1.873870363e-03,6.187686133e-01,-4.817280695e-02,1.056782562e-01,6.314437530e-01,-5.726883852e-02,9.224493187e-03,4.850380719e-01,-1.229910329e-01,2.249990776e-02,1.977686797e+00,6.999975070e-02,0,0
4.440000000e+00,9.771373685e-02,2.824929917e-01,4.052889106e-02,1.407773060e-01,8.128165997e-02,3.000000000e+01,4.538465318e+00,1.347349733e-01,2.314686068e-16,5.818439422e-18,7.453889936e-20,1.214391800e-02,-2.864410877e-01,-2.657521486e+00,-1.508938909e+00,-1.361809850e+00,-7.774870396e-01,2.330619991e-01,1.345064390e-01,4.281537034e+00,-1.464993948e+00,-3.178462567e-01,2.791896050e-02,1.762482712e-03,6.187578959e-01,-4.815495853e-02,1.056816370e-01,6.314437530e-01,-5.726883852e-02,9.224493187e-03,4.850380123e-01,-1.229910776e-01,2.249994501e-02,1.977687426e+00,6.999967247e-02,0,0
4.450000000e+00,9.771658615e-02,2.826049880e-01,3.665313230e-02,1.408327463e-01,8.139931888e-02,3.000000000e+01,4.543326713e+00,1.347393900e-01,2.378596254e-16,5.057544570e-18,2.315856856e-19,1.134620000e-02,-2.864215076e-01,-2.657510281e+00,-1.508882284e+00,-1.361876249e+00,-7.775142193e-01,2.326551080e-01,1.143535167e-01,4.286018351e+00,-1.468403084e+00,-3.189526623e-01,2.910736123e-02,1.390182480e-03,6.187457246e-01,-4.813527577e-02,1.056810602e-01,6.314437530e-01,-5.726883852e-02,9.224493187e-03,4.850379825e-01,-1.229911372e-01,2.249996364e-02,1.977689508e+00,6.999969110e-02,0,0
4.460000000e+00,9.772322666e-02,2.827356773e-01,5.318466942e-02,1.408974394e-01,8.152395312e-02,3.000000000e+01,4.524758536e+00,1.347430488e-01,4.444625944e-16,2.776912484e-18,6.594944350e-19,1.276061300e-02,-2.864019573e-01,-2.657505751e+00,-1.508835435e+00,-1.361963987e+00,-7.775471210e-01,2.322636545e-01,1.545614736e-01,4.268715085e+00,-1.458573568e+00,-3.153798355e-01,2.674519302e-02,2.342781393e-03,6.187334711e-01,-4.811480880e-02,1.056842335e-01,6.314437530e-01,-5.726883852e-02,9.224493187e-03,4.850382507e-01,-1.229911149e-01,2.250006050e-02,1.977687937e+00,6.999970973e-02,0,0
4.470000000e+00,9.772909688e-02,2.828615354e-01,5.132917895e-02,1.409597404e-01,8.164357839e-02,3.000000000e+01,4.522800203e+00,1.347469793e-01,3.346858877e-16,3.469446952e-18,1.084202172e-19,1.265636300e-02,-2.863839269e-01,-2.657501698e+00,-1.508785129e+00,-1.362055063e+00,-7.775747776e-01,2.318892628e-01,1.032258620e-01,4.268579882e+00,-1.457270868e+00,-3.159355216e-01,2.891938979e-02,1.387165555e-03,6.187209106e-01,-4.809592893e-02,1.056867313e-01,6.314437530e-01,-5.726883852e-02,9.224493187e-03,4.850383401e-01,-1.229910925e-01,2.250004373e-02,1.977686993e+00,6.999972463e-02,0,0
4.480000000e+00,9.773590282e-02,2.829872707e-01,3.290431010e-02,1.410219801e-01,8.175978860e-02,3.000000000e+01,4.537652872e+00,1.347503320e-01,2.306921348e-16,2.168404345e-18,1.627714368e-19,1.131098900e-02,-2.863670290e-01,-2.657500267e+00,-1.508742213e+00,-1.362146616e+00,-7.776093483e-01,2.315427363e-01,1.426529160e-01,4.280752998e+00,-1.464030338e+00,-3.177446710e-01,2.734389228e-02,1.819202802e-03,6.187087256e-01,-4.807693514e-02,1.056902109e-01,6.314437530e-01,-5.726883852e-02,9.224493187e-03,4.850381613e-01,-1.229910553e-01,2.250012383e-02,1.977687897e+00,6.999973208e-02,0,0
4.490000000e+00,9.774196714e-02,2.831130832e-01,3.187287843e-02,1.410842574e-01,8.187759549e-02,3.000000000e+01,4.539839397e+00,1.347538719e-01,1.590586297e-16,1.563658610e-18,1.788984919e-19,1.308559700e-02,-2.863492370e-01,-2.657497883e+00,-1.508696914e+00,-1.362235427e+00,-7.776369452e-01,2.311773002e-01,1.634868524e-01,4.282020106e+00,-1.464903127e+00,-3.179070547e-01,2.661583509e-02,1.774427967e-03,6.186969477e-01,-4.805844613e-02,1.056930361e-01,6.314437530e-01,-5.726883852e-02,9.224493187e-03,4.850381017e-01,-1.229910553e-01,2.249994129e-02,1.977687426e+00,6.999972835e-02,0,0
4.500000000e+00,9.774754146e-02,2.832380854e-01,4.897703870e-02,1.411461330e-01,8.199692675e-02,3.000000000e+01,4.477076773e+00,1.347575387e-01,4.444795205e-16,3.127317221e-18,5.528368034e-19,1.287261400e-02,-2.863298059e-01,-2.657492876e+00,-1.508649945e+00,-1.362316847e+00,-7.776684165e-01,2.307982445e-01,2.487615715e-01,4.221628601e+00,-1.436535640e+00,-3.099306066e-01,2.216615968e-02,1.762254469e-03,6.186850544e-01,-4.803835860e-02,1.056951919e-01,6.314437530e-01,-5.726883852e-02,9.224493187e-03,4.850383997e-01,-1.229910851e-01,2.250026539e-02,1.977685697e+00,6.999961659e-02,0,0
4.510000000e+00,9.775458314e-02,2.833875626e-01,5.451215005e-02,1.412201230e-01,8.213695181e-02,3.000000000e+01,4.527777623e+00,1.347619903e-01,1.125600295e-16,1.163687884e-17,2.271817529e-19,1.293276500e-02,-2.863093019e-01,-2.657488108e+00,-1.508592963e+00,-1.362421274e+00,-7.777006030e-01,2.303598374e-01,1.253735943e-01,4.272351991e+00,-1.460080697e+00,-3.153375486e-01,2.794088932e-02,2.453823889e-03,6.186707084e-01,-4.801677334e-02,1.056983609e-01,6.314437530e-01,-5.726883852e-02,9.224493187e-03,4.850380123e-01,-1.229911000e-01,2.249986492e-02,1.977687229e+00,6.999971345e-02,0,0
4.520000000e+00,9.776198063e-02,2.835286719e-01,4.415181454e-02,1.412899702e-01,8.226545157e-02,3.000000000e+01,4.534791892e+00,1.347655771e-01,1.210863081e-16,3.127317221e-18,4.338925756e-19,1.373946300e-02,-2.862907648e-01,-2.657487392e+00,-1.508547068e+00,-1.362521768e+00,-7.777347565e-01,2.299741656e-01,1.481603671e-01,4.278155111e+00,-1.462431833e+00,-3.167230925e-01,2.739940871e-02,1.933967991e-03,6.186577992e-01,-4.799658883e-02,1.057022089e-01,6.314437530e-01,-5.726883852e-02,9.224493187e-03,4.850379229e-01,-1.229911000e-01,2.249993943e-02,1.977687858e+00,6.999973953e-02,0,0
4.530000000e+00,9.776848803e-02,2.836600251e-01,3.041487401e-02,1.413549877e-01,8.238452511e-02,3.000000000e+01,4.547241547e+00,1.347691751e-01,4.487237083e-16,5.275955480e-18,1.355252716e-19,1.276966400e-02,-2.862732708e-01,-2.657486916e+00,-1.508501053e+00,-1.362619042e+00,-7.777603865e-01,2.296139300e-01,1.402096535e-01,4.289530572e+00,-1.468002612e+00,-3.191479621e-01,2.802264334e-02,1.434445316e-03,6.186456556e-01,-4.797845164e-02,1.057054481e-01,6.314437530e-01,-5.726883852e-02,9.224493187e-03,4.850380719e-01,-1.229910702e-01,2.249985747e-02,1.977687543e+00,6.999969482e-02,0,0
4.540000000e+00,9.777334568e-02,2.837852948e-01,4.294000388e-02,1.414169933e-01,8.250413244e-02,3.000000000e+01,4.508221944e+00,1.347731760e-01,6.661947984e-16,8.673617380e-18,2.557085710e-19,1.271028300e-02,-2.862548828e-01,-2.657480717e+00,-1.508449793e+00,-1.362700582e+00,-7.777906656e-01,2.292303443e-01,7.946277641e-02,4.254982834e+00,-1.453668515e+00,-3.143278845e-01,3.025674690e-02,1.485291317e-03,6.186331938e-01,-4.795902237e-02,1.057068440e-01,6.314437530e-01,-5.726883852e-02,9.224493187e-03,4.850383699e-01,-1.229911000e-01,2.250013128e-02,1.977686325e+00,6.999971718e-02,0,0
4.550000000e+00,9.778016028e-02,2.839233382e-01,4.512477775e-02,1.414853210e-01,8.262852831e-02,3.000000000e+01,4.521509765e+00,1.347766512e-01,4.441163141e-16,1.226634733e-18,3.428548309e-19,1.342252000e-02,-2.862367034e-01,-2.657481432e+00,-1.508405328e+00,-1.362800002e+00,-7.778240442e-01,2.288610190e-01,1.213802555e-01,4.267271855e+00,-1.455825954e+00,-3.154122380e-01,2.814098160e-02,1.515274271e-03,6.186205398e-01,-4.793924716e-02,1.057101588e-01,6.314437530e-01,-5.726883852e-02,9.224493187e-03,4.850382805e-01,-1.229910702e-01,2.250012383e-02,1.977686561e+00,6.999969855e-02,0,0
4.560000000e+00,9.778746797e-02,2.840582875e-01,5.201139390e-02,1.415521166e-01,8.274956621e-02,3.000000000e+01,4.522403697e+00,1.347804157e-01,3.371795546e-16,4.336808690e-19,2.710505431e-20,1.112696800e-02,-2.862180173e-01,-2.657477617e+00,-1.508357167e+00,-1.362894893e+00,-7.778488398e-01,2.284879833e-01,1.292582667e-01,4.267837146e+00,-1.456427847e+00,-3.146999623e-01,2.775166474e-02,2.301952629e-03,6.186084017e-01,-4.792047295e-02,1.057141336e-01,6.314437530e-01,-5.726883852e-02,9.224493187e-03,4.850381613e-01,-1.229910329e-01,2.250001393e-02,1.977688094e+00,6.999975443e-02,0,0
4.570000000e+00,9.779209303e-02,2.841929286e-01,4.701494273e-02,1.416187590e-01,8.287923454e-02,3.000000000e+01,4.537955471e+00,1.347845901e-01,4.466609785e-16,1.939479807e-18,4.065758147e-20,1.152979200e-02,-2.861979008e-01,-2.657469988e+00,-1.508303642e+00,-1.362974405e+00,-7.778857350e-01,2.280665189e-01,1.283070313e-01,4.282009937e+00,-1.462798658e+00,-3.168332468e-01,2.829915325e-02,1.998145370e-03,6.185952517e-01,-4.789884852e-02,1.057149733e-01,6.314437530e-01,-5.726883852e-02,9.224493187e-03,4.850383699e-01,-1.229911223e-01,2.250000834e-02,1.977686836e+00,6.999970227e-02,0,0
4.580000000e+00,9.779910620e-02,2.843420571e-01,5.822196421e-02,1.416925713e-01,8.301570021e-02,3.000000000e+01,4.500917019e+00,1.347886868e-01,3.573067176e-17,0.000000000e+00,6.555838024e-19,1.232653900e-02,-2.861769497e-01,-2.657464743e+00,-1.508251190e+00,-1.363070011e+00,-7.779161334e-01,2.276348770e-01,1.153565055e-01,4.248340684e+00,-1.448625801e+00,-3.118155027e-01,2.822111512e-02,2.503978977e-03,6.185821208e-01,-4.787758743e-02,1.057182650e-01,6.314437530e-01,-5.726883852e-02,9.224493187e-03,4.850380123e-01,-1.229911298e-01,2.249987423e-02,1.977686915e+00,6.999975070e-02,0,0
4.590000000e+00,9.780521891e-02,2.844815021e-01,3.873331995e-02,1.417615900e-01,8.314375313e-02,3.000000000e+01,4.533163531e+00,1.347928102e-01,2.284703920e-16,3.576224061e-18,1.278542855e-19,1.284059400e-02,-2.861575484e-01,-2.657459259e+00,-1.508198380e+00,-1.363161564e+00,-7.779467702e-01,2.272317111e-01,1.290843091e-01,4.277555336e+00,-1.460976917e+00,-3.165114842e-01,2.815045486e-02,1.915458478e-03,6.185690111e-01,-4.785728157e-02,1.057207339e-01,6.314437530e-01,-5.726883852e-02,9.224493187e-03,4.850380719e-01,-1.229910180e-01,2.250000834e-02,1.977687150e+00,6.999977306e-02,0,0
4.600000000e+00,9.781055297e-02,2.846186656e-01,4.269391367e-02,1.418294788e-01,8.327140766e-02,3.000000000e+01,4.535284016e+00,1.347970246e-01,2.088883680e-17,5.057544570e-18,3.428548309e-19,1.126191800e-02,-2.861381471e-01,-2.657452822e+00,-1.508144379e+00,-1.363248587e+00,-7.779794931e-01,2.268252224e-01,1.373711168e-01,4.279569294e+00,-1.460864083e+00,-3.167185649e-01,2.791818577e-02,1.729193391e-03,6.185557591e-01,-4.783665054e-02,1.057223570e-01,6.314437530e-01,-5.726883852e-02,9.224493187e-03,4.850382805e-01,-1.229911149e-01,2.250010334e-02,1.977687190e+00,6.999973580e-02,0,0
4.610000000e+00,9.781780847e-02,2.847688158e-01,4.736514958e-02,1.419037946e-01,8.340576712e-02,3.000000000e+01,4.514697906e+00,1.348009911e-01,2.303070003e-16,1.734723476e-18,1.084202172e-19,1.096460600e-02,-2.861179709e-01,-2.657449484e+00,-1.508093596e+00,-1.363348126e+00,-7.780129313e-01,2.264127731e-01,1.624127451e-01,4.259950082e+00,-1.452529615e+00,-3.136900807e-01,2.637355892e-02,2.296139125e-03,6.185423627e-01,-4.781539025e-02,1.057258408e-01,6.314437530e-01,-5.726883852e-02,9.224493187e-03,4.850379825e-01,-1.229910478e-01,2.249993011e-02,1.977686679e+00,6.999972090e-02,0,0
4.620000000e+00,9.782293481e-02,2.849099213e-01,4.119879250e-02,1.419736330e-01,8.353680364e-02,3.000000000e+01,4.527236265e+00,1.348052705e-01,4.442831381e-16,3.705370969e-18,3.636524639e-19,1.212715800e-02,-2.860980928e-01,-2.657443047e+00,-1.508038759e+00,-1.363435268e+00,-7.780446410e-01,2.259918451e-01,8.855328244e-02,4.272872202e+00,-1.459363070e+00,-3.161336143e-01,3.010318913e-02,1.556993653e-03,6.185290849e-01,-4.779458964e-02,1.057272213e-01,6.314437530e-01,-5.726883852e-02,9.224493187e-03,4.850382805e-01,-1.229909807e-01,2.250018902e-02,1.977687701e+00,6.999977678e-02,0,0
4.630000000e+00,9.783066817e-02,2.850583979e-01,5.477850440e-02,1.420471189e-01,8.366580747e-02,3.000000000e+01,4.526969497e+00,1.348089224e-01,1.104414123e-16,2.742838647e-18,3.263880751e-19,1.266491300e-02,-2.860797942e-01,-2.657443047e+00,-1.507992029e+00,-1.363540411e+00,-7.780792117e-01,2.256136239e-01,1.202090017e-01,4.273273831e+00,-1.455318847e+00,-3.152427533e-01,2.826722270e-02,1.847906902e-03,6.185157769e-01,-4.777439074e-02,1.057312936e-01,6.314437530e-01,-5.726883852e-02,9.224493187e-03,4.850381911e-01,-1.229911447e-01,2.250006795e-02,1.977687190e+00,6.999971345e-02,0,0
4.640000000e+00,9.783645837e-02,2.851942578e-01,3.982462957e-02,1.421143597e-01,8.378732856e-02,3.000000000e+01,4.528058751e+00,1.348127863e-01,4.445675259e-16,3.878959614e-18,4.379479806e-19,1.132468000e-02,-2.860620916e-01,-2.657439947e+00,-1.507942557e+00,-1.363632083e+00,-7.781077623e-01,2.252390683e-01,1.254272173e-01,4.273340977e+00,-1.457973689e+00,-3.156759419e-01,2.826205387e-02,1.906844002e-03,6.185031744e-01,-4.775559690e-02,1.057336236e-01,6.314437530e-01,-5.726883852e-02,9.224493187e-03,4.850383401e-01,-1.229910254e-01,2.250019088e-02,1.977687779e+00,6.999975443e-02,0,0
4.650000000e+00,9.784305765e-02,2.853369235e-01,3.960845909e-02,1.421849682e-01,8.391326583e-02,3.000000000e+01,4.530122166e+00,1.348165684e-01,2.222698015e-16,5.057544570e-18,7.453889936e-20,1.163282200e-02,-2.860426307e-01,-2.657436609e+00,-1.507894158e+00,-1.363724828e+00,-7.781311870e-01,2.248446941e-01,1.174681665e-01,4.275782089e+00,-1.457832709e+00,-3.159251071e-01,2.841112182e-02,1.877142598e-03,6.184912109e-01,-4.773657731e-02,1.057368322e-01,6.314437530e-01,-5.726883852e-02,9.224493187e-03,4.850383699e-01,-1.229911819e-01,2.250019275e-02,1.977686522e+00,6.999968737e-02,0,0
4.660000000e+00,9.785047895e-02,2.854892300e-01,5.498504488e-02,1.422603473e-01,8.404514380e-02,3.000000000e+01,4.495664446e+00,1.348202209e-01,2.535976461e-16,1.788112031e-18,4.505068773e-19,1.161171200e-02,-2.860226035e-01,-2.657436609e+00,-1.507847428e+00,-1.363827944e+00,-7.781614065e-01,2.244489342e-01,1.121812464e-01,4.244153137e+00,-1.445025286e+00,-3.109359283e-01,2.815404768e-02,2.540372912e-03,6.184784274e-01,-4.771603393e-02,1.057406084e-01,6.314437530e-01,-5.726883852e-02,9.224493187e-03,4.850380719e-01,-1.229911223e-01,2.249987423e-02,1.977686954e+00,6.999975443e-02,0,0
4.670000000e+00,9.785563147e-02,2.856310928e-01,4.478090080e-02,1.423305570e-01,8.417500773e-02,3.000000000e+01,4.508516413e+00,1.348247411e-01,9.501471788e-18,7.410741938e-18,2.235140038e-19,1.280738400e-02,-2.860026062e-01,-2.657427788e+00,-1.507789493e+00,-1.363913298e+00,-7.781916261e-01,2.240278721e-01,7.460266914e-02,4.255973860e+00,-1.452037854e+00,-3.138200991e-01,3.069350252e-02,1.453896719e-03,6.184649565e-01,-4.769530809e-02,1.057419681e-01,6.314437530e-01,-5.726883852e-02,9.224493187e-03,4.850378931e-01,-1.229911298e-01,2.250001021e-02,1.977688486e+00,6.999969855e-02,0,0
4.680000000e+00,9.786417383e-02,2.858012215e-01,4.672884001e-02,1.424147548e-01,8.432177427e-02,3.000000000e+01,4.534336385e+00,1.348287355e-01,2.009959946e-17,4.422694427e-18,3.686685969e-19,1.240031000e-02,-2.859815657e-01,-2.657426834e+00,-1.507738352e+00,-1.364025712e+00,-7.782330513e-01,2.235930860e-01,1.295253196e-01,4.279016818e+00,-1.460412621e+00,-3.159434847e-01,2.855740152e-02,1.970285782e-03,6.184502699e-01,-4.767204027e-02,1.057463424e-01,6.314437530e-01,-5.726883852e-02,9.224493187e-03,4.850378931e-01,-1.229909956e-01,2.249994129e-02,1.977687661e+00,6.999977306e-02,0,0
4.690000000e+00,9.787121712e-02,2.859622035e-01,6.063868345e-02,1.424944248e-01,8.446280675e-02,3.000000000e+01,4.514043320e+00,1.348329156e-01,5.621146516e-17,5.898697550e-18,2.206191582e-19,1.228754900e-02,-2.859603465e-01,-2.657423496e+00,-1.507684827e+00,-1.364127994e+00,-7.782655954e-01,2.231572270e-01,1.299994143e-01,4.261002485e+00,-1.450848145e+00,-3.127361074e-01,2.782222788e-02,2.604817349e-03,6.184364618e-01,-4.765012777e-02,1.057494429e-01,6.314437530e-01,-5.726883852e-02,9.224493187e-03,4.850381017e-01,-1.229910031e-01,2.249996923e-02,1.977687583e+00,6.999976560e-02,0,0
4.700000000e+00,9.787703892e-02,2.861142829e-01,3.713237152e-02,1.425696882e-01,8.459668842e-02,3.000000000e+01,4.512859665e+00,1.348369930e-01,3.333434900e-16,1.748223473e-18,2.366847115e-19,1.358979200e-02,-2.859393656e-01,-2.657421112e+00,-1.507632613e+00,-1.364225030e+00,-7.782958150e-01,2.227418274e-01,1.626230976e-01,4.258867802e+00,-1.450006482e+00,-3.135086154e-01,2.626629309e-02,2.182065521e-03,6.184232136e-01,-4.762884803e-02,1.057514370e-01,6.314437530e-01,-5.726883852e-02,9.224493187e-03,4.850380719e-01,-1.229911819e-01,2.249999158e-02,1.977686758e+00,6.999973580e-02,0,0
4.710000000e+00,9.788258155e-02,2.862730678e-01,5.511593877e-02,1.426482692e-01,8.473716133e-02,3.000000000e+01,4.526231374e+00,1.348407971e-01,4.563913727e-16,2.453269467e-18,2.206191582e-19,1.361588100e-02,-2.859208882e-01,-2.657422543e+00,-1.507583857e+00,-1.364326477e+00,-7.783428431e-01,2.223251164e-01,1.321958488e-01,4.272549049e+00,-1.454295793e+00,-3.144352472e-01,2.773030506e-02,2.139881473e-03,6.184086529e-01,-4.760647866e-02,1.057528555e-01,6.314437530e-01,-5.726883852e-02,9.224493187e-03,4.850381911e-01,-1.229910254e-01,2.250009216e-02,1.977687465e+00,6.999979168e-02,0,0
4.720000000e+00,9.789033641e-02,2.864363985e-01,5.772384434e-02,1.427290989e-01,8.487508366e-02,3.000000000e+01,4.513113125e+00,1.348448164e-01,4.443635638e-16,3.496446946e-18,4.389429017e-19,1.249061100e-02,-2.858978808e-01,-2.657421112e+00,-1.507532477e+00,-1.364433527e+00,-7.783585191e-01,2.218951881e-01,1.264148827e-01,4.260785474e+00,-1.448905440e+00,-3.127410014e-01,2.786464472e-02,2.482195713e-03,6.183964086e-01,-4.758619377e-02,1.057570326e-01,6.314437530e-01,-5.726883852e-02,9.224493187e-03,4.850380123e-01,-1.229910403e-01,2.249994129e-02,1.977687622e+00,6.999978796e-02,0,0
4.730000000e+00,9.789619463e-02,2.865964588e-01,5.295374949e-02,1.428083092e-01,8.501596556e-02,3.000000000e+01,4.526682838e+00,1.348493405e-01,2.279247755e-16,7.410741938e-18,4.470280077e-19,1.329210800e-02,-2.858763337e-01,-2.657415390e+00,-1.507474542e+00,-1.364530206e+00,-7.783831954e-01,2.214426249e-01,1.093262848e-01,4.273136547e+00,-1.455748659e+00,-3.148700818e-01,2.930501907e-02,1.796061243e-03,6.183829087e-01,-4.756523913e-02,1.057590436e-01,6.314437530e-01,-5.726883852e-02,9.224493187e-03,4.850381315e-01,-1.229911074e-01,2.250000462e-02,1.977686954e+00,6.999977678e-02,0,0
4.740000000e+00,9.790181328e-02,2.867546818e-01,3.970830661e-02,1.428866094e-01,8.515596972e-02,3.000000000e+01,4.539975924e+00,1.348538603e-01,1.243447077e-16,4.670885906e-18,2.169462878e-19,1.181150400e-02,-2.858549953e-01,-2.657408953e+00,-1.507416606e+00,-1.364623785e+00,-7.784187794e-01,2.209998518e-01,1.385350427e-01,4.284457649e+00,-1.461046043e+00,-3.164860425e-01,2.808366847e-02,2.106203881e-03,6.183686311e-01,-4.754270406e-02,1.057605411e-01,6.314437530e-01,-5.726883852e-02,9.224493187e-03,4.850383699e-01,-1.229909658e-01,2.250024490e-02,1.977687583e+00,6.999976933e-02,0,0
4.750000000e+00,9.790986577e-02,2.869275584e-01,6.268009872e-02,1.429721603e-01,8.530286262e-02,3.000000000e+01,4.485879252e+00,1.348583298e-01,1.324793906e-16,3.127317221e-18,2.172635382e-19,1.341987000e-02,-2.858321071e-01,-2.657403946e+00,-1.507359385e+00,-1.364731431e+00,-7.784477472e-01,2.205439061e-01,1.201006400e-01,4.235544365e+00,-1.439652539e+00,-3.089821957e-01,2.784924030e-02,2.723786698e-03,6.183544738e-01,-4.752012577e-02,1.057645118e-01,6.314437530e-01,-5.726883852e-02,9.224493187e-03,4.850380421e-01,-1.229911223e-01,2.250004187e-02,1.977687504e+00,6.999978051e-02,0,0
4.760000000e+00,9.791691086e-02,2.870980395e-01,6.467627311e-02,1.430565246e-01,8.544922247e-02,3.000000000e+01,4.486748279e+00,1.348629558e-01,1.542855882e-16,3.634908046e-18,3.909146526e-19,1.267728300e-02,-2.858094275e-01,-2.657398462e+00,-1.507300138e+00,-1.364836097e+00,-7.784780264e-01,2.200858593e-01,1.390171593e-01,4.235780394e+00,-1.439996594e+00,-3.088877195e-01,2.718253632e-02,2.845360022e-03,6.183400250e-01,-4.749741626e-02,1.057674010e-01,6.314437530e-01,-5.726883852e-02,9.224493187e-03,4.850380123e-01,-1.229910776e-01,2.249990962e-02,1.977687543e+00,6.999976560e-02,0,0
4.770000000e+00,9.792157849e-02,2.872641311e-01,4.211288561e-02,1.431387157e-01,8.559786484e-02,3.000000000e+01,4.522007795e+00,1.348681348e-01,2.284769776e-16,6.992893893e-18,1.533293417e-19,1.145521000e-02,-2.857860327e-01,-2.657387972e+00,-1.507233739e+00,-1.364926457e+00,-7.785078287e-01,2.195931822e-01,1.207958184e-01,4.268425176e+00,-1.454242869e+00,-3.144066795e-01,2.884741436e-02,1.822713787e-03,6.183253117e-01,-4.747424266e-02,1.057677888e-01,6.314437530e-01,-5.726883852e-02,9.224493187e-03,4.850385189e-01,-1.229911521e-01,2.250030451e-02,1.977686601e+00,6.999970973e-02,0,0
4.780000000e+00,9.792844050e-02,2.874474714e-01,4.190757521e-02,1.432294413e-01,8.575661816e-02,3.000000000e+01,4.542392446e+00,1.348731489e-01,4.448686432e-16,4.479002583e-18,1.533293417e-19,1.126689900e-02,-2.857612669e-01,-2.657379866e+00,-1.507169485e+00,-1.365030169e+00,-7.785409093e-01,2.190840691e-01,2.335263116e-01,4.283966430e+00,-1.458026717e+00,-3.162408120e-01,2.390638128e-02,2.132387909e-03,6.183100928e-01,-4.744960856e-02,1.057701775e-01,6.314437530e-01,-5.726883852e-02,9.224493187e-03,4.850386083e-01,-1.229911596e-01,2.250040323e-02,1.977686365e+00,6.999967247e-02,0,0
4.790000000e+00,9.793511268e-02,2.876394508e-01,5.391329708e-02,1.433244407e-01,8.592372557e-02,3.000000000e+01,4.489542418e+00,1.348788599e-01,2.483079572e-16,7.833313802e-18,1.490777987e-19,1.199757600e-02,-2.857336402e-01,-2.657367945e+00,-1.507096291e+00,-1.365135550e+00,-7.785708904e-01,2.185344398e-01,1.045821819e-01,4.239065252e+00,-1.441813904e+00,-3.094096228e-01,2.844690873e-02,2.933239378e-03,6.182939770e-01,-4.742332487e-02,1.057720750e-01,6.314437530e-01,-5.726883852e-02,9.224493187e-03,4.850383699e-01,-1.229912043e-01,2.250029147e-02,1.977684989e+00,6.999969482e-02,0,0
4.800000000e+00,9.794196345e-02,2.878331340e-01,3.773759646e-02,1.434202818e-01,8.609012790e-02,3.000000000e+01,4.499841843e+00,1.348837704e-01,7.949501638e-18,4.271261210e-18,2.219678889e-19,1.211325800e-02,-2.857079208e-01,-2.657362461e+00,-1.507033348e+00,-1.365244031e+00,-7.786116600e-01,2.180106640e-01,1.208128460e-01,4.248267099e+00,-1.445162265e+00,-3.113247452e-01,2.802606893e-02,2.236182355e-03,6.182780729e-01,-4.739684260e-02,1.057741528e-01,6.314437530e-01,-5.726883852e-02,9.224493187e-03,4.850381613e-01,-1.229910851e-01,2.249993198e-02,1.977686325e+00,6.999974698e-02,0,0
4.810000000e+00,9.794967502e-02,2.880291513e-01,7.269262685e-02,1.435172765e-01,8.625624922e-02,3.000000000e+01,4.486610912e+00,1.348887952e-01,4.354121368e-17,7.059813062e-18,4.389429017e-19,1.328646800e-02,-2.856821716e-01,-2.657355070e+00,-1.506968975e+00,-1.365353584e+00,-7.786433101e-01,2.174805105e-01,1.091204239e-01,4.236848277e+00,-1.439111390e+00,-3.082630548e-01,2.843900031e-02,3.225521081e-03,6.182627373e-01,-4.737175077e-02,1.057773146e-01,6.314437530e-01,-5.726883852e-02,9.224493187e-03,4.850380123e-01,-1.229911745e-01,2.250000462e-02,1.977687622e+00,6.999972090e-02,0,0
4.820000000e+00,9.795664085e-02,2.882159878e-01,6.048780334e-02,1.436097270e-01,8.641432281e-02,3.000000000e+01,4.507517948e+00,1.348941258e-01,6.685873858e-16,4.336808690e-18,2.235140038e-19,1.138323000e-02,-2.856574059e-01,-2.657347202e+00,-1.506900668e+00,-1.365464568e+00,-7.786761522e-01,2.169822454e-01,1.122143320e-01,4.256112909e+00,-1.446706807e+00,-3.111977398e-01,2.857033597e-02,2.831477489e-03,6.182466173e-01,-4.734688934e-02,1.057796278e-01,6.314437530e-01,-5.726883852e-02,9.224493187e-03,4.850382209e-01,-1.229910627e-01,2.250011265e-02,1.977687033e+00,6.999979168e-02,0,0
4.830000000e+00,9.796518666e-02,2.884130535e-01,6.865060800e-02,1.437072378e-01,8.657701764e-02,3.000000000e+01,4.511905127e+00,1.348987515e-01,2.250532121e-16,6.938893904e-18,4.370558683e-19,1.332808800e-02,-2.856322825e-01,-2.657343864e+00,-1.506841421e+00,-1.365581393e+00,-7.787135243e-01,2.164858729e-01,6.318472374e-02,4.261028108e+00,-1.448794880e+00,-3.113938297e-01,3.087605336e-02,2.996302124e-03,6.182311137e-01,-4.732136771e-02,1.057835517e-01,6.314437530e-01,-5.726883852e-02,9.224493187e-03,4.850379229e-01,-1.229910180e-01,2.249993011e-02,1.977688094e+00,6.999984011e-02,0,0
4.840000000e+00,9.797084815e-02,2.885898704e-01,4.458803530e-02,1.437947281e-01,8.672703175e-02,3.000000000e+01,4.515198122e+00,1.349036637e-01,1.110637655e-15,3.878959614e-18,5.422704664e-19,1.113393800e-02,-2.856096625e-01,-2.657337427e+00,-1.506778479e+00,-1.365682244e+00,-7.787413597e-01,2.160062045e-01,1.142472800e-01,4.262558973e+00,-1.451156413e+00,-3.127968951e-01,2.915987250e-02,2.347033643e-03,6.182164809e-01,-4.729898315e-02,1.057849838e-01,6.314437530e-01,-5.726883852e-02,9.224493187e-03,4.850381315e-01,-1.229910105e-01,2.249997854e-02,1.977687543e+00,6.999978051e-02,0,0
4.850000000e+00,9.797814118e-02,2.887778281e-01,4.913574129e-02,1.438877296e-01,8.688246400e-02,3.000000000e+01,4.508930478e+00,1.349085316e-01,2.253872480e-16,1.939479807e-18,2.366847115e-19,1.135298000e-02,-2.855850160e-01,-2.657332420e+00,-1.506716132e+00,-1.365793347e+00,-7.787700891e-01,2.155209780e-01,1.115466146e-01,4.257299211e+00,-1.447544265e+00,-3.117494420e-01,2.891673055e-02,2.558786995e-03,6.182014952e-01,-4.727509325e-02,1.057878600e-01,6.314437530e-01,-5.726883852e-02,9.224493187e-03,4.850381613e-01,-1.229911000e-01,2.250005119e-02,1.977687583e+00,6.999975443e-02,0,0
4.860000000e+00,9.798537844e-02,2.889705216e-01,5.076748267e-02,1.439830731e-01,8.704168976e-02,3.000000000e+01,4.491565239e+00,1.349135194e-01,3.433394223e-16,1.939479807e-18,1.287490080e-19,1.173836300e-02,-2.855606079e-01,-2.657327890e+00,-1.506652236e+00,-1.365907907e+00,-7.788031101e-01,2.150285393e-01,1.157045783e-01,4.241459135e+00,-1.440201432e+00,-3.095293008e-01,2.828311757e-02,2.581519762e-03,6.181857465e-01,-4.725054729e-02,1.057904991e-01,6.314437530e-01,-5.726883852e-02,9.224493187e-03,4.850384295e-01,-1.229911298e-01,2.250030451e-02,1.977686522e+00,6.999970227e-02,0,0
4.870000000e+00,9.799365687e-02,2.891655778e-01,6.969235947e-02,1.440795843e-01,8.720053307e-02,3.000000000e+01,4.468753732e+00,1.349180983e-01,3.332204673e-16,3.218090308e-18,4.412383164e-19,1.275242400e-02,-2.855369151e-01,-2.657324314e+00,-1.506593585e+00,-1.366022110e+00,-7.788379192e-01,2.145435810e-01,1.262678302e-01,4.220543108e+00,-1.430546851e+00,-3.059592985e-01,2.733096996e-02,3.140003266e-03,6.181705864e-01,-4.722638421e-02,1.057943070e-01,6.314437530e-01,-5.726883852e-02,9.224493187e-03,4.850381017e-01,-1.229911000e-01,2.250000462e-02,1.977688251e+00,6.999977306e-02,0,0
4.880000000e+00,9.800077195e-02,2.893524462e-01,4.910472119e-02,1.441720430e-01,8.735264321e-02,3.000000000e+01,4.498095691e+00,1.349228552e-01,4.461351637e-16,1.764953266e-18,7.709470352e-19,1.219917700e-02,-2.855132520e-01,-2.657321453e+00,-1.506532669e+00,-1.366136193e+00,-7.788667679e-01,2.140779048e-01,1.369176245e-01,4.247315798e+00,-1.441335418e+00,-3.102107977e-01,2.722249341e-02,2.707541065e-03,6.181555630e-01,-4.720309205e-02,1.057970362e-01,6.314437530e-01,-5.726883852e-02,9.224493187e-03,4.850381315e-01,-1.229911596e-01,2.250002325e-02,1.977686915e+00,6.999977306e-02,0,0
4.890000000e+00,9.800907302e-02,2.895382876e-01,6.205197096e-02,1.442639923e-01,8.750067175e-02,3.000000000e+01,4.502130987e+00,1.349271852e-01,2.283320509e-17,6.938893904e-18,9.486769009e-20,1.244378000e-02,-2.854910791e-01,-2.657320738e+00,-1.506477237e+00,-1.366253734e+00,-7.788992524e-01,2.136411518e-01,1.091275206e-01,4.252454890e+00,-1.441084692e+00,-3.104161519e-01,2.849725899e-02,2.578679125e-03,6.181407789e-01,-4.718031845e-02,1.058010485e-01,6.314437530e-01,-5.726883852e-02,9.224493187e-03,4.850384295e-01,-1.229911596e-01,2.250004560e-02,1.977686247e+00,6.999978051e-02,0,0
4.900000000e+00,9.801718753e-02,2.897367655e-01,6.064683868e-02,1.443621924e-01,8.766139249e-02,3.000000000e+01,4.501779575e+00,1.349317072e-01,2.237810093e-16,7.152448123e-18,4.470280077e-19,1.122107900e-02,-2.854668796e-01,-2.657316685e+00,-1.506419301e+00,-1.366364479e+00,-7.789344192e-01,2.131462395e-01,1.552287422e-01,4.249919437e+00,-1.443349956e+00,-3.100110569e-01,2.706925175e-02,3.076198612e-03,6.181258705e-01,-4.715586369e-02,1.058046713e-01,6.314437530e-01,-5.726883852e-02,9.224493187e-03,4.850379825e-01,-1.229910702e-01,2.249994874e-02,1.977687543e+00,6.999976933e-02,0,0
4.910000000e+00,9.802109651e-02,2.899287299e-01,5.485572587e-02,1.444571685e-01,8.782736392e-02,3.000000000e+01,4.514250901e+00,1.349377520e-01,2.278372896e-16,4.906538933e-18,6.527761501e-19,1.217249800e-02,-2.854406238e-01,-2.657301188e+00,-1.506341696e+00,-1.366453409e+00,-7.789745331e-01,2.125895619e-01,7.530116310e-02,4.262908942e+00,-1.449756806e+00,-3.124467886e-01,3.124493854e-02,2.058845404e-03,6.181089338e-01,-4.712884226e-02,1.058034683e-01,6.314437530e-01,-5.726883852e-02,9.224493187e-03,4.850379527e-01,-1.229909882e-01,2.249987796e-02,1.977689154e+00,6.999976560e-02,0,0
4.920000000e+00,9.802736469e-02,2.901368601e-01,4.669667939e-02,1.445601413e-01,8.800093885e-02,3.000000000e+01,4.514370755e+00,1.349432897e-01,2.237322573e-16,1.734723476e-18,4.370558683e-19,1.209233700e-02,-2.854131460e-01,-2.657290220e+00,-1.506270647e+00,-1.366555572e+00,-7.790154815e-01,2.120278627e-01,1.024702825e-01,4.262749168e+00,-1.448980159e+00,-3.123749460e-01,2.977098203e-02,2.182770456e-03,6.180922867e-01,-4.710102153e-02,1.058046054e-01,6.314437530e-01,-5.726883852e-02,9.224493187e-03,4.850382209e-01,-1.229911000e-01,2.250015922e-02,1.977690019e+00,6.999975070e-02,0,0
4.930000000e+00,9.803618840e-02,2.903602313e-01,6.193932393e-02,1.446706529e-01,8.817952277e-02,3.000000000e+01,4.491160713e+00,1.349485472e-01,3.332204673e-16,4.336808690e-18,8.711650477e-19,1.307432700e-02,-2.853854001e-01,-2.657285452e+00,-1.506203294e+00,-1.366681218e+00,-7.790509462e-01,2.114772052e-01,1.360666847e-01,4.240955028e+00,-1.438862514e+00,-3.085552348e-01,2.774814668e-02,3.039361650e-03,6.180755126e-01,-4.707374133e-02,1.058083654e-01,6.314437530e-01,-5.726883852e-02,9.224493187e-03,4.850382507e-01,-1.229910702e-01,2.250008471e-02,1.977687818e+00,6.999976188e-02,0,0
4.940000000e+00,9.804525894e-02,2.905904598e-01,6.851030921e-02,1.447845551e-01,8.836352986e-02,3.000000000e+01,4.491307781e+00,1.349538679e-01,7.774755040e-16,6.942281209e-18,1.963573648e-18,1.099532700e-02,-2.853571475e-01,-2.657279730e+00,-1.506135106e+00,-1.366806507e+00,-7.790912390e-01,2.109090388e-01,1.488646131e-01,4.241071160e+00,-1.437793668e+00,-3.082360799e-01,2.700169346e-02,3.335083879e-03,6.180582742e-01,-4.704534956e-02,1.058121841e-01,6.314437530e-01,-5.726883852e-02,9.224493187e-03,4.850382507e-01,-1.229911149e-01,2.250004373e-02,1.977688369e+00,6.999979913e-02,0,0
4.950000000e+00,9.805150026e-02,2.908229526e-01,6.785394188e-02,1.448995757e-01,8.855512782e-02,3.000000000e+01,4.490385275e+00,1.349604017e-01,2.286958403e-16,1.301042607e-18,4.336808690e-19,1.282937400e-02,-2.853256762e-01,-2.657267332e+00,-1.506051302e+00,-1.366923094e+00,-7.791284323e-01,2.102842480e-01,8.303772513e-02,4.242133633e+00,-1.437047645e+00,-3.081841289e-01,2.955633450e-02,3.150990753e-03,6.180396609e-01,-4.701494364e-02,1.058127153e-01,6.314437530e-01,-5.726883852e-02,9.224493187e-03,4.850380123e-01,-1.229910925e-01,2.249991335e-02,1.977686365e+00,6.999979168e-02,0,0
4.960000000e+00,9.805948315e-02,2.910593790e-01,6.716486688e-02,1.450165403e-01,8.874422693e-02,3.000000000e+01,4.475410115e+00,1.349660290e-01,2.350934350e-16,1.734723476e-18,3.366377909e-19,1.133868000e-02,-2.852975130e-01,-2.657262802e+00,-1.505979180e+00,-1.367052436e+00,-7.791683674e-01,2.096991390e-01,9.414422316e-02,4.227597727e+00,-1.432874692e+00,-3.063443331e-01,2.939456954e-02,3.041457140e-03,6.180216457e-01,-4.698643240e-02,1.058152867e-01,6.314437530e-01,-5.726883852e-02,9.224493187e-03,4.850381911e-01,-1.229910403e-01,2.249998972e-02,1.977687033e+00,6.999986619e-02,0,0
4.970000000e+00,9.806892534e-02,2.912947347e-01,7.684703319e-02,1.451329732e-01,8.892945243e-02,3.000000000e+01,4.462622466e+00,1.349715811e-01,4.527536883e-16,3.980661233e-18,9.047771067e-19,1.282991400e-02,-2.852692008e-01,-2.657256603e+00,-1.505908012e+00,-1.367182612e+00,-7.792115211e-01,2.091345042e-01,9.989510308e-02,4.215939682e+00,-1.427389885e+00,-3.042908963e-01,2.873202476e-02,3.532103021e-03,6.180035293e-01,-4.695736126e-02,1.058192546e-01,6.314437530e-01,-5.726883852e-02,9.224493187e-03,4.850380719e-01,-1.229910031e-01,2.249999344e-02,1.977687150e+00,6.999984384e-02,0,0
4.980000000e+00,9.807574179e-02,2.915224561e-01,5.587767026e-02,1.452456274e-01,8.911264247e-02,3.000000000e+01,4.506183897e+00,1.349775669e-01,5.556479332e-16,5.485677295e-18,4.359118271e-19,1.253604100e-02,-2.852419317e-01,-2.657248497e+00,-1.505831242e+00,-1.367303848e+00,-7.792534828e-01,2.085603178e-01,1.063747446e-01,4.255901953e+00,-1.443761477e+00,-3.104178293e-01,2.937118592e-02,2.681266172e-03,6.179850415e-01,-4.692900399e-02,1.058205699e-01,6.314437530e-01,-5.726883852e-02,9.224493187e-03,4.850380123e-01,-1.229910553e-01,2.250004932e-02,1.977687190e+00,6.999981403e-02,0,0
4.990000000e+00,9.808480011e-02,2.917653819e-01,5.520560850e-02,1.453658012e-01,8.930229453e-02,3.000000000e+01,4.520950847e+00,1.349831312e-01,3.469446952e-18,3.878959614e-18,3.066586833e-19,1.301152600e-02,-2.852123380e-01,-2.657243967e+00,-1.505759954e+00,-1.367436528e+00,-7.792884707e-01,2.079756260e-01,7.714040337e-02,4.269945777e+00,-1.449837962e+00,-3.124247239e-01,3.104933705e-02,2.364934381e-03,6.179674921e-01,-4.690040298e-02,1.058242548e-01,6.314437530e-01,-5.726883852e-02,9.224493187e-03,4.850381613e-01,-1.229909956e-01,2.250006981e-02,1.977687897e+00,6.999984384e-02,0,0
5.000000000e+00,9.809255822e-02,2.920007899e-01,4.692279810e-02,1.454822540e-01,8.948766806e-02,3.000000000e+01,4.498619850e+00,1.349890189e-01,1.105061064e-16,2.742838647e-18,1.355252716e-19,1.151689100e-02,-2.851831317e-01,-2.657236338e+00,-1.505684495e+00,-1.367560983e+00,-7.793194652e-01,2.073899955e-01,1.136764370e-01,4.248856036e+00,-1.440422265e+00,-3.101670233e-01,2.925869998e-02,2.155848093e-03,6.179500640e-01,-4.687262686e-02,1.058267143e-01,6.314437530e-01,-5.726883852e-02,9.224493187e-03,4.850382209e-01,-1.229911000e-01,2.249993384e-02,1.977688683e+00,6.999977306e-02,0,0
5.010000000e+00,9.810026968e-02,2.922490678e-01,5.363606549e-02,1.456050710e-01,8.968418582e-02,3.000000000e+01,4.491665624e+00,1.349951165e-01,6.744154447e-16,3.878959614e-18,4.470280077e-19,1.437251900e-02,-2.851521373e-01,-2.657227039e+00,-1.505606294e+00,-1.367684245e+00,-7.793591619e-01,2.067654282e-01,6.560260321e-02,4.242952035e+00,-1.439308203e+00,-3.090499140e-01,3.145075242e-02,2.304099535e-03,6.179316748e-01,-4.684225773e-02,1.058287015e-01,6.314437530e-01,-5.726883852e-02,9.224493187e-03,4.850383401e-01,-1.229910403e-01,2.250022627e-02,1.977687190e+00,6.999982148e-02,0,0
5.020000000e+00,9.810951586e-02,2.925059611e-01,6.262566109e-02,1.457321476e-01,8.988418617e-02,3.000000000e+01,4.483072484e+00,1.350012155e-01,2.238079024e-16,3.469446952e-18,1.301324921e-18,1.179297400e-02,-2.851206064e-01,-2.657217741e+00,-1.505528092e+00,-1.367814660e+00,-7.793995142e-01,2.061383128e-01,9.677778514e-02,4.235323161e+00,-1.433645807e+00,-3.072231346e-01,2.958508721e-02,3.007873004e-03,6.179129624e-01,-4.681136760e-02,1.058321332e-01,6.314437530e-01,-5.726883852e-02,9.224493187e-03,4.850380719e-01,-1.229910478e-01,2.249995619e-02,1.977687975e+00,6.999983266e-02,0,0
5.030000000e+00,9.811694965e-02,2.927607881e-01,7.771267090e-02,1.458581997e-01,9.008476812e-02,3.000000000e+01,4.459566292e+00,1.350070508e-01,6.257039608e-17,6.505213035e-18,5.187272923e-19,1.143347100e-02,-2.850894332e-01,-2.657211065e+00,-1.505453229e+00,-1.367938399e+00,-7.794472575e-01,2.055094540e-01,9.713825732e-02,4.213692802e+00,-1.424796212e+00,-3.036133257e-01,2.917303262e-02,3.504849070e-03,6.178942970e-01,-4.677971429e-02,1.058336352e-01,6.314437530e-01,-5.726883852e-02,9.224493187e-03,4.850379527e-01,-1.229910478e-01,2.249988168e-02,1.977687779e+00,6.999985129e-02,0,0
5.040000000e+00,9.812325208e-02,2.930088449e-01,5.949971987e-02,1.459809005e-01,9.028148583e-02,3.000000000e+01,4.501870208e+00,1.350136014e-01,2.250465263e-16,2.453269467e-18,2.366847115e-19,1.303556600e-02,-2.850585282e-01,-2.657197952e+00,-1.505369186e+00,-1.368053317e+00,-7.794821262e-01,2.048655897e-01,9.115894207e-02,4.252361995e+00,-1.441903800e+00,-3.096938695e-01,3.065138741e-02,2.552786633e-03,6.178758848e-01,-4.675005659e-02,1.058342276e-01,6.314437530e-01,-5.726883852e-02,9.224493187e-03,4.850381613e-01,-1.229910180e-01,2.249984443e-02,1.977686601e+00,6.999979541e-02,0,0
5.050000000e+00,9.813215646e-02,2.932672854e-01,6.407048787e-02,1.461087353e-01,9.047995038e-02,3.000000000e+01,4.492583163e+00,1.350198686e-01,2.275151178e-16,7.152448123e-18,1.087775000e-18,1.225971800e-02,-2.850271165e-01,-2.657189131e+00,-1.505288839e+00,-1.368186593e+00,-7.795181274e-01,2.042444795e-01,8.626705188e-02,4.244799746e+00,-1.435853498e+00,-3.081477303e-01,2.996854385e-02,2.860765456e-03,6.178570686e-01,-4.671980829e-02,1.058373293e-01,6.314437530e-01,-5.726883852e-02,9.224493187e-03,4.850381613e-01,-1.229910702e-01,2.250006422e-02,1.977687465e+00,6.999980658e-02,0,0
5.060000000e+00,9.814001227e-02,2.935334776e-01,6.027849342e-02,1.462404018e-01,9.068628435e-02,3.000000000e+01,4.467811405e+00,1.350261878e-01,5.578107120e-16,1.734723476e-18,6.574023463e-19,1.140846100e-02,-2.849951088e-01,-2.657180548e+00,-1.505207777e+00,-1.368316293e+00,-7.795617580e-01,2.035946250e-01,8.979208663e-02,4.221472448e+00,-1.427745761e+00,-3.051214828e-01,2.966285988e-02,3.088259948e-03,6.178376648e-01,-4.668797614e-02,1.058390973e-01,6.314437530e-01,-5.726883852e-02,9.224493187e-03,4.850382507e-01,-1.229910329e-01,2.250006981e-02,1.977687150e+00,6.999976933e-02,0,0
5.070000000e+00,9.814713129e-02,2.937980937e-01,5.493739402e-02,1.463712861e-01,9.089326400e-02,3.000000000e+01,4.467493046e+00,1.350329482e-01,3.335815059e-16,4.336808690e-19,2.557085710e-19,1.232563900e-02,-2.849627435e-01,-2.657166243e+00,-1.505120993e+00,-1.368435383e+00,-7.796081305e-01,2.029262334e-01,8.431016337e-02,4.221232290e+00,-1.427787271e+00,-3.051428549e-01,2.974214576e-02,3.257749280e-03,6.178178002e-01,-4.665541247e-02,1.058399577e-01,6.314437530e-01,-5.726883852e-02,9.224493187e-03,4.850388169e-01,-1.229911968e-01,2.250050753e-02,1.977685108e+00,6.999973953e-02,0,0
5.080000000e+00,9.815564155e-02,2.940752461e-01,6.129679715e-02,1.465083684e-01,9.110587654e-02,3.000000000e+01,4.460452716e+00,1.350396290e-01,2.221411457e-16,5.898697550e-18,4.439357777e-19,1.275498400e-02,-2.849297225e-01,-2.657155275e+00,-1.505035281e+00,-1.368568420e+00,-7.796521187e-01,2.022544742e-01,9.185990606e-02,4.214650846e+00,-1.425014852e+00,-3.039351389e-01,2.936916061e-02,3.462981909e-03,6.177976486e-01,-4.662267673e-02,1.058421574e-01,6.314437530e-01,-5.726883852e-02,9.224493187e-03,4.850383699e-01,-1.229910329e-01,2.250021510e-02,1.977684832e+00,6.999980658e-02,0,0
5.090000000e+00,9.816272936e-02,2.943520886e-01,7.293390639e-02,1.466452946e-01,9.132001526e-02,3.000000000e+01,4.453144656e+00,1.350462702e-01,2.329330590e-16,9.967586595e-18,5.421010862e-19,1.260945100e-02,-2.848949730e-01,-2.657142401e+00,-1.504950047e+00,-1.368688107e+00,-7.796931267e-01,2.015573382e-01,9.072664937e-02,4.208185612e+00,-1.421625044e+00,-3.025640472e-01,2.937380664e-02,3.778080997e-03,6.177785035e-01,-4.658955125e-02,1.058429967e-01,6.314437530e-01,-5.726883852e-02,9.224493187e-03,4.850383997e-01,-1.229911372e-01,2.250010893e-02,1.977686325e+00,6.999982893e-02,0,0
5.100000000e+00,9.817036189e-02,2.946374573e-01,5.697929480e-02,1.467864349e-01,9.153942348e-02,3.000000000e+01,4.469501318e+00,1.350531416e-01,4.442111658e-16,3.878959614e-18,8.878715555e-19,1.173518400e-02,-2.848612964e-01,-2.657130718e+00,-1.504861832e+00,-1.368818402e+00,-7.797461152e-01,2.008625120e-01,6.758303558e-02,4.223289034e+00,-1.428867177e+00,-3.050930678e-01,3.082364982e-02,3.319207300e-03,6.177573755e-01,-4.655489666e-02,1.058439243e-01,6.314437530e-01,-5.726883852e-02,9.224493187e-03,4.850381911e-01,-1.229911894e-01,2.250016481e-02,1.977686561e+00,6.999981776e-02,0,0
5.110000000e+00,9.817751608e-02,2.949054068e-01,5.273662178e-02,1.469189572e-01,9.174408480e-02,3.000000000e+01,4.471682129e+00,1.350596717e-01,1.504641385e-16,4.906538933e-18,4.910804546e-19,1.202932700e-02,-2.848295867e-01,-2.657118559e+00,-1.504778028e+00,-1.368938923e+00,-7.797856927e-01,2.002041191e-01,6.606669334e-02,4.225343566e+00,-1.429571617e+00,-3.056044333e-01,3.113358238e-02,3.103012670e-03,6.177383618e-01,-4.652392778e-02,1.058450594e-01,6.314437530e-01,-5.726883852e-02,9.224493187e-03,4.850382507e-01,-1.229910254e-01,2.249999344e-02,1.977686797e+00,6.999990344e-02,0,0
5.120000000e+00,9.818665497e-02,2.951839519e-01,7.915293634e-02,1.470567170e-01,9.195294840e-02,3.000000000e+01,4.452033090e+00,1.350662014e-01,8.883969273e-16,5.553824967e-18,2.168404345e-18,1.254973100e-02,-2.847962976e-01,-2.657108068e+00,-1.504694223e+00,-1.369072914e+00,-7.798364162e-01,1.995577216e-01,1.467511076e-02,4.208887211e+00,-1.418903372e+00,-3.021631563e-01,3.239179603e-02,3.624878091e-03,6.177178764e-01,-4.649001809e-02,1.058476610e-01,6.314437530e-01,-5.726883852e-02,9.224493187e-03,4.850380719e-01,-1.229911074e-01,2.249993384e-02,1.977687033e+00,6.999982893e-02,0,0
5.130000000e+00,9.819402898e-02,2.954603227e-01,7.743960558e-02,1.471933986e-01,9.216111536e-02,3.000000000e+01,4.493933199e+00,1.350725290e-01,2.223222581e-16,5.485677295e-18,1.355252716e-19,1.236469000e-02,-2.847634852e-01,-2.657099247e+00,-1.504613042e+00,-1.369199157e+00,-7.798748612e-01,1.988959312e-01,9.263184101e-02,4.246995983e+00,-1.433333139e+00,-3.074465201e-01,3.005446893e-02,3.089587486e-03,6.176990564e-01,-4.645856749e-02,1.058489657e-01,6.314437530e-01,-5.726883852e-02,9.224493187e-03,4.850380719e-01,-1.229911968e-01,2.250011452e-02,1.977688447e+00,6.999986246e-02,0,0
5.140000000e+00,9.820317730e-02,2.957439783e-01,7.137184479e-02,1.473336801e-01,9.237070594e-02,3.000000000e+01,4.440671298e+00,1.350787664e-01,6.693386192e-16,2.453269467e-18,1.341084023e-18,1.262178200e-02,-2.847318351e-01,-2.657093287e+00,-1.504533052e+00,-1.369340181e+00,-7.799164057e-01,1.982527822e-01,5.296672200e-02,4.197858138e+00,-1.415343812e+00,-3.009581912e-01,3.093754732e-02,3.476082248e-03,6.176794020e-01,-4.642718725e-02,1.058519493e-01,6.314437530e-01,-5.726883852e-02,9.224493187e-03,4.850381613e-01,-1.229910553e-01,2.249993943e-02,1.977686915e+00,6.999982893e-02,0,0
5.150000000e+00,9.821192571e-02,2.960363204e-01,7.907045278e-02,1.474782544e-01,9.258751966e-02,3.000000000e+01,4.463034182e+00,1.350852512e-01,4.481071455e-16,6.992893893e-18,1.775743111e-18,1.220566800e-02,-2.846983671e-01,-2.657085419e+00,-1.504449844e+00,-1.369478345e+00,-7.799632549e-01,1.975805014e-01,1.230122063e-01,4.217354646e+00,-1.422915313e+00,-3.032213763e-01,2.858362052e-02,3.698937611e-03,6.176590752e-01,-4.639374379e-02,1.058541849e-01,6.314437530e-01,-5.726883852e-02,9.224493187e-03,4.850381017e-01,-1.229910329e-01,2.250000462e-02,1.977687975e+00,6.999981031e-02,0,0
5.160000000e+00,9.822167914e-02,2.963586177e-01,8.844032038e-02,1.476376390e-01,9.282428883e-02,3.000000000e+01,4.455142971e+00,1.350926418e-01,4.483454826e-16,4.770489559e-18,1.738108305e-18,1.291984500e-02,-2.846606970e-01,-2.657075167e+00,-1.504355073e+00,-1.369631410e+00,-7.799982429e-01,1.968334615e-01,1.075383367e-01,4.210198478e+00,-1.420915037e+00,-3.017964910e-01,2.943679699e-02,3.997591841e-03,6.176376650e-01,-4.635894404e-02,1.058571191e-01,6.314437530e-01,-5.726883852e-02,9.224493187e-03,4.850379825e-01,-1.229910627e-01,2.249989845e-02,1.977687033e+00,6.999984384e-02,0,0
5.170000000e+00,9.822997020e-02,2.966847574e-01,7.008007922e-02,1.477989199e-01,9.306728288e-02,3.000000000e+01,4.455406133e+00,1.351002922e-01,4.458315269e-16,4.091337135e-18,8.940560153e-19,1.158825200e-02,-2.846234739e-01,-2.657061815e+00,-1.504256845e+00,-1.369774103e+00,-7.800518274e-01,1.960619241e-01,8.547303863e-02,4.210393509e+00,-1.422524957e+00,-3.023433995e-01,3.035979615e-02,3.763680612e-03,6.176146659e-01,-4.632143777e-02,1.058580164e-01,6.314437530e-01,-5.726883852e-02,9.224493187e-03,4.850378931e-01,-1.229910031e-01,2.249991708e-02,1.977687504e+00,6.999987364e-02,0,0
5.180000000e+00,9.823769407e-02,2.970117396e-01,9.138472399e-02,1.479606135e-01,9.330794562e-02,3.000000000e+01,4.478589855e+00,1.351077178e-01,1.328395013e-16,8.673617380e-18,1.745068782e-18,1.314580700e-02,-2.845846713e-01,-2.657054663e+00,-1.504161596e+00,-1.369926095e+00,-7.800900936e-01,1.953022331e-01,7.220030384e-02,4.233430330e+00,-1.427157199e+00,-3.047375327e-01,3.110577308e-02,3.412201091e-03,6.175928937e-01,-4.628537688e-02,1.058586580e-01,6.314437530e-01,-5.726883852e-02,9.224493187e-03,4.850379825e-01,-1.229910925e-01,2.249995433e-02,1.977687740e+00,6.999990344e-02,0,0
5.190000000e+00,9.824659922e-02,2.973474330e-01,7.023722551e-02,1.481266107e-01,9.355355508e-02,3.000000000e+01,4.490000535e+00,1.351154016e-01,1.257405310e-16,1.430489625e-17,2.168404345e-19,1.134578000e-02,-2.845467627e-01,-2.657042503e+00,-1.504063010e+00,-1.370075345e+00,-7.801290751e-01,1.945188791e-01,4.377710609e-02,4.243173824e+00,-1.434739340e+00,-3.067443832e-01,3.294426317e-02,3.139518901e-03,6.175707889e-01,-4.624968837e-02,1.058604775e-01,6.314437530e-01,-5.726883852e-02,9.224493187e-03,4.850378931e-01,-1.229910329e-01,2.249992825e-02,1.977688251e+00,6.999988109e-02,0,0
5.200000000e+00,9.825581012e-02,2.976715891e-01,8.564104893e-02,1.482868988e-01,9.378879594e-02,3.000000000e+01,4.463453666e+00,1.351232227e-01,1.154471181e-16,3.469446952e-18,2.176689440e-18,1.177898400e-02,-2.845088243e-01,-2.657029867e+00,-1.503962636e+00,-1.370227337e+00,-7.801738977e-01,1.937826723e-01,4.798354417e-02,4.219615976e+00,-1.422055402e+00,-3.027941710e-01,3.190200218e-02,3.688534118e-03,6.175478230e-01,-4.621293833e-02,1.058623451e-01,6.314437530e-01,-5.726883852e-02,9.224493187e-03,4.850380421e-01,-1.229910702e-01,2.250001021e-02,1.977687426e+00,6.999987364e-02,0,0
5.210000000e+00,9.826454945e-02,2.980017125e-01,7.081730076e-02,1.484501336e-01,9.402767342e-02,3.000000000e+01,4.480318874e+00,1.351306461e-01,1.223226086e-16,2.453269467e-18,4.454330359e-19,1.284541400e-02,-2.844707966e-01,-2.657018900e+00,-1.503867388e+00,-1.370373726e+00,-7.802118063e-01,1.930244565e-01,7.157908302e-02,4.234743869e+00,-1.428562374e+00,-3.054387084e-01,3.137396200e-02,3.228771126e-03,6.175263880e-01,-4.617752118e-02,1.058640881e-01,6.314437530e-01,-5.726883852e-02,9.224493187e-03,4.850379825e-01,-1.229910776e-01,2.249989286e-02,1.977686601e+00,6.999986619e-02,0,0
5.220000000e+00,9.827432025e-02,2.983451950e-01,7.646482157e-02,1.486199698e-01,9.427393223e-02,3.000000000e+01,4.474115105e+00,1.351383301e-01,4.461351637e-16,1.204977436e-17,1.897353802e-19,1.280720400e-02,-2.844319642e-01,-2.657008171e+00,-1.503768802e+00,-1.370530486e+00,-7.802527547e-01,1.922526509e-01,7.247361998e-02,4.229156218e+00,-1.425886144e+00,-3.042338475e-01,3.112877015e-02,3.563649685e-03,6.175037947e-01,-4.614084717e-02,1.058665513e-01,6.314437530e-01,-5.726883852e-02,9.224493187e-03,4.850380719e-01,-1.229910925e-01,2.250005119e-02,1.977687583e+00,6.999984011e-02,0,0
5.230000000e+00,9.828502834e-02,2.986982399e-01,9.110466543e-02,1.487945295e-01,9.452463040e-02,3.000000000e+01,4.441161358e+00,1.351460336e-01,4.513490802e-16,8.182674271e-18,1.314804693e-18,1.320114800e-02,-2.843937576e-01,-2.656999826e+00,-1.503669977e+00,-1.370698690e+00,-7.802981734e-01,1.914835274e-01,7.162852445e-02,4.199176051e+00,-1.412464874e+00,-2.995193460e-01,3.029515262e-02,4.171630190e-03,6.174802093e-01,-4.610367365e-02,1.058697483e-01,6.314437530e-01,-5.726883852e-02,9.224493187e-03,4.850380421e-01,-1.229909286e-01,2.249992266e-02,1.977687190e+00,6.999987364e-02,0,0
5.240000000e+00,9.829495173e-02,2.990582502e-01,9.285984363e-02,1.489725285e-01,9.478073118e-02,3.000000000e+01,4.436920678e+00,1.351538002e-01,6.728295576e-16,7.410741938e-18,2.174494430e-18,1.326202800e-02,-2.843536437e-01,-2.656989098e+00,-1.503570318e+00,-1.370857239e+00,-7.803403139e-01,1.906785071e-01,7.631744691e-02,4.195157133e+00,-1.410982112e+00,-2.988309567e-01,3.013240204e-02,4.353855525e-03,6.174573311e-01,-4.606595112e-02,1.058721670e-01,6.314437530e-01,-5.726883852e-02,9.224493187e-03,4.850380421e-01,-1.229909807e-01,2.249993943e-02,1.977688329e+00,6.999990344e-02,0,0
5.250000000e+00,9.845740994e-02,2.996988788e-01,1.348216506e-01,1.492892608e-01,9.508704793e-02,2.838417915e+01,4.479454691e+00,1.351804164e-01,4.986387120e-17,1.097135459e-17,2.909219711e-18,1.312644700e-02,-2.843575776e-01,-2.656695127e+00,-1.503227949e+00,-1.371355534e+00,-7.806453705e-01,1.901655048e-01,8.298210510e-02,4.234714586e+00,-1.424409946e+00,-3.104036529e-01,2.247097482e-02,4.648357326e-03,6.173690095e-01,-4.600120091e-02,1.060170730e-01,6.314437530e-01,-5.726883852e-02,9.224493187e-03,4.850456119e-01,-1.229980066e-01,2.249995805e-02,1.978095461e+00,6.999995559e-02,0,0
5.260000000e+00,9.832457855e-02,2.994076344e-01,1.466732446e-01,1.491452689e-01,9.512768036e-02,2.752613545e+01,4.454952236e+00,1.351689158e-01,4.491937398e-16,4.163336342e-17,1.939479807e-18,1.185255500e-02,-2.843766809e-01,-2.656670332e+00,-1.503370404e+00,-1.370426297e+00,-7.812919021e-01,1.893971115e-01,4.777509846e-02,4.216737951e+00,-1.399910221e+00,-3.201496388e-01,3.438702453e-02,3.335744947e-03,6.173738164e-01,-4.592691844e-02,1.058739654e-01,6.314437530e-01,-5.726883852e-02,9.224493187e-03,4.850473404e-01,-1.229978204e-01,2.250031754e-02,1.978084104e+00,7.000051439e-02,0,0
5.270000000e+00,9.811660001e-02,2.984035822e-01,1.794096449e-01,1.486488391e-01,9.480492198e-02,2.586803329e+01,4.378767779e+00,1.351639366e-01,2.338275979e-16,1.371419324e-18,3.529906531e-18,1.219969800e-02,-2.843862772e-01,-2.656391621e+00,-1.503425360e+00,-1.368567705e+00,-7.820655107e-01,1.888015717e-01,8.247067416e-02,4.140485083e+00,-1.385719091e+00,-3.196168490e-01,2.849125047e-02,2.246332356e-03,6.174009343e-01,-4.583598782e-02,1.056555897e-01,6.314437530e-01,-5.726883852e-02,9.224493187e-03,4.850462377e-01,-1.229979768e-01,2.249990217e-02,1.978095657e+00,7.000038028e-02,0,0
5.280000000e+00,9.797204643e-02,2.975076148e-01,9.352086274e-02,1.482058175e-01,9.443673996e-02,2.785262932e+01,4.352809849e+00,1.351695070e-01,6.673862462e-16,2.637977740e-18,9.263427422e-19,1.179954400e-02,-2.843589485e-01,-2.656026363e+00,-1.503347754e+00,-1.366978049e+00,-7.822518349e-01,1.881629229e-01,8.179077318e-02,4.116323480e+00,-1.379153668e+00,-3.053228131e-01,2.919454902e-02,2.382351978e-03,6.174508867e-01,-4.580809094e-02,1.055124615e-01,6.314437530e-01,-5.726883852e-02,9.224493187e-03,4.850459099e-01,-1.229980066e-01,2.249989472e-02,1.978093653e+00,6.999977678e-02,0,0
5.290000000e+00,9.787959522e-02,2.969741501e-01,6.288757951e-02,1.479420256e-01,9.423188363e-02,2.820925987e+01,4.386524497e+00,1.351780608e-01,4.455411917e-16,3.679904200e-18,3.066586833e-19,1.753552900e-02,-2.843224108e-01,-2.655737877e+00,-1.503234029e+00,-1.365904808e+00,-7.822823524e-01,1.874389350e-01,5.904256449e-02,4.147316909e+00,-1.394051327e+00,-3.058721054e-01,3.046607928e-02,2.925398764e-03,6.174853898e-01,-4.579098574e-02,1.054213650e-01,6.314437530e-01,-5.726883852e-02,9.224493187e-03,4.850457907e-01,-1.229980141e-01,2.249992825e-02,1.978094518e+00,6.999961287e-02,0,0
5.300000000e+00,9.781235597e-02,2.966993917e-01,4.641196161e-02,1.478061567e-01,9.416684722e-02,2.902795941e+01,4.367901931e+00,1.351875170e-01,6.662111726e-16,1.939479807e-18,1.355252716e-19,1.247556100e-02,-2.842814326e-01,-2.655518293e+00,-1.503109694e+00,-1.365156531e+00,-7.823178172e-01,1.866131574e-01,7.119598388e-02,4.129492253e+00,-1.389330074e+00,-2.993305429e-01,3.076699829e-02,2.950078126e-03,6.175026220e-01,-4.576535947e-02,1.053523862e-01,6.314437530e-01,-5.726883852e-02,9.224493187e-03,4.850460589e-01,-1.229980364e-01,2.250006981e-02,1.978095068e+00,6.999960169e-02,0,0
5.310000000e+00,9.776984570e-02,2.966223381e-01,5.811967002e-02,1.477680530e-01,9.419924451e-02,2.905862919e+01,4.384991012e+00,1.351971343e-01,2.233822758e-16,5.222209201e-18,2.185279341e-19,1.242012000e-02,-2.842395902e-01,-2.655355453e+00,-1.502984166e+00,-1.364684343e+00,-7.823524475e-01,1.857845932e-01,1.287012439e-01,4.145438308e+00,-1.391637986e+00,-2.991649124e-01,2.742869708e-02,3.890731710e-03,6.175068006e-01,-4.573548648e-02,1.053061557e-01,6.314437530e-01,-5.726883852e-02,9.224493187e-03,4.850463271e-01,-1.229981333e-01,2.250033803e-02,1.978094164e+00,6.999967247e-02,0,0
5.320000000e+00,9.774236294e-02,2.966873986e-01,6.760324602e-02,1.478002260e-01,9.430428621e-02,2.929482495e+01,4.378888117e+00,1.352063736e-01,1.111746638e-16,3.469446952e-18,5.421010862e-20,1.265739200e-02,-2.841974795e-01,-2.655239582e+00,-1.502864122e+00,-1.364404678e+00,-7.823863029e-01,1.849410683e-01,5.884282631e-02,4.140469063e+00,-1.392350710e+00,-2.968475682e-01,3.065900632e-02,3.955628360e-03,6.175026205e-01,-4.570310798e-02,1.052736900e-01,6.314437530e-01,-5.726883852e-02,9.224493187e-03,4.850461185e-01,-1.229980811e-01,2.250009403e-02,1.978094361e+00,6.999975815e-02,0,0
5.330000000e+00,9.772851297e-02,2.968601436e-01,8.128732447e-02,1.478856493e-01,9.446120637e-02,2.954444051e+01,4.385222808e+00,1.352151306e-01,1.152286070e-16,9.540979118e-18,4.543635058e-19,1.162217300e-02,-2.841557860e-01,-2.655159950e+00,-1.502750754e+00,-1.364279628e+00,-7.824271321e-01,1.841186136e-01,2.890216778e-02,4.146764700e+00,-1.394637825e+00,-2.960065606e-01,3.217222484e-02,4.082039918e-03,6.174914685e-01,-4.566801259e-02,1.052537431e-01,6.314437530e-01,-5.726883852e-02,9.224493187e-03,4.850461185e-01,-1.229981408e-01,2.250015177e-02,1.978093811e+00,6.999978051e-02,0,0
5.340000000e+00,9.772566640e-02,2.971209423e-01,8.520888427e-02,1.480146136e-01,9.466043287e-02,2.925167950e+01,4.395629311e+00,1.352232876e-01,6.871891985e-17,2.276824562e-18,4.631713711e-19,1.254574100e-02,-2.841158509e-01,-2.655111551e+00,-1.502645493e+00,-1.364281058e+00,-7.824736834e-01,1.833162755e-01,1.040214507e-01,4.154816248e+00,-1.399553381e+00,-2.977422787e-01,2.861182417e-02,4.444585979e-03,6.174749052e-01,-4.563167281e-02,1.052440409e-01,6.314437530e-01,-5.726883852e-02,9.224493187e-03,4.850459099e-01,-1.229980141e-01,2.249995433e-02,1.978095618e+00,6.999981776e-02,0,0
5.350000000e+00,9.772801831e-02,2.974413475e-01,6.387746857e-02,1.481730497e-01,9.489009833e-02,2.982909700e+01,4.409379765e+00,1.352316807e-01,2.221682373e-16,1.939479807e-18,1.084540933e-18,1.260163200e-02,-2.840749621e-01,-2.655081511e+00,-1.502537489e+00,-1.364361882e+00,-7.825090885e-01,1.824935377e-01,5.691617689e-02,4.167329065e+00,-1.408158157e+00,-2.980031398e-01,3.210363902e-02,3.607232241e-03,6.174551429e-01,-4.559530980e-02,1.052391435e-01,6.314437530e-01,-5.726883852e-02,9.224493187e-03,4.850457609e-01,-1.229980737e-01,2.249991894e-02,1.978093536e+00,6.999988481e-02,0,0
5.360000000e+00,9.773736694e-02,2.978039407e-01,8.382095449e-02,1.483523426e-01,9.513593857e-02,2.977004806e+01,4.412663269e+00,1.352395285e-01,4.336808690e-18,7.152448123e-18,1.305552300e-18,1.096288600e-02,-2.840343416e-01,-2.655068874e+00,-1.502436757e+00,-1.364513040e+00,-7.825390100e-01,1.817056835e-01,6.642450291e-02,4.171929748e+00,-1.404490557e+00,-2.977224734e-01,3.062156436e-02,4.124257598e-03,6.174335594e-01,-4.555932968e-02,1.052411312e-01,6.314437530e-01,-5.726883852e-02,9.224493187e-03,4.850460887e-01,-1.229980215e-01,2.249998227e-02,1.978095146e+00,6.999986619e-02,0,0
5.370000000e+00,9.775037931e-02,2.982065613e-01,1.058560929e-01,1.485514224e-01,9.540236908e-02,3.000000000e+01,4.365864245e+00,1.352474622e-01,3.383377914e-16,1.734723476e-18,1.735570302e-18,1.106956700e-02,-2.839936912e-01,-2.655068159e+00,-1.502335072e+00,-1.364715815e+00,-7.825710177e-01,1.809104234e-01,-1.904764097e-02,4.128930877e+00,-1.387988130e+00,-2.908671853e-01,3.475741433e-02,3.841590284e-03,6.174092003e-01,-4.552224050e-02,1.052462898e-01,6.314437530e-01,-5.726883852e-02,9.224493187e-03,4.850457609e-01,-1.229979843e-01,2.249993011e-02,1.978097387e+00,6.999992207e-02,0,0
5.380000000e+00,9.776896267e-02,2.986621880e-01,9.554429128e-02,1.487767042e-01,9.569658332e-02,2.989846804e+01,4.407273099e+00,1.352554344e-01,3.357899980e-16,1.015220886e-17,9.697399036e-19,1.152302200e-02,-2.839526832e-01,-2.655078411e+00,-1.502233028e+00,-1.364975572e+00,-7.826125622e-01,1.800945401e-01,4.077219849e-02,4.167169911e+00,-1.403019052e+00,-2.959389336e-01,3.206375444e-02,4.281030747e-03,6.173813542e-01,-4.548261891e-02,1.052562797e-01,6.314437530e-01,-5.726883852e-02,9.224493187e-03,4.850457907e-01,-1.229979992e-01,2.249992080e-02,1.978095265e+00,6.999987364e-02,0,0
5.390000000e+00,9.778817536e-02,2.991355154e-01,1.022309603e-01,1.490107298e-01,9.599982995e-02,2.963862575e+01,4.417294229e+00,1.352636072e-01,3.381109116e-16,6.254634441e-18,2.622335210e-18,1.329760800e-02,-2.839092612e-01,-2.655091763e+00,-1.502128482e+00,-1.365249991e+00,-7.826453447e-01,1.792559475e-01,5.487203865e-03,4.176864047e+00,-1.405899566e+00,-2.976467921e-01,3.311572287e-02,4.590819760e-03,6.173532857e-01,-4.544260010e-02,1.052668071e-01,6.314437530e-01,-5.726883852e-02,9.224493187e-03,4.850459397e-01,-1.229979321e-01,2.250006050e-02,1.978094714e+00,6.999997050e-02,0,0
5.400000000e+00,9.780915535e-02,2.996245371e-01,1.128679566e-01,1.492525064e-01,9.630986364e-02,3.000000000e+01,4.437971560e+00,1.352711073e-01,1.097135459e-17,8.542522420e-18,4.269046054e-19,1.290202500e-02,-2.838675082e-01,-2.655115366e+00,-1.502032638e+00,-1.365547895e+00,-7.826866508e-01,1.784380376e-01,5.867240202e-02,4.196397441e+00,-1.411452405e+00,-2.986296433e-01,3.165353321e-02,4.257891047e-03,6.173244522e-01,-4.540225941e-02,1.052789596e-01,6.314437530e-01,-5.726883852e-02,9.224493187e-03,4.850457907e-01,-1.229980737e-01,2.249995060e-02,1.978093968e+00,6.999990344e-02,0,0
5.410000000e+00,9.783053647e-02,3.001390034e-01,1.048917397e-01,1.495068534e-01,9.663560668e-02,3.000000000e+01,4.426146243e+00,1.352794163e-01,2.434630478e-16,8.673617380e-18,4.878909776e-19,1.333526900e-02,-2.838242352e-01,-2.655138731e+00,-1.501926422e+00,-1.365862370e+00,-7.827273607e-01,1.775750965e-01,5.745125966e-02,4.184717492e+00,-1.409305964e+00,-2.973554163e-01,3.209349820e-02,3.987533516e-03,6.172934989e-01,-4.536042598e-02,1.052910008e-01,6.314437530e-01,-5.726883852e-02,9.224493187e-03,4.850458503e-01,-1.229980960e-01,2.250000834e-02,1.978093496e+00,6.999986246e-02,0,0
5.420000000e+00,9.785329460e-02,3.006654530e-01,9.862556904e-02,1.497671146e-01,9.696719472e-02,3.000000000e+01,4.430738701e+00,1.352884110e-01,2.232357266e-16,1.110764993e-17,8.908660718e-19,1.185486400e-02,-2.837817371e-01,-2.655158997e+00,-1.501811385e+00,-1.366188526e+00,-7.827723622e-01,1.767031997e-01,5.102469836e-02,4.188659001e+00,-1.412117407e+00,-2.980147153e-01,3.277563056e-02,3.886587412e-03,6.172604312e-01,-4.531788697e-02,1.053040196e-01,6.314437530e-01,-5.726883852e-02,9.224493187e-03,4.850457311e-01,-1.229979247e-01,2.250001393e-02,1.978094440e+00,6.999991462e-02,0,0
5.430000000e+00,9.787814167e-02,3.012001006e-01,1.208375789e-01,1.500314179e-01,9.729872812e-02,3.000000000e+01,4.447115774e+00,1.352963280e-01,2.235741604e-16,6.254634441e-18,4.345270764e-18,1.205922600e-02,-2.837373316e-01,-2.655186415e+00,-1.501710296e+00,-1.366522431e+00,-7.828080654e-01,1.758471280e-01,3.585450183e-02,4.205305811e+00,-1.414352666e+00,-2.990919298e-01,3.296218307e-02,4.500361652e-03,6.172297983e-01,-4.527611854e-02,1.053195960e-01,6.314437530e-01,-5.726883852e-02,9.224493187e-03,4.850457609e-01,-1.229979917e-01,2.249990962e-02,1.978094321e+00,6.999998912e-02,0,0
5.440000000e+00,9.790207307e-02,3.017356376e-01,9.731989207e-02,1.502961502e-01,9.763145785e-02,3.000000000e+01,4.469213157e+00,1.353043428e-01,2.241857453e-16,9.341771813e-18,1.389514113e-18,1.215320800e-02,-2.836940885e-01,-2.655214310e+00,-1.501607895e+00,-1.366855264e+00,-7.828534842e-01,1.749928445e-01,8.895165069e-02,4.224980340e+00,-1.422291410e+00,-3.026481051e-01,3.118544520e-02,3.703033922e-03,6.171981018e-01,-4.523346076e-02,1.053339465e-01,6.314437530e-01,-5.726883852e-02,9.224493187e-03,4.850456715e-01,-1.229980141e-01,2.249994874e-02,1.978094321e+00,6.999994814e-02,0,0
5.450000000e+00,9.792564397e-02,3.022855207e-01,1.057380531e-01,1.505679631e-01,9.797297203e-02,2.989420227e+01,4.454227584e+00,1.353131091e-01,2.292035190e-16,1.040834086e-17,4.342226317e-18,1.354160100e-02,-2.836495042e-01,-2.655238867e+00,-1.501495838e+00,-1.367191553e+00,-7.828937173e-01,1.740994155e-01,5.708821478e-02,4.212288158e+00,-1.414998589e+00,-3.004738980e-01,3.139600386e-02,4.636368516e-03,6.171654000e-01,-4.519037053e-02,1.053477006e-01,6.314437530e-01,-5.726883852e-02,9.224493187e-03,4.850461781e-01,-1.229980215e-01,2.250020765e-02,1.978094282e+00,6.999989599e-02,0,0
5.460000000e+00,9.794785699e-02,3.028583912e-01,1.017107400e-01,1.508511266e-01,9.833123158e-02,2.983065671e+01,4.451009746e+00,1.353227667e-01,4.485031853e-16,6.992893893e-18,9.697399036e-19,1.322257700e-02,-2.836001813e-01,-2.655254364e+00,-1.501372218e+00,-1.367512345e+00,-7.829386592e-01,1.731182784e-01,6.623353332e-02,4.208601148e+00,-1.415478180e+00,-3.003093441e-01,3.149238047e-02,4.616098549e-03,6.171316661e-01,-4.514335876e-02,1.053593963e-01,6.314437530e-01,-5.726883852e-02,9.224493187e-03,4.850458205e-01,-1.229979992e-01,2.249991335e-02,1.978093732e+00,6.999986991e-02,0,0
5.470000000e+00,9.796860960e-02,3.034466334e-01,1.164141126e-01,1.511418754e-01,9.869951987e-02,3.000000000e+01,4.452257750e+00,1.353325895e-01,5.052335591e-17,7.757919229e-18,8.741117366e-19,1.270061200e-02,-2.835472822e-01,-2.655268908e+00,-1.501246452e+00,-1.367825508e+00,-7.829798460e-01,1.720861644e-01,6.976939201e-02,4.210163047e+00,-1.414733478e+00,-2.995730537e-01,3.200035409e-02,4.424466394e-03,6.170984122e-01,-4.509474573e-02,1.053694417e-01,6.314437530e-01,-5.726883852e-02,9.224493187e-03,4.850458205e-01,-1.229981035e-01,2.250006422e-02,1.978093968e+00,6.999987364e-02,0,0
5.480000000e+00,9.799085821e-02,3.040667028e-01,1.153630325e-01,1.514483412e-01,9.908625725e-02,2.955316942e+01,4.431608149e+00,1.353428921e-01,3.969068542e-17,8.673617380e-18,4.345270764e-18,1.110858700e-02,-2.834926844e-01,-2.655281067e+00,-1.501114488e+00,-1.368147850e+00,-7.830299139e-01,1.710007787e-01,4.030226749e-02,4.190561131e+00,-1.409504423e+00,-2.982247840e-01,3.251727128e-02,5.080301294e-03,6.170632376e-01,-4.504330487e-02,1.053803323e-01,6.314437530e-01,-5.726883852e-02,9.224493187e-03,4.850457609e-01,-1.229980215e-01,2.249989845e-02,1.978093811e+00,6.999994814e-02,0,0
5.490000000e+00,9.801060886e-02,3.046598801e-01,1.316433794e-01,1.517415021e-01,9.945516754e-02,3.000000000e+01,4.410368676e+00,1.353529919e-01,1.826759368e-16,1.734723476e-18,2.909219711e-18,1.264397200e-02,-2.834390402e-01,-2.655294418e+00,-1.500985146e+00,-1.368457913e+00,-7.830666900e-01,1.699588597e-01,4.411994876e-02,4.172245388e+00,-1.397999926e+00,-2.937548255e-01,3.244831093e-02,5.012704539e-03,6.170299889e-01,-4.499483099e-02,1.053893079e-01,6.314437530e-01,-5.726883852e-02,9.224493187e-03,4.850458503e-01,-1.229981855e-01,2.250007354e-02,1.978093614e+00,6.999999285e-02,0,0
5.500000000e+00,9.803436388e-02,3.052792817e-01,1.065673545e-01,1.520476093e-01,9.983553937e-02,2.962869712e+01,4.433979851e+00,1.353631120e-01,2.222951853e-16,9.220181747e-18,8.673617380e-19,1.300177500e-02,-2.833855450e-01,-2.655308962e+00,-1.500855565e+00,-1.368790507e+00,-7.831132412e-01,1.689131260e-01,5.439562671e-02,4.193053806e+00,-1.409050759e+00,-2.983982735e-01,3.207711354e-02,4.869260539e-03,6.169949090e-01,-4.494459922e-02,1.054018322e-01,6.314437530e-01,-5.726883852e-02,9.224493187e-03,4.850458205e-01,-1.229980066e-01,2.249988541e-02,1.978093732e+00,6.999995187e-02,0,0
5.510000000e+00,9.805514735e-02,3.058966758e-01,1.401053749e-01,1.523527100e-01,1.002156978e-01,2.986045317e+01,4.427380521e+00,1.353736102e-01,4.453461221e-16,7.757919229e-18,6.952433222e-18,1.121467800e-02,-2.833305299e-01,-2.655320406e+00,-1.500721097e+00,-1.369107366e+00,-7.831492424e-01,1.678366512e-01,3.141460977e-02,4.189032814e+00,-1.401443673e+00,-2.959184746e-01,3.278090398e-02,5.364895559e-03,6.169607755e-01,-4.489511869e-02,1.054115315e-01,6.314437530e-01,-5.726883852e-02,9.224493187e-03,4.850459397e-01,-1.229982078e-01,2.250018157e-02,1.978093614e+00,6.999996305e-02,0,0
5.520000000e+00,9.807802578e-02,3.065248152e-01,1.084030483e-01,1.526631058e-01,1.005990999e-01,2.949797375e+01,4.439054937e+00,1.353835992e-01,4.469901402e-16,1.072867218e-17,1.742330095e-18,1.288950500e-02,-2.832767665e-01,-2.655337334e+00,-1.500593185e+00,-1.369439244e+00,-7.831965685e-01,1.667835116e-01,4.759422146e-02,4.198237234e+00,-1.409663341e+00,-2.992223244e-01,3.221453977e-02,5.014451564e-03,6.169258181e-01,-4.484465908e-02,1.054230819e-01,6.314437530e-01,-5.726883852e-02,9.224493187e-03,4.850459695e-01,-1.229980141e-01,2.250005491e-02,1.978094204e+00,6.999994814e-02,0,0
5.530000000e+00,9.809698498e-02,3.071446556e-01,1.356076589e-01,1.529693858e-01,1.009785749e-01,2.986197742e+01,4.437574911e+00,1.353941633e-01,2.226164628e-16,4.336808690e-18,9.263427422e-19,1.091779600e-02,-2.832210660e-01,-2.655351400e+00,-1.500457883e+00,-1.369755387e+00,-7.832248211e-01,1.657049209e-01,3.956563686e-02,4.197805654e+00,-1.407019538e+00,-2.968437221e-01,3.293331468e-02,5.344264171e-03,6.168921640e-01,-4.479594536e-02,1.054310245e-01,6.314437530e-01,-5.726883852e-02,9.224493187e-03,4.850455821e-01,-1.229979470e-01,2.249993570e-02,1.978095933e+00,6.999997050e-02,0,0
5.540000000e+00,9.811870101e-02,3.077806550e-01,1.164377872e-01,1.532836353e-01,1.013644840e-01,2.943069071e+01,4.430711318e+00,1.354048833e-01,4.458214021e-16,8.182674271e-18,3.469446952e-18,1.145319100e-02,-2.831662893e-01,-2.655362606e+00,-1.500320554e+00,-1.370079994e+00,-7.832611799e-01,1.646199077e-01,4.599487068e-02,4.190977052e+00,-1.405301712e+00,-2.980916929e-01,3.224415577e-02,5.230561324e-03,6.168572134e-01,-4.474634418e-02,1.054414329e-01,6.314437530e-01,-5.726883852e-02,9.224493187e-03,4.850459397e-01,-1.229980513e-01,2.249989472e-02,1.978093811e+00,6.999995559e-02,0,0
5.550000000e+00,9.813872362e-02,3.084420437e-01,1.617504540e-01,1.536104131e-01,1.017662562e-01,2.956536842e+01,4.430816460e+00,1.354162764e-01,6.684185796e-16,4.336808690e-18,8.684452634e-18,1.255026100e-02,-2.831049860e-01,-2.655369043e+00,-1.500174522e+00,-1.370394349e+00,-7.832930088e-01,1.634536833e-01,3.030295475e-02,4.192613606e+00,-1.401539200e+00,-2.962861159e-01,3.275201773e-02,6.090700151e-03,6.168221790e-01,-4.469322568e-02,1.054496074e-01,6.314437530e-01,-5.726883852e-02,9.224493187e-03,4.850459397e-01,-1.229981109e-01,2.250010706e-02,1.978093928e+00,6.999989972e-02,0,0
5.560000000e+00,9.815851198e-02,3.091361065e-01,1.241736011e-01,1.539533165e-01,1.021876572e-01,2.917103794e+01,4.435904488e+00,1.354285447e-01,4.453579469e-16,8.182674271e-18,4.338163731e-18,1.219700800e-02,-2.830410302e-01,-2.655368328e+00,-1.500017166e+00,-1.370704055e+00,-7.833280563e-01,1.622037888e-01,3.142953778e-02,4.195631720e+00,-1.407958662e+00,-2.991144952e-01,3.296797828e-02,5.596360684e-03,6.167856836e-01,-4.463758185e-02,1.054569504e-01,6.314437530e-01,-5.726883852e-02,9.224493187e-03,4.850459397e-01,-1.229980364e-01,2.249989472e-02,1.978093928e+00,6.999996677e-02,0,0
5.570000000e+00,9.817671849e-02,3.098189776e-01,1.329521151e-01,1.542906725e-01,1.026007503e-01,2.930922905e+01,4.465712615e+00,1.354414251e-01,6.670085079e-16,1.387778781e-17,2.607162458e-18,1.180133400e-02,-2.829765975e-01,-2.655364275e+00,-1.499851942e+00,-1.371008992e+00,-7.833504677e-01,1.609642506e-01,2.002815925e-02,4.224739052e+00,-1.414720117e+00,-3.019805838e-01,3.331797108e-02,5.709874591e-03,6.167493820e-01,-4.458341049e-02,1.054628610e-01,6.314437530e-01,-5.726883852e-02,9.224493187e-03,4.850462675e-01,-1.229980215e-01,2.250006795e-02,1.978093103e+00,7.000000775e-02,0,0
5.580000000e+00,9.818842979e-02,3.103998058e-01,8.306439748e-02,1.545776026e-01,1.029626351e-01,2.903178035e+01,4.416773003e+00,1.354510005e-01,4.582338636e-16,1.734723476e-18,2.168573745e-18,1.241354900e-02,-2.829315364e-01,-2.655356646e+00,-1.499728560e+00,-1.371212602e+00,-7.834772468e-01,1.598920226e-01,5.513775340e-02,4.181569728e+00,-1.388454334e+00,-3.007773560e-01,3.203445696e-02,4.419969579e-03,6.167138900e-01,-4.452755671e-02,1.054620047e-01,6.314437530e-01,-5.726883852e-02,9.224493187e-03,4.850462675e-01,-1.229976118e-01,2.250016667e-02,1.978094518e+00,7.000065967e-02,0,0
5.590000000e+00,9.818599403e-02,3.106104006e-01,5.317187994e-02,1.546816335e-01,1.031081780e-01,2.923744634e+01,4.425904620e+00,1.354543807e-01,2.231143717e-16,3.127317221e-18,4.470280077e-19,1.296065500e-02,-2.829105556e-01,-2.655329466e+00,-1.499684215e+00,-1.371181965e+00,-7.836286426e-01,1.593907028e-01,5.696434366e-02,4.188936961e+00,-1.395276678e+00,-3.007222542e-01,3.078304561e-02,3.927195523e-03,6.166973444e-01,-4.448905003e-02,1.054518794e-01,6.314437530e-01,-5.726883852e-02,9.224493187e-03,4.850458205e-01,-1.229979619e-01,2.249993570e-02,1.978095186e+00,7.000020891e-02,0,0
5.600000000e+00,9.818575364e-02,3.109154078e-01,9.580492759e-02,1.548322998e-01,1.032970890e-01,2.934961181e+01,4.418998366e+00,1.354619910e-01,4.511114962e-17,6.992893893e-18,1.302171494e-18,1.205781700e-02,-2.828695476e-01,-2.655299187e+00,-1.499586344e+00,-1.371233344e+00,-7.835996151e-01,1.586621255e-01,4.479314191e-02,4.183091090e+00,-1.391913119e+00,-2.980659923e-01,3.163969539e-02,4.746569654e-03,6.166857133e-01,-4.446377335e-02,1.054464906e-01,6.314437530e-01,-5.726883852e-02,9.224493187e-03,4.850458205e-01,-1.229980364e-01,2.249996923e-02,1.978095697e+00,6.999984384e-02,0,0
5.610000000e+00,9.819101516e-02,3.113340161e-01,9.175385450e-02,1.550390766e-01,1.035538619e-01,2.878493154e+01,4.425315308e+00,1.354709393e-01,2.225471737e-16,1.734723476e-18,4.470280077e-19,1.255459100e-02,-2.828237712e-01,-2.655273199e+00,-1.499471188e+00,-1.371345878e+00,-7.836216688e-01,1.577884853e-01,1.485215030e-02,4.188240199e+00,-1.396506420e+00,-3.008479482e-01,3.277361848e-02,5.025110028e-03,6.166647013e-01,-4.442585843e-02,1.054435815e-01,6.314437530e-01,-5.726883852e-02,9.224493187e-03,4.850456715e-01,-1.229979172e-01,2.249989659e-02,1.978095697e+00,7.000003010e-02,0,0
5.620000000e+00,9.818849243e-02,3.115962325e-01,3.973555614e-02,1.551685981e-01,1.037255511e-01,2.908181580e+01,4.430299326e+00,1.354762427e-01,2.221259052e-16,5.421010862e-18,1.084202172e-19,1.178002400e-02,-2.827958465e-01,-2.655244112e+00,-1.499402404e+00,-1.371346116e+00,-7.837085724e-01,1.571650654e-01,1.534656337e-01,4.191665367e+00,-1.393536712e+00,-3.021654348e-01,2.606141000e-02,3.762427181e-03,6.166490533e-01,-4.439197181e-02,1.054340728e-01,6.314437530e-01,-5.726883852e-02,9.224493187e-03,4.850459397e-01,-1.229980364e-01,2.250010334e-02,1.978095029e+00,7.000014186e-02,0,0
5.630000000e+00,9.818612821e-02,3.119103078e-01,8.565341534e-02,1.553237318e-01,1.039219281e-01,2.898319783e+01,4.425543867e+00,1.354847919e-01,2.427218492e-16,4.906538933e-18,4.370558683e-19,1.283572400e-02,-2.827541530e-01,-2.655202866e+00,-1.499292254e+00,-1.371374965e+00,-7.836979628e-01,1.563843787e-01,-2.688166382e-02,4.188413499e+00,-1.396584373e+00,-3.003585927e-01,3.497468000e-02,4.672972022e-03,6.166352888e-01,-4.436315654e-02,1.054256810e-01,6.314437530e-01,-5.726883852e-02,9.224493187e-03,4.850458205e-01,-1.229979619e-01,2.249993198e-02,1.978094832e+00,6.999991462e-02,0,0
5.640000000e+00,9.818855437e-02,3.123023758e-01,1.044566641e-01,1.555173836e-01,1.041616521e-01,2.914189910e+01,4.425129989e+00,1.354936081e-01,2.232155054e-16,4.336808690e-18,2.710505431e-20,1.130166900e-02,-2.827090323e-01,-2.655173302e+00,-1.499178767e+00,-1.371461987e+00,-7.837054133e-01,1.555321366e-01,4.767129735e-02,4.189056456e+00,-1.393129159e+00,-2.991391350e-01,3.146373453e-02,5.082926359e-03,6.166168870e-01,-4.432839498e-02,1.054206531e-01,6.314437530e-01,-5.726883852e-02,9.224493187e-03,4.850458801e-01,-1.229982227e-01,2.250011824e-02,1.978094321e+00,6.999982893e-02,0,0
5.650000000e+00,9.847854935e-02,3.132664402e-01,1.723809226e-01,1.559935330e-01,1.045224714e-01,2.643095601e+01,4.394763746e+00,1.355333513e-01,4.444084265e-16,3.469446952e-18,6.992893893e-18,1.244771000e-02,-2.827439904e-01,-2.654662848e+00,-1.498666286e+00,-1.372241020e+00,-7.842141986e-01,1.552133411e-01,-3.468151181e-02,4.160095477e+00,-1.382944219e+00,-3.053431660e-01,2.343348579e-02,5.735777517e-03,6.164796087e-01,-4.424171216e-02,1.056837750e-01,6.314437530e-01,-5.726883852e-02,9.224493187e-03,4.850624800e-01,-1.230060980e-01,2.250004932e-02,1.978695236e+00,7.000007108e-02,0,0
5.660000000e+00,9.840557052e-02,3.131241761e-01,2.219896525e-01,1.559232713e-01,1.045649332e-01,2.988900059e+01,4.215287418e+00,1.355191728e-01,1.293096437e-16,2.223222581e-17,1.072867218e-17,1.211295700e-02,-2.827824652e-01,-2.654597044e+00,-1.498843074e+00,-1.371427178e+00,-7.850309610e-01,1.547235996e-01,8.839880935e-02,4.005593901e+00,-1.278033919e+00,-2.853837939e-01,3.511451519e-02,1.878917834e-03,6.164701729e-01,-4.415279919e-02,1.055957426e-01,6.314437530e-01,-5.726883852e-02,9.224493187e-03,4.850626290e-01,-1.230061427e-01,2.249992453e-02,1.978697751e+00,7.000057399e-02,0,0
5.670000000e+00,9.817038945e-02,3.122426233e-01,2.351496451e-01,1.554878708e-01,1.043356388e-01,2.339873657e+01,4.571221876e+00,1.354887410e-01,2.222224107e-16,1.551583846e-17,2.081668171e-17,1.226005900e-02,-2.828434706e-01,-2.654515028e+00,-1.499224424e+00,-1.369471192e+00,-7.861590981e-01,1.541275084e-01,7.244073247e-02,4.325221327e+00,-1.434484659e+00,-3.527674227e-01,3.280932812e-02,3.835310421e-03,6.165104373e-01,-4.405057167e-02,1.053478456e-01,6.314437530e-01,-5.726883852e-02,9.224493187e-03,4.850606620e-01,-1.230062991e-01,2.250294201e-02,1.978691620e+00,7.000095397e-02,0,0
5.680000000e+00,9.790629120e-02,3.108804121e-01,2.523284928e-01,1.548150130e-01,1.038411451e-01,2.381001667e+01,4.377235553e+00,1.354524965e-01,4.451839212e-16,2.145734437e-17,4.336808690e-18,1.235519900e-02,-2.828338742e-01,-2.654312372e+00,-1.499678254e+00,-1.366903305e+00,-7.873594165e-01,1.538408101e-01,2.643758126e-02,4.148022149e+00,-1.357409128e+00,-3.314072402e-01,3.177335706e-02,2.130475573e-03,6.165862841e-01,-4.390469187e-02,1.050696655e-01,6.314437530e-01,-5.726883852e-02,9.224493187e-03,4.850633442e-01,-1.230065152e-01,2.249990031e-02,1.978815133e+00,7.000064850e-02,0,0
5.690000000e+00,9.764280767e-02,3.091911757e-01,1.689304239e-01,1.539805228e-01,1.031231697e-01,2.546683781e+01,4.291882895e+00,1.354455951e-01,7.775171114e-16,9.341771813e-18,1.925855596e-17,1.292120500e-02,-2.828383744e-01,-2.653865099e+00,-1.499755621e+00,-1.364265203e+00,-7.880035043e-01,1.535840929e-01,1.132142923e-01,4.063469063e+00,-1.341140359e+00,-3.102058948e-01,2.776907112e-02,2.050097612e-03,6.166618047e-01,-4.384268725e-02,1.048035200e-01,6.314437530e-01,-5.726883852e-02,9.224493187e-03,4.850636423e-01,-1.230067238e-01,2.249995433e-02,1.978818552e+00,6.999988854e-02,0,0
5.700000000e+00,9.751253775e-02,3.082572818e-01,1.000824553e-01,1.535191279e-01,1.026958888e-01,2.595574387e+01,4.311518737e+00,1.354501750e-01,6.786195225e-16,3.356214328e-18,1.192622390e-18,1.231453900e-02,-2.828181088e-01,-2.653487682e+00,-1.499690771e+00,-1.362689734e+00,-7.881099582e-01,1.531296968e-01,4.040655767e-02,4.080859575e+00,-1.356231152e+00,-3.063828191e-01,3.006491774e-02,2.998688090e-03,6.167181113e-01,-4.383195517e-02,1.046776265e-01,6.314437530e-01,-5.726883852e-02,9.224493187e-03,4.850639105e-01,-1.230066791e-01,2.249993011e-02,1.978816823e+00,6.999949366e-02,0,0
5.710000000e+00,9.742301031e-02,3.077644404e-01,5.066849892e-02,1.532756237e-01,1.024874076e-01,2.665729996e+01,4.353509686e+00,1.354587561e-01,2.222968774e-16,1.015220886e-17,4.412383164e-19,1.164101300e-02,-2.827834487e-01,-2.653207302e+00,-1.499576569e+00,-1.361650586e+00,-7.881093621e-01,1.524449736e-01,7.846787118e-02,4.119373028e+00,-1.372447758e+00,-3.052532113e-01,2.906088657e-02,4.280919165e-03,6.167522155e-01,-4.382012535e-02,1.045897582e-01,6.314437530e-01,-5.726883852e-02,9.224493187e-03,4.850639999e-01,-1.230067313e-01,2.250009030e-02,1.978817924e+00,6.999947503e-02,0,0
5.720000000e+00,9.736898158e-02,3.076498898e-01,6.292143249e-02,1.532190250e-01,1.024734218e-01,2.671793406e+01,4.393501970e+00,1.354683065e-01,1.319872653e-16,8.673617380e-18,1.381365056e-18,1.377901300e-02,-2.827402651e-01,-2.653013706e+00,-1.499451160e+00,-1.361033201e+00,-7.881331444e-01,1.516020000e-01,7.289983606e-02,4.155470982e+00,-1.390578434e+00,-3.082088885e-01,2.967499076e-02,4.938494802e-03,6.167634133e-01,-4.379298876e-02,1.045324555e-01,6.314437530e-01,-5.726883852e-02,9.224493187e-03,4.850639105e-01,-1.230067611e-01,2.249990590e-02,1.978817373e+00,6.999954954e-02,0,0
5.730000000e+00,9.733810052e-02,3.078164879e-01,8.222969085e-02,1.533013400e-01,1.026047448e-01,2.734957999e+01,4.386430465e+00,1.354791211e-01,4.475922742e-16,1.734723476e-18,1.308082170e-18,1.109886700e-02,-2.826889157e-01,-2.652884722e+00,-1.499310493e+00,-1.360724688e+00,-7.881527543e-01,1.506093293e-01,5.155965031e-02,4.148597377e+00,-1.390760448e+00,-3.033899905e-01,3.107519338e-02,5.278221055e-03,6.167587680e-01,-4.375667075e-02,1.044950466e-01,6.314437530e-01,-5.726883852e-02,9.224493187e-03,4.850637019e-01,-1.230067238e-01,2.249992080e-02,1.978817491e+00,6.999965012e-02,0,0
5.740000000e+00,9.732687603e-02,3.081746275e-01,8.655434911e-02,1.534782906e-01,1.028305354e-01,2.770621824e+01,4.421737466e+00,1.354906167e-01,7.475430492e-17,2.168404345e-18,1.318988870e-18,1.326924800e-02,-2.826346457e-01,-2.652801752e+00,-1.499161839e+00,-1.360648274e+00,-7.881664634e-01,1.495603621e-01,3.284406695e-02,4.181917775e+00,-1.402733971e+00,-3.058229426e-01,3.208604985e-02,5.237672248e-03,6.167429659e-01,-4.371606998e-02,1.044753731e-01,6.314437530e-01,-5.726883852e-02,9.224493187e-03,4.850640893e-01,-1.230067685e-01,2.250010893e-02,1.978817059e+00,6.999977306e-02,0,0
5.750000000e+00,9.732918591e-02,3.086918322e-01,1.060931762e-01,1.537338239e-01,1.031365670e-01,2.809130108e+01,4.418184970e+00,1.355025656e-01,6.663404588e-16,3.496446946e-18,2.607162458e-18,1.223345800e-02,-2.825754881e-01,-2.652756214e+00,-1.499007940e+00,-1.360745907e+00,-7.881744504e-01,1.484344453e-01,3.955850017e-02,4.177987381e+00,-1.403712529e+00,-3.028714606e-01,3.232177416e-02,5.506228831e-03,6.167190509e-01,-4.367081016e-02,1.044675885e-01,6.314437530e-01,-5.726883852e-02,9.224493187e-03,4.850635827e-01,-1.230066121e-01,2.249993011e-02,1.978818277e+00,6.999985501e-02,0,0
5.760000000e+00,9.734177186e-02,3.091243613e-01,2.171863791e-02,1.539475140e-01,1.033750260e-01,2.880000400e+01,4.405129431e+00,1.355129024e-01,2.348629167e-16,1.454609855e-18,3.030437199e-20,1.433259800e-02,-2.825311124e-01,-2.652736902e+00,-1.498875618e+00,-1.360942125e+00,-7.880834937e-01,1.476309448e-01,4.782102419e-02,4.169062492e+00,-1.389142519e+00,-3.019403557e-01,3.003471561e-02,3.064994054e-03,6.167016109e-01,-4.365006299e-02,1.044747885e-01,6.314437530e-01,-5.726883852e-02,9.224493187e-03,4.850640297e-01,-1.230069771e-01,2.249992266e-02,1.978816744e+00,7.000082731e-02,0,0
5.770000000e+00,9.734947421e-02,3.089997043e-01,3.326121334e-02,1.538859282e-01,1.032773667e-01,2.894686605e+01,4.423721892e+00,1.355107619e-01,2.226198422e-16,3.309925581e-18,6.776263578e-20,1.197064600e-02,-2.825380564e-01,-2.652783155e+00,-1.498904705e+00,-1.361074209e+00,-7.878596187e-01,1.480167508e-01,8.338293999e-02,4.186831530e+00,-1.392364350e+00,-3.055141001e-01,2.798020615e-02,2.037924442e-03,6.167183579e-01,-4.368944957e-02,1.044908727e-01,6.314437530e-01,-5.726883852e-02,9.224493187e-03,4.850638211e-01,-1.230067015e-01,2.249994501e-02,1.978817373e+00,7.000030577e-02,0,0
5.780000000e+00,9.736649307e-02,3.091419081e-01,5.438557167e-02,1.539561827e-01,1.033466740e-01,2.938999054e+01,4.385500273e+00,1.355100969e-01,3.378081682e-16,1.044441840e-17,0.000000000e+00,1.270060200e-02,-2.825407088e-01,-2.652837276e+00,-1.498914003e+00,-1.361291170e+00,-7.878634930e-01,1.480553001e-01,5.034040502e-02,4.151728333e+00,-1.379917054e+00,-2.968219186e-01,3.075106139e-02,3.222390570e-03,6.167090832e-01,-4.368790482e-02,1.045066097e-01,6.314437530e-01,-5.726883852e-02,9.224493187e-03,4.850638509e-01,-1.230065748e-01,2.250010706e-02,1.978820754e+00,6.999979913e-02,0,0
5.790000000e+00,9.738814851e-02,3.092568640e-01,2.878063999e-02,1.540129752e-01,1.033901315e-01,2.939850021e+01,4.405433888e+00,1.355090796e-01,2.297984856e-16,6.209365081e-18,1.459651846e-19,1.255853100e-02,-2.825426757e-01,-2.652900696e+00,-1.498928308e+00,-1.361551166e+00,-7.877973914e-01,1.481965035e-01,5.599707714e-02,4.170505242e+00,-1.385827484e+00,-3.003194252e-01,2.970579048e-02,2.468255778e-03,6.167046379e-01,-4.369675702e-02,1.045293124e-01,6.314437530e-01,-5.726883852e-02,9.224493187e-03,4.850639403e-01,-1.230066717e-01,2.250001393e-02,1.978819967e+00,7.000001892e-02,0,0
5.800000000e+00,9.741328066e-02,3.093998613e-01,5.462832615e-02,1.540836204e-01,1.034509914e-01,2.979136258e+01,4.395141422e+00,1.355069538e-01,3.332125652e-16,7.896833246e-18,4.470280077e-19,1.373339300e-02,-2.825503349e-01,-2.652978182e+00,-1.498956800e+00,-1.361844778e+00,-7.877825499e-01,1.483683884e-01,5.098591228e-02,4.162440829e+00,-1.378325565e+00,-2.967612847e-01,2.996830139e-02,2.859044923e-03,6.166959080e-01,-4.370104325e-02,1.045542537e-01,6.314437530e-01,-5.726883852e-02,9.224493187e-03,4.850641191e-01,-1.230066046e-01,2.250018343e-02,1.978820164e+00,6.999994069e-02,0,0
5.810000000e+00,9.743994734e-02,3.095489982e-01,4.236198954e-02,1.541572979e-01,1.035101370e-01,2.995190247e+01,4.400238974e+00,1.355053415e-01,2.823925225e-17,5.898697550e-18,7.589415207e-19,1.199040600e-02,-2.825527489e-01,-2.653058767e+00,-1.498978972e+00,-1.362164021e+00,-7.877181768e-01,1.485372037e-01,7.517886647e-02,4.166746445e+00,-1.380360348e+00,-2.973981404e-01,2.880009172e-02,2.330874320e-03,6.166895871e-01,-4.370940011e-02,1.045817140e-01,6.314437530e-01,-5.726883852e-02,9.224493187e-03,4.850637615e-01,-1.230066046e-01,2.249987051e-02,1.978818630e+00,7.000004873e-02,0,0
5.820000000e+00,9.746545591e-02,3.096902033e-01,3.986246439e-02,1.542270561e-01,1.035685899e-01,2.979519668e+01,4.401081738e+00,1.355033883e-01,5.553391481e-16,2.909219711e-18,3.428548309e-19,1.304344600e-02,-2.825596035e-01,-2.653136969e+00,-1.499005318e+00,-1.362464905e+00,-7.876901627e-01,1.487158537e-01,1.075336784e-01,4.167293071e+00,-1.379138330e+00,-2.980641587e-01,2.746314825e-02,2.537456963e-03,6.166813613e-01,-4.371510092e-02,1.046073170e-01,6.314437530e-01,-5.726883852e-02,9.224493187e-03,4.850639999e-01,-1.230067685e-01,2.250018530e-02,1.978820675e+00,6.999997795e-02,0,0
5.830000000e+00,9.749248949e-02,3.098418257e-01,4.101206276e-02,1.543019598e-01,1.036306236e-01,3.000000000e+01,4.411037018e+00,1.355011301e-01,1.032925504e-16,1.788112031e-18,5.421010862e-19,1.209883700e-02,-2.825650573e-01,-2.653221130e+00,-1.499035716e+00,-1.362783313e+00,-7.876489162e-01,1.488975137e-01,9.097953595e-02,4.176289735e+00,-1.384652482e+00,-2.991617239e-01,2.846961058e-02,1.897642707e-03,6.166740551e-01,-4.372196991e-02,1.046347855e-01,6.314437530e-01,-5.726883852e-02,9.224493187e-03,4.850636721e-01,-1.230063364e-01,2.249997295e-02,1.978819614e+00,7.000009343e-02,0,0
5.840000000e+00,9.751900006e-02,3.099826799e-01,3.206909232e-02,1.543715430e-01,1.036851745e-01,2.977663503e+01,4.420495037e+00,1.354994909e-01,2.285494065e-16,1.563658610e-18,4.997925065e-19,1.142766000e-02,-2.825701237e-01,-2.653303146e+00,-1.499058247e+00,-1.363106132e+00,-7.875839472e-01,1.490881890e-01,8.600408967e-02,4.184100545e+00,-1.391200552e+00,-3.006569110e-01,2.904807660e-02,2.226303460e-03,6.166674869e-01,-4.373200591e-02,1.046622818e-01,6.314437530e-01,-5.726883852e-02,9.224493187e-03,4.850638211e-01,-1.230065748e-01,2.250002883e-02,1.978817884e+00,6.999999657e-02,0,0
5.850000000e+00,9.754648377e-02,3.101325022e-01,4.092447952e-02,1.544455558e-01,1.037471322e-01,2.967924194e+01,4.446366634e+00,1.354974421e-01,2.241857453e-16,4.670885906e-18,2.235140038e-19,1.329468900e-02,-2.825805247e-01,-2.653386593e+00,-1.499085903e+00,-1.363430262e+00,-7.875546813e-01,1.492848098e-01,3.184172063e-02,4.208407244e+00,-1.401657010e+00,-3.046905855e-01,3.143966826e-02,1.908535047e-03,6.166582819e-01,-4.373982363e-02,1.046900477e-01,6.314437530e-01,-5.726883852e-02,9.224493187e-03,4.850638807e-01,-1.230066046e-01,2.249990404e-02,1.978816823e+00,7.000005618e-02,0,0
5.860000000e+00,9.757518094e-02,3.103005212e-01,3.018695507e-02,1.545285567e-01,1.038199906e-01,2.965090797e+01,4.395909385e+00,1.354949249e-01,1.282552055e-16,4.336808690e-18,1.631940375e-19,1.134284000e-02,-2.825879455e-01,-2.653473854e+00,-1.499119520e+00,-1.363759518e+00,-7.875480056e-01,1.494700164e-01,8.622958442e-02,4.162464926e+00,-1.378575145e+00,-2.986666425e-01,2.817425542e-02,2.130463306e-03,6.166478291e-01,-4.374235908e-02,1.047181104e-01,6.314437530e-01,-5.726883852e-02,9.224493187e-03,4.850637317e-01,-1.230067313e-01,2.249993570e-02,1.978817019e+00,6.999997422e-02,0,0
5.870000000e+00,9.760243333e-02,3.104534095e-01,4.764136445e-02,1.546040822e-01,1.038823845e-01,2.996386131e+01,4.367130973e+00,1.354928103e-01,4.451661769e-16,8.781368311e-18,1.305552300e-18,1.218951800e-02,-2.825953960e-01,-2.653561354e+00,-1.499148130e+00,-1.364091754e+00,-7.875009179e-01,1.496629268e-01,6.721576353e-02,4.136987256e+00,-1.366021061e+00,-2.929245741e-01,2.874730794e-02,2.580776021e-03,6.166399422e-01,-4.375110389e-02,1.047459726e-01,6.314437530e-01,-5.726883852e-02,9.224493187e-03,4.850638211e-01,-1.230067238e-01,2.249997854e-02,1.978819457e+00,7.000002265e-02,0,0
5.880000000e+00,9.763228035e-02,3.106182411e-01,2.521959082e-02,1.546855066e-01,1.039506882e-01,2.952663266e+01,4.434545423e+00,1.354903957e-01,1.309687503e-17,2.335442953e-18,1.940426588e-19,1.362810100e-02,-2.826026380e-01,-2.653649807e+00,-1.499180555e+00,-1.364432454e+00,-7.874726057e-01,1.498627812e-01,7.170276845e-02,4.198436494e+00,-1.392981790e+00,-3.031934884e-01,2.918953971e-02,2.498500983e-03,6.166306512e-01,-4.375677964e-02,1.047758325e-01,6.314437530e-01,-5.726883852e-02,9.224493187e-03,4.850637913e-01,-1.230066940e-01,2.249989845e-02,1.978818198e+00,6.999998540e-02,0,0
5.890000000e+00,9.765898959e-02,3.107763170e-01,4.343265885e-02,1.547635927e-01,1.040180541e-01,3.000000000e+01,4.398707944e+00,1.354879878e-01,1.443366293e-15,0.000000000e+00,4.997925065e-19,1.391427400e-02,-2.826115787e-01,-2.653739929e+00,-1.499212861e+00,-1.364763379e+00,-7.874438167e-01,1.500526369e-01,6.966639623e-02,4.165312482e+00,-1.380273167e+00,-2.965035742e-01,2.958845690e-02,2.497111700e-03,6.166216172e-01,-4.376366350e-02,1.048026956e-01,6.314437530e-01,-5.726883852e-02,9.224493187e-03,4.850639403e-01,-1.230066195e-01,2.250008471e-02,1.978818552e+00,6.999998540e-02,0,0
5.900000000e+00,9.768706965e-02,3.109253351e-01,2.961625727e-02,1.548372036e-01,1.040777744e-01,2.977942682e+01,4.427084110e+00,1.354860909e-01,2.491367315e-16,2.776912484e-18,3.252606517e-19,1.244741000e-02,-2.826175988e-01,-2.653823137e+00,-1.499238610e+00,-1.365091324e+00,-7.874040604e-01,1.502534747e-01,6.105250270e-02,4.191867132e+00,-1.389956346e+00,-3.012339839e-01,2.950019481e-02,2.332775385e-03,6.166129865e-01,-4.377030422e-02,1.048309862e-01,6.314437530e-01,-5.726883852e-02,9.224493187e-03,4.850638509e-01,-1.230066046e-01,2.250006795e-02,1.978817765e+00,7.000001520e-02,0,0
5.910000000e+00,9.770739142e-02,3.110381742e-01,4.720787024e-02,1.548929425e-01,1.041256660e-01,2.908345420e+01,4.381067484e+00,1.354848860e-01,2.258490717e-16,3.679904200e-18,3.909146526e-19,1.309690600e-02,-2.826214433e-01,-2.653878927e+00,-1.499254942e+00,-1.365318894e+00,-7.873985171e-01,1.503846049e-01,1.392360098e-01,4.147617058e+00,-1.371313086e+00,-3.006252716e-01,2.754551307e-02,2.118751985e-03,6.166049389e-01,-4.377113409e-02,1.048506189e-01,6.314437530e-01,-5.726883852e-02,9.224493187e-03,4.850635231e-01,-1.230066493e-01,2.249987796e-02,1.978819181e+00,7.000000775e-02,0,0
5.920000000e+00,9.769379306e-02,3.109650343e-01,2.249702006e-02,1.548568138e-01,1.040921104e-01,2.923939833e+01,4.387578605e+00,1.354863839e-01,2.226029447e-16,3.127317221e-18,9.216714922e-20,1.206442700e-02,-2.826143503e-01,-2.653838158e+00,-1.499235272e+00,-1.365170360e+00,-7.873640656e-01,1.502713412e-01,7.102184420e-02,4.155268039e+00,-1.374484062e+00,-2.991766870e-01,2.881262020e-02,2.478504332e-03,6.166124361e-01,-4.377349004e-02,1.048382203e-01,6.314437530e-01,-5.726883852e-02,9.224493187e-03,4.850637019e-01,-1.230064705e-01,2.249989845e-02,1.978817452e+00,7.000003755e-02,0,0
5.930000000e+00,9.768731390e-02,3.109175734e-01,1.910141077e-02,1.548333696e-01,1.040656590e-01,2.907576825e+01,4.400771269e+00,1.354876251e-01,3.343226664e-16,2.192663197e-18,8.571370773e-20,1.273636200e-02,-2.826088965e-01,-2.653817654e+00,-1.499219298e+00,-1.365107536e+00,-7.873076200e-01,1.502307504e-01,7.865021192e-02,4.167159348e+00,-1.379842042e+00,-3.009818621e-01,2.868616504e-02,2.799401645e-03,6.166182530e-01,-4.377935420e-02,1.048333299e-01,6.314437530e-01,-5.726883852e-02,9.224493187e-03,4.850640893e-01,-1.230066270e-01,2.250021137e-02,1.978817137e+00,7.000001520e-02,0,0
5.940000000e+00,9.769021232e-02,3.109323259e-01,2.131038442e-02,1.548406569e-01,1.040722509e-01,2.891042173e+01,4.425740931e+00,1.354872033e-01,5.735091310e-17,2.528772285e-18,1.092639671e-19,1.322212800e-02,-2.826087773e-01,-2.653824806e+00,-1.499224782e+00,-1.365132332e+00,-7.873169184e-01,1.502505243e-01,7.255508670e-02,4.189615467e+00,-1.391097180e+00,-3.049908587e-01,2.937756893e-02,2.637576261e-03,6.166170786e-01,-4.377768488e-02,1.048358737e-01,6.314437530e-01,-5.726883852e-02,9.224493187e-03,4.850638211e-01,-1.230067387e-01,2.249989845e-02,1.978817452e+00,6.999998912e-02,0,0
5.950000000e+00,9.769829742e-02,3.109806597e-01,2.668549463e-02,1.548645323e-01,1.040930774e-01,2.926896154e+01,4.421825557e+00,1.354863867e-01,5.557054729e-16,8.673617380e-19,1.212174880e-19,1.199514600e-02,-2.826099992e-01,-2.653848410e+00,-1.499235630e+00,-1.365220070e+00,-7.873126864e-01,1.502944976e-01,3.829059060e-02,4.186636603e+00,-1.389373754e+00,-3.030731163e-01,3.050807795e-02,2.357804245e-03,6.166147918e-01,-4.377836032e-02,1.048438753e-01,6.314437530e-01,-5.726883852e-02,9.224493187e-03,4.850636125e-01,-1.230067983e-01,2.249993570e-02,1.978816587e+00,7.000000402e-02,0,0
5.960000000e+00,9.770374915e-02,3.110113213e-01,3.756444425e-02,1.548796781e-01,1.041039419e-01,2.901853325e+01,4.385552804e+00,1.354867534e-01,4.447874631e-16,5.204170428e-18,1.533293417e-19,1.229212900e-02,-2.826113403e-01,-2.653866053e+00,-1.499231339e+00,-1.365303159e+00,-7.872763276e-01,1.503323764e-01,3.936485245e-02,4.153200867e+00,-1.375324895e+00,-2.999106929e-01,3.121143690e-02,2.686893744e-03,6.166133318e-01,-4.378368109e-02,1.048499696e-01,6.314437530e-01,-5.726883852e-02,9.224493187e-03,4.850637615e-01,-1.230065525e-01,2.249997482e-02,1.978818709e+00,7.000005990e-02,0,0
5.970000000e+00,9.769946942e-02,3.109884401e-01,3.752346717e-02,1.548683755e-01,1.040945434e-01,2.935499938e+01,4.380678645e+00,1.354868127e-01,3.345183826e-16,3.469446952e-18,1.084202172e-19,1.157706200e-02,-2.826098204e-01,-2.653855324e+00,-1.499230385e+00,-1.365253806e+00,-7.872816920e-01,1.503055245e-01,1.080981056e-01,4.148425984e+00,-1.371289133e+00,-2.966879762e-01,2.747121584e-02,3.119611458e-03,6.166150989e-01,-4.378251452e-02,1.048457064e-01,6.314437530e-01,-5.726883852e-02,9.224493187e-03,4.850636423e-01,-1.230065078e-01,2.249993756e-02,1.978821461e+00,6.999997422e-02,0,0
5.980000000e+00,9.770146199e-02,3.109776705e-01,3.452496119e-02,1.548630557e-01,1.040823917e-01,2.910651346e+01,4.394925034e+00,1.354870037e-01,3.492334858e-16,4.336808690e-18,1.084202172e-19,1.247848000e-02,-2.826083302e-01,-2.653859854e+00,-1.499228239e+00,-1.365280628e+00,-7.872301340e-01,1.503448933e-01,9.686536111e-02,4.160539773e+00,-1.380251018e+00,-2.998850395e-01,2.930382980e-02,3.053730601e-03,6.166180563e-01,-4.378938495e-02,1.048491695e-01,6.314437530e-01,-5.726883852e-02,9.224493187e-03,4.850636125e-01,-1.230067238e-01,2.249994315e-02,1.978817884e+00,6.999991834e-02,0,0
5.990000000e+00,9.769882387e-02,3.109712336e-01,3.793444138e-02,1.548598761e-01,1.040795763e-01,2.969868606e+01,4.380600254e+00,1.354878551e-01,1.251047164e-16,6.992893893e-18,2.710505431e-19,1.363635200e-02,-2.826063037e-01,-2.653849602e+00,-1.499217272e+00,-1.365256667e+00,-7.872079611e-01,1.502981335e-01,1.051765174e-01,4.148367898e+00,-1.371394760e+00,-2.968187502e-01,2.846387928e-02,2.261448003e-03,6.166196660e-01,-4.379156561e-02,1.048470310e-01,6.314437530e-01,-5.726883852e-02,9.224493187e-03,4.850635827e-01,-1.230064929e-01,2.249994129e-02,1.978820911e+00,7.000005618e-02,0,0
6.000000000e+00,9.770170822e-02,3.109819487e-01,6.014968733e-02,1.548651690e-01,1.040817237e-01,2.843598089e+01,4.396099756e+00,1.354879292e-01,7.495531175e-17,1.852685484e-18,1.897353802e-19,1.270957300e-02,-2.826058865e-01,-2.653859854e+00,-1.499216557e+00,-1.365300417e+00,-7.871868610e-01,1.503310502e-01,6.624978267e-02,4.162892728e+00,-1.378545424e+00,-3.007042493e-01,2.827078739e-02,4.289145801e-03,6.166193172e-01,-4.379404598e-02,1.048502735e-01,6.314437530e-01,-5.726883852e-02,9.224493187e-03,4.850641191e-01,-1.230065972e-01,2.249999531e-02,1.978815918e+00,6.999997795e-02,0,0
6.010000000e+00,9.770048780e-02,3.109815803e-01,1.916975862e-02,1.548649870e-01,1.040814756e-01,2.880254688e+01,4.385107813e+00,1.354881021e-01,4.441688238e-16,2.742838647e-18,1.086317691e-19,1.367803200e-02,-2.826021314e-01,-2.653851271e+00,-1.499214292e+00,-1.365273595e+00,-7.871743441e-01,1.502855718e-01,5.184243091e-02,4.151381669e+00,-1.378916992e+00,-3.003493347e-01,2.974195519e-02,2.599107609e-03,6.166215583e-01,-4.379402050e-02,1.048493704e-01,6.314437530e-01,-5.726883852e-02,9.224493187e-03,4.850637019e-01,-1.230067313e-01,2.249994501e-02,1.978815682e+00,6.999997050e-02,0,0
6.020000000e+00,9.770039961e-02,3.109665806e-01,8.542168060e-03,1.548575776e-01,1.040703287e-01,2.881051288e+01,4.414830044e+00,1.354884934e-01,6.665792052e-16,2.108626895e-18,4.910600003e-20,1.181752400e-02,-2.825999558e-01,-2.653851748e+00,-1.499209404e+00,-1.365282297e+00,-7.871444821e-01,1.503115445e-01,7.817107078e-02,4.179443262e+00,-1.387059323e+00,-3.035374022e-01,2.812965511e-02,2.797958351e-03,6.166231134e-01,-4.379712819e-02,1.048499592e-01,6.314437530e-01,-5.726883852e-02,9.224493187e-03,4.850635827e-01,-1.230066121e-01,2.249983884e-02,1.978817255e+00,6.999996677e-02,0,0
6.030000000e+00,9.770012889e-02,3.109636756e-01,2.114264619e-02,1.548561426e-01,1.040682658e-01,2.896175439e+01,4.413609460e+00,1.354885319e-01,6.684450287e-16,9.697399036e-19,1.117570019e-19,1.288439400e-02,-2.825992405e-01,-2.653850555e+00,-1.499208927e+00,-1.365278482e+00,-7.871372104e-01,1.503082812e-01,7.414636424e-02,4.178496454e+00,-1.386262243e+00,-3.033812005e-01,2.912693882e-02,2.574355311e-03,6.166238872e-01,-4.379788296e-02,1.048499088e-01,6.314437530e-01,-5.726883852e-02,9.224493187e-03,4.850636423e-01,-1.230066046e-01,2.249991708e-02,1.978817845e+00,6.999995932e-02,0,0
6.040000000e+00,9.770042581e-02,3.109610208e-01,4.111365186e-02,1.548548313e-01,1.040653008e-01,2.847520415e+01,4.404074529e+00,1.354885675e-01,2.249896892e-16,3.604055019e-18,1.135908764e-19,1.286083500e-02,-2.825991213e-01,-2.653853416e+00,-1.499208570e+00,-1.365288854e+00,-7.871220708e-01,1.503210664e-01,6.709083841e-02,4.169792885e+00,-1.382768975e+00,-3.021630559e-01,2.882380161e-02,3.899884981e-03,6.166246328e-01,-4.380006535e-02,1.048506352e-01,6.314437530e-01,-5.726883852e-02,9.224493187e-03,4.850637615e-01,-1.230065450e-01,2.249991335e-02,1.978818080e+00,6.999997422e-02,0,0
6.050000000e+00,9.770012905e-02,3.109633708e-01,3.520774904e-02,1.548559921e-01,1.040647771e-01,2.940368655e+01,4.390879406e+00,1.354891970e-01,6.703443785e-16,1.084202172e-18,4.470280077e-19,1.256972100e-02,-2.825960815e-01,-2.653849602e+00,-1.499200583e+00,-1.365289211e+00,-7.870919704e-01,1.502942592e-01,6.458884798e-02,4.158519344e+00,-1.375645199e+00,-2.984477778e-01,2.981188361e-02,2.750672827e-03,6.166262468e-01,-4.380267847e-02,1.048509501e-01,6.314437530e-01,-5.726883852e-02,9.224493187e-03,4.850637615e-01,-1.230065078e-01,2.249988914e-02,1.978818749e+00,7.000001892e-02,0,0
6.060000000e+00,9.770030078e-02,3.109645363e-01,2.465266580e-02,1.548565678e-01,1.040642450e-01,2.884813516e+01,4.399034549e+00,1.354893579e-01,2.221275986e-16,1.788112031e-18,6.060874398e-20,1.173655300e-02,-2.825937569e-01,-2.653847694e+00,-1.499198556e+00,-1.365287542e+00,-7.870793939e-01,1.502829343e-01,7.417310282e-02,4.164386117e+00,-1.382647811e+00,-3.021789444e-01,2.929144079e-02,2.551041906e-03,6.166272497e-01,-4.380320202e-02,1.048513547e-01,6.314437530e-01,-5.726883852e-02,9.224493187e-03,4.850636721e-01,-1.230066940e-01,2.249993756e-02,1.978817176e+00,7.000004128e-02,0,0
6.070000000e+00,9.769990662e-02,3.109602575e-01,2.367432034e-02,1.548544542e-01,1.040620809e-01,2.888331349e+01,4.394921448e+00,1.354893584e-01,2.260005840e-16,1.084202172e-19,8.131516294e-20,1.252885100e-02,-2.825937271e-01,-2.653849363e+00,-1.499198556e+00,-1.365290165e+00,-7.870799303e-01,1.502946913e-01,7.217092653e-02,4.160768486e+00,-1.380807959e+00,-3.010200878e-01,2.965519264e-02,2.890455590e-03,6.166270450e-01,-4.380305151e-02,1.048508990e-01,6.314437530e-01,-5.726883852e-02,9.224493187e-03,4.850637615e-01,-1.230067536e-01,2.249987982e-02,1.978817412e+00,6.999996305e-02,0,0
6.080000000e+00,9.769990425e-02,3.109496202e-01,9.318689619e-03,1.548491997e-01,1.040548126e-01,2.862574570e+01,4.437792912e+00,1.354895100e-01,2.221665442e-16,1.954573263e-19,5.127173761e-20,1.219954700e-02,-2.825931907e-01,-2.653847456e+00,-1.499196649e+00,-1.365288138e+00,-7.870676517e-01,1.503080726e-01,8.859833650e-02,4.200369732e+00,-1.395717678e+00,-3.069467391e-01,2.823355641e-02,3.017170326e-03,6.166279763e-01,-4.380463960e-02,1.048512645e-01,6.314437530e-01,-5.726883852e-02,9.224493187e-03,4.850636125e-01,-1.230068207e-01,2.249985375e-02,1.978817333e+00,7.000001147e-02,0,0
6.090000000e+00,9.769904209e-02,3.109516497e-01,4.593868480e-02,1.548502022e-01,1.040564814e-01,2.913935301e+01,4.379247088e+00,1.354894966e-01,4.453216268e-16,5.275955480e-18,6.505213035e-19,1.268430200e-02,-2.825922966e-01,-2.653841257e+00,-1.499196768e+00,-1.365266681e+00,-7.870635390e-01,1.502708495e-01,2.831409219e-02,4.146047578e+00,-1.377263621e+00,-2.990156977e-01,3.197523049e-02,2.228093658e-03,6.166294422e-01,-4.380505693e-02,1.048506695e-01,6.314437530e-01,-5.726883852e-02,9.224493187e-03,4.850636721e-01,-1.230067685e-01,2.249993756e-02,1.978818552e+00,6.999998167e-02,0,0
6.100000000e+00,9.770092353e-02,3.109655671e-01,2.874626198e-02,1.548570770e-01,1.040633493e-01,2.898629133e+01,4.381824104e+00,1.354895897e-01,3.405916508e-16,1.843143693e-18,2.185279341e-19,1.231789900e-02,-2.825945914e-01,-2.653851509e+00,-1.499195695e+00,-1.365306258e+00,-7.870642543e-01,1.502969861e-01,7.449337194e-02,4.149102343e+00,-1.374580392e+00,-2.990477957e-01,2.955593333e-02,2.928705910e-03,6.166272101e-01,-4.380575679e-02,1.048523445e-01,6.314437530e-01,-5.726883852e-02,9.224493187e-03,4.850638807e-01,-1.230065450e-01,2.249998413e-02,1.978819417e+00,7.000000775e-02,0,0
6.110000000e+00,9.769857451e-02,3.109525187e-01,1.439633066e-02,1.548506315e-01,1.040570982e-01,2.887128236e+01,4.396371549e+00,1.354896019e-01,4.551542187e-16,2.453269467e-18,1.051958996e-19,1.205596600e-02,-2.825919688e-01,-2.653844118e+00,-1.499195457e+00,-1.365274310e+00,-7.870585918e-01,1.502736658e-01,8.603044429e-02,4.161840677e+00,-1.381379400e+00,-3.012116813e-01,2.860631429e-02,2.809236314e-03,6.166292836e-01,-4.380547151e-02,1.048502256e-01,6.314437530e-01,-5.726883852e-02,9.224493187e-03,4.850633740e-01,-1.230065748e-01,2.249998599e-02,1.978817255e+00,7.000005618e-02,0,0
6.120000000e+00,9.770134628e-02,3.109678199e-01,3.517671011e-02,1.548581898e-01,1.040648854e-01,2.870393027e+01,4.415053725e+00,1.354893796e-01,1.383924511e-16,1.734723476e-18,5.421010862e-20,1.272439300e-02,-2.825926840e-01,-2.653848648e+00,-1.499198318e+00,-1.365295291e+00,-7.870761156e-01,1.502881199e-01,5.044030640e-02,4.179028726e+00,-1.389951240e+00,-3.049309034e-01,3.034761335e-02,2.407203653e-03,6.166272044e-01,-4.380295551e-02,1.048523811e-01,6.314437530e-01,-5.726883852e-02,9.224493187e-03,4.850637615e-01,-1.230067313e-01,2.249991521e-02,1.978818945e+00,7.000000402e-02,0,0
6.130000000e+00,9.769811950e-02,3.109481651e-01,2.233316478e-02,1.548484810e-01,1.040548933e-01,2.917806152e+01,4.404419394e+00,1.354900542e-01,6.686937118e-16,1.748223473e-18,3.030437199e-20,1.209647600e-02,-2.825918198e-01,-2.653839827e+00,-1.499189615e+00,-1.365269303e+00,-7.870561481e-01,1.502686590e-01,7.413291196e-02,4.170539006e+00,-1.381518455e+00,-3.009549394e-01,2.905480631e-02,2.757309148e-03,6.166289505e-01,-4.380561046e-02,1.048497287e-01,6.314437530e-01,-5.726883852e-02,9.224493187e-03,4.850639105e-01,-1.230066046e-01,2.249996550e-02,1.978817845e+00,6.999998540e-02,0,0
6.140000000e+00,9.769999508e-02,3.109594332e-01,2.462204816e-02,1.548540471e-01,1.040594053e-01,2.951527266e+01,4.395470433e+00,1.354899051e-01,8.428150036e-17,8.673617380e-19,6.392714274e-20,1.228517800e-02,-2.825921476e-01,-2.653845787e+00,-1.499191642e+00,-1.365291953e+00,-7.870499492e-01,1.502787173e-01,1.410221729e-01,4.161743525e+00,-1.374747434e+00,-2.992460300e-01,2.607371040e-02,2.317257554e-03,6.166286841e-01,-4.380657516e-02,1.048517395e-01,6.314437530e-01,-5.726883852e-02,9.224493187e-03,4.850640297e-01,-1.230064929e-01,2.249985002e-02,1.978821343e+00,7.000005618e-02,0,0
6.150000000e+00,9.770048834e-02,3.109532541e-01,3.038467039e-02,1.548509948e-01,1.040531847e-01,2.915471233e+01,4.404176232e+00,1.354902659e-01,2.552461535e-17,6.605630197e-18,2.299940125e-19,1.127742900e-02,-2.825894058e-01,-2.653843164e+00,-1.499187112e+00,-1.365294099e+00,-7.870234251e-01,1.502808630e-01,3.841092642e-02,4.170451345e+00,-1.382267406e+00,-3.017102066e-01,3.050844555e-02,2.339773297e-03,6.166303948e-01,-4.380892205e-02,1.048528388e-01,6.314437530e-01,-5.726883852e-02,9.224493187e-03,4.850637913e-01,-1.230067238e-01,2.249993011e-02,1.978818041e+00,6.999999285e-02,0,0
6.160000000e+00,9.770007691e-02,3.109491446e-01,2.591229134e-02,1.548489648e-01,1.040503610e-01,2.926317368e+01,4.397759256e+00,1.354905198e-01,4.441484982e-16,1.939479807e-18,1.117570019e-19,1.267308300e-02,-2.825892866e-01,-2.653842688e+00,-1.499183893e+00,-1.365296125e+00,-7.870118618e-01,1.502825618e-01,1.245102122e-01,4.162900283e+00,-1.379830459e+00,-3.006010387e-01,2.732225070e-02,2.308888330e-03,6.166308378e-01,-4.381053464e-02,1.048527141e-01,6.314437530e-01,-5.726883852e-02,9.224493187e-03,4.850637317e-01,-1.230066568e-01,2.249987423e-02,1.978816587e+00,6.999999285e-02,0,0
6.170000000e+00,9.769836222e-02,3.109454767e-01,1.674676126e-02,1.548471530e-01,1.040501368e-01,2.904225064e+01,4.387869409e+00,1.354906895e-01,6.696077558e-16,8.673617380e-19,2.874925156e-19,1.141796000e-02,-2.825883031e-01,-2.653838873e+00,-1.499181628e+00,-1.365280271e+00,-7.870171070e-01,1.502646357e-01,1.258721939e-01,4.153858898e+00,-1.375599211e+00,-3.000242578e-01,2.676129678e-02,2.546885096e-03,6.166308381e-01,-4.380920853e-02,1.048507756e-01,6.314437530e-01,-5.726883852e-02,9.224493187e-03,4.850638211e-01,-1.230065450e-01,2.249987610e-02,1.978817176e+00,7.000002265e-02,0,0
6.180000000e+00,9.769685219e-02,3.109316088e-01,3.073779168e-02,1.548403027e-01,1.040427577e-01,2.933266021e+01,4.400833160e+00,1.354908351e-01,5.554942393e-16,2.637977740e-18,2.631424787e-19,1.257606200e-02,-2.825876474e-01,-2.653834105e+00,-1.499179721e+00,-1.365262866e+00,-7.870104313e-01,1.502624303e-01,6.557094809e-02,4.167563276e+00,-1.379609946e+00,-3.003929335e-01,2.972370560e-02,2.505838247e-03,6.166319959e-01,-4.381003204e-02,1.048495281e-01,6.314437530e-01,-5.726883852e-02,9.224493187e-03,4.850639105e-01,-1.230066195e-01,2.250008658e-02,1.978818160e+00,6.999999285e-02,0,0
6.190000000e+00,9.770127766e-02,3.109563618e-01,2.083454770e-02,1.548525299e-01,1.040531226e-01,2.880972863e+01,4.416134033e+00,1.354903944e-01,8.910709857e-16,3.035766083e-18,1.092639671e-19,1.110000700e-02,-2.825880945e-01,-2.653845310e+00,-1.499185562e+00,-1.365306258e+00,-7.870081663e-01,1.502842754e-01,5.980208173e-02,4.181326641e+00,-1.386438732e+00,-3.034367512e-01,2.957980345e-02,3.137842424e-03,6.166309743e-01,-4.381032218e-02,1.048539321e-01,6.314437530e-01,-5.726883852e-02,9.224493187e-03,4.850636721e-01,-1.230066791e-01,2.249987237e-02,1.978817176e+00,6.999995187e-02,0,0
6.200000000e+00,9.769836591e-02,3.109320759e-01,7.144480068e-02,1.548405334e-01,1.040405939e-01,2.981608996e+01,4.386540579e+00,1.354903541e-01,2.220869525e-16,9.813077867e-18,6.133173667e-19,1.236817900e-02,-2.825880051e-01,-2.653841257e+00,-1.499186039e+00,-1.365280747e+00,-7.869985104e-01,1.502900273e-01,1.157129712e-01,4.152275227e+00,-1.377229525e+00,-2.989270164e-01,2.896877113e-02,1.216900730e-03,6.166330224e-01,-4.381216242e-02,1.048515334e-01,6.314437530e-01,-5.726883852e-02,9.224493187e-03,4.850639999e-01,-1.230067015e-01,2.249989100e-02,1.978817019e+00,6.999990717e-02,0,0
6.210000000e+00,9.769906321e-02,3.109384343e-01,2.753315413e-02,1.548436743e-01,1.040412558e-01,2.906862755e+01,4.404483598e+00,1.354909961e-01,1.629624754e-17,6.254634441e-18,1.954573263e-19,1.291065400e-02,-2.825841606e-01,-2.653838873e+00,-1.499177933e+00,-1.365289807e+00,-7.869656086e-01,1.502681226e-01,8.425498514e-02,4.169372281e+00,-1.384418373e+00,-3.020924095e-01,2.884707627e-02,2.330328174e-03,6.166345023e-01,-4.381460828e-02,1.048528192e-01,6.314437530e-01,-5.726883852e-02,9.224493187e-03,4.850635827e-01,-1.230067015e-01,2.250002138e-02,1.978816744e+00,6.999997795e-02,0,0
6.220000000e+00,9.769953613e-02,3.109460202e-01,2.209033483e-02,1.548474214e-01,1.040454819e-01,2.887498499e+01,4.391775555e+00,1.354910808e-01,6.353091691e-17,2.168404345e-18,1.058486208e-19,1.189248500e-02,-2.825841010e-01,-2.653840303e+00,-1.499176860e+00,-1.365297556e+00,-7.869669199e-01,1.502628028e-01,6.277930929e-02,4.158051813e+00,-1.379467295e+00,-3.008913564e-01,2.972114215e-02,2.726526742e-03,6.166338747e-01,-4.381421175e-02,1.048531494e-01,6.314437530e-01,-5.726883852e-02,9.224493187e-03,4.850636423e-01,-1.230067611e-01,2.249990590e-02,1.978817176e+00,6.999999657e-02,0,0
6.230000000e+00,9.769857797e-02,3.109388791e-01,4.317214864e-02,1.548438940e-01,1.040431504e-01,2.950938675e+01,4.362677685e+00,1.354910648e-01,6.681799274e-16,3.469446952e-18,4.733694230e-19,1.420323700e-02,-2.825856507e-01,-2.653838634e+00,-1.499176979e+00,-1.365288258e+00,-7.869794965e-01,1.502687484e-01,-1.036552493e-02,4.132494392e+00,-1.366521919e+00,-2.947714761e-01,3.257110324e-02,2.445723117e-03,6.166331678e-01,-4.381328626e-02,1.048519308e-01,6.314437530e-01,-5.726883852e-02,9.224493187e-03,4.850637019e-01,-1.230065599e-01,2.249993756e-02,1.978820007e+00,7.000010088e-02,0,0
6.240000000e+00,9.769869172e-02,3.109320777e-01,1.584285587e-02,1.548405343e-01,1.040377317e-01,2.845265549e+01,4.398855976e+00,1.354913186e-01,2.224660274e-16,1.167721477e-18,4.285685386e-20,1.257611200e-02,-2.825830877e-01,-2.653835773e+00,-1.499173760e+00,-1.365285516e+00,-7.869646549e-01,1.502713859e-01,7.291116308e-02,4.163904596e+00,-1.383349693e+00,-3.033532754e-01,2.878615804e-02,2.853612946e-03,6.166342680e-01,-4.381399352e-02,1.048523169e-01,6.314437530e-01,-5.726883852e-02,9.224493187e-03,4.850638509e-01,-1.230066270e-01,2.249998040e-02,1.978818552e+00,6.999997050e-02,0,0
6.250000000e+00,9.769951933e-02,3.109330389e-01,1.591864959e-02,1.548410091e-01,1.040358286e-01,2.865992773e+01,4.395620802e+00,1.354912651e-01,2.357198151e-16,1.578622192e-18,4.121840219e-20,1.266597300e-02,-2.825827003e-01,-2.653839111e+00,-1.499174595e+00,-1.365298152e+00,-7.869418263e-01,1.502784640e-01,8.426910257e-02,4.161207725e+00,-1.380878108e+00,-3.017819958e-01,2.872369559e-02,3.073445378e-03,6.166357620e-01,-4.381726143e-02,1.048538535e-01,6.314437530e-01,-5.726883852e-02,9.224493187e-03,4.850635827e-01,-1.230068207e-01,2.249998040e-02,1.978818316e+00,6.999997422e-02,0,0
6.260000000e+00,9.769887687e-02,3.109269616e-01,1.518304184e-02,1.548380071e-01,1.040333747e-01,2.834682050e+01,4.428233566e+00,1.354910629e-01,2.222630320e-16,3.104682540e-18,6.910460043e-20,1.235031900e-02,-2.825825512e-01,-2.653834820e+00,-1.499177098e+00,-1.365279078e+00,-7.869511843e-01,1.502716541e-01,7.153031969e-02,4.191780777e+00,-1.392074473e+00,-3.072398106e-01,2.886152491e-02,3.036449961e-03,6.166362440e-01,-4.381604585e-02,1.048531008e-01,6.314437530e-01,-5.726883852e-02,9.224493187e-03,4.850638211e-01,-1.230067983e-01,2.249997854e-02,1.978818120e+00,6.999995559e-02,0,0
6.270000000e+00,9.769658574e-02,3.109196616e-01,3.631721367e-02,1.548344011e-01,1.040290358e-01,2.934406241e+01,4.398226189e+00,1.354919680e-01,2.348629167e-16,8.741117366e-19,3.160965356e-19,1.314347600e-02,-2.825793922e-01,-2.653830290e+00,-1.499165535e+00,-1.365273237e+00,-7.869209647e-01,1.502476633e-01,7.232546148e-02,4.165237602e+00,-1.378151067e+00,-2.996128165e-01,2.970281271e-02,2.810170240e-03,6.166375947e-01,-4.381852418e-02,1.048513178e-01,6.314437530e-01,-5.726883852e-02,9.224493187e-03,4.850638807e-01,-1.230066419e-01,2.250008658e-02,1.978818356e+00,7.000003755e-02,0,0
6.280000000e+00,9.769784459e-02,3.109254897e-01,3.668596179e-02,1.548372800e-01,1.040309233e-01,2.918670958e+01,4.409918165e+00,1.354917881e-01,4.465599083e-16,3.157244383e-18,2.235140038e-19,1.343772000e-02,-2.825797200e-01,-2.653833628e+00,-1.499167919e+00,-1.365285158e+00,-7.869156599e-01,1.502543241e-01,5.455268894e-02,4.176937072e+00,-1.380556101e+00,-3.012676616e-01,2.986614411e-02,3.095475989e-03,6.166378174e-01,-4.381951047e-02,1.048527771e-01,6.314437530e-01,-5.726883852e-02,9.224493187e-03,4.850637913e-01,-1.230067462e-01,2.250000089e-02,1.978816115e+00,6.999998540e-02,0,0
6.290000000e+00,9.769774075e-02,3.109177921e-01,8.266361353e-03,1.548334776e-01,1.040270649e-01,2.861197993e+01,4.435375252e+00,1.354917093e-01,5.480875225e-17,1.388456242e-18,1.598178569e-20,1.220938700e-02,-2.825793326e-01,-2.653832674e+00,-1.499168873e+00,-1.365280032e+00,-7.869260311e-01,1.502704322e-01,6.159761328e-02,4.199126750e+00,-1.393237610e+00,-3.068240391e-01,2.886272558e-02,2.968644749e-03,6.166373237e-01,-4.381772485e-02,1.048523434e-01,6.314437530e-01,-5.726883852e-02,9.224493187e-03,4.850640595e-01,-1.230066866e-01,2.250013314e-02,1.978818906e+00,7.000000030e-02,0,0
6.300000000e+00,9.769884016e-02,3.109340051e-01,2.240310318e-02,1.548414863e-01,1.040345162e-01,2.900292825e+01,4.421990961e+00,1.354919836e-01,1.110979337e-15,1.939479807e-18,2.315856856e-19,1.120732800e-02,-2.825760841e-01,-2.653831005e+00,-1.499165416e+00,-1.365285397e+00,-7.869116068e-01,1.502363980e-01,7.006037309e-02,4.186076659e+00,-1.390129087e+00,-3.042044738e-01,2.919731120e-02,2.466685394e-03,6.166380220e-01,-4.381782778e-02,1.048535892e-01,6.314437530e-01,-5.726883852e-02,9.224493187e-03,4.850637615e-01,-1.230067089e-01,2.249995992e-02,1.978816704e+00,7.000001520e-02,0,0
6.310000000e+00,9.769840945e-02,3.109272775e-01,1.800411393e-02,1.548381631e-01,1.040283528e-01,2.884316423e+01,4.395828793e+00,1.354924686e-01,9.381951662e-18,4.336808690e-19,3.030437199e-20,1.198995600e-02,-2.825741470e-01,-2.653830528e+00,-1.499159336e+00,-1.365291953e+00,-7.868763804e-01,1.502362043e-01,6.907887660e-02,4.161019013e+00,-1.383027842e+00,-3.013767062e-01,2.930397633e-02,2.646965180e-03,6.166399609e-01,-4.382192126e-02,1.048540251e-01,6.314437530e-01,-5.726883852e-02,9.224493187e-03,4.850636423e-01,-1.230067164e-01,2.249995247e-02,1.978816783e+00,7.000002638e-02,0,0
6.320000000e+00,9.769701802e-02,3.109172754e-01,2.725131720e-02,1.548332224e-01,1.040238439e-01,2.940220526e+01,4.381961623e+00,1.354924842e-01,3.335014342e-16,6.133173667e-19,1.355252716e-19,1.288121400e-02,-2.825748324e-01,-2.653829336e+00,-1.499159098e+00,-1.365282536e+00,-7.868778110e-01,1.502412856e-01,1.126605256e-01,4.149628756e+00,-1.371132043e+00,-2.978425452e-01,2.751020657e-02,2.526458560e-03,6.166401829e-01,-4.382222428e-02,1.048526805e-01,6.314437530e-01,-5.726883852e-02,9.224493187e-03,4.850639701e-01,-1.230066717e-01,2.250004187e-02,1.978817884e+00,6.999996305e-02,0,0
6.330000000e+00,9.769721013e-02,3.109200630e-01,2.618830535e-02,1.548345994e-01,1.040253982e-01,2.928127848e+01,4.380696949e+00,1.354925226e-01,2.401229526e-16,5.553824967e-18,1.334769128e-19,1.302371600e-02,-2.825756669e-01,-2.653830528e+00,-1.499158621e+00,-1.365287781e+00,-7.868773341e-01,1.502416730e-01,6.645501600e-02,4.148721222e+00,-1.372765267e+00,-2.980889694e-01,2.922320670e-02,2.490682073e-03,6.166398674e-01,-4.382272224e-02,1.048528979e-01,6.314437530e-01,-5.726883852e-02,9.224493187e-03,4.850637615e-01,-1.230064631e-01,2.249988914e-02,1.978820439e+00,7.000016421e-02,0,0
6.340000000e+00,9.769704246e-02,3.109146327e-01,2.815283351e-02,1.548319170e-01,1.040209494e-01,2.929725637e+01,4.391377371e+00,1.354930078e-01,2.259539757e-16,5.275955480e-18,7.666467083e-20,1.275655300e-02,-2.825728655e-01,-2.653825760e+00,-1.499152422e+00,-1.365283012e+00,-7.868598700e-01,1.502336860e-01,6.914164766e-02,4.158941836e+00,-1.375678816e+00,-2.987843109e-01,2.907539209e-02,2.792889237e-03,6.166408924e-01,-4.382361136e-02,1.048530103e-01,6.314437530e-01,-5.726883852e-02,9.224493187e-03,4.850637615e-01,-1.230063811e-01,2.249992825e-02,1.978818906e+00,6.999999285e-02,0,0
6.350000000e+00,9.769791309e-02,3.109173075e-01,3.273329178e-02,1.548332382e-01,1.040202752e-01,2.952612735e+01,4.382655937e+00,1.354930919e-01,4.565957288e-16,6.209365081e-18,2.724024245e-19,1.139253000e-02,-2.825722694e-01,-2.653828144e+00,-1.499151468e+00,-1.365295768e+00,-7.868399620e-01,1.502371579e-01,8.231029667e-02,4.150964124e+00,-1.371583057e+00,-2.971921950e-01,2.872455310e-02,2.555419272e-03,6.166418989e-01,-4.382621290e-02,1.048544213e-01,6.314437530e-01,-5.726883852e-02,9.224493187e-03,4.850638509e-01,-1.230066940e-01,2.249995433e-02,1.978818552e+00,7.000005618e-02,0,0
6.360000000e+00,9.769677945e-02,3.109013590e-01,1.225514849e-02,1.548253601e-01,1.040112305e-01,2.876780845e+01,4.408400174e+00,1.354931836e-01,1.249873983e-16,1.448789874e-18,5.160648592e-20,1.461461100e-02,-2.825708091e-01,-2.653825760e+00,-1.499150276e+00,-1.365285277e+00,-7.868340015e-01,1.502512544e-01,6.372244956e-02,4.174056232e+00,-1.383673539e+00,-3.029580510e-01,2.900767930e-02,2.938470347e-03,6.166427865e-01,-4.382635516e-02,1.048534205e-01,6.314437530e-01,-5.726883852e-02,9.224493187e-03,4.850639403e-01,-1.230067611e-01,2.249990962e-02,1.978814621e+00,7.000001892e-02,0,0
6.370000000e+00,9.769733517e-02,3.109100593e-01,2.577680471e-02,1.548296578e-01,1.040147343e-01,2.905092342e+01,4.410474349e+00,1.354934489e-01,1.376894073e-17,1.226634733e-18,7.666467083e-20,1.396722400e-02,-2.825682461e-01,-2.653825283e+00,-1.499146938e+00,-1.365291357e+00,-7.868193984e-01,1.502326280e-01,8.126574336e-02,4.175366523e+00,-1.385432926e+00,-3.028761749e-01,2.881431392e-02,2.373059686e-03,6.166434196e-01,-4.382689485e-02,1.048541621e-01,6.314437530e-01,-5.726883852e-02,9.224493187e-03,4.850637317e-01,-1.230067462e-01,2.249989100e-02,1.978816587e+00,6.999997795e-02,0,0
6.380000000e+00,9.769720345e-02,3.109078309e-01,2.683762138e-02,1.548285571e-01,1.040126246e-01,2.937485139e+01,4.395258548e+00,1.354936575e-01,2.235051683e-16,1.839952100e-18,8.131516294e-20,1.283479400e-02,-2.825684249e-01,-2.653824568e+00,-1.499144316e+00,-1.365293384e+00,-7.868055105e-01,1.502304822e-01,1.170473115e-01,4.162142153e+00,-1.375094087e+00,-2.992324912e-01,2.718729686e-02,2.711999223e-03,6.166441479e-01,-4.382909164e-02,1.048544490e-01,6.314437530e-01,-5.726883852e-02,9.224493187e-03,4.850638807e-01,-1.230066344e-01,2.249998040e-02,1.978819495e+00,7.000000030e-02,0,0
6.390000000e+00,9.769693545e-02,3.109064129e-01,4.134253064e-02,1.548278566e-01,1.040115232e-01,2.925832394e+01,4.384330849e+00,1.354936761e-01,1.144720350e-16,3.903127821e-18,1.626303259e-19,1.343532000e-02,-2.825665474e-01,-2.653823137e+00,-1.499144077e+00,-1.365288019e+00,-7.868009210e-01,1.502238661e-01,9.341454309e-02,4.152133388e+00,-1.372661920e+00,-2.973538436e-01,2.807774649e-02,3.259756964e-03,6.166448476e-01,-4.382873185e-02,1.048542329e-01,6.314437530e-01,-5.726883852e-02,9.224493187e-03,4.850632548e-01,-1.230066493e-01,2.249997668e-02,1.978820871e+00,6.999999285e-02,0,0
6.400000000e+00,9.769286347e-02,3.108899493e-01,2.399462493e-02,1.548197241e-01,1.040047533e-01,2.915193628e+01,4.377811851e+00,1.354936193e-01,8.888828717e-16,6.505213035e-19,4.412383164e-19,1.246899000e-02,-2.825620770e-01,-2.653814077e+00,-1.499144673e+00,-1.365241170e+00,-7.867965698e-01,1.501844823e-01,1.196233040e-01,4.144303241e+00,-1.373234234e+00,-2.986190168e-01,2.695836355e-02,2.276119790e-03,6.166476601e-01,-4.382732129e-02,1.048503099e-01,6.314437530e-01,-5.726883852e-02,9.224493187e-03,4.850634933e-01,-1.230065450e-01,2.249996364e-02,1.978820675e+00,7.000005618e-02,0,0
6.410000000e+00,9.769001814e-02,3.108582613e-01,3.959022365e-02,1.548040711e-01,1.039830866e-01,2.931194053e+01,4.396670187e+00,1.354946988e-01,1.541416753e-16,3.576224061e-18,1.117570019e-19,1.377549300e-02,-2.825551331e-01,-2.653800964e+00,-1.499130964e+00,-1.365212679e+00,-7.867257595e-01,1.501626074e-01,-3.112808907e-02,4.163444964e+00,-1.379987499e+00,-3.000014575e-01,3.308706693e-02,2.163620443e-03,6.166535158e-01,-4.383419959e-02,1.048492756e-01,6.314437530e-01,-5.726883852e-02,9.224493187e-03,4.850637317e-01,-1.230066791e-01,2.249992639e-02,1.978818198e+00,7.000008598e-02,0,0
6.420000000e+00,9.769150190e-02,3.108605036e-01,2.296345804e-02,1.548051787e-01,1.039839249e-01,2.843329230e+01,4.435962685e+00,1.354944413e-01,6.706215252e-16,1.734723476e-18,9.772866315e-20,1.263668200e-02,-2.825564444e-01,-2.653807878e+00,-1.499134302e+00,-1.365233660e+00,-7.867381573e-01,1.501990408e-01,9.504379647e-02,4.198799950e+00,-1.394281159e+00,-3.066685926e-01,2.707418957e-02,3.465872212e-03,6.166518433e-01,-4.383286750e-02,1.048503455e-01,6.314437530e-01,-5.726883852e-02,9.224493187e-03,4.850638509e-01,-1.230066419e-01,2.250006236e-02,1.978818630e+00,7.000000030e-02,0,0
6.430000000e+00,9.769499437e-02,3.108838985e-01,3.577144543e-02,1.548167352e-01,1.039931622e-01,2.891965188e+01,4.411184202e+00,1.354943581e-01,8.887423646e-16,2.742838647e-18,5.481657992e-19,1.134525900e-02,-2.825573087e-01,-2.653817654e+00,-1.499135613e+00,-1.365276456e+00,-7.867165208e-01,1.502059847e-01,6.575392480e-02,4.176428147e+00,-1.385121038e+00,-3.036235418e-01,3.026830616e-02,2.588701828e-03,6.166518465e-01,-4.383633033e-02,1.048544004e-01,6.314437530e-01,-5.726883852e-02,9.224493187e-03,4.850636423e-01,-1.230066940e-01,2.249989659e-02,1.978815446e+00,7.000000030e-02,0,0
6.440000000e+00,9.769174188e-02,3.108617373e-01,3.473058799e-02,1.548057881e-01,1.039837402e-01,2.866718314e+01,4.437529623e+00,1.354944610e-01,6.678324911e-16,2.949348775e-18,3.352710058e-19,1.207103700e-02,-2.825561166e-01,-2.653804302e+00,-1.499134064e+00,-1.365225673e+00,-7.867286205e-01,1.501819938e-01,8.959961656e-02,4.199039258e+00,-1.398641867e+00,-3.077133911e-01,2.860297990e-02,2.374805760e-03,6.166530758e-01,-4.383430507e-02,1.048509833e-01,6.314437530e-01,-5.726883852e-02,9.224493187e-03,4.850636125e-01,-1.230066270e-01,2.249993756e-02,1.978819378e+00,7.000001147e-02,0,0
6.450000000e+00,9.769119414e-02,3.108541448e-01,7.834082990e-02,1.548020377e-01,1.039761776e-01,2.819610908e+01,4.375042742e+00,1.354943976e-01,2.460388951e-16,4.149818338e-18,1.770148900e-18,1.129394900e-02,-2.825533152e-01,-2.653811693e+00,-1.499135137e+00,-1.365242362e+00,-7.866835594e-01,1.501985788e-01,2.391142974e-02,4.143176641e+00,-1.372785246e+00,-2.984087418e-01,3.007549495e-02,4.787265134e-03,6.166563227e-01,-4.383956139e-02,1.048516642e-01,6.314437530e-01,-5.726883852e-02,9.224493187e-03,4.850638807e-01,-1.230065525e-01,2.249986120e-02,1.978817019e+00,6.999999657e-02,0,0
6.460000000e+00,9.769245722e-02,3.108676395e-01,3.850459166e-02,1.548087037e-01,1.039836847e-01,2.937767642e+01,4.396585328e+00,1.354944124e-01,4.449760149e-16,1.939479807e-18,4.681020122e-19,1.136014000e-02,-2.825520039e-01,-2.653809309e+00,-1.499134898e+00,-1.365241408e+00,-7.866936326e-01,1.501771659e-01,7.424182140e-02,4.163138863e+00,-1.379013056e+00,-3.002718034e-01,2.967418946e-02,2.187463592e-03,6.166555976e-01,-4.383716693e-02,1.048525061e-01,6.314437530e-01,-5.726883852e-02,9.224493187e-03,4.850638807e-01,-1.230066866e-01,2.249986492e-02,1.978816980e+00,6.999999657e-02,0,0
6.470000000e+00,9.769232745e-02,3.108677509e-01,2.590706834e-02,1.548087587e-01,1.039826080e-01,2.901339885e+01,4.393130334e+00,1.354945398e-01,2.197696792e-17,9.697399036e-19,1.355252716e-20,1.171268200e-02,-2.825507522e-01,-2.653810740e+00,-1.499133348e+00,-1.365247250e+00,-7.866769433e-01,1.501749456e-01,6.994541270e-02,4.158637134e+00,-1.381714176e+00,-3.007294689e-01,2.934260921e-02,2.385632868e-03,6.166565697e-01,-4.383891208e-02,1.048527690e-01,6.314437530e-01,-5.726883852e-02,9.224493187e-03,4.850637019e-01,-1.230067536e-01,2.249990031e-02,1.978814542e+00,6.999997795e-02,0,0
6.480000000e+00,9.768872530e-02,3.108429697e-01,3.935255467e-02,1.547965175e-01,1.039702715e-01,2.911114457e+01,4.351040312e+00,1.354951257e-01,3.332294980e-16,3.471140604e-18,4.370558683e-19,1.312154600e-02,-2.825498283e-01,-2.653798342e+00,-1.499125719e+00,-1.365207791e+00,-7.866627574e-01,1.501517743e-01,3.824690421e-03,4.121611974e+00,-1.362299284e+00,-2.948989180e-01,3.192992651e-02,2.769305589e-03,6.166586365e-01,-4.384084378e-02,1.048496799e-01,6.314437530e-01,-5.726883852e-02,9.224493187e-03,4.850639999e-01,-1.230066419e-01,2.250016667e-02,1.978818473e+00,6.999998540e-02,0,0
6.490000000e+00,9.769198775e-02,3.108601788e-01,3.178646088e-02,1.548050183e-01,1.039772444e-01,2.950239206e+01,4.397064586e+00,1.354950171e-01,4.576029882e-16,5.485677295e-18,2.185279341e-19,1.137944000e-02,-2.825510204e-01,-2.653807163e+00,-1.499127269e+00,-1.365245938e+00,-7.866581678e-01,1.501739770e-01,7.250240816e-02,4.163694451e+00,-1.379191870e+00,-2.992113698e-01,2.942256512e-02,2.355716112e-03,6.166574138e-01,-4.384185818e-02,1.048529662e-01,6.314437530e-01,-5.726883852e-02,9.224493187e-03,4.850637913e-01,-1.230067313e-01,2.249985002e-02,1.978816823e+00,7.000000402e-02,0,0
6.500000000e+00,9.769136696e-02,3.108494947e-01,1.308943981e-02,1.547997406e-01,1.039715186e-01,2.863661832e+01,4.387415359e+00,1.354947915e-01,2.428194638e-16,2.335442953e-18,5.463198354e-20,1.225225900e-02,-2.825496495e-01,-2.653806925e+00,-1.499130130e+00,-1.365237236e+00,-7.866627574e-01,1.501894146e-01,3.674745902e-02,4.154315627e+00,-1.377728585e+00,-3.011544003e-01,2.978498000e-02,2.767753581e-03,6.166578677e-01,-4.384050803e-02,1.048522126e-01,6.314437530e-01,-5.726883852e-02,9.224493187e-03,4.850634933e-01,-1.230069101e-01,2.249989286e-02,1.978816980e+00,7.000004500e-02,0,0
6.510000000e+00,9.769145731e-02,3.108508286e-01,1.666128095e-02,1.548003995e-01,1.039705533e-01,2.852281365e+01,4.395786423e+00,1.354950792e-01,3.514024854e-16,9.697399036e-19,2.710505431e-20,1.162689200e-02,-2.825475931e-01,-2.653808832e+00,-1.499126554e+00,-1.365248442e+00,-7.866405845e-01,1.501880437e-01,9.125712682e-02,4.161068219e+00,-1.381431353e+00,-3.016538530e-01,2.762078776e-02,3.338399356e-03,6.166588088e-01,-4.384247728e-02,1.048527269e-01,6.314437530e-01,-5.726883852e-02,9.224493187e-03,4.850638807e-01,-1.230067164e-01,2.250009403e-02,1.978817648e+00,6.999994814e-02,0,0
6.520000000e+00,9.769216852e-02,3.108556689e-01,1.883987098e-02,1.548027905e-01,1.039700533e-01,2.858991090e+01,4.385516223e+00,1.354958688e-01,2.222088686e-16,1.226634733e-18,2.710505431e-20,1.190952500e-02,-2.825438082e-01,-2.653803110e+00,-1.499116540e+00,-1.365251541e+00,-7.866033316e-01,1.501579583e-01,3.610294613e-02,4.151785340e+00,-1.379314072e+00,-3.011671921e-01,3.018790395e-02,2.704844250e-03,6.166607146e-01,-4.384567251e-02,1.048541966e-01,6.314437530e-01,-5.726883852e-02,9.224493187e-03,4.850637317e-01,-1.230067834e-01,2.249990776e-02,1.978818552e+00,6.999997422e-02,0,0
6.530000000e+00,9.769062131e-02,3.108425313e-01,2.672854063e-02,1.547963009e-01,1.039614308e-01,2.938068373e+01,4.374846457e+00,1.354961717e-01,4.445785253e-16,1.939479807e-18,2.168404345e-19,1.135386000e-02,-2.825406790e-01,-2.653800249e+00,-1.499112725e+00,-1.365242004e+00,-7.865751982e-01,1.501529366e-01,9.259754701e-02,4.143537586e+00,-1.368457015e+00,-2.972297382e-01,2.788682740e-02,2.386678209e-03,6.166631561e-01,-4.384820611e-02,1.048533490e-01,6.314437530e-01,-5.726883852e-02,9.224493187e-03,4.850637615e-01,-1.230066493e-01,2.249985933e-02,1.978817727e+00,6.999999285e-02,0,0
6.540000000e+00,9.768884691e-02,3.108247343e-01,3.770218776e-02,1.547875097e-01,1.039519446e-01,2.887529246e+01,4.417599093e+00,1.354962775e-01,7.806255642e-18,2.105139830e-18,4.370558683e-19,1.256457100e-02,-2.825385332e-01,-2.653793573e+00,-1.499111295e+00,-1.365216732e+00,-7.865708470e-01,1.501503289e-01,7.140847386e-02,4.181950600e+00,-1.388385324e+00,-3.048665783e-01,2.845998984e-02,2.084176694e-03,6.166646266e-01,-4.384786917e-02,1.048517164e-01,6.314437530e-01,-5.726883852e-02,9.224493187e-03,4.850636125e-01,-1.230066046e-01,2.249995060e-02,1.978816783e+00,6.999999657e-02,0,0
6.550000000e+00,9.768965278e-02,3.108323417e-01,2.836366744e-02,1.547912675e-01,1.039538382e-01,2.934018663e+01,4.396283217e+00,1.354963352e-01,5.422225033e-17,2.742838647e-18,2.919303692e-19,1.217085800e-02,-2.825364470e-01,-2.653796196e+00,-1.499110699e+00,-1.365228891e+00,-7.865465879e-01,1.501406133e-01,8.337620864e-02,4.163010678e+00,-1.378016222e+00,-2.998866696e-01,2.881041418e-02,2.421744819e-03,6.166661413e-01,-4.385026780e-02,1.048531103e-01,6.314437530e-01,-5.726883852e-02,9.224493187e-03,4.850637913e-01,-1.230065972e-01,2.249990031e-02,1.978816980e+00,7.000002265e-02,0,0
6.560000000e+00,9.768876471e-02,3.108213562e-01,2.637702008e-02,1.547858410e-01,1.039481804e-01,2.888595519e+01,4.414953714e+00,1.354962468e-01,2.398141489e-16,2.453269467e-18,2.206191582e-19,1.252777100e-02,-2.825343609e-01,-2.653793573e+00,-1.499111772e+00,-1.365214825e+00,-7.865513563e-01,1.501474530e-01,7.453678112e-02,4.179440965e+00,-1.387534084e+00,-3.040763187e-01,2.854990128e-02,2.333586098e-03,6.166666302e-01,-4.384845337e-02,1.048520240e-01,6.314437530e-01,-5.726883852e-02,9.224493187e-03,4.850636721e-01,-1.230066717e-01,2.249998040e-02,1.978817569e+00,6.999997050e-02,0,0
6.570000000e+00,9.768925166e-02,3.108215598e-01,1.268615641e-02,1.547859416e-01,1.039465834e-01,2.849916960e+01,4.390781027e+00,1.354965152e-01,2.238616790e-16,2.263880600e-18,9.583083854e-21,1.266012200e-02,-2.825334370e-01,-2.653795958e+00,-1.499108434e+00,-1.365229130e+00,-7.865337133e-01,1.501561105e-01,9.251267595e-02,4.156762109e+00,-1.378451091e+00,-3.014293718e-01,2.703809271e-02,3.173110811e-03,6.166670308e-01,-4.385036787e-02,1.048528520e-01,6.314437530e-01,-5.726883852e-02,9.224493187e-03,4.850636125e-01,-1.230068803e-01,2.249990404e-02,1.978817059e+00,7.000000030e-02,0,0
6.580000000e+00,9.768686483e-02,3.108146978e-01,3.256431821e-02,1.547825519e-01,1.039429489e-01,2.962979503e+01,4.381410069e+00,1.354972274e-01,5.667795834e-17,5.485677295e-18,8.131516294e-20,1.178018400e-02,-2.825303078e-01,-2.653784275e+00,-1.499099255e+00,-1.365199447e+00,-7.865090370e-01,1.501046270e-01,8.665218697e-02,4.149166427e+00,-1.372802938e+00,-2.970949580e-01,2.838641375e-02,2.107450863e-03,6.166694484e-01,-4.385242840e-02,1.048510764e-01,6.314437530e-01,-5.726883852e-02,9.224493187e-03,4.850636721e-01,-1.230066568e-01,2.249986678e-02,1.978817569e+00,7.000003755e-02,0,0
6.590000000e+00,9.768868513e-02,3.108234000e-01,2.346898516e-02,1.547868506e-01,1.039455978e-01,2.890179461e+01,4.394896647e+00,1.354969696e-01,1.502164360e-16,4.336808690e-19,1.278542855e-19,1.120500800e-02,-2.825296223e-01,-2.653792620e+00,-1.499102712e+00,-1.365225911e+00,-7.864995599e-01,1.501252502e-01,6.361591660e-02,4.160082911e+00,-1.383178529e+00,-3.011829116e-01,2.965467983e-02,2.517653952e-03,6.166694948e-01,-4.385328876e-02,1.048530638e-01,6.314437530e-01,-5.726883852e-02,9.224493187e-03,4.850637019e-01,-1.230066642e-01,2.249992453e-02,1.978817609e+00,6.999995932e-02,0,0
6.600000000e+00,9.768843100e-02,3.108194497e-01,2.155805092e-02,1.547848992e-01,1.039422479e-01,2.881593783e+01,4.397967572e+00,1.354973043e-01,3.856591101e-17,8.940560153e-19,9.091311596e-20,1.115661800e-02,-2.825269401e-01,-2.653786421e+00,-1.499098420e+00,-1.365213871e+00,-7.864843607e-01,1.501070112e-01,8.311330671e-02,4.162602806e+00,-1.384186364e+00,-3.019316569e-01,2.842661798e-02,2.475653259e-03,6.166709455e-01,-4.385407170e-02,1.048531382e-01,6.314437530e-01,-5.726883852e-02,9.224493187e-03,4.850637019e-01,-1.230067089e-01,2.249990404e-02,1.978818277e+00,6.999997422e-02,0,0
6.610000000e+00,9.768801548e-02,3.108123677e-01,2.611447431e-02,1.547814009e-01,1.039353831e-01,2.904730569e+01,4.375277758e+00,1.354980717e-01,1.123292055e-16,9.697399036e-19,2.172635382e-19,1.232653900e-02,-2.825252116e-01,-2.653787136e+00,-1.499088764e+00,-1.365229607e+00,-7.864406705e-01,1.501122415e-01,8.085823664e-02,4.141907849e+00,-1.375200265e+00,-2.984953404e-01,2.891206946e-02,2.371864840e-03,6.166726513e-01,-4.385937238e-02,1.048537206e-01,6.314437530e-01,-5.726883852e-02,9.224493187e-03,4.850636721e-01,-1.230066717e-01,2.249990217e-02,1.978817648e+00,7.000001892e-02,0,0
6.620000000e+00,9.768748413e-02,3.107998363e-01,3.291858085e-02,1.547752107e-01,1.039260395e-01,2.893986821e+01,4.417014206e+00,1.354985687e-01,3.337641328e-16,2.335442953e-18,1.714274155e-19,1.127062800e-02,-2.825224400e-01,-2.653779507e+00,-1.499082446e+00,-1.365216017e+00,-7.864093184e-01,1.501003206e-01,1.044521642e-01,4.180359758e+00,-1.389345213e+00,-3.043546326e-01,2.792427681e-02,2.216634967e-03,6.166752917e-01,-4.386262352e-02,1.048540415e-01,6.314437530e-01,-5.726883852e-02,9.224493187e-03,4.850637615e-01,-1.230067015e-01,2.249989100e-02,1.978818316e+00,6.999997422e-02,0,0
6.630000000e+00,9.768625446e-02,3.107955291e-01,5.602930538e-02,1.547730830e-01,1.039227350e-01,2.942265182e+01,4.379156840e+00,1.354986971e-01,2.384408812e-16,5.057544570e-18,3.066586833e-19,1.226349800e-02,-2.825203836e-01,-2.653780699e+00,-1.499080896e+00,-1.365215898e+00,-7.863849401e-01,1.500926912e-01,6.891547442e-02,4.148060582e+00,-1.370210859e+00,-2.958246613e-01,2.928019356e-02,3.367145685e-03,6.166772010e-01,-4.386517201e-02,1.048534374e-01,6.314437530e-01,-5.726883852e-02,9.224493187e-03,4.850636423e-01,-1.230064929e-01,2.249999158e-02,1.978822601e+00,7.000004128e-02,0,0
6.640000000e+00,9.768498869e-02,3.107814420e-01,3.213161886e-02,1.547661244e-01,1.039148522e-01,2.906857384e+01,4.381427738e+00,1.354990753e-01,7.257905569e-17,6.106282077e-18,2.185279341e-19,1.281409400e-02,-2.825195491e-01,-2.653774738e+00,-1.499076009e+00,-1.365200996e+00,-7.863754034e-01,1.500910819e-01,3.621693191e-02,4.149345762e+00,-1.374234434e+00,-2.984200386e-01,3.072249697e-02,2.904819900e-03,6.166780980e-01,-4.386619367e-02,1.048524261e-01,6.314437530e-01,-5.726883852e-02,9.224493187e-03,4.850639105e-01,-1.230066195e-01,2.249990404e-02,1.978817412e+00,6.999996305e-02,0,0
6.650000000e+00,9.768650283e-02,3.107916601e-01,2.274842515e-02,1.547711718e-01,1.039202418e-01,2.893523139e+01,4.399753116e+00,1.354988805e-01,2.234361548e-16,1.563658610e-18,5.421010862e-20,1.230161900e-02,-2.825191915e-01,-2.653778076e+00,-1.499078512e+00,-1.365213037e+00,-7.863866687e-01,1.500975341e-01,1.174110169e-01,4.165013049e+00,-1.380098715e+00,-3.021215086e-01,2.742646535e-02,2.521233021e-03,6.166769424e-01,-4.386411334e-02,1.048535028e-01,6.314437530e-01,-5.726883852e-02,9.224493187e-03,4.850637615e-01,-1.230066344e-01,2.249988355e-02,1.978817884e+00,6.999996305e-02,0,0
6.660000000e+00,9.768719836e-02,3.107948208e-01,3.168403777e-02,1.547727331e-01,1.039197244e-01,2.904726061e+01,4.394600398e+00,1.354990128e-01,1.189582750e-16,2.637977740e-18,9.772866315e-20,1.114774700e-02,-2.825180888e-01,-2.653781414e+00,-1.499076962e+00,-1.365228415e+00,-7.863628864e-01,1.501005143e-01,7.025814317e-02,4.161190208e+00,-1.378852728e+00,-2.999240012e-01,2.956143444e-02,3.062845684e-03,6.166780757e-01,-4.386695656e-02,1.048547868e-01,6.314437530e-01,-5.726883852e-02,9.224493187e-03,4.850635231e-01,-1.230065227e-01,2.249994501e-02,1.978818552e+00,7.000004128e-02,0,0
6.670000000e+00,9.768618986e-02,3.107849876e-01,2.544016732e-02,1.547678758e-01,1.039150641e-01,2.910570532e+01,4.411525253e+00,1.354989242e-01,1.433116789e-17,5.222209201e-18,6.060874398e-20,1.288766400e-02,-2.825181186e-01,-2.653778315e+00,-1.499078035e+00,-1.365213275e+00,-7.863673568e-01,1.501020491e-01,6.027130191e-02,4.176532523e+00,-1.386438152e+00,-3.022981691e-01,2.994763138e-02,2.591228201e-03,6.166785560e-01,-4.386651166e-02,1.048537684e-01,6.314437530e-01,-5.726883852e-02,9.224493187e-03,4.850637615e-01,-1.230066717e-01,2.249988914e-02,1.978817609e+00,6.999997050e-02,0,0
6.680000000e+00,9.768708078e-02,3.107920879e-01,1.998556927e-02,1.547713832e-01,1.039163080e-01,2.887012824e+01,4.408156773e+00,1.354994813e-01,4.449058458e-16,3.302815099e-18,9.772866315e-20,1.296988500e-02,-2.825141549e-01,-2.653776407e+00,-1.499071002e+00,-1.365222692e+00,-7.863393426e-01,1.500831842e-01,6.684695086e-02,4.173294578e+00,-1.385114213e+00,-3.026059197e-01,2.949857714e-02,2.844855354e-03,6.166797528e-01,-4.386814328e-02,1.048550919e-01,6.314437530e-01,-5.726883852e-02,9.224493187e-03,4.850637615e-01,-1.230067164e-01,2.249991149e-02,1.978817845e+00,7.000000402e-02,0,0
6.690000000e+00,9.768452649e-02,3.107711086e-01,2.296812235e-02,1.547610199e-01,1.039042715e-01,2.904974144e+01,4.405235196e+00,1.355000052e-01,2.222579547e-16,4.210279659e-18,8.677851511e-20,1.271993300e-02,-2.825148106e-01,-2.653771400e+00,-1.499064326e+00,-1.365208268e+00,-7.863095403e-01,1.500807703e-01,7.875738700e-02,4.171090827e+00,-1.382170503e+00,-3.011183384e-01,2.862151781e-02,2.996557799e-03,6.166819986e-01,-4.387322865e-02,1.048535419e-01,6.314437530e-01,-5.726883852e-02,9.224493187e-03,4.850638807e-01,-1.230066344e-01,2.250003628e-02,1.978817255e+00,6.999999657e-02,0,0
6.700000000e+00,9.768668737e-02,3.107829448e-01,1.559039452e-02,1.547668667e-01,1.039086797e-01,2.876201168e+01,4.404837223e+00,1.354996437e-01,1.118762159e-16,7.818293052e-19,7.298259229e-20,1.185224400e-02,-2.825138271e-01,-2.653778791e+00,-1.499069095e+00,-1.365231514e+00,-7.863037586e-01,1.500945985e-01,8.975161551e-02,4.169419300e+00,-1.384899929e+00,-3.028628765e-01,2.823825074e-02,2.678472136e-03,6.166821002e-01,-4.387341907e-02,1.048557916e-01,6.314437530e-01,-5.726883852e-02,9.224493187e-03,4.850636423e-01,-1.230067536e-01,2.249993198e-02,1.978821225e+00,6.999999285e-02,0,0
6.710000000e+00,9.768596507e-02,3.107784993e-01,2.377162115e-02,1.547646707e-01,1.039050413e-01,2.912451083e+01,4.400737451e+00,1.355001111e-01,4.475494116e-16,4.091337135e-18,5.587850096e-20,1.362334200e-02,-2.825115621e-01,-2.653773546e+00,-1.499063134e+00,-1.365222812e+00,-7.862811089e-01,1.500748247e-01,6.839726920e-02,4.166147838e+00,-1.383365987e+00,-3.007295347e-01,2.962100059e-02,2.647817396e-03,6.166837526e-01,-4.387552875e-02,1.048556043e-01,6.314437530e-01,-5.726883852e-02,9.224493187e-03,4.850638211e-01,-1.230067089e-01,2.249989286e-02,1.978817805e+00,6.999997050e-02,0,0
6.720000000e+00,9.768358130e-02,3.107515991e-01,2.889283562e-02,1.547513826e-01,1.038885228e-01,2.854288785e+01,4.412744069e+00,1.355004772e-01,2.227752393e-16,2.637977740e-18,1.170255031e-19,1.437891900e-02,-2.825080454e-01,-2.653766870e+00,-1.499058485e+00,-1.365200162e+00,-7.862472534e-01,1.500768065e-01,7.725460290e-02,4.177778395e+00,-1.385459523e+00,-3.036033490e-01,2.870536761e-02,3.542440231e-03,6.166872190e-01,-4.387888899e-02,1.048541748e-01,6.314437530e-01,-5.726883852e-02,9.224493187e-03,4.850639701e-01,-1.230067536e-01,2.250006795e-02,1.978815879e+00,7.000001520e-02,0,0
6.730000000e+00,9.768486606e-02,3.107649074e-01,2.060745253e-02,1.547579567e-01,1.038950307e-01,2.871367576e+01,4.420719559e+00,1.355003624e-01,8.917060826e-16,1.788112031e-18,8.571370773e-20,1.223704800e-02,-2.825085223e-01,-2.653770924e+00,-1.499060035e+00,-1.365215421e+00,-7.862433791e-01,1.500712335e-01,7.320690287e-02,4.184878352e+00,-1.389512647e+00,-3.042799654e-01,2.921500373e-02,3.185157969e-03,6.166870289e-01,-4.387965672e-02,1.048555653e-01,6.314437530e-01,-5.726883852e-02,9.224493187e-03,4.850639403e-01,-1.230067387e-01,2.250002511e-02,1.978819378e+00,6.999998167e-02,0,0
6.740000000e+00,9.768506658e-02,3.107570238e-01,4.292825602e-02,1.547540623e-01,1.038881042e-01,2.890985456e+01,4.374956562e+00,1.355009374e-01,1.111455959e-15,8.673617380e-19,3.428548309e-19,1.266108200e-02,-2.825064361e-01,-2.653769016e+00,-1.499052763e+00,-1.365222573e+00,-7.862153053e-01,1.500792354e-01,3.949607535e-02,4.144155450e+00,-1.369401088e+00,-2.974854386e-01,2.986059975e-02,3.464029675e-03,6.166882006e-01,-4.388247146e-02,1.048563450e-01,6.314437530e-01,-5.726883852e-02,9.224493187e-03,4.850635529e-01,-1.230065748e-01,2.249988541e-02,1.978817648e+00,6.999994814e-02,0,0
6.750000000e+00,9.768397084e-02,3.107535430e-01,6.778549830e-02,1.547523429e-01,1.038864350e-01,2.993127865e+01,4.399907879e+00,1.355009661e-01,1.130402309e-16,8.673617380e-19,7.531108977e-19,1.284674400e-02,-2.825061977e-01,-2.653767824e+00,-1.499052405e+00,-1.365214825e+00,-7.862066627e-01,1.500684172e-01,1.389572522e-01,4.164396837e+00,-1.380922484e+00,-2.999347822e-01,2.774996305e-02,1.167876903e-03,6.166892433e-01,-4.388379015e-02,1.048555712e-01,6.314437530e-01,-5.726883852e-02,9.224493187e-03,4.850638807e-01,-1.230066493e-01,2.249995247e-02,1.978818041e+00,6.999998167e-02,0,0
6.760000000e+00,9.768399361e-02,3.107563818e-01,2.100102812e-02,1.547537452e-01,1.038889601e-01,2.891828860e+01,4.397353924e+00,1.355012475e-01,2.582699749e-16,1.371419324e-18,3.833233542e-20,1.296779600e-02,-2.825062871e-01,-2.653763771e+00,-1.499048710e+00,-1.365209103e+00,-7.862168550e-01,1.500562876e-01,9.987580266e-02,4.163401319e+00,-1.378946847e+00,-3.009237814e-01,2.787783026e-02,3.018925630e-03,6.166881634e-01,-4.388215774e-02,1.048551993e-01,6.314437530e-01,-5.726883852e-02,9.224493187e-03,4.850640595e-01,-1.230066568e-01,2.250003815e-02,1.978817216e+00,6.999996677e-02,0,0
6.770000000e+00,9.768563067e-02,3.107638412e-01,2.137644249e-02,1.547574300e-01,1.038908590e-01,2.891541500e+01,4.422950674e+00,1.355011079e-01,2.233974306e-16,3.157244383e-18,1.648736088e-19,1.139232000e-02,-2.825041115e-01,-2.653768539e+00,-1.499050617e+00,-1.365226746e+00,-7.862062454e-01,1.500660777e-01,1.003524460e-01,4.186109161e+00,-1.391159135e+00,-3.045982384e-01,2.831390723e-02,2.577219936e-03,6.166886038e-01,-4.388234758e-02,1.048569661e-01,6.314437530e-01,-5.726883852e-02,9.224493187e-03,4.850637913e-01,-1.230067387e-01,2.249994129e-02,1.978819142e+00,6.999997422e-02,0,0
6.780000000e+00,9.768215461e-02,3.107447913e-01,3.605545527e-02,1.547480198e-01,1.038831197e-01,2.902159548e+01,4.393570676e+00,1.355013839e-01,2.235438738e-16,4.034922150e-18,1.157928428e-19,1.270663200e-02,-2.825045884e-01,-2.653759480e+00,-1.499046922e+00,-1.365190864e+00,-7.862096429e-01,1.500469744e-01,5.146654233e-02,4.159993000e+00,-1.379856235e+00,-3.005191338e-01,3.082398204e-02,2.760479341e-03,6.166894470e-01,-4.388243408e-02,1.048535576e-01,6.314437530e-01,-5.726883852e-02,9.224493187e-03,4.850639105e-01,-1.230066344e-01,2.250004001e-02,1.978819142e+00,6.999994069e-02,0,0
6.790000000e+00,9.768436620e-02,3.107452761e-01,2.598364444e-02,1.547482593e-01,1.038792366e-01,2.899604086e+01,4.397908588e+00,1.355011501e-01,6.681354521e-16,1.226634733e-18,1.714274155e-19,1.217885700e-02,-2.825036645e-01,-2.653766394e+00,-1.499050140e+00,-1.365216255e+00,-7.861832380e-01,1.500775069e-01,7.328332855e-02,4.162592671e+00,-1.384784591e+00,-3.008689693e-01,2.989901188e-02,2.704027408e-03,6.166910098e-01,-4.388586892e-02,1.048565385e-01,6.314437530e-01,-5.726883852e-02,9.224493187e-03,4.850636423e-01,-1.230065450e-01,2.249993943e-02,1.978818001e+00,6.999991462e-02,0,0
6.800000000e+00,9.768246327e-02,3.107414830e-01,4.155322161e-02,1.547463855e-01,1.038782221e-01,2.836114210e+01,4.391274847e+00,1.355015284e-01,6.766766945e-16,2.570839744e-18,7.761706351e-19,1.193971500e-02,-2.825017273e-01,-2.653763056e+00,-1.499045253e+00,-1.365204930e+00,-7.861761451e-01,1.500570029e-01,7.409280956e-02,4.157436235e+00,-1.379183413e+00,-3.009451401e-01,2.826024012e-02,3.935694341e-03,6.166915156e-01,-4.388575333e-02,1.048546566e-01,6.314437530e-01,-5.726883852e-02,9.224493187e-03,4.850638807e-01,-1.230066642e-01,2.250002697e-02,1.978817333e+00,6.999998912e-02,0,0
6.810000000e+00,9.768460469e-02,3.107546575e-01,2.516998404e-02,1.547528935e-01,1.038836806e-01,2.928496805e+01,4.400086825e+00,1.355017397e-01,3.331188547e-16,4.336808690e-19,3.090451682e-19,1.313588700e-02,-2.825023532e-01,-2.653765202e+00,-1.499042630e+00,-1.365225673e+00,-7.861682773e-01,1.500561982e-01,7.247291851e-02,4.166640356e+00,-1.379719647e+00,-3.002455573e-01,2.897877893e-02,2.533816427e-03,6.166908728e-01,-4.388702236e-02,1.048569224e-01,6.314437530e-01,-5.726883852e-02,9.224493187e-03,4.850638509e-01,-1.230066866e-01,2.249985002e-02,1.978817569e+00,6.999998912e-02,0,0
6.820000000e+00,9.768286724e-02,3.107382026e-01,9.061352995e-03,1.547447651e-01,1.038746870e-01,2.830433098e+01,4.397404961e+00,1.355015622e-01,1.118661287e-16,3.909146526e-19,7.576092997e-21,1.389444400e-02,-2.825000882e-01,-2.653763771e+00,-1.499044895e+00,-1.365209341e+00,-7.861617208e-01,1.500647515e-01,7.642153930e-02,4.162336166e+00,-1.383362131e+00,-3.029824152e-01,2.807669436e-02,3.217245366e-03,6.166925721e-01,-4.388697446e-02,1.048554031e-01,6.314437530e-01,-5.726883852e-02,9.224493187e-03,4.850637019e-01,-1.230067834e-01,2.249985188e-02,1.978818906e+00,7.000000775e-02,0,0
6.830000000e+00,9.768134907e-02,3.107325392e-01,2.644288517e-02,1.547419675e-01,1.038707203e-01,2.925602857e+01,4.398307641e+00,1.355021963e-01,4.590802373e-16,2.453269467e-18,1.818262319e-19,1.210858700e-02,-2.824974358e-01,-2.653756618e+00,-1.499036789e+00,-1.365194917e+00,-7.861336470e-01,1.500328779e-01,7.164832423e-02,4.165069344e+00,-1.378890163e+00,-2.999735657e-01,2.906263951e-02,2.669127875e-03,6.166946683e-01,-4.388970136e-02,1.048545572e-01,6.314437530e-01,-5.726883852e-02,9.224493187e-03,4.850639403e-01,-1.230067238e-01,2.250007354e-02,1.978818080e+00,6.999997422e-02,0,0
6.840000000e+00,9.768352461e-02,3.107408922e-01,2.660090772e-02,1.547460937e-01,1.038734900e-01,2.869303434e+01,4.402475621e+00,1.355020636e-01,8.397298061e-17,3.035766083e-18,6.060874398e-20,1.332490900e-02,-2.824979126e-01,-2.653760910e+00,-1.499038577e+00,-1.365214705e+00,-7.861312628e-01,1.500483900e-01,7.814260533e-02,4.166819706e+00,-1.385838012e+00,-3.031397618e-01,2.918220245e-02,2.560997716e-03,6.166942004e-01,-4.389018743e-02,1.048567752e-01,6.314437530e-01,-5.726883852e-02,9.224493187e-03,4.850637317e-01,-1.230066568e-01,2.249993570e-02,1.978818237e+00,6.999997050e-02,0,0
6.850000000e+00,9.768411598e-02,3.107477199e-01,2.354891910e-02,1.547494664e-01,1.038769372e-01,2.902603933e+01,4.406177887e+00,1.355022234e-01,1.062296840e-17,4.336808690e-19,8.243680438e-20,1.281358400e-02,-2.824980617e-01,-2.653761387e+00,-1.499036551e+00,-1.365222096e+00,-7.861288786e-01,1.500419825e-01,6.878881457e-02,4.171686718e+00,-1.383676388e+00,-3.021137544e-01,2.935778524e-02,2.578116679e-03,6.166937815e-01,-4.389048138e-02,1.048573558e-01,6.314437530e-01,-5.726883852e-02,9.224493187e-03,4.850636721e-01,-1.230065972e-01,2.249991335e-02,1.978816665e+00,6.999998167e-02,0,0
6.860000000e+00,9.768141007e-02,3.107317579e-01,1.990329231e-02,1.547415815e-01,1.038705274e-01,2.892648452e+01,4.407619458e+00,1.355020341e-01,2.258140929e-16,2.335442953e-18,9.772866315e-20,1.156049100e-02,-2.824964225e-01,-2.653753996e+00,-1.499038815e+00,-1.365184307e+00,-7.861405611e-01,1.500265598e-01,7.022110005e-02,4.172972002e+00,-1.384245612e+00,-3.024663257e-01,2.921738778e-02,2.739686293e-03,6.166949361e-01,-4.388820824e-02,1.048544519e-01,6.314437530e-01,-5.726883852e-02,9.224493187e-03,4.850637615e-01,-1.230067313e-01,2.249986865e-02,1.978818630e+00,7.000000030e-02,0,0
6.870000000e+00,9.768332695e-02,3.107469465e-01,2.349075978e-02,1.547490844e-01,1.038775927e-01,2.906821041e+01,4.415864692e+00,1.355021071e-01,2.222207179e-16,2.776912484e-18,8.571370773e-20,1.290944400e-02,-2.824973166e-01,-2.653759241e+00,-1.499037981e+00,-1.365209699e+00,-7.861356139e-01,1.500294954e-01,7.437169620e-02,4.179947766e+00,-1.389173933e+00,-3.027896401e-01,2.955668212e-02,2.667793115e-03,6.166940161e-01,-4.388917158e-02,1.048564028e-01,6.314437530e-01,-5.726883852e-02,9.224493187e-03,4.850637615e-01,-1.230067760e-01,2.249991521e-02,1.978815879e+00,6.999996677e-02,0,0
6.880000000e+00,9.768359318e-02,3.107408514e-01,3.840681765e-02,1.547460736e-01,1.038719970e-01,2.866047468e+01,4.405391237e+00,1.355023919e-01,8.928961457e-16,8.673617380e-19,4.631713711e-19,1.153948100e-02,-2.824949324e-01,-2.653757095e+00,-1.499034405e+00,-1.365210533e+00,-7.861138582e-01,1.500320882e-01,6.979172763e-02,4.169366298e+00,-1.387680202e+00,-3.040495247e-01,2.962863694e-02,2.328259339e-03,6.166954801e-01,-4.389103133e-02,1.048571607e-01,6.314437530e-01,-5.726883852e-02,9.224493187e-03,4.850637019e-01,-1.230067387e-01,2.249994874e-02,1.978818041e+00,6.999992952e-02,0,0
6.890000000e+00,9.768337669e-02,3.107389193e-01,1.982372747e-02,1.547451191e-01,1.038703989e-01,2.882745415e+01,4.420562421e+00,1.355026726e-01,6.679124681e-16,7.818293052e-19,3.833233542e-20,1.285466300e-02,-2.824935615e-01,-2.653756380e+00,-1.499030828e+00,-1.365212798e+00,-7.861052752e-01,1.500315964e-01,7.024664138e-02,4.184633126e+00,-1.389871582e+00,-3.044154174e-01,2.938943854e-02,2.762161137e-03,6.166956651e-01,-4.389138021e-02,1.048570169e-01,6.314437530e-01,-5.726883852e-02,9.224493187e-03,4.850635529e-01,-1.230067089e-01,2.249993943e-02,1.978817727e+00,6.999998912e-02,0,0
6.900000000e+00,9.768378860e-02,3.107357136e-01,3.922997966e-02,1.547435356e-01,1.038682595e-01,2.876464424e+01,4.423751839e+00,1.355026539e-01,2.277794975e-16,2.453269467e-18,1.092639671e-19,1.275618300e-02,-2.824941874e-01,-2.653756380e+00,-1.499031067e+00,-1.365214586e+00,-7.861071229e-01,1.500434279e-01,7.037623122e-02,4.187431887e+00,-1.391254469e+00,-3.060053087e-01,2.844317475e-02,2.108728896e-03,6.166954452e-01,-4.389146103e-02,1.048574150e-01,6.314437530e-01,-5.726883852e-02,9.224493187e-03,4.850637317e-01,-1.230066195e-01,2.249987796e-02,1.978818434e+00,7.000000402e-02,0,0
6.910000000e+00,9.768339005e-02,3.107341933e-01,1.902948936e-02,1.547427846e-01,1.038662742e-01,2.863002830e+01,4.396598241e+00,1.355025957e-01,6.746613696e-16,2.453269467e-18,9.091311596e-20,1.459498000e-02,-2.824929953e-01,-2.653757572e+00,-1.499031901e+00,-1.365214944e+00,-7.860885859e-01,1.500380039e-01,7.833781612e-02,4.161299746e+00,-1.383937074e+00,-3.023078746e-01,2.905431281e-02,2.770250111e-03,6.166971601e-01,-4.389370980e-02,1.048575869e-01,6.314437530e-01,-5.726883852e-02,9.224493187e-03,4.850637317e-01,-1.230067164e-01,2.249990404e-02,1.978816901e+00,6.999993324e-02,0,0
6.920000000e+00,9.768193446e-02,3.107192755e-01,8.197680483e-02,1.547354155e-01,1.038562699e-01,2.969731194e+01,4.405555577e+00,1.355033367e-01,4.466104463e-16,3.469446952e-18,1.939479807e-18,1.319098800e-02,-2.824913263e-01,-2.653753042e+00,-1.499022484e+00,-1.365210652e+00,-7.860529423e-01,1.500348896e-01,6.455463834e-02,4.170414988e+00,-1.385759497e+00,-3.018117040e-01,3.115373734e-02,1.107737794e-03,6.166991738e-01,-4.389805362e-02,1.048570181e-01,6.314437530e-01,-5.726883852e-02,9.224493187e-03,4.850638211e-01,-1.230066940e-01,2.250000089e-02,1.978818080e+00,7.000000030e-02,0,0
6.930000000e+00,9.768172720e-02,3.107241047e-01,4.130002119e-02,1.547378011e-01,1.038591887e-01,2.938987041e+01,4.395308249e+00,1.355035317e-01,4.442899113e-16,8.673617380e-19,2.185279341e-19,1.188398400e-02,-2.824898660e-01,-2.653752804e+00,-1.499019980e+00,-1.365212321e+00,-7.860513330e-01,1.500230581e-01,6.602854521e-02,4.162240908e+00,-1.378155876e+00,-2.998248709e-01,3.018848017e-02,2.353475574e-03,6.166989358e-01,-4.389728242e-02,1.048566618e-01,6.314437530e-01,-5.726883852e-02,9.224493187e-03,4.850641191e-01,-1.230066717e-01,2.250001393e-02,1.978817884e+00,6.999998167e-02,0,0
6.940000000e+00,9.768335571e-02,3.107300827e-01,1.634346584e-02,1.547407541e-01,1.038620967e-01,2.858343765e+01,4.405025455e+00,1.355031694e-01,4.443093838e-16,1.226634733e-18,5.749850313e-20,1.329088800e-02,-2.824900448e-01,-2.653756618e+00,-1.499024630e+00,-1.365223050e+00,-7.860652804e-01,1.500406712e-01,6.685161145e-02,4.170143386e+00,-1.384437877e+00,-3.035819021e-01,2.908841142e-02,2.814743450e-03,6.166978904e-01,-4.389520937e-02,1.048578742e-01,6.314437530e-01,-5.726883852e-02,9.224493187e-03,4.850636125e-01,-1.230066344e-01,2.249990590e-02,1.978818513e+00,7.000002638e-02,0,0
6.950000000e+00,9.768106369e-02,3.107177228e-01,3.152790824e-02,1.547346486e-01,1.038568435e-01,2.885694711e+01,4.419825754e+00,1.355031991e-01,3.331414379e-16,9.697399036e-19,1.212174880e-19,1.340574900e-02,-2.824888825e-01,-2.653750896e+00,-1.499024153e+00,-1.365196586e+00,-7.860665321e-01,1.500257999e-01,6.830610113e-02,4.183579151e+00,-1.390711072e+00,-3.048432167e-01,2.911375916e-02,2.275456955e-03,6.166989973e-01,-4.389463005e-02,1.048556227e-01,6.314437530e-01,-5.726883852e-02,9.224493187e-03,4.850641489e-01,-1.230063513e-01,2.250004746e-02,1.978815447e+00,6.999998167e-02,0,0
6.960000000e+00,9.768190531e-02,3.107198832e-01,2.320997522e-02,1.547357157e-01,1.038566197e-01,2.863426333e+01,4.432431012e+00,1.355030268e-01,4.457370199e-16,1.226634733e-18,1.823306052e-19,1.289845400e-02,-2.824874520e-01,-2.653751850e+00,-1.499026418e+00,-1.365199566e+00,-7.860592604e-01,1.500270069e-01,6.379238516e-02,4.195948571e+00,-1.393289760e+00,-3.070463471e-01,2.915873128e-02,2.598090370e-03,6.166998800e-01,-4.389496702e-02,1.048566656e-01,6.314437530e-01,-5.726883852e-02,9.224493187e-03,4.850636125e-01,-1.230067238e-01,2.249990404e-02,1.978817255e+00,6.999996677e-02,0,0
6.970000000e+00,9.768110234e-02,3.107190512e-01,3.504763912e-02,1.547353047e-01,1.038567622e-01,2.926208447e+01,4.407000350e+00,1.355030718e-01,4.597884491e-16,1.939479807e-18,6.510857472e-19,1.319602800e-02,-2.824871838e-01,-2.653750420e+00,-1.499025822e+00,-1.365192652e+00,-7.860575914e-01,1.500156522e-01,7.172654764e-02,4.172055252e+00,-1.385100543e+00,-3.018240003e-01,2.927132338e-02,2.074968125e-03,6.167002646e-01,-4.389513500e-02,1.048559282e-01,6.314437530e-01,-5.726883852e-02,9.224493187e-03,4.850637913e-01,-1.230066568e-01,2.249995619e-02,1.978817373e+00,6.999996677e-02,0,0
6.980000000e+00,9.768119706e-02,3.107153275e-01,3.162736201e-02,1.547334653e-01,1.038534332e-01,2.916384807e+01,4.398824750e+00,1.355033086e-01,2.305045437e-16,4.594766429e-18,1.084202172e-19,1.141424000e-02,-2.824858129e-01,-2.653750420e+00,-1.499022841e+00,-1.365197659e+00,-7.860442400e-01,1.500220746e-01,6.502472853e-02,4.164966413e+00,-1.381034533e+00,-3.005375292e-01,2.999061324e-02,2.668076479e-03,6.167008172e-01,-4.389623415e-02,1.048562638e-01,6.314437530e-01,-5.726883852e-02,9.224493187e-03,4.850637317e-01,-1.230066344e-01,2.249999344e-02,1.978819024e+00,6.999993324e-02,0,0
6.990000000e+00,9.768145277e-02,3.107187477e-01,2.056227987e-02,1.547351548e-01,1.038541338e-01,2.862374734e+01,4.397990871e+00,1.355033506e-01,4.475628591e-16,1.839952100e-18,6.776263578e-20,1.171698300e-02,-2.824839354e-01,-2.653750420e+00,-1.499022365e+00,-1.365199447e+00,-7.860308886e-01,1.500115097e-01,7.641793646e-02,4.162597445e+00,-1.384505236e+00,-3.025856133e-01,2.909209283e-02,2.713610285e-03,6.167019013e-01,-4.389716861e-02,1.048568228e-01,6.314437530e-01,-5.726883852e-02,9.224493187e-03,4.850634634e-01,-1.230067611e-01,2.249994129e-02,1.978817962e+00,6.999999657e-02,0,0
7.000000000e+00,9.768066583e-02,3.107143072e-01,3.496816963e-02,1.547329613e-01,1.038508188e-01,2.931791993e+01,4.391434310e+00,1.355038753e-01,5.588240101e-16,4.358438793e-18,1.626303259e-19,1.316888700e-02,-2.824830711e-01,-2.653748035e+00,-1.499015689e+00,-1.365199804e+00,-7.860096693e-01,1.500028819e-01,6.901564460e-02,4.158605797e+00,-1.376925240e+00,-2.985433541e-01,2.950481923e-02,2.860016968e-03,6.167028056e-01,-4.389975060e-02,1.048565194e-01,6.314437530e-01,-5.726883852e-02,9.224493187e-03,4.850637913e-01,-1.230065078e-01,2.249990776e-02,1.978821579e+00,7.000005245e-02,0,0
7.010000000e+00,9.768148521e-02,3.107129276e-01,2.563377710e-02,1.547322798e-01,1.038484231e-01,2.863681119e+01,4.404375287e+00,1.355042126e-01,5.795767988e-17,1.301042607e-18,1.117570019e-19,1.121888800e-02,-2.824819386e-01,-2.653745413e+00,-1.499011397e+00,-1.365203142e+00,-7.859984636e-01,1.500043273e-01,7.824425767e-02,4.168330780e+00,-1.387248289e+00,-3.034846617e-01,2.916306683e-02,2.601811947e-03,6.167031181e-01,-4.390064063e-02,1.048575289e-01,6.314437530e-01,-5.726883852e-02,9.224493187e-03,4.850636423e-01,-1.230066791e-01,2.249995247e-02,1.978817845e+00,6.999996677e-02,0,0
7.020000000e+00,9.767969067e-02,3.107015206e-01,2.911425504e-02,1.547266450e-01,1.038426041e-01,2.907348934e+01,4.403610756e+00,1.355042947e-01,6.727059920e-16,2.377841001e-18,2.498962532e-19,1.269607200e-02,-2.824806273e-01,-2.653742552e+00,-1.499010324e+00,-1.365188122e+00,-7.859903574e-01,1.499990523e-01,6.571786540e-02,4.168882006e+00,-1.384317986e+00,-3.010729409e-01,3.003896092e-02,2.851938599e-03,6.167043952e-01,-4.390127978e-02,1.048559821e-01,6.314437530e-01,-5.726883852e-02,9.224493187e-03,4.850639105e-01,-1.230065674e-01,2.250010893e-02,1.978818041e+00,6.999988481e-02,0,0
7.030000000e+00,9.767921296e-02,3.106982453e-01,2.408205432e-02,1.547250271e-01,1.038387701e-01,2.866460365e+01,4.383158451e+00,1.355046949e-01,8.675785513e-17,3.157244383e-18,1.135908764e-19,1.115018700e-02,-2.824780941e-01,-2.653742552e+00,-1.499005318e+00,-1.365193725e+00,-7.859590650e-01,1.499930471e-01,6.333517108e-02,4.150538104e+00,-1.374835287e+00,-3.001019218e-01,2.926960265e-02,3.190115545e-03,6.167062039e-01,-4.390443321e-02,1.048562137e-01,6.314437530e-01,-5.726883852e-02,9.224493187e-03,4.850640595e-01,-1.230067462e-01,2.250005864e-02,1.978817648e+00,6.999995559e-02,0,0
7.040000000e+00,9.767852521e-02,3.106909834e-01,2.974991238e-02,1.547214398e-01,1.038341009e-01,2.902654975e+01,4.404157822e+00,1.355050568e-01,4.493143103e-16,3.476216611e-18,7.666467083e-20,1.145083000e-02,-2.824764550e-01,-2.653737068e+00,-1.499000669e+00,-1.365182400e+00,-7.859458923e-01,1.499818265e-01,6.266112244e-02,4.170733014e+00,-1.380586374e+00,-3.012787846e-01,2.948052752e-02,3.015060069e-03,6.167073269e-01,-4.390550505e-02,1.048558340e-01,6.314437530e-01,-5.726883852e-02,9.224493187e-03,4.850640893e-01,-1.230067015e-01,2.250023372e-02,1.978816704e+00,6.999991834e-02,0,0
7.050000000e+00,9.768203824e-02,3.107145077e-01,1.612301752e-02,1.547330604e-01,1.038450220e-01,2.864384074e+01,4.396137409e+00,1.355046391e-01,2.234715058e-16,1.788112031e-18,7.298259229e-20,1.195220500e-02,-2.824765444e-01,-2.653746128e+00,-1.499006152e+00,-1.365215659e+00,-7.859497666e-01,1.499926895e-01,7.349968276e-02,4.161223968e+00,-1.382994124e+00,-3.022102408e-01,2.873959724e-02,2.694397872e-03,6.167062117e-01,-4.390471479e-02,1.048591400e-01,6.314437530e-01,-5.726883852e-02,9.224493187e-03,4.850637019e-01,-1.230067760e-01,2.249989845e-02,1.978817648e+00,6.999999285e-02,0,0
7.060000000e+00,9.767982043e-02,3.106944699e-01,6.841402370e-02,1.547231621e-01,1.038334972e-01,2.936561419e+01,4.412112713e+00,1.355050133e-01,4.553814333e-16,3.878959614e-18,4.470280077e-19,1.230014900e-02,-2.824771404e-01,-2.653741360e+00,-1.499001384e+00,-1.365200400e+00,-7.859245539e-01,1.499923617e-01,6.403974238e-02,4.176192653e+00,-1.388928359e+00,-3.032526090e-01,3.107809791e-02,1.564550927e-03,6.167083812e-01,-4.390912250e-02,1.048578249e-01,6.314437530e-01,-5.726883852e-02,9.224493187e-03,4.850636721e-01,-1.230068281e-01,2.249993943e-02,1.978815643e+00,6.999991462e-02,0,0
7.070000000e+00,9.767875197e-02,3.106933808e-01,3.468053829e-02,1.547226241e-01,1.038345241e-01,2.934156176e+01,4.399257338e+00,1.355050807e-01,2.239943846e-16,3.878959614e-18,5.421010862e-20,1.125874900e-02,-2.824755609e-01,-2.653739214e+00,-1.499000430e+00,-1.365189791e+00,-7.859356999e-01,1.499821395e-01,6.558161957e-02,4.165570823e+00,-1.380675623e+00,-3.000221177e-01,2.998605504e-02,2.507264279e-03,6.167078398e-01,-4.390646666e-02,1.048562790e-01,6.314437530e-01,-5.726883852e-02,9.224493187e-03,4.850639403e-01,-1.230066717e-01,2.250003256e-02,1.978818120e+00,6.999998167e-02,0,0
7.080000000e+00,9.767948411e-02,3.106974866e-01,2.833740658e-02,1.547246523e-01,1.038355021e-01,2.880235997e+01,4.396030318e+00,1.355054480e-01,4.512582295e-16,2.776912484e-18,1.676355029e-19,1.332936800e-02,-2.824753225e-01,-2.653738976e+00,-1.498995781e+00,-1.365200162e+00,-7.859229445e-01,1.499788910e-01,7.044466074e-02,4.162898122e+00,-1.378124379e+00,-3.005908432e-01,2.840115774e-02,3.323697633e-03,6.167078333e-01,-4.390803622e-02,1.048572452e-01,6.314437530e-01,-5.726883852e-02,9.224493187e-03,4.850640893e-01,-1.230066419e-01,2.250000089e-02,1.978817137e+00,6.999998167e-02,0,0
7.090000000e+00,9.768107366e-02,3.107042232e-01,1.502003737e-02,1.547279801e-01,1.038382314e-01,2.871156031e+01,4.414627305e+00,1.355051719e-01,4.550302356e-16,1.167721477e-18,8.131516294e-20,1.258914200e-02,-2.824749351e-01,-2.653742075e+00,-1.498999357e+00,-1.365210533e+00,-7.859277129e-01,1.499889791e-01,7.209600756e-02,4.178978059e+00,-1.388090716e+00,-3.036933513e-01,2.905468013e-02,3.021615377e-03,6.167074744e-01,-4.390704459e-02,1.048586749e-01,6.314437530e-01,-5.726883852e-02,9.224493187e-03,4.850636721e-01,-1.230066642e-01,2.249990031e-02,1.978817176e+00,6.999997050e-02,0,0
7.100000000e+00,9.767910553e-02,3.106932174e-01,3.749813865e-02,1.547225434e-01,1.038339860e-01,2.952870231e+01,4.382244894e+00,1.355051371e-01,2.295970580e-16,7.854294592e-18,4.599880250e-19,1.285836400e-02,-2.824760675e-01,-2.653738260e+00,-1.498999715e+00,-1.365190268e+00,-7.859332561e-01,1.499823928e-01,6.637900931e-02,4.150415395e+00,-1.372811557e+00,-2.970235831e-01,2.958248149e-02,2.546948101e-03,6.167079314e-01,-4.390714202e-02,1.048567486e-01,6.314437530e-01,-5.726883852e-02,9.224493187e-03,4.850639701e-01,-1.230066121e-01,2.250017598e-02,1.978818552e+00,6.999997422e-02,0,0
7.110000000e+00,9.768063512e-02,3.106998705e-01,3.275448152e-02,1.547258299e-01,1.038349120e-01,2.937712983e+01,4.392776949e+00,1.355053905e-01,6.677226478e-16,6.087001063e-18,4.336808690e-19,1.117935700e-02,-2.824745476e-01,-2.653741837e+00,-1.498996615e+00,-1.365212440e+00,-7.859113216e-01,1.499892175e-01,6.701993515e-02,4.159827689e+00,-1.377476797e+00,-2.991782138e-01,2.958699826e-02,2.435578267e-03,6.167084108e-01,-4.390928472e-02,1.048586842e-01,6.314437530e-01,-5.726883852e-02,9.224493187e-03,4.850638807e-01,-1.230066866e-01,2.249986306e-02,1.978818001e+00,6.999997795e-02,0,0
7.120000000e+00,9.767959502e-02,3.106933204e-01,2.966651096e-02,1.547225943e-01,1.038315164e-01,2.927163412e+01,4.396206647e+00,1.355055751e-01,3.333446184e-16,6.505213035e-19,1.117570019e-19,1.217338800e-02,-2.824739516e-01,-2.653738976e+00,-1.498994231e+00,-1.365203261e+00,-7.859048247e-01,1.499828696e-01,6.992746186e-02,4.162890245e+00,-1.378924795e+00,-2.996373726e-01,2.940331751e-02,2.672649058e-03,6.167090882e-01,-4.390998296e-02,1.048578237e-01,6.314437530e-01,-5.726883852e-02,9.224493187e-03,4.850639105e-01,-1.230066493e-01,2.249994315e-02,1.978818866e+00,6.999998540e-02,0,0
7.130000000e+00,9.768025175e-02,3.106954502e-01,3.271334351e-02,1.547236463e-01,1.038320360e-01,2.934929228e+01,4.392507549e+00,1.355056143e-01,4.054394283e-17,2.168404345e-18,1.212174880e-19,1.299352600e-02,-2.824745476e-01,-2.653739214e+00,-1.498993754e+00,-1.365208149e+00,-7.859019041e-01,1.499848515e-01,6.418750621e-02,4.159972717e+00,-1.376293762e+00,-2.992742524e-01,2.955947724e-02,2.483320300e-03,6.167090390e-01,-4.391073812e-02,1.048585924e-01,6.314437530e-01,-5.726883852e-02,9.224493187e-03,4.850637913e-01,-1.230065972e-01,2.249987982e-02,1.978817569e+00,6.999998540e-02,0,0
7.140000000e+00,9.767720627e-02,3.106764010e-01,2.851044048e-02,1.547142365e-01,1.038226240e-01,2.894628851e+01,4.400571526e+00,1.355055433e-01,2.295757586e-16,3.903127821e-18,0.000000000e+00,1.248663000e-02,-2.824715078e-01,-2.653732538e+00,-1.498994589e+00,-1.365173101e+00,-7.858942151e-01,1.499684006e-01,5.836947519e-02,4.167654273e+00,-1.378702216e+00,-3.009927997e-01,2.923077990e-02,3.116690562e-03,6.167115654e-01,-4.391059545e-02,1.048558511e-01,6.314437530e-01,-5.726883852e-02,9.224493187e-03,4.850639701e-01,-1.230065972e-01,2.250044793e-02,1.978816744e+00,6.999997050e-02,0,0
7.150000000e+00,9.767921101e-02,3.106775315e-01,3.673137677e-02,1.547147949e-01,1.038198858e-01,2.898584569e+01,4.400054855e+00,1.355055199e-01,4.452532017e-16,2.742838647e-18,2.710505431e-20,1.319128700e-02,-2.824710310e-01,-2.653738499e+00,-1.498995066e+00,-1.365198970e+00,-7.858739495e-01,1.499977261e-01,6.569474499e-02,4.164967049e+00,-1.384590442e+00,-3.020331288e-01,2.994365244e-02,2.255387887e-03,6.167121759e-01,-4.391320770e-02,1.048583576e-01,6.314437530e-01,-5.726883852e-02,9.224493187e-03,4.850637913e-01,-1.230063960e-01,2.249997854e-02,1.978817648e+00,6.999992579e-02,0,0
7.160000000e+00,9.767795745e-02,3.106792394e-01,2.987701406e-02,1.547156385e-01,1.038220220e-01,2.909981917e+01,4.403733669e+00,1.355056255e-01,4.441273247e-16,5.057544570e-18,2.764184017e-19,1.202658600e-02,-2.824679017e-01,-2.653733969e+00,-1.498993635e+00,-1.365181446e+00,-7.858763337e-01,1.499674767e-01,7.585929292e-02,4.168729702e+00,-1.384500965e+00,-3.018436663e-01,2.916417947e-02,2.280074739e-03,6.167127340e-01,-4.391107788e-02,1.048568657e-01,6.314437530e-01,-5.726883852e-02,9.224493187e-03,4.850636125e-01,-1.230067015e-01,2.249989472e-02,1.978818709e+00,6.999998912e-02,0,0
7.170000000e+00,9.767890539e-02,3.106825278e-01,1.883426977e-02,1.547172630e-01,1.038232754e-01,2.869198744e+01,4.419848955e+00,1.355054972e-01,3.513800052e-16,4.848699518e-19,6.776263578e-20,1.157591200e-02,-2.824685276e-01,-2.653735876e+00,-1.498995304e+00,-1.365188837e+00,-7.858787179e-01,1.499757320e-01,7.419329453e-02,4.183518626e+00,-1.390763984e+00,-3.043639111e-01,2.933844991e-02,3.073519912e-03,6.167124014e-01,-4.391105356e-02,1.048577793e-01,6.314437530e-01,-5.726883852e-02,9.224493187e-03,4.850637019e-01,-1.230067313e-01,2.249993198e-02,1.978816626e+00,6.999995559e-02,0,0
7.180000000e+00,9.767755389e-02,3.106799482e-01,2.477374566e-02,1.547159887e-01,1.038238664e-01,2.886850967e+01,4.395456477e+00,1.355055820e-01,3.435825565e-16,1.939479807e-18,0.000000000e+00,1.303604500e-02,-2.824684978e-01,-2.653732538e+00,-1.498994112e+00,-1.365174532e+00,-7.858902812e-01,1.499623954e-01,7.233545055e-02,4.160805243e+00,-1.382285618e+00,-3.015472926e-01,2.923025359e-02,2.498540331e-03,6.167119057e-01,-4.390933023e-02,1.048560818e-01,6.314437530e-01,-5.726883852e-02,9.224493187e-03,4.850638211e-01,-1.230066493e-01,2.249992639e-02,1.978817765e+00,7.000001892e-02,0,0
7.190000000e+00,9.767921481e-02,3.106854921e-01,3.037652648e-02,1.547187273e-01,1.038237804e-01,2.909850349e+01,4.397119007e+00,1.355057810e-01,4.441535797e-16,5.818439422e-18,1.676355029e-19,1.236986900e-02,-2.824672163e-01,-2.653736115e+00,-1.498991728e+00,-1.365196466e+00,-7.858651876e-01,1.499708891e-01,6.989662116e-02,4.163369441e+00,-1.380199897e+00,-3.004717055e-01,2.970247304e-02,2.771363158e-03,6.167127640e-01,-4.391215950e-02,1.048583057e-01,6.314437530e-01,-5.726883852e-02,9.224493187e-03,4.850637913e-01,-1.230066717e-01,2.249987423e-02,1.978817216e+00,6.999996677e-02,0,0
7.200000000e+00,9.767677986e-02,3.106697109e-01,3.188522875e-02,1.547109317e-01,1.038149008e-01,2.934446081e+01,4.383309231e+00,1.355063478e-01,4.450411017e-16,2.297383215e-18,2.829850750e-19,1.301238600e-02,-2.824656069e-01,-2.653728724e+00,-1.498984456e+00,-1.365175962e+00,-7.858402133e-01,1.499521136e-01,6.985509241e-02,4.151743664e+00,-1.371930480e+00,-2.975243225e-01,2.868610093e-02,2.787699451e-03,6.167149226e-01,-4.391514374e-02,1.048565679e-01,6.314437530e-01,-5.726883852e-02,9.224493187e-03,4.850635231e-01,-1.230064407e-01,2.249993384e-02,1.978819378e+00,7.000012323e-02,0,0
7.210000000e+00,9.767842983e-02,3.106760899e-01,3.962004328e-02,1.547140828e-01,1.038177196e-01,2.911423824e+01,4.396763254e+00,1.355060539e-01,2.244724805e-16,2.637977740e-18,3.066586833e-19,1.145371100e-02,-2.824673355e-01,-2.653733730e+00,-1.498988271e+00,-1.365192175e+00,-7.858473063e-01,1.499714255e-01,5.667654895e-02,4.164063612e+00,-1.377817192e+00,-2.993849136e-01,2.944322464e-02,3.266940623e-03,6.167140133e-01,-4.391501066e-02,1.048580945e-01,6.314437530e-01,-5.726883852e-02,9.224493187e-03,4.850638509e-01,-1.230065599e-01,2.249999903e-02,1.978817176e+00,6.999995559e-02,0,0
7.220000000e+00,9.767349787e-02,3.106438592e-01,1.859631968e-02,1.546981614e-01,1.038014090e-01,2.849482783e+01,4.414415807e+00,1.355065076e-01,2.221394524e-16,2.168404345e-18,3.030437199e-20,1.358766100e-02,-2.824631333e-01,-2.653717995e+00,-1.498982310e+00,-1.365133643e+00,-7.858275175e-01,1.499350518e-01,6.380023684e-02,4.179444417e+00,-1.386273977e+00,-3.043553692e-01,2.902055414e-02,3.299872373e-03,6.167178216e-01,-4.391614151e-02,1.048538015e-01,6.314437530e-01,-5.726883852e-02,9.224493187e-03,4.850638509e-01,-1.230067089e-01,2.249987423e-02,1.978816311e+00,6.999996305e-02,0,0
7.230000000e+00,9.767420697e-02,3.106531976e-01,3.226403177e-02,1.547027745e-01,1.038077395e-01,2.941145289e+01,4.396964885e+00,1.355064388e-01,2.221665442e-16,3.705370969e-18,4.370558683e-19,1.304993600e-02,-2.824650407e-01,-2.653719902e+00,-1.498983145e+00,-1.365141034e+00,-7.858448625e-01,1.499350518e-01,7.021736839e-02,4.163626610e+00,-1.379168918e+00,-2.993349081e-01,2.947167735e-02,2.510392100e-03,6.167160229e-01,-4.391447906e-02,1.048540166e-01,6.314437530e-01,-5.726883852e-02,9.224493187e-03,4.850637019e-01,-1.230067462e-01,2.249989100e-02,1.978817373e+00,6.999999657e-02,0,0
7.240000000e+00,9.767885105e-02,3.106801564e-01,3.174104984e-02,1.547160916e-01,1.038185696e-01,2.893754892e+01,4.399272389e+00,1.355062087e-01,3.350857623e-16,3.476216611e-18,2.116972417e-19,1.288050400e-02,-2.824649513e-01,-2.653734922e+00,-1.498986363e+00,-1.365200043e+00,-7.858329415e-01,1.499663591e-01,7.429837140e-02,4.164463718e+00,-1.383320393e+00,-3.013905724e-01,2.999506184e-02,2.820847534e-03,6.167147078e-01,-4.391565015e-02,1.048587210e-01,6.314437530e-01,-5.726883852e-02,9.224493187e-03,4.850635827e-01,-1.230065823e-01,2.249994501e-02,1.978818749e+00,6.999997422e-02,0,0
7.250000000e+00,9.767558394e-02,3.106597967e-01,2.561249942e-02,1.547060343e-01,1.038104028e-01,2.902597227e+01,4.401547129e+00,1.355063614e-01,2.326341149e-16,1.748223473e-18,6.060874398e-20,1.338720900e-02,-2.824661434e-01,-2.653725624e+00,-1.498984218e+00,-1.365162134e+00,-7.858439684e-01,1.499531120e-01,6.748642969e-02,4.167297700e+00,-1.382476786e+00,-3.009481185e-01,2.953546737e-02,2.900769966e-03,6.167151903e-01,-4.391505229e-02,1.048553749e-01,6.314437530e-01,-5.726883852e-02,9.224493187e-03,4.850638211e-01,-1.230065599e-01,2.249996364e-02,1.978818316e+00,6.999994442e-02,0,0
7.260000000e+00,9.767934628e-02,3.106833077e-01,1.889692381e-02,1.547176482e-01,1.038202188e-01,2.889738500e+01,4.410650311e+00,1.355061706e-01,4.539219798e-16,4.336808690e-19,4.886433157e-20,1.265019200e-02,-2.824651003e-01,-2.653734207e+00,-1.498986840e+00,-1.365199685e+00,-7.858361006e-01,1.499626189e-01,6.944908399e-02,4.175581486e+00,-1.385983165e+00,-3.028545044e-01,2.923156421e-02,2.752107839e-03,6.167145417e-01,-4.391526935e-02,1.048591481e-01,6.314437530e-01,-5.726883852e-02,9.224493187e-03,4.850637317e-01,-1.230066717e-01,2.249992453e-02,1.978817805e+00,6.999998167e-02,0,0
7.270000000e+00,9.767510296e-02,3.106462524e-01,2.867015176e-02,1.546993436e-01,1.037997360e-01,2.861591043e+01,4.404598921e+00,1.355064760e-01,2.222359519e-16,8.673617380e-19,6.060874398e-20,1.297291500e-02,-2.824632227e-01,-2.653725147e+00,-1.498982906e+00,-1.365160942e+00,-7.858054042e-01,1.499610096e-01,6.743975004e-02,4.168610001e+00,-1.387657165e+00,-3.035401495e-01,2.996507027e-02,2.694355924e-03,6.167184870e-01,-4.391937575e-02,1.048559949e-01,6.314437530e-01,-5.726883852e-02,9.224493187e-03,4.850639403e-01,-1.230066493e-01,2.249999158e-02,1.978817216e+00,6.999989599e-02,0,0
7.280000000e+00,9.767728254e-02,3.106611281e-01,2.555639217e-02,1.547066919e-01,1.038044352e-01,2.914792431e+01,4.404001636e+00,1.355070754e-01,2.435804419e-16,2.511426263e-18,2.790636141e-19,1.287184500e-02,-2.824607193e-01,-2.653727055e+00,-1.498975396e+00,-1.365188360e+00,-7.857751250e-01,1.499511153e-01,6.471481037e-02,4.169975637e+00,-1.382423655e+00,-3.006364681e-01,2.932431384e-02,2.868222015e-03,6.167189008e-01,-4.392200700e-02,1.048586520e-01,6.314437530e-01,-5.726883852e-02,9.224493187e-03,4.850638807e-01,-1.230066419e-01,2.249986678e-02,1.978816980e+00,6.999998167e-02,0,0
7.290000000e+00,9.767625032e-02,3.106611240e-01,3.924054635e-02,1.547066899e-01,1.038055475e-01,2.933845231e+01,4.363915082e+00,1.355070543e-01,2.309284454e-16,4.670885906e-18,4.470280077e-19,1.200039600e-02,-2.824608088e-01,-2.653726101e+00,-1.498975635e+00,-1.365180373e+00,-7.857768536e-01,1.499379724e-01,6.401252167e-02,4.133261134e+00,-1.366656846e+00,-2.952531294e-01,2.960239367e-02,2.826366905e-03,6.167191319e-01,-4.392189704e-02,1.048576180e-01,6.314437530e-01,-5.726883852e-02,9.224493187e-03,4.850637913e-01,-1.230064407e-01,2.249989286e-02,1.978820007e+00,7.000004128e-02,0,0
7.300000000e+00,9.767668924e-02,3.106548883e-01,4.617730202e-02,1.547036096e-01,1.038009337e-01,2.839103159e+01,4.407807728e+00,1.355071691e-01,2.105028148e-17,4.369549976e-18,4.065758147e-20,1.202422600e-02,-2.824600935e-01,-2.653727293e+00,-1.498974204e+00,-1.365187883e+00,-7.857711315e-01,1.499593705e-01,7.283700888e-02,4.173667210e+00,-1.382554842e+00,-3.028294226e-01,2.804077164e-02,3.990361100e-03,6.167190991e-01,-4.392220962e-02,1.048581049e-01,6.314437530e-01,-5.726883852e-02,9.224493187e-03,4.850637615e-01,-1.230067536e-01,2.250005677e-02,1.978818749e+00,6.999997050e-02,0,0
7.310000000e+00,9.767645285e-02,3.106592459e-01,2.113007341e-02,1.547057622e-01,1.038032713e-01,2.877230644e+01,4.390167245e+00,1.355069929e-01,1.117551086e-16,4.342226317e-18,8.159701877e-20,1.104605600e-02,-2.824591398e-01,-2.653725624e+00,-1.498976469e+00,-1.365178585e+00,-7.857660055e-01,1.499366462e-01,7.246573221e-02,4.156188924e+00,-1.379529247e+00,-3.007384589e-01,2.928578555e-02,2.926710539e-03,6.167203491e-01,-4.392266394e-02,1.048581193e-01,6.314437530e-01,-5.726883852e-02,9.224493187e-03,4.850638211e-01,-1.230067760e-01,2.249986678e-02,1.978817333e+00,7.000001520e-02,0,0
7.320000000e+00,9.767794288e-02,3.106692438e-01,1.877394969e-02,1.547107009e-01,1.038091822e-01,2.872063451e+01,4.395942339e+00,1.355068062e-01,2.283468771e-16,1.371419324e-18,1.117570019e-19,1.264290200e-02,-2.824607491e-01,-2.653730154e+00,-1.498978853e+00,-1.365194440e+00,-7.857834697e-01,1.499506384e-01,7.978236004e-02,4.160337593e+00,-1.384776824e+00,-3.018050774e-01,2.889206586e-02,2.650482894e-03,6.167183679e-01,-4.392074470e-02,1.048590683e-01,6.314437530e-01,-5.726883852e-02,9.224493187e-03,4.850636721e-01,-1.230067909e-01,2.249992825e-02,1.978816704e+00,6.999998540e-02,0,0
7.330000000e+00,9.767505772e-02,3.106484958e-01,2.705796827e-02,1.547004518e-01,1.037982077e-01,2.911252064e+01,4.401517463e+00,1.355075175e-01,2.247220275e-16,1.226634733e-18,1.648736088e-19,1.112325700e-02,-2.824602127e-01,-2.653719664e+00,-1.498969674e+00,-1.365166426e+00,-7.857627869e-01,1.499314010e-01,7.457317221e-02,4.167442322e+00,-1.381484144e+00,-3.014449132e-01,2.908549373e-02,2.424534001e-03,6.167202206e-01,-4.392373657e-02,1.048568243e-01,6.314437530e-01,-5.726883852e-02,9.224493187e-03,4.850638509e-01,-1.230066046e-01,2.250008471e-02,1.978818198e+00,7.000004128e-02,0,0
7.340000000e+00,9.767865751e-02,3.106671732e-01,1.788843810e-02,1.547096781e-01,1.038061224e-01,2.865389755e+01,4.417944450e+00,1.355070536e-01,1.141495501e-16,2.168404345e-18,8.571370773e-20,1.346285000e-02,-2.824600935e-01,-2.653729200e+00,-1.498975754e+00,-1.365200400e+00,-7.857671380e-01,1.499551088e-01,7.041576263e-02,4.182090032e+00,-1.389238062e+00,-3.042234317e-01,2.921766529e-02,3.129106726e-03,6.167191207e-01,-4.392275494e-02,1.048601946e-01,6.314437530e-01,-5.726883852e-02,9.224493187e-03,4.850636721e-01,-1.230066121e-01,2.249992080e-02,1.978817373e+00,6.999997795e-02,0,0
7.350000000e+00,9.767609769e-02,3.106591478e-01,2.024621115e-02,1.547057137e-01,1.038044618e-01,2.895047244e+01,4.375069651e+00,1.355069226e-01,6.663811025e-16,4.445228907e-18,1.092639671e-19,1.105410700e-02,-2.824596465e-01,-2.653724909e+00,-1.498977304e+00,-1.365173340e+00,-7.857785225e-01,1.499353647e-01,6.959176384e-02,4.142407061e+00,-1.373712129e+00,-2.981894704e-01,2.907544291e-02,2.796816521e-03,6.167196123e-01,-4.392107944e-02,1.048574220e-01,6.314437530e-01,-5.726883852e-02,9.224493187e-03,4.850633740e-01,-1.230065525e-01,2.249999717e-02,1.978820243e+00,7.000005618e-02,0,0
7.360000000e+00,9.767834616e-02,3.106639456e-01,1.958886028e-02,1.547080837e-01,1.038046194e-01,2.841280233e+01,4.422489156e+00,1.355069401e-01,1.305228123e-16,4.470280077e-19,8.571370773e-20,1.414005600e-02,-2.824599743e-01,-2.653728247e+00,-1.498977184e+00,-1.365193963e+00,-7.857698798e-01,1.499554068e-01,7.986452996e-02,4.185309916e+00,-1.393046355e+00,-3.062524882e-01,2.891064605e-02,2.887049359e-03,6.167193953e-01,-4.392238948e-02,1.048598679e-01,6.314437530e-01,-5.726883852e-02,9.224493187e-03,4.850637615e-01,-1.230066419e-01,2.249991521e-02,1.978817727e+00,6.999998167e-02,0,0
7.370000000e+00,9.767618374e-02,3.106522648e-01,5.073087188e-02,1.547023137e-01,1.037980808e-01,2.850357180e+01,4.404224447e+00,1.355076581e-01,2.929834457e-17,3.496446946e-18,2.710505431e-20,1.204711600e-02,-2.824586630e-01,-2.653724432e+00,-1.498968005e+00,-1.365187526e+00,-7.857456803e-01,1.499454230e-01,7.923181788e-02,4.170207263e+00,-1.381472052e+00,-3.017274753e-01,2.767846792e-02,4.010549126e-03,6.167205074e-01,-4.392515335e-02,1.048582162e-01,6.314437530e-01,-5.726883852e-02,9.224493187e-03,4.850638807e-01,-1.230066791e-01,2.250001021e-02,1.978817373e+00,7.000002265e-02,0,0
7.380000000e+00,9.767608015e-02,3.106498285e-01,2.792200957e-02,1.547011102e-01,1.037966630e-01,2.876154160e+01,4.407305927e+00,1.355073429e-01,1.062296840e-17,3.476216611e-18,1.626303259e-19,1.255420100e-02,-2.824594378e-01,-2.653725147e+00,-1.498972058e+00,-1.365183115e+00,-7.857455015e-01,1.499480307e-01,7.411285079e-02,4.172148447e+00,-1.385343674e+00,-3.032570375e-01,2.967075412e-02,2.807032226e-03,6.167212574e-01,-4.392588294e-02,1.048583276e-01,6.314437530e-01,-5.726883852e-02,9.224493187e-03,4.850638211e-01,-1.230066642e-01,2.250002511e-02,1.978819299e+00,7.000000030e-02,0,0
7.390000000e+00,9.767614780e-02,3.106521996e-01,3.252171453e-02,1.547022814e-01,1.037970566e-01,2.941900448e+01,4.395564383e+00,1.355078100e-01,4.441205490e-16,3.878959614e-18,1.092639671e-19,1.346423000e-02,-2.824584246e-01,-2.653721809e+00,-1.498966098e+00,-1.365183592e+00,-7.857307196e-01,1.499314159e-01,6.684296941e-02,4.162527185e+00,-1.378192859e+00,-2.993251826e-01,2.947522617e-02,2.405347655e-03,6.167217526e-01,-4.392738418e-02,1.048586824e-01,6.314437530e-01,-5.726883852e-02,9.224493187e-03,4.850637615e-01,-1.230066642e-01,2.249998786e-02,1.978817255e+00,6.999999285e-02,0,0
7.400000000e+00,9.767571831e-02,3.106498908e-01,2.344011957e-02,1.547011409e-01,1.037958754e-01,2.884163225e+01,4.398619417e+00,1.355079853e-01,2.220818712e-16,1.939479807e-18,3.030437199e-20,1.213618600e-02,-2.824577093e-01,-2.653719664e+00,-1.498963833e+00,-1.365178943e+00,-7.857279181e-01,1.499257386e-01,6.921056519e-02,4.164787315e+00,-1.380362944e+00,-3.022812040e-01,2.876640656e-02,2.449164486e-03,6.167219339e-01,-4.392736467e-02,1.048582689e-01,6.314437530e-01,-5.726883852e-02,9.224493187e-03,4.850635231e-01,-1.230063960e-01,2.249998227e-02,1.978818356e+00,7.000010833e-02,0,0
7.410000000e+00,9.767142562e-02,3.106185474e-01,1.798152721e-02,1.546856579e-01,1.037792441e-01,2.882698608e+01,4.413458882e+00,1.355083798e-01,1.186353022e-16,2.710505431e-18,9.091311596e-20,1.203667600e-02,-2.824544609e-01,-2.653708696e+00,-1.498958707e+00,-1.365135789e+00,-7.857037783e-01,1.499081105e-01,7.183981761e-02,4.177584056e+00,-1.388672272e+00,-3.032675958e-01,2.932261440e-02,2.840110400e-03,6.167254332e-01,-4.392959385e-02,1.048547342e-01,6.314437530e-01,-5.726883852e-02,9.224493187e-03,4.850639701e-01,-1.230066046e-01,2.250005491e-02,1.978817255e+00,6.999992952e-02,0,0
7.420000000e+00,9.767593586e-02,3.106465292e-01,4.172710204e-02,1.546994804e-01,1.037928877e-01,2.963195332e+01,4.401315424e+00,1.355079803e-01,6.553605297e-17,2.453269467e-18,3.352710058e-19,1.200385500e-02,-2.824569643e-01,-2.653720617e+00,-1.498963952e+00,-1.365182519e+00,-7.857183218e-01,1.499343812e-01,5.506020188e-02,4.167269079e+00,-1.382671458e+00,-2.995094472e-01,3.039611927e-02,2.016121331e-03,6.167226342e-01,-4.392839427e-02,1.048587426e-01,6.314437530e-01,-5.726883852e-02,9.224493187e-03,4.850637317e-01,-1.230067089e-01,2.249989472e-02,1.978818513e+00,6.999998540e-02,0,0
7.430000000e+00,9.767336225e-02,3.106325213e-01,2.812014933e-02,1.546925607e-01,1.037865012e-01,2.860294586e+01,4.403762924e+00,1.355080297e-01,4.532278399e-16,3.157244383e-18,1.954573263e-19,1.202141600e-02,-2.824553251e-01,-2.653714418e+00,-1.498963237e+00,-1.365153790e+00,-7.857143283e-01,1.499165893e-01,7.307212576e-02,4.167911597e+00,-1.386802227e+00,-3.036790479e-01,2.921439857e-02,2.532601780e-03,6.167242805e-01,-4.392837922e-02,1.048563653e-01,6.314437530e-01,-5.726883852e-02,9.224493187e-03,4.850636423e-01,-1.230066791e-01,2.249994501e-02,1.978818670e+00,6.999998540e-02,0,0
7.440000000e+00,9.767612975e-02,3.106434656e-01,3.200947869e-02,1.546979670e-01,1.037897040e-01,2.890412911e+01,4.423336702e+00,1.355079194e-01,4.441383350e-16,4.670885906e-18,1.954573263e-19,1.311472600e-02,-2.824552357e-01,-2.653719425e+00,-1.498964787e+00,-1.365178823e+00,-7.857046723e-01,1.499318331e-01,7.281472653e-02,4.186420920e+00,-1.393060547e+00,-3.049353877e-01,2.960684299e-02,2.373369561e-03,6.167241933e-01,-4.392960114e-02,1.048593489e-01,6.314437530e-01,-5.726883852e-02,9.224493187e-03,4.850634634e-01,-1.230067313e-01,2.249996178e-02,1.978818041e+00,7.000000402e-02,0,0
7.450000000e+00,9.767561416e-02,3.106482771e-01,3.993120549e-02,1.547003438e-01,1.037939719e-01,2.929791282e+01,4.386360077e+00,1.355077497e-01,2.241454724e-16,8.676327462e-18,8.741117366e-19,1.214955600e-02,-2.824562490e-01,-2.653722525e+00,-1.498966932e+00,-1.365181446e+00,-7.857165933e-01,1.499300748e-01,6.098167483e-02,4.154343509e+00,-1.373949099e+00,-2.986918893e-01,3.010023219e-02,2.640582210e-03,6.167232466e-01,-4.392835504e-02,1.048585028e-01,6.314437530e-01,-5.726883852e-02,9.224493187e-03,4.850641191e-01,-1.230066419e-01,2.250023559e-02,1.978818945e+00,6.999998540e-02,0,0
7.460000000e+00,9.767563454e-02,3.106434471e-01,2.817086602e-02,1.546979579e-01,1.037895963e-01,2.905302446e+01,4.391462306e+00,1.355080973e-01,5.551453926e-16,3.679904200e-18,1.714274155e-19,1.281251300e-02,-2.824542820e-01,-2.653718710e+00,-1.498962522e+00,-1.365177870e+00,-7.856969833e-01,1.499233842e-01,6.973485583e-02,4.157486338e+00,-1.379941463e+00,-3.004742553e-01,2.927232034e-02,2.345066869e-03,6.167246100e-01,-4.393015963e-02,1.048589852e-01,6.314437530e-01,-5.726883852e-02,9.224493187e-03,4.850634933e-01,-1.230066791e-01,2.249994501e-02,1.978818041e+00,7.000000030e-02,0,0
7.470000000e+00,9.767611065e-02,3.106465293e-01,2.386480628e-02,1.546994804e-01,1.037915364e-01,2.887377560e+01,4.405963917e+00,1.355077999e-01,1.527862072e-16,5.294859797e-18,2.172635382e-19,1.337228800e-02,-2.824552059e-01,-2.653721333e+00,-1.498966336e+00,-1.365181565e+00,-7.857049108e-01,1.499300897e-01,7.232774716e-02,4.171172767e+00,-1.384303534e+00,-3.023797769e-01,2.943800690e-02,2.843269946e-03,6.167242383e-01,-4.392956324e-02,1.048593311e-01,6.314437530e-01,-5.726883852e-02,9.224493187e-03,4.850637615e-01,-1.230067685e-01,2.249992639e-02,1.978817137e+00,6.999998167e-02,0,0
7.480000000e+00,9.767649442e-02,3.106505134e-01,3.535421420e-02,1.547014485e-01,1.037938429e-01,2.897761155e+01,4.395130089e+00,1.355079866e-01,4.524012822e-16,1.734723476e-18,3.263880751e-19,1.313296700e-02,-2.824559808e-01,-2.653723001e+00,-1.498963952e+00,-1.365191817e+00,-7.857068181e-01,1.499345005e-01,6.509057517e-02,4.161530181e+00,-1.379776370e+00,-2.998745072e-01,2.966848461e-02,3.240128463e-03,6.167232163e-01,-4.392949698e-02,1.048595565e-01,6.314437530e-01,-5.726883852e-02,9.224493187e-03,4.850637019e-01,-1.230063885e-01,2.250006236e-02,1.978820596e+00,7.000002638e-02,0,0
7.490000000e+00,9.767596834e-02,3.106303142e-01,2.520607938e-02,1.546914705e-01,1.037804435e-01,2.901895701e+01,4.397720573e+00,1.355079096e-01,3.332396573e-16,8.673617380e-19,5.421010862e-20,1.271619300e-02,-2.824542820e-01,-2.653722525e+00,-1.498965025e+00,-1.365186572e+00,-7.856850028e-01,1.499615610e-01,6.433891454e-02,4.164564123e+00,-1.378804086e+00,-3.004318446e-01,2.904451164e-02,2.970356169e-03,6.167255471e-01,-4.393204893e-02,1.048597338e-01,6.314437530e-01,-5.726883852e-02,9.224493187e-03,4.850637317e-01,-1.230067462e-01,2.249990031e-02,1.978817216e+00,6.999998540e-02,0,0
7.500000000e+00,9.767557814e-02,3.106434746e-01,1.593997021e-02,1.546979714e-01,1.037887148e-01,2.903149986e+01,4.384653809e+00,1.355082789e-01,4.463113469e-16,1.748223473e-18,6.852072490e-20,1.271315200e-02,-2.824523151e-01,-2.653720617e+00,-1.498960257e+00,-1.365185976e+00,-7.856853604e-01,1.499267071e-01,7.161057782e-02,4.151375160e+00,-1.376895369e+00,-2.991410762e-01,2.850128936e-02,2.581995543e-03,6.167249625e-01,-4.393059269e-02,1.048590422e-01,6.314437530e-01,-5.726883852e-02,9.224493187e-03,4.850636721e-01,-1.230066493e-01,2.249987610e-02,1.978817019e+00,7.000000775e-02,0,0
7.510000000e+00,9.767561240e-02,3.106404300e-01,2.008689972e-02,1.546964675e-01,1.037845981e-01,2.887320735e+01,4.388281637e+00,1.355085562e-01,6.785945785e-16,1.563658610e-18,8.243680438e-20,1.200436600e-02,-2.824501991e-01,-2.653717041e+00,-1.498956800e+00,-1.365182042e+00,-7.856549025e-01,1.499113292e-01,7.078768268e-02,4.154209124e+00,-1.379648753e+00,-3.004535543e-01,2.901426302e-02,2.557669362e-03,6.167274137e-01,-4.393408371e-02,1.048599413e-01,6.314437530e-01,-5.726883852e-02,9.224493187e-03,4.850634933e-01,-1.230067164e-01,2.249996923e-02,1.978817137e+00,7.000000402e-02,0,0
7.520000000e+00,9.767664150e-02,3.106501471e-01,2.192610736e-02,1.547012675e-01,1.037909651e-01,2.891060602e+01,4.393671251e+00,1.355083129e-01,4.454711116e-16,2.168404345e-18,7.298259229e-20,1.225542800e-02,-2.824523151e-01,-2.653722048e+00,-1.498959899e+00,-1.365195990e+00,-7.856745720e-01,1.499233097e-01,7.627022000e-02,4.158796926e+00,-1.382578498e+00,-3.009384270e-01,2.905900879e-02,2.526664421e-03,6.167253897e-01,-4.393217306e-02,1.048604144e-01,6.314437530e-01,-5.726883852e-02,9.224493187e-03,4.850637615e-01,-1.230067760e-01,2.249991521e-02,1.978816626e+00,6.999997795e-02,0,0
7.530000000e+00,9.767407123e-02,3.106330714e-01,4.594562932e-02,1.546928325e-01,1.037828015e-01,2.914131840e+01,4.386443603e+00,1.355086223e-01,2.307002874e-16,2.742838647e-18,1.626303259e-19,1.122180800e-02,-2.824519277e-01,-2.653714657e+00,-1.498955846e+00,-1.365169644e+00,-7.856685519e-01,1.499109715e-01,6.161438438e-02,4.154807861e+00,-1.372930312e+00,-2.980856994e-01,2.930880641e-02,3.325693039e-03,6.167265913e-01,-4.393309059e-02,1.048581022e-01,6.314437530e-01,-5.726883852e-02,9.224493187e-03,4.850641787e-01,-1.230067015e-01,2.250011265e-02,1.978817727e+00,6.999994814e-02,0,0
7.540000000e+00,9.767643409e-02,3.106389977e-01,3.570953362e-02,1.546957600e-01,1.037824827e-01,2.911908495e+01,4.396668443e+00,1.355087848e-01,7.907528185e-16,4.422694427e-18,1.626303259e-19,1.149768000e-02,-2.824507654e-01,-2.653719425e+00,-1.498953938e+00,-1.365197420e+00,-7.856464386e-01,1.499306560e-01,6.330764856e-02,4.163552495e+00,-1.378731053e+00,-2.995671953e-01,2.943623271e-02,3.138131904e-03,6.167269907e-01,-4.393546006e-02,1.048609073e-01,6.314437530e-01,-5.726883852e-02,9.224493187e-03,4.850637317e-01,-1.230066270e-01,2.249991335e-02,1.978817019e+00,6.999997795e-02,0,0
7.550000000e+00,9.767364788e-02,3.106286250e-01,4.008702355e-02,1.546906360e-01,1.037770174e-01,2.921619529e+01,4.377365648e+00,1.355094996e-01,1.274313508e-16,4.336808690e-18,2.235140038e-19,1.279808300e-02,-2.824483514e-01,-2.653710842e+00,-1.498944759e+00,-1.365174651e+00,-7.856191993e-01,1.498931348e-01,6.290391007e-02,4.146575952e+00,-1.369026708e+00,-2.969849607e-01,2.893411178e-02,3.099378367e-03,6.167292162e-01,-4.393826357e-02,1.048587949e-01,6.314437530e-01,-5.726883852e-02,9.224493187e-03,4.850637317e-01,-1.230064780e-01,2.249993756e-02,1.978822129e+00,7.000008598e-02,0,0
7.560000000e+00,9.767496984e-02,3.106263185e-01,1.451228641e-02,1.546894967e-01,1.037718181e-01,2.885936479e+01,4.416218925e+00,1.355095955e-01,4.443550986e-16,4.336808690e-18,4.065758147e-20,1.251833000e-02,-2.824442387e-01,-2.653711081e+00,-1.498943686e+00,-1.365182996e+00,-7.855883837e-01,1.498995423e-01,7.270952156e-02,4.180508876e+00,-1.388536401e+00,-3.036081203e-01,2.880769071e-02,2.709641482e-03,6.167315369e-01,-4.394050816e-02,1.048608150e-01,6.314437530e-01,-5.726883852e-02,9.224493187e-03,4.850636423e-01,-1.230067313e-01,2.249992266e-02,1.978817255e+00,6.999997795e-02,0,0
7.570000000e+00,9.767393304e-02,3.106152742e-01,2.698762790e-02,1.546840410e-01,1.037652062e-01,2.856834159e+01,4.420333702e+00,1.355096731e-01,2.221885539e-16,4.336808690e-18,6.060874398e-20,1.258170200e-02,-2.824441493e-01,-2.653710842e+00,-1.498942733e+00,-1.365179300e+00,-7.855746150e-01,1.499079466e-01,7.223904110e-02,4.184355061e+00,-1.389787138e+00,-3.048146640e-01,2.954740773e-02,3.310976262e-03,6.167327284e-01,-4.394265658e-02,1.048602387e-01,6.314437530e-01,-5.726883852e-02,9.224493187e-03,4.850638509e-01,-1.230066717e-01,2.249994501e-02,1.978818788e+00,7.000000775e-02,0,0
7.580000000e+00,9.767455865e-02,3.106228967e-01,4.349841900e-02,1.546878064e-01,1.037697651e-01,2.942238581e+01,4.379899599e+00,1.355095602e-01,2.221275986e-16,3.957337930e-18,3.636524639e-19,1.206673600e-02,-2.824434638e-01,-2.653712511e+00,-1.498944163e+00,-1.365184069e+00,-7.855842113e-01,1.499057263e-01,6.345610368e-02,4.148599275e+00,-1.370917991e+00,-2.971540015e-01,2.989661757e-02,2.726747606e-03,6.167319105e-01,-4.394069206e-02,1.048604781e-01,6.314437530e-01,-5.726883852e-02,9.224493187e-03,4.850640297e-01,-1.230065897e-01,2.249993756e-02,1.978817569e+00,6.999997422e-02,0,0
7.590000000e+00,9.767340148e-02,3.106133625e-01,2.112320036e-02,1.546830967e-01,1.037639832e-01,2.890788010e+01,4.409721405e+00,1.355096810e-01,3.336874867e-16,7.589415207e-19,1.362012123e-19,1.229273800e-02,-2.824413180e-01,-2.653707981e+00,-1.498942614e+00,-1.365168214e+00,-7.855702043e-01,1.498945504e-01,6.701670024e-02,4.174970828e+00,-1.385036780e+00,-3.026127578e-01,2.934028294e-02,2.829059343e-03,6.167337461e-01,-4.394176496e-02,1.048597281e-01,6.314437530e-01,-5.726883852e-02,9.224493187e-03,4.850636423e-01,-1.230067462e-01,2.250002511e-02,1.978817962e+00,6.999997422e-02,0,0
7.600000000e+00,9.767520371e-02,3.106235360e-01,2.405512237e-02,1.546881222e-01,1.037679830e-01,2.881927247e+01,4.408299513e+00,1.355096210e-01,2.228917161e-16,1.563658610e-18,1.212174880e-19,1.317715700e-02,-2.824401259e-01,-2.653710127e+00,-1.498943448e+00,-1.365181208e+00,-7.855665088e-01,1.498949081e-01,7.381373607e-02,4.172863641e+00,-1.386388891e+00,-3.031927205e-01,2.929764862e-02,2.612562618e-03,6.167336583e-01,-4.394148790e-02,1.048615167e-01,6.314437530e-01,-5.726883852e-02,9.224493187e-03,4.850636423e-01,-1.230067164e-01,2.249992453e-02,1.978817845e+00,7.000000775e-02,0,0
7.610000000e+00,9.767513387e-02,3.106229050e-01,3.519368993e-02,1.546878105e-01,1.037676539e-01,2.895114198e+01,4.425752218e+00,1.355099357e-01,2.296363749e-16,4.336808690e-19,2.315856856e-19,1.300367600e-02,-2.824405730e-01,-2.653707504e+00,-1.498939395e+00,-1.365180135e+00,-7.855640054e-01,1.498895884e-01,7.481539973e-02,4.188279686e+00,-1.395005816e+00,-3.050922860e-01,2.951397267e-02,2.240504885e-03,6.167333651e-01,-4.394202226e-02,1.048614747e-01,6.314437530e-01,-5.726883852e-02,9.224493187e-03,4.850637615e-01,-1.230067238e-01,2.249990031e-02,1.978819378e+00,7.000001520e-02,0,0
7.620000000e+00,9.767178303e-02,3.106009379e-01,6.433421418e-02,1.546769591e-01,1.037569008e-01,2.831712770e+01,4.404482810e+00,1.355101384e-01,7.204847711e-18,6.505213035e-19,2.168404345e-19,1.233670900e-02,-2.824402153e-01,-2.653705835e+00,-1.498936772e+00,-1.365163684e+00,-7.855530977e-01,1.498970985e-01,7.795583185e-02,4.170325784e+00,-1.381872972e+00,-3.022792699e-01,2.845014249e-02,4.414346686e-03,6.167346190e-01,-4.394363365e-02,1.048584698e-01,6.314437530e-01,-5.726883852e-02,9.224493187e-03,4.850638509e-01,-1.230066568e-01,2.250004746e-02,1.978818316e+00,7.000000030e-02,0,0
7.630000000e+00,9.767320419e-02,3.106103356e-01,3.536181410e-02,1.546816014e-01,1.037606761e-01,2.913657535e+01,4.394302133e+00,1.355100057e-01,2.241521850e-16,3.878959614e-18,3.297472175e-19,1.259210100e-02,-2.824403644e-01,-2.653709173e+00,-1.498938560e+00,-1.365177274e+00,-7.855461836e-01,1.498974115e-01,6.642958761e-02,4.160941163e+00,-1.378916457e+00,-2.995654523e-01,2.980086931e-02,2.973839386e-03,6.167348298e-01,-4.394472215e-02,1.048601054e-01,6.314437530e-01,-5.726883852e-02,9.224493187e-03,4.850639403e-01,-1.230065897e-01,2.249993198e-02,1.978818080e+00,6.999997422e-02,0,0
7.640000000e+00,9.767156730e-02,3.105936138e-01,4.221619350e-02,1.546733411e-01,1.037531086e-01,2.799311441e+01,4.395097034e+00,1.355101268e-01,2.241437942e-16,2.776912484e-18,1.117570019e-19,1.259872100e-02,-2.824413478e-01,-2.653704882e+00,-1.498936892e+00,-1.365160108e+00,-7.855574489e-01,1.499096900e-01,8.599420516e-02,4.160807309e+00,-1.380108741e+00,-3.028458441e-01,2.707540223e-02,4.080293319e-03,6.167343878e-01,-4.394369207e-02,1.048582221e-01,6.314437530e-01,-5.726883852e-02,9.224493187e-03,4.850640595e-01,-1.230064929e-01,2.250006981e-02,1.978818552e+00,7.000001892e-02,0,0
7.650000000e+00,9.767397153e-02,3.106169459e-01,3.657150297e-02,1.546848668e-01,1.037640891e-01,2.914612225e+01,4.393664593e+00,1.355099698e-01,3.338486484e-16,1.084202172e-18,1.084202172e-19,1.349548000e-02,-2.824406624e-01,-2.653710604e+00,-1.498939037e+00,-1.365184188e+00,-7.855483294e-01,1.498959363e-01,6.375475992e-02,4.160584983e+00,-1.378115042e+00,-2.994270251e-01,2.983079886e-02,2.999469503e-03,6.167343849e-01,-4.394449097e-02,1.048607884e-01,6.314437530e-01,-5.726883852e-02,9.224493187e-03,4.850640297e-01,-1.230064780e-01,2.250003628e-02,1.978819771e+00,6.999995559e-02,0,0
7.660000000e+00,9.766957693e-02,3.105777503e-01,3.203403447e-02,1.546655048e-01,1.037439678e-01,2.892446891e+01,4.395512879e+00,1.355097076e-01,2.224998420e-16,1.788112031e-18,6.060874398e-20,1.273586300e-02,-2.824379802e-01,-2.653699636e+00,-1.498942256e+00,-1.365127325e+00,-7.855429649e-01,1.498939395e-01,5.944326901e-02,4.162142474e+00,-1.379045945e+00,-3.014906766e-01,2.998002539e-02,2.616763766e-03,6.167380648e-01,-4.394459450e-02,1.048568806e-01,6.314437530e-01,-5.726883852e-02,9.224493187e-03,4.850640297e-01,-1.230068505e-01,2.250002511e-02,1.978817137e+00,6.999992207e-02,0,0
7.670000000e+00,9.766607073e-02,3.105643726e-01,2.566100856e-02,1.546588965e-01,1.037346613e-01,2.916591481e+01,4.393734445e+00,1.355108937e-01,2.289374978e-16,3.484660191e-18,5.421010862e-20,1.152921100e-02,-2.824298143e-01,-2.653686523e+00,-1.498927116e+00,-1.365096927e+00,-7.854825854e-01,1.498311311e-01,6.341851922e-02,4.160989137e+00,-1.377128580e+00,-2.995312043e-01,2.898393227e-02,2.779803519e-03,6.167429251e-01,-4.394901629e-02,1.048546629e-01,6.314437530e-01,-5.726883852e-02,9.224493187e-03,4.850638807e-01,-1.230068803e-01,2.250006981e-02,1.978820007e+00,6.999999657e-02,0,0
7.680000000e+00,9.766939512e-02,3.105770567e-01,3.445809275e-02,1.546651622e-01,1.037355016e-01,2.915764691e+01,4.397911097e+00,1.355110702e-01,4.606319664e-16,5.204170428e-18,1.973277739e-19,1.292593400e-02,-2.824271321e-01,-2.653696537e+00,-1.498925209e+00,-1.365144134e+00,-7.854343057e-01,1.498526335e-01,5.846608978e-02,4.164548226e+00,-1.379776388e+00,-3.000813976e-01,3.003091265e-02,2.867099224e-03,6.167446897e-01,-4.395435872e-02,1.048590733e-01,6.314437530e-01,-5.726883852e-02,9.224493187e-03,4.850638509e-01,-1.230066568e-01,2.249989659e-02,1.978819457e+00,6.999997795e-02,0,0
7.690000000e+00,9.766966690e-02,3.105797341e-01,3.365197510e-02,1.546664848e-01,1.037383117e-01,2.878877719e+01,4.417897938e+00,1.355110228e-01,2.277200388e-16,5.204170428e-18,1.355252716e-19,1.264399200e-02,-2.824270725e-01,-2.653692007e+00,-1.498925686e+00,-1.365131497e+00,-7.854552269e-01,1.498417407e-01,7.235946357e-02,4.181436670e+00,-1.390806682e+00,-3.048878265e-01,2.946644729e-02,2.363442514e-03,6.167436241e-01,-4.395118701e-02,1.048587454e-01,6.314437530e-01,-5.726883852e-02,9.224493187e-03,4.850637615e-01,-1.230067238e-01,2.249991894e-02,1.978817845e+00,6.999996305e-02,0,0
7.700000000e+00,9.767077287e-02,3.105868594e-01,2.512472388e-02,1.546700046e-01,1.037407667e-01,2.899535848e+01,4.411878128e+00,1.355109566e-01,2.432141704e-16,1.939479807e-18,1.355252716e-20,1.257836200e-02,-2.824254632e-01,-2.653697491e+00,-1.498926640e+00,-1.365150094e+00,-7.854468822e-01,1.498516500e-01,7.033104195e-02,4.176436560e+00,-1.387245662e+00,-3.029582927e-01,2.931672903e-02,2.469141503e-03,6.167436372e-01,-4.395130438e-02,1.048598933e-01,6.314437530e-01,-5.726883852e-02,9.224493187e-03,4.850636423e-01,-1.230066791e-01,2.249993198e-02,1.978817727e+00,6.999996305e-02,0,0
7.710000000e+00,9.766779354e-02,3.105638226e-01,2.566016786e-02,1.546586248e-01,1.037284371e-01,2.891396244e+01,4.407270690e+00,1.355109266e-01,3.381565222e-16,4.336808690e-19,2.168404345e-19,1.314096600e-02,-2.824238539e-01,-2.653691769e+00,-1.498926997e+00,-1.365119576e+00,-7.854306102e-01,1.498451084e-01,7.107406392e-02,4.172122644e+00,-1.385578099e+00,-3.027937078e-01,2.931038303e-02,2.502945241e-03,6.167465520e-01,-4.395333421e-02,1.048575812e-01,6.314437530e-01,-5.726883852e-02,9.224493187e-03,4.850640297e-01,-1.230065748e-01,2.249992825e-02,1.978816783e+00,6.999995932e-02,0,0
7.720000000e+00,9.766859943e-02,3.105704828e-01,4.114433812e-02,1.546619148e-01,1.037299301e-01,2.909987915e+01,4.389486526e+00,1.355112264e-01,1.319217000e-16,5.275955480e-18,2.710505431e-20,1.304896600e-02,-2.824232876e-01,-2.653694630e+00,-1.498923302e+00,-1.365137696e+00,-7.854050994e-01,1.498414576e-01,6.093394995e-02,4.156850292e+00,-1.376344345e+00,-2.987548532e-01,2.976852154e-02,3.207124501e-03,6.167473873e-01,-4.395666485e-02,1.048589963e-01,6.314437530e-01,-5.726883852e-02,9.224493187e-03,4.850641191e-01,-1.230064705e-01,2.250011824e-02,1.978818670e+00,6.999997050e-02,0,0
7.730000000e+00,9.766854795e-02,3.105675881e-01,3.034007349e-02,1.546604849e-01,1.037279641e-01,2.926267465e+01,4.390760809e+00,1.355113361e-01,2.442512831e-17,2.742838647e-18,1.355252716e-19,1.277254300e-02,-2.824213207e-01,-2.653691769e+00,-1.498921871e+00,-1.365131140e+00,-7.854033709e-01,1.498376876e-01,7.078265326e-02,4.157623082e+00,-1.377552785e+00,-2.990315123e-01,2.936259081e-02,2.631088364e-03,6.167477584e-01,-4.395576759e-02,1.048588758e-01,6.314437530e-01,-5.726883852e-02,9.224493187e-03,4.850639701e-01,-1.230065823e-01,2.249988914e-02,1.978816115e+00,7.000000030e-02,0,0
7.740000000e+00,9.766597630e-02,3.105509717e-01,2.376298932e-02,1.546522766e-01,1.037190218e-01,2.889534333e+01,4.398379526e+00,1.355116872e-01,2.268810077e-16,2.637977740e-18,6.060874398e-20,1.267033200e-02,-2.824185789e-01,-2.653685093e+00,-1.498917341e+00,-1.365107059e+00,-7.853854299e-01,1.498219371e-01,6.296901014e-02,4.163901017e+00,-1.382854761e+00,-3.008816844e-01,2.965959414e-02,2.985683337e-03,6.167498980e-01,-4.395708490e-02,1.048567616e-01,6.314437530e-01,-5.726883852e-02,9.224493187e-03,4.850641787e-01,-1.230064929e-01,2.250015177e-02,1.978816744e+00,6.999991834e-02,0,0
7.750000000e+00,9.766701392e-02,3.105523413e-01,1.913529035e-02,1.546529532e-01,1.037168410e-01,2.894840608e+01,4.414150384e+00,1.355118350e-01,3.341606076e-16,9.697399036e-19,3.030437199e-20,1.227492900e-02,-2.824150324e-01,-2.653683662e+00,-1.498915553e+00,-1.365110517e+00,-7.853609920e-01,1.498150378e-01,6.864511817e-02,4.178538600e+00,-1.388185702e+00,-3.031810870e-01,2.901488474e-02,2.539453705e-03,6.167517865e-01,-4.395870009e-02,1.048583363e-01,6.314437530e-01,-5.726883852e-02,9.224493187e-03,4.850639105e-01,-1.230065897e-01,2.249988727e-02,1.978816075e+00,6.999997795e-02,0,0
7.760000000e+00,9.766745896e-02,3.105502130e-01,3.203777221e-02,1.546519018e-01,1.037120966e-01,2.890922144e+01,4.392839453e+00,1.355125761e-01,4.937109565e-17,3.472092921e-18,1.533293417e-19,1.264426200e-02,-2.824127078e-01,-2.653685331e+00,-1.498906255e+00,-1.365132213e+00,-7.853173614e-01,1.498210132e-01,7.821823666e-02,4.158513246e+00,-1.380709012e+00,-3.007312979e-01,2.971912197e-02,2.834571791e-03,6.167532944e-01,-4.396356606e-02,1.048596995e-01,6.314437530e-01,-5.726883852e-02,9.224493187e-03,4.850639999e-01,-1.230066493e-01,2.249988355e-02,1.978815486e+00,6.999997795e-02,0,0
7.770000000e+00,9.766257533e-02,3.105212471e-01,2.446540969e-02,1.546375931e-01,1.036979553e-01,2.860958344e+01,4.396463503e+00,1.355132881e-01,1.964531255e-17,9.697399036e-19,1.355252716e-19,1.251395100e-02,-2.824092805e-01,-2.653667688e+00,-1.498896956e+00,-1.365074039e+00,-7.852986455e-01,1.497752666e-01,7.206368443e-02,4.161126695e+00,-1.384304403e+00,-3.026335173e-01,2.882274992e-02,2.511211438e-03,6.167565158e-01,-4.396487052e-02,1.048553884e-01,6.314437530e-01,-5.726883852e-02,9.224493187e-03,4.850640297e-01,-1.230066642e-01,2.249993943e-02,1.978815722e+00,6.999999657e-02,0,0
7.780000000e+00,9.766322639e-02,3.105238883e-01,2.215439064e-02,1.546388978e-01,1.036975222e-01,2.894639081e+01,4.394372936e+00,1.355132218e-01,4.442492702e-16,3.496446946e-18,7.298259229e-20,1.250846000e-02,-2.824071050e-01,-2.653669834e+00,-1.498897910e+00,-1.365081429e+00,-7.852821350e-01,1.497751176e-01,7.131673365e-02,4.159302306e+00,-1.383616288e+00,-3.006009645e-01,2.949259111e-02,2.640192874e-03,6.167578075e-01,-4.396610531e-02,1.048564234e-01,6.314437530e-01,-5.726883852e-02,9.224493187e-03,4.850638211e-01,-1.230066344e-01,2.249994688e-02,1.978816665e+00,6.999993697e-02,0,0
7.790000000e+00,9.766594317e-02,3.105285627e-01,2.801344626e-02,1.546412069e-01,1.036959833e-01,2.834682550e+01,4.388207541e+00,1.355131587e-01,2.286563618e-16,2.375525005e-18,1.157928428e-19,1.393581400e-02,-2.824075222e-01,-2.653681755e+00,-1.498898983e+00,-1.365126610e+00,-7.852572799e-01,1.498224586e-01,7.062529063e-02,4.154885253e+00,-1.377240729e+00,-3.011839575e-01,2.809266959e-02,3.609264389e-03,6.167578989e-01,-4.396975123e-02,1.048597190e-01,6.314437530e-01,-5.726883852e-02,9.224493187e-03,4.850639105e-01,-1.230067387e-01,2.249993756e-02,1.978814935e+00,6.999997795e-02,0,0
7.800000000e+00,9.766310817e-02,3.105172486e-01,8.208583224e-02,1.546356179e-01,1.036899921e-01,2.821712555e+01,4.383207033e+00,1.355136603e-01,1.339140234e-16,7.663399883e-18,8.677851511e-19,1.140959000e-02,-2.824053466e-01,-2.653673887e+00,-1.498892546e+00,-1.365101457e+00,-7.852306366e-01,1.497864872e-01,8.000711746e-02,4.150279822e+00,-1.375124487e+00,-2.992227276e-01,2.748631611e-02,4.802452230e-03,6.167605498e-01,-4.397274897e-02,1.048576477e-01,6.314437530e-01,-5.726883852e-02,9.224493187e-03,4.850639701e-01,-1.230066046e-01,2.249992825e-02,1.978815958e+00,6.999997795e-02,0,0
7.810000000e+00,9.766589549e-02,3.105308828e-01,1.842488014e-02,1.546423530e-01,1.036948031e-01,2.853132063e+01,4.397618087e+00,1.355135281e-01,2.244858860e-16,1.852685484e-18,1.414925375e-19,1.382729300e-02,-2.824034095e-01,-2.653675795e+00,-1.498894334e+00,-1.365116954e+00,-7.852236032e-01,1.497855633e-01,7.841432475e-02,4.162077608e+00,-1.384730557e+00,-3.028280165e-01,2.855267999e-02,2.689567540e-03,6.167608358e-01,-4.397256222e-02,1.048605121e-01,6.314437530e-01,-5.726883852e-02,9.224493187e-03,4.850639403e-01,-1.230066717e-01,2.249992080e-02,1.978816508e+00,6.999997795e-02,0,0
7.820000000e+00,9.766253720e-02,3.105118414e-01,5.001919834e-02,1.546329468e-01,1.036847433e-01,2.928407290e+01,4.375913631e+00,1.355139917e-01,2.221208248e-16,7.806255642e-18,3.352710058e-19,1.137806900e-02,-2.824015915e-01,-2.653668165e+00,-1.498888373e+00,-1.365089297e+00,-7.851979136e-01,1.497623175e-01,6.242974316e-02,4.145089315e+00,-1.369110352e+00,-2.960463996e-01,2.897898930e-02,3.285576311e-03,6.167635524e-01,-4.397567550e-02,1.048579324e-01,6.314437530e-01,-5.726883852e-02,9.224493187e-03,4.850636721e-01,-1.230062768e-01,2.250001207e-02,1.978820754e+00,7.000008225e-02,0,0
7.830000000e+00,9.766095696e-02,3.104964277e-01,2.384537188e-02,1.546253327e-01,1.036767813e-01,2.900152838e+01,4.381042776e+00,1.355137471e-01,3.525374685e-17,8.673617380e-19,4.886433157e-20,1.159235200e-02,-2.824004292e-01,-2.653666735e+00,-1.498891473e+00,-1.365072608e+00,-7.851980925e-01,1.497722715e-01,6.745092680e-02,4.147394111e+00,-1.377667286e+00,-2.987689570e-01,2.951449107e-02,2.668647901e-03,6.167647672e-01,-4.397527204e-02,1.048564491e-01,6.314437530e-01,-5.726883852e-02,9.224493187e-03,4.850640595e-01,-1.230065078e-01,2.249986306e-02,1.978816194e+00,6.999993324e-02,0,0
7.840000000e+00,9.766252081e-02,3.105038871e-01,1.809569328e-02,1.546290175e-01,1.036764613e-01,2.888957024e+01,4.392008595e+00,1.355141294e-01,7.218409298e-17,3.043500531e-18,1.355252716e-20,1.241526000e-02,-2.823982537e-01,-2.653669834e+00,-1.498886824e+00,-1.365096688e+00,-7.851520181e-01,1.497672349e-01,6.883660821e-02,4.157722117e+00,-1.381022389e+00,-3.004462554e-01,2.914593834e-02,2.745372201e-03,6.167670449e-01,-4.398078613e-02,1.048591620e-01,6.314437530e-01,-5.726883852e-02,9.224493187e-03,4.850639105e-01,-1.230065748e-01,2.249992453e-02,1.978813913e+00,6.999996305e-02,0,0
7.850000000e+00,9.766277765e-02,3.105059356e-01,1.643652753e-02,1.546300295e-01,1.036767839e-01,2.874372592e+01,4.389370386e+00,1.355141761e-01,1.111069735e-16,3.043500531e-18,4.338925756e-20,1.242381000e-02,-2.823958397e-01,-2.653666973e+00,-1.498886228e+00,-1.365090370e+00,-7.851455808e-01,1.497526020e-01,6.942677038e-02,4.155302318e+00,-1.379802476e+00,-3.008533474e-01,2.897822305e-02,2.758783879e-03,6.167679570e-01,-4.398040037e-02,1.048595106e-01,6.314437530e-01,-5.726883852e-02,9.224493187e-03,4.850637615e-01,-1.230066270e-01,2.249997482e-02,1.978815879e+00,7.000007480e-02,0,0
7.860000000e+00,9.766427263e-02,3.105043903e-01,1.500963134e-02,1.546292661e-01,1.036755831e-01,2.852683075e+01,4.417527732e+00,1.355137025e-01,4.461646729e-17,2.192663197e-18,4.285685386e-20,1.382478300e-02,-2.823984921e-01,-2.653671503e+00,-1.498892307e+00,-1.365101099e+00,-7.851610184e-01,1.497874856e-01,7.350624280e-02,4.181011271e+00,-1.390875011e+00,-3.048021594e-01,2.908670872e-02,3.026089766e-03,6.167668714e-01,-4.397967026e-02,1.048607693e-01,6.314437530e-01,-5.726883852e-02,9.224493187e-03,4.850636721e-01,-1.230066791e-01,2.250000648e-02,1.978818513e+00,6.999996677e-02,0,0
7.870000000e+00,9.766262701e-02,3.105042250e-01,3.775678836e-02,1.546291844e-01,1.036760320e-01,2.927409891e+01,4.384567580e+00,1.355144078e-01,8.887813025e-18,1.788112031e-18,4.370558683e-19,1.192870500e-02,-2.823970020e-01,-2.653666019e+00,-1.498883247e+00,-1.365092039e+00,-7.851446867e-01,1.497544646e-01,6.014578557e-02,4.152242321e+00,-1.374670635e+00,-2.984476000e-01,3.003243703e-02,2.603651414e-03,6.167674938e-01,-4.398111850e-02,1.048593855e-01,6.314437530e-01,-5.726883852e-02,9.224493187e-03,4.850640297e-01,-1.230066270e-01,2.249996923e-02,1.978815054e+00,6.999998167e-02,0,0
7.880000000e+00,9.766243381e-02,3.105047404e-01,3.001149342e-02,1.546294391e-01,1.036770737e-01,2.912738611e+01,4.407862239e+00,1.355142562e-01,5.275955480e-18,3.878959614e-18,2.557085710e-19,1.423095700e-02,-2.823972702e-01,-2.653666019e+00,-1.498885155e+00,-1.365087986e+00,-7.851528525e-01,1.497529000e-01,6.644116320e-02,4.172633041e+00,-1.386310220e+00,-3.020451511e-01,2.959562401e-02,2.323208067e-03,6.167672337e-01,-4.398010899e-02,1.048590080e-01,6.314437530e-01,-5.726883852e-02,9.224493187e-03,4.850639701e-01,-1.230066270e-01,2.249991335e-02,1.978816036e+00,6.999997422e-02,0,0
7.890000000e+00,9.766267034e-02,3.105012497e-01,3.169893539e-02,1.546277147e-01,1.036735719e-01,2.878898768e+01,4.402161531e+00,1.355146076e-01,2.222477999e-16,6.133173667e-18,1.092639671e-19,1.237239900e-02,-2.823973596e-01,-2.653667450e+00,-1.498880744e+00,-1.365100503e+00,-7.851343155e-01,1.497648656e-01,7.276458383e-02,4.167699416e+00,-1.382782931e+00,-3.017340548e-01,2.950692224e-02,3.210842978e-03,6.167676019e-01,-4.398277586e-02,1.048596766e-01,6.314437530e-01,-5.726883852e-02,9.224493187e-03,4.850641489e-01,-1.230064407e-01,2.250008658e-02,1.978817491e+00,6.999997795e-02,0,0
7.900000000e+00,9.766246699e-02,3.105042916e-01,3.494865092e-02,1.546292173e-01,1.036765917e-01,2.936225566e+01,4.387519489e+00,1.355143511e-01,2.301583229e-16,1.734723476e-18,1.897353802e-19,1.331453800e-02,-2.823977172e-01,-2.653666973e+00,-1.498883963e+00,-1.365092874e+00,-7.851492167e-01,1.497574002e-01,6.188190310e-02,4.155191351e+00,-1.375151063e+00,-2.982590959e-01,2.961425435e-02,2.607189016e-03,6.167671185e-01,-4.398084811e-02,1.048591269e-01,6.314437530e-01,-5.726883852e-02,9.224493187e-03,4.850639403e-01,-1.230064034e-01,2.249993756e-02,1.978818670e+00,7.000006735e-02,0,0
7.910000000e+00,9.766178012e-02,3.104969024e-01,2.545032804e-02,1.546255672e-01,1.036717504e-01,2.900512288e+01,4.401805345e+00,1.355145946e-01,2.894961921e-17,1.654962790e-18,1.631940375e-19,1.213751700e-02,-2.823953927e-01,-2.653665066e+00,-1.498880863e+00,-1.365088701e+00,-7.851362824e-01,1.497576088e-01,6.168972104e-02,4.168194842e+00,-1.380787017e+00,-3.013166225e-01,2.939590500e-02,2.796465546e-03,6.167680836e-01,-4.398141154e-02,1.048586519e-01,6.314437530e-01,-5.726883852e-02,9.224493187e-03,4.850642979e-01,-1.230066642e-01,2.250016294e-02,1.978817176e+00,6.999995559e-02,0,0
7.920000000e+00,9.766284585e-02,3.105002492e-01,1.739151706e-02,1.546272204e-01,1.036729920e-01,2.852654277e+01,4.398222975e+00,1.355143911e-01,6.676443383e-16,1.167721477e-18,5.421010862e-20,1.254533100e-02,-2.823958099e-01,-2.653666258e+00,-1.498883486e+00,-1.365093112e+00,-7.851402760e-01,1.497639865e-01,7.782711062e-02,4.162667118e+00,-1.384916606e+00,-3.027753698e-01,2.890965200e-02,2.836341235e-03,6.167679100e-01,-4.398108446e-02,1.048596681e-01,6.314437530e-01,-5.726883852e-02,9.224493187e-03,4.850639999e-01,-1.230066568e-01,2.249989845e-02,1.978816547e+00,6.999996305e-02,0,0
7.930000000e+00,9.766121488e-02,3.104949296e-01,3.596485185e-02,1.546245926e-01,1.036709611e-01,2.929219305e+01,4.391925144e+00,1.355147322e-01,8.351932421e-17,5.208685978e-18,7.666467083e-20,1.116696700e-02,-2.823951840e-01,-2.653662443e+00,-1.498879075e+00,-1.365081549e+00,-7.851337790e-01,1.497478336e-01,6.415221030e-02,4.159320224e+00,-1.376478801e+00,-2.989452999e-01,2.960565021e-02,2.748952426e-03,6.167684044e-01,-4.398171141e-02,1.048581656e-01,6.314437530e-01,-5.726883852e-02,9.224493187e-03,4.850642979e-01,-1.230066493e-01,2.250006422e-02,1.978815839e+00,6.999995932e-02,0,0
7.940000000e+00,9.766376386e-02,3.105068868e-01,1.866878076e-02,1.546304993e-01,1.036755627e-01,2.868883410e+01,4.390535360e+00,1.355143881e-01,4.475620187e-16,4.848699518e-19,6.060874398e-20,1.125229800e-02,-2.823958993e-01,-2.653669596e+00,-1.498883605e+00,-1.365106821e+00,-7.851324081e-01,1.497668028e-01,6.707728632e-02,4.156290980e+00,-1.380541525e+00,-3.013174483e-01,2.918987189e-02,2.741110305e-03,6.167679450e-01,-4.398221362e-02,1.048607678e-01,6.314437530e-01,-5.726883852e-02,9.224493187e-03,4.850639105e-01,-1.230066568e-01,2.249992266e-02,1.978816901e+00,6.999999285e-02,0,0
7.950000000e+00,9.766337308e-02,3.105026227e-01,1.656263094e-02,1.546283929e-01,1.036742226e-01,2.826857118e+01,4.401023226e+00,1.355141514e-01,5.591315434e-16,2.818925648e-18,4.404571326e-20,1.295910500e-02,-2.823972106e-01,-2.653669357e+00,-1.498886585e+00,-1.365099788e+00,-7.851439714e-01,1.497734636e-01,8.250909063e-02,4.164793616e+00,-1.387057801e+00,-3.032076119e-01,2.856532772e-02,3.412995865e-03,6.167676376e-01,-4.398138819e-02,1.048602069e-01,6.314437530e-01,-5.726883852e-02,9.224493187e-03,4.850639999e-01,-1.230066568e-01,2.249988914e-02,1.978816272e+00,6.999993697e-02,0,0
7.960000000e+00,9.766124320e-02,3.104928595e-01,3.559927365e-02,1.546235700e-01,1.036686114e-01,2.939231845e+01,4.384483670e+00,1.355148569e-01,1.388347870e-16,1.748223473e-18,4.663329871e-19,1.156399100e-02,-2.823928893e-01,-2.653661966e+00,-1.498877525e+00,-1.365082383e+00,-7.851210237e-01,1.497468799e-01,6.166692110e-02,4.152167950e+00,-1.374780759e+00,-2.974737706e-01,2.958869201e-02,2.698464817e-03,6.167693441e-01,-4.398226209e-02,1.048584152e-01,6.314437530e-01,-5.726883852e-02,9.224493187e-03,4.850639403e-01,-1.230064780e-01,2.249994874e-02,1.978817255e+00,7.000001147e-02,0,0
7.970000000e+00,9.766163657e-02,3.104783176e-01,6.036781271e-02,1.546163865e-01,1.036576490e-01,2.797009466e+01,4.412280617e+00,1.355150540e-01,3.412007492e-16,1.734723476e-18,6.510857472e-19,1.197536500e-02,-2.823922634e-01,-2.653664589e+00,-1.498875141e+00,-1.365095854e+00,-7.850950956e-01,1.497837007e-01,7.527039728e-02,4.177707775e+00,-1.384127144e+00,-3.045202692e-01,2.741786051e-02,4.480203602e-03,6.167706081e-01,-4.398573695e-02,1.048594935e-01,6.314437530e-01,-5.726883852e-02,9.224493187e-03,4.850643575e-01,-1.230065525e-01,2.250020951e-02,1.978820518e+00,6.999996305e-02,0,0
7.980000000e+00,9.766067470e-02,3.104812954e-01,1.181227501e-02,1.546178575e-01,1.036583336e-01,2.858363388e+01,4.396897960e+00,1.355154736e-01,3.647047255e-17,2.637977740e-18,5.587850096e-20,1.282527300e-02,-2.823879421e-01,-2.653656721e+00,-1.498869777e+00,-1.365077257e+00,-7.850697637e-01,1.497338116e-01,7.504643645e-02,4.161492930e+00,-1.384529789e+00,-3.021586957e-01,2.873205599e-02,2.856002764e-03,6.167731463e-01,-4.398717435e-02,1.048591003e-01,6.314437530e-01,-5.726883852e-02,9.224493187e-03,4.850639403e-01,-1.230066195e-01,2.249994315e-02,1.978816351e+00,6.999997050e-02,0,0
7.990000000e+00,9.766068346e-02,3.104737744e-01,3.011513743e-02,1.546141422e-01,1.036502897e-01,2.878053081e+01,4.396440809e+00,1.355159916e-01,3.435683237e-16,3.496446946e-18,5.587850096e-20,1.120866800e-02,-2.823845446e-01,-2.653656960e+00,-1.498863339e+00,-1.365088344e+00,-7.850219607e-01,1.497373581e-01,6.789270029e-02,4.162292536e+00,-1.381229298e+00,-3.011941081e-01,2.968512759e-02,3.121866568e-03,6.167759602e-01,-4.399230890e-02,1.048602538e-01,6.314437530e-01,-5.726883852e-02,9.224493187e-03,4.850638509e-01,-1.230066791e-01,2.249990962e-02,1.978815446e+00,6.999997795e-02,0,0
8.000000000e+00,9.765889691e-02,3.104645717e-01,3.387812339e-02,1.546095962e-01,1.036454527e-01,2.939476744e+01,4.390670120e+00,1.355163343e-01,4.489759611e-16,5.275955480e-18,1.117570019e-19,1.145218000e-02,-2.823834121e-01,-2.653651714e+00,-1.498858929e+00,-1.365072250e+00,-7.850073576e-01,1.497196257e-01,7.137819261e-02,4.157586553e+00,-1.377454936e+00,-2.985142196e-01,2.939418335e-02,2.539909266e-03,6.167773976e-01,-4.399398557e-02,1.048588826e-01,6.314437530e-01,-5.726883852e-02,9.224493187e-03,4.850638211e-01,-1.230062842e-01,2.250000834e-02,1.978817805e+00,7.000008970e-02,0,0
8.010000000e+00,9.766081508e-02,3.104761050e-01,3.627275810e-02,1.546152935e-01,1.036505955e-01,2.907417847e+01,4.390844000e+00,1.355161832e-01,3.363675341e-16,3.705370969e-18,5.421010862e-20,1.196918500e-02,-2.823845446e-01,-2.653657675e+00,-1.498860955e+00,-1.365095139e+00,-7.850071192e-01,1.497322470e-01,6.422098753e-02,4.158442203e+00,-1.375609874e+00,-2.992898890e-01,2.930368714e-02,3.077955518e-03,6.167765747e-01,-4.399449206e-02,1.048607855e-01,6.314437530e-01,-5.726883852e-02,9.224493187e-03,4.850644469e-01,-1.230064631e-01,2.250005491e-02,1.978818356e+00,6.999998167e-02,0,0
8.020000000e+00,9.765929697e-02,3.104667789e-01,2.678936007e-02,1.546106865e-01,1.036457222e-01,2.881514847e+01,4.394333294e+00,1.355165308e-01,4.998442470e-17,1.939479807e-18,2.168404345e-19,1.114208700e-02,-2.823813260e-01,-2.653649569e+00,-1.498856425e+00,-1.365071654e+00,-7.849995494e-01,1.497101188e-01,7.023819509e-02,4.159779515e+00,-1.381873781e+00,-3.017271055e-01,2.908325715e-02,2.418474795e-03,6.167778716e-01,-4.399386436e-02,1.048593470e-01,6.314437530e-01,-5.726883852e-02,9.224493187e-03,4.850639105e-01,-1.230065525e-01,2.249993943e-02,1.978816311e+00,7.000004128e-02,0,0
8.030000000e+00,9.766115879e-02,3.104713277e-01,1.818308826e-02,1.546129336e-01,1.036475941e-01,2.817667332e+01,4.401359427e+00,1.355158301e-01,6.017390430e-17,3.448658836e-18,2.731599177e-20,1.364729100e-02,-2.823844552e-01,-2.653659105e+00,-1.498865485e+00,-1.365093589e+00,-7.850120664e-01,1.497485936e-01,7.854256364e-02,4.164697995e+00,-1.388613718e+00,-3.033263714e-01,2.862052515e-02,3.520899662e-03,6.167768598e-01,-4.399385018e-02,1.048610911e-01,6.314437530e-01,-5.726883852e-02,9.224493187e-03,4.850640297e-01,-1.230066568e-01,2.249992639e-02,1.978816115e+00,6.999986991e-02,0,0
8.040000000e+00,9.765898089e-02,3.104613440e-01,3.948512645e-02,1.546080018e-01,1.036410229e-01,2.942410976e+01,4.380999863e+00,1.355164645e-01,2.241102277e-16,3.387155867e-18,2.710505431e-19,1.289963400e-02,-2.823790312e-01,-2.653651237e+00,-1.498857379e+00,-1.365073204e+00,-7.849785089e-01,1.497146189e-01,5.774032951e-02,4.149163200e+00,-1.372991289e+00,-2.970938253e-01,2.989554116e-02,2.652122515e-03,6.167798018e-01,-4.399582184e-02,1.048595919e-01,6.314437530e-01,-5.726883852e-02,9.224493187e-03,4.850639701e-01,-1.230065376e-01,2.249991149e-02,1.978817648e+00,6.999994442e-02,0,0
8.050000000e+00,9.765920710e-02,3.104612115e-01,3.387004123e-02,1.546079363e-01,1.036394382e-01,2.935951795e+01,4.390523797e+00,1.355167945e-01,3.412349235e-16,6.938893904e-18,3.428548309e-19,1.156460100e-02,-2.823776901e-01,-2.653649092e+00,-1.498853207e+00,-1.365074992e+00,-7.849602699e-01,1.497059911e-01,6.507704427e-02,4.157603048e+00,-1.377140425e+00,-2.990109140e-01,2.953394146e-02,2.356697454e-03,6.167807870e-01,-4.399772719e-02,1.048602384e-01,6.314437530e-01,-5.726883852e-02,9.224493187e-03,4.850639999e-01,-1.230065674e-01,2.249992825e-02,1.978816194e+00,6.999998540e-02,0,0
8.060000000e+00,9.765952162e-02,3.104606947e-01,1.553360309e-02,1.546076810e-01,1.036386083e-01,2.867099189e+01,4.416734477e+00,1.355167304e-01,2.260005840e-16,1.454609855e-18,5.421010862e-20,1.358381100e-02,-2.823763192e-01,-2.653649569e+00,-1.498854041e+00,-1.365076065e+00,-7.849594355e-01,1.497105211e-01,6.596525438e-02,4.181058452e+00,-1.388682224e+00,-3.043825996e-01,2.910399654e-02,2.849249003e-03,6.167809878e-01,-4.399703503e-02,1.048604943e-01,6.314437530e-01,-5.726883852e-02,9.224493187e-03,4.850638509e-01,-1.230065674e-01,2.249987982e-02,1.978815958e+00,6.999994814e-02,0,0
8.070000000e+00,9.765823522e-02,3.104551032e-01,5.732957725e-02,1.546049189e-01,1.036359604e-01,2.926251429e+01,4.394692164e+00,1.355167124e-01,5.345369612e-17,7.757919229e-18,1.355252716e-19,1.130870900e-02,-2.823762298e-01,-2.653649092e+00,-1.498854280e+00,-1.365068436e+00,-7.849523425e-01,1.497051269e-01,6.551449347e-02,4.159735272e+00,-1.383539599e+00,-3.007918752e-01,3.111284554e-02,1.988835042e-03,6.167819518e-01,-4.399821662e-02,1.048594925e-01,6.314437530e-01,-5.726883852e-02,9.224493187e-03,4.850636721e-01,-1.230065897e-01,2.249996178e-02,1.978817569e+00,6.999994814e-02,0,0
8.080000000e+00,9.765438509e-02,3.104296244e-01,2.504064631e-02,1.545923327e-01,1.036240165e-01,2.905564387e+01,4.402330865e+00,1.355174992e-01,2.230722191e-16,2.168404345e-18,2.473104131e-19,1.191826500e-02,-2.823756039e-01,-2.653635502e+00,-1.498844028e+00,-1.365028381e+00,-7.849449515e-01,1.496826410e-01,7.171354767e-02,4.167843521e+00,-1.383031902e+00,-3.013570990e-01,2.923261917e-02,2.590074413e-03,6.167830830e-01,-4.399914923e-02,1.048558637e-01,6.314437530e-01,-5.726883852e-02,9.224493187e-03,4.850640595e-01,-1.230064407e-01,2.250008285e-02,1.978817569e+00,7.000003755e-02,0,0
8.090000000e+00,9.765951483e-02,3.104633892e-01,4.277538449e-02,1.546090121e-01,1.036395960e-01,2.916259050e+01,4.390156194e+00,1.355168919e-01,5.555152308e-16,2.453269467e-18,1.533293417e-19,1.123099800e-02,-2.823756933e-01,-2.653650284e+00,-1.498852015e+00,-1.365081191e+00,-7.849503160e-01,1.497052163e-01,6.391276181e-02,4.157549160e+00,-1.376310898e+00,-2.984342486e-01,2.943708165e-02,3.211698819e-03,6.167812603e-01,-4.399795201e-02,1.048606564e-01,6.314437530e-01,-5.726883852e-02,9.224493187e-03,4.850639701e-01,-1.230063736e-01,2.249993756e-02,1.978819535e+00,7.000004500e-02,0,0
8.100000000e+00,9.765634865e-02,3.104358315e-01,3.024811138e-02,1.545953989e-01,1.036246377e-01,2.868274832e+01,4.394445733e+00,1.355168436e-01,1.487215576e-17,2.637977740e-18,5.421010862e-20,1.366346100e-02,-2.823750973e-01,-2.653643847e+00,-1.498852611e+00,-1.365047932e+00,-7.849315405e-01,1.497031152e-01,7.064476472e-02,4.158658679e+00,-1.385525507e+00,-3.018755838e-01,3.005906754e-02,2.694498887e-03,6.167845123e-01,-4.400105665e-02,1.048583526e-01,6.314437530e-01,-5.726883852e-02,9.224493187e-03,4.850638211e-01,-1.230067089e-01,2.249994688e-02,1.978816468e+00,6.999991834e-02,0,0
8.110000000e+00,9.765688070e-02,3.104408735e-01,3.266231235e-02,1.545978896e-01,1.036252784e-01,2.925987332e+01,4.373248029e+00,1.355172810e-01,2.337584137e-16,2.377841001e-18,2.557085710e-19,1.229164800e-02,-2.823723555e-01,-2.653645277e+00,-1.498847127e+00,-1.365062714e+00,-7.849062085e-01,1.496969908e-01,7.257770862e-02,4.140715828e+00,-1.373214425e+00,-2.965069010e-01,2.934906517e-02,2.767215263e-03,6.167853329e-01,-4.400299069e-02,1.048592899e-01,6.314437530e-01,-5.726883852e-02,9.224493187e-03,4.850638807e-01,-1.230065152e-01,2.249992639e-02,1.978817412e+00,7.000001147e-02,0,0
8.120000000e+00,9.765808453e-02,3.104352209e-01,2.735346708e-02,1.545950972e-01,1.036195277e-01,2.893944941e+01,4.370830616e+00,1.355172899e-01,4.221655499e-17,2.263880600e-18,1.212174880e-19,1.118946800e-02,-2.823716998e-01,-2.653647900e+00,-1.498847127e+00,-1.365076065e+00,-7.848902345e-01,1.497238874e-01,6.408679917e-02,4.139073635e+00,-1.370702624e+00,-2.973975852e-01,2.902704166e-02,3.004718928e-03,6.167861145e-01,-4.400496273e-02,1.048609125e-01,6.314437530e-01,-5.726883852e-02,9.224493187e-03,4.850639105e-01,-1.230066419e-01,2.249989659e-02,1.978816783e+00,7.000000030e-02,0,0
8.130000000e+00,9.765655766e-02,3.104342835e-01,1.468404514e-02,1.545946342e-01,1.036196519e-01,2.893867712e+01,4.406504961e+00,1.355180745e-01,9.540979118e-18,6.133173667e-19,8.243680438e-20,1.244823000e-02,-2.823686600e-01,-2.653638840e+00,-1.498836994e+00,-1.365058661e+00,-7.848791480e-01,1.496842206e-01,7.152717747e-02,4.171564032e+00,-1.384979871e+00,-3.020474092e-01,2.853963551e-02,2.640383703e-03,6.167866414e-01,-4.400469937e-02,1.048593976e-01,6.314437530e-01,-5.726883852e-02,9.224493187e-03,4.850641489e-01,-1.230065152e-01,2.249998413e-02,1.978815643e+00,7.000000402e-02,0,0
8.140000000e+00,9.765766617e-02,3.104388810e-01,3.541519147e-02,1.545969053e-01,1.036197052e-01,2.914627488e+01,4.385971477e+00,1.355181875e-01,4.442568907e-16,2.168404345e-19,3.804375664e-19,1.148692100e-02,-2.823679149e-01,-2.653640985e+00,-1.498835683e+00,-1.365072489e+00,-7.848560214e-01,1.496841013e-01,6.122700822e-02,4.153478474e+00,-1.375223478e+00,-2.991227891e-01,2.987464191e-02,2.658156477e-03,6.167878361e-01,-4.400770135e-02,1.048611290e-01,6.314437530e-01,-5.726883852e-02,9.224493187e-03,4.850639999e-01,-1.230065823e-01,2.249989845e-02,1.978815722e+00,6.999999285e-02,0,0
8.150000000e+00,9.765595922e-02,3.104255122e-01,2.797978317e-02,1.545903013e-01,1.036140991e-01,2.857800007e+01,4.409080730e+00,1.355180412e-01,6.693965011e-16,1.301042607e-18,2.710505431e-20,1.140710000e-02,-2.823688090e-01,-2.653639317e+00,-1.498837471e+00,-1.365056872e+00,-7.848671675e-01,1.496937871e-01,7.813037188e-02,4.173823500e+00,-1.385864525e+00,-3.027343031e-01,2.837656045e-02,3.486322575e-03,6.167877873e-01,-4.400674425e-02,1.048592457e-01,6.314437530e-01,-5.726883852e-02,9.224493187e-03,4.850639999e-01,-1.230067834e-01,2.249992266e-02,1.978814385e+00,6.999996305e-02,0,0
8.160000000e+00,9.765700940e-02,3.104377151e-01,3.773403640e-02,1.545963294e-01,1.036201923e-01,2.928316770e+01,4.377104449e+00,1.355181097e-01,2.242058790e-16,1.748223473e-18,6.505213035e-19,1.306778500e-02,-2.823683321e-01,-2.653640985e+00,-1.498836637e+00,-1.365067720e+00,-7.848638296e-01,1.496825367e-01,6.325779498e-02,4.145833713e+00,-1.370396694e+00,-2.970685131e-01,2.932361391e-02,2.821011593e-03,6.167874828e-01,-4.400680665e-02,1.048602801e-01,6.314437530e-01,-5.726883852e-02,9.224493187e-03,4.850639403e-01,-1.230066195e-01,2.249993011e-02,1.978818788e+00,7.000005245e-02,0,0
8.170000000e+00,9.765652140e-02,3.104313381e-01,1.303839003e-02,1.545931792e-01,1.036164522e-01,2.883266472e+01,4.405941701e+00,1.355181361e-01,4.597017211e-17,3.252606517e-18,7.074626874e-20,1.221786700e-02,-2.823658586e-01,-2.653639078e+00,-1.498836279e+00,-1.365059853e+00,-7.848619223e-01,1.496842504e-01,7.206105603e-02,4.171013949e+00,-1.384741685e+00,-3.023941944e-01,2.851228023e-02,2.716603786e-03,6.167880747e-01,-4.400567858e-02,1.048597161e-01,6.314437530e-01,-5.726883852e-02,9.224493187e-03,4.850638509e-01,-1.230065674e-01,2.249987051e-02,1.978815603e+00,7.000001147e-02,0,0
8.180000000e+00,9.765760748e-02,3.104334135e-01,1.823067314e-02,1.545942044e-01,1.036161217e-01,2.847259267e+01,4.415922070e+00,1.355180665e-01,8.080483655e-16,1.371419324e-18,1.212174880e-19,1.244275000e-02,-2.823666632e-01,-2.653639555e+00,-1.498837233e+00,-1.365065575e+00,-7.848534584e-01,1.496876031e-01,7.468233955e-02,4.179464148e+00,-1.390378932e+00,-3.047214042e-01,2.917430254e-02,3.140391434e-03,6.167886680e-01,-4.400750087e-02,1.048611687e-01,6.314437530e-01,-5.726883852e-02,9.224493187e-03,4.850640297e-01,-1.230067015e-01,2.249989472e-02,1.978816036e+00,6.999994442e-02,0,0
8.190000000e+00,9.765255074e-02,3.104063828e-01,2.829157411e-02,1.545808516e-01,1.036046029e-01,2.866195961e+01,4.406117836e+00,1.355178547e-01,3.334021637e-16,1.788112031e-18,7.666467083e-20,1.293804400e-02,-2.823626697e-01,-2.653627634e+00,-1.498839736e+00,-1.365003109e+00,-7.848587632e-01,1.496538222e-01,6.404737573e-02,4.170766124e+00,-1.386129629e+00,-3.037132488e-01,2.963954068e-02,2.582475903e-03,6.167916351e-01,-4.400513050e-02,1.048561310e-01,6.314437530e-01,-5.726883852e-02,9.224493187e-03,4.850637913e-01,-1.230065823e-01,2.250000648e-02,1.978815958e+00,7.000000030e-02,0,0
8.200000000e+00,9.764937699e-02,3.103901293e-01,3.392815776e-02,1.545728225e-01,1.035972019e-01,2.931367496e+01,4.393992883e+00,1.355186459e-01,2.224541911e-16,4.336808690e-18,4.345270764e-19,1.240505900e-02,-2.823614478e-01,-2.653617144e+00,-1.498829484e+00,-1.364974737e+00,-7.848469615e-01,1.496267021e-01,6.756204936e-02,4.160659143e+00,-1.378708091e+00,-2.996880906e-01,2.949417703e-02,2.337530057e-03,6.167926047e-01,-4.400623692e-02,1.048531922e-01,6.314437530e-01,-5.726883852e-02,9.224493187e-03,4.850640297e-01,-1.230065823e-01,2.249993943e-02,1.978815526e+00,7.000002265e-02,0,0
8.210000000e+00,9.765325346e-02,3.104048277e-01,1.992151394e-02,1.545800833e-01,1.036021433e-01,2.884594824e+01,4.419803465e+00,1.355182699e-01,4.515890381e-16,1.734723476e-18,1.103095791e-19,1.221088800e-02,-2.823615074e-01,-2.653629780e+00,-1.498834491e+00,-1.365020394e+00,-7.848462462e-01,1.496720016e-01,7.266818173e-02,4.183553020e+00,-1.390626139e+00,-3.043242665e-01,2.838671899e-02,2.451584098e-03,6.167912030e-01,-4.400596443e-02,1.048568981e-01,6.314437530e-01,-5.726883852e-02,9.224493187e-03,4.850642979e-01,-1.230064854e-01,2.250009961e-02,1.978816430e+00,7.000001892e-02,0,0
8.220000000e+00,9.765546898e-02,3.104242151e-01,2.682025323e-02,1.545896605e-01,1.036113934e-01,2.854043309e+01,4.392600384e+00,1.355177492e-01,6.931788742e-16,8.673617380e-19,2.919303692e-19,1.254262000e-02,-2.823615372e-01,-2.653637171e+00,-1.498841286e+00,-1.365041018e+00,-7.848445177e-01,1.496693790e-01,7.316108507e-02,4.157227263e+00,-1.383740663e+00,-3.023897414e-01,2.936459539e-02,2.648787289e-03,6.167913255e-01,-4.400625227e-02,1.048592191e-01,6.314437530e-01,-5.726883852e-02,9.224493187e-03,4.850639999e-01,-1.230066866e-01,2.249991335e-02,1.978814897e+00,6.999997050e-02,0,0
8.230000000e+00,9.765326152e-02,3.104136555e-01,4.124383985e-02,1.545844442e-01,1.036068761e-01,2.930810626e+01,4.387385988e+00,1.355182911e-01,7.949501638e-18,1.305552300e-17,1.954573263e-19,1.308226600e-02,-2.823609114e-01,-2.653629780e+00,-1.498834252e+00,-1.365020871e+00,-7.848386168e-01,1.496494412e-01,6.560747968e-02,4.154979079e+00,-1.375263489e+00,-2.979372998e-01,2.958712123e-02,2.936481181e-03,6.167918270e-01,-4.400680095e-02,1.048571179e-01,6.314437530e-01,-5.726883852e-02,9.224493187e-03,4.850639701e-01,-1.230062768e-01,2.249999344e-02,1.978816587e+00,7.000008225e-02,0,0
8.240000000e+00,9.765540890e-02,3.104248161e-01,3.438679309e-02,1.545899574e-01,1.036114489e-01,2.913337077e+01,4.386280585e+00,1.355181966e-01,6.673146614e-16,2.742838647e-18,2.764184017e-19,1.207817700e-02,-2.823617458e-01,-2.653635740e+00,-1.498835564e+00,-1.365045905e+00,-7.848367095e-01,1.496651769e-01,5.187670084e-02,4.154689662e+00,-1.373097533e+00,-2.984330727e-01,2.918632029e-02,3.002240182e-03,6.167909664e-01,-4.400733439e-02,1.048592528e-01,6.314437530e-01,-5.726883852e-02,9.224493187e-03,4.850639403e-01,-1.230064705e-01,2.249992453e-02,1.978819417e+00,7.000007480e-02,0,0
8.250000000e+00,9.765340564e-02,3.104140622e-01,3.676841966e-02,1.545846451e-01,1.036065226e-01,2.954401406e+01,4.382343407e+00,1.355183007e-01,4.544752040e-16,5.553824967e-18,1.117570019e-19,1.132828900e-02,-2.823586166e-01,-2.653628588e+00,-1.498834133e+00,-1.365017772e+00,-7.848351598e-01,1.496440619e-01,4.820568356e-02,4.150373672e+00,-1.373965563e+00,-2.971967991e-01,2.993322653e-02,2.241858851e-03,6.167923681e-01,-4.400598010e-02,1.048572341e-01,6.314437530e-01,-5.726883852e-02,9.224493187e-03,4.850641191e-01,-1.230065152e-01,2.250007726e-02,1.978816075e+00,6.999997050e-02,0,0
8.260000000e+00,9.765446875e-02,3.104204664e-01,1.754236812e-02,1.545878087e-01,1.036083013e-01,2.878916163e+01,4.390660540e+00,1.355181907e-01,5.560945554e-16,8.741117366e-19,1.092639671e-19,1.129450900e-02,-2.823581994e-01,-2.653635025e+00,-1.498835683e+00,-1.365038514e+00,-7.848212719e-01,1.496557146e-01,6.976387541e-02,4.156157213e+00,-1.381369443e+00,-3.005833977e-01,2.916028925e-02,2.822089305e-03,6.167927771e-01,-4.400771242e-02,1.048586226e-01,6.314437530e-01,-5.726883852e-02,9.224493187e-03,4.850638211e-01,-1.230066642e-01,2.249994501e-02,1.978815839e+00,6.999994814e-02,0,0
8.270000000e+00,9.765410945e-02,3.104136406e-01,3.712931880e-02,1.545844368e-01,1.036025188e-01,2.928577548e+01,4.376581623e+00,1.355188112e-01,2.222156397e-16,3.476216611e-18,2.168404345e-19,1.180432300e-02,-2.823568583e-01,-2.653631687e+00,-1.498827815e+00,-1.365040302e+00,-7.847911716e-01,1.496507525e-01,6.559986400e-02,4.145468645e+00,-1.369816926e+00,-2.966802599e-01,2.875690210e-02,2.918648184e-03,6.167942527e-01,-4.401136302e-02,1.048589879e-01,6.314437530e-01,-5.726883852e-02,9.224493187e-03,4.850638509e-01,-1.230064556e-01,2.249991335e-02,1.978821579e+00,7.000005245e-02,0,0
8.280000000e+00,9.765187171e-02,3.103934122e-01,1.804170909e-02,1.545744442e-01,1.035912847e-01,2.890449322e+01,4.400617993e+00,1.355191794e-01,4.451873010e-16,5.692061406e-19,4.886433157e-20,1.268762200e-02,-2.823548317e-01,-2.653623343e+00,-1.498823047e+00,-1.365013838e+00,-7.847750187e-01,1.496415287e-01,7.016179342e-02,4.166127732e+00,-1.382884010e+00,-3.011457530e-01,2.881789892e-02,2.888529739e-03,6.167963203e-01,-4.401286930e-02,1.048572284e-01,6.314437530e-01,-5.726883852e-02,9.224493187e-03,4.850641489e-01,-1.230064929e-01,2.250001393e-02,1.978815643e+00,6.999997422e-02,0,0
8.290000000e+00,9.765340383e-02,3.104058020e-01,3.934928574e-02,1.545805647e-01,1.035970676e-01,2.879946585e+01,4.392491749e+00,1.355189441e-01,4.441374881e-16,1.939479807e-18,1.533293417e-19,1.309560600e-02,-2.823543549e-01,-2.653628826e+00,-1.498826146e+00,-1.365031362e+00,-7.847738862e-01,1.496449709e-01,6.068557270e-02,4.158148070e+00,-1.381294289e+00,-3.020504363e-01,2.986999281e-02,2.250407005e-03,6.167960361e-01,-4.401263963e-02,1.048587175e-01,6.314437530e-01,-5.726883852e-02,9.224493187e-03,4.850641787e-01,-1.230065674e-01,2.250002325e-02,1.978817765e+00,6.999993324e-02,0,0
8.300000000e+00,9.765396208e-02,3.104086222e-01,1.612917925e-02,1.545819578e-01,1.035995040e-01,2.842587182e+01,4.397957846e+00,1.355185596e-01,1.256717067e-16,5.944602503e-19,3.030437199e-20,1.173185300e-02,-2.823555470e-01,-2.653631449e+00,-1.498831034e+00,-1.365033507e+00,-7.847924232e-01,1.496564597e-01,7.488916584e-02,4.162805633e+00,-1.383751574e+00,-3.030913321e-01,2.885425528e-02,2.957665572e-03,6.167949707e-01,-4.401057652e-02,1.048588383e-01,6.314437530e-01,-5.726883852e-02,9.224493187e-03,4.850640297e-01,-1.230067462e-01,2.249990404e-02,1.978815722e+00,6.999995932e-02,0,0
8.310000000e+00,9.765234710e-02,3.103997117e-01,1.653943964e-02,1.545775561e-01,1.035950143e-01,2.878588820e+01,4.389052055e+00,1.355188369e-01,6.974041458e-17,3.471140604e-18,9.216714922e-20,1.120794800e-02,-2.823548615e-01,-2.653627634e+00,-1.498827457e+00,-1.365020871e+00,-7.847823501e-01,1.496459991e-01,7.505325787e-02,4.154498306e+00,-1.381022800e+00,-3.003658203e-01,2.893368855e-02,2.832154097e-03,6.167959432e-01,-4.401178807e-02,1.048575062e-01,6.314437530e-01,-5.726883852e-02,9.224493187e-03,4.850639105e-01,-1.230065003e-01,2.249992266e-02,1.978817059e+00,6.999997050e-02,0,0
8.320000000e+00,9.765192982e-02,3.103948287e-01,2.776642990e-02,1.545751439e-01,1.035908670e-01,2.886652724e+01,4.387848055e+00,1.355192405e-01,8.852615307e-17,1.939479807e-18,5.421010862e-20,1.237458900e-02,-2.823529541e-01,-2.653623581e+00,-1.498822331e+00,-1.365015745e+00,-7.847599387e-01,1.496338844e-01,6.304761120e-02,4.154935903e+00,-1.376612494e+00,-2.996996918e-01,2.918593761e-02,3.084129279e-03,6.167975010e-01,-4.401406718e-02,1.048576346e-01,6.314437530e-01,-5.726883852e-02,9.224493187e-03,4.850642085e-01,-1.230065823e-01,2.250000276e-02,1.978815761e+00,7.000001147e-02,0,0
8.330000000e+00,9.765063737e-02,3.103830546e-01,3.325722581e-02,1.545693277e-01,1.035832742e-01,2.914352626e+01,4.399679010e+00,1.355195969e-01,2.385102843e-16,5.724751741e-18,2.919303692e-19,1.262481100e-02,-2.823511660e-01,-2.653619051e+00,-1.498817801e+00,-1.365004301e+00,-7.847357392e-01,1.496252567e-01,6.354466519e-02,4.165847522e+00,-1.381157552e+00,-3.005941283e-01,2.986001283e-02,2.694392885e-03,6.167995623e-01,-4.401680911e-02,1.048570105e-01,6.314437530e-01,-5.726883852e-02,9.224493187e-03,4.850642979e-01,-1.230065450e-01,2.250000834e-02,1.978817137e+00,6.999999285e-02,0,0
8.340000000e+00,9.765364921e-02,3.104027957e-01,2.640195650e-02,1.545790795e-01,1.035935914e-01,2.871418036e+01,4.412804518e+00,1.355192545e-01,1.147051056e-16,3.496446946e-18,5.421010862e-20,1.118204700e-02,-2.823517323e-01,-2.653625250e+00,-1.498822212e+00,-1.365028501e+00,-7.847554684e-01,1.496373117e-01,6.634380185e-02,4.177253783e+00,-1.387621913e+00,-3.043681809e-01,2.919395142e-02,2.489637185e-03,6.167973605e-01,-4.401386108e-02,1.048593402e-01,6.314437530e-01,-5.726883852e-02,9.224493187e-03,4.850641191e-01,-1.230065599e-01,2.249990776e-02,1.978815329e+00,6.999999285e-02,0,0
8.350000000e+00,9.765313915e-02,3.104042058e-01,2.538409091e-02,1.545797761e-01,1.035948220e-01,2.900626428e+01,4.408332850e+00,1.355191168e-01,1.127737047e-16,2.637977740e-18,4.609851821e-19,1.136729900e-02,-2.823522985e-01,-2.653627396e+00,-1.498824000e+00,-1.365029454e+00,-7.847538590e-01,1.496342421e-01,6.916328970e-02,4.172985734e+00,-1.386555293e+00,-3.023207593e-01,2.941550800e-02,2.515405247e-03,6.167976361e-01,-4.401451504e-02,1.048589522e-01,6.314437530e-01,-5.726883852e-02,9.224493187e-03,4.850639999e-01,-1.230065748e-01,2.249991335e-02,1.978817137e+00,6.999999657e-02,0,0
8.360000000e+00,9.765271869e-02,3.103979311e-01,4.165927091e-02,1.545766765e-01,1.035913680e-01,2.956029235e+01,4.386549508e+00,1.355191612e-01,4.535099365e-16,6.314488766e-18,4.233944833e-19,1.221523800e-02,-2.823524475e-01,-2.653624535e+00,-1.498823404e+00,-1.365020633e+00,-7.847523093e-01,1.496337652e-01,6.482926405e-02,4.153764517e+00,-1.376248459e+00,-2.981832070e-01,2.961648649e-02,1.975877637e-03,6.167981154e-01,-4.401495729e-02,1.048586576e-01,6.314437530e-01,-5.726883852e-02,9.224493187e-03,4.850641489e-01,-1.230066270e-01,2.249985747e-02,1.978816115e+00,7.000000402e-02,0,0
8.370000000e+00,9.765310611e-02,3.104001597e-01,3.369942990e-02,1.545777774e-01,1.035918147e-01,2.924357184e+01,4.394204972e+00,1.355192127e-01,5.580965621e-16,5.275955480e-18,2.315856856e-19,1.221862800e-02,-2.823524773e-01,-2.653627157e+00,-1.498822808e+00,-1.365030885e+00,-7.847445607e-01,1.496393532e-01,6.341292388e-02,4.161199288e+00,-1.377985436e+00,-2.995147285e-01,2.960701565e-02,2.666857553e-03,6.167981936e-01,-4.401604573e-02,1.048592160e-01,6.314437530e-01,-5.726883852e-02,9.224493187e-03,4.850639701e-01,-1.230064407e-01,2.249989100e-02,1.978817491e+00,7.000007480e-02,0,0
8.380000000e+00,9.765206685e-02,3.103984650e-01,2.498578947e-02,1.545769402e-01,1.035929623e-01,2.881786747e+01,4.392286780e+00,1.355192389e-01,6.667230891e-16,1.226634733e-18,2.206191582e-19,1.414148600e-02,-2.823514044e-01,-2.653622627e+00,-1.498822331e+00,-1.365013123e+00,-7.847625613e-01,1.496247053e-01,6.768744312e-02,4.157626587e+00,-1.382065521e+00,-3.013061702e-01,2.909182726e-02,2.424927867e-03,6.167974803e-01,-4.401273105e-02,1.048575862e-01,6.314437530e-01,-5.726883852e-02,9.224493187e-03,4.850640297e-01,-1.230065674e-01,2.249990590e-02,1.978816194e+00,7.000001520e-02,0,0
8.390000000e+00,9.765377955e-02,3.104081059e-01,2.432445721e-02,1.545817027e-01,1.035966314e-01,2.881168101e+01,4.394317157e+00,1.355189797e-01,3.934802561e-17,9.697399036e-19,8.243680438e-20,1.186449400e-02,-2.823526859e-01,-2.653630018e+00,-1.498825788e+00,-1.365037084e+00,-7.847551107e-01,1.496399790e-01,7.898183204e-02,4.158884309e+00,-1.384107550e+00,-3.014505949e-01,2.888269552e-02,2.462763946e-03,6.167973960e-01,-4.401452018e-02,1.048595701e-01,6.314437530e-01,-5.726883852e-02,9.224493187e-03,4.850638211e-01,-1.230066419e-01,2.249996737e-02,1.978816980e+00,7.000000402e-02,0,0
8.400000000e+00,9.765132604e-02,3.103898856e-01,5.233812086e-02,1.545727021e-01,1.035872557e-01,2.893072686e+01,4.380653242e+00,1.355194775e-01,4.474796459e-16,2.453269467e-18,8.878715555e-19,1.283952400e-02,-2.823523283e-01,-2.653622866e+00,-1.498819351e+00,-1.365015864e+00,-7.847422957e-01,1.496318579e-01,6.077699141e-02,4.149423343e+00,-1.370840200e+00,-2.977696866e-01,2.884746678e-02,3.618499389e-03,6.167986024e-01,-4.401637656e-02,1.048575068e-01,6.314437530e-01,-5.726883852e-02,9.224493187e-03,4.850642085e-01,-1.230068132e-01,2.250004560e-02,1.978818788e+00,6.999997422e-02,0,0
8.410000000e+00,9.765233104e-02,3.103910084e-01,3.466021618e-02,1.545732567e-01,1.035847888e-01,2.927789927e+01,4.398715441e+00,1.355195806e-01,2.221225183e-16,0.000000000e+00,1.212174880e-19,1.204932600e-02,-2.823491693e-01,-2.653622389e+00,-1.498818159e+00,-1.365021110e+00,-7.847149968e-01,1.496268362e-01,6.659389352e-02,4.164964507e+00,-1.380605213e+00,-3.006601943e-01,2.935043822e-02,2.165442637e-03,6.168007051e-01,-4.401868611e-02,1.048591750e-01,6.314437530e-01,-5.726883852e-02,9.224493187e-03,4.850640297e-01,-1.230066940e-01,2.249986492e-02,1.978816272e+00,6.999999657e-02,0,0
8.420000000e+00,9.765077561e-02,3.103843385e-01,3.355823098e-02,1.545699619e-01,1.035822106e-01,2.917505124e+01,4.388241554e+00,1.355194927e-01,6.678510781e-16,5.002626783e-18,3.880853176e-19,1.255047000e-02,-2.823474109e-01,-2.653620243e+00,-1.498819232e+00,-1.365005374e+00,-7.847171426e-01,1.496180445e-01,6.285880994e-02,4.155405538e+00,-1.376601098e+00,-2.989948966e-01,2.969106501e-02,2.726412969e-03,6.168014549e-01,-4.401750654e-02,1.048575381e-01,6.314437530e-01,-5.726883852e-02,9.224493187e-03,4.850643873e-01,-1.230065599e-01,2.250005864e-02,1.978816508e+00,6.999995559e-02,0,0
8.430000000e+00,9.765111993e-02,3.103827287e-01,6.134738218e-02,1.545691667e-01,1.035803039e-01,2.839186717e+01,4.400631370e+00,1.355197022e-01,5.553824967e-18,1.877550893e-18,8.711650477e-19,1.148147100e-02,-2.823476195e-01,-2.653622150e+00,-1.498816609e+00,-1.365016699e+00,-7.847071886e-01,1.496304125e-01,7.664965503e-02,4.166593185e+00,-1.381141225e+00,-3.013792297e-01,2.799497729e-02,4.275234584e-03,6.168013863e-01,-4.401896302e-02,1.048580810e-01,6.314437530e-01,-5.726883852e-02,9.224493187e-03,4.850641787e-01,-1.230065003e-01,2.249997109e-02,1.978814975e+00,6.999999657e-02,0,0
8.440000000e+00,9.765083991e-02,3.103876876e-01,3.700251074e-02,1.545716163e-01,1.035843164e-01,2.925501277e+01,4.360255638e+00,1.355195209e-01,3.368324237e-16,1.891148213e-18,3.471140604e-19,1.247102000e-02,-2.823482752e-01,-2.653620958e+00,-1.498818874e+00,-1.365008473e+00,-7.847179174e-01,1.496146470e-01,5.900902619e-02,4.129950025e+00,-1.365257728e+00,-2.950649921e-01,2.932609723e-02,2.814096888e-03,6.168011496e-01,-4.401785748e-02,1.048576057e-01,6.314437530e-01,-5.726883852e-02,9.224493187e-03,4.850641787e-01,-1.230064780e-01,2.250002511e-02,1.978814857e+00,7.000001892e-02,0,0
8.450000000e+00,9.765177213e-02,3.103798413e-01,1.664009194e-02,1.545677403e-01,1.035765218e-01,2.874897305e+01,4.411638247e+00,1.355198474e-01,4.448754075e-16,3.480018757e-18,8.243680438e-20,1.256320000e-02,-2.823451757e-01,-2.653620958e+00,-1.498814821e+00,-1.365019083e+00,-7.846896052e-01,1.496331096e-01,7.602024014e-02,4.175993048e+00,-1.387388949e+00,-3.036618768e-01,2.810490420e-02,2.547833493e-03,6.168026718e-01,-4.402017316e-02,1.048591114e-01,6.314437530e-01,-5.726883852e-02,9.224493187e-03,4.850638807e-01,-1.230066195e-01,2.249990590e-02,1.978816468e+00,7.000000402e-02,0,0
8.460000000e+00,9.765069883e-02,3.103787319e-01,2.981497399e-02,1.545671923e-01,1.035762118e-01,2.924950010e+01,4.396791184e+00,1.355197923e-01,2.223154902e-16,3.878959614e-18,1.212174880e-19,1.092081500e-02,-2.823452353e-01,-2.653619051e+00,-1.498815536e+00,-1.365007997e+00,-7.846801281e-01,1.496133059e-01,6.547159347e-02,4.162838084e+00,-1.381073180e+00,-3.000468958e-01,2.946722923e-02,2.384830334e-03,6.168040904e-01,-4.402190284e-02,1.048584723e-01,6.314437530e-01,-5.726883852e-02,9.224493187e-03,4.850641489e-01,-1.230066195e-01,2.249988541e-02,1.978815133e+00,6.999996305e-02,0,0
8.470000000e+00,9.765029281e-02,3.103707318e-01,1.800730353e-02,1.545632403e-01,1.035713307e-01,2.868296822e+01,4.391157921e+00,1.355199607e-01,7.046480070e-18,2.742838647e-18,6.776263578e-20,1.180283400e-02,-2.823441625e-01,-2.653618813e+00,-1.498813391e+00,-1.365008473e+00,-7.846744061e-01,1.496258527e-01,7.369755190e-02,4.156975222e+00,-1.380076914e+00,-3.015981873e-01,2.851349784e-02,2.604710056e-03,6.168042886e-01,-4.402205801e-02,1.048581095e-01,6.314437530e-01,-5.726883852e-02,9.224493187e-03,4.850638509e-01,-1.230065823e-01,2.249998413e-02,1.978816430e+00,7.000000775e-02,0,0
8.480000000e+00,9.765085287e-02,3.103799729e-01,3.577859538e-02,1.545678053e-01,1.035774066e-01,2.875213402e+01,4.390738939e+00,1.355196327e-01,2.221005021e-16,1.226634733e-18,1.092639671e-19,1.223278700e-02,-2.823448181e-01,-2.653621197e+00,-1.498817563e+00,-1.365010977e+00,-7.846900821e-01,1.496217549e-01,6.794260226e-02,4.156755982e+00,-1.379852699e+00,-3.007413305e-01,3.005651572e-02,3.117662826e-03,6.168033766e-01,-4.402008801e-02,1.048582689e-01,6.314437530e-01,-5.726883852e-02,9.224493187e-03,4.850639105e-01,-1.230066270e-01,2.249987610e-02,1.978815879e+00,6.999996677e-02,0,0
8.490000000e+00,9.764619801e-02,3.103577560e-01,3.459057898e-02,1.545568304e-01,1.035681380e-01,2.931501839e+01,4.379049859e+00,1.355201197e-01,6.679248581e-17,3.180544540e-18,1.626303259e-19,1.275231200e-02,-2.823427320e-01,-2.653606892e+00,-1.498811126e+00,-1.364958644e+00,-7.846853137e-01,1.495783478e-01,6.781774915e-02,4.147381486e+00,-1.371771103e+00,-2.968467806e-01,2.869133407e-02,2.841415519e-03,6.168054375e-01,-4.402001662e-02,1.048538214e-01,6.314437530e-01,-5.726883852e-02,9.224493187e-03,4.850641489e-01,-1.230065599e-01,2.250006236e-02,1.978815839e+00,7.000001147e-02,0,0
8.500000000e+00,9.764915947e-02,3.103602392e-01,5.167691759e-02,1.545580570e-01,1.035659070e-01,2.829313688e+01,4.397119002e+00,1.355200615e-01,6.670682837e-16,2.168404345e-18,0.000000000e+00,1.254693100e-02,-2.823446691e-01,-2.653616905e+00,-1.498812079e+00,-1.365000129e+00,-7.846705317e-01,1.496308595e-01,7.547951803e-02,4.162917741e+00,-1.381084681e+00,-3.014843243e-01,2.774054574e-02,4.124205497e-03,6.168047905e-01,-4.402304616e-02,1.048571660e-01,6.314437530e-01,-5.726883852e-02,9.224493187e-03,4.850642085e-01,-1.230062991e-01,2.250013500e-02,1.978816587e+00,7.000002265e-02,0,0
8.510000000e+00,9.765088562e-02,3.103805313e-01,2.092971745e-02,1.545680811e-01,1.035772405e-01,2.854239739e+01,4.395857815e+00,1.355197249e-01,1.166561232e-16,9.697399036e-19,1.092639671e-19,1.424550700e-02,-2.823432982e-01,-2.653617859e+00,-1.498816371e+00,-1.365003467e+00,-7.846848965e-01,1.496078074e-01,7.506527495e-02,4.160117752e+00,-1.385272333e+00,-3.025304058e-01,2.898505427e-02,2.684579370e-03,6.168041139e-01,-4.402004558e-02,1.048584093e-01,6.314437530e-01,-5.726883852e-02,9.224493187e-03,4.850640893e-01,-1.230066642e-01,2.249992825e-02,1.978815879e+00,6.999995187e-02,0,0
8.520000000e+00,9.765157464e-02,3.103839591e-01,2.454241422e-02,1.545697745e-01,1.035768016e-01,2.893676092e+01,4.408426990e+00,1.355201592e-01,4.442501170e-16,8.684452634e-18,1.117570019e-19,1.133458900e-02,-2.823392451e-01,-2.653615952e+00,-1.498810887e+00,-1.365009308e+00,-7.846618891e-01,1.495957673e-01,7.125967191e-02,4.172858985e+00,-1.387070188e+00,-3.026036496e-01,2.931545730e-02,2.530502295e-03,6.168052578e-01,-4.402093430e-02,1.048594111e-01,6.314437530e-01,-5.726883852e-02,9.224493187e-03,4.850639403e-01,-1.230066568e-01,2.249992453e-02,1.978815682e+00,7.000001520e-02,0,0
8.530000000e+00,9.764960056e-02,3.103644332e-01,3.897396732e-02,1.545601288e-01,1.035662551e-01,2.904387382e+01,4.411919410e+00,1.355203079e-01,1.243235300e-16,3.469446952e-18,2.710505431e-20,1.407428600e-02,-2.823403180e-01,-2.653613567e+00,-1.498808980e+00,-1.364997029e+00,-7.846500874e-01,1.496080607e-01,7.608615032e-02,4.175961172e+00,-1.388418173e+00,-3.033604872e-01,2.924247402e-02,2.083029991e-03,6.168064929e-01,-4.402356295e-02,1.048579485e-01,6.314437530e-01,-5.726883852e-02,9.224493187e-03,4.850638211e-01,-1.230066195e-01,2.249991894e-02,1.978817019e+00,7.000009716e-02,0,0
8.540000000e+00,9.765013236e-02,3.103673444e-01,2.085541423e-02,1.545615669e-01,1.035686463e-01,2.861225396e+01,4.412998035e+00,1.355200988e-01,1.197744594e-16,1.226634733e-18,1.355252716e-20,1.273310300e-02,-2.823407948e-01,-2.653614044e+00,-1.498811603e+00,-1.364996433e+00,-7.846668959e-01,1.496130228e-01,6.447764018e-02,4.177824156e+00,-1.386575903e+00,-3.045068383e-01,2.923656304e-02,2.771698016e-03,6.168054418e-01,-4.402128692e-02,1.048580154e-01,6.314437530e-01,-5.726883852e-02,9.224493187e-03,4.850640297e-01,-1.230065376e-01,2.249992825e-02,1.978815958e+00,6.999997422e-02,0,0
8.550000000e+00,9.764991288e-02,3.103569499e-01,2.157299047e-02,1.545564321e-01,1.035603603e-01,2.843079302e+01,4.409435063e+00,1.355203890e-01,2.275233843e-16,1.084202172e-18,9.216714922e-20,1.272412300e-02,-2.823390365e-01,-2.653615952e+00,-1.498808026e+00,-1.365006566e+00,-7.846360803e-01,1.496310979e-01,7.053023551e-02,4.174538555e+00,-1.385093769e+00,-3.034757767e-01,2.787422530e-02,3.412228838e-03,6.168071458e-01,-4.402483826e-02,1.048585440e-01,6.314437530e-01,-5.726883852e-02,9.224493187e-03,4.850639701e-01,-1.230067164e-01,2.249993943e-02,1.978810650e+00,6.999999285e-02,0,0
8.560000000e+00,9.764901056e-02,3.103625783e-01,2.528545480e-02,1.545592125e-01,1.035651536e-01,2.857736359e+01,4.401230593e+00,1.355204445e-01,7.777164091e-16,1.563658610e-18,9.772866315e-20,1.348440900e-02,-2.823367119e-01,-2.653609514e+00,-1.498807192e+00,-1.364984632e+00,-7.846464515e-01,1.495917439e-01,7.172544155e-02,4.164890241e+00,-1.388029441e+00,-3.031460258e-01,2.908249075e-02,2.538464059e-03,6.168073149e-01,-4.402202211e-02,1.048572585e-01,6.314437530e-01,-5.726883852e-02,9.224493187e-03,4.850639105e-01,-1.230066195e-01,2.249992266e-02,1.978816940e+00,6.999996677e-02,0,0
8.570000000e+00,9.764752877e-02,3.103477899e-01,2.478876618e-02,1.545519072e-01,1.035556597e-01,2.861907865e+01,4.414953510e+00,1.355204031e-01,1.110353460e-15,4.336808690e-19,3.909146526e-19,1.361212100e-02,-2.823331058e-01,-2.653608084e+00,-1.498807788e+00,-1.364972234e+00,-7.846230865e-01,1.495935768e-01,6.826496820e-02,4.178764723e+00,-1.389744167e+00,-3.046452915e-01,2.957396137e-02,2.749134361e-03,6.168101002e-01,-4.402371688e-02,1.048564065e-01,6.314437530e-01,-5.726883852e-02,9.224493187e-03,4.850638509e-01,-1.230066493e-01,2.249988355e-02,1.978816508e+00,6.999996305e-02,0,0
8.580000000e+00,9.764925802e-02,3.103502779e-01,1.308706384e-02,1.545531362e-01,1.035528074e-01,2.854213201e+01,4.417432419e+00,1.355208372e-01,7.831272672e-17,1.764953266e-18,1.025434752e-19,1.117291800e-02,-2.823315561e-01,-2.653609037e+00,-1.498802423e+00,-1.364992261e+00,-7.845845222e-01,1.495977193e-01,7.718705217e-02,4.180606013e+00,-1.391645537e+00,-3.045758342e-01,2.884170479e-02,3.020726670e-03,6.168118276e-01,-4.402845364e-02,1.048590924e-01,6.314437530e-01,-5.726883852e-02,9.224493187e-03,4.850639105e-01,-1.230065525e-01,2.249993198e-02,1.978816587e+00,6.999998540e-02,0,0
8.590000000e+00,9.764645656e-02,3.103419014e-01,1.427940506e-02,1.545489983e-01,1.035510613e-01,2.840495851e+01,4.410902922e+00,1.355213074e-01,2.249896892e-16,1.084202172e-18,4.285685386e-20,1.332714800e-02,-2.823302746e-01,-2.653600216e+00,-1.498796225e+00,-1.364963293e+00,-7.845925093e-01,1.495669037e-01,6.379391880e-02,4.174911512e+00,-1.388672539e+00,-3.047138045e-01,2.895916291e-02,2.869838682e-03,6.168116927e-01,-4.402652821e-02,1.048559446e-01,6.314437530e-01,-5.726883852e-02,9.224493187e-03,4.850639105e-01,-1.230065674e-01,2.249991708e-02,1.978816272e+00,6.999998540e-02,0,0
8.600000000e+00,9.764230592e-02,3.103145236e-01,3.660369410e-02,1.545354738e-01,1.035346305e-01,2.923575373e+01,4.387024425e+00,1.355223244e-01,4.506184229e-16,8.687328477e-18,1.212174880e-19,1.131888800e-02,-2.823255956e-01,-2.653587818e+00,-1.498783231e+00,-1.364929557e+00,-7.845376730e-01,1.495320499e-01,6.191939370e-02,4.154532616e+00,-1.375558939e+00,-2.982710402e-01,2.952689885e-02,2.862308970e-03,6.168163523e-01,-4.403234440e-02,1.048532246e-01,6.314437530e-01,-5.726883852e-02,9.224493187e-03,4.850642085e-01,-1.230065748e-01,2.249997482e-02,1.978817845e+00,6.999998912e-02,0,0
8.610000000e+00,9.764647502e-02,3.103346381e-01,2.921841896e-02,1.545454103e-01,1.035413708e-01,2.917375342e+01,4.399977645e+00,1.355221029e-01,4.447646285e-16,7.237049501e-18,6.060874398e-20,1.126707900e-02,-2.823255062e-01,-2.653599739e+00,-1.498786330e+00,-1.364978194e+00,-7.845193148e-01,1.495602131e-01,6.650065698e-02,4.166626841e+00,-1.379755336e+00,-3.000535588e-01,2.892564923e-02,2.843303753e-03,6.168160821e-01,-4.403469080e-02,1.048577649e-01,6.314437530e-01,-5.726883852e-02,9.224493187e-03,4.850639701e-01,-1.230066866e-01,2.249988727e-02,1.978816547e+00,7.000000402e-02,0,0
8.620000000e+00,9.764569920e-02,3.103248704e-01,2.205623314e-02,1.545405851e-01,1.035341349e-01,2.894577508e+01,4.396156186e+00,1.355223785e-01,5.222209201e-17,1.748223473e-18,9.772866315e-20,1.227066800e-02,-2.823227346e-01,-2.653596640e+00,-1.498782873e+00,-1.364971280e+00,-7.844917774e-01,1.495546848e-01,6.503391122e-02,4.162050387e+00,-1.381287519e+00,-3.007960741e-01,2.924924952e-02,2.714937054e-03,6.168184086e-01,-4.403734215e-02,1.048576955e-01,6.314437530e-01,-5.726883852e-02,9.224493187e-03,4.850640297e-01,-1.230064705e-01,2.249996737e-02,1.978816351e+00,7.000000402e-02,0,0
8.630000000e+00,9.764459693e-02,3.103115955e-01,3.071564398e-02,1.545340274e-01,1.035254028e-01,2.888436196e+01,4.391382644e+00,1.355224018e-01,1.111103590e-16,2.168404345e-18,1.084202172e-19,1.183445400e-02,-2.823197842e-01,-2.653594971e+00,-1.498782635e+00,-1.364961505e+00,-7.844702005e-01,1.495578438e-01,5.870454512e-02,4.159012467e+00,-1.375725813e+00,-2.999141081e-01,2.882026249e-02,3.164333998e-03,6.168207890e-01,-4.403909102e-02,1.048571760e-01,6.314437530e-01,-5.726883852e-02,9.224493187e-03,4.850642085e-01,-1.230065078e-01,2.249994501e-02,1.978815014e+00,6.999996677e-02,0,0
8.640000000e+00,9.764190202e-02,3.102959174e-01,2.007450021e-02,1.545262825e-01,1.035170760e-01,2.874831632e+01,4.403765535e+00,1.355226575e-01,7.917734797e-17,1.318988870e-18,1.135908764e-19,1.263574100e-02,-2.823165953e-01,-2.653584957e+00,-1.498779297e+00,-1.364925742e+00,-7.844521999e-01,1.495255977e-01,5.684091118e-02,4.169313130e+00,-1.383668827e+00,-3.022170350e-01,2.940453110e-02,2.972185052e-03,6.168237060e-01,-4.404036208e-02,1.048550462e-01,6.314437530e-01,-5.726883852e-02,9.224493187e-03,4.850639701e-01,-1.230065525e-01,2.249992825e-02,1.978816115e+00,6.999997795e-02,0,0
8.650000000e+00,9.764376046e-02,3.103140159e-01,2.937784809e-02,1.545352230e-01,1.035270660e-01,2.929410003e+01,4.398766465e+00,1.355223742e-01,1.343095018e-16,3.705370969e-18,1.714274155e-19,1.320260700e-02,-2.823185027e-01,-2.653593540e+00,-1.498782992e+00,-1.364952803e+00,-7.844634652e-01,1.495356560e-01,5.200825231e-02,4.165367511e+00,-1.380418052e+00,-2.995320782e-01,2.957381002e-02,2.642723985e-03,6.168218672e-01,-4.403950714e-02,1.048565443e-01,6.314437530e-01,-5.726883852e-02,9.224493187e-03,4.850642085e-01,-1.230066419e-01,2.249998786e-02,1.978815722e+00,6.999994814e-02,0,0
8.660000000e+00,9.764096021e-02,3.102821130e-01,6.358286536e-02,1.545194632e-01,1.035099921e-01,2.773294297e+01,4.393365998e+00,1.355221307e-01,1.365922631e-17,1.055191096e-17,8.131516294e-20,1.370527200e-02,-2.823196352e-01,-2.653591394e+00,-1.498786092e+00,-1.364929438e+00,-7.844557166e-01,1.495643705e-01,7.931738563e-02,4.159199936e+00,-1.379794075e+00,-3.030194848e-01,2.748123939e-02,4.660199896e-03,6.168239459e-01,-4.404187048e-02,1.048543299e-01,6.314437530e-01,-5.726883852e-02,9.224493187e-03,4.850642979e-01,-1.230065450e-01,2.250016108e-02,1.978816783e+00,7.000000775e-02,0,0
8.670000000e+00,9.764302831e-02,3.103048067e-01,3.443767893e-02,1.545306737e-01,1.035195904e-01,2.895614488e+01,4.379325774e+00,1.355225717e-01,6.692307094e-16,3.576224061e-18,2.724024245e-19,1.149535100e-02,-2.823164761e-01,-2.653594017e+00,-1.498780608e+00,-1.364954829e+00,-7.844277024e-01,1.495375186e-01,6.300788303e-02,4.146543132e+00,-1.375080184e+00,-2.982739710e-01,2.969928307e-02,3.061513222e-03,6.168245550e-01,-4.404384437e-02,1.048568076e-01,6.314437530e-01,-5.726883852e-02,9.224493187e-03,4.850642979e-01,-1.230065152e-01,2.250013873e-02,1.978820007e+00,6.999997795e-02,0,0
8.680000000e+00,9.764327467e-02,3.103028605e-01,2.800693832e-02,1.545297124e-01,1.035181921e-01,2.875411567e+01,4.405989411e+00,1.355226993e-01,7.896803474e-17,4.336808690e-18,1.714274155e-19,1.252144000e-02,-2.823151052e-01,-2.653591156e+00,-1.498778939e+00,-1.364950180e+00,-7.844290733e-01,1.495362669e-01,6.977655763e-02,4.170529340e+00,-1.386274235e+00,-3.031869794e-01,2.955580913e-02,2.607980249e-03,6.168245231e-01,-4.404278659e-02,1.048569080e-01,6.314437530e-01,-5.726883852e-02,9.224493187e-03,4.850639403e-01,-1.230067015e-01,2.249987796e-02,1.978814582e+00,6.999995187e-02,0,0
8.690000000e+00,9.764339345e-02,3.103031854e-01,2.912029764e-02,1.545298729e-01,1.035170475e-01,2.927833319e+01,4.394831762e+00,1.355229825e-01,6.665041476e-16,5.275955480e-18,4.470280077e-19,1.233171900e-02,-2.823138535e-01,-2.653589010e+00,-1.498775363e+00,-1.364950538e+00,-7.844117284e-01,1.495253593e-01,6.644508124e-02,4.161435328e+00,-1.379074410e+00,-2.998218897e-01,2.902754731e-02,2.299375109e-03,6.168255740e-01,-4.404464761e-02,1.048574472e-01,6.314437530e-01,-5.726883852e-02,9.224493187e-03,4.850639999e-01,-1.230065003e-01,2.249986865e-02,1.978818316e+00,7.000011578e-02,0,0
8.700000000e+00,9.764287863e-02,3.102953426e-01,2.640509405e-02,1.545259986e-01,1.035114884e-01,2.886521674e+01,4.402142126e+00,1.355231649e-01,2.246667826e-16,3.068502852e-18,1.631940375e-19,1.265232200e-02,-2.823124826e-01,-2.653589725e+00,-1.498773098e+00,-1.364953637e+00,-7.843937874e-01,1.495347619e-01,5.830798099e-02,4.168461207e+00,-1.381088258e+00,-3.018349748e-01,2.948084326e-02,2.897258588e-03,6.168266764e-01,-4.404652913e-02,1.048573503e-01,6.314437530e-01,-5.726883852e-02,9.224493187e-03,4.850643873e-01,-1.230064705e-01,2.250018530e-02,1.978818866e+00,6.999998540e-02,0,0
8.710000000e+00,9.764189008e-02,3.102937051e-01,1.997296780e-02,1.545251896e-01,1.035105124e-01,2.867918355e+01,4.394796714e+00,1.355234421e-01,3.368726243e-16,1.563658610e-18,4.886433157e-20,1.147331000e-02,-2.823101282e-01,-2.653584003e+00,-1.498769522e+00,-1.364938259e+00,-7.843820453e-01,1.495067030e-01,7.179547670e-02,4.159565831e+00,-1.383919909e+00,-3.016565999e-01,2.927266468e-02,2.785188511e-03,6.168280371e-01,-4.404702842e-02,1.048566179e-01,6.314437530e-01,-5.726883852e-02,9.224493187e-03,4.850639403e-01,-1.230066419e-01,2.249991521e-02,1.978816075e+00,6.999998912e-02,0,0
8.720000000e+00,9.764317669e-02,3.103001014e-01,3.577484220e-02,1.545283494e-01,1.035127859e-01,2.891127000e+01,4.373053829e+00,1.355233018e-01,4.786233792e-17,1.748223473e-18,1.212174880e-19,1.254024100e-02,-2.823104262e-01,-2.653591156e+00,-1.498771429e+00,-1.364961386e+00,-7.843775153e-01,1.495268643e-01,7.371677784e-02,4.139733913e+00,-1.375143338e+00,-2.980693568e-01,2.993016378e-02,2.899441607e-03,6.168275502e-01,-4.404768714e-02,1.048579482e-01,6.314437530e-01,-5.726883852e-02,9.224493187e-03,4.850637615e-01,-1.230065152e-01,2.249988168e-02,1.978816940e+00,6.999999285e-02,0,0
8.730000000e+00,9.763990012e-02,3.102812916e-01,4.147137475e-02,1.545190574e-01,1.035044136e-01,2.873587539e+01,4.397788049e+00,1.355240951e-01,2.276754346e-16,4.271261210e-18,1.355252716e-19,1.399445500e-02,-2.823081613e-01,-2.653574705e+00,-1.498761058e+00,-1.364915729e+00,-7.843737602e-01,1.494865865e-01,7.081911447e-02,4.162004050e+00,-1.385890852e+00,-3.028463735e-01,2.886258019e-02,2.056428648e-03,6.168287409e-01,-4.404711384e-02,1.048547055e-01,6.314437530e-01,-5.726883852e-02,9.224493187e-03,4.850639403e-01,-1.230065674e-01,2.249993570e-02,1.978816075e+00,6.999997795e-02,0,0
8.740000000e+00,9.764154346e-02,3.102839801e-01,2.864007264e-02,1.545203855e-01,1.035018081e-01,2.928743852e+01,4.400862115e+00,1.355241964e-01,1.253750316e-16,1.226634733e-18,6.776263578e-20,1.123409800e-02,-2.823061049e-01,-2.653579712e+00,-1.498759985e+00,-1.364939570e+00,-7.843382359e-01,1.495005339e-01,6.837110765e-02,4.166583096e+00,-1.382532314e+00,-3.004201223e-01,2.906904659e-02,2.277387213e-03,6.168305976e-01,-4.405115937e-02,1.048572264e-01,6.314437530e-01,-5.726883852e-02,9.224493187e-03,4.850640893e-01,-1.230065748e-01,2.249990776e-02,1.978815054e+00,6.999998540e-02,0,0
8.750000000e+00,9.764317385e-02,3.102919672e-01,1.768671676e-02,1.545243311e-01,1.035057761e-01,2.861714435e+01,4.409541987e+00,1.355237322e-01,2.695807166e-17,1.764953266e-18,5.749850313e-20,1.105963600e-02,-2.823053598e-01,-2.653583765e+00,-1.498765945e+00,-1.364948630e+00,-7.843520045e-01,1.495128423e-01,6.924353094e-02,4.174119596e+00,-1.386666826e+00,-3.038029468e-01,2.902380724e-02,2.824183623e-03,6.168298698e-01,-4.404861798e-02,1.048584285e-01,6.314437530e-01,-5.726883852e-02,9.224493187e-03,4.850641191e-01,-1.230066195e-01,2.249986865e-02,1.978816194e+00,6.999995187e-02,0,0
8.760000000e+00,9.764303267e-02,3.102915380e-01,2.237151241e-02,1.545241191e-01,1.035032177e-01,2.877887366e+01,4.388515046e+00,1.355242368e-01,6.714259483e-16,8.673617380e-19,6.776263578e-20,1.302908500e-02,-2.823028862e-01,-2.653585196e+00,-1.498759627e+00,-1.364961863e+00,-7.843179703e-01,1.495094448e-01,6.758076392e-02,4.153983529e+00,-1.381170884e+00,-3.006949435e-01,2.933625674e-02,2.630491511e-03,6.168313545e-01,-4.405209155e-02,1.048589913e-01,6.314437530e-01,-5.726883852e-02,9.224493187e-03,4.850638807e-01,-1.230066568e-01,2.249995805e-02,1.978817609e+00,6.999997422e-02,0,0
8.770000000e+00,9.764275061e-02,3.102892115e-01,4.080865712e-02,1.545229698e-01,1.035021678e-01,2.944380355e+01,4.392748255e+00,1.355244014e-01,4.463804525e-16,3.469446952e-18,2.185279341e-19,1.185967400e-02,-2.823033333e-01,-2.653581858e+00,-1.498757482e+00,-1.364954829e+00,-7.843176126e-01,1.495021135e-01,5.863847411e-02,4.159628040e+00,-1.378325193e+00,-2.993673572e-01,2.979946181e-02,2.041060203e-03,6.168314275e-01,-4.405244256e-02,1.048587630e-01,6.314437530e-01,-5.726883852e-02,9.224493187e-03,4.850640893e-01,-1.230065897e-01,2.249987237e-02,1.978816351e+00,6.999997422e-02,0,0
8.780000000e+00,9.764049338e-02,3.102692119e-01,3.162653712e-02,1.545130901e-01,1.034901335e-01,2.881557688e+01,4.401145017e+00,1.355248689e-01,4.458349018e-16,3.705370969e-18,1.278542855e-19,1.189160400e-02,-2.823007107e-01,-2.653576136e+00,-1.498751521e+00,-1.364937544e+00,-7.842881083e-01,1.494970769e-01,6.910115096e-02,4.166490774e+00,-1.383489729e+00,-3.012239104e-01,2.944625975e-02,3.219940454e-03,6.168340295e-01,-4.405553413e-02,1.048572831e-01,6.314437530e-01,-5.726883852e-02,9.224493187e-03,4.850638807e-01,-1.230063960e-01,2.249996178e-02,1.978816823e+00,7.000004500e-02,0,0
8.790000000e+00,9.764186172e-02,3.102780207e-01,1.634174867e-02,1.545174416e-01,1.034943926e-01,2.831893643e+01,4.398979867e+00,1.355248172e-01,7.075247856e-17,9.697399036e-19,1.355252716e-20,1.268719200e-02,-2.823016346e-01,-2.653580666e+00,-1.498752236e+00,-1.364955664e+00,-7.842909098e-01,1.495078504e-01,7.108839383e-02,4.163294248e+00,-1.385701473e+00,-3.031935403e-01,2.909133457e-02,3.180243355e-03,6.168329918e-01,-4.405543623e-02,1.048585082e-01,6.314437530e-01,-5.726883852e-02,9.224493187e-03,4.850641787e-01,-1.230064705e-01,2.249998227e-02,1.978815839e+00,6.999992579e-02,0,0
8.800000000e+00,9.764057929e-02,3.102726072e-01,3.868137680e-02,1.545147674e-01,1.034930584e-01,2.852195918e+01,4.401698043e+00,1.355246687e-01,1.111746638e-16,2.742838647e-18,1.212174880e-19,1.335082900e-02,-2.823010385e-01,-2.653575659e+00,-1.498754025e+00,-1.364932418e+00,-7.843024135e-01,1.494921595e-01,6.393961637e-02,4.165984237e+00,-1.386384679e+00,-3.041005704e-01,2.978802678e-02,2.402068989e-03,6.168333922e-01,-4.405362198e-02,1.048570093e-01,6.314437530e-01,-5.726883852e-02,9.224493187e-03,4.850642383e-01,-1.230065897e-01,2.250001207e-02,1.978816940e+00,6.999994442e-02,0,0
8.810000000e+00,9.764181366e-02,3.102754471e-01,2.648460371e-02,1.545161703e-01,1.034925696e-01,2.867500575e+01,4.427268788e+00,1.355248892e-01,4.441069972e-16,2.335442953e-18,2.315856856e-19,1.242323000e-02,-2.823000848e-01,-2.653576374e+00,-1.498751283e+00,-1.364944696e+00,-7.842880487e-01,1.494973749e-01,6.362832791e-02,4.190498537e+00,-1.393478244e+00,-3.061623845e-01,2.931018183e-02,2.501436793e-03,6.168337362e-01,-4.405506303e-02,1.048585212e-01,6.314437530e-01,-5.726883852e-02,9.224493187e-03,4.850639999e-01,-1.230066046e-01,2.249988541e-02,1.978816036e+00,6.999997795e-02,0,0
8.820000000e+00,9.764232081e-02,3.102822181e-01,2.852006833e-02,1.545195151e-01,1.034962824e-01,2.841471794e+01,4.399540757e+00,1.355244896e-01,4.444126586e-16,2.453269467e-18,1.954573263e-19,1.194294500e-02,-2.822993100e-01,-2.653577328e+00,-1.498756409e+00,-1.364941478e+00,-7.842928171e-01,1.494872421e-01,7.457749822e-02,4.163566203e+00,-1.386346274e+00,-3.038429954e-01,2.881834121e-02,2.546795300e-03,6.168342403e-01,-4.405407671e-02,1.048589798e-01,6.314437530e-01,-5.726883852e-02,9.224493187e-03,4.850637615e-01,-1.230066940e-01,2.250000276e-02,1.978815367e+00,7.000000030e-02,0,0
8.830000000e+00,9.764151675e-02,3.102736006e-01,2.319604049e-02,1.545152581e-01,1.034915287e-01,2.879545162e+01,4.389484983e+00,1.355244727e-01,6.749400876e-16,3.066586833e-18,1.117570019e-19,1.241680900e-02,-2.823003531e-01,-2.653578043e+00,-1.498756647e+00,-1.364939809e+00,-7.842867970e-01,1.494982094e-01,7.516400676e-02,4.154296096e+00,-1.382906209e+00,-3.007834348e-01,2.908757153e-02,2.528710327e-03,6.168347869e-01,-4.405570588e-02,1.048584674e-01,6.314437530e-01,-5.726883852e-02,9.224493187e-03,4.850637913e-01,-1.230066568e-01,2.249996178e-02,1.978816508e+00,6.999995187e-02,0,0
8.840000000e+00,9.764184561e-02,3.102787745e-01,2.318220334e-02,1.545178140e-01,1.034932348e-01,2.874016259e+01,4.386098169e+00,1.355250905e-01,3.333931376e-16,2.602085214e-18,1.117570019e-19,1.110553700e-02,-2.822982371e-01,-2.653576851e+00,-1.498748779e+00,-1.364949942e+00,-7.842707634e-01,1.494871080e-01,6.367775847e-02,4.152779400e+00,-1.377483212e+00,-2.998580796e-01,2.900029968e-02,3.109240192e-03,6.168346905e-01,-4.405651295e-02,1.048589000e-01,6.314437530e-01,-5.726883852e-02,9.224493187e-03,4.850639999e-01,-1.230065972e-01,2.249991708e-02,1.978816115e+00,6.999999657e-02,0,0
8.850000000e+00,9.763877988e-02,3.102537160e-01,4.738407322e-02,1.545054352e-01,1.034815786e-01,2.876169783e+01,4.427449572e+00,1.355250569e-01,2.265475139e-16,3.127317221e-18,3.428548309e-19,1.164010200e-02,-2.822974324e-01,-2.653565168e+00,-1.498749018e+00,-1.364902258e+00,-7.842792273e-01,1.494737566e-01,6.976886970e-02,4.189336226e+00,-1.397181156e+00,-3.063842296e-01,3.021236751e-02,2.176482206e-03,6.168363113e-01,-4.405533218e-02,1.048558543e-01,6.314437530e-01,-5.726883852e-02,9.224493187e-03,4.850638807e-01,-1.230066270e-01,2.249993011e-02,1.978816194e+00,6.999995559e-02,0,0
8.860000000e+00,9.764176530e-02,3.102762058e-01,1.826637856e-02,1.545165451e-01,1.034920451e-01,2.865337286e+01,4.400201649e+00,1.355247370e-01,1.133592350e-16,2.710505431e-18,9.486769009e-20,1.334965800e-02,-2.822985947e-01,-2.653578758e+00,-1.498753309e+00,-1.364947796e+00,-7.842761874e-01,1.494962871e-01,7.560816774e-02,4.163970046e+00,-1.387561765e+00,-3.020182099e-01,2.932768582e-02,2.941347341e-03,6.168349230e-01,-4.405607233e-02,1.048587926e-01,6.314437530e-01,-5.726883852e-02,9.224493187e-03,4.850638807e-01,-1.230066195e-01,2.249990031e-02,1.978815839e+00,6.999996305e-02,0,0
8.870000000e+00,9.764079209e-02,3.102697808e-01,3.178131084e-02,1.545133711e-01,1.034876912e-01,2.888450876e+01,4.407781861e+00,1.355249681e-01,1.114146325e-17,8.673617380e-19,1.355252716e-19,1.165589200e-02,-2.822949886e-01,-2.653571129e+00,-1.498750329e+00,-1.364926100e+00,-7.842595577e-01,1.494693011e-01,6.595598912e-02,4.172195134e+00,-1.387160279e+00,-3.031373064e-01,2.944986474e-02,2.312759755e-03,6.168371610e-01,-4.405669874e-02,1.048582274e-01,6.314437530e-01,-5.726883852e-02,9.224493187e-03,4.850640297e-01,-1.230066493e-01,2.249992080e-02,1.978816587e+00,6.999998540e-02,0,0
8.880000000e+00,9.764092927e-02,3.102703303e-01,3.534158292e-02,1.545136426e-01,1.034865894e-01,2.922769381e+01,4.391348984e+00,1.355252836e-01,9.210793597e-17,1.226634733e-18,0.000000000e+00,1.131804900e-02,-2.822942138e-01,-2.653574467e+00,-1.498746395e+00,-1.364942312e+00,-7.842404246e-01,1.494773179e-01,6.749774908e-02,4.157531995e+00,-1.379711589e+00,-2.997135613e-01,2.966661896e-02,2.296936049e-03,6.168374787e-01,-4.405888947e-02,1.048587186e-01,6.314437530e-01,-5.726883852e-02,9.224493187e-03,4.850640595e-01,-1.230066046e-01,2.249992266e-02,1.978816901e+00,6.999998912e-02,0,0
8.890000000e+00,9.763844685e-02,3.102532506e-01,2.497721401e-02,1.545052053e-01,1.034784578e-01,2.880653270e+01,4.397766056e+00,1.355255936e-01,2.240212521e-16,3.496446946e-18,3.833233542e-20,1.320697700e-02,-2.822942734e-01,-2.653568268e+00,-1.498742342e+00,-1.364919782e+00,-7.842355967e-01,1.494707018e-01,6.694796996e-02,4.163871904e+00,-1.380787783e+00,-3.010223024e-01,2.891485314e-02,3.102348028e-03,6.168383663e-01,-4.405983712e-02,1.048564505e-01,6.314437530e-01,-5.726883852e-02,9.224493187e-03,4.850642681e-01,-1.230065599e-01,2.249999903e-02,1.978815250e+00,6.999998540e-02,0,0
8.900000000e+00,9.764025374e-02,3.102665898e-01,2.975157082e-02,1.545117948e-01,1.034853926e-01,2.913935643e+01,4.391724887e+00,1.355254013e-01,1.122421052e-16,2.135630605e-18,1.117570019e-19,1.245353000e-02,-2.822953463e-01,-2.653573036e+00,-1.498744845e+00,-1.364937782e+00,-7.842441201e-01,1.494771838e-01,6.118459647e-02,4.158845803e+00,-1.377360497e+00,-2.992082260e-01,2.915464356e-02,2.830779420e-03,6.168371028e-01,-4.405899398e-02,1.048579859e-01,6.314437530e-01,-5.726883852e-02,9.224493187e-03,4.850642681e-01,-1.230065748e-01,2.250004560e-02,1.978815250e+00,6.999997050e-02,0,0
8.910000000e+00,9.764167121e-02,3.102730949e-01,2.208034511e-02,1.545150083e-01,1.034882386e-01,2.866986081e+01,4.409365325e+00,1.355250480e-01,2.227887470e-16,1.371419324e-18,8.677851511e-20,1.318583700e-02,-2.822942138e-01,-2.653573751e+00,-1.498749375e+00,-1.364938974e+00,-7.842515707e-01,1.494775563e-01,7.110327776e-02,4.173675749e+00,-1.387332569e+00,-3.038888733e-01,2.882755160e-02,2.550466620e-03,6.168371367e-01,-4.405728350e-02,1.048592020e-01,6.314437530e-01,-5.726883852e-02,9.224493187e-03,4.850640297e-01,-1.230065599e-01,2.249989100e-02,1.978817019e+00,6.999996677e-02,0,0
8.920000000e+00,9.763927656e-02,3.102460638e-01,3.216087118e-02,1.545016550e-01,1.034722989e-01,2.826328742e+01,4.411313817e+00,1.355253136e-01,6.010510193e-17,2.611104601e-18,1.626303259e-19,1.250417100e-02,-2.822923362e-01,-2.653573036e+00,-1.498746037e+00,-1.364930868e+00,-7.842251658e-01,1.495031714e-01,7.372644933e-02,4.176003295e+00,-1.386393072e+00,-3.039411276e-01,2.776033618e-02,3.726449017e-03,6.168393103e-01,-4.406030119e-02,1.048575059e-01,6.314437530e-01,-5.726883852e-02,9.224493187e-03,4.850641787e-01,-1.230065823e-01,2.249999531e-02,1.978816783e+00,7.000001147e-02,0,0
8.930000000e+00,9.763868185e-02,3.102547893e-01,3.546224587e-02,1.545059654e-01,1.034780117e-01,2.920284873e+01,4.359553966e+00,1.355255440e-01,5.298721305e-17,4.272637039e-18,4.886433157e-19,1.275192200e-02,-2.822916806e-01,-2.653570652e+00,-1.498743057e+00,-1.364925861e+00,-7.842230201e-01,1.494716555e-01,6.338279542e-02,4.129068896e+00,-1.365518830e+00,-2.949568452e-01,2.887785084e-02,2.881943941e-03,6.168393451e-01,-4.406018850e-02,1.048568885e-01,6.314437530e-01,-5.726883852e-02,9.224493187e-03,4.850640297e-01,-1.230063215e-01,2.249995060e-02,1.978818120e+00,7.000006363e-02,0,0
8.940000000e+00,9.764066792e-02,3.102617298e-01,1.912713093e-02,1.545093940e-01,1.034790264e-01,2.870231041e+01,4.410740610e+00,1.355257559e-01,9.381951662e-18,2.909219711e-18,7.298259229e-20,1.225742700e-02,-2.822887301e-01,-2.653570890e+00,-1.498740435e+00,-1.364939570e+00,-7.842078805e-01,1.494728327e-01,7.013335261e-02,4.174626084e+00,-1.388957734e+00,-3.035611505e-01,2.916864262e-02,2.708548613e-03,6.168398213e-01,-4.406051541e-02,1.048590341e-01,6.314437530e-01,-5.726883852e-02,9.224493187e-03,4.850638807e-01,-1.230065972e-01,2.249990404e-02,1.978815486e+00,6.999997050e-02,0,0
8.950000000e+00,9.763827813e-02,3.102456087e-01,2.828809224e-02,1.545014302e-01,1.034706583e-01,2.901764037e+01,4.403367099e+00,1.355262550e-01,3.347488210e-16,3.878959614e-18,1.117570019e-19,1.273424300e-02,-2.822878361e-01,-2.653564453e+00,-1.498733997e+00,-1.364920497e+00,-7.841929793e-01,1.494623125e-01,6.586221580e-02,4.167933503e+00,-1.386298063e+00,-3.015238870e-01,2.981348703e-02,2.545425498e-03,6.168411198e-01,-4.406234354e-02,1.048570449e-01,6.314437530e-01,-5.726883852e-02,9.224493187e-03,4.850641191e-01,-1.230064929e-01,2.249986120e-02,1.978816430e+00,6.999990717e-02,0,0
8.960000000e+00,9.763973390e-02,3.102498259e-01,2.906753691e-02,1.545035135e-01,1.034696896e-01,2.893902338e+01,4.395486214e+00,1.355267055e-01,7.771677336e-16,1.748223473e-18,5.421010862e-20,1.133403900e-02,-2.822875082e-01,-2.653566122e+00,-1.498728395e+00,-1.364941716e+00,-7.841607928e-01,1.494656652e-01,4.767797902e-02,4.162041013e+00,-1.379996769e+00,-3.002528618e-01,2.980906570e-02,3.004814046e-03,6.168421383e-01,-4.406678392e-02,1.048592998e-01,6.314437530e-01,-5.726883852e-02,9.224493187e-03,4.850642681e-01,-1.230064481e-01,2.250006795e-02,1.978815093e+00,7.000000402e-02,0,0
8.970000000e+00,9.763985477e-02,3.102527859e-01,3.167994276e-02,1.545049757e-01,1.034708915e-01,2.910131517e+01,4.390761240e+00,1.355267170e-01,3.511047746e-16,2.045668568e-18,3.833233542e-19,1.299548600e-02,-2.822861075e-01,-2.653566837e+00,-1.498728275e+00,-1.364944100e+00,-7.841559649e-01,1.494607478e-01,6.038609889e-02,4.158124549e+00,-1.376492622e+00,-2.992402111e-01,2.920618175e-02,2.894433844e-03,6.168424765e-01,-4.406665269e-02,1.048594567e-01,6.314437530e-01,-5.726883852e-02,9.224493187e-03,4.850642681e-01,-1.230065599e-01,2.250003070e-02,1.978817412e+00,6.999997795e-02,0,0
8.980000000e+00,9.763940761e-02,3.102448872e-01,3.821955268e-02,1.545010738e-01,1.034652760e-01,2.923358726e+01,4.371127658e+00,1.355268516e-01,4.496590973e-16,1.734723476e-18,1.084202172e-19,1.272282200e-02,-2.822840214e-01,-2.653566360e+00,-1.498726606e+00,-1.364943027e+00,-7.841398120e-01,1.494667381e-01,5.785594030e-02,4.138944586e+00,-1.372350097e+00,-2.971377951e-01,3.010025209e-02,2.392648187e-03,6.168437527e-01,-4.406789299e-02,1.048593662e-01,6.314437530e-01,-5.726883852e-02,9.224493187e-03,4.850641489e-01,-1.230065301e-01,2.249992080e-02,1.978816783e+00,6.999995559e-02,0,0
8.990000000e+00,9.763979343e-02,3.102389694e-01,2.798591602e-02,1.544981504e-01,1.034605366e-01,2.865726809e+01,4.412740299e+00,1.355270766e-01,4.484662811e-16,1.517883041e-18,1.626303259e-19,1.313762700e-02,-2.822821736e-01,-2.653563976e+00,-1.498723745e+00,-1.364942431e+00,-7.841297388e-01,1.494737118e-01,7.037278865e-02,4.176840130e+00,-1.388432074e+00,-3.045938915e-01,2.836588362e-02,2.337466623e-03,6.168443624e-01,-4.406826817e-02,1.048599050e-01,6.314437530e-01,-5.726883852e-02,9.224493187e-03,4.850639999e-01,-1.230065525e-01,2.249991149e-02,1.978817019e+00,7.000001892e-02,0,0
9.000000000e+00,9.764030280e-02,3.102463853e-01,2.358434116e-02,1.545018139e-01,1.034635791e-01,2.863980497e+01,4.409157625e+00,1.355272389e-01,3.717533051e-17,4.422694427e-18,5.421010862e-20,1.123718800e-02,-2.822807133e-01,-2.653563499e+00,-1.498721719e+00,-1.364946604e+00,-7.841173410e-01,1.494573653e-01,7.313646730e-02,4.173083125e+00,-1.388334899e+00,-3.039382647e-01,2.898885336e-02,2.575991554e-03,6.168450289e-01,-4.406921810e-02,1.048606579e-01,6.314437530e-01,-5.726883852e-02,9.224493187e-03,4.850641191e-01,-1.230065897e-01,2.249989286e-02,1.978817137e+00,6.999998912e-02,0,0
9.010000000e+00,9.763773659e-02,3.102222784e-01,1.810933275e-02,1.544899051e-01,1.034501833e-01,2.866304766e+01,4.412364047e+00,1.355274797e-01,2.273497244e-16,3.275368527e-18,5.789642139e-20,1.228038800e-02,-2.822782099e-01,-2.653559208e+00,-1.498718619e+00,-1.364926934e+00,-7.841006517e-01,1.494658589e-01,7.179186713e-02,4.176703673e+00,-1.387682171e+00,-3.041296646e-01,2.803205015e-02,2.526086036e-03,6.168470119e-01,-4.407047322e-02,1.048585139e-01,6.314437530e-01,-5.726883852e-02,9.224493187e-03,4.850641489e-01,-1.230066344e-01,2.250000834e-02,1.978811122e+00,7.000004873e-02,0,0
9.020000000e+00,9.763907925e-02,3.102419418e-01,1.658671073e-02,1.544996188e-01,1.034606003e-01,2.869419585e+01,4.393684295e+00,1.355273707e-01,2.294118509e-16,1.578622192e-18,9.702132939e-20,1.271866200e-02,-2.822766900e-01,-2.653560638e+00,-1.498720050e+00,-1.364934564e+00,-7.841010094e-01,1.494391710e-01,6.894898940e-02,4.158730165e+00,-1.383076139e+00,-3.015763518e-01,2.857602934e-02,2.576892429e-03,6.168469182e-01,-4.406944058e-02,1.048597278e-01,6.314437530e-01,-5.726883852e-02,9.224493187e-03,4.850639105e-01,-1.230066121e-01,2.249995060e-02,1.978816194e+00,7.000001147e-02,0,0
9.030000000e+00,9.763887330e-02,3.102358215e-01,3.051236170e-02,1.544965954e-01,1.034556072e-01,2.894290772e+01,4.359031459e+00,1.355277780e-01,2.222833399e-16,9.697399036e-19,2.194714508e-19,1.207420700e-02,-2.822767794e-01,-2.653560638e+00,-1.498714924e+00,-1.364942312e+00,-7.840772867e-01,1.494461149e-01,6.761954299e-02,4.127131885e+00,-1.369118432e+00,-2.966547138e-01,2.948269427e-02,2.594409941e-03,6.168478539e-01,-4.407297568e-02,1.048601482e-01,6.314437530e-01,-5.726883852e-02,9.224493187e-03,4.850637317e-01,-1.230063885e-01,2.249995433e-02,1.978818473e+00,7.000009716e-02,0,0
9.040000000e+00,9.763846873e-02,3.102299134e-01,1.484451580e-02,1.544936768e-01,1.034515251e-01,2.890020723e+01,4.405701890e+00,1.355282701e-01,2.230958255e-16,4.848699518e-19,4.121840219e-20,1.162257200e-02,-2.822749019e-01,-2.653555155e+00,-1.498708606e+00,-1.364934802e+00,-7.840642333e-01,1.494366229e-01,7.281088695e-02,4.170366832e+00,-1.385973195e+00,-3.020051778e-01,2.850364143e-02,2.630530688e-03,6.168485685e-01,-4.407376553e-02,1.048599532e-01,6.314437530e-01,-5.726883852e-02,9.224493187e-03,4.850639403e-01,-1.230066195e-01,2.249990962e-02,1.978815210e+00,6.999999657e-02,0,0
9.050000000e+00,9.763709902e-02,3.102250243e-01,4.525085935e-02,1.544912616e-01,1.034486980e-01,2.910762339e+01,4.377964371e+00,1.355282739e-01,2.310326712e-16,2.168404345e-18,1.533293417e-19,1.303671500e-02,-2.822741568e-01,-2.653554916e+00,-1.498708606e+00,-1.364927888e+00,-7.840480804e-01,1.494260430e-01,5.792025386e-02,4.146405479e+00,-1.371559266e+00,-2.974404884e-01,2.972121154e-02,3.141616474e-03,6.168502622e-01,-4.407597159e-02,1.048591176e-01,6.314437530e-01,-5.726883852e-02,9.224493187e-03,4.850642979e-01,-1.230066493e-01,2.250005119e-02,1.978815446e+00,6.999996305e-02,0,0
9.060000000e+00,9.763712128e-02,3.102200144e-01,1.175924154e-02,1.544887867e-01,1.034452687e-01,2.864971937e+01,4.407011922e+00,1.355282932e-01,6.749066475e-16,2.040634396e-18,6.673845641e-20,1.113202700e-02,-2.822725177e-01,-2.653554440e+00,-1.498708367e+00,-1.364926577e+00,-7.840447426e-01,1.494342685e-01,7.136422156e-02,4.171846049e+00,-1.385577211e+00,-3.028564221e-01,2.840180460e-02,2.981761431e-03,6.168506511e-01,-4.407550350e-02,1.048591351e-01,6.314437530e-01,-5.726883852e-02,9.224493187e-03,4.850639701e-01,-1.230066493e-01,2.249989845e-02,1.978815486e+00,6.999998912e-02,0,0
9.070000000e+00,9.763769956e-02,3.102189366e-01,8.055832603e-03,1.544882543e-01,1.034435532e-01,2.844849858e+01,4.390997921e+00,1.355282146e-01,4.456770989e-16,2.710505431e-19,4.093895217e-20,1.354528000e-02,-2.822719812e-01,-2.653557539e+00,-1.498709440e+00,-1.364936233e+00,-7.840386629e-01,1.494496316e-01,7.145916094e-02,4.156468486e+00,-1.381129977e+00,-3.020073303e-01,2.809766639e-02,2.852050869e-03,6.168508732e-01,-4.407605217e-02,1.048598351e-01,6.314437530e-01,-5.726883852e-02,9.224493187e-03,4.850638807e-01,-1.230066419e-01,2.249991149e-02,1.978816311e+00,7.000007108e-02,0,0
9.080000000e+00,9.763856818e-02,3.102306506e-01,3.599705909e-02,1.544940410e-01,1.034506172e-01,2.925312314e+01,4.392774447e+00,1.355281563e-01,6.673963914e-16,1.939479807e-18,1.533293417e-19,1.301741500e-02,-2.822736204e-01,-2.653557062e+00,-1.498710155e+00,-1.364938259e+00,-7.840485573e-01,1.494342834e-01,6.561826167e-02,4.158849618e+00,-1.380365879e+00,-2.997144175e-01,2.978950605e-02,2.310209827e-03,6.168500010e-01,-4.407549356e-02,1.048605118e-01,6.314437530e-01,-5.726883852e-02,9.224493187e-03,4.850638509e-01,-1.230066121e-01,2.249990217e-02,1.978816311e+00,7.000000402e-02,0,0
9.090000000e+00,9.763528862e-02,3.102044225e-01,8.912881466e-03,1.544810844e-01,1.034374864e-01,2.826005320e+01,4.419945570e+00,1.355285284e-01,4.547656255e-17,3.916656901e-18,6.403927604e-20,1.251405100e-02,-2.822722197e-01,-2.653547525e+00,-1.498705268e+00,-1.364903569e+00,-7.840418816e-01,1.494280249e-01,7.356631031e-02,4.183253054e+00,-1.391580095e+00,-3.059605111e-01,2.800355461e-02,3.087719975e-03,6.168515749e-01,-4.407597061e-02,1.048574695e-01,6.314437530e-01,-5.726883852e-02,9.224493187e-03,4.850642979e-01,-1.230065525e-01,2.250012942e-02,1.978815210e+00,6.999992952e-02,0,0
9.100000000e+00,9.763822978e-02,3.102241841e-01,1.597647615e-02,1.544908466e-01,1.034459014e-01,2.856014651e+01,4.417681292e+00,1.355281137e-01,1.111205148e-16,8.940560153e-19,5.789642139e-20,1.235704900e-02,-2.822720706e-01,-2.653556347e+00,-1.498710752e+00,-1.364933729e+00,-7.840345502e-01,1.494358927e-01,6.700693991e-02,4.181485032e+00,-1.390347268e+00,-3.044364781e-01,2.905721107e-02,3.095686915e-03,6.168515602e-01,-4.407686379e-02,1.048605932e-01,6.314437530e-01,-5.726883852e-02,9.224493187e-03,4.850638509e-01,-1.230066046e-01,2.249989100e-02,1.978814739e+00,6.999995187e-02,0,0
9.110000000e+00,9.763416862e-02,3.102001391e-01,9.901490622e-02,1.544789684e-01,1.034347327e-01,2.796823957e+01,4.399130969e+00,1.355285156e-01,2.232205608e-16,7.152448123e-18,8.778858034e-19,1.345173900e-02,-2.822723091e-01,-2.653548717e+00,-1.498705506e+00,-1.364901781e+00,-7.840239406e-01,1.494227797e-01,7.070562374e-02,4.165561500e+00,-1.379718208e+00,-3.017164902e-01,2.772055763e-02,5.271079623e-03,6.168531708e-01,-4.407891560e-02,1.048569758e-01,6.314437530e-01,-5.726883852e-02,9.224493187e-03,4.850642383e-01,-1.230065674e-01,2.250001580e-02,1.978814897e+00,6.999998167e-02,0,0
9.120000000e+00,9.763836940e-02,3.102213150e-01,1.581374369e-02,1.544894292e-01,1.034436835e-01,2.820763466e+01,4.420360141e+00,1.355281617e-01,2.226198422e-16,2.135630605e-18,2.731599177e-20,1.332153800e-02,-2.822721899e-01,-2.653555632e+00,-1.498710155e+00,-1.364933610e+00,-7.840290666e-01,1.494394094e-01,7.466906569e-02,4.182857335e+00,-1.394051463e+00,-3.057697564e-01,2.875344755e-02,3.381988449e-03,6.168519615e-01,-4.407779671e-02,1.048609257e-01,6.314437530e-01,-5.726883852e-02,9.224493187e-03,4.850641787e-01,-1.230066344e-01,2.249988355e-02,1.978815446e+00,6.999992579e-02,0,0
9.130000000e+00,9.763726398e-02,3.102163893e-01,3.219354821e-02,1.544869960e-01,1.034398729e-01,2.935209837e+01,4.390823467e+00,1.355287431e-01,4.481264522e-16,1.734723476e-18,1.761828530e-19,1.280012300e-02,-2.822698355e-01,-2.653552532e+00,-1.498702765e+00,-1.364931226e+00,-7.840019464e-01,1.494244039e-01,6.746366630e-02,4.157441965e+00,-1.378462039e+00,-2.990759697e-01,2.909966391e-02,2.204373339e-03,6.168534528e-01,-4.408041365e-02,1.048603855e-01,6.314437530e-01,-5.726883852e-02,9.224493187e-03,4.850640893e-01,-1.230065301e-01,2.249987796e-02,1.978816075e+00,7.000002638e-02,0,0
9.140000000e+00,9.763429105e-02,3.101926863e-01,9.284900934e-02,1.544752867e-01,1.034287653e-01,2.792006260e+01,4.404166947e+00,1.355287450e-01,2.225404127e-16,8.420559319e-18,4.470280077e-19,1.323418700e-02,-2.822708786e-01,-2.653548717e+00,-1.498702645e+00,-1.364906907e+00,-7.840053439e-01,1.494354755e-01,7.264878527e-02,4.170027606e+00,-1.381965225e+00,-3.027314826e-01,2.788039953e-02,5.183575878e-03,6.168541845e-01,-4.408082331e-02,1.048575185e-01,6.314437530e-01,-5.726883852e-02,9.224493187e-03,4.850641787e-01,-1.230065301e-01,2.250004187e-02,1.978816075e+00,7.000000402e-02,0,0
9.150000000e+00,9.763693893e-02,3.102167221e-01,3.568974819e-02,1.544871604e-01,1.034405990e-01,2.918657117e+01,4.385820578e+00,1.355286860e-01,1.238384815e-16,4.320855127e-18,2.710505431e-19,1.421491600e-02,-2.822698057e-01,-2.653552771e+00,-1.498703480e+00,-1.364929080e+00,-7.840053439e-01,1.494219601e-01,6.088152140e-02,4.153372031e+00,-1.375212770e+00,-2.985354230e-01,2.958267205e-02,2.766545676e-03,6.168533494e-01,-4.407990549e-02,1.048599678e-01,6.314437530e-01,-5.726883852e-02,9.224493187e-03,4.850640297e-01,-1.230064407e-01,2.249988541e-02,1.978818237e+00,7.000005618e-02,0,0
9.160000000e+00,9.763629943e-02,3.102087418e-01,4.311391021e-02,1.544832181e-01,1.034355622e-01,2.899478357e+01,4.388876143e+00,1.355286036e-01,6.694807862e-16,2.742838647e-18,6.510857472e-19,1.163614200e-02,-2.822681367e-01,-2.653551102e+00,-1.498704553e+00,-1.364919543e+00,-7.839960456e-01,1.494220048e-01,6.207917352e-02,4.154559819e+00,-1.380797248e+00,-3.008527907e-01,2.991544668e-02,2.076018675e-03,6.168548135e-01,-4.408053644e-02,1.048596253e-01,6.314437530e-01,-5.726883852e-02,9.224493187e-03,4.850639999e-01,-1.230065301e-01,2.249997668e-02,1.978817373e+00,6.999997422e-02,0,0
9.170000000e+00,9.763776328e-02,3.102209424e-01,1.448678891e-02,1.544892452e-01,1.034421451e-01,2.861275501e+01,4.411533511e+00,1.355287150e-01,5.346776843e-18,2.540403050e-18,7.329649736e-20,1.226609800e-02,-2.822681367e-01,-2.653552771e+00,-1.498703122e+00,-1.364933014e+00,-7.840045094e-01,1.494206041e-01,6.590925270e-02,4.176117183e+00,-1.387162941e+00,-3.037497480e-01,2.890592928e-02,2.945982322e-03,6.168532848e-01,-4.407894864e-02,1.048606676e-01,6.314437530e-01,-5.726883852e-02,9.224493187e-03,4.850639105e-01,-1.230065972e-01,2.249988541e-02,1.978815250e+00,6.999997050e-02,0,0
9.180000000e+00,9.763757327e-02,3.102211821e-01,1.709525074e-02,1.544893636e-01,1.034422743e-01,2.860199797e+01,4.403938353e+00,1.355287037e-01,2.237608374e-16,4.336808690e-19,6.910460043e-20,1.267875200e-02,-2.822670937e-01,-2.653549671e+00,-1.498703241e+00,-1.364923120e+00,-7.840030789e-01,1.494062692e-01,7.201633760e-02,4.168668499e+00,-1.385467338e+00,-3.022447565e-01,2.842068976e-02,3.199629050e-03,6.168539658e-01,-4.407868271e-02,1.048605408e-01,6.314437530e-01,-5.726883852e-02,9.224493187e-03,4.850640595e-01,-1.230066344e-01,2.249991335e-02,1.978816311e+00,6.999994814e-02,0,0
9.190000000e+00,9.763608268e-02,3.102059833e-01,3.275950996e-02,1.544818554e-01,1.034333373e-01,2.900773888e+01,4.385853339e+00,1.355288926e-01,2.253355048e-16,6.505213035e-19,1.818262319e-19,1.155008100e-02,-2.822653949e-01,-2.653549194e+00,-1.498700857e+00,-1.364918232e+00,-7.839872837e-01,1.494190395e-01,5.583686957e-02,4.153743617e+00,-1.374267038e+00,-2.992000119e-01,2.944059911e-02,2.903793777e-03,6.168552348e-01,-4.408011680e-02,1.048594104e-01,6.314437530e-01,-5.726883852e-02,9.224493187e-03,4.850639999e-01,-1.230065450e-01,2.249984257e-02,1.978816075e+00,6.999998540e-02,0,0
9.200000000e+00,9.763658636e-02,3.102067809e-01,4.402027448e-02,1.544822494e-01,1.034311757e-01,2.916179862e+01,4.409326892e+00,1.355295689e-01,5.818439422e-18,6.314488766e-18,2.710505431e-19,1.197195500e-02,-2.822625041e-01,-2.653544664e+00,-1.498692274e+00,-1.364921451e+00,-7.839566469e-01,1.494019628e-01,6.673581647e-02,4.173512394e+00,-1.388173997e+00,-3.026619393e-01,2.948601108e-02,1.883588831e-03,6.168566961e-01,-4.408286288e-02,1.048605262e-01,6.314437530e-01,-5.726883852e-02,9.224493187e-03,4.850640595e-01,-1.230065972e-01,2.249994501e-02,1.978816783e+00,7.000002265e-02,0,0
9.210000000e+00,9.763469968e-02,3.101951266e-01,1.741334558e-02,1.544764922e-01,1.034248821e-01,2.838667098e+01,4.408189355e+00,1.355299571e-01,2.406721741e-16,2.622335210e-18,6.776263578e-20,1.254731100e-02,-2.822595239e-01,-2.653539181e+00,-1.498687267e+00,-1.364904404e+00,-7.839432359e-01,1.493887752e-01,6.642811571e-02,4.172341119e+00,-1.387735650e+00,-3.043325412e-01,2.920050493e-02,3.012980906e-03,6.168580652e-01,-4.408319670e-02,1.048588549e-01,6.314437530e-01,-5.726883852e-02,9.224493187e-03,4.850640595e-01,-1.230066791e-01,2.249991521e-02,1.978814425e+00,6.999997050e-02,0,0
9.220000000e+00,9.763160571e-02,3.101749109e-01,3.993431718e-02,1.544665057e-01,1.034138476e-01,2.953368959e+01,4.385508173e+00,1.355302254e-01,5.558509878e-16,3.878959614e-18,3.473785283e-19,1.148725100e-02,-2.822575271e-01,-2.653531075e+00,-1.498683810e+00,-1.364872813e+00,-7.839184403e-01,1.493668556e-01,6.151144297e-02,4.152430254e+00,-1.377166582e+00,-2.979143513e-01,2.960599862e-02,2.000045106e-03,6.168612619e-01,-4.408621933e-02,1.048566004e-01,6.314437530e-01,-5.726883852e-02,9.224493187e-03,4.850638807e-01,-1.230064556e-01,2.249993570e-02,1.978816351e+00,7.000000030e-02,0,0
9.230000000e+00,9.763452169e-02,3.101773793e-01,3.058557161e-02,1.544677251e-01,1.034127558e-01,2.826771085e+01,4.420629354e+00,1.355297725e-01,2.348372896e-16,9.087270115e-19,1.638959506e-19,1.239968900e-02,-2.822600305e-01,-2.653542995e+00,-1.498689771e+00,-1.364911199e+00,-7.839208245e-01,1.494277567e-01,7.286290810e-02,4.184795190e+00,-1.389317111e+00,-3.051937681e-01,2.802093067e-02,3.695283231e-03,6.168599440e-01,-4.408709120e-02,1.048594966e-01,6.314437530e-01,-5.726883852e-02,9.224493187e-03,4.850641489e-01,-1.230066791e-01,2.250001952e-02,1.978816704e+00,6.999997050e-02,0,0
9.240000000e+00,9.763588561e-02,3.101960715e-01,2.476251440e-02,1.544769590e-01,1.034228182e-01,2.839958444e+01,4.395029855e+00,1.355295787e-01,7.788546193e-16,6.133173667e-19,1.533293417e-19,1.373923200e-02,-2.822589576e-01,-2.653544188e+00,-1.498692274e+00,-1.364916682e+00,-7.839245796e-01,1.494029313e-01,6.993008660e-02,4.159377118e+00,-1.384999534e+00,-3.031602314e-01,2.902334761e-02,2.647746218e-03,6.168597968e-01,-4.408586509e-02,1.048606976e-01,6.314437530e-01,-5.726883852e-02,9.224493187e-03,4.850639403e-01,-1.230066791e-01,2.249993198e-02,1.978817765e+00,6.999998540e-02,0,0
9.250000000e+00,9.763377496e-02,3.101846274e-01,3.164927845e-02,1.544713056e-01,1.034156517e-01,2.929256124e+01,4.387342392e+00,1.355302892e-01,4.451560370e-16,1.734723476e-18,1.648736088e-19,1.260663200e-02,-2.822567225e-01,-2.653538465e+00,-1.498683214e+00,-1.364905119e+00,-7.838909626e-01,1.493820995e-01,6.801828913e-02,4.154423108e+00,-1.376625149e+00,-2.982692001e-01,2.910759529e-02,2.616663453e-03,6.168620327e-01,-4.408965195e-02,1.048594057e-01,6.314437530e-01,-5.726883852e-02,9.224493187e-03,4.850640297e-01,-1.230066121e-01,2.249995805e-02,1.978816351e+00,7.000001520e-02,0,0
9.260000000e+00,9.763343585e-02,3.101795768e-01,3.717507205e-02,1.544688106e-01,1.034129921e-01,2.907378752e+01,4.384745007e+00,1.355302877e-01,3.360195643e-16,3.878959614e-18,1.084202172e-19,1.267928200e-02,-2.822568119e-01,-2.653537273e+00,-1.498683214e+00,-1.364900231e+00,-7.838917375e-01,1.493860036e-01,5.602102487e-02,4.152731813e+00,-1.373906253e+00,-2.986142385e-01,2.951605395e-02,2.976365629e-03,6.168621953e-01,-4.408965062e-02,1.048590841e-01,6.314437530e-01,-5.726883852e-02,9.224493187e-03,4.850641787e-01,-1.230064407e-01,2.249996923e-02,1.978815486e+00,6.999994814e-02,0,0
9.270000000e+00,9.763383807e-02,3.101850439e-01,3.789622523e-02,1.544715114e-01,1.034150553e-01,2.910412004e+01,4.389989822e+00,1.355302004e-01,4.503403620e-16,5.275955480e-18,3.297472175e-19,1.285625300e-02,-2.822555602e-01,-2.653539658e+00,-1.498684406e+00,-1.364906788e+00,-7.838817239e-01,1.493806988e-01,6.890427235e-02,4.155267131e+00,-1.382032320e+00,-3.002051629e-01,2.961292296e-02,2.123396792e-03,6.168629496e-01,-4.409043526e-02,1.048597178e-01,6.314437530e-01,-5.726883852e-02,9.224493187e-03,4.850639701e-01,-1.230065897e-01,2.249993198e-02,1.978815918e+00,6.999998540e-02,0,0
9.280000000e+00,9.763443205e-02,3.101770935e-01,4.122621978e-02,1.544675839e-01,1.034087100e-01,2.861330814e+01,4.416854856e+00,1.355303152e-01,1.111509769e-16,1.301042607e-18,2.172635382e-19,1.205125600e-02,-2.822529674e-01,-2.653538227e+00,-1.498682976e+00,-1.364907384e+00,-7.838706970e-01,1.493956000e-01,6.715563692e-02,4.180893969e+00,-1.389210683e+00,-3.058075724e-01,2.817315808e-02,2.059367923e-03,6.168638126e-01,-4.409054398e-02,1.048604708e-01,6.314437530e-01,-5.726883852e-02,9.224493187e-03,4.850642979e-01,-1.230064183e-01,2.250007726e-02,1.978815329e+00,7.000003010e-02,0,0
9.290000000e+00,9.762579928e-02,3.101300561e-01,2.214751586e-02,1.544443474e-01,1.033868203e-01,2.834275986e+01,4.414024339e+00,1.355311652e-01,4.461208299e-16,2.263880600e-18,5.421010862e-20,1.120686700e-02,-2.822467387e-01,-2.653510571e+00,-1.498671770e+00,-1.364805818e+00,-7.838484645e-01,1.493172497e-01,6.426206106e-02,4.177898128e+00,-1.389384020e+00,-3.056049203e-01,2.929213801e-02,2.852050317e-03,6.168692085e-01,-4.409119291e-02,1.048525696e-01,6.314437530e-01,-5.726883852e-02,9.224493187e-03,4.850638509e-01,-1.230066195e-01,2.249995619e-02,1.978816508e+00,7.000002638e-02,0,0
9.300000000e+00,9.762324796e-02,3.101088476e-01,2.874844357e-02,1.544338704e-01,1.033734847e-01,2.897386734e+01,4.409386413e+00,1.355314984e-01,1.234094522e-16,4.336808690e-18,6.060874398e-20,1.249100000e-02,-2.822428346e-01,-2.653507710e+00,-1.498667598e+00,-1.364792109e+00,-7.838091254e-01,1.493159533e-01,5.918730051e-02,4.174238540e+00,-1.386490000e+00,-3.027958867e-01,2.953813487e-02,2.376631405e-03,6.168727407e-01,-4.409507882e-02,1.048510387e-01,6.314437530e-01,-5.726883852e-02,9.224493187e-03,4.850643873e-01,-1.230068058e-01,2.250008285e-02,1.978818041e+00,6.999995559e-02,0,0
9.310000000e+00,9.763073122e-02,3.101483126e-01,3.141322567e-02,1.544533661e-01,1.033890567e-01,2.885993668e+01,4.416051868e+00,1.355310430e-01,4.537528966e-16,3.496446946e-18,1.212174880e-19,1.442715800e-02,-2.822434008e-01,-2.653527021e+00,-1.498673797e+00,-1.364872217e+00,-7.837958932e-01,1.493595093e-01,6.802378943e-02,4.180506909e+00,-1.388378215e+00,-3.029416621e-01,2.951737471e-02,3.140268482e-03,6.168709874e-01,-4.409671654e-02,1.048586366e-01,6.314437530e-01,-5.726883852e-02,9.224493187e-03,4.850640595e-01,-1.230066791e-01,2.249989659e-02,1.978816626e+00,6.999994814e-02,0,0
9.320000000e+00,9.763001131e-02,3.101504782e-01,2.819421059e-02,1.544544359e-01,1.033921022e-01,2.882232052e+01,4.401762281e+00,1.355310560e-01,2.684621196e-17,2.742838647e-18,5.421010862e-20,1.186145400e-02,-2.822446227e-01,-2.653526783e+00,-1.498673558e+00,-1.364868402e+00,-7.838091850e-01,1.493527740e-01,6.569482119e-02,4.166892279e+00,-1.384207035e+00,-3.021363233e-01,2.968508070e-02,2.725114299e-03,6.168699195e-01,-4.409537872e-02,1.048575546e-01,6.314437530e-01,-5.726883852e-02,9.224493187e-03,4.850642979e-01,-1.230065823e-01,2.250005864e-02,1.978816430e+00,6.999996305e-02,0,0
9.330000000e+00,9.763207224e-02,3.101647367e-01,2.156071467e-02,1.544614797e-01,1.033981763e-01,2.880425087e+01,4.410884638e+00,1.355311748e-01,1.310721059e-16,1.371419324e-18,2.064259437e-19,1.170999300e-02,-2.822436988e-01,-2.653530359e+00,-1.498672128e+00,-1.364890218e+00,-7.838019729e-01,1.493527740e-01,6.294393038e-02,4.175495840e+00,-1.387198167e+00,-3.033022472e-01,2.928953423e-02,2.638418674e-03,6.168693782e-01,-4.409561535e-02,1.048596087e-01,6.314437530e-01,-5.726883852e-02,9.224493187e-03,4.850640297e-01,-1.230065972e-01,2.249988355e-02,1.978816036e+00,6.999995932e-02,0,0
9.340000000e+00,9.763164865e-02,3.101583576e-01,2.113605139e-02,1.544583284e-01,1.033949705e-01,2.857448174e+01,4.396384815e+00,1.355309316e-01,1.699674944e-17,3.476216611e-18,3.030437199e-20,1.123309800e-02,-2.822439075e-01,-2.653530598e+00,-1.498675227e+00,-1.364884019e+00,-7.838063836e-01,1.493621022e-01,6.797921260e-02,4.161309256e+00,-1.383758548e+00,-3.023749306e-01,2.928116828e-02,2.799559530e-03,6.168697017e-01,-4.409524399e-02,1.048591744e-01,6.314437530e-01,-5.726883852e-02,9.224493187e-03,4.850639701e-01,-1.230066046e-01,2.249988541e-02,1.978817216e+00,6.999997422e-02,0,0
9.350000000e+00,9.762975249e-02,3.101445348e-01,8.539182588e-02,1.544514999e-01,1.033874560e-01,2.800549073e+01,4.400258675e+00,1.355313221e-01,2.298574066e-16,3.484660191e-18,4.631713711e-19,1.122077800e-02,-2.822436094e-01,-2.653526783e+00,-1.498670220e+00,-1.364872575e+00,-7.837904096e-01,1.493588537e-01,6.910559389e-02,4.166451044e+00,-1.380578405e+00,-3.022627579e-01,2.832541040e-02,4.968834424e-03,6.168708942e-01,-4.409756251e-02,1.048577397e-01,6.314437530e-01,-5.726883852e-02,9.224493187e-03,4.850639403e-01,-1.230066195e-01,2.250003815e-02,1.978816940e+00,7.000001892e-02,0,0
9.360000000e+00,9.763134481e-02,3.101477881e-01,2.718173639e-02,1.544531070e-01,1.033881501e-01,2.820387934e+01,4.390242782e+00,1.355311125e-01,4.511156654e-16,1.734723476e-18,6.060874398e-20,1.223244700e-02,-2.822440267e-01,-2.653531790e+00,-1.498672962e+00,-1.364889741e+00,-7.837948203e-01,1.493842751e-01,6.925108269e-02,4.156163933e+00,-1.379821877e+00,-3.017429651e-01,2.769520410e-02,3.617502041e-03,6.168700727e-01,-4.409699051e-02,1.048591613e-01,6.314437530e-01,-5.726883852e-02,9.224493187e-03,4.850639403e-01,-1.230067536e-01,2.249987796e-02,1.978815526e+00,7.000003010e-02,0,0
9.370000000e+00,9.763170251e-02,3.101605008e-01,2.167933868e-02,1.544593871e-01,1.033944731e-01,2.922095052e+01,4.390595610e+00,1.355316246e-01,6.691503277e-16,1.226634733e-18,2.168404345e-19,1.128914800e-02,-2.822410762e-01,-2.653527021e+00,-1.498666406e+00,-1.364887834e+00,-7.837815881e-01,1.493437439e-01,6.859145483e-02,4.156848847e+00,-1.379542746e+00,-2.987973902e-01,2.843136355e-02,2.505038194e-03,6.168705682e-01,-4.409706578e-02,1.048596124e-01,6.314437530e-01,-5.726883852e-02,9.224493187e-03,4.850639403e-01,-1.230066344e-01,2.249992825e-02,1.978815643e+00,7.000000030e-02,0,0
9.380000000e+00,9.763220203e-02,3.101550754e-01,2.695540535e-02,1.544567070e-01,1.033880328e-01,2.884175097e+01,4.388719049e+00,1.355320663e-01,7.844710336e-17,1.563658610e-18,1.714274155e-19,1.125174800e-02,-2.822403014e-01,-2.653527260e+00,-1.498660922e+00,-1.364900470e+00,-7.837417126e-01,1.493504643e-01,6.626461543e-02,4.154458787e+00,-1.380427821e+00,-3.008449645e-01,2.901494092e-02,2.356632490e-03,6.168726660e-01,-4.410257922e-02,1.048612012e-01,6.314437530e-01,-5.726883852e-02,9.224493187e-03,4.850639999e-01,-1.230065748e-01,2.249987982e-02,1.978815722e+00,6.999998167e-02,0,0
9.390000000e+00,9.763187174e-02,3.101540405e-01,3.804656212e-02,1.544561957e-01,1.033873773e-01,2.915959976e+01,4.399940331e+00,1.355322426e-01,1.116641919e-16,1.939479807e-18,1.212174880e-19,1.375446200e-02,-2.822400630e-01,-2.653524876e+00,-1.498658657e+00,-1.364895940e+00,-7.837360501e-01,1.493409872e-01,6.879457797e-02,4.165260327e+00,-1.383351068e+00,-3.013868954e-01,2.916069390e-02,2.011063758e-03,6.168730732e-01,-4.410331303e-02,1.048610271e-01,6.314437530e-01,-5.726883852e-02,9.224493187e-03,4.850638509e-01,-1.230065227e-01,2.249994688e-02,1.978817962e+00,7.000008598e-02,0,0
9.400000000e+00,9.763142781e-02,3.101524067e-01,3.097760089e-02,1.544553886e-01,1.033881058e-01,2.906214230e+01,4.392947385e+00,1.355318749e-01,4.445125246e-16,7.102972444e-18,2.710505431e-20,1.298911500e-02,-2.822411060e-01,-2.653527021e+00,-1.498663306e+00,-1.364892244e+00,-7.837551236e-01,1.493510604e-01,6.093837145e-02,4.159403146e+00,-1.379401935e+00,-3.000038772e-01,2.965571221e-02,2.688544581e-03,6.168721808e-01,-4.410113141e-02,1.048601375e-01,6.314437530e-01,-5.726883852e-02,9.224493187e-03,4.850638807e-01,-1.230065003e-01,2.249995619e-02,1.978815958e+00,7.000001520e-02,0,0
9.410000000e+00,9.763070302e-02,3.101430261e-01,8.791869756e-02,1.544507546e-01,1.033816991e-01,3.000000000e+01,4.394107029e+00,1.355320850e-01,4.505090561e-16,6.254634441e-18,0.000000000e+00,1.290092400e-02,-2.822412848e-01,-2.653525591e+00,-1.498660684e+00,-1.364889741e+00,-7.837330103e-01,1.493530124e-01,5.808387742e-02,4.160052500e+00,-1.381386856e+00,-2.992995947e-01,3.091296940e-02,7.372280681e-04,6.168738084e-01,-4.410470684e-02,1.048601378e-01,6.314437530e-01,-5.726883852e-02,9.224493187e-03,4.850641787e-01,-1.230065078e-01,2.249989100e-02,1.978816823e+00,7.000000775e-02,0,0
9.420000000e+00,9.763156721e-02,3.101529884e-01,2.851026235e-02,1.544556760e-01,1.033878984e-01,2.893468265e+01,4.396004994e+00,1.355320904e-01,2.371944951e-16,2.168404345e-18,2.710505431e-20,1.124149800e-02,-2.822410762e-01,-2.653526068e+00,-1.498660564e+00,-1.364894748e+00,-7.837479115e-01,1.493476480e-01,5.467200271e-02,4.162957928e+00,-1.378558529e+00,-3.005977845e-01,2.934209446e-02,2.925926991e-03,6.168723131e-01,-4.410212646e-02,1.048604370e-01,6.314437530e-01,-5.726883852e-02,9.224493187e-03,4.850643277e-01,-1.230064854e-01,2.250016294e-02,1.978818945e+00,6.999997795e-02,0,0
9.430000000e+00,9.763016334e-02,3.101387300e-01,2.088513355e-02,1.544486323e-01,1.033799320e-01,2.851189177e+01,4.402618909e+00,1.355320152e-01,1.329414025e-16,4.775415208e-18,3.030437199e-20,1.312654600e-02,-2.822397649e-01,-2.653523207e+00,-1.498661518e+00,-1.364878535e+00,-7.837398648e-01,1.493504643e-01,6.421963046e-02,4.167251374e+00,-1.385627084e+00,-3.035155792e-01,2.921447737e-02,2.734466651e-03,6.168739391e-01,-4.410286050e-02,1.048593526e-01,6.314437530e-01,-5.726883852e-02,9.224493187e-03,4.850641787e-01,-1.230065972e-01,2.250004187e-02,1.978817648e+00,6.999994442e-02,0,0
9.440000000e+00,9.763187145e-02,3.101523996e-01,1.399742780e-02,1.544553851e-01,1.033869325e-01,2.832333676e+01,4.393845689e+00,1.355317485e-01,4.466475038e-16,1.409462824e-18,1.058486208e-19,1.383855300e-02,-2.822403014e-01,-2.653527021e+00,-1.498664975e+00,-1.364891887e+00,-7.837461829e-01,1.493497938e-01,7.866974625e-02,4.157926855e+00,-1.385247255e+00,-3.026425123e-01,2.869956536e-02,3.027548672e-03,6.168732493e-01,-4.410214375e-02,1.048608926e-01,6.314437530e-01,-5.726883852e-02,9.224493187e-03,4.850639999e-01,-1.230066568e-01,2.249994874e-02,1.978815958e+00,6.999995932e-02,0,0
9.450000000e+00,9.763068250e-02,3.101455996e-01,2.594903306e-02,1.544520259e-01,1.033828221e-01,2.902648223e+01,4.394503437e+00,1.355321022e-01,4.937109565e-17,1.563658610e-18,2.064259437e-19,1.254688000e-02,-2.822370231e-01,-2.653523922e+00,-1.498660445e+00,-1.364883900e+00,-7.837322950e-01,1.493405402e-01,6.343536154e-02,4.160981856e+00,-1.379457073e+00,-3.001796527e-01,2.914188955e-02,2.741497573e-03,6.168743075e-01,-4.410226449e-02,1.048598567e-01,6.314437530e-01,-5.726883852e-02,9.224493187e-03,4.850640297e-01,-1.230065972e-01,2.249987237e-02,1.978816311e+00,6.999994442e-02,0,0
9.460000000e+00,9.763153986e-02,3.101487413e-01,1.675129347e-02,1.544535779e-01,1.033837510e-01,2.867135007e+01,4.405255594e+00,1.355319464e-01,2.254156182e-16,7.860465751e-19,1.515218599e-20,1.231594800e-02,-2.822367251e-01,-2.653524876e+00,-1.498662472e+00,-1.364887476e+00,-7.837314606e-01,1.493429244e-01,6.347476638e-02,4.169964699e+00,-1.386069256e+00,-3.026470127e-01,2.916212844e-02,2.930025272e-03,6.168745286e-01,-4.410225379e-02,1.048607641e-01,6.314437530e-01,-5.726883852e-02,9.224493187e-03,4.850638211e-01,-1.230066866e-01,2.249994315e-02,1.978816430e+00,6.999997795e-02,0,0
9.470000000e+00,9.763073586e-02,3.101494529e-01,1.901568466e-02,1.544539295e-01,1.033853157e-01,2.853090039e+01,4.391993056e+00,1.355319988e-01,2.407049938e-16,4.336808690e-19,8.131516294e-20,1.209872700e-02,-2.822370827e-01,-2.653523684e+00,-1.498661757e+00,-1.364881396e+00,-7.837358713e-01,1.493318081e-01,7.283871163e-02,4.156822337e+00,-1.383128358e+00,-3.020642177e-01,2.883447148e-02,2.703371249e-03,6.168743063e-01,-4.410181799e-02,1.048598495e-01,6.314437530e-01,-5.726883852e-02,9.224493187e-03,4.850639403e-01,-1.230066270e-01,2.249992639e-02,1.978816194e+00,6.999996677e-02,0,0
9.480000000e+00,9.763058757e-02,3.101468673e-01,1.926905373e-02,1.544526521e-01,1.033835254e-01,2.860390666e+01,4.392401928e+00,1.355319814e-01,4.450977280e-16,9.697399036e-19,1.092639671e-19,1.185271400e-02,-2.822363377e-01,-2.653523684e+00,-1.498661995e+00,-1.364880204e+00,-7.837316394e-01,1.493339092e-01,7.451723576e-02,4.157087947e+00,-1.383597911e+00,-3.017954472e-01,2.882576452e-02,2.660710984e-03,6.168747841e-01,-4.410205970e-02,1.048598042e-01,6.314437530e-01,-5.726883852e-02,9.224493187e-03,4.850640297e-01,-1.230067313e-01,2.249995619e-02,1.978814857e+00,6.999995559e-02,0,0
9.490000000e+00,9.762812131e-02,3.101296270e-01,3.551467318e-02,1.544441354e-01,1.033744080e-01,2.920576313e+01,4.378686628e+00,1.355325079e-01,1.126802717e-16,5.421010862e-20,1.626303259e-19,1.188603400e-02,-2.822354436e-01,-2.653515577e+00,-1.498655200e+00,-1.364856839e+00,-7.837144136e-01,1.493185908e-01,6.497372192e-02,4.147153840e+00,-1.371273765e+00,-2.975733121e-01,2.899487842e-02,2.776373955e-03,6.168764509e-01,-4.410430985e-02,1.048578502e-01,6.314437530e-01,-5.726883852e-02,9.224493187e-03,4.850638807e-01,-1.230062395e-01,2.249999717e-02,1.978818316e+00,7.000012696e-02,0,0
9.500000000e+00,9.762979003e-02,3.101321708e-01,2.928331230e-02,1.544453921e-01,1.033764156e-01,2.915064430e+01,4.391986076e+00,1.355317807e-01,3.725619048e-17,2.285198821e-18,1.648736088e-19,1.304773500e-02,-2.822387218e-01,-2.653522491e+00,-1.498664498e+00,-1.364869714e+00,-7.837437391e-01,1.493570209e-01,5.905227707e-02,4.158679094e+00,-1.378830384e+00,-2.990118878e-01,2.921329518e-02,2.821681778e-03,6.168744809e-01,-4.410183673e-02,1.048589131e-01,6.314437530e-01,-5.726883852e-02,9.224493187e-03,4.850639701e-01,-1.230064631e-01,2.249992080e-02,1.978816351e+00,6.999991834e-02,0,0
9.510000000e+00,9.762934652e-02,3.101371114e-01,2.949005509e-02,1.544478328e-01,1.033785055e-01,2.873594206e+01,4.397398883e+00,1.355319991e-01,7.771754777e-16,1.563658610e-18,2.116972417e-19,1.207553600e-02,-2.822360396e-01,-2.653522491e+00,-1.498661757e+00,-1.364871383e+00,-7.837272882e-01,1.493373066e-01,6.430525227e-02,4.162669007e+00,-1.383207582e+00,-3.016698490e-01,2.986644254e-02,2.931641083e-03,6.168755200e-01,-4.410267393e-02,1.048587339e-01,6.314437530e-01,-5.726883852e-02,9.224493187e-03,4.850639403e-01,-1.230064705e-01,2.249996923e-02,1.978818473e+00,6.999999285e-02,0,0
9.520000000e+00,9.762991251e-02,3.101429638e-01,1.551606841e-02,1.544507239e-01,1.033821304e-01,2.865819491e+01,4.389441161e+00,1.355317177e-01,6.695920264e-16,1.738108305e-18,6.060874398e-20,1.273369200e-02,-2.822359502e-01,-2.653522730e+00,-1.498665333e+00,-1.364868879e+00,-7.837380171e-01,1.493315101e-01,7.264746719e-02,4.154789343e+00,-1.381395137e+00,-3.009173108e-01,2.880529049e-02,2.840938926e-03,6.168752443e-01,-4.410108659e-02,1.048590512e-01,6.314437530e-01,-5.726883852e-02,9.224493187e-03,4.850639105e-01,-1.230066940e-01,2.249992639e-02,1.978814818e+00,6.999995187e-02,0,0
9.530000000e+00,9.762944610e-02,3.101365969e-01,2.577271461e-02,1.544475786e-01,1.033782500e-01,2.841506174e+01,4.408388600e+00,1.355320171e-01,2.280188267e-16,1.654962790e-18,1.818262319e-19,1.233496900e-02,-2.822363377e-01,-2.653522253e+00,-1.498661518e+00,-1.364871621e+00,-7.837289572e-01,1.493395865e-01,6.398665190e-02,4.172739900e+00,-1.387239447e+00,-3.044898994e-01,2.968617355e-02,2.972717245e-03,6.168753266e-01,-4.410257979e-02,1.048587931e-01,6.314437530e-01,-5.726883852e-02,9.224493187e-03,4.850641191e-01,-1.230065897e-01,2.250001207e-02,1.978816115e+00,6.999998912e-02,0,0
9.540000000e+00,9.762899172e-02,3.101363076e-01,1.549024419e-02,1.544474357e-01,1.033769695e-01,2.861779449e+01,4.395347556e+00,1.355323444e-01,4.487614296e-16,1.999170026e-18,6.776263578e-20,1.216964700e-02,-2.822331190e-01,-2.653517008e+00,-1.498657346e+00,-1.364861012e+00,-7.837093472e-01,1.493127793e-01,7.004601313e-02,4.160029628e+00,-1.384307852e+00,-3.019784913e-01,2.865110682e-02,2.658482844e-03,6.168771016e-01,-4.410371987e-02,1.048587566e-01,6.314437530e-01,-5.726883852e-02,9.224493187e-03,4.850639105e-01,-1.230065897e-01,2.249995992e-02,1.978815879e+00,7.000001147e-02,0,0
9.550000000e+00,9.763079121e-02,3.101400419e-01,1.867805724e-02,1.544492804e-01,1.033756855e-01,2.856915330e+01,4.388732524e+00,1.355324144e-01,2.360754069e-16,8.673617380e-19,1.355252716e-20,1.120452800e-02,-2.822319865e-01,-2.653522015e+00,-1.498656631e+00,-1.364884973e+00,-7.836846113e-01,1.493303627e-01,6.747257980e-02,4.153980937e+00,-1.381720698e+00,-3.014239018e-01,2.910246889e-02,2.754264576e-03,6.168780428e-01,-4.410662532e-02,1.048611369e-01,6.314437530e-01,-5.726883852e-02,9.224493187e-03,4.850639403e-01,-1.230065525e-01,2.249996737e-02,1.978814425e+00,7.000000402e-02,0,0
9.560000000e+00,9.762752224e-02,3.101219566e-01,3.139082759e-02,1.544403462e-01,1.033686995e-01,2.901958689e+01,4.398634157e+00,1.355325594e-01,2.229035291e-16,1.388456242e-18,2.172635382e-19,1.344278900e-02,-2.822324038e-01,-2.653514385e+00,-1.498654604e+00,-1.364851236e+00,-7.836945057e-01,1.493171751e-01,5.941031603e-02,4.164067027e+00,-1.383332321e+00,-3.008013151e-01,3.002842184e-02,2.684622287e-03,6.168784556e-01,-4.410566947e-02,1.048577311e-01,6.314437530e-01,-5.726883852e-02,9.224493187e-03,4.850642681e-01,-1.230064929e-01,2.250016853e-02,1.978816587e+00,6.999990717e-02,0,0
9.570000000e+00,9.762904094e-02,3.101309893e-01,4.099684503e-02,1.544448084e-01,1.033710606e-01,2.910619428e+01,4.380915887e+00,1.355329051e-01,6.664460144e-16,4.527761199e-18,4.370558683e-19,1.121344800e-02,-2.822311521e-01,-2.653516531e+00,-1.498650312e+00,-1.364871383e+00,-7.836709619e-01,1.493143886e-01,5.494085840e-02,4.149409748e+00,-1.371968368e+00,-2.977260350e-01,2.926917634e-02,3.093333844e-03,6.168790008e-01,-4.410822382e-02,1.048597160e-01,6.314437530e-01,-5.726883852e-02,9.224493187e-03,4.850641787e-01,-1.230063140e-01,2.250003256e-02,1.978820439e+00,7.000008225e-02,0,0
9.580000000e+00,9.762785842e-02,3.101148048e-01,2.418203111e-02,1.544368133e-01,1.033601856e-01,2.879535916e+01,4.407780595e+00,1.355331253e-01,5.554806959e-16,1.990330616e-18,1.459651846e-19,1.342244900e-02,-2.822281122e-01,-2.653513908e+00,-1.498647571e+00,-1.364862680e+00,-7.836416960e-01,1.493192762e-01,6.020497481e-02,4.172997738e+00,-1.385068660e+00,-3.028238488e-01,2.949044374e-02,2.801892978e-03,6.168816473e-01,-4.411103541e-02,1.048592987e-01,6.314437530e-01,-5.726883852e-02,9.224493187e-03,4.850642681e-01,-1.230066642e-01,2.250004373e-02,1.978818041e+00,7.000002265e-02,0,0
9.590000000e+00,9.762803625e-02,3.101132069e-01,1.958809138e-02,1.544360239e-01,1.033582038e-01,2.838725213e+01,4.409405383e+00,1.355331170e-01,6.815526319e-16,9.697399036e-19,1.735570302e-19,1.158963100e-02,-2.822262347e-01,-2.653510332e+00,-1.498647690e+00,-1.364853263e+00,-7.836320400e-01,1.493073702e-01,6.944502505e-02,4.173565040e+00,-1.387762142e+00,-3.043751833e-01,2.916199457e-02,3.105273983e-03,6.168830650e-01,-4.411157022e-02,1.048597697e-01,6.314437530e-01,-5.726883852e-02,9.224493187e-03,4.850640297e-01,-1.230066568e-01,2.249992453e-02,1.978816115e+00,6.999998167e-02,0,0
9.600000000e+00,9.762657953e-02,3.101107169e-01,3.547483460e-02,1.544347939e-01,1.033585307e-01,2.915879034e+01,4.399402480e+00,1.355334386e-01,1.243356320e-16,8.690541527e-19,9.772866315e-20,1.259064100e-02,-2.822272182e-01,-2.653509617e+00,-1.498643517e+00,-1.364850879e+00,-7.836351991e-01,1.493018270e-01,4.525735505e-02,4.165326564e+00,-1.382682792e+00,-3.000016177e-01,3.046499307e-02,2.789027025e-03,6.168822321e-01,-4.411152075e-02,1.048581490e-01,6.314437530e-01,-5.726883852e-02,9.224493187e-03,4.850641191e-01,-1.230065003e-01,2.249995619e-02,1.978817609e+00,6.999998167e-02,0,0
9.610000000e+00,9.762938978e-02,3.101234471e-01,2.868246187e-02,1.544410826e-01,1.033625531e-01,2.871776657e+01,4.387342879e+00,1.355333953e-01,2.260538389e-16,1.939479807e-18,6.060874398e-20,1.201560500e-02,-2.822269797e-01,-2.653515816e+00,-1.498644233e+00,-1.364880681e+00,-7.836220264e-01,1.493172646e-01,6.593796111e-02,4.153036073e+00,-1.380262923e+00,-3.012200192e-01,2.925594784e-02,2.439421844e-03,6.168820944e-01,-4.411311246e-02,1.048612158e-01,6.314437530e-01,-5.726883852e-02,9.224493187e-03,4.850639999e-01,-1.230065897e-01,2.249990031e-02,1.978816547e+00,7.000000030e-02,0,0
9.620000000e+00,9.762797551e-02,3.101145617e-01,4.889845835e-02,1.544366932e-01,1.033575223e-01,2.851080451e+01,4.402375687e+00,1.355339539e-01,7.790574375e-16,7.757919229e-18,4.345270764e-19,1.290410400e-02,-2.822265923e-01,-2.653512001e+00,-1.498637080e+00,-1.364874840e+00,-7.836048007e-01,1.493096501e-01,5.224759413e-02,4.168129845e+00,-1.383126211e+00,-3.015897355e-01,2.942643545e-02,3.882500584e-03,6.168828489e-01,-4.411541736e-02,1.048602040e-01,6.314437530e-01,-5.726883852e-02,9.224493187e-03,4.850641489e-01,-1.230065078e-01,2.249997482e-02,1.978816940e+00,6.999999285e-02,0,0
9.630000000e+00,9.762867080e-02,3.101192754e-01,3.707297367e-02,1.544390217e-01,1.033597424e-01,2.921643938e+01,4.389021873e+00,1.355337228e-01,1.115799438e-16,2.335442953e-18,2.271817529e-19,1.318253700e-02,-2.822262347e-01,-2.653513432e+00,-1.498640060e+00,-1.364877343e+00,-7.836071253e-01,1.493089497e-01,5.903515351e-02,4.155835507e+00,-1.377905190e+00,-2.992197088e-01,2.996339142e-02,2.477265442e-03,6.168829746e-01,-4.411491414e-02,1.048608637e-01,6.314437530e-01,-5.726883852e-02,9.224493187e-03,4.850641191e-01,-1.230065003e-01,2.249997109e-02,1.978816940e+00,6.999998912e-02,0,0
9.640000000e+00,9.762838521e-02,3.101138819e-01,2.729343803e-02,1.544363573e-01,1.033560873e-01,2.863898689e+01,4.398834704e+00,1.355337162e-01,4.468807271e-16,0.000000000e+00,1.355252716e-20,1.114311700e-02,-2.822256684e-01,-2.653513432e+00,-1.498640180e+00,-1.364875913e+00,-7.835982442e-01,1.493140906e-01,6.654232770e-02,4.163886182e+00,-1.383935289e+00,-3.020037919e-01,2.963292009e-02,3.073396945e-03,6.168838327e-01,-4.411600769e-02,1.048608532e-01,6.314437530e-01,-5.726883852e-02,9.224493187e-03,4.850638807e-01,-1.230066642e-01,2.249991149e-02,1.978814857e+00,6.999992952e-02,0,0
9.650000000e+00,9.762793480e-02,3.101115173e-01,3.058068654e-02,1.544351892e-01,1.033543070e-01,2.894413856e+01,4.406652329e+00,1.355340041e-01,3.539218530e-17,1.226634733e-18,3.352710058e-19,1.318529600e-02,-2.822239101e-01,-2.653509378e+00,-1.498636484e+00,-1.364868045e+00,-7.835877538e-01,1.492997110e-01,6.846939024e-02,4.171090890e+00,-1.386882380e+00,-3.026412434e-01,2.928647106e-02,2.307542245e-03,6.168846886e-01,-4.411656758e-02,1.048606007e-01,6.314437530e-01,-5.726883852e-02,9.224493187e-03,4.850639999e-01,-1.230065599e-01,2.249993384e-02,1.978815918e+00,6.999995932e-02,0,0
9.660000000e+00,9.762782084e-02,3.101143535e-01,3.526161072e-02,1.544365903e-01,1.033561723e-01,2.915938498e+01,4.385876795e+00,1.355338937e-01,2.233923791e-16,1.226634733e-18,5.234855495e-19,1.269883200e-02,-2.822239399e-01,-2.653511524e+00,-1.498637915e+00,-1.364871144e+00,-7.835889459e-01,1.492989212e-01,6.258911758e-02,4.152931255e+00,-1.376571709e+00,-2.988653296e-01,2.971243557e-02,2.619857557e-03,6.168846093e-01,-4.411640211e-02,1.048604496e-01,6.314437530e-01,-5.726883852e-02,9.224493187e-03,4.850640893e-01,-1.230065450e-01,2.249996364e-02,1.978815722e+00,7.000001520e-02,0,0
9.670000000e+00,9.762912663e-02,3.101175030e-01,1.733637500e-02,1.544381462e-01,1.033566724e-01,2.854808145e+01,4.413459074e+00,1.355338682e-01,6.682767494e-16,3.066586833e-18,8.571370773e-20,1.209235600e-02,-2.822234333e-01,-2.653512001e+00,-1.498638272e+00,-1.364878058e+00,-7.835876942e-01,1.493056267e-01,6.411657500e-02,4.177547565e+00,-1.388952973e+00,-3.042255939e-01,2.922371999e-02,2.967807413e-03,6.168845051e-01,-4.411622214e-02,1.048617419e-01,6.314437530e-01,-5.726883852e-02,9.224493187e-03,4.850640893e-01,-1.230064854e-01,2.249991521e-02,1.978815603e+00,6.999997050e-02,0,0
9.680000000e+00,9.762745332e-02,3.101127807e-01,2.386998242e-02,1.544358134e-01,1.033557983e-01,2.880735792e+01,4.407599812e+00,1.355338622e-01,3.332001473e-16,5.204170428e-18,8.243680438e-20,1.277793300e-02,-2.822234035e-01,-2.653509140e+00,-1.498638272e+00,-1.364861965e+00,-7.835929990e-01,1.492915154e-01,5.384637448e-02,4.172384295e+00,-1.386591727e+00,-3.028480984e-01,2.975575904e-02,2.640809565e-03,6.168847835e-01,-4.411556652e-02,1.048599860e-01,6.314437530e-01,-5.726883852e-02,9.224493187e-03,4.850640297e-01,-1.230066121e-01,2.249995060e-02,1.978814778e+00,6.999999657e-02,0,0
9.690000000e+00,9.762885737e-02,3.101180279e-01,2.882675223e-02,1.544384055e-01,1.033569606e-01,2.900904026e+01,4.389416753e+00,1.355340738e-01,4.448686432e-16,4.336808690e-18,2.168404345e-19,1.186883400e-02,-2.822234929e-01,-2.653511763e+00,-1.498635650e+00,-1.364880323e+00,-7.835823894e-01,1.493015289e-01,5.986709981e-02,4.156084266e+00,-1.378304297e+00,-2.995978880e-01,2.948920935e-02,2.774700398e-03,6.168844737e-01,-4.411696816e-02,1.048615649e-01,6.314437530e-01,-5.726883852e-02,9.224493187e-03,4.850639999e-01,-1.230065525e-01,2.249993198e-02,1.978815486e+00,7.000001892e-02,0,0
9.700000000e+00,9.762840118e-02,3.101162717e-01,3.306427322e-02,1.544375379e-01,1.033575430e-01,2.933280115e+01,4.388891188e+00,1.355337517e-01,2.258157587e-16,8.673617380e-19,1.212174880e-19,1.343180900e-02,-2.822255194e-01,-2.653511286e+00,-1.498639703e+00,-1.364870787e+00,-7.835986018e-01,1.493019611e-01,5.753417990e-02,4.155984005e+00,-1.377213408e+00,-2.987692347e-01,2.945276523e-02,2.309386485e-03,6.168840103e-01,-4.411591699e-02,1.048608841e-01,6.314437530e-01,-5.726883852e-02,9.224493187e-03,4.850641191e-01,-1.230065227e-01,2.249994129e-02,1.978815446e+00,7.000000402e-02,0,0
9.710000000e+00,9.762728620e-02,3.101069449e-01,1.408122377e-02,1.544329305e-01,1.033524394e-01,2.864152984e+01,4.411820288e+00,1.355339082e-01,4.656367490e-17,1.318988870e-18,1.016439537e-19,1.262091200e-02,-2.822228670e-01,-2.653509140e+00,-1.498637676e+00,-1.364861846e+00,-7.835935950e-01,1.493035853e-01,7.147988638e-02,4.176024507e+00,-1.388053439e+00,-3.039342226e-01,2.815863225e-02,2.631693441e-03,6.168846698e-01,-4.411511510e-02,1.048597360e-01,6.314437530e-01,-5.726883852e-02,9.224493187e-03,4.850638509e-01,-1.230066866e-01,2.249990962e-02,1.978815682e+00,7.000004500e-02,0,0
9.720000000e+00,9.762792198e-02,3.101164822e-01,2.915771738e-02,1.544376419e-01,1.033576592e-01,2.920162195e+01,4.390094368e+00,1.355339092e-01,2.311482417e-16,2.168404345e-18,2.219678889e-19,1.292446400e-02,-2.822233438e-01,-2.653509617e+00,-1.498637676e+00,-1.364866376e+00,-7.835939527e-01,1.492907107e-01,6.754764286e-02,4.156436328e+00,-1.379069330e+00,-2.995542070e-01,2.886291967e-02,2.217284056e-03,6.168844239e-01,-4.411529570e-02,1.048603724e-01,6.314437530e-01,-5.726883852e-02,9.224493187e-03,4.850639701e-01,-1.230066270e-01,2.249990031e-02,1.978815290e+00,6.999999657e-02,0,0
9.730000000e+00,9.762916551e-02,3.101221602e-01,1.347343483e-02,1.544404468e-01,1.033599983e-01,2.849279411e+01,4.388014527e+00,1.355335791e-01,3.318721421e-17,1.735199867e-18,1.916616771e-20,1.289222300e-02,-2.822239995e-01,-2.653514385e+00,-1.498641968e+00,-1.364879012e+00,-7.835963964e-01,1.493039876e-01,6.888184526e-02,4.152999418e+00,-1.382358130e+00,-3.012669555e-01,2.895225511e-02,2.933092522e-03,6.168841831e-01,-4.411530823e-02,1.048616069e-01,6.314437530e-01,-5.726883852e-02,9.224493187e-03,4.850638807e-01,-1.230065897e-01,2.249995433e-02,1.978816115e+00,6.999999657e-02,0,0
9.740000000e+00,9.762821565e-02,3.101201463e-01,2.401261823e-02,1.544394520e-01,1.033598949e-01,2.885463922e+01,4.371029837e+00,1.355337911e-01,6.665617113e-16,6.167576282e-18,9.772866315e-20,1.204761600e-02,-2.822251022e-01,-2.653513908e+00,-1.498639226e+00,-1.364877701e+00,-7.835966349e-01,1.493005157e-01,6.199914352e-02,4.138202005e+00,-1.374016730e+00,-2.975882093e-01,2.920133305e-02,2.945095768e-03,6.168837628e-01,-4.411584854e-02,1.048606476e-01,6.314437530e-01,-5.726883852e-02,9.224493187e-03,4.850638211e-01,-1.230064854e-01,2.249997109e-02,1.978818749e+00,7.000001892e-02,0,0
9.750000000e+00,9.762811893e-02,3.101071800e-01,1.561509450e-02,1.544330466e-01,1.033512010e-01,2.809768380e+01,4.395707364e+00,1.355337298e-01,2.271792434e-16,9.263427422e-19,3.030437199e-20,1.356620000e-02,-2.822240293e-01,-2.653513432e+00,-1.498640060e+00,-1.364874721e+00,-7.835846543e-01,1.493204385e-01,7.101271440e-02,4.159505200e+00,-1.386773450e+00,-3.029201969e-01,2.835007027e-02,3.455160232e-03,6.168850945e-01,-4.411717961e-02,1.048609346e-01,6.314437530e-01,-5.726883852e-02,9.224493187e-03,4.850639701e-01,-1.230065972e-01,2.249989100e-02,1.978816075e+00,6.999988109e-02,0,0
9.760000000e+00,9.762751240e-02,3.101030180e-01,1.727456485e-02,1.544309906e-01,1.033457955e-01,2.847871517e+01,4.392635812e+00,1.355345489e-01,3.360195643e-16,6.505213035e-19,4.886433157e-20,1.266969100e-02,-2.822189033e-01,-2.653507710e+00,-1.498629689e+00,-1.364871860e+00,-7.835372090e-01,1.492936462e-01,7.589259652e-02,4.156986097e+00,-1.384482825e+00,-3.022281573e-01,2.853848632e-02,2.697901284e-03,6.168880946e-01,-4.412123951e-02,1.048613304e-01,6.314437530e-01,-5.726883852e-02,9.224493187e-03,4.850640595e-01,-1.230066344e-01,2.249989286e-02,1.978816075e+00,6.999996677e-02,0,0
9.770000000e+00,9.762484961e-02,3.100826501e-01,4.827385576e-02,1.544209288e-01,1.033353487e-01,2.831923153e+01,4.402594877e+00,1.355351563e-01,3.331549872e-16,2.776912484e-18,2.315856856e-19,1.189199500e-02,-2.822176516e-01,-2.653499126e+00,-1.498621821e+00,-1.364847541e+00,-7.835254073e-01,1.492850035e-01,7.021302876e-02,4.168191503e+00,-1.382706550e+00,-3.023222412e-01,2.827011986e-02,4.004357317e-03,6.168892033e-01,-4.412236921e-02,1.048589362e-01,6.314437530e-01,-5.726883852e-02,9.224493187e-03,4.850642681e-01,-1.230065450e-01,2.250011824e-02,1.978815486e+00,6.999994442e-02,0,0
9.780000000e+00,9.762783815e-02,3.100957026e-01,2.670087246e-02,1.544273768e-01,1.033394114e-01,2.882246254e+01,4.403573256e+00,1.355349372e-01,6.667151904e-16,2.335442953e-18,6.060874398e-20,1.182673400e-02,-2.822173536e-01,-2.653506517e+00,-1.498624802e+00,-1.364877939e+00,-7.835134864e-01,1.493038386e-01,5.459067575e-02,4.169570193e+00,-1.382493820e+00,-3.016680684e-01,2.931752946e-02,3.062743608e-03,6.168892433e-01,-4.412380580e-02,1.048621905e-01,6.314437530e-01,-5.726883852e-02,9.224493187e-03,4.850641489e-01,-1.230064854e-01,2.249987982e-02,1.978818316e+00,6.999994069e-02,0,0
9.790000000e+00,9.762647808e-02,3.100959002e-01,3.137973335e-02,1.544274743e-01,1.033406572e-01,2.910701158e+01,4.389838204e+00,1.355351654e-01,1.117147103e-16,2.742838647e-18,1.212174880e-19,1.309103600e-02,-2.822156847e-01,-2.653502703e+00,-1.498621821e+00,-1.364864945e+00,-7.835118771e-01,1.492786109e-01,5.907412918e-02,4.157006011e+00,-1.376981743e+00,-2.992378673e-01,2.934302127e-02,2.773869491e-03,6.168896396e-01,-4.412308737e-02,1.048607637e-01,6.314437530e-01,-5.726883852e-02,9.224493187e-03,4.850641787e-01,-1.230066270e-01,2.250008844e-02,1.978817216e+00,6.999995559e-02,0,0
9.800000000e+00,9.762698634e-02,3.100992197e-01,3.325652122e-02,1.544291142e-01,1.033415363e-01,2.931772029e+01,4.386051047e+00,1.355352534e-01,6.715195015e-17,6.314488766e-18,1.459651846e-19,1.355757000e-02,-2.822153568e-01,-2.653503656e+00,-1.498620749e+00,-1.364871860e+00,-7.835026979e-01,1.492769420e-01,6.160127916e-02,4.153617276e+00,-1.375141763e+00,-2.987438586e-01,2.906789474e-02,2.211303457e-03,6.168899696e-01,-4.412421838e-02,1.048614882e-01,6.314437530e-01,-5.726883852e-02,9.224493187e-03,4.850639999e-01,-1.230065003e-01,2.249990031e-02,1.978821776e+00,7.000013813e-02,0,0
9.810000000e+00,9.762523894e-02,3.100873604e-01,2.600619499e-02,1.544232557e-01,1.033350008e-01,2.881038975e+01,4.395908372e+00,1.355359205e-01,2.247521553e-16,1.371419324e-18,1.355252716e-19,1.218657700e-02,-2.822133899e-01,-2.653496981e+00,-1.498612165e+00,-1.364858150e+00,-7.834866047e-01,1.492642164e-01,5.653446790e-02,4.161918835e+00,-1.381339064e+00,-3.004826064e-01,2.913195751e-02,3.130624172e-03,6.168908849e-01,-4.412542217e-02,1.048600091e-01,6.314437530e-01,-5.726883852e-02,9.224493187e-03,4.850642085e-01,-1.230064407e-01,2.250016667e-02,1.978815918e+00,6.999991462e-02,0,0
9.820000000e+00,9.762710549e-02,3.100868090e-01,2.887122498e-02,1.544229833e-01,1.033302426e-01,2.828205633e+01,4.386691540e+00,1.355361629e-01,2.282480171e-16,8.690541527e-19,5.421010862e-20,1.196285500e-02,-2.822125554e-01,-2.653502941e+00,-1.498609304e+00,-1.364888906e+00,-7.834486961e-01,1.492921561e-01,7.022268006e-02,4.153052117e+00,-1.377976207e+00,-3.011196180e-01,2.801956426e-02,3.606194760e-03,6.168923094e-01,-4.413043823e-02,1.048628205e-01,6.314437530e-01,-5.726883852e-02,9.224493187e-03,4.850642383e-01,-1.230065227e-01,2.250006050e-02,1.978817176e+00,6.999998912e-02,0,0
9.830000000e+00,9.762648363e-02,3.100879516e-01,1.654968922e-02,1.544235477e-01,1.033310168e-01,2.858347606e+01,4.386075516e+00,1.355362716e-01,4.441722113e-16,4.348988860e-18,8.243680438e-20,1.160889200e-02,-2.822102904e-01,-2.653497934e+00,-1.498607874e+00,-1.364873767e+00,-7.834436893e-01,1.492647380e-01,6.482269025e-02,4.152124820e+00,-1.379153229e+00,-3.006777149e-01,2.891919615e-02,2.982739966e-03,6.168933839e-01,-4.413000071e-02,1.048622891e-01,6.314437530e-01,-5.726883852e-02,9.224493187e-03,4.850639403e-01,-1.230066121e-01,2.249989100e-02,1.978815722e+00,6.999998912e-02,0,0
9.840000000e+00,9.762776568e-02,3.100937127e-01,3.490818320e-02,1.544263937e-01,1.033327374e-01,2.904145509e+01,4.385266645e+00,1.355362888e-01,3.273069708e-17,6.411477010e-18,1.954573263e-19,1.235448800e-02,-2.822108567e-01,-2.653502703e+00,-1.498607755e+00,-1.364893675e+00,-7.834353447e-01,1.492783874e-01,6.322802521e-02,4.152701361e+00,-1.375304231e+00,-2.988405877e-01,2.934641603e-02,2.920537401e-03,6.168931082e-01,-4.413140632e-02,1.048637489e-01,6.314437530e-01,-5.726883852e-02,9.224493187e-03,4.850639403e-01,-1.230064258e-01,2.250000276e-02,1.978818630e+00,7.000008225e-02,0,0
9.850000000e+00,9.762574022e-02,3.100767002e-01,2.141353057e-02,1.544179895e-01,1.033232975e-01,2.862158847e+01,4.393697203e+00,1.355366110e-01,2.250298110e-16,2.335442953e-18,8.243680438e-20,1.237651900e-02,-2.822088003e-01,-2.653495073e+00,-1.498603582e+00,-1.364869237e+00,-7.834202647e-01,1.492665857e-01,6.551787023e-02,4.159079279e+00,-1.382128837e+00,-3.020037689e-01,2.912886214e-02,2.679332336e-03,6.168950693e-01,-4.413272012e-02,1.048621602e-01,6.314437530e-01,-5.726883852e-02,9.224493187e-03,4.850639999e-01,-1.230065823e-01,2.249990217e-02,1.978816468e+00,6.999998912e-02,0,0
9.860000000e+00,9.762889841e-02,3.100965933e-01,2.192581662e-02,1.544278168e-01,1.033331714e-01,2.831927522e+01,4.417789926e+00,1.355364472e-01,1.536968916e-17,3.469870443e-18,5.421010862e-20,1.107730600e-02,-2.822097838e-01,-2.653500557e+00,-1.498605728e+00,-1.364896059e+00,-7.834328413e-01,1.492765844e-01,7.396422570e-02,4.180611809e+00,-1.392641714e+00,-3.058939513e-01,2.917844863e-02,2.931000944e-03,6.168930386e-01,-4.413104915e-02,1.048648456e-01,6.314437530e-01,-5.726883852e-02,9.224493187e-03,4.850639999e-01,-1.230066642e-01,2.249987051e-02,1.978815958e+00,6.999997422e-02,0,0
9.870000000e+00,9.762352541e-02,3.100583778e-01,2.621709384e-02,1.544089382e-01,1.033139448e-01,2.838779249e+01,4.397192162e+00,1.355370793e-01,4.444702112e-16,1.152522718e-18,4.065758147e-20,1.297717500e-02,-2.822074294e-01,-2.653488398e+00,-1.498597503e+00,-1.364849329e+00,-7.834135890e-01,1.492648870e-01,7.268364401e-02,4.161653036e+00,-1.384830918e+00,-3.035153033e-01,2.785079396e-02,2.476241430e-03,6.168957804e-01,-4.413296610e-02,1.048600413e-01,6.314437530e-01,-5.726883852e-02,9.224493187e-03,4.850643873e-01,-1.230064631e-01,2.250006236e-02,1.978815486e+00,7.000000775e-02,0,0
9.880000000e+00,9.762673112e-02,3.100743164e-01,2.218729740e-02,1.544168119e-01,1.033187897e-01,2.880705674e+01,4.410623502e+00,1.355367897e-01,2.540540879e-16,9.455741063e-19,4.065758147e-20,1.291928400e-02,-2.822063267e-01,-2.653496265e+00,-1.498601437e+00,-1.364880681e+00,-7.833922505e-01,1.492760926e-01,6.255525254e-02,4.175834323e+00,-1.385464233e+00,-3.028649296e-01,2.911139549e-02,2.905261045e-03,6.168967520e-01,-4.413544035e-02,1.048638012e-01,6.314437530e-01,-5.726883852e-02,9.224493187e-03,4.850639403e-01,-1.230066270e-01,2.249985375e-02,1.978816154e+00,6.999996305e-02,0,0
9.890000000e+00,9.762638883e-02,3.100816874e-01,3.991131692e-02,1.544204532e-01,1.033243765e-01,2.905584671e+01,4.384482895e+00,1.355367212e-01,6.704055401e-16,1.852685484e-18,3.297472175e-19,1.212055600e-02,-2.822064757e-01,-2.653497696e+00,-1.498602271e+00,-1.364881277e+00,-7.834040523e-01,1.492655873e-01,5.815024418e-02,4.151822205e+00,-1.375714926e+00,-2.986409793e-01,2.990645561e-02,2.965059122e-03,6.168957932e-01,-4.413365948e-02,1.048630614e-01,6.314437530e-01,-5.726883852e-02,9.224493187e-03,4.850641489e-01,-1.230066940e-01,2.250012569e-02,1.978818866e+00,6.999997422e-02,0,0
9.900000000e+00,9.762542589e-02,3.100622209e-01,3.107847903e-02,1.544108367e-01,1.033121499e-01,2.870186390e+01,4.405785620e+00,1.355369197e-01,2.510708861e-16,2.742838647e-18,2.168404345e-19,1.207867600e-02,-2.822057009e-01,-2.653494596e+00,-1.498599768e+00,-1.364872456e+00,-7.833839059e-01,1.492821425e-01,6.775554749e-02,4.169992731e+00,-1.387286487e+00,-3.034294091e-01,2.961705798e-02,2.523053026e-03,6.168976173e-01,-4.413642611e-02,1.048627359e-01,6.314437530e-01,-5.726883852e-02,9.224493187e-03,4.850642085e-01,-1.230065525e-01,2.250006050e-02,1.978817059e+00,6.999995559e-02,0,0
9.910000000e+00,9.762613183e-02,3.100768954e-01,3.475035837e-02,1.544180859e-01,1.033199318e-01,2.900386254e+01,4.388232194e+00,1.355371451e-01,2.317284760e-16,2.637977740e-18,1.648736088e-19,1.147593000e-02,-2.822035253e-01,-2.653495312e+00,-1.498596907e+00,-1.364881516e+00,-7.833799124e-01,1.492603272e-01,5.859622775e-02,4.155437433e+00,-1.376537353e+00,-2.995725922e-01,2.968382190e-02,2.837851667e-03,6.168972363e-01,-4.413548583e-02,1.048632694e-01,6.314437530e-01,-5.726883852e-02,9.224493187e-03,4.850643277e-01,-1.230065227e-01,2.250018530e-02,1.978819457e+00,6.999999657e-02,0,0
9.920000000e+00,9.762449321e-02,3.100633959e-01,2.143575191e-02,1.544114172e-01,1.033125207e-01,2.853062594e+01,4.399665063e+00,1.355373475e-01,4.640182639e-17,8.673617380e-19,5.587850096e-20,1.231850800e-02,-2.822024524e-01,-2.653489828e+00,-1.498594284e+00,-1.364862680e+00,-7.833681703e-01,1.492521167e-01,6.343622857e-02,4.164405309e+00,-1.384955872e+00,-3.029587928e-01,2.936623843e-02,2.786231410e-03,6.168988125e-01,-4.413685586e-02,1.048620246e-01,6.314437530e-01,-5.726883852e-02,9.224493187e-03,4.850637019e-01,-1.230067313e-01,2.249992266e-02,1.978815643e+00,6.999999657e-02,0,0
9.930000000e+00,9.762626427e-02,3.100760368e-01,2.322663349e-02,1.544176618e-01,1.033191472e-01,2.849452048e+01,4.411606719e+00,1.355369555e-01,2.378469736e-16,2.742838647e-18,7.666467083e-20,1.363069100e-02,-2.822015285e-01,-2.653490543e+00,-1.498599291e+00,-1.364864707e+00,-7.833815217e-01,1.492443979e-01,6.472782654e-02,4.175669776e+00,-1.388560626e+00,-3.048659788e-01,2.856346123e-02,2.515593236e-03,6.168983746e-01,-4.413434060e-02,1.048634204e-01,6.314437530e-01,-5.726883852e-02,9.224493187e-03,4.850639701e-01,-1.230066717e-01,2.249997109e-02,1.978816980e+00,7.000000402e-02,0,0
9.940000000e+00,9.762413641e-02,3.100554617e-01,5.996309262e-02,1.544074976e-01,1.033065992e-01,2.947882998e+01,4.402407046e+00,1.355373166e-01,2.376080451e-16,1.097135459e-17,4.336808690e-19,1.120929700e-02,-2.822019458e-01,-2.653489113e+00,-1.498594761e+00,-1.364858866e+00,-7.833477259e-01,1.492543817e-01,6.202694628e-02,4.167307358e+00,-1.385392013e+00,-3.010763906e-01,3.048430212e-02,1.590462554e-03,6.169008278e-01,-4.413988722e-02,1.048623830e-01,6.314437530e-01,-5.726883852e-02,9.224493187e-03,4.850641787e-01,-1.230066717e-01,2.249998040e-02,1.978815526e+00,6.999995932e-02,0,0
9.950000000e+00,9.762535849e-02,3.100649026e-01,2.120113841e-02,1.544121614e-01,1.033125294e-01,2.851025454e+01,4.401889142e+00,1.355374689e-01,2.317138661e-16,3.998340052e-18,0.000000000e+00,1.272365200e-02,-2.822014987e-01,-2.653489351e+00,-1.498592734e+00,-1.364867568e+00,-7.833678722e-01,1.492570788e-01,6.029274852e-02,4.167149947e+00,-1.384011532e+00,-3.025105838e-01,2.903478322e-02,3.244724268e-03,6.168984671e-01,-4.413619542e-02,1.048627646e-01,6.314437530e-01,-5.726883852e-02,9.224493187e-03,4.850644469e-01,-1.230066121e-01,2.250013128e-02,1.978816115e+00,6.999992207e-02,0,0
9.960000000e+00,9.762517670e-02,3.100638741e-01,2.711159811e-02,1.544116534e-01,1.033102235e-01,2.884298287e+01,4.402458966e+00,1.355375996e-01,2.565045452e-16,3.252606517e-18,1.084202172e-19,1.217712600e-02,-2.822001278e-01,-2.653491259e+00,-1.498591185e+00,-1.364874721e+00,-7.833422422e-01,1.492550224e-01,5.660847224e-02,4.168641758e+00,-1.381723432e+00,-3.014139714e-01,2.910153427e-02,3.065577229e-03,6.169001330e-01,-4.413928283e-02,1.048632563e-01,6.314437530e-01,-5.726883852e-02,9.224493187e-03,4.850642383e-01,-1.230064929e-01,2.250002697e-02,1.978817491e+00,6.999996677e-02,0,0
9.970000000e+00,9.762409018e-02,3.100590028e-01,1.993548210e-02,1.544092470e-01,1.033074850e-01,2.855739213e+01,4.393317243e+00,1.355375992e-01,6.669673384e-16,2.335442953e-18,8.571370773e-20,1.304872500e-02,-2.821981609e-01,-2.653488159e+00,-1.498591185e+00,-1.364860654e+00,-7.833327055e-01,1.492396891e-01,6.720281159e-02,4.158572956e+00,-1.382412020e+00,-3.017730407e-01,2.919632256e-02,2.959647794e-03,6.169016927e-01,-4.413978664e-02,1.048624535e-01,6.314437530e-01,-5.726883852e-02,9.224493187e-03,4.850639403e-01,-1.230065152e-01,2.249993198e-02,1.978817962e+00,7.000002638e-02,0,0
9.980000000e+00,9.762453822e-02,3.100613661e-01,2.495027014e-02,1.544104144e-01,1.033074899e-01,2.868710606e+01,4.387941302e+00,1.355375950e-01,9.055522399e-18,9.697399036e-19,3.833233542e-20,1.140492000e-02,-2.821967304e-01,-2.653488636e+00,-1.498591304e+00,-1.364863873e+00,-7.833203673e-01,1.492350847e-01,7.121683990e-02,4.152917401e+00,-1.382288732e+00,-3.010932015e-01,2.912784277e-02,2.530695292e-03,6.169026847e-01,-4.414084275e-02,1.048632067e-01,6.314437530e-01,-5.726883852e-02,9.224493187e-03,4.850639403e-01,-1.230067089e-01,2.249990776e-02,1.978815958e+00,6.999999285e-02,0,0
9.990000000e+00,9.762435997e-02,3.100592271e-01,3.229172198e-02,1.544093578e-01,1.033067298e-01,2.904159674e+01,4.396110568e+00,1.355377053e-01,1.607640416e-16,2.742838647e-18,2.710505431e-19,1.128082900e-02,-2.821979821e-01,-2.653488636e+00,-1.498589873e+00,-1.364865541e+00,-7.833232880e-01,1.492409855e-01,6.111137731e-02,4.162132131e+00,-1.381067148e+00,-3.007899434e-01,2.970453096e-02,2.496863035e-03,6.169020957e-01,-4.414106513e-02,1.048629657e-01,6.314437530e-01,-5.726883852e-02,9.224493187e-03,4.850640595e-01,-1.230065227e-01,2.249986306e-02,1.978815879e+00,6.999995559e-02,0,0
1.000000000e+01,9.762450646e-02,3.100603514e-01,3.460335268e-02,1.544099132e-01,1.033069854e-01,2.925769164e+01,4.392407917e+00,1.355378640e-01,2.297984856e-16,2.168404345e-18,1.355252716e-19,1.334778800e-02,-2.821976840e-01,-2.653487444e+00,-1.498587847e+00,-1.364866138e+00,-7.833187580e-01,1.492359340e-01,6.016805113e-02,4.159099714e+00,-1.378792262e+00,-2.992710420e-01,2.965030249e-02,2.507184823e-03,6.169022029e-01,-4.414152144e-02,1.048631942e-01,6.314437530e-01,-5.726883852e-02,9.224493187e-03,4.850639999e-01,-1.230066046e-01,2.249984816e-02,1.978815446e+00,6.999995932e-02,0,0
1.001000000e+01,9.762365394e-02,3.100569171e-01,3.089131254e-02,1.544082166e-01,1.033056524e-01,2.898078021e+01,4.394519937e+00,1.355379462e-01,2.345808644e-16,5.275955480e-18,1.117570019e-19,1.210666600e-02,-2.821975648e-01,-2.653486252e+00,-1.498586774e+00,-1.364860415e+00,-7.833173275e-01,1.492313594e-01,6.019811927e-02,4.160258765e+00,-1.381716179e+00,-3.006530973e-01,2.983482001e-02,2.582217924e-03,6.169024319e-01,-4.414170631e-02,1.048623842e-01,6.314437530e-01,-5.726883852e-02,9.224493187e-03,4.850641191e-01,-1.230065003e-01,2.250003070e-02,1.978816508e+00,6.999998540e-02,0,0
1.002000000e+01,9.762366731e-02,3.100573313e-01,2.747330603e-02,1.544084212e-01,1.033055144e-01,2.878236610e+01,4.385613283e+00,1.355380122e-01,2.225387224e-16,5.204170428e-18,2.172635382e-19,1.159870200e-02,-2.821964025e-01,-2.653485775e+00,-1.498585939e+00,-1.364860177e+00,-7.833131552e-01,1.492278576e-01,6.666309875e-02,4.151398851e+00,-1.379788159e+00,-3.006179185e-01,2.923937954e-02,2.457919106e-03,6.169027374e-01,-4.414162745e-02,1.048624334e-01,6.314437530e-01,-5.726883852e-02,9.224493187e-03,4.850639999e-01,-1.230065823e-01,2.249991149e-02,1.978815446e+00,7.000000030e-02,0,0
1.003000000e+01,9.762497298e-02,3.100660429e-01,1.698179193e-02,1.544127248e-01,1.033102873e-01,2.859104691e+01,4.399828301e+00,1.355376881e-01,2.232475215e-16,4.336808690e-19,4.886433157e-20,1.355503100e-02,-2.821970582e-01,-2.653490543e+00,-1.498590112e+00,-1.364872932e+00,-7.833251357e-01,1.492391825e-01,6.759987947e-02,4.164147508e+00,-1.386137757e+00,-3.026132301e-01,2.889685072e-02,2.682507752e-03,6.169016597e-01,-4.414010685e-02,1.048633936e-01,6.314437530e-01,-5.726883852e-02,9.224493187e-03,4.850637615e-01,-1.230067089e-01,2.249992080e-02,1.978815682e+00,6.999997795e-02,0,0
1.004000000e+01,9.762280968e-02,3.100483848e-01,3.953441685e-02,1.544040016e-01,1.033014717e-01,2.833536475e+01,4.401996444e+00,1.355377386e-01,3.343159155e-16,1.301042607e-18,2.187445162e-19,1.289979400e-02,-2.821969986e-01,-2.653485060e+00,-1.498589396e+00,-1.364848733e+00,-7.833214998e-01,1.492364705e-01,5.447386851e-02,4.167772661e+00,-1.382736984e+00,-3.024401220e-01,2.881546717e-02,3.796295565e-03,6.169030016e-01,-4.414095033e-02,1.048615052e-01,6.314437530e-01,-5.726883852e-02,9.224493187e-03,4.850641489e-01,-1.230066121e-01,2.250005119e-02,1.978816115e+00,7.000001147e-02,0,0
1.005000000e+01,9.762365454e-02,3.100467299e-01,3.220290111e-02,1.544031841e-01,1.032989511e-01,2.905068242e+01,4.398224487e+00,1.355378007e-01,5.588637230e-16,2.949348775e-18,2.116972417e-19,1.269098100e-02,-2.821978927e-01,-2.653486729e+00,-1.498588681e+00,-1.364859223e+00,-7.833097577e-01,1.492504030e-01,5.475937500e-02,4.164629706e+00,-1.380528259e+00,-3.008091796e-01,2.980031206e-02,2.638435928e-03,6.169033860e-01,-4.414321363e-02,1.048627367e-01,6.314437530e-01,-5.726883852e-02,9.224493187e-03,4.850642383e-01,-1.230066121e-01,2.250001952e-02,1.978816783e+00,6.999993697e-02,0,0
1.006000000e+01,9.762467279e-02,3.100568803e-01,3.645901693e-02,1.544081984e-01,1.033047017e-01,2.866068105e+01,4.405940236e+00,1.355377067e-01,1.068123493e-16,3.127317221e-18,1.355252716e-19,1.335032800e-02,-2.821967006e-01,-2.653488874e+00,-1.498589873e+00,-1.364867330e+00,-7.833206058e-01,1.492488235e-01,7.248566048e-02,4.170047662e+00,-1.387264456e+00,-3.039419447e-01,2.947183809e-02,2.392508835e-03,6.169023029e-01,-4.414068103e-02,1.048632638e-01,6.314437530e-01,-5.726883852e-02,9.224493187e-03,4.850640893e-01,-1.230065525e-01,2.249991894e-02,1.978817176e+00,7.000000402e-02,0,0
1.007000000e+01,9.762389426e-02,3.100545733e-01,2.554170456e-02,1.544070588e-01,1.033026718e-01,2.912234015e+01,4.390530783e+00,1.355382573e-01,3.349959444e-16,1.788112031e-18,1.212174880e-19,1.341023800e-02,-2.821951807e-01,-2.653484106e+00,-1.498582840e+00,-1.364861488e+00,-7.832996845e-01,1.492277533e-01,6.178815878e-02,4.157093962e+00,-1.378815966e+00,-2.992146997e-01,2.902865501e-02,2.645388375e-03,6.169034728e-01,-4.414289379e-02,1.048629507e-01,6.314437530e-01,-5.726883852e-02,9.224493187e-03,4.850639701e-01,-1.230065525e-01,2.249985747e-02,1.978815446e+00,6.999998540e-02,0,0
1.008000000e+01,9.762343109e-02,3.100489205e-01,2.184030951e-02,1.544042662e-01,1.032991589e-01,2.885412189e+01,4.397541461e+00,1.355384340e-01,3.444136083e-16,2.602085214e-18,4.886433157e-20,1.327112800e-02,-2.821942270e-01,-2.653481722e+00,-1.498580575e+00,-1.364856124e+00,-7.832921743e-01,1.492263079e-01,6.113498709e-02,4.163269853e+00,-1.382082869e+00,-3.013379827e-01,2.920091878e-02,2.686378637e-03,6.169041018e-01,-4.414349176e-02,1.048626556e-01,6.314437530e-01,-5.726883852e-02,9.224493187e-03,4.850645065e-01,-1.230065227e-01,2.250019088e-02,1.978815879e+00,6.999995559e-02,0,0
1.009000000e+01,9.762553747e-02,3.100576836e-01,1.226508532e-02,1.544085953e-01,1.033021981e-01,2.845541093e+01,4.404657472e+00,1.355383291e-01,1.006289150e-16,1.521750266e-18,5.549197222e-20,1.113678700e-02,-2.821931243e-01,-2.653486967e+00,-1.498582006e+00,-1.364878058e+00,-7.832911015e-01,1.492443681e-01,6.512562630e-02,4.169508923e+00,-1.385370923e+00,-3.031323485e-01,2.845639975e-02,3.139788685e-03,6.169034198e-01,-4.414274473e-02,1.048645995e-01,6.314437530e-01,-5.726883852e-02,9.224493187e-03,4.850639999e-01,-1.230065674e-01,2.249994688e-02,1.978816783e+00,6.999999657e-02,0,0
1.010000000e+01,9.762473234e-02,3.100554269e-01,2.810807148e-02,1.544074805e-01,1.033013620e-01,2.886358919e+01,4.407297496e+00,1.355384025e-01,4.528733110e-16,2.742838647e-18,1.117570019e-19,1.347984000e-02,-2.821934819e-01,-2.653484821e+00,-1.498581052e+00,-1.364870071e+00,-7.832865715e-01,1.492328942e-01,6.716932190e-02,4.171595670e+00,-1.387414445e+00,-3.029481202e-01,2.910652328e-02,2.338112380e-03,6.169040320e-01,-4.414376041e-02,1.048640101e-01,6.314437530e-01,-5.726883852e-02,9.224493187e-03,4.850639999e-01,-1.230066270e-01,2.249992453e-02,1.978815367e+00,6.999995932e-02,0,0
1.011000000e+01,9.762439455e-02,3.100551243e-01,3.332038619e-02,1.544073310e-01,1.033014962e-01,2.922670664e+01,4.385849294e+00,1.355382904e-01,4.466070772e-16,4.336808690e-18,3.804375664e-19,1.190888500e-02,-2.821936309e-01,-2.653484583e+00,-1.498582482e+00,-1.364865661e+00,-7.832868099e-01,1.492279470e-01,5.827832874e-02,4.153284256e+00,-1.375637874e+00,-2.987546438e-01,2.945587073e-02,2.451485977e-03,6.169044054e-01,-4.414393024e-02,1.048637454e-01,6.314437530e-01,-5.726883852e-02,9.224493187e-03,4.850639999e-01,-1.230066642e-01,2.249989845e-02,1.978815918e+00,6.999999285e-02,0,0
1.012000000e+01,9.762293612e-02,3.100399657e-01,2.117527886e-02,1.543998426e-01,1.032921705e-01,2.866232885e+01,4.398237154e+00,1.355389154e-01,2.223256420e-16,2.424349759e-18,4.065758147e-20,1.273622200e-02,-2.821915150e-01,-2.653480053e+00,-1.498574495e+00,-1.364858508e+00,-7.832636833e-01,1.492294222e-01,6.099136608e-02,4.163400039e+00,-1.383882757e+00,-3.014569186e-01,2.920238054e-02,3.113395437e-03,6.169056875e-01,-4.414609866e-02,1.048627492e-01,6.314437530e-01,-5.726883852e-02,9.224493187e-03,4.850642979e-01,-1.230063662e-01,2.250013873e-02,1.978816115e+00,6.999995187e-02,0,0
1.013000000e+01,9.762320514e-02,3.100426878e-01,2.869214579e-02,1.544011873e-01,1.032908432e-01,2.902084442e+01,4.366961022e+00,1.355393834e-01,4.464487047e-16,2.662511149e-18,2.919303692e-19,1.245271000e-02,-2.821880877e-01,-2.653480291e+00,-1.498568654e+00,-1.364869475e+00,-7.832267284e-01,1.492171735e-01,6.103587598e-02,4.135189832e+00,-1.370430591e+00,-2.964849077e-01,2.892544552e-02,2.873249612e-03,6.169076612e-01,-4.414951300e-02,1.048637922e-01,6.314437530e-01,-5.726883852e-02,9.224493187e-03,4.850640595e-01,-1.230064481e-01,2.249995992e-02,1.978816587e+00,7.000000402e-02,0,0
1.014000000e+01,9.762429740e-02,3.100441682e-01,1.916501675e-02,1.544019186e-01,1.032905326e-01,2.869404297e+01,4.391224647e+00,1.355391252e-01,6.677502512e-16,1.563658610e-18,9.091311596e-20,1.130967900e-02,-2.821874619e-01,-2.653481007e+00,-1.498571992e+00,-1.364871383e+00,-7.832267284e-01,1.492236108e-01,6.383710663e-02,4.156905840e+00,-1.381057446e+00,-3.012326374e-01,2.905934189e-02,2.710574281e-03,6.169080997e-01,-4.414924598e-02,1.048649371e-01,6.314437530e-01,-5.726883852e-02,9.224493187e-03,4.850639403e-01,-1.230065674e-01,2.249991521e-02,1.978816744e+00,6.999998540e-02,0,0
1.015000000e+01,9.762403658e-02,3.100403504e-01,1.355450203e-02,1.544000326e-01,1.032894078e-01,2.823295865e+01,4.396770259e+00,1.355388241e-01,1.051799051e-16,8.673617380e-19,4.545655798e-20,1.293349400e-02,-2.821893394e-01,-2.653481722e+00,-1.498575807e+00,-1.364866495e+00,-7.832391858e-01,1.492334157e-01,7.816728293e-02,4.160514490e+00,-1.386663318e+00,-3.032043493e-01,2.863557390e-02,3.119065945e-03,6.169077044e-01,-4.414862815e-02,1.048645261e-01,6.314437530e-01,-5.726883852e-02,9.224493187e-03,4.850639105e-01,-1.230066270e-01,2.249989845e-02,1.978816980e+00,6.999997795e-02,0,0
1.016000000e+01,9.762196292e-02,3.100249877e-01,7.313502140e-02,1.543924434e-01,1.032812722e-01,2.901831953e+01,4.415209502e+00,1.355394680e-01,5.556587647e-16,3.705370969e-18,1.305552300e-18,1.140094000e-02,-2.821863890e-01,-2.653471231e+00,-1.498567462e+00,-1.364839911e+00,-7.832273841e-01,1.492130458e-01,6.463111504e-02,4.178806663e+00,-1.390519650e+00,-3.051254179e-01,2.871865390e-02,1.208356354e-03,6.169089685e-01,-4.414873347e-02,1.048626160e-01,6.314437530e-01,-5.726883852e-02,9.224493187e-03,4.850640595e-01,-1.230065227e-01,2.249983884e-02,1.978816940e+00,7.000002638e-02,0,0
1.017000000e+01,9.762459802e-02,3.100409859e-01,1.991417839e-02,1.544003465e-01,1.032868419e-01,2.856920215e+01,4.422450019e+00,1.355395121e-01,6.286428213e-17,4.385326394e-18,2.710505431e-20,1.312792600e-02,-2.821855545e-01,-2.653479338e+00,-1.498567104e+00,-1.364875793e+00,-7.832059264e-01,1.492239237e-01,6.986723418e-02,4.185129375e+00,-1.394189926e+00,-3.053592852e-01,2.927775081e-02,2.797006557e-03,6.169090957e-01,-4.415114843e-02,1.048656563e-01,6.314437530e-01,-5.726883852e-02,9.224493187e-03,4.850639999e-01,-1.230066568e-01,2.249994315e-02,1.978815250e+00,6.999992579e-02,0,0
1.018000000e+01,9.762158240e-02,3.100225983e-01,1.668690020e-02,1.543912630e-01,1.032778905e-01,2.861569862e+01,4.404744257e+00,1.355397468e-01,4.606899423e-16,3.012443591e-18,1.355252716e-20,1.094937500e-02,-2.821833193e-01,-2.653470755e+00,-1.498564005e+00,-1.364842057e+00,-7.831968069e-01,1.492032856e-01,5.969165971e-02,4.169545738e+00,-1.385774630e+00,-3.031014448e-01,2.911600616e-02,2.767654763e-03,6.169111176e-01,-4.415156099e-02,1.048629420e-01,6.314437530e-01,-5.726883852e-02,9.224493187e-03,4.850639105e-01,-1.230066195e-01,2.249990776e-02,1.978816823e+00,6.999998167e-02,0,0
1.019000000e+01,9.762152943e-02,3.100265164e-01,3.276170613e-02,1.543931985e-01,1.032807814e-01,2.911214504e+01,4.392998697e+00,1.355397930e-01,2.221546919e-16,6.245465659e-18,1.459651846e-19,1.315631600e-02,-2.821847200e-01,-2.653472662e+00,-1.498563409e+00,-1.364848256e+00,-7.832015157e-01,1.492037028e-01,6.275364673e-02,4.159697785e+00,-1.378721748e+00,-2.994547440e-01,2.931009728e-02,2.825720072e-03,6.169102541e-01,-4.415155561e-02,1.048627560e-01,6.314437530e-01,-5.726883852e-02,9.224493187e-03,4.850642085e-01,-1.230066195e-01,2.250009216e-02,1.978815761e+00,6.999993697e-02,0,0
1.020000000e+01,9.762419224e-02,3.100374602e-01,1.846409727e-02,1.543986048e-01,1.032853821e-01,2.850071761e+01,4.412033165e+00,1.355394731e-01,1.161131428e-16,1.788112031e-18,1.278542855e-19,1.274684200e-02,-2.821857929e-01,-2.653479338e+00,-1.498567581e+00,-1.364873052e+00,-7.832098603e-01,1.492288709e-01,6.180876603e-02,4.176559841e+00,-1.387404983e+00,-3.046663060e-01,2.902393875e-02,2.773010536e-03,6.169089301e-01,-4.415071824e-02,1.048651579e-01,6.314437530e-01,-5.726883852e-02,9.224493187e-03,4.850639701e-01,-1.230065599e-01,2.249986120e-02,1.978816154e+00,6.999998540e-02,0,0
1.021000000e+01,9.762269315e-02,3.100365328e-01,2.544812988e-02,1.543981467e-01,1.032849856e-01,2.899869399e+01,4.401584742e+00,1.355399479e-01,1.113200588e-16,1.939479807e-18,6.060874398e-20,1.334376800e-02,-2.821832895e-01,-2.653475285e+00,-1.498561502e+00,-1.364863753e+00,-7.831922174e-01,1.492003798e-01,6.641165051e-02,4.166650558e+00,-1.384474322e+00,-3.015770860e-01,2.893921425e-02,2.344998869e-03,6.169101208e-01,-4.415187429e-02,1.048639673e-01,6.314437530e-01,-5.726883852e-02,9.224493187e-03,4.850639701e-01,-1.230065152e-01,2.249994129e-02,1.978816154e+00,6.999999285e-02,0,0
1.022000000e+01,9.762309378e-02,3.100345196e-01,2.576915860e-02,1.543971522e-01,1.032830725e-01,2.869215208e+01,4.375693952e+00,1.355397941e-01,5.568496134e-16,2.616164341e-18,1.086317691e-19,1.110931700e-02,-2.821838558e-01,-2.653478146e+00,-1.498563528e+00,-1.364870787e+00,-7.831878066e-01,1.492150426e-01,6.307750846e-02,4.142381543e+00,-1.375857483e+00,-2.992186782e-01,2.949657999e-02,2.874219881e-03,6.169104082e-01,-4.415291112e-02,1.048645621e-01,6.314437530e-01,-5.726883852e-02,9.224493187e-03,4.850639999e-01,-1.230066568e-01,2.249990404e-02,1.978815486e+00,6.999995187e-02,0,0
1.023000000e+01,9.762277974e-02,3.100272246e-01,3.876225953e-02,1.543935484e-01,1.032788750e-01,2.835146757e+01,4.404238674e+00,1.355397838e-01,1.112727417e-16,1.734723476e-18,3.258953073e-19,1.143786000e-02,-2.821837366e-01,-2.653476715e+00,-1.498563647e+00,-1.364865184e+00,-7.831866741e-01,1.492223442e-01,7.103441973e-02,4.169034462e+00,-1.385295016e+00,-3.025778375e-01,2.853153735e-02,3.792959567e-03,6.169107974e-01,-4.415310211e-02,1.048643269e-01,6.314437530e-01,-5.726883852e-02,9.224493187e-03,4.850640893e-01,-1.230066940e-01,2.249987796e-02,1.978814857e+00,6.999992952e-02,0,0
1.024000000e+01,9.762360271e-02,3.100347103e-01,3.438302765e-02,1.543972464e-01,1.032824530e-01,2.919360718e+01,4.386476198e+00,1.355399342e-01,2.503672372e-16,2.168404345e-18,1.648736088e-19,1.138534900e-02,-2.821832895e-01,-2.653476715e+00,-1.498561740e+00,-1.364871979e+00,-7.831842899e-01,1.492149383e-01,5.790753349e-02,4.153900682e+00,-1.375808118e+00,-2.986683886e-01,2.952164696e-02,2.640315508e-03,6.169104617e-01,-4.415304591e-02,1.048651082e-01,6.314437530e-01,-5.726883852e-02,9.224493187e-03,4.850639999e-01,-1.230065376e-01,2.249988914e-02,1.978815958e+00,6.999997422e-02,0,0
1.025000000e+01,9.761834767e-02,3.100030366e-01,3.292283944e-02,1.543815994e-01,1.032662128e-01,2.874302775e+01,4.395668939e+00,1.355408645e-01,3.492140976e-17,2.335442953e-18,6.776263578e-20,1.312236600e-02,-2.821792066e-01,-2.653460503e+00,-1.498549700e+00,-1.364820361e+00,-7.831534147e-01,1.491744965e-01,5.297054529e-02,4.161839274e+00,-1.380901707e+00,-3.006985169e-01,2.955704419e-02,3.264193060e-03,6.169140180e-01,-4.415568372e-02,1.048606463e-01,6.314437530e-01,-5.726883852e-02,9.224493187e-03,4.850642979e-01,-1.230065227e-01,2.250005305e-02,1.978815290e+00,6.999992207e-02,0,0
1.026000000e+01,9.762218086e-02,3.100272048e-01,3.251582237e-02,1.543935386e-01,1.032780452e-01,2.914390050e+01,4.397936813e+00,1.355403150e-01,2.526718683e-16,5.294859797e-18,3.804375664e-19,1.088944400e-02,-2.821805775e-01,-2.653471708e+00,-1.498556852e+00,-1.364858508e+00,-7.831679583e-01,1.491976082e-01,5.616607274e-02,4.164068071e+00,-1.381435898e+00,-2.999568453e-01,2.973035815e-02,2.745988064e-03,6.169119284e-01,-4.415397317e-02,1.048640069e-01,6.314437530e-01,-5.726883852e-02,9.224493187e-03,4.850642085e-01,-1.230065599e-01,2.249988914e-02,1.978817805e+00,6.999995559e-02,0,0
1.027000000e+01,9.762273667e-02,3.100201725e-01,2.194211316e-02,1.543900646e-01,1.032706453e-01,2.836615685e+01,4.396443923e+00,1.355404130e-01,6.664488365e-16,1.693577933e-18,1.459651846e-19,1.200398500e-02,-2.821799815e-01,-2.653472662e+00,-1.498555779e+00,-1.364866614e+00,-7.831304073e-01,1.492073536e-01,7.018383947e-02,4.160766538e+00,-1.385278603e+00,-3.032564285e-01,2.908849996e-02,2.793087113e-03,6.169146446e-01,-4.415946695e-02,1.048657400e-01,6.314437530e-01,-5.726883852e-02,9.224493187e-03,4.850640297e-01,-1.230066195e-01,2.249991335e-02,1.978815250e+00,6.999993324e-02,0,0
1.028000000e+01,9.762221909e-02,3.100098850e-01,9.004159303e-02,1.543849825e-01,1.032637543e-01,2.989627911e+01,4.383626739e+00,1.355408173e-01,4.500529356e-16,3.878959614e-18,8.741117366e-19,1.250904000e-02,-2.821795046e-01,-2.653471708e+00,-1.498550653e+00,-1.364869833e+00,-7.831119895e-01,1.492192745e-01,5.646401112e-02,4.150224022e+00,-1.377871894e+00,-2.985749224e-01,3.093983642e-02,7.433853842e-04,6.169153598e-01,-4.416186653e-02,1.048656493e-01,6.314437530e-01,-5.726883852e-02,9.224493187e-03,4.850638807e-01,-1.230066344e-01,2.249988355e-02,1.978815014e+00,6.999998167e-02,0,0
1.029000000e+01,9.762235403e-02,3.100208402e-01,2.799632964e-02,1.543903945e-01,1.032694668e-01,2.933764836e+01,4.384934530e+00,1.355412920e-01,4.459099862e-16,3.127317221e-18,1.157928428e-19,1.124349800e-02,-2.821768224e-01,-2.653468609e+00,-1.498544574e+00,-1.364870667e+00,-7.831018567e-01,1.491872519e-01,6.523221248e-02,4.152215691e+00,-1.375823146e+00,-2.979770403e-01,2.855314218e-02,2.347491010e-03,6.169154862e-01,-4.416158521e-02,1.048657676e-01,6.314437530e-01,-5.726883852e-02,9.224493187e-03,4.850639403e-01,-1.230064183e-01,2.249988727e-02,1.978819574e+00,7.000013068e-02,0,0
1.030000000e+01,9.762131199e-02,3.100085249e-01,2.669996194e-02,1.543843106e-01,1.032625637e-01,2.878930624e+01,4.392741577e+00,1.355416520e-01,4.471853338e-16,4.422694427e-18,1.117570019e-19,1.291749400e-02,-2.821756303e-01,-2.653464079e+00,-1.498539925e+00,-1.364860177e+00,-7.830948234e-01,1.491898894e-01,5.898398204e-02,4.158816329e+00,-1.380516265e+00,-3.004187060e-01,2.933082128e-02,3.056438488e-03,6.169159949e-01,-4.416193378e-02,1.048648291e-01,6.314437530e-01,-5.726883852e-02,9.224493187e-03,4.850643575e-01,-1.230065078e-01,2.250008844e-02,1.978815682e+00,6.999989972e-02,0,0
1.031000000e+01,9.762399388e-02,3.100207261e-01,2.857566257e-02,1.543903381e-01,1.032653793e-01,2.868489515e+01,4.411974338e+00,1.355415748e-01,4.441315595e-16,4.336808690e-19,5.587850096e-20,1.118388700e-02,-2.821734548e-01,-2.653469563e+00,-1.498541117e+00,-1.364886403e+00,-7.830697298e-01,1.491969228e-01,6.464111887e-02,4.176625875e+00,-1.387194649e+00,-3.032302248e-01,2.946049519e-02,3.147125862e-03,6.169171969e-01,-4.416430814e-02,1.048680744e-01,6.314437530e-01,-5.726883852e-02,9.224493187e-03,4.850641489e-01,-1.230066717e-01,2.249988541e-02,1.978816744e+00,6.999997422e-02,0,0
1.032000000e+01,9.762235219e-02,3.100133237e-01,2.326182668e-02,1.543866813e-01,1.032621658e-01,2.865225810e+01,4.384158011e+00,1.355414707e-01,4.441612018e-16,1.226634733e-18,8.571370773e-20,1.233875800e-02,-2.821723521e-01,-2.653468370e+00,-1.498542428e+00,-1.364872932e+00,-7.830671072e-01,1.491900980e-01,7.301367906e-02,4.149583799e+00,-1.380289714e+00,-3.006916804e-01,2.902830827e-02,2.634050757e-03,6.169182403e-01,-4.416427110e-02,1.048665521e-01,6.314437530e-01,-5.726883852e-02,9.224493187e-03,4.850641191e-01,-1.230066344e-01,2.249989100e-02,1.978816901e+00,6.999998540e-02,0,0
1.033000000e+01,9.762131573e-02,3.099975438e-01,2.618894707e-02,1.543788859e-01,1.032517324e-01,2.871861806e+01,4.412498363e+00,1.355419962e-01,7.760343200e-17,1.152522718e-18,6.060874398e-20,1.214211600e-02,-2.821703851e-01,-2.653464794e+00,-1.498535752e+00,-1.364868641e+00,-7.830395699e-01,1.491973102e-01,7.085042699e-02,4.176517283e+00,-1.388719456e+00,-3.041250077e-01,2.804210765e-02,2.301755658e-03,6.169199471e-01,-4.416725403e-02,1.048661621e-01,6.314437530e-01,-5.726883852e-02,9.224493187e-03,4.850642085e-01,-1.230066568e-01,2.249997854e-02,1.978811319e+00,6.999999657e-02,0,0
1.034000000e+01,9.762010287e-02,3.099974627e-01,2.227824815e-02,1.543788458e-01,1.032506324e-01,2.872216036e+01,4.404137639e+00,1.355421861e-01,4.464284829e-16,2.845901628e-18,1.631940375e-19,1.258736000e-02,-2.821664810e-01,-2.653459549e+00,-1.498533368e+00,-1.364851713e+00,-7.830116153e-01,1.491570622e-01,6.665429838e-02,4.168874782e+00,-1.385671265e+00,-3.025205233e-01,2.927659273e-02,2.821115033e-03,6.169229847e-01,-4.416945929e-02,1.048656874e-01,6.314437530e-01,-5.726883852e-02,9.224493187e-03,4.850639105e-01,-1.230065748e-01,2.249996178e-02,1.978816744e+00,7.000003010e-02,0,0
1.035000000e+01,9.762028219e-02,3.100004831e-01,3.637480724e-02,1.543803379e-01,1.032528193e-01,2.892593537e+01,4.388755154e+00,1.355420837e-01,4.743921619e-16,2.742838647e-18,1.355252716e-19,1.322155700e-02,-2.821673453e-01,-2.653462172e+00,-1.498534679e+00,-1.364857793e+00,-7.830187678e-01,1.491632164e-01,5.908424834e-02,4.156002566e+00,-1.376540529e+00,-2.993260447e-01,2.921885804e-02,3.142440217e-03,6.169222084e-01,-4.416881050e-02,1.048656637e-01,6.314437530e-01,-5.726883852e-02,9.224493187e-03,4.850642979e-01,-1.230065599e-01,2.249999903e-02,1.978816744e+00,6.999997422e-02,0,0
1.036000000e+01,9.761956489e-02,3.099965229e-01,1.556473842e-02,1.543783816e-01,1.032502248e-01,2.863288424e+01,4.385743138e+00,1.355423708e-01,2.683219670e-17,1.788112031e-18,5.587850096e-20,1.226658800e-02,-2.821650505e-01,-2.653457165e+00,-1.498530984e+00,-1.364845872e+00,-7.830073833e-01,1.491459012e-01,6.619457838e-02,4.151183162e+00,-1.380861791e+00,-3.007124237e-01,2.872612474e-02,2.658175812e-03,6.169233553e-01,-4.416923856e-02,1.048651644e-01,6.314437530e-01,-5.726883852e-02,9.224493187e-03,4.850639999e-01,-1.230066419e-01,2.249995619e-02,1.978815250e+00,7.000000402e-02,0,0
1.037000000e+01,9.762020066e-02,3.099881176e-01,2.916775477e-02,1.543742293e-01,1.032416213e-01,2.837564708e+01,4.400437067e+00,1.355428145e-01,6.664527875e-16,1.964321818e-18,1.355252716e-20,1.200301500e-02,-2.821626961e-01,-2.653459549e+00,-1.498525500e+00,-1.364864469e+00,-7.829661965e-01,1.491675675e-01,7.454134256e-02,4.165432763e+00,-1.383959904e+00,-3.021999260e-01,2.788040229e-02,3.569384463e-03,6.169253231e-01,-4.417390082e-02,1.048667505e-01,6.314437530e-01,-5.726883852e-02,9.224493187e-03,4.850641191e-01,-1.230064929e-01,2.249997854e-02,1.978815446e+00,6.999997422e-02,0,0
1.038000000e+01,9.761910792e-02,3.099734532e-01,2.653619572e-02,1.543669850e-01,1.032328506e-01,2.874351853e+01,4.373850021e+00,1.355426582e-01,4.640182639e-17,8.741117366e-19,5.421010862e-20,1.352879000e-02,-2.821614742e-01,-2.653458118e+00,-1.498527527e+00,-1.364852190e+00,-7.829547524e-01,1.491769105e-01,6.770833042e-02,4.140698477e+00,-1.374976628e+00,-2.986151063e-01,2.924678890e-02,2.936921461e-03,6.169271950e-01,-4.417522289e-02,1.048661003e-01,6.314437530e-01,-5.726883852e-02,9.224493187e-03,4.850640297e-01,-1.230065227e-01,2.249989659e-02,1.978816508e+00,6.999997050e-02,0,0
1.039000000e+01,9.761847665e-02,3.099790689e-01,3.220781699e-02,1.543697592e-01,1.032363876e-01,2.902735808e+01,4.384765436e+00,1.355430375e-01,4.525874932e-16,1.939479807e-18,1.533293417e-19,1.111949700e-02,-2.821596861e-01,-2.653454304e+00,-1.498522639e+00,-1.364845753e+00,-7.829483747e-01,1.491469741e-01,6.120039298e-02,4.152246846e+00,-1.375223996e+00,-2.986283531e-01,2.898283216e-02,2.937851844e-03,6.169274538e-01,-4.417503497e-02,1.048654695e-01,6.314437530e-01,-5.726883852e-02,9.224493187e-03,4.850643873e-01,-1.230065227e-01,2.250000834e-02,1.978816311e+00,6.999998912e-02,0,0
1.040000000e+01,9.761874039e-02,3.099819607e-01,2.100903142e-02,1.543711878e-01,1.032376289e-01,2.862709639e+01,4.385941775e+00,1.355429817e-01,4.487907661e-16,2.211347214e-18,1.631940375e-19,1.281604300e-02,-2.821584642e-01,-2.653453112e+00,-1.498523355e+00,-1.364842296e+00,-7.829466462e-01,1.491372883e-01,6.711888955e-02,4.151667139e+00,-1.379914669e+00,-3.010564920e-01,2.887899213e-02,2.602012926e-03,6.169279411e-01,-4.417464061e-02,1.048657587e-01,6.314437530e-01,-5.726883852e-02,9.224493187e-03,4.850639403e-01,-1.230066419e-01,2.249991335e-02,1.978816194e+00,7.000002638e-02,0,0
1.041000000e+01,9.762014194e-02,3.099942504e-01,1.997991073e-02,1.543772590e-01,1.032446756e-01,2.838089348e+01,4.392576021e+00,1.355426290e-01,1.175299159e-16,8.673617380e-19,8.571370773e-20,1.302504500e-02,-2.821591794e-01,-2.653458118e+00,-1.498527884e+00,-1.364855528e+00,-7.829616666e-01,1.491433829e-01,7.114381221e-02,4.156718693e+00,-1.385256190e+00,-3.026329004e-01,2.870138342e-02,2.685618963e-03,6.169266297e-01,-4.417267788e-02,1.048667214e-01,6.314437530e-01,-5.726883852e-02,9.224493187e-03,4.850639105e-01,-1.230066940e-01,2.249992453e-02,1.978816980e+00,7.000001147e-02,0,0
1.042000000e+01,9.761732553e-02,3.099731673e-01,3.485532157e-02,1.543668438e-01,1.032338838e-01,2.930853963e+01,4.384993824e+00,1.355428755e-01,4.527063289e-16,6.133173667e-18,3.297472175e-19,1.229086800e-02,-2.821586728e-01,-2.653451204e+00,-1.498524666e+00,-1.364828229e+00,-7.829498649e-01,1.491358727e-01,6.774928531e-02,4.151773450e+00,-1.377131942e+00,-2.983287147e-01,2.932960109e-02,2.335395751e-03,6.169284758e-01,-4.417449135e-02,1.048643753e-01,6.314437530e-01,-5.726883852e-02,9.224493187e-03,4.850639701e-01,-1.230064929e-01,2.249994129e-02,1.978816587e+00,7.000003383e-02,0,0
1.043000000e+01,9.761859079e-02,3.099786262e-01,2.113304478e-02,1.543695405e-01,1.032369467e-01,2.881914968e+01,4.401815028e+00,1.355426320e-01,2.234109007e-16,5.204170428e-18,1.440653398e-19,1.252424000e-02,-2.821594179e-01,-2.653453112e+00,-1.498527765e+00,-1.364834547e+00,-7.829644084e-01,1.491460204e-01,6.307281619e-02,4.166657762e+00,-1.385265831e+00,-3.018862867e-01,2.926618347e-02,2.682114546e-03,6.169273624e-01,-4.417266932e-02,1.048652482e-01,6.314437530e-01,-5.726883852e-02,9.224493187e-03,4.850638509e-01,-1.230065376e-01,2.249994688e-02,1.978816940e+00,6.999999285e-02,0,0
1.044000000e+01,9.761766150e-02,3.099749993e-01,1.329361319e-02,1.543677488e-01,1.032336392e-01,2.853136027e+01,4.400821001e+00,1.355434002e-01,4.441984637e-16,2.949348775e-18,1.454925492e-19,1.242228900e-02,-2.821577787e-01,-2.653449535e+00,-1.498517990e+00,-1.364835739e+00,-7.829334140e-01,1.491293609e-01,6.536287102e-02,4.166084176e+00,-1.383497003e+00,-3.030005977e-01,2.854278038e-02,2.794033303e-03,6.169286597e-01,-4.417620830e-02,1.048649812e-01,6.314437530e-01,-5.726883852e-02,9.224493187e-03,4.850643873e-01,-1.230064854e-01,2.250010520e-02,1.978815054e+00,6.999998540e-02,0,0
1.045000000e+01,9.761743156e-02,3.099762538e-01,2.896523474e-02,1.543683685e-01,1.032360639e-01,2.922429697e+01,4.390730201e+00,1.355426517e-01,3.355109476e-16,2.637977740e-18,2.829850750e-19,1.176948300e-02,-2.821584940e-01,-2.653453350e+00,-1.498527527e+00,-1.364829898e+00,-7.829573750e-01,1.491377950e-01,6.518135382e-02,4.156679870e+00,-1.380582047e+00,-2.990071076e-01,2.928302695e-02,2.451882946e-03,6.169281417e-01,-4.417326535e-02,1.048642649e-01,6.314437530e-01,-5.726883852e-02,9.224493187e-03,4.850639701e-01,-1.230065748e-01,2.249989659e-02,1.978816194e+00,6.999997050e-02,0,0
1.046000000e+01,9.761780384e-02,3.099746219e-01,2.431964859e-02,1.543675624e-01,1.032332993e-01,2.892526551e+01,4.393339360e+00,1.355430301e-01,2.250883091e-16,1.226634733e-18,2.713891448e-19,1.130933800e-02,-2.821581364e-01,-2.653451920e+00,-1.498522758e+00,-1.364835739e+00,-7.829352617e-01,1.491357982e-01,6.510528621e-02,4.159489853e+00,-1.380102621e+00,-3.005027978e-01,2.904758835e-02,2.693764550e-03,6.169291342e-01,-4.417632099e-02,1.048652139e-01,6.314437530e-01,-5.726883852e-02,9.224493187e-03,4.850642979e-01,-1.230065748e-01,2.250007167e-02,1.978817216e+00,6.999998912e-02,0,0
1.047000000e+01,9.761763970e-02,3.099760081e-01,3.665325246e-02,1.543682472e-01,1.032352474e-01,2.911173072e+01,4.386408013e+00,1.355427550e-01,1.158893960e-16,1.226634733e-18,8.131516294e-20,1.290082400e-02,-2.821579874e-01,-2.653451443e+00,-1.498526216e+00,-1.364827752e+00,-7.829506993e-01,1.491321474e-01,5.764651933e-02,4.153162788e+00,-1.377750378e+00,-2.989790521e-01,2.998839703e-02,2.665121340e-03,6.169286824e-01,-4.417400659e-02,1.048646609e-01,6.314437530e-01,-5.726883852e-02,9.224493187e-03,4.850639701e-01,-1.230066046e-01,2.249993011e-02,1.978815367e+00,6.999991834e-02,0,0
1.048000000e+01,9.761929341e-02,3.099860283e-01,1.837094920e-02,1.543731972e-01,1.032397603e-01,2.866589782e+01,4.407823449e+00,1.355426945e-01,3.765788609e-17,4.848699518e-18,3.833233542e-20,1.168877200e-02,-2.821580768e-01,-2.653455496e+00,-1.498527050e+00,-1.364845514e+00,-7.829517126e-01,1.491403729e-01,6.875473923e-02,4.171710995e+00,-1.388604857e+00,-3.032036544e-01,2.905886615e-02,2.719190259e-03,6.169278832e-01,-4.417369407e-02,1.048661847e-01,6.314437530e-01,-5.726883852e-02,9.224493187e-03,4.850641191e-01,-1.230065972e-01,2.249989286e-02,1.978814425e+00,6.999994814e-02,0,0
1.049000000e+01,9.761592561e-02,3.099576496e-01,2.293159527e-02,1.543591779e-01,1.032254660e-01,2.837150239e+01,4.413646436e+00,1.355427058e-01,2.232222460e-16,5.637851297e-18,7.298259229e-20,1.308056600e-02,-2.821579576e-01,-2.653448105e+00,-1.498526812e+00,-1.364809632e+00,-7.829460502e-01,1.491412520e-01,6.516334329e-02,4.177520487e+00,-1.389496345e+00,-3.046000399e-01,2.931224410e-02,3.271350903e-03,6.169299976e-01,-4.417499838e-02,1.048632468e-01,6.314437530e-01,-5.726883852e-02,9.224493187e-03,4.850639701e-01,-1.230065748e-01,2.249990031e-02,1.978816311e+00,6.999995187e-02,0,0
1.050000000e+01,9.761833015e-02,3.099747245e-01,2.831089641e-02,1.543676130e-01,1.032330732e-01,2.851301589e+01,4.383742742e+00,1.355429490e-01,1.120777706e-16,4.165368725e-18,5.587850096e-20,1.331809800e-02,-2.821591794e-01,-2.653455496e+00,-1.498523831e+00,-1.364846706e+00,-7.829375267e-01,1.491534710e-01,7.922088712e-02,4.149424227e+00,-1.379337738e+00,-2.997138364e-01,2.810957766e-02,3.455173176e-03,6.169285060e-01,-4.417648925e-02,1.048656788e-01,6.314437530e-01,-5.726883852e-02,9.224493187e-03,4.850640595e-01,-1.230065897e-01,2.249989100e-02,1.978815918e+00,6.999997795e-02,0,0
1.051000000e+01,9.761665189e-02,3.099644758e-01,5.094954058e-02,1.543625501e-01,1.032275791e-01,2.902035903e+01,4.378629944e+00,1.355432532e-01,4.320297386e-17,4.336808690e-18,8.131516294e-20,1.240340900e-02,-2.821579874e-01,-2.653448820e+00,-1.498519897e+00,-1.364826441e+00,-7.829241157e-01,1.491341442e-01,5.409685653e-02,4.147002218e+00,-1.372094987e+00,-2.972057428e-01,2.930499716e-02,3.410371749e-03,6.169301255e-01,-4.417802320e-02,1.048644216e-01,6.314437530e-01,-5.726883852e-02,9.224493187e-03,4.850641191e-01,-1.230065972e-01,2.249996364e-02,1.978815329e+00,6.999992207e-02,0,0
1.052000000e+01,9.761981649e-02,3.099801444e-01,2.501799937e-02,1.543702905e-01,1.032333784e-01,2.830694313e+01,4.408534996e+00,1.355430418e-01,2.225759060e-16,1.734723476e-18,4.746408658e-20,1.386608300e-02,-2.821579278e-01,-2.653455734e+00,-1.498522758e+00,-1.364856482e+00,-7.829164267e-01,1.491492093e-01,6.945906663e-02,4.172763155e+00,-1.387540880e+00,-3.038023539e-01,2.874264187e-02,3.492882439e-03,6.169298050e-01,-4.417893351e-02,1.048677275e-01,6.314437530e-01,-5.726883852e-02,9.224493187e-03,4.850639701e-01,-1.230066717e-01,2.249994874e-02,1.978816075e+00,6.999995187e-02,0,0
1.053000000e+01,9.761868504e-02,3.099758338e-01,2.089244114e-02,1.543681610e-01,1.032310376e-01,2.867597078e+01,4.413943451e+00,1.355434303e-01,1.120744144e-16,9.697399036e-19,6.060874398e-20,1.214481600e-02,-2.821559310e-01,-2.653450251e+00,-1.498517752e+00,-1.364843369e+00,-7.829050422e-01,1.491283178e-01,6.520516795e-02,4.177513733e+00,-1.390582936e+00,-3.040424806e-01,2.922943098e-02,2.644723236e-03,6.169308013e-01,-4.417950572e-02,1.048668022e-01,6.314437530e-01,-5.726883852e-02,9.224493187e-03,4.850639403e-01,-1.230066419e-01,2.249991521e-02,1.978816272e+00,6.999999657e-02,0,0
1.054000000e+01,9.761790798e-02,3.099739375e-01,3.376554969e-02,1.543672242e-01,1.032306849e-01,2.902332838e+01,4.389540002e+00,1.355435146e-01,2.326664517e-16,8.673617380e-19,1.533293417e-19,1.124500800e-02,-2.821573615e-01,-2.653451681e+00,-1.498516679e+00,-1.364845753e+00,-7.829033136e-01,1.491305232e-01,5.958209049e-02,4.156577903e+00,-1.377263896e+00,-2.994032197e-01,2.941240220e-02,2.884603567e-03,6.169305792e-01,-4.418057629e-02,1.048661219e-01,6.314437530e-01,-5.726883852e-02,9.224493187e-03,4.850644171e-01,-1.230065674e-01,2.250014059e-02,1.978818041e+00,6.999996305e-02,0,0
1.055000000e+01,9.761779205e-02,3.099679894e-01,2.361565731e-02,1.543642858e-01,1.032269325e-01,2.855180676e+01,4.400623058e+00,1.355434416e-01,2.223645529e-16,2.168404345e-18,1.362012123e-19,1.321220700e-02,-2.821570337e-01,-2.653452158e+00,-1.498517632e+00,-1.364845037e+00,-7.829002738e-01,1.491418779e-01,6.569321386e-02,4.164994478e+00,-1.386089321e+00,-3.031252189e-01,2.921102552e-02,2.629335337e-03,6.169310108e-01,-4.418090640e-02,1.048661142e-01,6.314437530e-01,-5.726883852e-02,9.224493187e-03,4.850639701e-01,-1.230065301e-01,2.249990404e-02,1.978816115e+00,6.999995187e-02,0,0
1.056000000e+01,9.761796860e-02,3.099674362e-01,4.324256060e-02,1.543640126e-01,1.032254793e-01,2.869838650e+01,4.394154451e+00,1.355432958e-01,2.221208248e-16,3.469446952e-18,6.527761501e-19,1.103423600e-02,-2.821558416e-01,-2.653450251e+00,-1.498519540e+00,-1.364837766e+00,-7.828888297e-01,1.491310447e-01,6.650083642e-02,4.158335513e+00,-1.385659880e+00,-3.025112680e-01,2.909061163e-02,2.026004021e-03,6.169326822e-01,-4.418218922e-02,1.048667235e-01,6.314437530e-01,-5.726883852e-02,9.224493187e-03,4.850638211e-01,-1.230066344e-01,2.249994315e-02,1.978816783e+00,6.999999657e-02,0,0
1.057000000e+01,9.761812742e-02,3.099721158e-01,3.058233164e-02,1.543663243e-01,1.032279439e-01,2.878768424e+01,4.366897774e+00,1.355436258e-01,2.374813630e-16,1.226634733e-18,7.666467083e-20,1.315078700e-02,-2.821572423e-01,-2.653453827e+00,-1.498515368e+00,-1.364855409e+00,-7.828822136e-01,1.491369158e-01,6.685703553e-02,4.134091961e+00,-1.373110475e+00,-2.971720945e-01,2.926916153e-02,3.105912681e-03,6.169317316e-01,-4.418369141e-02,1.048669469e-01,6.314437530e-01,-5.726883852e-02,9.224493187e-03,4.850637615e-01,-1.230063289e-01,2.249997109e-02,1.978817845e+00,7.000002638e-02,0,0
1.058000000e+01,9.761455774e-02,3.099391717e-01,3.735380498e-02,1.543500497e-01,1.032126669e-01,2.887670059e+01,4.406792884e+00,1.355434504e-01,4.470826995e-16,2.742838647e-18,1.533293417e-19,1.249949000e-02,-2.821589410e-01,-2.653442383e+00,-1.498517394e+00,-1.364803910e+00,-7.828978896e-01,1.491382122e-01,5.573196046e-02,4.171112334e+00,-1.387726495e+00,-3.030599242e-01,3.006785632e-02,2.271027564e-03,6.169330432e-01,-4.418301959e-02,1.048634106e-01,6.314437530e-01,-5.726883852e-02,9.224493187e-03,4.850644469e-01,-1.230065674e-01,2.250016667e-02,1.978815958e+00,6.999988481e-02,0,0
1.059000000e+01,9.761812374e-02,3.099595756e-01,1.058672791e-02,1.543601294e-01,1.032169375e-01,2.844362690e+01,4.426456220e+00,1.355442414e-01,2.224457362e-16,1.212174880e-18,5.749850313e-20,1.123904700e-02,-2.821543813e-01,-2.653446913e+00,-1.498507619e+00,-1.364849091e+00,-7.828329802e-01,1.491272748e-01,6.580586264e-02,4.189509698e+00,-1.393774379e+00,-3.062114948e-01,2.849625038e-02,2.866006851e-03,6.169353571e-01,-4.418960502e-02,1.048683021e-01,6.314437530e-01,-5.726883852e-02,9.224493187e-03,4.850640595e-01,-1.230066419e-01,2.249985933e-02,1.978815250e+00,6.999994442e-02,0,0
1.060000000e+01,9.761666196e-02,3.099542812e-01,2.740122828e-02,1.543575139e-01,1.032155636e-01,2.899864764e+01,4.394122746e+00,1.355441067e-01,5.651632178e-16,1.939479807e-18,1.092639671e-19,1.176073200e-02,-2.821543515e-01,-2.653446198e+00,-1.498509288e+00,-1.364837289e+00,-7.828397751e-01,1.491229832e-01,6.638391721e-02,4.159704506e+00,-1.381876785e+00,-3.005334031e-01,2.926383849e-02,2.482141600e-03,6.169355224e-01,-4.418871435e-02,1.048667134e-01,6.314437530e-01,-5.726883852e-02,9.224493187e-03,4.850640297e-01,-1.230065450e-01,2.249995060e-02,1.978816940e+00,7.000000030e-02,0,0
1.061000000e+01,9.761810827e-02,3.099524032e-01,1.984385716e-02,1.543565861e-01,1.032112669e-01,2.845101878e+01,4.410765989e+00,1.355445082e-01,3.336942503e-16,1.246832498e-18,2.032879073e-20,1.201926500e-02,-2.821525633e-01,-2.653447866e+00,-1.498504281e+00,-1.364856720e+00,-7.828145623e-01,1.491419971e-01,6.673158314e-02,4.174731001e+00,-1.388655850e+00,-3.047256849e-01,2.819824442e-02,2.571887351e-03,6.169361659e-01,-4.419118773e-02,1.048686254e-01,6.314437530e-01,-5.726883852e-02,9.224493187e-03,4.850639403e-01,-1.230065599e-01,2.249987051e-02,1.978817609e+00,7.000003010e-02,0,0
1.062000000e+01,9.761730590e-02,3.099578222e-01,2.978486542e-02,1.543592632e-01,1.032137928e-01,2.903923198e+01,4.386252617e+00,1.355449390e-01,2.224913888e-16,9.263427422e-18,1.818262319e-19,1.119168800e-02,-2.821500599e-01,-2.653444529e+00,-1.498498797e+00,-1.364851952e+00,-7.827935219e-01,1.491069049e-01,6.320836912e-02,4.152960051e+00,-1.377587654e+00,-2.992058032e-01,2.933632542e-02,2.656385183e-03,6.169375341e-01,-4.419285595e-02,1.048682421e-01,6.314437530e-01,-5.726883852e-02,9.224493187e-03,4.850637317e-01,-1.230064034e-01,2.249995247e-02,1.978817216e+00,7.000004873e-02,0,0
1.063000000e+01,9.761771379e-02,3.099584090e-01,3.871396328e-02,1.543595531e-01,1.032135532e-01,2.916798343e+01,4.384722690e+00,1.355449423e-01,6.670508026e-16,8.673617380e-19,3.066586833e-19,1.269903100e-02,-2.821504772e-01,-2.653446674e+00,-1.498498797e+00,-1.364860058e+00,-7.827900648e-01,1.491159052e-01,6.390617459e-02,4.151810743e+00,-1.376234129e+00,-2.987712370e-01,2.975518587e-02,2.572445400e-03,6.169374188e-01,-4.419355332e-02,1.048687362e-01,6.314437530e-01,-5.726883852e-02,9.224493187e-03,4.850641489e-01,-1.230064109e-01,2.249994315e-02,1.978817452e+00,7.000001520e-02,0,0
1.064000000e+01,9.761585375e-02,3.099475317e-01,2.467604327e-02,1.543541796e-01,1.032083437e-01,2.888910801e+01,4.372604398e+00,1.355451900e-01,2.221885539e-16,1.563658610e-18,3.263880751e-19,1.114798700e-02,-2.821503282e-01,-2.653442144e+00,-1.498495579e+00,-1.364843845e+00,-7.827826738e-01,1.491057128e-01,5.812091366e-02,4.140808805e+00,-1.371289124e+00,-2.978710272e-01,2.871354722e-02,2.853292396e-03,6.169383554e-01,-4.419473155e-02,1.048671410e-01,6.314437530e-01,-5.726883852e-02,9.224493187e-03,4.850645065e-01,-1.230064929e-01,2.250016108e-02,1.978817216e+00,7.000001147e-02,0,0
1.065000000e+01,9.761674668e-02,3.099509771e-01,1.621992005e-02,1.543558817e-01,1.032088251e-01,2.865197310e+01,4.385915974e+00,1.355450174e-01,3.348521857e-16,6.133173667e-19,2.710505431e-20,1.255633100e-02,-2.821481526e-01,-2.653442860e+00,-1.498497844e+00,-1.364846110e+00,-7.827758193e-01,1.491038948e-01,6.829812637e-02,4.151516130e+00,-1.380308590e+00,-3.007197269e-01,2.858366334e-02,2.633711791e-03,6.169392691e-01,-4.419455411e-02,1.048681666e-01,6.314437530e-01,-5.726883852e-02,9.224493187e-03,4.850639999e-01,-1.230066046e-01,2.249992639e-02,1.978815682e+00,7.000003010e-02,0,0
1.066000000e+01,9.761741654e-02,3.099534095e-01,3.500110045e-02,1.543570833e-01,1.032091467e-01,2.872536241e+01,4.389705219e+00,1.355451252e-01,2.009080162e-16,1.563658610e-18,1.117570019e-19,1.235243800e-02,-2.821486294e-01,-2.653445482e+00,-1.498496532e+00,-1.364858985e+00,-7.827673554e-01,1.491124332e-01,5.417641142e-02,4.155670328e+00,-1.380566054e+00,-3.001759839e-01,3.004078198e-02,3.201055690e-03,6.169391740e-01,-4.419597269e-02,1.048690298e-01,6.314437530e-01,-5.726883852e-02,9.224493187e-03,4.850636423e-01,-1.230063811e-01,2.250004187e-02,1.978818080e+00,7.000005990e-02,0,0
1.067000000e+01,9.761820271e-02,3.099531919e-01,1.464132610e-02,1.543569758e-01,1.032090304e-01,2.862568240e+01,4.413032935e+00,1.355451124e-01,3.367877506e-16,1.748223473e-18,9.866388697e-20,1.118835800e-02,-2.821490765e-01,-2.653444290e+00,-1.498496652e+00,-1.364859104e+00,-7.827780247e-01,1.491208673e-01,7.563895956e-02,4.176545060e+00,-1.390125247e+00,-3.038667747e-01,2.861414136e-02,2.793924452e-03,6.169382982e-01,-4.419455598e-02,1.048695057e-01,6.314437530e-01,-5.726883852e-02,9.224493187e-03,4.850638211e-01,-1.230065152e-01,2.249991335e-02,1.978815839e+00,6.999997795e-02,0,0
1.068000000e+01,9.761602271e-02,3.099435386e-01,2.400455458e-02,1.543522070e-01,1.032054087e-01,2.890811396e+01,4.380733747e+00,1.355453751e-01,2.551901465e-16,6.075403083e-18,3.547035801e-19,1.266159200e-02,-2.821488380e-01,-2.653439045e+00,-1.498493195e+00,-1.364839435e+00,-7.827785015e-01,1.491057873e-01,6.093655636e-02,4.147697894e+00,-1.376028788e+00,-2.990128610e-01,2.908513575e-02,2.685934696e-03,6.169386915e-01,-4.419445527e-02,1.048673266e-01,6.314437530e-01,-5.726883852e-02,9.224493187e-03,4.850640297e-01,-1.230066195e-01,2.249989100e-02,1.978815210e+00,6.999998912e-02,0,0
1.069000000e+01,9.761802150e-02,3.099509365e-01,2.476137988e-02,1.543558616e-01,1.032069800e-01,2.845780907e+01,4.431088824e+00,1.355452070e-01,2.228090070e-16,1.852685484e-18,1.117570019e-19,1.295951400e-02,-2.821480930e-01,-2.653441429e+00,-1.498495460e+00,-1.364852309e+00,-7.827662826e-01,1.491100937e-01,2.832278729e-02,4.193069758e+00,-1.398872625e+00,-3.067646382e-01,3.090688984e-02,2.754799294e-03,6.169395255e-01,-4.419588194e-02,1.048696881e-01,6.314437530e-01,-5.726883852e-02,9.224493187e-03,4.850638807e-01,-1.230066791e-01,2.249989100e-02,1.978815526e+00,6.999997422e-02,0,0
1.070000000e+01,9.761325959e-02,3.099240303e-01,3.276855557e-02,1.543425697e-01,1.031947695e-01,2.870547295e+01,4.391166305e+00,1.355454396e-01,4.466104463e-16,6.562782414e-18,1.355252716e-19,1.128682800e-02,-2.821460664e-01,-2.653434277e+00,-1.498492360e+00,-1.364814043e+00,-7.827599645e-01,1.490972787e-01,6.028517732e-02,4.157367522e+00,-1.379884432e+00,-3.001086179e-01,2.907264624e-02,3.326052383e-03,6.169414284e-01,-4.419601250e-02,1.048651344e-01,6.314437530e-01,-5.726883852e-02,9.224493187e-03,4.850642979e-01,-1.230064780e-01,2.250000276e-02,1.978816154e+00,6.999997795e-02,0,0
1.071000000e+01,9.761678806e-02,3.099477066e-01,3.895750211e-02,1.543542660e-01,1.032066206e-01,2.872272208e+01,4.420579003e+00,1.355450464e-01,5.571602619e-16,3.157244383e-18,1.355252716e-20,1.357304000e-02,-2.821474373e-01,-2.653443575e+00,-1.498497486e+00,-1.364848614e+00,-7.827739716e-01,1.491135955e-01,1.024454979e-01,4.184302585e+00,-1.389194708e+00,-3.033201725e-01,2.753007204e-02,3.543177312e-03,6.169392809e-01,-4.419435718e-02,1.048681837e-01,6.314437530e-01,-5.726883852e-02,9.224493187e-03,4.850640893e-01,-1.230064407e-01,2.249987423e-02,1.978817412e+00,6.999995932e-02,0,0
1.072000000e+01,9.761538177e-02,3.099377538e-01,1.330935326e-02,1.543493493e-01,1.031993039e-01,2.837092878e+01,4.399677011e+00,1.355457025e-01,1.172703863e-16,2.211347214e-18,1.355252716e-20,1.133375800e-02,-2.821437418e-01,-2.653436899e+00,-1.498489141e+00,-1.364836335e+00,-7.827368975e-01,1.490908116e-01,6.315074709e-02,4.163547395e+00,-1.387590669e+00,-3.029445521e-01,2.916212119e-02,3.028247277e-03,6.169420407e-01,-4.419784873e-02,1.048676441e-01,6.314437530e-01,-5.726883852e-02,9.224493187e-03,4.850637615e-01,-1.230063662e-01,2.250002883e-02,1.978817609e+00,7.000000030e-02,0,0
1.073000000e+01,9.761560047e-02,3.099233073e-01,7.319097576e-02,1.543422126e-01,1.031879155e-01,2.976191171e+01,4.391045794e+00,1.355459857e-01,6.337085182e-17,4.906538933e-18,8.690541527e-19,1.314097600e-02,-2.821438015e-01,-2.653438091e+00,-1.498485684e+00,-1.364847302e+00,-7.826998830e-01,1.491173953e-01,5.844684537e-02,4.156598217e+00,-1.382113298e+00,-2.989144771e-01,3.113974210e-02,1.293974253e-03,6.169441948e-01,-4.420352189e-02,1.048689691e-01,6.314437530e-01,-5.726883852e-02,9.224493187e-03,4.850643575e-01,-1.230064780e-01,2.250001580e-02,1.978816547e+00,6.999994814e-02,0,0
1.074000000e+01,9.761598661e-02,3.099365243e-01,2.972781488e-02,1.543487419e-01,1.031965525e-01,2.910390678e+01,4.380484656e+00,1.355460275e-01,3.334292404e-16,3.634908046e-18,1.735570302e-19,1.251580000e-02,-2.821434736e-01,-2.653438330e+00,-1.498485088e+00,-1.364850044e+00,-7.827149034e-01,1.490997374e-01,7.075710584e-02,4.148163351e+00,-1.373562803e+00,-2.981294246e-01,2.857849469e-02,2.720490441e-03,6.169427211e-01,-4.420085467e-02,1.048687754e-01,6.314437530e-01,-5.726883852e-02,9.224493187e-03,4.850642681e-01,-1.230065748e-01,2.250001021e-02,1.978817255e+00,6.999999657e-02,0,0
1.075000000e+01,9.761732175e-02,3.099373516e-01,1.856208328e-02,1.543491505e-01,1.031950312e-01,2.855782817e+01,4.407654262e+00,1.355461165e-01,6.671974038e-16,0.000000000e+00,6.060874398e-20,1.219113700e-02,-2.821423411e-01,-2.653439283e+00,-1.498484015e+00,-1.364860654e+00,-7.827053666e-01,1.491115540e-01,6.672357326e-02,4.171882868e+00,-1.387697086e+00,-3.029968236e-01,2.893599978e-02,3.134802069e-03,6.169429708e-01,-4.420150490e-02,1.048702647e-01,6.314437530e-01,-5.726883852e-02,9.224493187e-03,4.850641191e-01,-1.230064109e-01,2.249989286e-02,1.978817137e+00,6.999995932e-02,0,0
1.076000000e+01,9.761524143e-02,3.099311085e-01,3.391641998e-02,1.543460664e-01,1.031921268e-01,2.921442357e+01,4.372002227e+00,1.355464504e-01,6.992893893e-18,2.682168046e-18,3.804375664e-19,1.160064100e-02,-2.821408510e-01,-2.653434515e+00,-1.498479724e+00,-1.364844203e+00,-7.826890349e-01,1.490853131e-01,5.324245328e-02,4.140407615e+00,-1.371062259e+00,-2.965097133e-01,2.926613655e-02,2.695016912e-03,6.169445827e-01,-4.420324472e-02,1.048686236e-01,6.314437530e-01,-5.726883852e-02,9.224493187e-03,4.850638807e-01,-1.230063438e-01,2.249997482e-02,1.978818473e+00,7.000008970e-02,0,0
1.077000000e+01,9.761401311e-02,3.099228728e-01,2.171971747e-02,1.543419979e-01,1.031876307e-01,2.839664318e+01,4.397883429e+00,1.355466999e-01,1.112137024e-15,1.563658610e-18,1.648736088e-19,1.151636100e-02,-2.821389437e-01,-2.653430700e+00,-1.498476505e+00,-1.364832401e+00,-7.826800942e-01,1.490772069e-01,5.177362020e-02,4.164154491e+00,-1.380573020e+00,-3.027812946e-01,2.910005263e-02,3.215124227e-03,6.169455313e-01,-4.420352885e-02,1.048675526e-01,6.314437530e-01,-5.726883852e-02,9.224493187e-03,4.850644469e-01,-1.230065227e-01,2.250040509e-02,1.978815839e+00,6.999993697e-02,0,0
1.078000000e+01,9.761259638e-02,3.099153417e-01,1.262497708e-02,1.543382775e-01,1.031843933e-01,2.853052679e+01,4.405906188e+00,1.355467768e-01,1.146624661e-16,2.717002857e-18,4.285685386e-20,1.268514100e-02,-2.821368575e-01,-2.653424740e+00,-1.498475432e+00,-1.364810109e+00,-7.826817036e-01,1.490601152e-01,1.503445387e-01,4.168343909e+00,-1.386303590e+00,-3.030324713e-01,2.528412052e-02,3.050541794e-03,6.169464016e-01,-4.420224926e-02,1.048660637e-01,6.314437530e-01,-5.726883852e-02,9.224493187e-03,4.850641191e-01,-1.230064780e-01,2.249993384e-02,1.978816272e+00,6.999998540e-02,0,0
1.079000000e+01,9.761440973e-02,3.099121379e-01,1.132563693e-02,1.543366948e-01,1.031777231e-01,2.829882541e+01,4.391581260e+00,1.355470870e-01,2.236515410e-16,1.212174880e-18,5.679543822e-20,1.112836700e-02,-2.821356654e-01,-2.653432369e+00,-1.498471737e+00,-1.364846468e+00,-7.826385498e-01,1.490981132e-01,5.713357175e-02,4.157260674e+00,-1.381272215e+00,-3.019788458e-01,2.812513554e-02,3.198513673e-03,6.169478805e-01,-4.420776980e-02,1.048688927e-01,6.314437530e-01,-5.726883852e-02,9.224493187e-03,4.850639105e-01,-1.230066642e-01,2.250010706e-02,1.978817805e+00,7.000001520e-02,0,0
1.080000000e+01,9.761413974e-02,3.099152087e-01,3.057564248e-02,1.543382118e-01,1.031811681e-01,2.875877512e+01,4.398952744e+00,1.355467177e-01,4.456391166e-16,2.168404345e-18,9.772866315e-20,1.120351700e-02,-2.821370363e-01,-2.653431892e+00,-1.498476386e+00,-1.364836574e+00,-7.826578617e-01,1.490902156e-01,6.196834647e-02,4.163804370e+00,-1.384729736e+00,-3.021717157e-01,2.979083508e-02,2.580209818e-03,6.169472890e-01,-4.420584709e-02,1.048682649e-01,6.314437530e-01,-5.726883852e-02,9.224493187e-03,4.850642383e-01,-1.230064705e-01,2.250000648e-02,1.978818080e+00,6.999998167e-02,0,0
1.081000000e+01,9.761399762e-02,3.099026972e-01,2.032319563e-02,1.543320309e-01,1.031705014e-01,2.811593430e+01,4.401605572e+00,1.355473549e-01,1.163817176e-16,1.788112031e-18,3.388131789e-20,1.397115400e-02,-2.821340263e-01,-2.653431177e+00,-1.498468399e+00,-1.364846706e+00,-7.826116085e-01,1.491027474e-01,6.524230287e-02,4.166597773e+00,-1.384325394e+00,-3.036430420e-01,2.774844955e-02,3.490485725e-03,6.169497714e-01,-4.421093329e-02,1.048691906e-01,6.314437530e-01,-5.726883852e-02,9.224493187e-03,4.850642979e-01,-1.230065748e-01,2.250011452e-02,1.978815918e+00,6.999998540e-02,0,0
1.082000000e+01,9.761508206e-02,3.099195039e-01,2.003191620e-02,1.543403336e-01,1.031799404e-01,2.850259490e+01,4.414224437e+00,1.355473347e-01,2.239070429e-16,8.677851511e-19,1.092639671e-19,1.378678300e-02,-2.821335793e-01,-2.653429747e+00,-1.498468637e+00,-1.364847302e+00,-7.826169133e-01,1.490731537e-01,5.029719705e-02,4.177833559e+00,-1.391032182e+00,-3.044388630e-01,2.987148204e-02,2.909733035e-03,6.169494003e-01,-4.420982589e-02,1.048700899e-01,6.314437530e-01,-5.726883852e-02,9.224493187e-03,4.850642085e-01,-1.230064780e-01,2.249999158e-02,1.978818041e+00,6.999998540e-02,0,0
1.083000000e+01,9.761576563e-02,3.099207139e-01,3.439344101e-02,1.543409314e-01,1.031778444e-01,2.929325070e+01,4.396338652e+00,1.355479677e-01,1.504816373e-17,6.314488766e-18,1.084202172e-19,1.115071600e-02,-2.821309865e-01,-2.653429031e+00,-1.498460650e+00,-1.364861012e+00,-7.825856209e-01,1.490698606e-01,8.187404485e-02,4.162197617e+00,-1.380743156e+00,-2.998563319e-01,2.881584098e-02,2.312186811e-03,6.169504475e-01,-4.421273336e-02,1.048713432e-01,6.314437530e-01,-5.726883852e-02,9.224493187e-03,4.850640893e-01,-1.230064183e-01,2.249994315e-02,1.978816075e+00,7.000001892e-02,0,0
1.084000000e+01,9.761538002e-02,3.099223535e-01,3.595162839e-02,1.543417414e-01,1.031796532e-01,2.937364038e+01,4.384249709e+00,1.355478542e-01,2.259473165e-16,0.000000000e+00,1.533293417e-19,1.215966700e-02,-2.821318805e-01,-2.653429508e+00,-1.498462081e+00,-1.364858389e+00,-7.825914621e-01,1.490651369e-01,5.675608731e-02,4.151528997e+00,-1.376112988e+00,-2.977689890e-01,2.953333134e-02,2.387444891e-03,6.169502155e-01,-4.421243833e-02,1.048708742e-01,6.314437530e-01,-5.726883852e-02,9.224493187e-03,4.850641489e-01,-1.230064407e-01,2.249990217e-02,1.978815879e+00,6.999997050e-02,0,0
1.085000000e+01,9.761536080e-02,3.099168661e-01,2.090751205e-02,1.543390305e-01,1.031760927e-01,2.868544094e+01,4.408610252e+00,1.355478720e-01,4.451526570e-16,1.152522718e-18,3.833233542e-20,1.157502100e-02,-2.821305096e-01,-2.653427601e+00,-1.498461843e+00,-1.364853024e+00,-7.825894356e-01,1.490695029e-01,6.294132074e-02,4.173043360e+00,-1.387375055e+00,-3.031783879e-01,2.927964042e-02,2.808580272e-03,6.169506883e-01,-4.421198630e-02,1.048708645e-01,6.314437530e-01,-5.726883852e-02,9.224493187e-03,4.850639105e-01,-1.230064109e-01,2.249995060e-02,1.978819181e+00,7.000001520e-02,0,0
1.086000000e+01,9.761450209e-02,3.099129092e-01,3.163487789e-02,1.543370758e-01,1.031734784e-01,2.847490622e+01,4.392772816e+00,1.355482283e-01,1.360403729e-17,1.939479807e-18,1.092639671e-19,1.278164200e-02,-2.821301520e-01,-2.653425932e+00,-1.498457313e+00,-1.364851713e+00,-7.825727463e-01,1.490616351e-01,1.894167409e-02,4.158991757e+00,-1.381020953e+00,-3.011859378e-01,3.063315963e-02,3.400502063e-03,6.169515430e-01,-4.421426860e-02,1.048704292e-01,6.314437530e-01,-5.726883852e-02,9.224493187e-03,4.850642681e-01,-1.230064407e-01,2.250012383e-02,1.978816587e+00,7.000000030e-02,0,0
1.087000000e+01,9.761547860e-02,3.099077563e-01,2.645490864e-02,1.543345302e-01,1.031688909e-01,2.828944593e+01,4.413893613e+00,1.355481127e-01,3.344700266e-16,3.127317221e-18,1.626656151e-19,1.200098500e-02,-2.821297348e-01,-2.653428316e+00,-1.498458862e+00,-1.364860654e+00,-7.825663090e-01,1.490867883e-01,7.124270404e-02,4.177629229e+00,-1.389724355e+00,-3.043548345e-01,2.858442298e-02,3.550824383e-03,6.169519146e-01,-4.421498515e-02,1.048715799e-01,6.314437530e-01,-5.726883852e-02,9.224493187e-03,4.850639403e-01,-1.230066642e-01,2.249995433e-02,1.978818080e+00,6.999995932e-02,0,0
1.088000000e+01,9.761562886e-02,3.099158910e-01,2.309800871e-02,1.543385488e-01,1.031740060e-01,2.870692813e+01,4.383919882e+00,1.355481113e-01,7.773467973e-16,3.634908046e-18,4.886433157e-20,1.178681300e-02,-2.821297348e-01,-2.653428555e+00,-1.498458862e+00,-1.364861846e+00,-7.825712562e-01,1.490732133e-01,6.214098485e-02,4.149768760e+00,-1.379620387e+00,-3.001455850e-01,2.939133967e-02,2.761851769e-03,6.169514378e-01,-4.421417705e-02,1.048715507e-01,6.314437530e-01,-5.726883852e-02,9.224493187e-03,4.850639701e-01,-1.230064183e-01,2.249990962e-02,1.978816980e+00,7.000000775e-02,0,0
1.089000000e+01,9.761507453e-02,3.099032749e-01,9.737373913e-03,1.543323164e-01,1.031667699e-01,2.819766123e+01,4.413741501e+00,1.355479530e-01,2.222833399e-16,6.600512054e-19,2.142842693e-20,1.330094800e-02,-2.821295559e-01,-2.653428316e+00,-1.498460889e+00,-1.364855409e+00,-7.825703025e-01,1.490921527e-01,7.296723160e-02,4.177011665e+00,-1.390773385e+00,-3.054694374e-01,2.814110047e-02,3.043252274e-03,6.169520981e-01,-4.421438498e-02,1.048711134e-01,6.314437530e-01,-5.726883852e-02,9.224493187e-03,4.850639105e-01,-1.230065227e-01,2.249993943e-02,1.978816390e+00,7.000001147e-02,0,0
1.090000000e+01,9.761597748e-02,3.099030316e-01,1.193541586e-02,1.543321961e-01,1.031642240e-01,2.833325078e+01,4.414373674e+00,1.355480264e-01,4.459740932e-16,4.607859233e-18,6.247406331e-20,1.199577500e-02,-2.821287811e-01,-2.653428078e+00,-1.498460054e+00,-1.364860892e+00,-7.825487256e-01,1.490925699e-01,6.801518498e-02,4.177313774e+00,-1.392230540e+00,-3.049131923e-01,2.883494730e-02,3.018738096e-03,6.169536370e-01,-4.421726463e-02,1.048726611e-01,6.314437530e-01,-5.726883852e-02,9.224493187e-03,4.850639999e-01,-1.230063811e-01,2.249994501e-02,1.978816901e+00,6.999998167e-02,0,0
1.091000000e+01,9.761306088e-02,3.099008353e-01,2.243233423e-02,1.543311112e-01,1.031659453e-01,2.856600518e+01,4.394930502e+00,1.355486208e-01,6.664731062e-16,1.578622192e-18,1.183423557e-19,1.267390200e-02,-2.821270525e-01,-2.653421879e+00,-1.498452306e+00,-1.364840984e+00,-7.825512886e-01,1.490555853e-01,5.981870072e-02,4.160704019e+00,-1.381596961e+00,-3.012246396e-01,2.865241776e-02,3.240237912e-03,6.169533042e-01,-4.421573237e-02,1.048694249e-01,6.314437530e-01,-5.726883852e-02,9.224493187e-03,4.850644171e-01,-1.230064481e-01,2.250020579e-02,1.978816783e+00,6.999995932e-02,0,0
1.092000000e+01,9.761512386e-02,3.099081575e-01,2.841024411e-02,1.543347284e-01,1.031667321e-01,2.904487573e+01,4.391090566e+00,1.355488380e-01,1.058643338e-16,5.094885082e-18,1.212174880e-19,1.281557300e-02,-2.821264267e-01,-2.653424740e+00,-1.498449683e+00,-1.364863396e+00,-7.825270295e-01,1.490626484e-01,5.900705560e-02,4.157665477e+00,-1.378984105e+00,-2.992705430e-01,2.905582899e-02,2.837714245e-03,6.169540206e-01,-4.421883073e-02,1.048720617e-01,6.314437530e-01,-5.726883852e-02,9.224493187e-03,4.850640595e-01,-1.230064332e-01,2.249989100e-02,1.978815486e+00,6.999994814e-02,0,0
1.093000000e+01,9.761379774e-02,3.098975210e-01,1.452982198e-02,1.543294739e-01,1.031612133e-01,2.858313638e+01,4.406400730e+00,1.355485833e-01,2.303265989e-16,4.336808690e-19,6.776263578e-20,1.262248100e-02,-2.821243703e-01,-2.653420925e+00,-1.498452902e+00,-1.364840984e+00,-7.825257778e-01,1.490551531e-01,6.464829158e-02,4.170940181e+00,-1.386627702e+00,-3.031025030e-01,2.880941853e-02,2.916180648e-03,6.169557215e-01,-4.421819802e-02,1.048708796e-01,6.314437530e-01,-5.726883852e-02,9.224493187e-03,4.850639403e-01,-1.230065227e-01,2.249992825e-02,1.978816626e+00,6.999999285e-02,0,0
1.094000000e+01,9.761379212e-02,3.098909016e-01,3.287178660e-02,1.543262038e-01,1.031566347e-01,2.865434480e+01,4.390441152e+00,1.355489705e-01,2.222020972e-16,2.682168046e-18,1.084202172e-19,1.232219800e-02,-2.821272016e-01,-2.653422832e+00,-1.498448014e+00,-1.364855170e+00,-7.825114727e-01,1.490761936e-01,6.569904526e-02,4.156216571e+00,-1.380430817e+00,-3.017389652e-01,2.963639744e-02,2.646318544e-03,6.169554461e-01,-4.422183852e-02,1.048713288e-01,6.314437530e-01,-5.726883852e-02,9.224493187e-03,4.850643575e-01,-1.230064705e-01,2.250009030e-02,1.978816665e+00,7.000000030e-02,0,0
1.095000000e+01,9.761049988e-02,3.098787846e-01,1.749753076e-02,1.543202179e-01,1.031523232e-01,2.853676680e+01,4.390897334e+00,1.355492549e-01,2.242578828e-16,1.167721477e-18,3.030437199e-20,1.154685100e-02,-2.821235359e-01,-2.653411388e+00,-1.498444200e+00,-1.364812493e+00,-7.825124264e-01,1.490335613e-01,6.237376455e-02,4.156164214e+00,-1.382210656e+00,-3.017140048e-01,2.902838743e-02,2.766244649e-03,6.169570111e-01,-4.421985417e-02,1.048679352e-01,6.314437530e-01,-5.726883852e-02,9.224493187e-03,4.850640893e-01,-1.230064631e-01,2.249990590e-02,1.978816430e+00,6.999997422e-02,0,0
1.096000000e+01,9.761406403e-02,3.099050369e-01,3.066431943e-02,1.543331868e-01,1.031661062e-01,2.917741916e+01,4.396249073e+00,1.355487685e-01,4.523713482e-16,2.622335210e-18,3.263880751e-19,1.242755900e-02,-2.821258008e-01,-2.653422594e+00,-1.498450518e+00,-1.364850760e+00,-7.825316787e-01,1.490523517e-01,6.375348416e-02,4.162339151e+00,-1.381086709e+00,-2.993678154e-01,2.906820736e-02,2.766076642e-03,6.169543494e-01,-4.421790230e-02,1.048709032e-01,6.314437530e-01,-5.726883852e-02,9.224493187e-03,4.850640297e-01,-1.230064556e-01,2.249989286e-02,1.978817255e+00,6.999995932e-02,0,0
1.097000000e+01,9.761388658e-02,3.099015471e-01,4.841782284e-02,1.543314628e-01,1.031640470e-01,2.850004362e+01,4.419332542e+00,1.355488589e-01,2.565573330e-16,2.742838647e-18,2.235140038e-19,1.118093700e-02,-2.821251154e-01,-2.653418779e+00,-1.498449326e+00,-1.364841104e+00,-7.825303078e-01,1.490453333e-01,6.089490111e-02,4.181815167e+00,-1.394410687e+00,-3.064974511e-01,2.978980949e-02,2.134119484e-03,6.169548238e-01,-4.421779369e-02,1.048707791e-01,6.314437530e-01,-5.726883852e-02,9.224493187e-03,4.850639999e-01,-1.230066121e-01,2.249991894e-02,1.978816154e+00,6.999997422e-02,0,0
1.098000000e+01,9.761262308e-02,3.098886009e-01,7.594918722e-03,1.543250672e-01,1.031562468e-01,2.850312891e+01,4.410225936e+00,1.355491874e-01,3.334800033e-16,1.067815303e-18,3.601633495e-20,1.248652000e-02,-2.821234763e-01,-2.653418064e+00,-1.498445153e+00,-1.364839435e+00,-7.825135589e-01,1.490561366e-01,7.201591428e-02,4.174267981e+00,-1.388281929e+00,-3.037835138e-01,2.781996393e-02,2.872940941e-03,6.169557765e-01,-4.421930542e-02,1.048698402e-01,6.314437530e-01,-5.726883852e-02,9.224493187e-03,4.850643873e-01,-1.230064705e-01,2.250013314e-02,1.978815918e+00,6.999997795e-02,0,0
1.099000000e+01,9.761447536e-02,3.098958080e-01,3.227182708e-02,1.543286276e-01,1.031571908e-01,2.875192834e+01,4.395923186e+00,1.355491716e-01,6.692413887e-16,6.087001063e-18,0.000000000e+00,1.121590800e-02,-2.821225822e-01,-2.653420925e+00,-1.498445511e+00,-1.364856124e+00,-7.824912071e-01,1.490589231e-01,6.356567850e-02,4.161408999e+00,-1.382265651e+00,-3.020499709e-01,2.960210082e-02,2.531518402e-03,6.169570228e-01,-4.422213023e-02,1.048723047e-01,6.314437530e-01,-5.726883852e-02,9.224493187e-03,4.850641787e-01,-1.230065525e-01,2.250008471e-02,1.978817137e+00,6.999996305e-02,0,0
