t,pos_err,ori_err,e_xi_norm,e_z_O_norm,e_z_T_norm,qddot_ref_norm,tau_norm,sigma_min,c0,c1,c2,runtime,q1,q2,q3,q4,q5,q6,tau1,tau2,tau3,tau4,tau5,tau6,px,py,pz,pd_x,pd_y,pd_z,cube_x,cube_y,cube_z,cube_yaw,gripper_width,tau_sat,governed
0.000000000e+00,3.289203264e-08,5.960464478e-08,0.000000000e+00,3.674056632e-08,1.724734701e-08,5.058832385e-06,5.897156275e+00,1.360300347e-01,5.738369816e-17,0.000000000e+00,0.000000000e+00,1.195124100e-02,-2.762899995e-01,-2.493962049e+00,-1.490350008e+00,-8.564509749e-01,-6.929559708e-01,4.826100171e-02,1.485781753e-08,5.403264576e+00,-2.277569447e+00,-6.272337501e-01,-2.095873099e-02,1.285177699e-04,6.314248239e-01,-5.728085327e-02,8.922459268e-02,6.314248234e-01,-5.728084916e-02,8.922462531e-02,4.846000075e-01,-1.231999993e-01,2.338228002e-02,1.977458018e+00,6.999995187e-02,0,0
1.000000000e-02,6.914986072e-05,1.214676196e-04,5.289017639e-02,6.073381156e-05,4.836231846e-05,2.314357535e+00,6.299259017e+00,1.360339292e-01,1.338550224e-16,4.470280077e-18,5.092577355e-19,1.146189700e-02,-2.762974799e-01,-2.493824005e+00,-1.490298748e+00,-8.564511538e-01,-6.930545568e-01,4.827229679e-02,-1.672158204e-02,5.775437540e+00,-2.421927238e+00,-6.770955551e-01,-2.271006138e-02,-3.082077506e-04,6.314136012e-01,-5.726805796e-02,8.928945557e-02,6.314248239e-01,-5.728084883e-02,8.922243208e-02,4.845999777e-01,-1.231999248e-01,2.250103466e-02,1.977458018e+00,6.999954954e-02,0,0
2.000000000e-02,2.218715304e-04,2.871347436e-04,3.979981814e-02,1.435673722e-04,7.465800765e-05,1.693737921e+00,6.193702439e+00,1.360454422e-01,2.240283882e-16,4.848699518e-19,3.550270672e-19,1.210006200e-02,-2.763128579e-01,-2.493474245e+00,-1.490150452e+00,-8.564216495e-01,-6.930643320e-01,4.823783040e-02,-1.196798788e-02,5.677586356e+00,-2.384357821e+00,-6.641920759e-01,-2.250507795e-02,-1.655889536e-04,6.313981450e-01,-5.727220245e-02,8.943594440e-02,6.314248254e-01,-5.728084785e-02,8.921585263e-02,4.845999777e-01,-1.231999621e-01,2.249994688e-02,1.977458018e+00,6.999947503e-02,0,0
3.000000000e-02,4.446515773e-04,5.611875870e-04,2.702963387e-02,2.805937913e-04,1.158829640e-04,1.003356781e+00,6.077921001e+00,1.360623536e-01,2.354691435e-17,3.151654687e-18,6.776263578e-20,1.240393600e-02,-2.763364911e-01,-2.492966890e+00,-1.489933133e+00,-8.563796282e-01,-6.930391192e-01,4.818198457e-02,-3.459619345e-02,5.569481871e+00,-2.344679514e+00,-6.502611260e-01,-2.090276173e-02,4.712893716e-05,6.313780386e-01,-5.728550587e-02,8.964704610e-02,6.314248280e-01,-5.728084620e-02,8.920488769e-02,4.845999479e-01,-1.231999844e-01,2.249993384e-02,1.977458018e+00,6.999946013e-02,0,0
4.000000000e-02,7.169390101e-04,9.058089680e-04,2.048472325e-02,4.529044689e-04,1.783944987e-04,6.382608971e-01,6.008417497e+00,1.360831219e-01,6.084064999e-17,1.850714074e-18,2.455402273e-19,1.101292300e-02,-2.763713300e-01,-2.492350578e+00,-1.489666224e+00,-8.563293219e-01,-6.930053830e-01,4.811437801e-02,-2.774700507e-02,5.505003204e+00,-2.320128057e+00,-6.417380902e-01,-2.070403329e-02,9.654562417e-05,6.313528179e-01,-5.730586588e-02,8.990241254e-02,6.314248317e-01,-5.728084390e-02,8.918953846e-02,4.845999479e-01,-1.231999844e-01,2.249994874e-02,1.977458018e+00,6.999948248e-02,0,0
5.000000000e-02,1.026889738e-03,1.300500926e-03,1.666668327e-02,6.502504177e-04,2.539064962e-04,4.021272748e-01,5.960162638e+00,1.361064320e-01,2.223290258e-16,1.225511201e-18,8.684463208e-20,1.273440800e-02,-2.764100134e-01,-2.491658926e+00,-1.489366651e+00,-8.562806845e-01,-6.929705739e-01,4.804448038e-02,-2.358173595e-02,5.460051551e+00,-2.303498449e+00,-6.358419728e-01,-2.048155082e-02,1.201034755e-04,6.313244278e-01,-5.732797279e-02,9.019068821e-02,6.314248363e-01,-5.728084093e-02,8.916980661e-02,4.846000075e-01,-1.231999695e-01,2.249994501e-02,1.977458018e+00,6.999950111e-02,0,0
6.000000000e-02,1.360815442e-03,1.724517148e-03,1.365705488e-02,8.622584676e-04,3.377485933e-04,2.581140117e-01,5.919581341e+00,1.361314614e-01,1.113749551e-16,1.507090378e-18,3.965706585e-20,1.371475800e-02,-2.764546871e-01,-2.490922213e+00,-1.489044905e+00,-8.562357426e-01,-6.929375529e-01,4.797282815e-02,-2.130014939e-02,5.422205139e+00,-2.289598672e+00,-6.308804434e-01,-2.021758724e-02,1.393300357e-04,6.312932213e-01,-5.735289623e-02,9.049821129e-02,6.314248421e-01,-5.728083731e-02,8.914569432e-02,4.846000075e-01,-1.231999546e-01,2.249994129e-02,1.977458018e+00,6.999952346e-02,0,0
7.000000000e-02,1.710065149e-03,2.166114656e-03,1.648498073e-02,1.083057116e-03,4.277125370e-04,2.783228102e-01,5.925532734e+00,1.361577055e-01,1.113817097e-16,1.172743958e-18,1.900074457e-19,1.247751600e-02,-2.765059471e-01,-2.490158319e+00,-1.488707423e+00,-8.561925888e-01,-6.929059625e-01,4.789648950e-02,3.101900962e-02,5.427954164e+00,-2.291095812e+00,-6.314023634e-01,-2.237494234e-02,3.182705764e-05,6.312595439e-01,-5.738117187e-02,9.081630081e-02,6.314248488e-01,-5.728083304e-02,8.911720422e-02,4.846000075e-01,-1.231999621e-01,2.249993570e-02,1.977458018e+00,6.999953091e-02,0,0
8.000000000e-02,2.073432985e-03,2.629411414e-03,1.243105718e-02,1.314705328e-03,5.175992879e-04,3.236526452e-01,5.864180101e+00,1.361842592e-01,4.449726336e-16,3.523657061e-19,1.236552066e-19,1.242316600e-02,-2.765472829e-01,-2.489378452e+00,-1.488365889e+00,-8.561590314e-01,-6.928870082e-01,4.781624302e-02,5.817799602e-03,5.370216942e+00,-2.271415342e+00,-6.241579519e-01,-2.106125672e-02,1.582861551e-04,6.312255866e-01,-5.740108480e-02,9.114466810e-02,6.314248566e-01,-5.728082810e-02,8.908433945e-02,4.846000075e-01,-1.231999770e-01,2.249995619e-02,1.977458018e+00,6.999950483e-02,0,0
9.000000000e-02,2.444526032e-03,3.106022132e-03,2.130950174e-02,1.553010442e-03,6.069809903e-04,2.885389116e-01,5.899647940e+00,1.362109320e-01,4.450571607e-16,2.637977740e-18,5.587850096e-20,1.321897300e-02,-2.765591741e-01,-2.488593102e+00,-1.488022923e+00,-8.561343551e-01,-6.928653121e-01,4.773154482e-02,-5.533574698e-02,5.402380206e+00,-2.285120986e+00,-6.284634176e-01,-1.810224968e-02,-9.264486413e-06,6.311935903e-01,-5.740288644e-02,9.147760144e-02,6.314248654e-01,-5.728082251e-02,8.904710360e-02,4.846000075e-01,-1.231999621e-01,2.249992266e-02,1.977458018e+00,6.999949738e-02,0,0
1.000000000e-01,2.814822401e-03,3.578539076e-03,2.344387574e-02,1.789268584e-03,6.985901657e-04,4.895770548e-01,5.883317170e+00,1.362374642e-01,1.618623430e-17,4.142730684e-18,1.714274155e-19,1.304411100e-02,-2.765677273e-01,-2.487818480e+00,-1.487681746e+00,-8.561128378e-01,-6.928398013e-01,4.764500633e-02,1.075805598e-01,5.386924590e+00,-2.278138382e+00,-6.263671610e-01,-2.530790039e-02,4.905287843e-05,6.311618335e-01,-5.740315353e-02,9.180533429e-02,6.314248752e-01,-5.728081627e-02,8.900550076e-02,4.846000075e-01,-1.231999993e-01,2.249997482e-02,1.977458018e+00,6.999954209e-02,0,0
1.100000000e-01,3.185601958e-03,4.052061901e-03,1.844513641e-02,2.026029565e-03,7.896344357e-04,3.787399886e-01,5.856725572e+00,1.362639700e-01,1.187945235e-16,3.387155867e-18,1.818262319e-19,1.208076200e-02,-2.765487134e-01,-2.487051725e+00,-1.487340689e+00,-8.560973406e-01,-6.928264499e-01,4.755013809e-02,6.567793840e-02,5.362677998e+00,-2.269295215e+00,-6.231851375e-01,-2.334588659e-02,7.799941866e-05,6.311304396e-01,-5.738388962e-02,9.212982501e-02,6.314248861e-01,-5.728080936e-02,8.895953550e-02,4.846000075e-01,-1.231999546e-01,2.249993198e-02,1.977458018e+00,6.999948621e-02,0,0
1.200000000e-01,3.553819130e-03,4.524759490e-03,1.383333027e-02,2.262377815e-03,8.791679433e-04,6.309095440e-01,5.808162590e+00,1.362901892e-01,2.630037598e-16,1.479648008e-18,2.170785318e-19,1.392659000e-02,-2.765047550e-01,-2.486302614e+00,-1.487003446e+00,-8.560938239e-01,-6.928045750e-01,4.745368659e-02,-6.635786188e-02,5.316626995e+00,-2.254363232e+00,-6.175594811e-01,-1.712773484e-02,2.120715122e-04,6.311012588e-01,-5.735035479e-02,9.244758117e-02,6.314248980e-01,-5.728080181e-02,8.890921284e-02,4.846000075e-01,-1.231999770e-01,2.249994688e-02,1.977458018e+00,6.999953464e-02,0,0
1.300000000e-01,3.915711592e-03,4.988605559e-03,1.911802965e-02,2.494300193e-03,9.674417812e-04,6.108784262e-01,5.827339869e+00,1.363156381e-01,2.223222581e-16,4.755682003e-18,3.588221922e-19,1.120023500e-02,-2.764613032e-01,-2.485582829e+00,-1.486676216e+00,-8.561031222e-01,-6.927781105e-01,4.736219347e-02,-7.862596677e-02,5.332869771e+00,-2.264369165e+00,-6.201372458e-01,-1.643075425e-02,1.783523780e-04,6.310732913e-01,-5.731816872e-02,9.275425164e-02,6.314249109e-01,-5.728079360e-02,8.885453832e-02,4.846000075e-01,-1.231999844e-01,2.249997109e-02,1.977458018e+00,6.999957934e-02,0,0
1.400000000e-01,4.268364012e-03,5.438219109e-03,1.568844625e-02,2.719106204e-03,1.055569395e-03,4.398585091e-01,5.818201838e+00,1.363405465e-01,2.227499102e-16,9.199760500e-19,1.032129718e-19,1.301026100e-02,-2.764373422e-01,-2.484893799e+00,-1.486355782e+00,-8.561202884e-01,-6.927570105e-01,4.726978391e-02,-2.170737282e-02,5.326268174e+00,-2.258037259e+00,-6.186936840e-01,-1.883099296e-02,1.407246912e-04,6.310438711e-01,-5.729740463e-02,9.304680633e-02,6.314249249e-01,-5.728078474e-02,8.879551792e-02,4.846000075e-01,-1.231999621e-01,2.249996923e-02,1.977458018e+00,6.999960169e-02,0,0
1.500000000e-01,4.610830346e-03,5.876379807e-03,1.671531555e-02,2.938185676e-03,1.140453634e-03,4.419729848e-01,5.817370329e+00,1.363645680e-01,4.970520100e-17,2.742838647e-18,2.206191582e-19,1.259457800e-02,-2.764263451e-01,-2.484242201e+00,-1.486046791e+00,-8.561532497e-01,-6.927363873e-01,4.718016461e-02,-1.469434846e-02,5.325120732e+00,-2.258658432e+00,-6.186828097e-01,-1.909106188e-02,1.351231754e-04,6.310146373e-01,-5.728501736e-02,9.332469449e-02,6.314249399e-01,-5.728077523e-02,8.873215812e-02,4.846000075e-01,-1.231999621e-01,2.249995619e-02,1.977458018e+00,6.999959052e-02,0,0
1.600000000e-01,4.940432949e-03,6.296129629e-03,1.795382314e-02,3.148059615e-03,1.224344155e-03,4.453159461e-01,5.817199073e+00,1.363881117e-01,1.111442083e-16,2.949348775e-18,1.396962524e-19,1.126309600e-02,-2.764252722e-01,-2.483627796e+00,-1.485743880e+00,-8.561989069e-01,-6.927142739e-01,4.709153622e-02,-9.218422200e-03,5.324651424e+00,-2.259328922e+00,-6.187624317e-01,-1.931703948e-02,1.347995315e-04,6.309847671e-01,-5.727909299e-02,9.358524921e-02,6.314249559e-01,-5.728076507e-02,8.866446587e-02,4.846000075e-01,-1.231999770e-01,2.249991708e-02,1.977458018e+00,6.999958679e-02,0,0
1.700000000e-01,5.259216270e-03,6.701577688e-03,1.950034614e-02,3.350782574e-03,1.306190822e-03,4.477827692e-01,5.817284770e+00,1.364107397e-01,5.582818818e-16,2.135630605e-18,1.278542855e-19,1.258665800e-02,-2.764307857e-01,-2.483050346e+00,-1.485452771e+00,-8.562562466e-01,-6.926916838e-01,4.700465128e-02,-6.804406715e-03,5.324360469e+00,-2.260216496e+00,-6.188596243e-01,-1.937870576e-02,1.272320222e-04,6.309555233e-01,-5.727767966e-02,9.383066997e-02,6.314249730e-01,-5.728075425e-02,8.859244858e-02,4.845999479e-01,-1.231999993e-01,2.249994129e-02,1.977458018e+00,6.999957934e-02,0,0
1.800000000e-01,5.565448860e-03,7.089028112e-03,2.874986299e-02,3.544506634e-03,1.386838558e-03,5.332794937e-01,5.838755311e+00,1.364328213e-01,3.349499034e-16,3.998340052e-18,2.829850750e-19,1.220651300e-02,-2.764382362e-01,-2.482509613e+00,-1.485168576e+00,-8.563248515e-01,-6.926718950e-01,4.691723362e-02,9.163986879e-02,5.343045969e+00,-2.268839570e+00,-6.215468035e-01,-2.391799159e-02,6.769232951e-05,6.309259723e-01,-5.727702178e-02,9.405914470e-02,6.314249910e-01,-5.728074279e-02,8.851611417e-02,4.846000075e-01,-1.231999621e-01,2.249993570e-02,1.977458018e+00,6.999955326e-02,0,0
1.900000000e-01,5.864131667e-03,7.469095320e-03,2.305862424e-02,3.734538979e-03,1.464633860e-03,4.748264607e-01,5.817957589e+00,1.364539876e-01,7.815006272e-16,2.263880600e-18,2.740828996e-19,1.269610900e-02,-2.764231265e-01,-2.481998920e+00,-1.484896183e+00,-8.564016223e-01,-6.926529408e-01,4.682515189e-02,-2.955512303e-02,5.324264305e+00,-2.261925766e+00,-6.191318435e-01,-1.828084451e-02,1.401509821e-04,6.308988530e-01,-5.726232919e-02,9.427592134e-02,6.314250101e-01,-5.728073069e-02,8.843547099e-02,4.846000075e-01,-1.231999770e-01,2.249995805e-02,1.977458018e+00,6.999954209e-02,0,0
2.000000000e-01,6.151821269e-03,7.835800366e-03,2.457941541e-02,3.917890160e-03,1.540982828e-03,4.633684928e-01,5.820372519e+00,1.364745659e-01,6.774467207e-16,1.305552300e-18,3.946555479e-19,1.179990000e-02,-2.764114141e-01,-2.481522560e+00,-1.484631538e+00,-8.564906716e-01,-6.926193833e-01,4.673343152e-02,-2.222099412e-02,5.326261685e+00,-2.263408861e+00,-6.195273060e-01,-1.857910403e-02,1.328949656e-04,6.308729524e-01,-5.725232456e-02,9.447746097e-02,6.314250302e-01,-5.728071793e-02,8.835052790e-02,4.846000075e-01,-1.231999621e-01,2.249991708e-02,1.977458018e+00,6.999958307e-02,0,0
2.100000000e-01,6.429683773e-03,8.188562104e-03,2.578573812e-02,4.094269613e-03,1.615526953e-03,4.636668989e-01,5.819059559e+00,1.364942553e-01,2.223493277e-16,5.080733800e-18,3.388131789e-19,1.242178600e-02,-2.764154375e-01,-2.481081247e+00,-1.484378219e+00,-8.565905094e-01,-6.925954819e-01,4.664336517e-02,-1.484942889e-02,5.324885733e+00,-2.263357249e+00,-6.194231514e-01,-1.882767752e-02,1.212531263e-04,6.308464431e-01,-5.725091500e-02,9.466482124e-02,6.314250513e-01,-5.728070454e-02,8.826129420e-02,4.846000075e-01,-1.231999621e-01,2.249993756e-02,1.977458018e+00,6.999958679e-02,0,0
2.200000000e-01,6.696799237e-03,8.526039662e-03,2.720715256e-02,4.263006919e-03,1.688442534e-03,4.564018767e-01,5.819973379e+00,1.365131949e-01,4.462287433e-16,1.742330095e-18,5.503394101e-19,1.318176300e-02,-2.764298916e-01,-2.480676174e+00,-1.484134555e+00,-8.567041755e-01,-6.925722957e-01,4.655744135e-02,-6.496938744e-03,5.325603078e+00,-2.264007526e+00,-6.195980157e-01,-1.918317301e-02,1.066018076e-04,6.308200075e-01,-5.725617150e-02,9.483714352e-02,6.314250734e-01,-5.728069050e-02,8.816777968e-02,4.846000075e-01,-1.231999919e-01,2.249995805e-02,1.977458018e+00,6.999958307e-02,0,0
2.300000000e-01,6.953810691e-03,8.850227176e-03,3.340654667e-02,4.425099146e-03,1.758970493e-03,8.060449536e-01,5.796264308e+00,1.365310734e-01,1.411962612e-17,4.527761199e-18,3.428548309e-19,1.263913800e-02,-2.764531374e-01,-2.480308294e+00,-1.483904600e+00,-8.568301201e-01,-6.925506592e-01,4.647493735e-02,1.090408352e-01,5.302364687e+00,-2.255807524e+00,-6.168085775e-01,-2.446032682e-02,1.903929182e-04,6.307944093e-01,-5.726712685e-02,9.499513236e-02,6.314250966e-01,-5.728067582e-02,8.806999460e-02,4.846000075e-01,-1.231999770e-01,2.249995433e-02,1.977458018e+00,6.999958679e-02,0,0
2.400000000e-01,7.202420480e-03,9.161935016e-03,3.081255667e-02,4.580951486e-03,1.828090275e-03,6.590985781e-01,5.814490169e+00,1.365483772e-01,4.471449559e-16,6.605630197e-18,3.765554489e-19,1.338261500e-02,-2.764588296e-01,-2.479969263e+00,-1.483681798e+00,-8.569635749e-01,-6.925437450e-01,4.638826847e-02,-5.353795835e-02,5.318677521e+00,-2.265630768e+00,-6.194552742e-01,-1.707009910e-02,1.854069143e-04,6.307691100e-01,-5.726464688e-02,9.514041468e-02,6.314251207e-01,-5.728066050e-02,8.796794968e-02,4.846000075e-01,-1.231999770e-01,2.249991708e-02,1.977458018e+00,6.999953464e-02,0,0
2.500000000e-01,7.444429625e-03,9.468591543e-03,3.053804209e-02,4.734278086e-03,1.894381464e-03,4.971291836e-01,5.815988364e+00,1.365647858e-01,3.955778153e-17,7.451869103e-18,6.345130536e-19,1.361310700e-02,-2.764424980e-01,-2.479659081e+00,-1.483470798e+00,-8.571079373e-01,-6.925238967e-01,4.630023241e-02,-2.561901614e-02,5.321473036e+00,-2.263440598e+00,-6.192693454e-01,-1.819769907e-02,1.208770926e-04,6.307474291e-01,-5.725083986e-02,9.527511307e-02,6.314251459e-01,-5.728064454e-02,8.786165611e-02,4.846000075e-01,-1.231999770e-01,2.249994315e-02,1.977458018e+00,6.999954209e-02,0,0
2.600000000e-01,7.674376768e-03,9.755526325e-03,3.192573030e-02,4.877743820e-03,1.960401762e-03,4.778261167e-01,5.819433537e+00,1.365803864e-01,4.465691740e-16,3.782296425e-18,3.388131789e-19,1.295188100e-02,-2.764272392e-01,-2.479386806e+00,-1.483270288e+00,-8.572640419e-01,-6.924983263e-01,4.621848837e-02,-1.513941690e-02,5.324588943e+00,-2.264925743e+00,-6.197530430e-01,-1.864425942e-02,1.083538167e-04,6.307268988e-01,-5.723889389e-02,9.539355523e-02,6.314251720e-01,-5.728062794e-02,8.775112555e-02,4.846000075e-01,-1.231999919e-01,2.249995805e-02,1.977458018e+00,6.999958307e-02,0,0
2.700000000e-01,7.893963211e-03,1.002932986e-02,2.874306888e-02,5.014643911e-03,2.023329643e-03,7.512866773e-01,5.784748934e+00,1.365951457e-01,2.277051717e-16,7.952458492e-18,3.498153779e-19,1.276174800e-02,-2.764292657e-01,-2.479151726e+00,-1.483080506e+00,-8.574355245e-01,-6.924841404e-01,4.613967985e-02,-3.870762732e-02,5.291779556e+00,-2.253753315e+00,-6.157761771e-01,-1.751327561e-02,2.424932696e-04,6.307055443e-01,-5.723622853e-02,9.549733585e-02,6.314251992e-01,-5.728061071e-02,8.763637011e-02,4.846000075e-01,-1.231999695e-01,2.249995433e-02,1.977458018e+00,6.999959797e-02,0,0
2.800000000e-01,8.103315242e-03,1.028816496e-02,3.412598735e-02,5.144059792e-03,2.086293713e-03,4.755083330e-01,5.823395939e+00,1.366094509e-01,2.322279054e-16,7.818293052e-19,1.355252716e-19,1.231659500e-02,-2.764414549e-01,-2.478947163e+00,-1.482896566e+00,-8.576147556e-01,-6.924658418e-01,4.605948925e-02,-2.780817245e-03,5.328023882e+00,-2.266907128e+00,-6.203696820e-01,-1.917192785e-02,1.121245725e-04,6.306839854e-01,-5.724068382e-02,9.558664557e-02,6.314252273e-01,-5.728059285e-02,8.751740239e-02,4.846000075e-01,-1.231999695e-01,2.249991521e-02,1.977458018e+00,6.999958307e-02,0,0
2.900000000e-01,8.304961186e-03,1.054078335e-02,3.558126539e-02,5.270367277e-03,2.145654569e-03,4.655667795e-01,5.826580351e+00,1.366229022e-01,3.490287775e-16,7.139751201e-18,4.412383164e-19,1.314851300e-02,-2.764641047e-01,-2.478774548e+00,-1.482723713e+00,-8.578078747e-01,-6.924479008e-01,4.597903416e-02,5.457084339e-03,5.330949221e+00,-2.268085069e+00,-6.208039118e-01,-1.954027125e-02,9.912156286e-05,6.306630608e-01,-5.725203406e-02,9.566409779e-02,6.314252565e-01,-5.728057436e-02,8.739423543e-02,4.846000075e-01,-1.231999919e-01,2.249996737e-02,1.977458018e+00,6.999959424e-02,0,0
3.000000000e-01,8.497073187e-03,1.077928854e-02,3.936923039e-02,5.389618175e-03,2.204664297e-03,4.923391487e-01,5.832816939e+00,1.366359418e-01,2.343498419e-16,6.774311733e-18,6.776263578e-19,1.212096300e-02,-2.764931619e-01,-2.478631735e+00,-1.482556105e+00,-8.580105305e-01,-6.924306154e-01,4.589811713e-02,-4.915757084e-02,5.336085651e+00,-2.271292405e+00,-6.216635970e-01,-1.709009018e-02,7.330951255e-05,6.306417768e-01,-5.726733077e-02,9.572774499e-02,6.314252866e-01,-5.728055524e-02,8.726688273e-02,4.845999777e-01,-1.231999621e-01,2.249992639e-02,1.977458018e+00,6.999957934e-02,0,0
3.100000000e-01,8.681073821e-03,1.100699987e-02,3.327190669e-02,5.503472155e-03,2.262935654e-03,7.364484595e-01,5.794090844e+00,1.366483909e-01,4.446817376e-16,2.531095457e-18,1.626391489e-18,1.240648500e-02,-2.765259147e-01,-2.478517056e+00,-1.482396126e+00,-8.582208753e-01,-6.924111843e-01,4.581538960e-02,-1.775692442e-02,5.300167563e+00,-2.257909483e+00,-6.171717007e-01,-1.846641243e-02,2.438288438e-04,6.306209848e-01,-5.728547177e-02,9.577908818e-02,6.314253177e-01,-5.728053550e-02,8.713535826e-02,4.845999777e-01,-1.231999621e-01,2.249995060e-02,1.977458018e+00,6.999959052e-02,0,0
3.200000000e-01,8.858338079e-03,1.122798688e-02,3.860066043e-02,5.613963950e-03,2.318979597e-03,4.854805941e-01,5.829511007e+00,1.366601956e-01,3.368223728e-17,1.258580373e-17,1.581934661e-19,1.292480100e-02,-2.765601873e-01,-2.478430748e+00,-1.482244611e+00,-8.584450483e-01,-6.923854947e-01,4.573456571e-02,1.021020211e-02,5.333459497e+00,-2.269550074e+00,-6.213345660e-01,-1.974705131e-02,1.049737483e-04,6.306014609e-01,-5.730587329e-02,9.581958106e-02,6.314253498e-01,-5.728051513e-02,8.699967645e-02,4.846000075e-01,-1.232000068e-01,2.249996923e-02,1.977458018e+00,6.999957934e-02,0,0
3.300000000e-01,9.027826585e-03,1.143768640e-02,3.979128653e-02,5.718812026e-03,2.374183460e-03,4.849112977e-01,5.830998441e+00,1.366715345e-01,1.371419324e-16,1.430615448e-17,1.520059566e-18,1.284769000e-02,-2.765987813e-01,-2.478372335e+00,-1.482099056e+00,-8.586801887e-01,-6.923626661e-01,4.565470293e-02,1.503697314e-02,5.334821989e+00,-2.270081209e+00,-6.215501722e-01,-1.994310873e-02,9.310157160e-05,6.305818121e-01,-5.732861416e-02,9.584805140e-02,6.314253829e-01,-5.728049413e-02,8.685985216e-02,4.846000075e-01,-1.231999695e-01,2.249992266e-02,1.977458018e+00,6.999959052e-02,0,0
3.400000000e-01,9.191620368e-03,1.163998971e-02,3.677581475e-02,5.819961997e-03,2.427466356e-03,7.238794024e-01,5.800355617e+00,1.366820440e-01,2.238129445e-16,7.424957662e-18,2.371692252e-20,1.142582700e-02,-2.766406238e-01,-2.478341579e+00,-1.481964231e+00,-8.589269519e-01,-6.923438311e-01,4.557781667e-02,-1.566409822e-02,5.305904710e+00,-2.260289091e+00,-6.180652323e-01,-1.853840370e-02,2.222136081e-04,6.305629978e-01,-5.735310628e-02,9.586668446e-02,6.314254170e-01,-5.728047252e-02,8.671590075e-02,4.846000075e-01,-1.231999695e-01,2.249992080e-02,1.977458018e+00,6.999960169e-02,0,0
3.500000000e-01,9.347602369e-03,1.183140786e-02,4.402009107e-02,5.915669426e-03,2.480075313e-03,5.684576729e-01,5.839106958e+00,1.366922632e-01,2.234832883e-16,1.533293417e-17,8.472226614e-19,1.322271300e-02,-2.766773105e-01,-2.478335857e+00,-1.481832981e+00,-8.591808081e-01,-6.923322082e-01,4.549576715e-02,7.202036202e-02,5.341997599e+00,-2.272638469e+00,-6.226133257e-01,-2.262325104e-02,8.285109071e-05,6.305438120e-01,-5.737309788e-02,9.587330934e-02,6.314254520e-01,-5.728045029e-02,8.656783798e-02,4.845999479e-01,-1.231999993e-01,2.249994129e-02,1.977458018e+00,6.999951228e-02,0,0
3.600000000e-01,9.500214818e-03,1.202123789e-02,4.514802286e-02,6.010582756e-03,2.531014645e-03,9.083974013e-01,5.804836297e+00,1.367020816e-01,2.445344874e-16,3.127317221e-18,1.318988870e-18,1.287494000e-02,-2.766831815e-01,-2.478347778e+00,-1.481706977e+00,-8.594417572e-01,-6.923168898e-01,4.540713131e-02,1.177519273e-01,5.309364811e+00,-2.260458014e+00,-6.185646121e-01,-2.472965458e-02,2.512784883e-04,6.305271706e-01,-5.737441851e-02,9.587286114e-02,6.314254880e-01,-5.728042745e-02,8.641568011e-02,4.846000075e-01,-1.231999695e-01,2.249990404e-02,1.977458018e+00,6.999951974e-02,0,0
3.700000000e-01,9.649412631e-03,1.221011938e-02,4.916440125e-02,6.105021765e-03,2.580175358e-03,6.096085271e-01,5.858067035e+00,1.367112301e-01,6.672306664e-16,1.138360651e-17,3.066586833e-19,1.243823600e-02,-2.766718864e-01,-2.478379488e+00,-1.481589794e+00,-8.597091436e-01,-6.922934651e-01,4.531363398e-02,9.354577653e-02,5.358577902e+00,-2.280900974e+00,-6.251208732e-01,-2.358135107e-02,8.335103554e-05,6.305132121e-01,-5.736658590e-02,9.586524528e-02,6.314255250e-01,-5.728040399e-02,8.625944381e-02,4.846000075e-01,-1.231999844e-01,2.249995805e-02,1.977458018e+00,6.999953091e-02,0,0
3.800000000e-01,9.799203098e-03,1.239761104e-02,4.203119314e-02,6.198765822e-03,2.628580784e-03,5.652688417e-01,5.819509139e+00,1.367198711e-01,4.450140538e-16,4.869262886e-18,7.761706351e-19,1.421901300e-02,-2.766360939e-01,-2.478424072e+00,-1.481479049e+00,-8.599846363e-01,-6.922843456e-01,4.522091150e-02,-9.862407616e-03,5.324811336e+00,-2.264485820e+00,-6.202611654e-01,-1.880534164e-02,1.124222411e-04,6.305005921e-01,-5.734118766e-02,9.585440698e-02,6.314255629e-01,-5.728037993e-02,8.609914621e-02,4.846000075e-01,-1.231999621e-01,2.249991708e-02,1.977458018e+00,6.999952719e-02,0,0
3.900000000e-01,9.941884189e-03,1.257600446e-02,4.895199838e-02,6.287960795e-03,2.674950206e-03,5.664374816e-01,5.847647390e+00,1.367276596e-01,5.567307107e-16,3.998340052e-18,1.817454023e-18,1.269507800e-02,-2.765941918e-01,-2.478499413e+00,-1.481379509e+00,-8.602747321e-01,-6.922683716e-01,4.513436556e-02,-6.267425962e-02,5.349635059e+00,-2.276597646e+00,-6.239332680e-01,-1.634297653e-02,9.338419724e-05,6.304901870e-01,-5.731347357e-02,9.583253008e-02,6.314256018e-01,-5.728035525e-02,8.593480490e-02,4.846000075e-01,-1.231999621e-01,2.249994129e-02,1.977458018e+00,6.999956816e-02,0,0
4.000000000e-01,1.007713526e-02,1.274102590e-02,4.509929616e-02,6.370469859e-03,2.721184651e-03,5.703681639e-01,5.827870405e+00,1.367348927e-01,2.400712517e-16,5.222209201e-18,1.089609698e-18,1.257311700e-02,-2.765547037e-01,-2.478602886e+00,-1.481287122e+00,-8.605764508e-01,-6.922551990e-01,4.505347461e-02,-3.479603583e-02,5.332252444e+00,-2.267940246e+00,-6.213583774e-01,-1.753150381e-02,1.147008588e-04,6.304800131e-01,-5.728697671e-02,9.579910443e-02,6.314256417e-01,-5.728032998e-02,8.576643790e-02,4.846000075e-01,-1.231999919e-01,2.249995805e-02,1.977458018e+00,6.999960542e-02,0,0
4.100000000e-01,1.020638736e-02,1.289963335e-02,5.162080158e-02,6.449771958e-03,2.766052724e-03,6.378955305e-01,5.841357808e+00,1.367415997e-01,7.779417667e-16,1.183718407e-17,9.995850130e-19,1.205631200e-02,-2.765316367e-01,-2.478731871e+00,-1.481201649e+00,-8.608903289e-01,-6.922366023e-01,4.497448727e-02,-9.443060557e-02,5.343680813e+00,-2.273595669e+00,-6.230279887e-01,-1.476928221e-02,6.028095444e-05,6.304699470e-01,-5.727192896e-02,9.575560108e-02,6.314256824e-01,-5.728030410e-02,8.559406368e-02,4.846000075e-01,-1.231999844e-01,2.249995433e-02,1.977458018e+00,6.999960914e-02,0,0
4.200000000e-01,1.033023663e-02,1.305360439e-02,5.128976122e-02,6.526755855e-03,2.808843247e-03,6.538003394e-01,5.840104790e+00,1.367477769e-01,1.228136442e-16,2.528772285e-18,7.589415207e-19,1.434313400e-02,-2.765325904e-01,-2.478885174e+00,-1.481122971e+00,-8.612149954e-01,-6.922238469e-01,4.489398003e-02,-9.048327108e-02,5.342647304e+00,-2.272984679e+00,-6.229542837e-01,-1.500422357e-02,8.100795986e-05,6.304587127e-01,-5.727122951e-02,9.570257331e-02,6.314257242e-01,-5.728027762e-02,8.541770112e-02,4.845999777e-01,-1.232000068e-01,2.249995247e-02,1.977458018e+00,6.999961659e-02,0,0
4.300000000e-01,1.044634543e-02,1.319710335e-02,4.657633768e-02,6.598503792e-03,2.851279023e-03,5.704651208e-01,5.832023060e+00,1.367536047e-01,2.236851763e-16,1.254352099e-17,1.020317198e-18,1.380567900e-02,-2.765533030e-01,-2.479064703e+00,-1.481048822e+00,-8.615499139e-01,-6.922082901e-01,4.481411725e-02,-5.075859275e-03,5.336507553e+00,-2.268693719e+00,-6.219540668e-01,-1.887557827e-02,1.186957738e-04,6.304466323e-01,-5.728348087e-02,9.563772621e-02,6.314257668e-01,-5.728025055e-02,8.523736958e-02,4.846000075e-01,-1.231999919e-01,2.249996737e-02,1.977458018e+00,6.999960542e-02,0,0
4.400000000e-01,1.055784272e-02,1.333470570e-02,4.435771788e-02,6.667303453e-03,2.893145011e-03,7.949112803e-01,5.805835271e+00,1.367590998e-01,1.113741108e-16,1.867976828e-17,1.862967276e-18,1.213217300e-02,-2.765814662e-01,-2.479264736e+00,-1.480978966e+00,-8.618940711e-01,-6.921936870e-01,4.473361373e-02,-3.786356939e-02,5.311640034e+00,-2.260382069e+00,-6.189836707e-01,-1.737139637e-02,2.260268942e-04,6.304342977e-01,-5.730033866e-02,9.556425151e-02,6.314258104e-01,-5.728022288e-02,8.505308883e-02,4.846000075e-01,-1.231999546e-01,2.249993011e-02,1.977458018e+00,6.999959797e-02,0,0
4.500000000e-01,1.066325038e-02,1.346608216e-02,4.799918045e-02,6.732990209e-03,2.933779508e-03,5.743181348e-01,5.836004708e+00,1.367640332e-01,8.882025598e-16,4.954686047e-18,3.336922820e-18,1.109028300e-02,-2.766166627e-01,-2.479489565e+00,-1.480916500e+00,-8.622479439e-01,-6.921718121e-01,4.465288669e-02,9.337269918e-03,5.340547646e+00,-2.269265444e+00,-6.224673504e-01,-1.957886081e-02,1.121355223e-04,6.304227761e-01,-5.732304306e-02,9.548075894e-02,6.314258550e-01,-5.728019462e-02,8.486487908e-02,4.845999479e-01,-1.231999770e-01,2.249995433e-02,1.977458018e+00,6.999957561e-02,0,0
4.600000000e-01,1.076433814e-02,1.359264095e-02,5.550486052e-02,6.796268153e-03,2.973214489e-03,5.571652477e-01,5.869563131e+00,1.367685101e-01,5.555700760e-16,7.806255642e-18,2.586225600e-18,1.207915300e-02,-2.766616642e-01,-2.479736328e+00,-1.480859995e+00,-8.626134992e-01,-6.921491027e-01,4.457406700e-02,-6.309188014e-02,5.370000478e+00,-2.284237402e+00,-6.268014990e-01,-1.627881296e-02,6.575016037e-05,6.304113318e-01,-5.735223311e-02,9.538893717e-02,6.314259004e-01,-5.728016578e-02,8.467276096e-02,4.846000075e-01,-1.231999695e-01,2.249994874e-02,1.977458018e+00,6.999959424e-02,0,0
4.700000000e-01,1.086282767e-02,1.371562694e-02,5.274251313e-02,6.857759717e-03,3.012949081e-03,6.899765050e-01,5.847594460e+00,1.367728109e-01,3.422728552e-16,9.381951662e-18,4.370558683e-19,1.276061900e-02,-2.767090797e-01,-2.479996204e+00,-1.480805516e+00,-8.629799485e-01,-6.921395659e-01,4.448618367e-02,9.476203676e-02,5.351037711e+00,-2.272012515e+00,-6.238423531e-01,-2.358776128e-02,8.971005139e-05,6.303986228e-01,-5.738069131e-02,9.529042834e-02,6.314259468e-01,-5.728013635e-02,8.447675555e-02,4.846000075e-01,-1.231999546e-01,2.249994501e-02,1.977458018e+00,6.999954209e-02,0,0
4.800000000e-01,1.096065858e-02,1.383954308e-02,4.890120346e-02,6.919716315e-03,3.051078105e-03,7.758123237e-01,5.818412884e+00,1.367767366e-01,3.393424633e-16,6.075403083e-18,7.047314121e-19,1.288862000e-02,-2.767207921e-01,-2.480269909e+00,-1.480756044e+00,-8.633572459e-01,-6.921251416e-01,4.439772293e-02,2.122464350e-02,5.324094583e+00,-2.263164727e+00,-6.206214152e-01,-2.023162284e-02,1.808305391e-04,6.303890233e-01,-5.738765752e-02,9.518784951e-02,6.314259941e-01,-5.728010635e-02,8.427688434e-02,4.845999777e-01,-1.231999621e-01,2.249993943e-02,1.977458018e+00,6.999953464e-02,0,0
4.900000000e-01,1.105265809e-02,1.395477984e-02,4.990288094e-02,6.977333307e-03,3.087752831e-03,6.094854832e-01,5.834671973e+00,1.367798813e-01,6.661366382e-16,2.082684363e-18,1.951752131e-18,1.184319100e-02,-2.767164409e-01,-2.480570316e+00,-1.480716825e+00,-8.637471199e-01,-6.921060681e-01,4.431499168e-02,-9.130427878e-03,5.340203208e+00,-2.266698263e+00,-6.223115042e-01,-1.872761529e-02,1.109304319e-04,6.303819262e-01,-5.738562742e-02,9.507589306e-02,6.314260423e-01,-5.728007576e-02,8.407316925e-02,4.845999479e-01,-1.231999993e-01,2.249993011e-02,1.977458018e+00,6.999956444e-02,0,0
5.000000000e-01,1.113649834e-02,1.405373910e-02,5.454865208e-02,7.026811722e-03,3.124486236e-03,6.285172673e-01,5.854144979e+00,1.367825579e-01,4.538813724e-16,2.571914036e-17,2.185279341e-18,1.295189100e-02,-2.767120600e-01,-2.480899572e+00,-1.480683565e+00,-8.641502261e-01,-6.920942068e-01,4.424034059e-02,7.221963465e-02,5.358044989e+00,-2.272971485e+00,-6.246944187e-01,-2.256472143e-02,4.644388977e-05,6.303746096e-01,-5.738245717e-02,9.495190759e-02,6.314260914e-01,-5.728004460e-02,8.386563261e-02,4.845999479e-01,-1.231999844e-01,2.249995060e-02,1.977458018e+00,6.999957561e-02,0,0
5.100000000e-01,1.121712190e-02,1.414901344e-02,5.145575194e-02,7.074447707e-03,3.161057101e-03,6.020760273e-01,5.839862274e+00,1.367851235e-01,3.406026949e-16,1.016378097e-17,1.328977149e-18,1.368501700e-02,-2.766976655e-01,-2.481243849e+00,-1.480651736e+00,-8.645604849e-01,-6.920814514e-01,4.416191205e-02,-7.529856796e-03,5.345380567e+00,-2.267692328e+00,-6.229453328e-01,-1.875846933e-02,9.772082542e-05,6.303677399e-01,-5.737306891e-02,9.482098651e-02,6.314261414e-01,-5.728001287e-02,8.365429719e-02,4.846000075e-01,-1.231999621e-01,2.249994501e-02,1.977458018e+00,6.999957934e-02,0,0
5.200000000e-01,1.129449067e-02,1.424110521e-02,5.556191071e-02,7.120492433e-03,3.194801555e-03,5.566339580e-01,5.864272490e+00,1.367868995e-01,3.054295855e-17,6.053172193e-18,8.091040319e-19,1.311406200e-02,-2.766838372e-01,-2.481611729e+00,-1.480630159e+00,-8.649850488e-01,-6.920749545e-01,4.408819228e-02,1.314198392e-02,5.367770556e+00,-2.276879386e+00,-6.260867064e-01,-1.985142367e-02,6.048311377e-05,6.303617881e-01,-5.736338914e-02,9.468310035e-02,6.314261923e-01,-5.727998058e-02,8.343918616e-02,4.845999777e-01,-1.231999695e-01,2.249993756e-02,1.977458018e+00,6.999956816e-02,0,0
5.300000000e-01,1.137130672e-02,1.433501357e-02,5.663817335e-02,7.167445415e-03,3.228186417e-03,6.683875036e-01,5.859521560e+00,1.367885447e-01,4.351528858e-17,4.670885906e-18,3.689873076e-18,1.297818100e-02,-2.766483128e-01,-2.481988430e+00,-1.480610251e+00,-8.654119968e-01,-6.920689344e-01,4.400494322e-02,8.360072281e-02,5.363124947e+00,-2.274263881e+00,-6.253697919e-01,-2.304455372e-02,5.939887654e-05,6.303570121e-01,-5.733994204e-02,9.454108988e-02,6.314262441e-01,-5.727994772e-02,8.322032311e-02,4.845999777e-01,-1.231999695e-01,2.249995060e-02,1.977458018e+00,6.999954209e-02,0,0
5.400000000e-01,1.144923607e-02,1.443377424e-02,5.623348708e-02,7.216824475e-03,3.260594325e-03,6.399475134e-01,5.852776149e+00,1.367898879e-01,5.552876672e-16,5.076104429e-18,6.728662542e-18,1.232434500e-02,-2.765833735e-01,-2.482373476e+00,-1.480594397e+00,-8.658443093e-01,-6.920564175e-01,4.391604289e-02,6.042360519e-02,5.357725581e+00,-2.270584023e+00,-6.245630334e-01,-2.198745893e-02,3.338810737e-05,6.303549473e-01,-5.729919615e-02,9.439671643e-02,6.314262968e-01,-5.727991430e-02,8.299773205e-02,4.846000075e-01,-1.231999919e-01,2.249996550e-02,1.977458018e+00,6.999953464e-02,0,0
5.500000000e-01,1.152282666e-02,1.452669408e-02,5.437546198e-02,7.263283177e-03,3.292703073e-03,6.245401181e-01,5.848164206e+00,1.367909422e-01,2.390836651e-16,6.013169400e-18,3.287011731e-18,1.363589800e-02,-2.765178382e-01,-2.482778072e+00,-1.480582356e+00,-8.662866354e-01,-6.920394301e-01,4.382848740e-02,1.866044639e-02,5.354245765e+00,-2.267810433e+00,-6.239846501e-01,-2.019037952e-02,7.177692773e-05,6.303533910e-01,-5.725886656e-02,9.424418120e-02,6.314263503e-01,-5.727988033e-02,8.277143737e-02,4.846000075e-01,-1.231999621e-01,2.249993011e-02,1.977458018e+00,6.999957934e-02,0,0
5.600000000e-01,1.159607548e-02,1.462187460e-02,5.414031693e-02,7.310872172e-03,3.323518692e-03,6.704019773e-01,5.845655278e+00,1.367918160e-01,4.497661618e-16,6.024887182e-18,2.611104601e-18,1.107112300e-02,-2.764516771e-01,-2.483193398e+00,-1.480572462e+00,-8.667341471e-01,-6.920362711e-01,4.373323172e-02,4.188830590e-02,5.351867220e+00,-2.266726259e+00,-6.236622996e-01,-2.111042681e-02,1.020128930e-04,6.303509094e-01,-5.721584115e-02,9.408738005e-02,6.314264047e-01,-5.727984580e-02,8.254146390e-02,4.846000075e-01,-1.231999919e-01,2.249994874e-02,1.977458018e+00,6.999955699e-02,0,0
5.700000000e-01,1.166680382e-02,1.471484320e-02,5.851433332e-02,7.357355223e-03,3.352703426e-03,8.145152945e-01,5.841805922e+00,1.367921491e-01,3.469490320e-16,7.996680104e-18,1.474674387e-18,1.330525400e-02,-2.763782442e-01,-2.483628988e+00,-1.480569839e+00,-8.671970963e-01,-6.920219064e-01,4.364503175e-02,-1.159046501e-01,5.347238848e+00,-2.265363345e+00,-6.230874776e-01,-1.378898346e-02,9.182519847e-05,6.303506227e-01,-5.717038224e-02,9.392441599e-02,6.314264600e-01,-5.727981073e-02,8.230783686e-02,4.846000075e-01,-1.231999621e-01,2.249994688e-02,1.977458018e+00,6.999960914e-02,0,0
5.800000000e-01,1.173101686e-02,1.479490945e-02,5.793669129e-02,7.397387255e-03,3.383238646e-03,7.617169085e-01,5.843534228e+00,1.367922165e-01,3.332972207e-16,5.637851297e-18,8.940560153e-19,1.233214500e-02,-2.763290703e-01,-2.484087467e+00,-1.480570674e+00,-8.676701188e-01,-6.920050383e-01,4.356336221e-02,-9.455910062e-02,5.349542781e+00,-2.265302736e+00,-6.233213321e-01,-1.472785370e-02,8.314955106e-05,6.303490393e-01,-5.714061114e-02,9.375118259e-02,6.314265162e-01,-5.727977511e-02,8.207058186e-02,4.845999777e-01,-1.231999621e-01,2.249993943e-02,1.977458018e+00,6.999962404e-02,0,0
5.900000000e-01,1.178673815e-02,1.486124546e-02,5.448666015e-02,7.430554352e-03,3.413913050e-03,6.815824186e-01,5.843567551e+00,1.367919103e-01,4.443229294e-16,1.522831329e-17,1.775743111e-18,1.163142800e-02,-2.763053179e-01,-2.484572887e+00,-1.480576277e+00,-8.681530952e-01,-6.919906139e-01,4.348514229e-02,-2.355857808e-02,5.350876155e+00,-2.264054885e+00,-6.233640282e-01,-1.799594846e-02,1.169161011e-04,6.303457996e-01,-5.712645059e-02,9.356580722e-02,6.314265732e-01,-5.727973895e-02,8.182972493e-02,4.845999479e-01,-1.231999770e-01,2.249993011e-02,1.977458018e+00,6.999960914e-02,0,0
6.000000000e-01,1.184005787e-02,1.492486637e-02,5.192743619e-02,7.462363924e-03,3.444041213e-03,9.047590313e-01,5.818025417e+00,1.367914488e-01,1.339561510e-16,2.818925648e-18,1.305552300e-18,1.156792800e-02,-2.762967944e-01,-2.485073566e+00,-1.480583906e+00,-8.686471581e-01,-6.919772625e-01,4.340839759e-02,-5.546964840e-02,5.326608289e+00,-2.255739942e+00,-6.204429460e-01,-1.657758672e-02,2.278181045e-04,6.303415867e-01,-5.712170428e-02,9.337446911e-02,6.314266310e-01,-5.727970225e-02,8.158529247e-02,4.845999479e-01,-1.231999844e-01,2.249994874e-02,1.977458018e+00,6.999961287e-02,0,0
6.100000000e-01,1.188818364e-02,1.498306880e-02,6.054830162e-02,7.491464326e-03,3.472288451e-03,7.251248158e-01,5.867895247e+00,1.367902737e-01,4.447832346e-16,1.179739510e-17,1.506221795e-18,1.244487600e-02,-2.762970328e-01,-2.485598326e+00,-1.480600834e+00,-8.691513538e-01,-6.919638515e-01,4.333330318e-02,9.097449485e-02,5.373090889e+00,-2.271782618e+00,-6.263140328e-01,-2.338881084e-02,5.029818861e-05,6.303378718e-01,-5.712277364e-02,9.317448878e-02,6.314266897e-01,-5.727966502e-02,8.133731129e-02,4.846000075e-01,-1.231999695e-01,2.249994501e-02,1.977458018e+00,6.999957189e-02,0,0
6.200000000e-01,1.193723634e-02,1.504555561e-02,5.985907700e-02,7.522706851e-03,3.499367655e-03,7.218116297e-01,5.864397356e+00,1.367889178e-01,2.238129445e-16,1.354862347e-17,3.104682540e-18,1.141394600e-02,-2.762672603e-01,-2.486130714e+00,-1.480620027e+00,-8.696594834e-01,-6.919569969e-01,4.324980825e-02,7.673010652e-02,5.370522600e+00,-2.269468457e+00,-6.258972095e-01,-2.283519273e-02,6.680810614e-05,6.303355220e-01,-5.710386219e-02,9.297176422e-02,6.314267492e-01,-5.727962726e-02,8.108580859e-02,4.846000075e-01,-1.231999621e-01,2.249994501e-02,1.977458018e+00,6.999950856e-02,0,0
6.300000000e-01,1.198720590e-02,1.511305582e-02,5.837558689e-02,7.556455998e-03,3.525980453e-03,8.040108063e-01,5.848319157e+00,1.367873733e-01,2.231531450e-16,5.364336092e-18,5.029576367e-18,1.354983600e-02,-2.762133777e-01,-2.486670971e+00,-1.480641961e+00,-8.701741099e-01,-6.919322014e-01,4.316267371e-02,-9.375721366e-02,5.355705220e+00,-2.262970372e+00,-6.238666224e-01,-1.495551513e-02,1.056057926e-04,6.303361480e-01,-5.707283859e-02,9.276650702e-02,6.314268095e-01,-5.727958898e-02,8.083081194e-02,4.845999777e-01,-1.231999621e-01,2.249993943e-02,1.977458018e+00,6.999957561e-02,0,0
6.400000000e-01,1.203134739e-02,1.516731349e-02,5.937710190e-02,7.583584055e-03,3.553717535e-03,7.079307260e-01,5.863616688e+00,1.367855708e-01,5.552199219e-16,1.055191096e-17,3.083788141e-18,1.166005900e-02,-2.761747837e-01,-2.487232685e+00,-1.480667114e+00,-8.706986308e-01,-6.919152737e-01,4.308213294e-02,6.172706989e-02,5.370648039e+00,-2.267652110e+00,-6.257778724e-01,-2.204624685e-02,6.661906347e-05,6.303351897e-01,-5.705009710e-02,9.255186950e-02,6.314268707e-01,-5.727955017e-02,8.057234931e-02,4.846000075e-01,-1.231999621e-01,2.249996178e-02,1.977458018e+00,6.999960914e-02,0,0
6.500000000e-01,1.207522779e-02,1.522430287e-02,5.768332035e-02,7.612077924e-03,3.579924816e-03,7.088396530e-01,5.856818925e+00,1.367836576e-01,1.773855484e-17,4.848699518e-18,2.168404345e-19,1.129990500e-02,-2.761242688e-01,-2.487804651e+00,-1.480693579e+00,-8.712303042e-01,-6.919081211e-01,4.299547151e-02,3.026920027e-02,5.365189941e+00,-2.263883914e+00,-6.249409844e-01,-2.066330351e-02,9.256098056e-05,6.303340967e-01,-5.701817520e-02,9.233328313e-02,6.314269326e-01,-5.727951085e-02,8.031044905e-02,4.846000075e-01,-1.231999695e-01,2.249992080e-02,1.977458018e+00,6.999956444e-02,0,0
6.600000000e-01,1.211947132e-02,1.528388797e-02,6.297617630e-02,7.641869605e-03,3.604842476e-03,8.846441128e-01,5.858442664e+00,1.367812473e-01,2.356432049e-16,1.097135459e-17,1.817454023e-18,1.119429500e-02,-2.760700285e-01,-2.488389492e+00,-1.480726719e+00,-8.717725873e-01,-6.918918490e-01,4.291178659e-02,-1.318097350e-01,5.364981584e+00,-2.264977681e+00,-6.250223753e-01,-1.312891090e-02,8.135282594e-05,6.303348368e-01,-5.698570336e-02,9.211172493e-02,6.314269954e-01,-5.727947102e-02,8.004513986e-02,4.845999479e-01,-1.231999844e-01,2.249994315e-02,1.977458018e+00,6.999959797e-02,0,0
6.700000000e-01,1.215858399e-02,1.533263948e-02,5.689767108e-02,7.666244646e-03,3.630558081e-03,7.400683795e-01,5.848325195e+00,1.367784913e-01,2.230557774e-16,2.168404345e-18,2.458654042e-18,1.162332900e-02,-2.760391831e-01,-2.488995075e+00,-1.480764389e+00,-8.723260760e-01,-6.918735504e-01,4.283633828e-02,-3.813363054e-02,5.357894546e+00,-2.259425032e+00,-6.237924087e-01,-1.734914057e-02,1.099902227e-04,6.303345629e-01,-5.696836834e-02,9.188185697e-02,6.314270590e-01,-5.727943068e-02,7.977645085e-02,4.846000075e-01,-1.231999695e-01,2.249990962e-02,1.977458018e+00,6.999961659e-02,0,0
6.800000000e-01,1.219534584e-02,1.537839504e-02,5.359096322e-02,7.689121754e-03,3.654870351e-03,9.569672409e-01,5.819768455e+00,1.367752763e-01,4.968249247e-17,1.847729902e-17,2.327880787e-18,1.349189600e-02,-2.760318816e-01,-2.489618301e+00,-1.480808020e+00,-8.728922606e-01,-6.918600202e-01,4.276601970e-02,-5.939032100e-02,5.331070982e+00,-2.249582611e+00,-6.204595576e-01,-1.636475632e-02,2.228983685e-04,6.303332373e-01,-5.696525803e-02,9.164653628e-02,6.314271234e-01,-5.727938984e-02,7.950441148e-02,4.846000075e-01,-1.231999770e-01,2.249992266e-02,1.977458018e+00,6.999961659e-02,0,0
6.900000000e-01,1.222586302e-02,1.541394978e-02,5.721293018e-02,7.706898592e-03,3.680546771e-03,7.269255094e-01,5.852662024e+00,1.367719623e-01,2.273484835e-16,1.226634733e-18,1.100678820e-18,1.257537700e-02,-2.760443091e-01,-2.490259409e+00,-1.480852842e+00,-8.734623194e-01,-6.918473244e-01,4.269365594e-02,-1.520846749e-02,5.362833799e+00,-2.259062979e+00,-6.242829248e-01,-1.844985455e-02,1.025482951e-04,6.303301119e-01,-5.697427140e-02,9.140177016e-02,6.314271885e-01,-5.727934850e-02,7.922905159e-02,4.845999479e-01,-1.231999844e-01,2.249994501e-02,1.977458018e+00,6.999960169e-02,0,0
7.000000000e-01,1.225641741e-02,1.545573944e-02,5.745491809e-02,7.727792805e-03,3.703500367e-03,7.264619582e-01,5.853748267e+00,1.367681909e-01,2.225387224e-16,3.314118043e-17,5.640196439e-18,1.155733700e-02,-2.760675848e-01,-2.490912914e+00,-1.480903745e+00,-8.740421534e-01,-6.918302774e-01,4.261849821e-02,-8.079487527e-03,5.364260686e+00,-2.258494738e+00,-6.243869232e-01,-1.879540389e-02,9.649951599e-05,6.303274835e-01,-5.699107809e-02,9.115397443e-02,6.314272545e-01,-5.727930667e-02,7.895040136e-02,4.846000075e-01,-1.231999621e-01,2.249994315e-02,1.977458018e+00,6.999960542e-02,0,0
7.100000000e-01,1.228289314e-02,1.549175173e-02,5.816889953e-02,7.745798406e-03,3.725134847e-03,7.161028372e-01,5.858502180e+00,1.367638440e-01,3.879929233e-17,7.785145389e-18,1.685097487e-18,1.224386400e-02,-2.761076689e-01,-2.491587639e+00,-1.480962157e+00,-8.746341467e-01,-6.918143034e-01,4.254912212e-02,9.850027386e-04,5.369144211e+00,-2.259075573e+00,-6.249361758e-01,-1.922499727e-02,8.526462979e-05,6.303245518e-01,-5.701850921e-02,9.089900118e-02,6.314273212e-01,-5.727926434e-02,7.866849136e-02,4.846000075e-01,-1.231999919e-01,2.249996364e-02,1.977458018e+00,6.999960542e-02,0,0
7.200000000e-01,1.230745772e-02,1.552416519e-02,5.834030447e-02,7.762004653e-03,3.747884943e-03,7.265294150e-01,5.858884702e+00,1.367594015e-01,1.292223451e-16,5.101585990e-18,1.642709414e-18,1.111493400e-02,-2.761541307e-01,-2.492273092e+00,-1.481021762e+00,-8.752296567e-01,-6.917996407e-01,4.247758910e-02,2.842087326e-03,5.369904150e+00,-2.258249708e+00,-6.249675435e-01,-1.936778615e-02,8.597335320e-05,6.303208408e-01,-5.704965083e-02,9.063881514e-02,6.314273886e-01,-5.727922153e-02,7.838335250e-02,4.846000075e-01,-1.231999695e-01,2.249992080e-02,1.977458018e+00,6.999957561e-02,0,0
7.300000000e-01,1.232940900e-02,1.555169800e-02,5.532061875e-02,7.775770639e-03,3.769787080e-03,9.288868449e-01,5.833209999e+00,1.367545044e-01,1.110294851e-15,1.251678421e-17,3.299727276e-18,1.357797600e-02,-2.762081623e-01,-2.492976665e+00,-1.481087327e+00,-8.758378625e-01,-6.917853355e-01,4.241316020e-02,-3.098940035e-02,5.345832363e+00,-2.249496846e+00,-6.220140303e-01,-1.781384823e-02,2.051133131e-04,6.303172346e-01,-5.708566439e-02,9.037281248e-02,6.314274569e-01,-5.727917824e-02,7.809501605e-02,4.845999479e-01,-1.231999993e-01,2.249993570e-02,1.977458018e+00,6.999959797e-02,0,0
7.400000000e-01,1.234935469e-02,1.557817408e-02,5.861983502e-02,7.789008282e-03,3.791304270e-03,7.392793195e-01,5.861020336e+00,1.367492020e-01,4.474025129e-16,1.037454585e-17,6.767855795e-18,1.309932300e-02,-2.762657404e-01,-2.493693590e+00,-1.481158137e+00,-8.764494061e-01,-6.917718649e-01,4.234505072e-02,8.560725917e-03,5.372759561e+00,-2.256927519e+00,-6.251664847e-01,-1.964220057e-02,8.923342013e-05,6.303137110e-01,-5.712387240e-02,9.010155704e-02,6.314275258e-01,-5.727913448e-02,7.780351363e-02,4.845999479e-01,-1.231999993e-01,2.249994315e-02,1.977458018e+00,6.999959052e-02,0,0
7.500000000e-01,1.236922881e-02,1.560796619e-02,5.521236986e-02,7.803903884e-03,3.810954217e-03,9.481998790e-01,5.831534905e+00,1.367435927e-01,2.484809726e-16,1.072867218e-17,1.953868362e-18,1.220600400e-02,-2.763227820e-01,-2.494422197e+00,-1.481233001e+00,-8.770709634e-01,-6.917579174e-01,4.227619246e-02,-2.633847365e-02,5.345206249e+00,-2.246773290e+00,-6.217399988e-01,-1.802488144e-02,2.082457066e-04,6.303106381e-01,-5.716193178e-02,8.982701430e-02,6.314275956e-01,-5.727909024e-02,7.750887721e-02,4.846000075e-01,-1.231999695e-01,2.249993943e-02,1.977458018e+00,6.999958307e-02,0,0
7.600000000e-01,1.238760485e-02,1.563635382e-02,6.290142823e-02,7.818097262e-03,3.830180494e-03,7.372637379e-01,5.876385085e+00,1.367376523e-01,2.262704738e-16,6.505213035e-18,1.788112031e-18,1.189213100e-02,-2.763889134e-01,-2.495164633e+00,-1.481312275e+00,-8.777018189e-01,-6.917389035e-01,4.221029580e-02,-5.520311666e-02,5.387161936e+00,-2.261387400e+00,-6.270458515e-01,-1.676561124e-02,3.849271303e-05,6.303077378e-01,-5.720666200e-02,8.954780295e-02,6.314276660e-01,-5.727904554e-02,7.721113909e-02,4.846000075e-01,-1.231999621e-01,2.249993198e-02,1.977458018e+00,6.999959424e-02,0,0
7.700000000e-01,1.240254350e-02,1.565773136e-02,5.904086524e-02,7.828785706e-03,3.850882480e-03,7.626599145e-01,5.863776800e+00,1.367316406e-01,2.221534220e-16,1.554649136e-17,1.486150626e-18,1.290305000e-02,-2.764609754e-01,-2.495919466e+00,-1.481392264e+00,-8.783336282e-01,-6.917296052e-01,4.214052483e-02,1.628323440e-02,5.376689243e+00,-2.254614494e+00,-6.254106802e-01,-2.002377356e-02,9.314376915e-05,6.303031667e-01,-5.725332754e-02,8.926175968e-02,6.314277372e-01,-5.727900038e-02,7.691033193e-02,4.846000075e-01,-1.231999621e-01,2.249992080e-02,1.977458018e+00,6.999956816e-02,0,0
7.800000000e-01,1.241837892e-02,1.568391518e-02,5.885957319e-02,7.841877216e-03,3.871026211e-03,7.799464928e-01,5.862762741e+00,1.367255367e-01,2.242377537e-16,1.318454036e-17,2.077397303e-18,1.108964300e-02,-2.765257061e-01,-2.496680737e+00,-1.481473565e+00,-8.789711595e-01,-6.917138100e-01,4.206657037e-02,1.754443062e-02,5.376214301e+00,-2.253141196e+00,-6.252594861e-01,-2.010615234e-02,1.018546695e-04,6.302994194e-01,-5.729644057e-02,8.897348373e-02,6.314278091e-01,-5.727895477e-02,7.660648871e-02,4.846000075e-01,-1.231999695e-01,2.249997295e-02,1.977458018e+00,6.999957189e-02,0,0
7.900000000e-01,1.243441172e-02,1.571090516e-02,5.548880774e-02,7.855371791e-03,3.889595678e-03,9.693278246e-01,5.833120694e+00,1.367189288e-01,6.604633583e-17,2.809525916e-17,2.888509030e-18,1.220098300e-02,-2.765892148e-01,-2.497455597e+00,-1.481561542e+00,-8.796213865e-01,-6.916960478e-01,4.199893773e-02,-1.715538323e-02,5.348582219e+00,-2.242923756e+00,-6.217898621e-01,-1.847489642e-02,2.077731986e-04,6.302967572e-01,-5.733936093e-02,8.868235238e-02,6.314278817e-01,-5.727890870e-02,7.629964275e-02,4.846000075e-01,-1.231999919e-01,2.249996737e-02,1.977458018e+00,6.999959797e-02,0,0
8.000000000e-01,1.244759858e-02,1.573341805e-02,5.955613302e-02,7.866627886e-03,3.907828409e-03,7.698798236e-01,5.866654721e+00,1.367118493e-01,6.753614299e-16,5.143108168e-18,5.691803256e-18,1.139417600e-02,-2.766593397e-01,-2.498246670e+00,-1.481655598e+00,-8.802776337e-01,-6.916819811e-01,4.193260148e-02,2.494653992e-02,5.380814598e+00,-2.252116404e+00,-6.256233152e-01,-2.041356688e-02,7.907643109e-05,6.302938502e-01,-5.738594837e-02,8.838519173e-02,6.314279550e-01,-5.727886219e-02,7.598982771e-02,4.846000075e-01,-1.231999621e-01,2.249992825e-02,1.977458018e+00,6.999959052e-02,0,0
8.100000000e-01,1.246049919e-02,1.575631803e-02,5.576830861e-02,7.878077520e-03,3.925686680e-03,9.885076266e-01,5.836406376e+00,1.367045928e-01,5.045816806e-17,2.009148438e-17,2.642742795e-19,1.248659600e-02,-2.767233253e-01,-2.499046803e+00,-1.481751919e+00,-8.809393644e-01,-6.916713119e-01,4.186404124e-02,-1.787205998e-02,5.352563966e+00,-2.241868474e+00,-6.221434120e-01,-1.849958068e-02,2.209711929e-04,6.302910105e-01,-5.742808674e-02,8.808469404e-02,6.314280290e-01,-5.727881523e-02,7.567707755e-02,4.846000075e-01,-1.231999621e-01,2.249995060e-02,1.977458018e+00,6.999957189e-02,0,0
8.200000000e-01,1.247341299e-02,1.577888292e-02,6.323536608e-02,7.889359617e-03,3.943844675e-03,7.610931147e-01,5.877840399e+00,1.366970990e-01,2.251751926e-16,6.605630197e-18,3.909146526e-18,1.169669900e-02,-2.767834365e-01,-2.499856472e+00,-1.481851459e+00,-8.816088438e-01,-6.916536093e-01,4.179861769e-02,-4.823585464e-02,5.391523108e+00,-2.254939273e+00,-6.269884423e-01,-1.714678782e-02,3.145216135e-05,6.302891018e-01,-5.746901755e-02,8.778127002e-02,6.314281037e-01,-5.727876784e-02,7.536142657e-02,4.845999777e-01,-1.231999546e-01,2.249994874e-02,1.977458018e+00,6.999959424e-02,0,0
8.300000000e-01,1.248172673e-02,1.579342046e-02,5.993168825e-02,7.896628158e-03,3.961979727e-03,7.848927692e-01,5.870280380e+00,1.366892475e-01,1.570858918e-17,1.625146365e-17,3.835628564e-18,1.280168900e-02,-2.768491805e-01,-2.500684261e+00,-1.481955528e+00,-8.822843432e-01,-6.916424036e-01,4.173438251e-02,2.439184801e-02,5.385655791e+00,-2.249904028e+00,-6.259578331e-01,-2.042362442e-02,8.069198867e-05,6.302863611e-01,-5.751240136e-02,8.747010324e-02,6.314281791e-01,-5.727872002e-02,7.504290940e-02,4.846000075e-01,-1.231999695e-01,2.249996923e-02,1.977458018e+00,6.999958679e-02,0,0
8.400000000e-01,1.249131669e-02,1.581295733e-02,5.953911451e-02,7.906396287e-03,3.979742033e-03,8.033418981e-01,5.868201135e+00,1.366812692e-01,3.335073556e-16,1.948074780e-17,7.896833246e-18,1.295480100e-02,-2.769084573e-01,-2.501516581e+00,-1.482061267e+00,-8.829622865e-01,-6.916301250e-01,4.166386276e-02,2.156210152e-02,5.384191524e+00,-2.248092181e+00,-6.256754752e-01,-2.032263293e-02,9.322917169e-05,6.302840237e-01,-5.755187566e-02,8.715735955e-02,6.314282551e-01,-5.727867178e-02,7.472156095e-02,4.846000075e-01,-1.231999770e-01,2.249996364e-02,1.977458018e+00,6.999956816e-02,0,0
8.500000000e-01,1.250186465e-02,1.583635344e-02,5.616243679e-02,7.918093980e-03,3.995487264e-03,1.000959809e+00,5.839267015e+00,1.366729055e-01,1.259086928e-16,8.285461368e-18,1.735199867e-18,1.285126000e-02,-2.769617140e-01,-2.502359152e+00,-1.482172132e+00,-8.836514950e-01,-6.916158199e-01,4.159583524e-02,-1.755358363e-02,5.357234378e+00,-2.238112392e+00,-6.223184543e-01,-1.853566456e-02,2.131129925e-04,6.302828129e-01,-5.758807504e-02,8.684284315e-02,6.314283318e-01,-5.727862311e-02,7.439741646e-02,4.846000075e-01,-1.231999621e-01,2.249992639e-02,1.977458018e+00,6.999956444e-02,0,0
8.600000000e-01,1.251205674e-02,1.585999863e-02,6.343662321e-02,7.929916201e-03,4.010611618e-03,7.710494220e-01,5.879933202e+00,1.366641832e-01,3.359647067e-16,1.001230035e-17,9.697399036e-19,1.196683200e-02,-2.770197392e-01,-2.503213406e+00,-1.482287765e+00,-8.843497634e-01,-6.915973425e-01,4.153145105e-02,-4.264848167e-02,5.395507125e+00,-2.250953106e+00,-6.270624002e-01,-1.735770405e-02,3.237807384e-05,6.302820415e-01,-5.762809674e-02,8.652503834e-02,6.314284091e-01,-5.727857403e-02,7.407051149e-02,4.845999479e-01,-1.231999919e-01,2.249994874e-02,1.977458018e+00,6.999958307e-02,0,0
8.700000000e-01,1.251942164e-02,1.587715864e-02,5.961164408e-02,7.938495935e-03,4.026819178e-03,8.179632817e-01,5.869881716e+00,1.366552982e-01,2.261806849e-16,1.279220734e-17,8.299636676e-18,1.224813400e-02,-2.770805955e-01,-2.504079103e+00,-1.482405305e+00,-8.850488663e-01,-6.915894151e-01,4.146423563e-02,2.506807892e-02,5.387293918e+00,-2.244990098e+00,-6.257370670e-01,-2.048809592e-02,9.242075212e-05,6.302799152e-01,-5.766801568e-02,8.620141949e-02,6.314284871e-01,-5.727852455e-02,7.374088188e-02,4.846000075e-01,-1.231999695e-01,2.249991521e-02,1.977458018e+00,6.999958307e-02,0,0
8.800000000e-01,1.252677741e-02,1.589752577e-02,5.957206653e-02,7.948679179e-03,4.042711375e-03,8.295521696e-01,5.869879390e+00,1.366463838e-01,3.482284549e-16,2.140346971e-17,2.825303758e-18,1.155342700e-02,-2.771320045e-01,-2.504951000e+00,-1.482523322e+00,-8.857529163e-01,-6.915751100e-01,4.139285162e-02,2.063501140e-02,5.387810969e+00,-2.243796229e+00,-6.257130513e-01,-2.031909304e-02,9.864082362e-05,6.302784766e-01,-5.770295727e-02,8.587520976e-02,6.314285658e-01,-5.727847465e-02,7.340856378e-02,4.846000075e-01,-1.231999695e-01,2.249997109e-02,1.977458018e+00,6.999956816e-02,0,0
8.900000000e-01,1.253449322e-02,1.591824574e-02,5.671254383e-02,7.959038836e-03,4.058234656e-03,1.016521514e+00,5.843688945e+00,1.366372178e-01,9.426849534e-17,6.179952383e-18,2.798523023e-18,1.146884700e-02,-2.771770954e-01,-2.505831480e+00,-1.482644677e+00,-8.864648938e-01,-6.915591955e-01,4.132401571e-02,-2.231396702e-02,5.363334835e+00,-2.234896154e+00,-6.226911164e-01,-1.835560352e-02,2.097384256e-04,6.302777425e-01,-5.773424977e-02,8.554681162e-02,6.314286450e-01,-5.727842436e-02,7.307359363e-02,4.846000075e-01,-1.231999844e-01,2.249996737e-02,1.977458018e+00,6.999957189e-02,0,0
9.000000000e-01,1.254318181e-02,1.594257020e-02,6.371220541e-02,7.971200680e-03,4.071191840e-03,7.985400845e-01,5.882394318e+00,1.366273178e-01,8.891546181e-16,2.909219711e-18,8.741117366e-19,1.164574900e-02,-2.772262692e-01,-2.506725073e+00,-1.482775688e+00,-8.871880770e-01,-6.915427446e-01,4.126041010e-02,-4.680405745e-02,5.399856684e+00,-2.246833487e+00,-6.271863232e-01,-1.722446835e-02,3.742836807e-05,6.302781763e-01,-5.776859472e-02,8.521668648e-02,6.314287249e-01,-5.727837368e-02,7.273600817e-02,4.846000075e-01,-1.231999546e-01,2.249993011e-02,1.977458018e+00,6.999959797e-02,0,0
9.100000000e-01,1.254904085e-02,1.596139230e-02,5.980141590e-02,7.980611435e-03,4.084869955e-03,8.377043004e-01,5.872172296e+00,1.366171940e-01,1.595197087e-16,1.509671838e-17,1.128039288e-18,1.269196800e-02,-2.772766054e-01,-2.507630110e+00,-1.482909441e+00,-8.879119158e-01,-6.915342808e-01,4.119360074e-02,1.834752474e-02,5.391524653e+00,-2.240855939e+00,-6.258503077e-01,-2.021884448e-02,9.413999646e-05,6.302776696e-01,-5.780225142e-02,8.488098803e-02,6.314288054e-01,-5.727832261e-02,7.239584441e-02,4.846000075e-01,-1.231999621e-01,2.249994688e-02,1.977458018e+00,6.999958307e-02,0,0
9.200000000e-01,1.255434644e-02,1.598053138e-02,5.620165769e-02,7.990180666e-03,4.098117297e-03,1.030349491e+00,5.842115720e+00,1.366068548e-01,2.242566248e-16,1.234277391e-17,3.172565268e-18,1.247289700e-02,-2.773213089e-01,-2.508544207e+00,-1.483046055e+00,-8.886422515e-01,-6.915228367e-01,4.112695158e-02,-1.405421828e-02,5.363660735e+00,-2.230163659e+00,-6.223194281e-01,-1.872499352e-02,2.105129426e-04,6.302777378e-01,-5.783286679e-02,8.454229075e-02,6.314288865e-01,-5.727827116e-02,7.205313966e-02,4.846000075e-01,-1.231999695e-01,2.249994129e-02,1.977458018e+00,6.999957934e-02,0,0
9.300000000e-01,1.255948010e-02,1.599611441e-02,6.421011030e-02,7.997971934e-03,4.112245853e-03,8.070580894e-01,5.886115796e+00,1.365962536e-01,1.112118760e-16,4.610090874e-18,1.506221795e-18,1.117847400e-02,-2.773635387e-01,-2.509467363e+00,-1.483186126e+00,-8.893795013e-01,-6.915099025e-01,4.106621444e-02,-4.805670963e-02,5.404985505e+00,-2.244132530e+00,-6.274976778e-01,-1.724122185e-02,2.762560481e-05,6.302782171e-01,-5.786221864e-02,8.420093983e-02,6.314289682e-01,-5.727821933e-02,7.170793149e-02,4.846000075e-01,-1.231999695e-01,2.249993198e-02,1.977458018e+00,6.999958307e-02,0,0
9.400000000e-01,1.256165374e-02,1.600755363e-02,6.067813397e-02,8.003691361e-03,4.124013145e-03,8.173252171e-01,5.879037109e+00,1.365848610e-01,2.236380854e-16,1.220826210e-17,5.708558675e-18,1.238723500e-02,-2.774089575e-01,-2.510410070e+00,-1.483336449e+00,-8.901267648e-01,-6.915031075e-01,4.101071507e-02,2.523637196e-02,5.399637635e+00,-2.239071913e+00,-6.264895600e-01,-2.053414909e-02,6.191686299e-05,6.302791323e-01,-5.789285606e-02,8.385405586e-02,6.314290504e-01,-5.727816714e-02,7.136025778e-02,4.845999479e-01,-1.231999919e-01,2.249995247e-02,1.977458018e+00,6.999958307e-02,0,0
9.500000000e-01,1.256302505e-02,1.602070668e-02,6.021869603e-02,8.010267675e-03,4.135970728e-03,8.427121791e-01,5.877830571e+00,1.365734485e-01,2.460021998e-16,1.132057123e-17,4.880415380e-18,1.123676500e-02,-2.774467766e-01,-2.511358023e+00,-1.483487010e+00,-8.908742666e-01,-6.914946437e-01,4.094763100e-02,1.875995467e-02,5.398994593e+00,-2.237564290e+00,-6.263325593e-01,-2.027912843e-02,8.697331936e-05,6.302800914e-01,-5.791883588e-02,8.350410626e-02,6.314291333e-01,-5.727811457e-02,7.101015663e-02,4.845999777e-01,-1.231999546e-01,2.249994501e-02,1.977458018e+00,6.999956816e-02,0,0
9.600000000e-01,1.256563457e-02,1.603903770e-02,5.998833985e-02,8.019432892e-03,4.147131569e-03,8.535790698e-01,5.875992224e+00,1.365619164e-01,2.223510194e-16,6.377468505e-18,2.377841001e-18,1.354293600e-02,-2.774776518e-01,-2.512310505e+00,-1.483639240e+00,-8.916275501e-01,-6.914802790e-01,4.088212550e-02,1.586165950e-02,5.397830854e+00,-2.235642108e+00,-6.260618219e-01,-2.015086948e-02,9.015038023e-05,6.302818641e-01,-5.794142289e-02,8.315321389e-02,6.314292167e-01,-5.727806165e-02,7.065766645e-02,4.845999479e-01,-1.231999844e-01,2.249993756e-02,1.977458018e+00,6.999958679e-02,0,0
9.700000000e-01,1.256661713e-02,1.605219150e-02,5.791804235e-02,8.026009577e-03,4.158013363e-03,1.005723039e+00,5.851007516e+00,1.365498973e-01,1.123367398e-16,1.514782154e-17,5.648851993e-18,1.305619200e-02,-2.775088251e-01,-2.513276577e+00,-1.483797789e+00,-8.923887014e-01,-6.914690733e-01,4.082302004e-02,2.044060345e-02,5.374982246e+00,-2.225922714e+00,-6.231251533e-01,-2.049585144e-02,1.441458091e-04,6.302838840e-01,-5.796380947e-02,8.279832761e-02,6.314293006e-01,-5.727800838e-02,7.030282588e-02,4.846000075e-01,-1.231999621e-01,2.249993756e-02,1.977458018e+00,6.999958307e-02,0,0
9.800000000e-01,1.256499480e-02,1.606166905e-02,6.022056418e-02,8.030748199e-03,4.168437763e-03,8.483306001e-01,5.880030861e+00,1.365375319e-01,1.442019866e-16,2.376975725e-17,1.345732508e-18,1.256520700e-02,-2.775395215e-01,-2.514255047e+00,-1.483960748e+00,-8.931533694e-01,-6.914627552e-01,4.076261073e-02,2.386438659e-02,5.402831681e+00,-2.234007525e+00,-6.264128273e-01,-2.050821914e-02,7.923676133e-05,6.302855994e-01,-5.798508327e-02,8.243850449e-02,6.314293852e-01,-5.727795476e-02,6.994567385e-02,4.846000075e-01,-1.231999695e-01,2.249993570e-02,1.977458018e+00,6.999956816e-02,0,0
9.900000000e-01,1.256236669e-02,1.607091548e-02,6.008118921e-02,8.035371267e-03,4.179473663e-03,8.608903915e-01,5.880290641e+00,1.365250938e-01,2.656903291e-16,6.694015585e-18,1.328147661e-18,1.238307500e-02,-2.775628269e-01,-2.515239477e+00,-1.484124660e+00,-8.939191699e-01,-6.914532781e-01,4.069812968e-02,1.946756500e-02,5.403625578e+00,-2.232814655e+00,-6.264140036e-01,-2.034339992e-02,8.938862477e-05,6.302875631e-01,-5.800211105e-02,8.207562998e-02,6.314294702e-01,-5.727790080e-02,6.958624951e-02,4.846000075e-01,-1.231999919e-01,2.249995433e-02,1.977458018e+00,6.999956071e-02,0,0
1.000000000e+00,1.256042191e-02,1.608432995e-02,5.437541482e-02,8.042078287e-03,4.188875849e-03,1.104933069e+00,5.837206047e+00,1.365124599e-01,4.441436284e-16,6.669137147e-18,3.335415705e-18,1.132163500e-02,-2.775780857e-01,-2.516230345e+00,-1.484291196e+00,-8.946927786e-01,-6.914415956e-01,4.063260928e-02,9.062605328e-04,5.363936386e+00,-2.216937681e+00,-6.212626416e-01,-1.949487409e-02,2.391743824e-04,6.302902622e-01,-5.801446721e-02,8.171152940e-02,6.314295558e-01,-5.727784650e-02,6.922459228e-02,4.846000075e-01,-1.231999621e-01,2.249991335e-02,1.977458018e+00,6.999956071e-02,0,0
1.010000000e+00,1.255802637e-02,1.609413785e-02,6.095807229e-02,8.046982079e-03,4.198842549e-03,8.409418248e-01,5.884271517e+00,1.364995015e-01,2.405803334e-16,1.304110895e-17,3.380642517e-18,1.196675200e-02,-2.775870562e-01,-2.517230272e+00,-1.484462023e+00,-8.954732418e-01,-6.914268136e-01,4.057344794e-02,1.624472024e-02,5.408454861e+00,-2.231532821e+00,-6.267831711e-01,-2.018732312e-02,5.858918493e-05,6.302938185e-01,-5.802345514e-02,8.134504869e-02,6.314296419e-01,-5.727779188e-02,6.886074182e-02,4.846000075e-01,-1.231999621e-01,2.249996737e-02,1.977458018e+00,6.999958307e-02,0,0
1.020000000e+00,1.255019186e-02,1.609260980e-02,6.088785443e-02,8.046218079e-03,4.209222210e-03,8.543533032e-01,5.886583298e+00,1.364861392e-01,7.782110463e-16,1.783669101e-17,1.474674387e-18,1.373816800e-02,-2.775950432e-01,-2.518247843e+00,-1.484637976e+00,-8.962582946e-01,-6.914175749e-01,4.051792994e-02,1.222240488e-02,5.411165598e+00,-2.231013381e+00,-6.270390007e-01,-2.004478153e-02,7.448742651e-05,6.302968999e-01,-5.803085732e-02,8.097098847e-02,6.314297285e-01,-5.727773693e-02,6.849473804e-02,4.846000075e-01,-1.231999621e-01,2.249995619e-02,1.977458018e+00,6.999956444e-02,0,0
1.030000000e+00,1.254240685e-02,1.609379434e-02,6.042859477e-02,8.046810326e-03,4.220487664e-03,8.752026969e-01,5.885050660e+00,1.364728499e-01,4.448257295e-16,2.530352274e-17,9.651835437e-18,1.277050900e-02,-2.775989175e-01,-2.519267321e+00,-1.484812975e+00,-8.970417380e-01,-6.914050579e-01,4.045477509e-02,8.535647277e-03,5.410287471e+00,-2.229179024e+00,-6.268195595e-01,-1.990001152e-02,9.099115810e-05,6.302997723e-01,-5.803602102e-02,8.059497673e-02,6.314298156e-01,-5.727768166e-02,6.812662106e-02,4.845999777e-01,-1.231999546e-01,2.249995247e-02,1.977458018e+00,6.999958679e-02,0,0
1.040000000e+00,1.253597520e-02,1.610017306e-02,6.004798164e-02,8.049999586e-03,4.230918721e-03,8.890194549e-01,5.883340739e+00,1.364594550e-01,4.446362679e-16,1.945078037e-17,1.388456242e-18,1.291031000e-02,-2.775988579e-01,-2.520290136e+00,-1.484989405e+00,-8.978296518e-01,-6.913898587e-01,4.038851708e-02,7.440769721e-03,5.409247270e+00,-2.227265662e+00,-6.265625977e-01,-1.984538695e-02,9.902932034e-05,6.303029773e-01,-5.803912864e-02,8.021840647e-02,6.314299032e-01,-5.727762608e-02,6.775643126e-02,4.846000075e-01,-1.231999919e-01,2.249996923e-02,1.977458018e+00,6.999957934e-02,0,0
1.050000000e+00,1.253006193e-02,1.610802608e-02,5.979915110e-02,8.053925966e-03,4.241637732e-03,9.021424396e-01,5.882255787e+00,1.364460164e-01,3.128519804e-17,1.433772827e-17,7.423420719e-18,1.106678300e-02,-2.775950432e-01,-2.521316767e+00,-1.485166430e+00,-8.986210227e-01,-6.913726330e-01,4.032089934e-02,5.980727009e-03,5.408832329e+00,-2.225461338e+00,-6.263866183e-01,-1.979488081e-02,1.044894615e-04,6.303062229e-01,-5.804011632e-02,7.984045746e-02,6.314299913e-01,-5.727757020e-02,6.738420923e-02,4.845999777e-01,-1.231999621e-01,2.249993198e-02,1.977458018e+00,6.999957189e-02,0,0
1.060000000e+00,1.252544469e-02,1.611895759e-02,5.457400265e-02,8.059391546e-03,4.250985764e-03,1.127324187e+00,5.843180635e+00,1.364321686e-01,4.462171523e-16,2.163302593e-17,2.857366436e-18,1.281425900e-02,-2.775891721e-01,-2.522350073e+00,-1.485348821e+00,-8.994188905e-01,-6.913559437e-01,4.025499895e-02,-1.062575702e-02,5.372833550e+00,-2.210982002e+00,-6.216941653e-01,-1.901486464e-02,2.386465830e-04,6.303101299e-01,-5.803988332e-02,7.946195427e-02,6.314300798e-01,-5.727751402e-02,6.700999579e-02,4.846000075e-01,-1.231999993e-01,2.249996364e-02,1.977458018e+00,6.999957561e-02,0,0
1.070000000e+00,1.252125214e-02,1.612955390e-02,6.183579803e-02,8.064689526e-03,4.259066624e-03,8.628946549e-01,5.885831771e+00,1.364177036e-01,4.446802573e-16,1.389302603e-17,1.963573648e-18,1.162924900e-02,-2.775824666e-01,-2.523394108e+00,-1.485539317e+00,-9.002257586e-01,-6.913379431e-01,4.019651562e-02,-2.773214056e-02,5.413257965e+00,-2.223926361e+00,-6.266602998e-01,-1.825318716e-02,4.197621549e-05,6.303151619e-01,-5.803962364e-02,7.908202934e-02,6.314301688e-01,-5.727745754e-02,6.663383198e-02,4.846000075e-01,-1.231999621e-01,2.249995992e-02,1.977458018e+00,6.999959052e-02,0,0
1.080000000e+00,1.251258557e-02,1.613166776e-02,6.044524090e-02,8.065746423e-03,4.268277535e-03,8.893431029e-01,5.888703284e+00,1.364030169e-01,2.243790383e-16,1.311167605e-17,2.845901628e-18,1.343725500e-02,-2.775776386e-01,-2.524450779e+00,-1.485732555e+00,-9.010326266e-01,-6.913241148e-01,4.013701528e-02,4.577318761e-03,5.416633163e+00,-2.223370461e+00,-6.269964744e-01,-1.974329293e-02,8.590537909e-05,6.303192543e-01,-5.803969791e-02,7.869558905e-02,6.314302583e-01,-5.727740078e-02,6.625575904e-02,4.846000075e-01,-1.231999770e-01,2.249991894e-02,1.977458018e+00,6.999957934e-02,0,0
1.090000000e+00,1.250465806e-02,1.613795288e-02,5.986769530e-02,8.068888881e-03,4.276996274e-03,9.089862985e-01,5.886339723e+00,1.363882669e-01,3.340097323e-16,1.801864422e-17,3.157244383e-18,1.365888700e-02,-2.775712013e-01,-2.525510550e+00,-1.485926628e+00,-9.018418789e-01,-6.913090944e-01,4.007304832e-02,4.044990861e-03,5.415018987e+00,-2.221138340e+00,-6.266606145e-01,-1.973024631e-02,9.936698587e-05,6.303232356e-01,-5.803887451e-02,7.830806867e-02,6.314303482e-01,-5.727734374e-02,6.587581844e-02,4.845999479e-01,-1.231999993e-01,2.249993943e-02,1.977458018e+00,6.999956816e-02,0,0
1.100000000e+00,1.249747095e-02,1.614607491e-02,5.978318197e-02,8.072949765e-03,4.286194249e-03,9.169296972e-01,5.886707633e+00,1.363733901e-01,4.442492702e-16,1.205172527e-17,1.652297077e-18,1.288948900e-02,-2.775626481e-01,-2.526573420e+00,-1.486122370e+00,-9.026524425e-01,-6.912916899e-01,4.000723734e-02,1.824296593e-03,5.415925785e+00,-2.219906053e+00,-6.266599146e-01,-1.964102057e-02,1.031346229e-04,6.303273574e-01,-5.803707247e-02,7.791953845e-02,6.314304385e-01,-5.727728643e-02,6.549405184e-02,4.846000075e-01,-1.231999621e-01,2.249993198e-02,1.977458018e+00,6.999957189e-02,0,0
1.110000000e+00,1.249172333e-02,1.615880333e-02,5.936705245e-02,8.079313767e-03,4.294196930e-03,9.303024514e-01,5.884758522e+00,1.363582615e-01,1.174242509e-16,1.978364474e-17,3.411793196e-18,1.331443400e-02,-2.775529325e-01,-2.527640820e+00,-1.486321449e+00,-9.034686685e-01,-6.912721395e-01,3.994126618e-02,2.119980473e-03,5.414746101e+00,-2.217697533e+00,-6.263657129e-01,-1.966380108e-02,1.089013926e-04,6.303319393e-01,-5.803496481e-02,7.753073010e-02,6.314305293e-01,-5.727722884e-02,6.511050111e-02,4.846000075e-01,-1.231999621e-01,2.249992080e-02,1.977458018e+00,6.999958679e-02,0,0
1.120000000e+00,1.248720843e-02,1.617311629e-02,6.096603392e-02,8.086470014e-03,4.300520841e-03,8.956509091e-01,5.885456657e+00,1.363425214e-01,1.535701862e-16,1.235990477e-17,2.604342989e-18,1.395465000e-02,-2.775437236e-01,-2.528716803e+00,-1.486528516e+00,-9.042924643e-01,-6.912543178e-01,3.988059610e-02,-2.791084299e-02,5.415968311e+00,-2.216411604e+00,-6.263336224e-01,-1.827827362e-02,5.442126087e-05,6.303373747e-01,-5.803317405e-02,7.714147375e-02,6.314306204e-01,-5.727717100e-02,6.472520831e-02,4.846000075e-01,-1.231999695e-01,2.249997482e-02,1.977458018e+00,6.999959424e-02,0,0
1.130000000e+00,1.247847274e-02,1.617735811e-02,6.050705248e-02,8.088590854e-03,4.306620408e-03,8.926878516e-01,5.893249978e+00,1.363261770e-01,2.221868609e-16,1.528725063e-17,8.211534248e-18,1.273205900e-02,-2.775405347e-01,-2.529810190e+00,-1.486743331e+00,-9.051221013e-01,-6.912426353e-01,3.982723877e-02,7.006032426e-03,5.423959944e+00,-2.217468490e+00,-6.272506042e-01,-1.987258486e-02,7.154954375e-05,6.303423752e-01,-5.803425207e-02,7.674605777e-02,6.314307120e-01,-5.727711290e-02,6.433821568e-02,4.846000075e-01,-1.231999695e-01,2.249993943e-02,1.977458018e+00,6.999959797e-02,0,0
1.140000000e+00,1.246829562e-02,1.617923714e-02,6.006687634e-02,8.089530338e-03,4.314216388e-03,9.079682259e-01,5.892905500e+00,1.363098525e-01,2.734982879e-16,1.081651297e-17,6.408955559e-18,1.287542000e-02,-2.775380313e-01,-2.530907631e+00,-1.486957788e+00,-9.059489965e-01,-6.912326813e-01,3.976910934e-02,4.673501748e-03,5.424210486e+00,-2.215972136e+00,-6.271601196e-01,-1.979028533e-02,8.657878154e-05,6.303464269e-01,-5.803524927e-02,7.634745513e-02,6.314308040e-01,-5.727705455e-02,6.394956567e-02,4.846000075e-01,-1.231999770e-01,2.249995805e-02,1.977458018e+00,6.999956816e-02,0,0
1.150000000e+00,1.245914183e-02,1.618625969e-02,5.965795075e-02,8.093041496e-03,4.321431316e-03,9.242950565e-01,5.891900166e+00,1.362934318e-01,5.553703053e-16,6.240523042e-18,6.784931651e-18,1.346673500e-02,-2.775329649e-01,-2.532007217e+00,-1.487173557e+00,-9.067777395e-01,-6.912176013e-01,3.970703110e-02,3.305515855e-03,5.423863522e+00,-2.214197950e+00,-6.269917603e-01,-1.974581207e-02,9.868393049e-05,6.303508193e-01,-5.803543847e-02,7.594834500e-02,6.314308963e-01,-5.727699596e-02,6.355930090e-02,4.846000075e-01,-1.231999546e-01,2.249992453e-02,1.977458018e+00,6.999957189e-02,0,0
1.160000000e+00,1.245226089e-02,1.619916072e-02,5.959056882e-02,8.099491801e-03,4.327197536e-03,9.216639009e-01,5.891203853e+00,1.362766397e-01,8.345173918e-17,8.890457814e-18,4.599880250e-18,1.282701900e-02,-2.775265574e-01,-2.533110142e+00,-1.487394214e+00,-9.076110721e-01,-6.912008524e-01,3.964488208e-02,6.129109603e-03,5.423848426e+00,-2.212419462e+00,-6.268328356e-01,-1.985549295e-02,8.908623018e-05,6.303559819e-01,-5.803522464e-02,7.555003906e-02,6.314309890e-01,-5.727693713e-02,6.316746417e-02,4.846000075e-01,-1.231999621e-01,2.249992266e-02,1.977458018e+00,6.999959424e-02,0,0
1.170000000e+00,1.244477804e-02,1.620824583e-02,5.572063551e-02,8.104034207e-03,4.330790598e-03,1.104938664e+00,5.862713997e+00,1.362590769e-01,1.862304629e-17,5.963111949e-18,2.710505431e-19,1.284128000e-02,-2.775220871e-01,-2.534227133e+00,-1.487624884e+00,-9.084556699e-01,-6.911895871e-01,3.959371522e-02,-1.662989179e-02,5.397633010e+00,-2.201742185e+00,-6.234361566e-01,-1.885240764e-02,2.048031720e-04,6.303618056e-01,-5.803564668e-02,7.514961533e-02,6.314310821e-01,-5.727687807e-02,6.277409844e-02,4.845999479e-01,-1.231999844e-01,2.249994501e-02,1.977458018e+00,6.999960914e-02,0,0
1.180000000e+00,1.243468363e-02,1.621318590e-02,6.032139626e-02,8.106504161e-03,4.334714525e-03,9.001409937e-01,5.899547564e+00,1.362412147e-01,1.357857502e-16,1.726062117e-17,4.616461045e-18,1.156280800e-02,-2.775233686e-01,-2.535354137e+00,-1.487859368e+00,-9.093012214e-01,-6.911798120e-01,3.954254091e-02,7.930318245e-03,5.432949001e+00,-2.212068324e+00,-6.277092970e-01,-1.996229738e-02,7.262966506e-05,6.303669914e-01,-5.803938936e-02,7.474481821e-02,6.314311755e-01,-5.727681879e-02,6.237924684e-02,4.845999777e-01,-1.231999695e-01,2.249993756e-02,1.977458018e+00,6.999960169e-02,0,0
1.190000000e+00,1.242305607e-02,1.621825538e-02,5.971490529e-02,8.109038819e-03,4.339034394e-03,9.189021412e-01,5.897804699e+00,1.362233097e-01,2.227566649e-16,1.604619215e-17,8.415671966e-19,1.329571400e-02,-2.775247693e-01,-2.536485672e+00,-1.488094330e+00,-9.101446867e-01,-6.911705136e-01,3.948504478e-02,6.483530103e-03,5.431933605e+00,-2.209993587e+00,-6.274448483e-01,-1.992098375e-02,8.860791963e-05,6.303714878e-01,-5.804294275e-02,7.433698638e-02,6.314312693e-01,-5.727675929e-02,6.198295269e-02,4.846000075e-01,-1.231999770e-01,2.249995619e-02,1.977458018e+00,6.999958679e-02,0,0
1.200000000e+00,1.241307857e-02,1.622828775e-02,5.936853271e-02,8.114054835e-03,4.343560353e-03,9.351216038e-01,5.896993782e+00,1.362053898e-01,4.442450366e-16,2.202078404e-17,3.762431490e-18,1.263856800e-02,-2.775231004e-01,-2.537616730e+00,-1.488329530e+00,-9.109885693e-01,-6.911568642e-01,3.942371160e-02,4.537303390e-03,5.431754365e+00,-2.208315160e+00,-6.273036099e-01,-1.984744853e-02,1.005706843e-04,6.303761738e-01,-5.804520347e-02,7.392950896e-02,6.314313634e-01,-5.727669959e-02,6.158525944e-02,4.846000075e-01,-1.231999546e-01,2.249994688e-02,1.977458018e+00,6.999957934e-02,0,0
1.210000000e+00,1.240471715e-02,1.624383595e-02,5.916629929e-02,8.121828683e-03,4.346728216e-03,9.406256939e-01,5.896396332e+00,1.361871256e-01,4.441468044e-16,2.589859217e-17,4.625682211e-18,1.220074400e-02,-2.775190175e-01,-2.538751125e+00,-1.488569260e+00,-9.118359089e-01,-6.911402941e-01,3.936127201e-02,3.747804294e-03,5.431867818e+00,-2.206480781e+00,-6.271660243e-01,-1.982409798e-02,1.010162182e-04,6.303816522e-01,-5.804655722e-02,7.352242335e-02,6.314314578e-01,-5.727663968e-02,6.118621069e-02,4.846000075e-01,-1.231999621e-01,2.249994129e-02,1.977458018e+00,6.999957561e-02,0,0
1.220000000e+00,1.239804922e-02,1.626335197e-02,5.890243598e-02,8.131586370e-03,4.349105944e-03,9.488971990e-01,5.895313967e+00,1.361685702e-01,4.494407072e-17,8.182674271e-18,7.014922114e-18,1.135706600e-02,-2.775132358e-01,-2.539888144e+00,-1.488812804e+00,-9.126862884e-01,-6.911223531e-01,3.929881752e-02,3.163215247e-03,5.431478841e+00,-2.204601381e+00,-6.269730548e-01,-1.979612202e-02,1.042417490e-04,6.303876512e-01,-5.804716159e-02,7.311581769e-02,6.314315526e-01,-5.727657957e-02,6.078585022e-02,4.846000075e-01,-1.231999621e-01,2.249996364e-02,1.977458018e+00,6.999958679e-02,0,0
1.230000000e+00,1.239255013e-02,1.628474353e-02,6.024353309e-02,8.142281795e-03,4.351387102e-03,9.596617458e-01,5.895668140e+00,1.361497761e-01,1.222556139e-15,2.343482368e-17,5.285972069e-18,1.174538900e-02,-2.775068879e-01,-2.541027784e+00,-1.489059448e+00,-9.135383964e-01,-6.911042333e-01,3.923656791e-02,-3.927688188e-02,5.432126413e+00,-2.203623234e+00,-6.269662402e-01,-1.790934412e-02,9.008155854e-05,6.303938267e-01,-5.804747611e-02,7.270915000e-02,6.314316476e-01,-5.727651927e-02,6.038422192e-02,4.846000075e-01,-1.231999695e-01,2.249992266e-02,1.977458018e+00,6.999959424e-02,0,0
1.240000000e+00,1.238634011e-02,1.630464392e-02,5.913708660e-02,8.152231659e-03,4.352634189e-03,9.351990427e-01,5.898118026e+00,1.361305867e-01,6.562782414e-17,9.040581962e-18,6.292110118e-18,1.382732900e-02,-2.775034904e-01,-2.542176247e+00,-1.489311218e+00,-9.143965840e-01,-6.910874844e-01,3.917865455e-02,1.094269048e-02,5.435350743e+00,-2.202475187e+00,-6.271662732e-01,-2.010747193e-02,8.608269184e-05,6.304000153e-01,-5.804950187e-02,7.230043490e-02,6.314317429e-01,-5.727645879e-02,5.998136984e-02,4.846000075e-01,-1.231999695e-01,2.249994688e-02,1.977458018e+00,6.999960542e-02,0,0
1.250000000e+00,1.237769418e-02,1.631529448e-02,5.475174095e-02,8.157556762e-03,4.353280475e-03,1.124592875e+00,5.865714043e+00,1.361106183e-01,2.423961832e-16,1.394917847e-17,5.205934781e-18,1.146388700e-02,-2.775024772e-01,-2.543339252e+00,-1.489573002e+00,-9.152602553e-01,-6.910785437e-01,3.913091123e-02,-1.266689467e-02,5.405608803e+00,-2.190205802e+00,-6.232726536e-01,-1.907761691e-02,2.039134525e-04,6.304063997e-01,-5.805197864e-02,7.188807588e-02,6.314318385e-01,-5.727639813e-02,5.957733815e-02,4.846000075e-01,-1.231999546e-01,2.249994874e-02,1.977458018e+00,6.999958679e-02,0,0
1.260000000e+00,1.236645070e-02,1.632263387e-02,5.938068244e-02,8.161226333e-03,4.354585168e-03,9.290714250e-01,5.903812845e+00,1.360904511e-01,1.368041472e-16,1.904773822e-17,5.375554844e-18,1.286268000e-02,-2.775017023e-01,-2.544509411e+00,-1.489837289e+00,-9.161221385e-01,-6.910694242e-01,3.908064216e-02,1.042033230e-02,5.441937221e+00,-2.201310235e+00,-6.277301613e-01,-2.012209180e-02,8.407378848e-05,6.304123624e-01,-5.805451584e-02,7.147192783e-02,6.314319344e-01,-5.727633730e-02,5.917217116e-02,4.845999777e-01,-1.231999621e-01,2.249994501e-02,1.977458018e+00,6.999957561e-02,0,0
1.270000000e+00,1.235628335e-02,1.633614824e-02,5.925244883e-02,8.167983294e-03,4.355024608e-03,9.372477000e-01,5.903881282e+00,1.360701211e-01,1.384875503e-16,8.314494739e-18,1.237997949e-17,1.302573100e-02,-2.774987519e-01,-2.545680761e+00,-1.490103722e+00,-9.169843793e-01,-6.910561323e-01,3.902543336e-02,3.679217331e-03,5.442678719e+00,-2.199697206e+00,-6.276838320e-01,-1.985489738e-02,8.941805688e-05,6.304187155e-01,-5.805636965e-02,7.105584356e-02,6.314320305e-01,-5.727627631e-02,5.876591331e-02,4.846000075e-01,-1.232000068e-01,2.249996550e-02,1.977458018e+00,6.999957561e-02,0,0
1.280000000e+00,1.234735038e-02,1.635376069e-02,5.870134873e-02,8.176789227e-03,4.355053791e-03,9.532840593e-01,5.901623739e+00,1.360496627e-01,2.255540804e-16,2.542956846e-17,3.473256509e-18,1.231993500e-02,-2.774936259e-01,-2.546852827e+00,-1.490371823e+00,-9.178472757e-01,-6.910414100e-01,3.896734491e-02,3.260676199e-03,5.441203176e+00,-2.197384771e+00,-6.273487679e-01,-1.984438988e-02,1.004951404e-04,6.304252008e-01,-5.805706363e-02,7.064003564e-02,6.314321269e-01,-5.727621516e-02,5.835860914e-02,4.846000075e-01,-1.231999695e-01,2.249992266e-02,1.977458018e+00,6.999957561e-02,0,0
1.290000000e+00,1.233904518e-02,1.637302407e-02,5.843542443e-02,8.186420592e-03,4.355505895e-03,9.606787818e-01,5.901729762e+00,1.360292040e-01,3.374159793e-16,1.765352832e-17,2.860835440e-18,1.292907100e-02,-2.774870396e-01,-2.548025608e+00,-1.490639925e+00,-9.187109470e-01,-6.910248399e-01,3.890777752e-02,6.840615187e-03,5.441899238e+00,-2.195949672e+00,-6.273001440e-01,-1.999066110e-02,1.063833235e-04,6.304314614e-01,-5.805702017e-02,7.022388303e-02,6.314322235e-01,-5.727615386e-02,5.795030332e-02,4.846000075e-01,-1.231999919e-01,2.249997109e-02,1.977458018e+00,6.999957189e-02,0,0
1.300000000e+00,1.233096660e-02,1.639273001e-02,5.843147577e-02,8.196273232e-03,4.356175481e-03,9.637655167e-01,5.901604214e+00,1.360085786e-01,1.717288627e-17,1.238508207e-17,8.082216347e-18,1.256875700e-02,-2.774790525e-01,-2.549201012e+00,-1.490910172e+00,-9.195752740e-01,-6.910073757e-01,3.884801269e-02,8.419330127e-04,5.442464653e+00,-2.194244395e+00,-6.272252349e-01,-1.975148878e-02,1.037903991e-04,6.304377402e-01,-5.805620689e-02,6.980704930e-02,6.314323203e-01,-5.727609242e-02,5.754104062e-02,4.846000075e-01,-1.231999770e-01,2.249996364e-02,1.977458018e+00,6.999956444e-02,0,0
1.310000000e+00,1.232370844e-02,1.641397168e-02,5.833567454e-02,8.206893711e-03,4.356852931e-03,9.665331475e-01,5.901906812e+00,1.359878152e-01,1.176962259e-16,2.851451714e-17,8.673617380e-19,1.368569700e-02,-2.774702311e-01,-2.550378084e+00,-1.491182208e+00,-9.204410911e-01,-6.909889579e-01,3.878832981e-02,3.614635556e-04,5.443384001e+00,-2.192785287e+00,-6.271984602e-01,-1.972982469e-02,1.040390190e-04,6.304440227e-01,-5.805499479e-02,6.939015142e-02,6.314324174e-01,-5.727603084e-02,5.713086592e-02,4.846000075e-01,-1.231999621e-01,2.249992639e-02,1.977458018e+00,6.999956071e-02,0,0
1.320000000e+00,1.235600840e-02,1.647288135e-02,4.483501071e-01,8.236347548e-03,4.323520489e-03,1.460004498e+01,5.413135455e+00,1.359659576e-01,2.264412238e-16,6.938893904e-18,4.220764384e-17,1.134582500e-02,-2.774611712e-01,-2.551556349e+00,-1.491469264e+00,-9.214618206e-01,-6.910359263e-01,3.883904219e-02,-9.558083689e-04,5.003122703e+00,-1.996823084e+00,-5.322970332e-01,-3.874382699e-03,-1.184035380e-02,6.304531098e-01,-5.804481853e-02,6.901293531e-02,6.314325147e-01,-5.727596913e-02,5.671982421e-02,4.846881628e-01,-1.231579185e-01,2.257826738e-02,1.977553479e+00,7.000060380e-02,0,0
1.330000000e+00,1.308198382e-02,1.629017141e-02,2.040751541e-01,8.144995643e-03,4.192654647e-03,7.768904713e+00,5.521197810e+00,1.359645871e-01,3.331628906e-16,6.071532166e-17,1.404617285e-17,1.154375800e-02,-2.775140405e-01,-2.552418947e+00,-1.491509557e+00,-9.252104163e-01,-6.918128729e-01,4.202779755e-02,2.521216989e-02,5.102988131e+00,-2.033571756e+00,-5.539486970e-01,-1.430209935e-02,-4.893230482e-03,6.304602428e-01,-5.796692576e-02,6.933544275e-02,6.314326121e-01,-5.727590729e-02,5.630796056e-02,4.849294126e-01,-1.230451316e-01,2.273060568e-02,1.977711950e+00,6.999930367e-02,0,0
1.340000000e+00,1.378857306e-02,1.725425061e-02,1.773111803e-01,8.627018287e-03,3.803914199e-03,7.037742985e+00,5.469453407e+00,1.359605435e-01,2.264163048e-16,1.708504484e-17,2.288668352e-17,1.279587900e-02,-2.775654793e-01,-2.553287506e+00,-1.491583824e+00,-9.288213253e-01,-6.925298572e-01,4.414266720e-02,1.622554903e-02,5.055331957e+00,-2.014541952e+00,-5.474344791e-01,-1.417037694e-02,-3.395170413e-03,6.304721310e-01,-5.789833419e-02,6.963630057e-02,6.314327098e-01,-5.727584534e-02,5.589532013e-02,4.849585891e-01,-1.230314299e-01,2.276196890e-02,1.977708178e+00,6.999934465e-02,0,0
1.350000000e+00,1.449502123e-02,1.865059849e-02,1.671976254e-01,9.325164091e-03,3.373139001e-03,6.724894734e+00,5.504911852e+00,1.359625150e-01,5.559951115e-16,2.709724693e-17,1.058749929e-17,1.164481900e-02,-2.776413858e-01,-2.554094076e+00,-1.491577506e+00,-9.323781729e-01,-6.933895350e-01,4.586328939e-02,1.223391307e-01,5.085917585e+00,-2.029303545e+00,-5.514960626e-01,-1.744752485e-02,-2.181357845e-03,6.304559131e-01,-5.781669579e-02,6.993389378e-02,6.314328076e-01,-5.727578328e-02,5.548194818e-02,4.849699438e-01,-1.230253950e-01,2.277391590e-02,1.977713585e+00,6.999932975e-02,0,0
1.360000000e+00,1.520028086e-02,2.032326815e-02,1.872823169e-01,1.016145920e-02,2.968133843e-03,7.754385092e+00,5.457140087e+00,1.359685421e-01,1.008678679e-16,1.398578779e-17,1.163687884e-17,1.245145600e-02,-2.777375281e-01,-2.554862261e+00,-1.491516590e+00,-9.359000921e-01,-6.943657994e-01,4.732096568e-02,1.990408413e-02,5.042332304e+00,-2.014613030e+00,-5.441304068e-01,-1.063333846e-02,-3.172453905e-03,6.304182063e-01,-5.772501943e-02,7.022760821e-02,6.314329055e-01,-5.727572112e-02,5.506789004e-02,4.849562049e-01,-1.230308786e-01,2.276057750e-02,1.977701399e+00,6.999959424e-02,0,0
1.370000000e+00,1.590492216e-02,2.209991453e-02,1.822199748e-01,1.104973240e-02,2.693999924e-03,7.725484402e+00,5.447981988e+00,1.359780727e-01,2.220869525e-16,4.734873626e-17,6.314488766e-18,1.110673400e-02,-2.778519392e-01,-2.555599689e+00,-1.491408944e+00,-9.394012094e-01,-6.954141259e-01,4.872632027e-02,1.350837946e-01,5.031605656e+00,-2.012753280e+00,-5.420510098e-01,-1.431426344e-02,-2.161756458e-03,6.303639654e-01,-5.762999581e-02,7.051818879e-02,6.314330037e-01,-5.727565886e-02,5.465319111e-02,4.849299788e-01,-1.230414584e-01,2.273262851e-02,1.977708676e+00,6.999949366e-02,0,0
1.380000000e+00,1.660852490e-02,2.395210932e-02,2.126242938e-01,1.197576838e-02,2.608938284e-03,8.871911600e+00,5.403752392e+00,1.359905991e-01,4.443771077e-16,5.386030058e-17,1.250926888e-17,1.352674600e-02,-2.779731750e-01,-2.556310177e+00,-1.491261244e+00,-9.428803921e-01,-6.965292096e-01,5.009193718e-02,2.589772382e-02,4.991042784e+00,-2.000960512e+00,-5.342896451e-01,-6.686184185e-03,-2.837832038e-03,6.302953724e-01,-5.752563825e-02,7.080552042e-02,6.314331019e-01,-5.727559651e-02,5.423789687e-02,4.849204719e-01,-1.230460331e-01,2.272267640e-02,1.977707597e+00,6.999963149e-02,0,0
1.390000000e+00,1.730927702e-02,2.582547984e-02,1.763362621e-01,1.291238108e-02,2.716244806e-03,7.834144933e+00,5.434028876e+00,1.360048150e-01,2.261087450e-16,5.561946578e-17,8.845388855e-18,1.222181400e-02,-2.780947983e-01,-2.557006836e+00,-1.491091490e+00,-9.463418126e-01,-6.976276040e-01,5.148882419e-02,7.480397341e-02,5.018766436e+00,-2.010703607e+00,-5.403937593e-01,-1.001038564e-02,-1.740389429e-03,6.302219555e-01,-5.742272004e-02,7.108827113e-02,6.314332003e-01,-5.727553407e-02,5.382205286e-02,4.849132299e-01,-1.230478361e-01,2.271404490e-02,1.977715499e+00,6.999957934e-02,0,0
1.400000000e+00,1.801203301e-02,2.775540698e-02,1.866098892e-01,1.387725804e-02,2.979692700e-03,8.582772662e+00,5.372225692e+00,1.360196432e-01,2.280946994e-16,1.097135459e-17,2.602085214e-18,1.228027400e-02,-2.782201469e-01,-2.557702065e+00,-1.490913868e+00,-9.498180747e-01,-6.987181902e-01,5.289220437e-02,3.018090765e-02,4.961507894e+00,-1.990189573e+00,-5.314461682e-01,-6.505115024e-03,-2.354017288e-03,6.301459061e-01,-5.732272000e-02,7.137160908e-02,6.314332988e-01,-5.727547157e-02,5.340570468e-02,4.849096835e-01,-1.230492964e-01,2.271044813e-02,1.977703118e+00,6.999965012e-02,0,0
1.410000000e+00,1.871739134e-02,2.966946986e-02,1.898017080e-01,1.483419082e-02,3.351759418e-03,9.197868403e+00,5.357111546e+00,1.360350651e-01,6.664234371e-16,1.868354363e-17,1.204977436e-17,1.230262400e-02,-2.783541083e-01,-2.558398724e+00,-1.490728855e+00,-9.533209205e-01,-6.997883320e-01,5.443856865e-02,4.447755447e-02,4.947190050e+00,-1.985670954e+00,-5.282440737e-01,-6.153817167e-03,-2.767891578e-03,6.300680941e-01,-5.723088546e-02,7.165637514e-02,6.314333975e-01,-5.727540899e-02,5.298889800e-02,4.849080145e-01,-1.230509132e-01,2.270878665e-02,1.977701926e+00,6.999971718e-02,0,0
1.420000000e+00,1.942551480e-02,3.158939733e-02,2.098374686e-01,1.579404195e-02,3.782184184e-03,1.036315142e+01,5.338059544e+00,1.360510084e-01,2.222698015e-16,7.757919229e-17,1.163687884e-17,1.349489500e-02,-2.784870863e-01,-2.559091806e+00,-1.490537405e+00,-9.568374157e-01,-7.008286119e-01,5.606853589e-02,7.694201550e-02,4.931359585e+00,-1.974249435e+00,-5.224314776e-01,-6.626437640e-03,-3.588452287e-03,6.299899420e-01,-5.714278213e-02,7.194302857e-02,6.314334962e-01,-5.727534635e-02,5.257167851e-02,4.849079847e-01,-1.230508462e-01,2.270879410e-02,1.977702860e+00,6.999973953e-02,0,0
1.430000000e+00,2.013244923e-02,3.350884119e-02,1.983616752e-01,1.675363675e-02,4.228877697e-03,1.022864120e+01,5.342473722e+00,1.360663705e-01,4.455031979e-16,2.525795507e-17,1.301042607e-18,1.336722500e-02,-2.786194682e-01,-2.559797764e+00,-1.490354180e+00,-9.603731632e-01,-7.018101215e-01,5.778621882e-02,4.184899036e-02,4.936267333e+00,-1.974805353e+00,-5.231080944e-01,-5.425765837e-03,-3.353862130e-03,6.299156559e-01,-5.706406421e-02,7.222812393e-02,6.314335950e-01,-5.727528366e-02,5.215409197e-02,4.849076569e-01,-1.230498403e-01,2.270838618e-02,1.977706948e+00,6.999973953e-02,0,0
1.440000000e+00,2.084482275e-02,3.545809634e-02,2.074382083e-01,1.772811942e-02,4.688025791e-03,1.118891901e+01,5.303221217e+00,1.360805351e-01,4.483496775e-16,4.967492065e-17,3.903127821e-18,1.353447600e-02,-2.787566781e-01,-2.560521841e+00,-1.490187168e+00,-9.639585018e-01,-7.027582526e-01,5.959856510e-02,7.113390283e-02,4.899847618e+00,-1.960510028e+00,-5.166553108e-01,-6.094086069e-03,-4.375933954e-03,6.298450670e-01,-5.699447405e-02,7.251848629e-02,6.314336939e-01,-5.727522092e-02,5.173618418e-02,4.849111438e-01,-1.230494231e-01,2.271211706e-02,1.977701164e+00,6.999971718e-02,0,0
1.450000000e+00,2.155152837e-02,3.745071830e-02,1.987567988e-01,1.872426486e-02,5.167060943e-03,1.124894305e+01,5.304256563e+00,1.360933727e-01,2.236750862e-16,4.046035656e-17,3.476216611e-17,1.125973500e-02,-2.788824141e-01,-2.561258554e+00,-1.490037441e+00,-9.675246477e-01,-7.036738396e-01,6.132679060e-02,1.706271241e-01,4.899131665e+00,-1.958964950e+00,-5.166045936e-01,-9.544807865e-03,-4.231873477e-03,6.297778860e-01,-5.692326324e-02,7.280293795e-02,6.314337928e-01,-5.727515813e-02,5.131800096e-02,4.849143028e-01,-1.230482087e-01,2.271569148e-02,1.977701334e+00,6.999949738e-02,0,0
1.460000000e+00,2.226725829e-02,3.950111847e-02,1.898980922e-01,1.974927519e-02,5.667316053e-03,1.095918535e+01,5.312053279e+00,1.361046538e-01,2.246182228e-16,4.308963723e-17,1.390486644e-17,1.190476100e-02,-2.790011168e-01,-2.562004328e+00,-1.489908218e+00,-9.711229801e-01,-7.045797110e-01,6.306197494e-02,8.771526391e-02,4.910769907e+00,-1.956337891e+00,-5.169513365e-01,-6.749791389e-03,-3.578165316e-03,6.297142760e-01,-5.685002296e-02,7.309627771e-02,6.314338918e-01,-5.727509532e-02,5.089958816e-02,4.849169850e-01,-1.230469942e-01,2.271850221e-02,1.977693136e+00,6.999970973e-02,0,0
1.470000000e+00,2.297768296e-02,4.151011406e-02,1.915996219e-01,2.075356695e-02,6.171233827e-03,1.134928495e+01,5.257533640e+00,1.361144409e-01,2.400273756e-16,1.110764993e-17,5.553824967e-18,1.255034700e-02,-2.791305184e-01,-2.562769890e+00,-1.489797831e+00,-9.747161269e-01,-7.055166960e-01,6.496125460e-02,1.602706190e-01,4.859244294e+00,-1.935248938e+00,-5.083715104e-01,-8.792812665e-03,-3.290955700e-03,6.296482001e-01,-5.677854814e-02,7.338379432e-02,6.314339909e-01,-5.727503247e-02,5.048099169e-02,4.849213064e-01,-1.230450720e-01,2.272335254e-02,1.977692745e+00,6.999979541e-02,0,0
1.480000000e+00,2.369829673e-02,4.359178255e-02,1.914981756e-01,2.179416559e-02,6.686606369e-03,1.179073612e+01,5.300185956e+00,1.361227815e-01,6.681326371e-16,3.804545602e-17,2.056671795e-17,1.195171100e-02,-2.792489231e-01,-2.563550234e+00,-1.489706874e+00,-9.783666730e-01,-7.064278722e-01,6.686194241e-02,1.683399148e-01,4.899921505e+00,-1.947209760e+00,-5.125203123e-01,-9.224292199e-03,-3.752800389e-03,6.295870139e-01,-5.670520195e-02,7.368159152e-02,6.314340900e-01,-5.727496961e-02,5.006225743e-02,4.849293530e-01,-1.230417490e-01,2.273198590e-02,1.977677832e+00,6.999949738e-02,0,0
1.490000000e+00,2.441288830e-02,4.571252413e-02,1.937453941e-01,2.285427206e-02,7.216838078e-03,1.207024570e+01,5.287523836e+00,1.361291016e-01,1.154112715e-16,2.088883680e-17,1.390486644e-17,1.260359700e-02,-2.793453336e-01,-2.564347744e+00,-1.489642262e+00,-9.819947481e-01,-7.072991133e-01,6.863616407e-02,1.280334661e-01,4.890199295e+00,-1.940866348e+00,-5.103333784e-01,-6.996427789e-03,-3.913404775e-03,6.295318132e-01,-5.662524097e-02,7.397341313e-02,6.314341891e-01,-5.727490673e-02,4.964343130e-02,4.849435091e-01,-1.230355203e-01,2.274742536e-02,1.977679579e+00,6.999953091e-02,0,0
1.500000000e+00,2.513203736e-02,4.789219545e-02,2.011941707e-01,2.394380928e-02,7.759658830e-03,1.249302393e+01,5.258638632e+00,1.361336024e-01,4.467982288e-16,1.110764993e-17,4.513615811e-17,1.144049700e-02,-2.794231176e-01,-2.565159082e+00,-1.489601970e+00,-9.856458902e-01,-7.081127763e-01,7.031580061e-02,1.461194144e-01,4.864894150e+00,-1.926373634e+00,-5.037398249e-01,-7.313958538e-03,-3.406159912e-03,6.294845455e-01,-5.654395011e-02,7.427018960e-02,6.314342882e-01,-5.727484384e-02,4.922455925e-02,4.849571288e-01,-1.230293587e-01,2.276183292e-02,1.977686740e+00,6.999948621e-02,0,0
1.510000000e+00,2.584843740e-02,5.009057874e-02,2.010928586e-01,2.504267110e-02,8.316103515e-03,1.299725268e+01,5.220987123e+00,1.361357633e-01,8.861109471e-17,3.069039122e-17,3.576224061e-18,1.220933400e-02,-2.794912457e-01,-2.565991640e+00,-1.489592075e+00,-9.892929792e-01,-7.089074850e-01,7.195848227e-02,1.560904341e-01,4.830132491e+00,-1.911875485e+00,-4.988224151e-01,-7.298687294e-03,-4.181977130e-03,6.294419316e-01,-5.646057547e-02,7.456435380e-02,6.314343873e-01,-5.727478095e-02,4.880568719e-02,4.849765301e-01,-1.230214760e-01,2.278234996e-02,1.977679223e+00,6.999958679e-02,0,0
1.520000000e+00,2.656996681e-02,5.229772321e-02,2.227481339e-01,2.614588177e-02,8.858886910e-03,1.395805323e+01,5.229983896e+00,1.361366109e-01,3.395330703e-16,2.194270918e-17,2.428612866e-17,1.310440200e-02,-2.795530558e-01,-2.566836834e+00,-1.489599943e+00,-9.929744005e-01,-7.096468806e-01,7.366501540e-02,7.858593726e-02,4.842102929e+00,-1.911368830e+00,-4.972219668e-01,-3.310223657e-03,-4.856385150e-03,6.294053094e-01,-5.638291646e-02,7.486421492e-02,6.314344864e-01,-5.727471807e-02,4.838686107e-02,4.849976599e-01,-1.230123565e-01,2.280499227e-02,1.977674597e+00,6.999962404e-02,0,0
1.530000000e+00,2.728872697e-02,5.448192359e-02,2.142560083e-01,2.723759280e-02,9.385213812e-03,1.389897452e+01,5.221616618e+00,1.361359424e-01,2.245110192e-16,4.819909745e-17,1.824039257e-17,1.178092000e-02,-2.796160281e-01,-2.567696810e+00,-1.489627600e+00,-9.966539741e-01,-7.103570700e-01,7.545285672e-02,7.442901416e-02,4.834972153e+00,-1.906979403e+00,-4.961698100e-01,-2.870711683e-03,-4.640735506e-03,6.293717865e-01,-5.631118297e-02,7.516171431e-02,6.314345855e-01,-5.727465521e-02,4.796812681e-02,4.850200117e-01,-1.230028272e-01,2.282876149e-02,1.977682339e+00,6.999965385e-02,0,0
1.540000000e+00,2.801030597e-02,5.666437935e-02,2.009187321e-01,2.832839939e-02,9.895126578e-03,1.371113558e+01,5.214387066e+00,1.361340587e-01,9.238522275e-17,3.576224061e-17,1.551583846e-17,1.278047900e-02,-2.796781659e-01,-2.568567991e+00,-1.489671469e+00,-1.000355363e+00,-7.110245824e-01,7.731548697e-02,6.651529618e-02,4.830348464e+00,-1.899634961e+00,-4.944692288e-01,-3.535314815e-03,-4.075669496e-03,6.293424575e-01,-5.624634087e-02,7.546265494e-02,6.314346845e-01,-5.727459236e-02,4.754953033e-02,4.850421846e-01,-1.229929477e-01,2.285207994e-02,1.977671229e+00,6.999971345e-02,0,0
1.550000000e+00,2.873411738e-02,5.885060721e-02,2.119092186e-01,2.942105748e-02,1.039676487e-02,1.444666234e+01,5.196922901e+00,1.361303187e-01,2.264079979e-16,2.359479020e-17,3.576224061e-18,1.226170400e-02,-2.797395885e-01,-2.569456339e+00,-1.489739537e+00,-1.004076242e+00,-7.116784453e-01,7.926259190e-02,6.641859078e-02,4.815076223e+00,-1.891576817e+00,-4.904556786e-01,-2.584447627e-03,-4.568095300e-03,6.293162418e-01,-5.618395280e-02,7.576626945e-02,6.314347835e-01,-5.727452955e-02,4.713111754e-02,4.850674570e-01,-1.229823902e-01,2.287837863e-02,1.977670067e+00,6.999971718e-02,0,0
1.560000000e+00,2.945384747e-02,6.103162324e-02,2.213509785e-01,3.051107571e-02,1.088704894e-02,1.507523407e+01,5.191903376e+00,1.361249180e-01,4.457100143e-16,4.579801393e-17,1.390486644e-17,1.283823000e-02,-2.797946036e-01,-2.570363283e+00,-1.489829421e+00,-1.007797956e+00,-7.122859955e-01,8.122891188e-02,7.250258839e-02,4.810788551e+00,-1.888844801e+00,-4.890317576e-01,-1.842780569e-03,-5.237271415e-03,6.292950208e-01,-5.612559996e-02,7.606647291e-02,6.314348825e-01,-5.727446676e-02,4.671293432e-02,4.850953817e-01,-1.229704246e-01,2.290778793e-02,1.977668738e+00,6.999965385e-02,0,0
1.570000000e+00,3.017845222e-02,6.323188354e-02,2.064888687e-01,3.161067499e-02,1.137439763e-02,1.482481042e+01,5.182052923e+00,1.361180521e-01,4.448018398e-16,2.647940465e-17,5.899494617e-17,1.255244700e-02,-2.798464894e-01,-2.571280956e+00,-1.489938617e+00,-1.011543632e+00,-7.128629088e-01,8.322808892e-02,7.090965145e-02,4.803967384e+00,-1.879828692e+00,-4.865794430e-01,-2.643955694e-03,-4.385799810e-03,6.292777862e-01,-5.607083700e-02,7.637220914e-02,6.314349814e-01,-5.727440402e-02,4.629502653e-02,4.851238728e-01,-1.229582429e-01,2.293753438e-02,1.977661994e+00,6.999966130e-02,0,0
1.580000000e+00,3.087135804e-02,6.535635358e-02,2.084423309e-01,3.267236113e-02,1.186828199e-02,1.487676150e+01,5.166873021e+00,1.361094416e-01,8.884240253e-16,3.469446952e-18,6.505213035e-18,1.217708300e-02,-2.798996866e-01,-2.572219610e+00,-1.490068913e+00,-1.015162826e+00,-7.134696245e-01,8.513444662e-02,1.681316993e-01,4.790608661e+00,-1.867154072e+00,-4.817191003e-01,-6.973058966e-03,-3.311894915e-03,6.292568656e-01,-5.601159861e-02,7.664595652e-02,6.314350802e-01,-5.727434133e-02,4.587743999e-02,4.851644933e-01,-1.229423806e-01,2.297021449e-02,1.977647132e+00,6.999956816e-02,0,0
1.590000000e+00,3.159418688e-02,6.762809306e-02,1.854625149e-01,3.380760313e-02,1.243820213e-02,1.452619203e+01,5.205994480e+00,1.360965638e-01,2.236973679e-16,2.030441771e-17,5.637851297e-18,1.148660700e-02,-2.799370289e-01,-2.573175907e+00,-1.490254521e+00,-1.018871546e+00,-7.141429186e-01,8.697251976e-02,1.328404603e-01,4.827032842e+00,-1.882842261e+00,-4.892394030e-01,-4.780098097e-03,-3.585503126e-03,6.292409551e-01,-5.593400834e-02,7.694961080e-02,6.314351789e-01,-5.727427869e-02,4.546022050e-02,4.851957560e-01,-1.229287982e-01,2.300243638e-02,1.977651225e+00,6.999956816e-02,0,0
1.600000000e+00,3.231822503e-02,6.989691618e-02,2.033943596e-01,3.494134421e-02,1.299753502e-02,1.540460452e+01,5.162799800e+00,1.360823798e-01,2.229731292e-16,2.359479020e-17,1.754130557e-17,1.147261700e-02,-2.799639702e-01,-2.574140072e+00,-1.490457058e+00,-1.022581935e+00,-7.147985101e-01,8.886553347e-02,6.277059982e-02,4.789670996e+00,-1.864875685e+00,-4.814913617e-01,-8.634193609e-04,-4.168028240e-03,6.292276914e-01,-5.585307149e-02,7.725481832e-02,6.314352775e-01,-5.727421611e-02,4.504341381e-02,4.852321148e-01,-1.229135916e-01,2.304050513e-02,1.977639374e+00,6.999967992e-02,0,0
1.610000000e+00,3.303612327e-02,7.215361662e-02,2.198042239e-01,3.606898294e-02,1.355057920e-02,1.630483052e+01,5.159496996e+00,1.360668832e-01,3.344703078e-16,0.000000000e+00,1.015220886e-17,1.325728300e-02,-2.799828053e-01,-2.575116634e+00,-1.490676761e+00,-1.026275277e+00,-7.154031396e-01,9.072510153e-02,2.358533299e-02,4.787509229e+00,-1.862805452e+00,-4.790995382e-01,1.896266758e-03,-4.924010497e-03,6.292189995e-01,-5.577561042e-02,7.755467539e-02,6.314353760e-01,-5.727415361e-02,4.462706564e-02,4.852723181e-01,-1.228962764e-01,2.308192477e-02,1.977637317e+00,6.999955699e-02,0,0
1.620000000e+00,3.375546909e-02,7.440571845e-02,1.992091396e-01,3.719427803e-02,1.408533441e-02,1.603514677e+01,5.174529497e+00,1.360502550e-01,4.461775299e-16,1.040834086e-17,1.441622007e-17,1.143523600e-02,-2.799936235e-01,-2.576099634e+00,-1.490911603e+00,-1.029975295e+00,-7.159418464e-01,9.260983020e-02,1.303383040e-01,4.800672096e+00,-1.865601734e+00,-4.814712093e-01,-3.019111327e-03,-4.625498318e-03,6.292163545e-01,-5.570425054e-02,7.785706536e-02,6.314354744e-01,-5.727409117e-02,4.421122163e-02,4.853097200e-01,-1.228800267e-01,2.311961539e-02,1.977634243e+00,6.999966502e-02,0,0
1.630000000e+00,3.447780166e-02,7.668485988e-02,2.145421385e-01,3.833303583e-02,1.463456425e-02,1.685438503e+01,5.103927584e+00,1.360320827e-01,2.221707770e-16,1.387778781e-17,2.088883680e-17,1.264433800e-02,-2.799956501e-01,-2.577095985e+00,-1.491166592e+00,-1.033695936e+00,-7.164573073e-01,9.446425736e-02,8.579942838e-02,4.737935487e+00,-1.836725431e+00,-4.702077419e-01,-8.826550858e-04,-5.113702960e-03,6.292172396e-01,-5.563161373e-02,7.816306689e-02,6.314355727e-01,-5.727402882e-02,4.379592739e-02,4.853493571e-01,-1.228629872e-01,2.316017076e-02,1.977633367e+00,6.999960914e-02,0,0
1.640000000e+00,3.519652939e-02,7.895376431e-02,2.046080654e-01,3.946662933e-02,1.517980873e-02,1.685558743e+01,5.136581189e+00,1.360126926e-01,7.781004692e-16,3.198672042e-17,2.117943919e-17,1.109532300e-02,-2.799893916e-01,-2.578099728e+00,-1.491437316e+00,-1.037398577e+00,-7.169378996e-01,9.630116075e-02,1.457529686e-01,4.768376081e+00,-1.844438824e+00,-4.730994795e-01,-3.490361548e-03,-4.696436856e-03,6.292214819e-01,-5.555964529e-02,7.846618465e-02,6.314356708e-01,-5.727396656e-02,4.338122846e-02,4.853933752e-01,-1.228436530e-01,2.320379391e-02,1.977643178e+00,6.999953464e-02,0,0
1.650000000e+00,3.591020662e-02,8.122418747e-02,1.950049977e-01,4.060093078e-02,1.573480664e-02,1.645638896e+01,5.085167076e+00,1.359912647e-01,4.456758329e-16,1.430489625e-17,8.673617380e-18,1.255277600e-02,-2.799760401e-01,-2.579121828e+00,-1.491734385e+00,-1.041088820e+00,-7.173882127e-01,9.808523953e-02,1.158149477e-01,4.722384014e+00,-1.824134080e+00,-4.659598693e-01,-1.993016211e-03,-3.550082311e-03,6.292301669e-01,-5.548876056e-02,7.876509652e-02,6.314357688e-01,-5.727390440e-02,4.296717031e-02,4.854403734e-01,-1.228237525e-01,2.325162478e-02,1.977641513e+00,6.999972463e-02,0,0
1.660000000e+00,3.663862416e-02,8.349030601e-02,2.747346349e-01,4.173302948e-02,1.628056941e-02,1.912696225e+01,4.950442839e+00,1.359730821e-01,3.369934766e-16,1.551583846e-17,1.398578779e-17,1.100454300e-02,-2.799817920e-01,-2.580092907e+00,-1.491988182e+00,-1.044776320e+00,-7.179403305e-01,1.000232249e-01,1.252365280e-01,4.596828985e+00,-1.779416513e+00,-4.404598121e-01,4.117834766e-03,-4.297696442e-03,6.292222832e-01,-5.541083121e-02,7.907800977e-02,6.314358666e-01,-5.727384234e-02,4.255379836e-02,4.854514301e-01,-1.228179708e-01,2.325163968e-02,1.977579907e+00,6.999943033e-02,0,0
1.670000000e+00,3.732714774e-02,8.564283673e-02,1.433515877e-01,4.280833281e-02,1.694994900e-02,1.443980124e+01,5.124016935e+00,1.359638182e-01,2.221275986e-16,1.471961680e-17,7.059813062e-18,1.348640600e-02,-2.800649107e-01,-2.580939293e+00,-1.492122173e+00,-1.048132658e+00,-7.186814547e-01,1.012363583e-01,1.013442330e-01,4.756424340e+00,-1.842654685e+00,-4.757393305e-01,-6.928789298e-04,-1.312980953e-03,6.291737758e-01,-5.534402307e-02,7.934968517e-02,6.314359643e-01,-5.727378039e-02,4.214115794e-02,4.853969216e-01,-1.228442118e-01,2.316837944e-02,1.977580411e+00,6.999976188e-02,0,0
1.680000000e+00,3.809985454e-02,8.798495915e-02,2.995166059e-01,4.397829089e-02,1.764773769e-02,1.973642727e+01,4.816157479e+00,1.359633257e-01,5.620614489e-16,2.110382192e-17,5.204170428e-18,1.205719200e-02,-2.802086771e-01,-2.581684589e+00,-1.492141485e+00,-1.051780939e+00,-7.197371125e-01,1.030114442e-01,2.680910109e-01,4.464010999e+00,-1.737983199e+00,-4.189375242e-01,2.192261356e-03,-2.609781638e-03,6.290823833e-01,-5.525890994e-02,7.970296490e-02,6.314360617e-01,-5.727371855e-02,4.172929429e-02,4.854646623e-01,-1.228152961e-01,2.323363721e-02,1.977579591e+00,6.999900565e-02,0,0
1.690000000e+00,3.884182039e-02,9.029879520e-02,1.793566492e-01,4.513405990e-02,1.852762414e-02,1.456207229e+01,5.027264804e+00,1.359694059e-01,2.223366392e-16,5.030885008e-17,1.127570259e-17,1.270462800e-02,-2.804144025e-01,-2.582318783e+00,-1.492073894e+00,-1.055140734e+00,-7.207650542e-01,1.036304906e-01,1.968561174e-01,4.661063719e+00,-1.815460979e+00,-4.617630116e-01,3.605397577e-04,5.597298364e-04,6.289745042e-01,-5.521308876e-02,8.002718341e-02,6.314361590e-01,-5.727365684e-02,4.131825258e-02,4.854386747e-01,-1.228374094e-01,2.311685681e-02,1.977578288e+00,6.999946386e-02,0,0
1.700000000e+00,3.931870672e-02,9.183208509e-02,1.958045587e-01,4.589991025e-02,1.917189066e-02,1.753345750e+01,5.019788781e+00,1.359608635e-01,2.360499115e-16,2.709724693e-17,0.000000000e+00,1.316769300e-02,-2.805449069e-01,-2.583161354e+00,-1.492191434e+00,-1.057546377e+00,-7.215345502e-01,1.038204432e-01,2.229291976e-01,4.656997763e+00,-1.803972692e+00,-4.545598959e-01,5.305243444e-04,-3.370249053e-03,6.289039509e-01,-5.516662594e-02,8.008854252e-02,6.314362560e-01,-5.727359526e-02,4.090807788e-02,4.853013754e-01,-1.229058653e-01,2.288508043e-02,1.977692154e+00,7.000037655e-02,0,0
1.710000000e+00,4.000435366e-02,9.389415005e-02,1.673089509e-01,4.692983148e-02,1.974922840e-02,1.691170677e+01,5.071418419e+00,1.359533445e-01,1.205305171e-16,1.398578779e-17,5.818439422e-18,1.268516800e-02,-2.806704342e-01,-2.583997726e+00,-1.492300510e+00,-1.060912728e+00,-7.224848270e-01,1.056747586e-01,1.294807937e-01,4.706467795e+00,-1.826257813e+00,-4.652305307e-01,2.773247616e-03,-3.957874375e-03,6.288258738e-01,-5.508894844e-02,8.035808383e-02,6.314363529e-01,-5.727353382e-02,4.049881518e-02,4.853115678e-01,-1.229024604e-01,2.289100736e-02,1.977667331e+00,7.000009343e-02,0,0
1.720000000e+00,4.069775391e-02,9.598547028e-02,1.809922661e-01,4.797431363e-02,2.027641672e-02,1.791086745e+01,5.055618544e+00,1.359419139e-01,6.679345728e-16,3.576224061e-17,1.388456242e-17,1.307374200e-02,-2.807602286e-01,-2.584887028e+00,-1.492462516e+00,-1.064389229e+00,-7.232505083e-01,1.076820791e-01,1.941794720e-01,4.693529566e+00,-1.812090308e+00,-4.568048057e-01,2.774019250e-04,-3.379312256e-03,6.287704398e-01,-5.502126255e-02,8.063834673e-02,6.314364495e-01,-5.727347252e-02,4.009050936e-02,4.853332341e-01,-1.228931248e-01,2.291420102e-02,1.977672167e+00,6.999973953e-02,0,0
1.730000000e+00,4.139786038e-02,9.814739708e-02,1.865553316e-01,4.905400413e-02,2.082815677e-02,1.834469667e+01,5.029578788e+00,1.359257001e-01,3.551282328e-16,1.734723476e-18,1.078331587e-17,1.295861100e-02,-2.808116078e-01,-2.585822105e+00,-1.492688060e+00,-1.067929506e+00,-7.238717079e-01,1.095446274e-01,1.500672978e-01,4.671549142e+00,-1.801014410e+00,-4.550746486e-01,1.552338922e-03,-4.790598728e-03,6.287365637e-01,-5.495575179e-02,8.092785811e-02,6.314365459e-01,-5.727341137e-02,3.968320519e-02,4.853608906e-01,-1.228822544e-01,2.294323780e-02,1.977672633e+00,6.999957189e-02,0,0
1.740000000e+00,4.209159169e-02,1.002304414e-01,1.505828582e-01,5.009424562e-02,2.140186733e-02,1.735554730e+01,5.031715716e+00,1.359193262e-01,6.672133306e-16,1.734723476e-17,4.906538933e-18,1.255591700e-02,-2.808994055e-01,-2.586632252e+00,-1.492782950e+00,-1.071305990e+00,-7.247169018e-01,1.113151014e-01,2.016481262e-01,4.671321343e+00,-1.802500224e+00,-4.552397978e-01,-8.541440195e-05,-2.766469767e-03,6.286621279e-01,-5.487004307e-02,8.120818004e-02,6.314366420e-01,-5.727335038e-02,3.927694733e-02,4.853000045e-01,-1.229046881e-01,2.288372628e-02,1.977686335e+00,6.999943405e-02,0,0
1.750000000e+00,4.278877912e-02,1.023569595e-01,2.463749671e-01,5.115614123e-02,2.210630688e-02,1.964390282e+01,4.820003525e+00,1.359193258e-01,2.510514086e-16,3.141717837e-17,1.636534854e-17,1.171678900e-02,-2.810395360e-01,-2.587357759e+00,-1.492792010e+00,-1.074597597e+00,-7.258645892e-01,1.127822101e-01,1.439031162e-01,4.474712145e+00,-1.735291225e+00,-4.211043494e-01,1.027255753e-02,-2.657507608e-03,6.285470922e-01,-5.476322050e-02,8.148902004e-02,6.314367379e-01,-5.727328955e-02,3.887178035e-02,4.852533340e-01,-1.229219362e-01,2.283504233e-02,1.977844174e+00,6.999924406e-02,0,0
1.760000000e+00,4.340485406e-02,1.042409812e-01,1.805390863e-01,5.209689585e-02,2.281362947e-02,1.768567426e+01,4.979242424e+00,1.359205310e-01,1.350196975e-16,1.387778781e-17,2.083474391e-17,1.327838300e-02,-2.812087536e-01,-2.588063240e+00,-1.492782950e+00,-1.077496529e+00,-7.270048857e-01,1.137402058e-01,9.600561985e-02,4.622783006e+00,-1.792612461e+00,-4.471659534e-01,9.764738337e-03,-1.772000478e-03,6.284246165e-01,-5.467416750e-02,8.168988170e-02,6.314368335e-01,-5.727322889e-02,3.846774866e-02,4.851366878e-01,-1.229717359e-01,2.268983424e-02,1.977839102e+00,6.999987364e-02,0,0
1.770000000e+00,4.407742053e-02,1.062488835e-01,1.578662913e-01,5.309945725e-02,2.339455640e-02,1.801933061e+01,5.002433033e+00,1.359178314e-01,1.788112031e-17,3.576224061e-17,1.939479807e-18,1.184136000e-02,-2.813667953e-01,-2.588841200e+00,-1.492827892e+00,-1.080785155e+00,-7.280233502e-01,1.155833080e-01,1.198411044e-01,4.645111950e+00,-1.796798104e+00,-4.520727163e-01,6.545286990e-03,-3.650052735e-03,6.283193866e-01,-5.460037284e-02,8.195061288e-02,6.314369288e-01,-5.727316841e-02,3.806489658e-02,4.851376414e-01,-1.229712144e-01,2.269058861e-02,1.977836449e+00,7.000012696e-02,0,0
1.780000000e+00,4.475677386e-02,1.082738102e-01,2.056864465e-01,5.411046488e-02,2.388543147e-02,2.019168774e+01,4.957189182e+00,1.359089709e-01,3.361653415e-16,6.059128614e-17,1.769077771e-17,1.306286200e-02,-2.814835906e-01,-2.589700460e+00,-1.492955804e+00,-1.084215522e+00,-7.287642360e-01,1.176809669e-01,1.177917751e-01,4.606363460e+00,-1.774142460e+00,-4.400031327e-01,7.357744720e-03,-5.196467022e-03,6.282485588e-01,-5.454957784e-02,8.222317043e-02,6.314370238e-01,-5.727310811e-02,3.766326828e-02,4.851507246e-01,-1.229649931e-01,2.270379104e-02,1.977825640e+00,6.999985874e-02,0,0
1.790000000e+00,4.548718467e-02,1.104577988e-01,2.610337307e-01,5.520082687e-02,2.445414639e-02,2.225481937e+01,4.770927080e+00,1.359043411e-01,8.947197896e-16,1.250926888e-17,3.469446952e-17,1.186812000e-02,-2.816206515e-01,-2.590493441e+00,-1.493028879e+00,-1.087794900e+00,-7.296088934e-01,1.197542921e-01,2.194985016e-01,4.431164520e+00,-1.707046686e+00,-4.052904449e-01,7.879129719e-03,-3.973499376e-03,6.281605725e-01,-5.449214889e-02,8.254662248e-02,6.314371186e-01,-5.727304800e-02,3.726290780e-02,4.851857722e-01,-1.229584664e-01,2.273268625e-02,1.977986202e+00,6.999916211e-02,0,0
1.800000000e+00,4.608839788e-02,1.122821448e-01,1.594579762e-01,5.611158596e-02,2.508979738e-02,1.792446795e+01,4.981437799e+00,1.359036058e-01,1.398578779e-17,5.230126551e-17,3.878959614e-18,1.277413800e-02,-2.817930281e-01,-2.591233492e+00,-1.493047953e+00,-1.090730786e+00,-7.303923368e-01,1.206471100e-01,1.735180092e-01,4.626303758e+00,-1.784310551e+00,-4.450917147e-01,7.452941961e-03,-1.120012581e-03,6.280638198e-01,-5.446368838e-02,8.274270466e-02,6.314372130e-01,-5.727298809e-02,3.686385906e-02,4.851422012e-01,-1.229888201e-01,2.261030674e-02,1.978004806e+00,6.999979913e-02,0,0
1.810000000e+00,4.677185927e-02,1.142911108e-01,1.881628218e-01,5.711445791e-02,2.560709433e-02,2.061545083e+01,4.933550855e+00,1.359008641e-01,2.223577863e-16,4.336808690e-17,1.734858996e-17,1.235137500e-02,-2.819386423e-01,-2.592007160e+00,-1.493095160e+00,-1.094097495e+00,-7.312229872e-01,1.226482317e-01,1.710648446e-01,4.584552792e+00,-1.761657701e+00,-4.347991717e-01,4.756902867e-03,-5.074539098e-03,6.279683840e-01,-5.441170780e-02,8.302136754e-02,6.314373071e-01,-5.727292839e-02,3.646616581e-02,4.851264656e-01,-1.229956001e-01,2.259251848e-02,1.978004344e+00,6.999992207e-02,0,0
1.820000000e+00,4.740785658e-02,1.161392532e-01,7.936753356e-02,5.803699617e-02,2.613441953e-02,1.651625568e+01,5.001741951e+00,1.359033481e-01,1.110841187e-16,9.984214454e-18,3.127317221e-18,1.112809300e-02,-2.821048796e-01,-2.592721701e+00,-1.493072510e+00,-1.097200871e+00,-7.321109772e-01,1.243174151e-01,1.726526920e-01,4.646245820e+00,-1.787689434e+00,-4.518580672e-01,1.899970981e-03,-7.320797351e-04,6.278549317e-01,-5.435969026e-02,8.325232782e-02,6.314374009e-01,-5.727286889e-02,3.606987165e-02,4.850809872e-01,-1.230136305e-01,2.254716121e-02,1.977970219e+00,6.999942660e-02,0,0
1.830000000e+00,4.807977153e-02,1.181325904e-01,1.014676739e-01,5.903195582e-02,2.676447583e-02,1.785448907e+01,5.001781317e+00,1.359083104e-01,2.331574188e-16,1.110764993e-17,3.634908046e-18,1.256520600e-02,-2.823013961e-01,-2.593398094e+00,-1.493016481e+00,-1.100417376e+00,-7.332301140e-01,1.259955913e-01,1.790919219e-01,4.645488154e+00,-1.789479844e+00,-4.504745801e-01,3.136128040e-03,-2.635521612e-03,6.277160414e-01,-5.428703576e-02,8.351747373e-02,6.314374943e-01,-5.727280961e-02,3.567502006e-02,4.850657880e-01,-1.230223104e-01,2.253241651e-02,1.977991197e+00,6.999950483e-02,0,0
1.840000000e+00,4.870473892e-02,1.199267048e-01,1.917531460e-01,5.992742479e-02,2.728192279e-02,2.140001726e+01,4.825156048e+00,1.359095101e-01,1.455831215e-16,1.868354363e-17,4.336808690e-18,1.127347500e-02,-2.824659944e-01,-2.594093561e+00,-1.493009567e+00,-1.103404522e+00,-7.341375947e-01,1.276208460e-01,1.908353465e-01,4.485844454e+00,-1.717592782e+00,-4.155911967e-01,7.516069836e-03,-3.845978406e-03,6.276018959e-01,-5.423112436e-02,8.373975555e-02,6.314375874e-01,-5.727275055e-02,3.528165433e-02,4.850357473e-01,-1.230342314e-01,2.250009030e-02,1.977987433e+00,6.999993324e-02,0,0
1.850000000e+00,4.938180773e-02,1.217940809e-01,1.793574136e-01,6.085940847e-02,2.770564287e-02,2.142449478e+01,4.807422824e+00,1.359060097e-01,2.593487743e-16,3.029564307e-17,2.438274027e-17,1.155944800e-02,-2.825974822e-01,-2.594780922e+00,-1.493065834e+00,-1.106525302e+00,-7.348721027e-01,1.296314001e-01,2.332042860e-01,4.467053856e+00,-1.711969633e+00,-4.140900860e-01,5.680436239e-03,-4.114129870e-03,6.275144238e-01,-5.418622360e-02,8.401867581e-02,6.314376801e-01,-5.727269172e-02,3.488981759e-02,4.850361049e-01,-1.230344847e-01,2.250002697e-02,1.977988651e+00,6.999972090e-02,0,0
1.860000000e+00,5.004462152e-02,1.235903273e-01,1.723210979e-01,6.175584221e-02,2.811340464e-02,2.143646398e+01,4.834738176e+00,1.359037847e-01,2.248061243e-16,1.962615573e-17,7.152448123e-18,1.313272300e-02,-2.827220559e-01,-2.595434904e+00,-1.493105292e+00,-1.109526277e+00,-7.355500460e-01,1.314833909e-01,2.395937341e-01,4.492413709e+00,-1.720850237e+00,-4.172933006e-01,5.627362893e-03,-4.029688820e-03,6.274289293e-01,-5.414550010e-02,8.428523711e-02,6.314377724e-01,-5.727263313e-02,3.449955282e-02,4.850360155e-01,-1.230343357e-01,2.250000089e-02,1.977989279e+00,6.999965757e-02,0,0
1.870000000e+00,5.069687835e-02,1.253383304e-01,1.734489873e-01,6.262815184e-02,2.850888169e-02,2.167372747e+01,4.766885052e+00,1.359021815e-01,3.338601972e-16,2.860979249e-17,1.667416936e-17,1.321960300e-02,-2.828395069e-01,-2.596069813e+00,-1.493136525e+00,-1.112449050e+00,-7.361857891e-01,1.332373172e-01,2.224768908e-01,4.430511462e+00,-1.696300772e+00,-4.083728663e-01,6.602186042e-03,-4.126670471e-03,6.273452986e-01,-5.410674241e-02,8.454305412e-02,6.314378644e-01,-5.727257478e-02,3.411090281e-02,4.850360155e-01,-1.230344996e-01,2.249998227e-02,1.977988218e+00,6.999965012e-02,0,0
1.880000000e+00,5.134367096e-02,1.270450426e-01,1.493877486e-01,6.347980984e-02,2.887551414e-02,2.102746811e+01,4.772922288e+00,1.359009440e-01,1.726572812e-17,1.734723476e-18,1.932193070e-17,1.210591300e-02,-2.829533219e-01,-2.596689701e+00,-1.493163109e+00,-1.115324140e+00,-7.367695570e-01,1.349902153e-01,2.096097175e-01,4.436963997e+00,-1.697686039e+00,-4.098900254e-01,6.595803385e-03,-3.193559238e-03,6.272646909e-01,-5.407390564e-02,8.479763430e-02,6.314379560e-01,-5.727251668e-02,3.372391019e-02,4.850360751e-01,-1.230344996e-01,2.249994315e-02,1.977987197e+00,6.999968365e-02,0,0
1.890000000e+00,5.198324403e-02,1.287216103e-01,1.403498859e-01,6.431638059e-02,2.923231571e-02,2.086570540e+01,4.785680516e+00,1.358990744e-01,4.441171611e-16,1.962615573e-17,1.237511228e-17,1.253208700e-02,-2.830635309e-01,-2.597303867e+00,-1.493197680e+00,-1.118145943e+00,-7.373331785e-01,1.367063969e-01,1.901112511e-01,4.449505200e+00,-1.702675179e+00,-4.114956504e-01,7.738834703e-03,-2.803260476e-03,6.271864557e-01,-5.404231037e-02,8.504691238e-02,6.314380471e-01,-5.727245884e-02,3.333861739e-02,4.850361049e-01,-1.230344921e-01,2.249992266e-02,1.977989751e+00,6.999962777e-02,0,0
1.900000000e+00,5.261675602e-02,1.303792294e-01,1.544485755e-01,6.514345193e-02,2.959302434e-02,2.171675454e+01,4.775253302e+00,1.358973111e-01,1.112465397e-16,7.757919229e-18,1.051843754e-17,1.326207400e-02,-2.831724286e-01,-2.597908974e+00,-1.493230581e+00,-1.120925784e+00,-7.378955483e-01,1.383607686e-01,2.251673881e-01,4.439315753e+00,-1.696539777e+00,-4.080568516e-01,7.016746846e-03,-3.541992934e-03,6.271074029e-01,-5.400983098e-02,8.529170186e-02,6.314381379e-01,-5.727240125e-02,3.295506666e-02,4.850360751e-01,-1.230344698e-01,2.249999903e-02,1.977989319e+00,6.999958679e-02,0,0
1.910000000e+00,5.324530470e-02,1.320189922e-01,1.621860799e-01,6.596156984e-02,2.995402565e-02,2.206973593e+01,4.756354021e+00,1.358961014e-01,5.609846021e-16,2.949029909e-17,6.952433222e-18,1.257189700e-02,-2.832772732e-01,-2.598503113e+00,-1.493256211e+00,-1.123673677e+00,-7.384397984e-01,1.399537772e-01,1.950228830e-01,4.423451139e+00,-1.689330822e+00,-4.049864286e-01,9.100609546e-03,-3.770260803e-03,6.270281520e-01,-5.397726790e-02,8.553324883e-02,6.314382282e-01,-5.727234394e-02,3.257330006e-02,4.850359261e-01,-1.230345368e-01,2.249988541e-02,1.977988218e+00,6.999965012e-02,0,0
1.920000000e+00,5.387049772e-02,1.336388000e-01,1.503406520e-01,6.676968820e-02,3.029176491e-02,2.189655599e+01,4.741113166e+00,1.358943931e-01,2.224254432e-16,3.642919300e-17,6.992893893e-18,1.167718900e-02,-2.833834589e-01,-2.599098444e+00,-1.493288398e+00,-1.126409769e+00,-7.389547825e-01,1.416058838e-01,2.155841846e-01,4.409821815e+00,-1.680350373e+00,-4.018721046e-01,7.838882827e-03,-3.009289126e-03,6.269512186e-01,-5.395039200e-02,8.577378011e-02,6.314383181e-01,-5.727228690e-02,3.219335946e-02,4.850360453e-01,-1.230344921e-01,2.249996364e-02,1.977987354e+00,6.999972835e-02,0,0
1.930000000e+00,5.449289421e-02,1.352574805e-01,1.431563417e-01,6.757720036e-02,3.063658458e-02,2.192286399e+01,4.732352903e+00,1.358921750e-01,2.261885844e-16,8.673617380e-18,7.757919229e-18,1.282790900e-02,-2.834874392e-01,-2.599694014e+00,-1.493327022e+00,-1.129131675e+00,-7.394723892e-01,1.432282776e-01,2.067305010e-01,4.401136458e+00,-1.679693872e+00,-4.012093129e-01,8.623581105e-03,-3.096193621e-03,6.268742690e-01,-5.392173856e-02,8.601324188e-02,6.314384076e-01,-5.727223014e-02,3.181528652e-02,4.850362241e-01,-1.230342910e-01,2.249995805e-02,1.977989555e+00,6.999957934e-02,0,0
1.940000000e+00,5.511040925e-02,1.368752771e-01,1.526638266e-01,6.838422738e-02,3.100233005e-02,2.223198884e+01,4.704033067e+00,1.358900419e-01,7.870276966e-16,6.254634441e-18,1.097135459e-17,1.122561400e-02,-2.835861444e-01,-2.600285530e+00,-1.493364215e+00,-1.131829500e+00,-7.400066257e-01,1.447624713e-01,1.490408291e-01,4.377562904e+00,-1.669124902e+00,-3.956421958e-01,1.177939514e-02,-2.739771780e-03,6.267951632e-01,-5.388673646e-02,8.624911703e-02,6.314384966e-01,-5.727217366e-02,3.143912271e-02,4.850358665e-01,-1.230344027e-01,2.249996364e-02,1.977988022e+00,6.999963894e-02,0,0
1.950000000e+00,5.572732654e-02,1.384876481e-01,1.399893117e-01,6.918850333e-02,3.135816481e-02,2.212039578e+01,4.691408797e+00,1.358874451e-01,1.130909661e-16,7.757919229e-18,6.938893904e-18,1.249282600e-02,-2.836865783e-01,-2.600876093e+00,-1.493407369e+00,-1.134522557e+00,-7.405356765e-01,1.463410258e-01,1.996007779e-01,4.365269271e+00,-1.660791223e+00,-3.944378582e-01,9.172911722e-03,-2.714988535e-03,6.267164406e-01,-5.385370574e-02,8.648648210e-02,6.314385851e-01,-5.727211748e-02,3.106490927e-02,4.850360155e-01,-1.230343878e-01,2.249991521e-02,1.977990223e+00,6.999971718e-02,0,0
1.960000000e+00,5.634119632e-02,1.400905762e-01,1.622759857e-01,6.998802443e-02,3.169647517e-02,2.330944286e+01,4.689511306e+00,1.358840919e-01,2.235476599e-16,1.214306433e-17,2.453269467e-18,1.403204000e-02,-2.837919295e-01,-2.601475000e+00,-1.493460417e+00,-1.137220144e+00,-7.410456538e-01,1.479921639e-01,2.433410683e-01,4.361748031e+00,-1.659411120e+00,-3.920749105e-01,8.423959891e-03,-4.070002565e-03,6.266392585e-01,-5.382698869e-02,8.672328151e-02,6.314386732e-01,-5.727206160e-02,3.069268724e-02,4.850360751e-01,-1.230344921e-01,2.249990404e-02,1.977987904e+00,6.999968365e-02,0,0
1.970000000e+00,5.695512744e-02,1.416928970e-01,1.477194372e-01,7.078719770e-02,3.202240658e-02,2.309999729e+01,4.735397937e+00,1.358803037e-01,2.220531810e-16,2.907926437e-17,1.241873016e-17,1.261928800e-02,-2.838973403e-01,-2.602076769e+00,-1.493519306e+00,-1.139928341e+00,-7.415268421e-01,1.496851295e-01,2.585033637e-01,4.404646463e+00,-1.672813916e+00,-3.973484664e-01,7.338123173e-03,-3.621726898e-03,6.265641798e-01,-5.380499380e-02,8.696263186e-02,6.314387608e-01,-5.727200602e-02,3.032249744e-02,4.850360155e-01,-1.230344400e-01,2.249992080e-02,1.977989908e+00,6.999965012e-02,0,0
1.980000000e+00,5.756372987e-02,1.432932087e-01,1.557573850e-01,7.158532361e-02,3.236197004e-02,2.371230484e+01,4.723253630e+00,1.358764478e-01,2.246793394e-16,7.152448123e-18,1.396055025e-17,1.192940100e-02,-2.840045393e-01,-2.602679968e+00,-1.493578792e+00,-1.142624021e+00,-7.420260310e-01,1.513398439e-01,2.835337247e-01,4.392170385e+00,-1.668177708e+00,-3.933039999e-01,7.349101404e-03,-3.724526055e-03,6.264865347e-01,-5.378087452e-02,8.719833191e-02,6.314388479e-01,-5.727195075e-02,2.995438046e-02,4.850361347e-01,-1.230345443e-01,2.249993570e-02,1.977986489e+00,6.999959052e-02,0,0
1.990000000e+00,5.817018032e-02,1.449016299e-01,1.354220156e-01,7.238744776e-02,3.272625741e-02,2.301237980e+01,4.673248434e+00,1.358730420e-01,6.661451085e-16,4.391969046e-17,1.226634733e-17,1.374795700e-02,-2.841055095e-01,-2.603276491e+00,-1.493632197e+00,-1.145309687e+00,-7.425428629e-01,1.529054642e-01,2.595609444e-01,4.347727183e+00,-1.648758964e+00,-3.881678543e-01,7.714082808e-03,-2.734215669e-03,6.264059907e-01,-5.374943778e-02,8.743326966e-02,6.314389345e-01,-5.727189580e-02,2.958837667e-02,4.850361943e-01,-1.230343133e-01,2.250003628e-02,1.977989319e+00,6.999961287e-02,0,0
2.000000000e+00,5.877377339e-02,1.465042159e-01,1.481528554e-01,7.318661531e-02,3.308516491e-02,2.358729253e+01,4.679592020e+00,1.358692291e-01,5.552368590e-16,2.088883680e-17,1.411962612e-17,1.209708300e-02,-2.842060328e-01,-2.603874922e+00,-1.493690848e+00,-1.147989869e+00,-7.430507541e-01,1.544895619e-01,2.347891529e-01,4.356314125e+00,-1.648273557e+00,-3.861164391e-01,9.157853676e-03,-2.698895210e-03,6.263259910e-01,-5.371914603e-02,8.766759016e-02,6.314390206e-01,-5.727184118e-02,2.922452622e-02,4.850363135e-01,-1.230344772e-01,2.250005677e-02,1.977989279e+00,6.999969110e-02,0,0
2.010000000e+00,5.937008147e-02,1.480954301e-01,1.528782502e-01,7.398006554e-02,3.343533830e-02,2.404636054e+01,4.678564948e+00,1.358638807e-01,4.502163588e-16,1.398578779e-17,1.404617285e-17,1.428909300e-02,-2.843114436e-01,-2.604489326e+00,-1.493769169e+00,-1.150658846e+00,-7.435697317e-01,1.561390162e-01,2.254906422e-01,4.355989326e+00,-1.647450621e+00,-3.863538027e-01,1.025940390e-02,-3.588061175e-03,6.262465493e-01,-5.369061023e-02,8.789691934e-02,6.314391062e-01,-5.727178688e-02,2.886286899e-02,4.850360453e-01,-1.230342612e-01,2.250003256e-02,1.977988926e+00,6.999975443e-02,0,0
2.020000000e+00,5.997127427e-02,1.497123679e-01,1.465863030e-01,7.478629474e-02,3.379236835e-02,2.403801077e+01,4.652177767e+00,1.358581035e-01,6.703063600e-16,2.409954873e-17,8.676327462e-18,1.253287700e-02,-2.844186425e-01,-2.605107069e+00,-1.493853092e+00,-1.153361917e+00,-7.440968752e-01,1.578300148e-01,2.234970423e-01,4.331626623e+00,-1.638231417e+00,-3.819596776e-01,1.063391969e-02,-3.064699603e-03,6.261658979e-01,-5.366173565e-02,8.813325293e-02,6.314391912e-01,-5.727173292e-02,2.850344465e-02,4.850362539e-01,-1.230342090e-01,2.250008844e-02,1.977988730e+00,6.999963149e-02,0,0
2.030000000e+00,6.056862423e-02,1.513259855e-01,1.466957189e-01,7.559081971e-02,3.416471168e-02,2.424020856e+01,4.648540407e+00,1.358519990e-01,2.196947838e-17,4.391969046e-17,5.222209201e-18,1.191873100e-02,-2.845234573e-01,-2.605720520e+00,-1.493940949e+00,-1.156038880e+00,-7.446393967e-01,1.594565213e-01,2.120715591e-01,4.328928678e+00,-1.636623595e+00,-3.816413015e-01,1.147088807e-02,-3.408203047e-03,6.260841066e-01,-5.362885195e-02,8.836763612e-02,6.314392757e-01,-5.727167930e-02,2.814629262e-02,4.850361347e-01,-1.230343729e-01,2.249996550e-02,1.977988454e+00,6.999963894e-02,0,0
2.040000000e+00,6.116351891e-02,1.529459927e-01,1.270465130e-01,7.639848095e-02,3.455118780e-02,2.391944271e+01,4.669520782e+00,1.358453101e-01,2.281878563e-16,2.964296775e-17,1.398578779e-17,1.280695900e-02,-2.846249640e-01,-2.606336117e+00,-1.494036078e+00,-1.158708096e+00,-7.452085018e-01,1.610662043e-01,3.149241963e-01,4.343411766e+00,-1.640983605e+00,-3.835822155e-01,7.178582503e-03,-2.698067584e-03,6.260004856e-01,-5.358959399e-02,8.860129776e-02,6.314393597e-01,-5.727162603e-02,2.779145205e-02,4.850362241e-01,-1.230343878e-01,2.249995805e-02,1.977991205e+00,6.999956816e-02,0,0
2.050000000e+00,6.175543388e-02,1.545707352e-01,1.436726835e-01,7.720845265e-02,3.495506317e-02,2.475416324e+01,4.677519407e+00,1.358386114e-01,3.331132086e-16,8.673617380e-18,1.517883041e-18,1.251887600e-02,-2.847289145e-01,-2.606950998e+00,-1.494131088e+00,-1.161372662e+00,-7.458001375e-01,1.626371145e-01,3.082295429e-01,4.352180034e+00,-1.642070234e+00,-3.824050110e-01,8.471033112e-03,-3.361498431e-03,6.259138554e-01,-5.354788213e-02,8.883387713e-02,6.314394431e-01,-5.727157311e-02,2.743896187e-02,4.850361347e-01,-1.230341494e-01,2.250010893e-02,1.977987865e+00,6.999968737e-02,0,0
2.060000000e+00,6.234383886e-02,1.561923275e-01,1.480911808e-01,7.801680305e-02,3.536220444e-02,2.505750083e+01,4.669968491e+00,1.358318103e-01,8.883872152e-16,1.844036349e-17,5.364336092e-18,1.285133000e-02,-2.848298252e-01,-2.607566357e+00,-1.494227409e+00,-1.164032102e+00,-7.463820577e-01,1.641848981e-01,2.661510072e-01,4.348392349e+00,-1.638454467e+00,-3.802608926e-01,1.051444182e-02,-3.375462278e-03,6.258273408e-01,-5.350564034e-02,8.906527372e-02,6.314395259e-01,-5.727152054e-02,2.708886072e-02,4.850360751e-01,-1.230342537e-01,2.250003815e-02,1.977988218e+00,6.999969482e-02,0,0
2.070000000e+00,6.292965165e-02,1.578055959e-01,1.373615949e-01,7.882095319e-02,3.576143174e-02,2.469739966e+01,4.649640712e+00,1.358251156e-01,6.736342756e-17,2.023017828e-17,6.106282077e-18,1.149440700e-02,-2.849295735e-01,-2.608178854e+00,-1.494322419e+00,-1.166686773e+00,-7.469438314e-01,1.657429636e-01,2.330280232e-01,4.331713725e+00,-1.630393445e+00,-3.778671259e-01,1.180915086e-02,-2.664370468e-03,6.257413949e-01,-5.346566723e-02,8.929666078e-02,6.314396082e-01,-5.727146835e-02,2.674118700e-02,4.850361347e-01,-1.230342686e-01,2.249999158e-02,1.977989633e+00,6.999975815e-02,0,0
2.080000000e+00,6.351274518e-02,1.594212073e-01,1.473174061e-01,7.962621986e-02,3.615526635e-02,2.506099271e+01,4.591463732e+00,1.358173497e-01,1.949153083e-17,1.430489625e-17,1.939479807e-18,1.239863500e-02,-2.850303650e-01,-2.608802319e+00,-1.494431257e+00,-1.169348955e+00,-7.475071549e-01,1.673595011e-01,2.380154276e-01,4.278294216e+00,-1.607928689e+00,-3.681067927e-01,1.199812279e-02,-2.285517546e-03,6.256560425e-01,-5.342634005e-02,8.952785359e-02,6.314396899e-01,-5.727141652e-02,2.639597884e-02,4.850361049e-01,-1.230346859e-01,2.249990031e-02,1.977989083e+00,6.999969110e-02,0,0
2.090000000e+00,6.409272185e-02,1.610307357e-01,1.417533398e-01,8.042840289e-02,3.655134862e-02,2.535381015e+01,4.645589215e+00,1.358094592e-01,7.546545588e-17,3.198672042e-17,1.221256415e-17,1.344146600e-02,-2.851307392e-01,-2.609422684e+00,-1.494541645e+00,-1.171998382e+00,-7.480628490e-01,1.689510942e-01,3.234647497e-01,4.323974515e+00,-1.625017052e+00,-3.732863587e-01,9.237923585e-03,-2.375204400e-03,6.255707908e-01,-5.338786403e-02,8.975845822e-02,6.314397710e-01,-5.727136507e-02,2.605327409e-02,4.850360453e-01,-1.230343506e-01,2.250019461e-02,1.977988140e+00,6.999963149e-02,0,0
2.100000000e+00,6.466712040e-02,1.626354192e-01,1.508168954e-01,8.122811937e-02,3.697853015e-02,2.606075363e+01,4.628781003e+00,1.358019706e-01,2.667137344e-17,1.844036349e-17,2.776912484e-18,1.128355500e-02,-2.852262259e-01,-2.610032320e+00,-1.494646430e+00,-1.174611926e+00,-7.486438751e-01,1.704003960e-01,3.064017317e-01,4.309608728e+00,-1.619173790e+00,-3.703427139e-01,1.077258725e-02,-3.259933073e-03,6.254825271e-01,-5.334184326e-02,8.998523498e-02,6.314398515e-01,-5.727131400e-02,2.571311033e-02,4.850363135e-01,-1.230344549e-01,2.250015736e-02,1.977987433e+00,6.999959424e-02,0,0
2.110000000e+00,6.523777808e-02,1.642265743e-01,1.472869210e-01,8.202104221e-02,3.740309321e-02,2.609147390e+01,4.620239817e+00,1.357955631e-01,4.519216854e-16,2.194270918e-17,6.024887182e-18,1.250162700e-02,-2.853178680e-01,-2.610630512e+00,-1.494737267e+00,-1.177212477e+00,-7.492027879e-01,1.718125194e-01,2.812271280e-01,4.303901473e+00,-1.614849178e+00,-3.688832181e-01,1.170147043e-02,-3.123478601e-03,6.253934511e-01,-5.329623751e-02,9.021075398e-02,6.314399313e-01,-5.727126332e-02,2.537552486e-02,4.850360453e-01,-1.230345815e-01,2.249988168e-02,1.977989515e+00,6.999962404e-02,0,0
2.120000000e+00,6.580356799e-02,1.658079990e-01,1.336126589e-01,8.280906457e-02,3.782695248e-02,2.523514945e+01,4.595956333e+00,1.357885514e-01,4.441038209e-16,1.939479807e-17,2.637977740e-18,1.372335800e-02,-2.854088545e-01,-2.611230612e+00,-1.494835854e+00,-1.179796219e+00,-7.497531772e-01,1.732098907e-01,2.298916309e-01,4.284407842e+00,-1.606019221e+00,-3.665253931e-01,1.313255734e-02,-1.681728200e-03,6.253055271e-01,-5.325176260e-02,9.043414531e-02,6.314400106e-01,-5.727121303e-02,2.504055471e-02,4.850361943e-01,-1.230344251e-01,2.249997482e-02,1.977989201e+00,6.999967247e-02,0,0
2.130000000e+00,6.636485310e-02,1.673746004e-01,1.606959752e-01,8.358964952e-02,3.823517999e-02,2.698473502e+01,4.611238773e+00,1.357806791e-01,4.471069406e-16,4.553442605e-17,4.210279659e-18,1.140651600e-02,-2.855016291e-01,-2.611833811e+00,-1.494945526e+00,-1.182363391e+00,-7.502924204e-01,1.746599674e-01,2.398229094e-01,4.298986022e+00,-1.609636902e+00,-3.654935544e-01,1.400116161e-02,-3.827204282e-03,6.252193836e-01,-5.321053474e-02,9.065600265e-02,6.314400892e-01,-5.727116313e-02,2.470823661e-02,4.850360751e-01,-1.230343357e-01,2.250005119e-02,1.977987786e+00,6.999973580e-02,0,0
2.140000000e+00,6.692305295e-02,1.689192765e-01,1.518426002e-01,8.435925955e-02,3.861260262e-02,2.684779886e+01,4.600040305e+00,1.357725133e-01,2.339313360e-16,1.551583846e-17,3.786955384e-18,1.270608800e-02,-2.855966687e-01,-2.612433672e+00,-1.495059133e+00,-1.184915900e+00,-7.507951856e-01,1.761916429e-01,2.547746908e-01,4.288553719e+00,-1.603375126e+00,-3.643707859e-01,1.328328905e-02,-3.653923941e-03,6.251361166e-01,-5.317671939e-02,9.087815510e-02,6.314401672e-01,-5.727111365e-02,2.437860700e-02,4.850360453e-01,-1.230343431e-01,2.250002325e-02,1.977989751e+00,6.999973953e-02,0,0
2.150000000e+00,6.747608580e-02,1.704604383e-01,1.439327786e-01,8.512706854e-02,3.900100028e-02,2.668413258e+01,4.556740756e+00,1.357640781e-01,1.653211723e-16,2.359479020e-17,2.168404345e-18,1.107095400e-02,-2.856902778e-01,-2.613034964e+00,-1.495176077e+00,-1.187455773e+00,-7.513028979e-01,1.776782572e-01,2.247552135e-01,4.249888498e+00,-1.588454509e+00,-3.583433059e-01,1.457611648e-02,-3.008835191e-03,6.250521897e-01,-5.314111660e-02,9.109764478e-02,6.314402446e-01,-5.727106457e-02,2.405170203e-02,4.850359857e-01,-1.230344772e-01,2.249988541e-02,1.977988140e+00,6.999963894e-02,0,0
2.160000000e+00,6.802590885e-02,1.719871826e-01,1.390188460e-01,8.588764485e-02,3.937455955e-02,2.687820369e+01,4.598729436e+00,1.357556653e-01,1.233158797e-16,4.906538933e-18,5.208685978e-18,1.202740100e-02,-2.857829928e-01,-2.613631487e+00,-1.495292783e+00,-1.189982414e+00,-7.517868280e-01,1.791915596e-01,2.902896861e-01,4.286721537e+00,-1.599008743e+00,-3.620540251e-01,1.191741005e-02,-2.947832658e-03,6.249696202e-01,-5.310867543e-02,9.131697406e-02,6.314403213e-01,-5.727101590e-02,2.372755755e-02,4.850362241e-01,-1.230343804e-01,2.250005119e-02,1.977989515e+00,6.999963894e-02,0,0
2.170000000e+00,6.857022558e-02,1.735098654e-01,1.386088050e-01,8.664614800e-02,3.976209986e-02,2.719087498e+01,4.595085145e+00,1.357465398e-01,4.522664730e-16,1.055191096e-17,2.776912484e-18,1.226004400e-02,-2.858716249e-01,-2.614229441e+00,-1.495418429e+00,-1.192485094e+00,-7.522883415e-01,1.806544065e-01,3.387778931e-01,4.280846200e+00,-1.595220606e+00,-3.599334349e-01,1.015466935e-02,-2.976095440e-03,6.248866415e-01,-5.307105680e-02,9.153318518e-02,6.314403973e-01,-5.727096766e-02,2.340620910e-02,4.850358665e-01,-1.230343655e-01,2.249994315e-02,1.977988297e+00,6.999964640e-02,0,0
2.180000000e+00,6.910363242e-02,1.750055854e-01,1.113348116e-01,8.739117113e-02,4.014988036e-02,2.624620446e+01,4.623540847e+00,1.357373746e-01,4.474395179e-16,1.769077771e-17,5.222209201e-18,1.291949000e-02,-2.859607637e-01,-2.614827394e+00,-1.495544434e+00,-1.194950342e+00,-7.527800202e-01,1.820633113e-01,2.849776341e-01,4.309319120e+00,-1.609725665e+00,-3.664847747e-01,1.239742148e-02,-2.219937784e-03,6.248040324e-01,-5.303525855e-02,9.174137972e-02,6.314404727e-01,-5.727091984e-02,2.308769192e-02,4.850360751e-01,-1.230345666e-01,2.250007167e-02,1.977985704e+00,6.999960542e-02,0,0
2.190000000e+00,6.963856160e-02,1.765159892e-01,1.415485801e-01,8.814345868e-02,4.054982899e-02,2.732179864e+01,4.568745675e+00,1.357274821e-01,7.317400866e-17,3.469446952e-18,5.818439422e-18,1.369808800e-02,-2.860516310e-01,-2.615423441e+00,-1.495679498e+00,-1.197415590e+00,-7.533174753e-01,1.835062951e-01,2.566117831e-01,4.262751904e+00,-1.584241883e+00,-3.556713958e-01,1.422581420e-02,-2.604893697e-03,6.247182981e-01,-5.299327865e-02,9.195327264e-02,6.314405474e-01,-5.727087245e-02,2.277204095e-02,4.850359261e-01,-1.230343804e-01,2.249994874e-02,1.977987669e+00,6.999969855e-02,0,0
2.200000000e+00,7.017094924e-02,1.780197755e-01,1.314904161e-01,8.889240032e-02,4.093904009e-02,2.744718933e+01,4.567187014e+00,1.357170893e-01,3.492127679e-16,2.327375769e-17,6.447129613e-18,1.161620700e-02,-2.861443162e-01,-2.616019726e+00,-1.495820999e+00,-1.199874163e+00,-7.538487315e-01,1.849984527e-01,3.194086512e-01,4.257252971e+00,-1.583160537e+00,-3.555650283e-01,1.183777940e-02,-2.926296708e-03,6.246332343e-01,-5.295354289e-02,9.216569416e-02,6.314406214e-01,-5.727082549e-02,2.245929079e-02,4.850361347e-01,-1.230344474e-01,2.250000462e-02,1.977989083e+00,6.999963894e-02,0,0
2.210000000e+00,7.069767714e-02,1.795140577e-01,1.340079465e-01,8.963655876e-02,4.133779112e-02,2.757882947e+01,4.576767626e+00,1.357070172e-01,4.453093918e-16,6.938893904e-18,1.939479807e-18,1.140701600e-02,-2.862340510e-01,-2.616610765e+00,-1.495958209e+00,-1.202312708e+00,-7.543812394e-01,1.864306182e-01,3.232692795e-01,4.267035870e+00,-1.583901030e+00,-3.546965429e-01,1.207760238e-02,-2.404086560e-03,6.245470707e-01,-5.291143803e-02,9.237508110e-02,6.314406947e-01,-5.727077898e-02,2.214947575e-02,4.850359857e-01,-1.230343282e-01,2.250010334e-02,1.977988218e+00,6.999963149e-02,0,0
2.220000000e+00,7.122272049e-02,1.810132054e-01,1.358474076e-01,9.038309000e-02,4.174846667e-02,2.774777944e+01,4.569468350e+00,1.356965110e-01,2.242470846e-16,9.341771813e-18,2.611104601e-18,1.320661200e-02,-2.863221765e-01,-2.617200613e+00,-1.496100903e+00,-1.204745412e+00,-7.549234033e-01,1.878309548e-01,2.587414331e-01,4.264077610e+00,-1.582743022e+00,-3.541455281e-01,1.530694559e-02,-2.677660790e-03,6.244603628e-01,-5.286681666e-02,9.258551204e-02,6.314407673e-01,-5.727073291e-02,2.184262979e-02,4.850362241e-01,-1.230343953e-01,2.249995992e-02,1.977988218e+00,6.999968365e-02,0,0
2.230000000e+00,7.174072086e-02,1.824908061e-01,1.399241366e-01,9.111884173e-02,4.213820447e-02,2.811301820e+01,4.555474901e+00,1.356852955e-01,3.524724421e-17,2.709724693e-17,4.336808690e-19,1.165469800e-02,-2.864113450e-01,-2.617794752e+00,-1.496252775e+00,-1.207157850e+00,-7.554439902e-01,1.892881542e-01,2.702054772e-01,4.252057951e+00,-1.573687414e+00,-3.501909814e-01,1.453799406e-02,-2.570403983e-03,6.243761492e-01,-5.282662037e-02,9.279235808e-02,6.314408392e-01,-5.727068730e-02,2.153878657e-02,4.850360155e-01,-1.230341345e-01,2.250005677e-02,1.977988022e+00,6.999978796e-02,0,0
2.240000000e+00,7.225667185e-02,1.839628929e-01,1.244076265e-01,9.185179845e-02,4.252857447e-02,2.807428139e+01,4.597392994e+00,1.356741669e-01,3.882412776e-17,2.949029909e-17,1.748223473e-18,1.233583500e-02,-2.865007818e-01,-2.618381500e+00,-1.496403456e+00,-1.209557533e+00,-7.559601665e-01,1.907304972e-01,3.404116303e-01,4.285699826e+00,-1.589298210e+00,-3.562244782e-01,1.208722901e-02,-2.913101782e-03,6.242917075e-01,-5.278715949e-02,9.300018330e-02,6.314409104e-01,-5.727064214e-02,2.123797941e-02,4.850361049e-01,-1.230341494e-01,2.250001952e-02,1.977989398e+00,6.999966130e-02,0,0
2.250000000e+00,7.276462846e-02,1.854250924e-01,1.338429350e-01,9.257978303e-02,4.294137510e-02,2.819731459e+01,4.547106727e+00,1.356632930e-01,3.355762658e-16,5.204170428e-18,5.057544570e-18,1.341008500e-02,-2.865836322e-01,-2.618963718e+00,-1.496550560e+00,-1.211926460e+00,-7.564926744e-01,1.920609772e-01,2.882028796e-01,4.244010199e+00,-1.568511766e+00,-3.479304276e-01,1.436693942e-02,-2.228590635e-03,6.242054461e-01,-5.274069399e-02,9.320239021e-02,6.314409808e-01,-5.727059744e-02,2.094024129e-02,4.850359559e-01,-1.230339706e-01,2.250001952e-02,1.977987040e+00,6.999967620e-02,0,0
2.260000000e+00,7.326862542e-02,1.868739616e-01,1.309325856e-01,9.330108203e-02,4.334741349e-02,2.839447250e+01,4.561620683e+00,1.356524331e-01,6.702976004e-16,1.599336021e-17,1.388456242e-17,1.256709800e-02,-2.866680324e-01,-2.619539976e+00,-1.496697426e+00,-1.214276671e+00,-7.570159435e-01,1.933961064e-01,3.030061652e-01,4.256945068e+00,-1.572675952e+00,-3.485440881e-01,1.384641546e-02,-2.202810635e-03,6.241195238e-01,-5.269662364e-02,9.340387508e-02,6.314410505e-01,-5.727055320e-02,2.064560486e-02,4.850359559e-01,-1.230340451e-01,2.250022255e-02,1.977986882e+00,6.999969855e-02,0,0
2.270000000e+00,7.376790836e-02,1.883132090e-01,1.225867801e-01,9.401754246e-02,4.375558707e-02,2.846216408e+01,4.546136122e+00,1.356416426e-01,2.425859235e-16,2.578851845e-17,9.898949898e-18,1.247723600e-02,-2.867523730e-01,-2.620112419e+00,-1.496843338e+00,-1.216611505e+00,-7.575314641e-01,1.946997643e-01,3.207684929e-01,4.241138935e+00,-1.567324684e+00,-3.471438082e-01,1.341782690e-02,-2.494427621e-03,6.240336497e-01,-5.265362413e-02,9.360379913e-02,6.314411195e-01,-5.727050944e-02,2.035410244e-02,4.850358367e-01,-1.230339259e-01,2.250001580e-02,1.977989712e+00,6.999967992e-02,0,0
2.280000000e+00,7.426218470e-02,1.897444897e-01,1.173281954e-01,9.472998878e-02,4.417372903e-02,2.814770725e+01,4.534986208e+00,1.356307249e-01,1.140140014e-16,1.599336021e-17,5.293749647e-18,1.310154100e-02,-2.868302166e-01,-2.620679379e+00,-1.496990681e+00,-1.218919635e+00,-7.580571771e-01,1.959496737e-01,2.813608015e-01,4.233401622e+00,-1.563787448e+00,-3.458078192e-01,1.513698049e-02,-1.830768104e-03,6.239473689e-01,-5.260495168e-02,9.380142718e-02,6.314411877e-01,-5.727046615e-02,2.006576599e-02,4.850362241e-01,-1.230344102e-01,2.249993943e-02,1.977991559e+00,6.999971718e-02,0,0
2.290000000e+00,7.474900863e-02,1.911448339e-01,1.308371298e-01,9.542698894e-02,4.457107201e-02,2.889912211e+01,4.541812626e+00,1.356204781e-01,5.799589874e-17,7.757919229e-18,9.381951662e-18,1.136744600e-02,-2.869107723e-01,-2.621237755e+00,-1.497129440e+00,-1.221200228e+00,-7.585446835e-01,1.972061843e-01,2.571408146e-01,4.242301978e+00,-1.563855854e+00,-3.447912640e-01,1.679755131e-02,-2.479095691e-03,6.238626744e-01,-5.256380407e-02,9.399536381e-02,6.314412552e-01,-5.727042334e-02,1.978062714e-02,4.850360155e-01,-1.230342239e-01,2.250019647e-02,1.977989083e+00,6.999976933e-02,0,0
2.300000000e+00,7.523336208e-02,1.925354531e-01,1.201192483e-01,9.611910229e-02,4.495240678e-02,2.867063325e+01,4.550714199e+00,1.356103272e-01,3.341235647e-16,3.417008968e-17,1.104184197e-17,1.365436700e-02,-2.869916856e-01,-2.621793032e+00,-1.497267127e+00,-1.223479390e+00,-7.589991093e-01,1.984960884e-01,2.521277844e-01,4.251122297e+00,-1.566340117e+00,-3.459553723e-01,1.672248473e-02,-2.097412818e-03,6.237798790e-01,-5.252804983e-02,9.419055978e-02,6.314413219e-01,-5.727038101e-02,1.949871714e-02,4.850359261e-01,-1.230343208e-01,2.250000089e-02,1.977989083e+00,6.999972835e-02,0,0
2.310000000e+00,7.571058396e-02,1.939058431e-01,1.287476819e-01,9.680110211e-02,4.532884516e-02,2.903164556e+01,4.526110923e+00,1.355996487e-01,2.226670445e-16,1.250926888e-17,4.336808690e-18,1.294259100e-02,-2.870667279e-01,-2.622345209e+00,-1.497411489e+00,-1.225720882e+00,-7.594451308e-01,1.997624338e-01,2.618312690e-01,4.228570871e+00,-1.555558990e+00,-3.409708555e-01,1.685066995e-02,-2.005462488e-03,6.236992378e-01,-5.249035505e-02,9.438191486e-02,6.314413879e-01,-5.727033918e-02,1.922006691e-02,4.850358665e-01,-1.230343133e-01,2.249998227e-02,1.977989398e+00,6.999966130e-02,0,0
2.320000000e+00,7.618368617e-02,1.952677548e-01,1.070476002e-01,9.747883752e-02,4.570560528e-02,2.863425286e+01,4.521442526e+00,1.355888494e-01,3.332588462e-16,1.262897753e-17,6.167576282e-18,1.213321300e-02,-2.871443629e-01,-2.622893333e+00,-1.497557282e+00,-1.227945924e+00,-7.598954439e-01,2.010256797e-01,2.558275929e-01,4.224197211e+00,-1.554525955e+00,-3.425299752e-01,1.645362686e-02,-2.058400949e-03,6.236180531e-01,-5.245357384e-02,9.457239786e-02,6.314414530e-01,-5.727029784e-02,1.894470701e-02,4.850361049e-01,-1.230342612e-01,2.250000834e-02,1.977989358e+00,6.999970600e-02,0,0
2.330000000e+00,7.665018806e-02,1.966091366e-01,1.255044255e-01,9.814631237e-02,4.606471674e-02,2.939045399e+01,4.526623322e+00,1.355771721e-01,2.227982115e-16,1.250926888e-17,1.563658610e-18,1.251977600e-02,-2.872213423e-01,-2.623443604e+00,-1.497714400e+00,-1.230144262e+00,-7.603247762e-01,2.023250014e-01,2.726936912e-01,4.229374217e+00,-1.553280963e+00,-3.396767514e-01,1.684934387e-02,-2.152640295e-03,6.235401991e-01,-5.242027640e-02,9.476010542e-02,6.314415174e-01,-5.727025700e-02,1.867266765e-02,4.850359559e-01,-1.230343878e-01,2.249991149e-02,1.977988218e+00,6.999970600e-02,0,0
2.340000000e+00,7.711325357e-02,1.979357781e-01,9.561739127e-02,9.880640898e-02,4.640677705e-02,2.870510173e+01,4.538086563e+00,1.355656146e-01,4.519938687e-16,1.514782154e-17,8.684452634e-18,1.235556500e-02,-2.873003185e-01,-2.623987436e+00,-1.497869968e+00,-1.232328296e+00,-7.607389092e-01,2.036745250e-01,3.156426624e-01,4.237306346e+00,-1.556211040e+00,-3.432845623e-01,1.392541330e-02,-1.812505359e-03,6.234630440e-01,-5.239057683e-02,9.494799173e-02,6.314415810e-01,-5.727021666e-02,1.840397864e-02,4.850362539e-01,-1.230341271e-01,2.249998227e-02,1.977991205e+00,6.999971718e-02,0,0
2.350000000e+00,7.756830172e-02,1.992406658e-01,1.137730035e-01,9.945563914e-02,4.675577745e-02,2.967547965e+01,4.550920240e+00,1.355544332e-01,5.563429270e-16,4.906538933e-18,6.447129613e-18,1.227943500e-02,-2.873761058e-01,-2.624521732e+00,-1.498020530e+00,-1.234472394e+00,-7.611447573e-01,2.049314827e-01,3.333029160e-01,4.248673651e+00,-1.559182519e+00,-3.424768141e-01,1.444332626e-02,-2.700568950e-03,6.233863511e-01,-5.236013182e-02,9.513117006e-02,6.314416437e-01,-5.727017683e-02,1.813866945e-02,4.850358963e-01,-1.230345294e-01,2.249995805e-02,1.977989043e+00,6.999959052e-02,0,0
2.360000000e+00,7.801547570e-02,2.005171044e-01,1.035790543e-01,1.000906738e-01,4.710040440e-02,2.927291523e+01,4.537095763e+00,1.355442949e-01,9.432558901e-18,5.204170428e-18,6.942281209e-18,1.257392700e-02,-2.874468267e-01,-2.625040531e+00,-1.498157501e+00,-1.236574531e+00,-7.615360022e-01,2.061306983e-01,3.209734226e-01,4.237503621e+00,-1.552328451e+00,-3.403532330e-01,1.448825365e-02,-1.796265252e-03,6.233096393e-01,-5.232847384e-02,9.530973313e-02,6.314417057e-01,-5.727013751e-02,1.787676918e-02,4.850359261e-01,-1.230344623e-01,2.249995433e-02,1.977990183e+00,6.999962404e-02,0,0
2.370000000e+00,7.845585765e-02,2.017735185e-01,1.098342395e-01,1.007157064e-01,4.744286673e-02,2.956459749e+01,4.495068830e+00,1.355341837e-01,1.919590969e-17,1.411962612e-17,4.210279659e-18,1.381408800e-02,-2.875158787e-01,-2.625552177e+00,-1.498293996e+00,-1.238642216e+00,-7.619201541e-01,2.072939426e-01,3.150464959e-01,4.199637462e+00,-1.535578558e+00,-3.335021850e-01,1.437135014e-02,-1.709492047e-03,6.232338471e-01,-5.229701056e-02,9.548498780e-02,6.314417669e-01,-5.727009870e-02,1.761830655e-02,4.850357473e-01,-1.230342835e-01,2.249994688e-02,1.977989947e+00,6.999964640e-02,0,0
2.380000000e+00,7.889316721e-02,2.030261584e-01,8.909011263e-02,1.013388219e-01,4.779080824e-02,2.887529703e+01,4.556645599e+00,1.355236476e-01,2.334198032e-16,1.582786644e-17,4.470280077e-19,1.301922100e-02,-2.875833809e-01,-2.626059771e+00,-1.498435855e+00,-1.240692139e+00,-7.623077631e-01,2.084288448e-01,3.440805780e-01,4.254707737e+00,-1.557067466e+00,-3.427089779e-01,1.341696646e-02,-1.093973152e-03,6.231586295e-01,-5.226425631e-02,9.566057929e-02,6.314418272e-01,-5.727006042e-02,1.736330991e-02,4.850363731e-01,-1.230344176e-01,2.250026166e-02,1.977984368e+00,6.999955699e-02,0,0
2.390000000e+00,7.931073466e-02,2.042342804e-01,1.098541163e-01,1.019397547e-01,4.816445202e-02,3.000000000e+01,4.516673817e+00,1.355132694e-01,2.474600731e-16,1.430489625e-17,6.915136310e-18,1.219764400e-02,-2.876445651e-01,-2.626562119e+00,-1.498575091e+00,-1.242653489e+00,-7.627281547e-01,2.093798071e-01,3.280005004e-01,4.218447257e+00,-1.544153372e+00,-3.358530037e-01,1.575676009e-02,-2.371545736e-03,6.230819953e-01,-5.222252293e-02,9.581903429e-02,6.314418867e-01,-5.727002266e-02,1.711180721e-02,4.850358665e-01,-1.230340973e-01,2.250005864e-02,1.977990851e+00,6.999956444e-02,0,0
2.400000000e+00,7.973245557e-02,2.054651324e-01,1.052722589e-01,1.025519553e-01,4.856311338e-02,2.980039219e+01,4.495286274e+00,1.355032890e-01,5.946077966e-17,1.734723476e-17,1.517883041e-18,1.162712800e-02,-2.877034843e-01,-2.627051353e+00,-1.498708963e+00,-1.244622946e+00,-7.631888390e-01,2.102946639e-01,3.145041770e-01,4.200465802e+00,-1.534288431e+00,-3.323749449e-01,1.600448231e-02,-1.619142335e-03,6.230010278e-01,-5.217250385e-02,9.598418412e-02,6.314419454e-01,-5.726998543e-02,1.686382603e-02,4.850358963e-01,-1.230341867e-01,2.250001580e-02,1.977988415e+00,6.999965757e-02,0,0
2.410000000e+00,8.015029415e-02,2.066867906e-01,9.906675333e-02,1.031595447e-01,4.895286991e-02,2.904043140e+01,4.501170739e+00,1.354931344e-01,1.158571360e-16,7.410741938e-18,6.537658189e-18,1.345725500e-02,-2.877613306e-01,-2.627538204e+00,-1.498845100e+00,-1.246581316e+00,-7.636355162e-01,2.112288177e-01,2.738437629e-01,4.208787038e+00,-1.536096161e+00,-3.343199317e-01,1.725388353e-02,-5.953280004e-04,6.229213963e-01,-5.212414669e-02,9.614919699e-02,6.314420032e-01,-5.726994873e-02,1.661939357e-02,4.850363433e-01,-1.230343059e-01,2.250004373e-02,1.977991716e+00,6.999973208e-02,0,0
2.420000000e+00,8.056200594e-02,2.078924835e-01,1.073353347e-01,1.037591561e-01,4.932620756e-02,2.985446807e+01,4.521559641e+00,1.354818591e-01,2.226283961e-16,6.254634441e-18,2.602085214e-18,1.170270900e-02,-2.878233194e-01,-2.628029823e+00,-1.498995662e+00,-1.248519063e+00,-7.640718222e-01,2.122212499e-01,2.693931214e-01,4.228418930e+00,-1.542680709e+00,-3.349347853e-01,1.885081560e-02,-1.359842421e-03,6.228444661e-01,-5.208068095e-02,9.631219695e-02,6.314420602e-01,-5.726991257e-02,1.637853664e-02,4.850359261e-01,-1.230341047e-01,2.249997482e-02,1.977987826e+00,6.999978796e-02,0,0
2.430000000e+00,8.097045028e-02,2.090972376e-01,1.048371085e-01,1.043582629e-01,4.970092355e-02,3.000000000e+01,4.487713764e+00,1.354706100e-01,9.780831713e-17,1.636534854e-17,1.388456242e-18,1.106879300e-02,-2.878878117e-01,-2.628519058e+00,-1.499145746e+00,-1.250453234e+00,-7.645252347e-01,2.132423669e-01,2.449663028e-01,4.198738196e+00,-1.529904361e+00,-3.304308287e-01,1.922551591e-02,-1.547721901e-03,6.227654955e-01,-5.203586094e-02,9.647517950e-02,6.314421164e-01,-5.726987695e-02,1.614128164e-02,4.850361049e-01,-1.230344400e-01,2.249994501e-02,1.977989790e+00,6.999968737e-02,0,0
2.440000000e+00,8.137150750e-02,2.102664114e-01,1.134440578e-01,1.049396400e-01,5.004154782e-02,3.000000000e+01,4.536982327e+00,1.354592160e-01,5.212614143e-17,2.221529987e-17,6.992893893e-18,1.228915400e-02,-2.879524231e-01,-2.629002333e+00,-1.499297857e+00,-1.252351522e+00,-7.649235129e-01,2.143044770e-01,2.587779628e-01,4.245037064e+00,-1.543767363e+00,-3.366488863e-01,1.866191212e-02,-2.124924675e-03,6.226919131e-01,-5.200033565e-02,9.663551541e-02,6.314421716e-01,-5.726984188e-02,1.590765460e-02,4.850361049e-01,-1.230343431e-01,2.250014432e-02,1.977988218e+00,6.999973953e-02,0,0
2.450000000e+00,8.176747301e-02,2.114118139e-01,1.155528656e-01,1.055091619e-01,5.035503625e-02,3.000000000e+01,4.555456354e+00,1.354479375e-01,4.504538538e-16,2.173602285e-17,6.133173667e-18,1.326650300e-02,-2.880158722e-01,-2.629479885e+00,-1.499448657e+00,-1.254230499e+00,-7.652737498e-01,2.154058814e-01,2.596508801e-01,4.261706685e+00,-1.551325493e+00,-3.400621381e-01,1.896548056e-02,-2.722819799e-03,6.226222910e-01,-5.197187875e-02,9.679525223e-02,6.314422261e-01,-5.726980735e-02,1.567768113e-02,4.850358963e-01,-1.230344400e-01,2.249998972e-02,1.977990026e+00,6.999969855e-02,0,0
2.460000000e+00,8.215735589e-02,2.125479367e-01,7.910949823e-02,1.060740355e-01,5.067728379e-02,2.994064304e+01,4.523574697e+00,1.354364256e-01,6.665800715e-16,1.323970232e-17,3.223564806e-18,1.319557200e-02,-2.880792618e-01,-2.629953146e+00,-1.499602199e+00,-1.256081820e+00,-7.656473517e-01,2.164794356e-01,2.999442256e-01,4.230035630e+00,-1.538589098e+00,-3.347046496e-01,1.656230717e-02,-1.463448168e-03,6.225514441e-01,-5.193980452e-02,9.695215702e-02,6.314422796e-01,-5.726977338e-02,1.545138645e-02,4.850360453e-01,-1.230342314e-01,2.249996550e-02,1.977990655e+00,6.999968365e-02,0,0
2.470000000e+00,8.253964733e-02,2.136667270e-01,9.693050263e-02,1.066302581e-01,5.100631494e-02,2.991440020e+01,4.514200826e+00,1.354248566e-01,4.469797392e-16,9.220181747e-18,2.168404345e-18,1.198548200e-02,-2.881395817e-01,-2.630419016e+00,-1.499756217e+00,-1.257893205e+00,-7.660347819e-01,2.175000459e-01,2.669300876e-01,4.225185050e+00,-1.531122514e+00,-3.315331006e-01,1.783279243e-02,-6.017808871e-04,6.224803823e-01,-5.190380981e-02,9.710482134e-02,6.314423323e-01,-5.726973996e-02,1.522879538e-02,4.850357175e-01,-1.230338588e-01,2.250000276e-02,1.977987983e+00,6.999973953e-02,0,0
2.480000000e+00,8.291761457e-02,2.147760457e-01,8.913606073e-02,1.071817387e-01,5.132512290e-02,3.000000000e+01,4.537126243e+00,1.354127578e-01,4.447341806e-16,2.562756726e-17,4.114257971e-18,1.149644800e-02,-2.882041037e-01,-2.630885124e+00,-1.499917030e+00,-1.259692788e+00,-7.664176226e-01,2.185654491e-01,3.143826959e-01,4.242540398e+00,-1.540865223e+00,-3.361321073e-01,1.657917106e-02,-1.932895143e-03,6.224103608e-01,-5.187144597e-02,9.725719454e-02,6.314423841e-01,-5.726970710e-02,1.500993234e-02,4.850361347e-01,-1.230342239e-01,2.249998227e-02,1.977990223e+00,6.999966130e-02,0,0
2.490000000e+00,8.328666612e-02,2.158545297e-01,9.461395396e-02,1.077178587e-01,5.164245448e-02,3.000000000e+01,4.540347399e+00,1.354016274e-01,1.037270447e-17,1.398578779e-17,8.242789181e-18,1.143779600e-02,-2.882615924e-01,-2.631334543e+00,-1.500065207e+00,-1.261441469e+00,-7.667866349e-01,2.195470631e-01,3.164255548e-01,4.246907640e+00,-1.538361668e+00,-3.340246082e-01,1.658642545e-02,-8.370381086e-04,6.223411657e-01,-5.183675491e-02,9.740425801e-02,6.314424350e-01,-5.726967481e-02,1.479482131e-02,4.850360155e-01,-1.230343729e-01,2.249992825e-02,1.977989594e+00,6.999962404e-02,0,0
2.500000000e+00,8.364943959e-02,2.169166819e-01,9.503498594e-02,1.082458296e-01,5.196041651e-02,3.000000000e+01,4.546290258e+00,1.353909982e-01,5.225854471e-17,2.625112966e-17,2.742838647e-18,1.299886100e-02,-2.883186936e-01,-2.631774902e+00,-1.500206828e+00,-1.263164163e+00,-7.671501040e-01,2.204876840e-01,2.521590836e-01,4.256490593e+00,-1.540743748e+00,-3.364516213e-01,1.909964492e-02,-1.718599538e-03,6.222718952e-01,-5.180256628e-02,9.754878042e-02,6.314424850e-01,-5.726964308e-02,1.458348589e-02,4.850360155e-01,-1.230343729e-01,2.250007354e-02,1.977988533e+00,6.999965757e-02,0,0
2.510000000e+00,8.400754575e-02,2.179580195e-01,8.036640676e-02,1.087634243e-01,5.225414503e-02,3.000000000e+01,4.529725011e+00,1.353799980e-01,1.112246119e-16,1.734723476e-18,1.563658610e-18,1.129737500e-02,-2.883767486e-01,-2.632211208e+00,-1.500353336e+00,-1.264864802e+00,-7.674769759e-01,2.214736193e-01,2.508380571e-01,4.240405033e+00,-1.536829755e+00,-3.350121864e-01,1.930028650e-02,-1.655899402e-03,6.222066742e-01,-5.177523343e-02,9.769328502e-02,6.314425341e-01,-5.726961192e-02,1.437594925e-02,4.850359857e-01,-1.230342016e-01,2.250001766e-02,1.977989279e+00,6.999967247e-02,0,0
2.520000000e+00,8.435542444e-02,2.189684370e-01,8.652838261e-02,1.092656221e-01,5.254095261e-02,3.000000000e+01,4.523521744e+00,1.353691221e-01,4.533131226e-16,1.262897753e-17,5.741155075e-18,1.284233900e-02,-2.884323299e-01,-2.632639647e+00,-1.500498056e+00,-1.266516089e+00,-7.677995563e-01,2.224288732e-01,2.854344997e-01,4.234224429e+00,-1.530004647e+00,-3.330238716e-01,1.726208835e-02,-1.580927499e-03,6.221427319e-01,-5.174729875e-02,9.783139272e-02,6.314425823e-01,-5.726958133e-02,1.417223416e-02,4.850355983e-01,-1.230342314e-01,2.249990590e-02,1.977989083e+00,6.999971718e-02,0,0
2.530000000e+00,8.469948702e-02,2.199721997e-01,7.423336742e-02,1.097644847e-01,5.283361315e-02,3.000000000e+01,4.544719416e+00,1.353577890e-01,4.517956834e-16,1.250926888e-17,1.893477692e-18,1.109446300e-02,-2.884851396e-01,-2.633061647e+00,-1.500648499e+00,-1.268140316e+00,-7.681315541e-01,2.233504355e-01,3.154647927e-01,4.251233456e+00,-1.539063614e+00,-3.361064578e-01,1.684154229e-02,-1.623930453e-03,6.220795937e-01,-5.171654539e-02,9.796939138e-02,6.314426296e-01,-5.726955133e-02,1.397236295e-02,4.850360751e-01,-1.230341420e-01,2.249992825e-02,1.977990419e+00,6.999965757e-02,0,0
2.540000000e+00,8.503404560e-02,2.209437538e-01,8.214899780e-02,1.102473135e-01,5.312411568e-02,3.000000000e+01,4.554520782e+00,1.353479859e-01,2.254406478e-16,1.163687884e-17,9.263427422e-19,1.247707700e-02,-2.885349393e-01,-2.633466244e+00,-1.500779152e+00,-1.269721389e+00,-7.684404254e-01,2.241804302e-01,2.849416725e-01,4.263368884e+00,-1.540471600e+00,-3.358081015e-01,1.823281177e-02,-1.137270078e-03,6.220166815e-01,-5.168712808e-02,9.810177731e-02,6.314426759e-01,-5.726952190e-02,1.377635754e-02,4.850359261e-01,-1.230344400e-01,2.249995060e-02,1.977989358e+00,6.999962032e-02,0,0
2.550000000e+00,8.536422171e-02,2.218997766e-01,6.467971138e-02,1.107223985e-01,5.339947484e-02,2.993694565e+01,4.535232099e+00,1.353384524e-01,3.309925581e-18,1.163687884e-17,1.552341270e-18,1.221203400e-02,-2.885843813e-01,-2.633863449e+00,-1.500906348e+00,-1.271285653e+00,-7.687310576e-01,2.250419408e-01,2.357860355e-01,4.248780009e+00,-1.532676893e+00,-3.333498156e-01,1.956857216e-02,-2.905006070e-04,6.219550853e-01,-5.166038686e-02,9.823394726e-02,6.314427214e-01,-5.726949306e-02,1.358423942e-02,4.850360453e-01,-1.230340749e-01,2.249997854e-02,1.977989594e+00,6.999974325e-02,0,0
2.560000000e+00,8.568646883e-02,2.228290587e-01,7.053675649e-02,1.111841706e-01,5.365967388e-02,3.000000000e+01,4.570684224e+00,1.353281178e-01,2.266989743e-16,2.776912484e-17,1.474674387e-18,1.333363400e-02,-2.886331081e-01,-2.634257555e+00,-1.501043797e+00,-1.272806168e+00,-7.690034509e-01,2.259079665e-01,2.712530161e-01,4.279447337e+00,-1.545511573e+00,-3.390391215e-01,1.872559345e-02,-1.542037153e-03,6.218975915e-01,-5.163691942e-02,9.836269972e-02,6.314427659e-01,-5.726946480e-02,1.339602967e-02,4.850360155e-01,-1.230342239e-01,2.249999531e-02,1.977988730e+00,6.999972835e-02,0,0
2.570000000e+00,8.600051278e-02,2.237387619e-01,5.985680877e-02,1.116361905e-01,5.392760682e-02,3.000000000e+01,4.561393241e+00,1.353186951e-01,2.253172459e-16,8.673617380e-18,2.345487916e-18,1.102883300e-02,-2.886786759e-01,-2.634639740e+00,-1.501169324e+00,-1.274292111e+00,-7.692779899e-01,2.266934216e-01,3.333492951e-01,4.267780783e+00,-1.538886040e+00,-3.358674046e-01,1.600631521e-02,-6.092161211e-04,6.218391524e-01,-5.161086647e-02,9.848682467e-02,6.314428095e-01,-5.726943713e-02,1.321174892e-02,4.850362837e-01,-1.230342016e-01,2.250005305e-02,1.977991323e+00,6.999960169e-02,0,0
2.580000000e+00,8.630744872e-02,2.246318929e-01,8.327253552e-02,1.120799535e-01,5.419805160e-02,3.000000000e+01,4.530545740e+00,1.353099563e-01,2.438721616e-16,1.704095433e-17,1.474674387e-18,1.308657200e-02,-2.887219191e-01,-2.635012388e+00,-1.501285911e+00,-1.275750756e+00,-7.695530653e-01,2.274342179e-01,2.774705449e-01,4.243295123e+00,-1.527573963e+00,-3.308635814e-01,1.866442854e-02,-1.515797598e-04,6.217800869e-01,-5.158307631e-02,9.860753718e-02,6.314428522e-01,-5.726941006e-02,1.303141738e-02,4.850360155e-01,-1.230343208e-01,2.250011638e-02,1.977989555e+00,6.999970600e-02,0,0
2.590000000e+00,8.661061341e-02,2.255095190e-01,7.363972120e-02,1.125159908e-01,5.444634428e-02,3.000000000e+01,4.565032509e+00,1.353010247e-01,2.293668582e-16,7.152448123e-18,1.626303259e-18,1.199894200e-02,-2.887669802e-01,-2.635381460e+00,-1.501405120e+00,-1.277197123e+00,-7.697923779e-01,2.282237262e-01,2.882198592e-01,4.274801587e+00,-1.539272109e+00,-3.359103467e-01,1.809320614e-02,-8.749232956e-04,6.217244835e-01,-5.156238992e-02,9.872927143e-02,6.314428939e-01,-5.726938358e-02,1.285505482e-02,4.850359261e-01,-1.230342835e-01,2.250000089e-02,1.977988573e+00,6.999971345e-02,0,0
2.600000000e+00,8.690806241e-02,2.263638948e-01,5.328763527e-02,1.129404558e-01,5.467925599e-02,3.000000000e+01,4.558523160e+00,1.352923632e-01,2.282929471e-16,2.447512862e-17,2.710505431e-18,1.347539600e-02,-2.888095081e-01,-2.635740042e+00,-1.501520872e+00,-1.278611779e+00,-7.700022459e-01,2.290063500e-01,2.711208918e-01,4.269880528e+00,-1.536708078e+00,-3.360521166e-01,1.854130628e-02,-7.859496673e-04,6.216718498e-01,-5.154501814e-02,9.884978073e-02,6.314429347e-01,-5.726935770e-02,1.268268059e-02,4.850359559e-01,-1.230344251e-01,2.249990404e-02,1.977989398e+00,6.999968737e-02,0,0
2.610000000e+00,8.719528159e-02,2.271952991e-01,6.974186553e-02,1.133534884e-01,5.491073889e-02,3.000000000e+01,4.559776400e+00,1.352829800e-01,5.581784894e-16,1.110764993e-17,1.738108305e-18,1.211121200e-02,-2.888537049e-01,-2.636097431e+00,-1.501645565e+00,-1.279979348e+00,-7.702444196e-01,2.298032492e-01,2.761690246e-01,4.271165881e+00,-1.536063563e+00,-3.355404882e-01,1.880940261e-02,-1.011779599e-03,6.216188805e-01,-5.152417409e-02,9.896370609e-02,6.314429746e-01,-5.726933243e-02,1.251431359e-02,4.850358665e-01,-1.230343133e-01,2.249999158e-02,1.977986844e+00,6.999972835e-02,0,0
2.620000000e+00,8.747779951e-02,2.280178995e-01,6.774443232e-02,1.137621281e-01,5.514339710e-02,3.000000000e+01,4.561919188e+00,1.352737305e-01,8.133366455e-17,1.411962612e-17,2.637977740e-18,1.221189400e-02,-2.888974249e-01,-2.636448622e+00,-1.501768470e+00,-1.281329513e+00,-7.704837918e-01,2.305765301e-01,2.664479630e-01,4.274236355e+00,-1.535573924e+00,-3.356516727e-01,1.911963652e-02,-9.276509717e-04,6.215663059e-01,-5.150353052e-02,9.907696847e-02,6.314430135e-01,-5.726930775e-02,1.234997229e-02,4.850358069e-01,-1.230340973e-01,2.249998227e-02,1.977989790e+00,6.999968365e-02,0,0
2.630000000e+00,8.775290124e-02,2.288234801e-01,6.400319997e-02,1.141622942e-01,5.537660038e-02,3.000000000e+01,4.531090717e+00,1.352644790e-01,8.982534845e-18,3.878959614e-18,1.084202172e-18,1.203078200e-02,-2.889385521e-01,-2.636793852e+00,-1.501891255e+00,-1.282647014e+00,-7.707250118e-01,2.313165665e-01,2.609270078e-01,4.245597952e+00,-1.525550284e+00,-3.315330451e-01,1.949239118e-02,-6.497273077e-04,6.215145327e-01,-5.148122247e-02,9.918676970e-02,6.314430514e-01,-5.726928369e-02,1.218967469e-02,4.850359261e-01,-1.230342314e-01,2.249995433e-02,1.977989555e+00,6.999975815e-02,0,0
2.640000000e+00,8.802593226e-02,2.296230166e-01,4.929816591e-02,1.145594397e-01,5.559666571e-02,3.000000000e+01,4.530770021e+00,1.352552400e-01,7.781217399e-16,3.998340052e-18,1.958328450e-18,1.135527500e-02,-2.889803946e-01,-2.637133598e+00,-1.502013922e+00,-1.283959389e+00,-7.709524632e-01,2.321053743e-01,2.693734686e-01,4.244923889e+00,-1.525007603e+00,-3.315557712e-01,1.893431944e-02,-4.068972758e-04,6.214639415e-01,-5.146161358e-02,9.929885318e-02,6.314430884e-01,-5.726926023e-02,1.203343839e-02,4.850359559e-01,-1.230345219e-01,2.249986120e-02,1.977989947e+00,6.999966130e-02,0,0
2.650000000e+00,8.828894164e-02,2.303889146e-01,6.181749297e-02,1.149398591e-01,5.580656445e-02,3.000000000e+01,4.562748077e+00,1.352468725e-01,4.872689719e-17,2.023017828e-17,4.848699518e-19,1.242266500e-02,-2.890220881e-01,-2.637462139e+00,-1.502125382e+00,-1.285230637e+00,-7.711440325e-01,2.328303754e-01,2.454575395e-01,4.275805340e+00,-1.536870855e+00,-3.369366178e-01,2.022445525e-02,-1.401531403e-03,6.214158603e-01,-5.144758140e-02,9.940556007e-02,6.314431244e-01,-5.726923739e-02,1.188128051e-02,4.850360751e-01,-1.230342537e-01,2.249996364e-02,1.977990498e+00,6.999970600e-02,0,0
2.660000000e+00,8.854497071e-02,2.311296897e-01,6.281240844e-02,1.153077840e-01,5.600353478e-02,3.000000000e+01,4.553521890e+00,1.352391163e-01,2.241094933e-16,7.401218599e-18,1.178056882e-18,1.329552400e-02,-2.890600562e-01,-2.637779236e+00,-1.502228975e+00,-1.286468625e+00,-7.713080049e-01,2.335333973e-01,2.795783347e-01,4.267326275e+00,-1.528156116e+00,-3.327633087e-01,1.820681921e-02,7.657012171e-05,6.213701363e-01,-5.143566449e-02,9.950972788e-02,6.314431594e-01,-5.726921516e-02,1.173321775e-02,4.850360155e-01,-1.230345219e-01,2.249990031e-02,1.977991795e+00,6.999967992e-02,0,0
2.670000000e+00,8.878177585e-02,2.318164886e-01,6.277771075e-02,1.156488861e-01,5.619513164e-02,3.000000000e+01,4.525681922e+00,1.352310381e-01,2.270649660e-16,1.505441167e-17,1.764953266e-18,1.245000500e-02,-2.890953720e-01,-2.638093233e+00,-1.502336383e+00,-1.287619472e+00,-7.714726329e-01,2.341554910e-01,2.732263161e-01,4.241208845e+00,-1.519998418e+00,-3.294335743e-01,1.923802955e-02,2.989716988e-05,6.213274395e-01,-5.142286886e-02,9.959890066e-02,6.314431935e-01,-5.726919355e-02,1.158926633e-02,4.850359261e-01,-1.230342761e-01,2.250014432e-02,1.977989712e+00,6.999968737e-02,0,0
2.680000000e+00,8.902550791e-02,2.325328551e-01,4.297314192e-02,1.160046586e-01,5.640369191e-02,3.000000000e+01,4.574530846e+00,1.352229166e-01,1.223566225e-16,4.271261210e-18,1.236477796e-18,1.275617800e-02,-2.891322970e-01,-2.638395071e+00,-1.502444148e+00,-1.288788915e+00,-7.716864347e-01,2.348153144e-01,2.730027916e-01,4.287502438e+00,-1.534755430e+00,-3.365986828e-01,1.875406782e-02,-3.954699716e-04,6.212803474e-01,-5.140304650e-02,9.969821265e-02,6.314432265e-01,-5.726917255e-02,1.144944205e-02,4.850361645e-01,-1.230343431e-01,2.249998599e-02,1.977991008e+00,6.999967992e-02,0,0
2.690000000e+00,8.926005888e-02,2.332303182e-01,5.725997800e-02,1.163510286e-01,5.660981277e-02,3.000000000e+01,4.573151060e+00,1.352142850e-01,6.721676087e-16,6.992893893e-18,1.474674387e-18,1.249436700e-02,-2.891695797e-01,-2.638697624e+00,-1.502558351e+00,-1.289926171e+00,-7.719017863e-01,2.354619801e-01,2.730168272e-01,4.286578624e+00,-1.533461959e+00,-3.354651635e-01,1.932893015e-02,-2.562826598e-04,6.212348166e-01,-5.138370581e-02,9.979261275e-02,6.314432586e-01,-5.726915218e-02,1.131376024e-02,4.850359261e-01,-1.230344325e-01,2.249992080e-02,1.977989201e+00,6.999966130e-02,0,0
2.700000000e+00,8.948877151e-02,2.339062788e-01,4.734059886e-02,1.166867068e-01,5.680181746e-02,3.000000000e+01,4.544402384e+00,1.352061625e-01,3.264150854e-17,5.553824967e-18,5.762613592e-19,1.367588800e-02,-2.892063558e-01,-2.638989449e+00,-1.502665997e+00,-1.291036248e+00,-7.720957994e-01,2.361128330e-01,2.659226060e-01,4.260336798e+00,-1.523043146e+00,-3.322475574e-01,1.896409504e-02,-2.371377734e-04,6.211910352e-01,-5.136749065e-02,9.988568625e-02,6.314432898e-01,-5.726913244e-02,1.118223577e-02,4.850359857e-01,-1.230342388e-01,2.249995619e-02,1.977990694e+00,6.999969855e-02,0,0
2.710000000e+00,8.971006260e-02,2.345603146e-01,5.155885738e-02,1.170114845e-01,5.698697677e-02,3.000000000e+01,4.583001521e+00,1.351982958e-01,5.553374971e-16,1.241873016e-17,3.428548309e-19,1.221159400e-02,-2.892412543e-01,-2.639271498e+00,-1.502770185e+00,-1.292109013e+00,-7.722930312e-01,2.367603332e-01,2.653679690e-01,4.296461996e+00,-1.536223671e+00,-3.369287731e-01,1.981801016e-02,-4.197453048e-04,6.211477856e-01,-5.134979875e-02,9.997540388e-02,6.314433199e-01,-5.726911332e-02,1.105488307e-02,4.850358367e-01,-1.230343878e-01,2.250000648e-02,1.977988415e+00,6.999966130e-02,0,0
2.720000000e+00,8.992267532e-02,2.351860337e-01,4.542070169e-02,1.173221892e-01,5.716745425e-02,3.000000000e+01,4.589496342e+00,1.351904839e-01,6.377468505e-18,2.776912484e-18,1.578622192e-18,1.287445000e-02,-2.892747521e-01,-2.639542818e+00,-1.502873540e+00,-1.293131828e+00,-7.724785209e-01,2.373524457e-01,2.908439027e-01,4.301415029e+00,-1.537081139e+00,-3.372695413e-01,1.860259041e-02,-1.403160546e-04,6.211071368e-01,-5.133360023e-02,1.000609490e-01,6.314433490e-01,-5.726909483e-02,1.093171610e-02,4.850359857e-01,-1.230343059e-01,2.249998413e-02,1.977991244e+00,6.999965012e-02,0,0
2.730000000e+00,9.012679084e-02,2.357916088e-01,6.155165683e-02,1.176228802e-01,5.736065566e-02,3.000000000e+01,4.578077616e+00,1.351834803e-01,4.454897409e-16,5.204170428e-18,9.010137546e-19,1.226745500e-02,-2.893037200e-01,-2.639798641e+00,-1.502966166e+00,-1.294107556e+00,-7.726906538e-01,2.378615737e-01,2.515162374e-01,4.293752263e+00,-1.531957595e+00,-3.345794989e-01,1.969495648e-02,5.832618291e-04,6.210645743e-01,-5.131029987e-02,1.001414216e-01,6.314433772e-01,-5.726907697e-02,1.081274838e-02,4.850359559e-01,-1.230342090e-01,2.249995619e-02,1.977988965e+00,6.999965757e-02,0,0
2.740000000e+00,9.032453594e-02,2.363780751e-01,4.275317319e-02,1.179140728e-01,5.755706569e-02,3.000000000e+01,4.559817019e+00,1.351771197e-01,3.446058449e-16,1.071112733e-17,9.467388460e-19,1.201787200e-02,-2.893283665e-01,-2.640040398e+00,-1.503050447e+00,-1.295046687e+00,-7.728881836e-01,2.382835150e-01,2.663493286e-01,4.275645223e+00,-1.525921435e+00,-3.331993037e-01,1.971890882e-02,6.080889118e-04,6.210235827e-01,-5.128672071e-02,1.002198379e-01,6.314434043e-01,-5.726905974e-02,1.069799295e-02,4.850359559e-01,-1.230340451e-01,2.250007913e-02,1.977989908e+00,6.999965757e-02,0,0
2.750000000e+00,9.051256022e-02,2.369353977e-01,3.018555662e-02,1.181907856e-01,5.775197342e-02,3.000000000e+01,4.600769478e+00,1.351708464e-01,3.364531427e-16,3.928643637e-18,2.528917546e-18,1.156709800e-02,-2.893498242e-01,-2.640271425e+00,-1.503133416e+00,-1.295931458e+00,-7.730829716e-01,2.386419475e-01,3.441316162e-01,4.308566615e+00,-1.539518059e+00,-3.383910749e-01,1.680891810e-02,1.883243836e-04,6.209846464e-01,-5.126210255e-02,1.002928360e-01,6.314434305e-01,-5.726904314e-02,1.058746239e-02,4.850361049e-01,-1.230342388e-01,2.249998972e-02,1.977990812e+00,6.999969110e-02,0,0
2.760000000e+00,9.069121876e-02,2.374666655e-01,5.715759153e-02,1.184545534e-01,5.794496534e-02,3.000000000e+01,4.561109062e+00,1.351655403e-01,7.771832218e-16,5.485677295e-18,1.552341270e-18,1.199055200e-02,-2.893696129e-01,-2.640489578e+00,-1.503203750e+00,-1.296775937e+00,-7.732832432e-01,2.389635593e-01,2.570837943e-01,4.277851368e+00,-1.525325819e+00,-3.325201382e-01,2.055498555e-02,6.816381754e-04,6.209448775e-01,-5.123542668e-02,1.003603804e-01,6.314434556e-01,-5.726902718e-02,1.048116882e-02,4.850358963e-01,-1.230342165e-01,2.249994129e-02,1.977989712e+00,6.999973953e-02,0,0
2.770000000e+00,9.086679436e-02,2.379905403e-01,5.245301182e-02,1.187146426e-01,5.812398316e-02,3.000000000e+01,4.529260894e+00,1.351601678e-01,9.822871683e-17,1.671922715e-17,3.297472175e-19,1.157168700e-02,-2.893918455e-01,-2.640704870e+00,-1.503275037e+00,-1.297616959e+00,-7.734611630e-01,2.393270433e-01,3.211036455e-01,4.244649965e+00,-1.511926969e+00,-3.283744398e-01,1.702913086e-02,6.645270622e-04,6.209071101e-01,-5.121396530e-02,1.004296411e-01,6.314434798e-01,-5.726901186e-02,1.037912390e-02,4.850360453e-01,-1.230341941e-01,2.249995433e-02,1.977989869e+00,6.999971345e-02,0,0
2.780000000e+00,9.103522036e-02,2.384910720e-01,4.009095001e-02,1.189631349e-01,5.829691642e-02,3.000000000e+01,4.597954989e+00,1.351555232e-01,6.675761973e-16,7.152448123e-18,1.116254457e-18,1.318190300e-02,-2.894092202e-01,-2.640906811e+00,-1.503336906e+00,-1.298421383e+00,-7.736210227e-01,2.396434397e-01,2.647030855e-01,4.311127951e+00,-1.539358386e+00,-3.394861443e-01,2.055964489e-02,-6.067978974e-04,6.208710922e-01,-5.119240895e-02,1.004961411e-01,6.314435029e-01,-5.726899718e-02,1.028133882e-02,4.850359261e-01,-1.230344251e-01,2.249991521e-02,1.977990419e+00,6.999966875e-02,0,0
2.790000000e+00,9.119345527e-02,2.389608056e-01,3.668655632e-02,1.191963306e-01,5.846719136e-02,3.000000000e+01,4.587641561e+00,1.351515163e-01,3.332363415e-16,7.810019325e-18,5.717817471e-19,1.265855800e-02,-2.894245088e-01,-2.641096354e+00,-1.503390431e+00,-1.299176097e+00,-7.737711668e-01,2.398912311e-01,2.589288816e-01,4.302925997e+00,-1.533205751e+00,-3.363269964e-01,2.007324325e-02,3.699329060e-04,6.208365249e-01,-5.117128914e-02,1.005568232e-01,6.314435251e-01,-5.726898314e-02,1.018782430e-02,4.850359559e-01,-1.230340526e-01,2.249999717e-02,1.977988690e+00,6.999970600e-02,0,0
2.800000000e+00,9.134650095e-02,2.394249558e-01,4.814805406e-02,1.194267479e-01,5.864235641e-02,3.000000000e+01,4.572501454e+00,1.351473257e-01,5.568199323e-16,1.936568402e-17,5.481657992e-19,1.279916900e-02,-2.894404829e-01,-2.641281366e+00,-1.503446102e+00,-1.299910545e+00,-7.739496827e-01,2.401472479e-01,2.481746303e-01,4.290233658e+00,-1.525821219e+00,-3.339617433e-01,2.032309809e-02,4.423862602e-04,6.208005811e-01,-5.114631434e-02,1.006161227e-01,6.314435462e-01,-5.726896975e-02,1.009859060e-02,4.850360453e-01,-1.230341718e-01,2.250022069e-02,1.977986489e+00,6.999969855e-02,0,0
2.810000000e+00,9.149336241e-02,2.398693185e-01,2.848734712e-02,1.196473362e-01,5.879781056e-02,3.000000000e+01,4.575064077e+00,1.351425265e-01,1.015452433e-17,1.316848232e-17,1.269026107e-18,1.167011800e-02,-2.894565463e-01,-2.641464710e+00,-1.503509641e+00,-1.300618768e+00,-7.741039991e-01,2.404439002e-01,3.451549203e-01,4.285743177e+00,-1.527083963e+00,-3.350018181e-01,1.652753820e-02,1.511413677e-05,6.207686852e-01,-5.112591606e-02,1.006742527e-01,6.314435663e-01,-5.726895699e-02,1.001364751e-02,4.850360155e-01,-1.230341196e-01,2.250006981e-02,1.977989358e+00,6.999970600e-02,0,0
2.820000000e+00,9.163320963e-02,2.402995713e-01,3.261341217e-02,1.198609145e-01,5.896319715e-02,3.000000000e+01,4.571591405e+00,1.351386905e-01,1.514782154e-17,1.939479807e-18,5.659701499e-19,1.195581200e-02,-2.894699872e-01,-2.641635656e+00,-1.503560662e+00,-1.301299095e+00,-7.742601037e-01,2.406556457e-01,2.360353793e-01,4.288587340e+00,-1.529210217e+00,-3.358660765e-01,2.153783596e-02,-3.383741518e-04,6.207360170e-01,-5.110337697e-02,1.007293636e-01,6.314435854e-01,-5.726894489e-02,9.933004328e-03,4.850360453e-01,-1.230343133e-01,2.250003628e-02,1.977989751e+00,6.999967620e-02,0,0
2.830000000e+00,9.176512229e-02,2.406965496e-01,3.980340515e-02,1.200579703e-01,5.910631590e-02,3.000000000e+01,4.575096910e+00,1.351353847e-01,1.299250632e-16,6.314488766e-18,8.257037747e-19,1.294147100e-02,-2.894825637e-01,-2.641793966e+00,-1.503604889e+00,-1.301937699e+00,-7.743800879e-01,2.408666462e-01,2.247370458e-01,4.292140886e+00,-1.531206364e+00,-3.368094744e-01,2.231144262e-02,-5.076124175e-04,6.207070142e-01,-5.108632323e-02,1.007815766e-01,6.314436034e-01,-5.726893343e-02,9.856669912e-03,4.850359857e-01,-1.230343133e-01,2.249991894e-02,1.977990576e+00,6.999971345e-02,0,0
2.840000000e+00,9.188822590e-02,2.410714600e-01,6.861910234e-02,1.202440674e-01,5.924406262e-02,3.000000000e+01,4.568708645e+00,1.351316760e-01,2.227418888e-16,3.686287386e-18,2.710505431e-19,1.211657200e-02,-2.894960642e-01,-2.641948462e+00,-1.503654122e+00,-1.302536368e+00,-7.745077014e-01,2.410767972e-01,2.973535551e-01,4.284791464e+00,-1.521472965e+00,-3.316880849e-01,1.849885192e-02,1.576943400e-03,6.206794191e-01,-5.106923383e-02,1.008293773e-01,6.314436205e-01,-5.726892261e-02,9.784652629e-03,4.850358665e-01,-1.230343580e-01,2.249990590e-02,1.977989398e+00,6.999971718e-02,0,0
2.850000000e+00,9.200764997e-02,2.414397399e-01,5.227245955e-02,1.204268693e-01,5.937160553e-02,3.000000000e+01,4.586306294e+00,1.351277561e-01,2.704667003e-16,1.301042607e-18,1.371419324e-18,1.217930400e-02,-2.895140350e-01,-2.642101288e+00,-1.503706098e+00,-1.303129792e+00,-7.746269703e-01,2.413322330e-01,2.906562021e-01,4.302448511e+00,-1.525217557e+00,-3.347325085e-01,1.805019580e-02,9.774511311e-04,6.206528996e-01,-5.105645023e-02,1.008782074e-01,6.314436365e-01,-5.726891245e-02,9.716960376e-03,4.850359559e-01,-1.230340451e-01,2.250027470e-02,1.977986136e+00,6.999976933e-02,0,0
2.860000000e+00,9.212079484e-02,2.417911220e-01,2.416373419e-02,1.206012798e-01,5.949193270e-02,3.000000000e+01,4.613434840e+00,1.351233382e-01,6.661569666e-16,5.907658358e-18,4.795373629e-19,1.233449500e-02,-2.895278633e-01,-2.642248869e+00,-1.503764391e+00,-1.303688526e+00,-7.747402787e-01,2.415822893e-01,2.560809579e-01,4.328218947e+00,-1.539019545e+00,-3.401902864e-01,2.033980929e-02,1.334784800e-04,6.206293008e-01,-5.104271831e-02,1.009253119e-01,6.314436515e-01,-5.726890294e-02,9.653600577e-03,4.850359857e-01,-1.230343282e-01,2.249989845e-02,1.977989751e+00,6.999971345e-02,0,0
2.870000000e+00,9.222548945e-02,2.421190789e-01,2.187606843e-02,1.207640598e-01,5.960203442e-02,3.000000000e+01,4.571581748e+00,1.351192926e-01,2.295275204e-16,1.748223473e-18,3.880853176e-19,1.256410700e-02,-2.895415127e-01,-2.642389297e+00,-1.503817797e+00,-1.304215431e+00,-7.748495340e-01,2.418400049e-01,2.459976308e-01,4.289589676e+00,-1.524944801e+00,-3.352262128e-01,2.078388214e-02,1.606221225e-04,6.206064730e-01,-5.102965750e-02,1.009683625e-01,6.314436654e-01,-5.726889408e-02,9.594580179e-03,4.850358069e-01,-1.230344549e-01,2.249993384e-02,1.977990183e+00,6.999967992e-02,0,0
2.880000000e+00,9.232418955e-02,2.424292700e-01,2.491407291e-02,1.209180188e-01,5.970555723e-02,3.000000000e+01,4.605522338e+00,1.351161078e-01,1.339336846e-16,7.019790443e-18,7.135698343e-19,1.281859900e-02,-2.895552814e-01,-2.642518282e+00,-1.503860116e+00,-1.304720283e+00,-7.749431729e-01,2.420768589e-01,2.535137054e-01,4.321619039e+00,-1.534457797e+00,-3.394215349e-01,2.019848271e-02,-1.091149812e-05,6.205842558e-01,-5.101899042e-02,1.010099430e-01,6.314436784e-01,-5.726888587e-02,9.539905655e-03,4.850360453e-01,-1.230345368e-01,2.249986865e-02,1.977989122e+00,6.999963149e-02,0,0
2.890000000e+00,9.241326235e-02,2.427013779e-01,2.681440108e-02,1.210530733e-01,5.979107935e-02,3.000000000e+01,4.548175961e+00,1.351135727e-01,1.119946733e-16,3.252606517e-18,4.321960194e-19,1.217391300e-02,-2.895655334e-01,-2.642632961e+00,-1.503894091e+00,-1.305172801e+00,-7.749956250e-01,2.422663867e-01,2.569921549e-01,4.267979827e+00,-1.514588490e+00,-3.314042783e-01,2.000314103e-02,7.656152277e-04,6.205664631e-01,-5.101303684e-02,1.010470045e-01,6.314436903e-01,-5.726887832e-02,9.489583001e-03,4.850360155e-01,-1.230343208e-01,2.249992453e-02,1.977989358e+00,6.999968737e-02,0,0
2.900000000e+00,9.249762984e-02,2.429731346e-01,4.230861653e-02,1.211879513e-01,5.989155901e-02,3.000000000e+01,4.633967159e+00,1.351103547e-01,2.248809900e-16,3.366268786e-18,2.235140038e-19,1.209581200e-02,-2.895741761e-01,-2.642743587e+00,-1.503936529e+00,-1.305598617e+00,-7.750947475e-01,2.424395680e-01,2.888576119e-01,4.345425519e+00,-1.545589317e+00,-3.438987815e-01,1.942231675e-02,-1.835748583e-04,6.205471272e-01,-5.099921989e-02,1.010829525e-01,6.314437012e-01,-5.726887141e-02,9.443617734e-03,4.850359261e-01,-1.230345145e-01,2.249984629e-02,1.977990655e+00,6.999961287e-02,0,0
2.910000000e+00,9.257207992e-02,2.432184689e-01,5.533402431e-02,1.213097134e-01,5.999429224e-02,3.000000000e+01,4.636561835e+00,1.351082120e-01,6.739863951e-16,2.453269467e-18,2.179219396e-18,1.394296000e-02,-2.895815074e-01,-2.642841339e+00,-1.503965020e+00,-1.305984020e+00,-7.751854062e-01,2.425300628e-01,2.505241406e-01,4.349775996e+00,-1.547617359e+00,-3.446778710e-01,2.165783394e-02,-8.380985018e-04,6.205280645e-01,-5.098580847e-02,1.011133110e-01,6.314437110e-01,-5.726886517e-02,9.402014896e-03,4.850359559e-01,-1.230345368e-01,2.250002511e-02,1.977989043e+00,6.999961287e-02,0,0
2.920000000e+00,9.263911135e-02,2.434396786e-01,5.441863242e-02,1.214195007e-01,6.009875225e-02,3.000000000e+01,4.634135720e+00,1.351072251e-01,4.750563677e-16,9.511364005e-18,1.738108305e-18,1.291069000e-02,-2.895832360e-01,-2.642919779e+00,-1.503978491e+00,-1.306324124e+00,-7.752714157e-01,2.425392270e-01,2.659203036e-01,4.346574503e+00,-1.546833308e+00,-3.444701568e-01,2.090369831e-02,-6.488995921e-04,6.205094051e-01,-5.096959124e-02,1.011404018e-01,6.314437198e-01,-5.726885958e-02,9.364779048e-03,4.850359261e-01,-1.230346262e-01,2.249989845e-02,1.977990419e+00,6.999961659e-02,0,0
2.930000000e+00,9.269609198e-02,2.436357396e-01,3.927415685e-02,1.215168053e-01,6.021082696e-02,3.000000000e+01,4.588040790e+00,1.351065748e-01,4.442332350e-16,6.938893904e-18,1.183966644e-18,1.148986700e-02,-2.895824313e-01,-2.642985582e+00,-1.503987312e+00,-1.306608915e+00,-7.753816247e-01,2.424792051e-01,2.032769204e-01,4.307800457e+00,-1.529105529e+00,-3.360568540e-01,2.351136333e-02,1.137987549e-03,6.204902837e-01,-5.094831948e-02,1.011613125e-01,6.314437276e-01,-5.726885464e-02,9.331914275e-03,4.850359559e-01,-1.230344474e-01,2.249987982e-02,1.977989083e+00,6.999963149e-02,0,0
2.940000000e+00,9.274543257e-02,2.438149550e-01,5.941426357e-02,1.216057485e-01,6.031983118e-02,2.979025307e+01,4.590528642e+00,1.351054540e-01,2.220801775e-16,7.757919229e-18,4.338925756e-19,1.206163200e-02,-2.895804048e-01,-2.643047333e+00,-1.504001975e+00,-1.306857228e+00,-7.755096555e-01,2.424291968e-01,2.631634357e-01,4.308009002e+00,-1.527010383e+00,-3.354971420e-01,2.083895889e-02,1.829239441e-03,6.204719288e-01,-5.092406557e-02,1.011787661e-01,6.314437343e-01,-5.726885037e-02,9.303424180e-03,4.850360751e-01,-1.230344176e-01,2.250004001e-02,1.977987747e+00,6.999969110e-02,0,0
2.950000000e+00,9.278824095e-02,2.439725682e-01,5.808670346e-02,1.216839699e-01,6.043091378e-02,2.975468755e+01,4.594555768e+00,1.351060943e-01,1.129303651e-16,5.553824967e-18,2.235140038e-19,1.186624100e-02,-2.895753086e-01,-2.643088579e+00,-1.503993988e+00,-1.307073712e+00,-7.756098509e-01,2.422708720e-01,3.089910953e-01,4.309385459e+00,-1.526584825e+00,-3.359394031e-01,1.855697891e-02,1.817083987e-03,6.204542279e-01,-5.090186073e-02,1.011942169e-01,6.314437400e-01,-5.726884675e-02,9.279311887e-03,4.850359559e-01,-1.230341345e-01,2.250000834e-02,1.977989279e+00,6.999961659e-02,0,0
2.960000000e+00,9.282267333e-02,2.441088312e-01,3.985250843e-02,1.217515948e-01,6.054834215e-02,2.955736379e+01,4.586076511e+00,1.351073115e-01,2.377379230e-16,1.939479807e-18,3.909146526e-19,1.251492700e-02,-2.895643115e-01,-2.643115520e+00,-1.503978372e+00,-1.307242393e+00,-7.757166028e-01,2.420291305e-01,3.099221005e-01,4.300690627e+00,-1.525154927e+00,-3.371760249e-01,1.786866714e-02,1.295388125e-03,6.204370871e-01,-5.087517754e-02,1.012053423e-01,6.314437447e-01,-5.726884378e-02,9.259580041e-03,4.850360751e-01,-1.230343655e-01,2.249993384e-02,1.977990576e+00,6.999970600e-02,0,0
2.970000000e+00,9.284926139e-02,2.442199321e-01,5.225517990e-02,1.218067318e-01,6.064536769e-02,2.965388173e+01,4.588671370e+00,1.351082751e-01,4.624561391e-16,1.076586007e-17,4.253421299e-19,1.239313500e-02,-2.895574570e-01,-2.643139124e+00,-1.503965974e+00,-1.307380676e+00,-7.758113146e-01,2.418418527e-01,2.315059079e-01,4.308789063e+00,-1.524167405e+00,-3.362954171e-01,2.151533672e-02,1.724226328e-03,6.204223244e-01,-5.085348290e-02,1.012135557e-01,6.314437483e-01,-5.726884148e-02,9.244230805e-03,4.850358963e-01,-1.230342239e-01,2.249996178e-02,1.977990262e+00,6.999981403e-02,0,0
2.980000000e+00,9.287155221e-02,2.443184226e-01,3.307290274e-02,1.218556102e-01,6.071885430e-02,2.985268402e+01,4.594346560e+00,1.351083738e-01,2.732189475e-17,1.133859855e-17,4.370558683e-19,1.200611100e-02,-2.895537913e-01,-2.643165350e+00,-1.503964782e+00,-1.307509184e+00,-7.758857012e-01,2.417475581e-01,2.417682696e-01,4.312141996e+00,-1.529656358e+00,-3.386959015e-01,2.087878356e-02,6.428156805e-04,6.204110840e-01,-5.083764246e-02,1.012226412e-01,6.314437509e-01,-5.726883983e-02,9.233265862e-03,4.850359559e-01,-1.230344027e-01,2.249990962e-02,1.977990419e+00,6.999976560e-02,0,0
2.990000000e+00,9.288559579e-02,2.443840159e-01,3.326134925e-02,1.218881624e-01,6.077120586e-02,3.000000000e+01,4.608447689e+00,1.351087749e-01,2.239634200e-16,9.324138683e-18,3.471140604e-19,1.212513300e-02,-2.895500958e-01,-2.643180132e+00,-1.503959656e+00,-1.307593584e+00,-7.759371996e-01,2.416677177e-01,2.454202666e-01,4.325929280e+00,-1.532214965e+00,-3.402339915e-01,2.127978854e-02,3.984533299e-04,6.204029472e-01,-5.082583488e-02,1.012284376e-01,6.314437525e-01,-5.726883885e-02,9.226686416e-03,4.850360751e-01,-1.230344102e-01,2.249995992e-02,1.977989083e+00,6.999972090e-02,0,0
3.000000000e+00,9.289295415e-02,2.444283865e-01,4.967844262e-02,1.219101822e-01,6.081108805e-02,2.924910029e+01,4.624703410e+00,1.351087736e-01,6.661925751e-16,1.280644259e-17,3.066586833e-19,1.133019500e-02,-2.895440757e-01,-2.643188953e+00,-1.503959656e+00,-1.307641745e+00,-7.759744525e-01,2.415919602e-01,2.996680322e-01,4.337902637e+00,-1.536785991e+00,-3.444579645e-01,1.783431891e-02,9.405960570e-04,6.203982902e-01,-5.081553260e-02,1.012323924e-01,6.314437530e-01,-5.726883852e-02,9.224493187e-03,4.850360155e-01,-1.230342239e-01,2.250004560e-02,1.977989790e+00,6.999963149e-02,0,0
3.010000000e+00,9.289358493e-02,2.444660702e-01,5.837026700e-02,1.219288835e-01,6.087534827e-02,2.916506569e+01,4.580651433e+00,1.351092255e-01,4.444499523e-16,8.501140670e-18,1.124451471e-18,1.186304000e-02,-2.895361185e-01,-2.643190622e+00,-1.503953457e+00,-1.307657838e+00,-7.760612965e-01,2.414303273e-01,2.538858190e-01,4.299614442e+00,-1.522280228e+00,-3.368308268e-01,2.070949752e-02,2.053124931e-03,6.203898530e-01,-5.079610015e-02,1.012306510e-01,6.314437530e-01,-5.726883852e-02,9.224493187e-03,4.850357175e-01,-1.230343804e-01,2.249993384e-02,1.977990655e+00,6.999969110e-02,0,0
3.020000000e+00,9.289923105e-02,2.445265530e-01,3.984908412e-02,1.219588992e-01,6.093968102e-02,2.966745501e+01,4.583957156e+00,1.351089813e-01,3.937669448e-17,9.644525285e-18,2.363935266e-19,1.204300200e-02,-2.895361781e-01,-2.643203259e+00,-1.503956318e+00,-1.307715297e+00,-7.761581540e-01,2.413521409e-01,2.530899844e-01,4.301669471e+00,-1.526200017e+00,-3.384336545e-01,2.059645919e-02,6.184860904e-04,6.203798979e-01,-5.077994464e-02,1.012340171e-01,6.314437530e-01,-5.726883852e-02,9.224493187e-03,4.850360155e-01,-1.230342835e-01,2.249999531e-02,1.977989790e+00,6.999972463e-02,0,0
3.030000000e+00,9.290317656e-02,2.445786597e-01,3.228527937e-02,1.219847581e-01,6.099526211e-02,3.000000000e+01,4.586118156e+00,1.351080031e-01,1.341176931e-16,1.788112031e-18,2.168404345e-19,1.136838600e-02,-2.895324230e-01,-2.643218756e+00,-1.503968596e+00,-1.307756901e+00,-7.762507796e-01,2.412957698e-01,2.522925405e-01,4.305018439e+00,-1.523761472e+00,-3.366528812e-01,2.143833022e-02,8.221544668e-04,6.203723695e-01,-5.076266670e-02,1.012358752e-01,6.314437530e-01,-5.726883852e-02,9.224493187e-03,4.850359261e-01,-1.230344400e-01,2.249996923e-02,1.977989201e+00,6.999967992e-02,0,0
3.040000000e+00,9.291010083e-02,2.446480139e-01,4.175785385e-02,1.220191761e-01,6.106506227e-02,2.927835504e+01,4.589097740e+00,1.351075151e-01,2.224782858e-16,0.000000000e+00,5.421010862e-19,1.257475700e-02,-2.895313501e-01,-2.643234015e+00,-1.503974557e+00,-1.307822585e+00,-7.763612270e-01,2.412269861e-01,2.607372195e-01,4.306052352e+00,-1.527700791e+00,-3.398072390e-01,2.018744148e-02,1.054939058e-03,6.203614614e-01,-5.074365457e-02,1.012402072e-01,6.314437530e-01,-5.726883852e-02,9.224493187e-03,4.850360155e-01,-1.230342388e-01,2.249996737e-02,1.977990105e+00,6.999969110e-02,0,0
3.050000000e+00,9.291379908e-02,2.447037200e-01,3.481734834e-02,1.220468210e-01,6.113193832e-02,2.977986659e+01,4.587649127e+00,1.351074186e-01,1.190580370e-16,1.062518129e-17,2.931859894e-19,1.120305400e-02,-2.895282507e-01,-2.643245697e+00,-1.503975511e+00,-1.307870507e+00,-7.764525414e-01,2.411115021e-01,2.523673852e-01,4.306314329e+00,-1.524625442e+00,-3.369811976e-01,2.125382615e-02,1.149525362e-03,6.203521588e-01,-5.072644649e-02,1.012415987e-01,6.314437530e-01,-5.726883852e-02,9.224493187e-03,4.850360751e-01,-1.230343878e-01,2.250022627e-02,1.977989122e+00,6.999969855e-02,0,0
3.060000000e+00,9.291896693e-02,2.447563167e-01,3.013309622e-02,1.220729227e-01,6.118520002e-02,2.990553336e+01,4.585901572e+00,1.351078800e-01,4.510133000e-16,6.852166308e-18,5.732254402e-19,1.145918700e-02,-2.895230353e-01,-2.643255234e+00,-1.503969550e+00,-1.307930112e+00,-7.764981389e-01,2.410003841e-01,2.495208787e-01,4.304706209e+00,-1.524450504e+00,-3.366615624e-01,2.111470955e-02,9.144731058e-04,6.203454262e-01,-5.071490133e-02,1.012451836e-01,6.314437530e-01,-5.726883852e-02,9.224493187e-03,4.850361347e-01,-1.230343059e-01,2.250024676e-02,1.977987354e+00,6.999967992e-02,0,0
3.070000000e+00,9.292430740e-02,2.448108706e-01,4.067472956e-02,1.220999956e-01,6.124558393e-02,2.979911363e+01,4.585315316e+00,1.351082944e-01,1.242062312e-17,1.308082170e-18,5.838607383e-19,1.267140700e-02,-2.895157933e-01,-2.643261909e+00,-1.503964067e+00,-1.307981491e+00,-7.765634060e-01,2.408745289e-01,2.731437143e-01,4.301670427e+00,-1.526906271e+00,-3.380529654e-01,2.043845295e-02,5.459288330e-04,6.203375812e-01,-5.069905222e-02,1.012484996e-01,6.314437530e-01,-5.726883852e-02,9.224493187e-03,4.850358963e-01,-1.230344027e-01,2.249993198e-02,1.977989515e+00,6.999963894e-02,0,0
3.080000000e+00,9.292675823e-02,2.448635157e-01,4.043016482e-02,1.221261211e-01,6.132270443e-02,2.966105414e+01,4.590062396e+00,1.351085288e-01,1.970267125e-17,3.469446952e-18,1.149970063e-18,1.222645400e-02,-2.895082533e-01,-2.643266678e+00,-1.503960609e+00,-1.308010459e+00,-7.766711712e-01,2.407038510e-01,2.578176638e-01,4.307711710e+00,-1.526965932e+00,-3.372401826e-01,2.156196288e-02,1.363052755e-03,6.203272693e-01,-5.067647885e-02,1.012481150e-01,6.314437530e-01,-5.726883852e-02,9.224493187e-03,4.850357771e-01,-1.230344623e-01,2.249991894e-02,1.977988886e+00,6.999966502e-02,0,0
3.090000000e+00,9.293245725e-02,2.449288723e-01,4.050162094e-02,1.221585548e-01,6.140225814e-02,2.970986410e+01,4.623188195e+00,1.351090421e-01,1.161261004e-16,6.942281209e-19,7.590625158e-19,1.236955600e-02,-2.895030677e-01,-2.643272877e+00,-1.503953695e+00,-1.308064818e+00,-7.767700553e-01,2.405403256e-01,2.742858029e-01,4.337194655e+00,-1.539380124e+00,-3.424415968e-01,2.051657265e-02,7.525322330e-04,6.203161879e-01,-5.065638635e-02,1.012510892e-01,6.314437530e-01,-5.726883852e-02,9.224493187e-03,4.850361645e-01,-1.230344102e-01,2.250002138e-02,1.977987472e+00,6.999966130e-02,0,0
3.100000000e+00,9.293631199e-02,2.449839039e-01,4.263448410e-02,1.221858644e-01,6.147111329e-02,2.989000734e+01,4.581160948e+00,1.351097498e-01,4.462481840e-16,6.777781291e-18,7.608751328e-19,1.254069700e-02,-2.894944847e-01,-2.643278837e+00,-1.503944397e+00,-1.308112860e+00,-7.768403888e-01,2.403724343e-01,2.688980302e-01,4.298032164e+00,-1.525576268e+00,-3.374008035e-01,2.065368682e-02,4.075594386e-04,6.203075081e-01,-5.063874788e-02,1.012526630e-01,6.314437530e-01,-5.726883852e-02,9.224493187e-03,4.850360751e-01,-1.230344400e-01,2.249991335e-02,1.977988611e+00,6.999964640e-02,0,0
3.110000000e+00,9.293833778e-02,2.450353916e-01,4.187066687e-02,1.222114154e-01,6.154610555e-02,2.942989428e+01,4.585191086e+00,1.351105403e-01,1.998817200e-17,5.898697550e-18,3.172565268e-19,1.252150600e-02,-2.894866467e-01,-2.643282890e+00,-1.503933907e+00,-1.308148861e+00,-7.769274712e-01,2.401829213e-01,2.723808601e-01,4.303178228e+00,-1.522627519e+00,-3.371227403e-01,1.986035745e-02,1.537568964e-03,6.202976395e-01,-5.061894414e-02,1.012520852e-01,6.314437530e-01,-5.726883852e-02,9.224493187e-03,4.850358963e-01,-1.230341271e-01,2.250022441e-02,1.977988847e+00,6.999970973e-02,0,0
3.120000000e+00,9.294326955e-02,2.450994761e-01,3.054958692e-02,1.222432174e-01,6.162807132e-02,2.959820197e+01,4.543686502e+00,1.351108242e-01,1.117517426e-16,4.690975831e-18,8.637809262e-19,1.191796000e-02,-2.894798815e-01,-2.643288612e+00,-1.503929853e+00,-1.308193326e+00,-7.770379186e-01,2.400145233e-01,2.393000712e-01,4.265313569e+00,-1.511190960e+00,-3.328249388e-01,2.124016673e-02,9.767983649e-04,6.202864399e-01,-5.059623902e-02,1.012540653e-01,6.314437530e-01,-5.726883852e-02,9.224493187e-03,4.850361645e-01,-1.230342463e-01,2.250006422e-02,1.977988651e+00,6.999972090e-02,0,0
3.130000000e+00,9.294851001e-02,2.451588644e-01,3.576176742e-02,1.222726888e-01,6.169537020e-02,2.944807425e+01,4.561067039e+00,1.351112539e-01,2.240297524e-16,4.091337135e-18,8.758959612e-19,1.329641300e-02,-2.894721031e-01,-2.643296003e+00,-1.503924131e+00,-1.308246374e+00,-7.771125436e-01,2.398718745e-01,2.636230680e-01,4.279948299e+00,-1.517549769e+00,-3.354211717e-01,2.030382755e-02,1.030050742e-03,6.202777097e-01,-5.057851458e-02,1.012570122e-01,6.314437530e-01,-5.726883852e-02,9.224493187e-03,4.850361347e-01,-1.230341867e-01,2.250003070e-02,1.977988022e+00,6.999970600e-02,0,0
3.140000000e+00,9.295383865e-02,2.452199233e-01,3.618439047e-02,1.223029891e-01,6.176342068e-02,2.965528389e+01,4.612739557e+00,1.351115998e-01,1.117149208e-16,3.711710359e-18,1.084964234e-18,1.308406200e-02,-2.894644737e-01,-2.643304586e+00,-1.503919482e+00,-1.308301449e+00,-7.771898508e-01,2.397336960e-01,2.596706788e-01,4.328859828e+00,-1.534367214e+00,-3.408608046e-01,2.098091042e-02,9.535444984e-04,6.202688066e-01,-5.056046838e-02,1.012599997e-01,6.314437530e-01,-5.726883852e-02,9.224493187e-03,4.850359559e-01,-1.230344400e-01,2.249989845e-02,1.977989162e+00,6.999967247e-02,0,0
3.150000000e+00,9.295709646e-02,2.452802006e-01,3.864076911e-02,1.223329014e-01,6.183656862e-02,2.963574698e+01,4.587044068e+00,1.351116489e-01,6.700369426e-17,2.927471349e-18,8.313083592e-19,1.375294700e-02,-2.894586325e-01,-2.643316746e+00,-1.503918529e+00,-1.308350921e+00,-7.772885561e-01,2.395998389e-01,2.495083233e-01,4.306405027e+00,-1.523091908e+00,-3.366581660e-01,2.109361115e-02,1.413536972e-03,6.202586367e-01,-5.054026320e-02,1.012605798e-01,6.314437530e-01,-5.726883852e-02,9.224493187e-03,4.850358069e-01,-1.230341941e-01,2.250017226e-02,1.977987236e+00,6.999968365e-02,0,0
3.160000000e+00,9.296153715e-02,2.453346920e-01,3.744892997e-02,1.223599424e-01,6.190530533e-02,2.966129107e+01,4.619314755e+00,1.351121464e-01,2.289309254e-16,6.992893893e-18,3.297472175e-19,1.267056800e-02,-2.894530892e-01,-2.643320322e+00,-1.503911853e+00,-1.308391452e+00,-7.773705721e-01,2.394434363e-01,2.813127293e-01,4.334861780e+00,-1.533430950e+00,-3.407695292e-01,1.922376506e-02,1.182043128e-03,6.202495504e-01,-5.052284791e-02,1.012626854e-01,6.314437530e-01,-5.726883852e-02,9.224493187e-03,4.850358963e-01,-1.230341345e-01,2.250004560e-02,1.977988297e+00,6.999971345e-02,0,0
3.170000000e+00,9.296518075e-02,2.453844959e-01,6.133508977e-02,1.223846572e-01,6.197318506e-02,2.862240294e+01,4.628535942e+00,1.351127244e-01,6.698981574e-16,1.734723476e-18,1.978483305e-18,1.211468300e-02,-2.894435823e-01,-2.643320799e+00,-1.503904104e+00,-1.308420539e+00,-7.774516344e-01,2.392724603e-01,2.749390336e-01,4.342918650e+00,-1.538747747e+00,-3.445085076e-01,1.938124234e-02,2.172555728e-03,6.202410477e-01,-5.050321916e-02,1.012638903e-01,6.314437530e-01,-5.726883852e-02,9.224493187e-03,4.850360751e-01,-1.230340973e-01,2.250008471e-02,1.977990419e+00,6.999970973e-02,0,0
3.180000000e+00,9.296747830e-02,2.454383325e-01,3.866639655e-02,1.224113731e-01,6.205087464e-02,3.000000000e+01,4.598788596e+00,1.351130264e-01,4.469000868e-16,1.020763534e-17,1.084202172e-19,1.284569900e-02,-2.894356847e-01,-2.643325329e+00,-1.503899813e+00,-1.308449149e+00,-7.775515318e-01,2.390853316e-01,2.379229304e-01,4.317185349e+00,-1.529330316e+00,-3.388467429e-01,2.216801390e-02,3.770661086e-04,6.202312862e-01,-5.048167059e-02,1.012634358e-01,6.314437530e-01,-5.726883852e-02,9.224493187e-03,4.850359261e-01,-1.230345443e-01,2.249981090e-02,1.977989790e+00,6.999972835e-02,0,0
3.190000000e+00,9.297096674e-02,2.454945275e-01,4.149581048e-02,1.224392593e-01,6.212143029e-02,2.943101402e+01,4.601418980e+00,1.351128388e-01,4.441798861e-16,3.903127821e-18,2.235140038e-19,1.457800600e-02,-2.894292772e-01,-2.643333912e+00,-1.503901839e+00,-1.308484912e+00,-7.776541114e-01,2.389537096e-01,3.099785837e-01,4.316356404e+00,-1.526691763e+00,-3.389757486e-01,1.851609378e-02,1.468744485e-03,6.202218459e-01,-5.046080026e-02,1.012642676e-01,6.314437530e-01,-5.726883852e-02,9.224493187e-03,4.850359261e-01,-1.230342686e-01,2.250000834e-02,1.977987197e+00,6.999972463e-02,0,0
3.200000000e+00,9.297519982e-02,2.455578702e-01,3.645049758e-02,1.224706923e-01,6.220707968e-02,2.958483027e+01,4.607433934e+00,1.351134363e-01,4.442002102e-16,5.293749647e-18,4.345270764e-19,1.335701400e-02,-2.894200981e-01,-2.643336296e+00,-1.503893733e+00,-1.308522582e+00,-7.777621746e-01,2.387502789e-01,2.951850145e-01,4.322361363e+00,-1.530513308e+00,-3.400802306e-01,1.946414347e-02,1.054071584e-03,6.202106495e-01,-5.043690007e-02,1.012654068e-01,6.314437530e-01,-5.726883852e-02,9.224493187e-03,4.850359261e-01,-1.230344698e-01,2.249988355e-02,1.977989987e+00,6.999961287e-02,0,0
3.210000000e+00,9.297787738e-02,2.456122701e-01,6.769145938e-02,1.224976874e-01,6.228575688e-02,2.832305381e+01,4.579822449e+00,1.351143512e-01,4.573432079e-16,4.336808690e-18,4.470280077e-19,1.222421300e-02,-2.894105315e-01,-2.643336535e+00,-1.503881574e+00,-1.308553219e+00,-7.778584361e-01,2.385489047e-01,2.215272152e-01,4.300369396e+00,-1.522155166e+00,-3.392986339e-01,2.088661347e-02,2.499148210e-03,6.202001244e-01,-5.041456445e-02,1.012651659e-01,6.314437530e-01,-5.726883852e-02,9.224493187e-03,4.850359261e-01,-1.230343133e-01,2.249988355e-02,1.977990851e+00,6.999977306e-02,0,0
3.220000000e+00,9.298008032e-02,2.456632203e-01,4.810098572e-02,1.225229706e-01,6.235419855e-02,2.934536535e+01,4.597991821e+00,1.351144619e-01,6.805474078e-18,5.680433076e-18,5.944602503e-19,1.117954400e-02,-2.894072831e-01,-2.643343925e+00,-1.503879786e+00,-1.308586121e+00,-7.779534459e-01,2.384082526e-01,2.404799969e-01,4.317401587e+00,-1.526045448e+00,-3.383297786e-01,2.137170706e-02,1.787914479e-03,6.201906878e-01,-5.039673887e-02,1.012649088e-01,6.314437530e-01,-5.726883852e-02,9.224493187e-03,4.850358367e-01,-1.230341718e-01,2.250021137e-02,1.977989358e+00,6.999975443e-02,0,0
3.230000000e+00,9.298536970e-02,2.457316502e-01,3.934853315e-02,1.225569277e-01,6.243906095e-02,2.916738705e+01,4.570985602e+00,1.351150938e-01,4.462937001e-16,3.127317221e-18,1.897353802e-19,1.369452700e-02,-2.893990278e-01,-2.643348455e+00,-1.503871322e+00,-1.308635473e+00,-7.780529857e-01,2.382115871e-01,2.497189933e-01,4.290557273e+00,-1.519413960e+00,-3.370768244e-01,2.065859556e-02,1.319325821e-03,6.201796545e-01,-5.037464109e-02,1.012672501e-01,6.314437530e-01,-5.726883852e-02,9.224493187e-03,4.850359857e-01,-1.230342314e-01,2.249988727e-02,1.977990891e+00,6.999970600e-02,0,0
3.240000000e+00,9.298905314e-02,2.457947080e-01,4.479331089e-02,1.225882189e-01,6.252160483e-02,2.937081491e+01,4.603720292e+00,1.351158995e-01,1.117382778e-16,6.947160786e-18,8.230580401e-19,1.105564300e-02,-2.893906236e-01,-2.643352509e+00,-1.503860593e+00,-1.308679342e+00,-7.781535983e-01,2.380183935e-01,2.493994375e-01,4.321408204e+00,-1.530374052e+00,-3.390548142e-01,2.158325949e-02,1.686191124e-03,6.201683674e-01,-5.035222851e-02,1.012679079e-01,6.314437530e-01,-5.726883852e-02,9.224493187e-03,4.850359261e-01,-1.230345070e-01,2.249985188e-02,1.977989790e+00,6.999975070e-02,0,0
3.250000000e+00,9.299274317e-02,2.458498092e-01,3.393627008e-02,1.226155616e-01,6.258531361e-02,2.980184405e+01,4.606824829e+00,1.351161722e-01,4.550145804e-16,4.424023162e-18,4.997925065e-19,1.171639900e-02,-2.893854380e-01,-2.643361568e+00,-1.503856897e+00,-1.308726668e+00,-7.782230973e-01,2.378792316e-01,2.435609555e-01,4.325117113e+00,-1.530257247e+00,-3.386848696e-01,2.188606715e-02,1.158365931e-03,6.201603589e-01,-5.033707836e-02,1.012695148e-01,6.314437530e-01,-5.726883852e-02,9.224493187e-03,4.850361049e-01,-1.230343804e-01,2.250013873e-02,1.977987001e+00,6.999975443e-02,0,0
3.260000000e+00,9.299687764e-02,2.459065988e-01,5.631810942e-02,1.226437421e-01,6.265603446e-02,2.885627769e+01,4.584053882e+00,1.351168319e-01,3.401916829e-16,3.469446952e-18,8.741117366e-19,1.259037700e-02,-2.893782556e-01,-2.643364429e+00,-1.503848076e+00,-1.308766603e+00,-7.783157825e-01,2.377280444e-01,2.585853119e-01,4.302656853e+00,-1.522881520e+00,-3.380293484e-01,1.978531153e-02,2.053006690e-03,6.201501455e-01,-5.031684460e-02,1.012709133e-01,6.314437530e-01,-5.726883852e-02,9.224493187e-03,4.850359857e-01,-1.230343282e-01,2.249990217e-02,1.977990576e+00,6.999970973e-02,0,0
3.270000000e+00,9.299853852e-02,2.459503045e-01,8.206395492e-02,1.226654300e-01,6.272165696e-02,2.883650898e+01,4.608743855e+00,1.351176659e-01,4.438189241e-17,6.952433222e-18,4.470280077e-19,1.435189400e-02,-2.893699706e-01,-2.643363237e+00,-1.503836989e+00,-1.308786869e+00,-7.783985734e-01,2.375560254e-01,2.657964393e-01,4.325916812e+00,-1.529954807e+00,-3.393155074e-01,2.028301843e-02,2.789859571e-03,6.201412307e-01,-5.029764657e-02,1.012700452e-01,6.314437530e-01,-5.726883852e-02,9.224493187e-03,4.850357473e-01,-1.230340153e-01,2.249994688e-02,1.977989201e+00,6.999974325e-02,0,0
3.280000000e+00,9.300250299e-02,2.460007844e-01,4.943245924e-02,1.226904793e-01,6.278472975e-02,2.926890496e+01,4.599789761e+00,1.351180700e-01,1.388645872e-16,2.045668568e-18,6.594944350e-19,1.262569700e-02,-2.893646657e-01,-2.643365622e+00,-1.503831506e+00,-1.308819771e+00,-7.784769535e-01,2.374124676e-01,2.889868673e-01,4.315092430e+00,-1.529050326e+00,-3.408436610e-01,1.896423165e-02,9.027534203e-04,6.201328936e-01,-5.028111564e-02,1.012717732e-01,6.314437530e-01,-5.726883852e-02,9.224493187e-03,4.850358963e-01,-1.230344474e-01,2.249985002e-02,1.977990812e+00,6.999969855e-02,0,0
3.290000000e+00,9.300542177e-02,2.460385467e-01,4.951570273e-02,1.227092177e-01,6.282976143e-02,2.934528863e+01,4.613902658e+00,1.351183888e-01,2.384315141e-16,7.501051379e-18,1.626303259e-19,1.256110600e-02,-2.893600166e-01,-2.643368483e+00,-1.503827214e+00,-1.308847308e+00,-7.785331011e-01,2.373157591e-01,2.368074281e-01,4.331200874e+00,-1.534492749e+00,-3.429057480e-01,2.158869975e-02,7.376263897e-04,6.201267384e-01,-5.026868051e-02,1.012730209e-01,6.314437530e-01,-5.726883852e-02,9.224493187e-03,4.850360453e-01,-1.230343282e-01,2.249984816e-02,1.977990734e+00,6.999976933e-02,0,0
3.300000000e+00,9.300673833e-02,2.460731819e-01,4.914370368e-02,1.227264045e-01,6.287346054e-02,2.923085079e+01,4.588193534e+00,1.351178793e-01,3.404630299e-16,2.818925648e-18,2.172635382e-19,1.323932300e-02,-2.893576026e-01,-2.643376350e+00,-1.503833413e+00,-1.308864713e+00,-7.786172032e-01,2.372648418e-01,2.485897589e-01,4.307939487e+00,-1.522214702e+00,-3.373344136e-01,2.108994400e-02,1.877320128e-03,6.201199009e-01,-5.025365435e-02,1.012723663e-01,6.314437530e-01,-5.726883852e-02,9.224493187e-03,4.850361049e-01,-1.230342239e-01,2.250008658e-02,1.977992737e+00,6.999975815e-02,0,0
3.310000000e+00,9.301053152e-02,2.461188587e-01,3.898080884e-02,1.227490702e-01,6.292258515e-02,2.992453670e+01,4.599096635e+00,1.351176793e-01,2.222583778e-16,6.311753974e-18,3.066586833e-19,1.282593900e-02,-2.893545926e-01,-2.643384695e+00,-1.503835797e+00,-1.308901310e+00,-7.786806822e-01,2.371782064e-01,2.388733821e-01,4.317626723e+00,-1.528906866e+00,-3.386153478e-01,2.262516890e-02,6.228444252e-04,6.201136100e-01,-5.024122254e-02,1.012744766e-01,6.314437530e-01,-5.726883852e-02,9.224493187e-03,4.850359559e-01,-1.230345592e-01,2.249984816e-02,1.977990576e+00,6.999963894e-02,0,0
3.320000000e+00,9.301086145e-02,2.461569515e-01,7.048515939e-02,1.227679725e-01,6.298276288e-02,2.908999084e+01,4.534636341e+00,1.351184614e-01,5.598096471e-16,1.084202172e-17,5.421010862e-19,1.190604000e-02,-2.893475294e-01,-2.643384933e+00,-1.503825426e+00,-1.308918238e+00,-7.787516713e-01,2.370099723e-01,2.753255184e-01,4.256819543e+00,-1.502441997e+00,-3.299877453e-01,1.950019583e-02,2.421572067e-03,6.201057893e-01,-5.022473860e-02,1.012725870e-01,6.314437530e-01,-5.726883852e-02,9.224493187e-03,4.850360453e-01,-1.230342835e-01,2.250015177e-02,1.977987865e+00,6.999966875e-02,0,0
3.330000000e+00,9.301424792e-02,2.462074012e-01,4.276463111e-02,1.227930065e-01,6.305619253e-02,2.983116769e+01,4.607590732e+00,1.351194092e-01,2.447347640e-16,8.632864058e-18,1.742330095e-18,1.297884100e-02,-2.893366218e-01,-2.643379927e+00,-1.503812909e+00,-1.308937907e+00,-7.788270116e-01,2.367855906e-01,2.841533780e-01,4.322862428e+00,-1.531649639e+00,-3.400505681e-01,2.059915425e-02,5.497496673e-04,6.200975631e-01,-5.020510049e-02,1.012734904e-01,6.314437530e-01,-5.726883852e-02,9.224493187e-03,4.850360453e-01,-1.230345964e-01,2.249988168e-02,1.977988297e+00,6.999958679e-02,0,0
3.340000000e+00,9.301290472e-02,2.462418593e-01,5.789875849e-02,1.228101052e-01,6.312999576e-02,2.931745238e+01,4.592070261e+00,1.351215083e-01,5.562326987e-16,5.222209201e-18,6.705420115e-19,1.147238700e-02,-2.893251479e-01,-2.643367529e+00,-1.503785491e+00,-1.308937907e+00,-7.789027691e-01,2.365193367e-01,2.805534932e-01,4.309936284e+00,-1.522867310e+00,-3.366242838e-01,2.007899432e-02,2.080418227e-03,6.200878641e-01,-5.018460854e-02,1.012693622e-01,6.314437530e-01,-5.726883852e-02,9.224493187e-03,4.850360751e-01,-1.230342537e-01,2.250008285e-02,1.977989594e+00,6.999969855e-02,0,0
3.350000000e+00,9.301357547e-02,2.462834641e-01,3.747863717e-02,1.228307501e-01,6.321104951e-02,2.924948528e+01,4.596859691e+00,1.351238863e-01,1.145976566e-16,1.023523603e-17,4.242612078e-19,1.411131100e-02,-2.893111706e-01,-2.643350601e+00,-1.503754497e+00,-1.308940172e+00,-7.789771557e-01,2.362156361e-01,2.020908932e-01,4.317456749e+00,-1.527786772e+00,-3.393990742e-01,2.279084249e-02,1.391301545e-03,6.200779371e-01,-5.016264664e-02,1.012671218e-01,6.314437530e-01,-5.726883852e-02,9.224493187e-03,4.850360453e-01,-1.230343059e-01,2.249991149e-02,1.977989790e+00,6.999975443e-02,0,0
3.360000000e+00,9.301278687e-02,2.463193771e-01,5.768096684e-02,1.228485706e-01,6.328161709e-02,2.917146345e+01,4.594409361e+00,1.351258145e-01,4.461598251e-16,1.077240931e-17,9.171767250e-19,1.337422400e-02,-2.892979085e-01,-2.643339872e+00,-1.503729343e+00,-1.308943510e+00,-7.790425420e-01,2.359557003e-01,2.622936736e-01,4.312395693e+00,-1.526030540e+00,-3.373866306e-01,2.095813358e-02,2.145683678e-03,6.200693927e-01,-5.014277719e-02,1.012637332e-01,6.314437530e-01,-5.726883852e-02,9.224493187e-03,4.850359261e-01,-1.230343878e-01,2.249989845e-02,1.977988729e+00,6.999975815e-02,0,0
3.370000000e+00,9.301355167e-02,2.463577545e-01,3.425494868e-02,1.228676139e-01,6.335490900e-02,2.961799834e+01,4.586980270e+00,1.351291846e-01,4.507012652e-16,9.736715021e-18,6.594944350e-19,1.172903900e-02,-2.892817557e-01,-2.643319845e+00,-1.503685832e+00,-1.308957219e+00,-7.790732384e-01,2.356267124e-01,2.445464760e-01,4.306083191e+00,-1.524420197e+00,-3.374764867e-01,2.200763921e-02,9.629728652e-04,6.200610404e-01,-5.012585331e-02,1.012621616e-01,6.314437530e-01,-5.726883852e-02,9.224493187e-03,4.850360155e-01,-1.230342984e-01,2.249998413e-02,1.977989830e+00,6.999965757e-02,0,0
3.380000000e+00,9.301517911e-02,2.464106382e-01,4.532181267e-02,1.228938554e-01,6.343814670e-02,2.967497278e+01,4.584531181e+00,1.351309819e-01,3.372110689e-16,4.610090874e-18,1.526570519e-18,1.310294200e-02,-2.892698646e-01,-2.643312216e+00,-1.503662348e+00,-1.308978200e+00,-7.791541219e-01,2.353561819e-01,1.438104542e-01,4.306450522e+00,-1.528736208e+00,-3.376201548e-01,2.657709642e-02,7.034883320e-04,6.200507104e-01,-5.010421467e-02,1.012608463e-01,6.314437530e-01,-5.726883852e-02,9.224493187e-03,4.850359857e-01,-1.230345890e-01,2.249993943e-02,1.977989830e+00,6.999975815e-02,0,0
3.390000000e+00,9.301544905e-02,2.464537063e-01,4.474438949e-02,1.229152261e-01,6.350865177e-02,2.943560541e+01,4.599788894e+00,1.351317521e-01,4.473083378e-16,1.015220886e-17,1.236180673e-18,1.159215800e-02,-2.892596722e-01,-2.643309355e+00,-1.503651977e+00,-1.308985353e+00,-7.792481780e-01,2.351605594e-01,3.383104606e-01,4.313603047e+00,-1.523830590e+00,-3.377145662e-01,1.786415891e-02,1.650800366e-03,6.200415109e-01,-5.008219924e-02,1.012582634e-01,6.314437530e-01,-5.726883852e-02,9.224493187e-03,4.850358963e-01,-1.230341792e-01,2.250000648e-02,1.977988926e+00,6.999975815e-02,0,0
3.400000000e+00,9.301752500e-02,2.465042092e-01,4.174390003e-02,1.229402861e-01,6.358446076e-02,2.897509475e+01,4.579888375e+00,1.351322869e-01,4.441036092e-16,2.168404345e-18,3.636524639e-19,1.270150800e-02,-2.892541587e-01,-2.643306971e+00,-1.503644586e+00,-1.308998585e+00,-7.793566585e-01,2.349731773e-01,2.360804301e-01,4.300069745e+00,-1.521217935e+00,-3.383699966e-01,2.105755567e-02,1.439632134e-03,6.200311189e-01,-5.006083813e-02,1.012574029e-01,6.314437530e-01,-5.726883852e-02,9.224493187e-03,4.850360751e-01,-1.230342910e-01,2.249990776e-02,1.977990459e+00,6.999975815e-02,0,0
3.410000000e+00,9.301980222e-02,2.465433356e-01,4.158160134e-02,1.229597009e-01,6.363273880e-02,2.939120312e+01,4.592614437e+00,1.351332808e-01,2.320854222e-16,4.670885906e-18,4.128518873e-19,1.271177900e-02,-2.892468274e-01,-2.643307447e+00,-1.503631711e+00,-1.309029460e+00,-7.793928385e-01,2.348266542e-01,2.498576205e-01,4.312558322e+00,-1.522248346e+00,-3.373885716e-01,2.110706304e-02,1.636442038e-03,6.200254027e-01,-5.004955676e-02,1.012581112e-01,6.314437530e-01,-5.726883852e-02,9.224493187e-03,4.850361347e-01,-1.230340898e-01,2.250014059e-02,1.977989398e+00,6.999979541e-02,0,0
3.420000000e+00,9.302368494e-02,2.465938660e-01,4.464281659e-02,1.229847743e-01,6.368754206e-02,3.000000000e+01,4.609311291e+00,1.351333013e-01,4.220987180e-17,4.906538933e-18,6.527761501e-19,1.178859900e-02,-2.892411947e-01,-2.643314600e+00,-1.503631234e+00,-1.309067011e+00,-7.794609666e-01,2.347188592e-01,2.382787848e-01,4.327706512e+00,-1.530961600e+00,-3.399989104e-01,2.207863870e-02,-6.734739253e-06,6.200184023e-01,-5.003462384e-02,1.012599943e-01,6.314437530e-01,-5.726883852e-02,9.224493187e-03,4.850359857e-01,-1.230345219e-01,2.249991894e-02,1.977989398e+00,6.999971718e-02,0,0
3.430000000e+00,9.302528143e-02,2.466298130e-01,3.334744919e-02,1.230026113e-01,6.373329045e-02,2.951960182e+01,4.547025324e+00,1.351342740e-01,2.418963659e-16,1.045398057e-17,7.632852597e-19,1.310802200e-02,-2.892352939e-01,-2.643315315e+00,-1.503618598e+00,-1.309095144e+00,-7.795019150e-01,2.345887125e-01,2.143281616e-01,4.271815167e+00,-1.506787786e+00,-3.319428741e-01,2.237081567e-02,1.398725361e-03,6.200123250e-01,-5.002349515e-02,1.012599779e-01,6.314437530e-01,-5.726883852e-02,9.224493187e-03,4.850360751e-01,-1.230342090e-01,2.250025980e-02,1.977987001e+00,6.999973953e-02,0,0
3.440000000e+00,9.303168272e-02,2.466879088e-01,3.826185383e-02,1.230314386e-01,6.378757015e-02,2.956111582e+01,4.596915220e+00,1.351342600e-01,3.391309527e-16,5.890720944e-18,3.263880751e-19,1.299502100e-02,-2.892298400e-01,-2.643322945e+00,-1.503618598e+00,-1.309145331e+00,-7.795729637e-01,2.345067859e-01,2.303542579e-01,4.316318858e+00,-1.527211594e+00,-3.392327447e-01,2.243186446e-02,8.225512573e-04,6.200047282e-01,-5.000810205e-02,1.012642911e-01,6.314437530e-01,-5.726883852e-02,9.224493187e-03,4.850359261e-01,-1.230344325e-01,2.249992453e-02,1.977988965e+00,6.999969855e-02,0,0
3.450000000e+00,9.303325676e-02,2.467335352e-01,4.079860389e-02,1.230540785e-01,6.384684790e-02,2.935897642e+01,4.587752505e+00,1.351345128e-01,2.402937408e-16,1.788112031e-18,7.761706351e-19,1.225614400e-02,-2.892245352e-01,-2.643327951e+00,-1.503615022e+00,-1.309170723e+00,-7.796536088e-01,2.343769073e-01,2.556895106e-01,4.307909956e+00,-1.519889713e+00,-3.369136055e-01,2.072640085e-02,1.624161728e-03,6.199966209e-01,-4.999134657e-02,1.012635509e-01,6.314437530e-01,-5.726883852e-02,9.224493187e-03,4.850361049e-01,-1.230340675e-01,2.250014991e-02,1.977989987e+00,6.999972463e-02,0,0
3.460000000e+00,9.303711324e-02,2.467856261e-01,4.372534253e-02,1.230799259e-01,6.390619730e-02,2.886277832e+01,4.583917100e+00,1.351346199e-01,2.222563681e-16,7.818293052e-18,3.428548309e-19,1.289094000e-02,-2.892192900e-01,-2.643333197e+00,-1.503613353e+00,-1.309204698e+00,-7.797346115e-01,2.342612594e-01,2.196098144e-01,4.304654509e+00,-1.522719842e+00,-3.389262149e-01,2.163007059e-02,1.585972833e-03,6.199885027e-01,-4.997457804e-02,1.012651116e-01,6.314437530e-01,-5.726883852e-02,9.224493187e-03,4.850359559e-01,-1.230341941e-01,2.249991708e-02,1.977990262e+00,6.999980286e-02,0,0
3.470000000e+00,9.304039607e-02,2.468309926e-01,3.617001501e-02,1.231024366e-01,6.395344091e-02,2.943925673e+01,4.591261222e+00,1.351346039e-01,4.560051226e-16,9.120196284e-18,6.594944350e-19,1.242041500e-02,-2.892166972e-01,-2.643341541e+00,-1.503613353e+00,-1.309242487e+00,-7.798017263e-01,2.341897786e-01,2.264838777e-01,4.311729344e+00,-1.524116704e+00,-3.375352378e-01,2.260424443e-02,1.420524043e-03,6.199814548e-01,-4.996170269e-02,1.012665313e-01,6.314437530e-01,-5.726883852e-02,9.224493187e-03,4.850360155e-01,-1.230343059e-01,2.250006236e-02,1.977990105e+00,6.999976560e-02,0,0
3.480000000e+00,9.304429163e-02,2.468692518e-01,3.725287928e-02,1.231214208e-01,6.398482539e-02,2.970405012e+01,4.577359418e+00,1.351348386e-01,1.040834086e-17,6.891296814e-18,5.515478955e-19,1.153529700e-02,-2.892141938e-01,-2.643349886e+00,-1.503610373e+00,-1.309288263e+00,-7.798255682e-01,2.341364026e-01,2.462355123e-01,4.297541293e+00,-1.519563142e+00,-3.364546246e-01,2.125771337e-02,6.325051551e-04,6.199773420e-01,-4.995564555e-02,1.012694758e-01,6.314437530e-01,-5.726883852e-02,9.224493187e-03,4.850359857e-01,-1.230345964e-01,2.249984071e-02,1.977990812e+00,6.999973208e-02,0,0
3.490000000e+00,9.304697823e-02,2.468978538e-01,2.995851897e-02,1.231356129e-01,6.400790151e-02,3.000000000e+01,4.582750947e+00,1.351346426e-01,1.185593790e-16,1.939479807e-18,6.180903365e-19,1.302324100e-02,-2.892143130e-01,-2.643358707e+00,-1.503612876e+00,-1.309321404e+00,-7.798528671e-01,2.341158092e-01,2.251266429e-01,4.304680947e+00,-1.518991939e+00,-3.358708668e-01,2.236232832e-02,5.970851275e-04,6.199740519e-01,-4.995102811e-02,1.012714147e-01,6.314437530e-01,-5.726883852e-02,9.224493187e-03,4.850359857e-01,-1.230344474e-01,2.250001207e-02,1.977988729e+00,6.999972835e-02,0,0
3.500000000e+00,9.304862009e-02,2.469140379e-01,7.988729322e-02,1.231436434e-01,6.401829630e-02,2.867593136e+01,4.585972899e+00,1.351345086e-01,2.050833681e-17,1.636534854e-17,1.305552300e-18,1.332808400e-02,-2.892140150e-01,-2.643364668e+00,-1.503614545e+00,-1.309342861e+00,-7.798792720e-01,2.341386974e-01,2.405186338e-01,4.307975392e+00,-1.516763892e+00,-3.371328049e-01,2.018395104e-02,2.759738341e-03,6.199711997e-01,-4.994639778e-02,1.012723508e-01,6.314437530e-01,-5.726883852e-02,9.224493187e-03,4.850357473e-01,-1.230337918e-01,2.250002697e-02,1.977993327e+00,6.999976560e-02,0,0
3.510000000e+00,9.305230032e-02,2.469452889e-01,6.389530632e-02,1.231591499e-01,6.404358339e-02,3.000000000e+01,4.606901160e+00,1.351332818e-01,2.499779001e-16,1.140836248e-17,8.741117366e-19,1.121490400e-02,-2.892142534e-01,-2.643375397e+00,-1.503630161e+00,-1.309365153e+00,-7.799313664e-01,2.341421545e-01,2.219195150e-01,4.326181655e+00,-1.530293117e+00,-3.407335194e-01,2.336295149e-02,-3.645429226e-04,6.199681485e-01,-4.993855404e-02,1.012750664e-01,6.314437530e-01,-5.726883852e-02,9.224493187e-03,4.850361049e-01,-1.230344400e-01,2.250004373e-02,1.977989083e+00,6.999969482e-02,0,0
3.520000000e+00,9.305442921e-02,2.469722866e-01,3.402463240e-02,1.231725460e-01,6.407158106e-02,2.941536268e+01,4.594775941e+00,1.351326239e-01,5.754757620e-16,4.470280077e-18,8.732971303e-19,1.290042100e-02,-2.892147601e-01,-2.643382311e+00,-1.503638387e+00,-1.309381127e+00,-7.799912691e-01,2.341294885e-01,2.230373409e-01,4.315686878e+00,-1.523723161e+00,-3.388908224e-01,2.205856429e-02,1.105534421e-03,6.199635936e-01,-4.992937135e-02,1.012759188e-01,6.314437530e-01,-5.726883852e-02,9.224493187e-03,4.850359857e-01,-1.230345890e-01,2.249987237e-02,1.977989398e+00,6.999969855e-02,0,0
3.530000000e+00,9.305568206e-02,2.469980469e-01,5.084660051e-02,1.231853281e-01,6.409832630e-02,2.916483835e+01,4.576571803e+00,1.351315454e-01,2.258300214e-16,4.755682003e-18,7.590625158e-19,1.270818800e-02,-2.892161310e-01,-2.643393040e+00,-1.503651977e+00,-1.309395075e+00,-7.800603509e-01,2.341390550e-01,2.039808216e-01,4.300799519e+00,-1.514369681e+00,-3.357266857e-01,2.220275504e-02,1.972889630e-03,6.199589879e-01,-4.991947412e-02,1.012758211e-01,6.314437530e-01,-5.726883852e-02,9.224493187e-03,4.850359857e-01,-1.230341196e-01,2.250006236e-02,1.977990812e+00,6.999978051e-02,0,0
3.540000000e+00,9.305858567e-02,2.470177577e-01,6.638918002e-02,1.231951084e-01,6.410417707e-02,2.894716178e+01,4.594371158e+00,1.351307027e-01,4.448268394e-16,9.697399036e-18,6.133173667e-19,1.259544700e-02,-2.892177999e-01,-2.643404961e+00,-1.503662825e+00,-1.309424996e+00,-7.800825834e-01,2.341974080e-01,2.519389079e-01,4.315141144e+00,-1.519795292e+00,-3.378985461e-01,1.928281907e-02,2.246742394e-03,6.199573537e-01,-4.991702332e-02,1.012783568e-01,6.314437530e-01,-5.726883852e-02,9.224493187e-03,4.850360453e-01,-1.230339631e-01,2.250009216e-02,1.977991323e+00,6.999980658e-02,0,0
3.550000000e+00,9.306183591e-02,2.470442301e-01,5.664585502e-02,1.232082438e-01,6.412306217e-02,3.000000000e+01,4.576765677e+00,1.351299849e-01,2.594009833e-16,8.420559319e-18,8.824766328e-19,1.247500500e-02,-2.892170846e-01,-2.643414021e+00,-1.503672004e+00,-1.309450746e+00,-7.801136971e-01,2.341985404e-01,2.223239084e-01,4.297896878e+00,-1.520352080e+00,-3.368046399e-01,2.303781480e-02,-1.255698055e-04,6.199550600e-01,-4.991165463e-02,1.012809274e-01,6.314437530e-01,-5.726883852e-02,9.224493187e-03,4.850359857e-01,-1.230344623e-01,2.249988168e-02,1.977990615e+00,6.999966875e-02,0,0
3.560000000e+00,9.306486665e-02,2.470813682e-01,4.760238795e-02,1.232266713e-01,6.416176404e-02,2.989558859e+01,4.611771060e+00,1.351296134e-01,2.311872947e-16,2.760460492e-18,1.626303259e-19,1.206116200e-02,-2.892160714e-01,-2.643420935e+00,-1.503676534e+00,-1.309476495e+00,-7.801820040e-01,2.341575772e-01,2.553206114e-01,4.329180975e+00,-1.531345997e+00,-3.405139020e-01,2.157278997e-02,3.441783409e-04,6.199489755e-01,-4.989991020e-02,1.012822924e-01,6.314437530e-01,-5.726883852e-02,9.224493187e-03,4.850360751e-01,-1.230344102e-01,2.249991894e-02,1.977989319e+00,6.999966875e-02,0,0
3.570000000e+00,9.306630094e-02,2.471140307e-01,6.922444358e-02,1.232428781e-01,6.420035705e-02,2.892702732e+01,4.588469632e+00,1.351296878e-01,1.112053225e-16,3.469446952e-18,5.421010862e-20,1.244216500e-02,-2.892137468e-01,-2.643426180e+00,-1.503675342e+00,-1.309498787e+00,-7.802437544e-01,2.340969145e-01,2.448313203e-01,4.309597866e+00,-1.519063229e+00,-3.368758333e-01,2.080322405e-02,2.494248429e-03,6.199427766e-01,-4.988819154e-02,1.012820293e-01,6.314437530e-01,-5.726883852e-02,9.224493187e-03,4.850360453e-01,-1.230342463e-01,2.250007167e-02,1.977989083e+00,6.999972090e-02,0,0
3.580000000e+00,9.307016718e-02,2.471493519e-01,4.528318567e-02,1.232604040e-01,6.423184792e-02,2.902211297e+01,4.611966959e+00,1.351296011e-01,2.267184700e-16,1.055191096e-17,6.594944350e-19,1.297387000e-02,-2.892091274e-01,-2.643431902e+00,-1.503676414e+00,-1.309530258e+00,-7.802745104e-01,2.340369821e-01,2.430196153e-01,4.330780137e+00,-1.529294481e+00,-3.410809333e-01,2.105222418e-02,1.759488497e-03,6.199393691e-01,-4.988006220e-02,1.012848601e-01,6.314437530e-01,-5.726883852e-02,9.224493187e-03,4.850360453e-01,-1.230346262e-01,2.249986678e-02,1.977988572e+00,6.999970600e-02,0,0
3.590000000e+00,9.307030487e-02,2.471813221e-01,3.402497381e-02,1.232762672e-01,6.428128405e-02,2.954778837e+01,4.586839445e+00,1.351296733e-01,2.277088886e-16,8.069844301e-18,8.673617380e-19,1.252216600e-02,-2.892055809e-01,-2.643433094e+00,-1.503675103e+00,-1.309534907e+00,-7.803527713e-01,2.339240164e-01,2.254392743e-01,4.308685929e+00,-1.519770246e+00,-3.365961890e-01,2.232303868e-02,1.371572315e-03,6.199325181e-01,-4.986512945e-02,1.012829432e-01,6.314437530e-01,-5.726883852e-02,9.224493187e-03,4.850360453e-01,-1.230341420e-01,2.250009030e-02,1.977988337e+00,6.999971718e-02,0,0
3.600000000e+00,9.307162089e-02,2.472138988e-01,3.106944512e-02,1.232924313e-01,6.432516569e-02,2.960246496e+01,4.591141353e+00,1.351295654e-01,4.250072516e-17,1.654962790e-18,4.825917718e-19,1.265914700e-02,-2.892005742e-01,-2.643435240e+00,-1.503676176e+00,-1.309543848e+00,-7.804211378e-01,2.338307947e-01,2.263761183e-01,4.312340834e+00,-1.522086304e+00,-3.373520924e-01,2.224476785e-02,1.150539530e-03,6.199267840e-01,-4.985094824e-02,1.012824149e-01,6.314437530e-01,-5.726883852e-02,9.224493187e-03,4.850360453e-01,-1.230341792e-01,2.250010520e-02,1.977989515e+00,6.999975815e-02,0,0
3.610000000e+00,9.307412917e-02,2.472456432e-01,3.993787695e-02,1.233081824e-01,6.436370922e-02,2.913772078e+01,4.608017612e+00,1.351294271e-01,7.155734338e-17,1.094561027e-17,9.767755367e-19,1.297412100e-02,-2.891944051e-01,-2.643436193e+00,-1.503677726e+00,-1.309554338e+00,-7.804740667e-01,2.337419689e-01,2.084748679e-01,4.328537300e+00,-1.528710101e+00,-3.415431824e-01,2.283617842e-02,1.254507963e-03,6.199224863e-01,-4.983855631e-02,1.012834137e-01,6.314437530e-01,-5.726883852e-02,9.224493187e-03,4.850359559e-01,-1.230343431e-01,2.249989845e-02,1.977991480e+00,6.999969482e-02,0,0
3.620000000e+00,9.307429860e-02,2.472696086e-01,4.593358762e-02,1.233200736e-01,6.440358065e-02,2.903679302e+01,4.621520814e+00,1.351293332e-01,7.779573604e-16,9.471733149e-18,5.528368034e-19,1.180468000e-02,-2.891903818e-01,-2.643435001e+00,-1.503678560e+00,-1.309549093e+00,-7.805441022e-01,2.336506844e-01,2.356873647e-01,4.339142313e+00,-1.535035049e+00,-3.434433395e-01,2.150851595e-02,1.244862171e-03,6.199170927e-01,-4.982487518e-02,1.012818045e-01,6.314437530e-01,-5.726883852e-02,9.224493187e-03,4.850360155e-01,-1.230344325e-01,2.249986306e-02,1.977989751e+00,6.999975815e-02,0,0
3.630000000e+00,9.307311633e-02,2.472963763e-01,9.037276934e-02,1.233333553e-01,6.444845428e-02,2.860788895e+01,4.602734492e+00,1.351292018e-01,3.410400286e-16,1.811104480e-17,2.211347214e-18,1.351498500e-02,-2.891852558e-01,-2.643437862e+00,-1.503679872e+00,-1.309547544e+00,-7.806179523e-01,2.335463911e-01,3.084794152e-01,4.319222529e+00,-1.522957571e+00,-3.384902285e-01,1.836337792e-02,3.063105295e-03,6.199112380e-01,-4.980983895e-02,1.012786588e-01,6.314437530e-01,-5.726883852e-02,9.224493187e-03,4.850357473e-01,-1.230340227e-01,2.250001021e-02,1.977988965e+00,6.999970973e-02,0,0
3.640000000e+00,9.307493840e-02,2.473433944e-01,5.150486921e-02,1.233566848e-01,6.451685603e-02,2.880814223e+01,4.574859445e+00,1.351295909e-01,4.453891968e-16,6.254634441e-18,9.199760500e-19,1.241310600e-02,-2.891820073e-01,-2.643436193e+00,-1.503674388e+00,-1.309558749e+00,-7.807185650e-01,2.333818823e-01,2.664880324e-01,4.295009256e+00,-1.515660217e+00,-3.370629734e-01,1.943151398e-02,1.907927268e-03,6.199017129e-01,-4.979126544e-02,1.012778004e-01,6.314437530e-01,-5.726883852e-02,9.224493187e-03,4.850361645e-01,-1.230344027e-01,2.249987237e-02,1.977989947e+00,6.999969110e-02,0,0
3.650000000e+00,9.307775162e-02,2.473891417e-01,3.792303338e-02,1.233793837e-01,6.457252379e-02,2.908024555e+01,4.569566661e+00,1.351302666e-01,1.121088114e-16,4.271261210e-18,1.533293417e-19,1.119809400e-02,-2.891756296e-01,-2.643436909e+00,-1.503665447e+00,-1.309586406e+00,-7.807845473e-01,2.332454622e-01,2.296434736e-01,4.291628504e+00,-1.515420409e+00,-3.363947692e-01,2.157576732e-02,1.469009131e-03,6.198941256e-01,-4.977599056e-02,1.012784512e-01,6.314437530e-01,-5.726883852e-02,9.224493187e-03,4.850360751e-01,-1.230344921e-01,2.249985933e-02,1.977990694e+00,6.999974325e-02,0,0
3.660000000e+00,9.307908410e-02,2.474323057e-01,4.961359604e-02,1.234008008e-01,6.463053624e-02,2.923162284e+01,4.587276560e+00,1.351306560e-01,3.364941572e-16,2.305045437e-18,3.835628564e-19,1.247694600e-02,-2.891710401e-01,-2.643439054e+00,-1.503660083e+00,-1.309605479e+00,-7.808665037e-01,2.331135720e-01,2.362963490e-01,4.309121228e+00,-1.518212368e+00,-3.366062024e-01,2.163707210e-02,1.955642510e-03,6.198858758e-01,-4.975948330e-02,1.012774179e-01,6.314437530e-01,-5.726883852e-02,9.224493187e-03,4.850359857e-01,-1.230341643e-01,2.250021324e-02,1.977989162e+00,6.999976560e-02,0,0
3.670000000e+00,9.308339563e-02,2.474849889e-01,4.389719378e-02,1.234269411e-01,6.468646633e-02,2.903602281e+01,4.585438227e+00,1.351304198e-01,4.446244239e-16,4.422694427e-18,7.293224210e-19,1.156635800e-02,-2.891664505e-01,-2.643445969e+00,-1.503662825e+00,-1.309639215e+00,-7.809491158e-01,2.330207527e-01,2.680045825e-01,4.304195398e+00,-1.520917619e+00,-3.387164455e-01,1.995636196e-02,1.327271691e-03,6.198782130e-01,-4.974306256e-02,1.012794742e-01,6.314437530e-01,-5.726883852e-02,9.224493187e-03,4.850360155e-01,-1.230340973e-01,2.249994315e-02,1.977990105e+00,6.999972090e-02,0,0
3.680000000e+00,9.308512954e-02,2.475276149e-01,5.379366616e-02,1.234480911e-01,6.474005346e-02,2.922062227e+01,4.593752206e+00,1.351309905e-01,2.222071757e-16,9.697399036e-18,0.000000000e+00,1.217447300e-02,-2.891617417e-01,-2.643448353e+00,-1.503655195e+00,-1.309664488e+00,-7.810214758e-01,2.329023331e-01,2.264792139e-01,4.315408588e+00,-1.521318780e+00,-3.370641112e-01,2.208764403e-02,2.074080516e-03,6.198702188e-01,-4.972786177e-02,1.012789788e-01,6.314437530e-01,-5.726883852e-02,9.224493187e-03,4.850358665e-01,-1.230341047e-01,2.250003442e-02,1.977989790e+00,6.999975815e-02,0,0
3.690000000e+00,9.309016256e-02,2.475833125e-01,4.719498705e-02,1.234757268e-01,6.479574057e-02,2.931045576e+01,4.587733516e+00,1.351306724e-01,4.444755006e-16,1.214318534e-17,6.505213035e-19,1.136288600e-02,-2.891587019e-01,-2.643456936e+00,-1.503659010e+00,-1.309704900e+00,-7.811052203e-01,2.328229547e-01,2.549391389e-01,4.306912634e+00,-1.522307149e+00,-3.390571108e-01,2.071190299e-02,8.042050960e-04,6.198622780e-01,-4.971219007e-02,1.012817844e-01,6.314437530e-01,-5.726883852e-02,9.224493187e-03,4.850359857e-01,-1.230344325e-01,2.249985747e-02,1.977991127e+00,6.999970973e-02,0,0
3.700000000e+00,9.309169535e-02,2.476262606e-01,8.478637577e-02,1.234970365e-01,6.484868445e-02,2.871729843e+01,4.583756250e+00,1.351311807e-01,4.446487461e-16,1.055191096e-17,2.710505431e-19,1.160920800e-02,-2.891555727e-01,-2.643461227e+00,-1.503652215e+00,-1.309733510e+00,-7.811739445e-01,2.327073514e-01,2.326045789e-01,4.306470899e+00,-1.515770613e+00,-3.361653840e-01,2.117862385e-02,2.935097383e-03,6.198544676e-01,-4.969854228e-02,1.012812302e-01,6.314437530e-01,-5.726883852e-02,9.224493187e-03,4.850361645e-01,-1.230341792e-01,2.250013500e-02,1.977989122e+00,6.999976188e-02,0,0
3.710000000e+00,9.309639059e-02,2.476804868e-01,7.091279687e-02,1.235239420e-01,6.490056009e-02,2.884088463e+01,4.586755948e+00,1.351313538e-01,5.573474115e-16,9.813077867e-18,4.848699518e-19,1.253777700e-02,-2.891514599e-01,-2.643469810e+00,-1.503649831e+00,-1.309782028e+00,-7.812384963e-01,2.326225638e-01,2.328922929e-01,4.308912674e+00,-1.517732190e+00,-3.367319665e-01,2.137073358e-02,2.596326373e-03,6.198469711e-01,-4.968493119e-02,1.012839139e-01,6.314437530e-01,-5.726883852e-02,9.224493187e-03,4.850361049e-01,-1.230341718e-01,2.250019088e-02,1.977988494e+00,6.999974325e-02,0,0
3.720000000e+00,9.310162460e-02,2.477393048e-01,4.656989249e-02,1.235531257e-01,6.495323278e-02,2.930919340e+01,4.586099954e+00,1.351311845e-01,6.661960688e-16,1.163687884e-17,8.690541527e-19,1.149399600e-02,-2.891482711e-01,-2.643482685e+00,-1.503651857e+00,-1.309838176e+00,-7.813081741e-01,2.325565219e-01,2.203569712e-01,4.309136186e+00,-1.517098473e+00,-3.362208937e-01,2.157192100e-02,1.819538901e-03,6.198392903e-01,-4.967115593e-02,1.012871032e-01,6.314437530e-01,-5.726883852e-02,9.224493187e-03,4.850360453e-01,-1.230342612e-01,2.250007726e-02,1.977989437e+00,6.999976188e-02,0,0
3.730000000e+00,9.310629652e-02,2.477868468e-01,4.785832799e-02,1.235767145e-01,6.499724295e-02,2.958535269e+01,4.578073444e+00,1.351315337e-01,1.120618274e-16,9.891822368e-18,6.510857472e-19,1.249361600e-02,-2.891437113e-01,-2.643488646e+00,-1.503647327e+00,-1.309882879e+00,-7.813458443e-01,2.324605286e-01,1.846663725e-01,4.300616216e+00,-1.521490561e+00,-3.373722419e-01,2.451712015e-02,5.591670499e-04,6.198339741e-01,-4.966156288e-02,1.012903655e-01,6.314437530e-01,-5.726883852e-02,9.224493187e-03,4.850359857e-01,-1.230344698e-01,2.249986120e-02,1.977990655e+00,6.999972463e-02,0,0
3.740000000e+00,9.310718428e-02,2.478233211e-01,4.450810448e-02,1.235948119e-01,6.504268052e-02,2.915477574e+01,4.547081077e+00,1.351316047e-01,2.222312972e-16,1.951563910e-18,1.843342984e-19,1.259938700e-02,-2.891412973e-01,-2.643494368e+00,-1.503646135e+00,-1.309903622e+00,-7.814146876e-01,2.323753834e-01,2.144634256e-01,4.273001175e+00,-1.503495256e+00,-3.323030053e-01,2.204365124e-02,1.876220033e-03,6.198271953e-01,-4.964866226e-02,1.012893413e-01,6.314437530e-01,-5.726883852e-02,9.224493187e-03,4.850360453e-01,-1.230340898e-01,2.250026353e-02,1.977989122e+00,6.999983639e-02,0,0
3.750000000e+00,9.311229934e-02,2.478701372e-01,3.080261539e-02,1.236180404e-01,6.508160190e-02,2.982538103e+01,4.585580040e+00,1.351311488e-01,2.282875663e-16,7.185242646e-18,1.084202172e-19,1.264393800e-02,-2.891385853e-01,-2.643504620e+00,-1.503651857e+00,-1.309946299e+00,-7.814742923e-01,2.323447615e-01,2.256063226e-01,4.307382164e+00,-1.519731356e+00,-3.361443386e-01,2.297276134e-02,9.053468239e-04,6.198214495e-01,-4.963713537e-02,1.012928344e-01,6.314437530e-01,-5.726883852e-02,9.224493187e-03,4.850358665e-01,-1.230345443e-01,2.249988727e-02,1.977989947e+00,6.999970600e-02,0,0
3.760000000e+00,9.311395317e-02,2.479041716e-01,3.841312962e-02,1.236349271e-01,6.512011506e-02,2.945516050e+01,4.594698612e+00,1.351311985e-01,5.570004008e-16,2.776912484e-18,8.149566297e-19,1.214187300e-02,-2.891377211e-01,-2.643510342e+00,-1.503651023e+00,-1.309970617e+00,-7.815292478e-01,2.322770059e-01,2.678268582e-01,4.315102970e+00,-1.518305179e+00,-3.372692737e-01,2.017213452e-02,1.538879953e-03,6.198157156e-01,-4.962741669e-02,1.012929769e-01,6.314437530e-01,-5.726883852e-02,9.224493187e-03,4.850361645e-01,-1.230340302e-01,2.250028588e-02,1.977988297e+00,6.999973953e-02,0,0
3.770000000e+00,9.311887002e-02,2.479622533e-01,3.146567292e-02,1.236637451e-01,6.517594755e-02,2.972306144e+01,4.561057775e+00,1.351306515e-01,2.168404345e-17,6.771274411e-18,3.196357137e-19,1.305236100e-02,-2.891341150e-01,-2.643522263e+00,-1.503657818e+00,-1.310014844e+00,-7.816094160e-01,2.321991473e-01,2.137648857e-01,4.284674720e+00,-1.512313536e+00,-3.339169671e-01,2.284231256e-02,7.732642586e-04,6.198083250e-01,-4.961204127e-02,1.012957386e-01,6.314437530e-01,-5.726883852e-02,9.224493187e-03,4.850359857e-01,-1.230344027e-01,2.249992266e-02,1.977990851e+00,6.999973580e-02,0,0
3.780000000e+00,9.312263322e-02,2.480029974e-01,3.504842582e-02,1.236839607e-01,6.521256701e-02,2.960454902e+01,4.599200521e+00,1.351310178e-01,1.117012410e-16,6.209365081e-18,1.212174880e-19,1.210373200e-02,-2.891285717e-01,-2.643527985e+00,-1.503653049e+00,-1.310054660e+00,-7.816475034e-01,2.321328670e-01,2.657689190e-01,4.318209782e+00,-1.523430563e+00,-3.373176033e-01,2.122997591e-02,1.426245942e-03,6.198031443e-01,-4.960180956e-02,1.012980383e-01,6.314437530e-01,-5.726883852e-02,9.224493187e-03,4.850360751e-01,-1.230342537e-01,2.250009403e-02,1.977991480e+00,6.999975070e-02,0,0
3.790000000e+00,9.312597081e-02,2.480516540e-01,4.957329035e-02,1.237081022e-01,6.526734135e-02,2.989715389e+01,4.623323623e+00,1.351317936e-01,5.895667711e-17,9.199760500e-18,4.733694230e-19,1.346276600e-02,-2.891227305e-01,-2.643529654e+00,-1.503642917e+00,-1.310089469e+00,-7.816992402e-01,2.319877297e-01,3.232789062e-01,4.336372613e+00,-1.532873416e+00,-3.412008833e-01,1.911848169e-02,4.052973326e-04,6.197962789e-01,-4.958903423e-02,1.012994811e-01,6.314437530e-01,-5.726883852e-02,9.224493187e-03,4.850360751e-01,-1.230345219e-01,2.249995247e-02,1.977989711e+00,6.999963894e-02,0,0
3.800000000e+00,9.312689039e-02,2.480903638e-01,4.990014154e-02,1.237273084e-01,6.532590079e-02,2.983337752e+01,4.624878584e+00,1.351337323e-01,2.363509012e-16,4.358438793e-18,1.761828530e-19,1.208929200e-02,-2.891111374e-01,-2.643519402e+00,-1.503617764e+00,-1.310102224e+00,-7.817437053e-01,2.317687422e-01,3.797634931e-01,4.333659965e+00,-1.532401928e+00,-3.407955467e-01,1.659226666e-02,5.805809440e-04,6.197890787e-01,-4.957349704e-02,1.012982028e-01,6.314437530e-01,-5.726883852e-02,9.224493187e-03,4.850359261e-01,-1.230345592e-01,2.249988914e-02,1.977989279e+00,6.999964640e-02,0,0
3.810000000e+00,9.312550127e-02,2.481200193e-01,4.556643484e-02,1.237420222e-01,6.538619102e-02,2.889838536e+01,4.568434407e+00,1.351359208e-01,2.240011017e-16,4.670885906e-18,1.413626682e-18,1.218406300e-02,-2.891012132e-01,-2.643504143e+00,-1.503589272e+00,-1.310095549e+00,-7.817980051e-01,2.315264493e-01,2.349047681e-01,4.290264538e+00,-1.515214144e+00,-3.356913969e-01,2.182830140e-02,1.944071918e-03,6.197812300e-01,-4.955749117e-02,1.012944648e-01,6.314437530e-01,-5.726883852e-02,9.224493187e-03,4.850358963e-01,-1.230345443e-01,2.249984257e-02,1.977989987e+00,6.999968737e-02,0,0
3.820000000e+00,9.312512936e-02,2.481494252e-01,3.146288840e-02,1.237566122e-01,6.543877985e-02,2.988618320e+01,4.577332712e+00,1.351378797e-01,4.448348200e-17,2.909219711e-18,8.257037747e-19,1.312160200e-02,-2.890916765e-01,-2.643491745e+00,-1.503563881e+00,-1.310097098e+00,-7.818301916e-01,2.313013524e-01,2.194437176e-01,4.300351148e+00,-1.516001693e+00,-3.346389488e-01,2.353534825e-02,9.718147228e-04,6.197753649e-01,-4.954532429e-02,1.012923256e-01,6.314437530e-01,-5.726883852e-02,9.224493187e-03,4.850361943e-01,-1.230342761e-01,2.250012197e-02,1.977988730e+00,6.999975443e-02,0,0
3.830000000e+00,9.312736121e-02,2.481935467e-01,3.449919990e-02,1.237785033e-01,6.549358876e-02,2.939812492e+01,4.567278345e+00,1.351383960e-01,4.459439388e-16,3.157244383e-18,2.631424787e-19,1.275803900e-02,-2.890830934e-01,-2.643491507e+00,-1.503556967e+00,-1.310115457e+00,-7.818948627e-01,2.311559767e-01,2.072838269e-01,4.290396955e+00,-1.515408888e+00,-3.354798539e-01,2.338644620e-02,1.052125529e-03,6.197686321e-01,-4.952909428e-02,1.012923666e-01,6.314437530e-01,-5.726883852e-02,9.224493187e-03,4.850359857e-01,-1.230345070e-01,2.249990404e-02,1.977990105e+00,6.999977678e-02,0,0
3.840000000e+00,9.312971247e-02,2.482371114e-01,3.437659930e-02,1.238001181e-01,6.554479951e-02,2.983623054e+01,4.583434573e+00,1.351383241e-01,8.891219368e-16,3.878959614e-18,9.697399036e-19,1.296788100e-02,-2.890788615e-01,-2.643495798e+00,-1.503557563e+00,-1.310135841e+00,-7.819735408e-01,2.310593426e-01,1.870529439e-01,4.306861386e+00,-1.520040407e+00,-3.356814143e-01,2.495912494e-02,9.356097342e-04,6.197614477e-01,-4.951359022e-02,1.012925290e-01,6.314437530e-01,-5.726883852e-02,9.224493187e-03,4.850358963e-01,-1.230344847e-01,2.249996178e-02,1.977990576e+00,6.999980286e-02,0,0
3.850000000e+00,9.313012275e-02,2.482620902e-01,5.893341681e-02,1.238125114e-01,6.557492106e-02,2.893558877e+01,4.582472310e+00,1.351384782e-01,1.464788834e-16,7.359808400e-18,7.273049277e-19,1.108181300e-02,-2.890757024e-01,-2.643499851e+00,-1.503555417e+00,-1.310151219e+00,-7.820158601e-01,2.309989035e-01,2.734317205e-01,4.302227206e+00,-1.517148443e+00,-3.361294915e-01,2.002506877e-02,2.279432038e-03,6.197570325e-01,-4.950452727e-02,1.012916198e-01,6.314437530e-01,-5.726883852e-02,9.224493187e-03,4.850358069e-01,-1.230339557e-01,2.250004001e-02,1.977990223e+00,6.999979913e-02,0,0
3.860000000e+00,9.313455768e-02,2.483101758e-01,5.579683528e-02,1.238363692e-01,6.562614634e-02,2.855702350e+01,4.619734710e+00,1.351383894e-01,6.665944414e-16,9.381951662e-18,1.341084023e-18,1.178600000e-02,-2.890715003e-01,-2.643502474e+00,-1.503556252e+00,-1.310176611e+00,-7.820941210e-01,2.309090495e-01,2.452826181e-01,4.338167386e+00,-1.531047168e+00,-3.428390855e-01,2.097864293e-02,2.187489190e-03,6.197498228e-01,-4.948909264e-02,1.012938876e-01,6.314437530e-01,-5.726883852e-02,9.224493187e-03,4.850359559e-01,-1.230342165e-01,2.249990217e-02,1.977990615e+00,6.999978796e-02,0,0
3.870000000e+00,9.313433799e-02,2.483477521e-01,6.662808020e-02,1.238550127e-01,6.567945404e-02,2.878662090e+01,4.564558197e+00,1.351385444e-01,4.598540979e-16,2.602085214e-18,7.273049277e-19,1.241246500e-02,-2.890669703e-01,-2.643505573e+00,-1.503553867e+00,-1.310185909e+00,-7.821763158e-01,2.307893336e-01,2.650853451e-01,4.286083876e+00,-1.510747880e+00,-3.341033610e-01,2.038627809e-02,2.546439805e-03,6.197422734e-01,-4.947281594e-02,1.012913293e-01,6.314437530e-01,-5.726883852e-02,9.224493187e-03,4.850358665e-01,-1.230340302e-01,2.250003070e-02,1.977990419e+00,6.999973953e-02,0,0
3.880000000e+00,9.313731148e-02,2.483978906e-01,4.285420421e-02,1.238798889e-01,6.574294072e-02,2.895354703e+01,4.613005992e+00,1.351393220e-01,4.509246757e-16,4.527761199e-18,3.428548309e-19,1.194780100e-02,-2.890590131e-01,-2.643501997e+00,-1.503543496e+00,-1.310203910e+00,-7.822583318e-01,2.306257039e-01,2.323221811e-01,4.332360917e+00,-1.529527012e+00,-3.414139320e-01,2.191918308e-02,1.664097553e-03,6.197336191e-01,-4.945406124e-02,1.012916470e-01,6.314437530e-01,-5.726883852e-02,9.224493187e-03,4.850358963e-01,-1.230342761e-01,2.249988355e-02,1.977990026e+00,6.999976933e-02,0,0
3.890000000e+00,9.313736401e-02,2.484356017e-01,7.522471078e-02,1.238985991e-01,6.579543461e-02,2.872353706e+01,4.576833575e+00,1.351400238e-01,2.270736630e-16,9.341771813e-18,1.817454023e-18,1.278771900e-02,-2.890509069e-01,-2.643501997e+00,-1.503534198e+00,-1.310216308e+00,-7.823175788e-01,2.304725945e-01,2.744741597e-01,4.297122398e+00,-1.514591732e+00,-3.353245349e-01,1.925812758e-02,2.658905710e-03,6.197271200e-01,-4.943894410e-02,1.012895889e-01,6.314437530e-01,-5.726883852e-02,9.224493187e-03,4.850357473e-01,-1.230338812e-01,2.249998786e-02,1.977989201e+00,6.999984011e-02,0,0
3.900000000e+00,9.314044393e-02,2.484685867e-01,4.610565299e-02,1.239149646e-01,6.583233927e-02,2.896179837e+01,4.612452555e+00,1.351409901e-01,4.442153998e-16,5.553824967e-18,5.838607383e-19,1.115056400e-02,-2.890454233e-01,-2.643497705e+00,-1.503521681e+00,-1.310237408e+00,-7.823458314e-01,2.303568125e-01,2.580857173e-01,4.330798156e+00,-1.528234633e+00,-3.411434727e-01,2.037162298e-02,1.644065280e-03,6.197225039e-01,-4.943025774e-02,1.012913779e-01,6.314437530e-01,-5.726883852e-02,9.224493187e-03,4.850360155e-01,-1.230342761e-01,2.249985747e-02,1.977990144e+00,6.999973953e-02,0,0
3.910000000e+00,9.313919573e-02,2.484988521e-01,5.005954021e-02,1.239299806e-01,6.588242170e-02,2.905882790e+01,4.579068494e+00,1.351422870e-01,4.479486736e-16,3.469446952e-18,5.762613592e-19,1.195755100e-02,-2.890375853e-01,-2.643492699e+00,-1.503504753e+00,-1.310241938e+00,-7.823923230e-01,2.301779687e-01,2.666742730e-01,4.298756460e+00,-1.518029170e+00,-3.355596156e-01,2.071185547e-02,2.049160081e-03,6.197163030e-01,-4.941713135e-02,1.012882070e-01,6.314437530e-01,-5.726883852e-02,9.224493187e-03,4.850359857e-01,-1.230343357e-01,2.250007354e-02,1.977988375e+00,6.999972463e-02,0,0
3.920000000e+00,9.314066410e-02,2.485320361e-01,6.257739186e-02,1.239464447e-01,6.592871978e-02,2.909187568e+01,4.580445762e+00,1.351444383e-01,2.222753016e-16,8.420559319e-18,5.114171419e-19,1.136299500e-02,-2.890281975e-01,-2.643481255e+00,-1.503476977e+00,-1.310258746e+00,-7.824165225e-01,2.299913466e-01,2.255084103e-01,4.303655584e+00,-1.515065451e+00,-3.350382474e-01,2.232386068e-02,2.375490298e-03,6.197102120e-01,-4.940607980e-02,1.012879732e-01,6.314437530e-01,-5.726883852e-02,9.224493187e-03,4.850361943e-01,-1.230342239e-01,2.250018716e-02,1.977988022e+00,6.999970973e-02,0,0
3.930000000e+00,9.314350178e-02,2.485786514e-01,4.571745821e-02,1.239695726e-01,6.598543417e-02,2.934301442e+01,4.585852277e+00,1.351452081e-01,4.455490012e-16,5.006150173e-18,2.315856856e-19,1.209122200e-02,-2.890182436e-01,-2.643478155e+00,-1.503466845e+00,-1.310276866e+00,-7.824716568e-01,2.298191190e-01,2.381113240e-01,4.306007108e+00,-1.522050664e+00,-3.383910971e-01,2.234880595e-02,8.157306649e-04,6.197039554e-01,-4.939042232e-02,1.012887079e-01,6.314437530e-01,-5.726883852e-02,9.224493187e-03,4.850359261e-01,-1.230344921e-01,2.249985933e-02,1.977989987e+00,6.999970227e-02,0,0
3.940000000e+00,9.314281412e-02,2.486182236e-01,6.699554241e-02,1.239892060e-01,6.604842425e-02,2.890227117e+01,4.599310070e+00,1.351460057e-01,2.231704223e-16,9.847158423e-18,1.334769128e-18,1.328917400e-02,-2.890120745e-01,-2.643474102e+00,-1.503456116e+00,-1.310276747e+00,-7.825599313e-01,2.296416909e-01,2.014855503e-01,4.321892396e+00,-1.523043866e+00,-3.377636756e-01,2.343761652e-02,2.563042150e-03,6.196952066e-01,-4.937192930e-02,1.012853117e-01,6.314437530e-01,-5.726883852e-02,9.224493187e-03,4.850360751e-01,-1.230342314e-01,2.250010520e-02,1.977987236e+00,6.999979913e-02,0,0
3.950000000e+00,9.314528950e-02,2.486560094e-01,4.825178970e-02,1.240079531e-01,6.609183403e-02,2.864334877e+01,4.582755221e+00,1.351457958e-01,4.512917797e-16,2.742838647e-18,4.848699518e-19,1.186979000e-02,-2.890077233e-01,-2.643476725e+00,-1.503458500e+00,-1.310290217e+00,-7.826319337e-01,2.295644134e-01,2.498715103e-01,4.303482373e+00,-1.517883877e+00,-3.388992941e-01,2.053915126e-02,1.748646791e-03,6.196891492e-01,-4.935759873e-02,1.012858126e-01,6.314437530e-01,-5.726883852e-02,9.224493187e-03,4.850360751e-01,-1.230341122e-01,2.249988168e-02,1.977990812e+00,6.999983639e-02,0,0
3.960000000e+00,9.314563222e-02,2.486882156e-01,3.304698813e-02,1.240239319e-01,6.613615434e-02,2.961592629e+01,4.589656963e+00,1.351463111e-01,4.450658238e-16,1.304651609e-17,2.454467060e-19,1.129662500e-02,-2.890032232e-01,-2.643476248e+00,-1.503451586e+00,-1.310299635e+00,-7.826923132e-01,2.294509113e-01,2.589050974e-01,4.310586927e+00,-1.517737508e+00,-3.358423676e-01,2.098517009e-02,1.384715220e-03,6.196828598e-01,-4.934468219e-02,1.012842452e-01,6.314437530e-01,-5.726883852e-02,9.224493187e-03,4.850361049e-01,-1.230341494e-01,2.250011452e-02,1.977989279e+00,6.999975443e-02,0,0
3.970000000e+00,9.314617853e-02,2.487243470e-01,4.028787363e-02,1.240418581e-01,6.619011114e-02,2.945443283e+01,4.584347176e+00,1.351478110e-01,9.572467583e-17,9.140795286e-18,6.594944350e-19,1.333650400e-02,-2.889945209e-01,-2.643467426e+00,-1.503432035e+00,-1.310306072e+00,-7.827411890e-01,2.292579561e-01,2.364230609e-01,4.307122278e+00,-1.515302135e+00,-3.352983886e-01,2.173530345e-02,1.688641342e-03,6.196761622e-01,-4.933053945e-02,1.012827236e-01,6.314437530e-01,-5.726883852e-02,9.224493187e-03,4.850361645e-01,-1.230342835e-01,2.250028029e-02,1.977987276e+00,6.999974325e-02,0,0
3.980000000e+00,9.314765398e-02,2.487695560e-01,4.166560973e-02,1.240642880e-01,6.625331669e-02,2.956165575e+01,4.621593041e+00,1.351490856e-01,6.748477053e-16,9.010137546e-19,1.626303259e-19,1.111805300e-02,-2.889828384e-01,-2.643459082e+00,-1.503415346e+00,-1.310312986e+00,-7.827985883e-01,2.290365696e-01,2.482548451e-01,4.339016443e+00,-1.534076452e+00,-3.413724285e-01,2.239794086e-02,8.409021753e-04,6.196693052e-01,-4.931330291e-02,1.012818518e-01,6.314437530e-01,-5.726883852e-02,9.224493187e-03,4.850360453e-01,-1.230344176e-01,2.249992080e-02,1.977988965e+00,6.999967620e-02,0,0
3.990000000e+00,9.314676895e-02,2.488075888e-01,4.537545564e-02,1.240831575e-01,6.631906419e-02,2.893288555e+01,4.615831960e+00,1.351514340e-01,3.497404304e-16,1.179739510e-17,4.997925065e-19,1.268264800e-02,-2.889687717e-01,-2.643443108e+00,-1.503384829e+00,-1.310308814e+00,-7.828473449e-01,2.287621796e-01,2.758229869e-01,4.332524690e+00,-1.530397270e+00,-3.413528807e-01,2.038827894e-02,1.700426593e-03,6.196617464e-01,-4.929551821e-02,1.012784505e-01,6.314437530e-01,-5.726883852e-02,9.224493187e-03,4.850359857e-01,-1.230342984e-01,2.249988914e-02,1.977990262e+00,6.999973953e-02,0,0
4.000000000e+00,9.314532292e-02,2.488409925e-01,5.660184639e-02,1.240997302e-01,6.637601975e-02,2.886574528e+01,4.554327002e+00,1.351538652e-01,2.388164425e-16,7.410741938e-18,9.821609092e-19,1.111407300e-02,-2.889564633e-01,-2.643430233e+00,-1.503353357e+00,-1.310312629e+00,-7.828794122e-01,2.285150439e-01,2.000151035e-01,4.279970283e+00,-1.507438242e+00,-3.329151293e-01,2.312491869e-02,2.340578817e-03,6.196550034e-01,-4.928135576e-02,1.012748961e-01,6.314437530e-01,-5.726883852e-02,9.224493187e-03,4.850358963e-01,-1.230339855e-01,2.250004560e-02,1.977990498e+00,6.999987736e-02,0,0
4.010000000e+00,9.314859247e-02,2.488937645e-01,5.040795024e-02,1.241259122e-01,6.644000875e-02,2.870922707e+01,4.623193564e+00,1.351548587e-01,4.441061502e-16,6.992893893e-18,1.852685484e-18,1.270029800e-02,-2.889482379e-01,-2.643425465e+00,-1.503340244e+00,-1.310332894e+00,-7.829546332e-01,2.283399105e-01,2.540515907e-01,4.340858170e+00,-1.532479978e+00,-3.426177293e-01,2.100261198e-02,1.991920333e-03,6.196464681e-01,-4.926339823e-02,1.012755512e-01,6.314437530e-01,-5.726883852e-02,9.224493187e-03,4.850360155e-01,-1.230341420e-01,2.249989659e-02,1.977990576e+00,6.999979168e-02,0,0
4.020000000e+00,9.314854071e-02,2.489342429e-01,5.913502170e-02,1.241459949e-01,6.649574109e-02,2.888531930e+01,4.548676337e+00,1.351558376e-01,6.674156951e-16,1.939479807e-18,4.470280077e-19,1.270046800e-02,-2.889408171e-01,-2.643423796e+00,-1.503327370e+00,-1.310345769e+00,-7.830150723e-01,2.281712890e-01,2.192425736e-01,4.273725463e+00,-1.505669113e+00,-3.318529591e-01,2.209712836e-02,2.372297046e-03,6.196393058e-01,-4.924836491e-02,1.012732719e-01,6.314437530e-01,-5.726883852e-02,9.224493187e-03,4.850359261e-01,-1.230342016e-01,2.250000834e-02,1.977989790e+00,6.999983639e-02,0,0
4.030000000e+00,9.315059121e-02,2.489642583e-01,5.136195134e-02,1.241608864e-01,6.652557063e-02,2.894587411e+01,4.565076024e+00,1.351572832e-01,6.871641551e-16,8.673617380e-18,4.599880250e-19,1.383768900e-02,-2.889346182e-01,-2.643421650e+00,-1.503308892e+00,-1.310377479e+00,-7.830089927e-01,2.280470133e-01,2.345852509e-01,4.288380317e+00,-1.510824788e+00,-3.340827954e-01,2.180737123e-02,2.169066095e-03,6.196362875e-01,-4.924435986e-02,1.012746107e-01,6.314437530e-01,-5.726883852e-02,9.224493187e-03,4.850360453e-01,-1.230341718e-01,2.250023931e-02,1.977988926e+00,6.999978051e-02,0,0
4.040000000e+00,9.315470756e-02,2.490039089e-01,3.804274737e-02,1.241805583e-01,6.656219089e-02,2.955792242e+01,4.594960775e+00,1.351579198e-01,4.604179640e-16,6.838213603e-18,7.477262204e-19,1.319626300e-02,-2.889275551e-01,-2.643421650e+00,-1.503300667e+00,-1.310408235e+00,-7.830353975e-01,2.279476672e-01,2.148030312e-01,4.316694721e+00,-1.522717004e+00,-3.383122540e-01,2.340876421e-02,8.043467567e-04,6.196321166e-01,-4.923505867e-02,1.012774300e-01,6.314437530e-01,-5.726883852e-02,9.224493187e-03,4.850359559e-01,-1.230345070e-01,2.249988168e-02,1.977990615e+00,6.999975443e-02,0,0
4.050000000e+00,9.315433411e-02,2.490340258e-01,3.530780851e-02,1.241955002e-01,6.660351283e-02,2.930010023e+01,4.555896989e+00,1.351582509e-01,7.799256991e-16,1.939479807e-18,4.253421299e-19,1.285429000e-02,-2.889243960e-01,-2.643423557e+00,-1.503296137e+00,-1.310417295e+00,-7.830929160e-01,2.278458774e-01,1.931486555e-01,4.281975113e+00,-1.507404562e+00,-3.327754005e-01,2.386345773e-02,1.632388082e-03,6.196262991e-01,-4.922352556e-02,1.012752981e-01,6.314437530e-01,-5.726883852e-02,9.224493187e-03,4.850360453e-01,-1.230340600e-01,2.250010148e-02,1.977989358e+00,6.999976188e-02,0,0
4.060000000e+00,9.315906075e-02,2.490828084e-01,4.615762244e-02,1.242197026e-01,6.664910447e-02,2.898966309e+01,4.587535376e+00,1.351579713e-01,2.333158739e-16,2.305045437e-18,6.857096618e-19,1.348358600e-02,-2.889204025e-01,-2.643429518e+00,-1.503299475e+00,-1.310449243e+00,-7.831668854e-01,2.277881950e-01,2.306591873e-01,4.308724680e+00,-1.520416114e+00,-3.391692655e-01,2.160095861e-02,1.118132113e-03,6.196194936e-01,-4.920893931e-02,1.012779316e-01,6.314437530e-01,-5.726883852e-02,9.224493187e-03,4.850360453e-01,-1.230342016e-01,2.249991708e-02,1.977991755e+00,6.999978423e-02,0,0
4.070000000e+00,9.316262324e-02,2.491235019e-01,3.293720228e-02,1.242398918e-01,6.668361039e-02,2.930601405e+01,4.596023901e+00,1.351579836e-01,1.573544563e-16,3.786955384e-18,8.186668742e-19,1.162002800e-02,-2.889183164e-01,-2.643437862e+00,-1.503299236e+00,-1.310488701e+00,-7.832100987e-01,2.277439833e-01,2.175188815e-01,4.318107200e+00,-1.521559064e+00,-3.382491151e-01,2.269967770e-02,1.310567033e-03,6.196143229e-01,-4.920021973e-02,1.012801087e-01,6.314437530e-01,-5.726883852e-02,9.224493187e-03,4.850358963e-01,-1.230343655e-01,2.249988914e-02,1.977991127e+00,6.999978423e-02,0,0
4.080000000e+00,9.316490900e-02,2.491606747e-01,5.474710631e-02,1.242583341e-01,6.671895882e-02,2.903764584e+01,4.598102213e+00,1.351580277e-01,3.203666068e-17,8.673617380e-19,1.533293417e-19,1.249685600e-02,-2.889174521e-01,-2.643445730e+00,-1.503298521e+00,-1.310521603e+00,-7.832618952e-01,2.276992500e-01,2.635619040e-01,4.318834314e+00,-1.518680996e+00,-3.375398783e-01,2.047874198e-02,2.175920732e-03,6.196085089e-01,-4.919092060e-02,1.012808591e-01,6.314437530e-01,-5.726883852e-02,9.224493187e-03,4.850359559e-01,-1.230340302e-01,2.250002325e-02,1.977989908e+00,6.999977678e-02,0,0
4.090000000e+00,9.317089183e-02,2.492114926e-01,2.953475700e-02,1.242835461e-01,6.675275817e-02,2.955605375e+01,4.584313985e+00,1.351578091e-01,4.472601916e-16,1.748223473e-18,9.219952658e-19,1.109907300e-02,-2.889154255e-01,-2.643459558e+00,-1.503301382e+00,-1.310583115e+00,-7.832963467e-01,2.276787460e-01,2.182461093e-01,4.307647685e+00,-1.516341587e+00,-3.356449345e-01,2.288523468e-02,1.305077836e-03,6.196036723e-01,-4.918352663e-02,1.012856430e-01,6.314437530e-01,-5.726883852e-02,9.224493187e-03,4.850360751e-01,-1.230343655e-01,2.249995805e-02,1.977989043e+00,6.999974325e-02,0,0
4.100000000e+00,9.317295751e-02,2.492440588e-01,3.679195992e-02,1.242997029e-01,6.678399106e-02,2.937440458e+01,4.585430554e+00,1.351579312e-01,6.111054355e-17,7.755077674e-18,2.068703488e-19,1.294176100e-02,-2.889131904e-01,-2.643465281e+00,-1.503299713e+00,-1.310610414e+00,-7.833343744e-01,2.276238799e-01,2.209187632e-01,4.308608496e+00,-1.516539549e+00,-3.359109304e-01,2.302299464e-02,1.637143941e-03,6.195992038e-01,-4.917562513e-02,1.012864645e-01,6.314437530e-01,-5.726883852e-02,9.224493187e-03,4.850361943e-01,-1.230341345e-01,2.250009775e-02,1.977990223e+00,6.999972835e-02,0,0
4.110000000e+00,9.317838938e-02,2.492997179e-01,4.439846086e-02,1.243273166e-01,6.683284693e-02,2.936607230e+01,4.578526868e+00,1.351577578e-01,4.553475649e-16,4.872882708e-18,3.352710058e-19,1.467104600e-02,-2.889123261e-01,-2.643474579e+00,-1.503301740e+00,-1.310657740e+00,-7.834078670e-01,2.275703400e-01,2.043695778e-01,4.301485318e+00,-1.517920645e+00,-3.372596470e-01,2.318833560e-02,7.451677011e-04,6.195914650e-01,-4.916281363e-02,1.012898389e-01,6.314437530e-01,-5.726883852e-02,9.224493187e-03,4.850359857e-01,-1.230343133e-01,2.250001952e-02,1.977989790e+00,6.999975070e-02,0,0
4.120000000e+00,9.318225113e-02,2.493399489e-01,4.392090282e-02,1.243472760e-01,6.686252817e-02,2.889556570e+01,4.572010015e+00,1.351575893e-01,6.663360838e-16,1.262897753e-17,4.848699518e-19,1.119851400e-02,-2.889085710e-01,-2.643485546e+00,-1.503303885e+00,-1.310701847e+00,-7.834436893e-01,2.275465578e-01,2.406395616e-01,4.294533087e+00,-1.513002824e+00,-3.357332539e-01,2.134892905e-02,1.898576261e-03,6.195871366e-01,-4.915428928e-02,1.012924391e-01,6.314437530e-01,-5.726883852e-02,9.224493187e-03,4.850359559e-01,-1.230345964e-01,2.249986120e-02,1.977990458e+00,6.999981776e-02,0,0
4.130000000e+00,9.318465713e-02,2.493769199e-01,4.116245286e-02,1.243656180e-01,6.689770456e-02,2.925645221e+01,4.588204896e+00,1.351576535e-01,2.232580521e-16,1.084202172e-18,7.031659202e-19,1.287469900e-02,-2.889077961e-01,-2.643492699e+00,-1.503302932e+00,-1.310733795e+00,-7.834909558e-01,2.274941206e-01,2.207415249e-01,4.311235260e+00,-1.517398942e+00,-3.363308135e-01,2.294776243e-02,1.818703948e-03,6.195817207e-01,-4.914578097e-02,1.012934263e-01,6.314437530e-01,-5.726883852e-02,9.224493187e-03,4.850361049e-01,-1.230341792e-01,2.250005677e-02,1.977990812e+00,6.999979913e-02,0,0
4.140000000e+00,9.318955780e-02,2.494189802e-01,3.973091858e-02,1.243864849e-01,6.693043280e-02,2.966617179e+01,4.596304755e+00,1.351575189e-01,3.387155867e-17,9.697399036e-19,4.631713711e-19,1.230396400e-02,-2.889037132e-01,-2.643499613e+00,-1.503304601e+00,-1.310772300e+00,-7.835307121e-01,2.274535298e-01,2.110887247e-01,4.318623338e+00,-1.521835277e+00,-3.382467219e-01,2.361140778e-02,6.826281900e-04,6.195773244e-01,-4.913649577e-02,1.012970002e-01,6.314437530e-01,-5.726883852e-02,9.224493187e-03,4.850360751e-01,-1.230344921e-01,2.249988727e-02,1.977990812e+00,6.999971345e-02,0,0
4.150000000e+00,9.319030502e-02,2.494602056e-01,7.221104264e-02,1.244069375e-01,6.697922209e-02,2.872499733e+01,4.552312082e+00,1.351573368e-01,5.587602279e-16,7.757919229e-18,1.085556579e-18,1.346791500e-02,-2.889021337e-01,-2.643507004e+00,-1.503306627e+00,-1.310791612e+00,-7.836062908e-01,2.273636162e-01,2.015906328e-01,4.279325801e+00,-1.503114840e+00,-3.322747348e-01,2.256091970e-02,2.735376739e-03,6.195703938e-01,-4.912319020e-02,1.012956869e-01,6.314437530e-01,-5.726883852e-02,9.224493187e-03,4.850361347e-01,-1.230341047e-01,2.250028215e-02,1.977988887e+00,6.999975815e-02,0,0
4.160000000e+00,9.319552429e-02,2.495104663e-01,3.081111641e-02,1.244318725e-01,6.701997103e-02,2.958111728e+01,4.588773199e+00,1.351568265e-01,4.440911157e-16,3.254413019e-18,5.142822464e-19,1.332126400e-02,-2.888977230e-01,-2.643517494e+00,-1.503313065e+00,-1.310833693e+00,-7.836623788e-01,2.273185402e-01,2.158449147e-01,4.311427467e+00,-1.519192392e+00,-3.366749259e-01,2.338784051e-02,1.062155816e-03,6.195651279e-01,-4.911122597e-02,1.012992311e-01,6.314437530e-01,-5.726883852e-02,9.224493187e-03,4.850359261e-01,-1.230344996e-01,2.249985747e-02,1.977990419e+00,6.999973580e-02,0,0
4.170000000e+00,9.319698865e-02,2.495411104e-01,2.923120496e-02,1.244470755e-01,6.705078120e-02,2.958083150e+01,4.586827023e+00,1.351573517e-01,1.081562179e-16,9.164555165e-18,1.132264777e-18,1.442974400e-02,-2.888951302e-01,-2.643521309e+00,-1.503306270e+00,-1.310860991e+00,-7.836872339e-01,2.272410691e-01,2.115260568e-01,4.310953042e+00,-1.515412432e+00,-3.360163829e-01,2.322263938e-02,1.260414558e-03,6.195610577e-01,-4.910500330e-02,1.012996366e-01,6.314437530e-01,-5.726883852e-02,9.224493187e-03,4.850359559e-01,-1.230340675e-01,2.250001393e-02,1.977989162e+00,6.999981776e-02,0,0
4.180000000e+00,9.320286147e-02,2.495893253e-01,5.149261264e-02,1.244709955e-01,6.708472194e-02,2.942114132e+01,4.581435252e+00,1.351566692e-01,3.342801898e-16,1.336386384e-17,6.533737857e-19,1.190915000e-02,-2.888928950e-01,-2.643533945e+00,-1.503314972e+00,-1.310909152e+00,-7.837385535e-01,2.272320241e-01,2.044796605e-01,4.304053973e+00,-1.519271165e+00,-3.378109196e-01,2.355879078e-02,5.732616636e-04,6.195561770e-01,-4.909518031e-02,1.013040796e-01,6.314437530e-01,-5.726883852e-02,9.224493187e-03,4.850359261e-01,-1.230344474e-01,2.249984257e-02,1.977991441e+00,6.999976188e-02,0,0
4.190000000e+00,9.320505717e-02,2.496217020e-01,2.986027710e-02,1.244870580e-01,6.711410930e-02,2.974703770e+01,4.588240610e+00,1.351568318e-01,6.724291450e-17,5.396156999e-18,6.555838024e-19,1.188455100e-02,-2.888918519e-01,-2.643540382e+00,-1.503312826e+00,-1.310940146e+00,-7.837703228e-01,2.271812558e-01,2.141669567e-01,4.311338464e+00,-1.518180338e+00,-3.362051370e-01,2.321348169e-02,8.727949593e-04,6.195519614e-01,-4.908896068e-02,1.013052055e-01,6.314437530e-01,-5.726883852e-02,9.224493187e-03,4.850362539e-01,-1.230341718e-01,2.250016108e-02,1.977989279e+00,6.999976560e-02,0,0
4.200000000e+00,9.320735499e-02,2.496492627e-01,3.234817618e-02,1.245007311e-01,6.713745569e-02,2.938140897e+01,4.566938724e+00,1.351573527e-01,4.475586568e-16,1.693577933e-18,7.666467083e-20,1.242913600e-02,-2.888877690e-01,-2.643543482e+00,-1.503306150e+00,-1.310969114e+00,-7.837838531e-01,2.271248847e-01,2.177843354e-01,4.290909486e+00,-1.511636651e+00,-3.347300369e-01,2.245664117e-02,1.103628364e-03,6.195489224e-01,-4.908363452e-02,1.013066655e-01,6.314437530e-01,-5.726883852e-02,9.224493187e-03,4.850359559e-01,-1.230344474e-01,2.249987051e-02,1.977990576e+00,6.999973208e-02,0,0
4.210000000e+00,9.320895583e-02,2.496759798e-01,2.745060139e-02,1.245139857e-01,6.716615857e-02,2.962142211e+01,4.582494214e+00,1.351584266e-01,4.442604892e-16,5.654506728e-18,1.027514857e-18,1.114865400e-02,-2.888844609e-01,-2.643541336e+00,-1.503292322e+00,-1.310991645e+00,-7.837985158e-01,2.270293981e-01,2.095232467e-01,4.307039722e+00,-1.513856632e+00,-3.353617559e-01,2.304853125e-02,1.189496469e-03,6.195450160e-01,-4.907838858e-02,1.013073148e-01,6.314437530e-01,-5.726883852e-02,9.224493187e-03,4.850361645e-01,-1.230340526e-01,2.250034176e-02,1.977986765e+00,6.999973580e-02,0,0
4.220000000e+00,9.321256382e-02,2.497192650e-01,4.671236339e-02,1.245354599e-01,6.720566122e-02,2.935566824e+01,4.581097937e+00,1.351581661e-01,1.138492819e-16,3.831699942e-18,5.035024896e-19,1.295713000e-02,-2.888795435e-01,-2.643548489e+00,-1.503295541e+00,-1.311021805e+00,-7.838464379e-01,2.269581556e-01,2.131761650e-01,4.303615288e+00,-1.518343765e+00,-3.376389950e-01,2.326485046e-02,7.393733520e-04,6.195404601e-01,-4.906742229e-02,1.013094021e-01,6.314437530e-01,-5.726883852e-02,9.224493187e-03,4.850359261e-01,-1.230344549e-01,2.249983139e-02,1.977990851e+00,6.999973580e-02,0,0
4.230000000e+00,9.321404190e-02,2.497560488e-01,5.085613003e-02,1.245537086e-01,6.724585558e-02,2.905034849e+01,4.589775028e+00,1.351583065e-01,1.316626834e-16,1.894346630e-17,1.314804693e-18,1.286321000e-02,-2.888776362e-01,-2.643553495e+00,-1.503293514e+00,-1.311044574e+00,-7.839046121e-01,2.268844843e-01,2.144158967e-01,4.313938905e+00,-1.515308627e+00,-3.366321620e-01,2.248863170e-02,2.138454355e-03,6.195343649e-01,-4.905651880e-02,1.013091384e-01,6.314437530e-01,-5.726883852e-02,9.224493187e-03,4.850361049e-01,-1.230341271e-01,2.250023559e-02,1.977988769e+00,6.999980286e-02,0,0
4.240000000e+00,9.321842990e-02,2.497943800e-01,4.790677751e-02,1.245727249e-01,6.727436382e-02,2.940392205e+01,4.583415059e+00,1.351582906e-01,3.349824696e-16,5.786024465e-18,2.881306796e-19,1.441761400e-02,-2.888730168e-01,-2.643560171e+00,-1.503293753e+00,-1.311082363e+00,-7.839246392e-01,2.268316150e-01,2.452383101e-01,4.304211366e+00,-1.518850922e+00,-3.375439625e-01,2.171957970e-02,7.083545305e-04,6.195314790e-01,-4.905001808e-02,1.013126270e-01,6.314437530e-01,-5.726883852e-02,9.224493187e-03,4.850359559e-01,-1.230344623e-01,2.249987423e-02,1.977990812e+00,6.999970600e-02,0,0
4.250000000e+00,9.322013596e-02,2.498285083e-01,3.425618241e-02,1.245896561e-01,6.731211982e-02,2.936350759e+01,4.602333481e+00,1.351588221e-01,4.449159914e-16,5.597046047e-18,3.946555479e-19,1.335141400e-02,-2.888681293e-01,-2.643560886e+00,-1.503286719e+00,-1.311101675e+00,-7.839742899e-01,2.267475873e-01,2.248523801e-01,4.323495307e+00,-1.524196321e+00,-3.384991018e-01,2.335007067e-02,1.383194364e-03,6.195257335e-01,-4.903848399e-02,1.013125805e-01,6.314437530e-01,-5.726883852e-02,9.224493187e-03,4.850357771e-01,-1.230344400e-01,2.249986120e-02,1.977991284e+00,6.999975815e-02,0,0
4.260000000e+00,9.322099517e-02,2.498594458e-01,4.685050409e-02,1.246050043e-01,6.734856013e-02,2.913998698e+01,4.602504268e+00,1.351591217e-01,9.133693879e-17,2.818925648e-18,1.533293417e-19,1.107618200e-02,-2.888653874e-01,-2.643563032e+00,-1.503282666e+00,-1.311116695e+00,-7.840225697e-01,2.266641408e-01,1.868362260e-01,4.325794338e+00,-1.523412532e+00,-3.380064470e-01,2.455358511e-02,2.031089432e-03,6.195205529e-01,-4.902866469e-02,1.013119015e-01,6.314437530e-01,-5.726883852e-02,9.224493187e-03,4.850360751e-01,-1.230342090e-01,2.250015549e-02,1.977989398e+00,6.999975443e-02,0,0
4.270000000e+00,9.322245378e-02,2.498840200e-01,5.010225024e-02,1.246171956e-01,6.737620127e-02,2.855687020e+01,4.557351627e+00,1.351594285e-01,2.414648465e-16,5.553824967e-18,3.909146526e-19,1.276718900e-02,-2.888591290e-01,-2.643561840e+00,-1.503278613e+00,-1.311124921e+00,-7.840477228e-01,2.265779674e-01,2.228065306e-01,4.281670795e+00,-1.508150922e+00,-3.348107302e-01,2.200036818e-02,2.204635435e-03,6.195178568e-01,-4.902048692e-02,1.013122969e-01,6.314437530e-01,-5.726883852e-02,9.224493187e-03,4.850361943e-01,-1.230342984e-01,2.250010706e-02,1.977989122e+00,6.999970600e-02,0,0
4.280000000e+00,9.321689744e-02,2.498944794e-01,5.201179834e-02,1.246223846e-01,6.741491055e-02,2.911150391e+01,4.609485294e+00,1.351612726e-01,1.266942082e-16,9.813077867e-18,2.424349759e-19,1.172445900e-02,-2.888486683e-01,-2.643550396e+00,-1.503254652e+00,-1.311101437e+00,-7.840705514e-01,2.263731360e-01,3.076476720e-01,4.326350359e+00,-1.523284062e+00,-3.386053042e-01,1.866934813e-02,1.932419904e-03,6.195137991e-01,-4.900955474e-02,1.013051665e-01,6.314437530e-01,-5.726883852e-02,9.224493187e-03,4.850361049e-01,-1.230340973e-01,2.250005677e-02,1.977990851e+00,6.999973208e-02,0,0
4.290000000e+00,9.321543867e-02,2.499214714e-01,4.171206199e-02,1.246357753e-01,6.746482387e-02,2.921645254e+01,4.588952134e+00,1.351638542e-01,4.458011518e-16,9.024314302e-18,3.263880751e-19,1.201005200e-02,-2.888366878e-01,-2.643532038e+00,-1.503221273e+00,-1.311093092e+00,-7.840874791e-01,2.261193097e-01,2.394899579e-01,4.310426916e+00,-1.519167884e+00,-3.361081876e-01,2.242199420e-02,1.879320344e-03,6.195086094e-01,-4.899812191e-02,1.013019910e-01,6.314437530e-01,-5.726883852e-02,9.224493187e-03,4.850360751e-01,-1.230342239e-01,2.250011824e-02,1.977990105e+00,6.999967620e-02,0,0
4.300000000e+00,9.321346003e-02,2.499522920e-01,5.616905519e-02,1.246510654e-01,6.752448013e-02,2.854299869e+01,4.584938585e+00,1.351672959e-01,6.684991898e-16,1.262897753e-17,1.084202172e-18,1.200428100e-02,-2.888199985e-01,-2.643506765e+00,-1.503176808e+00,-1.311079502e+00,-7.841017246e-01,2.257981151e-01,2.695651721e-01,4.304107237e+00,-1.519635243e+00,-3.375395264e-01,2.068013693e-02,2.338529044e-03,6.195025484e-01,-4.898380772e-02,1.012979151e-01,6.314437530e-01,-5.726883852e-02,9.224493187e-03,4.850358665e-01,-1.230343059e-01,2.249993384e-02,1.977990734e+00,6.999970600e-02,0,0
4.310000000e+00,9.321022998e-02,2.499978642e-01,9.555889756e-02,1.246736738e-01,6.761235421e-02,2.827328737e+01,4.592214232e+00,1.351714592e-01,2.286255144e-16,2.083474391e-17,2.622335210e-18,1.218409300e-02,-2.888019383e-01,-2.643475771e+00,-1.503122807e+00,-1.311058044e+00,-7.841567397e-01,2.253850698e-01,2.392111445e-01,4.314030633e+00,-1.518603805e+00,-3.372033117e-01,2.176283663e-02,3.474114094e-03,6.194920259e-01,-4.896177644e-02,1.012912945e-01,6.314437530e-01,-5.726883852e-02,9.224493187e-03,4.850360155e-01,-1.230339706e-01,2.250010334e-02,1.977990694e+00,6.999971345e-02,0,0
4.320000000e+00,9.320912475e-02,2.500661759e-01,3.714072717e-02,1.247075631e-01,6.771931890e-02,2.917936759e+01,4.579720854e+00,1.351748336e-01,6.665814624e-16,4.770489559e-18,6.253283479e-19,1.183832000e-02,-2.887798548e-01,-2.643450499e+00,-1.503078818e+00,-1.311045289e+00,-7.842465043e-01,2.249545604e-01,2.827936073e-01,4.298211233e+00,-1.518636541e+00,-3.354620072e-01,2.136819197e-02,1.663329107e-03,6.194798278e-01,-4.893199048e-02,1.012858988e-01,6.314437530e-01,-5.726883852e-02,9.224493187e-03,4.850360751e-01,-1.230343431e-01,2.250005119e-02,1.977990498e+00,6.999969110e-02,0,0
4.330000000e+00,9.320666418e-02,2.501283136e-01,5.857856499e-02,1.247383893e-01,6.782481108e-02,2.880344614e+01,4.591264017e+00,1.351796819e-01,2.265462686e-16,5.204170428e-18,4.370558683e-19,1.134504600e-02,-2.887581587e-01,-2.643416405e+00,-1.503015995e+00,-1.311031818e+00,-7.843056917e-01,2.244682312e-01,2.298809344e-01,4.313012117e+00,-1.520146170e+00,-3.367815596e-01,2.267656336e-02,2.466482937e-03,6.194675909e-01,-4.890658172e-02,1.012795118e-01,6.314437530e-01,-5.726883852e-02,9.224493187e-03,4.850361645e-01,-1.230340675e-01,2.250017412e-02,1.977989398e+00,6.999975815e-02,0,0
4.340000000e+00,9.320575380e-02,2.501972251e-01,3.908191483e-02,1.247725759e-01,6.792930286e-02,2.900663036e+01,4.582501331e+00,1.351842135e-01,3.376756326e-16,3.878959614e-18,2.424349759e-19,1.235351400e-02,-2.887320220e-01,-2.643385410e+00,-1.502957344e+00,-1.311026931e+00,-7.843526006e-01,2.239842117e-01,2.690091975e-01,4.301287053e+00,-1.520624899e+00,-3.363202910e-01,2.162893502e-02,1.719262957e-03,6.194568919e-01,-4.888047828e-02,1.012748224e-01,6.314437530e-01,-5.726883852e-02,9.224493187e-03,4.850359857e-01,-1.230344623e-01,2.249991708e-02,1.977990183e+00,6.999975070e-02,0,0
4.350000000e+00,9.320293734e-02,2.502747220e-01,7.310212611e-02,1.248110215e-01,6.805397204e-02,2.852097547e+01,4.594667654e+00,1.351893577e-01,6.662965664e-16,1.192622390e-17,1.735570302e-18,1.135386600e-02,-2.887080312e-01,-2.643350601e+00,-1.502890587e+00,-1.311014891e+00,-7.844349742e-01,2.234413475e-01,2.314196246e-01,4.315656030e+00,-1.522540229e+00,-3.374225014e-01,2.318442746e-02,2.937392172e-03,6.194421410e-01,-4.884973058e-02,1.012672412e-01,6.314437530e-01,-5.726883852e-02,9.224493187e-03,4.850361645e-01,-1.230341345e-01,2.250021696e-02,1.977988258e+00,6.999975815e-02,0,0
4.360000000e+00,9.320390671e-02,2.503628878e-01,9.724545387e-02,1.248547595e-01,6.817518228e-02,2.750180058e+01,4.619339081e+00,1.351944223e-01,2.253004463e-16,1.097135459e-17,3.035766083e-18,1.301713100e-02,-2.886797786e-01,-2.643317223e+00,-1.502825022e+00,-1.311022401e+00,-7.844988108e-01,2.229163647e-01,2.261011684e-01,4.338610637e+00,-1.531451874e+00,-3.432013796e-01,2.198804264e-02,3.747066078e-03,6.194286986e-01,-4.881918147e-02,1.012636696e-01,6.314437530e-01,-5.726883852e-02,9.224493187e-03,4.850361049e-01,-1.230344176e-01,2.249987237e-02,1.977990655e+00,6.999974698e-02,0,0
4.370000000e+00,9.320029740e-02,2.504356021e-01,8.514585641e-02,1.248908321e-01,6.829168426e-02,2.840076856e+01,4.603784590e+00,1.351999580e-01,1.115774153e-16,3.878959614e-18,1.371419324e-18,1.111526300e-02,-2.886543274e-01,-2.643281937e+00,-1.502753377e+00,-1.311012983e+00,-7.845517993e-01,2.223690450e-01,2.829720384e-01,4.322180583e+00,-1.522752830e+00,-3.381084426e-01,2.026716088e-02,3.182335235e-03,6.194156862e-01,-4.879200656e-02,1.012558159e-01,6.314437530e-01,-5.726883852e-02,9.224493187e-03,4.850358963e-01,-1.230339780e-01,2.250007913e-02,1.977990616e+00,6.999981031e-02,0,0
4.380000000e+00,9.320160560e-02,2.505389359e-01,5.292190054e-02,1.249420943e-01,6.842825096e-02,2.841909733e+01,4.624674368e+00,1.352047887e-01,1.113344189e-16,1.563658610e-17,9.263427422e-19,1.344722500e-02,-2.886274755e-01,-2.643251419e+00,-1.502690673e+00,-1.311025143e+00,-7.846474051e-01,2.218291610e-01,2.579431715e-01,4.341031485e+00,-1.535771086e+00,-3.426990147e-01,2.198649694e-02,2.262962428e-03,6.193996547e-01,-4.875727886e-02,1.012518388e-01,6.314437530e-01,-5.726883852e-02,9.224493187e-03,4.850359261e-01,-1.230344325e-01,2.249986120e-02,1.977991244e+00,6.999975070e-02,0,0
4.390000000e+00,9.319963533e-02,2.506216535e-01,9.121446604e-02,1.249831289e-01,6.854749657e-02,2.827669297e+01,4.584959654e+00,1.352094279e-01,8.328479492e-17,7.757919229e-18,2.613495143e-18,1.167627900e-02,-2.886022925e-01,-2.643222570e+00,-1.502630472e+00,-1.311022878e+00,-7.847254872e-01,2.213274091e-01,1.827025977e-01,4.309719401e+00,-1.516968429e+00,-3.361429781e-01,2.442285686e-02,3.418282236e-03,6.193858248e-01,-4.872663753e-02,1.012451930e-01,6.314437530e-01,-5.726883852e-02,9.224493187e-03,4.850360453e-01,-1.230341047e-01,2.250006609e-02,1.977990930e+00,6.999998912e-02,0,0
4.400000000e+00,9.319999981e-02,2.506808221e-01,3.748004860e-02,1.250124812e-01,6.862632140e-02,2.902095531e+01,4.599891436e+00,1.352124340e-01,7.786821823e-16,5.704181241e-18,1.031083712e-18,1.173419900e-02,-2.885864079e-01,-2.643203259e+00,-1.502591491e+00,-1.311027646e+00,-7.847750783e-01,2.210026234e-01,2.337443290e-01,4.320469290e+00,-1.524165874e+00,-3.380664999e-01,2.315573620e-02,1.780434178e-03,6.193767578e-01,-4.870716299e-02,1.012425637e-01,6.314437530e-01,-5.726883852e-02,9.224493187e-03,4.850361049e-01,-1.230343804e-01,2.250000089e-02,1.977989162e+00,6.999986246e-02,0,0
4.410000000e+00,9.319958014e-02,2.507339838e-01,7.962135053e-02,1.250388535e-01,6.869727270e-02,2.828260466e+01,4.589650472e+00,1.352150517e-01,4.519248067e-16,4.610090874e-18,8.778858034e-19,1.275878900e-02,-2.885734737e-01,-2.643188953e+00,-1.502557516e+00,-1.311035275e+00,-7.848263383e-01,2.207258642e-01,1.542046654e-01,4.315006114e+00,-1.519071694e+00,-3.370847468e-01,2.489606979e-02,3.139773064e-03,6.193679191e-01,-4.868940138e-02,1.012393248e-01,6.314437530e-01,-5.726883852e-02,9.224493187e-03,4.850358963e-01,-1.230341867e-01,2.249993384e-02,1.977990026e+00,6.999994442e-02,0,0
4.420000000e+00,9.320156634e-02,2.507757985e-01,6.932296021e-02,1.250595967e-01,6.874010945e-02,2.868945686e+01,4.578789677e+00,1.352171397e-01,4.511383870e-16,1.067815303e-17,1.314804693e-18,1.242462600e-02,-2.885654271e-01,-2.643182039e+00,-1.502530694e+00,-1.311065793e+00,-7.848309278e-01,2.205508351e-01,1.923268297e-01,4.304673753e+00,-1.511753824e+00,-3.348809871e-01,2.359626128e-02,2.738030286e-03,6.193629696e-01,-4.868221010e-02,1.012400161e-01,6.314437530e-01,-5.726883852e-02,9.224493187e-03,4.850361645e-01,-1.230341569e-01,2.250031382e-02,1.977987826e+00,6.999981031e-02,0,0
4.430000000e+00,9.320484858e-02,2.508279529e-01,3.963170906e-02,1.250854692e-01,6.879085018e-02,2.857795153e+01,4.576428873e+00,1.352174853e-01,2.373217265e-16,5.204170428e-18,4.470280077e-19,1.124113500e-02,-2.885589302e-01,-2.643184900e+00,-1.502526045e+00,-1.311094046e+00,-7.848883271e-01,2.204322815e-01,1.795381878e-01,4.301306882e+00,-1.515149461e+00,-3.376112677e-01,2.375635565e-02,1.659820774e-03,6.193566445e-01,-4.866844511e-02,1.012412245e-01,6.314437530e-01,-5.726883852e-02,9.224493187e-03,4.850359559e-01,-1.230343953e-01,2.249985002e-02,1.977990734e+00,6.999985501e-02,0,0
4.440000000e+00,9.320763475e-02,2.508709647e-01,2.911056970e-02,1.251068061e-01,6.882851364e-02,2.951046545e+01,4.585528987e+00,1.352178029e-01,1.819910130e-17,8.893101817e-18,3.946555479e-19,1.201471200e-02,-2.885574400e-01,-2.643192053e+00,-1.502521873e+00,-1.311132550e+00,-7.849304676e-01,2.203675359e-01,1.932839852e-01,4.309929285e+00,-1.516856662e+00,-3.358141800e-01,2.450624195e-02,1.048736759e-03,6.193509729e-01,-4.866011351e-02,1.012425224e-01,6.314437530e-01,-5.726883852e-02,9.224493187e-03,4.850361645e-01,-1.230342388e-01,2.250006609e-02,1.977990183e+00,6.999982893e-02,0,0
4.450000000e+00,9.321224709e-02,2.509079275e-01,3.299652891e-02,1.251251423e-01,6.884980721e-02,2.895187058e+01,4.570378831e+00,1.352179044e-01,6.742168549e-17,6.210311558e-18,1.954573263e-19,1.244945600e-02,-2.885550857e-01,-2.643201590e+00,-1.502520680e+00,-1.311182141e+00,-7.849430442e-01,2.203543037e-01,1.826819524e-01,4.295439573e+00,-1.513551259e+00,-3.357886926e-01,2.440170024e-02,1.390007050e-03,6.193479058e-01,-4.865600856e-02,1.012464071e-01,6.314437530e-01,-5.726883852e-02,9.224493187e-03,4.850358665e-01,-1.230345517e-01,2.249986306e-02,1.977990694e+00,6.999979541e-02,0,0
4.460000000e+00,9.321755028e-02,2.509480820e-01,3.376794488e-02,1.251450617e-01,6.887286111e-02,2.904923912e+01,4.605767805e+00,1.352173317e-01,1.947222272e-17,3.903127821e-18,3.176226730e-19,1.110528300e-02,-2.885563374e-01,-2.643215418e+00,-1.502528071e+00,-1.311233878e+00,-7.849774361e-01,2.203753144e-01,2.010579974e-01,4.328229086e+00,-1.524235030e+00,-3.394665257e-01,2.395142368e-02,1.453607452e-03,6.193439276e-01,-4.865096661e-02,1.012507839e-01,6.314437530e-01,-5.726883852e-02,9.224493187e-03,4.850358963e-01,-1.230344102e-01,2.249987051e-02,1.977990223e+00,6.999979541e-02,0,0
4.470000000e+00,9.322012300e-02,2.509769090e-01,3.173811396e-02,1.251593619e-01,6.889161403e-02,2.966163730e+01,4.583087460e+00,1.352166253e-01,2.238818419e-16,5.062190914e-18,7.531108977e-19,1.392622900e-02,-2.885586321e-01,-2.643229246e+00,-1.502537131e+00,-1.311270118e+00,-7.850114107e-01,2.203954905e-01,2.071597637e-01,4.307438045e+00,-1.514809772e+00,-3.354587929e-01,2.389813901e-02,7.878639327e-04,6.193406862e-01,-4.864686113e-02,1.012525792e-01,6.314437530e-01,-5.726883852e-02,9.224493187e-03,4.850361049e-01,-1.230342537e-01,2.250012197e-02,1.977989279e+00,6.999976933e-02,0,0
4.480000000e+00,9.322422019e-02,2.510075047e-01,6.474544903e-02,1.251745395e-01,6.890705076e-02,2.863047082e+01,4.583460139e+00,1.352172987e-01,6.674516239e-16,5.485677295e-18,1.341084023e-18,1.134749500e-02,-2.885571122e-01,-2.643235683e+00,-1.502528667e+00,-1.311320662e+00,-7.850055695e-01,2.203778774e-01,2.065042934e-01,4.308712005e+00,-1.512323708e+00,-3.358832428e-01,2.271896933e-02,2.643231027e-03,6.193380876e-01,-4.864591684e-02,1.012562992e-01,6.314437530e-01,-5.726883852e-02,9.224493187e-03,4.850361645e-01,-1.230340824e-01,2.250006236e-02,1.977990262e+00,6.999973953e-02,0,0
4.490000000e+00,9.322791625e-02,2.510451824e-01,3.258719875e-02,1.251932301e-01,6.893435957e-02,2.940550597e+01,4.586998713e+00,1.352170216e-01,1.726572812e-17,6.930643663e-18,7.068133411e-19,1.179058900e-02,-2.885534465e-01,-2.643244505e+00,-1.502532244e+00,-1.311355829e+00,-7.850292921e-01,2.203364819e-01,2.057834111e-01,4.310657798e+00,-1.517420410e+00,-3.365883170e-01,2.413046881e-02,1.027680681e-03,6.193353653e-01,-4.863957485e-02,1.012590906e-01,6.314437530e-01,-5.726883852e-02,9.224493187e-03,4.850357473e-01,-1.230344772e-01,2.249992080e-02,1.977989947e+00,6.999976188e-02,0,0
4.500000000e+00,9.323083732e-02,2.510746112e-01,3.468769627e-02,1.252078288e-01,6.895420990e-02,2.911024060e+01,4.586234715e+00,1.352180537e-01,2.228263109e-16,1.110764993e-17,7.550594415e-19,1.253191600e-02,-2.885527015e-01,-2.643247604e+00,-1.502519131e+00,-1.311398983e+00,-7.850232124e-01,2.202834636e-01,1.977195284e-01,4.311477567e+00,-1.513959321e+00,-3.361427020e-01,2.343817836e-02,1.715969564e-03,6.193323705e-01,-4.863903637e-02,1.012616050e-01,6.314437530e-01,-5.726883852e-02,9.224493187e-03,4.850361645e-01,-1.230340749e-01,2.250034362e-02,1.977988415e+00,6.999974698e-02,0,0
4.510000000e+00,9.323463326e-02,2.511208836e-01,4.601273442e-02,1.252307828e-01,6.899325234e-02,2.864336334e+01,4.602080958e+00,1.352185798e-01,2.230452373e-16,1.939479807e-18,8.741117366e-19,1.263697700e-02,-2.885468006e-01,-2.643251419e+00,-1.502512336e+00,-1.311436415e+00,-7.850523591e-01,2.201894075e-01,2.154582332e-01,4.322693934e+00,-1.526616480e+00,-3.405304660e-01,2.286677178e-02,1.508951354e-03,6.193277662e-01,-4.862998508e-02,1.012639951e-01,6.314437530e-01,-5.726883852e-02,9.224493187e-03,4.850358069e-01,-1.230344549e-01,2.249987982e-02,1.977990576e+00,6.999970973e-02,0,0
4.520000000e+00,9.323389440e-02,2.511529632e-01,6.347631573e-02,1.252466964e-01,6.903474199e-02,2.850554082e+01,4.552322573e+00,1.352199847e-01,4.528193185e-16,8.940560153e-18,2.631424787e-19,1.266194700e-02,-2.885390818e-01,-2.643245935e+00,-1.502494097e+00,-1.311443806e+00,-7.850831151e-01,2.200344503e-01,1.881070404e-01,4.279077619e+00,-1.505520717e+00,-3.325177616e-01,2.414826302e-02,2.729722435e-03,6.193225946e-01,-4.861939554e-02,1.012615712e-01,6.314437530e-01,-5.726883852e-02,9.224493187e-03,4.850361347e-01,-1.230341718e-01,2.250007913e-02,1.977990891e+00,6.999979541e-02,0,0
4.530000000e+00,9.323745381e-02,2.511941523e-01,3.612246520e-02,1.252671287e-01,6.907161230e-02,2.910418002e+01,4.575102156e+00,1.352206394e-01,2.223493277e-16,5.782976248e-18,5.622257356e-19,1.133129500e-02,-2.885322571e-01,-2.643244982e+00,-1.502485633e+00,-1.311469436e+00,-7.851059437e-01,2.199234962e-01,2.284072350e-01,4.297970213e+00,-1.514376593e+00,-3.361270258e-01,2.286417906e-02,1.146185194e-03,6.193188610e-01,-4.861087249e-02,1.012638837e-01,6.314437530e-01,-5.726883852e-02,9.224493187e-03,4.850359559e-01,-1.230344698e-01,2.249987982e-02,1.977990891e+00,6.999976188e-02,0,0
4.540000000e+00,9.323849690e-02,2.512377493e-01,7.072966382e-02,1.252887555e-01,6.912053802e-02,2.851118156e+01,4.592846320e+00,1.352215561e-01,7.750642767e-17,7.757919229e-18,0.000000000e+00,1.295606000e-02,-2.885291278e-01,-2.643244505e+00,-1.502473593e+00,-1.311490059e+00,-7.851639986e-01,2.197977304e-01,1.671506920e-01,4.318626087e+00,-1.517084787e+00,-3.370517153e-01,2.466466560e-02,2.869793279e-03,6.193115070e-01,-4.859885078e-02,1.012628397e-01,6.314437530e-01,-5.726883852e-02,9.224493187e-03,4.850361049e-01,-1.230341867e-01,2.250021696e-02,1.977988926e+00,6.999984011e-02,0,0
4.550000000e+00,9.324350819e-02,2.512915658e-01,3.715153907e-02,1.253154517e-01,6.916231159e-02,2.890124624e+01,4.602565086e+00,1.352212340e-01,6.912960114e-17,7.372574773e-18,1.263296185e-18,1.179478000e-02,-2.885239124e-01,-2.643255234e+00,-1.502477646e+00,-1.311535120e+00,-7.852146029e-01,2.197423428e-01,2.145909560e-01,4.324978363e+00,-1.522093519e+00,-3.388248648e-01,2.332475808e-02,1.800678403e-03,6.193062503e-01,-4.858713792e-02,1.012661192e-01,6.314437530e-01,-5.726883852e-02,9.224493187e-03,4.850360751e-01,-1.230345964e-01,2.249985747e-02,1.977990105e+00,6.999977306e-02,0,0
4.560000000e+00,9.324568466e-02,2.513370954e-01,4.157790737e-02,1.253380369e-01,6.920534027e-02,2.893949564e+01,4.558138600e+00,1.352216582e-01,1.122655619e-16,5.204170428e-18,7.608751328e-19,1.248225600e-02,-2.885225117e-01,-2.643261671e+00,-1.502472043e+00,-1.311570764e+00,-7.852655053e-01,2.196601629e-01,2.164319420e-01,4.284503772e+00,-1.503842052e+00,-3.328372045e-01,2.206648091e-02,1.918986938e-03,6.192997107e-01,-4.857742218e-02,1.012665446e-01,6.314437530e-01,-5.726883852e-02,9.224493187e-03,4.850361049e-01,-1.230340526e-01,2.250030078e-02,1.977987118e+00,6.999981031e-02,0,0
4.570000000e+00,9.325150759e-02,2.513923041e-01,4.235478555e-02,1.253654236e-01,6.924545657e-02,2.900932005e+01,4.595297420e+00,1.352215848e-01,1.091119003e-17,2.168404345e-18,3.277919012e-19,1.194818100e-02,-2.885164618e-01,-2.643271208e+00,-1.502472997e+00,-1.311621428e+00,-7.852998972e-01,2.195939720e-01,2.469801800e-01,4.315563892e+00,-1.521958485e+00,-3.388470964e-01,2.216159791e-02,1.156088077e-03,6.192952582e-01,-4.856761332e-02,1.012709294e-01,6.314437530e-01,-5.726883852e-02,9.224493187e-03,4.850359261e-01,-1.230345592e-01,2.249982953e-02,1.977991008e+00,6.999975070e-02,0,0
4.580000000e+00,9.325343007e-02,2.514434750e-01,6.022066408e-02,1.253908071e-01,6.929773183e-02,2.885826265e+01,4.602034130e+00,1.352228158e-01,6.694847193e-16,6.254634441e-18,1.131940300e-18,1.335583400e-02,-2.885098159e-01,-2.643270969e+00,-1.502457023e+00,-1.311652541e+00,-7.853425741e-01,2.194412351e-01,2.682706749e-01,4.322190556e+00,-1.520322527e+00,-3.370377475e-01,2.089744320e-02,2.458958782e-03,6.192884268e-01,-4.855560010e-02,1.012708388e-01,6.314437530e-01,-5.726883852e-02,9.224493187e-03,4.850361943e-01,-1.230342612e-01,2.250025608e-02,1.977988651e+00,6.999970227e-02,0,0
4.590000000e+00,9.325530743e-02,2.515025621e-01,6.106425162e-02,1.254201174e-01,6.936448919e-02,2.818986441e+01,4.603855357e+00,1.352252398e-01,2.235510252e-16,3.878959614e-18,4.848699518e-19,1.262751700e-02,-2.884956598e-01,-2.643258333e+00,-1.502425671e+00,-1.311671615e+00,-7.853768468e-01,2.191785723e-01,1.873437363e-01,4.326771535e+00,-1.524208056e+00,-3.400544035e-01,2.407994060e-02,2.742333981e-03,6.192810874e-01,-4.853981363e-02,1.012702756e-01,6.314437530e-01,-5.726883852e-02,9.224493187e-03,4.850359261e-01,-1.230342984e-01,2.249991708e-02,1.977990615e+00,6.999973953e-02,0,0
4.600000000e+00,9.325462826e-02,2.515524297e-01,8.301349297e-02,1.254448543e-01,6.942683363e-02,2.826070050e+01,4.555045450e+00,1.352278949e-01,5.877775869e-17,9.341771813e-18,8.741117366e-19,1.218155300e-02,-2.884821892e-01,-2.643246174e+00,-1.502391338e+00,-1.311684608e+00,-7.854074240e-01,2.189202309e-01,2.008719112e-01,4.281264757e+00,-1.505889100e+00,-3.325669545e-01,2.341416433e-02,3.259576531e-03,6.192737327e-01,-4.852495741e-02,1.012672052e-01,6.314437530e-01,-5.726883852e-02,9.224493187e-03,4.850358665e-01,-1.230340675e-01,2.249995619e-02,1.977991480e+00,6.999984756e-02,0,0
4.610000000e+00,9.325816893e-02,2.516169486e-01,4.579208927e-02,1.254768589e-01,6.949337699e-02,2.843266291e+01,4.607794552e+00,1.352302931e-01,1.363634998e-16,3.496446946e-18,2.710505431e-19,1.232546400e-02,-2.884701192e-01,-2.643235445e+00,-1.502360344e+00,-1.311716795e+00,-7.854459882e-01,2.186840028e-01,1.886815214e-01,4.330204008e+00,-1.526067928e+00,-3.406344770e-01,2.415147138e-02,2.170310181e-03,6.192654953e-01,-4.850964698e-02,1.012682473e-01,6.314437530e-01,-5.726883852e-02,9.224493187e-03,4.850358665e-01,-1.230343133e-01,2.249984816e-02,1.977990891e+00,6.999985874e-02,0,0
4.620000000e+00,9.326069053e-02,2.516835719e-01,3.899543490e-02,1.255099072e-01,6.955981864e-02,2.897295765e+01,4.577567798e+00,1.352311173e-01,6.668586218e-16,6.732537573e-18,4.599880250e-19,1.211889200e-02,-2.884618342e-01,-2.643239737e+00,-1.502349496e+00,-1.311754227e+00,-7.855154872e-01,2.185175568e-01,2.578849566e-01,4.299170762e+00,-1.513980760e+00,-3.348515484e-01,2.204569835e-02,1.932962292e-03,6.192568875e-01,-4.849244150e-02,1.012680240e-01,6.314437530e-01,-5.726883852e-02,9.224493187e-03,4.850359857e-01,-1.230342388e-01,2.250004373e-02,1.977991323e+00,6.999982893e-02,0,0
4.630000000e+00,9.326597054e-02,2.517610801e-01,3.240816295e-02,1.255483547e-01,6.963037312e-02,2.897481555e+01,4.576161509e+00,1.352323207e-01,8.882123004e-16,4.165368725e-18,2.793925048e-19,1.282817900e-02,-2.884532809e-01,-2.643241882e+00,-1.502333879e+00,-1.311806679e+00,-7.855726480e-01,2.183310390e-01,2.144815443e-01,4.299746171e+00,-1.514659806e+00,-3.356841683e-01,2.354003487e-02,1.537617974e-03,6.192482000e-01,-4.847671197e-02,1.012707221e-01,6.314437530e-01,-5.726883852e-02,9.224493187e-03,4.850359559e-01,-1.230345666e-01,2.249989659e-02,1.977990223e+00,6.999980658e-02,0,0
4.640000000e+00,9.326805688e-02,2.518241132e-01,7.091932125e-02,1.255796219e-01,6.969623228e-02,2.854369331e+01,4.584357206e+00,1.352338691e-01,7.786343569e-16,5.222209201e-18,2.607162458e-18,1.319237200e-02,-2.884456217e-01,-2.643239975e+00,-1.502313733e+00,-1.311839819e+00,-7.856321335e-01,2.181391269e-01,2.075909310e-01,4.309246774e+00,-1.513418849e+00,-3.356167892e-01,2.335977582e-02,2.884922631e-03,6.192393125e-01,-4.846117597e-02,1.012701729e-01,6.314437530e-01,-5.726883852e-02,9.224493187e-03,4.850361645e-01,-1.230340600e-01,2.250010334e-02,1.977991048e+00,6.999980286e-02,0,0
4.650000000e+00,9.327204743e-02,2.518871207e-01,5.706140356e-02,1.256108761e-01,6.975685752e-02,2.812641695e+01,4.630248080e+00,1.352348070e-01,2.269477305e-16,5.204170428e-18,9.697399036e-19,1.123201400e-02,-2.884353101e-01,-2.643238544e+00,-1.502301455e+00,-1.311870456e+00,-7.856901884e-01,2.179728746e-01,2.568646944e-01,4.348417616e+00,-1.531530022e+00,-3.441673431e-01,2.100337047e-02,2.353289133e-03,6.192319819e-01,-4.844461523e-02,1.012716581e-01,6.314437530e-01,-5.726883852e-02,9.224493187e-03,4.850359559e-01,-1.230341047e-01,2.249989100e-02,1.977991402e+00,6.999979913e-02,0,0
4.660000000e+00,9.327385378e-02,2.519552747e-01,3.951183522e-02,1.256446832e-01,6.983165672e-02,2.885003027e+01,4.615359109e+00,1.352365433e-01,3.669924260e-17,4.336808690e-18,3.297472175e-19,1.348639500e-02,-2.884232104e-01,-2.643232346e+00,-1.502278805e+00,-1.311892986e+00,-7.857576609e-01,2.177340388e-01,2.688760165e-01,4.333739184e+00,-1.526960747e+00,-3.404060640e-01,2.148853180e-02,1.706179372e-03,6.192227221e-01,-4.842507622e-02,1.012703843e-01,6.314437530e-01,-5.726883852e-02,9.224493187e-03,4.850360155e-01,-1.230344623e-01,2.249987796e-02,1.977990144e+00,6.999970227e-02,0,0
4.670000000e+00,9.327263878e-02,2.520175019e-01,4.917652887e-02,1.256755501e-01,6.991127093e-02,2.872899750e+01,4.581199728e+00,1.352395780e-01,3.601640635e-17,3.476216611e-18,7.600297829e-19,1.195388100e-02,-2.884072065e-01,-2.643215656e+00,-1.502239466e+00,-1.311897635e+00,-7.858034372e-01,2.174022049e-01,1.889018744e-01,4.306144649e+00,-1.515149055e+00,-3.354793419e-01,2.442955545e-02,2.332697650e-03,6.192138231e-01,-4.840610500e-02,1.012661463e-01,6.314437530e-01,-5.726883852e-02,9.224493187e-03,4.850359261e-01,-1.230340898e-01,2.249997295e-02,1.977990340e+00,6.999981776e-02,0,0
4.680000000e+00,9.327480435e-02,2.520871848e-01,5.079475882e-02,1.257101152e-01,6.998541441e-02,2.900446781e+01,4.586964222e+00,1.352428510e-01,4.397318714e-17,8.845388855e-18,3.428548309e-19,1.303162100e-02,-2.883940041e-01,-2.643201828e+00,-1.502197266e+00,-1.311932087e+00,-7.858297229e-01,2.171072513e-01,2.686173680e-01,4.308632675e+00,-1.513659910e+00,-3.349101643e-01,2.083428470e-02,2.178556003e-03,6.192049582e-01,-4.839155506e-02,1.012657604e-01,6.314437530e-01,-5.726883852e-02,9.224493187e-03,4.850360453e-01,-1.230343059e-01,2.249995433e-02,1.977989279e+00,6.999976933e-02,0,0
4.690000000e+00,9.327605514e-02,2.521595804e-01,3.451949081e-02,1.257460258e-01,7.006541073e-02,2.885386634e+01,4.565334800e+00,1.352464597e-01,1.928295551e-17,7.818293052e-18,5.556536134e-19,1.132787500e-02,-2.883750796e-01,-2.643183947e+00,-1.502150774e+00,-1.311956525e+00,-7.858417630e-01,2.167469859e-01,1.740087512e-01,4.290207663e+00,-1.514400984e+00,-3.347265399e-01,2.581289907e-02,1.580416879e-03,6.191973782e-01,-4.837568719e-02,1.012644879e-01,6.314437530e-01,-5.726883852e-02,9.224493187e-03,4.850360155e-01,-1.230345517e-01,2.249992266e-02,1.977989633e+00,6.999972463e-02,0,0
4.700000000e+00,9.327602199e-02,2.522276006e-01,3.641546337e-02,1.257797659e-01,7.014655788e-02,2.891002562e+01,4.605632776e+00,1.352502729e-01,2.286715783e-16,5.553824967e-18,4.412383164e-19,1.127547500e-02,-2.883587182e-01,-2.643163443e+00,-1.502101541e+00,-1.311972141e+00,-7.858678102e-01,2.163875103e-01,1.141905124e-01,4.330213642e+00,-1.527291880e+00,-3.386175904e-01,2.789289208e-02,1.800064196e-03,6.191884152e-01,-4.835913961e-02,1.012616609e-01,6.314437530e-01,-5.726883852e-02,9.224493187e-03,4.850360155e-01,-1.230341494e-01,2.250006422e-02,1.977989830e+00,6.999988481e-02,0,0
4.710000000e+00,9.327681864e-02,2.522760513e-01,3.972066611e-02,1.258037988e-01,7.020070041e-02,2.843142735e+01,4.563240159e+00,1.352527199e-01,2.399321525e-16,5.076104429e-18,1.954573263e-19,1.299487000e-02,-2.883468270e-01,-2.643151045e+00,-1.502069950e+00,-1.311987758e+00,-7.858876586e-01,2.161597759e-01,1.826716313e-01,4.289232112e+00,-1.509706682e+00,-3.353929213e-01,2.394040369e-02,1.974199068e-03,6.191822575e-01,-4.834709515e-02,1.012604814e-01,6.314437530e-01,-5.726883852e-02,9.224493187e-03,4.850361347e-01,-1.230338737e-01,2.250017226e-02,1.977991716e+00,6.999995559e-02,0,0
4.720000000e+00,9.328188055e-02,2.523424488e-01,4.747636307e-02,1.258367337e-01,7.025672796e-02,2.917714341e+01,4.605455318e+00,1.352535767e-01,2.228309532e-16,1.371419324e-18,2.168404345e-19,1.155036800e-02,-2.883391380e-01,-2.643154383e+00,-1.502058864e+00,-1.312035799e+00,-7.859292626e-01,2.160171270e-01,1.488025956e-01,4.329480638e+00,-1.525602624e+00,-3.398368964e-01,2.684487213e-02,8.650012440e-04,6.191756674e-01,-4.833464385e-02,1.012635256e-01,6.314437530e-01,-5.726883852e-02,9.224493187e-03,4.850357771e-01,-1.230344400e-01,2.249987610e-02,1.977989594e+00,6.999986619e-02,0,0
4.730000000e+00,9.328368506e-02,2.524015824e-01,4.406801427e-02,1.258660655e-01,7.031428415e-02,2.878507779e+01,4.606712783e+00,1.352539582e-01,4.448677976e-16,8.389966654e-18,2.751697051e-19,1.277169800e-02,-2.883339822e-01,-2.643161297e+00,-1.502053738e+00,-1.312068820e+00,-7.859923840e-01,2.158822268e-01,1.888944082e-01,4.329820540e+00,-1.524307321e+00,-3.385749995e-01,2.500261019e-02,2.166159876e-03,6.191683936e-01,-4.832068621e-02,1.012630287e-01,6.314437530e-01,-5.726883852e-02,9.224493187e-03,4.850360751e-01,-1.230341494e-01,2.250022069e-02,1.977988651e+00,6.999980286e-02,0,0
4.740000000e+00,9.328802500e-02,2.524686994e-01,3.645438984e-02,1.258993570e-01,7.037623805e-02,2.900319901e+01,4.597714721e+00,1.352547749e-01,5.579369693e-16,1.999170026e-18,1.212174880e-19,1.387900900e-02,-2.883254588e-01,-2.643162012e+00,-1.502043009e+00,-1.312104821e+00,-7.860561609e-01,2.157276422e-01,1.825175814e-01,4.321350437e+00,-1.521935311e+00,-3.386373456e-01,2.518851245e-02,1.259714713e-03,6.191604758e-01,-4.830431592e-02,1.012647781e-01,6.314437530e-01,-5.726883852e-02,9.224493187e-03,4.850359857e-01,-1.230344847e-01,2.249985747e-02,1.977989869e+00,6.999980286e-02,0,0
4.750000000e+00,9.328900878e-02,2.525153185e-01,6.152000552e-02,1.259224810e-01,7.042536266e-02,2.850270490e+01,4.585137839e+00,1.352555163e-01,4.441501920e-16,5.637851297e-18,7.047314121e-19,1.113348300e-02,-2.883201838e-01,-2.643162489e+00,-1.502033234e+00,-1.312123537e+00,-7.861109376e-01,2.155962437e-01,1.794602247e-01,4.311474774e+00,-1.512910210e+00,-3.361061890e-01,2.441977794e-02,2.702761007e-03,6.191538773e-01,-4.829161236e-02,1.012636562e-01,6.314437530e-01,-5.726883852e-02,9.224493187e-03,4.850360751e-01,-1.230341196e-01,2.250026166e-02,1.977988926e+00,6.999987364e-02,0,0
4.760000000e+00,9.329301621e-02,2.525667722e-01,5.005073790e-02,1.259480031e-01,7.046975871e-02,2.819643799e+01,4.595295397e+00,1.352555479e-01,6.697515507e-16,4.906538933e-18,1.697044831e-18,1.234765500e-02,-2.883157730e-01,-2.643167734e+00,-1.502032638e+00,-1.312155724e+00,-7.861697078e-01,2.155191451e-01,2.149737533e-01,4.317845545e+00,-1.520120191e+00,-3.398024351e-01,2.236680495e-02,2.135182410e-03,6.191477441e-01,-4.827905510e-02,1.012656733e-01,6.314437530e-01,-5.726883852e-02,9.224493187e-03,4.850358963e-01,-1.230341271e-01,2.249992453e-02,1.977991127e+00,6.999991462e-02,0,0
4.770000000e+00,9.329431289e-02,2.525903371e-01,8.265980094e-02,1.259596916e-01,7.048637954e-02,2.810909703e+01,4.592036490e+00,1.352565246e-01,1.269581763e-17,3.903127821e-18,9.467388460e-19,1.131868500e-02,-2.883112431e-01,-2.643169641e+00,-1.502020240e+00,-1.312185884e+00,-7.861537933e-01,2.154506892e-01,1.693939302e-01,4.317652945e+00,-1.517122385e+00,-3.372059382e-01,2.446691836e-02,3.327029233e-03,6.191463419e-01,-4.827792034e-02,1.012666894e-01,6.314437530e-01,-5.726883852e-02,9.224493187e-03,4.850358665e-01,-1.230341345e-01,2.250009589e-02,1.977990812e+00,6.999986619e-02,0,0
4.780000000e+00,9.329870058e-02,2.526294356e-01,4.844306696e-02,1.259790852e-01,7.051058845e-02,2.901633717e+01,4.586714398e+00,1.352568688e-01,2.420312279e-16,2.602085214e-18,9.467388460e-19,1.304375100e-02,-2.883107364e-01,-2.643177748e+00,-1.502015948e+00,-1.312235832e+00,-7.861610055e-01,2.154147774e-01,2.401775511e-01,4.308861371e+00,-1.516381822e+00,-3.377683264e-01,2.180138669e-02,9.094523805e-04,6.191431891e-01,-4.827568950e-02,1.012704976e-01,6.314437530e-01,-5.726883852e-02,9.224493187e-03,4.850361347e-01,-1.230341569e-01,2.250011824e-02,1.977988965e+00,6.999983266e-02,0,0
4.790000000e+00,9.330215595e-02,2.526802426e-01,3.468581907e-02,1.260042863e-01,7.055310053e-02,2.899931606e+01,4.568307349e+00,1.352576281e-01,2.403327750e-16,7.373371937e-19,8.725343908e-19,1.357002600e-02,-2.883039713e-01,-2.643180609e+00,-1.502006173e+00,-1.312273383e+00,-7.861848474e-01,2.152959853e-01,1.986568088e-01,4.293280123e+00,-1.511564862e+00,-3.350996477e-01,2.432513323e-02,1.214460519e-03,6.191386310e-01,-4.826682917e-02,1.012725247e-01,6.314437530e-01,-5.726883852e-02,9.224493187e-03,4.850358367e-01,-1.230345815e-01,2.249989659e-02,1.977990655e+00,6.999973208e-02,0,0
4.800000000e+00,9.330470149e-02,2.527332220e-01,4.805323348e-02,1.260305648e-01,7.060178238e-02,2.868221987e+01,4.584733104e+00,1.352584331e-01,2.222884166e-16,4.610090874e-18,1.735570302e-19,1.318791200e-02,-2.883005142e-01,-2.643184423e+00,-1.501995683e+00,-1.312310576e+00,-7.862325311e-01,2.151817530e-01,1.902367577e-01,4.310780369e+00,-1.512370701e+00,-3.360244278e-01,2.402743918e-02,2.314392453e-03,6.191317303e-01,-4.825614768e-02,1.012731370e-01,6.314437530e-01,-5.726883852e-02,9.224493187e-03,4.850361049e-01,-1.230341345e-01,2.250021882e-02,1.977989162e+00,6.999980658e-02,0,0
4.810000000e+00,9.330839886e-02,2.527783441e-01,8.578305860e-02,1.260529459e-01,7.063504407e-02,2.808976487e+01,4.585846894e+00,1.352589357e-01,1.247222750e-16,3.469446952e-18,4.336808690e-19,1.254879600e-02,-2.882952392e-01,-2.643191338e+00,-1.501989245e+00,-1.312355638e+00,-7.862562537e-01,2.151190042e-01,1.937236985e-01,4.312011468e+00,-1.511707198e+00,-3.364811965e-01,2.303124097e-02,3.358040322e-03,6.191272498e-01,-4.824827090e-02,1.012755139e-01,6.314437530e-01,-5.726883852e-02,9.224493187e-03,4.850360155e-01,-1.230340376e-01,2.250022627e-02,1.977988533e+00,6.999987364e-02,0,0
4.820000000e+00,9.331355283e-02,2.528304566e-01,3.170236863e-02,1.260787943e-01,7.067135127e-02,2.915092435e+01,4.588158831e+00,1.352588735e-01,6.990876421e-17,2.211347214e-18,1.198843407e-18,1.314101100e-02,-2.882920802e-01,-2.643202066e+00,-1.501990080e+00,-1.312407255e+00,-7.862861156e-01,2.150661647e-01,2.572154801e-01,4.309167926e+00,-1.517436720e+00,-3.361547626e-01,2.230113458e-02,1.370396314e-03,6.191229418e-01,-4.824095624e-02,1.012794447e-01,6.314437530e-01,-5.726883852e-02,9.224493187e-03,4.850359261e-01,-1.230342388e-01,2.250009775e-02,1.977990066e+00,6.999977306e-02,0,0
4.830000000e+00,9.331829604e-02,2.528806456e-01,4.099935142e-02,1.261036885e-01,7.070761525e-02,2.859756288e+01,4.580639062e+00,1.352598912e-01,2.329007592e-16,4.670885906e-18,3.909146526e-19,1.129870500e-02,-2.882880867e-01,-2.643206120e+00,-1.501977086e+00,-1.312460303e+00,-7.862993479e-01,2.149802744e-01,1.799074623e-01,4.305222028e+00,-1.516673274e+00,-3.377220117e-01,2.438596311e-02,1.469471789e-03,6.191181152e-01,-4.823520667e-02,1.012830426e-01,6.314437530e-01,-5.726883852e-02,9.224493187e-03,4.850358069e-01,-1.230344698e-01,2.249986678e-02,1.977990262e+00,6.999980658e-02,0,0
4.840000000e+00,9.332045503e-02,2.529304887e-01,8.179827951e-02,1.261284110e-01,7.075266130e-02,2.831800121e+01,4.583222560e+00,1.352613635e-01,2.226844634e-16,1.301042607e-17,8.940560153e-19,1.197439100e-02,-2.882824242e-01,-2.643206358e+00,-1.501958132e+00,-1.312499046e+00,-7.863216400e-01,2.148417234e-01,2.186295270e-01,4.308542608e+00,-1.510496662e+00,-3.353745614e-01,2.245522417e-02,3.202123341e-03,6.191122423e-01,-4.822686528e-02,1.012836258e-01,6.314437530e-01,-5.726883852e-02,9.224493187e-03,4.850361049e-01,-1.230341420e-01,2.250024118e-02,1.977989201e+00,6.999976933e-02,0,0
4.850000000e+00,9.332548557e-02,2.529913925e-01,5.365793803e-02,1.261586197e-01,7.080102961e-02,2.810712898e+01,4.594938683e+00,1.352614864e-01,8.885865958e-16,4.670885906e-18,1.748223473e-18,1.276511800e-02,-2.882754207e-01,-2.643213987e+00,-1.501956463e+00,-1.312543988e+00,-7.863694429e-01,2.147474438e-01,2.491991510e-01,4.315895585e+00,-1.519301941e+00,-3.401174929e-01,2.106827517e-02,2.101714416e-03,6.191065095e-01,-4.821426859e-02,1.012867191e-01,6.314437530e-01,-5.726883852e-02,9.224493187e-03,4.850359559e-01,-1.230341122e-01,2.250008099e-02,1.977990223e+00,6.999986991e-02,0,0
4.860000000e+00,9.332754517e-02,2.530563728e-01,6.136464525e-02,1.261908502e-01,7.086599454e-02,2.822848874e+01,4.574216390e+00,1.352624209e-01,4.442314886e-16,9.220181747e-18,9.263427422e-19,1.301793100e-02,-2.882675827e-01,-2.643214703e+00,-1.501944184e+00,-1.312571526e+00,-7.864328623e-01,2.145655453e-01,2.262035079e-01,4.298568089e+00,-1.510444486e+00,-3.356707829e-01,2.180358328e-02,2.668371597e-03,6.190986050e-01,-4.819838952e-02,1.012861843e-01,6.314437530e-01,-5.726883852e-02,9.224493187e-03,4.850361645e-01,-1.230338365e-01,2.250023559e-02,1.977992384e+00,6.999983639e-02,0,0
4.870000000e+00,9.333188878e-02,2.531290487e-01,4.019418454e-02,1.262268976e-01,7.093053516e-02,2.863955406e+01,4.616889396e+00,1.352641039e-01,1.245291036e-16,1.371419324e-17,8.673617380e-19,1.128386400e-02,-2.882551551e-01,-2.643211842e+00,-1.501922488e+00,-1.312614560e+00,-7.864629030e-01,2.143518627e-01,1.676339919e-01,4.339660396e+00,-1.528888964e+00,-3.416978095e-01,2.555127121e-02,1.567906564e-03,6.190919380e-01,-4.818448093e-02,1.012883220e-01,6.314437530e-01,-5.726883852e-02,9.224493187e-03,4.850358367e-01,-1.230344847e-01,2.249985933e-02,1.977990223e+00,6.999977306e-02,0,0
4.880000000e+00,9.333271346e-02,2.531859552e-01,7.564135019e-02,1.262551232e-01,7.098870357e-02,2.826323705e+01,4.597018700e+00,1.352655359e-01,2.381077803e-16,4.336808690e-19,4.370558683e-19,1.278955900e-02,-2.882470489e-01,-2.643210649e+00,-1.501903892e+00,-1.312641144e+00,-7.865075469e-01,2.141681015e-01,2.045072278e-01,4.321646297e+00,-1.516477309e+00,-3.374464250e-01,2.340273407e-02,3.130286698e-03,6.190847575e-01,-4.817118468e-02,1.012868814e-01,6.314437530e-01,-5.726883852e-02,9.224493187e-03,4.850360751e-01,-1.230340973e-01,2.250018343e-02,1.977988926e+00,6.999985501e-02,0,0
4.890000000e+00,9.333814702e-02,2.532568913e-01,4.132791285e-02,1.262903074e-01,7.104931579e-02,2.841721542e+01,4.614792855e+00,1.352661899e-01,4.446487461e-16,9.058118220e-18,1.518850771e-18,1.304957100e-02,-2.882389724e-01,-2.643213272e+00,-1.501895308e+00,-1.312684417e+00,-7.865670323e-01,2.140260935e-01,1.778686111e-01,4.337775108e+00,-1.526723537e+00,-3.418709829e-01,2.488079005e-02,1.839327378e-03,6.190772163e-01,-4.815579557e-02,1.012898553e-01,6.314437530e-01,-5.726883852e-02,9.224493187e-03,4.850358367e-01,-1.230344549e-01,2.249984816e-02,1.977990105e+00,6.999980286e-02,0,0
4.900000000e+00,9.333919128e-02,2.533149641e-01,4.349580600e-02,1.263191112e-01,7.110673935e-02,2.875618142e+01,4.561111639e+00,1.352669148e-01,4.123618688e-17,4.074061884e-18,8.131516294e-20,1.351287600e-02,-2.882328629e-01,-2.643217802e+00,-1.501885772e+00,-1.312713861e+00,-7.866241336e-01,2.138750851e-01,2.168074060e-01,4.287223495e+00,-1.505036191e+00,-3.328139815e-01,2.333769144e-02,2.214496733e-03,6.190699992e-01,-4.814207129e-02,1.012885848e-01,6.314437530e-01,-5.726883852e-02,9.224493187e-03,4.850360155e-01,-1.230340973e-01,2.250003256e-02,1.977989751e+00,6.999985874e-02,0,0
4.910000000e+00,9.334529411e-02,2.533843264e-01,4.232518029e-02,1.263535145e-01,7.116251583e-02,2.837536789e+01,4.581184184e+00,1.352675508e-01,2.319880540e-16,2.453269467e-18,1.192622390e-18,1.159814800e-02,-2.882277071e-01,-2.643223286e+00,-1.501877427e+00,-1.312768459e+00,-7.866902947e-01,2.137809992e-01,1.914349646e-01,4.305935102e+00,-1.514910888e+00,-3.376550269e-01,2.355008855e-02,1.885132961e-03,6.190613154e-01,-4.812729287e-02,1.012921385e-01,6.314437530e-01,-5.726883852e-02,9.224493187e-03,4.850358963e-01,-1.230341122e-01,2.249997482e-02,1.977991244e+00,6.999987364e-02,0,0
4.920000000e+00,9.335005392e-02,2.534399795e-01,5.074486721e-02,1.263811179e-01,7.120103120e-02,2.852649795e+01,4.593177945e+00,1.352685170e-01,3.393527167e-16,1.355556258e-17,1.236180673e-18,1.288720000e-02,-2.882237434e-01,-2.643231630e+00,-1.501865149e+00,-1.312832355e+00,-7.867010832e-01,2.136972398e-01,1.889001942e-01,4.318380036e+00,-1.516226411e+00,-3.371536194e-01,2.394109372e-02,2.437506084e-03,6.190563040e-01,-4.812183902e-02,1.012957486e-01,6.314437530e-01,-5.726883852e-02,9.224493187e-03,4.850359857e-01,-1.230343431e-01,2.249983884e-02,1.977990419e+00,6.999985129e-02,0,0
4.930000000e+00,9.335566339e-02,2.534937398e-01,3.254487486e-02,1.264077825e-01,7.123243148e-02,2.904975467e+01,4.583627249e+00,1.352692437e-01,6.668473402e-16,7.672597806e-18,1.714274155e-19,1.246030600e-02,-2.882202566e-01,-2.643243074e+00,-1.501856089e+00,-1.312904477e+00,-7.866927385e-01,2.136332542e-01,1.858413244e-01,4.309525235e+00,-1.513316954e+00,-3.351727512e-01,2.493763302e-02,1.775552610e-03,6.190530454e-01,-4.811979158e-02,1.013007941e-01,6.314437530e-01,-5.726883852e-02,9.224493187e-03,4.850359559e-01,-1.230343357e-01,2.249984443e-02,1.977990026e+00,6.999979913e-02,0,0
4.940000000e+00,9.336038307e-02,2.535393859e-01,4.577772035e-02,1.264304225e-01,7.126295664e-02,2.829135282e+01,4.588075406e+00,1.352699005e-01,1.468334806e-16,4.670885906e-18,6.594944350e-19,1.100718200e-02,-2.882171571e-01,-2.643249035e+00,-1.501847744e+00,-1.312955618e+00,-7.867051959e-01,2.135744542e-01,2.112234571e-01,4.311413019e+00,-1.517300118e+00,-3.388405961e-01,2.285185075e-02,1.887592480e-03,6.190489634e-01,-4.811493534e-02,1.013045473e-01,6.314437530e-01,-5.726883852e-02,9.224493187e-03,4.850358665e-01,-1.230342463e-01,2.249986678e-02,1.977991559e+00,6.999988109e-02,0,0
4.950000000e+00,9.336335490e-02,2.535818675e-01,3.412407455e-02,1.264514928e-01,7.129718397e-02,2.889825740e+01,4.606813188e+00,1.352702945e-01,1.110935066e-15,4.336808690e-18,1.212174880e-18,1.366356700e-02,-2.882145941e-01,-2.643254757e+00,-1.501842618e+00,-1.312992215e+00,-7.867397666e-01,2.135123760e-01,2.050809217e-01,4.329854572e+00,-1.522424297e+00,-3.386537381e-01,2.374832629e-02,1.695385144e-03,6.190439353e-01,-4.810715130e-02,1.013061094e-01,6.314437530e-01,-5.726883852e-02,9.224493187e-03,4.850360453e-01,-1.230342239e-01,2.250008844e-02,1.977989633e+00,6.999983266e-02,0,0
4.960000000e+00,9.336741651e-02,2.536237281e-01,4.796674897e-02,1.264722550e-01,7.132522397e-02,2.834110168e+01,4.614076669e+00,1.352708969e-01,4.521775613e-16,0.000000000e+00,1.084202172e-19,1.300784000e-02,-2.882089615e-01,-2.643259764e+00,-1.501834989e+00,-1.313035965e+00,-7.867443562e-01,2.134441733e-01,2.044470077e-01,4.336890280e+00,-1.524007504e+00,-3.407883294e-01,2.338071544e-02,2.325918744e-03,6.190410329e-01,-4.810210321e-02,1.013093343e-01,6.314437530e-01,-5.726883852e-02,9.224493187e-03,4.850358963e-01,-1.230344251e-01,2.249986865e-02,1.977990262e+00,6.999976560e-02,0,0
4.970000000e+00,9.336925055e-02,2.536690670e-01,3.831625364e-02,1.264947424e-01,7.136619557e-02,2.880426752e+01,4.593605030e+00,1.352713039e-01,8.062382800e-17,2.493664997e-18,3.800148914e-19,1.202810100e-02,-2.882071137e-01,-2.643265724e+00,-1.501829624e+00,-1.313068032e+00,-7.867891192e-01,2.133589089e-01,1.807222875e-01,4.319628824e+00,-1.514995194e+00,-3.369418228e-01,2.467953066e-02,2.034709070e-03,6.190351914e-01,-4.809315459e-02,1.013095157e-01,6.314437530e-01,-5.726883852e-02,9.224493187e-03,4.850360453e-01,-1.230340600e-01,2.250005677e-02,1.977990026e+00,6.999983266e-02,0,0
4.980000000e+00,9.337424368e-02,2.537226507e-01,4.318083661e-02,1.265213190e-01,7.140622928e-02,2.852117006e+01,4.593774205e+00,1.352712331e-01,1.183337013e-16,8.716877585e-18,6.594944350e-19,1.250152600e-02,-2.882019281e-01,-2.643274069e+00,-1.501830459e+00,-1.313111305e+00,-7.868347168e-01,2.133000493e-01,1.868987275e-01,4.318901964e+00,-1.516657168e+00,-3.377442875e-01,2.430960319e-02,2.239986668e-03,6.190299757e-01,-4.808216494e-02,1.013127799e-01,6.314437530e-01,-5.726883852e-02,9.224493187e-03,4.850358963e-01,-1.230345964e-01,2.249988355e-02,1.977990144e+00,6.999978423e-02,0,0
4.990000000e+00,9.337587139e-02,2.537608643e-01,3.441704052e-02,1.265402723e-01,7.143852732e-02,2.898664378e+01,4.582031221e+00,1.352716874e-01,2.277844516e-16,5.691803256e-18,1.917814282e-19,1.111776400e-02,-2.882001698e-01,-2.643279791e+00,-1.501824617e+00,-1.313143134e+00,-7.868540883e-01,2.132180035e-01,1.892176176e-01,4.308563296e+00,-1.510855760e+00,-3.349712973e-01,2.438667199e-02,1.877251895e-03,6.190262507e-01,-4.807733052e-02,1.013134457e-01,6.314437530e-01,-5.726883852e-02,9.224493187e-03,4.850361645e-01,-1.230342239e-01,2.250017039e-02,1.977988533e+00,6.999984011e-02,0,0
5.000000000e+00,9.338095151e-02,2.538059593e-01,3.107602236e-02,1.265626385e-01,7.146762680e-02,2.903586723e+01,4.587858313e+00,1.352718777e-01,8.889713121e-16,1.066052503e-17,1.052569915e-18,1.351801600e-02,-2.881967723e-01,-2.643287659e+00,-1.501822233e+00,-1.313191652e+00,-7.868747711e-01,2.131788582e-01,1.863467595e-01,4.313260000e+00,-1.515223189e+00,-3.361066005e-01,2.520647426e-02,1.624295972e-03,6.190224301e-01,-4.807125254e-02,1.013174748e-01,6.314437530e-01,-5.726883852e-02,9.224493187e-03,4.850359857e-01,-1.230344921e-01,2.249985375e-02,1.977988965e+00,6.999978796e-02,0,0
5.010000000e+00,9.338210859e-02,2.538368550e-01,4.425765388e-02,1.265779621e-01,7.149544264e-02,2.877829579e+01,4.581058874e+00,1.352726174e-01,2.293856147e-16,2.168404345e-18,4.607859233e-19,1.366748700e-02,-2.881937325e-01,-2.643288612e+00,-1.501812696e+00,-1.313213587e+00,-7.868902683e-01,2.130952626e-01,1.881194429e-01,4.307798537e+00,-1.510213570e+00,-3.350234269e-01,2.434208370e-02,2.233003547e-03,6.190190055e-01,-4.806621894e-02,1.013176832e-01,6.314437530e-01,-5.726883852e-02,9.224493187e-03,4.850362241e-01,-1.230342090e-01,2.250025049e-02,1.977988611e+00,6.999982893e-02,0,0
5.020000000e+00,9.338619124e-02,2.538759044e-01,4.482983729e-02,1.265973297e-01,7.152182081e-02,2.836515240e+01,4.597452151e+00,1.352729641e-01,7.779650967e-16,1.939479807e-18,1.084202172e-19,1.247964600e-02,-2.881897092e-01,-2.643293858e+00,-1.501808286e+00,-1.313253164e+00,-7.869068384e-01,2.130487263e-01,2.248254974e-01,4.319909852e+00,-1.519401824e+00,-3.395677823e-01,2.251491014e-02,1.884414675e-03,6.190156280e-01,-4.806043160e-02,1.013207888e-01,6.314437530e-01,-5.726883852e-02,9.224493187e-03,4.850359261e-01,-1.230343133e-01,2.249984257e-02,1.977991362e+00,6.999978423e-02,0,0
5.030000000e+00,9.338917321e-02,2.539260698e-01,4.242906677e-02,1.266222106e-01,7.156619996e-02,2.869098724e+01,4.611983937e+00,1.352735328e-01,4.461756330e-16,1.734723476e-18,8.690541527e-19,1.136130500e-02,-2.881854177e-01,-2.643297434e+00,-1.501800776e+00,-1.313286543e+00,-7.869643569e-01,2.129660845e-01,2.420890320e-01,4.333056494e+00,-1.523429578e+00,-3.391980567e-01,2.264103250e-02,2.129665960e-03,6.190085142e-01,-4.804783661e-02,1.013215921e-01,6.314437530e-01,-5.726883852e-02,9.224493187e-03,4.850358367e-01,-1.230343878e-01,2.249983698e-02,1.977990891e+00,6.999979541e-02,0,0
5.040000000e+00,9.339273566e-02,2.539831193e-01,6.832072584e-02,1.266505057e-01,7.161308095e-02,2.845743370e+01,4.589646863e+00,1.352742426e-01,5.551184579e-16,7.757919229e-18,6.505213035e-19,1.172084900e-02,-2.881819010e-01,-2.643303633e+00,-1.501791596e+00,-1.313333273e+00,-7.870025635e-01,2.128617167e-01,2.245770955e-01,4.314576477e+00,-1.511782008e+00,-3.359384992e-01,2.248152386e-02,2.888530569e-03,6.190022363e-01,-4.803858869e-02,1.013234303e-01,6.314437530e-01,-5.726883852e-02,9.224493187e-03,4.850362241e-01,-1.230341867e-01,2.250015363e-02,1.977989083e+00,6.999978051e-02,0,0
5.050000000e+00,9.339645386e-02,2.540439032e-01,4.382771727e-02,1.266806528e-01,7.166426688e-02,2.846485124e+01,4.562744708e+00,1.352755198e-01,4.447189559e-16,5.970991849e-18,5.503394101e-19,1.282950900e-02,-2.881752551e-01,-2.643304825e+00,-1.501775146e+00,-1.313377738e+00,-7.870305777e-01,2.127140611e-01,8.823958057e-02,4.290992159e+00,-1.511976202e+00,-3.336764227e-01,2.866639366e-02,2.362649537e-03,6.189960917e-01,-4.802877509e-02,1.013253865e-01,6.314437530e-01,-5.726883852e-02,9.224493187e-03,4.850359261e-01,-1.230343580e-01,2.249996364e-02,1.977989987e+00,6.999979168e-02,0,0
5.060000000e+00,9.339761078e-02,2.540845994e-01,4.839509044e-02,1.267008370e-01,7.170249797e-02,2.864976913e+01,4.583143776e+00,1.352767296e-01,1.113073865e-16,6.367842045e-18,4.432241033e-19,1.317685200e-02,-2.881664634e-01,-2.643302441e+00,-1.501759529e+00,-1.313398361e+00,-7.870486975e-01,2.125795484e-01,1.844097487e-01,4.309572534e+00,-1.511822120e+00,-3.354908443e-01,2.486917303e-02,2.405063222e-03,6.189919211e-01,-4.801952403e-02,1.013250674e-01,6.314437530e-01,-5.726883852e-02,9.224493187e-03,4.850361645e-01,-1.230341569e-01,2.250018530e-02,1.977988690e+00,6.999985129e-02,0,0
5.070000000e+00,9.340079059e-02,2.541233899e-01,5.556543778e-02,1.267200759e-01,7.173354331e-02,2.949385930e+01,4.595881492e+00,1.352775080e-01,3.336607128e-16,5.834579368e-18,0.000000000e+00,1.187815000e-02,-2.881602645e-01,-2.643301487e+00,-1.501749516e+00,-1.313424706e+00,-7.870628834e-01,2.124852985e-01,1.820387200e-01,4.320109305e+00,-1.520195793e+00,-3.375924247e-01,2.607780886e-02,4.940247925e-04,6.189886156e-01,-4.801270282e-02,1.013271597e-01,6.314437530e-01,-5.726883852e-02,9.224493187e-03,4.850359261e-01,-1.230345219e-01,2.249987610e-02,1.977990183e+00,6.999984384e-02,0,0
5.080000000e+00,9.340117763e-02,2.541533710e-01,5.578026591e-02,1.267349456e-01,7.176399565e-02,2.859518000e+01,4.597913915e+00,1.352781923e-01,5.296591166e-17,5.898697550e-18,7.608751328e-19,1.300238100e-02,-2.881574631e-01,-2.643301725e+00,-1.501740575e+00,-1.313439608e+00,-7.870957851e-01,2.124050260e-01,2.153872467e-01,4.322530465e+00,-1.515271367e+00,-3.369875184e-01,2.316375057e-02,2.572268328e-03,6.189840270e-01,-4.800512572e-02,1.013261698e-01,6.314437530e-01,-5.726883852e-02,9.224493187e-03,4.850360751e-01,-1.230341271e-01,2.250006422e-02,1.977989987e+00,6.999986246e-02,0,0
5.090000000e+00,9.340506395e-02,2.541998094e-01,3.133204689e-02,1.267579775e-01,7.179893097e-02,2.891968054e+01,4.556088713e+00,1.352781887e-01,2.881939084e-17,8.285461368e-18,2.793925048e-19,1.248505600e-02,-2.881543934e-01,-2.643309832e+00,-1.501740575e+00,-1.313478947e+00,-7.871323824e-01,2.123508006e-01,1.945450029e-01,4.283727149e+00,-1.502968306e+00,-3.320796105e-01,2.417342183e-02,1.835791581e-03,6.189794802e-01,-4.799689231e-02,1.013286673e-01,6.314437530e-01,-5.726883852e-02,9.224493187e-03,4.850360453e-01,-1.230347082e-01,2.249990031e-02,1.977988965e+00,6.999975815e-02,0,0
5.100000000e+00,9.340690934e-02,2.542444808e-01,5.902564686e-02,1.267801330e-01,7.183897565e-02,2.836276347e+01,4.566482768e+00,1.352790730e-01,5.582360630e-16,2.168404345e-18,4.848699518e-19,1.416818200e-02,-2.881496251e-01,-2.643311262e+00,-1.501729131e+00,-1.313507676e+00,-7.871607542e-01,2.122372538e-01,2.082709158e-01,4.293302899e+00,-1.504957845e+00,-3.339139103e-01,2.311390519e-02,2.728323522e-03,6.189744957e-01,-4.798856426e-02,1.013290253e-01,6.314437530e-01,-5.726883852e-02,9.224493187e-03,4.850361645e-01,-1.230340600e-01,2.250027470e-02,1.977988415e+00,6.999976188e-02,0,0
5.110000000e+00,9.341102964e-02,2.543006309e-01,3.584447183e-02,1.268079815e-01,7.188500565e-02,2.956170636e+01,4.586911798e+00,1.352792965e-01,2.363974487e-16,3.157244383e-18,1.212174880e-19,1.287161900e-02,-2.881445587e-01,-2.643316507e+00,-1.501726151e+00,-1.313544154e+00,-7.872053385e-01,2.121369541e-01,1.685220637e-01,4.313246621e+00,-1.514674111e+00,-3.351699318e-01,2.620046399e-02,8.559870898e-04,6.189690833e-01,-4.797773185e-02,1.013313790e-01,6.314437530e-01,-5.726883852e-02,9.224493187e-03,4.850360155e-01,-1.230345815e-01,2.249992266e-02,1.977988611e+00,6.999975070e-02,0,0
5.120000000e+00,9.341320440e-02,2.543401495e-01,5.040209343e-02,1.268275812e-01,7.191784160e-02,2.861281195e+01,4.587170487e+00,1.352802689e-01,4.441961349e-16,5.452362069e-18,1.637333748e-18,1.132408500e-02,-2.881400287e-01,-2.643317938e+00,-1.501713634e+00,-1.313576460e+00,-7.872241139e-01,2.120471597e-01,1.827171714e-01,4.313670251e+00,-1.512463521e+00,-3.359039284e-01,2.475900313e-02,2.473001065e-03,6.189646282e-01,-4.797100777e-02,1.013323025e-01,6.314437530e-01,-5.726883852e-02,9.224493187e-03,4.850361347e-01,-1.230340824e-01,2.250004560e-02,1.977989398e+00,6.999981403e-02,0,0
5.130000000e+00,9.341781603e-02,2.543897957e-01,4.448580010e-02,1.268522038e-01,7.195570777e-02,2.846242187e+01,4.597833386e+00,1.352803630e-01,8.602636965e-17,3.878959614e-18,1.954573263e-19,1.433301400e-02,-2.881371975e-01,-2.643324375e+00,-1.501712322e+00,-1.313616514e+00,-7.872709632e-01,2.119939625e-01,2.069031344e-01,4.320871263e+00,-1.520345418e+00,-3.396068168e-01,2.342680931e-02,1.634963130e-03,6.189590193e-01,-4.796122731e-02,1.013352317e-01,6.314437530e-01,-5.726883852e-02,9.224493187e-03,4.850359261e-01,-1.230342537e-01,2.249987423e-02,1.977991323e+00,6.999984011e-02,0,0
5.140000000e+00,9.341952758e-02,2.544333505e-01,4.852014760e-02,1.268738053e-01,7.199547372e-02,2.858653366e+01,4.591802888e+00,1.352811301e-01,3.485067666e-16,1.084202172e-17,4.848699518e-19,1.331553300e-02,-2.881324291e-01,-2.643326521e+00,-1.501702309e+00,-1.313643932e+00,-7.873137593e-01,2.119014561e-01,1.915992386e-01,4.317197269e+00,-1.515227123e+00,-3.365214376e-01,2.419666045e-02,2.418329695e-03,6.189530351e-01,-4.795065643e-02,1.013350875e-01,6.314437530e-01,-5.726883852e-02,9.224493187e-03,4.850360453e-01,-1.230340675e-01,2.250003442e-02,1.977991559e+00,6.999983266e-02,0,0
5.150000000e+00,9.342473229e-02,2.544927394e-01,4.489650134e-02,1.269032597e-01,7.203925720e-02,2.837242001e+01,4.583650609e+00,1.352821904e-01,2.222888396e-16,2.453269467e-18,3.428548309e-19,1.146184600e-02,-2.881273627e-01,-2.643330574e+00,-1.501688719e+00,-1.313699484e+00,-7.873373032e-01,2.117997110e-01,2.076074840e-01,4.307877595e+00,-1.514763097e+00,-3.375013259e-01,2.290394102e-02,1.921031206e-03,6.189471899e-01,-4.794253738e-02,1.013387517e-01,6.314437530e-01,-5.726883852e-02,9.224493187e-03,4.850358069e-01,-1.230342239e-01,2.249991894e-02,1.977991441e+00,6.999987736e-02,0,0
5.160000000e+00,9.342825845e-02,2.545461267e-01,3.502815894e-02,1.269297375e-01,7.207880926e-02,2.881759405e+01,4.595915996e+00,1.352836399e-01,2.453269467e-17,5.356661003e-18,3.523657061e-19,1.190666100e-02,-2.881208658e-01,-2.643333673e+00,-1.501670241e+00,-1.313752294e+00,-7.873338461e-01,2.116715014e-01,1.876484783e-01,4.320798789e+00,-1.517797404e+00,-3.370429544e-01,2.488055847e-02,1.941342408e-03,6.189430832e-01,-4.793767288e-02,1.013412782e-01,6.314437530e-01,-5.726883852e-02,9.224493187e-03,4.850360453e-01,-1.230342016e-01,2.250009775e-02,1.977990616e+00,6.999981031e-02,0,0
5.170000000e+00,9.343283327e-02,2.546051418e-01,3.088231665e-02,1.269590064e-01,7.212169020e-02,2.865333105e+01,4.547694882e+00,1.352845663e-01,4.442357224e-16,3.679904200e-18,5.587850096e-20,1.279414900e-02,-2.881147563e-01,-2.643339872e+00,-1.501658440e+00,-1.313807964e+00,-7.873458266e-01,2.115593255e-01,1.617811905e-01,4.276468235e+00,-1.501965167e+00,-3.325991999e-01,2.550492828e-02,1.712945740e-03,6.189384805e-01,-4.793082275e-02,1.013445993e-01,6.314437530e-01,-5.726883852e-02,9.224493187e-03,4.850360453e-01,-1.230344623e-01,2.249984629e-02,1.977991244e+00,6.999977678e-02,0,0
5.180000000e+00,9.343626988e-02,2.546676670e-01,4.508113657e-02,1.269900159e-01,7.217409845e-02,2.866592125e+01,4.593675119e+00,1.352852991e-01,6.736381844e-16,3.794707604e-18,4.470280077e-19,1.222547300e-02,-2.881101370e-01,-2.643346548e+00,-1.501648903e+00,-1.313855290e+00,-7.873957753e-01,2.114470452e-01,1.763909276e-01,4.319513904e+00,-1.516084306e+00,-3.367049451e-01,2.548924171e-02,2.329889728e-03,6.189311475e-01,-4.791898176e-02,1.013458882e-01,6.314437530e-01,-5.726883852e-02,9.224493187e-03,4.850361049e-01,-1.230342016e-01,2.250025421e-02,1.977989083e+00,6.999979541e-02,0,0
5.190000000e+00,9.344194078e-02,2.547407032e-01,4.801710259e-02,1.270262383e-01,7.223360903e-02,2.811504636e+01,4.626345011e+00,1.352862440e-01,2.297772048e-16,1.127570259e-17,2.710505431e-19,1.315150200e-02,-2.881018221e-01,-2.643348455e+00,-1.501636624e+00,-1.313903451e+00,-7.874479294e-01,2.113044709e-01,1.591726595e-01,4.349806756e+00,-1.529257534e+00,-3.429712194e-01,2.549107837e-02,2.398897098e-03,6.189235186e-01,-4.790441583e-02,1.013491241e-01,6.314437530e-01,-5.726883852e-02,9.224493187e-03,4.850360155e-01,-1.230343357e-01,2.249985561e-02,1.977990930e+00,6.999981776e-02,0,0
5.200000000e+00,9.344135788e-02,2.547781271e-01,7.735317494e-02,1.270447986e-01,7.227255648e-02,2.811182950e+01,4.555896198e+00,1.352878123e-01,1.843021238e-16,1.040834086e-17,4.848699518e-19,1.300796100e-02,-2.880943716e-01,-2.643344879e+00,-1.501616359e+00,-1.313919902e+00,-7.874678969e-01,2.111600935e-01,1.683163132e-01,4.284754293e+00,-1.502531581e+00,-3.324335372e-01,2.482663907e-02,3.297486966e-03,6.189185631e-01,-4.789553435e-02,1.013469560e-01,6.314437530e-01,-5.726883852e-02,9.224493187e-03,4.850360155e-01,-1.230339706e-01,2.250012942e-02,1.977991087e+00,6.999993697e-02,0,0
5.210000000e+00,9.344601115e-02,2.548159996e-01,4.354497030e-02,1.270635814e-01,7.229593394e-02,2.845254504e+01,4.600386479e+00,1.352880320e-01,3.444693045e-16,9.967586595e-18,4.370558683e-19,1.266670700e-02,-2.880916297e-01,-2.643350124e+00,-1.501613617e+00,-1.313960075e+00,-7.874787450e-01,2.111219019e-01,1.321176175e-01,4.327326609e+00,-1.518275775e+00,-3.383563778e-01,2.633134815e-02,2.323648479e-03,6.189158563e-01,-4.789153188e-02,1.013509005e-01,6.314437530e-01,-5.726883852e-02,9.224493187e-03,4.850358963e-01,-1.230344921e-01,2.249987982e-02,1.977989987e+00,6.999989599e-02,0,0
5.220000000e+00,9.344924995e-02,2.548448420e-01,3.139030129e-02,1.270778857e-01,7.231178930e-02,2.923928808e+01,4.589050861e+00,1.352877610e-01,1.650838000e-17,3.804285140e-18,1.818262319e-19,1.273444800e-02,-2.880916893e-01,-2.643360853e+00,-1.501617193e+00,-1.313999414e+00,-7.874907255e-01,2.111236155e-01,1.814350380e-01,4.315303840e+00,-1.513611464e+00,-3.361174658e-01,2.502025561e-02,1.127580172e-03,6.189137395e-01,-4.788932526e-02,1.013536732e-01,6.314437530e-01,-5.726883852e-02,9.224493187e-03,4.850360155e-01,-1.230343133e-01,2.250003070e-02,1.977989437e+00,6.999978796e-02,0,0
5.230000000e+00,9.345026544e-02,2.548596595e-01,5.145365415e-02,1.270852344e-01,7.232195914e-02,2.861217587e+01,4.593063043e+00,1.352881719e-01,2.331832305e-16,6.436180616e-18,7.590625158e-19,1.269312800e-02,-2.880916595e-01,-2.643363714e+00,-1.501611948e+00,-1.314020276e+00,-7.874953151e-01,2.111080885e-01,1.646644072e-01,4.320445169e+00,-1.512961517e+00,-3.364135243e-01,2.518760815e-02,2.503834144e-03,6.189117470e-01,-4.788809646e-02,1.013543071e-01,6.314437530e-01,-5.726883852e-02,9.224493187e-03,4.850360751e-01,-1.230341271e-01,2.250019275e-02,1.977988887e+00,6.999985874e-02,0,0
5.240000000e+00,9.345415378e-02,2.548862954e-01,3.779213193e-02,1.270984443e-01,7.233642923e-02,2.862661973e+01,4.596484863e+00,1.352875965e-01,8.887931529e-16,1.261593972e-17,6.574023463e-19,1.320511200e-02,-2.880917788e-01,-2.643373251e+00,-1.501619339e+00,-1.314053059e+00,-7.875237465e-01,2.111333162e-01,1.863087596e-01,4.322164114e+00,-1.515644377e+00,-3.377448499e-01,2.461146727e-02,2.079834605e-03,6.189090687e-01,-4.788354079e-02,1.013574229e-01,6.314437530e-01,-5.726883852e-02,9.224493187e-03,4.850360155e-01,-1.230342835e-01,2.249996550e-02,1.977989358e+00,6.999982148e-02,0,0
5.250000000e+00,9.345727425e-02,2.549096396e-01,5.153406200e-02,1.271100218e-01,7.234833214e-02,2.816780227e+01,4.592206898e+00,1.352877152e-01,4.447935944e-16,7.757919229e-18,3.066586833e-19,1.280551900e-02,-2.880904377e-01,-2.643379211e+00,-1.501617908e+00,-1.314086318e+00,-7.875281572e-01,2.111300379e-01,2.278470001e-01,4.315548094e+00,-1.515693275e+00,-3.386470638e-01,2.194438258e-02,2.255717318e-03,6.189072482e-01,-4.788155682e-02,1.013601383e-01,6.314437530e-01,-5.726883852e-02,9.224493187e-03,4.850357771e-01,-1.230341941e-01,2.249989472e-02,1.977991519e+00,6.999984011e-02,0,0
5.260000000e+00,9.345728254e-02,2.549350066e-01,5.877951028e-02,1.271226024e-01,7.237351016e-02,2.852385030e+01,4.587604462e+00,1.352887518e-01,3.332802913e-16,2.168404345e-18,4.370558683e-19,1.116075400e-02,-2.880870402e-01,-2.643376827e+00,-1.501604557e+00,-1.314099550e+00,-7.875347137e-01,2.110313028e-01,1.983756810e-01,4.314018135e+00,-1.510886664e+00,-3.356419599e-01,2.383178111e-02,2.707630959e-03,6.189044031e-01,-4.787767759e-02,1.013593642e-01,6.314437530e-01,-5.726883852e-02,9.224493187e-03,4.850361943e-01,-1.230341345e-01,2.250027098e-02,1.977988494e+00,6.999975443e-02,0,0
5.270000000e+00,9.345992740e-02,2.549820292e-01,5.315020771e-02,1.271459229e-01,7.241589156e-02,2.821646684e+01,4.588504967e+00,1.352891903e-01,4.441351590e-16,8.673617380e-19,5.421010862e-19,1.231260400e-02,-2.880806029e-01,-2.643377542e+00,-1.501598716e+00,-1.314120293e+00,-7.875850201e-01,2.109318078e-01,2.264027053e-01,4.312249855e+00,-1.514314174e+00,-3.376173964e-01,2.196086555e-02,2.372605182e-03,6.188987749e-01,-4.786514425e-02,1.013600026e-01,6.314437530e-01,-5.726883852e-02,9.224493187e-03,4.850358367e-01,-1.230342016e-01,2.249985188e-02,1.977991559e+00,6.999981403e-02,0,0
5.280000000e+00,9.346196059e-02,2.550262962e-01,4.951729640e-02,1.271678767e-01,7.245687525e-02,2.884183385e+01,4.627957720e+00,1.352906306e-01,2.223171822e-16,4.465017826e-18,2.185279341e-19,1.264430800e-02,-2.880717218e-01,-2.643370628e+00,-1.501580119e+00,-1.314137220e+00,-7.876015902e-01,2.107758224e-01,2.255195238e-01,4.347750061e+00,-1.531814708e+00,-3.423196508e-01,2.371843470e-02,1.184955570e-03,6.188945523e-01,-4.785603351e-02,1.013605596e-01,6.314437530e-01,-5.726883852e-02,9.224493187e-03,4.850358665e-01,-1.230344623e-01,2.249986678e-02,1.977990458e+00,6.999971345e-02,0,0
5.290000000e+00,9.346118318e-02,2.550835641e-01,4.451513760e-02,1.271962782e-01,7.251960435e-02,2.879092117e+01,4.577426661e+00,1.352932572e-01,2.437336642e-16,3.744816098e-18,7.791229875e-19,1.274056800e-02,-2.880620062e-01,-2.643358707e+00,-1.501546144e+00,-1.314150214e+00,-7.876310349e-01,2.105202079e-01,1.737484118e-01,4.305017751e+00,-1.509065363e+00,-3.339947702e-01,2.514860321e-02,2.294460090e-03,6.188871408e-01,-4.784371218e-02,1.013575016e-01,6.314437530e-01,-5.726883852e-02,9.224493187e-03,4.850362539e-01,-1.230342388e-01,2.250033431e-02,1.977987197e+00,6.999976933e-02,0,0
5.300000000e+00,9.346342431e-02,2.551466680e-01,4.257404500e-02,1.272275738e-01,7.257802362e-02,2.825360798e+01,4.586157716e+00,1.352951213e-01,4.556952162e-17,4.610090874e-18,6.594944350e-19,1.300699100e-02,-2.880484462e-01,-2.643351555e+00,-1.501522064e+00,-1.314174533e+00,-7.876563668e-01,2.103026807e-01,2.092575491e-01,4.310275819e+00,-1.515180816e+00,-3.379934214e-01,2.365096643e-02,2.099597517e-03,6.188812942e-01,-4.782997578e-02,1.013575719e-01,6.314437530e-01,-5.726883852e-02,9.224493187e-03,4.850358963e-01,-1.230344549e-01,2.249992266e-02,1.977990223e+00,6.999976560e-02,0,0
5.310000000e+00,9.346329792e-02,2.552038304e-01,4.343723185e-02,1.272559226e-01,7.264038119e-02,2.876028854e+01,4.600954102e+00,1.352975285e-01,2.230469237e-16,1.734723476e-18,9.817868239e-19,1.275755800e-02,-2.880381346e-01,-2.643338919e+00,-1.501490831e+00,-1.314183831e+00,-7.876997590e-01,2.100656778e-01,2.440381238e-01,4.323844742e+00,-1.516411213e+00,-3.370023224e-01,2.263098749e-02,2.235063912e-03,6.188732884e-01,-4.781521949e-02,1.013548387e-01,6.314437530e-01,-5.726883852e-02,9.224493187e-03,4.850360453e-01,-1.230341792e-01,2.250027470e-02,1.977988375e+00,6.999974325e-02,0,0
5.320000000e+00,9.346420529e-02,2.552776921e-01,3.653059593e-02,1.272925532e-01,7.271811860e-02,2.857600114e+01,4.603256353e+00,1.353003510e-01,4.497552892e-16,5.854942699e-18,2.303929617e-19,1.262701700e-02,-2.880242169e-01,-2.643321991e+00,-1.501454234e+00,-1.314193606e+00,-7.877448201e-01,2.097573280e-01,1.276639526e-01,4.328421870e+00,-1.524052675e+00,-3.390258914e-01,2.750671172e-02,1.831488539e-03,6.188646066e-01,-4.779775519e-02,1.013527805e-01,6.314437530e-01,-5.726883852e-02,9.224493187e-03,4.850360155e-01,-1.230345070e-01,2.249985561e-02,1.977989398e+00,6.999980658e-02,0,0
5.330000000e+00,9.346316485e-02,2.553229227e-01,5.432357602e-02,1.273149844e-01,7.276781480e-02,2.860686842e+01,4.581526458e+00,1.353029382e-01,6.719396299e-16,3.686287386e-18,3.172565268e-19,1.218939400e-02,-2.880119085e-01,-2.643307924e+00,-1.501420856e+00,-1.314198375e+00,-7.877511978e-01,2.095188200e-01,1.860478505e-01,4.308576326e+00,-1.509768540e+00,-3.345594410e-01,2.455825186e-02,2.598302043e-03,6.188597374e-01,-4.778765957e-02,1.013500216e-01,6.314437530e-01,-5.726883852e-02,9.224493187e-03,4.850361347e-01,-1.230341718e-01,2.250011265e-02,1.977989947e+00,6.999988481e-02,0,0
5.340000000e+00,9.346622747e-02,2.553820328e-01,3.763353817e-02,1.273442990e-01,7.281841218e-02,2.904442973e+01,4.590284681e+00,1.353042491e-01,4.443982693e-16,4.125670636e-18,8.690541527e-19,1.247469600e-02,-2.880017459e-01,-2.643305540e+00,-1.501403928e+00,-1.314229488e+00,-7.877777219e-01,2.093544155e-01,1.779019778e-01,4.315546839e+00,-1.516892621e+00,-3.368687984e-01,2.597231365e-02,1.204791809e-03,6.188543623e-01,-4.777605431e-02,1.013511992e-01,6.314437530e-01,-5.726883852e-02,9.224493187e-03,4.850359261e-01,-1.230346113e-01,2.249985188e-02,1.977989162e+00,6.999979913e-02,0,0
5.350000000e+00,9.346645925e-02,2.554291340e-01,6.127064951e-02,1.273676578e-01,7.286643944e-02,2.840936379e+01,4.583417884e+00,1.353061460e-01,5.307942031e-17,1.788112031e-18,5.421010862e-20,1.136343600e-02,-2.879943252e-01,-2.643298149e+00,-1.501379371e+00,-1.314245701e+00,-7.878071070e-01,2.091787308e-01,1.791797734e-01,4.310738205e+00,-1.510010833e+00,-3.352464151e-01,2.488521985e-02,2.843137841e-03,6.188480627e-01,-4.776552520e-02,1.013494878e-01,6.314437530e-01,-5.726883852e-02,9.224493187e-03,4.850360751e-01,-1.230339929e-01,2.250016108e-02,1.977990812e+00,6.999984756e-02,0,0
5.360000000e+00,9.347041088e-02,2.554968162e-01,3.410413782e-02,1.274012232e-01,7.292371267e-02,2.868954041e+01,4.599828309e+00,1.353071638e-01,1.116742974e-16,1.487514416e-17,1.430417720e-18,1.362100600e-02,-2.879851162e-01,-2.643298626e+00,-1.501366138e+00,-1.314282894e+00,-7.878537774e-01,2.090234458e-01,1.729734445e-01,4.324833286e+00,-1.519621326e+00,-3.382308595e-01,2.579540467e-02,1.795112740e-03,6.188411926e-01,-4.775136312e-02,1.013510954e-01,6.314437530e-01,-5.726883852e-02,9.224493187e-03,4.850359857e-01,-1.230343804e-01,2.249986120e-02,1.977990066e+00,6.999983639e-02,0,0
5.370000000e+00,9.347140421e-02,2.555388612e-01,4.345599044e-02,1.274220743e-01,7.296395610e-02,2.859801405e+01,4.589479942e+00,1.353083572e-01,3.503465072e-16,5.818439422e-18,7.094071602e-19,1.113341300e-02,-2.879795134e-01,-2.643295765e+00,-1.501350641e+00,-1.314301491e+00,-7.878874540e-01,2.088999748e-01,1.563852941e-01,4.317069489e+00,-1.512665605e+00,-3.361075893e-01,2.549263771e-02,2.320548918e-03,6.188356252e-01,-4.774162334e-02,1.013503348e-01,6.314437530e-01,-5.726883852e-02,9.224493187e-03,4.850359857e-01,-1.230341271e-01,2.250025235e-02,1.977989437e+00,6.999988109e-02,0,0
5.380000000e+00,9.347534745e-02,2.555952074e-01,4.460527618e-02,1.274500177e-01,7.300676556e-02,2.892122233e+01,4.578436629e+00,1.353092130e-01,4.506175881e-16,8.552879523e-18,4.345270764e-19,1.230711500e-02,-2.879725397e-01,-2.643298864e+00,-1.501339674e+00,-1.314343810e+00,-7.879040241e-01,2.087778747e-01,1.682246927e-01,4.304342524e+00,-1.514166839e+00,-3.362137304e-01,2.599745225e-02,1.051314505e-03,6.188313358e-01,-4.773370244e-02,1.013529290e-01,6.314437530e-01,-5.726883852e-02,9.224493187e-03,4.850359261e-01,-1.230344921e-01,2.249993011e-02,1.977990498e+00,6.999977678e-02,0,0
5.390000000e+00,9.347638740e-02,2.556505935e-01,6.165073386e-02,1.274774849e-01,7.306062910e-02,2.847669222e+01,4.581381382e+00,1.353108645e-01,2.221462256e-16,3.511543213e-18,4.389429017e-19,1.359161600e-02,-2.879647017e-01,-2.643294334e+00,-1.501318216e+00,-1.314366341e+00,-7.879503965e-01,2.086106390e-01,1.869908007e-01,4.308431749e+00,-1.509609237e+00,-3.346061359e-01,2.482500908e-02,2.841551425e-03,6.188237758e-01,-4.772024510e-02,1.013515551e-01,6.314437530e-01,-5.726883852e-02,9.224493187e-03,4.850361645e-01,-1.230342388e-01,2.250008285e-02,1.977989358e+00,6.999980658e-02,0,0
5.400000000e+00,9.347939840e-02,2.557082280e-01,3.447246056e-02,1.275060670e-01,7.310912929e-02,2.880509788e+01,4.571921041e+00,1.353121216e-01,4.445438338e-16,3.642681316e-18,7.453889936e-20,1.122319500e-02,-2.879547775e-01,-2.643291950e+00,-1.501302004e+00,-1.314396262e+00,-7.879716158e-01,2.084477693e-01,1.700353661e-01,4.298602962e+00,-1.510828261e+00,-3.351030362e-01,2.577795772e-02,1.403495472e-03,6.188189949e-01,-4.770968406e-02,1.013528600e-01,6.314437530e-01,-5.726883852e-02,9.224493187e-03,4.850358665e-01,-1.230345443e-01,2.249989286e-02,1.977989555e+00,6.999981403e-02,0,0
5.410000000e+00,9.347999266e-02,2.557548432e-01,4.073175901e-02,1.275291843e-01,7.315458648e-02,2.859286853e+01,4.558777178e+00,1.353135539e-01,9.996614019e-16,3.563464287e-18,3.308593529e-19,1.115728300e-02,-2.879496217e-01,-2.643289089e+00,-1.501283407e+00,-1.314417720e+00,-7.880104184e-01,2.083092034e-01,1.433804039e-01,4.289098821e+00,-1.501414899e+00,-3.325550479e-01,2.603768238e-02,2.280808259e-03,6.188123823e-01,-4.769922717e-02,1.013514710e-01,6.314437530e-01,-5.726883852e-02,9.224493187e-03,4.850359261e-01,-1.230339482e-01,2.250027470e-02,1.977990930e+00,6.999990344e-02,0,0
5.420000000e+00,9.348507456e-02,2.558091136e-01,3.907184424e-02,1.275560979e-01,7.319365794e-02,2.848991641e+01,4.595776770e+00,1.353134477e-01,6.664702842e-16,7.112895111e-18,4.733694230e-19,1.348427500e-02,-2.879430652e-01,-2.643296003e+00,-1.501284719e+00,-1.314456344e+00,-7.880489230e-01,2.082395405e-01,1.971324378e-01,4.320033996e+00,-1.517988040e+00,-3.387149942e-01,2.430582987e-02,1.698552339e-03,6.188081018e-01,-4.768861482e-02,1.013549377e-01,6.314437530e-01,-5.726883852e-02,9.224493187e-03,4.850360453e-01,-1.230344549e-01,2.249985561e-02,1.977990498e+00,6.999978423e-02,0,0
5.430000000e+00,9.348461072e-02,2.558479033e-01,5.005464628e-02,1.275753343e-01,7.323393057e-02,2.855388806e+01,4.584569624e+00,1.353151633e-01,2.313145780e-16,1.215080617e-17,7.734445177e-19,1.124184400e-02,-2.879365683e-01,-2.643288851e+00,-1.501262546e+00,-1.314466715e+00,-7.880651951e-01,2.080752701e-01,1.884022026e-01,4.311573413e+00,-1.509998276e+00,-3.352717299e-01,2.469011739e-02,2.533791008e-03,6.188034389e-01,-4.768092619e-02,1.013530275e-01,6.314437530e-01,-5.726883852e-02,9.224493187e-03,4.850360155e-01,-1.230340227e-01,2.250007726e-02,1.977991087e+00,6.999981403e-02,0,0
5.440000000e+00,9.348771315e-02,2.559073163e-01,5.582909940e-02,1.276047980e-01,7.328553388e-02,2.924717885e+01,4.597363420e+00,1.353162744e-01,1.981404313e-16,2.335442953e-18,1.305552300e-18,1.281073900e-02,-2.879271209e-01,-2.643285751e+00,-1.501248121e+00,-1.314491987e+00,-7.881010175e-01,2.079137117e-01,1.693402232e-01,4.322320404e+00,-1.519766519e+00,-3.379550040e-01,2.676428569e-02,6.688475126e-04,6.187978343e-01,-4.766845406e-02,1.013541077e-01,6.314437530e-01,-5.726883852e-02,9.224493187e-03,4.850360453e-01,-1.230345368e-01,2.249994315e-02,1.977989751e+00,6.999981031e-02,0,0
5.450000000e+00,9.348797902e-02,2.559498840e-01,6.178165525e-02,1.276259079e-01,7.332842267e-02,2.841609701e+01,4.580270088e+00,1.353174720e-01,2.266919222e-16,4.470280077e-18,6.815452586e-19,1.231124400e-02,-2.879213095e-01,-2.643282413e+00,-1.501232505e+00,-1.314505577e+00,-7.881433964e-01,2.077834159e-01,1.721176213e-01,4.308497410e+00,-1.507804331e+00,-3.346486111e-01,2.505790552e-02,2.858679895e-03,6.187916832e-01,-4.765723756e-02,1.013523634e-01,6.314437530e-01,-5.726883852e-02,9.224493187e-03,4.850360453e-01,-1.230341718e-01,2.250017039e-02,1.977988375e+00,6.999986246e-02,0,0
5.460000000e+00,9.349061918e-02,2.559897765e-01,3.563667449e-02,1.276456910e-01,7.335941404e-02,2.841243608e+01,4.574416102e+00,1.353179626e-01,8.884808648e-16,4.172417924e-18,1.212174880e-19,1.337069400e-02,-2.879148722e-01,-2.643283844e+00,-1.501226187e+00,-1.314529896e+00,-7.881586552e-01,2.076923996e-01,1.578583225e-01,4.301636160e+00,-1.510801428e+00,-3.362934684e-01,2.592771024e-02,1.808787686e-03,6.187888495e-01,-4.765026554e-02,1.013539257e-01,6.314437530e-01,-5.726883852e-02,9.224493187e-03,4.850360155e-01,-1.230345294e-01,2.249984816e-02,1.977990340e+00,6.999983266e-02,0,0
5.470000000e+00,9.349204523e-02,2.560276723e-01,3.092189254e-02,1.276644838e-01,7.339285734e-02,2.894113425e+01,4.588573956e+00,1.353182383e-01,2.248809900e-16,3.604055019e-18,9.502244989e-19,1.186706000e-02,-2.879130542e-01,-2.643288374e+00,-1.501222491e+00,-1.314553261e+00,-7.882018089e-01,2.076293081e-01,1.768775404e-01,4.315773105e+00,-1.511477677e+00,-3.355729130e-01,2.550618362e-02,1.810851723e-03,6.187837230e-01,-4.764177630e-02,1.013537819e-01,6.314437530e-01,-5.726883852e-02,9.224493187e-03,4.850361943e-01,-1.230342165e-01,2.250014432e-02,1.977988337e+00,6.999989226e-02,0,0
5.480000000e+00,9.349547117e-02,2.560695538e-01,4.395149450e-02,1.276852532e-01,7.342445235e-02,2.817862727e+01,4.594248423e+00,1.353189218e-01,9.202213443e-17,3.469446952e-18,5.659701499e-19,1.118549300e-02,-2.879086137e-01,-2.643289804e+00,-1.501213670e+00,-1.314585567e+00,-7.882257104e-01,2.075564861e-01,2.085691661e-01,4.317452250e+00,-1.519164317e+00,-3.388006860e-01,2.393384677e-02,2.142073253e-03,6.187793993e-01,-4.763446153e-02,1.013558996e-01,6.314437530e-01,-5.726883852e-02,9.224493187e-03,4.850359261e-01,-1.230344847e-01,2.249983139e-02,1.977989947e+00,6.999972463e-02,0,0
5.490000000e+00,9.349550823e-02,2.561162593e-01,5.172081756e-02,1.277084148e-01,7.347019663e-02,2.858023333e+01,4.586468038e+00,1.353212628e-01,1.345732072e-16,1.390486644e-17,4.543635058e-19,1.283093900e-02,-2.878990471e-01,-2.643279314e+00,-1.501183510e+00,-1.314601064e+00,-7.882307768e-01,2.073529065e-01,1.494058024e-01,4.314329454e+00,-1.512234103e+00,-3.352025009e-01,2.662653461e-02,2.580998895e-03,6.187745442e-01,-4.762628518e-02,1.013544143e-01,6.314437530e-01,-5.726883852e-02,9.224493187e-03,4.850361645e-01,-1.230341941e-01,2.250015177e-02,1.977988690e+00,6.999979913e-02,0,0
5.500000000e+00,9.349861527e-02,2.561723610e-01,3.430425318e-02,1.277362359e-01,7.351474160e-02,2.911507224e+01,4.548073046e+00,1.353225531e-01,3.342483992e-16,1.022834284e-18,5.700122678e-19,1.257689700e-02,-2.878896892e-01,-2.643278360e+00,-1.501166940e+00,-1.314636350e+00,-7.882421613e-01,2.072021067e-01,1.909729762e-01,4.275580404e+00,-1.502506633e+00,-3.312784600e-01,2.524225454e-02,1.092414398e-03,6.187703004e-01,-4.761756992e-02,1.013560712e-01,6.314437530e-01,-5.726883852e-02,9.224493187e-03,4.850359857e-01,-1.230345592e-01,2.249988355e-02,1.977989790e+00,6.999976933e-02,0,0
5.510000000e+00,9.350021854e-02,2.562262293e-01,8.267710810e-02,1.277629493e-01,7.356217709e-02,2.803271198e+01,4.589938741e+00,1.353245987e-01,2.504532363e-16,8.239936511e-18,2.169081865e-18,1.202813100e-02,-2.878814638e-01,-2.643272877e+00,-1.501140594e+00,-1.314667344e+00,-7.882567644e-01,2.070287168e-01,1.847253502e-01,4.316392916e+00,-1.512815217e+00,-3.360585384e-01,2.467602994e-02,3.501145611e-03,6.187644837e-01,-4.760867179e-02,1.013559654e-01,6.314437530e-01,-5.726883852e-02,9.224493187e-03,4.850358963e-01,-1.230342239e-01,2.250005491e-02,1.977990459e+00,6.999983266e-02,0,0
5.520000000e+00,9.350248451e-02,2.562901591e-01,6.187643260e-02,1.277946522e-01,7.361730530e-02,2.847120854e+01,4.530470791e+00,1.353266643e-01,2.254823576e-16,2.354797906e-18,8.677851511e-19,1.103366200e-02,-2.878747284e-01,-2.643268824e+00,-1.501114011e+00,-1.314706206e+00,-7.882732749e-01,2.068339437e-01,1.044454693e-01,4.263315039e+00,-1.493319767e+00,-3.280700187e-01,2.756103292e-02,2.852552194e-03,6.187580902e-01,-4.760028895e-02,1.013565056e-01,6.314437530e-01,-5.726883852e-02,9.224493187e-03,4.850362241e-01,-1.230341047e-01,2.250024863e-02,1.977988337e+00,6.999979168e-02,0,0
5.530000000e+00,9.350604058e-02,2.563537239e-01,4.458506456e-02,1.278261740e-01,7.366976276e-02,2.880309382e+01,4.620746793e+00,1.353279755e-01,1.249241813e-16,9.117618137e-18,3.297472175e-19,1.286599900e-02,-2.878635824e-01,-2.643265486e+00,-1.501097083e+00,-1.314736724e+00,-7.882978916e-01,2.066589296e-01,1.150233241e-01,4.345449234e+00,-1.529049111e+00,-3.410775151e-01,2.854490854e-02,1.283577100e-03,6.187529748e-01,-4.758839984e-02,1.013581617e-01,6.314437530e-01,-5.726883852e-02,9.224493187e-03,4.850359559e-01,-1.230344996e-01,2.249987796e-02,1.977989594e+00,6.999984011e-02,0,0
5.540000000e+00,9.350629718e-02,2.563965371e-01,5.257212389e-02,1.278474049e-01,7.371228428e-02,2.850215702e+01,4.579026234e+00,1.353288378e-01,2.624095394e-16,5.280409643e-18,8.690541527e-19,1.354167600e-02,-2.878568470e-01,-2.643263578e+00,-1.501085758e+00,-1.314747095e+00,-7.883439064e-01,2.065346092e-01,1.648250918e-01,4.307129434e+00,-1.508767416e+00,-3.344975160e-01,2.598667803e-02,2.640062396e-03,6.187472802e-01,-4.757624553e-02,1.013563597e-01,6.314437530e-01,-5.726883852e-02,9.224493187e-03,4.850359857e-01,-1.230342463e-01,2.250004746e-02,1.977990851e+00,6.999981776e-02,0,0
5.550000000e+00,9.350796846e-02,2.564370379e-01,3.670924830e-02,1.278674891e-01,7.374961805e-02,2.873860681e+01,4.574530447e+00,1.353296955e-01,2.272558101e-16,4.792691759e-18,6.107007691e-19,1.316558200e-02,-2.878492773e-01,-2.643259048e+00,-1.501074553e+00,-1.314756989e+00,-7.883780599e-01,2.064171582e-01,2.001757284e-01,4.300313768e+00,-1.510087361e+00,-3.355449839e-01,2.457206445e-02,1.383950108e-03,6.187427785e-01,-4.756551612e-02,1.013563061e-01,6.314437530e-01,-5.726883852e-02,9.224493187e-03,4.850358665e-01,-1.230345070e-01,2.249988355e-02,1.977990615e+00,6.999976933e-02,0,0
5.560000000e+00,9.350764516e-02,2.564804245e-01,6.473225382e-02,1.278890043e-01,7.379545646e-02,2.829967753e+01,4.586828598e+00,1.353309914e-01,5.394404300e-17,5.898697550e-18,2.315856856e-19,1.290274000e-02,-2.878430188e-01,-2.643252850e+00,-1.501057625e+00,-1.314761639e+00,-7.884219885e-01,2.062625885e-01,1.843006199e-01,4.313724907e+00,-1.511173141e+00,-3.354615226e-01,2.489150178e-02,3.002556707e-03,6.187366954e-01,-4.755383063e-02,1.013539077e-01,6.314437530e-01,-5.726883852e-02,9.224493187e-03,4.850361645e-01,-1.230342165e-01,2.250001393e-02,1.977990262e+00,6.999981403e-02,0,0
5.570000000e+00,9.350962007e-02,2.565303553e-01,4.997330567e-02,1.279137647e-01,7.383984409e-02,2.781563950e+01,4.557110127e+00,1.353323458e-01,3.330717072e-16,6.992893893e-18,1.212174880e-19,1.304869000e-02,-2.878343165e-01,-2.643246889e+00,-1.501040101e+00,-1.314778924e+00,-7.884448171e-01,2.061029673e-01,1.532989742e-01,4.285900083e+00,-1.504033554e+00,-3.347334897e-01,2.533613831e-02,2.692241782e-03,6.187320411e-01,-4.754386687e-02,1.013542189e-01,6.314437530e-01,-5.726883852e-02,9.224493187e-03,4.850358665e-01,-1.230344996e-01,2.249985747e-02,1.977990458e+00,6.999982148e-02,0,0
5.580000000e+00,9.351039074e-02,2.565671085e-01,6.160402430e-02,1.279319903e-01,7.387228310e-02,2.822542509e+01,4.587560525e+00,1.353337605e-01,4.445008888e-16,5.898697550e-18,1.105673607e-18,1.120004400e-02,-2.878283560e-01,-2.643244028e+00,-1.501021862e+00,-1.314801097e+00,-7.884589434e-01,2.059914768e-01,1.771272712e-01,4.314827911e+00,-1.510984529e+00,-3.359961402e-01,2.492504734e-02,2.947158703e-03,6.187276219e-01,-4.753688155e-02,1.013536536e-01,6.314437530e-01,-5.726883852e-02,9.224493187e-03,4.850359857e-01,-1.230340675e-01,2.250005305e-02,1.977990851e+00,6.999989599e-02,0,0
5.590000000e+00,9.351543991e-02,2.566213741e-01,3.066832842e-02,1.279589001e-01,7.390726159e-02,2.872316139e+01,4.564849454e+00,1.353342521e-01,2.625112966e-17,4.171009038e-18,1.586282634e-19,1.202360200e-02,-2.878249586e-01,-2.643252611e+00,-1.501015663e+00,-1.314857483e+00,-7.884714603e-01,2.059235871e-01,1.629880397e-01,4.292983768e+00,-1.506441414e+00,-3.339846012e-01,2.572945764e-02,1.535934344e-03,6.187236097e-01,-4.753185583e-02,1.013576936e-01,6.314437530e-01,-5.726883852e-02,9.224493187e-03,4.850359559e-01,-1.230343506e-01,2.249982953e-02,1.977991048e+00,6.999984756e-02,0,0
5.600000000e+00,9.351851802e-02,2.566703150e-01,2.821039225e-02,1.279831693e-01,7.394256248e-02,2.895392347e+01,4.592671984e+00,1.353355779e-01,1.135283414e-16,5.691803256e-18,4.910804546e-19,1.161717800e-02,-2.878217101e-01,-2.643255234e+00,-1.500998735e+00,-1.314905047e+00,-7.884721756e-01,2.058172226e-01,1.946066104e-01,4.318926131e+00,-1.512599002e+00,-3.362718370e-01,2.458476840e-02,1.548984964e-03,6.187194121e-01,-4.752846086e-02,1.013598795e-01,6.314437530e-01,-5.726883852e-02,9.224493187e-03,4.850362837e-01,-1.230340376e-01,2.250035293e-02,1.977988847e+00,6.999977306e-02,0,0
5.610000000e+00,9.352383689e-02,2.567357908e-01,4.936771310e-02,1.280156380e-01,7.399063750e-02,2.790123578e+01,4.615193342e+00,1.353367547e-01,4.456213904e-16,3.576224061e-18,1.084202172e-18,1.222538300e-02,-2.878129780e-01,-2.643256187e+00,-1.500983596e+00,-1.314953685e+00,-7.884989977e-01,2.056919187e-01,1.706338281e-01,4.339956258e+00,-1.522607803e+00,-3.416354865e-01,2.485033850e-02,2.549358699e-03,6.187135360e-01,-4.751757862e-02,1.013633155e-01,6.314437530e-01,-5.726883852e-02,9.224493187e-03,4.850359559e-01,-1.230344772e-01,2.249985188e-02,1.977991008e+00,6.999981403e-02,0,0
5.620000000e+00,9.352418766e-02,2.567800653e-01,5.271119423e-02,1.280375931e-01,7.403061551e-02,2.851757254e+01,4.589086331e+00,1.353383731e-01,2.448926402e-16,7.733827727e-18,4.631713711e-19,1.294147000e-02,-2.878068089e-01,-2.643253565e+00,-1.500962734e+00,-1.314978480e+00,-7.885140181e-01,2.055492699e-01,1.787540589e-01,4.315993421e+00,-1.512220660e+00,-3.354032489e-01,2.544446962e-02,2.654023090e-03,6.187085417e-01,-4.751017086e-02,1.013621971e-01,6.314437530e-01,-5.726883852e-02,9.224493187e-03,4.850361645e-01,-1.230341643e-01,2.250010893e-02,1.977989279e+00,6.999981031e-02,0,0
5.630000000e+00,9.352774747e-02,2.568427926e-01,5.163099528e-02,1.280686985e-01,7.408177072e-02,2.923544449e+01,4.583025005e+00,1.353391147e-01,2.316554172e-16,6.347908817e-18,1.084202172e-18,1.399605000e-02,-2.877984643e-01,-2.643254757e+00,-1.500953078e+00,-1.315010428e+00,-7.885537744e-01,2.054091096e-01,1.970747858e-01,4.307914460e+00,-1.514533692e+00,-3.356866222e-01,2.558137148e-02,7.116126116e-04,6.187029220e-01,-4.749786630e-02,1.013637295e-01,6.314437530e-01,-5.726883852e-02,9.224493187e-03,4.850358963e-01,-1.230345070e-01,2.249985375e-02,1.977990262e+00,6.999980658e-02,0,0
5.640000000e+00,9.352801835e-02,2.568971012e-01,5.136309976e-02,1.280956291e-01,7.413471156e-02,2.841300601e+01,4.590594476e+00,1.353403484e-01,2.229613198e-16,3.428789370e-18,4.412383164e-19,1.133272500e-02,-2.877913117e-01,-2.643250942e+00,-1.500936985e+00,-1.315022945e+00,-7.885969281e-01,2.052333355e-01,1.757004806e-01,4.317468289e+00,-1.512781877e+00,-3.361222201e-01,2.569702180e-02,2.659844038e-03,6.186967389e-01,-4.748569173e-02,1.013618574e-01,6.314437530e-01,-5.726883852e-02,9.224493187e-03,4.850360453e-01,-1.230341941e-01,2.250015177e-02,1.977989358e+00,6.999984756e-02,0,0
5.650000000e+00,9.353117228e-02,2.569515049e-01,4.299482634e-02,1.281226068e-01,7.418070822e-02,2.806201708e+01,4.613919646e+00,1.353413380e-01,9.501471788e-18,3.496446946e-18,1.236180673e-18,1.237146500e-02,-2.877831161e-01,-2.643247128e+00,-1.500924110e+00,-1.315044284e+00,-7.886328101e-01,2.050940245e-01,1.696318640e-01,4.338578836e+00,-1.522820660e+00,-3.414478295e-01,2.527698066e-02,2.215386476e-03,6.186914601e-01,-4.747410544e-02,1.013630976e-01,6.314437530e-01,-5.726883852e-02,9.224493187e-03,4.850359261e-01,-1.230344921e-01,2.249984257e-02,1.977990458e+00,6.999984756e-02,0,0
5.660000000e+00,9.352963772e-02,2.569856321e-01,5.896480729e-02,1.281395298e-01,7.421986722e-02,2.832105198e+01,4.586455394e+00,1.353426524e-01,2.275217311e-16,1.321126039e-17,4.345270764e-19,1.193352100e-02,-2.877768576e-01,-2.643239975e+00,-1.500906944e+00,-1.315040946e+00,-7.886707783e-01,2.049505115e-01,1.695027469e-01,4.314309479e+00,-1.510074756e+00,-3.355421701e-01,2.555490048e-02,2.873396621e-03,6.186861402e-01,-4.746345192e-02,1.013596702e-01,6.314437530e-01,-5.726883852e-02,9.224493187e-03,4.850362241e-01,-1.230342388e-01,2.250017971e-02,1.977988533e+00,6.999984011e-02,0,0
5.670000000e+00,9.353122796e-02,2.570389740e-01,4.089406030e-02,1.281659808e-01,7.427005574e-02,2.827293882e+01,4.601303178e+00,1.353439321e-01,6.664008590e-16,4.670885906e-18,6.060874398e-19,1.448017500e-02,-2.877669334e-01,-2.643231869e+00,-1.500890255e+00,-1.315048218e+00,-7.887104750e-01,2.047750205e-01,2.086906763e-01,4.325359573e+00,-1.518016238e+00,-3.387353766e-01,2.415726616e-02,2.272994213e-03,6.186806180e-01,-4.745018612e-02,1.013591069e-01,6.314437530e-01,-5.726883852e-02,9.224493187e-03,4.850360155e-01,-1.230344251e-01,2.249987982e-02,1.977989319e+00,6.999978796e-02,0,0
5.680000000e+00,9.353011432e-02,2.570922177e-01,6.760605178e-02,1.281923830e-01,7.432501464e-02,2.806386150e+01,4.558889925e+00,1.353460641e-01,2.238868823e-16,8.542522420e-18,5.421010862e-20,1.268901700e-02,-2.877553701e-01,-2.643221617e+00,-1.500862598e+00,-1.315053344e+00,-7.887437940e-01,2.045573890e-01,1.707945226e-01,4.288006665e+00,-1.502033005e+00,-3.325414711e-01,2.467117272e-02,3.128008546e-03,6.186741357e-01,-4.743645898e-02,1.013556143e-01,6.314437530e-01,-5.726883852e-02,9.224493187e-03,4.850359857e-01,-1.230340376e-01,2.250000089e-02,1.977990812e+00,6.999986619e-02,0,0
5.690000000e+00,9.353306462e-02,2.571483814e-01,5.402708512e-02,1.282202332e-01,7.437221477e-02,2.781231759e+01,4.628261604e+00,1.353482106e-01,6.320591808e-17,6.938893904e-18,1.084202172e-18,1.293003000e-02,-2.877451181e-01,-2.643210649e+00,-1.500834942e+00,-1.315077186e+00,-7.887547612e-01,2.043706477e-01,1.845729886e-01,4.351405391e+00,-1.527624429e+00,-3.431992513e-01,2.409374006e-02,2.603773964e-03,6.186689490e-01,-4.742695820e-02,1.013568759e-01,6.314437530e-01,-5.726883852e-02,9.224493187e-03,4.850358665e-01,-1.230341196e-01,2.249989472e-02,1.977991244e+00,6.999998167e-02,0,0
5.700000000e+00,9.353273352e-02,2.571989354e-01,7.162020024e-02,1.282453015e-01,7.441782791e-02,2.815169430e+01,4.553012946e+00,1.353503713e-01,4.445736602e-16,9.813077867e-18,1.022834284e-18,1.180822000e-02,-2.877361774e-01,-2.643205166e+00,-1.500807166e+00,-1.315101266e+00,-7.887533903e-01,2.041744143e-01,2.104301220e-01,4.281476856e+00,-1.498088940e+00,-3.313264036e-01,2.332766513e-02,3.185333673e-03,6.186645331e-01,-4.742017855e-02,1.013552029e-01,6.314437530e-01,-5.726883852e-02,9.224493187e-03,4.850361943e-01,-1.230342165e-01,2.250027843e-02,1.977987786e+00,6.999981776e-02,0,0
5.710000000e+00,9.353436530e-02,2.572708132e-01,4.743426663e-02,1.282809436e-01,7.448269025e-02,2.840278440e+01,4.590523499e+00,1.353527887e-01,1.139021337e-16,7.752045533e-18,3.388131789e-19,1.220861200e-02,-2.877238691e-01,-2.643194437e+00,-1.500775933e+00,-1.315123916e+00,-7.887788415e-01,2.039234787e-01,1.647521032e-01,4.317531190e+00,-1.513620490e+00,-3.360893122e-01,2.602873230e-02,2.577900036e-03,6.186576575e-01,-4.740692480e-02,1.013544878e-01,6.314437530e-01,-5.726883852e-02,9.224493187e-03,4.850360155e-01,-1.230341494e-01,2.250004187e-02,1.977990183e+00,6.999984384e-02,0,0
5.720000000e+00,9.353647609e-02,2.573500435e-01,5.678872640e-02,1.283202313e-01,7.455135819e-02,2.805867093e+01,4.568431174e+00,1.353557775e-01,6.699931520e-16,5.275955480e-18,3.066586833e-19,1.349954500e-02,-2.877102494e-01,-2.643183231e+00,-1.500737429e+00,-1.315158844e+00,-7.887939811e-01,2.036527693e-01,1.895401775e-01,4.295222065e+00,-1.507800681e+00,-3.340987029e-01,2.473763651e-02,2.922953729e-03,6.186502089e-01,-4.739406192e-02,1.013542190e-01,6.314437530e-01,-5.726883852e-02,9.224493187e-03,4.850360453e-01,-1.230344176e-01,2.249983139e-02,1.977989555e+00,6.999979541e-02,0,0
5.730000000e+00,9.353830032e-02,2.574241183e-01,7.027643970e-02,1.283569624e-01,7.461555518e-02,2.811504477e+01,4.594721488e+00,1.353585353e-01,4.556401134e-16,8.344835849e-18,2.557085710e-19,1.347693500e-02,-2.876971662e-01,-2.643172741e+00,-1.500701904e+00,-1.315189958e+00,-7.888060808e-01,2.033953965e-01,1.646185445e-01,4.321372379e+00,-1.515348902e+00,-3.363714273e-01,2.585549142e-02,3.241752422e-03,6.186435632e-01,-4.738218606e-02,1.013538743e-01,6.314437530e-01,-5.726883852e-02,9.224493187e-03,4.850358367e-01,-1.230341643e-01,2.250006422e-02,1.977989869e+00,6.999991834e-02,0,0
5.740000000e+00,9.354105377e-02,2.574995867e-01,6.570445895e-02,1.283943844e-01,7.467831258e-02,2.824756977e+01,4.608990137e+00,1.353609416e-01,3.337348290e-16,7.996680104e-18,2.057128985e-18,1.227472400e-02,-2.876867950e-01,-2.643166542e+00,-1.500670910e+00,-1.315230846e+00,-7.888259888e-01,2.031722665e-01,2.539766980e-01,4.331296622e+00,-1.517754631e+00,-3.377758735e-01,2.179613755e-02,2.960140684e-03,6.186363610e-01,-4.737080941e-02,1.013544474e-01,6.314437530e-01,-5.726883852e-02,9.224493187e-03,4.850360751e-01,-1.230340526e-01,2.250007540e-02,1.977988573e+00,6.999980286e-02,0,0
5.750000000e+00,9.354229328e-02,2.576014771e-01,3.946158269e-02,1.284449077e-01,7.477073739e-02,2.846324004e+01,4.586378384e+00,1.353646831e-01,2.512419989e-16,6.254634441e-18,8.673617380e-19,1.413760200e-02,-2.876674831e-01,-2.643148899e+00,-1.500622630e+00,-1.315257192e+00,-7.888469696e-01,2.027840316e-01,1.877726627e-01,4.311777132e+00,-1.514830845e+00,-3.358430257e-01,2.603353231e-02,2.302883915e-03,6.186276429e-01,-4.735318293e-02,1.013525982e-01,6.314437530e-01,-5.726883852e-02,9.224493187e-03,4.850359857e-01,-1.230342910e-01,2.250009216e-02,1.977990576e+00,6.999971345e-02,0,0
5.760000000e+00,9.354306250e-02,2.576967865e-01,4.638757728e-02,1.284921675e-01,7.485942590e-02,2.807566926e+01,4.600292742e+00,1.353689872e-01,2.338082928e-16,5.553824967e-18,1.420431572e-18,1.370768800e-02,-2.876474857e-01,-2.643125296e+00,-1.500567079e+00,-1.315276027e+00,-7.888651490e-01,2.023929358e-01,1.486981903e-01,4.326183436e+00,-1.519649662e+00,-3.385917281e-01,2.706827706e-02,2.624655256e-03,6.186185085e-01,-4.733537765e-02,1.013501899e-01,6.314437530e-01,-5.726883852e-02,9.224493187e-03,4.850359559e-01,-1.230344102e-01,2.249990031e-02,1.977989555e+00,6.999988481e-02,0,0
5.770000000e+00,9.354250974e-02,2.577666118e-01,8.641941170e-02,1.285267907e-01,7.492792597e-02,2.780245499e+01,4.578670926e+00,1.353718963e-01,1.125040396e-16,3.878959614e-18,2.604342989e-18,1.230715400e-02,-2.876335382e-01,-2.643109322e+00,-1.500529408e+00,-1.315282941e+00,-7.888966799e-01,2.021080703e-01,1.845527207e-01,4.306552068e+00,-1.506997056e+00,-3.348615934e-01,2.431292748e-02,3.674460212e-03,6.186108607e-01,-4.732004114e-02,1.013469087e-01,6.314437530e-01,-5.726883852e-02,9.224493187e-03,4.850360155e-01,-1.230341494e-01,2.250004932e-02,1.977990459e+00,6.999998540e-02,0,0
5.780000000e+00,9.354514733e-02,2.578433366e-01,5.397849897e-02,1.285648348e-01,7.499172120e-02,2.787062651e+01,4.600424095e+00,1.353746000e-01,5.592761669e-16,6.024887182e-18,4.848699518e-19,1.310064100e-02,-2.876212895e-01,-2.643099070e+00,-1.500494599e+00,-1.315317750e+00,-7.889073491e-01,2.018574476e-01,1.558926854e-01,4.326828013e+00,-1.517457295e+00,-3.388263919e-01,2.589069242e-02,2.894740200e-03,6.186042835e-01,-4.730890790e-02,1.013474675e-01,6.314437530e-01,-5.726883852e-02,9.224493187e-03,4.850359261e-01,-1.230339408e-01,2.250008285e-02,1.977991795e+00,6.999994814e-02,0,0
5.790000000e+00,9.354907077e-02,2.579209286e-01,3.364830211e-02,1.286033088e-01,7.504971946e-02,2.861849094e+01,4.566378205e+00,1.353764044e-01,4.441859728e-16,6.957622468e-18,2.972301252e-19,1.268614800e-02,-2.876112759e-01,-2.643099785e+00,-1.500471473e+00,-1.315371513e+00,-7.889163494e-01,2.016661316e-01,1.383893917e-01,4.294992961e+00,-1.507709716e+00,-3.343034609e-01,2.727829880e-02,1.502137097e-03,6.185985814e-01,-4.729967280e-02,1.013496577e-01,6.314437530e-01,-5.726883852e-02,9.224493187e-03,4.850358367e-01,-1.230344847e-01,2.249991335e-02,1.977990655e+00,6.999989972e-02,0,0
5.800000000e+00,9.355225999e-02,2.579840916e-01,5.191558925e-02,1.286346280e-01,7.509793462e-02,2.834247099e+01,4.590110402e+00,1.353778874e-01,3.453156516e-16,2.168404345e-18,1.575827343e-18,1.285944000e-02,-2.876055539e-01,-2.643101454e+00,-1.500452399e+00,-1.315418839e+00,-7.889384627e-01,2.015302777e-01,1.807521388e-01,4.317767731e+00,-1.509948419e+00,-3.357940490e-01,2.479688786e-02,2.689393961e-03,6.185923555e-01,-4.729123092e-02,1.013511141e-01,6.314437530e-01,-5.726883852e-02,9.224493187e-03,4.850361049e-01,-1.230340302e-01,2.250010706e-02,1.977989947e+00,6.999988854e-02,0,0
5.810000000e+00,9.355846323e-02,2.580690380e-01,4.886454766e-02,1.286767482e-01,7.515830240e-02,2.784583669e+01,4.589498800e+00,1.353786838e-01,4.163336342e-17,7.757919229e-18,2.168404345e-19,1.404973000e-02,-2.875972390e-01,-2.643110037e+00,-1.500442147e+00,-1.315484643e+00,-7.889802456e-01,2.013991177e-01,1.928239520e-01,4.315118903e+00,-1.513668746e+00,-3.380632203e-01,2.409089172e-02,2.612129702e-03,6.185851047e-01,-4.727819512e-02,1.013549890e-01,6.314437530e-01,-5.726883852e-02,9.224493187e-03,4.850358367e-01,-1.230344772e-01,2.249989845e-02,1.977990223e+00,6.999980658e-02,0,0
5.820000000e+00,9.356111118e-02,2.581451089e-01,6.809565634e-02,1.287144674e-01,7.522093251e-02,2.806736570e+01,4.599060852e+00,1.353805565e-01,1.230584272e-16,7.410741938e-18,8.940560153e-19,1.234414500e-02,-2.875893414e-01,-2.643108845e+00,-1.500417948e+00,-1.315528274e+00,-7.890182734e-01,2.012110353e-01,2.324972062e-01,4.324061894e+00,-1.511835603e+00,-3.370984339e-01,2.241815775e-02,3.112887145e-03,6.185770204e-01,-4.726568314e-02,1.013551917e-01,6.314437530e-01,-5.726883852e-02,9.224493187e-03,4.850356877e-01,-1.230338290e-01,2.249999344e-02,1.977993484e+00,6.999985501e-02,0,0
5.830000000e+00,9.356472263e-02,2.582311779e-01,3.752661826e-02,1.287571437e-01,7.528837602e-02,2.850195426e+01,4.595968436e+00,1.353824176e-01,2.620810674e-17,4.104245856e-18,2.740828996e-19,1.220719300e-02,-2.875767648e-01,-2.643107891e+00,-1.500393987e+00,-1.315575957e+00,-7.890422344e-01,2.009889036e-01,1.736982187e-01,4.321940056e+00,-1.516469483e+00,-3.364942630e-01,2.599328602e-02,2.283286743e-03,6.185702704e-01,-4.725250154e-02,1.013564842e-01,6.314437530e-01,-5.726883852e-02,9.224493187e-03,4.850359559e-01,-1.230342910e-01,2.250007540e-02,1.977990459e+00,6.999986619e-02,0,0
5.840000000e+00,9.357047266e-02,2.583241690e-01,4.582723462e-02,1.288032521e-01,7.535676076e-02,2.776342060e+01,4.590146563e+00,1.353844792e-01,2.222494924e-16,2.602085214e-18,6.060874398e-19,1.310240200e-02,-2.875663042e-01,-2.643107653e+00,-1.500367522e+00,-1.315640569e+00,-7.890623212e-01,2.007789612e-01,1.610267519e-01,4.316349556e+00,-1.515661870e+00,-3.387582148e-01,2.545995969e-02,2.475086187e-03,6.185627920e-01,-4.724096543e-02,1.013600236e-01,6.314437530e-01,-5.726883852e-02,9.224493187e-03,4.850358963e-01,-1.230344251e-01,2.249991521e-02,1.977990655e+00,6.999985501e-02,0,0
5.850000000e+00,9.357364598e-02,2.583981621e-01,6.424537826e-02,1.288399404e-01,7.541510376e-02,2.796936435e+01,4.596151836e+00,1.353862904e-01,2.704166278e-17,6.024887182e-18,4.370558683e-19,1.283748900e-02,-2.875579596e-01,-2.643107653e+00,-1.500344157e+00,-1.315688729e+00,-7.890955210e-01,2.006107718e-01,1.674874683e-01,4.322975262e+00,-1.514652260e+00,-3.370732748e-01,2.539189728e-02,3.149509756e-03,6.185550873e-01,-4.722893445e-02,1.013608587e-01,6.314437530e-01,-5.726883852e-02,9.224493187e-03,4.850359261e-01,-1.230341420e-01,2.250009030e-02,1.977991952e+00,6.999998167e-02,0,0
5.860000000e+00,9.357965211e-02,2.584761201e-01,3.259428639e-02,1.288785945e-01,7.546627218e-02,2.862528488e+01,4.581571116e+00,1.353876033e-01,3.342438976e-16,5.637851297e-18,8.136032549e-19,1.341228500e-02,-2.875500619e-01,-2.643113852e+00,-1.500327468e+00,-1.315758467e+00,-7.890971899e-01,2.004682124e-01,1.968720964e-01,4.307367364e+00,-1.511745810e+00,-3.355901508e-01,2.495852843e-02,1.607586470e-03,6.185502204e-01,-4.722227414e-02,1.013655516e-01,6.314437530e-01,-5.726883852e-02,9.224493187e-03,4.850359559e-01,-1.230344996e-01,2.249986492e-02,1.977990694e+00,6.999981403e-02,0,0
5.870000000e+00,9.358267802e-02,2.585556317e-01,4.734352441e-02,1.289180186e-01,7.553086953e-02,2.832856308e+01,4.590704706e+00,1.353895961e-01,4.142503679e-17,3.604055019e-18,8.758959612e-19,1.326150300e-02,-2.875420451e-01,-2.643111944e+00,-1.500301719e+00,-1.315804243e+00,-7.891363502e-01,2.002750933e-01,1.766872289e-01,4.318091690e+00,-1.511251448e+00,-3.359981443e-01,2.555162960e-02,2.627143740e-03,6.185417546e-01,-4.720942284e-02,1.013660377e-01,6.314437530e-01,-5.726883852e-02,9.224493187e-03,4.850360155e-01,-1.230339929e-01,2.250010893e-02,1.977991637e+00,6.999983639e-02,0,0
5.880000000e+00,9.358784398e-02,2.586399771e-01,3.842882113e-02,1.289598393e-01,7.559344478e-02,2.873193549e+01,4.560323777e+00,1.353908710e-01,2.281940379e-16,4.062865912e-18,6.673845641e-19,1.141204600e-02,-2.875320315e-01,-2.643115520e+00,-1.500285268e+00,-1.315860391e+00,-7.891762257e-01,2.001138479e-01,1.835775879e-01,4.287777897e+00,-1.505339959e+00,-3.333244777e-01,2.564638760e-02,1.261931420e-03,6.185342574e-01,-4.719549893e-02,1.013687133e-01,6.314437530e-01,-5.726883852e-02,9.224493187e-03,4.850359261e-01,-1.230344847e-01,2.249988168e-02,1.977990576e+00,6.999981031e-02,0,0
5.890000000e+00,9.359047409e-02,2.587140396e-01,1.052032134e-01,1.289965612e-01,7.565218119e-02,2.746190211e+01,4.595007187e+00,1.353931292e-01,1.482782733e-17,7.410741938e-18,5.421010862e-19,1.137654600e-02,-2.875217497e-01,-2.643112421e+00,-1.500256181e+00,-1.315906048e+00,-7.891989350e-01,1.999223828e-01,1.800711216e-01,4.322040681e+00,-1.512423930e+00,-3.370148479e-01,2.462572973e-02,4.267307450e-03,6.185268374e-01,-4.718374125e-02,1.013690587e-01,6.314437530e-01,-5.726883852e-02,9.224493187e-03,4.850359261e-01,-1.230340004e-01,2.249998786e-02,1.977991244e+00,6.999986619e-02,0,0
5.900000000e+00,9.359618315e-02,2.588041471e-01,6.239962141e-02,1.290412384e-01,7.571677091e-02,2.767215324e+01,4.577242259e+00,1.353952863e-01,2.045668568e-17,7.152448123e-18,5.838607383e-19,1.329792300e-02,-2.875124514e-01,-2.643112659e+00,-1.500228524e+00,-1.315974116e+00,-7.892132998e-01,1.997262686e-01,1.981072720e-01,4.303511137e+00,-1.509371498e+00,-3.360438472e-01,2.355693452e-02,3.064433795e-03,6.185194781e-01,-4.717374809e-02,1.013727312e-01,6.314437530e-01,-5.726883852e-02,9.224493187e-03,4.850359261e-01,-1.230341047e-01,2.249995619e-02,1.977991716e+00,6.999988481e-02,0,0
5.910000000e+00,9.359999127e-02,2.588896621e-01,9.778954808e-02,1.290836383e-01,7.577942602e-02,2.760239340e+01,4.593667721e+00,1.353975948e-01,1.046465736e-16,1.179739510e-17,3.252606517e-19,1.240625500e-02,-2.875020504e-01,-2.643113613e+00,-1.500198960e+00,-1.316038013e+00,-7.892162204e-01,1.995164901e-01,1.732713852e-01,4.321171613e+00,-1.511740835e+00,-3.365276007e-01,2.467043631e-02,4.030638373e-03,6.185129631e-01,-4.716484898e-02,1.013747099e-01,6.314437530e-01,-5.726883852e-02,9.224493187e-03,4.850360751e-01,-1.230341271e-01,2.250001207e-02,1.977990223e+00,6.999988481e-02,0,0
5.920000000e+00,9.360662618e-02,2.589943098e-01,4.850165657e-02,1.291355242e-01,7.585554889e-02,2.788866695e+01,4.614308038e+00,1.353997563e-01,4.451889909e-16,1.163687884e-17,6.857096618e-19,1.307901200e-02,-2.874927521e-01,-2.643115282e+00,-1.500171185e+00,-1.316114068e+00,-7.892479300e-01,1.993032396e-01,2.130049476e-01,4.336678020e+00,-1.524139971e+00,-3.407585558e-01,2.379479670e-02,2.464507102e-03,6.185037781e-01,-4.715197974e-02,1.013787480e-01,6.314437530e-01,-5.726883852e-02,9.224493187e-03,4.850359857e-01,-1.230342537e-01,2.249994688e-02,1.977990812e+00,6.999984384e-02,0,0
5.930000000e+00,9.361012123e-02,2.590899196e-01,3.773051016e-02,1.291829287e-01,7.592979430e-02,2.815997338e+01,4.608835419e+00,1.354029859e-01,1.152547196e-16,2.682168046e-18,1.735570302e-19,1.212725300e-02,-2.874777317e-01,-2.643105984e+00,-1.500129700e+00,-1.316165447e+00,-7.892484665e-01,1.990128160e-01,1.540652048e-01,4.334323200e+00,-1.521495621e+00,-3.400113991e-01,2.663409725e-02,2.045243312e-03,6.184965802e-01,-4.714027849e-02,1.013800019e-01,6.314437530e-01,-5.726883852e-02,9.224493187e-03,4.850359261e-01,-1.230342463e-01,2.249984443e-02,1.977990851e+00,6.999985501e-02,0,0
5.940000000e+00,9.361149061e-02,2.591809086e-01,6.161901813e-02,1.292280418e-01,7.600578291e-02,2.806602339e+01,4.564506215e+00,1.354061116e-01,5.377642776e-17,3.903127821e-18,5.421010862e-19,1.125211400e-02,-2.874629498e-01,-2.643097162e+00,-1.500089407e+00,-1.316205382e+00,-7.892690301e-01,1.987261474e-01,2.078986346e-01,4.291781038e+00,-1.503611685e+00,-3.326746400e-01,2.409700886e-02,3.079530584e-03,6.184881776e-01,-4.712567429e-02,1.013786057e-01,6.314437530e-01,-5.726883852e-02,9.224493187e-03,4.850358665e-01,-1.230340675e-01,2.250002325e-02,1.977990498e+00,6.999985874e-02,0,0
5.950000000e+00,9.361416324e-02,2.592888122e-01,6.129904731e-02,1.292815411e-01,7.609551121e-02,2.821866808e+01,4.582821428e+00,1.354098084e-01,4.443993274e-16,9.157658310e-18,1.094403281e-18,1.113763400e-02,-2.874469161e-01,-2.643083096e+00,-1.500041723e+00,-1.316248059e+00,-7.892953753e-01,1.983845532e-01,1.685117221e-01,4.310698733e+00,-1.509697260e+00,-3.344317248e-01,2.632072638e-02,3.048857753e-03,6.184782722e-01,-4.710905567e-02,1.013780969e-01,6.314437530e-01,-5.726883852e-02,9.224493187e-03,4.850362539e-01,-1.230342388e-01,2.250005119e-02,1.977988965e+00,6.999980658e-02,0,0
5.960000000e+00,9.361500632e-02,2.593802252e-01,4.036512567e-02,1.293268638e-01,7.617443756e-02,2.821115234e+01,4.594059658e+00,1.354131152e-01,4.497337524e-16,5.339076513e-18,3.380372553e-19,1.360220600e-02,-2.874299884e-01,-2.643067598e+00,-1.499999046e+00,-1.316270232e+00,-7.893119454e-01,1.980541199e-01,1.518045104e-01,4.321785878e+00,-1.513345161e+00,-3.370113685e-01,2.664512098e-02,2.482418795e-03,6.184707528e-01,-4.709389419e-02,1.013762223e-01,6.314437530e-01,-5.726883852e-02,9.224493187e-03,4.850361347e-01,-1.230339482e-01,2.250016481e-02,1.977991127e+00,6.999993324e-02,0,0
5.970000000e+00,9.361779725e-02,2.594710412e-01,7.969740055e-02,1.293718904e-01,7.624848902e-02,2.781440167e+01,4.583612235e+00,1.354161907e-01,4.443542521e-16,7.961322465e-18,4.370558683e-19,1.096833200e-02,-2.874149084e-01,-2.643056393e+00,-1.499959350e+00,-1.316309094e+00,-7.893410325e-01,1.977868825e-01,1.684996087e-01,4.311444890e+00,-1.509839610e+00,-3.350583284e-01,2.567415032e-02,3.616027907e-03,6.184618438e-01,-4.707780498e-02,1.013760251e-01,6.314437530e-01,-5.726883852e-02,9.224493187e-03,4.850358665e-01,-1.230343059e-01,2.249989845e-02,1.977990026e+00,6.999993324e-02,0,0
5.980000000e+00,9.362155322e-02,2.595603181e-01,6.320409268e-02,1.294161536e-01,7.631867987e-02,2.741645225e+01,4.632591324e+00,1.354191321e-01,2.226506769e-16,8.182674271e-18,1.305552300e-18,1.290382900e-02,-2.874003649e-01,-2.643044710e+00,-1.499921441e+00,-1.316349030e+00,-7.893598080e-01,1.975265145e-01,1.943098053e-01,4.354499760e+00,-1.530647153e+00,-3.434824723e-01,2.463155421e-02,3.207803813e-03,6.184540662e-01,-4.706377885e-02,1.013771927e-01,6.314437530e-01,-5.726883852e-02,9.224493187e-03,4.850358367e-01,-1.230342239e-01,2.249992080e-02,1.977991166e+00,6.999988109e-02,0,0
5.990000000e+00,9.362235671e-02,2.596465879e-01,3.946185981e-02,1.294589256e-01,7.639058973e-02,2.802558563e+01,4.584601363e+00,1.354223816e-01,3.387211393e-16,5.057544570e-18,6.857096618e-19,1.280489900e-02,-2.873870730e-01,-2.643033266e+00,-1.499879599e+00,-1.316382289e+00,-7.893658280e-01,1.972298175e-01,1.902278549e-01,4.310432913e+00,-1.512807059e+00,-3.366568655e-01,2.494944107e-02,2.367734424e-03,6.184469126e-01,-4.705244720e-02,1.013757447e-01,6.314437530e-01,-5.726883852e-02,9.224493187e-03,4.850358963e-01,-1.230342239e-01,2.249985002e-02,1.977990851e+00,6.999986619e-02,0,0
6.000000000e+00,9.362465773e-02,2.597443929e-01,3.252119635e-02,1.295074164e-01,7.647026038e-02,2.847472416e+01,4.593577903e+00,1.354253664e-01,2.241928762e-16,3.786955384e-18,1.212174880e-19,1.197448100e-02,-2.873716056e-01,-2.643023014e+00,-1.499841094e+00,-1.316419601e+00,-7.893893123e-01,1.969301105e-01,1.612991592e-01,4.320357782e+00,-1.515057048e+00,-3.366282114e-01,2.699480660e-02,2.008639498e-03,6.184387069e-01,-4.703707673e-02,1.013752195e-01,6.314437530e-01,-5.726883852e-02,9.224493187e-03,4.850359559e-01,-1.230342090e-01,2.250003628e-02,1.977990262e+00,6.999985501e-02,0,0
6.010000000e+00,9.362840320e-02,2.598492627e-01,4.725200885e-02,1.295594096e-01,7.655155513e-02,2.862724095e+01,4.633845143e+00,1.354287209e-01,2.220789071e-16,4.207835983e-18,1.302171494e-18,1.315518200e-02,-2.873554528e-01,-2.643011332e+00,-1.499797940e+00,-1.316467524e+00,-7.893970013e-01,1.966141015e-01,1.846385489e-01,4.356067054e+00,-1.531453549e+00,-3.421421209e-01,2.638726127e-02,1.319830840e-03,6.184308759e-01,-4.702351133e-02,1.013764122e-01,6.314437530e-01,-5.726883852e-02,9.224493187e-03,4.850360453e-01,-1.230344996e-01,2.249990590e-02,1.977989279e+00,6.999978796e-02,0,0
6.020000000e+00,9.362832991e-02,2.599424550e-01,5.693639821e-02,1.296056128e-01,7.663318189e-02,2.752466537e+01,4.608421312e+00,1.354323287e-01,2.228697758e-16,1.257674520e-17,3.909146526e-19,1.121961400e-02,-2.873373628e-01,-2.642993450e+00,-1.499751329e+00,-1.316484213e+00,-7.894181609e-01,1.962685287e-01,1.558051816e-01,4.334155725e+00,-1.520493058e+00,-3.402593742e-01,2.608816007e-02,3.117562267e-03,6.184226528e-01,-4.700679107e-02,1.013733157e-01,6.314437530e-01,-5.726883852e-02,9.224493187e-03,4.850358665e-01,-1.230345070e-01,2.249988168e-02,1.977990498e+00,6.999985129e-02,0,0
6.030000000e+00,9.362938875e-02,2.600438330e-01,7.624425628e-02,1.296558742e-01,7.671906851e-02,2.785354533e+01,4.585417124e+00,1.354357787e-01,1.399251011e-17,7.372574773e-18,1.363090517e-18,1.266527800e-02,-2.873218060e-01,-2.642980337e+00,-1.499706745e+00,-1.316516638e+00,-7.894519567e-01,1.959438622e-01,1.676843530e-01,4.313787721e+00,-1.508684880e+00,-3.352007830e-01,2.579866027e-02,3.528984309e-03,6.184128589e-01,-4.698950726e-02,1.013710807e-01,6.314437530e-01,-5.726883852e-02,9.224493187e-03,4.850361645e-01,-1.230341494e-01,2.250024304e-02,1.977988611e+00,6.999986991e-02,0,0
6.040000000e+00,9.363120118e-02,2.601407166e-01,4.215287464e-02,1.297039069e-01,7.679712551e-02,2.820787922e+01,4.590361383e+00,1.354392877e-01,2.222482230e-16,1.040834086e-17,6.776263578e-19,1.237337400e-02,-2.873053253e-01,-2.642965794e+00,-1.499661565e+00,-1.316550493e+00,-7.894555330e-01,1.956167072e-01,1.510717019e-01,4.318152154e+00,-1.512734021e+00,-3.362198853e-01,2.724667935e-02,2.555410051e-03,6.184056321e-01,-4.697646816e-02,1.013704445e-01,6.314437530e-01,-5.726883852e-02,9.224493187e-03,4.850359559e-01,-1.230340749e-01,2.249995433e-02,1.977991244e+00,6.999990344e-02,0,0
6.050000000e+00,9.363338307e-02,2.602430065e-01,5.539790269e-02,1.297546197e-01,7.687972072e-02,2.813473395e+01,4.569079626e+00,1.354423351e-01,2.360499115e-16,8.805430562e-18,2.522372529e-18,1.220518300e-02,-2.872896791e-01,-2.642956495e+00,-1.499622226e+00,-1.316590786e+00,-7.894854546e-01,1.953170300e-01,1.851522345e-01,4.297192804e+00,-1.504941277e+00,-3.329165031e-01,2.551193700e-02,2.963250730e-03,6.183966130e-01,-4.695987948e-02,1.013695306e-01,6.314437530e-01,-5.726883852e-02,9.224493187e-03,4.850359857e-01,-1.230341941e-01,2.250008285e-02,1.977989947e+00,6.999985501e-02,0,0
6.060000000e+00,9.363590806e-02,2.603452050e-01,5.778658179e-02,1.298052867e-01,7.696157743e-02,2.802434104e+01,4.602549065e+00,1.354458485e-01,4.451425167e-16,6.254634441e-18,2.168404345e-19,1.157911800e-02,-2.872731686e-01,-2.642941952e+00,-1.499576926e+00,-1.316627741e+00,-7.895023823e-01,1.949950010e-01,1.765483580e-01,4.328391672e+00,-1.517554704e+00,-3.371439885e-01,2.581489403e-02,3.058206696e-03,6.183881149e-01,-4.694464863e-02,1.013691875e-01,6.314437530e-01,-5.726883852e-02,9.224493187e-03,4.850359857e-01,-1.230342314e-01,2.250003628e-02,1.977989162e+00,6.999987364e-02,0,0
6.070000000e+00,9.363816909e-02,2.604544742e-01,4.624082603e-02,1.298594589e-01,7.704993430e-02,2.796519532e+01,4.575057994e+00,1.354491446e-01,1.534225376e-16,5.222209201e-18,4.599880250e-19,1.229151400e-02,-2.872562110e-01,-2.642930031e+00,-1.499534369e+00,-1.316665769e+00,-7.895320654e-01,1.946647018e-01,1.861555463e-01,4.301692352e+00,-1.509739320e+00,-3.346268080e-01,2.547646040e-02,2.776857489e-03,6.183788371e-01,-4.692718745e-02,1.013682121e-01,6.314437530e-01,-5.726883852e-02,9.224493187e-03,4.850359559e-01,-1.230343133e-01,2.250011452e-02,1.977989830e+00,6.999984384e-02,0,0
6.080000000e+00,9.364017277e-02,2.605637696e-01,5.738185357e-02,1.299136437e-01,7.713757985e-02,2.803416182e+01,4.614542541e+00,1.354530957e-01,4.493578417e-16,1.281378363e-17,1.788112031e-18,1.249065600e-02,-2.872385979e-01,-2.642913342e+00,-1.499483466e+00,-1.316702962e+00,-7.895400524e-01,1.943024546e-01,2.067135569e-01,4.338348737e+00,-1.521443682e+00,-3.385039507e-01,2.485053162e-02,3.041252766e-03,6.183703476e-01,-4.691246676e-02,1.013673909e-01,6.314437530e-01,-5.726883852e-02,9.224493187e-03,4.850361049e-01,-1.230341867e-01,2.250004187e-02,1.977988965e+00,6.999980658e-02,0,0
6.090000000e+00,9.364226103e-02,2.606783433e-01,4.726591833e-02,1.299704448e-01,7.722994785e-02,2.777123170e+01,4.620845022e+00,1.354571535e-01,2.220992318e-16,3.878959614e-18,8.257037747e-19,1.339713500e-02,-2.872182429e-01,-2.642894983e+00,-1.499431133e+00,-1.316737056e+00,-7.895559072e-01,1.939245909e-01,1.735135784e-01,4.345019592e+00,-1.525099595e+00,-3.410311116e-01,2.584235887e-02,2.770852250e-03,6.183612407e-01,-4.689477099e-02,1.013662299e-01,6.314437530e-01,-5.726883852e-02,9.224493187e-03,4.850359857e-01,-1.230344176e-01,2.249988914e-02,1.977989751e+00,6.999984011e-02,0,0
6.100000000e+00,9.364430803e-02,2.607933851e-01,5.951680209e-02,1.300274776e-01,7.732274949e-02,2.750637168e+01,4.601921170e+00,1.354610793e-01,2.460006707e-16,1.241873016e-17,8.673617380e-19,1.268391800e-02,-2.872000933e-01,-2.642879486e+00,-1.499380469e+00,-1.316776514e+00,-7.895815969e-01,1.935662031e-01,1.903257198e-01,4.326770077e+00,-1.518212061e+00,-3.389981235e-01,2.484789667e-02,3.204554582e-03,6.183511658e-01,-4.687686000e-02,1.013648609e-01,6.314437530e-01,-5.726883852e-02,9.224493187e-03,4.850359857e-01,-1.230342686e-01,2.249991149e-02,1.977989712e+00,6.999988854e-02,0,0
6.110000000e+00,9.364551676e-02,2.608983222e-01,1.079278100e-01,1.300795006e-01,7.740720990e-02,2.720327650e+01,4.605223026e+00,1.354650378e-01,4.447697030e-16,8.673617380e-18,1.817454023e-18,1.147221700e-02,-2.871815860e-01,-2.642863274e+00,-1.499329448e+00,-1.316810966e+00,-7.895916700e-01,1.932175756e-01,1.888842895e-01,4.330961386e+00,-1.516615166e+00,-3.382751169e-01,2.456746427e-02,4.488092044e-03,6.183425869e-01,-4.686126810e-02,1.013631101e-01,6.314437530e-01,-5.726883852e-02,9.224493187e-03,4.850359261e-01,-1.230341494e-01,2.249998972e-02,1.977991205e+00,6.999990717e-02,0,0
6.120000000e+00,9.364788498e-02,2.610183662e-01,5.254386807e-02,1.301390124e-01,7.750278515e-02,2.754884773e+01,4.584901707e+00,1.354690121e-01,4.442418613e-16,9.055522399e-18,2.168404345e-19,1.309980100e-02,-2.871645093e-01,-2.642847538e+00,-1.499278188e+00,-1.316852689e+00,-7.896130085e-01,1.928449720e-01,1.803961855e-01,4.310893016e+00,-1.513519313e+00,-3.370368979e-01,2.527208357e-02,3.003926174e-03,6.183326787e-01,-4.684467164e-02,1.013622316e-01,6.314437530e-01,-5.726883852e-02,9.224493187e-03,4.850358963e-01,-1.230343804e-01,2.249987051e-02,1.977989398e+00,6.999983266e-02,0,0
6.130000000e+00,9.365019667e-02,2.611360850e-01,5.646661832e-02,1.301973710e-01,7.759620087e-02,2.752330264e+01,4.590718884e+00,1.354728274e-01,5.551799484e-16,1.939479807e-18,5.838607383e-19,1.148759700e-02,-2.871465087e-01,-2.642832994e+00,-1.499228954e+00,-1.316893816e+00,-7.896386385e-01,1.924882531e-01,1.816934501e-01,4.317030319e+00,-1.513377096e+00,-3.376428253e-01,2.478179656e-02,3.088103099e-03,6.183227376e-01,-4.682690405e-02,1.013611542e-01,6.314437530e-01,-5.726883852e-02,9.224493187e-03,4.850359857e-01,-1.230342910e-01,2.249984629e-02,1.977989908e+00,6.999991089e-02,0,0
6.140000000e+00,9.365262876e-02,2.612474343e-01,9.731291887e-02,1.302525715e-01,7.768180456e-02,2.735828635e+01,4.604840497e+00,1.354764007e-01,1.241873016e-16,4.336808690e-18,9.263427422e-19,1.252417600e-02,-2.871289849e-01,-2.642821312e+00,-1.499182940e+00,-1.316939116e+00,-7.896490693e-01,1.921549588e-01,1.830066554e-01,4.330690858e+00,-1.517022187e+00,-3.379088331e-01,2.499688379e-02,4.209831433e-03,6.183143574e-01,-4.681194591e-02,1.013607360e-01,6.314437530e-01,-5.726883852e-02,9.224493187e-03,4.850359857e-01,-1.230343580e-01,2.249997854e-02,1.977989908e+00,6.999991462e-02,0,0
6.150000000e+00,9.365562333e-02,2.613555581e-01,9.477621518e-02,1.303061727e-01,7.776396126e-02,2.743276710e+01,4.584534812e+00,1.354797607e-01,4.441453222e-16,1.056081929e-17,1.305552300e-18,1.230925400e-02,-2.871139348e-01,-2.642811060e+00,-1.499139667e+00,-1.316987395e+00,-7.896635532e-01,1.918482482e-01,1.546311196e-01,4.313680271e+00,-1.507659605e+00,-3.353981672e-01,2.578568844e-02,4.106790826e-03,6.183057962e-01,-4.679795284e-02,1.013609704e-01,6.314437530e-01,-5.726883852e-02,9.224493187e-03,4.850359559e-01,-1.230340153e-01,2.250003070e-02,1.977991048e+00,6.999995187e-02,0,0
6.160000000e+00,9.366085665e-02,2.614699860e-01,4.942985960e-02,1.303628986e-01,7.784541123e-02,2.752718054e+01,4.587507897e+00,1.354826272e-01,1.323970232e-17,6.254634441e-18,1.084202172e-19,1.358268500e-02,-2.871004045e-01,-2.642807722e+00,-1.499102831e+00,-1.317055941e+00,-7.896795273e-01,1.915795505e-01,1.773163873e-01,4.314038261e+00,-1.512690335e+00,-3.376321539e-01,2.501648360e-02,2.854441618e-03,6.182971489e-01,-4.678469498e-02,1.013635490e-01,6.314437530e-01,-5.726883852e-02,9.224493187e-03,4.850358963e-01,-1.230341941e-01,2.249992453e-02,1.977990812e+00,6.999996677e-02,0,0
6.170000000e+00,9.366379938e-02,2.615712446e-01,1.292379293e-01,1.304130957e-01,7.791962957e-02,2.697334525e+01,4.566747819e+00,1.354852884e-01,3.357533088e-16,1.430489625e-17,5.222209201e-18,1.308893100e-02,-2.870867252e-01,-2.642805576e+00,-1.499068618e+00,-1.317112684e+00,-7.896926999e-01,1.913247406e-01,1.950867967e-01,4.295361210e+00,-1.501731064e+00,-3.334885366e-01,2.372781534e-02,5.006295505e-03,6.182894982e-01,-4.677201470e-02,1.013640047e-01,6.314437530e-01,-5.726883852e-02,9.224493187e-03,4.850358367e-01,-1.230343357e-01,2.249988914e-02,1.977988218e+00,6.999989599e-02,0,0
6.180000000e+00,9.366980758e-02,2.616820672e-01,5.983733528e-02,1.304680336e-01,7.799718171e-02,2.723070545e+01,4.614879090e+00,1.354880996e-01,2.222279119e-16,7.996680104e-18,1.963573648e-18,1.117696300e-02,-2.870738208e-01,-2.642799616e+00,-1.499032497e+00,-1.317176938e+00,-7.897052169e-01,1.910638958e-01,1.596521264e-01,4.340264358e+00,-1.521987448e+00,-3.414801941e-01,2.569735219e-02,3.263585065e-03,6.182814674e-01,-4.675980064e-02,1.013675733e-01,6.314437530e-01,-5.726883852e-02,9.224493187e-03,4.850359559e-01,-1.230342463e-01,2.249984257e-02,1.977990615e+00,6.999991462e-02,0,0
6.190000000e+00,9.367314840e-02,2.617892418e-01,8.470369092e-02,1.305211626e-01,7.807535498e-02,2.747969819e+01,4.569885791e+00,1.354905179e-01,2.425579078e-16,5.553824967e-18,2.211347214e-18,1.238368500e-02,-2.870621085e-01,-2.642802000e+00,-1.499001384e+00,-1.317243338e+00,-7.897316217e-01,1.908244044e-01,1.822808486e-01,4.298700673e+00,-1.503284159e+00,-3.336536371e-01,2.448763291e-02,3.833499010e-03,6.182725928e-01,-4.674622160e-02,1.013681517e-01,6.314437530e-01,-5.726883852e-02,9.224493187e-03,4.850358963e-01,-1.230338663e-01,2.250005864e-02,1.977991048e+00,6.999996305e-02,0,0
6.200000000e+00,9.368100774e-02,2.619087218e-01,4.969021961e-02,1.305803914e-01,7.815405888e-02,2.741272795e+01,4.599353254e+00,1.354931897e-01,6.703174431e-16,6.992893893e-18,6.857096618e-19,1.268701800e-02,-2.870498896e-01,-2.642802000e+00,-1.498967171e+00,-1.317330360e+00,-7.897396088e-01,1.905859262e-01,1.817531073e-01,4.324699686e+00,-1.517233950e+00,-3.396539237e-01,2.484992496e-02,2.761240849e-03,6.182642726e-01,-4.673496587e-02,1.013736659e-01,6.314437530e-01,-5.726883852e-02,9.224493187e-03,4.850359559e-01,-1.230341494e-01,2.249991149e-02,1.977991087e+00,6.999992579e-02,0,0
6.210000000e+00,9.368660567e-02,2.620247887e-01,5.416510243e-02,1.306379277e-01,7.823377098e-02,2.729444885e+01,4.600379444e+00,1.354958297e-01,2.224613775e-16,6.071532166e-18,5.421010862e-19,1.288506000e-02,-2.870361805e-01,-2.642802477e+00,-1.498933315e+00,-1.317406654e+00,-7.897500992e-01,1.903319657e-01,1.825112531e-01,4.325337529e+00,-1.518393415e+00,-3.398420530e-01,2.481960686e-02,2.955379319e-03,6.182561867e-01,-4.672250061e-02,1.013767744e-01,6.314437530e-01,-5.726883852e-02,9.224493187e-03,4.850357771e-01,-1.230342016e-01,2.249979414e-02,1.977991048e+00,6.999989972e-02,0,0
6.220000000e+00,9.369047983e-02,2.621492995e-01,3.842797618e-02,1.306996493e-01,7.832445647e-02,2.812522115e+01,4.588813729e+00,1.354992240e-01,5.551631789e-16,4.271261210e-18,3.322442872e-19,1.128976500e-02,-2.870230675e-01,-2.642797709e+00,-1.498889685e+00,-1.317475438e+00,-7.897621989e-01,1.900148392e-01,1.411060067e-01,4.317815752e+00,-1.510054223e+00,-3.357791978e-01,2.738235597e-02,2.537967451e-03,6.182468206e-01,-4.670981791e-02,1.013779200e-01,6.314437530e-01,-5.726883852e-02,9.224493187e-03,4.850361347e-01,-1.230340749e-01,2.250032872e-02,1.977990576e+00,6.999985129e-02,0,0
6.230000000e+00,9.369685723e-02,2.622792318e-01,3.969262164e-02,1.307640579e-01,7.841506970e-02,2.772023034e+01,4.600931427e+00,1.355017910e-01,6.673823007e-16,3.127317221e-18,4.599880250e-19,1.161004700e-02,-2.870070934e-01,-2.642798901e+00,-1.498856664e+00,-1.317554593e+00,-7.897947431e-01,1.897462010e-01,1.703161138e-01,4.326669256e+00,-1.517798637e+00,-3.392669169e-01,2.598482031e-02,2.368442859e-03,6.182369454e-01,-4.669242457e-02,1.013809946e-01,6.314437530e-01,-5.726883852e-02,9.224493187e-03,4.850358665e-01,-1.230344176e-01,2.249985002e-02,1.977990458e+00,6.999985874e-02,0,0
6.240000000e+00,9.370057451e-02,2.623948052e-01,5.277141647e-02,1.308213482e-01,7.849953484e-02,2.800244747e+01,4.585880141e+00,1.355049489e-01,8.888511326e-16,1.897353802e-18,1.558540623e-19,1.283345900e-02,-2.869941294e-01,-2.642794132e+00,-1.498816013e+00,-1.317617655e+00,-7.898159623e-01,1.894621700e-01,1.465661571e-01,4.315135076e+00,-1.508456509e+00,-3.350183890e-01,2.714847408e-02,2.984185252e-03,6.182274372e-01,-4.667856724e-02,1.013818196e-01,6.314437530e-01,-5.726883852e-02,9.224493187e-03,4.850362539e-01,-1.230342463e-01,2.250029147e-02,1.977987669e+00,6.999987736e-02,0,0
6.250000000e+00,9.370660411e-02,2.625135284e-01,4.681540424e-02,1.308801994e-01,7.858315211e-02,2.753039157e+01,4.582378831e+00,1.355072511e-01,6.898116505e-17,7.152448123e-18,1.305552300e-18,1.252250700e-02,-2.869806290e-01,-2.642794609e+00,-1.498786330e+00,-1.317688346e+00,-7.898576260e-01,1.892263591e-01,1.656050544e-01,4.309794336e+00,-1.510758592e+00,-3.367250933e-01,2.569058102e-02,2.860093192e-03,6.182174820e-01,-4.666148724e-02,1.013845578e-01,6.314437530e-01,-5.726883852e-02,9.224493187e-03,4.850359559e-01,-1.230341643e-01,2.249987051e-02,1.977991244e+00,6.999995932e-02,0,0
6.260000000e+00,9.371037325e-02,2.626247156e-01,3.339308458e-02,1.309353146e-01,7.866154471e-02,2.831840794e+01,4.586183139e+00,1.355105208e-01,2.222482230e-16,3.127317221e-18,6.705420115e-19,1.228126300e-02,-2.869672179e-01,-2.642788887e+00,-1.498744369e+00,-1.317751884e+00,-7.898539901e-01,1.889380217e-01,1.456457293e-01,4.315368359e+00,-1.508804091e+00,-3.349740384e-01,2.750205444e-02,2.295808338e-03,6.182099561e-01,-4.665127895e-02,1.013861344e-01,6.314437530e-01,-5.726883852e-02,9.224493187e-03,4.850361049e-01,-1.230341494e-01,2.250027470e-02,1.977987747e+00,6.999984756e-02,0,0
6.270000000e+00,9.371636985e-02,2.627573296e-01,4.922377721e-02,1.310010505e-01,7.875577140e-02,2.746592271e+01,4.623799045e+00,1.355135654e-01,7.772045176e-16,1.058749929e-17,7.893110958e-19,1.358370600e-02,-2.869513929e-01,-2.642783880e+00,-1.498705149e+00,-1.317821741e+00,-7.898858786e-01,1.886363775e-01,1.672211398e-01,4.348116812e+00,-1.525732477e+00,-3.419025977e-01,2.587712848e-02,2.879045827e-03,6.181996741e-01,-4.663394998e-02,1.013887569e-01,6.314437530e-01,-5.726883852e-02,9.224493187e-03,4.850358963e-01,-1.230343133e-01,2.249979600e-02,1.977990458e+00,6.999990344e-02,0,0
6.280000000e+00,9.371887127e-02,2.628721332e-01,8.113953351e-02,1.310579574e-01,7.884003635e-02,2.745496481e+01,4.614368038e+00,1.355168817e-01,2.372008385e-16,1.214306433e-17,1.748223473e-18,1.410107000e-02,-2.869350910e-01,-2.642776966e+00,-1.498662472e+00,-1.317875504e+00,-7.898963094e-01,1.883266568e-01,2.092138085e-01,4.338652381e+00,-1.519628218e+00,-3.388841722e-01,2.429700417e-02,3.839952728e-03,6.181913091e-01,-4.661977413e-02,1.013884611e-01,6.314437530e-01,-5.726883852e-02,9.224493187e-03,4.850359261e-01,-1.230341867e-01,2.249996178e-02,1.977989987e+00,6.999985874e-02,0,0
6.290000000e+00,9.372192852e-02,2.630016449e-01,5.927277106e-02,1.311221544e-01,7.893698270e-02,2.779194856e+01,4.584526002e+00,1.355206171e-01,7.775993521e-16,6.055845574e-18,1.302634232e-18,1.186320100e-02,-2.869191170e-01,-2.642765760e+00,-1.498614311e+00,-1.317928195e+00,-7.899197936e-01,1.879730374e-01,1.322349249e-01,4.313821401e+00,-1.509402406e+00,-3.350534271e-01,2.775787241e-02,3.252958827e-03,6.181811244e-01,-4.660351197e-02,1.013882245e-01,6.314437530e-01,-5.726883852e-02,9.224493187e-03,4.850360453e-01,-1.230341941e-01,2.250003628e-02,1.977990026e+00,6.999990717e-02,0,0
6.300000000e+00,9.372666302e-02,2.631308957e-01,5.710649909e-02,1.311862216e-01,7.902934789e-02,2.732426475e+01,4.601960396e+00,1.355240525e-01,1.617211021e-16,7.269816092e-18,9.087270115e-19,1.262370700e-02,-2.869021893e-01,-2.642757416e+00,-1.498570085e+00,-1.317990661e+00,-7.899383307e-01,1.876498163e-01,1.536298139e-01,4.329213645e+00,-1.515453699e+00,-3.391796145e-01,2.632418868e-02,3.300609944e-03,6.181716150e-01,-4.658751267e-02,1.013898174e-01,6.314437530e-01,-5.726883852e-02,9.224493187e-03,4.850361049e-01,-1.230338514e-01,2.250018530e-02,1.977991480e+00,6.999998167e-02,0,0
6.310000000e+00,9.373092012e-02,2.632594933e-01,5.458458694e-02,1.312499644e-01,7.912305397e-02,2.740865440e+01,4.603373236e+00,1.355273431e-01,1.970267125e-17,5.818439422e-18,6.942281209e-19,1.203008200e-02,-2.868870199e-01,-2.642750502e+00,-1.498527646e+00,-1.318051934e+00,-7.899711728e-01,1.873382330e-01,1.527138526e-01,4.330807372e+00,-1.515312729e+00,-3.390800827e-01,2.594584645e-02,3.158298085e-03,6.181610530e-01,-4.657038925e-02,1.013906391e-01,6.314437530e-01,-5.726883852e-02,9.224493187e-03,4.850360751e-01,-1.230341494e-01,2.249984816e-02,1.977991087e+00,6.999999657e-02,0,0
6.320000000e+00,9.373409909e-02,2.633818011e-01,8.627000715e-02,1.313105890e-01,7.921035375e-02,2.736297338e+01,4.565217342e+00,1.355306811e-01,4.474586301e-16,3.576224061e-18,3.551486222e-18,1.336916400e-02,-2.868709266e-01,-2.642745972e+00,-1.498484731e+00,-1.318115950e+00,-7.899805307e-01,1.870290637e-01,1.797604843e-01,4.294644566e+00,-1.501131751e+00,-3.330079149e-01,2.483948809e-02,3.973747366e-03,6.181523136e-01,-4.655638090e-02,1.013909850e-01,6.314437530e-01,-5.726883852e-02,9.224493187e-03,4.850360155e-01,-1.230340973e-01,2.250001207e-02,1.977990026e+00,6.999991089e-02,0,0
6.330000000e+00,9.374059832e-02,2.635167686e-01,5.066711943e-02,1.313774882e-01,7.930346512e-02,2.730651292e+01,4.607528953e+00,1.355339248e-01,6.048099156e-17,7.359808400e-18,1.084202172e-19,1.285448900e-02,-2.868558764e-01,-2.642740250e+00,-1.498443007e+00,-1.318190694e+00,-7.900021076e-01,1.867258996e-01,1.747246213e-01,4.332991586e+00,-1.519042856e+00,-3.403486494e-01,2.532200130e-02,2.945049159e-03,6.181423567e-01,-4.654102848e-02,1.013943729e-01,6.314437530e-01,-5.726883852e-02,9.224493187e-03,4.850359261e-01,-1.230342761e-01,2.249982022e-02,1.977991323e+00,6.999989226e-02,0,0
6.340000000e+00,9.374322172e-02,2.636481252e-01,7.662689040e-02,1.314425969e-01,7.939910088e-02,2.745980321e+01,4.612480822e+00,1.355377681e-01,1.158577447e-16,7.806255642e-18,1.318988870e-18,1.262854800e-02,-2.868362367e-01,-2.642729044e+00,-1.498393536e+00,-1.318242788e+00,-7.900084853e-01,1.863568425e-01,1.946081368e-01,4.337414671e+00,-1.519412877e+00,-3.386287948e-01,2.533012631e-02,3.795729531e-03,6.181336312e-01,-4.652518497e-02,1.013939360e-01,6.314437530e-01,-5.726883852e-02,9.224493187e-03,4.850358665e-01,-1.230341718e-01,2.249993943e-02,1.977990615e+00,6.999987364e-02,0,0
6.350000000e+00,9.374634103e-02,2.637975675e-01,4.354299336e-02,1.315166694e-01,7.950964214e-02,2.753176932e+01,4.561082647e+00,1.355422250e-01,5.576321500e-16,7.059813062e-18,1.954573263e-19,1.375468700e-02,-2.868169844e-01,-2.642714262e+00,-1.498336077e+00,-1.318299294e+00,-7.900297046e-01,1.859421432e-01,1.583740333e-01,4.290249867e+00,-1.503340634e+00,-3.337783058e-01,2.644190068e-02,2.908347842e-03,6.181223291e-01,-4.650682943e-02,1.013933344e-01,6.314437530e-01,-5.726883852e-02,9.224493187e-03,4.850359559e-01,-1.230342612e-01,2.249987423e-02,1.977990223e+00,6.999992952e-02,0,0
6.360000000e+00,9.375117821e-02,2.639456376e-01,4.531194820e-02,1.315900610e-01,7.961624085e-02,2.751310104e+01,4.634637412e+00,1.355463659e-01,4.441603549e-16,6.314488766e-18,4.631713711e-19,1.122842400e-02,-2.867951989e-01,-2.642699957e+00,-1.498282671e+00,-1.318358064e+00,-7.900572419e-01,1.855586320e-01,1.809849985e-01,4.357295406e+00,-1.530599204e+00,-3.430183782e-01,2.611809555e-02,2.725963931e-03,6.181111486e-01,-4.648605936e-02,1.013942103e-01,6.314437530e-01,-5.726883852e-02,9.224493187e-03,4.850357473e-01,-1.230344400e-01,2.249986492e-02,1.977990458e+00,6.999988854e-02,0,0
6.370000000e+00,9.375307737e-02,2.640963335e-01,4.685250033e-02,1.316647534e-01,7.972820707e-02,2.745263931e+01,4.577700502e+00,1.355509813e-01,6.669037463e-16,1.734723476e-18,7.893110958e-19,1.201285100e-02,-2.867752016e-01,-2.642685413e+00,-1.498223186e+00,-1.318412423e+00,-7.900726199e-01,1.851270795e-01,1.545558557e-01,4.305942440e+00,-1.508909648e+00,-3.358351405e-01,2.667050808e-02,3.031782034e-03,6.181001240e-01,-4.646810230e-02,1.013924441e-01,6.314437530e-01,-5.726883852e-02,9.224493187e-03,4.850359559e-01,-1.230342388e-01,2.249989845e-02,1.977990183e+00,6.999992207e-02,0,0
6.380000000e+00,9.375594516e-02,2.642465833e-01,5.848696762e-02,1.317392239e-01,7.983872166e-02,2.752771434e+01,4.572543279e+00,1.355554825e-01,2.221093935e-16,8.673617380e-18,3.471140604e-19,1.280876800e-02,-2.867542207e-01,-2.642670393e+00,-1.498165131e+00,-1.318467259e+00,-7.900962830e-01,1.847138852e-01,1.650768097e-01,4.301268609e+00,-1.505863962e+00,-3.341647659e-01,2.620054407e-02,3.346814659e-03,6.180886559e-01,-4.644827875e-02,1.013913751e-01,6.314437530e-01,-5.726883852e-02,9.224493187e-03,4.850360453e-01,-1.230339855e-01,2.250006795e-02,1.977990066e+00,6.999993697e-02,0,0
6.390000000e+00,9.375959071e-02,2.644069573e-01,8.633264685e-02,1.318187116e-01,7.995450635e-02,2.740684348e+01,4.599282410e+00,1.355603860e-01,2.267864847e-16,4.770489559e-18,8.824766328e-19,1.408983100e-02,-2.867317200e-01,-2.642653465e+00,-1.498101950e+00,-1.318528414e+00,-7.901108861e-01,1.842724830e-01,1.621968346e-01,4.326723712e+00,-1.514112976e+00,-3.365983529e-01,2.645335746e-02,4.055749028e-03,6.180770984e-01,-4.642868834e-02,1.013911061e-01,6.314437530e-01,-5.726883852e-02,9.224493187e-03,4.850360155e-01,-1.230341718e-01,2.250003442e-02,1.977989594e+00,6.999994814e-02,0,0
6.400000000e+00,9.376325684e-02,2.645733611e-01,3.610195213e-02,1.319011870e-01,8.007410572e-02,2.811261384e+01,4.561676119e+00,1.355651148e-01,1.309342803e-16,1.852685484e-18,4.183759741e-19,1.383385900e-02,-2.867106795e-01,-2.642639637e+00,-1.498041034e+00,-1.318595052e+00,-7.901272178e-01,1.838266850e-01,1.596893208e-01,4.291490959e+00,-1.501911877e+00,-3.316763586e-01,2.717601633e-02,2.580856987e-03,6.180653899e-01,-4.640974425e-02,1.013909068e-01,6.314437530e-01,-5.726883852e-02,9.224493187e-03,4.850360751e-01,-1.230344102e-01,2.249995805e-02,1.977988651e+00,6.999986619e-02,0,0
6.410000000e+00,9.376713563e-02,2.647261300e-01,1.145737385e-01,1.319769037e-01,8.018245517e-02,2.699615813e+01,4.585348482e+00,1.355693984e-01,6.932521290e-17,7.757919229e-18,8.741117366e-19,1.161434700e-02,-2.866878211e-01,-2.642627478e+00,-1.497985840e+00,-1.318657756e+00,-7.901459932e-01,1.834311187e-01,1.465633660e-01,4.314779367e+00,-1.507776387e+00,-3.354038199e-01,2.664835912e-02,4.837922409e-03,6.180545236e-01,-4.638957171e-02,1.013908960e-01,6.314437530e-01,-5.726883852e-02,9.224493187e-03,4.850358367e-01,-1.230342686e-01,2.249989845e-02,1.977990851e+00,6.999998912e-02,0,0
6.420000000e+00,9.377304260e-02,2.648883009e-01,7.169379689e-02,1.320572795e-01,8.029334202e-02,2.768196049e+01,4.581317026e+00,1.355733574e-01,3.344700266e-16,3.786955384e-18,8.800798683e-19,1.281792900e-02,-2.866702378e-01,-2.642621756e+00,-1.497934937e+00,-1.318743110e+00,-7.901616693e-01,1.830556840e-01,1.284699016e-01,4.311575664e+00,-1.506605059e+00,-3.340784949e-01,2.821626785e-02,3.614892231e-03,6.180433935e-01,-4.637307194e-02,1.013933391e-01,6.314437530e-01,-5.726883852e-02,9.224493187e-03,4.850360751e-01,-1.230342835e-01,2.250003442e-02,1.977989201e+00,6.999993697e-02,0,0
6.430000000e+00,9.377982172e-02,2.650448666e-01,3.988604434e-02,1.321348763e-01,8.039808342e-02,2.759974250e+01,4.600216082e+00,1.355768547e-01,5.591801478e-16,8.208491712e-18,2.710505431e-20,1.247685600e-02,-2.866517603e-01,-2.642617702e+00,-1.497889996e+00,-1.318827748e+00,-7.901774049e-01,1.827105433e-01,1.472526818e-01,4.327523608e+00,-1.515810851e+00,-3.382311128e-01,2.745034015e-02,2.780528135e-03,6.180332036e-01,-4.635627701e-02,1.013967674e-01,6.314437530e-01,-5.726883852e-02,9.224493187e-03,4.850358665e-01,-1.230343133e-01,2.249990590e-02,1.977989908e+00,6.999996677e-02,0,0
6.440000000e+00,9.378361815e-02,2.651794658e-01,1.018836529e-01,1.322015855e-01,8.049168412e-02,2.698959975e+01,4.591903470e+00,1.355803644e-01,2.277051717e-16,7.806255642e-18,1.318988870e-18,1.215073200e-02,-2.866356373e-01,-2.642612696e+00,-1.497844815e+00,-1.318896294e+00,-7.901964784e-01,1.823945045e-01,1.489268028e-01,4.321198082e+00,-1.508858995e+00,-3.365882207e-01,2.603513332e-02,4.527169942e-03,6.180231289e-01,-4.634055485e-02,1.013973010e-01,6.314437530e-01,-5.726883852e-02,9.224493187e-03,4.850359857e-01,-1.230340451e-01,2.250000276e-02,1.977990223e+00,7.000001892e-02,0,0
6.450000000e+00,9.379185828e-02,2.653339545e-01,5.061832743e-02,1.322781515e-01,8.059167155e-02,2.713451711e+01,4.597514368e+00,1.355833111e-01,4.523713482e-16,5.553824967e-18,5.421010862e-19,1.309188100e-02,-2.866219878e-01,-2.642616034e+00,-1.497807026e+00,-1.318998575e+00,-7.902166247e-01,1.821047664e-01,1.673442808e-01,4.324260290e+00,-1.514652710e+00,-3.392176350e-01,2.561929344e-02,3.067500030e-03,6.180126228e-01,-4.632612439e-02,1.014024430e-01,6.314437530e-01,-5.726883852e-02,9.224493187e-03,4.850358665e-01,-1.230340973e-01,2.249991708e-02,1.977990655e+00,7.000001892e-02,0,0
6.460000000e+00,9.379846263e-02,2.654814049e-01,8.470892308e-02,1.323512284e-01,8.068829529e-02,2.748661748e+01,4.584414212e+00,1.355865260e-01,4.467014001e-16,8.940560153e-18,1.084202172e-18,1.234457500e-02,-2.866084874e-01,-2.642619371e+00,-1.497765779e+00,-1.319098473e+00,-7.902333736e-01,1.818193346e-01,1.470615016e-01,4.314435154e+00,-1.506103596e+00,-3.343653943e-01,2.668014347e-02,3.974372702e-03,6.180019318e-01,-4.631219113e-02,1.014059496e-01,6.314437530e-01,-5.726883852e-02,9.224493187e-03,4.850358963e-01,-1.230342239e-01,2.249992825e-02,1.977990223e+00,6.999993697e-02,0,0
6.470000000e+00,9.380691383e-02,2.656399366e-01,6.225856422e-02,1.324297966e-01,8.079086592e-02,2.709356856e+01,4.574869302e+00,1.355894701e-01,2.222312972e-16,3.878959614e-18,9.697399036e-19,1.323578300e-02,-2.865929306e-01,-2.642623425e+00,-1.497727990e+00,-1.319202781e+00,-7.902610898e-01,1.815308332e-01,1.631974706e-01,4.303784765e+00,-1.505615255e+00,-3.356926976e-01,2.555626918e-02,3.523064758e-03,6.179907641e-01,-4.629534318e-02,1.014109161e-01,6.314437530e-01,-5.726883852e-02,9.224493187e-03,4.850358367e-01,-1.230341345e-01,2.249988541e-02,1.977991087e+00,7.000000402e-02,0,0
6.480000000e+00,9.381443932e-02,2.657927097e-01,7.961985894e-02,1.325055100e-01,8.088821381e-02,2.726660804e+01,4.594805008e+00,1.355927378e-01,5.609358187e-16,7.757919229e-18,2.174494430e-18,1.259643700e-02,-2.865777910e-01,-2.642626762e+00,-1.497686148e+00,-1.319308043e+00,-7.902653217e-01,1.812351346e-01,1.430748683e-01,4.323927745e+00,-1.510422614e+00,-3.365997431e-01,2.683053939e-02,3.969223414e-03,6.179809640e-01,-4.628232192e-02,1.014155925e-01,6.314437530e-01,-5.726883852e-02,9.224493187e-03,4.850358963e-01,-1.230346039e-01,2.249981090e-02,1.977990262e+00,6.999994069e-02,0,0
6.490000000e+00,9.382141425e-02,2.659526460e-01,9.009845165e-02,1.325847725e-01,8.099348658e-02,2.718863626e+01,4.589761002e+00,1.355959131e-01,2.234365757e-16,1.323970232e-17,2.248902942e-18,1.227248400e-02,-2.865632772e-01,-2.642630577e+00,-1.497645378e+00,-1.319409609e+00,-7.902896404e-01,1.809256822e-01,1.424058707e-01,4.320036576e+00,-1.506421541e+00,-3.359702869e-01,2.666206559e-02,4.224614496e-03,6.179696647e-01,-4.626655218e-02,1.014191590e-01,6.314437530e-01,-5.726883852e-02,9.224493187e-03,4.850359857e-01,-1.230339259e-01,2.250015549e-02,1.977991127e+00,6.999997422e-02,0,0
6.500000000e+00,9.383055534e-02,2.661204662e-01,4.113814782e-02,1.326679414e-01,8.110082177e-02,2.736135018e+01,4.571795213e+00,1.355987845e-01,4.442130711e-16,5.818439422e-18,3.471140604e-19,1.163139800e-02,-2.865462005e-01,-2.642636061e+00,-1.497608542e+00,-1.319519162e+00,-7.903177142e-01,1.806262881e-01,1.539459992e-01,4.301146604e+00,-1.504846815e+00,-3.353920548e-01,2.627227224e-02,2.826259754e-03,6.179584613e-01,-4.624868708e-02,1.014246900e-01,6.314437530e-01,-5.726883852e-02,9.224493187e-03,4.850359559e-01,-1.230344772e-01,2.249983698e-02,1.977990891e+00,6.999985874e-02,0,0
6.510000000e+00,9.383686270e-02,2.662851110e-01,5.848325271e-02,1.327495357e-01,8.121058224e-02,2.774622601e+01,4.585513586e+00,1.356026804e-01,2.232715305e-16,4.086328538e-18,8.677851511e-19,1.294998000e-02,-2.865316570e-01,-2.642634869e+00,-1.497558475e+00,-1.319618225e+00,-7.903379798e-01,1.802830547e-01,1.351935227e-01,4.315636008e+00,-1.507083437e+00,-3.344536543e-01,2.779651222e-02,3.320267669e-03,6.179463059e-01,-4.623319265e-02,1.014274771e-01,6.314437530e-01,-5.726883852e-02,9.224493187e-03,4.850360453e-01,-1.230342239e-01,2.250009403e-02,1.977989279e+00,6.999988109e-02,0,0
6.520000000e+00,9.384611195e-02,2.664585265e-01,3.582359765e-02,1.328354755e-01,8.131939862e-02,2.776737807e+01,4.615494069e+00,1.356059956e-01,2.447839432e-16,1.852685484e-18,2.724024245e-19,1.258719700e-02,-2.865137160e-01,-2.642639637e+00,-1.497516036e+00,-1.319735527e+00,-7.903466225e-01,1.799615324e-01,1.520268593e-01,4.342172197e+00,-1.519661576e+00,-3.392476444e-01,2.732864086e-02,2.611223745e-03,6.179357130e-01,-4.621757664e-02,1.014334689e-01,6.314437530e-01,-5.726883852e-02,9.224493187e-03,4.850360453e-01,-1.230341494e-01,2.249998040e-02,1.977989437e+00,6.999993697e-02,0,0
6.530000000e+00,9.385290525e-02,2.666231166e-01,2.814468954e-02,1.329170408e-01,8.142732151e-02,2.788539600e+01,4.555687091e+00,1.356093742e-01,5.581540178e-16,4.424023162e-18,6.509534997e-19,1.158154800e-02,-2.864975333e-01,-2.642641783e+00,-1.497472644e+00,-1.319835186e+00,-7.903682590e-01,1.796344370e-01,1.511755375e-01,4.286044954e+00,-1.500046422e+00,-3.322038702e-01,2.731086935e-02,2.218255185e-03,6.179244259e-01,-4.620111931e-02,1.014367549e-01,6.314437530e-01,-5.726883852e-02,9.224493187e-03,4.850359261e-01,-1.230344996e-01,2.249987796e-02,1.977989947e+00,6.999990344e-02,0,0
6.540000000e+00,9.386005522e-02,2.667932587e-01,3.617201600e-02,1.330013566e-01,8.153874614e-02,2.810006749e+01,4.603450479e+00,1.356127705e-01,4.443654684e-16,6.952433222e-18,2.424349759e-19,1.250945600e-02,-2.864807248e-01,-2.642643452e+00,-1.497429013e+00,-1.319935322e+00,-7.903918028e-01,1.792957038e-01,1.478318850e-01,4.331069213e+00,-1.515813346e+00,-3.365058993e-01,2.844011084e-02,2.521848271e-03,6.179129658e-01,-4.618395970e-02,1.014402902e-01,6.314437530e-01,-5.726883852e-02,9.224493187e-03,4.850360751e-01,-1.230343580e-01,2.250006050e-02,1.977988651e+00,6.999988109e-02,0,0
6.550000000e+00,9.386804435e-02,2.669572549e-01,6.727056089e-02,1.330826258e-01,8.164456682e-02,2.684959412e+01,4.592423990e+00,1.356163331e-01,2.254406478e-16,1.346507515e-17,2.424349759e-19,1.366319600e-02,-2.864635289e-01,-2.642642975e+00,-1.497383237e+00,-1.320036769e+00,-7.904156446e-01,1.789811403e-01,1.617569646e-01,4.320357973e+00,-1.511157491e+00,-3.382616133e-01,2.583845137e-02,3.777620989e-03,6.179011942e-01,-4.616642413e-02,1.014445845e-01,6.314437530e-01,-5.726883852e-02,9.224493187e-03,4.850359261e-01,-1.230341643e-01,2.249990217e-02,1.977990380e+00,7.000000402e-02,0,0
6.560000000e+00,9.387379605e-02,2.671101086e-01,8.521220031e-02,1.331583724e-01,8.174413381e-02,2.709502798e+01,4.596877491e+00,1.356197784e-01,2.362681274e-16,7.757919229e-18,5.114171419e-19,1.256723600e-02,-2.864473164e-01,-2.642642975e+00,-1.497339010e+00,-1.320127249e+00,-7.904251218e-01,1.786628515e-01,1.380617586e-01,4.326214970e+00,-1.510558363e+00,-3.369670134e-01,2.710399424e-02,4.206197600e-03,6.178912019e-01,-4.615196662e-02,1.014472296e-01,6.314437530e-01,-5.726883852e-02,9.224493187e-03,4.850359261e-01,-1.230340749e-01,2.249999531e-02,1.977990812e+00,6.999998540e-02,0,0
6.570000000e+00,9.388215803e-02,2.672796112e-01,5.628845843e-02,1.332423685e-01,8.185257894e-02,2.697623142e+01,4.572169222e+00,1.356229557e-01,4.464824057e-16,6.314488766e-18,3.909146526e-19,1.235692500e-02,-2.864333093e-01,-2.642646790e+00,-1.497298241e+00,-1.320235610e+00,-7.904478312e-01,1.783499569e-01,1.523713118e-01,4.301614370e+00,-1.504730867e+00,-3.357256811e-01,2.625840330e-02,3.460881632e-03,6.178797892e-01,-4.613670413e-02,1.014522226e-01,6.314437530e-01,-5.726883852e-02,9.224493187e-03,4.850358963e-01,-1.230342463e-01,2.249991335e-02,1.977990576e+00,7.000000030e-02,0,0
6.580000000e+00,9.388952328e-02,2.674378578e-01,8.432376540e-02,1.333207859e-01,8.195288870e-02,2.731343510e+01,4.590599668e+00,1.356262755e-01,4.474563183e-16,6.254634441e-18,5.421010862e-19,1.286854900e-02,-2.864187956e-01,-2.642651796e+00,-1.497255683e+00,-1.320345402e+00,-7.904617786e-01,1.780616045e-01,1.356362825e-01,4.321243010e+00,-1.506271400e+00,-3.353621686e-01,2.699992710e-02,4.079859694e-03,6.178687842e-01,-4.612242078e-02,1.014563758e-01,6.314437530e-01,-5.726883852e-02,9.224493187e-03,4.850358963e-01,-1.230340078e-01,2.250002697e-02,1.977991912e+00,6.999996305e-02,0,0
6.590000000e+00,9.389872830e-02,2.676076799e-01,6.318166271e-02,1.334049384e-01,8.205913374e-02,2.729040244e+01,4.573174590e+00,1.356292898e-01,3.381209242e-16,7.806255642e-18,6.857096618e-19,1.318648200e-02,-2.864046395e-01,-2.642660379e+00,-1.497217059e+00,-1.320467472e+00,-7.904864550e-01,1.777807921e-01,1.505205413e-01,4.304211190e+00,-1.500891662e+00,-3.341722730e-01,2.599810633e-02,3.555652995e-03,6.178569252e-01,-4.610666916e-02,1.014620954e-01,6.314437530e-01,-5.726883852e-02,9.224493187e-03,4.850361049e-01,-1.230339110e-01,2.250019275e-02,1.977990498e+00,6.999997050e-02,0,0
6.600000000e+00,9.390805783e-02,2.677811949e-01,3.046883777e-02,1.334909199e-01,8.216675659e-02,2.803183379e+01,4.594731668e+00,1.356323351e-01,2.245378249e-16,1.041737196e-17,7.879136717e-19,1.184325000e-02,-2.863884866e-01,-2.642666817e+00,-1.497178078e+00,-1.320584655e+00,-7.904995084e-01,1.774745286e-01,1.238637339e-01,4.324358131e+00,-1.510752213e+00,-3.360575666e-01,2.883663078e-02,2.267833513e-03,6.178463449e-01,-4.609159690e-02,1.014682089e-01,6.314437530e-01,-5.726883852e-02,9.224493187e-03,4.850359261e-01,-1.230342463e-01,2.250003815e-02,1.977989751e+00,6.999990344e-02,0,0
6.610000000e+00,9.391683639e-02,2.679481223e-01,4.837190233e-02,1.335736362e-01,8.227257187e-02,2.716397814e+01,4.642304802e+00,1.356357122e-01,7.780221494e-16,1.939479807e-18,1.893477692e-18,1.159809700e-02,-2.863711715e-01,-2.642666817e+00,-1.497134686e+00,-1.320687294e+00,-7.905256748e-01,1.771679074e-01,1.694726391e-01,4.366136015e+00,-1.529719958e+00,-3.440703857e-01,2.631676250e-02,3.007018680e-03,6.178346903e-01,-4.607371118e-02,1.014732585e-01,6.314437530e-01,-5.726883852e-02,9.224493187e-03,4.850359261e-01,-1.230343133e-01,2.249990217e-02,1.977991244e+00,6.999991089e-02,0,0
6.620000000e+00,9.392129056e-02,2.681116967e-01,6.775232149e-02,1.336546900e-01,8.238122330e-02,2.716964169e+01,4.574035066e+00,1.356392627e-01,3.331033278e-16,8.542522420e-18,6.505213035e-19,1.310497100e-02,-2.863540053e-01,-2.642668247e+00,-1.497089028e+00,-1.320776701e+00,-7.905468345e-01,1.768241823e-01,1.628827671e-01,4.304007267e+00,-1.502755439e+00,-3.343867460e-01,2.616710300e-02,3.783178795e-03,6.178234772e-01,-4.605672355e-02,1.014740752e-01,6.314437530e-01,-5.726883852e-02,9.224493187e-03,4.850361347e-01,-1.230339408e-01,2.250011638e-02,1.977991402e+00,6.999997795e-02,0,0
6.630000000e+00,9.392810130e-02,2.682922502e-01,9.314498249e-02,1.337441563e-01,8.249841386e-02,2.723192915e+01,4.584814580e+00,1.356435942e-01,6.848451227e-17,7.961322465e-18,4.848699518e-19,1.163113800e-02,-2.863355577e-01,-2.642662287e+00,-1.497033358e+00,-1.320872664e+00,-7.905576229e-01,1.764346957e-01,1.287353613e-01,4.316351395e+00,-1.503464860e+00,-3.344909165e-01,2.744047790e-02,4.340331545e-03,6.178116984e-01,-4.604015556e-02,1.014772546e-01,6.314437530e-01,-5.726883852e-02,9.224493187e-03,4.850359559e-01,-1.230339929e-01,2.250007540e-02,1.977992580e+00,6.999993324e-02,0,0
6.640000000e+00,9.393671677e-02,2.684789489e-01,4.880956312e-02,1.338366664e-01,8.261735385e-02,2.709157375e+01,4.591117107e+00,1.356471852e-01,8.912994406e-16,8.845388855e-18,9.697399036e-19,1.251989600e-02,-2.863169014e-01,-2.642663956e+00,-1.496987224e+00,-1.320982814e+00,-7.905842066e-01,1.760828793e-01,1.445071132e-01,4.319657606e+00,-1.511059458e+00,-3.376383976e-01,2.685719292e-02,3.235369156e-03,6.177993266e-01,-4.602115759e-02,1.014818835e-01,6.314437530e-01,-5.726883852e-02,9.224493187e-03,4.850358963e-01,-1.230342314e-01,2.249985561e-02,1.977991048e+00,6.999998167e-02,0,0
6.650000000e+00,9.394268257e-02,2.686481679e-01,8.985575285e-02,1.339205142e-01,8.272635882e-02,2.709827452e+01,4.591369226e+00,1.356509818e-01,2.246064999e-16,1.398578779e-17,1.305552300e-18,1.214200300e-02,-2.862994671e-01,-2.642663240e+00,-1.496938467e+00,-1.321078777e+00,-7.905940413e-01,1.757324189e-01,1.193743757e-01,4.322114855e+00,-1.507380964e+00,-3.357703746e-01,2.803899255e-02,4.360091701e-03,6.177884812e-01,-4.600563363e-02,1.014844595e-01,6.314437530e-01,-5.726883852e-02,9.224493187e-03,4.850358367e-01,-1.230342165e-01,2.249995619e-02,1.977989515e+00,6.999995932e-02,0,0
6.660000000e+00,9.395144766e-02,2.688283602e-01,5.560860500e-02,1.340097982e-01,8.284027969e-02,2.697343263e+01,4.589531929e+00,1.356543232e-01,2.282138180e-16,5.485677295e-18,1.084202172e-18,1.205188200e-02,-2.862834036e-01,-2.642666578e+00,-1.496895552e+00,-1.321190000e+00,-7.906222939e-01,1.754079312e-01,1.514330594e-01,4.318473303e+00,-1.508987050e+00,-3.375029578e-01,2.640786451e-02,3.485649136e-03,6.177762554e-01,-4.598809260e-02,1.014894313e-01,6.314437530e-01,-5.726883852e-02,9.224493187e-03,4.850358367e-01,-1.230341047e-01,2.249985188e-02,1.977991402e+00,6.999997050e-02,0,0
6.670000000e+00,9.395770663e-02,2.689950119e-01,7.394526650e-02,1.340923720e-01,8.294648012e-02,2.711838018e+01,4.597662158e+00,1.356580557e-01,1.208912162e-16,3.705370969e-18,2.387707604e-18,1.320700200e-02,-2.862657309e-01,-2.642665386e+00,-1.496847630e+00,-1.321284771e+00,-7.906298637e-01,1.750663072e-01,1.308681827e-01,4.327589028e+00,-1.509632624e+00,-3.370119462e-01,2.757505753e-02,3.993265495e-03,6.177658032e-01,-4.597283952e-02,1.014923897e-01,6.314437530e-01,-5.726883852e-02,9.224493187e-03,4.850358963e-01,-1.230340227e-01,2.250001766e-02,1.977989712e+00,6.999997795e-02,0,0
6.680000000e+00,9.396577576e-02,2.691747572e-01,4.812631329e-02,1.341814325e-01,8.306152372e-02,2.707122401e+01,4.576449960e+00,1.356614569e-01,3.368491745e-16,8.845388855e-18,4.848699518e-19,1.267352700e-02,-2.862495482e-01,-2.642667055e+00,-1.496803880e+00,-1.321388960e+00,-7.906643152e-01,1.747345775e-01,1.502870644e-01,4.306303371e+00,-1.504511948e+00,-3.358341478e-01,2.660539680e-02,3.268877385e-03,6.177532000e-01,-4.595427973e-02,1.014964636e-01,6.314437530e-01,-5.726883852e-02,9.224493187e-03,4.850359857e-01,-1.230341643e-01,2.249982767e-02,1.977991402e+00,6.999998167e-02,0,0
6.690000000e+00,9.397215846e-02,2.693427226e-01,8.508242162e-02,1.342646552e-01,8.316754410e-02,2.711715525e+01,4.611749837e+00,1.356651550e-01,1.126310213e-16,0.000000000e+00,8.673617380e-19,1.209924200e-02,-2.862326503e-01,-2.642668009e+00,-1.496756434e+00,-1.321489811e+00,-7.906696796e-01,1.744003892e-01,1.567023958e-01,4.340018947e+00,-1.514222018e+00,-3.381199214e-01,2.655197849e-02,4.247945445e-03,6.177427001e-01,-4.593979942e-02,1.014996285e-01,6.314437530e-01,-5.726883852e-02,9.224493187e-03,4.850358963e-01,-1.230340898e-01,2.249998413e-02,1.977990616e+00,6.999999285e-02,0,0
6.700000000e+00,9.397964525e-02,2.695326365e-01,5.660434700e-02,1.343587518e-01,8.328984035e-02,2.703356390e+01,4.583111188e+00,1.356690741e-01,7.777173764e-16,6.024887182e-18,3.909146526e-19,1.252570600e-02,-2.862146795e-01,-2.642666101e+00,-1.496706009e+00,-1.321591258e+00,-7.906988263e-01,1.740244180e-01,1.462479279e-01,4.312901826e+00,-1.506192268e+00,-3.362146405e-01,2.700404147e-02,3.591207312e-03,6.177298010e-01,-4.592073821e-02,1.015029948e-01,6.314437530e-01,-5.726883852e-02,9.224493187e-03,4.850358665e-01,-1.230342016e-01,2.249989286e-02,1.977991087e+00,6.999996677e-02,0,0
6.710000000e+00,9.398421804e-02,2.697149786e-01,6.565675890e-02,1.344490956e-01,8.340926479e-02,2.678879952e+01,4.597887829e+00,1.356734920e-01,2.232205608e-16,3.878959614e-18,3.252606517e-19,1.308507100e-02,-2.861922085e-01,-2.642657757e+00,-1.496649146e+00,-1.321670175e+00,-7.907098532e-01,1.736050695e-01,1.786280729e-01,4.324931313e+00,-1.512742441e+00,-3.384961851e-01,2.549076656e-02,3.806584384e-03,6.177186284e-01,-4.590178123e-02,1.015036577e-01,6.314437530e-01,-5.726883852e-02,9.224493187e-03,4.850358963e-01,-1.230342239e-01,2.249989472e-02,1.977990694e+00,6.999991462e-02,0,0
6.720000000e+00,9.398744880e-02,2.699145601e-01,5.135267228e-02,1.345479796e-01,8.354385958e-02,2.743504291e+01,4.589619763e+00,1.356789928e-01,6.687726015e-16,7.468413951e-18,2.271817529e-19,1.227309400e-02,-2.861680388e-01,-2.642640114e+00,-1.496578217e+00,-1.321737885e+00,-7.907261252e-01,1.731032878e-01,1.247826083e-01,4.320039099e+00,-1.507588964e+00,-3.356297935e-01,2.859841551e-02,3.367231443e-03,6.177055590e-01,-4.588048916e-02,1.015023782e-01,6.314437530e-01,-5.726883852e-02,9.224493187e-03,4.850360751e-01,-1.230341569e-01,2.250002883e-02,1.977990340e+00,6.999990717e-02,0,0
6.730000000e+00,9.399159853e-02,2.701136233e-01,9.822836381e-02,1.346466055e-01,8.367684611e-02,2.677678454e+01,4.568327374e+00,1.356843434e-01,4.443948835e-16,1.430489625e-17,2.637977740e-18,1.298682000e-02,-2.861421704e-01,-2.642623901e+00,-1.496509194e+00,-1.321810007e+00,-7.907515764e-01,1.726262271e-01,1.445441008e-01,4.299977424e+00,-1.498976255e+00,-3.335461884e-01,2.667111199e-02,4.683120954e-03,6.176918760e-01,-4.585671092e-02,1.015016291e-01,6.314437530e-01,-5.726883852e-02,9.224493187e-03,4.850359857e-01,-1.230342314e-01,2.249992453e-02,1.977990026e+00,6.999997795e-02,0,0
6.740000000e+00,9.399498466e-02,2.703040748e-01,8.134167622e-02,1.347409635e-01,8.380346955e-02,2.709803323e+01,4.586619012e+00,1.356894664e-01,8.950118288e-16,3.576224061e-18,2.710505431e-18,1.285957900e-02,-2.861174643e-01,-2.642606497e+00,-1.496443152e+00,-1.321871638e+00,-7.907617092e-01,1.721472740e-01,1.220878117e-01,4.317474202e+00,-1.506134924e+00,-3.351397274e-01,2.839256644e-02,4.226298821e-03,6.176803232e-01,-4.583635370e-02,1.015008359e-01,6.314437530e-01,-5.726883852e-02,9.224493187e-03,4.850358665e-01,-1.230344772e-01,2.249985002e-02,1.977989711e+00,6.999992579e-02,0,0
6.750000000e+00,9.399972434e-02,2.704967263e-01,1.083213408e-01,1.348364102e-01,8.393033842e-02,2.631618982e+01,4.558038821e+00,1.356940694e-01,2.269837776e-16,6.254634441e-18,9.263427422e-19,1.264537700e-02,-2.860940397e-01,-2.642593861e+00,-1.496383786e+00,-1.321942329e+00,-7.907866836e-01,1.717015952e-01,1.450585460e-01,4.289880424e+00,-1.496535428e+00,-3.335859972e-01,2.604702075e-02,5.049939109e-03,6.176680093e-01,-4.581458688e-02,1.015011272e-01,6.314437530e-01,-5.726883852e-02,9.224493187e-03,4.850358069e-01,-1.230343431e-01,2.249987796e-02,1.977990066e+00,6.999998167e-02,0,0
6.760000000e+00,9.400419732e-02,2.706914931e-01,7.943522089e-02,1.349329037e-01,8.405834344e-02,2.703394186e+01,4.611855821e+00,1.356989985e-01,1.131574697e-16,1.072867218e-17,2.179219396e-18,1.120856400e-02,-2.860720754e-01,-2.642580748e+00,-1.496320248e+00,-1.322017550e+00,-7.908063531e-01,1.712485552e-01,1.708625076e-01,4.339534555e+00,-1.514360915e+00,-3.383362693e-01,2.611768580e-02,4.174210857e-03,6.176552979e-01,-4.579433899e-02,1.015012697e-01,6.314437530e-01,-5.726883852e-02,9.224493187e-03,4.850359559e-01,-1.230341867e-01,2.249998413e-02,1.977989201e+00,6.999998167e-02,0,0
6.770000000e+00,9.400911182e-02,2.708971820e-01,8.219689483e-02,1.350348069e-01,8.419244375e-02,2.656668957e+01,4.625581343e+00,1.357040568e-01,2.221093935e-16,9.341771813e-18,1.341084023e-18,1.199701100e-02,-2.860459387e-01,-2.642566204e+00,-1.496255040e+00,-1.322092175e+00,-7.908250093e-01,1.707678288e-01,1.394295941e-01,4.352439669e+00,-1.521625637e+00,-3.416466819e-01,2.728556899e-02,4.420513389e-03,6.176426725e-01,-4.577161987e-02,1.015015610e-01,6.314437530e-01,-5.726883852e-02,9.224493187e-03,4.850358665e-01,-1.230343431e-01,2.249988914e-02,1.977990615e+00,6.999999657e-02,0,0
6.780000000e+00,9.401218588e-02,2.711057026e-01,5.721715668e-02,1.351381115e-01,8.433078042e-02,2.691009729e+01,4.584834999e+00,1.357095752e-01,6.670526354e-16,1.056081929e-17,9.697399036e-19,1.126225400e-02,-2.860211730e-01,-2.642549515e+00,-1.496183872e+00,-1.322161674e+00,-7.908420563e-01,1.702567935e-01,1.468572302e-01,4.314179862e+00,-1.507664494e+00,-3.364279506e-01,2.733729605e-02,3.703961696e-03,6.176294246e-01,-4.574980033e-02,1.014999893e-01,6.314437530e-01,-5.726883852e-02,9.224493187e-03,4.850358963e-01,-1.230342537e-01,2.249991894e-02,1.977989947e+00,6.999998167e-02,0,0
6.790000000e+00,9.401542065e-02,2.713095804e-01,7.834427006e-02,1.352391146e-01,8.446505920e-02,2.701473974e+01,4.568071654e+00,1.357149187e-01,5.576299576e-16,9.220181747e-18,7.373371937e-19,1.384074800e-02,-2.859963477e-01,-2.642532825e+00,-1.496114969e+00,-1.322228551e+00,-7.908561826e-01,1.697580367e-01,1.486541746e-01,4.299195910e+00,-1.500133447e+00,-3.330576894e-01,2.737834488e-02,4.211506789e-03,6.176168754e-01,-4.572854216e-02,1.014987493e-01,6.314437530e-01,-5.726883852e-02,9.224493187e-03,4.850359559e-01,-1.230342463e-01,2.250002511e-02,1.977989319e+00,6.999998912e-02,0,0
6.800000000e+00,9.401969776e-02,2.715167253e-01,8.314115830e-02,1.353417348e-01,8.459975344e-02,2.702047155e+01,4.607391469e+00,1.357203550e-01,7.784792664e-16,8.182674271e-18,2.637977740e-18,1.330122400e-02,-2.859699130e-01,-2.642514706e+00,-1.496044874e+00,-1.322297812e+00,-7.908701301e-01,1.692602336e-01,1.655576607e-01,4.335540617e+00,-1.512973506e+00,-3.375140048e-01,2.666908822e-02,4.312676500e-03,6.176042011e-01,-4.570625644e-02,1.014984173e-01,6.314437530e-01,-5.726883852e-02,9.224493187e-03,4.850359261e-01,-1.230343953e-01,2.249983698e-02,1.977989947e+00,6.999995932e-02,0,0
6.810000000e+00,9.402298433e-02,2.717247018e-01,6.871540629e-02,1.354447655e-01,8.473646984e-02,2.661629707e+01,4.566985084e+00,1.357258334e-01,1.182414804e-16,7.806255642e-18,1.084202172e-19,1.147261600e-02,-2.859434783e-01,-2.642496109e+00,-1.495974183e+00,-1.322361588e+00,-7.908894420e-01,1.687526405e-01,1.358116756e-01,4.297962904e+00,-1.501195974e+00,-3.347618152e-01,2.740721042e-02,4.103876208e-03,6.175911611e-01,-4.568314300e-02,1.014969102e-01,6.314437530e-01,-5.726883852e-02,9.224493187e-03,4.850358963e-01,-1.230343059e-01,2.249991894e-02,1.977989947e+00,6.999995559e-02,0,0
6.820000000e+00,9.402657222e-02,2.719265955e-01,4.408862577e-02,1.355447814e-01,8.486778696e-02,2.705313365e+01,4.602033444e+00,1.357312594e-01,8.885023507e-16,2.105139830e-18,1.212174880e-19,1.291751000e-02,-2.859182954e-01,-2.642476797e+00,-1.495904207e+00,-1.322424531e+00,-7.909008265e-01,1.682585031e-01,1.173770743e-01,4.331591516e+00,-1.512202402e+00,-3.385989515e-01,2.886488135e-02,3.293008487e-03,6.175789176e-01,-4.566212030e-02,1.014960853e-01,6.314437530e-01,-5.726883852e-02,9.224493187e-03,4.850359857e-01,-1.230341569e-01,2.250000276e-02,1.977990694e+00,6.999998912e-02,0,0
6.830000000e+00,9.403027364e-02,2.721319703e-01,7.682639793e-02,1.356465205e-01,8.500139652e-02,2.691106674e+01,4.578658497e+00,1.357363974e-01,4.443610242e-16,4.091337135e-18,1.738108305e-18,1.100273300e-02,-2.858939767e-01,-2.642463207e+00,-1.495837927e+00,-1.322497725e+00,-7.909241319e-01,1.677848846e-01,1.452830787e-01,4.309373272e+00,-1.503204600e+00,-3.345567282e-01,2.717475732e-02,4.210331963e-03,6.175656389e-01,-4.563973715e-02,1.014950427e-01,6.314437530e-01,-5.726883852e-02,9.224493187e-03,4.850360453e-01,-1.230341494e-01,2.250008844e-02,1.977989122e+00,6.999994069e-02,0,0
6.840000000e+00,9.403491312e-02,2.723437035e-01,9.405086995e-02,1.357514078e-01,8.513709601e-02,2.677243290e+01,4.606295977e+00,1.357417969e-01,2.486788273e-16,4.336808690e-18,3.484660191e-18,1.289503900e-02,-2.858678699e-01,-2.642446756e+00,-1.495768309e+00,-1.322572470e+00,-7.909398675e-01,1.672946215e-01,1.444120175e-01,4.335499387e+00,-1.511859288e+00,-3.377522773e-01,2.712954816e-02,4.662978016e-03,6.175526250e-01,-4.561732190e-02,1.014949847e-01,6.314437530e-01,-5.726883852e-02,9.224493187e-03,4.850360155e-01,-1.230343208e-01,2.249993570e-02,1.977989515e+00,6.999994442e-02,0,0
6.850000000e+00,9.403888899e-02,2.725574835e-01,7.292385443e-02,1.358573075e-01,8.527474986e-02,2.691680671e+01,4.628305360e+00,1.357470930e-01,2.232896409e-16,1.876390332e-17,7.818293052e-19,1.142644600e-02,-2.858420610e-01,-2.642430067e+00,-1.495700002e+00,-1.322641373e+00,-7.909560800e-01,1.667906791e-01,1.669539540e-01,4.354941927e+00,-1.520204985e+00,-3.406731583e-01,2.681762708e-02,4.137230890e-03,6.175399608e-01,-4.559513435e-02,1.014943249e-01,6.314437530e-01,-5.726883852e-02,9.224493187e-03,4.850359261e-01,-1.230341792e-01,2.250002697e-02,1.977990576e+00,6.999992952e-02,0,0
6.860000000e+00,9.404124235e-02,2.727786687e-01,6.601960937e-02,1.359668739e-01,8.541920618e-02,2.700213862e+01,4.600032855e+00,1.357531060e-01,4.487304146e-16,8.545274078e-18,4.910804546e-19,1.152034600e-02,-2.858142555e-01,-2.642408371e+00,-1.495622396e+00,-1.322702289e+00,-7.909716368e-01,1.662408262e-01,1.297345792e-01,4.329971289e+00,-1.510038413e+00,-3.373016443e-01,2.856100039e-02,3.962012678e-03,6.175264156e-01,-4.557151701e-02,1.014916902e-01,6.314437530e-01,-5.726883852e-02,9.224493187e-03,4.850359857e-01,-1.230341867e-01,2.249997854e-02,1.977989279e+00,6.999996677e-02,0,0
6.870000000e+00,9.404494599e-02,2.729917795e-01,4.586506198e-02,1.360724390e-01,8.555624136e-02,2.682743159e+01,4.604727894e+00,1.357585471e-01,8.845388855e-18,2.235140038e-18,4.397561437e-19,1.235943500e-02,-2.857880294e-01,-2.642388344e+00,-1.495552182e+00,-1.322763443e+00,-7.909874916e-01,1.657282561e-01,9.214396826e-02,4.334942184e+00,-1.512323219e+00,-3.395404153e-01,2.972874092e-02,3.423439729e-03,6.175138721e-01,-4.554915168e-02,1.014907342e-01,6.314437530e-01,-5.726883852e-02,9.224493187e-03,4.850358963e-01,-1.230343282e-01,2.249991149e-02,1.977989790e+00,7.000003383e-02,0,0
6.880000000e+00,9.405073596e-02,2.731895360e-01,4.307234313e-02,1.361703969e-01,8.567931414e-02,2.676141787e+01,4.581609755e+00,1.357629445e-01,4.571885031e-16,2.453269467e-18,4.233944833e-19,1.199181100e-02,-2.857666612e-01,-2.642382383e+00,-1.495495558e+00,-1.322853923e+00,-7.910059094e-01,1.653252244e-01,1.290163005e-01,4.312335232e+00,-1.504613469e+00,-3.370859152e-01,2.771601612e-02,3.287634755e-03,6.175015623e-01,-4.552957653e-02,1.014922881e-01,6.314437530e-01,-5.726883852e-02,9.224493187e-03,4.850358665e-01,-1.230341792e-01,2.249987423e-02,1.977991205e+00,7.000007480e-02,0,0
6.890000000e+00,9.405793227e-02,2.733867601e-01,6.621296970e-02,1.362680898e-01,8.580112629e-02,2.699137754e+01,4.603279026e+00,1.357668977e-01,3.402933252e-16,6.619851161e-18,1.167721477e-18,1.154908700e-02,-2.857486606e-01,-2.642381668e+00,-1.495444655e+00,-1.322957277e+00,-7.910373807e-01,1.649631858e-01,1.372103778e-01,4.333513786e+00,-1.509090534e+00,-3.374741876e-01,2.740088231e-02,3.936426628e-03,6.174882581e-01,-4.551008038e-02,1.014951299e-01,6.314437530e-01,-5.726883852e-02,9.224493187e-03,4.850360155e-01,-1.230340749e-01,2.250005491e-02,1.977991087e+00,7.000003010e-02,0,0
6.900000000e+00,9.406622358e-02,2.735883835e-01,4.357360158e-02,1.363679604e-01,8.592131261e-02,2.696803701e+01,4.564554228e+00,1.357705611e-01,2.549512417e-17,6.195150568e-18,1.212174880e-19,1.223078300e-02,-2.857309580e-01,-2.642386436e+00,-1.495397687e+00,-1.323076248e+00,-7.910446525e-01,1.646064073e-01,9.756188013e-02,4.297761024e+00,-1.497520658e+00,-3.338511280e-01,2.917026815e-02,3.400186807e-03,6.174769529e-01,-4.549461264e-02,1.014998990e-01,6.314437530e-01,-5.726883852e-02,9.224493187e-03,4.850359261e-01,-1.230341643e-01,2.249997668e-02,1.977990419e+00,7.000003010e-02,0,0
6.910000000e+00,9.407607515e-02,2.737768618e-01,4.899991058e-02,1.364613186e-01,8.603196686e-02,2.663425974e+01,4.636092199e+00,1.357740367e-01,5.619975321e-16,3.878959614e-18,4.470280077e-19,1.224863400e-02,-2.857144773e-01,-2.642390966e+00,-1.495353103e+00,-1.323198318e+00,-7.910624146e-01,1.643056273e-01,1.226843664e-01,4.363372698e+00,-1.523226578e+00,-3.439078866e-01,2.783708728e-02,3.372915811e-03,6.174649651e-01,-4.547830597e-02,1.015060447e-01,6.314437530e-01,-5.726883852e-02,9.224493187e-03,4.850358069e-01,-1.230341569e-01,2.249992266e-02,1.977991480e+00,7.000006735e-02,0,0
6.920000000e+00,9.408295345e-02,2.739732612e-01,4.701769387e-02,1.365585990e-01,8.615015773e-02,2.717398397e+01,4.604668109e+00,1.357778372e-01,7.900613294e-17,1.788112031e-18,6.942281209e-19,1.290171000e-02,-2.856979966e-01,-2.642395020e+00,-1.495304346e+00,-1.323311687e+00,-7.910682559e-01,1.639470756e-01,1.570909753e-01,4.334672876e+00,-1.508006460e+00,-3.377751433e-01,2.673804100e-02,3.379225425e-03,6.174536508e-01,-4.546379975e-02,1.015094878e-01,6.314437530e-01,-5.726883852e-02,9.224493187e-03,4.850361645e-01,-1.230340376e-01,2.250017598e-02,1.977989515e+00,6.999996305e-02,0,0
6.930000000e+00,9.409139369e-02,2.742055977e-01,4.015783967e-02,1.366736781e-01,8.629167369e-02,2.713474919e+01,4.596992715e+00,1.357824678e-01,4.453891968e-16,8.805430562e-18,4.631713711e-19,1.112439300e-02,-2.856743932e-01,-2.642391443e+00,-1.495244741e+00,-1.323424816e+00,-7.910946608e-01,1.635076702e-01,1.019112081e-01,4.327578010e+00,-1.509727983e+00,-3.374005260e-01,2.994669772e-02,3.193260859e-03,6.174394454e-01,-4.544118775e-02,1.015130429e-01,6.314437530e-01,-5.726883852e-02,9.224493187e-03,4.850359261e-01,-1.230344400e-01,2.249988914e-02,1.977989555e+00,6.999990717e-02,0,0
6.940000000e+00,9.409719088e-02,2.744238985e-01,1.038202239e-01,1.367818034e-01,8.642673341e-02,2.660492602e+01,4.595479021e+00,1.357874660e-01,2.403327750e-16,1.077240931e-17,7.047314121e-19,1.132147500e-02,-2.856519520e-01,-2.642385006e+00,-1.495180368e+00,-1.323525310e+00,-7.911147475e-01,1.630672812e-01,1.105069247e-01,4.327113120e+00,-1.506094998e+00,-3.363884830e-01,2.834352343e-02,4.999163997e-03,6.174254961e-01,-4.542023426e-02,1.015141480e-01,6.314437530e-01,-5.726883852e-02,9.224493187e-03,4.850359559e-01,-1.230343655e-01,2.249990776e-02,1.977989555e+00,7.000000030e-02,0,0
6.950000000e+00,9.410696031e-02,2.746435577e-01,7.726186496e-02,1.368905999e-01,8.655748564e-02,2.630519698e+01,4.616909386e+00,1.357916022e-01,2.438998999e-16,8.182674271e-18,1.454609855e-18,1.400227000e-02,-2.856312692e-01,-2.642385244e+00,-1.495127201e+00,-1.323646545e+00,-7.911382914e-01,1.626849771e-01,1.051097259e-01,4.346742486e+00,-1.514417108e+00,-3.411237741e-01,2.810016892e-02,4.445838681e-03,6.174120174e-01,-4.540006448e-02,1.015194691e-01,6.314437530e-01,-5.726883852e-02,9.224493187e-03,4.850358367e-01,-1.230340898e-01,2.249996178e-02,1.977991087e+00,7.000008970e-02,0,0
6.960000000e+00,9.411444821e-02,2.748536271e-01,3.996733837e-02,1.369946451e-01,8.668302822e-02,2.720363047e+01,4.594335284e+00,1.357956143e-01,3.055527177e-17,3.686287386e-18,3.854735176e-19,1.184354000e-02,-2.856128812e-01,-2.642388582e+00,-1.495075703e+00,-1.323764205e+00,-7.911471725e-01,1.623050719e-01,1.052109346e-01,4.325913959e+00,-1.506363716e+00,-3.366056340e-01,2.950279636e-02,3.220002314e-03,6.173999722e-01,-4.538373440e-02,1.015231708e-01,6.314437530e-01,-5.726883852e-02,9.224493187e-03,4.850358665e-01,-1.230343059e-01,2.249988541e-02,1.977990262e+00,7.000003383e-02,0,0
6.970000000e+00,9.412238533e-02,2.750621778e-01,9.650029004e-02,1.370979366e-01,8.680660355e-02,2.656462616e+01,4.593098843e+00,1.357997199e-01,2.248809900e-16,6.254634441e-18,3.093778071e-18,1.227334400e-02,-2.855935097e-01,-2.642391920e+00,-1.495023012e+00,-1.323885560e+00,-7.911550403e-01,1.619363576e-01,1.117109942e-01,4.325721609e+00,-1.502702176e+00,-3.365764104e-01,2.809279826e-02,4.845746600e-03,6.173877490e-01,-4.536686843e-02,1.015272303e-01,6.314437530e-01,-5.726883852e-02,9.224493187e-03,4.850360155e-01,-1.230339259e-01,2.250006609e-02,1.977991127e+00,7.000007853e-02,0,0
6.980000000e+00,9.413366317e-02,2.752816147e-01,6.367179429e-02,1.372066182e-01,8.693452599e-02,2.653798036e+01,4.573373336e+00,1.358032614e-01,5.551636871e-16,1.040834086e-17,4.848699518e-19,1.260961700e-02,-2.855760455e-01,-2.642400980e+00,-1.494977593e+00,-1.324027300e+00,-7.911815047e-01,1.616028845e-01,1.367027282e-01,4.305251385e+00,-1.499543593e+00,-3.353764704e-01,2.723329816e-02,4.065605919e-03,6.173740971e-01,-4.534828781e-02,1.015342532e-01,6.314437530e-01,-5.726883852e-02,9.224493187e-03,4.850358665e-01,-1.230343431e-01,2.249987982e-02,1.977991284e+00,7.000002265e-02,0,0
6.990000000e+00,9.414439960e-02,2.755023813e-01,5.156220520e-02,1.373159567e-01,8.706269569e-02,2.679190221e+01,4.606594943e+00,1.358071668e-01,1.353084311e-16,5.485677295e-18,5.838607383e-19,1.219463200e-02,-2.855572104e-01,-2.642408371e+00,-1.494927526e+00,-1.324169040e+00,-7.911971211e-01,1.612537503e-01,1.064958226e-01,4.337256965e+00,-1.510576015e+00,-3.389410318e-01,2.903371855e-02,3.708868273e-03,6.173607733e-01,-4.533039716e-02,1.015408584e-01,6.314437530e-01,-5.726883852e-02,9.224493187e-03,4.850357473e-01,-1.230343059e-01,2.249989286e-02,1.977991480e+00,7.000001147e-02,0,0
7.000000000e+00,9.415320720e-02,2.757244829e-01,3.306135277e-02,1.374259547e-01,8.719504692e-02,2.736022027e+01,4.571141845e+00,1.358108894e-01,3.333480037e-16,4.149818338e-18,2.068703488e-19,1.243925500e-02,-2.855399251e-01,-2.642417669e+00,-1.494879723e+00,-1.324303031e+00,-7.912257910e-01,1.608930379e-01,1.370057978e-01,4.303733131e+00,-1.497552204e+00,-3.331592569e-01,2.795649134e-02,3.009597868e-03,6.173467833e-01,-4.531153512e-02,1.015452642e-01,6.314437530e-01,-5.726883852e-02,9.224493187e-03,4.850360751e-01,-1.230342239e-01,2.250008844e-02,1.977989162e+00,7.000000030e-02,0,0
7.010000000e+00,9.416303091e-02,2.759468324e-01,2.798429427e-02,1.375360738e-01,8.732303595e-02,2.749374482e+01,4.570177751e+00,1.358147549e-01,3.345498665e-16,4.814638989e-18,4.599880250e-19,1.277004800e-02,-2.855207026e-01,-2.642425060e+00,-1.494830251e+00,-1.324440241e+00,-7.912226319e-01,1.605204046e-01,1.243525956e-01,4.302832649e+00,-1.498256459e+00,-3.332734048e-01,2.901795803e-02,2.584960689e-03,6.173353461e-01,-4.529647809e-02,1.015515847e-01,6.314437530e-01,-5.726883852e-02,9.224493187e-03,4.850358665e-01,-1.230343655e-01,2.250001207e-02,1.977990183e+00,6.999994814e-02,0,0
7.020000000e+00,9.417197271e-02,2.761930074e-01,3.171353137e-02,1.376579905e-01,8.746926962e-02,2.718590191e+01,4.572658326e+00,1.358195494e-01,1.159283395e-16,7.155734338e-18,6.705420115e-19,1.142149500e-02,-2.854977250e-01,-2.642424107e+00,-1.494768620e+00,-1.324566603e+00,-7.912385464e-01,1.600707620e-01,1.158295507e-01,4.304775811e+00,-1.500623524e+00,-3.345892873e-01,2.939743685e-02,2.782515691e-03,6.173211576e-01,-4.527568291e-02,1.015558365e-01,6.314437530e-01,-5.726883852e-02,9.224493187e-03,4.850359261e-01,-1.230345294e-01,2.249993384e-02,1.977989555e+00,6.999989226e-02,0,0
7.030000000e+00,9.417825540e-02,2.764273722e-01,1.203289419e-01,1.377740563e-01,8.761201165e-02,2.642873608e+01,4.587760722e+00,1.358245543e-01,3.460066765e-16,2.168404345e-17,1.748223473e-18,1.105575200e-02,-2.854739428e-01,-2.642418385e+00,-1.494704127e+00,-1.324670553e+00,-7.912644744e-01,1.596136391e-01,1.070375329e-01,4.320988711e+00,-1.500602327e+00,-3.354041267e-01,2.853984598e-02,5.493295793e-03,6.173065886e-01,-4.525292409e-02,1.015570561e-01,6.314437530e-01,-5.726883852e-02,9.224493187e-03,4.850358367e-01,-1.230341494e-01,2.249993943e-02,1.977990498e+00,7.000004500e-02,0,0
7.040000000e+00,9.418799658e-02,2.766720624e-01,6.027283522e-02,1.378952337e-01,8.775712164e-02,2.632376681e+01,4.582190387e+00,1.358291129e-01,3.123706694e-17,2.168404345e-18,1.096331598e-18,1.206975200e-02,-2.854524851e-01,-2.642417669e+00,-1.494645476e+00,-1.324796677e+00,-7.912927866e-01,1.591841727e-01,9.346790530e-02,4.314502514e+00,-1.502749573e+00,-3.371684739e-01,2.906615015e-02,4.104904010e-03,6.172917210e-01,-4.523122427e-02,1.015618883e-01,6.314437530e-01,-5.726883852e-02,9.224493187e-03,4.850359559e-01,-1.230341643e-01,2.249990776e-02,1.977990851e+00,7.000010833e-02,0,0
7.050000000e+00,9.419647482e-02,2.769048674e-01,7.850893228e-02,1.380105233e-01,8.789471456e-02,2.668276353e+01,4.594584807e+00,1.358333705e-01,3.379206156e-16,8.148123768e-18,9.697399036e-19,1.239499400e-02,-2.854317725e-01,-2.642420292e+00,-1.494590759e+00,-1.324920535e+00,-7.913118005e-01,1.587755978e-01,1.023336790e-01,4.327163591e+00,-1.503747674e+00,-3.365608320e-01,2.902481955e-02,4.464071404e-03,6.172781988e-01,-4.521163935e-02,1.015659080e-01,6.314437530e-01,-5.726883852e-02,9.224493187e-03,4.850358367e-01,-1.230343357e-01,2.249987237e-02,1.977989947e+00,7.000007480e-02,0,0
7.060000000e+00,9.420445084e-02,2.771408106e-01,8.610091806e-02,1.381273650e-01,8.803498415e-02,2.665449004e+01,4.596777485e+00,1.358378287e-01,5.554156832e-16,8.542522420e-18,1.341084023e-18,1.239811500e-02,-2.854108810e-01,-2.642421246e+00,-1.494533420e+00,-1.325041175e+00,-7.913333774e-01,1.583529711e-01,1.327382885e-01,4.329107446e+00,-1.502487098e+00,-3.366537505e-01,2.734994710e-02,4.611943334e-03,6.172642119e-01,-4.519146174e-02,1.015692610e-01,6.314437530e-01,-5.726883852e-02,9.224493187e-03,4.850360155e-01,-1.230339631e-01,2.250009775e-02,1.977989319e+00,7.000003383e-02,0,0
7.070000000e+00,9.421399077e-02,2.773587802e-01,5.229402771e-02,1.382353043e-01,8.816206550e-02,2.674449374e+01,4.609918713e+00,1.358415574e-01,5.560025535e-16,7.573910768e-18,1.355252716e-19,1.290675000e-02,-2.853906155e-01,-2.642425060e+00,-1.494485497e+00,-1.325162768e+00,-7.913591862e-01,1.579963863e-01,1.023300438e-01,4.341006448e+00,-1.510182964e+00,-3.391437655e-01,2.926813022e-02,3.797835337e-03,6.172511808e-01,-4.517139154e-02,1.015743645e-01,6.314437530e-01,-5.726883852e-02,9.224493187e-03,4.850358665e-01,-1.230343059e-01,2.249987237e-02,1.977990419e+00,7.000012696e-02,0,0
7.080000000e+00,9.422210000e-02,2.775568362e-01,3.488968712e-02,1.383333809e-01,8.827684754e-02,2.714303203e+01,4.610312815e+00,1.358450872e-01,2.293528154e-16,2.742838647e-18,8.824766328e-19,1.334779400e-02,-2.853731811e-01,-2.642429352e+00,-1.494440198e+00,-1.325276494e+00,-7.913700938e-01,1.576655060e-01,8.815111194e-02,4.341326707e+00,-1.511326582e+00,-3.391882479e-01,3.052241735e-02,2.780646471e-03,6.172399702e-01,-4.515564334e-02,1.015788498e-01,6.314437530e-01,-5.726883852e-02,9.224493187e-03,4.850358665e-01,-1.230342984e-01,2.249990031e-02,1.977989987e+00,7.000003383e-02,0,0
7.090000000e+00,9.422897704e-02,2.777501252e-01,7.910674646e-02,1.384290956e-01,8.839075451e-02,2.688804041e+01,4.591778135e+00,1.358488800e-01,3.927147296e-17,2.168404345e-18,4.975826541e-19,1.269149700e-02,-2.853573263e-01,-2.642431498e+00,-1.494391441e+00,-1.325383902e+00,-7.913865447e-01,1.573327780e-01,1.052535133e-01,4.325485996e+00,-1.500076308e+00,-3.353240979e-01,2.878559852e-02,4.386846181e-03,6.172279438e-01,-4.513990764e-02,1.015819505e-01,6.314437530e-01,-5.726883852e-02,9.224493187e-03,4.850361049e-01,-1.230342090e-01,2.249995992e-02,1.977989201e+00,6.999999657e-02,0,0
7.100000000e+00,9.423803472e-02,2.779599964e-01,6.193254479e-02,1.385330201e-01,8.851221412e-02,2.627973534e+01,4.623570181e+00,1.358526459e-01,2.247605235e-16,1.301042607e-17,6.857096618e-19,1.260996700e-02,-2.853378057e-01,-2.642431736e+00,-1.494343042e+00,-1.325494766e+00,-7.914032340e-01,1.569756120e-01,1.480184725e-01,4.352784717e+00,-1.513557663e+00,-3.423196379e-01,2.648033464e-02,4.027620531e-03,6.172160749e-01,-4.512187530e-02,1.015869945e-01,6.314437530e-01,-5.726883852e-02,9.224493187e-03,4.850358963e-01,-1.230340824e-01,2.249988914e-02,1.977990694e+00,7.000004500e-02,0,0
7.110000000e+00,9.424490532e-02,2.781845328e-01,3.886955008e-02,1.386442049e-01,8.864523898e-02,2.665553091e+01,4.580951153e+00,1.358567971e-01,2.264362402e-16,5.452362069e-18,7.931413170e-19,1.176728900e-02,-2.853170633e-01,-2.642432928e+00,-1.494289637e+00,-1.325604677e+00,-7.914234400e-01,1.565709114e-01,7.930309749e-02,4.313874769e+00,-1.501716202e+00,-3.365090980e-01,3.012547313e-02,3.390472047e-03,6.172031570e-01,-4.510229310e-02,1.015894366e-01,6.314437530e-01,-5.726883852e-02,9.224493187e-03,4.850358665e-01,-1.230343208e-01,2.249986678e-02,1.977991087e+00,7.000002638e-02,0,0
7.120000000e+00,9.425272432e-02,2.784096336e-01,5.218688632e-02,1.387556675e-01,8.877671975e-02,2.718408716e+01,4.585609833e+00,1.358609355e-01,3.341099481e-16,5.918592033e-18,1.410504941e-18,1.168000800e-02,-2.852980196e-01,-2.642435789e+00,-1.494236469e+00,-1.325724363e+00,-7.914363146e-01,1.561784893e-01,9.395542531e-02,4.319409017e+00,-1.499658956e+00,-3.343695529e-01,3.003886465e-02,3.652519831e-03,6.171904542e-01,-4.508483061e-02,1.015931538e-01,6.314437530e-01,-5.726883852e-02,9.224493187e-03,4.850360453e-01,-1.230344251e-01,2.249990404e-02,1.977989122e+00,6.999997795e-02,0,0
7.130000000e+00,9.426137981e-02,2.786298696e-01,3.946303578e-02,1.388647194e-01,8.890405374e-02,2.715955431e+01,4.601176215e+00,1.358651758e-01,3.496446946e-17,2.949348775e-18,7.373371937e-19,1.275068900e-02,-2.852783799e-01,-2.642437220e+00,-1.494181991e+00,-1.325845957e+00,-7.914490700e-01,1.558042765e-01,8.757987945e-02,4.333954204e+00,-1.505178328e+00,-3.369064847e-01,3.024207191e-02,3.304954546e-03,6.171775699e-01,-4.506695575e-02,1.015976375e-01,6.314437530e-01,-5.726883852e-02,9.224493187e-03,4.850359857e-01,-1.230342686e-01,2.250004746e-02,1.977989947e+00,7.000001147e-02,0,0
7.140000000e+00,9.426967336e-02,2.788646830e-01,5.621541044e-02,1.389809877e-01,8.904171679e-02,2.646389796e+01,4.632563423e+00,1.358695654e-01,2.255624188e-16,1.215080617e-17,1.105673607e-18,1.122843400e-02,-2.852571607e-01,-2.642434835e+00,-1.494125485e+00,-1.325957298e+00,-7.914720178e-01,1.553845555e-01,1.144536618e-01,4.360830331e+00,-1.520731392e+00,-3.423905540e-01,2.884381643e-02,3.977508525e-03,6.171640252e-01,-4.504652301e-02,1.016013068e-01,6.314437530e-01,-5.726883852e-02,9.224493187e-03,4.850359261e-01,-1.230341867e-01,2.249994501e-02,1.977990144e+00,7.000003755e-02,0,0
7.150000000e+00,9.427370707e-02,2.790839978e-01,1.059407488e-01,1.390895800e-01,8.917330185e-02,2.636293863e+01,4.581789073e+00,1.358743482e-01,4.464082602e-16,7.757919229e-18,1.738108305e-18,1.176222900e-02,-2.852347791e-01,-2.642428160e+00,-1.494063854e+00,-1.326044202e+00,-7.914848328e-01,1.549424678e-01,1.487491838e-01,4.315659010e+00,-1.494251117e+00,-3.350467268e-01,2.612750029e-02,5.171178418e-03,6.171515609e-01,-4.502703621e-02,1.016009153e-01,6.314437530e-01,-5.726883852e-02,9.224493187e-03,4.850358963e-01,-1.230337992e-01,2.250002325e-02,1.977993681e+00,7.000007853e-02,0,0
7.160000000e+00,9.427910895e-02,2.793010050e-01,8.032045869e-02,1.391970281e-01,8.930189107e-02,2.675180085e+01,4.586236355e+00,1.358786961e-01,3.332035340e-16,8.482453019e-18,4.345270764e-19,1.329957400e-02,-2.852125466e-01,-2.642421007e+00,-1.494007826e+00,-1.326127768e+00,-7.914996147e-01,1.545147598e-01,9.035406670e-02,4.320819196e+00,-1.497619962e+00,-3.349074093e-01,2.953970388e-02,4.516987281e-03,6.171399317e-01,-4.500762478e-02,1.016020539e-01,6.314437530e-01,-5.726883852e-02,9.224493187e-03,4.850359857e-01,-1.230341941e-01,2.249996550e-02,1.977989947e+00,7.000002265e-02,0,0
7.170000000e+00,9.428478164e-02,2.795289483e-01,9.275731550e-02,1.393098893e-01,8.943702749e-02,2.649584117e+01,4.563445244e+00,1.358835145e-01,1.171709081e-16,5.222209201e-18,2.616164341e-18,1.191753000e-02,-2.851890028e-01,-2.642413378e+00,-1.493945718e+00,-1.326219916e+00,-7.915185094e-01,1.540720910e-01,1.098651097e-01,4.299139123e+00,-1.489595571e+00,-3.326365194e-01,2.826702071e-02,4.890020469e-03,6.171267764e-01,-4.498638760e-02,1.016029843e-01,6.314437530e-01,-5.726883852e-02,9.224493187e-03,4.850358963e-01,-1.230338141e-01,2.250009403e-02,1.977992345e+00,7.000004873e-02,0,0
7.180000000e+00,9.429159084e-02,2.797764047e-01,4.888942490e-02,1.394324100e-01,8.958313124e-02,2.664385913e+01,4.626601482e+00,1.358885892e-01,2.733221853e-17,9.004917493e-18,6.506624603e-19,1.154720700e-02,-2.851637602e-01,-2.642402411e+00,-1.493880272e+00,-1.326312661e+00,-7.915414572e-01,1.535887867e-01,8.069941866e-02,4.356764081e+00,-1.516636078e+00,-3.411841355e-01,3.049036838e-02,3.788427353e-03,6.171129192e-01,-4.496333032e-02,1.016047171e-01,6.314437530e-01,-5.726883852e-02,9.224493187e-03,4.850358367e-01,-1.230341196e-01,2.249998599e-02,1.977991048e+00,7.000001892e-02,0,0
7.190000000e+00,9.429571195e-02,2.800205904e-01,4.334076929e-02,1.395533091e-01,8.972925071e-02,2.667699970e+01,4.566981180e+00,1.358939396e-01,5.727215237e-17,1.852685484e-18,2.315856856e-19,1.189616000e-02,-2.851384580e-01,-2.642390490e+00,-1.493811250e+00,-1.326395512e+00,-7.915585041e-01,1.530838907e-01,7.749620777e-02,4.301814642e+00,-1.494348702e+00,-3.341864687e-01,3.050076924e-02,3.646071183e-03,6.170993701e-01,-4.494111934e-02,1.016038595e-01,6.314437530e-01,-5.726883852e-02,9.224493187e-03,4.850360155e-01,-1.230339929e-01,2.250011824e-02,1.977992895e+00,7.000000402e-02,0,0
7.200000000e+00,9.430162602e-02,2.802758205e-01,5.124849769e-02,1.396796742e-01,8.987995917e-02,2.646818732e+01,4.594102950e+00,1.358992628e-01,7.209544993e-17,3.576224061e-18,8.741117366e-19,1.322993200e-02,-2.851106226e-01,-2.642378807e+00,-1.493742585e+00,-1.326485991e+00,-7.915794253e-01,1.525756568e-01,1.539248544e-01,4.324776947e+00,-1.504483224e+00,-3.378789356e-01,2.732052668e-02,3.880136449e-03,6.170853939e-01,-4.491666704e-02,1.016044588e-01,6.314437530e-01,-5.726883852e-02,9.224493187e-03,4.850358665e-01,-1.230343133e-01,2.249994501e-02,1.977990576e+00,6.999994442e-02,0,0
7.210000000e+00,9.430544016e-02,2.805758093e-01,9.261176896e-02,1.398281966e-01,9.005986607e-02,2.658191922e+01,4.588633919e+00,1.359065279e-01,5.551602993e-16,7.165788999e-18,2.169081865e-18,1.233324400e-02,-2.850767374e-01,-2.642354250e+00,-1.493648767e+00,-1.326567411e+00,-7.915974855e-01,1.519181281e-01,1.033393994e-01,4.321429988e+00,-1.502294245e+00,-3.351301641e-01,3.000436211e-02,4.957929196e-03,6.170687282e-01,-4.488799864e-02,1.016019228e-01,6.314437530e-01,-5.726883852e-02,9.224493187e-03,4.850359857e-01,-1.230343729e-01,2.249988355e-02,1.977989515e+00,6.999995187e-02,0,0
7.220000000e+00,9.430840985e-02,2.808843049e-01,8.402760495e-02,1.399809274e-01,9.024610457e-02,2.634658213e+01,4.597606522e+00,1.359140993e-01,2.228393935e-16,1.227401141e-17,2.616164341e-18,1.258606600e-02,-2.850415707e-01,-2.642324924e+00,-1.493550897e+00,-1.326636910e+00,-7.916232347e-01,1.512250006e-01,1.016995064e-01,4.329843819e+00,-1.505114420e+00,-3.373724884e-01,2.970243157e-02,4.857548803e-03,6.170513750e-01,-4.485729006e-02,1.015981317e-01,6.314437530e-01,-5.726883852e-02,9.224493187e-03,4.850359559e-01,-1.230343804e-01,2.249988541e-02,1.977989555e+00,7.000005990e-02,0,0
7.230000000e+00,9.430960587e-02,2.811761205e-01,1.246668284e-01,1.401253972e-01,9.042298271e-02,2.584163735e+01,4.598985039e+00,1.359217143e-01,1.124396587e-16,8.182674271e-18,8.940560153e-19,1.112605300e-02,-2.850068212e-01,-2.642292500e+00,-1.493452430e+00,-1.326690674e+00,-7.916427255e-01,1.505419314e-01,1.059129646e-01,4.331942613e+00,-1.502826234e+00,-3.382108174e-01,2.846522064e-02,5.959463472e-03,6.170350821e-01,-4.482799733e-02,1.015928722e-01,6.314437530e-01,-5.726883852e-02,9.224493187e-03,4.850359261e-01,-1.230340749e-01,2.250011265e-02,1.977989790e+00,7.000010833e-02,0,0
7.240000000e+00,9.431188181e-02,2.814794128e-01,6.077991998e-02,1.402755455e-01,9.060592893e-02,2.599175065e+01,4.620851930e+00,1.359289460e-01,1.274756208e-17,4.210279659e-18,1.817454023e-18,1.303221000e-02,-2.849712372e-01,-2.642260075e+00,-1.493358850e+00,-1.326741219e+00,-7.916730046e-01,1.498460174e-01,1.009483366e-01,4.350562042e+00,-1.515422640e+00,-3.424709023e-01,2.968318284e-02,4.326819206e-03,6.170187652e-01,-4.479672452e-02,1.015884318e-01,6.314437530e-01,-5.726883852e-02,9.224493187e-03,4.850358367e-01,-1.230342761e-01,2.249987051e-02,1.977990459e+00,7.000007853e-02,0,0
7.250000000e+00,9.431253931e-02,2.817926826e-01,8.042552212e-02,1.404306300e-01,9.079478364e-02,2.643092883e+01,4.594947448e+00,1.359365053e-01,2.274903165e-16,7.492427337e-18,1.323714949e-18,1.311505200e-02,-2.849338353e-01,-2.642230749e+00,-1.493261099e+00,-1.326798558e+00,-7.916945815e-01,1.491246074e-01,1.044900411e-01,4.327867624e+00,-1.502605127e+00,-3.368335717e-01,2.973505824e-02,4.745378342e-03,6.170022860e-01,-4.476542884e-02,1.015822966e-01,6.314437530e-01,-5.726883852e-02,9.224493187e-03,4.850361645e-01,-1.230343059e-01,2.250017039e-02,1.977987669e+00,6.999999285e-02,0,0
7.260000000e+00,9.431507907e-02,2.821123694e-01,1.218907821e-01,1.405888876e-01,9.098569692e-02,2.562758495e+01,4.607660299e+00,1.359443389e-01,1.148853283e-16,2.024876366e-17,3.471140604e-18,1.127004500e-02,-2.848962247e-01,-2.642197371e+00,-1.493159771e+00,-1.326858878e+00,-7.917221785e-01,1.484029889e-01,1.079726200e-01,4.339549835e+00,-1.506888590e+00,-3.400340704e-01,2.846148940e-02,6.010522960e-03,6.169847756e-01,-4.473289316e-02,1.015777399e-01,6.314437530e-01,-5.726883852e-02,9.224493187e-03,4.850359261e-01,-1.230345219e-01,2.249982581e-02,1.977990576e+00,7.000004500e-02,0,0
7.270000000e+00,9.431598948e-02,2.824424722e-01,8.708397850e-02,1.407522978e-01,9.118366732e-02,2.626262123e+01,4.599107878e+00,1.359523727e-01,1.111746638e-16,1.434141717e-17,8.778858034e-19,1.307712100e-02,-2.848573327e-01,-2.642163038e+00,-1.493055820e+00,-1.326912165e+00,-7.917495370e-01,1.476428360e-01,1.002372864e-01,4.331491235e+00,-1.505008341e+00,-3.375801711e-01,2.989990066e-02,4.995717223e-03,6.169671913e-01,-4.469956225e-02,1.015713845e-01,6.314437530e-01,-5.726883852e-02,9.224493187e-03,4.850357771e-01,-1.230341196e-01,2.250002511e-02,1.977989437e+00,7.000004500e-02,0,0
7.280000000e+00,9.431926829e-02,2.828123493e-01,6.426191547e-02,1.409353928e-01,9.140179477e-02,2.597447606e+01,4.617995282e+00,1.359609010e-01,1.300840207e-16,1.269026107e-17,1.578622192e-18,1.305907100e-02,-2.848152816e-01,-2.642128706e+00,-1.492945552e+00,-1.326985478e+00,-7.917743921e-01,1.468238682e-01,9.389806316e-02,4.348184380e+00,-1.514155254e+00,-3.417119345e-01,3.004522259e-02,4.502846853e-03,6.169483054e-01,-4.466419785e-02,1.015669504e-01,6.314437530e-01,-5.726883852e-02,9.224493187e-03,4.850358963e-01,-1.230343133e-01,2.249991708e-02,1.977990655e+00,7.000005245e-02,0,0
7.290000000e+00,9.432184585e-02,2.831760981e-01,1.253361460e-01,1.411154496e-01,9.161626223e-02,2.605930817e+01,4.592544558e+00,1.359697355e-01,4.441984637e-16,1.561401705e-17,8.741117366e-19,1.358504600e-02,-2.847732008e-01,-2.642097712e+00,-1.492831349e+00,-1.327070355e+00,-7.918006182e-01,1.460333467e-01,9.653881006e-02,4.325872721e+00,-1.501655040e+00,-3.362752239e-01,2.977333949e-02,5.970142316e-03,6.169281720e-01,-4.462826775e-02,1.015615090e-01,6.314437530e-01,-5.726883852e-02,9.224493187e-03,4.850359857e-01,-1.230344251e-01,2.249992825e-02,1.977989830e+00,7.000010461e-02,0,0
7.300000000e+00,9.432561647e-02,2.835241230e-01,1.013970165e-01,1.412877186e-01,9.181969463e-02,2.626814842e+01,4.589204085e+00,1.359779883e-01,2.232205608e-16,1.085556579e-17,4.470280077e-19,1.218806300e-02,-2.847332954e-01,-2.642067909e+00,-1.492724657e+00,-1.327153444e+00,-7.918282747e-01,1.452917904e-01,9.055029868e-02,4.323054600e+00,-1.500041163e+00,-3.357565871e-01,3.015457492e-02,5.331870589e-03,6.169090182e-01,-4.459380545e-02,1.015576234e-01,6.314437530e-01,-5.726883852e-02,9.224493187e-03,4.850359559e-01,-1.230343878e-01,2.249986678e-02,1.977989594e+00,7.000006363e-02,0,0
7.310000000e+00,9.432958826e-02,2.838674016e-01,9.923993604e-02,1.414576340e-01,9.201837917e-02,2.559426002e+01,4.580752486e+00,1.359860134e-01,5.595888294e-16,4.906538933e-18,1.788112031e-18,1.441332300e-02,-2.846929431e-01,-2.642037630e+00,-1.492620945e+00,-1.327232003e+00,-7.918459773e-01,1.445564926e-01,1.316783370e-01,4.312828550e+00,-1.500311410e+00,-3.372333688e-01,2.780226453e-02,5.514706406e-03,6.168913870e-01,-4.456084561e-02,1.015543734e-01,6.314437530e-01,-5.726883852e-02,9.224493187e-03,4.850358367e-01,-1.230342761e-01,2.249986306e-02,1.977991912e+00,7.000008598e-02,0,0
7.320000000e+00,9.433261214e-02,2.842375494e-01,1.213861740e-01,1.416408445e-01,9.223198948e-02,2.547709403e+01,4.614665850e+00,1.359949382e-01,3.165573288e-17,3.469446952e-18,3.476216611e-18,1.156741800e-02,-2.846513987e-01,-2.642004490e+00,-1.492505670e+00,-1.327316046e+00,-7.918503881e-01,1.437493712e-01,1.027251348e-01,4.345785898e+00,-1.510460528e+00,-3.411289303e-01,2.891222743e-02,6.124604752e-03,6.168730577e-01,-4.452871693e-02,1.015501443e-01,6.314437530e-01,-5.726883852e-02,9.224493187e-03,4.850358367e-01,-1.230343655e-01,2.249984629e-02,1.977990694e+00,7.000005990e-02,0,0
7.330000000e+00,9.433610473e-02,2.846250455e-01,9.187046258e-02,1.418326365e-01,9.245557858e-02,2.601938879e+01,4.600380812e+00,1.360037018e-01,1.370870646e-16,3.469446952e-18,5.762613592e-19,1.217404300e-02,-2.846086323e-01,-2.641973972e+00,-1.492392421e+00,-1.327405095e+00,-7.918683887e-01,1.429255456e-01,8.437887582e-02,4.333242414e+00,-1.504686321e+00,-3.381798619e-01,3.033017399e-02,5.247955939e-03,6.168536557e-01,-4.449368240e-02,1.015458076e-01,6.314437530e-01,-5.726883852e-02,9.224493187e-03,4.850357175e-01,-1.230342761e-01,2.249986306e-02,1.977991087e+00,7.000010461e-02,0,0
7.340000000e+00,9.433987881e-02,2.849926734e-01,1.026023052e-01,1.420145898e-01,9.266619722e-02,2.605635180e+01,4.596379354e+00,1.360122476e-01,2.225353418e-16,8.443561593e-18,8.778858034e-19,1.194726100e-02,-2.845682204e-01,-2.641945839e+00,-1.492282033e+00,-1.327498794e+00,-7.918809652e-01,1.421562284e-01,8.983624252e-02,4.329957774e+00,-1.501798715e+00,-3.372828847e-01,3.015147810e-02,5.482508705e-03,6.168348310e-01,-4.446103026e-02,1.015421631e-01,6.314437530e-01,-5.726883852e-02,9.224493187e-03,4.850358665e-01,-1.230341792e-01,2.249998040e-02,1.977990223e+00,7.000011951e-02,0,0
7.350000000e+00,9.434473830e-02,2.853586531e-01,1.123185611e-01,1.421957226e-01,9.287465490e-02,2.592811285e+01,4.594181560e+00,1.360205154e-01,2.397827760e-16,1.852685484e-17,8.741117366e-19,1.347479500e-02,-2.845282555e-01,-2.641919136e+00,-1.492175221e+00,-1.327595949e+00,-7.918993831e-01,1.414090842e-01,9.832659881e-02,4.327903294e+00,-1.500514862e+00,-3.371151143e-01,2.940448397e-02,5.752325088e-03,6.168158751e-01,-4.442783929e-02,1.015395167e-01,6.314437530e-01,-5.726883852e-02,9.224493187e-03,4.850359857e-01,-1.230343059e-01,2.249984071e-02,1.977989830e+00,7.000009716e-02,0,0
7.360000000e+00,9.434856025e-02,2.857267248e-01,8.802182817e-02,1.423778860e-01,9.308379804e-02,2.615177425e+01,4.592613900e+00,1.360289498e-01,3.339128660e-16,7.420451073e-18,8.677851511e-19,1.155910700e-02,-2.844882905e-01,-2.641889811e+00,-1.492066264e+00,-1.327684641e+00,-7.919088006e-01,1.406388879e-01,8.289063395e-02,4.326884542e+00,-1.499634692e+00,-3.368203637e-01,3.038919311e-02,5.105061566e-03,6.167977355e-01,-4.439609731e-02,1.015361259e-01,6.314437530e-01,-5.726883852e-02,9.224493187e-03,4.850361347e-01,-1.230343357e-01,2.249996178e-02,1.977989437e+00,7.000006735e-02,0,0
7.370000000e+00,9.435152533e-02,2.860857984e-01,9.866520799e-02,1.425555914e-01,9.328790429e-02,2.576270101e+01,4.572957388e+00,1.360374549e-01,4.471491621e-16,8.673617380e-19,8.741117366e-19,1.283479000e-02,-2.844479084e-01,-2.641859055e+00,-1.491956353e+00,-1.327766418e+00,-7.919192910e-01,1.398801506e-01,1.219249303e-01,4.306923150e+00,-1.494699604e+00,-3.354456775e-01,2.838202584e-02,5.505816779e-03,6.167796470e-01,-4.436396545e-02,1.015317983e-01,6.314437530e-01,-5.726883852e-02,9.224493187e-03,4.850358963e-01,-1.230341047e-01,2.250004001e-02,1.977991244e+00,7.000014186e-02,0,0
7.380000000e+00,9.435558710e-02,2.864610554e-01,8.552171147e-02,1.427413011e-01,9.350029439e-02,2.596985503e+01,4.600696391e+00,1.360460319e-01,1.117786675e-16,1.701180668e-17,4.631713711e-19,1.115379400e-02,-2.844068110e-01,-2.641828299e+00,-1.491845489e+00,-1.327854156e+00,-7.919371724e-01,1.391042769e-01,8.794403192e-02,4.333483235e+00,-1.504690241e+00,-3.384443403e-01,3.053249925e-02,5.162909911e-03,6.167605966e-01,-4.433011186e-02,1.015281826e-01,6.314437530e-01,-5.726883852e-02,9.224493187e-03,4.850359261e-01,-1.230344027e-01,2.249987051e-02,1.977989279e+00,7.000010461e-02,0,0
7.390000000e+00,9.435945895e-02,2.868323085e-01,1.036600791e-01,1.429250244e-01,9.370982630e-02,2.593554147e+01,4.593844968e+00,1.360547958e-01,7.775964496e-16,7.152448123e-18,9.263427422e-19,1.240822400e-02,-2.843672633e-01,-2.641798735e+00,-1.491732240e+00,-1.327948570e+00,-7.919517756e-01,1.383440197e-01,9.491524141e-02,4.327727971e+00,-1.500186310e+00,-3.371819889e-01,2.985598827e-02,5.591105195e-03,6.167411189e-01,-4.429755157e-02,1.015244702e-01,6.314437530e-01,-5.726883852e-02,9.224493187e-03,4.850359559e-01,-1.230343804e-01,2.249991894e-02,1.977989279e+00,7.000010833e-02,0,0
7.400000000e+00,9.436379802e-02,2.872119201e-01,7.813908769e-02,1.431128790e-01,9.392246409e-02,2.542612738e+01,4.591878580e+00,1.360630793e-01,4.442196338e-16,6.992893893e-18,9.697399036e-19,1.124655400e-02,-2.843255699e-01,-2.641769648e+00,-1.491625190e+00,-1.328036308e+00,-7.919651270e-01,1.375677437e-01,1.305460640e-01,4.323856010e+00,-1.502137205e+00,-3.396478964e-01,2.780572612e-02,5.078072081e-03,6.167230269e-01,-4.426421507e-02,1.015213315e-01,6.314437530e-01,-5.726883852e-02,9.224493187e-03,4.850359559e-01,-1.230340376e-01,2.250005491e-02,1.977989634e+00,7.000013441e-02,0,0
7.410000000e+00,9.436747632e-02,2.876175214e-01,8.466758207e-02,1.433135892e-01,9.415022045e-02,2.548877677e+01,4.599695614e+00,1.360720058e-01,4.452515121e-16,6.992893893e-18,1.152522718e-18,1.227284300e-02,-2.842822075e-01,-2.641738892e+00,-1.491509795e+00,-1.328127980e+00,-7.919828296e-01,1.367366612e-01,1.200473012e-01,4.331382582e+00,-1.505145882e+00,-3.400109704e-01,2.852650452e-02,5.288494402e-03,6.167032361e-01,-4.422874934e-02,1.015169296e-01,6.314437530e-01,-5.726883852e-02,9.224493187e-03,4.850360155e-01,-1.230340153e-01,2.250005305e-02,1.977990498e+00,7.000010088e-02,0,0
7.420000000e+00,9.437222952e-02,2.880467895e-01,1.291070781e-01,1.435260043e-01,9.439046678e-02,2.506345762e+01,4.586052727e+00,1.360813635e-01,1.771202790e-17,1.551583846e-17,1.563658610e-18,1.319317300e-02,-2.842361331e-01,-2.641707897e+00,-1.491388798e+00,-1.328230977e+00,-7.920103669e-01,1.358779669e-01,1.290817715e-01,4.318869842e+00,-1.499029275e+00,-3.386834499e-01,2.726923326e-02,6.476379973e-03,6.166814528e-01,-4.418967632e-02,1.015127791e-01,6.314437530e-01,-5.726883852e-02,9.224493187e-03,4.850359261e-01,-1.230340004e-01,2.249998972e-02,1.977991598e+00,7.000011951e-02,0,0
7.430000000e+00,9.437636056e-02,2.885066123e-01,9.931163032e-02,1.437535315e-01,9.464526046e-02,2.610838511e+01,4.591233946e+00,1.360911572e-01,4.454457787e-16,1.721800439e-17,4.336808690e-19,1.252466600e-02,-2.841895521e-01,-2.641677141e+00,-1.491262317e+00,-1.328341365e+00,-7.920110822e-01,1.349453330e-01,7.652804023e-02,4.325763745e+00,-1.499110907e+00,-3.361669531e-01,3.113160435e-02,5.451556719e-03,6.166609060e-01,-4.415424800e-02,1.015086868e-01,6.314437530e-01,-5.726883852e-02,9.224493187e-03,4.850359261e-01,-1.230343580e-01,2.249990962e-02,1.977989751e+00,7.000010088e-02,0,0
7.440000000e+00,9.438222384e-02,2.889560311e-01,7.321866264e-02,1.439759033e-01,9.489257171e-02,2.611805633e+01,4.601054072e+00,1.361007291e-01,7.461831921e-17,3.878959614e-18,2.710505431e-20,1.140400500e-02,-2.841426432e-01,-2.641649246e+00,-1.491138697e+00,-1.328462839e+00,-7.920205593e-01,1.340673864e-01,7.363704924e-02,4.334217493e+00,-1.504493428e+00,-3.380876099e-01,3.174497226e-02,4.841184091e-03,6.166395895e-01,-4.411721520e-02,1.015059958e-01,6.314437530e-01,-5.726883852e-02,9.224493187e-03,4.850359857e-01,-1.230344027e-01,2.249989100e-02,1.977989201e+00,7.000009343e-02,0,0
7.450000000e+00,9.438961699e-02,2.894150344e-01,6.869020670e-02,1.442030101e-01,9.514381305e-02,2.592590995e+01,4.607485166e+00,1.361102282e-01,3.331120794e-16,7.047314121e-18,2.168404345e-19,1.141361600e-02,-2.840965986e-01,-2.641623974e+00,-1.491016030e+00,-1.328597307e+00,-7.920358181e-01,1.331985444e-01,7.655605117e-02,4.340470706e+00,-1.505670769e+00,-3.396220823e-01,3.101513764e-02,4.818044860e-03,6.166173541e-01,-4.407968502e-02,1.015046315e-01,6.314437530e-01,-5.726883852e-02,9.224493187e-03,4.850359559e-01,-1.230343655e-01,2.249987423e-02,1.977989515e+00,7.000009343e-02,0,0
7.460000000e+00,9.439477893e-02,2.898635328e-01,1.079480294e-01,1.444249118e-01,9.539035186e-02,2.593198539e+01,4.594053885e+00,1.361197585e-01,5.431236087e-17,7.311384294e-18,9.467388460e-19,1.250703600e-02,-2.840512097e-01,-2.641596794e+00,-1.490892887e+00,-1.328716516e+00,-7.920525670e-01,1.323296577e-01,7.911669566e-02,4.328537089e+00,-1.499481715e+00,-3.367646753e-01,3.081001671e-02,5.761938405e-03,6.165954522e-01,-4.404246782e-02,1.015010632e-01,6.314437530e-01,-5.726883852e-02,9.224493187e-03,4.850359559e-01,-1.230344698e-01,2.249991149e-02,1.977988729e+00,7.000008970e-02,0,0
7.470000000e+00,9.440021185e-02,2.903115568e-01,1.005189241e-01,1.446465716e-01,9.563477245e-02,2.596702650e+01,4.591454002e+00,1.361292539e-01,2.410454293e-16,1.046465736e-17,1.355252716e-19,1.223840300e-02,-2.840051353e-01,-2.641568661e+00,-1.490770221e+00,-1.328833818e+00,-7.920620441e-01,1.314613074e-01,7.285900061e-02,4.326388646e+00,-1.498084870e+00,-3.365185288e-01,3.112254396e-02,5.576018988e-03,6.165743850e-01,-4.400604130e-02,1.014980002e-01,6.314437530e-01,-5.726883852e-02,9.224493187e-03,4.850358963e-01,-1.230343804e-01,2.249984816e-02,1.977989122e+00,7.000011206e-02,0,0
7.480000000e+00,9.440541102e-02,2.907612643e-01,8.589499742e-02,1.448690570e-01,9.587941614e-02,2.600836879e+01,4.594161158e+00,1.361388965e-01,2.254890304e-16,3.705370969e-18,8.470329473e-21,1.277335800e-02,-2.839597464e-01,-2.641539335e+00,-1.490645647e+00,-1.328949928e+00,-7.920694351e-01,1.305882335e-01,7.671134771e-02,4.329078188e+00,-1.498284717e+00,-3.371445495e-01,3.103890184e-02,5.215779888e-03,6.165532469e-01,-4.397030814e-02,1.014947676e-01,6.314437530e-01,-5.726883852e-02,9.224493187e-03,4.850360453e-01,-1.230343953e-01,2.249998413e-02,1.977988454e+00,7.000008598e-02,0,0
7.490000000e+00,9.440958661e-02,2.912094099e-01,1.101452969e-01,1.450907624e-01,9.612266462e-02,2.574272252e+01,4.595349688e+00,1.361484631e-01,3.375252140e-16,1.387844954e-17,1.755771607e-18,1.234787500e-02,-2.839130461e-01,-2.641508579e+00,-1.490522027e+00,-1.329055309e+00,-7.920738459e-01,1.297056079e-01,7.168375627e-02,4.330568241e+00,-1.497767401e+00,-3.376156363e-01,3.086229045e-02,5.909200103e-03,6.165329799e-01,-4.393440630e-02,1.014905856e-01,6.314437530e-01,-5.726883852e-02,9.224493187e-03,4.850360453e-01,-1.230343431e-01,2.249998413e-02,1.977988690e+00,7.000010088e-02,0,0
7.500000000e+00,9.441421715e-02,2.916543345e-01,9.251979308e-02,1.453108671e-01,9.636375481e-02,2.558859727e+01,4.557588982e+00,1.361580994e-01,1.032779826e-16,3.469446952e-18,5.114171419e-19,1.288548900e-02,-2.838661671e-01,-2.641477108e+00,-1.490397453e+00,-1.329161644e+00,-7.920868993e-01,1.288404167e-01,9.615107841e-02,4.293927404e+00,-1.487330723e+00,-3.339062404e-01,2.971009061e-02,5.567878704e-03,6.165118069e-01,-4.389697046e-02,1.014864817e-01,6.314437530e-01,-5.726883852e-02,9.224493187e-03,4.850359559e-01,-1.230344400e-01,2.249985375e-02,1.977989987e+00,7.000012323e-02,0,0
7.510000000e+00,9.442038335e-02,2.921335870e-01,1.170487090e-01,1.455479458e-01,9.662191390e-02,2.569073108e+01,4.597208133e+00,1.361680542e-01,2.223171822e-16,9.442523313e-18,3.469446952e-18,1.230420400e-02,-2.838189900e-01,-2.641448498e+00,-1.490268826e+00,-1.329289198e+00,-7.920995355e-01,1.279355139e-01,7.187823793e-02,4.332047484e+00,-1.499166050e+00,-3.376813837e-01,3.091361048e-02,6.125042655e-03,6.164892329e-01,-4.385899709e-02,1.014836243e-01,6.314437530e-01,-5.726883852e-02,9.224493187e-03,4.850359857e-01,-1.230343804e-01,2.249987796e-02,1.977989122e+00,7.000008970e-02,0,0
7.520000000e+00,9.442652702e-02,2.924389587e-01,6.629699066e-02,1.456990040e-01,9.677508818e-02,2.684999165e+01,4.587406569e+00,1.361760329e-01,3.363104962e-16,6.314488766e-18,5.114171419e-19,1.265011700e-02,-2.837821841e-01,-2.641424417e+00,-1.490166306e+00,-1.329400420e+00,-7.920082808e-01,1.273379624e-01,9.207040890e-02,4.324434858e+00,-1.490066312e+00,-3.374972963e-01,2.966927495e-02,1.709634158e-03,6.164797792e-01,-4.384532075e-02,1.014863903e-01,6.314437530e-01,-5.726883852e-02,9.224493187e-03,4.850361645e-01,-1.230348274e-01,2.249998972e-02,1.977986293e+00,7.000088692e-02,0,0
7.530000000e+00,9.442478045e-02,2.923355296e-01,3.284421800e-02,1.456478411e-01,9.670953146e-02,2.606300000e+01,4.594930325e+00,1.361756794e-01,4.446318265e-16,6.254634441e-18,3.833233542e-19,1.163362800e-02,-2.837833166e-01,-2.641430616e+00,-1.490171552e+00,-1.329409242e+00,-7.918915749e-01,1.274994016e-01,9.977280860e-02,4.332150539e+00,-1.489770178e+00,-3.400478533e-01,2.904668527e-02,3.217348490e-03,6.164902249e-01,-4.386474194e-02,1.014891200e-01,6.314437530e-01,-5.726883852e-02,9.224493187e-03,4.850360155e-01,-1.230341271e-01,2.250011265e-02,1.977990576e+00,7.000024244e-02,0,0
7.540000000e+00,9.442509710e-02,2.923615480e-01,4.452651154e-02,1.456607115e-01,9.672247323e-02,2.548907656e+01,4.584453347e+00,1.361764781e-01,1.044441840e-17,4.336808690e-18,1.634414547e-18,1.192571100e-02,-2.837789357e-01,-2.641429186e+00,-1.490161300e+00,-1.329421401e+00,-7.918812037e-01,1.274489164e-01,1.347172201e-01,4.320587449e+00,-1.488419447e+00,-3.397924365e-01,2.683325826e-02,4.059036200e-03,6.164893483e-01,-4.386312095e-02,1.014890664e-01,6.314437530e-01,-5.726883852e-02,9.224493187e-03,4.850362241e-01,-1.230345294e-01,2.250001021e-02,1.977986568e+00,7.000011951e-02,0,0
7.550000000e+00,9.442343153e-02,2.923489538e-01,3.826532966e-02,1.456544816e-01,9.671555592e-02,2.556225214e+01,4.561778255e+00,1.361765609e-01,3.331403088e-16,1.226634733e-18,5.421010862e-19,1.274963800e-02,-2.837776244e-01,-2.641425610e+00,-1.490160227e+00,-1.329405427e+00,-7.918699384e-01,1.274435371e-01,1.272356088e-01,4.299152144e+00,-1.482077951e+00,-3.370507498e-01,2.738669735e-02,3.807239087e-03,6.164908764e-01,-4.386425326e-02,1.014877741e-01,6.314437530e-01,-5.726883852e-02,9.224493187e-03,4.850356877e-01,-1.230338588e-01,2.249994688e-02,1.977994152e+00,7.000017166e-02,0,0
7.560000000e+00,9.441969106e-02,2.923230045e-01,6.424924864e-02,1.456416453e-01,9.669684275e-02,2.682420886e+01,4.546203769e+00,1.361777844e-01,2.694411459e-17,4.336808690e-18,6.857096618e-19,1.267885800e-02,-2.837727666e-01,-2.641416788e+00,-1.490144730e+00,-1.329390049e+00,-7.917917967e-01,1.274133921e-01,4.109461123e-02,4.286683391e+00,-1.476129605e+00,-3.324938060e-01,3.331403692e-02,2.207463881e-03,6.164962804e-01,-4.387325980e-02,1.014861298e-01,6.314437530e-01,-5.726883852e-02,9.224493187e-03,4.850359857e-01,-1.230344698e-01,2.249995992e-02,1.977992777e+00,7.000008225e-02,0,0
7.570000000e+00,9.441994107e-02,2.923164390e-01,3.552126905e-02,1.456383976e-01,9.668900959e-02,2.651894064e+01,4.578071959e+00,1.361783778e-01,2.760296116e-16,5.208685978e-18,3.252606517e-19,1.200594200e-02,-2.837668955e-01,-2.641410351e+00,-1.490137219e+00,-1.329385281e+00,-7.917544842e-01,1.273982823e-01,6.671346115e-02,4.317064647e+00,-1.484273194e+00,-3.364762507e-01,3.088305807e-02,2.838994866e-03,6.164989968e-01,-4.387536513e-02,1.014871314e-01,6.314437530e-01,-5.726883852e-02,9.224493187e-03,4.850360155e-01,-1.230343804e-01,2.250009589e-02,1.977988022e+00,7.000004500e-02,0,0
7.580000000e+00,9.441941067e-02,2.923036937e-01,5.618639124e-02,1.456320929e-01,9.667840360e-02,2.653732193e+01,4.581544639e+00,1.361786983e-01,4.444524384e-16,8.673617380e-19,5.421010862e-19,1.160402700e-02,-2.837627530e-01,-2.641408920e+00,-1.490133286e+00,-1.329385877e+00,-7.917138934e-01,1.274005026e-01,6.594481075e-02,4.319539916e+00,-1.487519345e+00,-3.377424448e-01,3.143903344e-02,2.303535929e-03,6.165021283e-01,-4.387911961e-02,1.014876407e-01,6.314437530e-01,-5.726883852e-02,9.224493187e-03,4.850360751e-01,-1.230345219e-01,2.249999158e-02,1.977987826e+00,7.000001892e-02,0,0
7.590000000e+00,9.441938173e-02,2.922975554e-01,3.865396263e-02,1.456290564e-01,9.667266114e-02,2.579669855e+01,4.592102196e+00,1.361792264e-01,1.180153940e-16,1.990330616e-18,3.985917816e-19,1.231134400e-02,-2.837598622e-01,-2.641407967e+00,-1.490126610e+00,-1.329393864e+00,-7.916880250e-01,1.274046600e-01,9.514951479e-02,4.329649259e+00,-1.488712097e+00,-3.396803635e-01,2.871040657e-02,3.961860229e-03,6.165032248e-01,-4.388109232e-02,1.014880749e-01,6.314437530e-01,-5.726883852e-02,9.224493187e-03,4.850360453e-01,-1.230347529e-01,2.249991149e-02,1.977986529e+00,7.000006363e-02,0,0
7.600000000e+00,9.441989553e-02,2.922985010e-01,5.129526151e-02,1.456295242e-01,9.667168770e-02,2.521599078e+01,4.576666147e+00,1.361793397e-01,3.464901167e-16,6.619851161e-18,1.954573263e-18,1.289428900e-02,-2.837568521e-01,-2.641406059e+00,-1.490125179e+00,-1.329392672e+00,-7.916800976e-01,1.273987740e-01,7.833518712e-02,4.314189565e+00,-1.487092148e+00,-3.394309506e-01,2.878981037e-02,4.442187832e-03,6.165039313e-01,-4.388046804e-02,1.014886245e-01,6.314437530e-01,-5.726883852e-02,9.224493187e-03,4.850362539e-01,-1.230345964e-01,2.250000089e-02,1.977987079e+00,6.999997050e-02,0,0
7.610000000e+00,9.441867309e-02,2.922811628e-01,3.781250201e-02,1.456209475e-01,9.665902604e-02,2.573978402e+01,4.590026246e+00,1.361793451e-01,2.294167698e-16,9.220181747e-18,4.350023446e-19,1.210280200e-02,-2.837540805e-01,-2.641404629e+00,-1.490125299e+00,-1.329384327e+00,-7.916390896e-01,1.273999959e-01,8.684536073e-02,4.326893380e+00,-1.490827295e+00,-3.396290714e-01,2.937928412e-02,3.927635077e-03,6.165079759e-01,-4.388540796e-02,1.014887451e-01,6.314437530e-01,-5.726883852e-02,9.224493187e-03,4.850361943e-01,-1.230346486e-01,2.249992080e-02,1.977986529e+00,7.000000775e-02,0,0
7.620000000e+00,9.441814097e-02,2.922842855e-01,5.756796596e-02,1.456224922e-01,9.665855020e-02,2.656432299e+01,4.594054397e+00,1.361796514e-01,3.127317221e-18,7.410741938e-18,7.273049277e-19,1.362428700e-02,-2.837519646e-01,-2.641403913e+00,-1.490121484e+00,-1.329386592e+00,-7.916116714e-01,1.273776740e-01,4.236259600e-02,4.331441821e+00,-1.492032860e+00,-3.390559595e-01,3.204851262e-02,2.204600793e-03,6.165098066e-01,-4.388829075e-02,1.014889150e-01,6.314437530e-01,-5.726883852e-02,9.224493187e-03,4.850361645e-01,-1.230346933e-01,2.249986306e-02,1.977987236e+00,7.000001147e-02,0,0
7.630000000e+00,9.441791786e-02,2.922875201e-01,3.751865360e-02,1.456240923e-01,9.666174481e-02,2.636270794e+01,4.577242232e+00,1.361794874e-01,3.397158195e-16,4.316432029e-18,8.741117366e-19,1.235438500e-02,-2.837527990e-01,-2.641403437e+00,-1.490123510e+00,-1.329380512e+00,-7.916257977e-01,1.273716390e-01,7.046155255e-02,4.315734963e+00,-1.485298116e+00,-3.369463241e-01,3.100261795e-02,2.976557161e-03,6.165090773e-01,-4.388670689e-02,1.014883389e-01,6.314437530e-01,-5.726883852e-02,9.224493187e-03,4.850359559e-01,-1.230344921e-01,2.249990217e-02,1.977988297e+00,6.999998167e-02,0,0
7.640000000e+00,9.441812737e-02,2.922625114e-01,3.256775193e-02,1.456117212e-01,9.664904951e-02,2.611223714e+01,4.582503677e+00,1.361788204e-01,3.594060701e-17,1.090472414e-17,4.878909776e-19,1.140198500e-02,-2.837556899e-01,-2.641407251e+00,-1.490132093e+00,-1.329379320e+00,-7.916368246e-01,1.274346262e-01,7.732804623e-02,4.320633804e+00,-1.486652589e+00,-3.382754722e-01,3.012274369e-02,3.202184231e-03,6.165092484e-01,-4.388709599e-02,1.014886374e-01,6.314437530e-01,-5.726883852e-02,9.224493187e-03,4.850362241e-01,-1.230345741e-01,2.249992080e-02,1.977987550e+00,7.000001892e-02,0,0
7.650000000e+00,9.442061059e-02,2.922939215e-01,4.295513511e-02,1.456272589e-01,9.666215746e-02,2.589146092e+01,4.597817052e+00,1.361797480e-01,2.228309532e-16,4.640587948e-18,9.010137546e-19,1.170692800e-02,-2.837508619e-01,-2.641406059e+00,-1.490120292e+00,-1.329405665e+00,-7.916137576e-01,1.273898482e-01,7.700627447e-02,4.333921546e+00,-1.494581820e+00,-3.412285869e-01,2.991770712e-02,2.978714948e-03,6.165087770e-01,-4.388701643e-02,1.014910908e-01,6.314437530e-01,-5.726883852e-02,9.224493187e-03,4.850360751e-01,-1.230347157e-01,2.249988914e-02,1.977987786e+00,6.999998912e-02,0,0
7.660000000e+00,9.441985457e-02,2.922838294e-01,5.414557816e-02,1.456222666e-01,9.665767660e-02,2.658230323e+01,4.581498058e+00,1.361790853e-01,2.239137627e-16,3.469446952e-18,3.909146526e-19,1.220480300e-02,-2.837536633e-01,-2.641412258e+00,-1.490128875e+00,-1.329406857e+00,-7.916160226e-01,1.274170429e-01,7.077465491e-02,4.319389842e+00,-1.487654925e+00,-3.374581662e-01,3.140084932e-02,2.364398179e-03,6.165095492e-01,-4.388870074e-02,1.014906864e-01,6.314437530e-01,-5.726883852e-02,9.224493187e-03,4.850361049e-01,-1.230347529e-01,2.249992825e-02,1.977987550e+00,6.999995932e-02,0,0
7.670000000e+00,9.442107661e-02,2.923062683e-01,4.606587029e-02,1.456333665e-01,9.666743875e-02,2.670383845e+01,4.559193500e+00,1.361795491e-01,4.442941445e-16,3.878959614e-18,7.589415207e-19,1.159505700e-02,-2.837514877e-01,-2.641413689e+00,-1.490123034e+00,-1.329425931e+00,-7.915976644e-01,1.273842305e-01,8.477260140e-02,4.298189022e+00,-1.480599756e+00,-3.338903047e-01,3.106869484e-02,2.544185965e-03,6.165096383e-01,-4.388982194e-02,1.014921140e-01,6.314437530e-01,-5.726883852e-02,9.224493187e-03,4.850360453e-01,-1.230342239e-01,2.250005864e-02,1.977989279e+00,7.000003755e-02,0,0
7.680000000e+00,9.442141163e-02,2.923016115e-01,6.151536750e-02,1.456310629e-01,9.666442303e-02,2.680149149e+01,4.576065196e+00,1.361795783e-01,1.177856801e-16,1.561251128e-17,2.168404345e-19,1.289340900e-02,-2.837517262e-01,-2.641413450e+00,-1.490122676e+00,-1.329427719e+00,-7.915949821e-01,1.273953766e-01,6.374466505e-02,4.314495449e+00,-1.485721823e+00,-3.361807743e-01,3.234786667e-02,2.254883429e-03,6.165097551e-01,-4.389036612e-02,1.014925546e-01,6.314437530e-01,-5.726883852e-02,9.224493187e-03,4.850360751e-01,-1.230347827e-01,2.249990217e-02,1.977986450e+00,6.999998540e-02,0,0
7.690000000e+00,9.442216530e-02,2.922969401e-01,4.657449380e-02,1.456287521e-01,9.666100944e-02,2.650460822e+01,4.577104006e+00,1.361796295e-01,1.137071211e-16,3.127317221e-18,6.505213035e-19,1.126297400e-02,-2.837519646e-01,-2.641415596e+00,-1.490122080e+00,-1.329438567e+00,-7.915899754e-01,1.274175793e-01,7.537134396e-02,4.315703392e+00,-1.484713209e+00,-3.370210166e-01,3.068894595e-02,2.487122087e-03,6.165096501e-01,-4.389115774e-02,1.014934236e-01,6.314437530e-01,-5.726883852e-02,9.224493187e-03,4.850361347e-01,-1.230346039e-01,2.249991521e-02,1.977986529e+00,7.000005990e-02,0,0
7.700000000e+00,9.442445167e-02,2.923104472e-01,3.526365055e-02,1.456354336e-01,9.666797785e-02,2.586629497e+01,4.596374614e+00,1.361795089e-01,2.237759665e-16,3.999809760e-18,4.727870532e-19,1.256667700e-02,-2.837514281e-01,-2.641418934e+00,-1.490123630e+00,-1.329455256e+00,-7.916042209e-01,1.274267137e-01,7.447307848e-02,4.332072328e+00,-1.495818331e+00,-3.403806986e-01,3.032022436e-02,3.446808602e-03,6.165080045e-01,-4.388842779e-02,1.014951012e-01,6.314437530e-01,-5.726883852e-02,9.224493187e-03,4.850361645e-01,-1.230348125e-01,2.249985375e-02,1.977985861e+00,6.999991089e-02,0,0
7.710000000e+00,9.442542582e-02,2.922929530e-01,6.250531464e-02,1.456267798e-01,9.665483239e-02,2.656324677e+01,4.586075764e+00,1.361792085e-01,2.245981260e-16,8.673617380e-19,3.066586833e-19,1.280349800e-02,-2.837537825e-01,-2.641426325e+00,-1.490127802e+00,-1.329477191e+00,-7.915679216e-01,1.274765730e-01,7.123587445e-02,4.323961308e+00,-1.488221205e+00,-3.385320317e-01,3.105320261e-02,2.092212031e-03,6.165107327e-01,-4.389557832e-02,1.014975762e-01,6.314437530e-01,-5.726883852e-02,9.224493187e-03,4.850361049e-01,-1.230346113e-01,2.250002883e-02,1.977986725e+00,7.000007108e-02,0,0
7.720000000e+00,9.442847906e-02,2.923324397e-01,4.152120307e-02,1.456463126e-01,9.667492562e-02,2.657081654e+01,4.581023066e+00,1.361792452e-01,3.409647424e-16,3.576224061e-18,1.533293417e-19,1.131234500e-02,-2.837524712e-01,-2.641435385e+00,-1.490127444e+00,-1.329516411e+00,-7.915733457e-01,1.274560392e-01,6.634035464e-02,4.319115243e+00,-1.487344453e+00,-3.368191773e-01,3.110230357e-02,2.603250745e-03,6.165086338e-01,-4.389341274e-02,1.015000471e-01,6.314437530e-01,-5.726883852e-02,9.224493187e-03,4.850361347e-01,-1.230347231e-01,2.249985933e-02,1.977986725e+00,6.999997795e-02,0,0
7.730000000e+00,9.443132069e-02,2.923438261e-01,4.196123897e-02,1.456519451e-01,9.667800678e-02,2.616947360e+01,4.577630718e+00,1.361791691e-01,1.383027262e-16,7.996680104e-18,4.470280077e-19,1.309331100e-02,-2.837510705e-01,-2.641443968e+00,-1.490128636e+00,-1.329552174e+00,-7.915599942e-01,1.274802387e-01,7.421338903e-02,4.315868253e+00,-1.486093220e+00,-3.362351735e-01,3.055850054e-02,3.951378444e-03,6.165085532e-01,-4.389430008e-02,1.015030706e-01,6.314437530e-01,-5.726883852e-02,9.224493187e-03,4.850361049e-01,-1.230347157e-01,2.249981277e-02,1.977987000e+00,7.000001892e-02,0,0
7.740000000e+00,9.443342353e-02,2.923507824e-01,4.754444876e-02,1.456553862e-01,9.667821178e-02,2.651745887e+01,4.585204280e+00,1.361793913e-01,2.226147731e-16,6.774311733e-18,1.022834284e-18,1.124430400e-02,-2.837513685e-01,-2.641449213e+00,-1.490126014e+00,-1.329582572e+00,-7.915333509e-01,1.274937093e-01,6.811659186e-02,4.323137399e+00,-1.488225513e+00,-3.378638337e-01,3.111333850e-02,2.503063063e-03,6.165092520e-01,-4.389826839e-02,1.015059107e-01,6.314437530e-01,-5.726883852e-02,9.224493187e-03,4.850360751e-01,-1.230343282e-01,2.249994688e-02,1.977989555e+00,7.000005618e-02,0,0
7.750000000e+00,9.443645822e-02,2.923696917e-01,3.134080502e-02,1.456647400e-01,9.668763547e-02,2.642060689e+01,4.578570981e+00,1.361789541e-01,2.221275986e-16,9.024314302e-18,9.482896068e-19,1.454265500e-02,-2.837517560e-01,-2.641458988e+00,-1.490131736e+00,-1.329614639e+00,-7.915456295e-01,1.275151074e-01,6.568115896e-02,4.317417409e+00,-1.484872953e+00,-3.362975711e-01,3.083788099e-02,3.226573287e-03,6.165076539e-01,-4.389639775e-02,1.015084864e-01,6.314437530e-01,-5.726883852e-02,9.224493187e-03,4.850361347e-01,-1.230346560e-01,2.249983512e-02,1.977987590e+00,6.999999285e-02,0,0
7.760000000e+00,9.443880421e-02,2.923818924e-01,5.491801055e-02,1.456707753e-01,9.669119509e-02,2.667142814e+01,4.581218786e+00,1.361791383e-01,2.249010615e-16,4.336808690e-18,7.818293052e-19,1.131583500e-02,-2.837516963e-01,-2.641466379e+00,-1.490129590e+00,-1.329650760e+00,-7.915257812e-01,1.275296211e-01,6.964442663e-02,4.319793760e+00,-1.485743581e+00,-3.372086972e-01,3.080265531e-02,2.143649352e-03,6.165075832e-01,-4.389900436e-02,1.015112534e-01,6.314437530e-01,-5.726883852e-02,9.224493187e-03,4.850361049e-01,-1.230343431e-01,2.250004560e-02,1.977988061e+00,7.000011578e-02,0,0
7.770000000e+00,9.444208555e-02,2.923968507e-01,5.354459787e-02,1.456781746e-01,9.669845035e-02,2.589938080e+01,4.582640392e+00,1.361786994e-01,1.122655619e-16,2.287287596e-18,6.517906146e-19,1.259110600e-02,-2.837526798e-01,-2.641474724e+00,-1.490135312e+00,-1.329680204e+00,-7.915402055e-01,1.275577396e-01,7.670226925e-02,4.321040444e+00,-1.486139679e+00,-3.373529690e-01,2.969072186e-02,4.415052837e-03,6.165059110e-01,-4.389719916e-02,1.015140791e-01,6.314437530e-01,-5.726883852e-02,9.224493187e-03,4.850362241e-01,-1.230347604e-01,2.249992825e-02,1.977986096e+00,7.000001147e-02,0,0
7.780000000e+00,9.444553809e-02,2.924175429e-01,4.471640346e-02,1.456884104e-01,9.670592754e-02,2.608591116e+01,4.584660707e+00,1.361787107e-01,3.469631261e-16,5.222209201e-18,6.776263578e-19,1.224636300e-02,-2.837519348e-01,-2.641484737e+00,-1.490135431e+00,-1.329725027e+00,-7.915222049e-01,1.275722086e-01,7.583289335e-02,4.323259500e+00,-1.485949557e+00,-3.373783285e-01,3.006071559e-02,4.073906195e-03,6.165056843e-01,-4.389908081e-02,1.015178480e-01,6.314437530e-01,-5.726883852e-02,9.224493187e-03,4.850360751e-01,-1.230339706e-01,2.250021324e-02,1.977989319e+00,7.000008598e-02,0,0
7.790000000e+00,9.445031363e-02,2.924361324e-01,4.408352079e-02,1.456976059e-01,9.671375982e-02,2.593032440e+01,4.587959144e+00,1.361783098e-01,7.641156627e-17,1.000176504e-17,4.311855308e-19,1.298675000e-02,-2.837541699e-01,-2.641498804e+00,-1.490140796e+00,-1.329778910e+00,-7.915286422e-01,1.276226938e-01,6.674754188e-02,4.326684896e+00,-1.486400409e+00,-3.382612923e-01,2.979529720e-02,4.128802235e-03,6.165035791e-01,-4.389900942e-02,1.015223838e-01,6.314437530e-01,-5.726883852e-02,9.224493187e-03,4.850358367e-01,-1.230339855e-01,2.249992080e-02,1.977989515e+00,7.000007480e-02,0,0
7.800000000e+00,9.445543647e-02,2.924747439e-01,3.897930105e-02,1.457167056e-01,9.672874747e-02,2.660617129e+01,4.596343751e+00,1.361785272e-01,2.234176354e-16,3.302815099e-18,5.528368034e-19,1.196630100e-02,-2.837538421e-01,-2.641512632e+00,-1.490138412e+00,-1.329847217e+00,-7.914955020e-01,1.276241541e-01,1.256897615e-01,4.332859222e+00,-1.490435423e+00,-3.386287984e-01,2.888762687e-02,2.686380849e-03,6.165033407e-01,-4.390318293e-02,1.015281920e-01,6.314437530e-01,-5.726883852e-02,9.224493187e-03,4.850359261e-01,-1.230341867e-01,2.250005305e-02,1.977989594e+00,7.000009343e-02,0,0
7.810000000e+00,9.445714186e-02,2.924712112e-01,5.091633302e-02,1.457149581e-01,9.672285923e-02,2.668395092e+01,4.579724181e+00,1.361785296e-01,1.000771581e-15,7.573910768e-18,1.626303259e-18,1.270953800e-02,-2.837525308e-01,-2.641519070e+00,-1.490138650e+00,-1.329874277e+00,-7.914642692e-01,1.276545972e-01,6.698385306e-02,4.318102619e+00,-1.486302454e+00,-3.365311898e-01,3.196086569e-02,2.605526734e-03,6.165050283e-01,-4.390704313e-02,1.015307691e-01,6.314437530e-01,-5.726883852e-02,9.224493187e-03,4.850360155e-01,-1.230343655e-01,2.249993011e-02,1.977989122e+00,7.000004128e-02,0,0
7.820000000e+00,9.445955098e-02,2.924823686e-01,3.481486792e-02,1.457204773e-01,9.672880073e-02,2.571659937e+01,4.561038454e+00,1.361783649e-01,4.545968561e-16,1.474674387e-17,6.060874398e-20,1.270582800e-02,-2.837523222e-01,-2.641525745e+00,-1.490140796e+00,-1.329899788e+00,-7.914803028e-01,1.276810616e-01,7.335640267e-02,4.300379665e+00,-1.480043571e+00,-3.361732559e-01,2.947799060e-02,3.869292638e-03,6.165028915e-01,-4.390413596e-02,1.015324677e-01,6.314437530e-01,-5.726883852e-02,9.224493187e-03,4.850359559e-01,-1.230348498e-01,2.249987796e-02,1.977987079e+00,7.000003755e-02,0,0
7.830000000e+00,9.446309408e-02,2.925022377e-01,3.480798458e-02,1.457303058e-01,9.673883923e-02,2.584505764e+01,4.595877134e+00,1.361781546e-01,4.500562788e-16,1.788112031e-18,4.183759741e-19,1.259516700e-02,-2.837545574e-01,-2.641531229e+00,-1.490143538e+00,-1.329927564e+00,-7.914966941e-01,1.276958883e-01,1.014061824e-01,4.331646916e+00,-1.493993672e+00,-3.402567811e-01,2.888112108e-02,3.538183426e-03,6.165006803e-01,-4.390269719e-02,1.015355271e-01,6.314437530e-01,-5.726883852e-02,9.224493187e-03,4.850361049e-01,-1.230346859e-01,2.249982022e-02,1.977987786e+00,6.999991462e-02,0,0
7.840000000e+00,9.446482772e-02,2.925031876e-01,3.368870185e-02,1.457307757e-01,9.673437810e-02,2.591909089e+01,4.594927356e+00,1.361782178e-01,4.453858185e-16,1.109719455e-17,7.094071602e-19,1.398706000e-02,-2.837526798e-01,-2.641538382e+00,-1.490143061e+00,-1.329958320e+00,-7.914543152e-01,1.277154386e-01,8.127161759e-02,4.331816125e+00,-1.491810113e+00,-3.401988615e-01,2.962152154e-02,3.359132555e-03,6.165031021e-01,-4.390791168e-02,1.015384480e-01,6.314437530e-01,-5.726883852e-02,9.224493187e-03,4.850361347e-01,-1.230347231e-01,2.249981835e-02,1.977987393e+00,6.999998540e-02,0,0
7.850000000e+00,9.446563972e-02,2.925026153e-01,3.603492738e-02,1.457304926e-01,9.673141614e-02,2.624684860e+01,4.564398672e+00,1.361783430e-01,4.712576755e-17,8.641030099e-18,2.235140038e-19,1.240182500e-02,-2.837512195e-01,-2.641542196e+00,-1.490141630e+00,-1.329975843e+00,-7.914307714e-01,1.277277619e-01,1.148920491e-01,4.302312608e+00,-1.482245503e+00,-3.357902719e-01,2.874510749e-02,2.855055243e-03,6.165042723e-01,-4.391049499e-02,1.015398422e-01,6.314437530e-01,-5.726883852e-02,9.224493187e-03,4.850360751e-01,-1.230346411e-01,2.249995992e-02,1.977988297e+00,7.000000402e-02,0,0
7.860000000e+00,9.446606050e-02,2.925202992e-01,5.944039058e-02,1.457392401e-01,9.674029520e-02,2.684330159e+01,4.580652258e+00,1.361785892e-01,1.153199754e-16,2.453269467e-18,6.133173667e-19,1.128768500e-02,-2.837511599e-01,-2.641544342e+00,-1.490138531e+00,-1.329988956e+00,-7.914227247e-01,1.277017295e-01,7.108343037e-02,4.318908523e+00,-1.486639832e+00,-3.365091810e-01,3.178353581e-02,2.193486967e-03,6.165039726e-01,-4.391145051e-02,1.015403625e-01,6.314437530e-01,-5.726883852e-02,9.224493187e-03,4.850361049e-01,-1.230342910e-01,2.250016481e-02,1.977987236e+00,7.000007108e-02,0,0
7.870000000e+00,9.446738883e-02,2.925173294e-01,4.722296447e-02,1.457377711e-01,9.673735334e-02,2.619112874e+01,4.570362134e+00,1.361785005e-01,6.665295440e-16,2.453269467e-18,5.421010862e-19,1.310803100e-02,-2.837492228e-01,-2.641546249e+00,-1.490139723e+00,-1.329998136e+00,-7.914213538e-01,1.277246177e-01,1.020836337e-01,4.307610219e+00,-1.485849446e+00,-3.371216898e-01,2.960537058e-02,2.660904205e-03,6.165039928e-01,-4.391042124e-02,1.015415761e-01,6.314437530e-01,-5.726883852e-02,9.224493187e-03,4.850359559e-01,-1.230348796e-01,2.249986120e-02,1.977987472e+00,7.000002638e-02,0,0
7.880000000e+00,9.446702140e-02,2.925092091e-01,9.744832850e-02,1.457337543e-01,9.673378267e-02,2.520104881e+01,4.596129562e+00,1.361786114e-01,3.446559848e-16,1.040834086e-17,5.421010862e-19,1.223412400e-02,-2.837518156e-01,-2.641547441e+00,-1.490138292e+00,-1.330002666e+00,-7.914232016e-01,1.277444512e-01,9.616873728e-02,4.334395679e+00,-1.487097379e+00,-3.404962676e-01,2.727997534e-02,5.666064038e-03,6.165032974e-01,-4.391160223e-02,1.015412585e-01,6.314437530e-01,-5.726883852e-02,9.224493187e-03,4.850359559e-01,-1.230345815e-01,2.249987610e-02,1.977989633e+00,7.000017166e-02,0,0
7.890000000e+00,9.447028691e-02,2.925394228e-01,3.315200996e-02,1.457486998e-01,9.674725650e-02,2.583567824e+01,4.569461951e+00,1.361785588e-01,4.493687239e-16,1.161179546e-17,9.772866315e-20,1.284514900e-02,-2.837496996e-01,-2.641553640e+00,-1.490139127e+00,-1.330033779e+00,-7.914165854e-01,1.277289838e-01,6.671713348e-02,4.307796666e+00,-1.484490404e+00,-3.373390914e-01,2.997857765e-02,3.330799589e-03,6.165028432e-01,-4.391102637e-02,1.015444432e-01,6.314437530e-01,-5.726883852e-02,9.224493187e-03,4.850360453e-01,-1.230347604e-01,2.249983326e-02,1.977987000e+00,7.000004128e-02,0,0
7.900000000e+00,9.446920307e-02,2.925345740e-01,1.244455047e-01,1.457463013e-01,9.674082084e-02,2.783494701e+01,4.587164598e+00,1.361786624e-01,4.480189959e-16,7.757919229e-18,5.364336092e-18,1.387047800e-02,-2.837471664e-01,-2.641554832e+00,-1.490138054e+00,-1.330035686e+00,-7.913674712e-01,1.277120560e-01,7.289779739e-02,4.323434496e+00,-1.493563048e+00,-3.358636920e-01,3.382149332e-02,4.740289775e-04,6.165069581e-01,-4.391722673e-02,1.015448969e-01,6.314437530e-01,-5.726883852e-02,9.224493187e-03,4.850361347e-01,-1.230344772e-01,2.249997109e-02,1.977987433e+00,6.999999657e-02,0,0
7.910000000e+00,9.446902147e-02,2.925144131e-01,4.125259138e-02,1.457363285e-01,9.672734718e-02,2.550280446e+01,4.588752763e+00,1.361792333e-01,6.662156896e-16,8.940560153e-18,3.699120021e-19,1.148494600e-02,-2.837448418e-01,-2.641549587e+00,-1.490130782e+00,-1.330032349e+00,-7.913411856e-01,1.277300566e-01,9.590402045e-02,4.324704466e+00,-1.492508862e+00,-3.404844375e-01,2.928473417e-02,3.958842155e-03,6.165085024e-01,-4.391974361e-02,1.015453249e-01,6.314437530e-01,-5.726883852e-02,9.224493187e-03,4.850359857e-01,-1.230349392e-01,2.249991149e-02,1.977985900e+00,7.000000775e-02,0,0
7.920000000e+00,9.446629585e-02,2.924950203e-01,3.712118421e-02,1.457267356e-01,9.671843811e-02,2.588641288e+01,4.584170025e+00,1.361792499e-01,2.259423221e-16,4.913987309e-18,2.194714508e-19,1.238718500e-02,-2.837440073e-01,-2.641541243e+00,-1.490130424e+00,-1.329996467e+00,-7.913426161e-01,1.277179718e-01,6.062630198e-02,4.323486974e+00,-1.484272087e+00,-3.382812299e-01,2.977398075e-02,3.916441712e-03,6.165098506e-01,-4.391941948e-02,1.015427071e-01,6.314437530e-01,-5.726883852e-02,9.224493187e-03,4.850362241e-01,-1.230344772e-01,2.250000462e-02,1.977987865e+00,7.000003755e-02,0,0
7.930000000e+00,9.446357915e-02,2.924800847e-01,3.558090428e-02,1.457193475e-01,9.670770275e-02,2.647858896e+01,4.588579460e+00,1.361793981e-01,7.772746928e-16,4.336808690e-18,1.265547728e-18,1.281437900e-02,-2.837380469e-01,-2.641535997e+00,-1.490128636e+00,-1.329972148e+00,-7.913007140e-01,1.276888847e-01,1.233724239e-01,4.324247172e+00,-1.491987615e+00,-3.373601011e-01,2.963087384e-02,3.197720014e-03,6.165144773e-01,-4.392264386e-02,1.015411417e-01,6.314437530e-01,-5.726883852e-02,9.224493187e-03,4.850360155e-01,-1.230348498e-01,2.249983884e-02,1.977989358e+00,6.999998540e-02,0,0
7.940000000e+00,9.446150003e-02,2.924667243e-01,4.160707467e-02,1.457127386e-01,9.669751539e-02,2.561213605e+01,4.579050912e+00,1.361798130e-01,8.862382893e-17,2.742838647e-18,2.919303692e-19,1.348236500e-02,-2.837318480e-01,-2.641528606e+00,-1.490123391e+00,-1.329950094e+00,-7.912605405e-01,1.276595145e-01,1.206392474e-01,4.315390827e+00,-1.488363174e+00,-3.384661180e-01,2.748606300e-02,3.963381824e-03,6.165184200e-01,-4.392528680e-02,1.015400339e-01,6.314437530e-01,-5.726883852e-02,9.224493187e-03,4.850360453e-01,-1.230347678e-01,2.249990217e-02,1.977985468e+00,6.999998912e-02,0,0
7.950000000e+00,9.445859771e-02,2.924307275e-01,6.256437519e-02,1.456949323e-01,9.667423802e-02,2.621214723e+01,4.590640312e+00,1.361804518e-01,4.606409490e-16,5.364336092e-18,7.273049277e-19,1.185786000e-02,-2.837258279e-01,-2.641517401e+00,-1.490115285e+00,-1.329918981e+00,-7.912061810e-01,1.276532561e-01,6.716646646e-02,4.327635072e+00,-1.491453414e+00,-3.401038665e-01,3.054390303e-02,2.230301543e-03,6.165235772e-01,-4.393030171e-02,1.015386225e-01,6.314437530e-01,-5.726883852e-02,9.224493187e-03,4.850358963e-01,-1.230345443e-01,2.249992639e-02,1.977989751e+00,7.000002265e-02,0,0
7.960000000e+00,9.445491471e-02,2.924267692e-01,5.326046730e-02,1.456929743e-01,9.667424231e-02,2.649688174e+01,4.582929193e+00,1.361808770e-01,2.430919573e-16,5.818439422e-18,2.424349759e-19,1.267471700e-02,-2.837249637e-01,-2.641509533e+00,-1.490109682e+00,-1.329888105e+00,-7.912015915e-01,1.276044548e-01,6.608935584e-02,4.320962725e+00,-1.487618454e+00,-3.378702210e-01,3.134562348e-02,2.410417958e-03,6.165244360e-01,-4.393062452e-02,1.015350394e-01,6.314437530e-01,-5.726883852e-02,9.224493187e-03,4.850360155e-01,-1.230341792e-01,2.250005491e-02,1.977989987e+00,7.000004128e-02,0,0
7.970000000e+00,9.445585711e-02,2.924189987e-01,3.671740109e-02,1.456891305e-01,9.666819068e-02,2.633261526e+01,4.589040925e+00,1.361806729e-01,2.261237170e-16,5.204170428e-18,4.370558683e-19,1.277310900e-02,-2.837237418e-01,-2.641512871e+00,-1.490112424e+00,-1.329897881e+00,-7.911906838e-01,1.276327670e-01,9.866274082e-02,4.325621547e+00,-1.491034627e+00,-3.383398706e-01,2.989360737e-02,2.957656151e-03,6.165254290e-01,-4.393160989e-02,1.015363065e-01,6.314437530e-01,-5.726883852e-02,9.224493187e-03,4.850360155e-01,-1.230346486e-01,2.249993011e-02,1.977987786e+00,6.999991089e-02,0,0
7.980000000e+00,9.445604474e-02,2.924134645e-01,3.646254778e-02,1.456863929e-01,9.666166679e-02,2.639672427e+01,4.598247379e+00,1.361813544e-01,6.081436793e-17,1.012438183e-17,1.223035797e-18,1.298499000e-02,-2.837212682e-01,-2.641511917e+00,-1.490103841e+00,-1.329910755e+00,-7.911527753e-01,1.276343912e-01,1.518378539e-01,4.333400708e+00,-1.492143640e+00,-3.394013833e-01,2.771765828e-02,2.884047760e-03,6.165270902e-01,-4.393562859e-02,1.015373475e-01,6.314437530e-01,-5.726883852e-02,9.224493187e-03,4.850361347e-01,-1.230345592e-01,2.250003256e-02,1.977986961e+00,7.000000402e-02,0,0
7.990000000e+00,9.445507366e-02,2.924135081e-01,3.429615414e-02,1.456864145e-01,9.666171233e-02,2.583069711e+01,4.566687180e+00,1.361816831e-01,4.441112322e-16,2.516576938e-18,1.201903638e-18,1.439236300e-02,-2.837184966e-01,-2.641506672e+00,-1.490099549e+00,-1.329897404e+00,-7.911490202e-01,1.276101619e-01,8.708971065e-02,4.305026761e+00,-1.482961399e+00,-3.372717206e-01,2.923098668e-02,3.253910029e-03,6.165274931e-01,-4.393450589e-02,1.015362568e-01,6.314437530e-01,-5.726883852e-02,9.224493187e-03,4.850361347e-01,-1.230344847e-01,2.250011638e-02,1.977986097e+00,7.000011578e-02,0,0
8.000000000e+00,9.445445567e-02,2.924058230e-01,3.495539063e-02,1.456826129e-01,9.665733289e-02,2.586237487e+01,4.598389965e+00,1.361816813e-01,2.221868609e-16,3.157244383e-18,7.600297829e-19,1.354778500e-02,-2.837172747e-01,-2.641503572e+00,-1.490099549e+00,-1.329885721e+00,-7.911452055e-01,1.276082098e-01,1.252389890e-01,4.333839952e+00,-1.493480125e+00,-3.406734148e-01,2.798461596e-02,3.512653478e-03,6.165283793e-01,-4.393450754e-02,1.015357679e-01,6.314437530e-01,-5.726883852e-02,9.224493187e-03,4.850361347e-01,-1.230346262e-01,2.250001766e-02,1.977986568e+00,7.000003010e-02,0,0
8.010000000e+00,9.445394320e-02,2.924110205e-01,3.550658481e-02,1.456851839e-01,9.666032726e-02,2.579757039e+01,4.594707757e+00,1.361818639e-01,3.344475331e-16,8.796247888e-18,3.163869321e-19,1.314394200e-02,-2.837159336e-01,-2.641501188e+00,-1.490097165e+00,-1.329879880e+00,-7.911443114e-01,1.275866032e-01,7.715623976e-02,4.331318581e+00,-1.492806840e+00,-3.401250188e-01,2.990450410e-02,3.751020224e-03,6.165284189e-01,-4.393379504e-02,1.015351470e-01,6.314437530e-01,-5.726883852e-02,9.224493187e-03,4.850360751e-01,-1.230347380e-01,2.249986865e-02,1.977986372e+00,7.000000775e-02,0,0
8.020000000e+00,9.445311228e-02,2.923882857e-01,4.842005286e-02,1.456739378e-01,9.664544126e-02,2.665865606e+01,4.579508090e+00,1.361819070e-01,5.215722430e-17,6.314488766e-18,2.168404345e-19,1.367232700e-02,-2.837161720e-01,-2.641502619e+00,-1.490096807e+00,-1.329882741e+00,-7.911089063e-01,1.276154667e-01,7.063129939e-02,4.318160293e+00,-1.485280851e+00,-3.367109285e-01,3.095395398e-02,2.376268183e-03,6.165312891e-01,-4.393953725e-02,1.015355899e-01,6.314437530e-01,-5.726883852e-02,9.224493187e-03,4.850360453e-01,-1.230346188e-01,2.249997668e-02,1.977986765e+00,7.000010088e-02,0,0
8.030000000e+00,9.445398441e-02,2.924141663e-01,2.994406459e-02,1.456867401e-01,9.666034451e-02,2.629241617e+01,4.574839020e+00,1.361820862e-01,8.888240477e-16,1.939479807e-18,2.498962532e-19,1.121073300e-02,-2.837153375e-01,-2.641502380e+00,-1.490094423e+00,-1.329888582e+00,-7.911244035e-01,1.275783479e-01,6.639716639e-02,4.314029603e+00,-1.483250402e+00,-3.360391658e-01,3.043575532e-02,3.413282992e-03,6.165294136e-01,-4.393638372e-02,1.015357238e-01,6.314437530e-01,-5.726883852e-02,9.224493187e-03,4.850357771e-01,-1.230340824e-01,2.250007913e-02,1.977991284e+00,7.000005245e-02,0,0
8.040000000e+00,9.445380520e-02,2.923798372e-01,5.461761497e-02,1.456697586e-01,9.663949202e-02,2.646350245e+01,4.589889174e+00,1.361819676e-01,6.705059678e-16,9.055522399e-18,3.066586833e-19,1.124885500e-02,-2.837158144e-01,-2.641503096e+00,-1.490096092e+00,-1.329888940e+00,-7.910999656e-01,1.276377290e-01,6.582246414e-02,4.327008751e+00,-1.491299926e+00,-3.387448635e-01,3.186276342e-02,2.553819587e-03,6.165317483e-01,-4.394064688e-02,1.015365332e-01,6.314437530e-01,-5.726883852e-02,9.224493187e-03,4.850361347e-01,-1.230346188e-01,2.249995060e-02,1.977988533e+00,6.999997795e-02,0,0
8.050000000e+00,9.445449958e-02,2.924020489e-01,6.246122531e-02,1.456807460e-01,9.664979359e-02,2.554986068e+01,4.581956609e+00,1.361829997e-01,4.440976801e-16,3.469446952e-18,1.089609698e-18,1.334892400e-02,-2.837114334e-01,-2.641501188e+00,-1.490082860e+00,-1.329906464e+00,-7.910848856e-01,1.275979728e-01,7.554316915e-02,4.321172541e+00,-1.483499717e+00,-3.383435407e-01,2.859160511e-02,4.714153418e-03,6.165306485e-01,-4.393959418e-02,1.015369141e-01,6.314437530e-01,-5.726883852e-02,9.224493187e-03,4.850361347e-01,-1.230347306e-01,2.249998786e-02,1.977986489e+00,7.000011951e-02,0,0
8.060000000e+00,9.445594279e-02,2.923950026e-01,3.389480692e-02,1.456772605e-01,9.664500836e-02,2.582586485e+01,4.594811771e+00,1.361824400e-01,3.341684873e-16,1.004570505e-17,3.266868929e-19,1.176430900e-02,-2.837130725e-01,-2.641505003e+00,-1.490090132e+00,-1.329913378e+00,-7.910864949e-01,1.276323199e-01,7.711811005e-02,4.331228922e+00,-1.493401346e+00,-3.400880873e-01,2.972525333e-02,3.598202894e-03,6.165312204e-01,-4.394057649e-02,1.015386250e-01,6.314437530e-01,-5.726883852e-02,9.224493187e-03,4.850361943e-01,-1.230346709e-01,2.249986678e-02,1.977986882e+00,6.999993697e-02,0,0
8.070000000e+00,9.445574412e-02,2.923934745e-01,5.741756609e-02,1.456765045e-01,9.663950924e-02,2.679144872e+01,4.585449897e+00,1.361832221e-01,3.331120794e-16,5.275955480e-18,4.848699518e-19,1.277283800e-02,-2.837103307e-01,-2.641505480e+00,-1.490080357e+00,-1.329931140e+00,-7.910311818e-01,1.276203394e-01,8.624401841e-02,4.323002819e+00,-1.488582692e+00,-3.372514144e-01,3.062745679e-02,2.090372692e-03,6.165340057e-01,-4.394709239e-02,1.015398121e-01,6.314437530e-01,-5.726883852e-02,9.224493187e-03,4.850361347e-01,-1.230346188e-01,2.249994501e-02,1.977986096e+00,7.000006735e-02,0,0
8.080000000e+00,9.445532666e-02,2.924055055e-01,3.942816145e-02,1.456824559e-01,9.664545707e-02,2.659215877e+01,4.575837145e+00,1.361836029e-01,3.755546119e-16,8.690541527e-18,6.321930712e-19,1.223972300e-02,-2.837091684e-01,-2.641502857e+00,-1.490075469e+00,-1.329929590e+00,-7.910209894e-01,1.275831014e-01,5.429191910e-02,4.315104379e+00,-1.483751883e+00,-3.356638361e-01,3.183195950e-02,3.004740051e-03,6.165343177e-01,-4.394782085e-02,1.015395405e-01,6.314437530e-01,-5.726883852e-02,9.224493187e-03,4.850360155e-01,-1.230342537e-01,2.250017598e-02,1.977991480e+00,7.000004500e-02,0,0
8.090000000e+00,9.445626278e-02,2.923892733e-01,6.393206978e-02,1.456744263e-01,9.663542345e-02,2.665254527e+01,4.585768197e+00,1.361831388e-01,3.390508047e-16,1.127570259e-17,1.651407549e-18,1.263904700e-02,-2.837100923e-01,-2.641507626e+00,-1.490081549e+00,-1.329938650e+00,-7.910155058e-01,1.276329011e-01,7.796016100e-02,4.323288235e+00,-1.488984587e+00,-3.380709092e-01,3.160770594e-02,2.216675518e-03,6.165352436e-01,-4.394940892e-02,1.015408770e-01,6.314437530e-01,-5.726883852e-02,9.224493187e-03,4.850361347e-01,-1.230345368e-01,2.249991335e-02,1.977987982e+00,7.000006363e-02,0,0
8.100000000e+00,9.445744119e-02,2.924156681e-01,5.754028707e-02,1.456874829e-01,9.664805686e-02,2.682741875e+01,4.587991885e+00,1.361837089e-01,1.458432074e-16,3.469446952e-18,7.273049277e-19,1.227235400e-02,-2.837083042e-01,-2.641507149e+00,-1.490074277e+00,-1.329954147e+00,-7.910041213e-01,1.275897175e-01,9.011485147e-03,4.325960026e+00,-1.490305333e+00,-3.368602858e-01,3.417179026e-02,2.373682592e-03,6.165346671e-01,-4.394964452e-02,1.015420236e-01,6.314437530e-01,-5.726883852e-02,9.224493187e-03,4.850360155e-01,-1.230344102e-01,2.250016108e-02,1.977989555e+00,7.000000775e-02,0,0
8.110000000e+00,9.445791511e-02,2.924105086e-01,1.048508227e-01,1.456849307e-01,9.664237925e-02,2.758141748e+01,4.574683418e+00,1.361834940e-01,2.229659593e-16,3.469446952e-18,1.734723476e-18,1.192206100e-02,-2.837062180e-01,-2.641512632e+00,-1.490077257e+00,-1.329967856e+00,-7.909774184e-01,1.276081502e-01,5.889701182e-02,4.312473410e+00,-1.487878125e+00,-3.345472001e-01,3.359476243e-02,9.250374541e-04,6.165369020e-01,-4.395256999e-02,1.015432915e-01,6.314437530e-01,-5.726883852e-02,9.224493187e-03,4.850361347e-01,-1.230345294e-01,2.249998040e-02,1.977987236e+00,6.999997795e-02,0,0
8.120000000e+00,9.446124010e-02,2.924168914e-01,3.263466033e-02,1.456880881e-01,9.664147404e-02,2.624697176e+01,4.585872757e+00,1.361838002e-01,2.223104142e-16,5.057544570e-18,1.533293417e-19,1.267755800e-02,-2.837058604e-01,-2.641517878e+00,-1.490073562e+00,-1.330005407e+00,-7.909525037e-01,1.276360303e-01,7.300572855e-02,4.324272269e+00,-1.486834504e+00,-3.375770601e-01,3.035021229e-02,3.493490120e-03,6.165370687e-01,-4.395574030e-02,1.015471776e-01,6.314437530e-01,-5.726883852e-02,9.224493187e-03,4.850360751e-01,-1.230347231e-01,2.249986865e-02,1.977986568e+00,6.999995932e-02,0,0
8.130000000e+00,9.446278588e-02,2.924180174e-01,7.442955068e-02,1.456886450e-01,9.664069463e-02,2.674816788e+01,4.589119006e+00,1.361834416e-01,1.326808328e-17,1.551583846e-17,9.697399036e-19,1.198743200e-02,-2.837070227e-01,-2.641525984e+00,-1.490078330e+00,-1.330028653e+00,-7.909464836e-01,1.276677847e-01,6.270289182e-02,4.326599752e+00,-1.490299400e+00,-3.384879970e-01,3.234190729e-02,1.937805372e-03,6.165372309e-01,-4.395732787e-02,1.015490143e-01,6.314437530e-01,-5.726883852e-02,9.224493187e-03,4.850359559e-01,-1.230343282e-01,2.249989100e-02,1.977990262e+00,7.000006735e-02,0,0
8.140000000e+00,9.446589172e-02,2.924396920e-01,4.885347869e-02,1.456993667e-01,9.664934296e-02,2.613627269e+01,4.603055916e+00,1.361838597e-01,4.476578209e-16,2.909219711e-18,2.424349759e-19,1.303516100e-02,-2.837045789e-01,-2.641529083e+00,-1.490073085e+00,-1.330059886e+00,-7.909357548e-01,1.276624203e-01,7.587067479e-02,4.338737044e+00,-1.496791814e+00,-3.411845505e-01,3.046886178e-02,2.698418138e-03,6.165362954e-01,-4.395695816e-02,1.015519877e-01,6.314437530e-01,-5.726883852e-02,9.224493187e-03,4.850361645e-01,-1.230348572e-01,2.249990590e-02,1.977985428e+00,6.999991462e-02,0,0
8.150000000e+00,9.446644124e-02,2.924352819e-01,3.436535338e-02,1.456971852e-01,9.664538903e-02,2.626301783e+01,4.582271423e+00,1.361838526e-01,9.572860534e-17,6.254634441e-18,3.833233542e-19,1.292382000e-02,-2.837051153e-01,-2.641533852e+00,-1.490073323e+00,-1.330076456e+00,-7.909200191e-01,1.276854277e-01,6.048601805e-02,4.321375216e+00,-1.484789747e+00,-3.371961632e-01,3.090662900e-02,3.466597308e-03,6.165369566e-01,-4.395960245e-02,1.015530379e-01,6.314437530e-01,-5.726883852e-02,9.224493187e-03,4.850361049e-01,-1.230345815e-01,2.249986120e-02,1.977987982e+00,7.000002265e-02,0,0
8.160000000e+00,9.446754634e-02,2.924548934e-01,3.359141938e-02,1.457068863e-01,9.665486943e-02,2.651816776e+01,4.525079362e+00,1.361837869e-01,4.448813262e-16,1.015220886e-17,7.373371937e-19,1.317745200e-02,-2.837043703e-01,-2.641539097e+00,-1.490074277e+00,-1.330094814e+00,-7.909137607e-01,1.276688129e-01,6.809864613e-02,4.267020250e+00,-1.467862404e+00,-3.296165084e-01,3.110552544e-02,3.058559998e-03,6.165368854e-01,-4.395995347e-02,1.015542077e-01,6.314437530e-01,-5.726883852e-02,9.224493187e-03,4.850361645e-01,-1.230346411e-01,2.249998227e-02,1.977986372e+00,6.999998167e-02,0,0
8.170000000e+00,9.446918561e-02,2.924410919e-01,4.612912969e-02,1.457000592e-01,9.664641465e-02,2.640493452e+01,4.586044023e+00,1.361832667e-01,1.301331695e-16,1.301042607e-18,6.594944350e-19,1.291895900e-02,-2.837066650e-01,-2.641545296e+00,-1.490081072e+00,-1.330110192e+00,-7.909149528e-01,1.277272552e-01,6.905599963e-02,4.323793596e+00,-1.488785513e+00,-3.381941857e-01,3.122614501e-02,2.702915617e-03,6.165370211e-01,-4.396127732e-02,1.015560977e-01,6.314437530e-01,-5.726883852e-02,9.224493187e-03,4.850361347e-01,-1.230345815e-01,2.249993943e-02,1.977988022e+00,7.000004128e-02,0,0
8.180000000e+00,9.447115543e-02,2.924684029e-01,4.169798605e-02,1.457135690e-01,9.665970684e-02,2.649805511e+01,4.582365953e+00,1.361836708e-01,1.368673737e-17,1.226634733e-18,0.000000000e+00,1.174240900e-02,-2.837056220e-01,-2.641547680e+00,-1.490075946e+00,-1.330133915e+00,-7.909104824e-01,1.277000308e-01,6.530471127e-02,4.320528026e+00,-1.487337977e+00,-3.372089094e-01,3.097689246e-02,2.632309867e-03,6.165357720e-01,-4.396085708e-02,1.015578509e-01,6.314437530e-01,-5.726883852e-02,9.224493187e-03,4.850361049e-01,-1.230343580e-01,2.249989100e-02,1.977989122e+00,7.000003010e-02,0,0
8.190000000e+00,9.447207384e-02,2.924753357e-01,4.184828346e-02,1.457169984e-01,9.666224980e-02,2.631965136e+01,4.579299636e+00,1.361837774e-01,1.916064706e-17,3.679904200e-18,5.838607383e-19,1.353400500e-02,-2.837035656e-01,-2.641549587e+00,-1.490074635e+00,-1.330145121e+00,-7.909051180e-01,1.276993304e-01,7.921427994e-02,4.317082246e+00,-1.487453422e+00,-3.361768048e-01,3.105885887e-02,3.735388636e-03,6.165356810e-01,-4.396025685e-02,1.015586893e-01,6.314437530e-01,-5.726883852e-02,9.224493187e-03,4.850361943e-01,-1.230347753e-01,2.249992825e-02,1.977986293e+00,6.999997422e-02,0,0
8.200000000e+00,9.447300727e-02,2.924729728e-01,4.779287260e-02,1.457158295e-01,9.666131496e-02,2.560217641e+01,4.597050283e+00,1.361837182e-01,4.542293177e-16,4.942609627e-18,7.721670537e-19,1.369600700e-02,-2.837040722e-01,-2.641549587e+00,-1.490075350e+00,-1.330147982e+00,-7.909168601e-01,1.277174056e-01,8.581655523e-02,4.333399661e+00,-1.493408497e+00,-3.405738489e-01,2.959730746e-02,4.326309131e-03,6.165346551e-01,-4.395869922e-02,1.015592542e-01,6.314437530e-01,-5.726883852e-02,9.224493187e-03,4.850360155e-01,-1.230348125e-01,2.249990031e-02,1.977986608e+00,7.000007853e-02,0,0
8.210000000e+00,9.447258762e-02,2.924680389e-01,4.665973118e-02,1.457133889e-01,9.665861612e-02,2.637518703e+01,4.589999136e+00,1.361834802e-01,2.250732682e-16,9.974659987e-18,1.089609698e-18,1.160533700e-02,-2.837055326e-01,-2.641550779e+00,-1.490078449e+00,-1.330145359e+00,-7.909124494e-01,1.277227998e-01,6.202543141e-02,4.326773266e+00,-1.492524318e+00,-3.385868216e-01,3.163450404e-02,2.719615130e-03,6.165355090e-01,-4.396045989e-02,1.015592165e-01,6.314437530e-01,-5.726883852e-02,9.224493187e-03,4.850360751e-01,-1.230347529e-01,2.249984629e-02,1.977987040e+00,6.999989972e-02,0,0
8.220000000e+00,9.447195338e-02,2.924610590e-01,4.800198208e-02,1.457099362e-01,9.665118997e-02,2.652596749e+01,4.582554745e+00,1.361839043e-01,2.314100961e-16,2.742838647e-18,1.084202172e-19,1.284888900e-02,-2.837021053e-01,-2.641550303e+00,-1.490073204e+00,-1.330150485e+00,-7.908688188e-01,1.277154833e-01,6.938702954e-02,4.321139091e+00,-1.485881701e+00,-3.375700686e-01,3.076493731e-02,2.434036435e-03,6.165384760e-01,-4.396502908e-02,1.015597050e-01,6.314437530e-01,-5.726883852e-02,9.224493187e-03,4.850359559e-01,-1.230343133e-01,2.249992639e-02,1.977989751e+00,7.000013441e-02,0,0
8.230000000e+00,9.447366109e-02,2.924764418e-01,4.036682717e-02,1.457175455e-01,9.665792050e-02,2.617415960e+01,4.582760351e+00,1.361841227e-01,2.226063243e-16,1.788112031e-18,1.355252716e-18,1.231494400e-02,-2.836996019e-01,-2.641552687e+00,-1.490070462e+00,-1.330168724e+00,-7.908648252e-01,1.277082115e-01,8.114103027e-02,4.320436177e+00,-1.488087651e+00,-3.370266846e-01,3.054804862e-02,3.844198937e-03,6.165378085e-01,-4.396379523e-02,1.015611667e-01,6.314437530e-01,-5.726883852e-02,9.224493187e-03,4.850361049e-01,-1.230347678e-01,2.249985002e-02,1.977986686e+00,6.999999285e-02,0,0
8.240000000e+00,9.447253761e-02,2.924739711e-01,4.450579175e-02,1.457163234e-01,9.665528812e-02,2.667619142e+01,4.579187650e+00,1.361843250e-01,4.461292616e-16,4.336808690e-19,3.066586833e-19,1.149647700e-02,-2.836985886e-01,-2.641552210e+00,-1.490067959e+00,-1.330166936e+00,-7.908412218e-01,1.276933104e-01,5.660489477e-02,4.317931731e+00,-1.485667335e+00,-3.361405404e-01,3.187391128e-02,2.673565597e-03,6.165395881e-01,-4.396684734e-02,1.015607443e-01,6.314437530e-01,-5.726883852e-02,9.224493187e-03,4.850359559e-01,-1.230343431e-01,2.250001393e-02,1.977989869e+00,7.000005990e-02,0,0
8.250000000e+00,9.447486981e-02,2.924561701e-01,4.138166920e-02,1.457075178e-01,9.664082293e-02,2.608664102e+01,4.599721625e+00,1.361841494e-01,9.965227682e-18,6.377468505e-18,6.705420115e-19,1.267742700e-02,-2.836957574e-01,-2.641555786e+00,-1.490070462e+00,-1.330185056e+00,-7.908116579e-01,1.277480423e-01,8.381533406e-02,4.335995439e+00,-1.494186961e+00,-3.406894584e-01,2.975338948e-02,2.885969456e-03,6.165419533e-01,-4.396972673e-02,1.015639269e-01,6.314437530e-01,-5.726883852e-02,9.224493187e-03,4.850358069e-01,-1.230344698e-01,2.249993943e-02,1.977989987e+00,7.000007853e-02,0,0
8.260000000e+00,9.447526408e-02,2.924732994e-01,4.918622559e-02,1.457159911e-01,9.664965904e-02,2.651375024e+01,4.587647259e+00,1.361844413e-01,5.651845158e-17,8.673617380e-18,5.838607383e-19,1.115402300e-02,-2.836956084e-01,-2.641558409e+00,-1.490066767e+00,-1.330200076e+00,-7.908055782e-01,1.277259737e-01,8.015640009e-02,4.324962063e+00,-1.489799239e+00,-3.381210739e-01,3.084672858e-02,2.514656788e-03,6.165413100e-01,-4.397026219e-02,1.015643036e-01,6.314437530e-01,-5.726883852e-02,9.224493187e-03,4.850360453e-01,-1.230342388e-01,2.249996178e-02,1.977990380e+00,7.000001892e-02,0,0
8.270000000e+00,9.447579775e-02,2.924614817e-01,5.332393707e-02,1.457101453e-01,9.664107194e-02,2.647337699e+01,4.587784789e+00,1.361844418e-01,2.552844671e-16,7.359808400e-18,6.857096618e-19,1.417048000e-02,-2.836950421e-01,-2.641559601e+00,-1.490066886e+00,-1.330206752e+00,-7.907868028e-01,1.277509630e-01,8.154265414e-02,4.325071507e+00,-1.489742449e+00,-3.385059961e-01,3.084904313e-02,2.446849014e-03,6.165427241e-01,-4.397284060e-02,1.015654491e-01,6.314437530e-01,-5.726883852e-02,9.224493187e-03,4.850360751e-01,-1.230346262e-01,2.249994501e-02,1.977987040e+00,7.000004500e-02,0,0
8.280000000e+00,9.447630193e-02,2.924741770e-01,4.386856892e-02,1.457164252e-01,9.664649859e-02,2.584330842e+01,4.613545467e+00,1.361850710e-01,5.585385324e-16,1.035753606e-17,3.557377035e-19,1.228496300e-02,-2.836913168e-01,-2.641554594e+00,-1.490058780e+00,-1.330206990e+00,-7.907774448e-01,1.277163178e-01,1.528455565e-01,4.346659222e+00,-1.499878877e+00,-3.429630078e-01,2.689430640e-02,3.170008932e-03,6.165425948e-01,-4.397171533e-02,1.015657820e-01,6.314437530e-01,-5.726883852e-02,9.224493187e-03,4.850361645e-01,-1.230348349e-01,2.249987796e-02,1.977986489e+00,6.999996305e-02,0,0
8.290000000e+00,9.447356944e-02,2.924555003e-01,6.726769115e-02,1.457071865e-01,9.663298852e-02,2.593195775e+01,4.625789492e+00,1.361860874e-01,3.217432742e-17,5.313990658e-18,3.388131789e-19,1.197947100e-02,-2.836841643e-01,-2.641543150e+00,-1.490045786e+00,-1.330182791e+00,-7.907264233e-01,1.276813149e-01,7.424197455e-02,4.359394429e+00,-1.506022355e+00,-3.450936224e-01,2.996919681e-02,2.381724490e-03,6.165465142e-01,-4.397521105e-02,1.015641221e-01,6.314437530e-01,-5.726883852e-02,9.224493187e-03,4.850361347e-01,-1.230348423e-01,2.249984443e-02,1.977986136e+00,7.000002265e-02,0,0
8.300000000e+00,9.446860705e-02,2.924120519e-01,6.564444845e-02,1.456856941e-01,9.660887578e-02,2.492630847e+01,4.595963365e+00,1.361867531e-01,4.469438533e-16,9.813077867e-18,9.263427422e-19,1.383060800e-02,-2.836802602e-01,-2.641531229e+00,-1.490037203e+00,-1.330140233e+00,-7.906878591e-01,1.276766211e-01,6.220108060e-02,4.332448368e+00,-1.493592963e+00,-3.423483679e-01,2.923239000e-02,4.954433553e-03,6.165505289e-01,-4.397910574e-02,1.015602533e-01,6.314437530e-01,-5.726883852e-02,9.224493187e-03,4.850357771e-01,-1.230337992e-01,2.249995805e-02,1.977992816e+00,7.000021636e-02,0,0
8.310000000e+00,9.446614065e-02,2.923991993e-01,4.521451237e-02,1.456793364e-01,9.660328650e-02,2.568592395e+01,4.525486487e+00,1.361868093e-01,4.674403853e-16,3.426083154e-18,7.114189334e-19,1.189083000e-02,-2.836790383e-01,-2.641524792e+00,-1.490036368e+00,-1.330111504e+00,-7.906877398e-01,1.276594996e-01,6.973950379e-02,4.267347933e+00,-1.467711536e+00,-3.314148720e-01,2.957482278e-02,4.280811644e-03,6.165516475e-01,-4.397867876e-02,1.015578489e-01,6.314437530e-01,-5.726883852e-02,9.224493187e-03,4.850360751e-01,-1.230345964e-01,2.249990217e-02,1.977987865e+00,6.999996677e-02,0,0
8.320000000e+00,9.446377378e-02,2.923946601e-01,4.240231127e-02,1.456770910e-01,9.660073369e-02,2.607031828e+01,4.593403923e+00,1.361873508e-01,5.581504796e-16,6.505213035e-18,1.096331598e-18,1.248940600e-02,-2.836758792e-01,-2.641515732e+00,-1.490029335e+00,-1.330085754e+00,-7.906723022e-01,1.276166439e-01,1.692695719e-01,4.329377781e+00,-1.487241187e+00,-3.385553806e-01,2.595123392e-02,3.985396201e-03,6.165532006e-01,-4.397921737e-02,1.015557554e-01,6.314437530e-01,-5.726883852e-02,9.224493187e-03,4.850360751e-01,-1.230340004e-01,2.250018157e-02,1.977992384e+00,7.000008225e-02,0,0
8.330000000e+00,9.445865510e-02,2.923440970e-01,9.892229762e-02,1.456520791e-01,9.657266278e-02,2.708220626e+01,4.543321813e+00,1.361873531e-01,5.132114245e-17,1.097135459e-17,1.764953266e-18,1.299868000e-02,-2.836727202e-01,-2.641506910e+00,-1.490029335e+00,-1.330038190e+00,-7.906334996e-01,1.276269704e-01,1.067227810e-01,4.282876855e+00,-1.475021242e+00,-3.328067056e-01,3.000544419e-02,9.425864785e-04,6.165586141e-01,-4.398402110e-02,1.015520827e-01,6.314437530e-01,-5.726883852e-02,9.224493187e-03,4.850359261e-01,-1.230345666e-01,2.249996364e-02,1.977989162e+00,7.000013068e-02,0,0
8.340000000e+00,9.445670655e-02,2.923407405e-01,3.705634793e-02,1.456504188e-01,9.657180689e-02,2.603657446e+01,4.593031577e+00,1.361882106e-01,6.662292403e-16,5.057544570e-18,6.792507142e-19,1.181835000e-02,-2.836702168e-01,-2.641494989e+00,-1.490018129e+00,-1.330012321e+00,-7.906320095e-01,1.275863647e-01,6.722786201e-02,4.330041967e+00,-1.491994508e+00,-3.393148469e-01,3.100244606e-02,3.565655620e-03,6.165583719e-01,-4.398257493e-02,1.015498420e-01,6.314437530e-01,-5.726883852e-02,9.224493187e-03,4.850359261e-01,-1.230339929e-01,2.250019461e-02,1.977989201e+00,6.999997422e-02,0,0
8.350000000e+00,9.445730998e-02,2.923366443e-01,3.544750507e-02,1.456483925e-01,9.656947212e-02,2.588024312e+01,4.581603319e+00,1.361879764e-01,4.455977544e-16,5.773821940e-18,1.735570302e-19,1.162287700e-02,-2.836684585e-01,-2.641494751e+00,-1.490021110e+00,-1.330008864e+00,-7.906400561e-01,1.276000589e-01,1.256595941e-01,4.317655730e+00,-1.489150829e+00,-3.387853564e-01,2.812332611e-02,3.317379540e-03,6.165583444e-01,-4.398037883e-02,1.015501389e-01,6.314437530e-01,-5.726883852e-02,9.224493187e-03,4.850359559e-01,-1.230347678e-01,2.249990590e-02,1.977988022e+00,7.000004873e-02,0,0
8.360000000e+00,9.445582757e-02,2.923441186e-01,5.446675705e-02,1.456520898e-01,9.657126300e-02,2.677747502e+01,4.574522973e+00,1.361886878e-01,3.391073817e-16,5.275955480e-18,6.133173667e-19,1.335411300e-02,-2.836654484e-01,-2.641489029e+00,-1.490012050e+00,-1.330000997e+00,-7.906041145e-01,1.275447458e-01,8.917941812e-02,4.312834777e+00,-1.484589773e+00,-3.358844105e-01,3.055746773e-02,2.181548817e-03,6.165606403e-01,-4.398398311e-02,1.015495111e-01,6.314437530e-01,-5.726883852e-02,9.224493187e-03,4.850358367e-01,-1.230343431e-01,2.250000089e-02,1.977993052e+00,7.000013068e-02,0,0
8.370000000e+00,9.445409337e-02,2.923283384e-01,4.075186319e-02,1.456442838e-01,9.656194408e-02,2.648624855e+01,4.590392714e+00,1.361893174e-01,5.275955480e-18,5.259218770e-18,3.428548309e-19,1.436241200e-02,-2.836637497e-01,-2.641482115e+00,-1.490003943e+00,-1.329986691e+00,-7.905837297e-01,1.275372207e-01,4.667863909e-02,4.328259039e+00,-1.490161416e+00,-3.377461781e-01,3.220599787e-02,3.052485173e-03,6.165619319e-01,-4.398602966e-02,1.015482396e-01,6.314437530e-01,-5.726883852e-02,9.224493187e-03,4.850361347e-01,-1.230341420e-01,2.250023931e-02,1.977988297e+00,7.000005618e-02,0,0
8.380000000e+00,9.445450199e-02,2.923245058e-01,6.295621875e-02,1.456423880e-01,9.655810877e-02,2.589240973e+01,4.578228505e+00,1.361894045e-01,1.649561497e-16,5.502326025e-18,4.848699518e-19,1.313157100e-02,-2.836601734e-01,-2.641480684e+00,-1.490002871e+00,-1.329985738e+00,-7.905726433e-01,1.275400668e-01,9.337717524e-02,4.314839267e+00,-1.489100344e+00,-3.396212514e-01,2.916904326e-02,2.404878427e-03,6.165629686e-01,-4.398557054e-02,1.015487587e-01,6.314437530e-01,-5.726883852e-02,9.224493187e-03,4.850360453e-01,-1.230349019e-01,2.249988914e-02,1.977985625e+00,6.999996677e-02,0,0
8.390000000e+00,9.445420652e-02,2.923096730e-01,4.375696529e-02,1.456350506e-01,9.654789478e-02,2.551836149e+01,4.598075081e+00,1.361896913e-01,3.589871818e-17,8.684452634e-18,1.087247215e-18,1.228691400e-02,-2.836585045e-01,-2.641479731e+00,-1.489999294e+00,-1.329988122e+00,-7.905476689e-01,1.275572926e-01,9.093506892e-02,4.334381325e+00,-1.493271926e+00,-3.412423698e-01,2.896678310e-02,4.162124984e-03,6.165646054e-01,-4.398835330e-02,1.015491205e-01,6.314437530e-01,-5.726883852e-02,9.224493187e-03,4.850359857e-01,-1.230347306e-01,2.249989472e-02,1.977986922e+00,7.000010088e-02,0,0
8.400000000e+00,9.445366002e-02,2.923137757e-01,3.482723931e-02,1.456370801e-01,9.655089916e-02,2.643830817e+01,4.576383288e+00,1.361896362e-01,5.625441037e-16,5.240185878e-18,3.297472175e-19,1.283903900e-02,-2.836602330e-01,-2.641481400e+00,-1.490000010e+00,-1.329989552e+00,-7.905486226e-01,1.275491416e-01,7.560614473e-02,4.315387908e+00,-1.483514121e+00,-3.365767455e-01,2.982698202e-02,2.686647957e-03,6.165644507e-01,-4.398926811e-02,1.015486681e-01,6.314437530e-01,-5.726883852e-02,9.224493187e-03,4.850359261e-01,-1.230342463e-01,2.250017598e-02,1.977990891e+00,7.000007108e-02,0,0
8.410000000e+00,9.445455912e-02,2.923127062e-01,4.072819402e-02,1.456365511e-01,9.654700436e-02,2.575216596e+01,4.587054656e+00,1.361897971e-01,4.453410542e-16,2.531095457e-18,7.589415207e-19,1.262782700e-02,-2.836563885e-01,-2.641482592e+00,-1.489998102e+00,-1.330000281e+00,-7.905225754e-01,1.275538206e-01,9.099788388e-02,4.324424997e+00,-1.488756973e+00,-3.389468249e-01,2.897384198e-02,4.060300428e-03,6.165661864e-01,-4.399085451e-02,1.015500958e-01,6.314437530e-01,-5.726883852e-02,9.224493187e-03,4.850362241e-01,-1.230347827e-01,2.249991708e-02,1.977986293e+00,7.000008225e-02,0,0
8.420000000e+00,9.445444111e-02,2.923118727e-01,8.761671772e-02,1.456361388e-01,9.654617194e-02,2.726524888e+01,4.574581807e+00,1.361896163e-01,2.246399923e-16,1.430489625e-17,1.301042607e-18,1.182877900e-02,-2.836585045e-01,-2.641483784e+00,-1.490000486e+00,-1.330000639e+00,-7.905153632e-01,1.275530905e-01,6.627919979e-02,4.312830971e+00,-1.486098871e+00,-3.352040590e-01,3.227303671e-02,1.276683069e-03,6.165670433e-01,-4.399340549e-02,1.015504800e-01,6.314437530e-01,-5.726883852e-02,9.224493187e-03,4.850362241e-01,-1.230345443e-01,2.250001766e-02,1.977987157e+00,6.999994442e-02,0,0
8.430000000e+00,9.445585967e-02,2.923219483e-01,5.665042860e-02,1.456411228e-01,9.654829658e-02,2.604014951e+01,4.612994930e+00,1.361904214e-01,4.560557995e-16,4.906538933e-18,6.857096618e-19,1.165889800e-02,-2.836548984e-01,-2.641480684e+00,-1.489990234e+00,-1.330014825e+00,-7.904906869e-01,1.275341958e-01,1.708001487e-02,4.348141898e+00,-1.501501243e+00,-3.427822390e-01,3.286334770e-02,2.624432911e-03,6.165673705e-01,-4.399454722e-02,1.015521481e-01,6.314437530e-01,-5.726883852e-02,9.224493187e-03,4.850361943e-01,-1.230347306e-01,2.249985747e-02,1.977986489e+00,7.000003383e-02,0,0
8.440000000e+00,9.445384385e-02,2.923011153e-01,4.866586349e-02,1.456308174e-01,9.653764513e-02,2.649054057e+01,4.590313091e+00,1.361901014e-01,6.664031168e-16,3.469446952e-18,8.673617380e-19,1.143865600e-02,-2.836554945e-01,-2.641483784e+00,-1.489994407e+00,-1.330008030e+00,-7.904814482e-01,1.275607049e-01,1.190737326e-01,4.327125782e+00,-1.489030256e+00,-3.387300574e-01,2.869493318e-02,2.372591022e-03,6.165689194e-01,-4.399661557e-02,1.015506327e-01,6.314437530e-01,-5.726883852e-02,9.224493187e-03,4.850362241e-01,-1.230344027e-01,2.249998227e-02,1.977988729e+00,7.000008225e-02,0,0
8.450000000e+00,9.445603948e-02,2.923254148e-01,4.837604376e-02,1.456428376e-01,9.654945208e-02,2.670059396e+01,4.576355781e+00,1.361901148e-01,4.452430638e-16,3.127317221e-18,1.084202172e-19,1.183435900e-02,-2.836547196e-01,-2.641486168e+00,-1.489994287e+00,-1.330024958e+00,-7.904829979e-01,1.275395304e-01,7.774881693e-02,4.314534650e+00,-1.485914465e+00,-3.359270738e-01,3.134901906e-02,2.559131336e-03,6.165681528e-01,-4.399569608e-02,1.015526233e-01,6.314437530e-01,-5.726883852e-02,9.224493187e-03,4.850361943e-01,-1.230347008e-01,2.249991521e-02,1.977986765e+00,7.000000775e-02,0,0
8.460000000e+00,9.445687270e-02,2.923312859e-01,4.528903700e-02,1.456457419e-01,9.655118426e-02,2.656207338e+01,4.575770008e+00,1.361903526e-01,4.445243716e-16,4.336808690e-18,1.474674387e-18,1.239678500e-02,-2.836538255e-01,-2.641487360e+00,-1.489991307e+00,-1.330037117e+00,-7.904724479e-01,1.275373697e-01,7.264654117e-02,4.314328385e+00,-1.484871804e+00,-3.363846153e-01,3.096492575e-02,2.554004887e-03,6.165681923e-01,-4.399656266e-02,1.015536066e-01,6.314437530e-01,-5.726883852e-02,9.224493187e-03,4.850360155e-01,-1.230343953e-01,2.249985188e-02,1.977988926e+00,7.000005618e-02,0,0
8.470000000e+00,9.445726463e-02,2.923066702e-01,4.065912304e-02,1.456335652e-01,9.653940109e-02,2.637789184e+01,4.585544906e+00,1.361893788e-01,4.553475649e-16,1.048934084e-17,7.589415207e-19,1.266078700e-02,-2.836575806e-01,-2.641493797e+00,-1.490003824e+00,-1.330037713e+00,-7.904929519e-01,1.276102364e-01,7.306468140e-02,4.322978931e+00,-1.489490318e+00,-3.379424117e-01,3.070450520e-02,2.747636125e-03,6.165679696e-01,-4.399610588e-02,1.015539060e-01,6.314437530e-01,-5.726883852e-02,9.224493187e-03,4.850360751e-01,-1.230344847e-01,2.249995805e-02,1.977988572e+00,6.999997050e-02,0,0
8.480000000e+00,9.445808376e-02,2.923181573e-01,6.608544724e-02,1.456392475e-01,9.653901421e-02,2.669641164e+01,4.581469125e+00,1.361907184e-01,3.075161289e-17,6.254634441e-18,1.738108305e-18,1.296580000e-02,-2.836503983e-01,-2.641490936e+00,-1.489986897e+00,-1.330061078e+00,-7.904272676e-01,1.275720000e-01,8.048925044e-02,4.319224813e+00,-1.487589724e+00,-3.373951648e-01,3.026247408e-02,1.827419999e-03,6.165706523e-01,-4.400119456e-02,1.015559076e-01,6.314437530e-01,-5.726883852e-02,9.224493187e-03,4.850360155e-01,-1.230347008e-01,2.249990031e-02,1.977987118e+00,7.000011206e-02,0,0
8.490000000e+00,9.445777063e-02,2.923156985e-01,6.924403781e-02,1.456380313e-01,9.653730695e-02,2.497196831e+01,4.583765465e+00,1.361912342e-01,8.416984848e-17,1.055191096e-17,1.084202172e-18,1.187508000e-02,-2.836484611e-01,-2.641486406e+00,-1.489980221e+00,-1.330056906e+00,-7.904221416e-01,1.275633126e-01,1.301294755e-01,4.320141041e+00,-1.487795088e+00,-3.407408436e-01,2.627772921e-02,4.947620588e-03,6.165704304e-01,-4.400059940e-02,1.015554660e-01,6.314437530e-01,-5.726883852e-02,9.224493187e-03,4.850361645e-01,-1.230347455e-01,2.249991708e-02,1.977986372e+00,7.000007108e-02,0,0
8.500000000e+00,9.445550937e-02,2.923090236e-01,4.412281077e-02,1.456347294e-01,9.653514765e-02,2.642260096e+01,4.602133776e+00,1.361911089e-01,6.782397213e-16,6.377468505e-18,3.471140604e-19,1.222644300e-02,-2.836491168e-01,-2.641483307e+00,-1.489981771e+00,-1.330035448e+00,-7.904212475e-01,1.275438964e-01,1.402292093e-01,4.337393513e+00,-1.493485938e+00,-3.401456953e-01,2.797461262e-02,2.579510697e-03,6.165715480e-01,-4.400145810e-02,1.015534561e-01,6.314437530e-01,-5.726883852e-02,9.224493187e-03,4.850358963e-01,-1.230341494e-01,2.250010706e-02,1.977990734e+00,7.000003010e-02,0,0
8.510000000e+00,9.445493930e-02,2.922911584e-01,3.605469876e-02,1.456258920e-01,9.652308414e-02,2.571244304e+01,4.577589075e+00,1.361913085e-01,2.226705271e-16,8.741117366e-19,9.311878193e-19,1.431744300e-02,-2.836447060e-01,-2.641479015e+00,-1.489979267e+00,-1.330024600e+00,-7.903977633e-01,1.275530756e-01,1.274154429e-01,4.313751062e+00,-1.487999515e+00,-3.386769122e-01,2.795332951e-02,3.581449775e-03,6.165739058e-01,-4.400252527e-02,1.015534060e-01,6.314437530e-01,-5.726883852e-02,9.224493187e-03,4.850359857e-01,-1.230347753e-01,2.249985561e-02,1.977987786e+00,6.999999657e-02,0,0
8.520000000e+00,9.445127006e-02,2.922830625e-01,3.342608834e-02,1.456218872e-01,9.651965850e-02,2.621440866e+01,4.573135966e+00,1.361920054e-01,4.459833711e-16,8.673617380e-18,4.631713711e-19,1.126769400e-02,-2.836436331e-01,-2.641468525e+00,-1.489970207e+00,-1.329992652e+00,-7.903802991e-01,1.275020540e-01,6.464995503e-02,4.312762380e+00,-1.481687960e+00,-3.363408407e-01,3.061710607e-02,3.437859217e-03,6.165754785e-01,-4.400465566e-02,1.015502116e-01,6.314437530e-01,-5.726883852e-02,9.224493187e-03,4.850362539e-01,-1.230340749e-01,2.250027284e-02,1.977987590e+00,7.000008970e-02,0,0
8.530000000e+00,9.445096029e-02,2.922631043e-01,4.927817785e-02,1.456120145e-01,9.650709154e-02,2.610008297e+01,4.561210159e+00,1.361919167e-01,1.111746638e-16,3.705370969e-18,1.084202172e-19,1.350538500e-02,-2.836405933e-01,-2.641466141e+00,-1.489971399e+00,-1.329982638e+00,-7.903653383e-01,1.275245100e-01,8.789461390e-02,4.299023528e+00,-1.483663320e+00,-3.363718997e-01,2.999343678e-02,2.618415418e-03,6.165775220e-01,-4.400534866e-02,1.015503233e-01,6.314437530e-01,-5.726883852e-02,9.224493187e-03,4.850360453e-01,-1.230347008e-01,2.249985561e-02,1.977988533e+00,7.000000030e-02,0,0
8.540000000e+00,9.445021533e-02,2.922589813e-01,3.320471398e-02,1.456099750e-01,9.650443166e-02,2.632666523e+01,4.579507635e+00,1.361913749e-01,3.344655280e-16,6.447129613e-18,3.909146526e-19,1.411651000e-02,-2.836394310e-01,-2.641468525e+00,-1.489978433e+00,-1.329974890e+00,-7.903581858e-01,1.275238097e-01,8.261553386e-02,4.317673658e+00,-1.486068916e+00,-3.367895840e-01,3.033664234e-02,3.267820135e-03,6.165794784e-01,-4.400614869e-02,1.015499912e-01,6.314437530e-01,-5.726883852e-02,9.224493187e-03,4.850362241e-01,-1.230345294e-01,2.249986678e-02,1.977988297e+00,7.000000402e-02,0,0
8.550000000e+00,9.445035268e-02,2.922599476e-01,4.633879031e-02,1.456104530e-01,9.650291068e-02,2.527248467e+01,4.598791522e+00,1.361918969e-01,2.236851763e-16,3.496446946e-18,1.022834284e-18,1.263585700e-02,-2.836364806e-01,-2.641463757e+00,-1.489971757e+00,-1.329972744e+00,-7.903395295e-01,1.275054365e-01,8.562230128e-02,4.334500676e+00,-1.495085860e+00,-3.428672345e-01,2.834421766e-02,3.621954939e-03,6.165804203e-01,-4.400707360e-02,1.015504162e-01,6.314437530e-01,-5.726883852e-02,9.224493187e-03,4.850361347e-01,-1.230347082e-01,2.249990404e-02,1.977988533e+00,7.000005245e-02,0,0
8.560000000e+00,9.444739149e-02,2.922355002e-01,4.462540466e-02,1.455983595e-01,9.648744519e-02,2.609453635e+01,4.587517654e+00,1.361930312e-01,3.315319348e-17,3.188734253e-18,1.522775846e-18,1.127362400e-02,-2.836308777e-01,-2.641453743e+00,-1.489957213e+00,-1.329953790e+00,-7.902962565e-01,1.274901628e-01,6.544770367e-02,4.324927558e+00,-1.489957130e+00,-3.393477758e-01,3.000326374e-02,2.660304843e-03,6.165831216e-01,-4.401015062e-02,1.015482636e-01,6.314437530e-01,-5.726883852e-02,9.224493187e-03,4.850359559e-01,-1.230340526e-01,2.249999158e-02,1.977989987e+00,7.000010088e-02,0,0
8.570000000e+00,9.444771627e-02,2.922366626e-01,4.040972581e-02,1.455989345e-01,9.648382243e-02,2.550133969e+01,4.580292320e+00,1.361936845e-01,1.208095106e-17,7.973125767e-18,1.355252716e-19,1.165173800e-02,-2.836256921e-01,-2.641450882e+00,-1.489948988e+00,-1.329960704e+00,-7.902553678e-01,1.274711043e-01,8.378150743e-02,4.317122756e+00,-1.489348549e+00,-3.398663251e-01,2.880034526e-02,3.438644039e-03,6.165854807e-01,-4.401307026e-02,1.015493948e-01,6.314437530e-01,-5.726883852e-02,9.224493187e-03,4.850362539e-01,-1.230348796e-01,2.249985002e-02,1.977987197e+00,6.999996677e-02,0,0
8.580000000e+00,9.444470290e-02,2.922224154e-01,6.054406402e-02,1.455918868e-01,9.647385127e-02,2.685385797e+01,4.570664400e+00,1.361941013e-01,5.625467784e-16,1.734723476e-18,6.133173667e-19,1.334560300e-02,-2.836215198e-01,-2.641445160e+00,-1.489943743e+00,-1.329939723e+00,-7.902111411e-01,1.274390221e-01,7.082510185e-02,4.309200771e+00,-1.484382630e+00,-3.351413749e-01,3.207714152e-02,2.257391802e-03,6.165895842e-01,-4.401758513e-02,1.015476206e-01,6.314437530e-01,-5.726883852e-02,9.224493187e-03,4.850361347e-01,-1.230343878e-01,2.250018716e-02,1.977985664e+00,7.000001147e-02,0,0
8.590000000e+00,9.444560730e-02,2.922118618e-01,3.325147105e-02,1.455866663e-01,9.646878149e-02,2.614732765e+01,4.581779613e+00,1.361937272e-01,1.168107969e-16,7.385319078e-18,7.130226551e-19,1.264161700e-02,-2.836225927e-01,-2.641446829e+00,-1.489948511e+00,-1.329940796e+00,-7.902271152e-01,1.274771392e-01,7.673052600e-02,4.319583986e+00,-1.487578727e+00,-3.379319125e-01,3.021050367e-02,3.148729350e-03,6.165888064e-01,-4.401588644e-02,1.015481768e-01,6.314437530e-01,-5.726883852e-02,9.224493187e-03,4.850361347e-01,-1.230344549e-01,2.249993011e-02,1.977988926e+00,6.999998540e-02,0,0
8.600000000e+00,9.444653738e-02,2.922258662e-01,4.041410737e-02,1.455935939e-01,9.647346352e-02,2.600504443e+01,4.566986749e+00,1.361942487e-01,2.288257424e-17,2.971312380e-18,2.669538256e-19,1.128851500e-02,-2.836201191e-01,-2.641447544e+00,-1.489941955e+00,-1.329957962e+00,-7.902008891e-01,1.274540573e-01,1.118813646e-01,4.304354967e+00,-1.484243434e+00,-3.370218046e-01,2.843258366e-02,2.857191106e-03,6.165895642e-01,-4.401807572e-02,1.015495644e-01,6.314437530e-01,-5.726883852e-02,9.224493187e-03,4.850361645e-01,-1.230347529e-01,2.249990031e-02,1.977986096e+00,6.999997050e-02,0,0
8.610000000e+00,9.444787426e-02,2.922243264e-01,3.087152448e-02,1.455928322e-01,9.647254789e-02,2.588520736e+01,4.559464525e+00,1.361938636e-01,2.250147662e-16,8.079306981e-18,2.710505431e-19,1.281789800e-02,-2.836225033e-01,-2.641453028e+00,-1.489946961e+00,-1.329972267e+00,-7.902080417e-01,1.274862885e-01,7.370950009e-02,4.297976388e+00,-1.482231513e+00,-3.358033763e-01,2.995033140e-02,3.383515113e-03,6.165889561e-01,-4.401843780e-02,1.015508862e-01,6.314437530e-01,-5.726883852e-02,9.224493187e-03,4.850360155e-01,-1.230347604e-01,2.249985933e-02,1.977987393e+00,6.999998540e-02,0,0
8.620000000e+00,9.444959371e-02,2.922348023e-01,3.257740660e-02,1.455980143e-01,9.647607753e-02,2.637992173e+01,4.579068334e+00,1.361938039e-01,1.149671543e-16,5.421010862e-18,2.168404345e-19,1.277207900e-02,-2.836233974e-01,-2.641459942e+00,-1.489947915e+00,-1.329999328e+00,-7.901934385e-01,1.274963915e-01,8.263678456e-02,4.317974263e+00,-1.483797799e+00,-3.370308309e-01,2.970331147e-02,2.872738389e-03,6.165891894e-01,-4.402103175e-02,1.015530549e-01,6.314437530e-01,-5.726883852e-02,9.224493187e-03,4.850361943e-01,-1.230343357e-01,2.250009961e-02,1.977987629e+00,7.000009343e-02,0,0
8.630000000e+00,9.445219942e-02,2.922573126e-01,3.367574383e-02,1.456091495e-01,9.648664902e-02,2.656558043e+01,4.587536884e+00,1.361937772e-01,2.502770754e-16,5.235206345e-18,9.279275898e-19,1.237922500e-02,-2.836232781e-01,-2.641467571e+00,-1.489948392e+00,-1.330032110e+00,-7.901919484e-01,1.274983287e-01,1.070627007e-01,4.324628482e+00,-1.488995728e+00,-3.370850592e-01,2.961776570e-02,2.983709879e-03,6.165880355e-01,-4.402082069e-02,1.015555045e-01,6.314437530e-01,-5.726883852e-02,9.224493187e-03,4.850360155e-01,-1.230340526e-01,2.250027843e-02,1.977988375e+00,7.000002638e-02,0,0
8.640000000e+00,9.445550892e-02,2.922564415e-01,4.869907272e-02,1.456087186e-01,9.648245723e-02,2.648325726e+01,4.585646705e+00,1.361935359e-01,8.845388855e-18,6.992893893e-18,2.424349759e-19,1.353824500e-02,-2.836229205e-01,-2.641475677e+00,-1.489951730e+00,-1.330066085e+00,-7.901764512e-01,1.275477856e-01,7.971070968e-02,4.322868709e+00,-1.489784702e+00,-3.379460688e-01,3.059396677e-02,2.457575712e-03,6.165885073e-01,-4.402281642e-02,1.015592523e-01,6.314437530e-01,-5.726883852e-02,9.224493187e-03,4.850360751e-01,-1.230343878e-01,2.249993011e-02,1.977988965e+00,6.999998540e-02,0,0
8.650000000e+00,9.445767334e-02,2.922794252e-01,3.151953520e-02,1.456200879e-01,9.649158801e-02,2.595266199e+01,4.592387170e+00,1.361941341e-01,2.254973712e-16,5.795159498e-18,7.176443844e-19,1.352776600e-02,-2.836198807e-01,-2.641479731e+00,-1.489944220e+00,-1.330099344e+00,-7.901536822e-01,1.275311261e-01,8.014262412e-02,4.329731259e+00,-1.490223761e+00,-3.396777203e-01,2.941557597e-02,3.348140286e-03,6.165881826e-01,-4.402386916e-02,1.015615652e-01,6.314437530e-01,-5.726883852e-02,9.224493187e-03,4.850361645e-01,-1.230346486e-01,2.249987610e-02,1.977986961e+00,7.000008225e-02,0,0
8.660000000e+00,9.445861851e-02,2.922789594e-01,3.508700682e-02,1.456198576e-01,9.648823055e-02,2.616416368e+01,4.582755382e+00,1.361942244e-01,1.275818063e-16,1.939479807e-18,4.908934120e-19,1.385081800e-02,-2.836196721e-01,-2.641483068e+00,-1.489943266e+00,-1.330116272e+00,-7.901250124e-01,1.275404245e-01,7.327465572e-02,4.321134302e+00,-1.486409134e+00,-3.372456827e-01,3.026316646e-02,3.664883693e-03,6.165898519e-01,-4.402807877e-02,1.015634044e-01,6.314437530e-01,-5.726883852e-02,9.224493187e-03,4.850361943e-01,-1.230345368e-01,2.249982953e-02,1.977987040e+00,6.999995559e-02,0,0
8.670000000e+00,9.446012285e-02,2.922933666e-01,4.380777282e-02,1.456269844e-01,9.649436034e-02,2.655760026e+01,4.577944846e+00,1.361941593e-01,1.189203237e-16,2.637977740e-18,2.424349759e-19,1.262737700e-02,-2.836195230e-01,-2.641487122e+00,-1.489944220e+00,-1.330133677e+00,-7.901164889e-01,1.275334358e-01,7.359274496e-02,4.316260767e+00,-1.485879778e+00,-3.365285023e-01,3.096890369e-02,2.624922148e-03,6.165900264e-01,-4.402918173e-02,1.015651294e-01,6.314437530e-01,-5.726883852e-02,9.224493187e-03,4.850361943e-01,-1.230348051e-01,2.249985747e-02,1.977986568e+00,7.000000402e-02,0,0
8.680000000e+00,9.445868374e-02,2.922835754e-01,7.626961587e-02,1.456221410e-01,9.648955312e-02,2.562284876e+01,4.579443254e+00,1.361944465e-01,8.930035653e-18,1.214306433e-17,8.824766328e-19,1.131494400e-02,-2.836191654e-01,-2.641486406e+00,-1.489940524e+00,-1.330130696e+00,-7.901092172e-01,1.275383830e-01,7.823664727e-02,4.319375998e+00,-1.481035966e+00,-3.374343360e-01,2.856264846e-02,5.024334827e-03,6.165902133e-01,-4.402998873e-02,1.015638031e-01,6.314437530e-01,-5.726883852e-02,9.224493187e-03,4.850358367e-01,-1.230339855e-01,2.250014618e-02,1.977987865e+00,7.000016049e-02,0,0
8.690000000e+00,9.446149881e-02,2.922847902e-01,4.065135675e-02,1.456227419e-01,9.648823949e-02,2.608523852e+01,4.579735666e+00,1.361937622e-01,6.661597899e-16,4.470280077e-18,2.235140038e-19,1.125602400e-02,-2.836196721e-01,-2.641494036e+00,-1.489949465e+00,-1.330151677e+00,-7.901110053e-01,1.275793910e-01,7.892671959e-02,4.318399736e+00,-1.484884594e+00,-3.367397441e-01,2.969003210e-02,3.956472175e-03,6.165904782e-01,-4.403014447e-02,1.015667477e-01,6.314437530e-01,-5.726883852e-02,9.224493187e-03,4.850361049e-01,-1.230345890e-01,2.249982581e-02,1.977987629e+00,7.000002638e-02,0,0
8.700000000e+00,9.446209987e-02,2.923025484e-01,3.374525080e-02,1.456315263e-01,9.649694372e-02,2.648912807e+01,4.585815975e+00,1.361937864e-01,3.332588462e-16,1.214500025e-17,7.589415207e-19,1.245461500e-02,-2.836186588e-01,-2.641496658e+00,-1.489949226e+00,-1.330162168e+00,-7.901041508e-01,1.275541335e-01,9.301914547e-02,4.323460628e+00,-1.488043208e+00,-3.369792733e-01,3.010339577e-02,3.155350774e-03,6.165906377e-01,-4.403047462e-02,1.015674355e-01,6.314437530e-01,-5.726883852e-02,9.224493187e-03,4.850359261e-01,-1.230341196e-01,2.250023186e-02,1.977989987e+00,7.000002638e-02,0,0
8.710000000e+00,9.446466938e-02,2.923009257e-01,3.765689754e-02,1.456307236e-01,9.649440342e-02,2.613205876e+01,4.592382732e+00,1.361935715e-01,1.287382226e-16,1.268852415e-17,9.757819552e-19,1.339605300e-02,-2.836195827e-01,-2.641501665e+00,-1.489952087e+00,-1.330184221e+00,-7.901053429e-01,1.275958270e-01,7.986279869e-02,4.329594800e+00,-1.490639730e+00,-3.395266510e-01,3.025496638e-02,3.072627124e-03,6.165900334e-01,-4.403071980e-02,1.015700019e-01,6.314437530e-01,-5.726883852e-02,9.224493187e-03,4.850361645e-01,-1.230347008e-01,2.249988727e-02,1.977987314e+00,7.000002638e-02,0,0
8.720000000e+00,9.446600608e-02,2.923178733e-01,3.012675073e-02,1.456391071e-01,9.650168001e-02,2.617529830e+01,4.586010739e+00,1.361938509e-01,2.234933870e-16,7.750765993e-18,5.659701499e-19,1.350103500e-02,-2.836181521e-01,-2.641506195e+00,-1.489948630e+00,-1.330208659e+00,-7.900915146e-01,1.275855601e-01,7.253276970e-02,4.324031268e+00,-1.487856228e+00,-3.381937696e-01,2.977104623e-02,3.096077637e-03,6.165897759e-01,-4.403160338e-02,1.015714546e-01,6.314437530e-01,-5.726883852e-02,9.224493187e-03,4.850358665e-01,-1.230344400e-01,2.249995060e-02,1.977991637e+00,7.000007853e-02,0,0
8.730000000e+00,9.446799517e-02,2.923206663e-01,3.558650373e-02,1.456404887e-01,9.649982328e-02,2.649448309e+01,4.580302704e+00,1.361941839e-01,3.360150865e-16,2.611104601e-18,5.762613592e-19,1.134310500e-02,-2.836182117e-01,-2.641511917e+00,-1.489944577e+00,-1.330241799e+00,-7.900652289e-01,1.276099235e-01,7.200438911e-02,4.319218017e+00,-1.484659826e+00,-3.364086010e-01,3.079993012e-02,3.125452572e-03,6.165901101e-01,-4.403527235e-02,1.015740689e-01,6.314437530e-01,-5.726883852e-02,9.224493187e-03,4.850361049e-01,-1.230346784e-01,2.249998227e-02,1.977987236e+00,7.000002265e-02,0,0
8.740000000e+00,9.446984183e-02,2.923259837e-01,4.362567655e-02,1.456431191e-01,9.650200861e-02,2.631332033e+01,4.591193034e+00,1.361937350e-01,2.454081978e-16,1.788112031e-18,1.084202172e-19,1.157138800e-02,-2.836188078e-01,-2.641517639e+00,-1.489950418e+00,-1.330257297e+00,-7.900719643e-01,1.276323348e-01,7.590862508e-02,4.328306151e+00,-1.491039825e+00,-3.389649903e-01,3.085774146e-02,2.827603690e-03,6.165897006e-01,-4.403462264e-02,1.015757989e-01,6.314437530e-01,-5.726883852e-02,9.224493187e-03,4.850359857e-01,-1.230343282e-01,2.249991149e-02,1.977990891e+00,7.000000030e-02,0,0
8.750000000e+00,9.447113017e-02,2.923284857e-01,4.446363322e-02,1.456443567e-01,9.649923447e-02,2.552125360e+01,4.615162695e+00,1.361945260e-01,3.333987790e-16,3.576224061e-18,3.946555479e-19,1.149540600e-02,-2.836148441e-01,-2.641515255e+00,-1.489940405e+00,-1.330272913e+00,-7.900378108e-01,1.276259273e-01,8.996597771e-02,4.349784511e+00,-1.500813594e+00,-3.430922983e-01,2.892557565e-02,4.131467459e-03,6.165908298e-01,-4.403704856e-02,1.015776461e-01,6.314437530e-01,-5.726883852e-02,9.224493187e-03,4.850361049e-01,-1.230348125e-01,2.249983698e-02,1.977986293e+00,6.999998912e-02,0,0
8.760000000e+00,9.446917525e-02,2.923147013e-01,3.783607519e-02,1.456375380e-01,9.648876687e-02,2.623798314e+01,4.578506297e+00,1.361948646e-01,2.260272131e-16,9.055522399e-18,1.954573263e-19,1.341230400e-02,-2.836112678e-01,-2.641513109e+00,-1.489936233e+00,-1.330265522e+00,-7.899919152e-01,1.276129335e-01,6.495806441e-02,4.316882758e+00,-1.486138933e+00,-3.367899778e-01,3.122655941e-02,3.477892650e-03,6.165946405e-01,-4.404207889e-02,1.015769797e-01,6.314437530e-01,-5.726883852e-02,9.224493187e-03,4.850360751e-01,-1.230342537e-01,2.249999903e-02,1.977989279e+00,7.000007480e-02,0,0
8.770000000e+00,9.447046153e-02,2.923251864e-01,3.718148170e-02,1.456427247e-01,9.649287027e-02,2.614548653e+01,4.561738439e+00,1.361950310e-01,3.774767850e-17,9.929776742e-18,3.252606517e-19,1.168896800e-02,-2.836105525e-01,-2.641517162e+00,-1.489934206e+00,-1.330286264e+00,-7.899819613e-01,1.276143193e-01,5.472631342e-02,4.300641521e+00,-1.482333014e+00,-3.356521336e-01,3.103380451e-02,2.916814327e-03,6.165943808e-01,-4.404289134e-02,1.015783700e-01,6.314437530e-01,-5.726883852e-02,9.224493187e-03,4.850359559e-01,-1.230342984e-01,2.249988168e-02,1.977989830e+00,7.000008970e-02,0,0
8.780000000e+00,9.447332915e-02,2.923276741e-01,4.370072179e-02,1.456439552e-01,9.649211779e-02,2.653416059e+01,4.585388685e+00,1.361944698e-01,3.331978894e-16,4.527761199e-18,3.909146526e-19,1.306852100e-02,-2.836124599e-01,-2.641525984e+00,-1.489941597e+00,-1.330313921e+00,-7.899794579e-01,1.276569664e-01,7.357683505e-02,4.323015277e+00,-1.488988219e+00,-3.374343041e-01,3.098239921e-02,2.649929855e-03,6.165944461e-01,-4.404444767e-02,1.015815367e-01,6.314437530e-01,-5.726883852e-02,9.224493187e-03,4.850360751e-01,-1.230347082e-01,2.249995433e-02,1.977986529e+00,6.999991834e-02,0,0
8.790000000e+00,9.447698080e-02,2.923359246e-01,3.400028283e-02,1.456480365e-01,9.649238579e-02,2.583425968e+01,4.591822903e+00,1.361948034e-01,2.230317452e-16,1.748223473e-18,6.038103343e-19,1.208260100e-02,-2.836118639e-01,-2.641532421e+00,-1.489937544e+00,-1.330356479e+00,-7.899582386e-01,1.276900619e-01,8.029734502e-02,4.329172534e+00,-1.490093407e+00,-3.396953509e-01,2.949873449e-02,3.689380903e-03,6.165940299e-01,-4.404680434e-02,1.015855425e-01,6.314437530e-01,-5.726883852e-02,9.224493187e-03,4.850361049e-01,-1.230346933e-01,2.249989845e-02,1.977986922e+00,7.000010461e-02,0,0
8.800000000e+00,9.447947770e-02,2.923717481e-01,3.801710653e-02,1.456657572e-01,9.650852182e-02,2.618323249e+01,4.580688249e+00,1.361952107e-01,4.787019644e-17,1.058749929e-17,8.940560153e-19,1.206617200e-02,-2.836092710e-01,-2.641540289e+00,-1.489932537e+00,-1.330398083e+00,-7.899361849e-01,1.276605129e-01,6.909406588e-02,4.319125963e+00,-1.486176758e+00,-3.367628624e-01,3.061188308e-02,3.753491128e-03,6.165936012e-01,-4.404801263e-02,1.015882007e-01,6.314437530e-01,-5.726883852e-02,9.224493187e-03,4.850360453e-01,-1.230342239e-01,2.250008099e-02,1.977989122e+00,7.000003755e-02,0,0
8.810000000e+00,9.448187304e-02,2.923729386e-01,4.793503493e-02,1.456663461e-01,9.650796055e-02,2.656313126e+01,4.583529055e+00,1.361946934e-01,3.342225143e-16,9.697399036e-18,3.252606517e-19,1.163500800e-02,-2.836115956e-01,-2.641549587e+00,-1.489939332e+00,-1.330425501e+00,-7.899385691e-01,1.277057976e-01,7.008656399e-02,4.320988952e+00,-1.489356564e+00,-3.372122680e-01,3.129574899e-02,2.536982830e-03,6.165931182e-01,-4.404901463e-02,1.015907166e-01,6.314437530e-01,-5.726883852e-02,9.224493187e-03,4.850361347e-01,-1.230347678e-01,2.249995619e-02,1.977986096e+00,6.999994814e-02,0,0
8.820000000e+00,9.448423495e-02,2.923935936e-01,3.302246731e-02,1.456765635e-01,9.651620914e-02,2.634213161e+01,4.581091050e+00,1.361952514e-01,1.573251698e-17,7.283547216e-18,1.626303259e-19,1.182557000e-02,-2.836103141e-01,-2.641551733e+00,-1.489932299e+00,-1.330454111e+00,-7.899210453e-01,1.276914477e-01,7.202050834e-02,4.320049708e+00,-1.484507559e+00,-3.371706129e-01,3.037308574e-02,3.088852514e-03,6.165925576e-01,-4.405040090e-02,1.015932409e-01,6.314437530e-01,-5.726883852e-02,9.224493187e-03,4.850361347e-01,-1.230343729e-01,2.249993943e-02,1.977989122e+00,7.000012696e-02,0,0
8.830000000e+00,9.448543473e-02,2.923903932e-01,4.351908032e-02,1.456749803e-01,9.651357569e-02,2.653059576e+01,4.533705080e+00,1.361947064e-01,2.231278588e-16,1.058749929e-17,6.594944350e-19,1.159841700e-02,-2.836121917e-01,-2.641560316e+00,-1.489939451e+00,-1.330473423e+00,-7.899180055e-01,1.277295500e-01,7.604656246e-02,4.274198197e+00,-1.472839601e+00,-3.312365238e-01,3.078889206e-02,2.523457663e-03,6.165929169e-01,-4.405209633e-02,1.015947685e-01,6.314437530e-01,-5.726883852e-02,9.224493187e-03,4.850360453e-01,-1.230345368e-01,2.249991708e-02,1.977989083e+00,6.999995932e-02,0,0
8.840000000e+00,9.448921428e-02,2.924118018e-01,3.839353810e-02,1.456855704e-01,9.652279190e-02,2.608167556e+01,4.595890322e+00,1.361947986e-01,4.464925155e-16,1.084202172e-18,8.741117366e-19,1.269544700e-02,-2.836107612e-01,-2.641566277e+00,-1.489938378e+00,-1.330508947e+00,-7.899200320e-01,1.277420968e-01,6.883994365e-02,4.332667352e+00,-1.492957001e+00,-3.399859320e-01,3.068923660e-02,3.108523293e-03,6.165912381e-01,-4.405043397e-02,1.015981269e-01,6.314437530e-01,-5.726883852e-02,9.224493187e-03,4.850360751e-01,-1.230349615e-01,2.249995247e-02,1.977986922e+00,7.000005618e-02,0,0
8.850000000e+00,9.449128752e-02,2.924210698e-01,3.426314407e-02,1.456901550e-01,9.652681783e-02,2.585230300e+01,4.595028930e+00,1.361947021e-01,1.188918523e-16,8.673617380e-19,3.471140604e-19,1.349905400e-02,-2.836117744e-01,-2.641570807e+00,-1.489939690e+00,-1.330529571e+00,-7.899228930e-01,1.277573407e-01,7.450432437e-02,4.331425121e+00,-1.493644423e+00,-3.400124870e-01,3.002373532e-02,3.579585174e-03,6.165903028e-01,-4.405041451e-02,1.016000944e-01,6.314437530e-01,-5.726883852e-02,9.224493187e-03,4.850361645e-01,-1.230347082e-01,2.249983326e-02,1.977986765e+00,6.999997050e-02,0,0
8.860000000e+00,9.449140319e-02,2.924273075e-01,4.601959861e-02,1.456932405e-01,9.652939251e-02,2.652127539e+01,4.583052837e+00,1.361946089e-01,4.453452774e-16,3.679904200e-18,3.909146526e-19,1.269711800e-02,-2.836121619e-01,-2.641575336e+00,-1.489941001e+00,-1.330541372e+00,-7.899118662e-01,1.277545244e-01,7.505728123e-02,4.321031587e+00,-1.487498142e+00,-3.373689061e-01,3.083258500e-02,2.566873043e-03,6.165908942e-01,-4.405231356e-02,1.016005796e-01,6.314437530e-01,-5.726883852e-02,9.224493187e-03,4.850361645e-01,-1.230342761e-01,2.250001952e-02,1.977988886e+00,7.000004500e-02,0,0
8.870000000e+00,9.449233344e-02,2.924356999e-01,3.997607920e-02,1.456973920e-01,9.653236270e-02,2.583464045e+01,4.584873263e+00,1.361949573e-01,4.509847336e-16,5.795159498e-18,9.728600225e-19,1.220735300e-02,-2.836098671e-01,-2.641576290e+00,-1.489936590e+00,-1.330554962e+00,-7.899014950e-01,1.277486533e-01,6.856668208e-02,4.323420097e+00,-1.486276935e+00,-3.383519770e-01,2.971100724e-02,4.022736847e-03,6.165907128e-01,-4.405221071e-02,1.016014872e-01,6.314437530e-01,-5.726883852e-02,9.224493187e-03,4.850358963e-01,-1.230340526e-01,2.250018530e-02,1.977988297e+00,7.000013813e-02,0,0
8.880000000e+00,9.449280654e-02,2.924147698e-01,4.824105760e-02,1.456870386e-01,9.652170336e-02,2.650461051e+01,4.583454326e+00,1.361938567e-01,3.361258956e-16,3.878959614e-18,2.424349759e-19,1.189667000e-02,-2.836130261e-01,-2.641582251e+00,-1.489950776e+00,-1.330552340e+00,-7.899150848e-01,1.278083175e-01,6.869618013e-02,4.320931148e+00,-1.489311136e+00,-3.374505011e-01,3.101294544e-02,2.470870792e-03,6.165915074e-01,-4.405260355e-02,1.016021551e-01,6.314437530e-01,-5.726883852e-02,9.224493187e-03,4.850359857e-01,-1.230345443e-01,2.249996550e-02,1.977988572e+00,7.000000775e-02,0,0
8.890000000e+00,9.449419199e-02,2.924378652e-01,3.533997967e-02,1.456984631e-01,9.653280186e-02,2.578781949e+01,4.571339615e+00,1.361946189e-01,2.228393935e-16,5.485677295e-18,2.557085710e-19,1.206481200e-02,-2.836107314e-01,-2.641581059e+00,-1.489941001e+00,-1.330570221e+00,-7.899076939e-01,1.277757436e-01,1.060043734e-01,4.308523543e+00,-1.485801022e+00,-3.377583078e-01,2.892402015e-02,3.446864717e-03,6.165901538e-01,-4.405175828e-02,1.016032337e-01,6.314437530e-01,-5.726883852e-02,9.224493187e-03,4.850361049e-01,-1.230348274e-01,2.249985375e-02,1.977986568e+00,7.000000775e-02,0,0
8.900000000e+00,9.449473074e-02,2.924327432e-01,5.361420094e-02,1.456959294e-01,9.653009468e-02,2.662194481e+01,4.562352807e+00,1.361939946e-01,6.662789239e-16,3.576224061e-18,1.167721477e-18,1.108958300e-02,-2.836136520e-01,-2.641587019e+00,-1.489949107e+00,-1.330577731e+00,-7.899107337e-01,1.278047413e-01,1.105501009e-01,4.300155770e+00,-1.482737860e+00,-3.348103004e-01,2.979088569e-02,2.273075743e-03,6.165905770e-01,-4.405331142e-02,1.016040750e-01,6.314437530e-01,-5.726883852e-02,9.224493187e-03,4.850361347e-01,-1.230344996e-01,2.249989286e-02,1.977988494e+00,6.999995187e-02,0,0
8.910000000e+00,9.449646030e-02,2.924467913e-01,3.642664156e-02,1.457028785e-01,9.653649710e-02,2.587049381e+01,4.585578967e+00,1.361942580e-01,4.442314886e-16,2.949348775e-18,5.142822464e-19,1.175394900e-02,-2.836121321e-01,-2.641589403e+00,-1.489945769e+00,-1.330597162e+00,-7.899097204e-01,1.278024465e-01,7.470875714e-02,4.323289018e+00,-1.488477782e+00,-3.385906301e-01,3.001229564e-02,3.829245441e-03,6.165894716e-01,-4.405216869e-02,1.016055030e-01,6.314437530e-01,-5.726883852e-02,9.224493187e-03,4.850360155e-01,-1.230347008e-01,2.249992639e-02,1.977986961e+00,7.000005990e-02,0,0
8.920000000e+00,9.449804373e-02,2.924581537e-01,3.576353068e-02,1.457084990e-01,9.654151711e-02,2.580774615e+01,4.597893966e+00,1.361943265e-01,1.599336021e-17,9.467388460e-18,2.972301252e-19,1.193658100e-02,-2.836120427e-01,-2.641590834e+00,-1.489944935e+00,-1.330610037e+00,-7.899086475e-01,1.277987957e-01,7.438954231e-02,4.333802028e+00,-1.495434332e+00,-3.406060081e-01,3.010572154e-02,3.529750934e-03,6.165889576e-01,-4.405210686e-02,1.016070312e-01,6.314437530e-01,-5.726883852e-02,9.224493187e-03,4.850362539e-01,-1.230347455e-01,2.249985747e-02,1.977984839e+00,6.999989599e-02,0,0
8.930000000e+00,9.449504614e-02,2.924299731e-01,8.032260272e-02,1.456945591e-01,9.652594650e-02,2.502240019e+01,4.568002682e+00,1.361946426e-01,4.513615811e-17,3.496446946e-18,2.168404345e-19,1.255294700e-02,-2.836096287e-01,-2.641585827e+00,-1.489940882e+00,-1.330588579e+00,-7.898853421e-01,1.278062016e-01,5.167660628e-02,4.306935605e+00,-1.482958464e+00,-3.379534398e-01,2.960314913e-02,5.389185480e-03,6.165913428e-01,-4.405441636e-02,1.016046788e-01,6.314437530e-01,-5.726883852e-02,9.224493187e-03,4.850359559e-01,-1.230348423e-01,2.250000834e-02,1.977987236e+00,7.000010833e-02,0,0
8.940000000e+00,9.449409712e-02,2.924013712e-01,4.675216277e-02,1.456804108e-01,9.651015582e-02,2.571163896e+01,4.554537844e+00,1.361943852e-01,7.256868947e-18,2.776912484e-18,1.193853802e-18,1.320203200e-02,-2.836115062e-01,-2.641584396e+00,-1.489944220e+00,-1.330576301e+00,-7.898765802e-01,1.278448552e-01,9.934076677e-02,4.294377153e+00,-1.476301128e+00,-3.346869732e-01,2.780088877e-02,4.239618157e-03,6.165930103e-01,-4.405726257e-02,1.016043833e-01,6.314437530e-01,-5.726883852e-02,9.224493187e-03,4.850361049e-01,-1.230342761e-01,2.250005677e-02,1.977988140e+00,6.999998912e-02,0,0
8.950000000e+00,9.449502433e-02,2.924335403e-01,2.992111341e-02,1.456963237e-01,9.652475918e-02,2.577135631e+01,4.554584492e+00,1.361951811e-01,4.872689719e-17,2.691465017e-18,3.871969105e-19,1.103980200e-02,-2.836051583e-01,-2.641583443e+00,-1.489934087e+00,-1.330592632e+00,-7.898532152e-01,1.277830452e-01,5.358727696e-02,4.294455646e+00,-1.478374660e+00,-3.354338104e-01,2.998952985e-02,3.485942774e-03,6.165932096e-01,-4.405646658e-02,1.016052499e-01,6.314437530e-01,-5.726883852e-02,9.224493187e-03,4.850361347e-01,-1.230347529e-01,2.249990590e-02,1.977987393e+00,7.000010833e-02,0,0
8.960000000e+00,9.449562953e-02,2.924357381e-01,5.323139030e-02,1.456974109e-01,9.652498798e-02,2.655016030e+01,4.586623555e+00,1.361949572e-01,1.411989253e-16,9.341771813e-18,1.105673607e-18,1.267990700e-02,-2.836063206e-01,-2.641587257e+00,-1.489937067e+00,-1.330602407e+00,-7.898454070e-01,1.277905852e-01,5.555117181e-02,4.324025590e+00,-1.490538282e+00,-3.378025556e-01,3.180722768e-02,2.400487229e-03,6.165938450e-01,-4.405843350e-02,1.016062524e-01,6.314437530e-01,-5.726883852e-02,9.224493187e-03,4.850359559e-01,-1.230343357e-01,2.249991149e-02,1.977989515e+00,6.999998540e-02,0,0
8.970000000e+00,9.449768683e-02,2.924436289e-01,3.397556801e-02,1.457013142e-01,9.652621629e-02,2.602229991e+01,4.592930347e+00,1.361952281e-01,4.459361362e-16,3.129196054e-18,1.818262319e-19,1.166569800e-02,-2.836037278e-01,-2.641589880e+00,-1.489933729e+00,-1.330624700e+00,-7.898283601e-01,1.277978122e-01,6.486843688e-02,4.330186337e+00,-1.491320195e+00,-3.395949276e-01,3.027781154e-02,3.187116179e-03,6.165940772e-01,-4.405916143e-02,1.016084982e-01,6.314437530e-01,-5.726883852e-02,9.224493187e-03,4.850359261e-01,-1.230348498e-01,2.249986306e-02,1.977985075e+00,7.000008225e-02,0,0
8.980000000e+00,9.449856010e-02,2.924484793e-01,4.021211439e-02,1.457037135e-01,9.652703434e-02,2.578764328e+01,4.592486328e+00,1.361952858e-01,3.346139495e-16,5.811364100e-18,2.546288677e-19,1.331224300e-02,-2.836037278e-01,-2.641594172e+00,-1.489933133e+00,-1.330642581e+00,-7.898123860e-01,1.278038472e-01,8.499663599e-02,4.328876751e+00,-1.492781079e+00,-3.394616735e-01,2.977715872e-02,4.007392042e-03,6.165946206e-01,-4.406146804e-02,1.016098085e-01,6.314437530e-01,-5.726883852e-02,9.224493187e-03,4.850360155e-01,-1.230347902e-01,2.249997109e-02,1.977985468e+00,7.000001892e-02,0,0
8.990000000e+00,9.449900003e-02,2.924559591e-01,3.504965696e-02,1.457074135e-01,9.652982228e-02,2.630465168e+01,4.576863403e+00,1.361955135e-01,2.220801775e-16,2.168404345e-18,1.096331598e-18,1.268082800e-02,-2.836034596e-01,-2.641594172e+00,-1.489930272e+00,-1.330649734e+00,-7.898002267e-01,1.277900040e-01,6.884257119e-02,4.316228083e+00,-1.483008798e+00,-3.359528818e-01,3.036443012e-02,3.607072484e-03,6.165949991e-01,-4.406304474e-02,1.016105448e-01,6.314437530e-01,-5.726883852e-02,9.224493187e-03,4.850358963e-01,-1.230341122e-01,2.250016853e-02,1.977993052e+00,7.000005618e-02,0,0
9.000000000e+00,9.450107720e-02,2.924631423e-01,3.577037769e-02,1.457109668e-01,9.652990566e-02,2.606784911e+01,4.591278102e+00,1.361957228e-01,2.235909846e-16,2.798523023e-18,6.133173667e-19,1.302028000e-02,-2.835997045e-01,-2.641597271e+00,-1.489927769e+00,-1.330672145e+00,-7.897764444e-01,1.277966052e-01,6.529453181e-02,4.328429982e+00,-1.491370807e+00,-3.393191111e-01,3.051347251e-02,3.116902543e-03,6.165959784e-01,-4.406416464e-02,1.016129869e-01,6.314437530e-01,-5.726883852e-02,9.224493187e-03,4.850361347e-01,-1.230349466e-01,2.249984257e-02,1.977985900e+00,6.999996677e-02,0,0
9.010000000e+00,9.450011060e-02,2.924476189e-01,4.050205936e-02,1.457032879e-01,9.652135806e-02,2.643554829e+01,4.581974715e+00,1.361950083e-01,5.582899671e-16,1.939479807e-18,1.084202172e-19,1.301964100e-02,-2.836006582e-01,-2.641602993e+00,-1.489937067e+00,-1.330669880e+00,-7.897681594e-01,1.278260201e-01,6.912728128e-02,4.319977782e+00,-1.487559193e+00,-3.372104860e-01,3.089955245e-02,2.760213306e-03,6.165979938e-01,-4.406646665e-02,1.016126511e-01,6.314437530e-01,-5.726883852e-02,9.224493187e-03,4.850361049e-01,-1.230343282e-01,2.249997668e-02,1.977990262e+00,7.000008225e-02,0,0
9.020000000e+00,9.450347365e-02,2.924681456e-01,4.032013073e-02,1.457134417e-01,9.652986657e-02,2.561188731e+01,4.606763008e+00,1.361953646e-01,5.576650339e-16,9.334218836e-18,5.587850096e-19,1.299600100e-02,-2.835982144e-01,-2.641602993e+00,-1.489932537e+00,-1.330692172e+00,-7.897670269e-01,1.278186440e-01,7.348248652e-02,4.342509282e+00,-1.497060600e+00,-3.426586438e-01,2.935807710e-02,3.405182296e-03,6.165967439e-01,-4.406471623e-02,1.016156400e-01,6.314437530e-01,-5.726883852e-02,9.224493187e-03,4.850360751e-01,-1.230348423e-01,2.249984816e-02,1.977988651e+00,6.999998912e-02,0,0
9.030000000e+00,9.450225331e-02,2.924575436e-01,4.937715265e-02,1.457081973e-01,9.652457594e-02,2.658101439e+01,4.584135988e+00,1.361949922e-01,1.353223304e-16,1.097135459e-17,6.505213035e-19,1.389312800e-02,-2.836003304e-01,-2.641608953e+00,-1.489937425e+00,-1.330696464e+00,-7.897588015e-01,1.278408319e-01,8.185825404e-02,4.322022254e+00,-1.487585008e+00,-3.374573191e-01,3.054778401e-02,2.418521501e-03,6.165977777e-01,-4.406745583e-02,1.016149494e-01,6.314437530e-01,-5.726883852e-02,9.224493187e-03,4.850360453e-01,-1.230343729e-01,2.249991708e-02,1.977989555e+00,7.000008970e-02,0,0
9.040000000e+00,9.450424335e-02,2.924732431e-01,4.429842885e-02,1.457159633e-01,9.653057708e-02,2.654638896e+01,4.581168713e+00,1.361952241e-01,3.334337530e-16,4.336808690e-18,1.131940300e-18,1.275201800e-02,-2.835989296e-01,-2.641611099e+00,-1.489934564e+00,-1.330716610e+00,-7.897456288e-01,1.278310120e-01,7.784694253e-02,4.319478845e+00,-1.486147795e+00,-3.370064810e-01,3.056061279e-02,2.559317082e-03,6.165977844e-01,-4.406834760e-02,1.016171134e-01,6.314437530e-01,-5.726883852e-02,9.224493187e-03,4.850361347e-01,-1.230348423e-01,2.249991521e-02,1.977985075e+00,7.000000775e-02,0,0
9.050000000e+00,9.450444937e-02,2.924861289e-01,4.131986606e-02,1.457223374e-01,9.653799341e-02,2.666038758e+01,4.577036217e+00,1.361952593e-01,2.366117672e-16,2.453269467e-18,2.424349759e-19,1.325128200e-02,-2.835988998e-01,-2.641611338e+00,-1.489934087e+00,-1.330718637e+00,-7.897508144e-01,1.278097779e-01,6.980862620e-02,4.315552867e+00,-1.485491247e+00,-3.357512085e-01,3.115184624e-02,2.679383806e-03,6.165971835e-01,-4.406745628e-02,1.016171002e-01,6.314437530e-01,-5.726883852e-02,9.224493187e-03,4.850359261e-01,-1.230345666e-01,2.249996178e-02,1.977989437e+00,7.000000775e-02,0,0
9.060000000e+00,9.450462387e-02,2.924756037e-01,4.210042605e-02,1.457171309e-01,9.653020271e-02,2.564798561e+01,4.615350198e+00,1.361957159e-01,4.551641359e-16,1.222026196e-17,5.944602503e-19,1.383089800e-02,-2.835952342e-01,-2.641606808e+00,-1.489928246e+00,-1.330715656e+00,-7.897339463e-01,1.278162450e-01,1.349400714e-01,4.349230626e+00,-1.499544700e+00,-3.435924168e-01,2.719440128e-02,3.463643123e-03,6.165981514e-01,-4.406769939e-02,1.016174690e-01,6.314437530e-01,-5.726883852e-02,9.224493187e-03,4.850357771e-01,-1.230341494e-01,2.249993756e-02,1.977991048e+00,7.000013813e-02,0,0
9.070000000e+00,9.450235482e-02,2.924520612e-01,3.871077162e-02,1.457054853e-01,9.652040538e-02,2.602278185e+01,4.556697666e+00,1.361951954e-01,2.282628488e-16,4.949474949e-18,8.940560153e-19,1.377764700e-02,-2.835969329e-01,-2.641605139e+00,-1.489934802e+00,-1.330689669e+00,-7.897517681e-01,1.278396547e-01,5.681973067e-02,4.295333216e+00,-1.482199565e+00,-3.353845443e-01,3.114763431e-02,3.029654008e-03,6.165984891e-01,-4.406647031e-02,1.016150267e-01,6.314437530e-01,-5.726883852e-02,9.224493187e-03,4.850360453e-01,-1.230348051e-01,2.249990404e-02,1.977987590e+00,6.999996677e-02,0,0
9.080000000e+00,9.450044763e-02,2.924505925e-01,6.565054269e-02,1.457047588e-01,9.651890996e-02,2.674069059e+01,4.591952470e+00,1.361957088e-01,4.703788353e-17,0.000000000e+00,1.301042607e-18,1.348301500e-02,-2.835956514e-01,-2.641601562e+00,-1.489928246e+00,-1.330681682e+00,-7.897276282e-01,1.278089434e-01,7.297983620e-02,4.329470310e+00,-1.490254573e+00,-3.384664308e-01,3.108419270e-02,1.953484081e-03,6.166000010e-01,-4.406935086e-02,1.016137304e-01,6.314437530e-01,-5.726883852e-02,9.224493187e-03,4.850361347e-01,-1.230341867e-01,2.250021510e-02,1.977987393e+00,7.000007853e-02,0,0
9.090000000e+00,9.450338007e-02,2.924618356e-01,3.322218932e-02,1.457103204e-01,9.652335673e-02,2.603266374e+01,4.567123939e+00,1.361953525e-01,3.508196782e-16,1.184512582e-17,6.705420115e-19,1.113751300e-02,-2.835929096e-01,-2.641607046e+00,-1.489932895e+00,-1.330702186e+00,-7.897363305e-01,1.278301328e-01,1.042352921e-01,4.304414507e+00,-1.485191041e+00,-3.363330735e-01,2.914038367e-02,3.210032545e-03,6.165992208e-01,-4.406622703e-02,1.016161582e-01,6.314437530e-01,-5.726883852e-02,9.224493187e-03,4.850359559e-01,-1.230348572e-01,2.249987796e-02,1.977987590e+00,7.000000775e-02,0,0
9.100000000e+00,9.450466113e-02,2.924704908e-01,4.444395948e-02,1.457146018e-01,9.652635053e-02,2.626756465e+01,4.595016631e+00,1.361954347e-01,4.444312794e-16,4.944722692e-18,1.084202172e-18,1.303054000e-02,-2.835934460e-01,-2.641609192e+00,-1.489931941e+00,-1.330716610e+00,-7.897253036e-01,1.278275102e-01,6.823628485e-02,4.331729095e+00,-1.493126117e+00,-3.395067922e-01,3.077030608e-02,2.724910711e-03,6.165994474e-01,-4.406811382e-02,1.016177745e-01,6.314437530e-01,-5.726883852e-02,9.224493187e-03,4.850361347e-01,-1.230347306e-01,2.249988355e-02,1.977987157e+00,6.999992207e-02,0,0
9.110000000e+00,9.450745580e-02,2.924710291e-01,3.176408339e-02,1.457148681e-01,9.652527402e-02,2.606779801e+01,4.588711272e+00,1.361950279e-01,2.296412890e-16,6.209365081e-18,2.710505431e-19,1.187338900e-02,-2.835947871e-01,-2.641618490e+00,-1.489937305e+00,-1.330747604e+00,-7.897299528e-01,1.278802007e-01,7.615539417e-02,4.326285798e+00,-1.489319078e+00,-3.387371429e-01,2.995682041e-02,3.331877649e-03,6.165984643e-01,-4.406804626e-02,1.016204654e-01,6.314437530e-01,-5.726883852e-02,9.224493187e-03,4.850359857e-01,-1.230347157e-01,2.249991521e-02,1.977987354e+00,7.000003010e-02,0,0
9.120000000e+00,9.451032025e-02,2.924985536e-01,3.815856118e-02,1.457284834e-01,9.653751753e-02,2.565875561e+01,4.599548625e+00,1.361954568e-01,3.060447514e-17,1.422620337e-17,7.632852597e-19,1.333000300e-02,-2.835940421e-01,-2.641623259e+00,-1.489931941e+00,-1.330783129e+00,-7.897177935e-01,1.278657764e-01,7.849458936e-02,4.335604455e+00,-1.495027318e+00,-3.409226679e-01,2.949898019e-02,3.875959054e-03,6.165973506e-01,-4.406888800e-02,1.016233367e-01,6.314437530e-01,-5.726883852e-02,9.224493187e-03,4.850361347e-01,-1.230346784e-01,2.249986492e-02,1.977986961e+00,6.999998912e-02,0,0
9.130000000e+00,9.450941765e-02,2.924952259e-01,4.108698294e-02,1.457268373e-01,9.653157545e-02,2.654259343e+01,4.570127284e+00,1.361955267e-01,2.403656410e-16,5.057544570e-18,1.413626682e-18,1.363452600e-02,-2.835898101e-01,-2.641627312e+00,-1.489931345e+00,-1.330792427e+00,-7.896661758e-01,1.278555393e-01,7.152207145e-02,4.308790147e+00,-1.483989905e+00,-3.347292771e-01,3.154702158e-02,3.242971361e-03,6.166014706e-01,-4.407436716e-02,1.016238579e-01,6.314437530e-01,-5.726883852e-02,9.224493187e-03,4.850360155e-01,-1.230343431e-01,2.249999158e-02,1.977987826e+00,7.000003755e-02,0,0
9.140000000e+00,9.450970417e-02,2.924888974e-01,4.611596621e-02,1.457237069e-01,9.652663560e-02,2.599178746e+01,4.607856769e+00,1.361960345e-01,4.443136169e-16,2.185279341e-18,2.424349759e-19,1.213904200e-02,-2.835871279e-01,-2.641620636e+00,-1.489924788e+00,-1.330785155e+00,-7.896561027e-01,1.278509796e-01,1.373160428e-01,4.342158110e+00,-1.497096496e+00,-3.421532858e-01,2.785739383e-02,2.903948436e-03,6.166019127e-01,-4.407416237e-02,1.016241928e-01,6.314437530e-01,-5.726883852e-02,9.224493187e-03,4.850359857e-01,-1.230348870e-01,2.249987796e-02,1.977986253e+00,6.999996677e-02,0,0
9.150000000e+00,9.450590213e-02,2.924675785e-01,6.623097309e-02,1.457131612e-01,9.651574438e-02,2.514478187e+01,4.562640672e+00,1.361966396e-01,4.944722692e-17,1.734723476e-18,5.421010862e-19,1.326108300e-02,-2.835831344e-01,-2.641611576e+00,-1.489916921e+00,-1.330753565e+00,-7.896382809e-01,1.278292388e-01,7.566218644e-02,4.302088118e+00,-1.479672425e+00,-3.372740881e-01,2.818808982e-02,4.908802871e-03,6.166037717e-01,-4.407458721e-02,1.016206632e-01,6.314437530e-01,-5.726883852e-02,9.224493187e-03,4.850360453e-01,-1.230348349e-01,2.249985933e-02,1.977986529e+00,7.000009343e-02,0,0
9.160000000e+00,9.450228184e-02,2.924454651e-01,4.190673582e-02,1.457022225e-01,9.650540266e-02,2.634056810e+01,4.581299835e+00,1.361967956e-01,6.738356887e-16,4.074061884e-18,8.257037747e-19,1.209225100e-02,-2.835833132e-01,-2.641601086e+00,-1.489914775e+00,-1.330711126e+00,-7.896319628e-01,1.278057694e-01,6.468280966e-02,4.319060971e+00,-1.488287264e+00,-3.374149949e-01,3.131262372e-02,2.881946193e-03,6.166057661e-01,-4.407613087e-02,1.016175010e-01,6.314437530e-01,-5.726883852e-02,9.224493187e-03,4.850360751e-01,-1.230342016e-01,2.250006422e-02,1.977988886e+00,7.000000775e-02,0,0
9.170000000e+00,9.450375319e-02,2.924511507e-01,3.477920861e-02,1.457050349e-01,9.650602580e-02,2.589568041e+01,4.590404781e+00,1.361969981e-01,6.254634441e-17,6.133173667e-18,1.212174880e-19,1.258065700e-02,-2.835801542e-01,-2.641602278e+00,-1.489912271e+00,-1.330724955e+00,-7.896185517e-01,1.278080493e-01,6.820214265e-02,4.327928507e+00,-1.490015716e+00,-3.392957146e-01,3.029085567e-02,3.661983464e-03,6.166061720e-01,-4.407606430e-02,1.016190616e-01,6.314437530e-01,-5.726883852e-02,9.224493187e-03,4.850361645e-01,-1.230347678e-01,2.249986120e-02,1.977986096e+00,7.000002265e-02,0,0
9.180000000e+00,9.450323177e-02,2.924444390e-01,6.555701593e-02,1.457017149e-01,9.650200031e-02,2.662700272e+01,4.587427958e+00,1.361968645e-01,1.745294763e-16,9.341771813e-18,9.697399036e-19,1.306810100e-02,-2.835814953e-01,-2.641603947e+00,-1.489914060e+00,-1.330725431e+00,-7.896085382e-01,1.278166473e-01,6.125011511e-02,4.324989677e+00,-1.489897961e+00,-3.382333551e-01,3.171683726e-02,2.070809861e-03,6.166071889e-01,-4.407855187e-02,1.016190467e-01,6.314437530e-01,-5.726883852e-02,9.224493187e-03,4.850360453e-01,-1.230343282e-01,2.249988727e-02,1.977990223e+00,7.000008225e-02,0,0
9.190000000e+00,9.450612002e-02,2.924625009e-01,3.186272760e-02,1.457106495e-01,9.651128209e-02,2.614780199e+01,4.582514432e+00,1.361965619e-01,6.074629097e-17,4.872882708e-18,5.528368034e-19,1.232412400e-02,-2.835814953e-01,-2.641610861e+00,-1.489917994e+00,-1.330751300e+00,-7.896244526e-01,1.278321743e-01,6.578031192e-02,4.320595037e+00,-1.487618989e+00,-3.370844516e-01,3.034501479e-02,3.603831585e-03,6.166053172e-01,-4.407586575e-02,1.016213168e-01,6.314437530e-01,-5.726883852e-02,9.224493187e-03,4.850361943e-01,-1.230346560e-01,2.249987051e-02,1.977987865e+00,7.000000775e-02,0,0
9.200000000e+00,9.450731568e-02,2.924650369e-01,6.677358529e-02,1.457119040e-01,9.650898514e-02,2.676418807e+01,4.581086605e+00,1.361969232e-01,2.259822747e-16,4.906538933e-18,1.084202172e-19,1.352320500e-02,-2.835803926e-01,-2.641614676e+00,-1.489913583e+00,-1.330775976e+00,-7.895901799e-01,1.278401911e-01,7.210570398e-02,4.319345031e+00,-1.486542063e+00,-3.371075597e-01,3.100665315e-02,1.877226700e-03,6.166066863e-01,-4.408018061e-02,1.016233756e-01,6.314437530e-01,-5.726883852e-02,9.224493187e-03,4.850360751e-01,-1.230345294e-01,2.249991894e-02,1.977987629e+00,7.000012323e-02,0,0
9.210000000e+00,9.450995003e-02,2.924787489e-01,3.749520082e-02,1.457186868e-01,9.651636503e-02,2.603258096e+01,4.597218322e+00,1.361965332e-01,1.307071260e-16,4.166167866e-18,4.336808690e-19,1.382110800e-02,-2.835803628e-01,-2.641619444e+00,-1.489918590e+00,-1.330792785e+00,-7.896112800e-01,1.278563887e-01,7.194668451e-02,4.332946567e+00,-1.496090463e+00,-3.399921074e-01,3.038095355e-02,3.116686275e-03,6.166049147e-01,-4.407680735e-02,1.016253040e-01,6.314437530e-01,-5.726883852e-02,9.224493187e-03,4.850361645e-01,-1.230348870e-01,2.249987051e-02,1.977985861e+00,6.999991089e-02,0,0
9.220000000e+00,9.450932434e-02,2.924616078e-01,4.338993711e-02,1.457102077e-01,9.650304404e-02,2.661092392e+01,4.576064585e+00,1.361966591e-01,2.766054524e-17,4.422694427e-18,4.470280077e-19,1.392679800e-02,-2.835791111e-01,-2.641623735e+00,-1.489917278e+00,-1.330806255e+00,-7.895603180e-01,1.278794259e-01,6.884959254e-02,4.315109270e+00,-1.483761688e+00,-3.360738039e-01,3.094778633e-02,2.587414822e-03,6.166085852e-01,-4.408394411e-02,1.016262721e-01,6.314437530e-01,-5.726883852e-02,9.224493187e-03,4.850361347e-01,-1.230344325e-01,2.250002138e-02,1.977988140e+00,7.000009343e-02,0,0
9.230000000e+00,9.451247689e-02,2.924854502e-01,3.931573816e-02,1.457220016e-01,9.651355336e-02,2.561711255e+01,4.607151015e+00,1.361973017e-01,6.685716323e-16,3.220372480e-18,3.492899321e-19,1.207046200e-02,-2.835760415e-01,-2.641623259e+00,-1.489909053e+00,-1.330831647e+00,-7.895583510e-01,1.278648973e-01,7.002619161e-02,4.342595941e+00,-1.498187358e+00,-3.425173967e-01,3.001608008e-02,3.579126149e-03,6.166067641e-01,-4.408174551e-02,1.016288904e-01,6.314437530e-01,-5.726883852e-02,9.224493187e-03,4.850361347e-01,-1.230349466e-01,2.249985561e-02,1.977986057e+00,6.999995559e-02,0,0
9.240000000e+00,9.451195014e-02,2.924822742e-01,3.773895391e-02,1.457204306e-01,9.650989222e-02,2.634795944e+01,4.582738315e+00,1.361974153e-01,1.143602555e-16,4.512482786e-18,1.212174880e-18,1.240642500e-02,-2.835755348e-01,-2.641624689e+00,-1.489907742e+00,-1.330836535e+00,-7.895312905e-01,1.278608590e-01,6.065195449e-02,4.321265384e+00,-1.486496428e+00,-3.373768518e-01,3.119689203e-02,3.044375121e-03,6.166087148e-01,-4.408563521e-02,1.016292199e-01,6.314437530e-01,-5.726883852e-02,9.224493187e-03,4.850361347e-01,-1.230346560e-01,2.250005491e-02,1.977986097e+00,6.999995187e-02,0,0
9.250000000e+00,9.451275959e-02,2.924737300e-01,5.147764883e-02,1.457162041e-01,9.650282390e-02,2.647661386e+01,4.586198220e+00,1.361974194e-01,2.222511849e-16,8.542522420e-18,4.336808690e-19,1.318677200e-02,-2.835750282e-01,-2.641628742e+00,-1.489907861e+00,-1.330852509e+00,-7.895100117e-01,1.278901994e-01,6.744895308e-02,4.323699061e+00,-1.489648344e+00,-3.380254378e-01,3.117287272e-02,2.458430668e-03,6.166099256e-01,-4.408853158e-02,1.016306553e-01,6.314437530e-01,-5.726883852e-02,9.224493187e-03,4.850359857e-01,-1.230346933e-01,2.249985933e-02,1.977986843e+00,6.999999285e-02,0,0
9.260000000e+00,9.451502832e-02,2.924923679e-01,4.212484344e-02,1.457254236e-01,9.651137356e-02,2.546213532e+01,4.585789469e+00,1.361976445e-01,4.504689761e-16,4.944722692e-18,4.631713711e-19,1.516928000e-02,-2.835721374e-01,-2.641630173e+00,-1.489905000e+00,-1.330870509e+00,-7.895119190e-01,1.278809160e-01,1.044652125e-01,4.322205067e+00,-1.490079661e+00,-3.405430104e-01,2.785564875e-02,3.543801757e-03,6.166087845e-01,-4.408612255e-02,1.016324489e-01,6.314437530e-01,-5.726883852e-02,9.224493187e-03,4.850361347e-01,-1.230345815e-01,2.249979973e-02,1.977990183e+00,7.000001147e-02,0,0
9.270000000e+00,9.451429713e-02,2.924753127e-01,5.123643104e-02,1.457169870e-01,9.649992250e-02,2.644242538e+01,4.589494013e+00,1.361974937e-01,4.514282471e-16,4.336808690e-18,3.066586833e-19,1.284048900e-02,-2.835733294e-01,-2.641633749e+00,-1.489907146e+00,-1.330875993e+00,-7.894797921e-01,1.279053837e-01,7.597931331e-02,4.326667740e+00,-1.490650071e+00,-3.385611343e-01,3.099969145e-02,2.538916467e-03,6.166115492e-01,-4.409200060e-02,1.016329832e-01,6.314437530e-01,-5.726883852e-02,9.224493187e-03,4.850361347e-01,-1.230347082e-01,2.249994874e-02,1.977986136e+00,6.999994814e-02,0,0
9.280000000e+00,9.451501715e-02,2.924929121e-01,3.020532095e-02,1.457256928e-01,9.650673635e-02,2.634606355e+01,4.560333818e+00,1.361981352e-01,4.447739316e-16,4.369549976e-18,2.168404345e-19,1.299369100e-02,-2.835697532e-01,-2.641634703e+00,-1.489899039e+00,-1.330894709e+00,-7.894533277e-01,1.278751045e-01,1.126270072e-01,4.299124225e+00,-1.479441267e+00,-3.345145189e-01,2.889279114e-02,3.060812725e-03,6.166120655e-01,-4.409345986e-02,1.016340106e-01,6.314437530e-01,-5.726883852e-02,9.224493187e-03,4.850360155e-01,-1.230342984e-01,2.250019647e-02,1.977989634e+00,7.000006363e-02,0,0
9.290000000e+00,9.451640417e-02,2.924882745e-01,4.383941827e-02,1.457233987e-01,9.650137013e-02,2.626203341e+01,4.589893615e+00,1.361981191e-01,2.363318021e-16,5.057544570e-18,2.424349759e-19,1.124373400e-02,-2.835696638e-01,-2.641636133e+00,-1.489899397e+00,-1.330906034e+00,-7.894333005e-01,1.278933585e-01,6.901473293e-02,4.327571215e+00,-1.489499395e+00,-3.390019031e-01,3.080839942e-02,2.801903694e-03,6.166134377e-01,-4.409649776e-02,1.016360825e-01,6.314437530e-01,-5.726883852e-02,9.224493187e-03,4.850360453e-01,-1.230344474e-01,2.249993011e-02,1.977989437e+00,7.000002638e-02,0,0
9.300000000e+00,9.451964112e-02,2.925068794e-01,3.909024017e-02,1.457326019e-01,9.651066852e-02,2.579163303e+01,4.594632722e+00,1.361981128e-01,2.264495295e-16,3.734206976e-18,4.065758147e-19,1.235729500e-02,-2.835693359e-01,-2.641642332e+00,-1.489899516e+00,-1.330937386e+00,-7.894479036e-01,1.279118210e-01,7.881208111e-02,4.331090129e+00,-1.493258008e+00,-3.396636564e-01,2.983586882e-02,3.967785705e-03,6.166109340e-01,-4.409359716e-02,1.016385779e-01,6.314437530e-01,-5.726883852e-02,9.224493187e-03,4.850361049e-01,-1.230348498e-01,2.249989845e-02,1.977986136e+00,6.999992952e-02,0,0
9.310000000e+00,9.451996683e-02,2.925068397e-01,5.371402824e-02,1.457325822e-01,9.650970134e-02,2.669555064e+01,4.581194512e+00,1.361980018e-01,4.476813481e-16,1.262897753e-17,5.421010862e-19,1.137885500e-02,-2.835710347e-01,-2.641646862e+00,-1.489901066e+00,-1.330950379e+00,-7.894361615e-01,1.279235631e-01,7.713675582e-02,4.319562895e+00,-1.486056648e+00,-3.368443425e-01,3.059667542e-02,2.201905969e-03,6.166115265e-01,-4.409641894e-02,1.016394084e-01,6.314437530e-01,-5.726883852e-02,9.224493187e-03,4.850362539e-01,-1.230342835e-01,2.250017598e-02,1.977989162e+00,7.000004128e-02,0,0
9.320000000e+00,9.452142691e-02,2.925239101e-01,3.925527427e-02,1.457410263e-01,9.651773665e-02,2.640841028e+01,4.576070910e+00,1.361979263e-01,3.336965048e-16,3.878959614e-18,4.470280077e-19,1.119127300e-02,-2.835701406e-01,-2.641652107e+00,-1.489902139e+00,-1.330970049e+00,-7.894322276e-01,1.279164404e-01,7.019323274e-02,4.314326498e+00,-1.486090660e+00,-3.355993710e-01,3.130914438e-02,3.478629292e-03,6.166112316e-01,-4.409629940e-02,1.016408373e-01,6.314437530e-01,-5.726883852e-02,9.224493187e-03,4.850361049e-01,-1.230347827e-01,2.249988727e-02,1.977986450e+00,6.999995932e-02,0,0
9.330000000e+00,9.452199928e-02,2.925112751e-01,5.549874078e-02,1.457347762e-01,9.651068335e-02,2.665261768e+01,4.557152471e+00,1.361975232e-01,2.558349575e-17,9.220181747e-18,1.105673607e-18,1.334180300e-02,-2.835719287e-01,-2.641656637e+00,-1.489907384e+00,-1.330977798e+00,-7.894340158e-01,1.279587448e-01,9.518048947e-02,4.295716275e+00,-1.480833769e+00,-3.340648856e-01,3.046241163e-02,2.247214405e-03,6.166114044e-01,-4.409723489e-02,1.016415838e-01,6.314437530e-01,-5.726883852e-02,9.224493187e-03,4.850360751e-01,-1.230346039e-01,2.249993384e-02,1.977986686e+00,6.999994814e-02,0,0
9.340000000e+00,9.452333189e-02,2.925275731e-01,4.284030250e-02,1.457428382e-01,9.651559565e-02,2.617007042e+01,4.577495343e+00,1.361983241e-01,4.642613964e-17,7.059813062e-18,2.235140038e-19,1.226870400e-02,-2.835675180e-01,-2.641655684e+00,-1.489897251e+00,-1.330997467e+00,-7.894006371e-01,1.279294640e-01,8.601745774e-02,4.316096734e+00,-1.484421373e+00,-3.360959093e-01,2.984217818e-02,3.970129025e-03,6.166122754e-01,-4.409920256e-02,1.016433670e-01,6.314437530e-01,-5.726883852e-02,9.224493187e-03,4.850360453e-01,-1.230343878e-01,2.249991894e-02,1.977989869e+00,7.000005990e-02,0,0
9.350000000e+00,9.452525606e-02,2.925395353e-01,8.299880908e-02,1.457487555e-01,9.652213430e-02,2.554694802e+01,4.580587586e+00,1.361983068e-01,2.222105614e-16,4.906538933e-18,4.470280077e-19,1.174707900e-02,-2.835685611e-01,-2.641660452e+00,-1.489897490e+00,-1.331019044e+00,-7.894130349e-01,1.279437393e-01,8.155144220e-02,4.319535090e+00,-1.483940743e+00,-3.373779983e-01,2.858254770e-02,5.253454309e-03,6.166102985e-01,-4.409761516e-02,1.016447915e-01,6.314437530e-01,-5.726883852e-02,9.224493187e-03,4.850361645e-01,-1.230349094e-01,2.249988727e-02,1.977985349e+00,7.000001892e-02,0,0
9.360000000e+00,9.452502838e-02,2.925412198e-01,4.329725216e-02,1.457495887e-01,9.652205479e-02,2.607645529e+01,4.576913368e+00,1.361983425e-01,2.307002874e-16,7.589415207e-18,6.060874398e-20,1.243717500e-02,-2.835689783e-01,-2.641662598e+00,-1.489897132e+00,-1.331025481e+00,-7.893977165e-01,1.279390454e-01,6.891143642e-02,4.317270902e+00,-1.480026756e+00,-3.364343811e-01,2.959249199e-02,4.018036639e-03,6.166112611e-01,-4.410021926e-02,1.016450842e-01,6.314437530e-01,-5.726883852e-02,9.224493187e-03,4.850359857e-01,-1.230341494e-01,2.250011824e-02,1.977990380e+00,7.000011951e-02,0,0
9.370000000e+00,9.452746671e-02,2.925442693e-01,3.831356030e-02,1.457510972e-01,9.652155622e-02,2.652923141e+01,4.559918663e+00,1.361977899e-01,2.436159579e-16,9.311523147e-18,2.235140038e-19,1.270170800e-02,-2.835681140e-01,-2.641671181e+00,-1.489904404e+00,-1.331049562e+00,-7.893944383e-01,1.279753000e-01,1.187098140e-01,4.297975871e+00,-1.481102111e+00,-3.341555050e-01,2.896996248e-02,2.643568008e-03,6.166116206e-01,-4.410022095e-02,1.016476360e-01,6.314437530e-01,-5.726883852e-02,9.224493187e-03,4.850361049e-01,-1.230346709e-01,2.249988355e-02,1.977987000e+00,6.999994069e-02,0,0
9.380000000e+00,9.453008602e-02,2.925598109e-01,4.277921261e-02,1.457587850e-01,9.652923093e-02,2.554594469e+01,4.599925731e+00,1.361980115e-01,4.509180021e-16,2.818925648e-18,2.235140038e-19,1.135327500e-02,-2.835685909e-01,-2.641671896e+00,-1.489901543e+00,-1.331068039e+00,-7.894050479e-01,1.279774010e-01,7.725384911e-02,4.336260086e+00,-1.494301233e+00,-3.411487248e-01,2.934994950e-02,4.121881837e-03,6.166095853e-01,-4.409850063e-02,1.016497432e-01,6.314437530e-01,-5.726883852e-02,9.224493187e-03,4.850362241e-01,-1.230348349e-01,2.249990217e-02,1.977985349e+00,6.999997795e-02,0,0
9.390000000e+00,9.453038177e-02,2.925540261e-01,3.132033916e-02,1.457559235e-01,9.652668273e-02,2.612516256e+01,4.579103968e+00,1.361976790e-01,4.492263975e-16,5.057544570e-18,6.321930712e-19,1.286403900e-02,-2.835705280e-01,-2.641675711e+00,-1.489905834e+00,-1.331073642e+00,-7.894124389e-01,1.280039549e-01,7.300641603e-02,4.318179417e+00,-1.483845029e+00,-3.368929602e-01,2.972915263e-02,3.602313809e-03,6.166092111e-01,-4.409861675e-02,1.016500021e-01,6.314437530e-01,-5.726883852e-02,9.224493187e-03,4.850360453e-01,-1.230345145e-01,2.249986120e-02,1.977988572e+00,7.000004128e-02,0,0
9.400000000e+00,9.452878915e-02,2.925615578e-01,4.692475501e-02,1.457596491e-01,9.652925709e-02,2.603342432e+01,4.550094165e+00,1.361982638e-01,7.493523533e-17,5.575016172e-18,3.213549680e-19,1.258183600e-02,-2.835676670e-01,-2.641675949e+00,-1.489898443e+00,-1.331078768e+00,-7.893801332e-01,1.279674172e-01,1.011551551e-01,4.290823965e+00,-1.473163505e+00,-3.330384438e-01,2.848636274e-02,4.177226893e-03,6.166107930e-01,-4.410162297e-02,1.016490555e-01,6.314437530e-01,-5.726883852e-02,9.224493187e-03,4.850356281e-01,-1.230341047e-01,2.250008471e-02,1.977993092e+00,7.000016049e-02,0,0
9.410000000e+00,9.453099702e-02,2.925689421e-01,6.711666763e-02,1.457633018e-01,9.653000932e-02,2.611031916e+01,4.599005124e+00,1.361982794e-01,1.152155485e-16,3.252606517e-18,8.741117366e-19,1.256275600e-02,-2.835647166e-01,-2.641673565e+00,-1.489898324e+00,-1.331082821e+00,-7.893672585e-01,1.279590279e-01,6.951090807e-02,4.335365848e+00,-1.494368219e+00,-3.414258710e-01,3.010878679e-02,2.187078526e-03,6.166119763e-01,-4.410184254e-02,1.016515348e-01,6.314437530e-01,-5.726883852e-02,9.224493187e-03,4.850363731e-01,-1.230348647e-01,2.249990217e-02,1.977984839e+00,6.999998912e-02,0,0
9.420000000e+00,9.452823609e-02,2.925435040e-01,4.112911808e-02,1.457507186e-01,9.651778971e-02,2.555145196e+01,4.561724283e+00,1.361982012e-01,5.336213560e-17,8.673617380e-18,3.909146526e-19,1.220695300e-02,-2.835645974e-01,-2.641671658e+00,-1.489899278e+00,-1.331062913e+00,-7.893648148e-01,1.279775947e-01,7.129057602e-02,4.300924711e+00,-1.480644323e+00,-3.363416314e-01,2.902596459e-02,4.112642687e-03,6.166130758e-01,-4.410241668e-02,1.016489692e-01,6.314437530e-01,-5.726883852e-02,9.224493187e-03,4.850358367e-01,-1.230339631e-01,2.249996178e-02,1.977991127e+00,7.000010461e-02,0,0
9.430000000e+00,9.452861738e-02,2.925443175e-01,6.108738796e-02,1.457511210e-01,9.651900411e-02,2.528268640e+01,4.561959574e+00,1.361981315e-01,2.331977484e-16,3.576224061e-18,6.505213035e-19,1.335748400e-02,-2.835658789e-01,-2.641670704e+00,-1.489900112e+00,-1.331060648e+00,-7.893762589e-01,1.279805303e-01,7.069915530e-02,4.301465841e+00,-1.479756043e+00,-3.366869588e-01,2.845826360e-02,4.740770882e-03,6.166122680e-01,-4.410144832e-02,1.016490916e-01,6.314437530e-01,-5.726883852e-02,9.224493187e-03,4.850360751e-01,-1.230344847e-01,2.249996737e-02,1.977987865e+00,7.000002265e-02,0,0
9.440000000e+00,9.452943642e-02,2.925560611e-01,3.408228698e-02,1.457569301e-01,9.652355912e-02,2.642075144e+01,4.584026386e+00,1.361980588e-01,9.729927740e-17,2.682168046e-18,2.168404345e-19,1.123402400e-02,-2.835652232e-01,-2.641674519e+00,-1.489901185e+00,-1.331074119e+00,-7.893610597e-01,1.279688478e-01,6.625211408e-02,4.322166259e+00,-1.487747763e+00,-3.367836008e-01,3.099121213e-02,3.215299190e-03,6.166131992e-01,-4.410335187e-02,1.016503499e-01,6.314437530e-01,-5.726883852e-02,9.224493187e-03,4.850362837e-01,-1.230347157e-01,2.249988914e-02,1.977986608e+00,6.999995187e-02,0,0
9.450000000e+00,9.452946734e-02,2.925443363e-01,8.415888571e-02,1.457511304e-01,9.651624198e-02,2.712426161e+01,4.599021418e+00,1.361979341e-01,3.338080836e-16,2.602085214e-18,9.697399036e-19,1.345872500e-02,-2.835660875e-01,-2.641674995e+00,-1.489902854e+00,-1.331073999e+00,-7.893511653e-01,1.279891431e-01,1.451851429e-01,4.334756322e+00,-1.491409160e+00,-3.386900566e-01,2.816217838e-02,1.249693305e-03,6.166142713e-01,-4.410553962e-02,1.016508651e-01,6.314437530e-01,-5.726883852e-02,9.224493187e-03,4.850361943e-01,-1.230345815e-01,2.250009403e-02,1.977986018e+00,7.000006363e-02,0,0
9.460000000e+00,9.452836022e-02,2.925431590e-01,4.020644520e-02,1.457505480e-01,9.651667352e-02,2.590614703e+01,4.568211630e+00,1.361981006e-01,2.253488590e-16,6.562782414e-18,7.608751328e-19,1.363320600e-02,-2.835629880e-01,-2.641669989e+00,-1.489900589e+00,-1.331056714e+00,-7.893591523e-01,1.279699951e-01,8.155710365e-02,4.305545002e+00,-1.486464190e+00,-3.371788241e-01,3.021587745e-02,3.134034075e-03,6.166141138e-01,-4.410246786e-02,1.016492700e-01,6.314437530e-01,-5.726883852e-02,9.224493187e-03,4.850360155e-01,-1.230348274e-01,2.249984443e-02,1.977988337e+00,6.999997050e-02,0,0
9.470000000e+00,9.452715687e-02,2.925306141e-01,5.452263788e-02,1.457443425e-01,9.650988887e-02,2.650030745e+01,4.589454968e+00,1.361975106e-01,5.552036618e-16,2.453269467e-18,1.264386142e-18,1.263863700e-02,-2.835635245e-01,-2.641670942e+00,-1.489908218e+00,-1.331042528e+00,-7.893527746e-01,1.279776245e-01,6.004230698e-02,4.326287353e+00,-1.492412236e+00,-3.382425255e-01,3.195337349e-02,2.500845444e-03,6.166162885e-01,-4.410429739e-02,1.016486488e-01,6.314437530e-01,-5.726883852e-02,9.224493187e-03,4.850360751e-01,-1.230347231e-01,2.249993756e-02,1.977987000e+00,6.999997422e-02,0,0
9.480000000e+00,9.452860038e-02,2.925466566e-01,5.471779513e-02,1.457522781e-01,9.651630156e-02,2.582856948e+01,4.627173640e+00,1.361979762e-01,2.297772048e-16,1.055191096e-17,1.157928428e-18,1.382809800e-02,-2.835586071e-01,-2.641667843e+00,-1.489902258e+00,-1.331048846e+00,-7.893429399e-01,1.279487461e-01,7.888884706e-02,4.361758087e+00,-1.503213895e+00,-3.450839873e-01,2.892158485e-02,2.721179538e-03,6.166163200e-01,-4.410253403e-02,1.016498790e-01,6.314437530e-01,-5.726883852e-02,9.224493187e-03,4.850361347e-01,-1.230346411e-01,2.249993943e-02,1.977985900e+00,7.000004500e-02,0,0
9.490000000e+00,9.452720646e-02,2.925096553e-01,4.729486081e-02,1.457339750e-01,9.649335418e-02,2.567848214e+01,4.610499299e+00,1.361976590e-01,1.259467783e-16,4.854756609e-18,8.778858034e-19,1.154803700e-02,-2.835583985e-01,-2.641668797e+00,-1.489906549e+00,-1.331040621e+00,-7.893036008e-01,1.279942393e-01,6.787325726e-02,4.345707583e+00,-1.499404487e+00,-3.432381068e-01,2.978157391e-02,3.074211295e-03,6.166206635e-01,-4.410896143e-02,1.016500655e-01,6.314437530e-01,-5.726883852e-02,9.224493187e-03,4.850358963e-01,-1.230342612e-01,2.249987796e-02,1.977989398e+00,7.000007108e-02,0,0
9.500000000e+00,9.452751737e-02,2.925398503e-01,3.636707485e-02,1.457489113e-01,9.650934016e-02,2.574570861e+01,4.570457228e+00,1.361983358e-01,1.484937481e-16,2.085504519e-18,7.761706351e-19,1.091389100e-02,-2.835552394e-01,-2.641668320e+00,-1.489897847e+00,-1.331053138e+00,-7.892986536e-01,1.279392540e-01,3.592195018e-02,4.308605873e+00,-1.486180950e+00,-3.376420139e-01,3.094896178e-02,3.245908979e-03,6.166194557e-01,-4.410728631e-02,1.016499512e-01,6.314437530e-01,-5.726883852e-02,9.224493187e-03,4.850361347e-01,-1.230346635e-01,2.249984816e-02,1.977988061e+00,7.000004500e-02,0,0
9.510000000e+00,9.452705062e-02,2.925200044e-01,4.318996671e-02,1.457390943e-01,9.649722327e-02,2.640555393e+01,4.589750723e+00,1.361978838e-01,2.458370032e-16,3.998340052e-18,3.252606517e-19,1.148444600e-02,-2.835562825e-01,-2.641672373e+00,-1.489903808e+00,-1.331054449e+00,-7.892805934e-01,1.279758513e-01,5.907363538e-02,4.327255623e+00,-1.490563399e+00,-3.382493218e-01,3.132731480e-02,2.742359939e-03,6.166217294e-01,-4.411103562e-02,1.016503723e-01,6.314437530e-01,-5.726883852e-02,9.224493187e-03,4.850361347e-01,-1.230347231e-01,2.249991894e-02,1.977986372e+00,6.999996305e-02,0,0
9.520000000e+00,9.452727258e-02,2.925333260e-01,5.730376986e-02,1.457456840e-01,9.650134670e-02,2.688710529e+01,4.574819686e+00,1.361984695e-01,3.343564187e-17,6.938893904e-18,4.848699518e-19,1.231081400e-02,-2.835521996e-01,-2.641670704e+00,-1.489896417e+00,-1.331062675e+00,-7.892484069e-01,1.279378384e-01,7.741394350e-02,4.313007087e+00,-1.485791914e+00,-3.352067868e-01,3.171092123e-02,2.308036263e-03,6.166233221e-01,-4.411326017e-02,1.016511714e-01,6.314437530e-01,-5.726883852e-02,9.224493187e-03,4.850361645e-01,-1.230347008e-01,2.249990590e-02,1.977986922e+00,7.000000030e-02,0,0
9.530000000e+00,9.452609468e-02,2.925235385e-01,6.168298080e-02,1.457408425e-01,9.649537915e-02,2.664529192e+01,4.608490801e+00,1.361990874e-01,2.253755651e-16,6.952433222e-18,1.999170026e-18,1.281862900e-02,-2.835491896e-01,-2.641663790e+00,-1.489888430e+00,-1.331049919e+00,-7.892350554e-01,1.279259920e-01,1.367441506e-01,4.342710703e+00,-1.497866316e+00,-3.404869810e-01,2.851466324e-02,2.068607711e-03,6.166240272e-01,-4.411336718e-02,1.016500950e-01,6.314437530e-01,-5.726883852e-02,9.224493187e-03,4.850361347e-01,-1.230342016e-01,2.250021696e-02,1.977988258e+00,7.000004873e-02,0,0
9.540000000e+00,9.452529118e-02,2.925169799e-01,4.181103730e-02,1.457375982e-01,9.649211389e-02,2.582491858e+01,4.600843572e+00,1.361992196e-01,2.348436966e-16,2.691465017e-18,2.557085710e-19,1.285417900e-02,-2.835472524e-01,-2.641658068e+00,-1.489886642e+00,-1.331032276e+00,-7.892367244e-01,1.279153377e-01,8.088913282e-02,4.336819432e+00,-1.495230451e+00,-3.414971153e-01,2.952548909e-02,3.098759639e-03,6.166244811e-01,-4.411205532e-02,1.016491593e-01,6.314437530e-01,-5.726883852e-02,9.224493187e-03,4.850358665e-01,-1.230340898e-01,2.249997668e-02,1.977991480e+00,7.000010088e-02,0,0
9.550000000e+00,9.452321871e-02,2.924676032e-01,7.116927273e-02,1.457131734e-01,9.646616825e-02,2.529756146e+01,4.591759278e+00,1.361987177e-01,2.229659593e-16,1.127570259e-17,1.131940300e-18,1.098643100e-02,-2.835495472e-01,-2.641656637e+00,-1.489893079e+00,-1.331009626e+00,-7.892339230e-01,1.279860884e-01,9.353965515e-02,4.329863399e+00,-1.487069060e+00,-3.400805869e-01,2.707743972e-02,4.915581223e-03,6.166264475e-01,-4.411444998e-02,1.016476959e-01,6.314437530e-01,-5.726883852e-02,9.224493187e-03,4.850360751e-01,-1.230343059e-01,2.249995619e-02,1.977988926e+00,7.000010461e-02,0,0
9.560000000e+00,9.452172993e-02,2.925039478e-01,2.928143557e-02,1.457311517e-01,9.648460911e-02,2.633412346e+01,4.578004894e+00,1.361999709e-01,1.844036349e-17,5.931487665e-18,8.131516294e-20,1.132217400e-02,-2.835443616e-01,-2.641650200e+00,-1.489876986e+00,-1.331009150e+00,-7.892047167e-01,1.278784424e-01,6.970184397e-02,4.317463865e+00,-1.482756378e+00,-3.366008593e-01,2.999934589e-02,3.107497050e-03,6.166269155e-01,-4.411525172e-02,1.016463624e-01,6.314437530e-01,-5.726883852e-02,9.224493187e-03,4.850360751e-01,-1.230342463e-01,2.250017785e-02,1.977989869e+00,7.000013441e-02,0,0
9.570000000e+00,9.452234158e-02,2.924861891e-01,4.846701089e-02,1.457223672e-01,9.647424555e-02,2.644445101e+01,4.587672835e+00,1.361993268e-01,5.553310199e-16,1.072867218e-17,8.940560153e-19,1.276211800e-02,-2.835447788e-01,-2.641653538e+00,-1.489885330e+00,-1.331008673e+00,-7.892054319e-01,1.279240549e-01,8.220080667e-02,4.324711198e+00,-1.490488238e+00,-3.381668846e-01,3.065115823e-02,2.569539072e-03,6.166280500e-01,-4.411574874e-02,1.016472405e-01,6.314437530e-01,-5.726883852e-02,9.224493187e-03,4.850361049e-01,-1.230346560e-01,2.249993570e-02,1.977986489e+00,6.999992952e-02,0,0
9.580000000e+00,9.452121925e-02,2.924976725e-01,1.378249920e-01,1.457280476e-01,9.647833804e-02,2.782952645e+01,4.574996597e+00,1.362000832e-01,2.239691934e-16,1.110764993e-17,3.878959614e-18,1.184952000e-02,-2.835415602e-01,-2.641647577e+00,-1.489875674e+00,-1.331002474e+00,-7.891727686e-01,1.278651804e-01,6.755990288e-02,4.312670351e+00,-1.487831855e+00,-3.349170286e-01,3.302901339e-02,-7.508039956e-06,6.166299237e-01,-4.411866374e-02,1.016468079e-01,6.314437530e-01,-5.726883852e-02,9.224493187e-03,4.850359559e-01,-1.230344474e-01,2.249995060e-02,1.977988022e+00,7.000005618e-02,0,0
9.590000000e+00,9.451894364e-02,2.924777779e-01,3.440883962e-02,1.457182064e-01,9.646526254e-02,2.651046331e+01,4.568938448e+00,1.362006933e-01,2.225759060e-16,1.305552300e-18,3.946555479e-19,1.334407300e-02,-2.835360467e-01,-2.641642809e+00,-1.489867926e+00,-1.330990553e+00,-7.891342044e-01,1.278598160e-01,1.386036903e-01,4.305412223e+00,-1.485400596e+00,-3.349144085e-01,2.866793296e-02,2.950380265e-03,6.166328589e-01,-4.412123749e-02,1.016453172e-01,6.314437530e-01,-5.726883852e-02,9.224493187e-03,4.850358069e-01,-1.230343878e-01,2.250001021e-02,1.977992109e+00,7.000006735e-02,0,0
9.600000000e+00,9.451758436e-02,2.924558038e-01,3.815598234e-02,1.457073367e-01,9.645143948e-02,2.604998561e+01,4.597141477e+00,1.362015072e-01,3.436033573e-16,7.531108977e-18,5.789642139e-19,1.309410100e-02,-2.835322917e-01,-2.641631842e+00,-1.489857435e+00,-1.330970168e+00,-7.891083360e-01,1.278550327e-01,1.265717290e-01,4.333642625e+00,-1.490468548e+00,-3.390457235e-01,2.770209577e-02,3.880744950e-03,6.166346893e-01,-4.412288797e-02,1.016444552e-01,6.314437530e-01,-5.726883852e-02,9.224493187e-03,4.850358665e-01,-1.230340078e-01,2.250022069e-02,1.977990695e+00,7.000007480e-02,0,0
9.610000000e+00,9.451385605e-02,2.924297290e-01,7.162055612e-02,1.456944384e-01,9.643814617e-02,2.677959265e+01,4.582003952e+00,1.362013106e-01,2.327698993e-16,9.697399036e-18,4.470280077e-19,1.199851100e-02,-2.835311294e-01,-2.641627073e+00,-1.489859939e+00,-1.330935836e+00,-7.890930772e-01,1.278491914e-01,8.410024297e-02,4.319457646e+00,-1.488380112e+00,-3.372567983e-01,3.085869169e-02,1.799766162e-03,6.166377767e-01,-4.412510931e-02,1.016414528e-01,6.314437530e-01,-5.726883852e-02,9.224493187e-03,4.850361943e-01,-1.230344102e-01,2.249998786e-02,1.977989043e+00,7.000009343e-02,0,0
9.620000000e+00,9.451468960e-02,2.924327966e-01,3.996171274e-02,1.456959558e-01,9.643822114e-02,2.568876558e+01,4.603336886e+00,1.362017075e-01,2.331654853e-16,6.075947232e-18,4.997925065e-19,1.245548500e-02,-2.835276127e-01,-2.641621828e+00,-1.489854813e+00,-1.330932379e+00,-7.890869379e-01,1.278352588e-01,8.626796370e-02,4.339150905e+00,-1.495694872e+00,-3.421476940e-01,2.929772519e-02,3.346045515e-03,6.166379610e-01,-4.412377521e-02,1.016421451e-01,6.314437530e-01,-5.726883852e-02,9.224493187e-03,4.850361347e-01,-1.230347604e-01,2.249995805e-02,1.977987079e+00,7.000009716e-02,0,0
9.630000000e+00,9.451334213e-02,2.924228444e-01,4.195507427e-02,1.456910328e-01,9.643306152e-02,2.601452198e+01,4.595699839e+00,1.362015595e-01,4.443847260e-16,1.090741873e-17,1.533293417e-19,1.203202100e-02,-2.835283577e-01,-2.641620159e+00,-1.489856720e+00,-1.330919147e+00,-7.890797853e-01,1.278328300e-01,8.227703770e-02,4.331481290e+00,-1.495091231e+00,-3.401765216e-01,3.049160210e-02,3.121371514e-03,6.166393518e-01,-4.412561211e-02,1.016412511e-01,6.314437530e-01,-5.726883852e-02,9.224493187e-03,4.850362837e-01,-1.230348498e-01,2.249989659e-02,1.977984603e+00,6.999989226e-02,0,0
9.640000000e+00,9.450960204e-02,2.923967705e-01,9.645484459e-02,1.456781349e-01,9.641778555e-02,2.707320514e+01,4.563956699e+00,1.362022581e-01,6.662495659e-16,3.878959614e-18,3.496446946e-18,1.146168500e-02,-2.835241854e-01,-2.641612768e+00,-1.489847779e+00,-1.330895305e+00,-7.890411615e-01,1.278191805e-01,1.325753094e-01,4.300889286e+00,-1.483723698e+00,-3.349442485e-01,2.917456896e-02,1.037577965e-03,6.166425355e-01,-4.412911101e-02,1.016384337e-01,6.314437530e-01,-5.726883852e-02,9.224493187e-03,4.850360751e-01,-1.230343729e-01,2.250009403e-02,1.977987904e+00,7.000005990e-02,0,0
9.650000000e+00,9.450807291e-02,2.923819032e-01,4.451079730e-02,1.456707806e-01,9.640871890e-02,2.616278009e+01,4.586879347e+00,1.362027645e-01,4.450580058e-16,5.114171419e-18,8.467889666e-19,1.182845900e-02,-2.835223079e-01,-2.641602755e+00,-1.489841223e+00,-1.330870986e+00,-7.890225649e-01,1.278006881e-01,7.272504561e-02,4.324073909e+00,-1.490223080e+00,-3.388539857e-01,3.102172975e-02,2.973781484e-03,6.166443699e-01,-4.413096627e-02,1.016374274e-01,6.314437530e-01,-5.726883852e-02,9.224493187e-03,4.850358963e-01,-1.230342016e-01,2.250010520e-02,1.977988611e+00,7.000005618e-02,0,0
9.660000000e+00,9.450715868e-02,2.923789520e-01,3.322475177e-02,1.456693208e-01,9.640834075e-02,2.583969776e+01,4.570025489e+00,1.362028216e-01,2.261087450e-16,2.045668568e-18,5.587850096e-20,1.128884500e-02,-2.835199237e-01,-2.641600370e+00,-1.489840388e+00,-1.330859780e+00,-7.890324593e-01,1.277952045e-01,1.263739083e-01,4.306579510e+00,-1.486001481e+00,-3.369674993e-01,2.784841410e-02,3.534532453e-03,6.166439434e-01,-4.412800930e-02,1.016360037e-01,6.314437530e-01,-5.726883852e-02,9.224493187e-03,4.850361645e-01,-1.230347306e-01,2.249991521e-02,1.977986568e+00,7.000002638e-02,0,0
9.670000000e+00,9.450552108e-02,2.923715209e-01,5.284019415e-02,1.456656448e-01,9.640508103e-02,2.633336541e+01,4.571850976e+00,1.362026894e-01,5.558103828e-16,1.312556483e-17,1.167721477e-18,1.328857300e-02,-2.835205495e-01,-2.641597748e+00,-1.489842057e+00,-1.330842614e+00,-7.890291214e-01,1.277835518e-01,1.130650103e-01,4.308395263e+00,-1.487425222e+00,-3.368343165e-01,2.950712684e-02,2.467304636e-03,6.166451359e-01,-4.412920003e-02,1.016346893e-01,6.314437530e-01,-5.726883852e-02,9.224493187e-03,4.850361645e-01,-1.230346709e-01,2.249994129e-02,1.977985232e+00,6.999992579e-02,0,0
9.680000000e+00,9.450317117e-02,2.923545072e-01,6.878835480e-02,1.456572287e-01,9.639399501e-02,2.688917944e+01,4.591989707e+00,1.362034355e-01,4.442687445e-16,7.359808400e-18,1.305552300e-18,1.162657800e-02,-2.835164964e-01,-2.641590834e+00,-1.489832520e+00,-1.330827594e+00,-7.889930010e-01,1.277673841e-01,1.481742184e-01,4.327234799e+00,-1.491451295e+00,-3.379835290e-01,2.810859633e-02,1.714289549e-03,6.166476921e-01,-4.413225441e-02,1.016331297e-01,6.314437530e-01,-5.726883852e-02,9.224493187e-03,4.850360155e-01,-1.230343953e-01,2.249999344e-02,1.977988847e+00,7.000000775e-02,0,0
9.690000000e+00,9.450365019e-02,2.923632438e-01,3.811371021e-02,1.456615504e-01,9.639748567e-02,2.569548936e+01,4.587566448e+00,1.362037038e-01,4.484788624e-16,5.485677295e-18,1.138734915e-18,1.145488600e-02,-2.835130990e-01,-2.641587257e+00,-1.489829063e+00,-1.330824494e+00,-7.889868021e-01,1.277423054e-01,8.804016119e-02,4.325669891e+00,-1.486831507e+00,-3.392774244e-01,2.832471653e-02,3.930512261e-03,6.166480671e-01,-4.413105899e-02,1.016335097e-01,6.314437530e-01,-5.726883852e-02,9.224493187e-03,4.850359559e-01,-1.230340824e-01,2.249999903e-02,1.977992463e+00,7.000012323e-02,0,0
9.700000000e+00,9.450262152e-02,2.923456042e-01,3.916225024e-02,1.456528247e-01,9.638517475e-02,2.566643844e+01,4.608791104e+00,1.362037863e-01,2.256141099e-16,1.226634733e-18,5.421010862e-20,1.240643400e-02,-2.835091949e-01,-2.641583204e+00,-1.489828110e+00,-1.330810428e+00,-7.889550924e-01,1.277426332e-01,1.300404747e-01,4.343685831e+00,-1.496161115e+00,-3.423483291e-01,2.692007836e-02,3.629096460e-03,6.166514569e-01,-4.413385656e-02,1.016333981e-01,6.314437530e-01,-5.726883852e-02,9.224493187e-03,4.850362241e-01,-1.230345890e-01,2.250002511e-02,1.977986608e+00,7.000009716e-02,0,0
9.710000000e+00,9.450182189e-02,2.923431012e-01,5.057696945e-02,1.456515865e-01,9.638399890e-02,2.582967463e+01,4.622751113e+00,1.362040024e-01,2.236532228e-16,2.263880600e-18,2.487913270e-19,1.326217200e-02,-2.835066020e-01,-2.641577721e+00,-1.489825249e+00,-1.330794930e+00,-7.889552712e-01,1.277247816e-01,1.549332166e-01,4.354581223e+00,-1.504736027e+00,-3.442220475e-01,2.679190153e-02,2.965757630e-03,6.166518185e-01,-4.413230545e-02,1.016324177e-01,6.314437530e-01,-5.726883852e-02,9.224493187e-03,4.850359857e-01,-1.230349243e-01,2.249985561e-02,1.977986922e+00,6.999994814e-02,0,0
9.720000000e+00,9.449894154e-02,2.923232526e-01,3.324549175e-02,1.456417680e-01,9.637047512e-02,2.608560015e+01,4.580832429e+00,1.362043241e-01,5.057544570e-18,1.138360651e-17,1.084202172e-19,1.338073400e-02,-2.835032940e-01,-2.641576052e+00,-1.489821315e+00,-1.330784440e+00,-7.889034748e-01,1.277147532e-01,8.837926673e-02,4.319145491e+00,-1.485401950e+00,-3.374789715e-01,2.955156700e-02,3.572611449e-03,6.166562461e-01,-4.413848445e-02,1.016310589e-01,6.314437530e-01,-5.726883852e-02,9.224493187e-03,4.850360453e-01,-1.230341643e-01,2.250014804e-02,1.977988218e+00,7.000013813e-02,0,0
9.730000000e+00,9.449992736e-02,2.923189387e-01,6.019326942e-02,1.456396341e-01,9.636628847e-02,2.521021290e+01,4.580402221e+00,1.362043286e-01,4.443703358e-16,1.734723476e-18,2.168404345e-19,1.107124300e-02,-2.835007608e-01,-2.641575813e+00,-1.489821315e+00,-1.330788136e+00,-7.888949513e-01,1.277281493e-01,1.328401778e-01,4.316945544e+00,-1.486763629e+00,-3.394802729e-01,2.616930171e-02,4.624779847e-03,6.166569842e-01,-4.413825186e-02,1.016321521e-01,6.314437530e-01,-5.726883852e-02,9.224493187e-03,4.850361049e-01,-1.230346262e-01,2.249991894e-02,1.977988218e+00,6.999998912e-02,0,0
9.740000000e+00,9.449923865e-02,2.923192621e-01,6.070362023e-02,1.456397941e-01,9.636261416e-02,2.694015496e+01,4.573204959e+00,1.362042850e-01,2.319572443e-16,3.878959614e-18,4.336808690e-19,1.156159700e-02,-2.834996283e-01,-2.641577482e+00,-1.489822149e+00,-1.330790758e+00,-7.888461947e-01,1.277046949e-01,7.782195553e-02,4.311483088e+00,-1.485265588e+00,-3.350568381e-01,3.130272652e-02,2.026630893e-03,6.166612496e-01,-4.414534453e-02,1.016331378e-01,6.314437530e-01,-5.726883852e-02,9.224493187e-03,4.850360453e-01,-1.230346709e-01,2.249987982e-02,1.977987826e+00,7.000002265e-02,0,0
9.750000000e+00,9.449903680e-02,2.923136133e-01,3.528057749e-02,1.456369998e-01,9.635763041e-02,2.615414594e+01,4.577612156e+00,1.362046812e-01,1.267891813e-16,1.704095433e-17,1.714274155e-19,1.200806100e-02,-2.834963500e-01,-2.641576767e+00,-1.489817142e+00,-1.330795527e+00,-7.888249755e-01,1.277076602e-01,9.147765265e-02,4.315602549e+00,-1.485818381e+00,-3.364430418e-01,2.959032699e-02,3.708964745e-03,6.166623106e-01,-4.414644600e-02,1.016332576e-01,6.314437530e-01,-5.726883852e-02,9.224493187e-03,4.850359857e-01,-1.230343953e-01,2.249993198e-02,1.977988533e+00,7.000004500e-02,0,0
9.760000000e+00,9.449955176e-02,2.922999334e-01,3.425824375e-02,1.456302328e-01,9.635035745e-02,2.583552295e+01,4.594000265e+00,1.362044831e-01,5.225089625e-17,1.918149451e-18,1.068589051e-18,1.329898300e-02,-2.834973633e-01,-2.641575336e+00,-1.489819646e+00,-1.330790162e+00,-7.888334394e-01,1.277372390e-01,9.152215323e-02,4.329830351e+00,-1.494193119e+00,-3.399447051e-01,2.905072931e-02,3.440790306e-03,6.166621589e-01,-4.414590043e-02,1.016336824e-01,6.314437530e-01,-5.726883852e-02,9.224493187e-03,4.850359857e-01,-1.230347082e-01,2.249987796e-02,1.977987786e+00,6.999995187e-02,0,0
9.770000000e+00,9.449757603e-02,2.923026818e-01,7.768870778e-02,1.456315923e-01,9.634659765e-02,2.706332500e+01,4.549966524e+00,1.362048343e-01,2.300340791e-16,8.673617380e-18,8.940560153e-19,1.119230400e-02,-2.834908068e-01,-2.641575813e+00,-1.489815474e+00,-1.330790281e+00,-7.887618542e-01,1.276874691e-01,8.574521623e-02,4.288598204e+00,-1.480302456e+00,-3.323463635e-01,3.187872858e-02,1.689299730e-03,6.166679776e-01,-4.415310416e-02,1.016336153e-01,6.314437530e-01,-5.726883852e-02,9.224493187e-03,4.850360155e-01,-1.230345592e-01,2.249992639e-02,1.977987826e+00,7.000005990e-02,0,0
9.780000000e+00,9.449661361e-02,2.923011572e-01,3.433117075e-02,1.456308381e-01,9.634820775e-02,2.641896636e+01,4.570928981e+00,1.362048852e-01,2.269788059e-16,8.673617380e-19,9.892416525e-19,1.291550900e-02,-2.834912241e-01,-2.641571283e+00,-1.489814639e+00,-1.330773354e+00,-7.887828350e-01,1.276764721e-01,6.940442450e-02,4.309977363e+00,-1.482930950e+00,-3.356254172e-01,3.054250615e-02,2.905109897e-03,6.166667346e-01,-4.415018028e-02,1.016320173e-01,6.314437530e-01,-5.726883852e-02,9.224493187e-03,4.850359857e-01,-1.230343208e-01,2.250003628e-02,1.977989043e+00,7.000004873e-02,0,0
9.790000000e+00,9.449680635e-02,2.922819722e-01,3.429826309e-02,1.456213479e-01,9.633758998e-02,2.594969075e+01,4.586777370e+00,1.362047088e-01,4.447730859e-16,8.673617380e-19,4.599880250e-19,1.391765900e-02,-2.834920883e-01,-2.641570807e+00,-1.489816904e+00,-1.330769777e+00,-7.887843847e-01,1.277148575e-01,6.796018875e-02,4.324379616e+00,-1.489284682e+00,-3.387383314e-01,3.039578109e-02,3.545906316e-03,6.166670572e-01,-4.415060979e-02,1.016323270e-01,6.314437530e-01,-5.726883852e-02,9.224493187e-03,4.850360751e-01,-1.230346262e-01,2.249988355e-02,1.977986843e+00,7.000000775e-02,0,0
9.800000000e+00,9.449706352e-02,2.922961778e-01,4.328490556e-02,1.456283750e-01,9.634414339e-02,2.572954564e+01,4.604554567e+00,1.362053111e-01,3.345498665e-16,3.309925581e-18,1.195871341e-18,1.317254100e-02,-2.834894657e-01,-2.641566515e+00,-1.489809155e+00,-1.330770731e+00,-7.887739539e-01,1.276765615e-01,6.881441008e-02,4.340246069e+00,-1.497140761e+00,-3.422453906e-01,2.965680184e-02,3.084090755e-03,6.166669769e-01,-4.415033937e-02,1.016325387e-01,6.314437530e-01,-5.726883852e-02,9.224493187e-03,4.850362241e-01,-1.230349392e-01,2.249988355e-02,1.977983307e+00,6.999992579e-02,0,0
9.810000000e+00,9.449573083e-02,2.922903830e-01,6.079334993e-02,1.456255085e-01,9.634142156e-02,2.666364275e+01,4.581157430e+00,1.362050351e-01,1.254680053e-16,6.992893893e-18,1.084202172e-18,1.280365800e-02,-2.834900022e-01,-2.641567469e+00,-1.489812732e+00,-1.330762029e+00,-7.887681723e-01,1.276733130e-01,7.058856330e-02,4.318906222e+00,-1.488101890e+00,-3.370670597e-01,3.167278040e-02,2.257641305e-03,6.166682749e-01,-4.415183359e-02,1.016315956e-01,6.314437530e-01,-5.726883852e-02,9.224493187e-03,4.850361645e-01,-1.230346859e-01,2.249992266e-02,1.977987197e+00,7.000002265e-02,0,0
9.820000000e+00,9.449412676e-02,2.922640797e-01,8.440856127e-02,1.456124970e-01,9.632712884e-02,2.511434272e+01,4.570419245e+00,1.362051192e-01,2.232677398e-16,9.220181747e-18,9.697399036e-19,1.212973200e-02,-2.834886909e-01,-2.641566038e+00,-1.489811659e+00,-1.330752134e+00,-7.887580395e-01,1.277046055e-01,1.102414020e-01,4.308586751e+00,-1.482490940e+00,-3.378183442e-01,2.700842257e-02,5.389465120e-03,6.166694227e-01,-4.415270644e-02,1.016302627e-01,6.314437530e-01,-5.726883852e-02,9.224493187e-03,4.850363731e-01,-1.230349168e-01,2.249998972e-02,1.977985193e+00,7.000008970e-02,0,0
9.830000000e+00,9.449531855e-02,2.922747200e-01,4.026716972e-02,1.456177605e-01,9.633351963e-02,2.600724448e+01,4.581031226e+00,1.362049108e-01,1.112862630e-16,5.303732630e-18,6.517906146e-19,1.129709500e-02,-2.834900022e-01,-2.641566277e+00,-1.489814281e+00,-1.330754042e+00,-7.887742519e-01,1.276989728e-01,8.071145774e-02,4.318584658e+00,-1.488208572e+00,-3.368954275e-01,2.966618259e-02,3.992939043e-03,6.166683017e-01,-4.415102295e-02,1.016310632e-01,6.314437530e-01,-5.726883852e-02,9.224493187e-03,4.850360453e-01,-1.230349168e-01,2.249994688e-02,1.977987157e+00,6.999991089e-02,0,0
9.840000000e+00,9.449489771e-02,2.922834854e-01,1.213653019e-01,1.456220964e-01,9.633442468e-02,2.727220689e+01,4.584093816e+00,1.362055001e-01,8.159195847e-17,7.152448123e-18,8.940560153e-19,1.246866500e-02,-2.834857702e-01,-2.641563416e+00,-1.489806890e+00,-1.330756664e+00,-7.887291312e-01,1.276549548e-01,6.656058672e-02,4.320904055e+00,-1.491435402e+00,-3.374358027e-01,3.211294304e-02,4.859273409e-04,6.166712512e-01,-4.415529202e-02,1.016317103e-01,6.314437530e-01,-5.726883852e-02,9.224493187e-03,4.850362241e-01,-1.230347604e-01,2.249990590e-02,1.977986725e+00,6.999997795e-02,0,0
9.850000000e+00,9.449388522e-02,2.922568401e-01,3.921399019e-02,1.456089158e-01,9.632176101e-02,2.625224262e+01,4.583563879e+00,1.362051319e-01,1.120811268e-16,4.385326394e-18,2.424349759e-19,1.286398900e-02,-2.834878564e-01,-2.641562939e+00,-1.489811540e+00,-1.330743313e+00,-7.887431383e-01,1.277006418e-01,7.589093711e-02,4.321073453e+00,-1.488781657e+00,-3.379550466e-01,3.049147401e-02,2.906344251e-03,6.166711406e-01,-4.415468758e-02,1.016305715e-01,6.314437530e-01,-5.726883852e-02,9.224493187e-03,4.850361943e-01,-1.230345517e-01,2.249992639e-02,1.977987786e+00,6.999998167e-02,0,0
9.860000000e+00,9.449372790e-02,2.922652322e-01,5.267104395e-02,1.456130671e-01,9.632463282e-02,2.631834494e+01,4.587383873e+00,1.362057566e-01,3.357485474e-16,1.939479807e-18,1.084202172e-19,1.214945300e-02,-2.834854424e-01,-2.641559124e+00,-1.489803553e+00,-1.330744624e+00,-7.887229323e-01,1.276681572e-01,7.483531051e-02,4.324252814e+00,-1.491175571e+00,-3.387544837e-01,3.102110916e-02,2.565898036e-03,6.166718320e-01,-4.415608935e-02,1.016307201e-01,6.314437530e-01,-5.726883852e-02,9.224493187e-03,4.850361943e-01,-1.230346411e-01,2.249991894e-02,1.977987982e+00,7.000000030e-02,0,0
9.870000000e+00,9.449412796e-02,2.922584006e-01,6.525375515e-02,1.456096877e-01,9.632113340e-02,2.507299058e+01,4.622649637e+00,1.362058724e-01,4.442729780e-16,1.398578779e-17,2.602085214e-18,1.238513500e-02,-2.834844887e-01,-2.641557217e+00,-1.489802003e+00,-1.330742836e+00,-7.887309194e-01,1.276845485e-01,9.832751127e-02,4.356692741e+00,-1.502861282e+00,-3.450221750e-01,2.816744323e-02,4.897274868e-03,6.166710652e-01,-4.415419024e-02,1.016307371e-01,6.314437530e-01,-5.726883852e-02,9.224493187e-03,4.850360155e-01,-1.230349317e-01,2.249980532e-02,1.977986057e+00,6.999997795e-02,0,0
9.880000000e+00,9.449280015e-02,2.922687957e-01,4.719076668e-02,1.456148299e-01,9.632668403e-02,2.672438485e+01,4.585639173e+00,1.362057289e-01,5.346776843e-18,2.742838647e-18,1.236180673e-18,1.103771200e-02,-2.834835052e-01,-2.641558647e+00,-1.489803910e+00,-1.330737829e+00,-7.887185812e-01,1.276481450e-01,1.274297512e-01,4.321839790e+00,-1.489693901e+00,-3.369088572e-01,2.911758140e-02,2.404830749e-03,6.166725945e-01,-4.415567759e-02,1.016298348e-01,6.314437530e-01,-5.726883852e-02,9.224493187e-03,4.850362241e-01,-1.230342686e-01,2.250019461e-02,1.977986765e+00,7.000001147e-02,0,0
9.890000000e+00,9.449236101e-02,2.922576724e-01,4.236888219e-02,1.456093275e-01,9.631825229e-02,2.563925128e+01,4.621270604e+00,1.362061028e-01,4.545976835e-16,2.602085214e-18,3.909146526e-19,1.337273300e-02,-2.834786177e-01,-2.641552687e+00,-1.489799142e+00,-1.330726266e+00,-7.886956334e-01,1.276416332e-01,1.513612509e-01,4.353749271e+00,-1.503019472e+00,-3.439670446e-01,2.655595558e-02,3.601551948e-03,6.166746491e-01,-4.415628826e-02,1.016298009e-01,6.314437530e-01,-5.726883852e-02,9.224493187e-03,4.850361049e-01,-1.230346635e-01,2.249991894e-02,1.977986843e+00,7.000002638e-02,0,0
9.900000000e+00,9.448896534e-02,2.922349091e-01,4.869182057e-02,1.455980671e-01,9.630884462e-02,2.630646591e+01,4.596793036e+00,1.362056749e-01,2.256291148e-16,6.605630197e-18,1.764953266e-18,1.236406400e-02,-2.834807634e-01,-2.641547918e+00,-1.489804506e+00,-1.330688953e+00,-7.887041569e-01,1.276397407e-01,1.303725143e-01,4.331929997e+00,-1.493835918e+00,-3.398859979e-01,2.857986826e-02,2.583011177e-03,6.166760774e-01,-4.415690787e-02,1.016266447e-01,6.314437530e-01,-5.726883852e-02,9.224493187e-03,4.850360453e-01,-1.230348274e-01,2.249990217e-02,1.977986489e+00,6.999990717e-02,0,0
9.910000000e+00,9.448643835e-02,2.922055908e-01,6.955026070e-02,1.455835642e-01,9.629212916e-02,2.668796461e+01,4.583772701e+00,1.362058824e-01,4.473711934e-16,0.000000000e+00,9.697399036e-19,1.331612300e-02,-2.834810019e-01,-2.641542673e+00,-1.489801884e+00,-1.330668211e+00,-7.886768579e-01,1.276502907e-01,6.174986244e-02,4.321610174e+00,-1.488545667e+00,-3.377164547e-01,3.193797178e-02,1.999882518e-03,6.166789007e-01,-4.416155576e-02,1.016251713e-01,6.314437530e-01,-5.726883852e-02,9.224493187e-03,4.850361347e-01,-1.230345219e-01,2.250000462e-02,1.977987314e+00,7.000005990e-02,0,0
9.920000000e+00,9.448943601e-02,2.922432236e-01,3.586001575e-02,1.456021801e-01,9.631139271e-02,2.623798833e+01,4.587639718e+00,1.362061283e-01,3.331482126e-16,3.252606517e-18,7.879136717e-19,1.229825300e-02,-2.834788859e-01,-2.641548634e+00,-1.489798784e+00,-1.330702424e+00,-7.886841297e-01,1.276262254e-01,7.682666685e-02,4.325691182e+00,-1.488065302e+00,-3.371790948e-01,2.982895377e-02,3.713578991e-03,6.166765183e-01,-4.415855042e-02,1.016274295e-01,6.314437530e-01,-5.726883852e-02,9.224493187e-03,4.850359559e-01,-1.230340078e-01,2.250020392e-02,1.977989594e+00,7.000003383e-02,0,0
9.930000000e+00,9.449320169e-02,2.922452702e-01,4.282875709e-02,1.456031925e-01,9.630857108e-02,2.601855281e+01,4.596572805e+00,1.362058682e-01,5.552226319e-16,1.412129108e-17,0.000000000e+00,1.173544800e-02,-2.834780812e-01,-2.641556978e+00,-1.489802361e+00,-1.330738544e+00,-7.886705995e-01,1.276753843e-01,7.403437312e-02,4.332363121e+00,-1.495621614e+00,-3.403294172e-01,3.022774286e-02,2.900715176e-03,6.166767898e-01,-4.415994448e-02,1.016315214e-01,6.314437530e-01,-5.726883852e-02,9.224493187e-03,4.850359559e-01,-1.230345368e-01,2.249986492e-02,1.977988218e+00,6.999999657e-02,0,0
9.940000000e+00,9.449463715e-02,2.922616454e-01,3.748688309e-02,1.456112928e-01,9.631590381e-02,2.604057416e+01,4.592593650e+00,1.362060451e-01,3.362299557e-16,2.211347214e-18,3.909146526e-19,1.279366900e-02,-2.834769189e-01,-2.641562700e+00,-1.489800215e+00,-1.330764532e+00,-7.886610031e-01,1.276718378e-01,7.562860286e-02,4.329580098e+00,-1.491512763e+00,-3.397240962e-01,3.001497480e-02,3.039364049e-03,6.166762610e-01,-4.416035062e-02,1.016329624e-01,6.314437530e-01,-5.726883852e-02,9.224493187e-03,4.850361049e-01,-1.230347231e-01,2.249989472e-02,1.977987590e+00,7.000008225e-02,0,0
9.950000000e+00,9.449562121e-02,2.922496937e-01,4.005524186e-02,1.456053807e-01,9.630961213e-02,2.648026229e+01,4.552700281e+00,1.362050811e-01,4.456078843e-16,3.157244383e-18,3.794707604e-19,1.384889800e-02,-2.834818363e-01,-2.641572714e+00,-1.489812732e+00,-1.330779076e+00,-7.886676788e-01,1.277299374e-01,5.233558115e-02,4.292057291e+00,-1.480037010e+00,-3.332847676e-01,3.146024269e-02,2.647957480e-03,6.166765967e-01,-4.416264575e-02,1.016343478e-01,6.314437530e-01,-5.726883852e-02,9.224493187e-03,4.850360453e-01,-1.230344921e-01,2.249994874e-02,1.977988061e+00,6.999997422e-02,0,0
9.960000000e+00,9.449856583e-02,2.922807505e-01,6.404499617e-02,1.456207436e-01,9.632253773e-02,2.668793749e+01,4.585184422e+00,1.362055910e-01,2.154481862e-17,6.314488766e-18,4.848699518e-19,1.249206500e-02,-2.834792137e-01,-2.641579390e+00,-1.489806414e+00,-1.330821753e+00,-7.886421680e-01,1.277104318e-01,6.413909292e-02,4.322948544e+00,-1.488936329e+00,-3.376399630e-01,3.133859464e-02,2.000608047e-03,6.166762633e-01,-4.416433201e-02,1.016375448e-01,6.314437530e-01,-5.726883852e-02,9.224493187e-03,4.850361049e-01,-1.230343431e-01,2.250009961e-02,1.977988061e+00,7.000010833e-02,0,0
9.970000000e+00,9.450214180e-02,2.922962066e-01,3.435334859e-02,1.456283892e-01,9.632886239e-02,2.631529315e+01,4.582845038e+00,1.362052872e-01,2.367436813e-17,5.834579368e-18,1.212174880e-19,1.294069000e-02,-2.834794521e-01,-2.641588449e+00,-1.489810467e+00,-1.330857515e+00,-7.886454463e-01,1.277393252e-01,6.993141699e-02,4.320248925e+00,-1.489446720e+00,-3.370664870e-01,3.085622775e-02,3.163718310e-03,6.166750906e-01,-4.416369911e-02,1.016409243e-01,6.314437530e-01,-5.726883852e-02,9.224493187e-03,4.850360751e-01,-1.230348572e-01,2.249994501e-02,1.977986568e+00,6.999998540e-02,0,0
9.980000000e+00,9.450532700e-02,2.923069753e-01,3.426753097e-02,1.456337162e-01,9.633415392e-02,2.601240133e+01,4.588826474e+00,1.362049580e-01,7.076842638e-17,6.619851161e-18,1.714274155e-19,1.181334900e-02,-2.834822237e-01,-2.641595602e+00,-1.489814758e+00,-1.330886006e+00,-7.886610031e-01,1.277732104e-01,7.498846567e-02,4.326655638e+00,-1.488771811e+00,-3.382632959e-01,2.964017633e-02,3.745346389e-03,6.166730899e-01,-4.416276683e-02,1.016437294e-01,6.314437530e-01,-5.726883852e-02,9.224493187e-03,4.850360751e-01,-1.230345443e-01,2.249983139e-02,1.977989083e+00,7.000007108e-02,0,0
9.990000000e+00,9.450573053e-02,2.923270083e-01,4.972489999e-02,1.456436259e-01,9.634141748e-02,2.616425331e+01,4.570281899e+00,1.362054973e-01,2.220734022e-16,1.734723476e-18,1.197540441e-18,1.137140500e-02,-2.834790349e-01,-2.641600132e+00,-1.489808083e+00,-1.330911875e+00,-7.886193991e-01,1.277390867e-01,7.194060729e-02,4.309801068e+00,-1.481478746e+00,-3.349715213e-01,3.022682613e-02,4.132613121e-03,6.166747569e-01,-4.416684615e-02,1.016449869e-01,6.314437530e-01,-5.726883852e-02,9.224493187e-03,4.850359261e-01,-1.230342910e-01,2.250003256e-02,1.977989712e+00,7.000013441e-02,0,0
1.000000000e+01,9.450780189e-02,2.923252132e-01,5.162133348e-02,1.456427379e-01,9.634081387e-02,2.654954885e+01,4.582540725e+00,1.362045824e-01,2.253421820e-16,4.336808690e-18,6.594944350e-19,1.336671300e-02,-2.834817469e-01,-2.641608238e+00,-1.489819884e+00,-1.330925822e+00,-7.886402607e-01,1.277865469e-01,6.521794532e-02,4.320085746e+00,-1.489158470e+00,-3.372093889e-01,3.124803335e-02,2.388697456e-03,6.166739358e-01,-4.416550572e-02,1.016467837e-01,6.314437530e-01,-5.726883852e-02,9.224493187e-03,4.850360155e-01,-1.230343655e-01,2.249992266e-02,1.977989555e+00,6.999998167e-02,0,0
1.001000000e+01,9.451066673e-02,2.923427214e-01,3.822285944e-02,1.456513986e-01,9.634601579e-02,2.612607079e+01,4.592565251e+00,1.362052748e-01,2.427156501e-16,1.742330095e-17,4.233944833e-19,1.280789900e-02,-2.834779024e-01,-2.641611338e+00,-1.489811182e+00,-1.330961585e+00,-7.886134386e-01,1.277841181e-01,6.020774786e-02,4.329488684e+00,-1.492473665e+00,-3.392965766e-01,3.081515096e-02,2.995287986e-03,6.166737528e-01,-4.416664311e-02,1.016498452e-01,6.314437530e-01,-5.726883852e-02,9.224493187e-03,4.850360453e-01,-1.230347231e-01,2.249987610e-02,1.977987826e+00,7.000007853e-02,0,0
1.002000000e+01,9.451257259e-02,2.923451317e-01,3.218901079e-02,1.456525910e-01,9.634812144e-02,2.625876019e+01,4.591996446e+00,1.362044629e-01,5.601444668e-16,4.661123721e-18,2.710505431e-19,1.174080900e-02,-2.834825814e-01,-2.641620636e+00,-1.489821672e+00,-1.330980778e+00,-7.886334658e-01,1.278264523e-01,5.457602915e-02,4.328971762e+00,-1.492665930e+00,-3.382855195e-01,3.095181795e-02,3.101434077e-03,6.166724912e-01,-4.416652511e-02,1.016515757e-01,6.314437530e-01,-5.726883852e-02,9.224493187e-03,4.850361347e-01,-1.230346188e-01,2.249987610e-02,1.977987157e+00,6.999995187e-02,0,0
1.003000000e+01,9.451367059e-02,2.923590393e-01,6.782160377e-02,1.456594706e-01,9.635247951e-02,2.665112150e+01,4.585245655e+00,1.362049227e-01,2.384471914e-16,8.673617380e-18,9.263427422e-19,1.290505900e-02,-2.834807336e-01,-2.641623020e+00,-1.489815950e+00,-1.331002474e+00,-7.886034846e-01,1.278084964e-01,6.455247516e-02,4.323045339e+00,-1.488750683e+00,-3.379552146e-01,3.151840042e-02,1.989711090e-03,6.166734591e-01,-4.416968037e-02,1.016533004e-01,6.314437530e-01,-5.726883852e-02,9.224493187e-03,4.850360453e-01,-1.230344251e-01,2.249997109e-02,1.977988258e+00,7.000010461e-02,0,0
1.004000000e+01,9.451526587e-02,2.923708181e-01,3.626285936e-02,1.456652972e-01,9.635919995e-02,2.556748583e+01,4.566963517e+00,1.362049097e-01,2.226907978e-16,8.420559319e-18,2.235140038e-19,1.349908500e-02,-2.834807336e-01,-2.641624212e+00,-1.489816070e+00,-1.331012249e+00,-7.886195779e-01,1.278097481e-01,5.671925503e-02,4.305294934e+00,-1.484533048e+00,-3.370915042e-01,2.983400618e-02,3.887200891e-03,6.166717136e-01,-4.416700504e-02,1.016542735e-01,6.314437530e-01,-5.726883852e-02,9.224493187e-03,4.850362241e-01,-1.230347678e-01,2.249993570e-02,1.977985704e+00,6.999997422e-02,0,0
1.005000000e+01,9.451491066e-02,2.923615499e-01,5.998885707e-02,1.456607125e-01,9.635280062e-02,2.659100748e+01,4.584723860e+00,1.362044763e-01,7.026165466e-17,9.341771813e-18,2.168404345e-19,1.127367400e-02,-2.834805548e-01,-2.641628742e+00,-1.489821792e+00,-1.331015229e+00,-7.886023521e-01,1.278275847e-01,7.415471340e-02,4.322401479e+00,-1.488613314e+00,-3.378085752e-01,3.083193413e-02,2.135341103e-03,6.166738564e-01,-4.416983602e-02,1.016546540e-01,6.314437530e-01,-5.726883852e-02,9.224493187e-03,4.850362241e-01,-1.230347157e-01,2.249995619e-02,1.977987000e+00,7.000004873e-02,0,0
1.006000000e+01,9.451329564e-02,2.923599517e-01,8.202695740e-02,1.456599219e-01,9.635082540e-02,2.682839347e+01,4.589147219e+00,1.362052271e-01,3.351261725e-16,1.179739510e-17,8.741117366e-19,1.370764700e-02,-2.834779024e-01,-2.641621113e+00,-1.489812136e+00,-1.331001759e+00,-7.885782719e-01,1.277894676e-01,7.355936615e-02,4.326028002e+00,-1.491628138e+00,-3.382338194e-01,3.136726101e-02,1.554724858e-03,6.166752609e-01,-4.417181743e-02,1.016535077e-01,6.314437530e-01,-5.726883852e-02,9.224493187e-03,4.850360453e-01,-1.230343580e-01,2.250011824e-02,1.977989122e+00,7.000007853e-02,0,0
1.007000000e+01,9.451529367e-02,2.923720582e-01,7.864831557e-02,1.456659106e-01,9.635628090e-02,2.617298636e+01,4.574916414e+00,1.362051372e-01,4.461292616e-16,3.496446946e-18,8.711650477e-19,1.185398000e-02,-2.834765017e-01,-2.641623735e+00,-1.489813328e+00,-1.331015944e+00,-7.885829806e-01,1.277924627e-01,4.325540634e-02,4.312531485e+00,-1.488106218e+00,-3.385686108e-01,3.113139185e-02,1.834583962e-03,6.166745358e-01,-4.417009025e-02,1.016551902e-01,6.314437530e-01,-5.726883852e-02,9.224493187e-03,4.850360751e-01,-1.230347008e-01,2.249987982e-02,1.977987236e+00,7.000008225e-02,0,0
1.008000000e+01,9.451439367e-02,2.923554761e-01,4.805340738e-02,1.456577080e-01,9.634790803e-02,2.643434208e+01,4.555762660e+00,1.362044481e-01,1.124664189e-16,4.336808690e-18,4.470280077e-19,1.304892100e-02,-2.834781408e-01,-2.641630411e+00,-1.489822268e+00,-1.331016898e+00,-7.885824442e-01,1.278316379e-01,6.910866192e-02,4.294558079e+00,-1.481313712e+00,-3.342237951e-01,3.108271460e-02,2.513963145e-03,6.166756485e-01,-4.417151867e-02,1.016546501e-01,6.314437530e-01,-5.726883852e-02,9.224493187e-03,4.850360155e-01,-1.230343059e-01,2.249992825e-02,1.977989594e+00,6.999999285e-02,0,0
1.009000000e+01,9.451780788e-02,2.923666776e-01,4.025830550e-02,1.456632490e-01,9.634889935e-02,2.651058008e+01,4.579196141e+00,1.362049700e-01,2.229659593e-16,7.152448123e-18,8.940560153e-19,1.112323300e-02,-2.834778726e-01,-2.641634703e+00,-1.489815831e+00,-1.331056952e+00,-7.885482907e-01,1.278463006e-01,6.427540428e-02,4.317969327e+00,-1.485189953e+00,-3.366241730e-01,3.057981959e-02,2.589195612e-03,6.166761153e-01,-4.417608447e-02,1.016588627e-01,6.314437530e-01,-5.726883852e-02,9.224493187e-03,4.850361347e-01,-1.230345741e-01,2.249993198e-02,1.977986489e+00,7.000005245e-02,0,0
1.010000000e+01,9.451967165e-02,2.923830053e-01,5.063768854e-02,1.456713258e-01,9.635567479e-02,2.665943520e+01,4.580859604e+00,1.362049082e-01,6.829613155e-18,1.130901346e-17,9.263427422e-19,1.207050200e-02,-2.834766209e-01,-2.641641378e+00,-1.489816785e+00,-1.331082940e+00,-7.885376215e-01,1.278464645e-01,5.753213898e-02,4.318567619e+00,-1.488873222e+00,-3.364185668e-01,3.180627794e-02,2.432946182e-03,6.166761382e-01,-4.417673964e-02,1.016608650e-01,6.314437530e-01,-5.726883852e-02,9.224493187e-03,4.850360751e-01,-1.230343953e-01,2.249988914e-02,1.977988729e+00,6.999993324e-02,0,0
1.011000000e+01,9.452327776e-02,2.923901210e-01,2.937968132e-02,1.456748457e-01,9.635799529e-02,2.605335238e+01,4.559582360e+00,1.362047587e-01,9.179293822e-18,8.673617380e-19,3.946555479e-19,1.312821200e-02,-2.834781110e-01,-2.641649246e+00,-1.489818811e+00,-1.331118822e+00,-7.885460258e-01,1.278932840e-01,8.137424981e-02,4.298791275e+00,-1.479973487e+00,-3.351964342e-01,2.956683671e-02,3.276885911e-03,6.166741831e-01,-4.417597665e-02,1.016641319e-01,6.314437530e-01,-5.726883852e-02,9.224493187e-03,4.850360155e-01,-1.230344921e-01,2.249988727e-02,1.977989201e+00,7.000013441e-02,0,0
1.012000000e+01,9.452683735e-02,2.924190347e-01,3.365165966e-02,1.456891483e-01,9.637107405e-02,2.575892788e+01,4.576260241e+00,1.362048005e-01,3.346375559e-16,8.840736360e-18,1.788984919e-19,1.128713400e-02,-2.834770977e-01,-2.641658306e+00,-1.489818454e+00,-1.331161261e+00,-7.885407805e-01,1.278948039e-01,8.207656090e-02,4.313429505e+00,-1.488213590e+00,-3.377753521e-01,2.935786406e-02,3.657554216e-03,6.166728827e-01,-4.417566611e-02,1.016675200e-01,6.314437530e-01,-5.726883852e-02,9.224493187e-03,4.850359559e-01,-1.230347082e-01,2.249985375e-02,1.977987433e+00,7.000000775e-02,0,0
1.013000000e+01,9.452873795e-02,2.924261170e-01,3.789831207e-02,1.456926516e-01,9.637490869e-02,2.641978143e+01,4.558411676e+00,1.362039046e-01,1.042459120e-16,8.375768792e-18,3.909146526e-19,1.271856800e-02,-2.834820449e-01,-2.641671896e+00,-1.489830136e+00,-1.331191182e+00,-7.885489464e-01,1.279354692e-01,6.593009668e-02,4.298153371e+00,-1.479175633e+00,-3.342640277e-01,3.077522116e-02,2.779529492e-03,6.166723117e-01,-4.417751510e-02,1.016696341e-01,6.314437530e-01,-5.726883852e-02,9.224493187e-03,4.850360453e-01,-1.230342612e-01,2.249995619e-02,1.977990694e+00,7.000008225e-02,0,0
1.014000000e+01,9.453365764e-02,2.924668044e-01,4.194182043e-02,1.457127783e-01,9.639252872e-02,2.662597101e+01,4.580411199e+00,1.362043959e-01,6.992893893e-18,7.913933220e-18,2.168404345e-19,1.297117000e-02,-2.834809721e-01,-2.641679287e+00,-1.489824057e+00,-1.331245065e+00,-7.885316610e-01,1.279202700e-01,5.494271773e-02,4.319454788e+00,-1.485105998e+00,-3.360116504e-01,3.172158373e-02,2.910410274e-03,6.166708328e-01,-4.417873622e-02,1.016746012e-01,6.314437530e-01,-5.726883852e-02,9.224493187e-03,4.850358069e-01,-1.230339035e-01,2.250014432e-02,1.977990459e+00,7.000010461e-02,0,0
1.015000000e+01,9.453653319e-02,2.924704264e-01,3.879748371e-02,1.457145699e-01,9.639352246e-02,2.594702294e+01,4.587834672e+00,1.362038124e-01,3.338655490e-16,1.283374948e-17,2.227165179e-19,1.109041200e-02,-2.834817469e-01,-2.641690493e+00,-1.489831686e+00,-1.331277609e+00,-7.885422707e-01,1.279739290e-01,6.964484663e-02,4.326123632e+00,-1.487566751e+00,-3.380649988e-01,2.953754254e-02,3.955013452e-03,6.166695925e-01,-4.417743415e-02,1.016771590e-01,6.314437530e-01,-5.726883852e-02,9.224493187e-03,4.850360751e-01,-1.230341643e-01,2.250012010e-02,1.977988887e+00,7.000009716e-02,0,0
1.016000000e+01,9.454036784e-02,2.924910937e-01,3.511806973e-02,1.457247933e-01,9.640266584e-02,2.614116185e+01,4.568270199e+00,1.362034453e-01,3.538155542e-17,1.915274669e-18,1.626303259e-19,1.191911000e-02,-2.834819853e-01,-2.641701460e+00,-1.489836574e+00,-1.331318498e+00,-7.885465622e-01,1.280004233e-01,8.249645183e-02,4.305965202e+00,-1.485622566e+00,-3.360961945e-01,3.010257619e-02,3.066042404e-03,6.166682208e-01,-4.417660681e-02,1.016807438e-01,6.314437530e-01,-5.726883852e-02,9.224493187e-03,4.850359857e-01,-1.230347753e-01,2.249988727e-02,1.977988258e+00,6.999998540e-02,0,0
1.017000000e+01,9.454304108e-02,2.925144569e-01,4.993365740e-02,1.457363502e-01,9.641311495e-02,2.612060432e+01,4.581920805e+00,1.362035335e-01,4.441772925e-16,5.076104429e-18,6.060874398e-19,1.150088700e-02,-2.834828794e-01,-2.641709328e+00,-1.489835620e+00,-1.331355333e+00,-7.885363698e-01,1.279998571e-01,6.867560278e-02,4.319555701e+00,-1.488824127e+00,-3.363783927e-01,3.090776423e-02,4.181115997e-03,6.166673998e-01,-4.417830296e-02,1.016835862e-01,6.314437530e-01,-5.726883852e-02,9.224493187e-03,4.850360453e-01,-1.230348125e-01,2.249985933e-02,1.977987079e+00,6.999995932e-02,0,0
1.018000000e+01,9.454526028e-02,2.925171358e-01,6.061385533e-02,1.457376753e-01,9.641110260e-02,2.673287146e+01,4.584239442e+00,1.362034520e-01,2.224525002e-16,2.453269467e-18,4.336808690e-19,1.185789900e-02,-2.834828198e-01,-2.641718149e+00,-1.489836931e+00,-1.331389666e+00,-7.885119915e-01,1.280326247e-01,6.330774844e-02,4.322075775e+00,-1.488717963e+00,-3.371002190e-01,3.134323705e-02,2.062425401e-03,6.166682579e-01,-4.418179803e-02,1.016864873e-01,6.314437530e-01,-5.726883852e-02,9.224493187e-03,4.850362241e-01,-1.230346188e-01,2.249990404e-02,1.977985861e+00,7.000009343e-02,0,0
1.019000000e+01,9.454844139e-02,2.925441186e-01,3.630616386e-02,1.457510226e-01,9.642320840e-02,2.652134061e+01,4.578863581e+00,1.362035564e-01,3.994575136e-17,4.342226317e-18,8.415671966e-19,1.272988800e-02,-2.834819853e-01,-2.641724348e+00,-1.489835739e+00,-1.331423879e+00,-7.885054350e-01,1.280253679e-01,5.153158540e-02,4.317908404e+00,-1.485004696e+00,-3.357978389e-01,3.153255757e-02,3.123544247e-03,6.166673085e-01,-4.418187893e-02,1.016895998e-01,6.314437530e-01,-5.726883852e-02,9.224493187e-03,4.850359261e-01,-1.230342388e-01,2.250012755e-02,1.977990891e+00,7.000004128e-02,0,0
1.020000000e+01,9.455202899e-02,2.925481928e-01,5.393930303e-02,1.457530380e-01,9.642336092e-02,2.632646509e+01,4.605363304e+00,1.362030919e-01,6.661592253e-16,8.940560153e-18,9.263427422e-19,1.161759700e-02,-2.834814191e-01,-2.641731501e+00,-1.489841819e+00,-1.331450820e+00,-7.885133028e-01,1.280714720e-01,1.251800568e-01,4.339810192e+00,-1.497582567e+00,-3.408308629e-01,2.869433574e-02,2.454146791e-03,6.166664548e-01,-4.418021426e-02,1.016928962e-01,6.314437530e-01,-5.726883852e-02,9.224493187e-03,4.850359857e-01,-1.230348200e-01,2.249987237e-02,1.977989279e+00,6.999999657e-02,0,0
1.021000000e+01,9.455085621e-02,2.925297402e-01,3.194270993e-02,1.457439102e-01,9.641060357e-02,2.598792711e+01,4.585583131e+00,1.362027374e-01,4.482380787e-16,7.360619424e-18,1.216428967e-19,1.124816400e-02,-2.834790349e-01,-2.641734123e+00,-1.489846587e+00,-1.331446409e+00,-7.884774804e-01,1.280871332e-01,6.144979321e-02,4.324160559e+00,-1.486729628e+00,-3.378946258e-01,2.967688899e-02,3.681563996e-03,6.166704721e-01,-4.418470719e-02,1.016929748e-01,6.314437530e-01,-5.726883852e-02,9.224493187e-03,4.850359261e-01,-1.230343506e-01,2.249991708e-02,1.977989083e+00,7.000008970e-02,0,0
1.022000000e+01,9.455093560e-02,2.925434077e-01,3.867609326e-02,1.457506710e-01,9.641765271e-02,2.600099836e+01,4.591769411e+00,1.362030329e-01,1.113606002e-16,7.818293052e-19,2.168404345e-19,1.163133800e-02,-2.834770381e-01,-2.641731977e+00,-1.489842772e+00,-1.331446171e+00,-7.884742618e-01,1.280546486e-01,7.688663837e-02,4.328228993e+00,-1.492870550e+00,-3.395158139e-01,3.041042047e-02,3.207761712e-03,6.166703222e-01,-4.418383974e-02,1.016929093e-01,6.314437530e-01,-5.726883852e-02,9.224493187e-03,4.850361645e-01,-1.230346560e-01,2.249987610e-02,1.977988140e+00,7.000001520e-02,0,0
1.023000000e+01,9.455064596e-02,2.925288448e-01,9.229478635e-02,1.457434673e-01,9.640935697e-02,2.496598608e+01,4.604595296e+00,1.362032481e-01,4.449219096e-16,1.390486644e-17,1.788112031e-18,1.252937600e-02,-2.834772170e-01,-2.641731739e+00,-1.489840031e+00,-1.331448793e+00,-7.884671688e-01,1.280810237e-01,5.437859804e-02,4.341540865e+00,-1.494109048e+00,-3.422174037e-01,2.926863684e-02,5.698692091e-03,6.166704166e-01,-4.418493497e-02,1.016927832e-01,6.314437530e-01,-5.726883852e-02,9.224493187e-03,4.850361645e-01,-1.230349317e-01,2.249999903e-02,1.977985428e+00,7.000010833e-02,0,0
1.024000000e+01,9.455134205e-02,2.925454534e-01,4.368460630e-02,1.457516829e-01,9.641736226e-02,2.623089444e+01,4.579250543e+00,1.362028594e-01,2.238079024e-16,2.611104601e-18,2.168404345e-19,1.201367100e-02,-2.834773362e-01,-2.641737700e+00,-1.489845157e+00,-1.331461191e+00,-7.884592414e-01,1.280644834e-01,8.093991558e-02,4.315537080e+00,-1.491435391e+00,-3.373205702e-01,3.083722900e-02,2.889315473e-03,6.166712787e-01,-4.418632868e-02,1.016938298e-01,6.314437530e-01,-5.726883852e-02,9.224493187e-03,4.850361645e-01,-1.230347082e-01,2.249993198e-02,1.977986136e+00,6.999993697e-02,0,0
1.025000000e+01,9.455097259e-02,2.925498929e-01,3.988668934e-02,1.457538790e-01,9.641792300e-02,2.651688670e+01,4.576489504e+00,1.362034378e-01,5.552504083e-16,8.033528403e-18,3.909146526e-19,1.295841000e-02,-2.834741771e-01,-2.641733170e+00,-1.489837766e+00,-1.331458449e+00,-7.884370685e-01,1.280343086e-01,7.798623707e-02,4.315031139e+00,-1.484876708e+00,-3.359482071e-01,3.085222065e-02,2.948308401e-03,6.166724285e-01,-4.418766051e-02,1.016938242e-01,6.314437530e-01,-5.726883852e-02,9.224493187e-03,4.850361943e-01,-1.230343580e-01,2.249995805e-02,1.977988690e+00,7.000003010e-02,0,0
1.026000000e+01,9.455062276e-02,2.925405612e-01,4.031293408e-02,1.457492629e-01,9.641282701e-02,2.566198208e+01,4.611982119e+00,1.362035719e-01,2.414586152e-16,3.998340052e-18,7.666467083e-19,1.259252600e-02,-2.834720016e-01,-2.641729116e+00,-1.489835978e+00,-1.331447482e+00,-7.884386778e-01,1.280391216e-01,1.393341584e-01,4.346120644e+00,-1.498034855e+00,-3.425542266e-01,2.709346426e-02,3.811737309e-03,6.166726161e-01,-4.418612863e-02,1.016932797e-01,6.314437530e-01,-5.726883852e-02,9.224493187e-03,4.850359857e-01,-1.230348349e-01,2.249989472e-02,1.977986332e+00,7.000003755e-02,0,0
1.027000000e+01,9.454916486e-02,2.925175370e-01,5.443228724e-02,1.457378737e-01,9.640204027e-02,2.631387165e+01,4.595124197e+00,1.362030281e-01,3.334642112e-16,4.670885906e-18,3.066586833e-19,1.265267600e-02,-2.834748924e-01,-2.641727209e+00,-1.489842892e+00,-1.331425190e+00,-7.884488106e-01,1.280645728e-01,5.829388616e-02,4.331907623e+00,-1.493323748e+00,-3.396405088e-01,3.109951950e-02,2.424069041e-03,6.166735166e-01,-4.418684659e-02,1.016920344e-01,6.314437530e-01,-5.726883852e-02,9.224493187e-03,4.850361347e-01,-1.230343208e-01,2.249996737e-02,1.977988886e+00,7.000002265e-02,0,0
1.028000000e+01,9.454876129e-02,2.925375435e-01,6.221364329e-02,1.457477702e-01,9.641036674e-02,2.607072730e+01,4.610079887e+00,1.362038956e-01,1.236439293e-16,4.336808690e-19,6.644885744e-19,1.135113400e-02,-2.834686637e-01,-2.641722202e+00,-1.489831805e+00,-1.331425905e+00,-7.884190083e-01,1.280003786e-01,1.341134623e-01,4.344537163e+00,-1.497267670e+00,-3.424983743e-01,2.694319883e-02,2.331231800e-03,6.166747808e-01,-4.418730644e-02,1.016918887e-01,6.314437530e-01,-5.726883852e-02,9.224493187e-03,4.850362539e-01,-1.230346039e-01,2.249998972e-02,1.977985625e+00,7.000005990e-02,0,0
1.029000000e+01,9.454555115e-02,2.925125559e-01,3.364919649e-02,1.457354098e-01,9.639649036e-02,2.579840848e+01,4.584092981e+00,1.362037217e-01,4.444702112e-16,6.708500942e-18,1.586282634e-19,1.169668800e-02,-2.834654450e-01,-2.641718388e+00,-1.489834070e+00,-1.331396699e+00,-7.883967757e-01,1.279973686e-01,5.893930665e-02,4.322810825e+00,-1.486007039e+00,-3.385644200e-01,2.973675864e-02,3.759001415e-03,6.166783214e-01,-4.418930529e-02,1.016894546e-01,6.314437530e-01,-5.726883852e-02,9.224493187e-03,4.850358963e-01,-1.230338886e-01,2.249996550e-02,1.977991284e+00,7.000013068e-02,0,0
1.030000000e+01,9.454422741e-02,2.924941323e-01,4.069268855e-02,1.457262964e-01,9.638721859e-02,2.640155575e+01,4.560555564e+00,1.362031572e-01,2.224660274e-16,9.629277979e-18,3.636524639e-19,1.301803000e-02,-2.834664285e-01,-2.641720057e+00,-1.489841342e+00,-1.331384182e+00,-7.883968353e-01,1.280215979e-01,7.983020655e-02,4.299686264e+00,-1.480556310e+00,-3.347307582e-01,2.989837410e-02,2.577757869e-03,6.166797792e-01,-4.419034118e-02,1.016884804e-01,6.314437530e-01,-5.726883852e-02,9.224493187e-03,4.850360453e-01,-1.230347231e-01,2.249993943e-02,1.977986529e+00,7.000000402e-02,0,0
1.031000000e+01,9.454339473e-02,2.924797832e-01,1.011641970e-01,1.457191984e-01,9.637670116e-02,2.470637642e+01,4.615380274e+00,1.362043169e-01,2.719784198e-16,4.906538933e-18,2.637977740e-18,1.379252700e-02,-2.834607661e-01,-2.641709805e+00,-1.489826441e+00,-1.331374645e+00,-7.883648872e-01,1.280100048e-01,1.353889218e-01,4.350190876e+00,-1.496641895e+00,-3.444545202e-01,2.500098003e-02,5.772527144e-03,6.166811343e-01,-4.419147316e-02,1.016880054e-01,6.314437530e-01,-5.726883852e-02,9.224493187e-03,4.850360155e-01,-1.230346784e-01,2.249989472e-02,1.977986882e+00,7.000010833e-02,0,0
1.032000000e+01,9.453955546e-02,2.924815766e-01,8.399015515e-02,1.457200855e-01,9.637686214e-02,2.711319866e+01,4.567393480e+00,1.362050580e-01,1.410363258e-16,3.878959614e-18,8.673617380e-19,1.141882500e-02,-2.834563851e-01,-2.641698837e+00,-1.489816904e+00,-1.331341267e+00,-7.883279920e-01,1.279272437e-01,6.569309439e-02,4.306312640e+00,-1.483059472e+00,-3.345914000e-01,3.194183686e-02,1.408642704e-03,6.166845301e-01,-4.419467286e-02,1.016850744e-01,6.314437530e-01,-5.726883852e-02,9.224493187e-03,4.850359261e-01,-1.230346486e-01,2.250001952e-02,1.977991127e+00,7.000004128e-02,0,0
1.033000000e+01,9.453684318e-02,2.924536957e-01,3.065632189e-02,1.457062939e-01,9.636167139e-02,2.589049720e+01,4.562032810e+00,1.362055082e-01,4.455352818e-16,4.402715281e-18,6.901151231e-19,1.371202700e-02,-2.834543288e-01,-2.641690493e+00,-1.489811063e+00,-1.331314564e+00,-7.883103490e-01,1.279299408e-01,7.920779720e-02,4.301154183e+00,-1.480656763e+00,-3.357354919e-01,2.943759083e-02,3.582743522e-03,6.166864206e-01,-4.419630493e-02,1.016828337e-01,6.314437530e-01,-5.726883852e-02,9.224493187e-03,4.850358367e-01,-1.230341941e-01,2.249988541e-02,1.977991559e+00,7.000011206e-02,0,0
1.034000000e+01,9.453279294e-02,2.924151633e-01,1.071514596e-01,1.456872333e-01,9.634184487e-02,2.472059014e+01,4.547059527e+00,1.362058667e-01,1.169234508e-16,3.878959614e-18,2.168404345e-19,1.341228400e-02,-2.834495008e-01,-2.641678572e+00,-1.489806294e+00,-1.331268430e+00,-7.883009911e-01,1.279325038e-01,8.842083685e-02,4.287574767e+00,-1.473442284e+00,-3.359018680e-01,2.712465389e-02,6.061308283e-03,6.166886626e-01,-4.419517844e-02,1.016788909e-01,6.314437530e-01,-5.726883852e-02,9.224493187e-03,4.850357175e-01,-1.230340078e-01,2.249978855e-02,1.977989358e+00,7.000017539e-02,0,0
1.035000000e+01,9.453308362e-02,2.924021136e-01,3.020425254e-02,1.456807780e-01,9.633537737e-02,2.601484437e+01,4.587097723e+00,1.362052247e-01,1.275729609e-16,7.872980193e-18,4.878909776e-19,1.208128100e-02,-2.834525108e-01,-2.641678810e+00,-1.489814520e+00,-1.331258416e+00,-7.883125544e-01,1.279600561e-01,7.430799636e-02,4.324925252e+00,-1.488478223e+00,-3.383945986e-01,2.958405188e-02,3.444589825e-03,6.166891543e-01,-4.419565956e-02,1.016793346e-01,6.314437530e-01,-5.726883852e-02,9.224493187e-03,4.850360453e-01,-1.230342686e-01,2.249998786e-02,1.977989594e+00,7.000000775e-02,0,0
1.036000000e+01,9.453251364e-02,2.924093036e-01,4.508646517e-02,1.456843346e-01,9.633794537e-02,2.623439295e+01,4.586281230e+00,1.362058208e-01,2.253688889e-16,3.903127821e-18,9.995850130e-19,1.271547700e-02,-2.834499776e-01,-2.641674995e+00,-1.489806890e+00,-1.331257105e+00,-7.882928252e-01,1.279260665e-01,7.633987413e-02,4.324033761e+00,-1.488370021e+00,-3.387034336e-01,3.012249726e-02,2.660110739e-03,6.166899523e-01,-4.419695416e-02,1.016790622e-01,6.314437530e-01,-5.726883852e-02,9.224493187e-03,4.850361645e-01,-1.230344623e-01,2.249990776e-02,1.977988454e+00,7.000012323e-02,0,0
1.037000000e+01,9.453256669e-02,2.924181012e-01,4.638270279e-02,1.456886865e-01,9.634122113e-02,2.635459430e+01,4.610694148e+00,1.362061333e-01,3.384278338e-16,5.204170428e-18,6.505213035e-19,1.194717100e-02,-2.834478617e-01,-2.641675234e+00,-1.489802957e+00,-1.331264257e+00,-7.882756591e-01,1.279055178e-01,1.041024961e-01,4.345619541e+00,-1.498677078e+00,-3.410865074e-01,2.956276290e-02,2.657370898e-03,6.166906644e-01,-4.419814127e-02,1.016793979e-01,6.314437530e-01,-5.726883852e-02,9.224493187e-03,4.850361049e-01,-1.230346784e-01,2.249986678e-02,1.977986961e+00,6.999997795e-02,0,0
1.038000000e+01,9.453081191e-02,2.924009913e-01,3.463057383e-02,1.456802228e-01,9.633352641e-02,2.579601832e+01,4.557767042e+00,1.362060857e-01,3.331595035e-16,5.786024465e-18,1.533293417e-19,1.330294300e-02,-2.834467888e-01,-2.641669750e+00,-1.489803433e+00,-1.331239104e+00,-7.882847190e-01,1.279096007e-01,5.554971686e-02,4.296590009e+00,-1.481796864e+00,-3.358334788e-01,3.083730369e-02,3.453015509e-03,6.166910398e-01,-4.419635487e-02,1.016774111e-01,6.314437530e-01,-5.726883852e-02,9.224493187e-03,4.850360453e-01,-1.230347827e-01,2.249987982e-02,1.977987472e+00,7.000004500e-02,0,0
1.039000000e+01,9.452960837e-02,2.924018617e-01,3.980024884e-02,1.456806534e-01,9.633542100e-02,2.649798236e+01,4.577268891e+00,1.362061911e-01,2.223493277e-16,4.422694427e-18,6.321930712e-19,1.197026100e-02,-2.834480703e-01,-2.641667128e+00,-1.489802003e+00,-1.331228495e+00,-7.882893085e-01,1.278913617e-01,6.204378770e-02,4.316015969e+00,-1.485085567e+00,-3.363205280e-01,3.081433485e-02,2.658287074e-03,6.166908078e-01,-4.419647604e-02,1.016761606e-01,6.314437530e-01,-5.726883852e-02,9.224493187e-03,4.850360453e-01,-1.230342910e-01,2.250001393e-02,1.977989319e+00,7.000000030e-02,0,0
1.040000000e+01,9.453199362e-02,2.924214286e-01,3.236378578e-02,1.456903324e-01,9.634321175e-02,2.601053904e+01,4.586839224e+00,1.362063032e-01,5.668413020e-16,2.211347214e-18,5.969269010e-19,1.213992100e-02,-2.834438384e-01,-2.641670942e+00,-1.489800692e+00,-1.331251502e+00,-7.882785797e-01,1.278821081e-01,6.643990609e-02,4.324539304e+00,-1.489098631e+00,-3.386877425e-01,3.008209853e-02,3.250281252e-03,6.166908122e-01,-4.419525771e-02,1.016784279e-01,6.314437530e-01,-5.726883852e-02,9.224493187e-03,4.850360453e-01,-1.230347604e-01,2.249986492e-02,1.977986175e+00,7.000003010e-02,0,0
1.041000000e+01,9.453430797e-02,2.924261799e-01,4.443826731e-02,1.456926827e-01,9.634509969e-02,2.601748433e+01,4.605921242e+00,1.362057353e-01,4.452464431e-16,6.258392107e-18,1.236180673e-18,1.296470000e-02,-2.834454477e-01,-2.641678810e+00,-1.489808083e+00,-1.331272960e+00,-7.882881761e-01,1.279169470e-01,1.758045247e-02,4.341392635e+00,-1.499693505e+00,-3.410789970e-01,3.295830060e-02,3.108396709e-03,6.166900770e-01,-4.419476436e-02,1.016806072e-01,6.314437530e-01,-5.726883852e-02,9.224493187e-03,4.850359559e-01,-1.230347753e-01,2.249987423e-02,1.977987982e+00,7.000000030e-02,0,0
1.042000000e+01,9.453432267e-02,2.924264121e-01,5.287158863e-02,1.456927976e-01,9.634550769e-02,2.659921454e+01,4.552892692e+00,1.362054855e-01,2.222105614e-16,6.133173667e-18,1.167721477e-18,1.333070300e-02,-2.834492028e-01,-2.641687393e+00,-1.489811420e+00,-1.331293106e+00,-7.882835269e-01,1.279402524e-01,4.044648017e-02,4.293731288e+00,-1.476059991e+00,-3.336146623e-01,3.178989328e-02,2.266629274e-03,6.166898566e-01,-4.419769073e-02,1.016810008e-01,6.314437530e-01,-5.726883852e-02,9.224493187e-03,4.850361645e-01,-1.230342984e-01,2.250020206e-02,1.977987669e+00,7.000005245e-02,0,0
1.043000000e+01,9.453830522e-02,2.924556895e-01,3.682068846e-02,1.457072801e-01,9.635790731e-02,2.625532462e+01,4.583945207e+00,1.362054349e-01,3.371349276e-16,2.602085214e-18,6.942281209e-19,1.418374100e-02,-2.834463120e-01,-2.641694784e+00,-1.489812255e+00,-1.331330657e+00,-7.882758975e-01,1.279370189e-01,5.767534198e-02,4.322470670e+00,-1.486934318e+00,-3.369351923e-01,3.102783904e-02,3.579551956e-03,6.166892576e-01,-4.419672359e-02,1.016848405e-01,6.314437530e-01,-5.726883852e-02,9.224493187e-03,4.850358367e-01,-1.230340376e-01,2.250013873e-02,1.977992305e+00,7.000007480e-02,0,0
1.044000000e+01,9.454305928e-02,2.924654254e-01,3.796188516e-02,1.457120961e-01,9.636062553e-02,2.626563961e+01,4.591704177e+00,1.362047278e-01,1.123292055e-16,8.676327462e-18,9.817868239e-19,1.216572300e-02,-2.834479213e-01,-2.641708374e+00,-1.489821553e+00,-1.331376791e+00,-7.882830501e-01,1.280004084e-01,6.733491892e-02,4.328899641e+00,-1.491370833e+00,-3.386872062e-01,3.060527901e-02,2.912642488e-03,6.166880047e-01,-4.419640862e-02,1.016894570e-01,6.314437530e-01,-5.726883852e-02,9.224493187e-03,4.850360751e-01,-1.230347753e-01,2.249993756e-02,1.977987236e+00,7.000003755e-02,0,0
1.045000000e+01,9.454691510e-02,2.924936475e-01,3.710808538e-02,1.457260565e-01,9.637182870e-02,2.649723177e+01,4.582502384e+00,1.362046697e-01,5.556249157e-16,5.057544570e-18,1.084202172e-18,1.175568800e-02,-2.834479511e-01,-2.641721487e+00,-1.489822626e+00,-1.331431031e+00,-7.882604003e-01,1.280108690e-01,6.433906635e-02,4.320921447e+00,-1.486767278e+00,-3.367370631e-01,3.081798911e-02,2.809832480e-03,6.166878499e-01,-4.419943289e-02,1.016938022e-01,6.314437530e-01,-5.726883852e-02,9.224493187e-03,4.850360453e-01,-1.230344400e-01,2.250000089e-02,1.977990066e+00,7.000005618e-02,0,0
1.046000000e+01,9.455166541e-02,2.925218492e-01,3.568083392e-02,1.457400068e-01,9.638198227e-02,2.652433086e+01,4.584086848e+00,1.362049279e-01,7.410741938e-18,4.512157151e-18,2.168404345e-19,1.216134300e-02,-2.834480405e-01,-2.641732693e+00,-1.489819646e+00,-1.331490874e+00,-7.882328033e-01,1.280252934e-01,5.717802591e-02,4.322499372e+00,-1.487386920e+00,-3.365701675e-01,3.120922059e-02,2.956320312e-03,6.166873628e-01,-4.420306431e-02,1.016990947e-01,6.314437530e-01,-5.726883852e-02,9.224493187e-03,4.850360155e-01,-1.230343357e-01,2.250003070e-02,1.977988573e+00,7.000001892e-02,0,0
1.047000000e+01,9.455561367e-02,2.925317932e-01,7.162590521e-02,1.457449258e-01,9.638334267e-02,2.693397120e+01,4.602048616e+00,1.362046031e-01,2.237541130e-16,1.040834086e-17,5.421010862e-19,1.104180200e-02,-2.834501266e-01,-2.641748190e+00,-1.489824176e+00,-1.331547499e+00,-7.882117033e-01,1.280798316e-01,3.713946314e-02,4.339188000e+00,-1.494349533e+00,-3.387892116e-01,3.252501228e-02,1.758108399e-03,6.166873619e-01,-4.420721964e-02,1.017037185e-01,6.314437530e-01,-5.726883852e-02,9.224493187e-03,4.850359857e-01,-1.230344325e-01,2.249997482e-02,1.977989437e+00,7.000006363e-02,0,0
1.048000000e+01,9.456358040e-02,2.925862879e-01,6.503662197e-02,1.457718821e-01,9.641007163e-02,2.569388794e+01,4.568928868e+00,1.362043706e-01,6.663602164e-16,1.015220886e-17,1.305552300e-18,1.243971500e-02,-2.834506929e-01,-2.641768217e+00,-1.489827394e+00,-1.331634641e+00,-7.882338166e-01,1.281143427e-01,8.466848670e-02,4.307025293e+00,-1.484630201e+00,-3.354144787e-01,2.868552193e-02,4.775491153e-03,6.166822915e-01,-4.420312069e-02,1.017104760e-01,6.314437530e-01,-5.726883852e-02,9.224493187e-03,4.850361943e-01,-1.230348423e-01,2.249990962e-02,1.977985900e+00,6.999991462e-02,0,0
1.049000000e+01,9.456722141e-02,2.925975090e-01,4.223285212e-02,1.457774327e-01,9.641173145e-02,2.661712561e+01,4.589536427e+00,1.362040739e-01,2.275481821e-16,1.939479807e-18,1.084202172e-19,1.347957400e-02,-2.834526002e-01,-2.641781330e+00,-1.489831567e+00,-1.331684113e+00,-7.882068157e-01,1.281532496e-01,7.878572073e-02,4.327217200e+00,-1.489313401e+00,-3.373949696e-01,3.053031180e-02,2.617793645e-03,6.166830783e-01,-4.420818765e-02,1.017150400e-01,6.314437530e-01,-5.726883852e-02,9.224493187e-03,4.850361049e-01,-1.230342761e-01,2.250009030e-02,1.977988965e+00,7.000004500e-02,0,0
1.050000000e+01,9.457108445e-02,2.926248539e-01,4.691820187e-02,1.457909591e-01,9.642383652e-02,2.612335805e+01,4.587122651e+00,1.362040526e-01,9.286038122e-17,4.271261210e-18,8.741117366e-19,1.189804000e-02,-2.834528089e-01,-2.641791582e+00,-1.489832044e+00,-1.331730485e+00,-7.882011533e-01,1.281639487e-01,7.936633932e-02,4.325616638e+00,-1.486557890e+00,-3.371614780e-01,2.977912557e-02,4.109558471e-03,6.166817134e-01,-4.420868414e-02,1.017188420e-01,6.314437530e-01,-5.726883852e-02,9.224493187e-03,4.850359857e-01,-1.230341643e-01,2.250019088e-02,1.977988730e+00,7.000006363e-02,0,0
1.051000000e+01,9.457469962e-02,2.926352992e-01,6.019145074e-02,1.457961260e-01,9.642756346e-02,2.677485485e+01,4.599661618e+00,1.362034904e-01,2.334621377e-16,6.314488766e-18,4.848699518e-19,1.204854100e-02,-2.834547460e-01,-2.641801834e+00,-1.489839435e+00,-1.331765175e+00,-7.882058024e-01,1.282050163e-01,1.389089305e-01,4.334162042e+00,-1.495680790e+00,-3.387231056e-01,2.884371278e-02,2.090260500e-03,6.166808623e-01,-4.420902969e-02,1.017224513e-01,6.314437530e-01,-5.726883852e-02,9.224493187e-03,4.850361943e-01,-1.230347976e-01,2.249988355e-02,1.977986529e+00,6.999996305e-02,0,0
1.052000000e+01,9.457366181e-02,2.926385219e-01,4.951483034e-02,1.457977201e-01,9.642659104e-02,2.661936678e+01,4.554050017e+00,1.362035224e-01,4.365337790e-17,5.818439422e-18,2.168404345e-19,1.395925800e-02,-2.834481895e-01,-2.641803503e+00,-1.489839196e+00,-1.331764698e+00,-7.881719470e-01,1.281793416e-01,7.141422544e-02,4.292402841e+00,-1.482517333e+00,-3.326210985e-01,3.234187492e-02,2.996354237e-03,6.166840030e-01,-4.421037655e-02,1.017220816e-01,6.314437530e-01,-5.726883852e-02,9.224493187e-03,4.850358069e-01,-1.230343878e-01,2.249990031e-02,1.977991480e+00,7.000005618e-02,0,0
1.053000000e+01,9.457534726e-02,2.926202903e-01,3.790312319e-02,1.457887017e-01,9.641571429e-02,2.559836227e+01,4.599596890e+00,1.362037525e-01,2.306921348e-16,5.204170428e-18,7.608751328e-19,1.206890100e-02,-2.834499776e-01,-2.641800880e+00,-1.489836216e+00,-1.331770658e+00,-7.881757021e-01,1.282288432e-01,7.894126988e-02,4.336539227e+00,-1.492389214e+00,-3.411945128e-01,2.886898264e-02,3.830703147e-03,6.166830249e-01,-4.421071170e-02,1.017236961e-01,6.314437530e-01,-5.726883852e-02,9.224493187e-03,4.850361049e-01,-1.230347082e-01,2.249999717e-02,1.977987354e+00,7.000003755e-02,0,0
1.054000000e+01,9.457468463e-02,2.926476959e-01,3.608905582e-02,1.458022581e-01,9.643039327e-02,2.628249042e+01,4.529193451e+00,1.362041751e-01,1.117517426e-16,8.148123768e-18,5.659701499e-19,1.272324700e-02,-2.834483683e-01,-2.641803265e+00,-1.489830852e+00,-1.331782341e+00,-7.881621122e-01,1.281732321e-01,6.850399546e-02,4.271904214e+00,-1.466292796e+00,-3.298620261e-01,2.995936043e-02,3.718563841e-03,6.166829471e-01,-4.421150630e-02,1.017231184e-01,6.314437530e-01,-5.726883852e-02,9.224493187e-03,4.850360751e-01,-1.230341643e-01,2.250017412e-02,1.977989515e+00,7.000009716e-02,0,0
1.055000000e+01,9.457752612e-02,2.926329069e-01,3.735099692e-02,1.457949426e-01,9.641992149e-02,2.645663533e+01,4.606094462e+00,1.362032598e-01,1.728206020e-17,3.252606517e-18,7.589415207e-19,1.449440400e-02,-2.834484875e-01,-2.641810894e+00,-1.489842772e+00,-1.331798792e+00,-7.881631255e-01,1.282443553e-01,1.217441511e-01,4.341094381e+00,-1.496657418e+00,-3.396516903e-01,2.879812469e-02,2.846063049e-03,6.166839129e-01,-4.421172620e-02,1.017262088e-01,6.314437530e-01,-5.726883852e-02,9.224493187e-03,4.850361049e-01,-1.230347082e-01,2.249996178e-02,1.977987904e+00,6.999995559e-02,0,0
1.056000000e+01,9.457869451e-02,2.926593157e-01,6.076317831e-02,1.458080059e-01,9.643123492e-02,2.605459902e+01,4.605821884e+00,1.362045443e-01,1.499206600e-16,3.540297800e-18,2.172635382e-19,1.461650500e-02,-2.834438086e-01,-2.641805649e+00,-1.489826322e+00,-1.331815004e+00,-7.881361842e-01,1.281875074e-01,6.982336275e-02,4.341544567e+00,-1.497305370e+00,-3.419016776e-01,2.974822550e-02,2.369533829e-03,6.166835028e-01,-4.421228970e-02,1.017274175e-01,6.314437530e-01,-5.726883852e-02,9.224493187e-03,4.850362837e-01,-1.230348721e-01,2.249993011e-02,1.977986686e+00,7.000003755e-02,0,0
1.057000000e+01,9.457481130e-02,2.926178115e-01,1.163707429e-01,1.457874755e-01,9.640702151e-02,2.741563032e+01,4.577358723e+00,1.362046285e-01,1.564356087e-16,9.341771813e-18,8.940560153e-19,1.318787100e-02,-2.834420800e-01,-2.641801119e+00,-1.489825368e+00,-1.331787467e+00,-7.880909443e-01,1.282036006e-01,9.324571180e-02,4.315224993e+00,-1.486125675e+00,-3.359371192e-01,3.046177362e-02,4.342992433e-04,6.166884330e-01,-4.421873158e-02,1.017251428e-01,6.314437530e-01,-5.726883852e-02,9.224493187e-03,4.850360453e-01,-1.230347380e-01,2.249997854e-02,1.977988258e+00,7.000016049e-02,0,0
1.058000000e+01,9.457218109e-02,2.926024706e-01,4.143562851e-02,1.457798870e-01,9.640026282e-02,2.601232452e+01,4.592932284e+00,1.362051240e-01,2.237557941e-16,5.553824967e-18,1.084202172e-19,1.182585000e-02,-2.834395170e-01,-2.641790390e+00,-1.489818811e+00,-1.331754327e+00,-7.880929112e-01,1.281822026e-01,2.136343927e-02,4.329822223e+00,-1.493712064e+00,-3.390270023e-01,3.290211944e-02,3.535690400e-03,6.166888368e-01,-4.421697043e-02,1.017222695e-01,6.314437530e-01,-5.726883852e-02,9.224493187e-03,4.850359857e-01,-1.230341792e-01,2.250005491e-02,1.977989594e+00,7.000000775e-02,0,0
1.059000000e+01,9.457154499e-02,2.926093081e-01,4.226527130e-02,1.457832692e-01,9.640356286e-02,2.562672808e+01,4.590147700e+00,1.362055926e-01,2.293462549e-16,5.558056453e-18,1.897353802e-19,1.376617700e-02,-2.834353447e-01,-2.641784906e+00,-1.489812732e+00,-1.331744313e+00,-7.880868316e-01,1.281468868e-01,1.242460149e-01,4.325493522e+00,-1.492463234e+00,-3.404634385e-01,2.741289488e-02,3.360862622e-03,6.166891210e-01,-4.421524507e-02,1.017214210e-01,6.314437530e-01,-5.726883852e-02,9.224493187e-03,4.850359857e-01,-1.230346635e-01,2.249987796e-02,1.977987000e+00,7.000006735e-02,0,0
1.060000000e+01,9.456786668e-02,2.925792056e-01,3.398523031e-02,1.457683788e-01,9.638999657e-02,2.614087055e+01,4.586258048e+00,1.362054694e-01,4.449219096e-16,3.292232160e-18,4.848699518e-19,1.300695100e-02,-2.834374011e-01,-2.641777754e+00,-1.489814162e+00,-1.331705332e+00,-7.880913019e-01,1.281517595e-01,5.504999433e-02,4.324644567e+00,-1.487538830e+00,-3.383267134e-01,3.058643628e-02,3.079256515e-03,6.166904309e-01,-4.421631921e-02,1.017180207e-01,6.314437530e-01,-5.726883852e-02,9.224493187e-03,4.850360453e-01,-1.230340302e-01,2.250006236e-02,1.977990380e+00,7.000004873e-02,0,0
1.061000000e+01,9.456806905e-02,2.925790055e-01,4.464269291e-02,1.457682798e-01,9.638718405e-02,2.571468461e+01,4.596926902e+00,1.362060895e-01,6.769851435e-16,1.734723476e-18,4.848699518e-19,1.162826800e-02,-2.834329307e-01,-2.641776085e+00,-1.489806294e+00,-1.331713676e+00,-7.880644798e-01,1.281444579e-01,1.343433187e-01,4.333533247e+00,-1.489221413e+00,-3.400953456e-01,2.675840936e-02,4.139961060e-03,6.166914905e-01,-4.421742634e-02,1.017185529e-01,6.314437530e-01,-5.726883852e-02,9.224493187e-03,4.850361049e-01,-1.230346188e-01,2.249994129e-02,1.977986293e+00,7.000008225e-02,0,0
1.062000000e+01,9.456510306e-02,2.925655800e-01,7.486527138e-02,1.457616388e-01,9.637932494e-02,2.676332489e+01,4.591232173e+00,1.362066527e-01,4.444761353e-16,3.127317221e-18,1.341084023e-18,1.139896600e-02,-2.834308445e-01,-2.641765833e+00,-1.489799023e+00,-1.331683278e+00,-7.880375385e-01,1.281059682e-01,7.469431761e-02,4.328703173e+00,-1.490187374e+00,-3.384667335e-01,3.068451242e-02,1.670979270e-03,6.166941558e-01,-4.422051850e-02,1.017163817e-01,6.314437530e-01,-5.726883852e-02,9.224493187e-03,4.850360751e-01,-1.230343953e-01,2.250018716e-02,1.977988297e+00,7.000008225e-02,0,0
1.063000000e+01,9.456502164e-02,2.925612249e-01,5.701933895e-02,1.457594845e-01,9.637754529e-02,2.541907114e+01,4.598115025e+00,1.362063504e-01,2.354052355e-16,3.686287386e-18,6.857096618e-19,1.150187700e-02,-2.834288776e-01,-2.641764402e+00,-1.489802837e+00,-1.331671715e+00,-7.880492806e-01,1.281104684e-01,8.257539431e-02,4.334571916e+00,-1.493446281e+00,-3.407136199e-01,2.898678416e-02,4.646669492e-03,6.166942672e-01,-4.421773059e-02,1.017159229e-01,6.314437530e-01,-5.726883852e-02,9.224493187e-03,4.850362241e-01,-1.230348647e-01,2.249988727e-02,1.977985232e+00,6.999996305e-02,0,0
1.064000000e+01,9.456288868e-02,2.925581151e-01,6.999638660e-02,1.457579462e-01,9.637430106e-02,2.702454544e+01,4.574637098e+00,1.362064506e-01,4.441705176e-16,0.000000000e+00,2.168404345e-19,1.281200800e-02,-2.834264934e-01,-2.641760826e+00,-1.489801645e+00,-1.331654549e+00,-7.880170941e-01,1.280723065e-01,5.635319361e-02,4.312916453e+00,-1.486473262e+00,-3.349777290e-01,3.261937394e-02,1.924879608e-03,6.166976763e-01,-4.422155840e-02,1.017148257e-01,6.314437530e-01,-5.726883852e-02,9.224493187e-03,4.850359261e-01,-1.230344325e-01,2.249990962e-02,1.977991284e+00,7.000003383e-02,0,0
1.065000000e+01,9.456242373e-02,2.925303233e-01,4.080548116e-02,1.457441987e-01,9.636010699e-02,2.623757483e+01,4.604561197e+00,1.362059478e-01,5.554834046e-16,3.127317221e-18,9.817868239e-19,1.115057300e-02,-2.834285200e-01,-2.641762018e+00,-1.489808083e+00,-1.331645966e+00,-7.880264521e-01,1.281272620e-01,9.060676983e-02,4.340109791e+00,-1.496816494e+00,-3.403633839e-01,3.009275129e-02,2.967325186e-03,6.166980371e-01,-4.422167886e-02,1.017144249e-01,6.314437530e-01,-5.726883852e-02,9.224493187e-03,4.850361049e-01,-1.230345815e-01,2.249990404e-02,1.977988218e+00,6.999997795e-02,0,0
1.066000000e+01,9.456255723e-02,2.925534162e-01,3.493534849e-02,1.457556218e-01,9.637182550e-02,2.615408677e+01,4.577075292e+00,1.362065794e-01,1.111205148e-16,8.845388855e-18,6.345130536e-19,1.283761800e-02,-2.834255695e-01,-2.641760111e+00,-1.489799976e+00,-1.331653237e+00,-7.880161405e-01,1.280777305e-01,6.913126429e-02,4.315681120e+00,-1.485193558e+00,-3.361685985e-01,3.020790209e-02,3.716360451e-03,6.166976054e-01,-4.422108452e-02,1.017144087e-01,6.314437530e-01,-5.726883852e-02,9.224493187e-03,4.850358367e-01,-1.230340302e-01,2.250004932e-02,1.977990576e+00,7.000011206e-02,0,0
1.067000000e+01,9.456410824e-02,2.925389681e-01,6.510608614e-02,1.457484749e-01,9.636170144e-02,2.607668798e+01,4.604487846e+00,1.362065309e-01,6.724716582e-16,1.127570259e-17,1.318988870e-18,1.119327300e-02,-2.834261954e-01,-2.641760349e+00,-1.489800692e+00,-1.331661224e+00,-7.880051136e-01,1.281175464e-01,6.909278549e-02,4.339810298e+00,-1.498233372e+00,-3.419450766e-01,3.075434106e-02,2.363701914e-03,6.166983720e-01,-4.422318743e-02,1.017164133e-01,6.314437530e-01,-5.726883852e-02,9.224493187e-03,4.850359261e-01,-1.230344698e-01,2.249984629e-02,1.977990026e+00,7.000002265e-02,0,0
1.068000000e+01,9.456319712e-02,2.925447687e-01,4.221368308e-02,1.457513442e-01,9.636529059e-02,2.646109971e+01,4.581210339e+00,1.362062849e-01,2.237591563e-16,1.226634733e-18,1.269026107e-18,1.175040900e-02,-2.834262848e-01,-2.641764164e+00,-1.489803910e+00,-1.331662655e+00,-7.880006433e-01,1.281046420e-01,7.087452612e-02,4.319544650e+00,-1.486432493e+00,-3.370013207e-01,3.066510411e-02,2.681851357e-03,6.166990768e-01,-4.422405126e-02,1.017157160e-01,6.314437530e-01,-5.726883852e-02,9.224493187e-03,4.850361347e-01,-1.230347827e-01,2.249989845e-02,1.977986882e+00,6.999998912e-02,0,0
1.069000000e+01,9.456623570e-02,2.925605591e-01,4.053377232e-02,1.457591551e-01,9.637083993e-02,2.547351192e+01,4.609410779e+00,1.362065606e-01,7.121351521e-17,8.586443133e-18,2.710505431e-20,1.279585800e-02,-2.834220529e-01,-2.641765594e+00,-1.489800453e+00,-1.331685305e+00,-7.879941463e-01,1.281053126e-01,6.998560254e-02,4.345163660e+00,-1.497597743e+00,-3.430138781e-01,2.917788987e-02,3.692776166e-03,6.166984727e-01,-4.422208589e-02,1.017184491e-01,6.314437530e-01,-5.726883852e-02,9.224493187e-03,4.850360751e-01,-1.230346486e-01,2.249983698e-02,1.977989319e+00,7.000005618e-02,0,0
1.070000000e+01,9.456714894e-02,2.925487961e-01,3.582145303e-02,1.457533364e-01,9.636438432e-02,2.588465785e+01,4.594121473e+00,1.362057051e-01,4.523355912e-16,7.818293052e-19,1.640695604e-18,1.269114700e-02,-2.834254205e-01,-2.641772747e+00,-1.489811540e+00,-1.331693292e+00,-7.880004644e-01,1.281539947e-01,4.839086839e-02,4.330782226e+00,-1.493809180e+00,-3.398572085e-01,3.091833081e-02,3.317438874e-03,6.166990026e-01,-4.422350955e-02,1.017196681e-01,6.314437530e-01,-5.726883852e-02,9.224493187e-03,4.850359261e-01,-1.230342835e-01,2.249990404e-02,1.977989790e+00,7.000009343e-02,0,0
1.071000000e+01,9.456809311e-02,2.925646929e-01,3.757283338e-02,1.457611999e-01,9.637037659e-02,2.572650530e+01,4.592175449e+00,1.362062817e-01,2.373086498e-16,4.091337135e-18,8.758959612e-19,1.256405600e-02,-2.834224403e-01,-2.641774178e+00,-1.489804268e+00,-1.331713200e+00,-7.879759073e-01,1.281311363e-01,7.793391500e-02,4.328968524e+00,-1.491952611e+00,-3.394680815e-01,2.926964642e-02,3.910207132e-03,6.166993949e-01,-4.422505567e-02,1.017209140e-01,6.314437530e-01,-5.726883852e-02,9.224493187e-03,4.850360453e-01,-1.230347306e-01,2.249988727e-02,1.977987236e+00,7.000001892e-02,0,0
1.072000000e+01,9.456829661e-02,2.925753005e-01,4.166912610e-02,1.457664471e-01,9.637532588e-02,2.629900590e+01,4.574776232e+00,1.362062436e-01,2.264678010e-16,8.716877585e-18,5.838607383e-19,1.400387900e-02,-2.834222913e-01,-2.641778469e+00,-1.489804864e+00,-1.331725597e+00,-7.879652381e-01,1.281202137e-01,7.447928711e-02,4.313245464e+00,-1.485098393e+00,-3.353588016e-01,3.077455072e-02,3.760895314e-03,6.166998492e-01,-4.422653159e-02,1.017214026e-01,6.314437530e-01,-5.726883852e-02,9.224493187e-03,4.850361645e-01,-1.230348274e-01,2.249990776e-02,1.977986372e+00,6.999995932e-02,0,0
1.073000000e+01,9.456998460e-02,2.925699370e-01,5.825654432e-02,1.457637940e-01,9.637113662e-02,2.670547721e+01,4.584028221e+00,1.362061307e-01,4.468773601e-16,8.228515942e-18,1.084202172e-19,1.259032700e-02,-2.834245861e-01,-2.641782761e+00,-1.489806414e+00,-1.331744194e+00,-7.879619002e-01,1.281586289e-01,6.581751659e-02,4.321755328e+00,-1.488910812e+00,-3.369914485e-01,3.146672207e-02,2.207979863e-03,6.166995049e-01,-4.422832595e-02,1.017233265e-01,6.314437530e-01,-5.726883852e-02,9.224493187e-03,4.850360453e-01,-1.230345070e-01,2.249995247e-02,1.977989043e+00,6.999995559e-02,0,0
1.074000000e+01,9.457113303e-02,2.925807508e-01,3.178450603e-02,1.457691431e-01,9.637539050e-02,2.626961373e+01,4.579607815e+00,1.362062684e-01,3.245370454e-17,8.727659133e-18,7.666467083e-20,1.265680700e-02,-2.834224403e-01,-2.641786337e+00,-1.489804745e+00,-1.331761837e+00,-7.879521251e-01,1.281561553e-01,6.688838720e-02,4.318561694e+00,-1.484648890e+00,-3.365173784e-01,3.034321054e-02,3.404099804e-03,6.166994630e-01,-4.422827960e-02,1.017244874e-01,6.314437530e-01,-5.726883852e-02,9.224493187e-03,4.850360751e-01,-1.230341569e-01,2.250020579e-02,1.977988965e+00,7.000007108e-02,0,0
1.075000000e+01,9.457316480e-02,2.925996739e-01,3.041174063e-02,1.457785036e-01,9.638310053e-02,2.585363197e+01,4.563643907e+00,1.362061516e-01,1.466893085e-16,7.867005629e-18,1.093059836e-18,1.251846500e-02,-2.834185064e-01,-2.641793251e+00,-1.489806414e+00,-1.331787229e+00,-7.879405618e-01,1.281519830e-01,6.567125059e-02,4.303000729e+00,-1.480849571e+00,-3.360148763e-01,2.972558802e-02,3.558739212e-03,6.166998025e-01,-4.422745936e-02,1.017265032e-01,6.314437530e-01,-5.726883852e-02,9.224493187e-03,4.850361347e-01,-1.230347827e-01,2.249984816e-02,1.977987079e+00,7.000001892e-02,0,0
1.076000000e+01,9.457333251e-02,2.925987743e-01,5.725099705e-02,1.457780587e-01,9.638067273e-02,2.684600075e+01,4.576733018e+00,1.362058844e-01,3.341065706e-16,1.939479807e-18,4.848699518e-19,1.507874900e-02,-2.834187150e-01,-2.641795158e+00,-1.489809990e+00,-1.331789136e+00,-7.879205346e-01,1.281496733e-01,5.572323315e-02,4.315255075e+00,-1.486080214e+00,-3.353616657e-01,3.234615889e-02,2.355856572e-03,6.167019610e-01,-4.423091768e-02,1.017275062e-01,6.314437530e-01,-5.726883852e-02,9.224493187e-03,4.850361645e-01,-1.230344474e-01,2.249993011e-02,1.977987433e+00,7.000001892e-02,0,0
1.077000000e+01,9.457419438e-02,2.925984201e-01,6.402826068e-02,1.457778834e-01,9.638064453e-02,2.675193546e+01,4.579677852e+00,1.362056439e-01,2.385165927e-16,8.716877585e-18,1.318988870e-18,1.359397600e-02,-2.834193707e-01,-2.641798258e+00,-1.489813089e+00,-1.331796765e+00,-7.879292369e-01,1.281694621e-01,6.304732585e-02,4.317791309e+00,-1.487245829e+00,-3.365477514e-01,3.136923085e-02,1.974698407e-03,6.167013005e-01,-4.422996568e-02,1.017281479e-01,6.314437530e-01,-5.726883852e-02,9.224493187e-03,4.850360155e-01,-1.230345070e-01,2.249994688e-02,1.977988611e+00,7.000004128e-02,0,0
1.078000000e+01,9.457536927e-02,2.925979651e-01,3.971221072e-02,1.457776584e-01,9.638050754e-02,2.561329245e+01,4.605799947e+00,1.362057410e-01,2.425513168e-17,8.246353630e-18,3.909146526e-19,1.236806400e-02,-2.834192812e-01,-2.641796827e+00,-1.489811778e+00,-1.331799746e+00,-7.879413962e-01,1.281830817e-01,7.055106185e-02,4.341507711e+00,-1.497372066e+00,-3.416204426e-01,2.972115773e-02,3.939143081e-03,6.166999969e-01,-4.422789144e-02,1.017288489e-01,6.314437530e-01,-5.726883852e-02,9.224493187e-03,4.850361645e-01,-1.230347157e-01,2.249987610e-02,1.977987276e+00,6.999997422e-02,0,0
1.079000000e+01,9.457221445e-02,2.925915303e-01,4.363531447e-02,1.457744753e-01,9.637544026e-02,2.642507521e+01,4.574540816e+00,1.362060851e-01,6.713267789e-16,6.605630197e-18,6.857096618e-19,1.144837500e-02,-2.834151089e-01,-2.641794682e+00,-1.489807487e+00,-1.331786156e+00,-7.878997326e-01,1.281459332e-01,5.657551878e-02,4.313253188e+00,-1.485185185e+00,-3.350658631e-01,3.182523465e-02,3.579637411e-03,6.167036430e-01,-4.423193967e-02,1.017267752e-01,6.314437530e-01,-5.726883852e-02,9.224493187e-03,4.850358963e-01,-1.230343953e-01,2.249994129e-02,1.977989043e+00,7.000011206e-02,0,0
1.080000000e+01,9.457388592e-02,2.925643294e-01,4.846115624e-02,1.457610202e-01,9.636133208e-02,2.603784002e+01,4.575641570e+00,1.362053392e-01,4.442162466e-16,4.949474949e-18,3.263880751e-19,1.248954600e-02,-2.834194303e-01,-2.641796589e+00,-1.489817023e+00,-1.331785083e+00,-7.879241705e-01,1.282255501e-01,1.258926904e-01,4.312361672e+00,-1.486342002e+00,-3.379504737e-01,2.745149743e-02,2.639172973e-03,6.167028106e-01,-4.423112565e-02,1.017282367e-01,6.314437530e-01,-5.726883852e-02,9.224493187e-03,4.850359261e-01,-1.230343059e-01,2.250000834e-02,1.977990105e+00,7.000007480e-02,0,0
1.081000000e+01,9.457312082e-02,2.925937040e-01,3.383854529e-02,1.457755505e-01,9.637452972e-02,2.630269066e+01,4.551783524e+00,1.362063064e-01,5.316439275e-17,9.580323529e-18,4.908934120e-19,1.155486700e-02,-2.834135592e-01,-2.641795635e+00,-1.489804745e+00,-1.331797719e+00,-7.878835797e-01,1.281487644e-01,7.009124583e-02,4.291660117e+00,-1.477735380e+00,-3.328902932e-01,3.072852901e-02,3.444310336e-03,6.167042564e-01,-4.423331888e-02,1.017279939e-01,6.314437530e-01,-5.726883852e-02,9.224493187e-03,4.850361049e-01,-1.230342612e-01,2.250014246e-02,1.977987786e+00,7.000007480e-02,0,0
1.082000000e+01,9.457460214e-02,2.925865248e-01,4.386438193e-02,1.457719993e-01,9.636966530e-02,2.638447452e+01,4.595377300e+00,1.362059603e-01,2.224525002e-16,7.809266734e-18,1.305552300e-18,1.215122200e-02,-2.834153771e-01,-2.641799927e+00,-1.489809275e+00,-1.331810355e+00,-7.878843546e-01,1.281877458e-01,5.677613703e-02,4.332256485e+00,-1.493338769e+00,-3.387587187e-01,3.156869087e-02,2.831231434e-03,6.167042472e-01,-4.423435650e-02,1.017296531e-01,6.314437530e-01,-5.726883852e-02,9.224493187e-03,4.850361943e-01,-1.230346337e-01,2.249993384e-02,1.977985821e+00,7.000006363e-02,0,0
1.083000000e+01,9.457592078e-02,2.926008745e-01,5.269831802e-02,1.457790975e-01,9.637522314e-02,2.659404454e+01,4.580108211e+00,1.362063399e-01,2.225539346e-16,7.806255642e-18,2.424349759e-19,1.210682200e-02,-2.834136188e-01,-2.641801357e+00,-1.489804506e+00,-1.331828237e+00,-7.878677845e-01,1.281726211e-01,6.602605141e-02,4.318721929e+00,-1.485677909e+00,-3.368581967e-01,3.090423161e-02,2.305476104e-03,6.167043568e-01,-4.423551389e-02,1.017311818e-01,6.314437530e-01,-5.726883852e-02,9.224493187e-03,4.850361347e-01,-1.230343208e-01,2.249993198e-02,1.977989515e+00,7.000012696e-02,0,0
1.084000000e+01,9.457749624e-02,2.925998943e-01,5.093883260e-02,1.457786127e-01,9.637126167e-02,2.610424759e+01,4.597608315e+00,1.362064534e-01,1.215328251e-16,2.168404345e-18,4.848699518e-19,1.159811600e-02,-2.834109962e-01,-2.641801834e+00,-1.489803195e+00,-1.331839561e+00,-7.878450751e-01,1.281823069e-01,6.302337010e-02,4.333632812e+00,-1.495603071e+00,-3.403780092e-01,3.104473269e-02,2.722586786e-03,6.167058376e-01,-4.423735368e-02,1.017332876e-01,6.314437530e-01,-5.726883852e-02,9.224493187e-03,4.850361049e-01,-1.230348423e-01,2.249986865e-02,1.977986529e+00,6.999996305e-02,0,0
1.085000000e+01,9.457621212e-02,2.926044068e-01,5.190357896e-02,1.457808448e-01,9.637366429e-02,2.674749374e+01,4.577949322e+00,1.362062931e-01,2.173602285e-17,4.271261210e-18,6.594944350e-19,1.272720800e-02,-2.834106088e-01,-2.641804934e+00,-1.489805341e+00,-1.331839204e+00,-7.878322005e-01,1.281636506e-01,5.828349619e-02,4.316329987e+00,-1.486562912e+00,-3.355664523e-01,3.221089811e-02,2.606116738e-03,6.167072074e-01,-4.423924343e-02,1.017324592e-01,6.314437530e-01,-5.726883852e-02,9.224493187e-03,4.850360155e-01,-1.230343282e-01,2.250003815e-02,1.977988494e+00,7.000003755e-02,0,0
1.086000000e+01,9.457794808e-02,2.926048556e-01,3.218785623e-02,1.457810668e-01,9.637359148e-02,2.598136722e+01,4.589247487e+00,1.362061362e-01,2.220920337e-16,4.470280077e-18,9.467388460e-19,1.141467600e-02,-2.834104002e-01,-2.641808510e+00,-1.489807367e+00,-1.331853509e+00,-7.878434062e-01,1.281935722e-01,7.064685888e-02,4.326595216e+00,-1.490357194e+00,-3.386722165e-01,2.999518129e-02,3.493839325e-03,6.167059584e-01,-4.423723842e-02,1.017337526e-01,6.314437530e-01,-5.726883852e-02,9.224493187e-03,4.850358963e-01,-1.230347306e-01,2.249990962e-02,1.977987197e+00,7.000007853e-02,0,0
1.087000000e+01,9.457877895e-02,2.926147301e-01,3.231889354e-02,1.457859513e-01,9.637851228e-02,2.625347169e+01,4.582822005e+00,1.362061673e-01,1.148231015e-16,3.387155867e-18,4.878909776e-19,1.214858300e-02,-2.834114730e-01,-2.641810417e+00,-1.489807010e+00,-1.331863761e+00,-7.878420949e-01,1.281871349e-01,5.752957205e-02,4.320948871e+00,-1.487930593e+00,-3.368150931e-01,3.090745504e-02,3.406462831e-03,6.167055560e-01,-4.423797346e-02,1.017346415e-01,6.314437530e-01,-5.726883852e-02,9.224493187e-03,4.850360751e-01,-1.230346486e-01,2.249984629e-02,1.977987865e+00,7.000001520e-02,0,0
1.088000000e+01,9.457779744e-02,2.926127472e-01,3.329726544e-02,1.457849704e-01,9.637799180e-02,2.640259983e+01,4.576167048e+00,1.362060076e-01,2.250548835e-16,3.998340052e-18,8.131516294e-19,1.277325800e-02,-2.834112644e-01,-2.641808987e+00,-1.489809036e+00,-1.331851959e+00,-7.878420353e-01,1.281752437e-01,6.636023590e-02,4.315521044e+00,-1.483032240e+00,-3.359302179e-01,3.058677306e-02,3.163585215e-03,6.167063373e-01,-4.423807769e-02,1.017337772e-01,6.314437530e-01,-5.726883852e-02,9.224493187e-03,4.850360453e-01,-1.230344400e-01,2.250001952e-02,1.977987669e+00,7.000002638e-02,0,0
1.089000000e+01,9.457679395e-02,2.925754893e-01,9.000615413e-02,1.457665405e-01,9.635664586e-02,2.679548268e+01,4.612653399e+00,1.362057265e-01,3.332746480e-16,1.734723476e-18,1.788112031e-18,1.306095100e-02,-2.834133208e-01,-2.641808033e+00,-1.489812732e+00,-1.331840754e+00,-7.878245115e-01,1.282289177e-01,5.326761913e-02,4.348143271e+00,-1.499964288e+00,-3.412586802e-01,3.211842538e-02,1.443541238e-03,6.167087582e-01,-4.424243883e-02,1.017337511e-01,6.314437530e-01,-5.726883852e-02,9.224493187e-03,4.850360155e-01,-1.230343953e-01,2.249991894e-02,1.977988965e+00,7.000009716e-02,0,0
1.090000000e+01,9.457542875e-02,2.925800725e-01,3.517272974e-02,1.457688076e-01,9.636082168e-02,2.610203244e+01,4.605382185e+00,1.362060943e-01,1.140506479e-16,6.447129613e-18,2.424349759e-19,1.220020300e-02,-2.834109366e-01,-2.641801834e+00,-1.489807844e+00,-1.331823111e+00,-7.878349423e-01,1.281951070e-01,7.917893380e-02,4.340990666e+00,-1.497425184e+00,-3.403965258e-01,3.021431158e-02,3.305418445e-03,6.167080024e-01,-4.423931195e-02,1.017317946e-01,6.314437530e-01,-5.726883852e-02,9.224493187e-03,4.850359857e-01,-1.230346113e-01,2.249985933e-02,1.977987747e+00,6.999991834e-02,0,0
1.091000000e+01,9.457417143e-02,2.925943771e-01,1.318131024e-01,1.457758835e-01,9.636742448e-02,2.745327638e+01,4.558404307e+00,1.362064410e-01,4.448551142e-16,1.769077771e-17,3.496446946e-18,1.324943200e-02,-2.834070921e-01,-2.641798496e+00,-1.489803433e+00,-1.331814528e+00,-7.878129482e-01,1.281372756e-01,5.758525400e-02,4.296655638e+00,-1.483900369e+00,-3.338269257e-01,3.291371988e-02,2.414137813e-04,6.167097881e-01,-4.424037484e-02,1.017309433e-01,6.314437530e-01,-5.726883852e-02,9.224493187e-03,4.850357771e-01,-1.230343431e-01,2.249994501e-02,1.977990498e+00,7.000009343e-02,0,0
1.092000000e+01,9.457350802e-02,2.925523038e-01,6.512665542e-02,1.457550715e-01,9.634208342e-02,2.601792366e+01,4.603999400e+00,1.362066778e-01,2.289900697e-16,9.220181747e-18,1.311167605e-18,1.358889600e-02,-2.834064364e-01,-2.641792297e+00,-1.489800453e+00,-1.331800342e+00,-7.877860665e-01,1.281890124e-01,7.412278757e-02,4.339215551e+00,-1.498201851e+00,-3.420400060e-01,3.031362701e-02,2.371860854e-03,6.167123749e-01,-4.424433764e-02,1.017312351e-01,6.314437530e-01,-5.726883852e-02,9.224493187e-03,4.850361645e-01,-1.230344623e-01,2.249987610e-02,1.977987590e+00,6.999999285e-02,0,0
1.093000000e+01,9.457299959e-02,2.925649229e-01,4.740264847e-02,1.457613137e-01,9.634833191e-02,2.602116807e+01,4.598328000e+00,1.362073252e-01,1.301042607e-17,4.944722692e-18,5.762613592e-19,1.292524000e-02,-2.834029794e-01,-2.641788006e+00,-1.489792109e+00,-1.331798196e+00,-7.877753973e-01,1.281472743e-01,7.491209113e-02,4.334477906e+00,-1.494754652e+00,-3.407182032e-01,3.035435493e-02,2.847116792e-03,6.167123601e-01,-4.424359416e-02,1.017306082e-01,6.314437530e-01,-5.726883852e-02,9.224493187e-03,4.850361049e-01,-1.230347604e-01,2.249984816e-02,1.977988218e+00,7.000000402e-02,0,0
1.094000000e+01,9.457112867e-02,2.925651478e-01,3.891853145e-02,1.457614250e-01,9.634796305e-02,2.615123612e+01,4.574572947e+00,1.362077935e-01,7.859604024e-16,9.697399036e-18,4.997925065e-19,1.110628200e-02,-2.834016085e-01,-2.641786575e+00,-1.489786148e+00,-1.331795216e+00,-7.877521515e-01,1.281205118e-01,6.409426808e-02,4.314924654e+00,-1.479979169e+00,-3.358474486e-01,2.980249573e-02,3.843132516e-03,6.167136421e-01,-4.424623674e-02,1.017292717e-01,6.314437530e-01,-5.726883852e-02,9.224493187e-03,4.850360155e-01,-1.230341494e-01,2.250012942e-02,1.977991676e+00,7.000011951e-02,0,0
1.095000000e+01,9.457363542e-02,2.925672033e-01,3.051137976e-02,1.457624417e-01,9.634714270e-02,2.621961503e+01,4.541566110e+00,1.362070640e-01,2.226891087e-16,2.611104601e-18,1.058486208e-18,1.174816800e-02,-2.834007740e-01,-2.641795874e+00,-1.489795685e+00,-1.331817865e+00,-7.877529860e-01,1.281613857e-01,1.134060192e-01,4.281030206e+00,-1.474556982e+00,-3.325760714e-01,2.842917795e-02,2.971635782e-03,6.167140198e-01,-4.424570885e-02,1.017318203e-01,6.314437530e-01,-5.726883852e-02,9.224493187e-03,4.850360453e-01,-1.230347306e-01,2.249994688e-02,1.977987197e+00,6.999998167e-02,0,0
1.096000000e+01,9.457588551e-02,2.925894058e-01,5.856426478e-02,1.457734244e-01,9.635674245e-02,2.635543804e+01,4.611427492e+00,1.362075346e-01,4.441273247e-16,3.127317221e-18,3.263880751e-19,1.190004000e-02,-2.833979130e-01,-2.641797066e+00,-1.489789724e+00,-1.331840634e+00,-7.877421975e-01,1.281414479e-01,1.700860462e-01,4.344699698e+00,-1.497565977e+00,-3.413850592e-01,2.580910274e-02,2.248827586e-03,6.167133343e-01,-4.424516147e-02,1.017339344e-01,6.314437530e-01,-5.726883852e-02,9.224493187e-03,4.850360155e-01,-1.230346560e-01,2.249983512e-02,1.977987982e+00,7.000003383e-02,0,0
1.097000000e+01,9.457144324e-02,2.925506284e-01,5.255387648e-02,1.457542428e-01,9.633737097e-02,2.665926343e+01,4.587800457e+00,1.362075820e-01,4.460533708e-16,7.269816092e-18,5.421010862e-20,1.321285200e-02,-2.833991349e-01,-2.641787529e+00,-1.489789009e+00,-1.331795454e+00,-7.877296209e-01,1.281439960e-01,1.206028888e-01,4.325656816e+00,-1.485653476e+00,-3.377932022e-01,2.803854976e-02,2.104305253e-03,6.167161130e-01,-4.424843492e-02,1.017302962e-01,6.314437530e-01,-5.726883852e-02,9.224493187e-03,4.850359857e-01,-1.230343655e-01,2.250008471e-02,1.977988022e+00,7.000014931e-02,0,0
1.098000000e+01,9.457001076e-02,2.925503761e-01,4.162900800e-02,1.457541180e-01,9.633897063e-02,2.546160669e+01,4.575427121e+00,1.362078001e-01,2.224863168e-16,6.712428656e-18,3.428548309e-19,1.131374400e-02,-2.833963335e-01,-2.641780615e+00,-1.489786029e+00,-1.331772327e+00,-7.877425551e-01,1.281163096e-01,2.904726640e-02,4.312638161e+00,-1.489787458e+00,-3.381805990e-01,3.149582914e-02,4.112186704e-03,6.167156700e-01,-4.424479891e-02,1.017282493e-01,6.314437530e-01,-5.726883852e-02,9.224493187e-03,4.850360155e-01,-1.230349615e-01,2.249991521e-02,1.977986096e+00,6.999998167e-02,0,0
1.099000000e+01,9.456905565e-02,2.925414287e-01,3.567796437e-02,1.457496921e-01,9.633280937e-02,2.584356688e+01,4.594947044e+00,1.362080522e-01,4.637717597e-16,2.742838647e-18,3.765554489e-19,1.172210800e-02,-2.833944559e-01,-2.641775370e+00,-1.489782810e+00,-1.331758738e+00,-7.877237201e-01,1.281034499e-01,8.069994753e-02,4.331371349e+00,-1.493206137e+00,-3.401288927e-01,2.973206998e-02,3.444945464e-03,6.167175208e-01,-4.424669381e-02,1.017278343e-01,6.314437530e-01,-5.726883852e-02,9.224493187e-03,4.850361943e-01,-1.230348572e-01,2.249989659e-02,1.977984760e+00,6.999991089e-02,0,0
